x,y,t_h,T_K,alpha,q_Wm3
0.01,0.01,0.0,286.43085,0.0,1556.1525
0.01,0.01,0.51282054,287.01672,0.018971615,1526.7839
0.01,0.01,1.0256411,287.58264,0.03758368,1497.7312
0.01,0.01,1.5384616,288.12885,0.055840157,1469.0034
0.01,0.01,2.0512822,288.65558,0.07374512,1440.6097
0.01,0.01,2.5641026,289.16315,0.09130273,1412.559
0.01,0.01,3.0769231,289.65186,0.10851722,1384.8582
0.01,0.01,3.5897436,290.12198,0.12539303,1357.514
0.01,0.01,4.1025643,290.57382,0.14193447,1330.5327
0.01,0.01,4.6153846,291.00763,0.15814614,1303.9192
0.01,0.01,5.1282053,291.4237,0.17403248,1277.6782
0.01,0.01,5.6410255,291.8223,0.18959823,1251.8135
0.01,0.01,6.1538463,292.20364,0.20484787,1226.3286
0.01,0.01,6.6666665,292.5681,0.2197863,1201.226
0.01,0.01,7.179487,292.9159,0.23441812,1176.5079
0.01,0.01,7.6923075,293.24728,0.24874803,1152.1759
0.01,0.01,8.205129,293.56256,0.26278096,1128.2308
0.01,0.01,8.717949,293.862,0.27652147,1104.6737
0.01,0.01,9.230769,294.14578,0.2899745,1081.5042
0.01,0.01,9.743589,294.41425,0.30314475,1058.7222
0.01,0.01,10.256411,294.6676,0.31603694,1036.3269
0.01,0.01,10.769231,294.90613,0.32865587,1014.3172
0.01,0.01,11.282051,295.13004,0.34100634,992.6917
0.01,0.01,11.794871,295.33963,0.3530929,971.44836
0.01,0.01,12.307693,295.53516,0.36492047,950.58545
0.01,0.01,12.820513,295.71674,0.3764935,930.10004
0.01,0.01,13.333333,295.8847,0.3878168,909.9899
0.01,0.01,13.846154,296.03934,0.39889485,890.2514
0.01,0.01,14.358974,296.18088,0.40973213,870.8824
0.01,0.01,14.871795,296.3094,0.4203334,851.8786
0.01,0.01,15.384615,296.42523,0.43070298,833.23676
0.01,0.01,15.897436,296.52856,0.44084537,814.9531
0.01,0.01,16.410257,296.61975,0.45076478,797.02374
0.01,0.01,16.923077,296.69882,0.4604658,779.44446
0.01,0.01,17.435898,296.76605,0.46995255,762.21124
0.01,0.01,17.948717,296.82175,0.4792293,745.3197
0.01,0.01,18.461538,296.86612,0.4883003,728.7652
0.01,0.01,18.97436,296.89926,0.49716955,712.5434
0.01,0.01,19.487179,296.92142,0.50584114,696.6499
0.01,0.01,20.0,296.93286,0.5143192,681.0797
0.01,0.03,0.0,287.11227,0.0,1557.6447
0.01,0.03,0.51282054,287.6935,0.0189894,1528.1787
0.01,0.03,1.0256411,288.25482,0.037617996,1499.0328
0.01,0.03,1.5384616,288.79663,0.055890016,1470.216
0.01,0.03,2.0512822,289.3191,0.07380932,1441.7385
0.01,0.03,2.5641026,289.8225,0.091380335,1413.6075
0.01,0.03,3.0769231,290.30725,0.10860724,1385.8308
0.01,0.03,3.5897436,290.7735,0.12549463,1358.4141
0.01,0.03,4.1025643,291.22156,0.14204666,1331.3643
0.01,0.03,4.6153846,291.65164,0.15826812,1304.6854
0.01,0.03,5.1282053,292.06418,0.17416355,1278.3826
0.01,0.03,5.6410255,292.45935,0.18973759,1252.4594
0.01,0.03,6.1538463,292.83737,0.20499489,1226.9188
0.01,0.03,6.6666665,293.1986,0.21994026,1201.7638
0.01,0.03,7.179487,293.54324,0.23457834,1176.996
0.01,0.03,7.6923075,293.8716,0.24891403,1152.6171
0.01,0.03,8.205129,294.18396,0.26295215,1128.6277
0.01,0.03,8.717949,294.48053,0.27669722,1105.0284
0.01,0.03,9.230769,294.7615,0.2901544,1081.8197
0.01,0.03,9.743589,295.0273,0.30332825,1059.0005
0.01,0.03,10.256411,295.2781,0.31622365,1036.5703
0.01,0.03,10.769231,295.51407,0.3288454,1014.5275
0.01,0.03,11.282051,295.73557,0.3411982,992.8712
0.01,0.03,11.794871,295.94278,0.3532869,971.59894
0.01,0.03,12.307693,296.13596,0.36511606,950.7085
0.01,0.03,12.820513,296.31534,0.3766905,930.19775
0.01,0.03,13.333333,296.48117,0.38801485,910.0635
0.01,0.03,13.846154,296.6337,0.39909363,890.303
0.01,0.03,14.358974,296.7731,0.4099315,870.91296
0.01,0.03,14.871795,296.89966,0.42053303,851.8898
0.01,0.03,15.384615,297.01358,0.4309026,833.22986
0.01,0.03,15.897436,297.11505,0.44104475,814.9294
0.01,0.03,16.410257,297.20435,0.45096388,796.9843
0.01,0.03,16.923077,297.28168,0.46066433,779.3907
0.01,0.03,17.435898,297.34723,0.47015026,762.1441
0.01,0.03,17.948717,297.4012,0.47942615,745.24
0.01,0.03,18.461538,297.4439,0.48849604,728.67426
0.01,0.03,18.97436,297.47543,0.4973641,712.44214
0.01,0.03,19.487179,297.496,0.5060344,696.53894
0.01,0.03,20.0,297.50592,0.514511,680.9599
0.01,0.05,0.0,287.70923,0.0,1558.9708
0.01,0.05,0.51282054,288.2861,0.01900515,1529.4156
0.01,0.05,1.0256411,288.84323,0.037648454,1500.1852
0.01,0.05,1.5384616,289.38092,0.05593414,1471.2882
0.01,0.05,2.0512822,289.89938,0.07386622,1442.7344
0.01,0.05,2.5641026,290.39908,0.09144902,1414.5312
0.01,0.05,3.0769231,290.88016,0.10868683,1386.6857
0.01,0.05,3.5897436,291.34286,0.12558433,1359.2042
0.01,0.05,4.1025643,291.78748,0.14214575,1332.0924
0.01,0.05,4.6153846,292.21436,0.15837577,1305.3552
0.01,0.05,5.1282053,292.62375,0.17427912,1278.9974
0.01,0.05,5.6410255,293.01587,0.18986046,1253.0221
0.01,0.05,6.1538463,293.391,0.20512438,1227.4325
0.01,0.05,6.6666665,293.74942,0.2200757,1202.2308
0.01,0.05,7.179487,294.09137,0.2347193,1177.419
0.01,0.05,7.6923075,294.41708,0.24905996,1152.9988
0.01,0.05,8.205129,294.72693,0.26310244,1128.9703
0.01,0.05,8.717949,295.02112,0.27685165,1105.3342
0.01,0.05,9.230769,295.29987,0.29031226,1082.0907
0.01,0.05,9.743589,295.56335,0.3034893,1059.2389
0.01,0.05,10.256411,295.81198,0.31638747,1036.7781
0.01,0.05,10.769231,296.04596,0.32901156,1014.7066
0.01,0.05,11.282051,296.2654,0.3413664,993.023
0.01,0.05,11.794871,296.47073,0.35345674,971.7256
0.01,0.05,12.307693,296.6621,0.36528736,950.8114
0.01,0.05,12.820513,296.83975,0.3768629,930.2784
0.01,0.05,13.333333,297.0039,0.38818818,910.1236
0.01,0.05,13.846154,297.15482,0.39926758,890.34357
0.01,0.05,14.358974,297.29266,0.41010582,870.93555
0.01,0.05,14.871795,297.41772,0.42070743,851.8956
0.01,0.05,15.384615,297.5302,0.431077,833.2201
0.01,0.05,15.897436,297.6303,0.44121894,814.90515
0.01,0.05,16.410257,297.71832,0.45113772,796.9466
0.01,0.05,16.923077,297.79437,0.46083754,779.3406
0.01,0.05,17.435898,297.8587,0.4703229,762.0825
0.01,0.05,17.948717,297.91153,0.47959793,745.16797
0.01,0.05,18.461538,297.95306,0.4886669,728.5925
0.01,0.05,18.97436,297.9835,0.49753392,712.3514
0.01,0.05,19.487179,298.00305,0.50620294,696.4401
0.01,0.05,20.0,298.012,0.5146783,680.8537
0.01,0.07,0.0,288.22363,0.0,1560.133
0.01,0.07,0.51282054,288.7964,0.01901897,1530.4973
0.01,0.07,1.0256411,289.34955,0.037675105,1501.1906
0.01,0.07,1.5384616,289.88348,0.05597268,1472.2219
0.01,0.07,2.0512822,290.39838,0.07391582,1443.5996
0.01,0.07,2.5641026,290.8946,0.09150895,1415.3318
0.01,0.07,3.0769231,291.37234,0.108756244,1387.4253
0.01,0.07,3.5897436,291.8319,0.12566245,1359.886
0.01,0.07,4.1025643,292.27353,0.14223191,1332.7198
0.01,0.07,4.6153846,292.6975,0.1584694,1305.9315
0.01,0.07,5.1282053,293.10406,0.17437951,1279.5249
0.01,0.07,5.6410255,293.49356,0.1899669,1253.5035
0.01,0.07,6.1538463,293.8662,0.20523657,1227.8707
0.01,0.07,6.6666665,294.22217,0.2201931,1202.6282
0.01,0.07,7.179487,294.56186,0.2348413,1177.7783
0.01,0.07,7.6923075,294.88544,0.24918613,1153.3219
0.01,0.07,8.205129,295.1932,0.26323247,1129.2594
0.01,0.07,8.717949,295.48535,0.27698493,1105.5916
0.01,0.07,9.230769,295.76227,0.2904486,1082.3179
0.01,0.07,9.743589,296.02405,0.30362824,1059.438
0.01,0.07,10.256411,296.27097,0.31652865,1036.9507
0.01,0.07,10.769231,296.50336,0.32915473,1014.85455
0.01,0.07,11.282051,296.7213,0.34151122,993.1479
0.01,0.07,11.794871,296.9252,0.3536031,971.8286
0.01,0.07,12.307693,297.11523,0.36543477,950.8945
0.01,0.07,12.820513,297.29163,0.3770113,930.34247
0.01,0.07,13.333333,297.45456,0.3883372,910.16986
0.01,0.07,13.846154,297.60437,0.39941695,890.37366
0.01,0.07,14.358974,297.74112,0.41025555,870.9503
0.01,0.07,14.871795,297.8652,0.42085722,851.89624
0.01,0.07,15.384615,297.97675,0.43122676,833.2076
0.01,0.07,15.897436,298.07593,0.44136846,814.8805
0.01,0.07,16.410257,298.16318,0.45128688,796.91077
0.01,0.07,16.923077,298.23843,0.46098614,779.2943
0.01,0.07,17.435898,298.30206,0.4704709,762.02655
0.01,0.07,17.948717,298.3542,0.4797452,745.10333
0.01,0.07,18.461538,298.3951,0.48881334,728.5197
0.01,0.07,18.97436,298.425,0.4976794,712.27124
0.01,0.07,19.487179,298.444,0.5063474,696.3533
0.01,0.07,20.0,298.45242,0.51482177,680.7608
0.01,0.09,0.0,288.65723,0.0,1561.1339
0.01,0.09,0.51282054,289.2261,0.019030862,1531.4264
0.01,0.09,1.0256411,289.7757,0.037698,1502.0518
0.01,0.09,1.5384616,290.30615,0.0560058,1473.0188
0.01,0.09,2.0512822,290.81775,0.073958375,1444.3364
0.01,0.09,2.5641026,291.31082,0.09156016,1416.0115
0.01,0.09,3.0769231,291.7856,0.10881549,1388.0513
0.01,0.09,3.5897436,292.2423,0.12572911,1360.4614
0.01,0.09,4.1025643,292.6813,0.14230534,1333.2477
0.01,0.09,4.6153846,293.1027,0.15854904,1306.4147
0.01,0.09,5.1282053,293.50696,0.17446484,1279.966
0.01,0.09,5.6410255,293.89413,0.19005749,1253.905
0.01,0.09,6.1538463,294.26465,0.2053318,1228.2352
0.01,0.09,6.6666665,294.61865,0.22029261,1202.9576
0.01,0.09,7.179487,294.95645,0.23494467,1178.0747
0.01,0.09,7.6923075,295.27832,0.24929294,1153.5875
0.01,0.09,8.205129,295.5844,0.2633423,1129.4961
0.01,0.09,8.717949,295.87506,0.27709758,1105.8011
0.01,0.09,9.230769,296.15048,0.2905637,1082.5023
0.01,0.09,9.743589,296.41095,0.3037454,1059.5986
0.01,0.09,10.256411,296.65665,0.31664765,1037.0892
0.01,0.09,10.769231,296.88788,0.32927537,1014.9723
0.01,0.09,11.282051,297.1048,0.3416332,993.2464
0.01,0.09,11.794871,297.30774,0.3537261,971.90894
0.01,0.09,12.307693,297.49686,0.36555868,950.95795
0.01,0.09,12.820513,297.6725,0.3771359,930.39044
0.01,0.09,13.333333,297.8347,0.38846225,910.2032
0.01,0.09,13.846154,297.9838,0.39954248,890.39343
0.01,0.09,14.358974,298.11996,0.41038114,870.9576
0.01,0.09,14.871795,298.24353,0.42098287,851.8917
0.01,0.09,15.384615,298.3546,0.4313523,833.1923
0.01,0.09,15.897436,298.4535,0.4414937,814.85535
0.01,0.09,16.410257,298.5403,0.45141178,796.8765
0.01,0.09,16.923077,298.61533,0.46111056,779.25165
0.01,0.09,17.435898,298.6787,0.47059467,761.97626
0.01,0.09,17.948717,298.7307,0.47986835,745.0459
0.01,0.09,18.461538,298.77148,0.4889357,728.4558
0.01,0.09,18.97436,298.80124,0.49780095,712.20154
0.01,0.09,19.487179,298.82025,0.5064682,696.27826
0.01,0.09,20.0,298.82864,0.51494145,680.68085
0.01,0.11,0.0,289.01178,0.0,1561.9758
0.01,0.11,0.51282054,289.5772,0.019040823,1532.2048
0.01,0.11,1.0256411,290.12335,0.03771714,1502.7705
0.01,0.11,1.5384616,290.65067,0.056033492,1473.6815
0.01,0.11,2.0512822,291.1593,0.07399389,1444.9464
0.01,0.11,2.5641026,291.64957,0.09160288,1416.5724
0.01,0.11,3.0769231,292.1217,0.10886483,1388.5657
0.01,0.11,3.5897436,292.57593,0.12578444,1360.9324
0.01,0.11,4.1025643,293.01263,0.1423663,1333.678
0.01,0.11,4.6153846,293.4319,0.15861505,1306.8068
0.01,0.11,5.1282053,293.834,0.1745354,1280.3221
0.01,0.11,5.6410255,294.2194,0.19013223,1254.2278
0.01,0.11,6.1538463,294.58813,0.2054103,1228.5265
0.01,0.11,6.6666665,294.94055,0.22037455,1203.2198
0.01,0.11,7.179487,295.2769,0.23502964,1178.3093
0.01,0.11,7.6923075,295.59732,0.24938065,1153.7966
0.01,0.11,8.205129,295.90222,0.26343253,1129.6815
0.01,0.11,8.717949,296.19177,0.27718988,1105.9644
0.01,0.11,9.230769,296.46616,0.2906578,1082.6447
0.01,0.11,9.743589,296.72574,0.30384117,1059.7216
0.01,0.11,10.256411,296.9706,0.31674492,1037.194
0.01,0.11,10.769231,297.20114,0.32937384,1015.06036
0.01,0.11,11.282051,297.4175,0.34173256,993.31885
0.01,0.11,11.794871,297.61984,0.35382625,971.96674
0.01,0.11,12.307693,297.80856,0.36565953,951.0024
0.01,0.11,12.820513,297.9838,0.37723717,930.42224
0.01,0.11,13.333333,298.14572,0.38856384,910.22345
0.01,0.11,13.846154,298.29468,0.3996442,890.40295
0.01,0.11,14.358974,298.43076,0.410483,870.9572
0.01,0.11,14.871795,298.55423,0.4210847,851.8823
0.01,0.11,15.384615,298.66534,0.43145388,833.1746
0.01,0.11,15.897436,298.76425,0.44159502,814.8299
0.01,0.11,16.410257,298.85126,0.45151275,796.84393
0.01,0.11,16.923077,298.9264,0.46121112,779.21265
0.01,0.11,17.435898,298.99008,0.4706948,761.9313
0.01,0.11,17.948717,299.04236,0.4799678,744.9956
0.01,0.11,18.461538,299.08347,0.48903447,728.40076
0.01,0.11,18.97436,299.11365,0.49789906,712.1419
0.01,0.11,19.487179,299.1331,0.5065655,696.21466
0.01,0.11,20.0,299.14197,0.5150379,680.6139
0.01,0.13,0.0,289.28912,0.0,1562.6621
0.01,0.13,0.51282054,289.85123,0.019048855,1532.8358
0.01,0.13,1.0256411,290.39435,0.037732735,1503.3495
0.01,0.13,1.5384616,290.9188,0.056055866,1474.2124
0.01,0.13,2.0512822,291.42474,0.074022524,1445.4321
0.01,0.13,2.5641026,291.91254,0.091637194,1417.0161
0.01,0.13,3.0769231,292.38232,0.108904414,1388.9703
0.01,0.13,3.5897436,292.8344,0.12582877,1361.3007
0.01,0.13,4.1025643,293.26907,0.14241491,1334.0121
0.01,0.13,4.6153846,293.68652,0.15866758,1307.109
0.01,0.13,5.1282053,294.08707,0.17459151,1280.5952
0.01,0.13,5.6410255,294.47092,0.19019154,1254.4736
0.01,0.13,6.1538463,294.83832,0.20547247,1228.7465
0.01,0.13,6.6666665,295.18948,0.22043923,1203.4161
0.01,0.13,7.179487,295.5247,0.2350967,1178.4839
0.01,0.13,7.6923075,295.8442,0.24944966,1153.9504
0.01,0.13,8.205129,296.14825,0.2635032,1129.8163
0.01,0.13,8.717949,296.43707,0.2772622,1106.0817
0.01,0.13,9.230769,296.71085,0.2907315,1082.7454
0.01,0.13,9.743589,296.96994,0.30391604,1059.8073
0.01,0.13,10.256411,297.21442,0.3168207,1037.2655
0.01,0.13,10.769231,297.44467,0.32945028,1015.11896
0.01,0.13,11.282051,297.66083,0.3418098,993.3654
0.01,0.13,11.794871,297.86316,0.35390398,972.00256
0.01,0.13,12.307693,298.05182,0.36573756,951.0278
0.01,0.13,12.820513,298.22714,0.37731546,930.43823
0.01,0.13,13.333333,298.38928,0.38864234,910.2309
0.01,0.13,13.846154,298.5384,0.39972278,890.40265
0.01,0.13,14.358974,298.67484,0.4105615,870.94946
0.01,0.13,14.871795,298.79877,0.421163,851.868
0.01,0.13,15.384615,298.9103,0.43153203,833.15424
0.01,0.13,15.897436,299.0098,0.4416729,814.804
0.01,0.13,16.410257,299.09735,0.45159024,796.813
0.01,0.13,16.923077,299.17325,0.4612882,779.1772
0.01,0.13,17.435898,299.23755,0.47077137,761.8917
0.01,0.13,17.948717,299.2906,0.48004383,744.9523
0.01,0.13,18.461538,299.33252,0.4891101,728.3541
0.01,0.13,18.97436,299.3636,0.49797398,712.0924
0.01,0.13,19.487179,299.38388,0.50663984,696.1624
0.01,0.13,20.0,299.39374,0.5151117,680.5593
0.01,0.15,0.0,289.49103,0.0,1563.1947
0.01,0.15,0.51282054,290.05014,0.019055165,1533.3212
0.01,0.15,1.0256411,290.59048,0.03774468,1503.7911
0.01,0.15,1.5384616,291.11227,0.056072973,1474.6136
0.01,0.15,2.0512822,291.6158,0.07404438,1445.7958
0.01,0.15,2.5641026,292.10144,0.09166327,1417.3448
0.01,0.15,3.0769231,292.56924,0.10893435,1389.267
0.01,0.15,3.5897436,293.01947,0.12586221,1361.5679
0.01,0.15,4.1025643,293.45245,0.14245147,1334.2518
0.01,0.15,4.6153846,293.86847,0.1587069,1307.3234
0.01,0.15,5.1282053,294.26764,0.1746333,1280.7864
0.01,0.15,5.6410255,294.65033,0.19023556,1254.643
0.01,0.15,6.1538463,295.01666,0.20551845,1228.896
0.01,0.15,6.6666665,295.36703,0.220487,1203.5475
0.01,0.15,7.179487,295.7015,0.23514588,1178.5983
0.01,0.15,7.6923075,296.02042,0.24950019,1154.0494
0.01,0.15,8.205129,296.324,0.26355493,1129.9012
0.01,0.15,8.717949,296.6125,0.27731484,1106.1533
0.01,0.15,9.230769,296.88605,0.29078498,1082.8054
0.01,0.15,9.743589,297.14502,0.3039701,1059.8562
0.01,0.15,10.256411,297.38956,0.31687537,1037.3046
0.01,0.15,10.769231,297.6199,0.32950547,1015.1486
0.01,0.15,11.282051,297.8363,0.34186524,993.38684
0.01,0.15,11.794871,298.039,0.35395962,972.0162
0.01,0.15,12.307693,298.2281,0.36579332,951.0344
0.01,0.15,12.820513,298.40387,0.3773713,930.4387
0.01,0.15,13.333333,298.56662,0.3886981,910.2257
0.01,0.15,13.846154,298.71646,0.39977843,890.3922
0.01,0.15,14.358974,298.8537,0.410617,870.9344
0.01,0.15,14.871795,298.97836,0.42121834,851.8487
0.01,0.15,15.384615,299.09085,0.43158704,833.1311
0.01,0.15,15.897436,299.1913,0.44172767,814.77747
0.01,0.15,16.410257,299.27988,0.4516446,796.7835
0.01,0.15,16.923077,299.35684,0.46134222,779.1451
0.01,0.15,17.435898,299.42236,0.470825,761.85724
0.01,0.15,17.948717,299.47668,0.48009706,744.91583
0.01,0.15,18.461538,299.51987,0.48916277,728.3159
0.01,0.15,18.97436,299.55225,0.4980262,712.0526
0.01,0.15,19.487179,299.574,0.5066915,696.1214
0.01,0.15,20.0,299.58517,0.5151628,680.5171
0.01,0.17,0.0,289.6193,0.0,1563.5769
0.01,0.17,0.51282054,290.17557,0.01905965,1533.6636
0.01,0.17,1.0256411,290.71335,0.037753128,1504.098
0.01,0.17,1.5384616,291.23288,0.05608502,1474.8875
0.01,0.17,2.0512822,291.73428,0.074059606,1446.0396
0.01,0.17,2.5641026,292.21796,0.09168132,1417.561
0.01,0.17,3.0769231,292.68402,0.1089549,1389.4578
0.01,0.17,3.5897436,293.13272,0.12588495,1361.7352
0.01,0.17,4.1025643,293.56442,0.14247608,1334.3984
0.01,0.17,4.6153846,293.97925,0.15873325,1307.4512
0.01,0.17,5.1282053,294.3774,0.17466114,1280.8962
0.01,0.17,5.6410255,294.75928,0.19026464,1254.7374
0.01,0.17,6.1538463,295.1249,0.20554861,1228.9767
0.01,0.17,6.6666665,295.47473,0.22051796,1203.6149
0.01,0.17,7.179487,295.8089,0.23517776,1178.6539
0.01,0.17,7.6923075,296.12756,0.24953268,1154.0946
0.01,0.17,8.205129,296.43106,0.26358783,1129.9368
0.01,0.17,8.717949,296.7196,0.27734816,1106.1803
0.01,0.17,9.230769,296.99332,0.29081857,1082.8246
0.01,0.17,9.743589,297.2526,0.30400395,1059.8687
0.01,0.17,10.256411,297.4975,0.31690925,1037.311
0.01,0.17,10.769231,297.72836,0.32953936,1015.1499
0.01,0.17,11.282051,297.94543,0.34189916,993.3829
0.01,0.17,11.794871,298.14877,0.35399348,972.0082
0.01,0.17,12.307693,298.33875,0.36582708,951.02277
0.01,0.17,12.820513,298.51547,0.3774049,930.42365
0.01,0.17,13.333333,298.67917,0.38873148,910.2078
0.01,0.17,13.846154,298.83014,0.3998116,890.3718
0.01,0.17,14.358974,298.9685,0.41064978,870.9119
0.01,0.17,14.871795,299.09454,0.42125094,851.82434
0.01,0.17,15.384615,299.20834,0.43161932,833.1053
0.01,0.17,15.897436,299.31015,0.44175965,814.75037
0.01,0.17,16.410257,299.40024,0.4516762,796.7555
0.01,0.17,16.923077,299.47876,0.4613735,779.1161
0.01,0.17,17.435898,299.54587,0.47085586,761.8278
0.01,0.17,17.948717,299.6018,0.4801276,744.88586
0.01,0.17,18.461538,299.64673,0.4891929,728.2857
0.01,0.17,18.97436,299.68088,0.498056,712.02234
0.01,0.17,19.487179,299.7044,0.50672096,696.09106
0.01,0.17,20.0,299.7175,0.5151919,680.487
0.01,0.19,0.0,289.67554,0.0,1563.811
0.01,0.19,0.51282054,290.2293,0.01906231,1533.8668
0.01,0.19,1.0256411,290.76477,0.037758186,1504.2723
0.01,0.19,1.5384616,291.2822,0.05609201,1475.0359
0.01,0.19,2.0512822,291.78177,0.07406821,1446.165
0.01,0.19,2.5641026,292.2638,0.091691434,1417.6658
0.01,0.19,3.0769231,292.72836,0.108966164,1389.5442
0.01,0.19,3.5897436,293.17587,0.1258971,1361.8054
0.01,0.19,4.1025643,293.60648,0.14248914,1334.4537
0.01,0.19,4.6153846,294.02045,0.15874685,1307.4932
0.01,0.19,5.1282053,294.41797,0.17467523,1280.9272
0.01,0.19,5.6410255,294.79932,0.19027899,1254.758
0.01,0.19,6.1538463,295.16464,0.20556316,1228.9885
0.01,0.19,6.6666665,295.51425,0.22053269,1203.6191
0.01,0.19,7.179487,295.8483,0.2351924,1178.6516
0.01,0.19,7.6923075,296.1671,0.24954724,1154.0867
0.01,0.19,8.205129,296.47092,0.26360235,1129.924
0.01,0.19,8.717949,296.7598,0.2773624,1106.1635
0.01,0.19,9.230769,297.03412,0.29083255,1082.8044
0.01,0.19,9.743589,297.294,0.30401766,1059.8455
0.01,0.19,10.256411,297.5397,0.31692278,1037.2855
0.01,0.19,10.769231,297.77145,0.32955262,1015.12256
0.01,0.19,11.282051,297.98947,0.34191197,993.3544
0.01,0.19,11.794871,298.19397,0.35400587,971.97876
0.01,0.19,12.307693,298.38513,0.36583918,950.99255
0.01,0.19,12.820513,298.5632,0.37741658,930.39325
0.01,0.19,13.333333,298.72836,0.38874283,910.1772
0.01,0.19,13.846154,298.88083,0.39982253,890.34143
0.01,0.19,14.358974,299.0208,0.41066042,870.882
0.01,0.19,14.871795,299.1484,0.4212611,851.7949
0.01,0.19,15.384615,299.264,0.43162924,833.0765
0.01,0.19,15.897436,299.36768,0.44176912,814.72253
0.01,0.19,16.410257,299.4596,0.45168537,796.72845
0.01,0.19,16.923077,299.5401,0.46138233,779.0903
0.01,0.19,17.435898,299.60922,0.47086436,761.803
0.01,0.19,17.948717,299.66727,0.48013586,744.8623
0.01,0.19,18.461538,299.71432,0.48920095,728.26324
0.01,0.19,18.97436,299.75064,0.49806368,712.0012
0.01,0.19,19.487179,299.7764,0.5067285,696.07135
0.01,0.19,20.0,299.7918,0.5151991,680.46844
0.01,0.21,0.0,289.6615,0.0,1563.9001
0.01,0.21,0.51282054,290.21295,0.01906325,1533.9316
0.01,0.21,1.0256411,290.74637,0.03775975,1504.3165
0.01,0.21,1.5384616,291.2619,0.056094043,1475.0615
0.01,0.21,2.0512822,291.75992,0.07407045,1446.1744
0.01,0.21,2.5641026,292.2405,0.09169368,1417.6615
0.01,0.21,3.0769231,292.70395,0.1089683,1389.5282
0.01,0.21,3.5897436,293.15048,0.12589902,1361.7792
0.01,0.21,4.1025643,293.58032,0.14249064,1334.4192
0.01,0.21,4.6153846,293.9937,0.1587479,1307.4514
0.01,0.21,5.1282053,294.3908,0.17467564,1280.8798
0.01,0.21,5.6410255,294.77194,0.19027889,1254.7064
0.01,0.21,6.1538463,295.1372,0.20556238,1228.9329
0.01,0.21,6.6666665,295.48694,0.22053117,1203.561
0.01,0.21,7.179487,295.82132,0.23519021,1178.5922
0.01,0.21,7.6923075,296.14056,0.24954437,1154.026
0.01,0.21,8.205129,296.44495,0.26359862,1129.8629
0.01,0.21,8.717949,296.7346,0.27735797,1106.1027
0.01,0.21,9.230769,297.0097,0.2908274,1082.7444
0.01,0.21,9.743589,297.27066,0.30401176,1059.7867
0.01,0.21,10.256411,297.51752,0.31691605,1037.2283
0.01,0.21,10.769231,297.75058,0.3295452,1015.067
0.01,0.21,11.282051,297.96997,0.34190395,993.30115
0.01,0.21,11.794871,298.1759,0.35399732,971.9275
0.01,0.21,12.307693,298.36868,0.36583,950.9439
0.01,0.21,12.820513,298.5484,0.37740678,930.34717
0.01,0.21,13.333333,298.7154,0.38873246,910.134
0.01,0.21,13.846154,298.8697,0.3998116,890.3009
0.01,0.21,14.358974,299.01166,0.41064906,870.8443
0.01,0.21,14.871795,299.14136,0.42124933,851.76025
0.01,0.21,15.384615,299.25903,0.43161696,833.0448
0.01,0.21,15.897436,299.36496,0.4417565,814.69366
0.01,0.21,16.410257,299.45923,0.45167243,796.7026
0.01,0.21,16.923077,299.54205,0.4613691,779.06714
0.01,0.21,17.435898,299.61368,0.47085086,761.78265
0.01,0.21,17.948717,299.67416,0.4801221,744.8448
0.01,0.21,18.461538,299.72375,0.48918697,728.2484
0.01,0.21,18.97436,299.76273,0.49804962,711.98914
0.01,0.21,19.487179,299.79114,0.50671417,696.0618
0.01,0.21,20.0,299.80923,0.51518476,680.4614
0.01,0.23,0.0,289.57895,0.0,1563.8469
0.01,0.23,0.51282054,290.12827,0.019062467,1533.8622
0.01,0.23,1.0256411,290.65982,0.03775803,1504.2329
0.01,0.23,1.5384616,291.17377,0.056091227,1474.9668
0.01,0.23,2.0512822,291.67032,0.07406649,1446.0704
0.01,0.23,2.5641026,292.1498,0.091688305,1417.5502
0.01,0.23,3.0769231,292.6123,0.10896152,1389.4111
0.01,0.23,3.5897436,293.05807,0.12589079,1361.6583
0.01,0.23,4.1025643,293.4874,0.14248088,1334.2959
0.01,0.23,4.6153846,293.90048,0.15873663,1307.3271
0.01,0.23,5.1282053,294.29752,0.17466286,1280.7554
0.01,0.23,5.6410255,294.67865,0.1902646,1254.5826
0.01,0.23,6.1538463,295.0442,0.20554657,1228.811
0.01,0.23,6.6666665,295.39438,0.22051385,1203.4419
0.01,0.23,7.179487,295.72934,0.23517138,1178.476
0.01,0.23,7.6923075,296.0494,0.24952413,1153.9136
0.01,0.23,8.205129,296.3546,0.26357716,1129.7543
0.01,0.23,8.717949,296.64532,0.27733517,1105.9989
0.01,0.23,9.230769,296.92172,0.29080334,1082.6453
0.01,0.23,9.743589,297.18393,0.30398655,1059.6925
0.01,0.23,10.256411,297.4323,0.31688964,1037.1394
0.01,0.23,10.769231,297.66693,0.32951772,1014.9836
0.01,0.23,11.282051,297.88803,0.34187546,993.22284
0.01,0.23,11.794871,298.09586,0.35396785,971.8552
0.01,0.23,12.307693,298.2906,0.36579964,950.8769
0.01,0.23,12.820513,298.4724,0.3773757,930.2857
0.01,0.23,13.333333,298.64148,0.38870063,910.07794
0.01,0.23,13.846154,298.7981,0.3997792,890.25037
0.01,0.23,14.358974,298.9424,0.4106161,870.7989
0.01,0.23,14.871795,299.07455,0.42121577,851.7201
0.01,0.23,15.384615,299.19482,0.43158296,833.0097
0.01,0.23,15.897436,299.30328,0.4417221,814.6635
0.01,0.23,16.410257,299.40027,0.45163763,796.67725
0.01,0.23,16.923077,299.4858,0.4613341,779.0464
0.01,0.23,17.435898,299.56018,0.47081572,761.7665
0.01,0.23,17.948717,299.62363,0.4800867,744.83307
0.01,0.23,18.461538,299.67618,0.48915142,728.2409
0.01,0.23,18.97436,299.71817,0.49801394,711.9856
0.01,0.23,19.487179,299.74966,0.5066785,696.06213
0.01,0.23,20.0,299.77084,0.5151492,680.4656
0.01,0.25,0.0,289.42947,0.0,1563.6545
0.01,0.25,0.51282054,289.97684,0.019060068,1533.66
0.01,0.25,1.0256411,290.5067,0.037753128,1504.024
0.01,0.25,1.5384616,291.01926,0.056083664,1474.7532
0.01,0.25,2.0512822,291.51468,0.074056216,1445.8544
0.01,0.25,2.5641026,291.99313,0.09167542,1417.3333
0.01,0.25,3.0769231,292.45502,0.10894598,1389.195
0.01,0.25,3.5897436,292.90033,0.12587258,1361.4442
0.01,0.25,4.1025643,293.32935,0.14246008,1334.0853
0.01,0.25,4.6153846,293.74234,0.15871331,1307.1211
0.01,0.25,5.1282053,294.1395,0.17463699,1280.5549
0.01,0.25,5.6410255,294.52106,0.19023623,1254.3884
0.01,0.25,6.1538463,294.88712,0.2055159,1228.6235
0.01,0.25,6.6666665,295.238,0.220481,1203.2616
0.01,0.25,7.179487,295.57385,0.23513633,1178.3038
0.01,0.25,7.6923075,295.89487,0.249487,1153.7495
0.01,0.25,8.205129,296.20132,0.26353803,1129.599
0.01,0.25,8.717949,296.49344,0.27729413,1105.8518
0.01,0.25,9.230769,296.77136,0.29076058,1082.5072
0.01,0.25,9.743589,297.03522,0.30394214,1059.5632
0.01,0.25,10.256411,297.28534,0.3168438,1037.0192
0.01,0.25,10.769231,297.52188,0.32947043,1014.872
0.01,0.25,11.282051,297.74512,0.34182686,993.1204
0.01,0.25,11.794871,297.95508,0.35391802,971.761
0.01,0.25,12.307693,298.15216,0.36574873,950.79144
0.01,0.25,12.820513,298.33636,0.3773237,930.2085
0.01,0.25,13.333333,298.50797,0.38864776,910.0091
0.01,0.25,13.846154,298.6671,0.39972556,890.18915
0.01,0.25,14.358974,298.81415,0.41056165,870.7456
0.01,0.25,14.871795,298.94913,0.42116082,851.67426
0.01,0.25,15.384615,299.07227,0.43152747,832.9711
0.01,0.25,15.897436,299.18372,0.4416662,814.63196
0.01,0.25,16.410257,299.28372,0.45158145,796.6523
0.01,0.25,16.923077,299.37244,0.4612775,779.02814
0.01,0.25,17.435898,299.45007,0.47075897,761.75446
0.01,0.25,17.948717,299.5167,0.48002988,744.8267
0.01,0.25,18.461538,299.57266,0.48909456,728.2403
0.01,0.25,18.97436,299.618,0.4979572,711.9904
0.01,0.25,19.487179,299.65298,0.5066218,696.0721
0.01,0.25,20.0,299.67764,0.5150925,680.4804
0.01,0.27,0.0,289.2147,0.0,1563.3253
0.01,0.27,0.51282054,289.7603,0.019055948,1533.3286
0.01,0.27,1.0256411,290.2887,0.03774499,1503.6923
0.01,0.27,1.5384616,290.8,0.056071408,1474.4237
0.01,0.27,2.0512822,291.2944,0.074039996,1445.5282
0.01,0.27,2.5641026,291.77222,0.09165524,1417.0128
0.01,0.27,3.0769231,292.23355,0.108921885,1388.8816
0.01,0.27,3.5897436,292.6786,0.12584469,1361.139
0.01,0.27,4.1025643,293.1076,0.14242847,1333.7891
0.01,0.27,4.6153846,293.52075,0.15867805,1306.8348
0.01,0.27,5.1282053,293.91833,0.17459835,1280.2794
0.01,0.27,5.6410255,294.30045,0.19019425,1254.1243
0.01,0.27,6.1538463,294.66727,0.20547074,1228.3712
0.01,0.27,6.6666665,295.01917,0.22043276,1203.0214
0.01,0.27,7.179487,295.35617,0.23508522,1178.0758
0.01,0.27,7.6923075,295.67856,0.24943317,1153.5344
0.01,0.27,8.205129,295.98645,0.26348162,1129.3967
0.01,0.27,8.717949,296.2802,0.27723536,1105.6625
0.01,0.27,9.230769,296.55997,0.2906995,1082.3304
0.01,0.27,9.743589,296.8258,0.303879,1059.3993
0.01,0.27,10.256411,297.07803,0.31677872,1036.8674
0.01,0.27,10.769231,297.31683,0.32940352,1014.73267
0.01,0.27,11.282051,297.54233,0.34175828,992.993
0.01,0.27,11.794871,297.75485,0.353848,971.6456
0.01,0.27,12.307693,297.95447,0.3656774,950.6875
0.01,0.27,12.820513,298.14145,0.37725115,930.11566
0.01,0.27,13.333333,298.31592,0.38857412,909.9268
0.01,0.27,13.846154,298.4781,0.39965096,890.1177
0.01,0.27,14.358974,298.62817,0.41048622,870.6842
0.01,0.27,14.871795,298.76624,0.42108467,851.6225
0.01,0.27,15.384615,298.89264,0.43145075,832.9287
0.01,0.27,15.897436,299.00742,0.44158903,814.5987
0.01,0.27,16.410257,299.11084,0.45150387,796.6277
0.01,0.27,16.923077,299.20306,0.4611998,779.01166
0.01,0.27,17.435898,299.28427,0.47068098,761.74585
0.01,0.27,17.948717,299.3546,0.47995186,744.8256
0.01,0.27,18.461538,299.41418,0.4890166,728.24634
0.01,0.27,18.97436,299.46338,0.49787927,712.0032
0.01,0.27,19.487179,299.5021,0.5065442,696.0912
0.01,0.27,20.0,299.5307,0.5150151,680.5057
0.01,0.29,0.0,288.93622,0.0,1562.8622
0.01,0.29,0.51282054,289.4803,0.019050263,1532.8702
0.01,0.29,1.0256411,290.0073,0.037733674,1503.2405
0.01,0.29,1.5384616,290.51758,0.056054667,1473.9799
0.01,0.29,2.0512822,291.0112,0.07401778,1445.0951
0.01,0.29,2.5641026,291.48843,0.09162781,1416.5906
0.01,0.29,3.0769231,291.9494,0.10888924,1388.4724
0.01,0.29,3.5897436,292.39447,0.12580718,1360.7435
0.01,0.29,4.1025643,292.82364,0.14238612,1333.4081
0.01,0.29,4.6153846,293.2372,0.15863112,1306.4694
0.01,0.29,5.1282053,293.6354,0.17454703,1279.9298
0.01,0.29,5.6410255,294.01837,0.19013876,1253.7913
0.01,0.29,6.1538463,294.38623,0.20541118,1228.055
0.01,0.29,6.6666665,294.73926,0.22036943,1202.722
0.01,0.29,7.179487,295.07767,0.23501837,1177.7935
0.01,0.29,7.6923075,295.40167,0.24936292,1153.2689
0.01,0.29,8.205129,295.71136,0.2634082,1129.1482
0.01,0.29,8.717949,296.00702,0.27715907,1105.4308
0.01,0.29,9.230769,296.2888,0.29062045,1082.1151
0.01,0.29,9.743589,296.55692,0.30379736,1059.2004
0.01,0.29,10.256411,296.81152,0.3166947,1036.6844
0.01,0.29,10.769231,297.0529,0.32931733,1014.56555
0.01,0.29,11.282051,297.28107,0.3416702,992.8409
0.01,0.29,11.794871,297.4964,0.35375816,971.50836
0.01,0.29,12.307693,297.6989,0.36558586,950.5645
0.01,0.29,12.820513,297.88895,0.37715828,930.0067
0.01,0.29,13.333333,298.06656,0.38847992,909.8316
0.01,0.29,13.846154,298.23203,0.39955568,890.0352
0.01,0.29,14.358974,298.38547,0.41038996,870.6143
0.01,0.29,14.871795,298.52704,0.42098773,851.5646
0.01,0.29,15.384615,298.657,0.43135312,832.8824
0.01,0.29,15.897436,298.77548,0.44149083,814.5632
0.01,0.29,16.410257,298.88263,0.4514054,796.6027
0.01,0.29,16.923077,298.97873,0.46110103,778.99677
0.01,0.29,17.435898,299.0638,0.4705821,761.7404
0.01,0.29,17.948717,299.13815,0.47985297,744.82935
0.01,0.29,18.461538,299.20187,0.48891777,728.25867
0.01,0.29,18.97436,299.25507,0.4977807,712.0235
0.01,0.29,19.487179,299.29803,0.5064458,696.1193
0.01,0.29,20.0,299.3309,0.51491725,680.541
0.01,0.31,0.0,288.59576,0.0,1562.2682
0.01,0.31,0.51282054,289.13834,0.019043066,1532.2866
0.01,0.31,1.0256411,289.66418,0.03771928,1502.6699
0.01,0.31,1.5384616,290.17352,0.056033388,1473.4242
0.01,0.31,2.0512822,290.66653,0.07398977,1444.5555
0.01,0.31,2.5641026,291.14343,0.09159323,1416.0685
0.01,0.31,3.0769231,291.6043,0.10884845,1387.9686
0.01,0.31,3.5897436,292.0495,0.1257602,1360.2594
0.01,0.31,4.1025643,292.479,0.14233339,1332.9442
0.01,0.31,4.6153846,292.89322,0.15857276,1306.0262
0.01,0.31,5.1282053,293.29218,0.1744833,1279.5074
0.01,0.31,5.6410255,293.67612,0.19007,1253.3903
0.01,0.31,6.1538463,294.04526,0.20533764,1227.6755
0.01,0.31,6.6666665,294.39972,0.2202914,1202.3641
0.01,0.31,7.179487,294.73978,0.23493591,1177.4569
0.01,0.31,7.6923075,295.06558,0.2492765,1152.9537
0.01,0.31,8.205129,295.3773,0.26331806,1128.8538
0.01,0.31,8.717949,295.67514,0.27706546,1105.157
0.01,0.31,9.230769,295.95923,0.29052353,1081.8619
0.01,0.31,9.743589,296.22992,0.30369744,1058.9668
0.01,0.31,10.256411,296.48718,0.31659213,1036.4706
0.01,0.31,10.769231,296.7313,0.32921225,1014.37024
0.01,0.31,11.282051,296.96246,0.3415628,992.6641
0.01,0.31,11.794871,297.18085,0.35364863,971.3495
0.01,0.31,12.307693,297.38663,0.36547452,950.42285
0.01,0.31,12.820513,297.58002,0.3770452,929.8817
0.01,0.31,13.333333,297.7611,0.3883655,909.72266
0.01,0.31,13.846154,297.93008,0.39944,889.9418
0.01,0.31,14.358974,298.08722,0.41027328,870.5357
0.01,0.31,14.871795,298.23267,0.42087007,851.50024
0.01,0.31,15.384615,298.36646,0.43123472,832.8316
0.01,0.31,15.897436,298.48895,0.44137204,814.52527
0.01,0.31,16.410257,298.60022,0.45128608,796.5773
0.01,0.31,16.923077,298.7004,0.46098155,778.983
0.01,0.31,17.435898,298.78976,0.4704625,761.7379
0.01,0.31,17.948717,298.8684,0.4797334,744.8374
0.01,0.31,18.461538,298.93652,0.48879838,728.27673
0.01,0.31,18.97436,298.99423,0.4976616,712.05115
0.01,0.31,19.487179,299.04178,0.5063271,696.156
0.01,0.31,20.0,299.07922,0.5147991,680.58606
0.01,0.33,0.0,288.1949,0.0,1561.5461
0.01,0.33,0.51282054,288.7361,0.019034252,1531.5819
0.01,0.33,1.0256411,289.2609,0.037702017,1501.9839
0.01,0.33,1.5384616,289.7695,0.056007676,1472.7592
0.01,0.33,2.0512822,290.26202,0.07395608,1443.9125
0.01,0.33,2.5641026,290.73862,0.09155171,1415.4487
0.01,0.33,3.0769231,291.1996,0.10879943,1387.3728
0.01,0.33,3.5897436,291.645,0.12570402,1359.6881
0.01,0.33,4.1025643,292.0751,0.1422703,1332.3984
0.01,0.33,4.6153846,292.49005,0.15850319,1305.5062
0.01,0.33,5.1282053,292.89,0.17440751,1279.0132
0.01,0.33,5.6410255,293.2752,0.18998818,1252.922
0.01,0.33,6.1538463,293.64575,0.2052503,1227.2334
0.01,0.33,6.6666665,294.00192,0.22019874,1201.9479
0.01,0.33,7.179487,294.34384,0.23483838,1177.0663
0.01,0.33,7.6923075,294.67166,0.24917428,1152.5885
0.01,0.33,8.205129,294.9856,0.26321143,1128.5135
0.01,0.33,8.717949,295.28586,0.2769547,1104.8412
0.01,0.33,9.230769,295.57254,0.29040915,1081.5703
0.01,0.33,9.743589,295.84595,0.30357963,1058.6987
0.01,0.33,10.256411,296.10614,0.31647107,1036.225
0.01,0.33,10.769231,296.35333,0.3290884,1014.1472
0.01,0.33,11.282051,296.58765,0.34143627,992.4626
0.01,0.33,11.794871,296.8094,0.35351974,971.1685
0.01,0.33,12.307693,297.01868,0.3653436,950.2624
0.01,0.33,12.820513,297.2157,0.37691247,929.74036
0.01,0.33,13.333333,297.4005,0.38823104,909.59985
0.01,0.33,13.846154,297.57343,0.39930415,889.83685
0.01,0.33,14.358974,297.7345,0.41013628,870.4479
0.01,0.33,14.871795,297.88397,0.42073205,851.429
0.01,0.33,15.384615,298.0221,0.43109605,832.7758
0.01,0.33,15.897436,298.14883,0.44123268,814.48456
0.01,0.33,16.410257,298.26447,0.45114636,796.5508
0.01,0.33,16.923077,298.36917,0.46084154,778.97003
0.01,0.33,17.435898,298.4631,0.47032243,761.73773
0.01,0.33,17.948717,298.5464,0.4795934,744.8494
0.01,0.33,18.461538,298.61923,0.4886586,728.30035
0.01,0.33,18.97436,298.68176,0.49752218,712.08563
0.01,0.33,19.487179,298.73416,0.50618815,696.2007
0.01,0.33,20.0,298.77655,0.5146607,680.64044
0.01,0.35,0.0,287.7351,0.0,1560.6986
0.01,0.35,0.51282054,288.27505,0.019023977,1530.7579
0.01,0.35,1.0256411,288.79895,0.03768173,1501.1853
0.01,0.35,1.5384616,289.3069,0.05597779,1471.9865
0.01,0.35,2.0512822,289.799,0.073916756,1443.1672
0.01,0.35,2.5641026,290.2756,0.09150342,1414.7325
0.01,0.35,3.0769231,290.73672,0.10874253,1386.6859
0.01,0.35,3.5897436,291.1826,0.12563883,1359.0312
0.01,0.35,4.1025643,291.6134,0.14219722,1331.7719
0.01,0.35,4.6153846,292.02924,0.15842256,1304.9102
0.01,0.35,5.1282053,292.43042,0.17431974,1278.4482
0.01,0.35,5.6410255,292.817,0.18989372,1252.3875
0.01,0.35,6.1538463,293.18918,0.20514937,1226.7295
0.01,0.35,6.6666665,293.54718,0.22009182,1201.4741
0.01,0.35,7.179487,293.89108,0.23472583,1176.6223
0.01,0.35,7.6923075,294.22116,0.24905641,1152.1741
0.01,0.35,8.205129,294.53763,0.26308867,1128.1279
0.01,0.35,8.717949,294.84045,0.27682737,1104.484
0.01,0.35,9.230769,295.12997,0.29027757,1081.2405
0.01,0.35,9.743589,295.40634,0.30344415,1058.3958
0.01,0.35,10.256411,295.66965,0.31633204,1035.9484
0.01,0.35,10.769231,295.92017,0.32894605,1013.8957
0.01,0.35,11.282051,296.158,0.34129107,992.23584
0.01,0.35,11.794871,296.3833,0.3533719,970.96545
0.01,0.35,12.307693,296.59634,0.36519334,950.082
0.01,0.35,12.820513,296.79718,0.37676013,929.5823
0.01,0.35,13.333333,296.98602,0.38807693,909.4629
0.01,0.35,13.846154,297.16312,0.39914852,889.7202
0.01,0.35,14.358974,297.32846,0.40997928,870.35065
0.01,0.35,14.871795,297.4823,0.42057398,851.35034
0.01,0.35,15.384615,297.62482,0.43093714,832.715
0.01,0.35,15.897436,297.7562,0.44107306,814.4406
0.01,0.35,16.410257,297.87653,0.45098633,796.52295
0.01,0.35,16.923077,297.986,0.4606813,778.95746
0.01,0.35,17.435898,298.08478,0.4701621,761.7397
0.01,0.35,17.948717,298.1731,0.47943324,744.86505
0.01,0.35,18.461538,298.25098,0.48849863,728.3289
0.01,0.35,18.97436,298.3186,0.49736264,712.12646
0.01,0.35,19.487179,298.3762,0.5060292,696.253
0.01,0.35,20.0,298.42383,0.5145025,680.70355
0.01,0.37,0.0,287.21802,0.0,1559.7291
0.01,0.37,0.51282054,287.75687,0.019012243,1529.8175
0.01,0.37,1.0256411,288.2799,0.037658572,1500.2754
0.01,0.37,1.5384616,288.78732,0.05594358,1471.1089
0.01,0.37,2.0512822,289.27924,0.07387201,1442.3226
0.01,0.37,2.5641026,289.7558,0.0914485,1413.922
0.01,0.37,3.0769231,290.21725,0.10867786,1385.9099
0.01,0.37,3.5897436,290.6637,0.12556481,1358.2902
0.01,0.37,4.1025643,291.0953,0.1421143,1331.0662
0.01,0.37,4.6153846,291.51224,0.15833113,1304.2399
0.01,0.37,5.1282053,291.9147,0.17422034,1277.8132
0.01,0.37,5.6410255,292.30286,0.18978666,1251.7876
0.01,0.37,6.1538463,292.67685,0.20503515,1226.1643
0.01,0.37,6.6666665,293.03683,0.21997082,1200.9436
0.01,0.37,7.179487,293.38303,0.23459852,1176.1256
0.01,0.37,7.6923075,293.7155,0.24892327,1151.7106
0.01,0.37,8.205129,294.0345,0.26295006,1127.6973
0.01,0.37,8.717949,294.34024,0.27668363,1104.0851
0.01,0.37,9.230769,294.63266,0.29012904,1080.8726
0.01,0.37,9.743589,294.91226,0.30329132,1058.0583
0.01,0.37,10.256411,295.17892,0.31617525,1035.6404
0.01,0.37,10.769231,295.43298,0.32878563,1013.6163
0.01,0.37,11.282051,295.67447,0.34112743,991.9838
0.01,0.37,11.794871,295.90363,0.35320526,970.74005
0.01,0.37,12.307693,296.12064,0.3650241,949.88226
0.01,0.37,12.820513,296.32562,0.37658858,929.40717
0.01,0.37,13.333333,296.51877,0.38790342,909.3114
0.01,0.37,13.846154,296.70013,0.39897323,889.5915
0.01,0.37,14.358974,296.87006,0.4098026,870.2437
0.01,0.37,14.871795,297.02856,0.4203961,851.264
0.01,0.37,15.384615,297.1758,0.43075824,832.6485
0.01,0.37,15.897436,297.31207,0.44089356,814.39294
0.01,0.37,16.410257,297.43735,0.45080626,796.49316
0.01,0.37,16.923077,297.55188,0.46050093,778.94476
0.01,0.37,17.435898,297.65582,0.46998176,761.7431
0.01,0.37,17.948717,297.74933,0.479253,744.8837
0.01,0.37,18.461538,297.83252,0.4883187,728.362
0.01,0.37,18.97436,297.90558,0.49718323,712.1732
0.01,0.37,19.487179,297.9687,0.5058505,696.31256
0.01,0.37,20.0,298.02188,0.5143245,680.77515
0.01,0.39,0.0,286.6453,0.0,1558.6405
0.01,0.39,0.51282054,287.18307,0.018998995,1528.7634
0.01,0.39,1.0256411,287.70532,0.0376326,1499.2576
0.01,0.39,1.5384616,288.21228,0.05590535,1470.1285
0.01,0.39,2.0512822,288.70407,0.07382199,1441.3802
0.01,0.39,2.5641026,289.1808,0.09138706,1413.0188
0.01,0.39,3.0769231,289.6426,0.10860557,1385.0461
0.01,0.39,3.5897436,290.08975,0.12548216,1357.4666
0.01,0.39,4.1025643,290.5223,0.14202172,1330.2823
0.01,0.39,4.6153846,290.9405,0.15822917,1303.4958
0.01,0.39,5.1282053,291.34442,0.1741094,1277.1091
0.01,0.39,5.6410255,291.73425,0.18966737,1251.123
0.01,0.39,6.1538463,292.11017,0.2049079,1225.539
0.01,0.39,6.6666665,292.4723,0.21983616,1200.3564
0.01,0.39,7.179487,292.82083,0.23445682,1175.5767
0.01,0.39,7.6923075,293.15594,0.24877499,1151.1986
0.01,0.39,8.205129,293.47772,0.26279572,1127.2214
0.01,0.39,8.717949,293.78644,0.27652365,1103.645
0.01,0.39,9.230769,294.0821,0.28996393,1080.4672
0.01,0.39,9.743589,294.365,0.3031214,1057.6865
0.01,0.39,10.256411,294.63522,0.3160009,1035.3008
0.01,0.39,10.769231,294.89297,0.32860738,1013.3082
0.01,0.39,11.282051,295.1384,0.34094545,991.70624
0.01,0.39,11.794871,295.37158,0.35302016,970.49194
0.01,0.39,12.307693,295.5928,0.3648361,949.6626
0.01,0.39,12.820513,295.80212,0.37639803,929.2148
0.01,0.39,13.333333,295.99973,0.3877107,909.14496
0.01,0.39,13.846154,296.1858,0.3987786,889.4502
0.01,0.39,14.358974,296.3604,0.40960628,870.1264
0.01,0.39,14.871795,296.5238,0.42019856,851.1695
0.01,0.39,15.384615,296.67606,0.4305597,832.5759
0.01,0.39,15.897436,296.81738,0.4406942,814.3412
0.01,0.39,16.410257,296.9479,0.4506064,796.4612
0.01,0.39,16.923077,297.06778,0.46030077,778.93146
0.01,0.39,17.435898,297.1772,0.46978158,761.74756
0.01,0.39,17.948717,297.2762,0.4790529,744.9051
0.01,0.39,18.461538,297.365,0.48811913,728.3991
0.01,0.39,18.97436,297.4438,0.49698412,712.22534
0.01,0.39,19.487179,297.51263,0.5056521,696.3788
0.01,0.39,20.0,297.5717,0.514127,680.85455
0.03,0.01,0.0,287.10693,0.0,1557.4154
0.03,0.01,0.51282054,287.68652,0.018986583,1527.9557
0.03,0.01,1.0256411,288.24622,0.03761252,1498.8165
0.03,0.01,1.5384616,288.78635,0.05588188,1470.0066
0.03,0.01,2.0512822,289.30707,0.07379868,1441.5355
0.03,0.01,2.5641026,289.80878,0.091367245,1413.4113
0.03,0.01,3.0769231,290.29175,0.10859175,1385.6404
0.03,0.01,3.5897436,290.75616,0.12547678,1358.2307
0.03,0.01,4.1025643,291.2024,0.14202668,1331.187
0.03,0.01,4.6153846,291.6307,0.15824597,1304.5148
0.03,0.01,5.1282053,292.0414,0.17413929,1278.2183
0.03,0.01,5.6410255,292.43475,0.18971135,1252.3013
0.03,0.01,6.1538463,292.8109,0.20496678,1226.7671
0.03,0.01,6.6666665,293.1703,0.21991032,1201.6183
0.03,0.01,7.179487,293.51306,0.23454669,1176.8567
0.03,0.01,7.6923075,293.83957,0.2488806,1152.4838
0.03,0.01,8.205129,294.15005,0.2629171,1128.5004
0.03,0.01,8.717949,294.44476,0.27666074,1104.9071
0.03,0.01,9.230769,294.72388,0.29011643,1081.704
0.03,0.01,9.743589,294.98782,0.30328888,1058.8906
0.03,0.01,10.256411,295.23672,0.31618303,1036.4657
0.03,0.01,10.769231,295.47092,0.32880354,1014.42865
0.03,0.01,11.282051,295.69055,0.3411551,992.7774
0.03,0.01,11.794871,295.89594,0.3532426,971.5102
0.03,0.01,12.307693,296.08728,0.3650708,950.6249
0.03,0.01,12.820513,296.26486,0.37664425,930.11884
0.03,0.01,13.333333,296.42892,0.38796756,909.98944
0.03,0.01,13.846154,296.57962,0.3990455,890.2334
0.03,0.01,14.358974,296.7173,0.40988255,870.8478
0.03,0.01,14.871795,296.8421,0.42048323,851.8288
0.03,0.01,15.384615,296.95428,0.43085212,833.1731
0.03,0.01,15.897436,297.05402,0.4409936,814.8765
0.03,0.01,16.410257,297.1416,0.45091206,796.93536
0.03,0.01,16.923077,297.21725,0.46061197,779.3453
0.03,0.01,17.435898,297.28113,0.47009742,762.1022
0.03,0.01,17.948717,297.33347,0.47937277,745.2017
0.03,0.01,18.461538,297.37448,0.4884422,728.63904
0.03,0.01,18.97436,297.40445,0.49730986,712.41016
0.03,0.01,19.487179,297.4235,0.5059798,696.5099
0.03,0.01,20.0,297.4318,0.5144561,680.9338
0.03,0.03,0.0,287.77838,0.0,1558.8732
0.03,0.03,0.51282054,288.35345,0.01900395,1529.3185
0.03,0.03,1.0256411,288.90875,0.037646107,1500.0885
0.03,0.03,1.5384616,289.44464,0.05593054,1471.1918
0.03,0.03,2.0512822,289.96118,0.07386142,1442.6388
0.03,0.03,2.5641026,290.45895,0.09144308,1414.436
0.03,0.03,3.0769231,290.93805,0.108679734,1386.5914
0.03,0.03,3.5897436,291.39877,0.12557603,1359.1107
0.03,0.03,4.1025643,291.84137,0.14213637,1331.9999
0.03,0.03,4.6153846,292.26617,0.1583653,1305.2639
0.03,0.03,5.1282053,292.6735,0.17426744,1278.9073
0.03,0.03,5.6410255,293.06342,0.18984762,1252.9331
0.03,0.03,6.1538463,293.4365,0.20511052,1227.345
0.03,0.03,6.6666665,293.7927,0.2200608,1202.1448
0.03,0.03,7.179487,294.1325,0.23470336,1177.3345
0.03,0.03,7.6923075,294.45612,0.24904296,1152.9155
0.03,0.03,8.205129,294.76376,0.26308444,1128.889
0.03,0.03,8.717949,295.05566,0.27683264,1105.255
0.03,0.03,9.230769,295.3322,0.29029232,1082.0134
0.03,0.03,9.743589,295.59357,0.30346844,1059.1635
0.03,0.03,10.256411,295.84,0.31636566,1036.7043
0.03,0.03,10.769231,296.07172,0.32898888,1014.6351
0.03,0.03,11.282051,296.28903,0.3413428,992.95355
0.03,0.03,11.794871,296.49216,0.3534324,971.6581
0.03,0.03,12.307693,296.68134,0.36526215,950.74603
0.03,0.03,12.820513,296.85678,0.37683696,930.21497
0.03,0.03,13.333333,297.01877,0.38816136,910.0623
0.03,0.03,13.846154,297.16748,0.39924005,890.2844
0.03,0.03,14.358974,297.3032,0.41007754,870.87854
0.03,0.03,14.871795,297.42606,0.4206785,851.8405
0.03,0.03,15.384615,297.53638,0.43104744,833.16705
0.03,0.03,15.897436,297.63437,0.4411887,814.8541
0.03,0.03,16.410257,297.72025,0.4511069,796.8976
0.03,0.03,16.923077,297.79416,0.46080613,779.29346
0.03,0.03,17.435898,297.85638,0.47029093,762.03723
0.03,0.03,17.948717,297.90714,0.47956538,745.1246
0.03,0.03,18.461538,297.94662,0.4886338,728.55084
0.03,0.03,18.97436,297.97504,0.49750033,712.3115
0.03,0.03,19.487179,297.99255,0.5061689,696.40204
0.03,0.03,20.0,297.99942,0.5146438,680.8174
0.03,0.05,0.0,288.36554,0.0,1560.165
0.03,0.05,0.51282054,288.93643,0.019019283,1530.5238
0.03,0.05,1.0256411,289.48764,0.037675783,1501.2113
0.03,0.05,1.5384616,290.0196,0.055973567,1472.2369
0.03,0.05,2.0512822,290.5325,0.07391691,1443.6096
0.03,0.05,2.5641026,291.02655,0.09151004,1415.3363
0.03,0.05,3.0769231,291.5021,0.10875739,1387.4249
0.03,0.05,3.5897436,291.95947,0.12566355,1359.8812
0.03,0.05,4.1025643,292.39886,0.14223295,1332.7104
0.03,0.05,4.6153846,292.8205,0.15847023,1305.9178
0.03,0.05,5.1282053,293.22476,0.17438018,1279.5073
0.03,0.05,5.6410255,293.61188,0.18996742,1253.4825
0.03,0.05,6.1538463,293.98212,0.20523667,1227.8462
0.03,0.05,6.6666665,294.33566,0.22019294,1202.6007
0.03,0.05,7.179487,294.6729,0.23484084,1177.7477
0.03,0.05,7.6923075,294.99402,0.24918523,1153.2886
0.03,0.05,8.205129,295.2993,0.2632311,1129.2238
0.03,0.05,8.717949,295.58896,0.27698308,1105.5538
0.03,0.05,9.230769,295.86325,0.29044634,1082.2782
0.03,0.05,9.743589,296.1225,0.3036254,1059.3966
0.03,0.05,10.256411,296.36694,0.31652537,1036.9077
0.03,0.05,10.769231,296.5967,0.32915092,1014.8103
0.03,0.05,11.282051,296.8122,0.3415069,993.1025
0.03,0.05,11.794871,297.01352,0.3535981,971.78235
0.03,0.05,12.307693,297.20093,0.36542928,950.8472
0.03,0.05,12.820513,297.3748,0.37700516,930.29456
0.03,0.05,13.333333,297.5351,0.38833052,910.12134
0.03,0.05,13.846154,297.6823,0.3994097,890.3247
0.03,0.05,14.358974,297.81653,0.41024762,870.9012
0.03,0.05,14.871795,297.93805,0.42084882,851.8468
0.03,0.05,15.384615,298.04706,0.43121767,833.1582
0.03,0.05,15.897436,298.14374,0.44135877,814.83105
0.03,0.05,16.410257,298.22836,0.45127648,796.8615
0.03,0.05,16.923077,298.3011,0.4609753,779.2453
0.03,0.05,17.435898,298.3622,0.4704594,761.9778
0.03,0.05,17.948717,298.41187,0.47973305,745.0549
0.03,0.05,18.461538,298.45032,0.48880062,728.4717
0.03,0.05,18.97436,298.47766,0.49766606,712.2237
0.03,0.05,19.487179,298.49423,0.5063336,696.3062
0.03,0.05,20.0,298.50015,0.51480716,680.71436
0.03,0.07,0.0,288.8704,0.0,1561.2937
0.03,0.07,0.51282054,289.43738,0.019032687,1531.5743
0.03,0.07,1.0256411,289.98483,0.03770165,1502.1876
0.03,0.07,1.5384616,290.5132,0.056011066,1473.1438
0.03,0.07,2.0512822,291.02258,0.0739651,1444.4498
0.03,0.07,2.5641026,291.5134,0.09156814,1416.1146
0.03,0.07,3.0769231,291.98578,0.108824775,1388.1436
0.03,0.07,3.5897436,292.44012,0.12573938,1360.5437
0.03,0.07,4.1025643,292.87662,0.14231661,1333.3204
0.03,0.07,4.6153846,293.29553,0.15856119,1306.4779
0.03,0.07,5.1282053,293.69717,0.17447767,1280.02
0.03,0.07,5.6410255,294.08173,0.19007096,1253.9507
0.03,0.07,6.1538463,294.44955,0.20534572,1228.2726
0.03,0.07,6.6666665,294.8009,0.2203069,1202.9875
0.03,0.07,7.179487,295.13593,0.23495938,1178.0972
0.03,0.07,7.6923075,295.45502,0.2493078,1153.6029
0.03,0.07,8.205129,295.75833,0.26335743,1129.5054
0.03,0.07,8.717949,296.04617,0.27711275,1105.8044
0.03,0.07,9.230769,296.31873,0.2905788,1082.4996
0.03,0.07,9.743589,296.57632,0.3037605,1059.5906
0.03,0.07,10.256411,296.81915,0.31666264,1037.0763
0.03,0.07,10.769231,297.0475,0.32929012,1014.9546
0.03,0.07,11.282051,297.2615,0.3416478,993.2245
0.03,0.07,11.794871,297.46152,0.3537403,971.8831
0.03,0.07,12.307693,297.6477,0.3655726,950.92834
0.03,0.07,12.820513,297.82034,0.37714934,930.3574
0.03,0.07,13.333333,297.9796,0.3884753,910.16705
0.03,0.07,13.846154,298.12576,0.39955506,890.3545
0.03,0.07,14.358974,298.25906,0.41039324,870.916
0.03,0.07,14.871795,298.3796,0.4209945,851.8481
0.03,0.07,15.384615,298.4878,0.4313634,833.1464
0.03,0.07,15.897436,298.5837,0.44150424,814.80756
0.03,0.07,16.410257,298.66757,0.4514216,796.8271
0.03,0.07,16.923077,298.73962,0.46111983,779.2007
0.03,0.07,17.435898,298.80008,0.47060335,761.92395
0.03,0.07,17.948717,298.84915,0.47987634,744.9924
0.03,0.07,18.461538,298.88702,0.48894298,728.4015
0.03,0.07,18.97436,298.9139,0.49780762,712.14636
0.03,0.07,19.487179,298.93,0.5064741,696.22235
0.03,0.07,20.0,298.9355,0.5149467,680.6245
0.03,0.09,0.0,289.2947,0.0,1562.2615
0.03,0.09,0.51282054,289.85806,0.019044213,1532.4723
0.03,0.09,1.0256411,290.40207,0.037723817,1503.0204
0.03,0.09,1.5384616,290.9271,0.056042984,1473.9146
0.03,0.09,2.0512822,291.43338,0.0740062,1445.1624
0.03,0.09,2.5641026,291.92117,0.09161774,1416.7716
0.03,0.09,3.0769231,292.39078,0.10888204,1388.7491
0.03,0.09,3.5897436,292.8424,0.12580389,1361.1005
0.03,0.09,4.1025643,293.27637,0.14238769,1333.831
0.03,0.09,4.6153846,293.69293,0.15863816,1306.9456
0.03,0.09,5.1282053,294.0923,0.17456022,1280.4469
0.03,0.09,5.6410255,294.4748,0.19015852,1254.3395
0.03,0.09,6.1538463,294.8406,0.20543788,1228.6251
0.03,0.09,6.6666665,295.1901,0.22040322,1203.3064
0.03,0.09,7.179487,295.52338,0.23505935,1178.3844
0.03,0.09,7.6923075,295.84082,0.24941127,1153.8606
0.03,0.09,8.205129,296.14264,0.26346377,1129.7347
0.03,0.09,8.717949,296.42902,0.27722168,1106.0079
0.03,0.09,9.230769,296.7003,0.29069018,1082.6785
0.03,0.09,9.743589,296.95663,0.30387384,1059.7467
0.03,0.09,10.256411,297.19833,0.31677783,1037.2107
0.03,0.09,10.769231,297.4256,0.32940686,1015.0691
0.03,0.09,11.282051,297.6387,0.3417658,993.3203
0.03,0.09,11.794871,297.83783,0.35385942,971.9613
0.03,0.09,12.307693,298.0233,0.36569262,950.99036
0.03,0.09,12.820513,298.19513,0.37726998,930.40405
0.03,0.09,13.333333,298.3538,0.3885964,910.1998
0.03,0.09,13.846154,298.4994,0.39967647,890.3741
0.03,0.09,14.358974,298.6322,0.41051486,870.9234
0.03,0.09,14.871795,298.75232,0.42111605,851.8441
0.03,0.09,15.384615,298.8601,0.43148482,833.13214
0.03,0.09,15.897436,298.95566,0.44162548,814.7837
0.03,0.09,16.410257,299.0393,0.4515425,796.79443
0.03,0.09,16.923077,299.11118,0.46124032,779.15985
0.03,0.09,17.435898,299.1715,0.47072327,761.87573
0.03,0.09,17.948717,299.22043,0.4799956,744.9373
0.03,0.09,18.461538,299.25827,0.4890616,728.3401
0.03,0.09,18.97436,299.2851,0.4979254,712.0792
0.03,0.09,19.487179,299.30124,0.506591,696.15015
0.03,0.09,20.0,299.30676,0.5150627,680.54767
0.03,0.11,0.0,289.64032,0.0,1563.0713
0.03,0.11,0.51282054,290.2003,0.019053757,1533.2212
0.03,0.11,1.0256411,290.74115,0.037742175,1503.7118
0.03,0.11,1.5384616,291.26312,0.056069583,1474.5515
0.03,0.11,2.0512822,291.76663,0.07404036,1445.749
0.03,0.11,2.5641026,292.25174,0.091658786,1417.3109
0.03,0.11,3.0769231,292.71884,0.1089295,1389.2438
0.03,0.11,3.5897436,293.16815,0.12585714,1361.5533
0.03,0.11,4.1025643,293.59998,0.14244625,1334.2446
0.03,0.11,4.6153846,294.01447,0.15870163,1307.3221
0.03,0.11,5.1282053,294.412,0.17462808,1280.7897
0.03,0.11,5.6410255,294.7927,0.19023043,1254.6499
0.03,0.11,6.1538463,295.15695,0.2055134,1228.9054
0.03,0.11,6.6666665,295.5049,0.22048199,1203.5587
0.03,0.11,7.179487,295.83688,0.23514108,1178.6106
0.03,0.11,7.6923075,296.1531,0.2494956,1154.0619
0.03,0.11,8.205129,296.45377,0.26355046,1129.9132
0.03,0.11,8.717949,296.73914,0.27731046,1106.1647
0.03,0.11,9.230769,297.00952,0.29078072,1082.8156
0.03,0.11,9.743589,297.26505,0.303966,1059.865
0.03,0.11,10.256411,297.50604,0.3168713,1037.3115
0.03,0.11,10.769231,297.7328,0.3295015,1015.15393
0.03,0.11,11.282051,297.94528,0.34186134,993.3898
0.03,0.11,11.794871,298.144,0.35395572,972.01715
0.03,0.11,12.307693,298.32907,0.36578947,951.03296
0.03,0.11,12.820513,298.50073,0.3773674,930.43494
0.03,0.11,13.333333,298.65918,0.38869417,910.2194
0.03,0.11,13.846154,298.80466,0.3997743,890.3835
0.03,0.11,14.358974,298.9374,0.41061276,870.9234
0.03,0.11,14.871795,299.0576,0.421214,851.83527
0.03,0.11,15.384615,299.16544,0.43158254,833.11536
0.03,0.11,15.897436,299.2612,0.44172296,814.75946
0.03,0.11,16.410257,299.345,0.45163965,796.76324
0.03,0.11,16.923077,299.41718,0.46133703,779.1227
0.03,0.11,17.435898,299.47778,0.47081947,761.8328
0.03,0.11,17.948717,299.5271,0.4800912,744.8893
0.03,0.11,18.461538,299.5653,0.4891566,728.2875
0.03,0.11,18.97436,299.59265,0.4980197,712.0224
0.03,0.11,19.487179,299.6093,0.50668466,696.08936
0.03,0.11,20.0,299.61542,0.51515555,680.48346
0.03,0.13,0.0,289.90903,0.0,1563.7256
0.03,0.13,0.51282054,290.46588,0.019061476,1533.8228
0.03,0.13,1.0256411,291.00378,0.03775709,1504.2638
0.03,0.13,1.5384616,291.52313,0.056090966,1475.0575
0.03,0.13,2.0512822,292.02405,0.074067585,1446.212
0.03,0.13,2.5641026,292.50687,0.09169149,1417.7335
0.03,0.13,3.0769231,292.9718,0.108967155,1389.6293
0.03,0.13,3.5897436,293.41913,0.12589934,1361.9039
0.03,0.13,4.1025643,293.84906,0.14249256,1334.5629
0.03,0.13,4.6153846,294.2619,0.1587517,1307.61
0.03,0.13,5.1282053,294.6579,0.17468148,1281.0493
0.03,0.13,5.6410255,295.03723,0.19028687,1254.8833
0.03,0.13,6.1538463,295.40018,0.20557255,1229.115
0.03,0.13,6.6666665,295.74704,0.22054368,1203.7452
0.03,0.13,7.179487,296.07803,0.23520488,1178.7759
0.03,0.13,7.6923075,296.3934,0.24956127,1154.208
0.03,0.13,8.205129,296.69336,0.26361778,1130.0413
0.03,0.13,8.717949,296.9781,0.2773793,1106.276
0.03,0.13,9.230769,297.248,0.29085085,1082.911
0.03,0.13,9.743589,297.50317,0.3040372,1059.9463
0.03,0.13,10.256411,297.74387,0.31694344,1037.3795
0.03,0.13,10.769231,297.97037,0.3295744,1015.2096
0.03,0.13,11.282051,298.18286,0.34193486,993.434
0.03,0.13,11.794871,298.38156,0.35402972,972.05096
0.03,0.13,12.307693,298.5667,0.36586383,951.05707
0.03,0.13,12.820513,298.73853,0.377442,930.4501
0.03,0.13,13.333333,298.89725,0.38876885,910.2266
0.03,0.13,13.846154,299.04303,0.3998491,890.38306
0.03,0.13,14.358974,299.17618,0.4106875,870.91595
0.03,0.13,14.871795,299.2969,0.42128858,851.8216
0.03,0.13,15.384615,299.40527,0.43165693,833.0959
0.03,0.13,15.897436,299.50162,0.44179702,814.73486
0.03,0.13,16.410257,299.58612,0.45171338,796.7338
0.03,0.13,16.923077,299.65897,0.4614104,779.08887
0.03,0.13,17.435898,299.7204,0.47089243,761.79517
0.03,0.13,17.948717,299.77054,0.4801637,744.84814
0.03,0.13,18.461538,299.80963,0.4892286,728.2431
0.03,0.13,18.97436,299.8379,0.49809104,711.9753
0.03,0.13,19.487179,299.85553,0.50675535,696.0399
0.03,0.13,20.0,299.8626,0.5152257,680.43176
0.03,0.15,0.0,290.1026,0.0,1564.2275
0.03,0.15,0.51282054,290.65656,0.019067422,1534.2793
0.03,0.15,1.0256411,291.19183,0.037768304,1504.679
0.03,0.15,1.5384616,291.7087,0.05610708,1475.4344
0.03,0.15,2.0512822,292.20743,0.074088186,1446.5531
0.03,0.15,2.5641026,292.6882,0.09171605,1418.042
0.03,0.15,3.0769231,293.1512,0.10899537,1389.907
0.03,0.15,3.5897436,293.5969,0.12593073,1362.1538
0.03,0.15,4.1025643,294.02536,0.1425269,1334.7867
0.03,0.15,4.6153846,294.4368,0.15878862,1307.8102
0.03,0.15,5.1282053,294.83157,0.17472076,1281.2273
0.03,0.15,5.6410255,295.20993,0.19032818,1255.0411
0.03,0.15,6.1538463,295.572,0.20561573,1229.254
0.03,0.15,6.6666665,295.91812,0.22058839,1203.8673
0.03,0.15,7.179487,296.2485,0.23525102,1178.8823
0.03,0.15,7.6923075,296.56335,0.24960862,1154.2997
0.03,0.15,8.205129,296.86298,0.2636662,1130.1198
0.03,0.15,8.717949,297.1475,0.27742863,1106.3422
0.03,0.15,9.230769,297.41727,0.29090092,1082.9661
0.03,0.15,9.743589,297.67242,0.30408788,1059.991
0.03,0.15,10.256411,297.91327,0.3169946,1037.4149
0.03,0.15,10.769231,298.14,0.3296259,1015.2364
0.03,0.15,11.282051,298.3528,0.3419866,993.45306
0.03,0.15,11.794871,298.5519,0.35408175,972.06287
0.03,0.15,12.307693,298.73758,0.36591595,951.06256
0.03,0.15,12.820513,298.91,0.3774941,930.44965
0.03,0.15,13.333333,299.0694,0.38882095,910.2209
0.03,0.15,13.846154,299.21597,0.39990115,890.37244
0.03,0.15,14.358974,299.3499,0.41073933,870.9013
0.03,0.15,14.871795,299.47156,0.42134017,851.803
0.03,0.15,15.384615,299.58087,0.43170834,833.0738
0.03,0.15,15.897436,299.6783,0.44184813,814.7096
0.03,0.15,16.410257,299.76392,0.45176414,796.706
0.03,0.15,16.923077,299.83792,0.46146083,779.05853
0.03,0.15,17.435898,299.90054,0.47094244,761.7627
0.03,0.15,17.948717,299.95203,0.48021322,744.81384
0.03,0.15,18.461538,299.99243,0.48927772,728.2071
0.03,0.15,18.97436,300.02213,0.49813974,711.938
0.03,0.15,19.487179,300.04114,0.5068037,696.00134
0.03,0.15,20.0,300.04974,0.5152735,680.39233
0.03,0.17,0.0,290.22275,0.0,1564.5789
0.03,0.17,0.51282054,290.77414,0.01907149,1534.5942
0.03,0.17,1.0256411,291.307,0.037776023,1504.9602
0.03,0.17,1.5384616,291.82178,0.056118138,1475.6844
0.03,0.17,2.0512822,292.31845,0.07410206,1446.775
0.03,0.17,2.5641026,292.79742,0.091732584,1418.2379
0.03,0.17,3.0769231,293.25894,0.109014094,1390.0798
0.03,0.17,3.5897436,293.70316,0.1259515,1362.3048
0.03,0.17,4.1025643,294.13037,0.14254937,1334.9183
0.03,0.17,4.6153846,294.54083,0.15881261,1307.9242
0.03,0.17,5.1282053,294.93478,0.17474605,1281.3252
0.03,0.17,5.6410255,295.31238,0.19035462,1255.1246
0.03,0.17,6.1538463,295.67395,0.20564306,1229.3241
0.03,0.17,6.6666665,296.01965,0.22061649,1203.9258
0.03,0.17,7.179487,296.34976,0.23527981,1178.9299
0.03,0.17,7.6923075,296.6645,0.24963793,1154.3378
0.03,0.17,8.205129,296.9641,0.26369596,1130.1489
0.03,0.17,8.717949,297.24884,0.27745873,1106.3639
0.03,0.17,9.230769,297.51886,0.29093117,1082.981
0.03,0.17,9.743589,297.7744,0.30411828,1059.9998
0.03,0.17,10.256411,298.01575,0.3170251,1037.4181
0.03,0.17,10.769231,298.243,0.3296564,1015.2346
0.03,0.17,11.282051,298.45663,0.3420171,993.44727
0.03,0.17,11.794871,298.6565,0.35411206,972.05316
0.03,0.17,12.307693,298.8431,0.36594617,951.0496
0.03,0.17,12.820513,299.0165,0.3775242,930.4339
0.03,0.17,13.333333,299.17706,0.3888508,910.2026
0.03,0.17,13.846154,299.3248,0.39993072,890.35223
0.03,0.17,14.358974,299.46,0.4107687,870.87915
0.03,0.17,14.871795,299.58292,0.4213693,851.77924
0.03,0.17,15.384615,299.69366,0.43173707,833.049
0.03,0.17,15.897436,299.79257,0.44187656,814.68365
0.03,0.17,16.410257,299.87973,0.4517923,796.6792
0.03,0.17,16.923077,299.95532,0.46148857,779.03125
0.03,0.17,17.435898,300.01962,0.47096986,761.73505
0.03,0.17,17.948717,300.0728,0.48024035,744.7859
0.03,0.17,18.461538,300.11502,0.48930448,728.1792
0.03,0.17,18.97436,300.14648,0.49816623,711.9101
0.03,0.17,19.487179,300.16736,0.50682974,695.97363
0.03,0.17,20.0,300.17786,0.51529926,680.3648
0.03,0.19,0.0,290.27124,0.0,1564.7837
0.03,0.19,0.51282054,290.82022,0.019073837,1534.7694
0.03,0.19,1.0256411,291.35098,0.037780404,1505.1091
0.03,0.19,1.5384616,291.86377,0.056124136,1475.8099
0.03,0.19,2.0512822,292.35876,0.07410957,1446.8794
0.03,0.19,2.5641026,292.83627,0.09174114,1418.3235
0.03,0.19,3.0769231,293.29645,0.10902364,1390.1483
0.03,0.19,3.5897436,293.7396,0.12596181,1362.3585
0.03,0.19,4.1025643,294.16592,0.14256027,1334.9587
0.03,0.19,4.6153846,294.57562,0.15882388,1307.9531
0.03,0.19,5.1282053,294.969,0.17475769,1281.3442
0.03,0.19,5.6410255,295.34622,0.1903663,1255.1348
0.03,0.19,6.1538463,295.70755,0.20565495,1229.3264
0.03,0.19,6.6666665,296.05316,0.22062832,1203.9214
0.03,0.19,7.179487,296.38336,0.2352916,1178.92
0.03,0.19,7.6923075,296.69833,0.24964951,1154.323
0.03,0.19,8.205129,296.99835,0.26370737,1130.1302
0.03,0.19,8.717949,297.2835,0.27746984,1106.3416
0.03,0.19,9.230769,297.55417,0.290942,1082.9563
0.03,0.19,9.743589,297.81052,0.30412883,1059.9727
0.03,0.19,10.256411,298.0527,0.31703526,1037.3895
0.03,0.19,10.769231,298.281,0.32966626,1015.20496
0.03,0.19,11.282051,298.49564,0.3420265,993.4165
0.03,0.19,11.794871,298.69678,0.35412115,972.0221
0.03,0.19,12.307693,298.88464,0.3659549,951.0184
0.03,0.19,12.820513,299.05948,0.37753242,930.40283
0.03,0.19,13.333333,299.22147,0.38885874,910.17175
0.03,0.19,13.846154,299.37076,0.39993834,890.32184
0.03,0.19,14.358974,299.50766,0.41077584,870.84955
0.03,0.19,14.871795,299.63226,0.4213761,851.75055
0.03,0.19,15.384615,299.7449,0.43174356,833.02106
0.03,0.19,15.897436,299.84564,0.44188273,814.657
0.03,0.19,16.410257,299.93475,0.45179814,796.6539
0.03,0.19,16.923077,300.0124,0.4614941,779.00696
0.03,0.19,17.435898,300.07874,0.4709751,761.7121
0.03,0.19,17.948717,300.1341,0.48024535,744.7644
0.03,0.19,18.461538,300.17847,0.48930922,728.15906
0.03,0.19,18.97436,300.2122,0.4981706,711.8913
0.03,0.19,19.487179,300.23535,0.5068339,695.95636
0.03,0.19,20.0,300.24823,0.51530325,680.34894
0.03,0.21,0.0,290.2498,0.0,1564.8438
0.03,0.21,0.51282054,290.79663,0.01907441,1534.8085
0.03,0.21,1.0256411,291.32544,0.037781343,1505.1289
0.03,0.21,1.5384616,291.83652,0.05612523,1475.8134
0.03,0.21,2.0512822,292.33008,0.07411061,1446.8683
0.03,0.21,2.5641026,292.80627,0.09174197,1418.3004
0.03,0.21,3.0769231,293.26547,0.10902416,1390.115
0.03,0.21,3.5897436,293.70776,0.12596181,1362.3167
0.03,0.21,4.1025643,294.13345,0.14255969,1334.9102
0.03,0.21,4.6153846,294.54272,0.15882275,1307.8984
0.03,0.21,5.1282053,294.9358,0.17475575,1281.285
0.03,0.21,5.6410255,295.31287,0.19036369,1255.0724
0.03,0.21,6.1538463,295.67432,0.2056515,1229.2617
0.03,0.21,6.6666665,296.02023,0.22062415,1203.855
0.03,0.21,7.179487,296.35077,0.23528653,1178.8531
0.03,0.21,7.6923075,296.66635,0.24964367,1154.2557
0.03,0.21,8.205129,296.96704,0.2637007,1130.0637
0.03,0.21,8.717949,297.25305,0.27746233,1106.2761
0.03,0.21,9.230769,297.52466,0.29093373,1082.892
0.03,0.21,9.743589,297.7821,0.30411974,1059.9104
0.03,0.21,10.256411,298.0255,0.31702542,1037.3295
0.03,0.21,10.769231,298.25522,0.32965568,1015.1471
0.03,0.21,11.282051,298.47122,0.3420153,993.36145
0.03,0.21,11.794871,298.67395,0.3541093,971.9696
0.03,0.21,12.307693,298.8635,0.36594233,950.969
0.03,0.21,12.820513,299.0401,0.37751934,930.35626
0.03,0.21,13.333333,299.20395,0.388845,910.12836
0.03,0.21,13.846154,299.35522,0.39992404,890.2817
0.03,0.21,14.358974,299.49414,0.41076118,870.8123
0.03,0.21,14.871795,299.6209,0.4213609,851.71674
0.03,0.21,15.384615,299.73575,0.43172807,832.99036
0.03,0.21,15.897436,299.83875,0.44186687,814.6294
0.03,0.21,16.410257,299.93024,0.451782,796.6292
0.03,0.21,16.923077,300.0103,0.46147764,778.9855
0.03,0.21,17.435898,300.07916,0.4709584,761.6936
0.03,0.21,17.948717,300.137,0.48022848,744.7489
0.03,0.21,18.461538,300.18402,0.48929203,728.1465
0.03,0.21,18.97436,300.2204,0.49815345,711.8814
0.03,0.21,19.487179,300.24625,0.5068166,695.9491
0.03,0.21,20.0,300.26184,0.5152858,680.3444
0.03,0.23,0.0,290.1601,0.0,1564.7627
0.03,0.23,0.51282054,290.70493,0.019073367,1534.7125
0.03,0.23,1.0256411,291.23203,0.037778996,1505.0214
0.03,0.23,1.5384616,291.7416,0.056121476,1475.6963
0.03,0.23,2.0512822,292.23392,0.0741054,1446.744
0.03,0.23,2.5641026,292.70914,0.091735244,1418.1705
0.03,0.23,3.0769231,293.1675,0.10901571,1389.9813
0.03,0.23,3.5897436,293.60925,0.12595175,1362.1809
0.03,0.23,4.1025643,294.0345,0.14254797,1334.7731
0.03,0.23,4.6153846,294.44363,0.15880933,1307.7617
0.03,0.23,5.1282053,294.83667,0.17474063,1281.1495
0.03,0.23,5.6410255,295.21402,0.19034696,1254.9387
0.03,0.23,6.1538463,295.57578,0.2056331,1229.1311
0.03,0.23,6.6666665,295.92218,0.22060418,1203.7277
0.03,0.23,7.179487,296.25348,0.23526496,1178.7299
0.03,0.23,7.6923075,296.5699,0.24962068,1154.1372
0.03,0.23,8.205129,296.87158,0.26367623,1129.95
0.03,0.23,8.717949,297.15875,0.27743647,1106.1675
0.03,0.23,9.230769,297.43167,0.2909066,1082.789
0.03,0.23,9.743589,297.69058,0.30409142,1059.813
0.03,0.23,10.256411,297.93555,0.31699595,1037.2378
0.03,0.23,10.769231,298.1669,0.32962507,1015.06146
0.03,0.23,11.282051,298.38474,0.34198368,993.2818
0.03,0.23,11.794871,298.5894,0.35407665,971.89606
0.03,0.23,12.307693,298.78098,0.36590895,950.9011
0.03,0.23,12.820513,298.9597,0.37748513,930.2943
0.03,0.23,13.333333,299.12576,0.3888101,910.0724
0.03,0.23,13.846154,299.27942,0.39988843,890.2313
0.03,0.23,14.358974,299.42075,0.410725,870.7676
0.03,0.23,14.871795,299.55,0.42132425,851.6773
0.03,0.23,15.384615,299.66742,0.4316908,832.9565
0.03,0.23,15.897436,299.77313,0.4418292,814.6006
0.03,0.23,16.410257,299.8673,0.45174405,796.60547
0.03,0.23,16.923077,299.9502,0.4614395,778.9666
0.03,0.23,17.435898,300.0219,0.47092003,761.6794
0.03,0.23,17.948717,300.08267,0.48018998,744.7391
0.03,0.23,18.461538,300.13275,0.4892534,728.141
0.03,0.23,18.97436,300.17215,0.49811485,711.8801
0.03,0.23,19.487179,300.20114,0.506778,695.9518
0.03,0.23,20.0,300.21988,0.5152472,680.351
0.03,0.25,0.0,290.0036,0.0,1564.5426
0.03,0.25,0.51282054,290.54675,0.019070603,1534.4852
0.03,0.25,1.0256411,291.07233,0.037773415,1504.7893
0.03,0.25,1.5384616,291.5807,0.056113027,1475.4618
0.03,0.25,2.0512822,292.07193,0.07409403,1446.5084
0.03,0.25,2.5641026,292.54636,0.0917209,1417.936
0.03,0.25,3.0769231,293.00415,0.10899855,1389.7491
0.03,0.25,3.5897436,293.44553,0.12593177,1361.9521
0.03,0.25,4.1025643,293.8707,0.14252523,1334.5492
0.03,0.25,4.6153846,294.27982,0.15878382,1307.5437
0.03,0.25,5.1282053,294.67316,0.17471257,1280.9384
0.03,0.25,5.6410255,295.05096,0.19031629,1254.7346
0.03,0.25,6.1538463,295.41336,0.20560002,1228.9347
0.03,0.25,6.6666665,295.76056,0.22056866,1203.5399
0.03,0.25,7.179487,296.0929,0.23522724,1178.5507
0.03,0.25,7.6923075,296.41043,0.24958077,1153.9675
0.03,0.25,8.205129,296.7134,0.26363432,1129.7893
0.03,0.25,8.717949,297.00208,0.27739266,1106.0164
0.03,0.25,9.230769,297.27658,0.29086092,1082.6473
0.03,0.25,9.743589,297.5372,0.30404413,1059.6807
0.03,0.25,10.256411,297.78406,0.31694707,1037.1149
0.03,0.25,10.769231,298.01743,0.32957476,1014.948
0.03,0.25,11.282051,298.23746,0.341932,993.1775
0.03,0.25,11.794871,298.44437,0.35402375,971.80084
0.03,0.25,12.307693,298.63824,0.3658548,950.81506
0.03,0.25,12.820513,298.81946,0.37743005,930.217
0.03,0.25,13.333333,298.98813,0.3887541,910.0033
0.03,0.25,13.846154,299.1444,0.3998317,890.17053
0.03,0.25,14.358974,299.28857,0.4106675,870.71484
0.03,0.25,14.871795,299.4207,0.4212662,851.6323
0.03,0.25,15.384615,299.54102,0.4316323,832.91895
0.03,0.25,15.897436,299.64975,0.44177026,814.57025
0.03,0.25,16.410257,299.74707,0.45168477,796.58215
0.03,0.25,16.923077,299.8331,0.4613799,778.9499
0.03,0.25,17.435898,299.9081,0.47086036,761.669
0.03,0.25,17.948717,299.97226,0.4801301,744.73486
0.03,0.25,18.461538,300.02567,0.48919365,728.14246
0.03,0.25,18.97436,300.0685,0.49805504,711.88715
0.03,0.25,19.487179,300.10098,0.5067184,695.9641
0.03,0.25,20.0,300.12335,0.51518774,680.36816
0.03,0.27,0.0,289.78223,0.0,1564.1866
0.03,0.27,0.51282054,290.3237,0.019066222,1534.129
0.03,0.27,1.0256411,290.84802,0.037764706,1504.4349
0.03,0.27,1.5384616,291.35522,0.05609999,1475.111
0.03,0.27,2.0512822,291.84564,0.07407666,1446.1638
0.03,0.27,2.5641026,292.3195,0.09169936,1417.5983
0.03,0.27,3.0769231,292.77695,0.108972944,1389.4198
0.03,0.27,3.5897436,293.21817,0.12590215,1361.6326
0.03,0.27,4.1025643,293.6434,0.14249168,1334.2402
0.03,0.27,4.6153846,294.05286,0.1587466,1307.246
0.03,0.27,5.1282053,294.44672,0.17467168,1280.6522
0.03,0.27,5.6410255,294.8252,0.190272,1254.4612
0.03,0.27,6.1538463,295.18848,0.20555237,1228.6743
0.03,0.27,6.6666665,295.5368,0.22051792,1203.2926
0.03,0.27,7.179487,295.87033,0.23517358,1178.3168
0.03,0.27,7.6923075,296.1893,0.2495243,1153.7468
0.03,0.27,8.205129,296.4939,0.26357517,1129.5822
0.03,0.27,8.717949,296.78427,0.27733105,1105.8228
0.03,0.27,9.230769,297.06073,0.29079708,1082.467
0.03,0.27,9.743589,297.32333,0.30397803,1059.5138
0.03,0.27,10.256411,297.57245,0.31687903,1036.961
0.03,0.27,10.769231,297.80814,0.3295049,1014.8067
0.03,0.27,11.282051,298.03058,0.3418605,993.04877
0.03,0.27,11.794871,298.24005,0.35395074,971.6843
0.03,0.27,12.307693,298.43665,0.3657805,950.7106
0.03,0.27,12.820513,298.62067,0.37735447,930.12384
0.03,0.27,13.333333,298.79224,0.38867742,909.9214
0.03,0.27,13.846154,298.95154,0.3997541,890.0993
0.03,0.27,14.358974,299.09882,0.41058913,870.65405
0.03,0.27,14.871795,299.23416,0.42118716,851.58154
0.03,0.27,15.384615,299.35776,0.43155262,832.87775
0.03,0.27,15.897436,299.4699,0.44169027,814.5383
0.03,0.27,16.410257,299.57065,0.45160428,796.55896
0.03,0.27,16.923077,299.6603,0.46129924,778.9351
0.03,0.27,17.435898,299.73892,0.4707795,761.66223
0.03,0.27,17.948717,299.80667,0.4800493,744.7357
0.03,0.27,18.461538,299.86383,0.48911285,728.1506
0.03,0.27,18.97436,299.9105,0.4979744,711.90216
0.03,0.27,19.487179,299.94687,0.50663793,695.9856
0.03,0.27,20.0,299.97314,0.51510763,680.3958
0.03,0.29,0.0,289.49753,0.0,1563.6973
0.03,0.29,0.51282054,290.03748,0.019060172,1533.6464
0.03,0.29,1.0256411,290.56064,0.037752762,1503.961
0.03,0.29,1.5384616,291.0669,0.05608231,1474.6473
0.03,0.29,2.0512822,291.5567,0.0740534,1445.7115
0.03,0.29,2.5641026,292.0301,0.091670625,1417.1595
0.03,0.29,3.0769231,292.4874,0.108938836,1388.9952
0.03,0.29,3.5897436,292.92868,0.12586288,1361.2231
0.03,0.29,4.1025643,293.35422,0.14244756,1333.8469
0.03,0.29,4.6153846,293.76416,0.15869766,1306.8693
0.03,0.29,5.1282053,294.15875,0.17461827,1280.2926
0.03,0.29,5.6410255,294.53815,0.19021422,1254.1194
0.03,0.29,6.1538463,294.90256,0.2054905,1228.3501
0.03,0.29,6.6666665,295.25223,0.2204522,1202.9861
0.03,0.29,7.179487,295.58725,0.2351042,1178.0282
0.03,0.29,7.6923075,295.90787,0.24945143,1153.4761
0.03,0.29,8.205129,296.21436,0.26349914,1129.3291
0.03,0.29,8.717949,296.50674,0.277252,1105.587
0.03,0.29,9.230769,296.78537,0.29071516,1082.2484
0.03,0.29,9.743589,297.0503,0.30389366,1059.312
0.03,0.29,10.256411,297.30185,0.3167922,1036.776
0.03,0.29,10.769231,297.5401,0.32941586,1014.6378
0.03,0.29,11.282051,297.76532,0.3417695,992.8956
0.03,0.29,11.794871,297.97763,0.35385796,971.5464
0.03,0.29,12.307693,298.17728,0.3656861,950.58704
0.03,0.29,12.820513,298.36435,0.3772586,930.01495
0.03,0.29,13.333333,298.53918,0.38858038,909.8262
0.03,0.29,13.846154,298.7018,0.39965597,890.0173
0.03,0.29,14.358974,298.8525,0.4104901,870.5849
0.03,0.29,14.871795,298.99142,0.4210872,851.5247
0.03,0.29,15.384615,299.11865,0.4314521,832.83246
0.03,0.29,15.897436,299.2346,0.4415893,814.5042
0.03,0.29,16.410257,299.33914,0.45150295,796.5355
0.03,0.29,16.923077,299.43262,0.46119776,778.9218
0.03,0.29,17.435898,299.5152,0.4706778,761.6586
0.03,0.29,17.948717,299.587,0.4799477,744.7412
0.03,0.29,18.461538,299.6483,0.4890114,728.1648
0.03,0.29,18.97436,299.69913,0.49787313,711.9246
0.03,0.29,19.487179,299.73972,0.506537,696.0158
0.03,0.29,20.0,299.7702,0.5150071,680.4335
0.03,0.31,0.0,289.15094,0.0,1563.0778
0.03,0.31,0.51282054,289.68958,0.019052714,1533.0399
0.03,0.31,1.0256411,290.21164,0.037737846,1503.3694
0.03,0.31,1.5384616,290.71725,0.056060195,1474.0719
0.03,0.31,2.0512822,291.20648,0.074024245,1445.1543
0.03,0.31,2.5641026,291.67966,0.091634795,1416.6211
0.03,0.31,3.0769231,292.13696,0.10889654,1388.477
0.03,0.31,3.5897436,292.57846,0.12581427,1360.7258
0.03,0.31,4.1025643,293.0045,0.14239296,1333.3707
0.03,0.31,4.6153846,293.41516,0.15863743,1306.4149
0.03,0.31,5.1282053,293.81067,0.1745525,1279.8607
0.03,0.31,5.6410255,294.19122,0.19014329,1253.7095
0.03,0.31,6.1538463,294.55695,0.20541473,1227.9629
0.03,0.31,6.6666665,294.9081,0.22037178,1202.6213
0.03,0.31,7.179487,295.24493,0.23501936,1177.6855
0.03,0.31,7.6923075,295.56747,0.24936262,1153.1555
0.03,0.31,8.205129,295.876,0.2634064,1129.0302
0.03,0.31,8.717949,296.17065,0.27715576,1105.3096
0.03,0.31,9.230769,296.45172,0.29061568,1081.9921
0.03,0.31,9.743589,296.71927,0.30379102,1059.0759
0.03,0.31,10.256411,296.9735,0.31668684,1036.5598
0.03,0.31,10.769231,297.2147,0.329308,1014.4411
0.03,0.31,11.282051,297.4429,0.34165934,992.7176
0.03,0.31,11.794871,297.6584,0.35374573,971.38654
0.03,0.31,12.307693,297.86133,0.36557198,950.4451
0.03,0.31,12.820513,298.05182,0.37714288,929.8898
0.03,0.31,13.333333,298.23016,0.3884632,909.71747
0.03,0.31,13.846154,298.39645,0.39953747,889.92456
0.03,0.31,14.358974,298.55087,0.41037056,870.507
0.03,0.31,14.871795,298.6936,0.4209669,851.46124
0.03,0.31,15.384615,298.82486,0.4313311,832.7829
0.03,0.31,15.897436,298.9447,0.44146767,814.4677
0.03,0.31,16.410257,299.05347,0.45138103,796.5115
0.03,0.31,16.923077,299.15118,0.4610755,778.90985
0.03,0.31,17.435898,299.23807,0.4705556,761.6579
0.03,0.31,17.948717,299.31427,0.47982538,744.7513
0.03,0.31,18.461538,299.3799,0.4888894,728.1849
0.03,0.31,18.97436,299.43527,0.4977514,711.95435
0.03,0.31,19.487179,299.48044,0.50641567,696.0546
0.03,0.31,20.0,299.51566,0.5148864,680.48065
0.03,0.33,0.0,288.7442,0.0,1562.3309
0.03,0.33,0.51282054,289.28165,0.019043587,1532.3121
0.03,0.33,1.0256411,289.8028,0.03772001,1502.6621
0.03,0.33,1.5384616,290.30768,0.056033753,1473.3877
0.03,0.33,2.0512822,290.7966,0.07398951,1444.4938
0.03,0.33,2.5641026,291.26968,0.09159203,1415.9851
0.03,0.33,3.0769231,291.72717,0.108846106,1387.8663
0.03,0.33,3.5897436,292.1691,0.12575653,1360.1414
0.03,0.33,4.1025643,292.59573,0.14232817,1332.8131
0.03,0.33,4.6153846,293.00726,0.15856588,1305.8844
0.03,0.33,5.1282053,293.4039,0.17447464,1279.357
0.03,0.33,5.6410255,293.78577,0.19005948,1253.233
0.03,0.33,6.1538463,294.1531,0.20532513,1227.5132
0.03,0.33,6.6666665,294.50598,0.22027676,1202.1986
0.03,0.33,7.179487,294.8447,0.23491937,1177.2891
0.03,0.33,7.6923075,295.16937,0.24925789,1152.7854
0.03,0.33,8.205129,295.48026,0.26329738,1128.6859
0.03,0.33,8.717949,295.7774,0.2770426,1104.9901
0.03,0.33,9.230769,296.0611,0.2904987,1081.6973
0.03,0.33,9.743589,296.3315,0.3036706,1058.8053
0.03,0.33,10.256411,296.58875,0.31656328,1036.3125
0.03,0.33,10.769231,296.8331,0.32918143,1014.2163
0.03,0.33,11.282051,297.06454,0.34153014,992.515
0.03,0.33,11.794871,297.28345,0.35361415,971.20514
0.03,0.33,12.307693,297.4899,0.36543837,950.28406
0.03,0.33,12.820513,297.68414,0.3770074,929.7484
0.03,0.33,13.333333,297.86627,0.38832602,909.59503
0.03,0.33,13.846154,298.0365,0.39939904,889.8201
0.03,0.33,14.358974,298.19495,0.41023082,870.42017
0.03,0.33,14.871795,298.34183,0.42082626,851.39087
0.03,0.33,15.384615,298.4773,0.43118966,832.7285
0.03,0.33,15.897436,298.60156,0.44132572,814.4284
0.03,0.33,16.410257,298.71472,0.45123863,796.4866
0.03,0.33,16.923077,298.81693,0.4609329,778.89856
0.03,0.33,17.435898,298.9084,0.47041297,761.65967
0.03,0.33,17.948717,298.98938,0.47968292,744.7652
0.03,0.33,18.461538,299.05978,0.488747,728.2106
0.03,0.33,18.97436,299.12,0.49760944,711.99097
0.03,0.33,19.487179,299.17007,0.50627434,696.1015
0.03,0.33,20.0,299.21024,0.5147456,680.5373
0.03,0.35,0.0,288.27884,0.0,1561.4596
0.03,0.35,0.51282054,288.81525,0.019033052,1531.4658
0.03,0.35,1.0256411,289.33554,0.037699148,1501.8429
0.03,0.35,1.5384616,289.83994,0.056003034,1472.5964
0.03,0.35,2.0512822,290.3286,0.07394925,1443.7319
0.03,0.35,2.5641026,290.80173,0.09154259,1415.2533
0.03,0.35,3.0769231,291.2594,0.10878785,1387.1656
0.03,0.35,3.5897436,291.70193,0.12568977,1359.4718
0.03,0.35,4.1025643,292.1294,0.1422534,1332.1752
0.03,0.35,4.6153846,292.542,0.15848342,1305.278
0.03,0.35,5.1282053,292.93988,0.17438498,1278.7828
0.03,0.35,5.6410255,293.3232,0.18996283,1252.6902
0.03,0.35,6.1538463,293.69226,0.20522207,1227.0021
0.03,0.35,6.6666665,294.04712,0.22016765,1201.7184
0.03,0.35,7.179487,294.38794,0.23480448,1176.84
0.03,0.35,7.6923075,294.71497,0.24913761,1152.3661
0.03,0.35,8.205129,295.02835,0.26317212,1128.2963
0.03,0.35,8.717949,295.3282,0.27691275,1104.6295
0.03,0.35,9.230769,295.61478,0.29036462,1081.3647
0.03,0.35,9.743589,295.88824,0.3035326,1058.5002
0.03,0.35,10.256411,296.14868,0.31642163,1036.0339
0.03,0.35,10.769231,296.39636,0.32903665,1013.96375
0.03,0.35,11.282051,296.63138,0.3413824,992.2874
0.03,0.35,11.794871,296.85394,0.35346374,971.00146
0.03,0.35,12.307693,297.06424,0.36528555,950.10376
0.03,0.35,12.820513,297.26236,0.37685248,929.59045
0.03,0.35,13.333333,297.44858,0.3881693,909.4587
0.03,0.35,13.846154,297.62302,0.39924067,889.70416
0.03,0.35,14.358974,297.7858,0.41007125,870.324
0.03,0.35,14.871795,297.93707,0.42066556,851.3134
0.03,0.35,15.384615,298.07706,0.43102816,832.6689
0.03,0.35,15.897436,298.20593,0.44116357,814.3859
0.03,0.35,16.410257,298.32385,0.45107603,796.46045
0.03,0.35,16.923077,298.43088,0.4607702,778.8878
0.03,0.35,17.435898,298.52734,0.47025013,761.6634
0.03,0.35,17.948717,298.61322,0.4795202,744.7828
0.03,0.35,18.461538,298.6887,0.48858458,728.2412
0.03,0.35,18.97436,298.75412,0.49744755,712.0338
0.03,0.35,19.487179,298.80942,0.50611293,696.156
0.03,0.35,20.0,298.8548,0.51458496,680.6026
0.03,0.37,0.0,287.7564,0.0,1560.4664
0.03,0.37,0.51282054,288.29178,0.019021004,1530.5035
0.03,0.37,1.0256411,288.81137,0.037675418,1500.9133
0.03,0.37,1.5384616,289.31537,0.05596809,1471.7004
0.03,0.37,2.0512822,289.80392,0.07390351,1442.8707
0.03,0.37,2.5641026,290.27716,0.09148647,1414.4276
0.03,0.37,3.0769231,290.7353,0.10872177,1386.3756
0.03,0.37,3.5897436,291.17847,0.12561432,1358.7185
0.03,0.37,4.1025643,291.60684,0.14216879,1331.4583
0.03,0.37,4.6153846,292.0206,0.15839022,1304.5978
0.03,0.37,5.1282053,292.41995,0.1742836,1278.1388
0.03,0.37,5.6410255,292.80496,0.18985383,1252.0823
0.03,0.37,6.1538463,293.1759,0.20510572,1226.4298
0.03,0.37,6.6666665,293.5328,0.22004452,1201.1814
0.03,0.37,7.179487,293.87598,0.23467499,1176.3378
0.03,0.37,7.6923075,294.20547,0.24900213,1151.8981
0.03,0.37,8.205129,294.5215,0.26303104,1127.8615
0.03,0.37,8.717949,294.82437,0.27676654,1104.2273
0.03,0.37,9.230769,295.11398,0.29021364,1080.9945
0.03,0.37,9.743589,295.3907,0.30337727,1058.1606
0.03,0.37,10.256411,295.65454,0.31626236,1035.7241
0.03,0.37,10.769231,295.90582,0.32887366,1013.6829
0.03,0.37,11.282051,296.1446,0.3412161,992.0343
0.03,0.37,11.794871,296.37106,0.35329455,970.7757
0.03,0.37,12.307693,296.5854,0.3651137,949.90375
0.03,0.37,12.820513,296.7877,0.3766784,929.4155
0.03,0.37,13.333333,296.97824,0.38799322,909.30756
0.03,0.37,13.846154,297.1571,0.39906293,889.5761
0.03,0.37,14.358974,297.32443,0.409892,870.21765
0.03,0.37,14.871795,297.4804,0.42048514,851.22833
0.03,0.37,15.384615,297.6252,0.43084687,832.60376
0.03,0.37,15.897436,297.759,0.4409815,814.33984
0.03,0.37,16.410257,297.8819,0.45089358,796.4324
0.03,0.37,16.923077,297.99408,0.46058744,778.8768
0.03,0.37,17.435898,298.09564,0.4700673,761.6687
0.03,0.37,17.948717,298.18683,0.47933757,744.80347
0.03,0.37,18.461538,298.26773,0.48840237,728.2764
0.03,0.37,18.97436,298.33853,0.49726576,712.08264
0.03,0.37,19.487179,298.39935,0.50593185,696.2177
0.03,0.37,20.0,298.45032,0.5144047,680.67645
0.03,0.39,0.0,287.17856,0.0,1559.3546
0.03,0.39,0.51282054,287.713,0.019007497,1529.4287
0.03,0.39,1.0256411,288.23193,0.037649028,1499.8759
0.03,0.39,1.5384616,288.7356,0.05592913,1470.7019
0.03,0.39,2.0512822,289.22406,0.0738525,1441.912
0.03,0.39,2.5641026,289.69754,0.091423884,1413.5098
0.03,0.39,3.0769231,290.1562,0.10864818,1385.4985
0.03,0.39,3.5897436,290.60013,0.1255301,1357.8827
0.03,0.39,4.1025643,291.0296,0.14207461,1330.6637
0.03,0.39,4.6153846,291.44464,0.15828654,1303.8442
0.03,0.39,5.1282053,291.84555,0.17417079,1277.4258
0.03,0.39,5.6410255,292.23233,0.18973252,1251.41
0.03,0.39,6.1538463,292.60526,0.20497647,1225.7977
0.03,0.39,6.6666665,292.96442,0.21990767,1200.5886
0.03,0.39,7.179487,293.31006,0.23453104,1175.7834
0.03,0.39,7.6923075,293.64224,0.24885166,1151.3815
0.03,0.39,8.205129,293.96118,0.26287442,1127.382
0.03,0.39,8.717949,294.26703,0.2766043,1103.784
0.03,0.39,9.230769,294.5599,0.29004616,1080.586
0.03,0.39,9.743589,294.8401,0.30320495,1057.7866
0.03,0.39,10.256411,295.10754,0.3160856,1035.3832
0.03,0.39,10.769231,295.36258,0.3286929,1013.3741
0.03,0.39,11.282051,295.60532,0.34103173,991.7563
0.03,0.39,11.794871,295.83594,0.35310695,970.52734
0.03,0.39,12.307693,296.05447,0.36492324,949.684
0.03,0.39,12.820513,296.26126,0.37648538,929.22327
0.03,0.39,13.333333,296.4563,0.387798,909.14166
0.03,0.39,13.846154,296.6398,0.39886588,889.4356
0.03,0.39,14.358974,296.81192,0.40969333,870.10156
0.03,0.39,14.871795,296.9729,0.4202852,851.1352
0.03,0.39,15.384615,297.1227,0.43064585,832.5324
0.03,0.39,15.897436,297.26166,0.44077975,814.28955
0.03,0.39,16.410257,297.38983,0.45069134,796.4019
0.03,0.39,16.923077,297.50732,0.460385,778.8653
0.03,0.39,17.435898,297.61444,0.46986488,761.6751
0.03,0.39,17.948717,297.71112,0.47913527,744.8267
0.03,0.39,18.461538,297.7977,0.48820043,728.31555
0.03,0.39,18.97436,297.87418,0.4970644,712.13696
0.03,0.39,19.487179,297.9409,0.5057313,696.286
0.03,0.39,20.0,297.99777,0.5142051,680.75806
0.05,0.01,0.0,287.70212,0.0,1558.5228
0.05,0.01,0.51282054,288.27563,0.018999726,1528.9797
0.05,0.01,1.0256411,288.82938,0.03763771,1499.7614
0.05,0.01,1.5384616,289.3636,0.055918284,1470.8768
0.05,0.01,2.0512822,289.8787,0.07384536,1442.3352
0.05,0.01,2.5641026,290.3748,0.09142326,1414.1443
0.05,0.01,3.0769231,290.85223,0.108656526,1386.3108
0.05,0.01,3.5897436,291.31134,0.12554944,1358.8418
0.05,0.01,4.1025643,291.75235,0.14210641,1331.7424
0.05,0.01,4.6153846,292.17554,0.15833229,1305.0178
0.05,0.01,5.1282053,292.58115,0.1742315,1278.672
0.05,0.01,5.6410255,292.96957,0.18980888,1252.7089
0.05,0.01,6.1538463,293.34094,0.205069,1227.1313
0.05,0.01,6.6666665,293.69565,0.22001678,1201.9419
0.05,0.01,7.179487,294.0338,0.23465689,1177.1421
0.05,0.01,7.6923075,294.35583,0.24899414,1152.7336
0.05,0.01,8.205129,294.66196,0.2630335,1128.7166
0.05,0.01,8.717949,294.95233,0.2767796,1105.0923
0.05,0.01,9.230769,295.22733,0.29023737,1081.8601
0.05,0.01,9.743589,295.48712,0.30341154,1059.0197
0.05,0.01,10.256411,295.73203,0.3163071,1036.5696
0.05,0.01,10.769231,295.9623,0.3289288,1014.5087
0.05,0.01,11.282051,296.17816,0.34128118,992.8357
0.05,0.01,11.794871,296.3798,0.35336936,971.5484
0.05,0.01,12.307693,296.56757,0.36519784,950.6443
0.05,0.01,12.820513,296.74158,0.3767714,930.12085
0.05,0.01,13.333333,296.9022,0.38809472,909.97546
0.05,0.01,13.846154,297.04947,0.39917234,890.2048
0.05,0.01,14.358974,297.18384,0.41000897,870.8055
0.05,0.01,14.871795,297.30545,0.42060906,851.77405
0.05,0.01,15.384615,297.4145,0.43097714,833.1069
0.05,0.01,15.897436,297.51114,0.4411177,814.7999
0.05,0.01,16.410257,297.59576,0.45103523,796.8491
0.05,0.01,16.923077,297.66846,0.46073395,779.25055
0.05,0.01,17.435898,297.7295,0.47021824,761.9995
0.05,0.01,17.948717,297.77908,0.47949225,745.09186
0.05,0.01,18.461538,297.81738,0.48856035,728.5228
0.05,0.01,18.97436,297.84464,0.49742657,712.2881
0.05,0.01,19.487179,297.86105,0.50609493,696.3829
0.05,0.01,20.0,297.86688,0.5145695,680.8023
0.05,0.03,0.0,288.36398,0.0,1559.9465
0.05,0.03,0.51282054,288.93314,0.019016623,1530.3109
0.05,0.03,1.0256411,289.4827,0.037670515,1501.004
0.05,0.03,1.5384616,290.01285,0.055965796,1472.0353
0.05,0.03,2.0512822,290.52393,0.07390669,1443.4137
0.05,0.03,2.5641026,291.01624,0.09149742,1415.1462
0.05,0.03,3.0769231,291.48996,0.10874253,1387.2404
0.05,0.03,3.5897436,291.9455,0.12564638,1359.7024
0.05,0.03,4.1025643,292.383,0.1422137,1332.5375
0.05,0.03,4.6153846,292.8028,0.15844885,1305.7509
0.05,0.03,5.1282053,293.2052,0.17435682,1279.3462
0.05,0.03,5.6410255,293.5904,0.18994208,1253.3271
0.05,0.03,6.1538463,293.9587,0.20520945,1227.697
0.05,0.03,6.6666665,294.31042,0.22016394,1202.457
0.05,0.03,7.179487,294.64575,0.23481005,1177.6101
0.05,0.03,7.6923075,294.96497,0.2491528,1153.1567
0.05,0.03,8.205129,295.26834,0.2631971,1129.0975
0.05,0.03,8.717949,295.55615,0.27694762,1105.4333
0.05,0.03,9.230769,295.8286,0.29040933,1082.1633
0.05,0.03,9.743589,296.08597,0.30358708,1059.2874
0.05,0.03,10.256411,296.32852,0.31648567,1036.8038
0.05,0.03,10.769231,296.55646,0.3291101,1014.7117
0.05,0.03,11.282051,296.77008,0.34146482,993.00903
0.05,0.03,11.794871,296.9695,0.3535549,971.694
0.05,0.03,12.307693,297.15518,0.365385,950.7638
0.05,0.03,12.820513,297.32718,0.37695992,930.21594
0.05,0.03,13.333333,297.4858,0.3882843,910.04755
0.05,0.03,13.846154,297.63123,0.39936265,890.25555
0.05,0.03,14.358974,297.7637,0.4101997,870.8363
0.05,0.03,14.871795,297.88348,0.42080015,851.7864
0.05,0.03,15.384615,297.99075,0.4311683,833.1019
0.05,0.03,15.897436,298.0858,0.4413087,814.77856
0.05,0.03,16.410257,298.16867,0.45122582,796.8129
0.05,0.03,16.923077,298.23978,0.46092406,779.20044
0.05,0.03,17.435898,298.29926,0.47040766,761.9365
0.05,0.03,17.948717,298.34726,0.4796808,745.0171
0.05,0.03,18.461538,298.3841,0.4887479,728.4372
0.05,0.03,18.97436,298.40994,0.4976129,712.19257
0.05,0.03,19.487179,298.42496,0.5062801,696.278
0.05,0.03,20.0,298.42935,0.5147534,680.689
0.05,0.05,0.0,288.94196,0.0,1561.2054
0.05,0.05,0.51282054,289.50705,0.019031592,1531.4856
0.05,0.05,1.0256411,290.05267,0.03769946,1502.0986
0.05,0.05,1.5384616,290.5791,0.056007728,1473.0538
0.05,0.05,2.0512822,291.08658,0.07396072,1444.3597
0.05,0.05,2.5641026,291.57535,0.091562666,1416.0242
0.05,0.05,3.0769231,292.04572,0.1088181,1388.0536
0.05,0.05,3.5897436,292.49802,0.12573166,1360.454
0.05,0.05,4.1025643,292.9324,0.14230785,1333.2308
0.05,0.05,4.6153846,293.3492,0.15855122,1306.3888
0.05,0.05,5.1282053,293.74875,0.17446661,1279.932
0.05,0.05,5.6410255,294.13123,0.19005886,1253.8635
0.05,0.05,6.1538463,294.49686,0.20533258,1228.1863
0.05,0.05,6.6666665,294.84598,0.22029272,1202.9027
0.05,0.05,7.179487,295.1789,0.23494415,1178.0135
0.05,0.05,7.6923075,295.49576,0.24929157,1153.521
0.05,0.05,8.205129,295.79688,0.26334012,1129.4247
0.05,0.05,8.717949,296.0825,0.27709454,1105.7256
0.05,0.05,9.230769,296.35287,0.29055953,1082.4225
0.05,0.05,9.743589,296.60825,0.30374032,1059.5154
0.05,0.05,10.256411,296.84888,0.31664157,1037.0029
0.05,0.05,10.769231,297.07498,0.32926816,1014.88336
0.05,0.05,11.282051,297.28683,0.34162492,993.155
0.05,0.05,11.794871,297.48462,0.35371667,971.81586
0.05,0.05,12.307693,297.66864,0.36554813,950.8631
0.05,0.05,12.820513,297.83908,0.3771241,930.2942
0.05,0.05,13.333333,297.9962,0.38844925,910.106
0.05,0.05,13.846154,298.1402,0.3995283,890.2954
0.05,0.05,14.358974,298.2713,0.41036582,870.8591
0.05,0.05,14.871795,298.3897,0.42096633,851.7931
0.05,0.05,15.384615,298.49576,0.43133444,833.0938
0.05,0.05,15.897436,298.58957,0.4414747,814.7569
0.05,0.05,16.410257,298.67133,0.45139155,796.7784
0.05,0.05,16.923077,298.7413,0.4610892,779.154
0.05,0.05,17.435898,298.79974,0.47057214,761.8793
0.05,0.05,17.948717,298.84677,0.4798445,744.9498
0.05,0.05,18.461538,298.88263,0.48891076,728.3607
0.05,0.05,18.97436,298.90753,0.49777487,712.10736
0.05,0.05,19.487179,298.92157,0.5064409,696.1852
0.05,0.05,20.0,298.92517,0.514913,680.5892
0.05,0.07,0.0,289.4378,0.0,1562.3015
0.05,0.07,0.51282054,289.99924,0.01904463,1532.506
0.05,0.07,1.0256411,290.54123,0.0377246,1503.0472
0.05,0.07,1.5384616,291.06424,0.056044184,1473.9349
0.05,0.07,2.0512822,291.56836,0.0740075,1445.1768
0.05,0.07,2.5641026,292.05402,0.09161915,1416.7804
0.05,0.07,3.0769231,292.5214,0.108883604,1388.7522
0.05,0.07,3.5897436,292.97076,0.12580541,1361.0981
0.05,0.07,4.1025643,293.4024,0.14238915,1333.8239
0.05,0.07,4.6153846,293.81665,0.15863952,1306.9332
0.05,0.07,5.1282053,294.21368,0.17456138,1280.4308
0.05,0.07,5.6410255,294.59375,0.19015945,1254.3192
0.05,0.07,6.1538463,294.95718,0.20543855,1228.6016
0.05,0.07,6.6666665,295.30417,0.2204036,1203.2789
0.05,0.07,7.179487,295.635,0.23505935,1178.3541
0.05,0.07,7.6923075,295.94995,0.24941085,1153.8275
0.05,0.07,8.205129,296.24924,0.26346293,1129.6992
0.05,0.07,8.717949,296.53314,0.27722043,1105.9696
0.05,0.07,9.230769,296.80185,0.2906884,1082.6384
0.05,0.07,9.743589,297.05566,0.30387163,1059.7048
0.05,0.07,10.256411,297.2948,0.31677508,1037.1672
0.05,0.07,10.769231,297.51953,0.32940355,1015.0244
0.05,0.07,11.282051,297.73004,0.3417619,993.2743
0.05,0.07,11.794871,297.92667,0.353855,971.91437
0.05,0.07,12.307693,298.1095,0.3656875,950.9429
0.05,0.07,12.820513,298.27887,0.3772644,930.3558
0.05,0.07,13.333333,298.4349,0.38859013,910.1511
0.05,0.07,13.846154,298.578,0.39966968,890.3249
0.05,0.07,14.358974,298.70825,0.41050744,870.87427
0.05,0.07,14.871795,298.8259,0.42110807,851.7948
0.05,0.07,15.384615,298.9311,0.4314762,833.08307
0.05,0.07,15.897436,299.0242,0.4416162,814.73456
0.05,0.07,16.410257,299.1053,0.45153272,796.7455
0.05,0.07,16.923077,299.17468,0.4612299,779.1112
0.05,0.07,17.435898,299.23248,0.47071224,761.82745
0.05,0.07,17.948717,299.27902,0.479984,744.8895
0.05,0.07,18.461538,299.3144,0.48904938,728.2929
0.05,0.07,18.97436,299.3388,0.49791256,712.03265
0.05,0.07,19.487179,299.35254,0.5065776,696.1041
0.05,0.07,20.0,299.3557,0.5150488,680.5022
0.05,0.09,0.0,289.85352,0.0,1563.2377
0.05,0.09,0.51282054,290.41144,0.019055739,1533.3746
0.05,0.09,1.0256411,290.95013,0.037745982,1503.8529
0.05,0.09,1.5384616,291.46997,0.05607506,1474.6804
0.05,0.09,2.0512822,291.97116,0.0740473,1445.866
0.05,0.09,2.5641026,292.454,0.09166713,1417.4164
0.05,0.09,3.0769231,292.91867,0.1089391,1389.3383
0.05,0.09,3.5897436,293.36554,0.12586778,1361.6371
0.05,0.09,4.1025643,293.79483,0.14245789,1334.3186
0.05,0.09,4.6153846,294.20682,0.15871406,1307.386
0.05,0.09,5.1282053,294.6017,0.17464128,1280.8445
0.05,0.09,5.6410255,294.97977,0.1902442,1254.6957
0.05,0.09,6.1538463,295.34134,0.2055277,1228.9432
0.05,0.09,6.6666665,295.68658,0.22049674,1203.5883
0.05,0.09,7.179487,296.01578,0.2351561,1178.6326
0.05,0.09,7.6923075,296.32922,0.24951088,1154.0771
0.05,0.09,8.205129,296.6271,0.26356584,1129.922
0.05,0.09,8.717949,296.9096,0.277326,1106.167
0.05,0.09,9.230769,297.17712,0.29079616,1082.8121
0.05,0.09,9.743589,297.42984,0.30398142,1059.8562
0.05,0.09,10.256411,297.66797,0.31688657,1037.298
0.05,0.09,10.769231,297.89175,0.3295166,1015.1355
0.05,0.09,11.282051,298.10144,0.34187615,993.3672
0.05,0.09,11.794871,298.29727,0.35397026,971.9906
0.05,0.09,12.307693,298.47943,0.36580366,951.0031
0.05,0.09,12.820513,298.64813,0.37738118,930.4016
0.05,0.09,13.333333,298.80365,0.38870746,910.1831
0.05,0.09,13.846154,298.94623,0.39978725,890.3444
0.05,0.09,14.358974,299.07605,0.41062516,870.8818
0.05,0.09,14.871795,299.1933,0.42122585,851.79156
0.05,0.09,15.384615,299.29825,0.43159387,833.0695
0.05,0.09,15.897436,299.39108,0.44173372,814.71185
0.05,0.09,16.410257,299.47205,0.4516498,796.7142
0.05,0.09,16.923077,299.5413,0.4613465,779.07214
0.05,0.09,17.435898,299.59903,0.4708284,761.7811
0.05,0.09,17.948717,299.64548,0.48009956,744.83655
0.05,0.09,18.461538,299.68088,0.48916417,728.2338
0.05,0.09,18.97436,299.70535,0.49802667,711.9681
0.05,0.09,19.487179,299.71915,0.5066909,696.0346
0.05,0.09,20.0,299.72244,0.51516116,680.4283
0.05,0.11,0.0,290.19086,0.0,1564.0162
0.05,0.11,0.51282054,290.74554,0.019064918,1534.0946
0.05,0.11,1.0256411,291.28122,0.037763715,1504.5173
0.05,0.11,1.5384616,291.79825,0.056100667,1475.2935
0.05,0.11,2.0512822,292.29672,0.0740801,1446.4303
0.05,0.11,2.5641026,292.77707,0.09170661,1417.9348
0.05,0.11,3.0769231,293.2394,0.10898463,1389.8141
0.05,0.11,3.5897436,293.68408,0.12591895,1362.0728
0.05,0.11,4.1025643,294.11136,0.14251421,1334.7163
0.05,0.11,4.6153846,294.5214,0.15877512,1307.7489
0.05,0.11,5.1282053,294.91452,0.17470652,1281.174
0.05,0.11,5.6410255,295.29102,0.19031331,1254.9943
0.05,0.11,6.1538463,295.6511,0.20560035,1229.2128
0.05,0.11,6.6666665,295.99493,0.22057253,1203.8308
0.05,0.11,7.179487,296.3229,0.2352348,1178.8499
0.05,0.11,7.6923075,296.63522,0.24959198,1154.2706
0.05,0.11,8.205129,296.93207,0.26364928,1130.0934
0.05,0.11,8.717949,297.2137,0.27741137,1106.3181
0.05,0.11,9.230769,297.4805,0.29088336,1082.9438
0.05,0.11,9.743589,297.73248,0.30407003,1059.9701
0.05,0.11,10.256411,297.96997,0.3169765,1037.395
0.05,0.11,10.769231,298.19327,0.32960764,1015.2172
0.05,0.11,11.282051,298.4025,0.3419681,993.43445
0.05,0.11,11.794871,298.59796,0.35406294,972.0446
0.05,0.11,12.307693,298.77982,0.36589694,951.0444
0.05,0.11,12.820513,298.94843,0.3774749,930.4313
0.05,0.11,13.333333,299.10385,0.38880146,910.2024
0.05,0.11,13.846154,299.2464,0.39988142,890.3538
0.05,0.11,14.358974,299.37625,0.4107194,870.882
0.05,0.11,14.871795,299.49356,0.42132008,851.7833
0.05,0.11,15.384615,299.59872,0.4316879,833.0535
0.05,0.11,15.897436,299.69174,0.44182748,814.6888
0.05,0.11,16.410257,299.77298,0.45174327,796.6846
0.05,0.11,16.923077,299.84256,0.4614396,779.0365
0.05,0.11,17.435898,299.9007,0.47092095,761.74005
0.05,0.11,17.948717,299.9476,0.48019153,744.7907
0.05,0.11,18.461538,299.98346,0.48925567,728.18335
0.05,0.11,18.97436,300.00845,0.4981175,711.91364
0.05,0.11,19.487179,300.0228,0.50678104,695.9764
0.05,0.11,20.0,300.02667,0.51525056,680.3668
0.05,0.13,0.0,290.45157,0.0,1564.6404
0.05,0.13,0.51282054,291.00333,0.019072376,1534.668
0.05,0.13,1.0256411,291.5363,0.0377779,1505.0438
0.05,0.13,1.5384616,292.0507,0.056121007,1475.7754
0.05,0.13,2.0512822,292.5469,0.07410613,1446.8711
0.05,0.13,2.5641026,293.02496,0.0917378,1418.3376
0.05,0.13,3.0769231,293.4853,0.10902061,1390.181
0.05,0.13,3.5897436,293.9281,0.12595922,1362.4065
0.05,0.13,4.1025643,294.35367,0.1425584,1335.019
0.05,0.13,4.6153846,294.76215,0.15882283,1308.0228
0.05,0.13,5.1282053,295.15393,0.17475742,1281.4213
0.05,0.13,5.6410255,295.5291,0.19036719,1255.2166
0.05,0.13,6.1538463,295.8881,0.20565677,1229.4119
0.05,0.13,6.6666665,296.23096,0.2206312,1204.0083
0.05,0.13,7.179487,296.55804,0.2352955,1179.0074
0.05,0.13,7.6923075,296.8696,0.24965456,1154.4097
0.05,0.13,8.205129,297.16583,0.26371348,1130.2151
0.05,0.13,8.717949,297.44702,0.27747694,1106.4238
0.05,0.13,9.230769,297.71332,0.29095012,1083.0348
0.05,0.13,9.743589,297.96503,0.3041379,1060.0474
0.05,0.13,10.256411,298.20233,0.31704524,1037.4597
0.05,0.13,10.769231,298.4255,0.329677,1015.2701
0.05,0.13,11.282051,298.63477,0.34203815,993.47644
0.05,0.13,11.794871,298.83032,0.3541334,972.07654
0.05,0.13,12.307693,299.0124,0.36596778,951.0672
0.05,0.13,12.820513,299.1812,0.37754592,930.4457
0.05,0.13,13.333333,299.33694,0.38887265,910.20886
0.05,0.13,13.846154,299.47992,0.39995262,890.3531
0.05,0.13,14.358974,299.61023,0.41079056,870.87476
0.05,0.13,14.871795,299.72815,0.421391,851.77026
0.05,0.13,15.384615,299.83386,0.43175876,833.03503
0.05,0.13,15.897436,299.92758,0.441898,814.6653
0.05,0.13,16.410257,300.00952,0.45181346,796.6565
0.05,0.13,16.923077,300.07986,0.46150944,779.0044
0.05,0.13,17.435898,300.13885,0.47099042,761.7043
0.05,0.13,17.948717,300.18665,0.4802606,744.7515
0.05,0.13,18.461538,300.22345,0.48932415,728.1413
0.05,0.13,18.97436,300.24942,0.49818543,711.86896
0.05,0.13,19.487179,300.2648,0.50684845,695.9294
0.05,0.13,20.0,300.26978,0.5153173,680.31775
0.05,0.15,0.0,290.63748,0.0,1565.1124
0.05,0.15,0.51282054,291.18658,0.019077852,1535.0978
0.05,0.15,1.0256411,291.71704,0.037788488,1505.4337
0.05,0.15,1.5384616,292.2292,0.056136183,1476.1292
0.05,0.15,2.0512822,292.72324,0.074125424,1447.1914
0.05,0.15,2.5641026,293.19943,0.09176085,1418.6266
0.05,0.15,3.0769231,293.65808,0.109047,1390.4414
0.05,0.15,3.5897436,294.09937,0.12598872,1362.6403
0.05,0.15,4.1025643,294.52347,0.14259057,1335.2283
0.05,0.15,4.6153846,294.93076,0.15885746,1308.2095
0.05,0.15,5.1282053,295.3214,0.17479424,1281.5869
0.05,0.15,5.6410255,295.6957,0.19040588,1255.3634
0.05,0.15,6.1538463,296.05392,0.20569715,1229.5413
0.05,0.15,6.6666665,296.39615,0.22067317,1204.1217
0.05,0.15,7.179487,296.72275,0.23533875,1179.106
0.05,0.15,7.6923075,297.03397,0.2496989,1154.4945
0.05,0.15,8.205129,297.33,0.2637587,1130.2875
0.05,0.15,8.717949,297.61096,0.27752304,1106.4849
0.05,0.15,9.230769,297.8773,0.29099688,1083.0852
0.05,0.15,9.743589,298.1291,0.30418524,1060.088
0.05,0.15,10.256411,298.36664,0.317093,1037.4918
0.05,0.15,10.769231,298.5901,0.3297252,1015.2941
0.05,0.15,11.282051,298.7997,0.34208655,993.4933
0.05,0.15,11.794871,298.99582,0.3541819,972.08685
0.05,0.15,12.307693,299.17847,0.36601645,951.0715
0.05,0.15,12.820513,299.34796,0.3775946,930.4445
0.05,0.15,13.333333,299.50446,0.3889212,910.20276
0.05,0.15,13.846154,299.64822,0.40000117,890.34247
0.05,0.15,14.358974,299.77942,0.41083896,870.8603
0.05,0.15,14.871795,299.89838,0.42143926,851.75214
0.05,0.15,15.384615,300.0051,0.4318067,833.0136
0.05,0.15,15.897436,300.0999,0.44194573,814.6411
0.05,0.15,16.410257,300.18304,0.45186085,796.6299
0.05,0.15,16.923077,300.25464,0.4615565,778.97565
0.05,0.15,17.435898,300.3149,0.47103703,761.6735
0.05,0.15,17.948717,300.36407,0.48030686,744.71906
0.05,0.15,18.461538,300.40216,0.48937005,728.10736
0.05,0.15,18.97436,300.42963,0.49823081,711.83386
0.05,0.15,19.487179,300.44647,0.50689346,695.89343
0.05,0.15,20.0,300.45294,0.51536185,680.28094
0.05,0.17,0.0,290.7504,0.0,1565.4355
0.05,0.17,0.51282054,291.297,0.019081607,1535.3862
0.05,0.17,1.0256411,291.8253,0.03779553,1505.6903
0.05,0.17,1.5384616,292.3354,0.05614625,1476.3567
0.05,0.17,2.0512822,292.82755,0.07413815,1447.3925
0.05,0.17,2.5641026,293.30215,0.09177587,1418.8037
0.05,0.17,3.0769231,293.75934,0.10906406,1390.5964
0.05,0.17,3.5897436,294.19934,0.12600762,1362.7755
0.05,0.17,4.1025643,294.62244,0.14261097,1335.3458
0.05,0.17,4.6153846,295.02878,0.15887922,1308.3105
0.05,0.17,5.1282053,295.41873,0.17481719,1281.6732
0.05,0.17,5.6410255,295.79245,0.19042972,1255.4365
0.05,0.17,6.1538463,296.15015,0.20572186,1229.6022
0.05,0.17,6.6666665,296.49213,0.22069854,1204.1714
0.05,0.17,7.179487,296.8186,0.23536472,1179.146
0.05,0.17,7.6923075,297.12976,0.24972528,1154.526
0.05,0.17,8.205129,297.42587,0.2637855,1130.3112
0.05,0.17,8.717949,297.70718,0.27755,1106.5015
0.05,0.17,9.230769,297.9738,0.29102406,1083.0956
0.05,0.17,9.743589,298.2261,0.3042125,1060.0933
0.05,0.17,10.256411,298.46426,0.31712037,1037.492
0.05,0.17,10.769231,298.68835,0.32975242,1015.29004
0.05,0.17,11.282051,298.89883,0.3421137,993.4855
0.05,0.17,11.794871,299.09573,0.35420907,972.0756
0.05,0.17,12.307693,299.27942,0.3660433,951.05725
0.05,0.17,12.820513,299.44998,0.37762135,930.42804
0.05,0.17,13.333333,299.60767,0.38894776,910.18414
0.05,0.17,13.846154,299.75266,0.40002745,890.32227
0.05,0.17,14.358974,299.8852,0.41086498,870.8385
0.05,0.17,14.871795,300.0055,0.42146507,851.72906
0.05,0.17,15.384615,300.11374,0.4318321,832.9897
0.05,0.17,15.897436,300.21008,0.44197085,814.61633
0.05,0.17,16.410257,300.29483,0.45188564,796.6047
0.05,0.17,16.923077,300.368,0.461581,778.94995
0.05,0.17,17.435898,300.43,0.4710613,761.6476
0.05,0.17,17.948717,300.48083,0.4803307,744.6932
0.05,0.17,18.461538,300.52087,0.4893936,728.08154
0.05,0.17,18.97436,300.55017,0.49825406,711.8081
0.05,0.17,19.487179,300.56894,0.50691634,695.86786
0.05,0.17,20.0,300.57736,0.5153845,680.25586
0.05,0.19,0.0,290.79193,0.0,1565.6123
0.05,0.19,0.51282054,291.33633,0.01908359,1535.5358
0.05,0.19,1.0256411,291.86258,0.037799284,1505.816
0.05,0.19,1.5384616,292.37088,0.05615136,1476.4607
0.05,0.19,2.0512822,292.86157,0.07414441,1447.4769
0.05,0.19,2.5641026,293.3348,0.09178312,1418.8713
0.05,0.19,3.0769231,293.79083,0.109071985,1390.6486
0.05,0.19,3.5897436,294.22983,0.12601605,1362.8142
0.05,0.19,4.1025643,294.6521,0.14261988,1335.3727
0.05,0.19,4.6153846,295.05786,0.1588884,1308.3273
0.05,0.19,5.1282053,295.4474,0.17482647,1281.6809
0.05,0.19,5.6410255,295.8208,0.1904391,1255.4364
0.05,0.19,6.1538463,296.17844,0.2057312,1229.5955
0.05,0.19,6.6666665,296.5204,0.22070771,1204.1592
0.05,0.19,7.179487,296.84708,0.23537369,1179.129
0.05,0.19,7.6923075,297.15857,0.2497341,1154.5049
0.05,0.19,8.205129,297.45517,0.26379395,1130.2869
0.05,0.19,8.717949,297.73697,0.27755824,1106.4745
0.05,0.19,9.230769,298.00433,0.29103193,1083.067
0.05,0.19,9.743589,298.2575,0.30421993,1060.0627
0.05,0.19,10.256411,298.49655,0.31712744,1037.4606
0.05,0.19,10.769231,298.7218,0.32975915,1015.258
0.05,0.19,11.282051,298.93347,0.34211996,993.4529
0.05,0.19,11.794871,299.13162,0.3542149,972.0432
0.05,0.19,12.307693,299.31665,0.3660488,951.02515
0.05,0.19,12.820513,299.48868,0.37762642,930.3964
0.05,0.19,13.333333,299.64795,0.3889525,910.1532
0.05,0.19,13.846154,299.7946,0.4000318,890.29193
0.05,0.19,14.358974,299.92883,0.41086894,870.80914
0.05,0.19,14.871795,300.0509,0.42146856,851.7009
0.05,0.19,15.384615,300.16098,0.4318353,832.9629
0.05,0.19,15.897436,300.2593,0.44197378,814.5908
0.05,0.19,16.410257,300.34604,0.45188838,796.58044
0.05,0.19,16.923077,300.4213,0.46158338,778.9272
0.05,0.19,17.435898,300.48544,0.47106332,761.6264
0.05,0.19,17.948717,300.53848,0.48033255,744.67334
0.05,0.19,18.461538,300.5807,0.48939523,728.0633
0.05,0.19,18.97436,300.6123,0.49825552,711.79144
0.05,0.19,19.487179,300.6334,0.5069176,695.8527
0.05,0.19,20.0,300.6442,0.51538545,680.2422
0.05,0.21,0.0,290.76385,0.0,1565.6456
0.05,0.21,0.51282054,291.30624,0.019083902,1535.5494
0.05,0.21,1.0256411,291.83072,0.037799597,1505.813
0.05,0.21,1.5384616,292.3375,0.05615162,1476.4426
0.05,0.21,2.0512822,292.82684,0.074144356,1447.4468
0.05,0.21,2.5641026,293.29895,0.0917826,1418.8304
0.05,0.21,3.0769231,293.75406,0.109070994,1390.5991
0.05,0.21,3.5897436,294.19235,0.12601434,1362.7579
0.05,0.21,4.1025643,294.61414,0.14261743,1335.3107
0.05,0.21,4.6153846,295.0196,0.15888517,1308.2605
0.05,0.21,5.1282053,295.4089,0.1748224,1281.6111
0.05,0.21,5.6410255,295.78238,0.19043416,1255.3644
0.05,0.21,6.1538463,296.14014,0.20572536,1229.5221
0.05,0.21,6.6666665,296.4825,0.22070092,1204.0853
0.05,0.21,7.179487,296.80963,0.23536602,1179.0552
0.05,0.21,7.6923075,297.12177,0.24972549,1154.4319
0.05,0.21,8.205129,297.41913,0.26378447,1130.2152
0.05,0.21,8.717949,297.70197,0.2775478,1106.4044
0.05,0.21,9.230769,297.9704,0.29102072,1082.9989
0.05,0.21,9.743589,298.2247,0.30420798,1059.9972
0.05,0.21,10.256411,298.46506,0.31711453,1037.3976
0.05,0.21,10.769231,298.6917,0.32974553,1015.19794
0.05,0.21,11.282051,298.90485,0.34210575,993.39606
0.05,0.21,11.794871,299.1047,0.35419995,971.9893
0.05,0.21,12.307693,299.2915,0.36603323,950.97473
0.05,0.21,12.820513,299.46533,0.37761024,930.34937
0.05,0.21,13.333333,299.6265,0.3889357,910.10956
0.05,0.21,13.846154,299.7752,0.40001452,890.25183
0.05,0.21,14.358974,299.91156,0.41085115,870.7725
0.05,0.21,14.871795,300.0358,0.42145044,851.66766
0.05,0.21,15.384615,300.14816,0.43181676,832.933
0.05,0.21,15.897436,300.24878,0.44195485,814.5644
0.05,0.21,16.410257,300.3379,0.45186907,796.5571
0.05,0.21,16.923077,300.41565,0.4615639,778.90717
0.05,0.21,17.435898,300.4823,0.47104368,761.60956
0.05,0.21,17.948717,300.53793,0.48031265,744.6597
0.05,0.21,18.461538,300.58282,0.48937514,728.0527
0.05,0.21,18.97436,300.61707,0.4982353,711.7835
0.05,0.21,19.487179,300.64093,0.50689733,695.8478
0.05,0.21,20.0,300.65454,0.5153653,680.23987
0.05,0.23,0.0,290.66782,0.0,1565.538
0.05,0.23,0.51282054,291.20837,0.019082546,1535.4297
0.05,0.23,1.0256411,291.7313,0.037796624,1505.6831
0.05,0.23,1.5384616,292.23676,0.05614703,1476.3055
0.05,0.23,2.0512822,292.72495,0.0741381,1447.3038
0.05,0.23,2.5641026,293.1962,0.091774516,1418.6835
0.05,0.23,3.0769231,293.65063,0.10906103,1390.4503
0.05,0.23,3.5897436,294.08847,0.12600261,1362.6077
0.05,0.23,4.1025643,294.50995,0.14260381,1335.1606
0.05,0.23,4.6153846,294.9154,0.15886973,1308.1122
0.05,0.23,5.1282053,295.3048,0.17480513,1281.4652
0.05,0.23,5.6410255,295.67862,0.19041511,1255.2216
0.05,0.23,6.1538463,296.03687,0.20570454,1229.3829
0.05,0.23,6.6666665,296.37982,0.22067851,1203.9508
0.05,0.23,7.179487,296.70776,0.23534198,1178.9254
0.05,0.23,7.6923075,297.02084,0.24969989,1154.3077
0.05,0.23,8.205129,297.3193,0.26375735,1130.0963
0.05,0.23,8.717949,297.60336,0.27751935,1106.2917
0.05,0.23,9.230769,297.8732,0.29099083,1082.8922
0.05,0.23,9.743589,298.129,0.3041768,1059.8969
0.05,0.23,10.256411,298.37103,0.31708226,1037.3035
0.05,0.23,10.769231,298.59943,0.3297121,1015.11035
0.05,0.23,11.282051,298.81445,0.3420712,993.31494
0.05,0.23,11.794871,299.0163,0.35416448,971.91437
0.05,0.23,12.307693,299.20514,0.3659969,950.9061
0.05,0.23,12.820513,299.3812,0.37757304,930.2869
0.05,0.23,13.333333,299.54465,0.38889778,910.05334
0.05,0.23,13.846154,299.69568,0.39997593,890.2017
0.05,0.23,14.358974,299.83453,0.410812,870.7282
0.05,0.23,14.871795,299.96136,0.42141074,851.6289
0.05,0.23,15.384615,300.07635,0.4317767,832.8999
0.05,0.23,15.897436,300.17972,0.44191438,814.5366
0.05,0.23,16.410257,300.2716,0.4518283,796.5347
0.05,0.23,16.923077,300.3522,0.4615228,778.8897
0.05,0.23,17.435898,300.42178,0.4710024,761.5969
0.05,0.23,17.948717,300.4804,0.48027122,744.6517
0.05,0.23,18.461538,300.52835,0.48933375,728.0491
0.05,0.23,18.97436,300.56573,0.49819386,711.78436
0.05,0.23,19.487179,300.5927,0.50685585,695.85254
0.05,0.23,20.0,300.6095,0.5153239,680.24854
0.05,0.25,0.0,290.50546,0.0,1565.2927
0.05,0.25,0.51282054,291.04443,0.019079417,1535.1791
0.05,0.25,1.0256411,291.5659,0.03779047,1505.4296
0.05,0.25,1.5384616,292.07022,0.056137644,1476.0514
0.05,0.25,2.0512822,292.5576,0.07412563,1447.0504
0.05,0.25,2.5641026,293.0281,0.091758974,1418.4327
0.05,0.25,3.0769231,293.48212,0.10904252,1390.203
0.05,0.25,3.5897436,293.91974,0.125981,1362.3658
0.05,0.25,4.1025643,294.34122,0.14257926,1334.9249
0.05,0.25,4.6153846,294.74677,0.15884224,1307.8833
0.05,0.25,5.1282053,295.13666,0.17477494,1281.2439
0.05,0.25,5.6410255,295.51093,0.19038226,1255.0087
0.05,0.25,6.1538463,295.86993,0.20566908,1229.179
0.05,0.25,6.6666665,296.2138,0.22064069,1203.756
0.05,0.25,7.179487,296.54288,0.23530176,1178.7405
0.05,0.25,7.6923075,296.85718,0.24965748,1154.1323
0.05,0.25,8.205129,297.15704,0.2637129,1129.9313
0.05,0.25,8.717949,297.44257,0.27747282,1106.1365
0.05,0.25,9.230769,297.71414,0.29094243,1082.747
0.05,0.25,9.743589,297.97177,0.30412668,1059.7616
0.05,0.25,10.256411,298.21576,0.31703052,1037.1782
0.05,0.25,10.769231,298.44626,0.32965896,1014.9949
0.05,0.25,11.282051,298.66348,0.34201664,993.20905
0.05,0.25,11.794871,298.86765,0.3541087,971.81824
0.05,0.25,12.307693,299.0589,0.36593992,950.8194
0.05,0.25,12.820513,299.23746,0.37751517,930.2091
0.05,0.25,13.333333,299.4036,0.388839,909.98425
0.05,0.25,13.846154,299.55734,0.39991626,890.1413
0.05,0.25,14.358974,299.69904,0.41075176,870.67596
0.05,0.25,14.871795,299.82877,0.42134988,851.5847
0.05,0.25,15.384615,299.94678,0.43171528,832.86334
0.05,0.25,15.897436,300.05322,0.44185263,814.5075
0.05,0.25,16.410257,300.14825,0.45176622,796.5125
0.05,0.25,16.923077,300.23212,0.46146053,778.8743
0.05,0.25,17.435898,300.30493,0.47094,761.5881
0.05,0.25,17.948717,300.3669,0.48020875,744.6491
0.05,0.25,18.461538,300.41827,0.48927116,728.0523
0.05,0.25,18.97436,300.4591,0.49813145,711.79315
0.05,0.25,19.487179,300.48965,0.50679356,695.8667
0.05,0.25,20.0,300.50998,0.5152618,680.26776
0.05,0.27,0.0,290.2784,0.0,1564.9119
0.05,0.27,0.51282054,290.81592,0.019074775,1534.8
0.05,0.27,1.0256411,291.3362,0.03778124,1505.0542
0.05,0.27,1.5384616,291.83954,0.056123823,1475.6819
0.05,0.27,2.0512822,292.3261,0.07410722,1446.6884
0.05,0.27,2.5641026,292.79626,0.09173613,1418.0791
0.05,0.27,3.0769231,293.25,0.109015346,1389.8594
0.05,0.27,3.5897436,293.68762,0.12594967,1362.033
0.05,0.27,4.1025643,294.10928,0.14254394,1334.6041
0.05,0.27,4.6153846,294.5153,0.15880314,1307.5751
0.05,0.27,5.1282053,294.90567,0.17473207,1280.9485
0.05,0.27,5.6410255,295.28085,0.19033584,1254.7266
0.05,0.27,6.1538463,295.64084,0.20561934,1228.9109
0.05,0.27,6.6666665,295.98587,0.2205876,1203.5018
0.05,0.27,7.179487,296.31625,0.23524565,1178.5005
0.05,0.27,7.6923075,296.6321,0.2495985,1153.9065
0.05,0.27,8.205129,296.93365,0.26365125,1129.7195
0.05,0.27,8.717949,297.22107,0.27740872,1105.9391
0.05,0.27,9.230769,297.49454,0.290876,1082.5638
0.05,0.27,9.743589,297.75427,0.30405805,1059.592
0.05,0.27,10.256411,298.00052,0.31695986,1037.0222
0.05,0.27,10.769231,298.2334,0.32958642,1014.8521
0.05,0.27,11.282051,298.45312,0.34194243,993.07904
0.05,0.27,11.794871,298.65994,0.354033,971.7009
0.05,0.27,12.307693,298.85394,0.36586285,950.71405
0.05,0.27,12.820513,299.0354,0.37743682,930.11566
0.05,0.27,13.333333,299.2045,0.3887596,909.90247
0.05,0.27,13.846154,299.36133,0.399836,890.0701
0.05,0.27,14.358974,299.5062,0.41067055,870.6158
0.05,0.27,14.871795,299.6392,0.4212681,851.5346
0.05,0.27,15.384615,299.7605,0.43163294,832.8231
0.05,0.27,15.897436,299.87036,0.44176984,814.47656
0.05,0.27,16.410257,299.9689,0.45168313,796.4906
0.05,0.27,16.923077,300.05634,0.46137723,778.861
0.05,0.27,17.435898,300.1328,0.4708565,761.5828
0.05,0.27,17.948717,300.19855,0.48012525,744.6515
0.05,0.27,18.461538,300.25363,0.48918772,728.0622
0.05,0.27,18.97436,300.29837,0.49804822,711.81
0.05,0.27,19.487179,300.3328,0.5067105,695.89014
0.05,0.27,20.0,300.35712,0.51517916,680.2974
0.05,0.29,0.0,289.98834,0.0,1564.3989
0.05,0.29,0.51282054,290.52444,0.019068517,1534.2954
0.05,0.29,1.0256411,291.0437,0.037768774,1504.5599
0.05,0.29,1.5384616,291.54626,0.056105413,1475.1992
0.05,0.29,2.0512822,292.03235,0.07408297,1446.2192
0.05,0.29,2.5641026,292.50217,0.09170614,1417.625
0.05,0.29,3.0769231,292.95584,0.10897993,1389.4208
0.05,0.29,3.5897436,293.39365,0.12590894,1361.6112
0.05,0.29,4.1025643,293.81577,0.14249815,1334.1996
0.05,0.29,4.6153846,294.22232,0.15875244,1307.1879
0.05,0.29,5.1282053,294.61353,0.17467669,1280.5801
0.05,0.29,5.6410255,294.9897,0.19027603,1254.3765
0.05,0.29,6.1538463,295.35095,0.20555533,1228.5793
0.05,0.29,6.6666665,295.69742,0.22051969,1203.1893
0.05,0.29,7.179487,296.02936,0.235174,1178.2062
0.05,0.29,7.6923075,296.34695,0.2495233,1153.6309
0.05,0.29,8.205129,296.65045,0.26357275,1129.4624
0.05,0.29,8.717949,296.9399,0.2773271,1105.6997
0.05,0.29,9.230769,297.21564,0.2907916,1082.3423
0.05,0.29,9.743589,297.4778,0.3039711,1059.3881
0.05,0.29,10.256411,297.72656,0.3168705,1036.8351
0.05,0.29,10.769231,297.96213,0.32949483,1014.68134
0.05,0.29,11.282051,298.1847,0.3418489,992.9247
0.05,0.29,11.794871,298.39444,0.35393763,971.562
0.05,0.29,12.307693,298.5915,0.3657659,950.59045
0.05,0.29,12.820513,298.7761,0.37733835,930.0066
0.05,0.29,13.333333,298.94846,0.38865995,909.8073
0.05,0.29,13.846154,299.1087,0.39973524,889.9888
0.05,0.29,14.358974,299.25702,0.4105689,870.54706
0.05,0.29,14.871795,299.39362,0.42116556,851.4785
0.05,0.29,15.384615,299.5186,0.43152988,832.7788
0.05,0.29,15.897436,299.6322,0.44166628,814.44366
0.05,0.29,16.410257,299.73456,0.4515792,796.46844
0.05,0.29,16.923077,299.82596,0.46127307,778.8492
0.05,0.29,17.435898,299.90646,0.4707523,761.5808
0.05,0.29,17.948717,299.97623,0.48002112,744.6587
0.05,0.29,18.461538,300.03552,0.48908383,728.0782
0.05,0.29,18.97436,300.08435,0.49794447,711.8343
0.05,0.29,19.487179,300.12308,0.5066072,695.92236
0.05,0.29,20.0,300.15173,0.5150762,680.33704
0.05,0.31,0.0,289.63672,0.0,1563.7557
0.05,0.31,0.51282054,290.17163,0.019060694,1533.6674
0.05,0.31,1.0256411,290.68997,0.037753336,1503.9489
0.05,0.31,1.5384616,291.19193,0.056082517,1474.6062
0.05,0.31,2.0512822,291.6776,0.07405293,1445.6459
0.05,0.31,2.5641026,292.14725,0.09166922,1417.0718
0.05,0.31,3.0769231,292.6011,0.10893623,1388.8893
0.05,0.31,3.5897436,293.0392,0.12585887,1361.1016
0.05,0.31,4.1025643,293.46188,0.14244199,1333.7123
0.05,0.31,4.6153846,293.8693,0.15869036,1306.724
0.05,0.31,5.1282053,294.2616,0.1746091,1280.1392
0.05,0.31,5.6410255,294.63898,0.19020316,1253.9589
0.05,0.31,6.1538463,295.0016,0.20547742,1228.185
0.05,0.31,6.6666665,295.34973,0.22043714,1202.8181
0.05,0.31,7.179487,295.68347,0.23508695,1177.8584
0.05,0.31,7.6923075,296.00305,0.24943213,1153.3057
0.05,0.31,8.205129,296.3087,0.26347774,1129.1594
0.05,0.31,8.717949,296.60052,0.27722847,1105.4188
0.05,0.31,9.230769,296.87875,0.29068965,1082.0829
0.05,0.31,9.743589,297.1436,0.30386606,1059.1495
0.05,0.31,10.256411,297.39514,0.31676266,1036.6171
0.05,0.31,10.769231,297.63364,0.32938448,1014.48334
0.05,0.31,11.282051,297.85928,0.34173623,992.7458
0.05,0.31,11.794871,298.0722,0.3538229,971.4016
0.05,0.31,12.307693,298.27264,0.36564916,950.448
0.05,0.31,12.820513,298.46066,0.37722006,929.88165
0.05,0.31,13.333333,298.6366,0.38854015,909.6989
0.05,0.31,13.846154,298.80057,0.3996143,889.8961
0.05,0.31,14.358974,298.95267,0.41044685,870.47003
0.05,0.31,14.871795,299.0931,0.42104268,851.416
0.05,0.31,15.384615,299.22214,0.43140632,832.7301
0.05,0.31,15.897436,299.3398,0.44154215,814.40826
0.05,0.31,16.410257,299.44638,0.45145476,796.44586
0.05,0.31,16.923077,299.542,0.46114844,778.83856
0.05,0.31,17.435898,299.62683,0.47062764,761.5816
0.05,0.31,17.948717,299.70102,0.47989655,744.67035
0.05,0.31,18.461538,299.76474,0.48895937,728.10016
0.05,0.31,18.97436,299.81815,0.49782035,711.86584
0.05,0.31,19.487179,299.86142,0.50648355,695.963
0.05,0.31,20.0,299.89474,0.5149531,680.3862
0.05,0.33,0.0,289.22516,0.0,1562.9863
0.05,0.33,0.51282054,289.75903,0.019051358,1532.919
0.05,0.33,1.0256411,290.27652,0.037734926,1503.2233
0.05,0.33,1.5384616,290.778,0.056055345,1473.9047
0.05,0.33,2.0512822,291.26343,0.07401726,1444.9691
0.05,0.33,2.5641026,291.73312,0.09162541,1416.4214
0.05,0.33,3.0769231,292.18723,0.108884595,1388.2656
0.05,0.33,3.5897436,292.62585,0.12579967,1360.5055
0.05,0.33,4.1025643,293.04932,0.14237559,1333.144
0.05,0.33,4.6153846,293.45764,0.15861714,1306.1838
0.05,0.33,5.1282053,293.85107,0.17452946,1279.6271
0.05,0.33,5.6410255,294.22992,0.19011736,1253.4749
0.05,0.33,6.1538463,294.59418,0.20538583,1227.7291
0.05,0.33,6.6666665,294.94415,0.22034001,1202.3896
0.05,0.33,7.179487,295.27994,0.23498483,1177.4572
0.05,0.33,7.6923075,295.60178,0.24932522,1152.9313
0.05,0.33,8.205129,295.90976,0.26336634,1128.811
0.05,0.33,8.717949,296.20413,0.27711305,1105.0966
0.05,0.33,9.230769,296.48508,0.29057044,1081.7855
0.05,0.33,9.743589,296.7528,0.30374324,1058.8767
0.05,0.33,10.256411,297.00742,0.31663665,1036.368
0.05,0.33,10.769231,297.2491,0.3292555,1014.2573
0.05,0.33,11.282051,297.47812,0.34160465,992.54205
0.05,0.33,11.794871,297.69455,0.35368896,971.2196
0.05,0.33,12.307693,297.8986,0.36551315,950.2867
0.05,0.33,12.820513,298.09036,0.37708217,929.74023
0.05,0.33,13.333333,298.2701,0.3884007,909.57654
0.05,0.33,13.846154,298.43802,0.39947337,889.7924
0.05,0.33,14.358974,298.59418,0.41030478,870.3838
0.05,0.33,14.871795,298.73883,0.4208997,851.3465
0.05,0.33,15.384615,298.8721,0.43126252,832.6768
0.05,0.33,15.897436,298.99417,0.44139785,814.3702
0.05,0.33,16.410257,299.10526,0.45131004,796.42236
0.05,0.33,16.923077,299.20538,0.46100354,778.8288
0.05,0.33,17.435898,299.2949,0.47048265,761.5849
0.05,0.33,17.948717,299.37378,0.4797516,744.68604
0.05,0.33,18.461538,299.4423,0.48881474,728.1273
0.05,0.33,18.97436,299.50058,0.49767607,711.9042
0.05,0.33,19.487179,299.54883,0.5063399,696.01154
0.05,0.33,20.0,299.5871,0.5148101,680.4446
0.05,0.35,0.0,288.75528,0.0,1562.093
0.05,0.35,0.51282054,289.28818,0.01904051,1532.0526
0.05,0.35,1.0256411,289.805,0.037713543,1502.3856
0.05,0.35,1.5384616,290.30603,0.056023844,1473.0969
0.05,0.35,2.0512822,290.79132,0.073976,1444.192
0.05,0.35,2.5641026,291.26114,0.091574766,1415.676
0.05,0.35,3.0769231,291.71564,0.10882498,1387.5524
0.05,0.35,3.5897436,292.15494,0.1257315,1359.8243
0.05,0.35,4.1025643,292.57925,0.1422993,1332.4958
0.05,0.35,4.6153846,292.98877,0.15853313,1305.5686
0.05,0.35,5.1282053,293.3836,0.17443797,1279.0444
0.05,0.35,5.6410255,293.764,0.19001895,1252.925
0.05,0.35,6.1538463,294.1301,0.20528084,1227.2113
0.05,0.35,6.6666665,294.48206,0.22022882,1201.9038
0.05,0.35,7.179487,294.82004,0.2348679,1177.0027
0.05,0.35,7.6923075,295.14423,0.24920286,1152.5077
0.05,0.35,8.205129,295.45483,0.26323897,1128.4181
0.05,0.35,8.717949,295.752,0.27698094,1104.7327
0.05,0.35,9.230769,296.03595,0.290434,1081.4504
0.05,0.35,9.743589,296.30673,0.303603,1058.5696
0.05,0.35,10.256411,296.56464,0.31649277,1036.0879
0.05,0.35,10.769231,296.80975,0.32910836,1014.0036
0.05,0.35,11.282051,297.0423,0.34145448,992.31366
0.05,0.35,11.794871,297.26242,0.35353607,971.0156
0.05,0.35,12.307693,297.47034,0.36535805,950.1062
0.05,0.35,12.820513,297.6661,0.37692493,929.58234
0.05,0.35,13.333333,297.85004,0.3882416,909.4404
0.05,0.35,13.846154,298.0221,0.39931273,889.677
0.05,0.35,14.358974,298.18265,0.4101429,870.28827
0.05,0.35,14.871795,298.3318,0.4207367,851.26996
0.05,0.35,15.384615,298.4696,0.4310987,832.61835
0.05,0.35,15.897436,298.5964,0.44123352,814.3289
0.05,0.35,16.410257,298.7122,0.45114517,796.39746
0.05,0.35,16.923077,298.8172,0.46083847,778.8194
0.05,0.35,17.435898,298.91162,0.47031757,761.59015
0.05,0.35,17.948717,298.99548,0.47958672,744.70514
0.05,0.35,18.461538,299.06915,0.48865014,728.15955
0.05,0.35,18.97436,299.1326,0.4975121,711.9487
0.05,0.35,19.487179,299.18604,0.50617635,696.0679
0.05,0.35,20.0,299.22968,0.51464736,680.51184
0.05,0.37,0.0,288.2286,0.0,1561.0787
0.05,0.37,0.51282054,288.7606,0.019028202,1531.0714
0.05,0.37,1.0256411,289.27682,0.037689395,1501.438
0.05,0.37,1.5384616,289.77753,0.055988275,1472.1846
0.05,0.37,2.0512822,290.26276,0.07392943,1443.3158
0.05,0.37,2.5641026,290.73285,0.091517605,1414.8364
0.05,0.37,3.0769231,291.18787,0.10875776,1386.7504
0.05,0.37,3.5897436,291.62796,0.12565468,1359.06
0.05,0.37,4.1025643,292.0533,0.14221318,1331.7693
0.05,0.37,4.6153846,292.46405,0.15843831,1304.8794
0.05,0.37,5.1282053,292.86044,0.17433491,1278.3926
0.05,0.37,5.6410255,293.24255,0.18990812,1252.3102
0.05,0.37,6.1538463,293.61057,0.20516267,1226.6333
0.05,0.37,6.6666665,293.9647,0.22010382,1201.3618
0.05,0.37,7.179487,294.30505,0.23473637,1176.496
0.05,0.37,7.6923075,294.63187,0.24906534,1152.0355
0.05,0.37,8.205129,294.94525,0.26309583,1127.98
0.05,0.37,8.717949,295.24542,0.27683267,1104.3278
0.05,0.37,9.230769,295.53238,0.2902809,1081.0778
0.05,0.37,9.743589,295.80655,0.3034455,1058.2283
0.05,0.37,10.256411,296.06793,0.3163312,1035.7769
0.05,0.37,10.769231,296.31668,0.32894313,1013.72174
0.05,0.37,11.282051,296.55304,0.34128597,992.0603
0.05,0.37,11.794871,296.7771,0.3533647,970.7893
0.05,0.37,12.307693,296.98907,0.36518395,949.90625
0.05,0.37,12.820513,297.18915,0.3767486,929.4076
0.05,0.37,13.333333,297.37735,0.38806325,909.28986
0.05,0.37,13.846154,297.55396,0.3991327,889.5495
0.05,0.37,14.358974,297.7191,0.4099614,870.1831
0.05,0.37,14.871795,297.873,0.42055404,851.1858
0.05,0.37,15.384615,298.01566,0.43091512,832.5543
0.05,0.37,15.897436,298.14728,0.4410492,814.284
0.05,0.37,16.410257,298.26813,0.45096055,796.3707
0.05,0.37,16.923077,298.37827,0.4606536,778.80994
0.05,0.37,17.435898,298.4779,0.4701327,761.5969
0.05,0.37,17.948717,298.56714,0.47940204,744.7275
0.05,0.37,18.461538,298.64618,0.48846585,728.1965
0.05,0.37,18.97436,298.71506,0.49732816,711.9994
0.05,0.37,19.487179,298.7741,0.50599325,696.1313
0.05,0.37,20.0,298.8233,0.5144651,680.5873
0.05,0.39,0.0,287.64667,0.0,1559.9464
0.05,0.39,0.51282054,288.17783,0.01901459,1529.9768
0.05,0.39,1.0256411,288.6935,0.037662484,1500.3833
0.05,0.39,1.5384616,289.19397,0.055948585,1471.1705
0.05,0.39,2.0512822,289.67935,0.073877536,1442.3431
0.05,0.39,2.5641026,290.14975,0.09145403,1413.9054
0.05,0.39,3.0769231,290.60535,0.108682916,1385.8615
0.05,0.39,3.5897436,291.04633,0.12556915,1358.2137
0.05,0.39,4.1025643,291.47278,0.14211759,1330.965
0.05,0.39,4.6153846,291.88492,0.15833306,1304.1171
0.05,0.39,5.1282053,292.28293,0.1742205,1277.6722
0.05,0.39,5.6410255,292.66693,0.1897851,1251.6313
0.05,0.39,6.1538463,293.03705,0.2050316,1225.995
0.05,0.39,6.6666665,293.39346,0.21996509,1200.7635
0.05,0.39,7.179487,293.73642,0.2345905,1175.9373
0.05,0.39,7.6923075,294.06595,0.24891284,1151.5155
0.05,0.39,8.205129,294.38223,0.26293716,1127.4974
0.05,0.39,8.717949,294.68552,0.27666828,1103.8818
0.05,0.39,9.230769,294.9759,0.29011124,1080.6672
0.05,0.39,9.743589,295.25348,0.303271,1057.8523
0.05,0.39,10.256411,295.51855,0.3161524,1035.4344
0.05,0.39,10.769231,295.77115,0.3287603,1013.41187
0.05,0.39,11.282051,296.0115,0.34109947,991.78143
0.05,0.39,11.794871,296.23972,0.35317492,970.5408
0.05,0.39,12.307693,296.456,0.36499125,949.68646
0.05,0.39,12.820513,296.66046,0.3765534,929.21564
0.05,0.39,13.333333,296.8533,0.3878658,909.1245
0.05,0.39,13.846154,297.0346,0.3989334,889.40985
0.05,0.39,14.358974,297.2046,0.4097606,870.06757
0.05,0.39,14.871795,297.36334,0.42035195,851.0937
0.05,0.39,15.384615,297.51114,0.43071204,832.48425
0.05,0.39,15.897436,297.648,0.44084537,814.23505
0.05,0.39,16.410257,297.77417,0.4507562,796.34174
0.05,0.39,16.923077,297.88965,0.46044904,778.7998
0.05,0.39,17.435898,297.9948,0.46992803,761.605
0.05,0.39,17.948717,298.08966,0.4791976,744.7524
0.05,0.39,18.461538,298.17426,0.48826188,728.2373
0.05,0.39,18.97436,298.24896,0.49712482,712.0553
0.05,0.39,19.487179,298.31378,0.5057907,696.2015
0.05,0.39,20.0,298.3689,0.5142635,680.67084
0.07,0.01,0.0,288.21786,0.0,1559.4766
0.07,0.01,0.51282054,288.78555,0.019010939,1529.8579
0.07,0.01,1.0256411,289.3336,0.037659355,1500.5679
0.07,0.01,1.5384616,289.86224,0.05594942,1471.6158
0.07,0.01,2.0512822,290.37186,0.0738852,1443.011
0.07,0.01,2.5641026,290.86267,0.091471136,1414.7603
0.07,0.01,3.0769231,291.335,0.10871155,1386.8708
0.07,0.01,3.5897436,291.78903,0.12561098,1359.3495
0.07,0.01,4.1025643,292.22507,0.142174,1332.2009
0.07,0.01,4.6153846,292.64352,0.15840514,1305.4299
0.07,0.01,5.1282053,293.04453,0.17430921,1279.0411
0.07,0.01,5.6410255,293.4283,0.18989086,1253.0375
0.07,0.01,6.1538463,293.7953,0.20515479,1227.4224
0.07,0.01,6.6666665,294.14563,0.2201059,1202.1975
0.07,0.01,7.179487,294.47974,0.23474899,1177.365
0.07,0.01,7.6923075,294.79758,0.24908875,1152.9259
0.07,0.01,8.205129,295.0997,0.2631303,1128.8806
0.07,0.01,8.717949,295.38626,0.27687827,1105.2296
0.07,0.01,9.230769,295.6575,0.29033762,1081.973
0.07,0.01,9.743589,295.91364,0.30351308,1059.1097
0.07,0.01,10.256411,296.15503,0.31640953,1036.6385
0.07,0.01,10.769231,296.38187,0.3290319,1014.55853
0.07,0.01,11.282051,296.5944,0.34138492,992.8674
0.07,0.01,11.794871,296.7928,0.35347328,971.56323
0.07,0.01,12.307693,296.97733,0.36530182,950.6439
0.07,0.01,12.820513,297.14835,0.3768754,930.1066
0.07,0.01,13.333333,297.30594,0.38819844,909.94824
0.07,0.01,13.846154,297.45044,0.39927566,890.16547
0.07,0.01,14.358974,297.58197,0.41011167,870.7556
0.07,0.01,14.871795,297.70078,0.42071113,851.71423
0.07,0.01,15.384615,297.80725,0.43107843,833.0382
0.07,0.01,15.897436,297.90137,0.4412181,814.7231
0.07,0.01,16.410257,297.9835,0.45113468,796.765
0.07,0.01,16.923077,298.05383,0.46083227,779.1597
0.07,0.01,17.435898,298.11255,0.4703154,761.90283
0.07,0.01,17.948717,298.15985,0.47958812,744.98987
0.07,0.01,18.461538,298.19598,0.488655,728.41626
0.07,0.01,18.97436,298.2212,0.49751988,712.17737
0.07,0.01,19.487179,298.23557,0.50618684,696.2686
0.07,0.01,20.0,298.23938,0.51466006,680.68494
0.07,0.03,0.0,288.87067,0.0,1560.8678
0.07,0.03,0.51282054,289.43414,0.019027524,1531.1584
0.07,0.03,1.0256411,289.97818,0.03769143,1501.7823
0.07,0.03,1.5384616,290.5029,0.05599589,1472.7484
0.07,0.03,2.0512822,291.0087,0.07394518,1444.0652
0.07,0.03,2.5641026,291.49585,0.091543525,1415.74
0.07,0.03,3.0769231,291.96457,0.10879557,1387.78
0.07,0.03,3.5897436,292.41513,0.12570584,1360.191
0.07,0.03,4.1025643,292.84787,0.14227879,1332.9786
0.07,0.03,4.6153846,293.26306,0.15851915,1306.1476
0.07,0.03,5.1282053,293.66092,0.17443171,1279.701
0.07,0.03,5.6410255,294.04172,0.1900211,1253.6431
0.07,0.03,6.1538463,294.40573,0.20529217,1227.9763
0.07,0.03,6.6666665,294.75327,0.22024985,1202.7024
0.07,0.03,7.179487,295.08447,0.23489884,1177.8236
0.07,0.03,7.6923075,295.39975,0.249244,1153.3406
0.07,0.03,8.205129,295.6993,0.26329035,1129.2542
0.07,0.03,8.717949,295.98334,0.27704266,1105.5645
0.07,0.03,9.230769,296.25214,0.29050586,1082.2706
0.07,0.03,9.743589,296.50592,0.30368477,1059.3727
0.07,0.03,10.256411,296.74506,0.3165843,1036.8687
0.07,0.03,10.769231,296.96967,0.32920933,1014.7578
0.07,0.03,11.282051,297.18002,0.3415646,993.0377
0.07,0.03,11.794871,297.37637,0.35365492,971.7067
0.07,0.03,12.307693,297.559,0.36548513,950.76184
0.07,0.03,12.820513,297.72803,0.3770599,930.2003
0.07,0.03,13.333333,297.88373,0.38838395,910.0196
0.07,0.03,13.846154,298.0264,0.3994619,890.2162
0.07,0.03,14.358974,298.15607,0.4102984,870.7866
0.07,0.03,14.871795,298.27325,0.42089817,851.7272
0.07,0.03,15.384615,298.378,0.43126556,833.0339
0.07,0.03,15.897436,298.47052,0.4414051,814.7031
0.07,0.03,16.410257,298.5511,0.45132124,796.7304
0.07,0.03,16.923077,298.6199,0.4610184,779.11145
0.07,0.03,17.435898,298.6771,0.4705008,761.84204
0.07,0.03,17.948717,298.72296,0.47977275,744.91754
0.07,0.03,18.461538,298.7577,0.48883867,728.33325
0.07,0.03,18.97436,298.78143,0.49770242,712.08453
0.07,0.03,19.487179,298.79446,0.5063683,696.1666
0.07,0.03,20.0,298.797,0.5148401,680.5747
0.07,0.05,0.0,289.4399,0.0,1562.0944
0.07,0.05,0.51282054,289.99948,0.019042075,1532.3035
0.07,0.05,1.0256411,290.53973,0.037719645,1502.8491
0.07,0.05,1.5384616,291.0609,0.056036726,1473.7415
0.07,0.05,2.0512822,291.56326,0.0739978,1444.988
0.07,0.05,2.5641026,292.04703,0.09160715,1416.5964
0.07,0.05,3.0769231,292.5125,0.108869314,1388.5736
0.07,0.05,3.5897436,292.96005,0.12578899,1360.9247
0.07,0.05,4.1025643,293.3898,0.14237064,1333.6555
0.07,0.05,4.6153846,293.80212,0.15861902,1306.7703
0.07,0.05,5.1282053,294.19724,0.17453879,1280.2731
0.07,0.05,5.6410255,294.57535,0.190135,1254.167
0.07,0.05,6.1538463,294.93686,0.20541222,1228.4546
0.07,0.05,6.6666665,295.28192,0.22037548,1203.1377
0.07,0.05,7.179487,295.61087,0.23502958,1178.2183
0.07,0.05,7.6923075,295.9239,0.2493794,1153.6969
0.07,0.05,8.205129,296.22128,0.26342988,1129.5741
0.07,0.05,8.717949,296.50327,0.27718598,1105.8502
0.07,0.05,9.230769,296.77008,0.29065245,1082.5244
0.07,0.05,9.743589,297.022,0.3038343,1059.5961
0.07,0.05,10.256411,297.25928,0.31673643,1037.0637
0.07,0.05,10.769231,297.4822,0.32936364,1014.92615
0.07,0.05,11.282051,297.69086,0.34172088,993.1811
0.07,0.05,11.794871,297.88562,0.35381275,971.8264
0.07,0.05,12.307693,298.06665,0.36564434,950.8595
0.07,0.05,12.820513,298.2342,0.37722018,930.2774
0.07,0.05,13.333333,298.38858,0.38854507,910.0776
0.07,0.05,13.846154,298.52982,0.3996237,890.2559
0.07,0.05,14.358974,298.65833,0.41046056,870.8097
0.07,0.05,14.871795,298.7742,0.42106047,851.7345
0.07,0.05,15.384615,298.8778,0.43142787,833.02673
0.07,0.05,15.897436,298.96918,0.44156724,814.68243
0.07,0.05,16.410257,299.04868,0.45148307,796.6973
0.07,0.05,16.923077,299.11636,0.46117973,779.06683
0.07,0.05,17.435898,299.17264,0.47066152,761.7867
0.07,0.05,17.948717,299.21753,0.47993276,744.8524
0.07,0.05,18.461538,299.25137,0.4889977,728.25903
0.07,0.05,18.97436,299.27426,0.49786055,712.002
0.07,0.05,19.487179,299.28647,0.5065253,696.07666
0.07,0.05,20.0,299.28812,0.51499605,680.4778
0.07,0.07,0.0,289.9275,0.0,1563.1592
0.07,0.07,0.51282054,290.48346,0.019054748,1533.2946
0.07,0.07,1.0256411,291.0203,0.037744,1503.7712
0.07,0.07,1.5384616,291.53815,0.056072086,1474.5975
0.07,0.07,2.0512822,292.0373,0.07404323,1445.782
0.07,0.07,2.5641026,292.5181,0.09166207,1417.3317
0.07,0.07,3.0769231,292.9807,0.10893294,1389.2526
0.07,0.07,3.5897436,293.42548,0.12586059,1361.5514
0.07,0.07,4.1025643,293.8526,0.14244965,1334.2324
0.07,0.07,4.6153846,294.26245,0.15870482,1307.3002
0.07,0.07,5.1282053,294.65515,0.17463094,1280.7585
0.07,0.07,5.6410255,295.03113,0.19023278,1254.6105
0.07,0.07,6.1538463,295.39047,0.20551528,1228.8586
0.07,0.07,6.6666665,295.73352,0.22048324,1203.5045
0.07,0.07,7.179487,296.06052,0.23514171,1178.5499
0.07,0.07,7.6923075,296.37173,0.24949534,1153.9956
0.07,0.07,8.205129,296.6674,0.2635494,1129.8417
0.07,0.07,8.717949,296.94775,0.27730846,1106.0886
0.07,0.07,9.230769,297.21304,0.2907778,1082.735
0.07,0.07,9.743589,297.4635,0.30396208,1059.7811
0.07,0.07,10.256411,297.6994,0.31686634,1037.2246
0.07,0.07,10.769231,297.92105,0.3294954,1015.064
0.07,0.07,11.282051,298.12845,0.34185416,993.2976
0.07,0.07,11.794871,298.32208,0.3539474,971.92316
0.07,0.07,12.307693,298.5021,0.36577994,950.93756
0.07,0.07,12.820513,298.66858,0.3773567,930.33826
0.07,0.07,13.333333,298.82196,0.38868225,910.12195
0.07,0.07,13.846154,298.96243,0.39976126,890.2854
0.07,0.07,14.358974,299.0901,0.41059846,870.82495
0.07,0.07,14.871795,299.20526,0.42119846,851.7368
0.07,0.07,15.384615,299.30807,0.43156582,833.01685
0.07,0.07,15.897436,299.39886,0.441705,814.6614
0.07,0.07,16.410257,299.47772,0.45162046,796.6657
0.07,0.07,16.923077,299.54492,0.46131662,779.0259
0.07,0.07,17.435898,299.60068,0.47079796,761.7368
0.07,0.07,17.948717,299.64514,0.48006856,744.7943
0.07,0.07,18.461538,299.67853,0.48913273,728.1936
0.07,0.07,18.97436,299.70102,0.49799475,711.9298
0.07,0.07,19.487179,299.7129,0.5066585,695.9982
0.07,0.07,20.0,299.7143,0.5151283,680.3937
0.07,0.09,0.0,290.3351,0.0,1564.0646
0.07,0.09,0.51282054,290.88785,0.019065492,1534.1354
0.07,0.09,1.0256411,291.4215,0.037764758,1504.5505
0.07,0.09,1.5384616,291.93634,0.056102023,1475.3193
0.07,0.09,2.0512822,292.4327,0.07408177,1446.4492
0.07,0.09,2.5641026,292.91077,0.09170844,1417.9474
0.07,0.09,3.0769231,293.3709,0.10898661,1389.8201
0.07,0.09,3.5897436,293.8133,0.12592092,1362.0734
0.07,0.09,4.1025643,294.2382,0.14251614,1334.7113
0.07,0.09,4.6153846,294.64594,0.158777,1307.7386
0.07,0.09,5.1282053,295.03665,0.17470825,1281.1592
0.07,0.09,5.6410255,295.41068,0.19031483,1254.9755
0.07,0.09,6.1538463,295.7683,0.2056016,1229.1898
0.07,0.09,6.6666665,296.1097,0.22057351,1203.8041
0.07,0.09,7.179487,296.4352,0.23523538,1178.82
0.07,0.09,7.6923075,296.74496,0.24959219,1154.2379
0.07,0.09,8.205129,297.0393,0.26364908,1130.0579
0.07,0.09,8.717949,297.31845,0.27741066,1106.2799
0.07,0.09,9.230769,297.58264,0.2908822,1082.9036
0.07,0.09,9.743589,297.8321,0.30406836,1059.9281
0.07,0.09,10.256411,298.06708,0.3169743,1037.3513
0.07,0.09,10.769231,298.28778,0.32960486,1015.17224
0.07,0.09,11.282051,298.49448,0.34196475,993.38824
0.07,0.09,11.794871,298.68744,0.35405904,971.9975
0.07,0.09,12.307693,298.86676,0.36589253,950.9964
0.07,0.09,12.820513,299.03278,0.37746984,930.3829
0.07,0.09,13.333333,299.1857,0.38879588,910.15326
0.07,0.09,13.846154,299.3257,0.39987516,890.30457
0.07,0.09,14.358974,299.45303,0.41071263,870.8327
0.07,0.09,14.871795,299.5679,0.42131257,851.73395
0.07,0.09,15.384615,299.67053,0.43167982,833.0044
0.07,0.09,15.897436,299.7611,0.44181877,814.6399
0.07,0.09,16.410257,299.83984,0.451734,796.6359
0.07,0.09,16.923077,299.907,0.46142974,778.9883
0.07,0.09,17.435898,299.9627,0.47091052,761.69226
0.07,0.09,17.948717,300.00717,0.4801806,744.7434
0.07,0.09,18.461538,300.04062,0.48924407,728.1368
0.07,0.09,18.97436,300.06323,0.49810526,711.8676
0.07,0.09,19.487179,300.07526,0.50676835,695.93134
0.07,0.09,20.0,300.0768,0.5152372,680.32245
0.07,0.11,0.0,290.66483,0.0,1564.8138
0.07,0.11,0.51282054,291.21445,0.019074358,1534.8275
0.07,0.11,1.0256411,291.74527,0.03778176,1505.1901
0.07,0.11,1.5384616,292.25742,0.05612664,1475.9088
0.07,0.11,2.0512822,292.75125,0.07411338,1446.9921
0.07,0.11,2.5641026,293.227,0.091746405,1418.4463
0.07,0.11,3.0769231,293.6849,0.10903047,1390.2781
0.07,0.11,3.5897436,294.1252,0.12597021,1362.4923
0.07,0.11,4.1025643,294.54825,0.14257033,1335.0942
0.07,0.11,4.6153846,294.95413,0.15883568,1308.0878
0.07,0.11,5.1282053,295.34323,0.17477104,1281.4764
0.07,0.11,5.6410255,295.71582,0.19038138,1255.2628
0.07,0.11,6.1538463,296.07202,0.20567149,1229.4495
0.07,0.11,6.6666665,296.4122,0.22064638,1204.038
0.07,0.11,7.179487,296.73657,0.235311,1179.0293
0.07,0.11,7.6923075,297.04535,0.24967027,1154.4243
0.07,0.11,8.205129,297.3387,0.26372927,1130.2231
0.07,0.11,8.717949,297.61707,0.27749285,1106.4257
0.07,0.11,9.230769,297.88055,0.290966,1083.031
0.07,0.11,9.743589,298.12936,0.30415368,1060.0378
0.07,0.11,10.256411,298.36386,0.31706095,1037.4453
0.07,0.11,10.769231,298.58417,0.32969248,1015.2513
0.07,0.11,11.282051,298.79053,0.34205326,993.4534
0.07,0.11,11.794871,298.9832,0.35414827,972.0494
0.07,0.11,12.307693,299.16235,0.3659823,951.03656
0.07,0.11,12.820513,299.32825,0.37756008,930.4119
0.07,0.11,13.333333,299.48114,0.38888636,910.172
0.07,0.11,13.846154,299.62122,0.39996588,890.31366
0.07,0.11,14.358974,299.7486,0.41080326,870.8331
0.07,0.11,14.871795,299.86368,0.4214033,851.72626
0.07,0.11,15.384615,299.96652,0.43177035,832.98926
0.07,0.11,15.897436,300.05737,0.4419091,814.6178
0.07,0.11,16.410257,300.1364,0.4518239,796.60767
0.07,0.11,16.923077,300.20398,0.46151936,778.9543
0.07,0.11,17.435898,300.2601,0.47099972,761.6531
0.07,0.11,17.948717,300.30505,0.4802692,744.6994
0.07,0.11,18.461538,300.33908,0.48933217,728.08856
0.07,0.11,18.97436,300.36224,0.4981928,711.8154
0.07,0.11,19.487179,300.37488,0.50685513,695.8756
0.07,0.11,20.0,300.37704,0.5153233,680.26355
0.07,0.13,0.0,290.91827,0.0,1565.409
0.07,0.13,0.51282054,291.46518,0.019081399,1535.3746
0.07,0.13,1.0256411,291.99335,0.037795268,1505.6918
0.07,0.13,1.5384616,292.50308,0.05614604,1476.3682
0.07,0.13,2.0512822,292.99475,0.07413815,1447.4121
0.07,0.13,2.5641026,293.4684,0.09177613,1418.8298
0.07,0.13,3.0769231,293.9244,0.109064735,1390.6276
0.07,0.13,3.5897436,294.36298,0.1260086,1362.81
0.07,0.13,4.1025643,294.7844,0.14261243,1335.3826
0.07,0.13,4.6153846,295.1889,0.1588812,1308.3488
0.07,0.13,5.1282053,295.57675,0.17481959,1281.7118
0.07,0.13,5.6410255,295.94818,0.19043264,1255.4744
0.07,0.13,6.1538463,296.30338,0.2057252,1229.6389
0.07,0.13,6.6666665,296.6426,0.22070229,1204.2068
0.07,0.13,7.179487,296.96628,0.2353689,1179.1791
0.07,0.13,7.6923075,297.27435,0.24972987,1154.5565
0.07,0.13,8.205129,297.5673,0.26379046,1130.3389
0.07,0.13,8.717949,297.84518,0.27755532,1106.5261
0.07,0.13,9.230769,298.10834,0.29102957,1083.1172
0.07,0.13,9.743589,298.357,0.3042183,1060.1112
0.07,0.13,10.256411,298.5914,0.31712633,1037.5066
0.07,0.13,10.769231,298.8116,0.3297586,1015.3011
0.07,0.13,11.282051,299.0181,0.34211996,993.49304
0.07,0.13,11.794871,299.2109,0.35421538,972.0798
0.07,0.13,12.307693,299.3903,0.3660497,951.05817
0.07,0.13,12.820513,299.55655,0.3776277,930.4254
0.07,0.13,13.333333,299.7098,0.38895404,910.17816
0.07,0.13,13.846154,299.8503,0.40003365,890.31287
0.07,0.13,14.358974,299.97836,0.4108711,870.8261
0.07,0.13,14.871795,300.09393,0.42147088,851.71356
0.07,0.13,15.384615,300.1975,0.4318378,832.97144
0.07,0.13,15.897436,300.2891,0.44197628,814.5953
0.07,0.13,16.410257,300.36896,0.4518909,796.5809
0.07,0.13,16.923077,300.43732,0.46158588,778.9237
0.07,0.13,17.435898,300.49432,0.47106573,761.61896
0.07,0.13,17.948717,300.54022,0.48033488,744.66223
0.07,0.13,18.461538,300.5752,0.48939735,728.04846
0.07,0.13,18.97436,300.5994,0.49825746,711.77295
0.07,0.13,19.487179,300.6131,0.50691926,695.83093
0.07,0.13,20.0,300.61646,0.515387,680.21704
0.07,0.15,0.0,291.09732,0.0,1565.8531
0.07,0.15,0.51282054,291.64172,0.019086614,1535.7783
0.07,0.15,1.0256411,292.1675,0.03780523,1506.0582
0.07,0.15,1.5384616,292.67517,0.05616028,1476.7004
0.07,0.15,2.0512822,293.16476,0.0741563,1447.7122
0.07,0.15,2.5641026,293.63672,0.09179783,1419.1006
0.07,0.15,3.0769231,294.09113,0.10908951,1390.8713
0.07,0.15,3.5897436,294.5283,0.12603624,1363.0287
0.07,0.15,4.1025643,294.94846,0.14264262,1335.5779
0.07,0.15,4.6153846,295.35184,0.15891358,1308.5228
0.07,0.15,5.1282053,295.7387,0.17485407,1281.8666
0.07,0.15,5.6410255,296.10934,0.19046894,1255.6111
0.07,0.15,6.1538463,296.4639,0.20576307,1229.7592
0.07,0.15,6.6666665,296.80264,0.2207416,1204.3116
0.07,0.15,7.179487,297.12585,0.23540936,1179.2704
0.07,0.15,7.6923075,297.43372,0.24977139,1154.6349
0.07,0.15,8.205129,297.72647,0.2638328,1130.4055
0.07,0.15,8.717949,298.00433,0.27759844,1106.582
0.07,0.15,9.230769,298.26755,0.29107335,1083.1635
0.07,0.15,9.743589,298.5164,0.30426258,1060.1484
0.07,0.15,10.256411,298.751,0.31717104,1037.5355
0.07,0.15,10.769231,298.9717,0.3298036,1015.3228
0.07,0.15,11.282051,299.1786,0.34216517,993.50806
0.07,0.15,11.794871,299.37204,0.3542607,972.08844
0.07,0.15,12.307693,299.5521,0.36609513,951.0612
0.07,0.15,12.820513,299.71906,0.37767315,930.42334
0.07,0.15,13.333333,299.8732,0.38899943,910.17175
0.07,0.15,13.846154,300.01456,0.4000789,890.30237
0.07,0.15,14.358974,300.1435,0.41091615,870.8119
0.07,0.15,14.871795,300.26016,0.42151588,851.69604
0.07,0.15,15.384615,300.36475,0.4318825,832.9509
0.07,0.15,15.897436,300.45752,0.4420207,814.57227
0.07,0.15,16.410257,300.5387,0.451935,796.5554
0.07,0.15,16.923077,300.60825,0.4616297,778.8962
0.07,0.15,17.435898,300.66666,0.47110927,761.58984
0.07,0.15,17.948717,300.71393,0.48037794,744.6315
0.07,0.15,18.461538,300.7503,0.48944014,728.01654
0.07,0.15,18.97436,300.77597,0.4982998,711.7399
0.07,0.15,19.487179,300.7912,0.50696117,695.797
0.07,0.15,20.0,300.7961,0.5154284,680.1824
0.07,0.17,0.0,291.20367,0.0,1566.1497
0.07,0.17,0.51282054,291.74576,0.019090056,1536.0419
0.07,0.17,1.0256411,292.26953,0.03781175,1506.2919
0.07,0.17,1.5384616,292.77524,0.056169458,1476.9069
0.07,0.17,2.0512822,293.2632,0.07416788,1447.8944
0.07,0.17,2.5641026,293.73364,0.09181144,1419.26
0.07,0.17,3.0769231,294.18668,0.1091051,1391.01
0.07,0.17,3.5897436,294.6228,0.12605335,1363.1494
0.07,0.17,4.1025643,295.04196,0.14266112,1335.682
0.07,0.17,4.6153846,295.44458,0.15893331,1308.6119
0.07,0.17,5.1282053,295.83084,0.17487477,1281.942
0.07,0.17,5.6410255,296.20093,0.19049048,1255.6743
0.07,0.17,6.1538463,296.55518,0.20578533,1229.8113
0.07,0.17,6.6666665,296.89374,0.2207644,1204.3541
0.07,0.17,7.179487,297.2169,0.23543262,1179.3035
0.07,0.17,7.6923075,297.5248,0.24979508,1154.6603
0.07,0.17,8.205129,297.81775,0.26385674,1130.424
0.07,0.17,8.717949,298.09598,0.27762255,1106.5941
0.07,0.17,9.230769,298.35965,0.29109764,1083.17
0.07,0.17,9.743589,298.60907,0.3042869,1060.15
0.07,0.17,10.256411,298.8443,0.3171953,1037.5328
0.07,0.17,10.769231,299.0658,0.32982785,1015.3163
0.07,0.17,11.282051,299.2736,0.34218934,993.4983
0.07,0.17,11.794871,299.46796,0.35428476,972.0758
0.07,0.17,12.307693,299.64905,0.36611897,951.04614
0.07,0.17,12.820513,299.81717,0.37769675,930.40625
0.07,0.17,13.333333,299.97247,0.38902286,910.15283
0.07,0.17,13.846154,300.1152,0.40010208,890.28204
0.07,0.17,14.358974,300.24545,0.4109391,870.7902
0.07,0.17,14.871795,300.36362,0.42153847,851.6736
0.07,0.17,15.384615,300.4698,0.43190485,832.92773
0.07,0.17,15.897436,300.56406,0.4420427,814.5484
0.07,0.17,16.410257,300.64682,0.45195675,796.5314
0.07,0.17,16.923077,300.7181,0.4616512,778.872
0.07,0.17,17.435898,300.77826,0.47113046,761.5654
0.07,0.17,17.948717,300.82736,0.4803988,744.60724
0.07,0.17,18.461538,300.86563,0.48946068,727.9924
0.07,0.17,18.97436,300.89322,0.4983201,711.71606
0.07,0.17,19.487179,300.91037,0.5069812,695.7735
0.07,0.17,20.0,300.9172,0.5154481,680.15936
0.07,0.19,0.0,291.2391,0.0,1566.2998
0.07,0.19,0.51282054,291.77905,0.019091725,1536.1678
0.07,0.19,1.0256411,292.301,0.037814826,1506.3953
0.07,0.19,1.5384616,292.8051,0.056173734,1476.9904
0.07,0.19,2.0512822,293.29166,0.07417309,1447.9603
0.07,0.19,2.5641026,293.7608,0.09181744,1419.3105
0.07,0.19,3.0769231,294.21286,0.109111466,1391.047
0.07,0.19,3.5897436,294.64807,0.12606019,1363.1741
0.07,0.19,4.1025643,295.0666,0.14266822,1335.6964
0.07,0.19,4.6153846,295.46872,0.1589405,1308.617
0.07,0.19,5.1282053,295.8546,0.1748819,1281.9391
0.07,0.19,5.6410255,296.2246,0.19049758,1255.6649
0.07,0.19,6.1538463,296.5788,0.20579228,1229.7963
0.07,0.19,6.6666665,296.91745,0.22077113,1204.3344
0.07,0.19,7.179487,297.24088,0.23543915,1179.2799
0.07,0.19,7.6923075,297.54926,0.24980117,1154.6337
0.07,0.19,8.205129,297.84274,0.26386255,1130.3947
0.07,0.19,8.717949,298.1216,0.27762797,1106.5629
0.07,0.19,9.230769,298.3861,0.29110265,1083.1373
0.07,0.19,9.743589,298.63644,0.3042915,1060.1165
0.07,0.19,10.256411,298.87265,0.3171995,1037.4987
0.07,0.19,10.769231,299.09534,0.3298316,1015.2821
0.07,0.19,11.282051,299.30435,0.34219262,993.4639
0.07,0.19,11.794871,299.50006,0.35428768,972.042
0.07,0.19,12.307693,299.6826,0.36612147,951.013
0.07,0.19,12.820513,299.85223,0.37769884,930.374
0.07,0.19,13.333333,300.00912,0.38902456,910.1215
0.07,0.19,13.846154,300.15353,0.40010345,890.25195
0.07,0.19,14.358974,300.2856,0.41094002,870.7615
0.07,0.19,14.871795,300.4056,0.42153907,851.64606
0.07,0.19,15.384615,300.51364,0.43190512,832.90155
0.07,0.19,15.897436,300.61,0.4420427,814.52386
0.07,0.19,16.410257,300.69473,0.45195648,796.50836
0.07,0.19,16.923077,300.76813,0.4616506,778.8506
0.07,0.19,17.435898,300.83044,0.47112966,761.54565
0.07,0.19,17.948717,300.88174,0.48039776,744.5891
0.07,0.19,18.461538,300.9223,0.48945937,727.97595
0.07,0.19,18.97436,300.9522,0.49831858,711.7015
0.07,0.19,19.487179,300.97174,0.50697947,695.76044
0.07,0.19,20.0,300.981,0.5154463,680.148
0.07,0.21,0.0,291.20526,0.0,1566.3077
0.07,0.21,0.51282054,291.74335,0.019091725,1536.158
0.07,0.21,1.0256411,292.26364,0.037814565,1506.3706
0.07,0.21,1.5384616,292.76633,0.05617311,1476.9532
0.07,0.21,2.0512822,293.25165,0.07417189,1447.9121
0.07,0.21,2.5641026,293.71985,0.09181561,1419.2534
0.07,0.21,3.0769231,294.17114,0.10910896,1390.9825
0.07,0.21,3.5897436,294.60574,0.12605679,1363.1042
0.07,0.21,4.1025643,295.02386,0.1426639,1335.6221
0.07,0.21,4.6153846,295.42572,0.15893528,1308.5396
0.07,0.21,5.1282053,295.8116,0.17487581,1281.8596
0.07,0.21,5.6410255,296.18164,0.19049042,1255.584
0.07,0.21,6.1538463,296.5362,0.20578414,1229.7148
0.07,0.21,6.6666665,296.8753,0.220762,1204.2533
0.07,0.21,7.179487,297.1993,0.23542897,1179.2001
0.07,0.21,7.6923075,297.50842,0.24979012,1154.555
0.07,0.21,8.205129,297.8028,0.26385048,1130.3179
0.07,0.21,8.717949,298.08267,0.27761504,1106.4885
0.07,0.21,9.230769,298.3483,0.29108882,1083.0658
0.07,0.21,9.743589,298.59985,0.3042767,1060.048
0.07,0.21,10.256411,298.83755,0.3171839,1037.4335
0.07,0.21,10.769231,299.0616,0.32981527,1015.21985
0.07,0.21,11.282051,299.27222,0.34217557,993.40546
0.07,0.21,11.794871,299.4696,0.3542699,971.9871
0.07,0.21,12.307693,299.65396,0.36610305,950.96173
0.07,0.21,12.820513,299.82553,0.37767977,930.32635
0.07,0.21,13.333333,299.9844,0.38900495,910.0776
0.07,0.21,13.846154,300.13086,0.4000833,890.21173
0.07,0.21,14.358974,300.26514,0.41091943,870.7249
0.07,0.21,14.871795,300.3873,0.42151806,851.6132
0.07,0.21,15.384615,300.49765,0.43188375,832.87244
0.07,0.21,15.897436,300.59634,0.442021,814.4983
0.07,0.21,16.410257,300.68356,0.45193443,796.4862
0.07,0.21,16.923077,300.75952,0.46162835,778.83185
0.07,0.21,17.435898,300.82434,0.47110713,761.5303
0.07,0.21,17.948717,300.87823,0.48037508,744.5769
0.07,0.21,18.461538,300.92148,0.48943657,727.9669
0.07,0.21,18.97436,300.95416,0.49829566,711.69525
0.07,0.21,19.487179,300.9764,0.5069565,695.75726
0.07,0.21,20.0,300.9885,0.51542336,680.1476
0.07,0.23,0.0,291.1038,0.0,1566.1761
0.07,0.23,0.51282054,291.64023,0.019090056,1536.016
0.07,0.23,1.0256411,292.1591,0.037811123,1506.2206
0.07,0.23,1.5384616,292.66055,0.05616779,1476.7972
0.07,0.23,2.0512822,293.14493,0.07416459,1447.7522
0.07,0.23,2.5641026,293.61237,0.09180628,1419.0912
0.07,0.23,3.0769231,294.06308,0.109097645,1390.8195
0.07,0.23,3.5897436,294.49734,0.1260435,1362.9413
0.07,0.23,4.1025643,294.91534,0.14264861,1335.4607
0.07,0.23,4.6153846,295.31723,0.15891796,1308.3807
0.07,0.23,5.1282053,295.70337,0.17485651,1281.7039
0.07,0.23,5.6410255,296.07382,0.1904693,1255.4326
0.07,0.23,6.1538463,296.42883,0.2057612,1229.5685
0.07,0.23,6.6666665,296.7687,0.22073728,1204.1119
0.07,0.23,7.179487,297.09363,0.23540252,1179.0645
0.07,0.23,7.6923075,297.40375,0.24976206,1154.4253
0.07,0.23,8.205129,297.6993,0.26382092,1130.195
0.07,0.23,8.717949,297.9805,0.27758396,1106.3722
0.07,0.23,9.230769,298.2476,0.29105633,1082.9559
0.07,0.23,9.743589,298.50067,0.3042429,1059.9447
0.07,0.23,10.256411,298.7401,0.31714886,1037.337
0.07,0.23,10.769231,298.96603,0.32977906,1015.1304
0.07,0.23,11.282051,299.17856,0.34213832,993.32275
0.07,0.23,11.794871,299.37796,0.35423166,971.9111
0.07,0.23,12.307693,299.56442,0.3660639,950.89246
0.07,0.23,12.820513,299.73825,0.37763992,930.26355
0.07,0.23,13.333333,299.89948,0.38896433,910.0213
0.07,0.23,13.846154,300.0484,0.40004197,890.1615
0.07,0.23,14.358974,300.18515,0.41087753,870.681
0.07,0.23,14.871795,300.31,0.4214757,851.5752
0.07,0.23,15.384615,300.42297,0.43184093,832.8401
0.07,0.23,15.897436,300.5244,0.44197786,814.47156
0.07,0.23,16.410257,300.61447,0.45189092,796.46484
0.07,0.23,16.923077,300.69333,0.4615846,778.8155
0.07,0.23,17.435898,300.76108,0.47106323,761.5189
0.07,0.23,17.948717,300.81802,0.48033112,744.5704
0.07,0.23,18.461538,300.86432,0.48939258,727.9649
0.07,0.23,18.97436,300.9001,0.49825168,711.69763
0.07,0.23,19.487179,300.9255,0.5069126,695.76373
0.07,0.23,20.0,300.94086,0.5153795,680.1581
0.07,0.25,0.0,290.93637,0.0,1565.9069
0.07,0.25,0.51282054,291.4713,0.019086719,1535.7435
0.07,0.25,1.0256411,291.9889,0.037804395,1505.9471
0.07,0.25,1.5384616,292.48938,0.05615767,1476.5247
0.07,0.25,2.0512822,292.973,0.07415119,1447.4824
0.07,0.25,2.5641026,293.43988,0.09178959,1418.825
0.07,0.25,3.0769231,293.8903,0.10907767,1390.5587
0.07,0.25,3.5897436,294.3244,0.12602039,1362.6868
0.07,0.25,4.1025643,294.74243,0.14262238,1335.2136
0.07,0.25,4.6153846,295.14465,0.15888882,1308.1414
0.07,0.25,5.1282053,295.53122,0.17482449,1281.4739
0.07,0.25,5.6410255,295.90234,0.19043446,1255.2118
0.07,0.25,6.1538463,296.2582,0.20572369,1229.3572
0.07,0.25,6.6666665,296.5991,0.22069722,1203.911
0.07,0.25,7.179487,296.92517,0.23536013,1178.8735
0.07,0.25,7.6923075,297.23657,0.24971731,1154.2454
0.07,0.25,8.205129,297.5336,0.26377398,1130.0253
0.07,0.25,8.717949,297.81647,0.277535,1106.2133
0.07,0.25,9.230769,298.08527,0.2910055,1082.8076
0.07,0.25,9.743589,298.34033,0.30419034,1059.8071
0.07,0.25,10.256411,298.58176,0.31709462,1037.2097
0.07,0.25,10.769231,298.80975,0.32972336,1015.0134
0.07,0.25,11.282051,299.0246,0.34208122,993.21576
0.07,0.25,11.794871,299.22638,0.35417336,971.814
0.07,0.25,12.307693,299.41534,0.3660045,950.8049
0.07,0.25,12.820513,299.5917,0.37757936,930.1855
0.07,0.25,13.333333,299.7556,0.3889029,909.9521
0.07,0.25,13.846154,299.9073,0.3999798,890.1013
0.07,0.25,14.358974,300.04694,0.4108147,870.6292
0.07,0.25,14.871795,300.17468,0.4214122,851.53156
0.07,0.25,15.384615,300.29074,0.43177694,832.8044
0.07,0.25,15.897436,300.39532,0.4419135,814.4433
0.07,0.25,16.410257,300.48846,0.4518263,796.44385
0.07,0.25,16.923077,300.5706,0.46151966,778.80145
0.07,0.25,17.435898,300.64172,0.4709982,761.51154
0.07,0.25,17.948717,300.70203,0.48026603,744.5692
0.07,0.25,18.461538,300.75177,0.4893275,727.9698
0.07,0.25,18.97436,300.79108,0.49818677,711.7082
0.07,0.25,19.487179,300.82007,0.5068478,695.77966
0.07,0.25,20.0,300.83896,0.51531494,680.1791
0.07,0.27,0.0,290.70456,0.0,1565.5035
0.07,0.27,0.51282054,291.2382,0.019081764,1535.3439
0.07,0.27,1.0256411,291.75473,0.03779459,1505.5529
0.07,0.27,1.5384616,292.25436,0.056143068,1476.1377
0.07,0.27,2.0512822,292.73734,0.07413184,1447.1041
0.07,0.27,2.5641026,293.2039,0.09176565,1418.4572
0.07,0.27,3.0769231,293.65414,0.1090493,1390.2019
0.07,0.27,3.5897436,294.0884,0.12598768,1362.3423
0.07,0.27,4.1025643,294.50677,0.14258556,1334.882
0.07,0.27,4.6153846,294.90945,0.15884793,1307.8236
0.07,0.27,5.1282053,295.29672,0.17477974,1281.1698
0.07,0.27,5.6410255,295.66873,0.19038612,1254.9221
0.07,0.27,6.1538463,296.0257,0.20567185,1229.0823
0.07,0.27,6.6666665,296.3678,0.22064215,1203.6508
0.07,0.27,7.179487,296.69528,0.23530182,1178.6283
0.07,0.27,7.6923075,297.00833,0.24965614,1154.0148
0.07,0.27,8.205129,297.3071,0.26371008,1129.8097
0.07,0.27,8.717949,297.5918,0.27746853,1106.0122
0.07,0.27,9.230769,297.86273,0.2909366,1082.6213
0.07,0.27,9.743589,298.1199,0.30411932,1059.6349
0.07,0.27,10.256411,298.36365,0.3170216,1037.0516
0.07,0.27,10.769231,298.59412,0.32964844,1014.86896
0.07,0.27,11.282051,298.8115,0.3420046,993.0846
0.07,0.27,11.794871,299.01596,0.35409516,971.69574
0.07,0.27,12.307693,299.20773,0.36592495,950.69904
0.07,0.27,12.820513,299.38702,0.37749857,930.0918
0.07,0.27,13.333333,299.55396,0.38882107,909.8702
0.07,0.27,13.846154,299.70877,0.39989707,890.03064
0.07,0.27,14.358974,299.85156,0.41073105,870.56934
0.07,0.27,14.871795,299.9826,0.42132792,851.4821
0.07,0.27,15.384615,300.10205,0.43169212,832.7649
0.07,0.27,15.897436,300.21008,0.44182825,814.4133
0.07,0.27,16.410257,300.30685,0.45174077,796.423
0.07,0.27,16.923077,300.3925,0.46143392,778.78937
0.07,0.27,17.435898,300.46732,0.47091234,761.50757
0.07,0.27,17.948717,300.53137,0.48018017,744.5732
0.07,0.27,18.461538,300.5849,0.48924172,727.981
0.07,0.27,18.97436,300.62802,0.4981011,711.72656
0.07,0.27,19.487179,300.66092,0.5067625,695.8048
0.07,0.27,20.0,300.68384,0.51523,680.2104
0.07,0.29,0.0,290.41006,0.0,1564.9686
0.07,0.29,0.51282054,290.94244,0.019075245,1534.819
0.07,0.29,1.0256411,291.45807,0.037781708,1505.0402
0.07,0.29,1.5384616,291.95703,0.056123927,1475.6387
0.07,0.29,2.0512822,292.4396,0.07410665,1446.62
0.07,0.29,2.5641026,292.90598,0.09173462,1417.9891
0.07,0.29,3.0769231,293.35632,0.10901258,1389.751
0.07,0.29,3.5897436,293.79083,0.12594554,1361.909
0.07,0.29,4.1025643,294.20963,0.14253816,1334.4672
0.07,0.29,4.6153846,294.6131,0.15879557,1307.4275
0.07,0.29,5.1282053,295.00122,0.17472264,1280.793
0.07,0.29,5.6410255,295.3744,0.19032452,1254.5646
0.07,0.29,6.1538463,295.7327,0.20560592,1228.7443
0.07,0.29,6.6666665,296.07626,0.22057216,1203.3323
0.07,0.29,7.179487,296.4054,0.23522812,1178.3291
0.07,0.29,7.6923075,296.72028,0.24957883,1153.7349
0.07,0.29,8.205129,297.02106,0.2636294,1129.5487
0.07,0.29,8.717949,297.30792,0.2773848,1105.7699
0.07,0.29,9.230769,297.58112,0.29085,1082.3971
0.07,0.29,9.743589,297.8408,0.3040301,1059.4287
0.07,0.29,10.256411,298.08707,0.31692994,1036.8627
0.07,0.29,10.769231,298.3203,0.3295545,1014.69684
0.07,0.29,11.282051,298.5405,0.3419087,992.9291
0.07,0.29,11.794871,298.74796,0.35399738,971.5562
0.07,0.29,12.307693,298.9429,0.3658255,950.5751
0.07,0.29,12.820513,299.12537,0.37739778,929.98236
0.07,0.29,13.333333,299.2956,0.38871905,909.77515
0.07,0.29,13.846154,299.45383,0.3997938,889.94916
0.07,0.29,14.358974,299.60016,0.410627,870.5012
0.07,0.29,14.871795,299.73477,0.42122307,851.4266
0.07,0.29,15.384615,299.85794,0.43158668,832.7213
0.07,0.29,15.897436,299.96973,0.44172227,814.3813
0.07,0.29,16.410257,300.07034,0.45163447,796.40186
0.07,0.29,16.923077,300.16006,0.46132752,778.7785
0.07,0.29,17.435898,300.23886,0.47080588,761.5068
0.07,0.29,17.948717,300.30698,0.48007378,744.5818
0.07,0.29,18.461538,300.36462,0.48913544,727.99854
0.07,0.29,18.97436,300.41202,0.4979951,711.75244
0.07,0.29,19.487179,300.44922,0.5066568,695.83856
0.07,0.29,20.0,300.47638,0.51512474,680.2516
0.07,0.31,0.0,290.05438,0.0,1564.3046
0.07,0.31,0.51282054,290.58566,0.019067213,1534.1718
0.07,0.31,1.0256411,291.10046,0.037765697,1504.4116
0.07,0.31,1.5384616,291.5989,0.056100406,1475.0294
0.07,0.31,2.0512822,292.0812,0.07407572,1446.0316
0.07,0.31,2.5641026,292.54755,0.0916966,1417.423
0.07,0.31,3.0769231,292.9981,0.10896773,1389.2073
0.07,0.31,3.5897436,293.43307,0.12589407,1361.3888
0.07,0.31,4.1025643,293.8526,0.14248052,1333.9703
0.07,0.31,4.6153846,294.25696,0.15873194,1306.9547
0.07,0.31,5.1282053,294.6462,0.17465338,1280.3445
0.07,0.31,5.6410255,295.02063,0.19024979,1254.1403
0.07,0.31,6.1538463,295.38043,0.20552617,1228.3439
0.07,0.31,6.6666665,295.72577,0.22048767,1202.956
0.07,0.31,7.179487,296.05682,0.2351391,1177.9763
0.07,0.31,7.6923075,296.3737,0.24948558,1153.4055
0.07,0.31,8.205129,296.6767,0.26353228,1129.2424
0.07,0.31,8.717949,296.96603,0.2772841,1105.486
0.07,0.31,9.230769,297.24173,0.2907459,1082.1351
0.07,0.31,9.743589,297.50415,0.30392286,1059.1882
0.07,0.31,10.256411,297.75333,0.31681988,1036.643
0.07,0.31,10.769231,297.9895,0.3294419,1014.49744
0.07,0.31,11.282051,298.21286,0.34179375,992.7492
0.07,0.31,11.794871,298.42358,0.3538804,971.39514
0.07,0.31,12.307693,298.62186,0.3657066,950.4322
0.07,0.31,12.820513,298.8078,0.37727723,929.8574
0.07,0.31,13.333333,298.98166,0.388597,909.6669
0.07,0.31,13.846154,299.14355,0.39967063,889.8571
0.07,0.31,14.358974,299.2938,0.4105027,870.42444
0.07,0.31,14.871795,299.43237,0.42109796,851.3647
0.07,0.31,15.384615,299.5595,0.43146092,832.6735
0.07,0.31,15.897436,299.6754,0.4415961,814.3469
0.07,0.31,16.410257,299.78018,0.45150787,796.3803
0.07,0.31,16.923077,299.8741,0.46120068,778.76917
0.07,0.31,17.435898,299.95734,0.47067896,761.5088
0.07,0.31,17.948717,300.02985,0.47994694,744.59467
0.07,0.31,18.461538,300.09204,0.4890088,728.0218
0.07,0.31,18.97436,300.14395,0.49786884,711.78546
0.07,0.31,19.487179,300.1857,0.506531,695.8806
0.07,0.31,20.0,300.21762,0.51499957,680.30237
0.07,0.33,0.0,289.63904,0.0,1563.5149
0.07,0.33,0.51282054,290.16937,0.019057564,1533.4049
0.07,0.33,1.0256411,290.6835,0.03774692,1503.6687
0.07,0.33,1.5384616,291.18155,0.056072503,1474.3126
0.07,0.33,2.0512822,291.66376,0.07403921,1445.3411
0.07,0.33,2.5641026,292.13016,0.091651745,1416.7596
0.07,0.33,3.0769231,292.58105,0.1089149,1388.5719
0.07,0.33,3.5897436,293.01663,0.12583363,1360.7821
0.07,0.33,4.1025643,293.437,0.14241272,1333.3928
0.07,0.33,4.6153846,293.8424,0.15865725,1306.4064
0.07,0.33,5.1282053,294.233,0.17457207,1279.8243
0.07,0.33,5.6410255,294.60892,0.19016227,1253.6494
0.07,0.33,6.1538463,294.97043,0.20543277,1227.882
0.07,0.33,6.6666665,295.31763,0.22038879,1202.5222
0.07,0.33,7.179487,295.65076,0.23503506,1177.5707
0.07,0.33,7.6923075,295.96994,0.24937674,1153.027
0.07,0.33,8.205129,296.2754,0.2634189,1128.8909
0.07,0.33,8.717949,296.5673,0.27716652,1105.1609
0.07,0.33,9.230769,296.8459,0.2906245,1081.8357
0.07,0.33,9.743589,297.11115,0.30379796,1058.9136
0.07,0.33,10.256411,297.36343,0.3166918,1036.3927
0.07,0.33,10.769231,297.6029,0.32931083,1014.2704
0.07,0.33,11.282051,297.82962,0.34166008,992.5447
0.07,0.33,11.794871,298.04388,0.35374427,971.21246
0.07,0.33,12.307693,298.24576,0.3655684,950.2706
0.07,0.33,12.820513,298.43555,0.3771371,929.71594
0.07,0.33,13.333333,298.61325,0.3884553,909.5448
0.07,0.33,13.846154,298.7792,0.39952755,889.75385
0.07,0.33,14.358974,298.9335,0.41035846,870.3388
0.07,0.33,14.871795,299.07623,0.42095277,851.2959
0.07,0.33,15.384615,299.20773,0.431315,832.6211
0.07,0.33,15.897436,299.328,0.44144952,814.3098
0.07,0.33,16.410257,299.43732,0.451361,796.3578
0.07,0.33,16.923077,299.53586,0.46105373,778.76044
0.07,0.33,17.435898,299.62363,0.47053188,761.51337
0.07,0.33,17.948717,299.70093,0.4798,744.61163
0.07,0.33,18.461538,299.7679,0.48886216,728.0504
0.07,0.33,18.97436,299.82468,0.49772263,711.8251
0.07,0.33,19.487179,299.87146,0.5063854,695.9307
0.07,0.33,20.0,299.90833,0.5148546,680.3622
0.07,0.35,0.0,289.16565,0.0,1562.6016
0.07,0.35,0.51282054,289.6951,0.01904656,1532.5205
0.07,0.35,1.0256411,290.20868,0.03772512,1502.8147
0.07,0.35,1.5384616,290.70642,0.05604043,1473.4896
0.07,0.35,2.0512822,291.18854,0.07399718,1444.5505
0.07,0.35,2.5641026,291.65524,0.09160022,1416.0016
0.07,0.35,3.0769231,292.10663,0.10885424,1387.8477
0.07,0.35,3.5897436,292.54294,0.1257642,1360.0912
0.07,0.35,4.1025643,292.9643,0.14233506,1332.7356
0.07,0.35,4.6153846,293.3709,0.15857172,1305.7826
0.07,0.35,5.1282053,293.76297,0.17447907,1279.235
0.07,0.35,5.6410255,294.14056,0.19006224,1253.0933
0.07,0.35,6.1538463,294.50394,0.20532611,1227.3585
0.07,0.35,6.6666665,294.85318,0.22027582,1202.0317
0.07,0.35,7.179487,295.18857,0.2349163,1177.1123
0.07,0.35,7.6923075,295.51025,0.24925247,1152.6002
0.07,0.35,8.205129,295.81842,0.26328963,1128.4946
0.07,0.35,8.717949,296.1131,0.27703252,1104.7943
0.07,0.35,9.230769,296.39462,0.29048625,1081.4984
0.07,0.35,9.743589,296.66312,0.30365568,1058.6047
0.07,0.35,10.256411,296.91873,0.3165458,1036.1111
0.07,0.35,10.769231,297.16162,0.3291616,1014.01556
0.07,0.35,11.282051,297.392,0.34150785,992.3154
0.07,0.35,11.794871,297.61,0.35358942,971.00806
0.07,0.35,12.307693,297.81577,0.36541113,950.0901
0.07,0.35,12.820513,298.00958,0.37697786,929.55804
0.07,0.35,13.333333,298.19147,0.38829422,909.4089
0.07,0.35,13.846154,298.36166,0.39936483,889.63873
0.07,0.35,14.358974,298.5203,0.41019452,870.24396
0.07,0.35,14.871795,298.66757,0.42078775,851.2202
0.07,0.35,15.384615,298.80365,0.43114915,832.5635
0.07,0.35,15.897436,298.92856,0.4412831,814.2695
0.07,0.35,16.410257,299.0427,0.4511941,796.334
0.07,0.35,16.923077,299.1461,0.4608866,778.75226
0.07,0.35,17.435898,299.23886,0.47036487,761.51984
0.07,0.35,17.948717,299.3212,0.47963312,744.6321
0.07,0.35,18.461538,299.3933,0.48869568,728.0841
0.07,0.35,18.97436,299.45526,0.49755657,711.8711
0.07,0.35,19.487179,299.5072,0.50622004,695.9884
0.07,0.35,20.0,299.54944,0.5146899,680.43085
0.07,0.37,0.0,288.63574,0.0,1561.5685
0.07,0.37,0.51282054,289.16446,0.01903399,1531.5217
0.07,0.37,1.0256411,289.6775,0.037700556,1501.8512
0.07,0.37,1.5384616,290.17505,0.056004234,1472.5632
0.07,0.37,2.0512822,290.6572,0.07394987,1443.6613
0.07,0.37,2.5641026,291.12424,0.091542065,1415.1508
0.07,0.37,3.0769231,291.57623,0.10878587,1387.035
0.07,0.37,3.5897436,292.0134,0.12568614,1359.3173
0.07,0.37,4.1025643,292.43585,0.1422477,1332.0002
0.07,0.37,4.6153846,292.84384,0.15847549,1305.086
0.07,0.37,5.1282053,293.23746,0.1743745,1278.5765
0.07,0.37,5.6410255,293.61682,0.18994984,1252.4724
0.07,0.37,6.1538463,293.98227,0.20520627,1226.7753
0.07,0.37,6.6666665,294.33374,0.22014904,1201.485
0.07,0.37,7.179487,294.6716,0.23478293,1176.6016
0.07,0.37,7.6923075,294.99588,0.24911316,1152.1249
0.07,0.37,8.205129,295.3069,0.26314464,1128.0536
0.07,0.37,8.717949,295.60458,0.2768823,1104.3872
0.07,0.37,9.230769,295.88937,0.29033118,1081.1238
0.07,0.37,9.743589,296.16116,0.30349624,1058.2617
0.07,0.37,10.256411,296.42035,0.3163823,1035.7988
0.07,0.37,10.769231,296.66687,0.32899445,1013.73303
0.07,0.37,11.282051,296.9011,0.34133738,992.0615
0.07,0.37,11.794871,297.12305,0.35341603,970.7815
0.07,0.37,12.307693,297.333,0.36523506,949.88995
0.07,0.37,12.820513,297.53104,0.3767995,929.38354
0.07,0.37,13.333333,297.71735,0.38811386,909.2586
0.07,0.37,13.846154,297.892,0.39918283,889.5119
0.07,0.37,14.358974,298.05533,0.410011,870.13934
0.07,0.37,14.871795,298.20728,0.4206032,851.1367
0.07,0.37,15.384615,298.3482,0.43096358,832.50024
0.07,0.37,15.897436,298.47818,0.44109696,814.22565
0.07,0.37,16.410257,298.5973,0.4510076,796.3082
0.07,0.37,16.923077,298.7058,0.4606998,778.74396
0.07,0.37,17.435898,298.80383,0.47017807,761.52795
0.07,0.37,17.948717,298.89145,0.4794466,744.65564
0.07,0.37,18.461538,298.96896,0.48850945,728.12225
0.07,0.37,18.97436,299.03644,0.497371,711.9231
0.07,0.37,19.487179,299.094,0.50603503,696.0532
0.07,0.37,20.0,299.14175,0.51450586,680.5078
0.07,0.39,0.0,288.0509,0.0,1560.4177
0.07,0.39,0.51282054,288.57886,0.019020066,1530.411
0.07,0.39,1.0256411,289.09143,0.037673227,1500.7814
0.07,0.39,1.5384616,289.58884,0.05596397,1471.535
0.07,0.39,2.0512822,290.07117,0.073897146,1442.6761
0.07,0.39,2.5641026,290.53857,0.0914776,1414.2084
0.07,0.39,3.0769231,290.9913,0.10871009,1386.1359
0.07,0.39,3.5897436,291.4294,0.1255995,1358.4617
0.07,0.39,4.1025643,291.85315,0.1421508,1331.1879
0.07,0.39,4.6153846,292.26254,0.15836884,1304.3167
0.07,0.39,5.1282053,292.6579,0.17425868,1277.8496
0.07,0.39,5.6410255,293.0392,0.1898253,1251.7877
0.07,0.39,6.1538463,293.40677,0.20507354,1226.1321
0.07,0.39,6.6666665,293.76068,0.22000869,1200.8826
0.07,0.39,7.179487,294.10107,0.23463544,1176.0392
0.07,0.39,7.6923075,294.4282,0.24895899,1151.6013
0.07,0.39,8.205129,294.74216,0.26298422,1127.5681
0.07,0.39,8.717949,295.04306,0.27671617,1103.9387
0.07,0.39,9.230769,295.33115,0.2901597,1080.7115
0.07,0.39,9.743589,295.6065,0.30331996,1057.8843
0.07,0.39,10.256411,295.86935,0.3162016,1035.4554
0.07,0.39,10.769231,296.11984,0.32880974,1013.4222
0.07,0.39,11.282051,296.3581,0.34114903,991.7823
0.07,0.39,11.794871,296.58423,0.35322434,970.5327
0.07,0.39,12.307693,296.79852,0.36504063,949.6702
0.07,0.39,12.820513,297.00098,0.37660247,929.19183
0.07,0.39,13.333333,297.1919,0.38791463,909.0937
0.07,0.39,13.846154,297.37134,0.39898172,889.37256
0.07,0.39,14.358974,297.5395,0.4098084,870.02454
0.07,0.39,14.871795,297.69644,0.4203992,851.0453
0.07,0.39,15.384615,297.84247,0.43075866,832.43115
0.07,0.39,15.897436,297.9776,0.44089127,814.1776
0.07,0.39,16.410257,298.10208,0.4508015,796.28046
0.07,0.39,16.923077,298.21597,0.46049348,778.7351
0.07,0.39,17.435898,298.31952,0.46997175,761.53705
0.07,0.39,17.948717,298.41275,0.47924048,744.68176
0.07,0.39,18.461538,298.4959,0.48830378,728.1644
0.07,0.39,18.97436,298.5691,0.4971658,711.9804
0.07,0.39,19.487179,298.63248,0.50583076,696.12476
0.07,0.39,20.0,298.6862,0.51430255,680.59265
0.09,0.01,0.0,288.65582,0.0,1560.2797
0.09,0.01,0.51282054,289.2179,0.01902043,1530.5923
0.09,0.01,1.0256411,289.7605,0.037677452,1501.238
0.09,0.01,1.5384616,290.28384,0.055975392,1472.2262
0.09,0.01,2.0512822,290.7883,0.07391837,1443.5646
0.09,0.01,2.5641026,291.27408,0.09151072,1415.2616
0.09,0.01,3.0769231,291.74146,0.10875703,1387.3229
0.09,0.01,3.5897436,292.1908,0.12566178,1359.7549
0.09,0.01,4.1025643,292.62228,0.1422295,1332.5635
0.09,0.01,4.6153846,293.03625,0.15846491,1305.7529
0.09,0.01,5.1282053,293.4329,0.17437267,1279.327
0.09,0.01,5.6410255,293.81253,0.18995756,1253.2888
0.09,0.01,6.1538463,294.17545,0.20522442,1227.6417
0.09,0.01,6.6666665,294.5219,0.22017808,1202.3867
0.09,0.01,7.179487,294.8521,0.23482332,1177.5267
0.09,0.01,7.6923075,295.16638,0.24916494,1153.0618
0.09,0.01,8.205129,295.46494,0.263208,1128.9929
0.09,0.01,8.717949,295.74802,0.2769572,1105.3204
0.09,0.01,9.230769,296.01596,0.29041755,1082.0437
0.09,0.01,9.743589,296.26892,0.30359375,1059.1617
0.09,0.01,10.256411,296.50717,0.31649077,1036.6737
0.09,0.01,10.769231,296.731,0.32911342,1014.57776
0.09,0.01,11.282051,296.9406,0.34146655,992.8725
0.09,0.01,11.794871,297.13623,0.35355496,971.5555
0.09,0.01,12.307693,297.31818,0.3653834,950.624
0.09,0.01,12.820513,297.4865,0.37695658,930.07587
0.09,0.01,13.333333,297.64166,0.3882792,909.9076
0.09,0.01,13.846154,297.78372,0.39935583,890.1161
0.09,0.01,14.358974,297.91296,0.41019124,870.698
0.09,0.01,14.871795,298.02966,0.42078996,851.6495
0.09,0.01,15.384615,298.13394,0.4311564,832.96686
0.09,0.01,15.897436,298.226,0.44129515,814.64594
0.09,0.01,16.410257,298.3062,0.45121074,796.6827
0.09,0.01,16.923077,298.3746,0.46090728,779.07294
0.09,0.01,17.435898,298.43155,0.47038925,761.8121
0.09,0.01,17.948717,298.4771,0.47966093,744.8957
0.09,0.01,18.461538,298.51163,0.48872656,728.31903
0.09,0.01,18.97436,298.53522,0.49759024,712.0776
0.09,0.01,19.487179,298.54807,0.506256,696.1666
0.09,0.01,20.0,298.55048,0.51472795,680.5813
0.09,0.03,0.0,289.30005,0.0,1561.639
0.09,0.03,0.51282054,289.85806,0.01903665,1531.8633
0.09,0.03,1.0256411,290.39676,0.037708797,1502.4252
0.09,0.03,1.5384616,290.91635,0.05602082,1473.333
0.09,0.03,2.0512822,291.41718,0.07397694,1444.5953
0.09,0.03,2.5641026,291.89938,0.091581546,1416.2198
0.09,0.03,3.0769231,292.36334,0.10883917,1388.2122
0.09,0.03,3.5897436,292.80945,0.12575445,1360.579
0.09,0.03,4.1025643,293.23767,0.14233193,1333.325
0.09,0.03,4.6153846,293.6485,0.15857637,1306.4553
0.09,0.03,5.1282053,294.04214,0.17449242,1279.9733
0.09,0.03,5.6410255,294.4189,0.19008498,1253.8818
0.09,0.03,6.1538463,294.77902,0.20535882,1228.1842
0.09,0.03,6.6666665,295.1227,0.2203188,1202.8817
0.09,0.03,7.179487,295.45026,0.23496981,1177.9763
0.09,0.03,7.6923075,295.762,0.24931681,1153.4689
0.09,0.03,8.205129,296.05804,0.26336455,1129.3596
0.09,0.03,8.717949,296.33875,0.27711803,1105.6489
0.09,0.03,9.230769,296.60437,0.29058215,1082.3358
0.09,0.03,9.743589,296.85507,0.30376175,1059.4202
0.09,0.03,10.256411,297.0912,0.31666183,1036.9
0.09,0.03,10.769231,297.31287,0.3292871,1014.77405
0.09,0.03,11.282051,297.52042,0.34164244,993.0404
0.09,0.03,11.794871,297.71408,0.35373276,971.69666
0.09,0.03,12.307693,297.8941,0.36556274,950.7404
0.09,0.03,12.820513,298.06067,0.37713715,930.1687
0.09,0.03,13.333333,298.21396,0.3884608,909.9785
0.09,0.03,13.846154,298.35425,0.39953825,890.16656
0.09,0.03,14.358974,298.48184,0.4103741,870.7294
0.09,0.03,14.871795,298.59686,0.42097312,851.66284
0.09,0.03,15.384615,298.69955,0.43133962,832.96356
0.09,0.03,15.897436,298.79004,0.4414783,814.62726
0.09,0.03,16.410257,298.86874,0.45139343,796.6496
0.09,0.03,16.923077,298.9357,0.4610896,779.0264
0.09,0.03,17.435898,298.9912,0.47057095,761.75336
0.09,0.03,17.948717,299.03543,0.4798418,744.82556
0.09,0.03,18.461538,299.06854,0.48890653,728.23846
0.09,0.03,18.97436,299.09082,0.49776912,711.98737
0.09,0.03,19.487179,299.10242,0.5064337,696.0677
0.09,0.03,20.0,299.10355,0.5149044,680.47406
0.09,0.05,0.0,289.86105,0.0,1562.8346
0.09,0.05,0.51282054,290.41534,0.019050837,1532.9791
0.09,0.05,1.0256411,290.9505,0.03773623,1503.4656
0.09,0.05,1.5384616,291.4666,0.056060612,1474.3016
0.09,0.05,2.0512822,291.96405,0.07402821,1445.4958
0.09,0.05,2.5641026,292.44315,0.09164356,1417.0552
0.09,0.05,3.0769231,292.90405,0.10891109,1388.9862
0.09,0.05,3.5897436,293.34708,0.12583555,1361.2949
0.09,0.05,4.1025643,293.77255,0.14242154,1333.9856
0.09,0.05,4.6153846,294.18063,0.15867367,1307.0637
0.09,0.05,5.1282053,294.57172,0.17459694,1280.532
0.09,0.05,5.6410255,294.94592,0.19019607,1254.3936
0.09,0.05,6.1538463,295.3036,0.20547602,1228.6515
0.09,0.05,6.6666665,295.645,0.22044152,1203.3073
0.09,0.05,7.179487,295.97034,0.23509748,1178.3623
0.09,0.05,7.6923075,296.2799,0.24944893,1153.8175
0.09,0.05,8.205129,296.57394,0.26350084,1129.6727
0.09,0.05,8.717949,296.85263,0.27725795,1105.9287
0.09,0.05,9.230769,297.11636,0.29072532,1082.5842
0.09,0.05,9.743589,297.3653,0.30390778,1059.6393
0.09,0.05,10.256411,297.59964,0.31681034,1037.0913
0.09,0.05,10.769231,297.81976,0.32943782,1014.9391
0.09,0.05,11.282051,298.0257,0.34179506,993.18134
0.09,0.05,11.794871,298.21786,0.3538869,971.8144
0.09,0.05,12.307693,298.39645,0.36571822,950.8367
0.09,0.05,12.820513,298.56158,0.37729377,930.24475
0.09,0.05,13.333333,298.71353,0.38861817,910.0359
0.09,0.05,13.846154,298.85263,0.39969623,890.2061
0.09,0.05,14.358974,298.9789,0.41053247,870.75256
0.09,0.05,14.871795,299.0928,0.4211317,851.671
0.09,0.05,15.384615,299.1944,0.43149823,832.95734
0.09,0.05,15.897436,299.28387,0.4416367,814.6079
0.09,0.05,16.410257,299.36154,0.45155156,796.61804
0.09,0.05,16.923077,299.4276,0.4612472,778.9836
0.09,0.05,17.435898,299.48215,0.47072798,761.69995
0.09,0.05,17.948717,299.52545,0.47999817,744.7625
0.09,0.05,18.461538,299.55774,0.489062,728.1666
0.09,0.05,18.97436,299.5792,0.4979236,711.9075
0.09,0.05,19.487179,299.59003,0.50658727,695.9802
0.09,0.05,20.0,299.5904,0.5150568,680.38
0.09,0.07,0.0,290.34082,0.0,1563.8691
0.09,0.07,0.51282054,290.8917,0.019063093,1533.9429
0.09,0.07,1.0256411,291.42346,0.03775996,1504.3618
0.09,0.07,1.5384616,291.9365,0.05609498,1475.134
0.09,0.07,2.0512822,292.43094,0.07407249,1446.2677
0.09,0.07,2.5641026,292.9071,0.09169691,1417.7703
0.09,0.07,3.0769231,293.36533,0.108972944,1389.6471
0.09,0.07,3.5897436,293.8058,0.12590523,1361.9047
0.09,0.07,4.1025643,294.22876,0.1424984,1334.5472
0.09,0.07,4.6153846,294.6345,0.15875724,1307.5796
0.09,0.07,5.1282053,295.0233,0.17468655,1281.0048
0.09,0.07,5.6410255,295.3954,0.19029126,1254.8259
0.09,0.07,6.1538463,295.75104,0.20557615,1229.0454
0.09,0.07,6.6666665,296.0905,0.22054629,1203.6647
0.09,0.07,7.179487,296.41403,0.23520648,1178.6857
0.09,0.07,7.6923075,296.72186,0.24956179,1154.1085
0.09,0.07,8.205129,297.01428,0.26361698,1129.9337
0.09,0.07,8.717949,297.2915,0.27737716,1106.1613
0.09,0.07,9.230769,297.55377,0.29084724,1082.7903
0.09,0.07,9.743589,297.80136,0.30403206,1059.8197
0.09,0.07,10.256411,298.03445,0.31693676,1037.2483
0.09,0.07,10.769231,298.25327,0.329566,1015.0743
0.09,0.07,11.282051,298.45816,0.34192482,993.29535
0.09,0.07,11.794871,298.64923,0.3540179,971.9094
0.09,0.07,12.307693,298.82675,0.36585033,950.91345
0.09,0.07,12.820513,298.99103,0.3774267,930.3046
0.09,0.07,13.333333,299.14212,0.3887517,910.0798
0.09,0.07,13.846154,299.2804,0.39983022,890.23553
0.09,0.07,14.358974,299.40604,0.4106668,870.76807
0.09,0.07,14.871795,299.51917,0.42126605,851.6738
0.09,0.07,15.384615,299.62015,0.43163258,832.9483
0.09,0.07,15.897436,299.70905,0.4417709,814.5879
0.09,0.07,16.410257,299.78613,0.4516855,796.58795
0.09,0.07,16.923077,299.8517,0.46138057,778.94415
0.09,0.07,17.435898,299.90582,0.47086087,761.652
0.09,0.07,17.948717,299.94873,0.48013043,744.70667
0.09,0.07,18.461538,299.98068,0.4891935,728.1034
0.09,0.07,18.97436,300.00177,0.49805436,711.83765
0.09,0.07,19.487179,300.01233,0.50671697,695.90436
0.09,0.07,20.0,300.01245,0.5151856,680.2985
0.09,0.09,0.0,290.74112,0.0,1564.7455
0.09,0.09,0.51282054,291.28882,0.019073471,1534.7565
0.09,0.09,1.0256411,291.81763,0.03778004,1505.1161
0.09,0.09,1.5384616,292.3278,0.05612398,1475.8328
0.09,0.09,2.0512822,292.81955,0.07410978,1446.9141
0.09,0.09,2.5641026,293.2932,0.091741815,1418.3665
0.09,0.09,3.0769231,293.749,0.10902489,1390.1971
0.09,0.09,3.5897436,294.18716,0.12596364,1362.4105
0.09,0.09,4.1025643,294.60797,0.14256278,1335.0115
0.09,0.09,4.6153846,295.01172,0.15882707,1308.0046
0.09,0.09,5.1282053,295.39868,0.17476144,1281.393
0.09,0.09,5.6410255,295.76904,0.19037074,1255.1797
0.09,0.09,6.1538463,296.12305,0.2056598,1229.3666
0.09,0.09,6.6666665,296.461,0.22063375,1203.9556
0.09,0.09,7.179487,296.7831,0.23529734,1178.9479
0.09,0.09,7.6923075,297.08966,0.24965556,1154.3438
0.09,0.09,8.205129,297.38086,0.2637136,1130.1437
0.09,0.09,8.717949,297.65695,0.27747616,1106.3477
0.09,0.09,9.230769,297.9182,0.2909484,1082.9545
0.09,0.09,9.743589,298.16486,0.3041351,1059.9629
0.09,0.09,10.256411,298.397,0.31704137,1037.3721
0.09,0.09,10.769231,298.6151,0.32967216,1015.1797
0.09,0.09,11.282051,298.8193,0.34203207,993.3838
0.09,0.09,11.794871,299.00977,0.35412624,971.9816
0.09,0.09,12.307693,299.1868,0.36595938,950.9709
0.09,0.09,12.820513,299.35056,0.37753633,930.3484
0.09,0.09,13.333333,299.50128,0.3888619,910.1108
0.09,0.09,13.846154,299.6392,0.39994067,890.2546
0.09,0.09,14.358974,299.7645,0.4107774,870.7761
0.09,0.09,14.871795,299.87744,0.42137668,851.6715
0.09,0.09,15.384615,299.9782,0.4317431,832.93665
0.09,0.09,15.897436,300.06702,0.4418812,814.56744
0.09,0.09,16.410257,300.1441,0.45179552,796.5593
0.09,0.09,16.923077,300.20956,0.46149024,778.90814
0.09,0.09,17.435898,300.26373,0.4709701,761.6091
0.09,0.09,17.948717,300.30676,0.480239,744.6576
0.09,0.09,18.461538,300.3388,0.4893015,728.0487
0.09,0.09,18.97436,300.36005,0.49816164,711.77783
0.09,0.09,19.487179,300.3708,0.5068235,695.8399
0.09,0.09,20.0,300.37115,0.51529133,680.22986
0.09,0.11,0.0,291.06378,0.0,1565.4661
0.09,0.11,0.51282054,291.60858,0.019082025,1535.423
0.09,0.11,1.0256411,292.1347,0.037796415,1505.7316
0.09,0.11,1.5384616,292.6423,0.056147657,1476.4
0.09,0.11,2.0512822,293.13168,0.07414013,1447.4363
0.09,0.11,2.5641026,293.60315,0.091778375,1418.8467
0.09,0.11,3.0769231,294.05685,0.109067135,1390.6373
0.09,0.11,3.5897436,294.4931,0.12601104,1362.8137
0.09,0.11,4.1025643,294.91214,0.14261487,1335.3801
0.09,0.11,4.6153846,295.31424,0.1588836,1308.3407
0.09,0.11,5.1282053,295.69968,0.17482182,1281.6986
0.09,0.11,5.6410255,296.06863,0.19043478,1255.4567
0.09,0.11,6.1538463,296.4214,0.20572703,1229.6172
0.09,0.11,6.6666665,296.75815,0.2207039,1204.181
0.09,0.11,7.179487,297.07925,0.23537014,1179.1498
0.09,0.11,7.6923075,297.38486,0.24973077,1154.5238
0.09,0.11,8.205129,297.67526,0.2637908,1130.3032
0.09,0.11,8.717949,297.9506,0.27755523,1106.488
0.09,0.11,9.230769,298.21124,0.29102913,1083.077
0.09,0.11,9.743589,298.45734,0.30421728,1060.069
0.09,0.11,10.256411,298.6892,0.31712478,1037.4626
0.09,0.11,10.769231,298.90692,0.3297565,1015.25586
0.09,0.11,11.282051,299.11084,0.3421173,993.44666
0.09,0.11,11.794871,299.30112,0.35421216,972.0322
0.09,0.11,12.307693,299.47797,0.36604595,951.00995
0.09,0.11,12.820513,299.6417,0.37762323,930.3766
0.09,0.11,13.333333,299.79248,0.38894904,910.1291
0.09,0.11,13.846154,299.9305,0.400028,890.26355
0.09,0.11,14.358974,300.05597,0.41086477,870.77655
0.09,0.11,14.871795,300.1691,0.42146403,851.66425
0.09,0.11,15.384615,300.27023,0.43183035,832.9222
0.09,0.11,15.897436,300.35934,0.4419682,814.54645
0.09,0.11,16.410257,300.43683,0.45188212,796.5324
0.09,0.11,16.923077,300.50278,0.46157667,778.8757
0.09,0.11,17.435898,300.5573,0.47105592,761.57153
0.09,0.11,17.948717,300.60092,0.48032445,744.6155
0.09,0.11,18.461538,300.6335,0.4893864,728.0024
0.09,0.11,18.97436,300.65543,0.49824592,711.72766
0.09,0.11,19.487179,300.6668,0.50690717,695.7864
0.09,0.11,20.0,300.66785,0.51537424,680.1733
0.09,0.13,0.0,291.3107,0.0,1566.034
0.09,0.13,0.51282054,291.85284,0.019088753,1535.9445
0.09,0.13,1.0256411,292.37653,0.037809297,1506.2098
0.09,0.13,1.5384616,292.88184,0.056166172,1476.8381
0.09,0.13,2.0512822,293.36914,0.07416376,1447.837
0.09,0.13,2.5641026,293.83865,0.09180675,1419.2124
0.09,0.13,3.0769231,294.2906,0.10909978,1390.971
0.09,0.13,3.5897436,294.72525,0.12604767,1363.1168
0.09,0.13,4.1025643,295.14285,0.14265507,1335.6552
0.09,0.13,4.6153846,295.5436,0.15892693,1308.5894
0.09,0.13,5.1282053,295.92786,0.17486809,1281.923
0.09,0.13,5.6410255,296.29578,0.1904836,1255.6581
0.09,0.13,6.1538463,296.64764,0.2057783,1229.7974
0.09,0.13,6.6666665,296.9836,0.2207572,1204.3417
0.09,0.13,7.179487,297.30405,0.23542532,1179.2925
0.09,0.13,7.6923075,297.60913,0.24978761,1154.6495
0.09,0.13,8.205129,297.89905,0.26384908,1130.4133
0.09,0.13,8.717949,298.17413,0.27761483,1106.5837
0.09,0.13,9.230769,298.43454,0.29108977,1083.1593
0.09,0.13,9.743589,298.68048,0.3042789,1060.1388
0.09,0.13,10.256411,298.9123,0.31718713,1037.5211
0.09,0.13,10.769231,299.1301,0.32981953,1015.30334
0.09,0.13,11.282051,299.33414,0.34218085,993.4843
0.09,0.13,11.794871,299.5247,0.3542761,972.06085
0.09,0.13,12.307693,299.70184,0.36611012,951.0303
0.09,0.13,12.820513,299.86597,0.3776877,930.3894
0.09,0.13,13.333333,300.01718,0.38901362,910.13477
0.09,0.13,13.846154,300.1557,0.40009266,890.26276
0.09,0.13,14.358974,300.2818,0.41092938,870.7699
0.09,0.13,14.871795,300.39566,0.42152846,851.6521
0.09,0.13,15.384615,300.49744,0.4318946,832.90515
0.09,0.13,15.897436,300.58734,0.44203225,814.5249
0.09,0.13,16.410257,300.66565,0.45194584,796.5068
0.09,0.13,16.923077,300.73248,0.46164003,778.8464
0.09,0.13,17.435898,300.78802,0.47111893,761.539
0.09,0.13,17.948717,300.83255,0.48038703,744.57983
0.09,0.13,18.461538,300.8662,0.4894485,727.9643
0.09,0.13,18.97436,300.88916,0.4983076,711.6871
0.09,0.13,19.487179,300.9016,0.50696826,695.7439
0.09,0.13,20.0,300.9038,0.51543486,680.129
0.09,0.15,0.0,291.48364,0.0,1566.4517
0.09,0.15,0.51282054,292.0234,0.019093655,1536.3241
0.09,0.15,1.0256411,292.54483,0.037818633,1506.5541
0.09,0.15,1.5384616,293.04816,0.056179576,1477.1498
0.09,0.15,2.0512822,293.5337,0.07418081,1448.1182
0.09,0.15,2.5641026,294.0015,0.091827035,1419.4662
0.09,0.15,3.0769231,294.45197,0.10912304,1391.199
0.09,0.15,3.5897436,294.88535,0.12607358,1363.3212
0.09,0.15,4.1025643,295.30176,0.1426834,1335.8375
0.09,0.15,4.6153846,295.7016,0.15895739,1308.7518
0.09,0.15,5.1282053,296.08496,0.17490043,1282.0673
0.09,0.15,5.6410255,296.45218,0.1905176,1255.7854
0.09,0.15,6.1538463,296.80347,0.20581377,1229.909
0.09,0.15,6.6666665,297.13907,0.22079396,1204.4393
0.09,0.15,7.179487,297.45914,0.23546319,1179.3765
0.09,0.15,7.6923075,297.76404,0.24982642,1154.7219
0.09,0.15,8.205129,298.05396,0.26388878,1130.4749
0.09,0.15,8.717949,298.329,0.27765515,1106.635
0.09,0.15,9.230769,298.5896,0.29113072,1083.2014
0.09,0.15,9.743589,298.83582,0.30432028,1060.1726
0.09,0.15,10.256411,299.06796,0.31722885,1037.5471
0.09,0.15,10.769231,299.28616,0.32986152,1015.3229
0.09,0.15,11.282051,299.49072,0.34222308,993.49725
0.09,0.15,11.794871,299.68195,0.35431844,972.06824
0.09,0.15,12.307693,299.8599,0.36615252,951.03235
0.09,0.15,12.820513,300.02475,0.37773007,930.38666
0.09,0.15,13.333333,300.17685,0.38905597,910.1278
0.09,0.15,13.846154,300.31635,0.4001348,890.2522
0.09,0.15,14.358974,300.44345,0.4109714,870.756
0.09,0.15,14.871795,300.5584,0.42157036,851.635
0.09,0.15,15.384615,300.6613,0.43193626,832.8853
0.09,0.15,15.897436,300.75244,0.44207358,814.5027
0.09,0.15,16.410257,300.83197,0.45198703,796.4824
0.09,0.15,16.923077,300.90012,0.46168083,778.82025
0.09,0.15,17.435898,300.95706,0.47115946,761.51117
0.09,0.15,17.948717,301.003,0.48042718,744.5508
0.09,0.15,18.461538,301.03812,0.4894882,727.934
0.09,0.15,18.97436,301.0626,0.49834695,711.656
0.09,0.15,19.487179,301.07657,0.5070073,695.71185
0.09,0.15,20.0,301.08038,0.5154735,680.09644
0.09,0.17,0.0,291.58423,0.0,1566.7225
0.09,0.17,0.51282054,292.12186,0.019096836,1536.5641
0.09,0.17,1.0256411,292.64136,0.03782458,1506.7662
0.09,0.17,1.5384616,293.14294,0.05618792,1477.3368
0.09,0.17,2.0512822,293.6269,0.07419135,1448.2823
0.09,0.17,2.5641026,294.09335,0.0918395,1419.6093
0.09,0.17,3.0769231,294.54266,0.109137125,1391.323
0.09,0.17,3.5897436,294.97495,0.12608913,1363.4281
0.09,0.17,4.1025643,295.3906,0.14270009,1335.9292
0.09,0.17,4.6153846,295.7897,0.15897508,1308.8297
0.09,0.17,5.1282053,296.17252,0.17491904,1282.1323
0.09,0.17,5.6410255,296.5394,0.190537,1255.8395
0.09,0.17,6.1538463,296.8904,0.20583373,1229.9531
0.09,0.17,6.6666665,297.2259,0.22081436,1204.474
0.09,0.17,7.179487,297.54605,0.235484,1179.4038
0.09,0.17,7.6923075,297.85107,0.24984753,1154.7418
0.09,0.17,8.205129,298.1413,0.26391006,1130.4883
0.09,0.17,8.717949,298.41675,0.27767664,1106.643
0.09,0.17,9.230769,298.6779,0.2911522,1083.2043
0.09,0.17,9.743589,298.92474,0.3043418,1060.1713
0.09,0.17,10.256411,299.15762,0.31725037,1037.5417
0.09,0.17,10.769231,299.37668,0.32988295,1015.3141
0.09,0.17,11.282051,299.5822,0.34224436,993.4857
0.09,0.17,11.794871,299.77435,0.35433957,972.0542
0.09,0.17,12.307693,299.9534,0.36617348,951.0162
0.09,0.17,12.820513,300.1195,0.3777509,930.3689
0.09,0.17,13.333333,300.27286,0.38907647,910.1086
0.09,0.17,13.846154,300.41367,0.40015507,890.2318
0.09,0.17,14.358974,300.54227,0.4109914,870.73456
0.09,0.17,14.871795,300.65866,0.42159003,851.613
0.09,0.17,15.384615,300.7631,0.4319557,832.86273
0.09,0.17,15.897436,300.85587,0.44209278,814.47986
0.09,0.17,16.410257,300.93707,0.45200592,796.4595
0.09,0.17,16.923077,301.00696,0.46169937,778.7972
0.09,0.17,17.435898,301.06567,0.4711777,761.4883
0.09,0.17,17.948717,301.11346,0.48044512,744.5281
0.09,0.17,18.461538,301.15045,0.48950607,727.9116
0.09,0.17,18.97436,301.17682,0.49836442,711.634
0.09,0.17,19.487179,301.19287,0.5070245,695.69037
0.09,0.17,20.0,301.19867,0.5154904,680.07544
0.09,0.19,0.0,291.6143,0.0,1566.8486
0.09,0.19,0.51282054,292.15,0.019098192,1536.6675
0.09,0.19,1.0256411,292.6678,0.037827134,1506.8491
0.09,0.19,1.5384616,293.16788,0.056191415,1477.4012
0.09,0.19,2.0512822,293.65048,0.07419552,1448.3309
0.09,0.19,2.5641026,294.11584,0.09184414,1419.6438
0.09,0.19,3.0769231,294.5642,0.10914213,1391.3453
0.09,0.19,3.5897436,294.99582,0.12609428,1363.4398
0.09,0.19,4.1025643,295.41083,0.14270541,1335.9315
0.09,0.19,4.6153846,295.80954,0.1589804,1308.8241
0.09,0.19,5.1282053,296.19223,0.17492425,1282.1201
0.09,0.19,5.6410255,296.55893,0.19054195,1255.8215
0.09,0.19,6.1538463,296.91006,0.20583847,1229.93
0.09,0.19,6.6666665,297.2458,0.22081885,1204.4473
0.09,0.19,7.179487,297.56628,0.23548812,1179.3739
0.09,0.19,7.6923075,297.87183,0.24985124,1154.7097
0.09,0.19,8.205129,298.16266,0.2639134,1130.4543
0.09,0.19,8.717949,298.4389,0.2776795,1106.6075
0.09,0.19,9.230769,298.7008,0.2911546,1083.168
0.09,0.19,9.743589,298.94864,0.30434373,1060.1346
0.09,0.19,10.256411,299.18262,0.31725192,1037.5051
0.09,0.19,10.769231,299.4029,0.329884,1015.27783
0.09,0.19,11.282051,299.6097,0.34224498,993.4501
0.09,0.19,11.794871,299.8033,0.35433978,972.0191
0.09,0.19,12.307693,299.9838,0.36617327,950.9822
0.09,0.19,12.820513,300.15146,0.37775016,930.3359
0.09,0.19,13.333333,300.30646,0.38907543,910.07697
0.09,0.19,13.846154,300.4491,0.40015364,890.2015
0.09,0.19,14.358974,300.57935,0.41098958,870.7057
0.09,0.19,14.871795,300.6977,0.42158794,851.5858
0.09,0.19,15.384615,300.8041,0.43195325,832.8373
0.09,0.19,15.897436,300.8989,0.4420901,814.45605
0.09,0.19,16.410257,300.98218,0.45200288,796.43744
0.09,0.19,16.923077,301.0542,0.46169615,778.777
0.09,0.19,17.435898,301.11514,0.4711742,761.46985
0.09,0.19,17.948717,301.16516,0.48044142,744.51135
0.09,0.19,18.461538,301.20444,0.48950207,727.8966
0.09,0.19,18.97436,301.2332,0.49836034,711.6208
0.09,0.19,19.487179,301.2516,0.50702024,695.67896
0.09,0.19,20.0,301.2598,0.515486,680.0658
0.09,0.21,0.0,291.57547,0.0,1566.8334
0.09,0.21,0.51282054,292.10944,0.01909788,1536.6362
0.09,0.21,1.0256411,292.6257,0.037826404,1506.8048
0.09,0.21,1.5384616,293.12448,0.05619006,1477.3462
0.09,0.21,2.0512822,293.60608,0.07419338,1448.2667
0.09,0.21,2.5641026,294.0706,0.09184122,1419.5719
0.09,0.21,3.0769231,294.51828,0.10913827,1391.2677
0.09,0.21,3.5897436,294.94937,0.12608944,1363.3574
0.09,0.21,4.1025643,295.3641,0.14269951,1335.8462
0.09,0.21,4.6153846,295.76276,0.15897341,1308.7367
0.09,0.21,5.1282053,296.1454,0.17491624,1282.0315
0.09,0.21,5.6410255,296.51233,0.19053277,1255.7323
0.09,0.21,6.1538463,296.8638,0.20582825,1229.8418
0.09,0.21,6.6666665,297.20007,0.22080748,1204.3601
0.09,0.21,7.179487,297.5213,0.2354757,1179.2882
0.09,0.21,7.6923075,297.82767,0.24983785,1154.6261
0.09,0.21,8.205129,298.11935,0.26389894,1130.3733
0.09,0.21,8.717949,298.39667,0.27766407,1106.5295
0.09,0.21,9.230769,298.65985,0.29113832,1083.0933
0.09,0.21,9.743589,298.90897,0.30432653,1060.0632
0.09,0.21,10.256411,299.1444,0.31723377,1037.4374
0.09,0.21,10.769231,299.36624,0.32986513,1015.2138
0.09,0.21,11.282051,299.57465,0.3422253,993.38995
0.09,0.21,11.794871,299.77002,0.3543194,971.96313
0.09,0.21,12.307693,299.95236,0.36615214,950.93
0.09,0.21,12.820513,300.12198,0.37772846,930.28784
0.09,0.21,13.333333,300.279,0.38905317,910.0327
0.09,0.21,13.846154,300.4237,0.40013087,890.16144
0.09,0.21,14.358974,300.55618,0.41096637,870.66956
0.09,0.21,14.871795,300.67673,0.42156428,851.5535
0.09,0.21,15.384615,300.78555,0.43192917,832.80884
0.09,0.21,15.897436,300.88272,0.44206563,814.4313
0.09,0.21,16.410257,300.96848,0.45197818,796.4162
0.09,0.21,16.923077,301.04303,0.46167123,778.7593
0.09,0.21,17.435898,301.10654,0.47114912,761.45557
0.09,0.21,17.948717,301.15918,0.48041624,744.5004
0.09,0.21,18.461538,301.20117,0.48947668,727.8891
0.09,0.21,18.97436,301.2327,0.49833488,711.6162
0.09,0.21,19.487179,301.25385,0.5069948,695.67737
0.09,0.21,20.0,301.26492,0.5154606,680.0671
0.09,0.23,0.0,291.46942,0.0,1566.6787
0.09,0.23,0.51282054,292.00186,0.01909595,1536.4734
0.09,0.23,1.0256411,292.5168,0.037822388,1506.6357
0.09,0.23,1.5384616,293.01453,0.056183904,1477.173
0.09,0.23,2.0512822,293.49524,0.07418514,1448.0908
0.09,0.23,2.5641026,293.9591,0.09183079,1419.3953
0.09,0.23,3.0769231,294.40634,0.10912565,1391.0911
0.09,0.23,3.5897436,294.83725,0.12607467,1363.183
0.09,0.23,4.1025643,295.2519,0.14268261,1335.6743
0.09,0.23,4.6153846,295.65063,0.15895443,1308.5679
0.09,0.23,5.1282053,296.03363,0.17489511,1281.8672
0.09,0.23,5.6410255,296.40112,0.19050977,1255.5734
0.09,0.23,6.1538463,296.75327,0.20580328,1229.6882
0.09,0.23,6.6666665,297.0903,0.22078073,1204.2128
0.09,0.23,7.179487,297.41245,0.23544712,1179.1471
0.09,0.23,7.6923075,297.7199,0.24980754,1154.492
0.09,0.23,8.205129,298.0129,0.26386714,1130.246
0.09,0.23,8.717949,298.2916,0.2776307,1106.4092
0.09,0.23,9.230769,298.55624,0.29110342,1082.9801
0.09,0.23,9.743589,298.80704,0.30429032,1059.9575
0.09,0.23,10.256411,299.04422,0.31719628,1037.339
0.09,0.23,10.769231,299.26794,0.32982647,1015.12256
0.09,0.23,11.282051,299.4784,0.3421856,993.306
0.09,0.23,11.794871,299.67575,0.35427865,971.8862
0.09,0.23,12.307693,299.8603,0.36611062,950.86005
0.09,0.23,12.820513,300.0322,0.3776861,930.2247
0.09,0.23,13.333333,300.19165,0.38900995,909.97626
0.09,0.23,13.846154,300.3388,0.40008706,890.11145
0.09,0.23,14.358974,300.47385,0.410922,870.626
0.09,0.23,14.871795,300.59702,0.42151937,851.5159
0.09,0.23,15.384615,300.70853,0.4318839,832.7771
0.09,0.23,15.897436,300.80844,0.44202003,814.4052
0.09,0.23,16.410257,300.8971,0.45193228,796.39575
0.09,0.23,16.923077,300.97458,0.46162507,778.744
0.09,0.23,17.435898,301.04102,0.47110286,761.44543
0.09,0.23,17.948717,301.0967,0.4803698,744.49524
0.09,0.23,18.461538,301.14178,0.48943028,727.8883
0.09,0.23,18.97436,301.17642,0.49828848,711.6201
0.09,0.23,19.487179,301.2008,0.5069485,695.6854
0.09,0.23,20.0,301.2151,0.5154143,680.0792
0.09,0.25,0.0,291.29776,0.0,1566.3883
0.09,0.25,0.51282054,291.82886,0.019092351,1536.1815
0.09,0.25,1.0256411,292.34268,0.03781519,1506.3446
0.09,0.25,1.5384616,292.83954,0.05617311,1476.8839
0.09,0.25,2.0512822,293.31955,0.07417085,1447.8057
0.09,0.25,2.5641026,293.78302,0.091813006,1419.1152
0.09,0.25,3.0769231,294.22998,0.10910453,1390.818
0.09,0.25,3.5897436,294.6609,0.12605017,1362.9174
0.09,0.25,4.1025643,295.07574,0.14265487,1335.417
0.09,0.25,4.6153846,295.47482,0.15892366,1308.3202
0.09,0.25,5.1282053,295.8584,0.17486131,1281.6289
0.09,0.25,5.6410255,296.22656,0.19047311,1255.3453
0.09,0.25,6.1538463,296.57965,0.20576385,1229.4707
0.09,0.25,6.6666665,296.9178,0.22073874,1204.006
0.09,0.25,7.179487,297.24115,0.23540258,1178.9515
0.09,0.25,7.6923075,297.55002,0.24976066,1154.3071
0.09,0.25,8.205129,297.84454,0.263818,1130.0726
0.09,0.25,8.717949,298.12494,0.27757952,1106.2471
0.09,0.25,9.230769,298.39136,0.29105034,1082.8292
0.09,0.25,9.743589,298.6442,0.3042354,1059.8174
0.09,0.25,10.256411,298.8834,0.31713983,1037.2096
0.09,0.25,10.769231,299.10928,0.32976842,1015.0041
0.09,0.25,11.282051,299.32208,0.3421262,993.1977
0.09,0.25,11.794871,299.52185,0.354218,971.788
0.09,0.25,12.307693,299.70892,0.36604878,950.77185
0.09,0.25,12.820513,299.88342,0.37762326,930.1461
0.09,0.25,13.333333,300.0456,0.3889463,909.9071
0.09,0.25,13.846154,300.19556,0.40002257,890.0511
0.09,0.25,14.358974,300.3335,0.41085672,870.5743
0.09,0.25,14.871795,300.45966,0.4214536,851.47266
0.09,0.25,15.384615,300.57422,0.4318176,832.74207
0.09,0.25,15.897436,300.6773,0.44195327,814.3778
0.09,0.25,16.410257,300.7691,0.45186532,796.3756
0.09,0.25,16.923077,300.84982,0.46155784,778.73096
0.09,0.25,17.435898,300.91968,0.47103548,761.439
0.09,0.25,17.948717,300.9787,0.48030242,744.4952
0.09,0.25,18.461538,301.02728,0.48936296,727.8945
0.09,0.25,18.97436,301.06543,0.49822125,711.63196
0.09,0.25,19.487179,301.09338,0.50688136,695.7028
0.09,0.25,20.0,301.11127,0.51534754,680.1017
0.09,0.27,0.0,291.06216,0.0,1565.9642
0.09,0.27,0.51282054,291.59207,0.019087188,1535.763
0.09,0.27,1.0256411,292.10492,0.037804864,1505.9329
0.09,0.27,1.5384616,292.601,0.056157827,1476.4813
0.09,0.27,2.0512822,293.0806,0.07415067,1447.4131
0.09,0.27,2.5641026,293.54376,0.09178802,1418.7346
0.09,0.27,3.0769231,293.99078,0.109074906,1390.4496
0.09,0.27,3.5897436,294.42184,0.12601617,1362.5621
0.09,0.27,4.1025643,294.83704,0.1426166,1335.0758
0.09,0.27,4.6153846,295.2368,0.15888125,1307.9934
0.09,0.27,5.1282053,295.62112,0.174815,1281.3171
0.09,0.27,5.6410255,295.99026,0.19042298,1255.0488
0.09,0.27,6.1538463,296.34445,0.20571017,1229.1897
0.09,0.27,6.6666665,296.6839,0.22068164,1203.7405
0.09,0.27,7.179487,297.0088,0.2353424,1178.7015
0.09,0.27,7.6923075,297.31934,0.24969745,1154.0728
0.09,0.27,8.205129,297.61566,0.26375213,1129.8538
0.09,0.27,8.717949,297.89798,0.277511,1106.0435
0.09,0.27,9.230769,298.1666,0.29097936,1082.6404
0.09,0.27,9.743589,298.42157,0.30416223,1059.6432
0.09,0.27,10.256411,298.66315,0.31706458,1037.0497
0.09,0.27,10.769231,298.8915,0.3296913,1014.8581
0.09,0.27,11.282051,299.10687,0.34204733,993.06555
0.09,0.27,11.794871,299.30948,0.35413763,971.669
0.09,0.27,12.307693,299.49936,0.365967,950.6657
0.09,0.27,12.820513,299.6768,0.37754023,930.05225
0.09,0.27,13.333333,299.84198,0.3888621,909.825
0.09,0.27,13.846154,299.9951,0.39993754,889.9806
0.09,0.27,14.358974,300.1363,0.4107709,870.5149
0.09,0.27,14.871795,300.26575,0.42136708,851.42365
0.09,0.27,15.384615,300.38367,0.4317305,832.70306
0.09,0.27,15.897436,300.49023,0.4418658,814.34863
0.09,0.27,16.410257,300.58563,0.45177758,796.35547
0.09,0.27,16.923077,300.67,0.4614699,778.7198
0.09,0.27,17.435898,300.74347,0.4709475,761.43616
0.09,0.27,17.948717,300.80634,0.4802144,744.5003
0.09,0.27,18.461538,300.8587,0.489275,727.90704
0.09,0.27,18.97436,300.9007,0.49813354,711.65155
0.09,0.27,19.487179,300.93256,0.5067939,695.7291
0.09,0.27,20.0,300.95444,0.51526046,680.1344
0.09,0.29,0.0,290.76413,0.0,1565.4097
0.09,0.29,0.51282054,291.29294,0.019080408,1535.22
0.09,0.29,1.0256411,291.80505,0.037791513,1505.4038
0.09,0.29,1.5384616,292.3006,0.05613806,1475.967
0.09,0.29,2.0512822,292.7798,0.07412464,1446.9155
0.09,0.29,2.5641026,293.24292,0.09175605,1418.2542
0.09,0.29,3.0769231,293.69006,0.10903704,1389.9872
0.09,0.29,3.5897436,294.1215,0.12597278,1362.1187
0.09,0.29,4.1025643,294.5373,0.14256783,1334.6516
0.09,0.29,4.6153846,294.93784,0.15882738,1307.5892
0.09,0.29,5.1282053,295.32315,0.17475632,1280.9331
0.09,0.29,5.6410255,295.69348,0.19035968,1254.6849
0.09,0.29,6.1538463,296.04913,0.20564249,1228.846
0.09,0.29,6.6666665,296.3901,0.22060996,1203.417
0.09,0.29,7.179487,296.71674,0.23526683,1178.3981
0.09,0.29,7.6923075,297.0291,0.24961832,1153.789
0.09,0.29,8.205129,297.32748,0.26366946,1129.5891
0.09,0.29,8.717949,297.61206,0.2774253,1105.798
0.09,0.29,9.230769,297.88303,0.2908907,1082.4137
0.09,0.29,9.743589,298.1405,0.30407092,1059.4349
0.09,0.29,10.256411,298.3847,0.31697083,1036.8593
0.09,0.29,10.769231,298.61588,0.3295954,1014.685
0.09,0.29,11.282051,298.83414,0.34194928,992.90894
0.09,0.29,11.794871,299.0396,0.35403776,971.5287
0.09,0.29,12.307693,299.23273,0.36586547,950.541
0.09,0.29,12.820513,299.41342,0.37743735,929.9427
0.09,0.29,13.333333,299.58194,0.3887579,909.7301
0.09,0.29,13.846154,299.7385,0.39983225,889.89954
0.09,0.29,14.358974,299.8832,0.41066474,870.447
0.09,0.29,14.871795,300.0164,0.42126018,851.3687
0.09,0.29,15.384615,300.13797,0.431623,832.6602
0.09,0.29,15.897436,300.24838,0.44175786,814.3173
0.09,0.29,16.410257,300.34763,0.45166922,796.3354
0.09,0.29,16.923077,300.4359,0.4613614,778.71
0.09,0.29,17.435898,300.51346,0.47083896,761.4364
0.09,0.29,17.948717,300.5804,0.4801059,744.51
0.09,0.29,18.461538,300.63696,0.48916668,727.92566
0.09,0.29,18.97436,300.68323,0.49802548,711.6785
0.09,0.29,19.487179,300.71933,0.50668633,695.76404
0.09,0.29,20.0,300.74554,0.51515335,680.1768
0.09,0.31,0.0,290.40533,0.0,1564.7267
0.09,0.31,0.51282054,290.93314,0.019072115,1534.5553
0.09,0.31,1.0256411,291.4445,0.03777519,1504.7593
0.09,0.31,1.5384616,291.9396,0.056113914,1475.3436
0.09,0.31,2.0512822,292.4187,0.07409293,1446.3143
0.09,0.31,2.5641026,292.88184,0.091717094,1417.6758
0.09,0.31,3.0769231,293.3293,0.108991146,1389.4329
0.09,0.31,3.5897436,293.7613,0.12592015,1361.5885
0.09,0.31,4.1025643,294.17786,0.14250883,1334.1464
0.09,0.31,4.6153846,294.5794,0.15876234,1307.1086
0.09,0.31,5.1282053,294.96594,0.17468551,1280.4778
0.09,0.31,5.6410255,295.33768,0.19028348,1254.2543
0.09,0.31,6.1538463,295.69482,0.20556113,1228.4401
0.09,0.31,6.6666665,296.0376,0.22052366,1203.0359
0.09,0.31,7.179487,296.36618,0.23517609,1178.0411
0.09,0.31,7.6923075,296.68073,0.24952325,1153.4563
0.09,0.31,8.205129,296.98132,0.2635705,1129.2798
0.09,0.31,8.717949,297.2684,0.27732262,1105.5116
0.09,0.31,9.230769,297.54193,0.29078472,1082.1497
0.09,0.31,9.743589,297.80215,0.3039618,1059.1925
0.09,0.31,10.256411,298.04932,0.31685877,1036.6383
0.09,0.31,10.769231,298.28348,0.32948074,1014.4843
0.09,0.31,11.282051,298.5049,0.34183234,992.72833
0.09,0.31,11.794871,298.71378,0.35391867,971.3673
0.09,0.31,12.307693,298.9102,0.3657445,950.398
0.09,0.31,12.820513,299.09445,0.3773147,929.81726
0.09,0.31,13.333333,299.26657,0.38863394,909.6218
0.09,0.31,13.846154,299.42688,0.39970702,889.80743
0.09,0.31,14.358974,299.57547,0.41053838,870.3707
0.09,0.31,14.871795,299.71252,0.42113307,851.3073
0.09,0.31,15.384615,299.8382,0.43149525,832.61316
0.09,0.31,15.897436,299.9527,0.44162962,814.28357
0.09,0.31,16.410257,300.05615,0.4515406,796.31464
0.09,0.31,16.923077,300.1487,0.4612326,778.7015
0.09,0.31,17.435898,300.23065,0.47071004,761.43945
0.09,0.31,17.948717,300.30203,0.4799772,744.5239
0.09,0.31,18.461538,300.363,0.48903823,727.94995
0.09,0.31,18.97436,300.41385,0.4978974,711.7128
0.09,0.31,19.487179,300.4546,0.50655866,695.8074
0.09,0.31,20.0,300.4854,0.5150262,680.2288
0.09,0.33,0.0,289.98712,0.0,1563.919
0.09,0.33,0.51282054,290.51416,0.01906231,1533.7719
0.09,0.33,1.0256411,291.02493,0.03775589,1504.0015
0.09,0.33,1.5384616,291.51978,0.056085438,1474.6127
0.09,0.33,2.0512822,291.99878,0.074055694,1445.6112
0.09,0.33,2.5641026,292.46216,0.091671355,1417.0017
0.09,0.33,3.0769231,292.9101,0.10893732,1388.7877
0.09,0.33,3.5897436,293.34274,0.12585855,1360.9731
0.09,0.33,4.1025643,293.7603,0.14243984,1333.5607
0.09,0.33,4.6153846,294.1629,0.15868631,1306.5529
0.09,0.33,5.1282053,294.5508,0.17460278,1279.9515
0.09,0.33,5.6410255,294.9241,0.1901945,1253.7579
0.09,0.33,6.1538463,295.28302,0.20546621,1227.9731
0.09,0.33,6.6666665,295.62778,0.2204232,1202.5977
0.09,0.33,7.179487,295.9585,0.23507032,1177.6316
0.09,0.33,7.6923075,296.27536,0.24941269,1153.0746
0.09,0.33,8.205129,296.5785,0.26345542,1128.9254
0.09,0.33,8.717949,296.8682,0.2772033,1105.184
0.09,0.33,9.230769,297.1446,0.29066157,1081.848
0.09,0.33,9.743589,297.4078,0.3038351,1058.9163
0.09,0.33,10.256411,297.65805,0.31672886,1036.3865
0.09,0.33,10.769231,297.89554,0.3293478,1014.2561
0.09,0.33,11.282051,298.12036,0.34169674,992.5231
0.09,0.33,11.794871,298.33273,0.35378075,971.18414
0.09,0.33,12.307693,298.5329,0.36560443,950.23627
0.09,0.33,12.820513,298.72092,0.37717277,929.6759
0.09,0.33,13.333333,298.89697,0.38849035,909.49994
0.09,0.33,13.846154,299.0613,0.39956203,889.7042
0.09,0.33,14.358974,299.21402,0.41039228,870.2855
0.09,0.33,14.871795,299.35526,0.42098594,851.23914
0.09,0.33,15.384615,299.4853,0.43134737,832.5611
0.09,0.33,15.897436,299.6042,0.44148123,814.24725
0.09,0.33,16.410257,299.71213,0.45139197,796.29285
0.09,0.33,16.923077,299.80933,0.46108377,778.69366
0.09,0.33,17.435898,299.89587,0.4705612,761.4449
0.09,0.33,17.948717,299.97202,0.47982845,744.54193
0.09,0.33,18.461538,300.0378,0.48888975,727.97974
0.09,0.33,18.97436,300.09344,0.49774933,711.75354
0.09,0.33,19.487179,300.1392,0.5064112,695.8586
0.09,0.33,20.0,300.17505,0.5148794,680.2898
0.09,0.35,0.0,289.5113,0.0,1562.9883
0.09,0.35,0.51282054,290.03748,0.019051045,1532.8717
0.09,0.35,1.0256411,290.5478,0.03773378,1503.1327
0.09,0.35,1.5384616,291.04248,0.05605284,1473.7767
0.09,0.35,2.0512822,291.52145,0.07401293,1444.8087
0.09,0.35,2.5641026,291.98523,0.09161889,1416.2329
0.09,0.35,3.0769231,292.4337,0.10887568,1388.0536
0.09,0.35,3.5897436,292.8672,0.12578803,1360.2734
0.09,0.35,4.1025643,293.2858,0.14236099,1332.896
0.09,0.35,4.6153846,293.68967,0.15859947,1305.9226
0.09,0.35,5.1282053,294.0791,0.1745084,1279.356
0.09,0.35,5.6410255,294.45413,0.19009295,1253.1964
0.09,0.35,6.1538463,294.81503,0.20535803,1227.4456
0.09,0.35,6.6666665,295.16187,0.22030872,1202.1031
0.09,0.35,7.179487,295.4949,0.23494989,1177.1696
0.09,0.35,7.6923075,295.81427,0.24928689,1152.6444
0.09,0.35,8.205129,296.1202,0.26332447,1128.5267
0.09,0.35,8.717949,296.41272,0.27706763,1104.8153
0.09,0.35,9.230769,296.69214,0.2905215,1081.5093
0.09,0.35,9.743589,296.95853,0.30369103,1058.606
0.09,0.35,10.256411,297.2122,0.31658116,1036.1039
0.09,0.35,10.769231,297.45316,0.3291968,1014.0006
0.09,0.35,11.282051,297.68167,0.34154284,992.2934
0.09,0.35,11.794871,297.89783,0.35362405,970.9793
0.09,0.35,12.307693,298.10187,0.3654454,950.05536
0.09,0.35,12.820513,298.2939,0.37701166,929.51807
0.09,0.35,13.333333,298.47418,0.38832748,909.3641
0.09,0.35,13.846154,298.64276,0.3993975,889.5898
0.09,0.35,14.358974,298.79984,0.41022655,870.191
0.09,0.35,14.871795,298.94568,0.42081916,851.1639
0.09,0.35,15.384615,299.08026,0.43117982,832.5042
0.09,0.35,15.897436,299.20386,0.44131297,814.2077
0.09,0.35,16.410257,299.31662,0.4512233,796.26996
0.09,0.35,16.923077,299.41864,0.46091497,778.6864
0.09,0.35,17.435898,299.5102,0.4703924,761.45233
0.09,0.35,17.948717,299.59134,0.4796599,744.5633
0.09,0.35,18.461538,299.6623,0.48872155,728.01434
0.09,0.35,18.97436,299.72314,0.4975816,711.80066
0.09,0.35,19.487179,299.77408,0.50624406,695.9174
0.09,0.35,20.0,299.81522,0.51471317,680.3595
0.09,0.37,0.0,288.9792,0.0,1561.9382
0.09,0.37,0.51282054,289.50467,0.01903832,1531.8578
0.09,0.37,1.0256411,290.01456,0.037708797,1502.1556
0.09,0.37,1.5384616,290.5091,0.056016073,1472.8375
0.09,0.37,2.0512822,290.9883,0.073964894,1443.9084
0.09,0.37,2.5641026,291.45248,0.091560006,1415.3718
0.09,0.37,3.0769231,291.90164,0.108806364,1387.2318
0.09,0.37,3.5897436,292.33606,0.12570892,1359.4913
0.09,0.37,4.1025643,292.75583,0.14227247,1332.1533
0.09,0.37,4.6153846,293.16116,0.15850204,1305.2194
0.09,0.37,5.1282053,293.55222,0.17440262,1278.6917
0.09,0.37,5.6410255,293.92914,0.18997921,1252.5707
0.09,0.37,6.1538463,294.29208,0.20523678,1226.8574
0.09,0.37,6.6666665,294.64127,0.22018042,1201.5525
0.09,0.37,7.179487,294.97678,0.23481518,1176.6555
0.09,0.37,7.6923075,295.2988,0.24914595,1152.1661
0.09,0.37,8.205129,295.60757,0.2631778,1128.0833
0.09,0.37,8.717949,295.9032,0.27691585,1104.406
0.09,0.37,9.230769,296.18585,0.2903649,1081.1328
0.09,0.37,9.743589,296.45566,0.30352998,1058.2617
0.09,0.37,10.256411,296.71283,0.316416,1035.7905
0.09,0.37,10.769231,296.95755,0.329028,1013.7171
0.09,0.37,11.282051,297.18985,0.34137067,992.0387
0.09,0.37,11.794871,297.4101,0.35344905,970.75244
0.09,0.37,12.307693,297.61826,0.36526772,949.85535
0.09,0.37,12.820513,297.8146,0.37683162,929.3435
0.09,0.37,13.333333,297.99927,0.38814545,909.2141
0.09,0.37,13.846154,298.17233,0.39921385,889.4632
0.09,0.37,14.358974,298.33408,0.41004145,870.08685
0.09,0.37,14.871795,298.48465,0.4206329,851.08105
0.09,0.37,15.384615,298.6241,0.43099263,832.4418
0.09,0.37,15.897436,298.7527,0.44112527,814.1645
0.09,0.37,16.410257,298.87048,0.45103514,796.245
0.09,0.37,16.923077,298.97772,0.46072662,778.6789
0.09,0.37,17.435898,299.0745,0.470204,761.4613
0.09,0.37,17.948717,299.16092,0.47947165,744.58777
0.09,0.37,18.461538,299.2372,0.48853374,728.0534
0.09,0.37,18.97436,299.3036,0.49739435,711.8535
0.09,0.37,19.487179,299.36005,0.50605756,695.9832
0.09,0.37,20.0,299.4069,0.51452756,680.4375
0.09,0.39,0.0,288.3924,0.0,1560.7719
0.09,0.39,0.51282054,288.91727,0.019024238,1530.7325
0.09,0.39,1.0256411,289.42685,0.037681103,1501.073
0.09,0.39,1.5384616,289.9213,0.05597534,1471.7981
0.09,0.39,2.0512822,290.40076,0.07391159,1442.9121
0.09,0.39,2.5641026,290.86542,0.09149476,1414.4199
0.09,0.39,3.0769231,291.3153,0.1087297,1386.3241
0.09,0.39,3.5897436,291.75076,0.1256213,1358.6279
0.09,0.39,4.1025643,292.1718,0.14217448,1331.334
0.09,0.39,4.6153846,292.5787,0.15839429,1304.4441
0.09,0.39,5.1282053,292.97153,0.17428553,1277.9594
0.09,0.39,5.6410255,293.3504,0.18985337,1251.8812
0.09,0.39,6.1538463,293.71558,0.20510274,1226.2101
0.09,0.39,6.6666665,294.06714,0.22003873,1200.9464
0.09,0.39,7.179487,294.4053,0.23466623,1176.0898
0.09,0.39,7.6923075,294.73022,0.24899024,1151.6399
0.09,0.39,8.205129,295.04205,0.26301593,1127.5958
0.09,0.39,8.717949,295.34085,0.2767481,1103.956
0.09,0.39,9.230769,295.6269,0.2901919,1080.7189
0.09,0.39,9.743589,295.9003,0.3033521,1057.8833
0.09,0.39,10.256411,296.1612,0.31623366,1035.4463
0.09,0.39,10.769231,296.4098,0.32884166,1013.4059
0.09,0.39,11.282051,296.6462,0.34118068,991.7591
0.09,0.39,11.794871,296.8706,0.35325575,970.5034
0.09,0.39,12.307693,297.08313,0.36507156,949.6356
0.09,0.39,12.820513,297.284,0.37663293,929.152
0.09,0.39,13.333333,297.4732,0.3879446,909.0496
0.09,0.39,13.846154,297.65112,0.39901114,889.3243
0.09,0.39,14.358974,297.81775,0.40983722,869.97266
0.09,0.39,14.871795,297.97327,0.42042738,850.9902
0.09,0.39,15.384615,298.11783,0.4307861,832.3732
0.09,0.39,15.897436,298.25162,0.4409181,814.1173
0.09,0.39,16.410257,298.3747,0.4508274,796.21796
0.09,0.39,16.923077,298.48734,0.46051872,778.6709
0.09,0.39,17.435898,298.5896,0.46999615,761.4714
0.09,0.39,17.948717,298.6817,0.47926393,744.615
0.09,0.39,18.461538,298.7636,0.4883265,728.09656
0.09,0.39,18.97436,298.83572,0.49718776,711.91187
0.09,0.39,19.487179,298.89804,0.5058518,696.0557
0.09,0.39,20.0,298.9507,0.51432276,680.5234
0.11,0.01,0.0,289.01755,0.0,1560.9343
0.11,0.01,0.51282054,289.57425,0.019028097,1531.1862
0.11,0.01,1.0256411,290.1116,0.037692107,1501.7745
0.11,0.01,1.5384616,290.62994,0.055996306,1472.7095
0.11,0.01,2.0512822,291.12946,0.07394492,1443.9985
0.11,0.01,2.5641026,291.61053,0.091542326,1415.6495
0.11,0.01,3.0769231,292.0734,0.10879312,1387.6682
0.11,0.01,3.5897436,292.51825,0.12570187,1360.0609
0.11,0.01,4.1025643,292.94553,0.14227316,1332.8325
0.11,0.01,4.6153846,293.35532,0.15851164,1305.9879
0.11,0.01,5.1282053,293.74802,0.17442212,1279.5305
0.11,0.01,5.6410255,294.12387,0.19000936,1253.4637
0.11,0.01,6.1538463,294.48303,0.20527819,1227.7898
0.11,0.01,6.6666665,294.8259,0.22023353,1202.5106
0.11,0.01,7.179487,295.15268,0.2348801,1177.628
0.11,0.01,7.6923075,295.4637,0.24922284,1153.1427
0.11,0.01,8.205129,295.7591,0.26326677,1129.0549
0.11,0.01,8.717949,296.03915,0.27701664,1105.3651
0.11,0.01,9.230769,296.30414,0.29047742,1082.0723
0.11,0.01,9.743589,296.5543,0.3036539,1059.1763
0.11,0.01,10.256411,296.78992,0.31655103,1036.675
0.11,0.01,10.769231,297.01117,0.32917365,1014.56757
0.11,0.01,11.282051,297.21832,0.34152663,992.8515
0.11,0.01,11.794871,297.41162,0.3536147,971.52484
0.11,0.01,12.307693,297.59125,0.36544263,950.5849
0.11,0.01,12.820513,297.75754,0.37701532,930.0289
0.11,0.01,13.333333,297.9107,0.38833728,909.8538
0.11,0.01,13.846154,298.05084,0.39941323,890.0563
0.11,0.01,14.358974,298.17828,0.41024783,870.6328
0.11,0.01,14.871795,298.29315,0.4208457,851.5796
0.11,0.01,15.384615,298.3958,0.43121132,832.8929
0.11,0.01,15.897436,298.48636,0.44134918,814.56854
0.11,0.01,16.410257,298.5651,0.4512638,796.60223
0.11,0.01,16.923077,298.6322,0.46095932,778.9899
0.11,0.01,17.435898,298.68777,0.4704403,761.7268
0.11,0.01,17.948717,298.73215,0.47971088,744.80884
0.11,0.01,18.461538,298.7655,0.4887755,728.23083
0.11,0.01,18.97436,298.7881,0.49763802,711.9884
0.11,0.01,19.487179,298.79996,0.5063026,696.0767
0.11,0.01,20.0,298.80136,0.5147735,680.49097
0.11,0.03,0.0,289.65363,0.0,1562.2627
0.11,0.03,0.51282054,290.20648,0.0190439,1532.4283
0.11,0.03,1.0256411,290.74008,0.03772267,1502.9354
0.11,0.03,1.5384616,291.25476,0.05604069,1473.7921
0.11,0.03,2.0512822,291.75082,0.07400213,1445.0068
0.11,0.03,2.5641026,292.2285,0.091611534,1416.5868
0.11,0.03,3.0769231,292.68808,0.108873434,1388.5383
0.11,0.03,3.5897436,293.12976,0.12579253,1360.8672
0.11,0.03,4.1025643,293.5539,0.14237335,1333.5784
0.11,0.03,4.6153846,293.96072,0.15862064,1306.6759
0.11,0.03,5.1282053,294.3506,0.17453927,1280.1638
0.11,0.03,5.6410255,294.7236,0.190134,1254.0447
0.11,0.03,6.1538463,295.0801,0.20540968,1228.3218
0.11,0.03,6.6666665,295.42032,0.22037126,1202.9958
0.11,0.03,7.179487,295.7446,0.23502353,1178.069
0.11,0.03,7.6923075,296.05313,0.24937142,1153.5421
0.11,0.03,8.205129,296.34613,0.26342005,1129.4148
0.11,0.03,8.717949,296.6239,0.27717412,1105.6877
0.11,0.03,9.230769,296.88672,0.2906386,1082.3596
0.11,0.03,9.743589,297.13474,0.30381843,1059.4302
0.11,0.03,10.256411,297.36826,0.31671855,1036.898
0.11,0.03,10.769231,297.58752,0.32934368,1014.7608
0.11,0.03,11.282051,297.79272,0.34169883,993.01715
0.11,0.03,11.794871,297.9841,0.35378882,971.6645
0.11,0.03,12.307693,298.16193,0.36561835,950.6999
0.11,0.03,12.820513,298.32645,0.37719223,930.12085
0.11,0.03,13.333333,298.47778,0.38851523,909.92426
0.11,0.03,13.846154,298.61633,0.39959198,890.10657
0.11,0.03,14.358974,298.74216,0.41042703,870.66437
0.11,0.03,14.871795,298.85544,0.42102516,851.5938
0.11,0.03,15.384615,298.95657,0.43139088,832.8906
0.11,0.03,15.897436,299.04572,0.44152868,814.55096
0.11,0.03,16.410257,299.123,0.4514428,796.5707
0.11,0.03,16.923077,299.18863,0.4611379,778.94525
0.11,0.03,17.435898,299.2429,0.4706183,761.67017
0.11,0.03,17.948717,299.28595,0.47988817,744.74097
0.11,0.03,18.461538,299.31805,0.4889518,728.15265
0.11,0.03,18.97436,299.33926,0.49781334,711.9008
0.11,0.03,19.487179,299.34998,0.5064768,695.9806
0.11,0.03,20.0,299.35028,0.51494646,680.3867
0.11,0.05,0.0,290.20697,0.0,1563.4282
0.11,0.05,0.51282054,290.75623,0.019057773,1533.5168
0.11,0.05,1.0256411,291.2864,0.03774953,1503.9497
0.11,0.05,1.5384616,291.7978,0.056079544,1474.7369
0.11,0.05,2.0512822,292.29065,0.0740522,1445.8854
0.11,0.05,2.5641026,292.7653,0.09167203,1417.4025
0.11,0.05,3.0769231,293.2219,0.108943634,1389.2942
0.11,0.05,3.5897436,293.6608,0.12587169,1361.5664
0.11,0.05,4.1025643,294.0822,0.1424607,1334.2235
0.11,0.05,4.6153846,294.48648,0.15871567,1307.2703
0.11,0.05,5.1282053,294.87375,0.17464122,1280.71
0.11,0.05,5.6410255,295.24435,0.19024248,1254.5453
0.11,0.05,6.1538463,295.59857,0.20552404,1228.779
0.11,0.05,6.6666665,295.93668,0.220491,1203.4122
0.11,0.05,7.179487,296.25882,0.23514813,1178.4468
0.11,0.05,7.6923075,296.5653,0.24950045,1153.8832
0.11,0.05,8.205129,296.85635,0.26355305,1129.7217
0.11,0.05,8.717949,297.13226,0.27731073,1105.9619
0.11,0.05,9.230769,297.39328,0.2907784,1082.6035
0.11,0.05,9.743589,297.63962,0.30396104,1059.6453
0.11,0.05,10.256411,297.8715,0.31686363,1037.0856
0.11,0.05,10.769231,298.0892,0.32949096,1014.92316
0.11,0.05,11.282051,298.2929,0.34184793,993.15533
0.11,0.05,11.794871,298.4829,0.35393944,971.7804
0.11,0.05,12.307693,298.65933,0.36577022,950.79486
0.11,0.05,12.820513,298.82254,0.37734523,930.19617
0.11,0.05,13.333333,298.97272,0.38866898,909.9813
0.11,0.05,13.846154,299.10992,0.3997463,890.1464
0.11,0.05,14.358974,299.23462,0.41058183,870.68805
0.11,0.05,14.871795,299.3469,0.42118022,851.60223
0.11,0.05,15.384615,299.44696,0.43154594,832.88525
0.11,0.05,15.897436,299.5351,0.44168347,814.5329
0.11,0.05,16.410257,299.6114,0.4515974,796.5405
0.11,0.05,16.923077,299.67618,0.461292,778.9041
0.11,0.05,17.435898,299.72955,0.4707719,761.6188
0.11,0.05,17.948717,299.77182,0.48004103,744.68005
0.11,0.05,18.461538,299.80307,0.48910385,728.08307
0.11,0.05,18.97436,299.8236,0.4979645,711.8233
0.11,0.05,19.487179,299.8336,0.506627,695.8957
0.11,0.05,20.0,299.8331,0.51509553,680.2953
0.11,0.07,0.0,290.67944,0.0,1564.4338
0.11,0.07,0.51282054,291.22543,0.019069716,1534.4534
0.11,0.07,1.0256411,291.75247,0.03777258,1504.8212
0.11,0.07,1.5384616,292.26086,0.056112975,1475.5465
0.11,0.07,2.0512822,292.75092,0.074095175,1446.6366
0.11,0.07,2.5641026,293.22275,0.09172398,1418.0983
0.11,0.07,3.0769231,293.6768,0.10900377,1389.9377
0.11,0.07,3.5897436,294.1132,0.1259394,1362.1603
0.11,0.07,4.1025643,294.53223,0.1425355,1334.7706
0.11,0.07,4.6153846,294.93423,0.15879692,1307.773
0.11,0.07,5.1282053,295.3195,0.17472842,1281.1708
0.11,0.07,5.6410255,295.68808,0.19033507,1254.9666
0.11,0.07,6.1538463,296.0404,0.20562157,1229.1627
0.11,0.07,6.6666665,296.3766,0.22059302,1203.7611
0.11,0.07,7.179487,296.69705,0.23525432,1178.7625
0.11,0.07,7.6923075,297.0019,0.24961033,1154.1676
0.11,0.07,8.205129,297.29147,0.26366618,1129.9766
0.11,0.07,8.717949,297.56595,0.2774268,1106.1892
0.11,0.07,9.230769,297.82556,0.29089713,1082.8047
0.11,0.07,9.743589,298.07062,0.30408213,1059.8219
0.11,0.07,10.256411,298.30133,0.31698668,1037.2394
0.11,0.07,10.769231,298.51788,0.32961583,1015.0553
0.11,0.07,11.282051,298.72052,0.34197426,993.2675
0.11,0.07,11.794871,298.90958,0.35406706,971.8734
0.11,0.07,12.307693,299.08508,0.36589894,950.8704
0.11,0.07,12.820513,299.24747,0.3774747,930.2553
0.11,0.07,13.333333,299.3968,0.3887991,910.0248
0.11,0.07,13.846154,299.53336,0.3998769,890.1756
0.11,0.07,14.358974,299.65732,0.41071263,870.704
0.11,0.07,14.871795,299.76898,0.42131117,851.60565
0.11,0.07,15.384615,299.8685,0.4316768,832.8772
0.11,0.07,15.897436,299.9561,0.44181418,814.514
0.11,0.07,16.410257,300.03195,0.45172784,796.51184
0.11,0.07,16.923077,300.09622,0.46142215,778.8662
0.11,0.07,17.435898,300.14926,0.4709014,761.57245
0.11,0.07,17.948717,300.19113,0.48016995,744.62604
0.11,0.07,18.461538,300.22217,0.48923203,728.02203
0.11,0.07,18.97436,300.2424,0.49809188,711.7557
0.11,0.07,19.487179,300.25208,0.50675356,695.82227
0.11,0.07,20.0,300.25146,0.51522106,680.21655
0.11,0.09,0.0,291.073,0.0,1565.2821
0.11,0.09,0.51282054,291.61594,0.019079782,1535.2411
0.11,0.09,1.0256411,292.1401,0.037791982,1505.5521
0.11,0.09,1.5384616,292.6458,0.05614098,1476.2234
0.11,0.09,2.0512822,293.13327,0.07413132,1447.2625
0.11,0.09,2.5641026,293.60275,0.091767475,1418.6761
0.11,0.09,3.0769231,294.05447,0.109054096,1390.4706
0.11,0.09,3.5897436,294.48877,0.12599602,1362.6504
0.11,0.09,4.1025643,294.90582,0.14259787,1335.2207
0.11,0.09,4.6153846,295.30597,0.15886462,1308.1854
0.11,0.09,5.1282053,295.68936,0.17480102,1281.5477
0.11,0.09,5.6410255,296.05637,0.19041204,1255.31
0.11,0.09,6.1538463,296.40714,0.20570262,1229.475
0.11,0.09,6.6666665,296.74194,0.22067772,1204.0435
0.11,0.09,7.179487,297.06104,0.23534223,1179.0171
0.11,0.09,7.6923075,297.36472,0.24970129,1154.3961
0.11,0.09,8.205129,297.65314,0.26375985,1130.1805
0.11,0.09,8.717949,297.92657,0.27752274,1106.3704
0.11,0.09,9.230769,298.1853,0.29099527,1082.9642
0.11,0.09,9.743589,298.4295,0.304182,1059.9615
0.11,0.09,10.256411,298.6594,0.31708822,1037.36
0.11,0.09,10.769231,298.87527,0.32971868,1015.15814
0.11,0.09,11.282051,299.07733,0.34207836,993.3538
0.11,0.09,11.794871,299.26578,0.3541721,971.9443
0.11,0.09,12.307693,299.44086,0.36600482,950.92676
0.11,0.09,12.820513,299.60278,0.37758112,930.2982
0.11,0.09,13.333333,299.7518,0.38890597,910.0553
0.11,0.09,13.846154,299.88803,0.399984,890.1946
0.11,0.09,14.358974,300.01184,0.41082,870.7121
0.11,0.09,14.871795,300.12332,0.42141855,851.604
0.11,0.09,15.384615,300.22272,0.43178412,832.8662
0.11,0.09,15.897436,300.31024,0.44192135,814.49457
0.11,0.09,16.410257,300.38605,0.4518347,796.4845
0.11,0.09,16.923077,300.4504,0.46152857,778.83167
0.11,0.09,17.435898,300.50348,0.4710074,761.5313
0.11,0.09,17.948717,300.54547,0.4802753,744.5789
0.11,0.09,18.461538,300.57663,0.48933685,727.9693
0.11,0.09,18.97436,300.59708,0.49819595,711.698
0.11,0.09,19.487179,300.60706,0.5068569,695.75995
0.11,0.09,20.0,300.60666,0.51532376,680.15015
0.11,0.11,0.0,291.38937,0.0,1565.9761
0.11,0.11,0.51282054,291.92957,0.01908797,1535.8828
0.11,0.11,1.0256411,292.45114,0.037807785,1506.1447
0.11,0.11,1.5384616,292.9544,0.056163773,1476.7698
0.11,0.11,2.0512822,293.43964,0.074160576,1447.7656
0.11,0.11,2.5641026,293.907,0.09180268,1419.1385
0.11,0.11,3.0769231,294.3568,0.109094776,1390.8947
0.11,0.11,3.5897436,294.7893,0.12604167,1363.0392
0.11,0.11,4.1025643,295.20465,0.1426481,1335.5759
0.11,0.11,4.6153846,295.60327,0.15891907,1308.5094
0.11,0.11,5.1282053,295.98526,0.17485917,1281.8423
0.11,0.11,5.6410255,296.35098,0.19047374,1255.5771
0.11,0.11,6.1538463,296.7006,0.2057674,1229.7163
0.11,0.11,6.6666665,297.03433,0.22074531,1204.2611
0.11,0.11,7.179487,297.3525,0.23541245,1179.2119
0.11,0.11,7.6923075,297.65533,0.24977368,1154.5702
0.11,0.11,8.205129,297.94305,0.26383427,1130.3347
0.11,0.11,8.717949,298.21582,0.2775991,1106.5061
0.11,0.11,9.230769,298.47403,0.29107296,1083.0828
0.11,0.11,9.743589,298.71777,0.30426112,1060.0638
0.11,0.11,10.256411,298.94736,0.31716853,1037.4476
0.11,0.11,10.769231,299.1629,0.32980004,1015.23206
0.11,0.11,11.282051,299.36478,0.3421605,993.4148
0.11,0.11,11.794871,299.5531,0.3542549,971.9932
0.11,0.11,12.307693,299.72815,0.3660881,950.9647
0.11,0.11,12.820513,299.89008,0.3776649,930.3256
0.11,0.11,13.333333,300.03918,0.38898998,910.0732
0.11,0.11,13.846154,300.1756,0.40006825,890.2034
0.11,0.11,14.358974,300.29962,0.4109043,870.71295
0.11,0.11,14.871795,300.41135,0.42150274,851.59735
0.11,0.11,15.384615,300.51108,0.4318682,832.85254
0.11,0.11,15.897436,300.59897,0.44200516,814.4745
0.11,0.11,16.410257,300.67526,0.45191824,796.4586
0.11,0.11,16.923077,300.7401,0.4616118,778.80054
0.11,0.11,17.435898,300.79373,0.47109014,761.4953
0.11,0.11,17.948717,300.83633,0.48035765,744.5384
0.11,0.11,18.461538,300.86804,0.48941875,727.92474
0.11,0.11,18.97436,300.88916,0.4982773,711.64984
0.11,0.11,19.487179,300.89978,0.50693756,695.7086
0.11,0.11,20.0,300.90012,0.51540375,680.0958
0.11,0.13,0.0,291.63037,0.0,1566.518
0.11,0.13,0.51282054,292.16803,0.019094437,1536.3802
0.11,0.13,1.0256411,292.6874,0.03782004,1506.601
0.11,0.13,1.5384616,293.18854,0.056181453,1477.1876
0.11,0.13,2.0512822,293.67175,0.07418316,1448.1476
0.11,0.13,2.5641026,294.13733,0.091829695,1419.488
0.11,0.13,3.0769231,294.58548,0.10912591,1391.213
0.11,0.13,3.5897436,295.01642,0.12607661,1363.3282
0.11,0.13,4.1025643,295.43054,0.14268643,1335.8383
0.11,0.13,4.6153846,295.82788,0.15896037,1308.7466
0.11,0.13,5.1282053,296.2088,0.17490335,1282.0563
0.11,0.13,5.6410255,296.57355,0.19052036,1255.7695
0.11,0.13,6.1538463,296.92233,0.20581627,1229.8882
0.11,0.13,6.6666665,297.25543,0.22079621,1204.4142
0.11,0.13,7.179487,297.57303,0.23546506,1179.3481
0.11,0.13,7.6923075,297.8754,0.24982792,1154.69
0.11,0.13,8.205129,298.16275,0.26388985,1130.4397
0.11,0.13,8.717949,298.4353,0.27765584,1106.597
0.11,0.13,9.230769,298.69333,0.2911308,1083.1611
0.11,0.13,9.743589,298.93704,0.30431992,1060.1302
0.11,0.13,10.256411,299.16663,0.31722802,1037.503
0.11,0.13,10.769231,299.38235,0.32986012,1015.2773
0.11,0.13,11.282051,299.58438,0.34222105,993.4506
0.11,0.13,11.794871,299.77304,0.35431582,972.02057
0.11,0.13,12.307693,299.94843,0.36614937,950.9838
0.11,0.13,12.820513,300.1108,0.37772632,930.33765
0.11,0.13,13.333333,300.2604,0.38905165,910.07837
0.11,0.13,13.846154,300.3975,0.40012988,890.2026
0.11,0.13,14.358974,300.52206,0.4109659,870.70624
0.11,0.13,14.871795,300.63452,0.42156416,851.5855
0.11,0.13,15.384615,300.73505,0.4319294,832.83624
0.11,0.13,15.897436,300.82373,0.4420663,814.4538
0.11,0.13,16.410257,300.90088,0.451979,796.4341
0.11,0.13,16.923077,300.96667,0.46167222,778.77246
0.11,0.13,17.435898,301.02124,0.47115034,761.46405
0.11,0.13,17.948717,301.06488,0.48041737,744.5044
0.11,0.13,18.461538,301.0977,0.48947793,727.8884
0.11,0.13,18.97436,301.11984,0.49833605,711.61115
0.11,0.13,19.487179,301.13162,0.50699586,695.6681
0.11,0.13,20.0,301.13312,0.5154615,680.0535
0.11,0.15,0.0,291.79782,0.0,1566.9113
0.11,0.15,0.51282054,292.33325,0.019099027,1536.7369
0.11,0.15,1.0256411,292.85043,0.037828855,1506.9243
0.11,0.15,1.5384616,293.3498,0.056194022,1477.4801
0.11,0.15,2.0512822,293.83133,0.07419917,1448.4114
0.11,0.15,2.5641026,294.29535,0.09184878,1419.7251
0.11,0.15,3.0769231,294.74213,0.109147765,1391.426
0.11,0.15,3.5897436,295.17194,0.12610091,1363.519
0.11,0.15,4.1025643,295.58496,0.14271298,1336.0087
0.11,0.15,4.6153846,295.98148,0.15898895,1308.8982
0.11,0.15,5.1282053,296.3617,0.17493364,1282.1903
0.11,0.15,5.6410255,296.7258,0.19055218,1255.8878
0.11,0.15,6.1538463,297.07407,0.20584948,1229.9922
0.11,0.15,6.6666665,297.40683,0.22083059,1204.5049
0.11,0.15,7.179487,297.72424,0.23550053,1179.4263
0.11,0.15,7.6923075,298.02655,0.24986428,1154.7568
0.11,0.15,8.205129,298.31384,0.26392698,1130.4962
0.11,0.15,8.717949,298.58655,0.27769357,1106.6444
0.11,0.15,9.230769,298.84485,0.29116917,1083.1997
0.11,0.15,9.743589,299.08878,0.30435866,1060.1613
0.11,0.15,10.256411,299.31885,0.31726706,1037.5265
0.11,0.15,10.769231,299.53506,0.32989943,1015.29443
0.11,0.15,11.282051,299.7377,0.34226048,993.46185
0.11,0.15,11.794871,299.92706,0.35435542,972.0264
0.11,0.15,12.307693,300.10324,0.36618897,950.9851
0.11,0.15,12.820513,300.26645,0.37776592,930.3344
0.11,0.15,13.333333,300.41696,0.38909116,910.0712
0.11,0.15,13.846154,300.55502,0.4001693,890.19196
0.11,0.15,14.358974,300.68063,0.41100505,870.6924
0.11,0.15,14.871795,300.79428,0.42160323,851.5689
0.11,0.15,15.384615,300.89597,0.43196827,832.81696
0.11,0.15,15.897436,300.9859,0.44210485,814.43243
0.11,0.15,16.410257,301.06436,0.4520173,796.4109
0.11,0.15,16.923077,301.13147,0.46171027,778.7475
0.11,0.15,17.435898,301.1875,0.47118798,761.43774
0.11,0.15,17.948717,301.23248,0.48045477,744.4768
0.11,0.15,18.461538,301.2668,0.48951492,727.85974
0.11,0.15,18.97436,301.29053,0.4983727,711.5817
0.11,0.15,19.487179,301.30386,0.5070321,695.6379
0.11,0.15,20.0,301.30698,0.51549745,680.0228
0.11,0.17,0.0,291.8934,0.0,1567.1582
0.11,0.17,0.51282054,292.42685,0.019101843,1536.9556
0.11,0.17,1.0256411,292.9423,0.037834227,1507.1165
0.11,0.17,1.5384616,293.43994,0.05620169,1477.6488
0.11,0.17,2.0512822,293.92,0.07420866,1448.5588
0.11,0.17,2.5641026,294.38287,0.09186005,1419.853
0.11,0.17,3.0769231,294.82855,0.10916049,1391.5366
0.11,0.17,3.5897436,295.25742,0.12611485,1363.6136
0.11,0.17,4.1025643,295.6697,0.142728,1336.0889
0.11,0.17,4.6153846,296.06564,0.15900487,1308.9656
0.11,0.17,5.1282053,296.4454,0.17495039,1282.2463
0.11,0.17,5.6410255,296.80923,0.19056949,1255.9332
0.11,0.17,6.1538463,297.15744,0.20586726,1230.0286
0.11,0.17,6.6666665,297.49017,0.22084878,1204.5328
0.11,0.17,7.179487,297.80765,0.2355191,1179.447
0.11,0.17,7.6923075,298.11014,0.249883,1154.7714
0.11,0.17,8.205129,298.39786,0.26394588,1130.5051
0.11,0.17,8.717949,298.67102,0.27771258,1106.6482
0.11,0.17,9.230769,298.92984,0.2911881,1083.1991
0.11,0.17,9.743589,299.17456,0.30437753,1060.1566
0.11,0.17,10.256411,299.40533,0.31728593,1037.5189
0.11,0.17,10.769231,299.62247,0.32991815,1015.2838
0.11,0.17,11.282051,299.82614,0.3422792,993.4487
0.11,0.17,11.794871,300.0165,0.35437387,972.01117
0.11,0.17,12.307693,300.19385,0.3662072,950.9679
0.11,0.17,12.820513,300.3583,0.37778395,930.31604
0.11,0.17,13.333333,300.51016,0.38910884,910.0517
0.11,0.17,13.846154,300.64954,0.40018678,890.1713
0.11,0.17,14.358974,300.77673,0.4110223,870.6713
0.11,0.17,14.871795,300.8918,0.42162025,851.5472
0.11,0.17,15.384615,300.9951,0.43198508,832.795
0.11,0.17,15.897436,301.0867,0.44212127,814.4104
0.11,0.17,16.410257,301.1668,0.45203358,796.3887
0.11,0.17,16.923077,301.23572,0.4617262,778.72546
0.11,0.17,17.435898,301.29355,0.47120363,761.4159
0.11,0.17,17.948717,301.34042,0.4804702,744.4553
0.11,0.17,18.461538,301.37662,0.4895301,727.83875
0.11,0.17,18.97436,301.40234,0.4983877,711.56116
0.11,0.17,19.487179,301.41763,0.5070468,695.618
0.11,0.17,20.0,301.42282,0.5155119,680.0036
0.11,0.19,0.0,291.91885,0.0,1567.2618
0.11,0.19,0.51282054,292.45053,0.019103043,1537.0377
0.11,0.19,1.0256411,292.96432,0.03783626,1507.1803
0.11,0.19,1.5384616,293.46066,0.0562044,1477.6959
0.11,0.19,2.0512822,293.93954,0.07421184,1448.5916
0.11,0.19,2.5641026,294.4014,0.09186354,1419.8732
0.11,0.19,3.0769231,294.84622,0.10916419,1391.5458
0.11,0.19,3.5897436,295.2745,0.12611865,1363.6133
0.11,0.19,4.1025643,295.6863,0.14273176,1336.0807
0.11,0.19,4.6153846,296.0819,0.15900841,1308.9504
0.11,0.19,5.1282053,296.46155,0.17495367,1282.2253
0.11,0.19,5.6410255,296.8254,0.19057262,1255.9077
0.11,0.19,6.1538463,297.17374,0.20586997,1229.999
0.11,0.19,6.6666665,297.50677,0.22085118,1204.5002
0.11,0.19,7.179487,297.82468,0.23552097,1179.412
0.11,0.19,7.6923075,298.12775,0.24988446,1154.7341
0.11,0.19,8.205129,298.41617,0.26394686,1130.4668
0.11,0.19,8.717949,298.69012,0.27771303,1106.6091
0.11,0.19,9.230769,298.94992,0.29118812,1083.1598
0.11,0.19,9.743589,299.19565,0.3043771,1060.1173
0.11,0.19,10.256411,299.42755,0.317285,1037.48
0.11,0.19,10.769231,299.64597,0.32991675,1015.2454
0.11,0.19,11.282051,299.85098,0.34227732,993.41144
0.11,0.19,11.794871,300.0428,0.35437155,971.975
0.11,0.19,12.307693,300.22162,0.3662044,950.9333
0.11,0.19,12.820513,300.38776,0.3777808,930.28253
0.11,0.19,13.333333,300.5413,0.38910535,910.0197
0.11,0.19,13.846154,300.68243,0.40018287,890.1411
0.11,0.19,14.358974,300.81143,0.41101804,870.64264
0.11,0.19,14.871795,300.92844,0.4216156,851.52045
0.11,0.19,15.384615,301.0337,0.43198,832.77014
0.11,0.19,15.897436,301.12735,0.44211605,814.3874
0.11,0.19,16.410257,301.20963,0.45202798,796.3675
0.11,0.19,16.923077,301.28067,0.4617204,778.70624
0.11,0.19,17.435898,301.34064,0.47119766,761.3985
0.11,0.19,17.948717,301.38983,0.4804639,744.4399
0.11,0.19,18.461538,301.4284,0.48952368,727.8251
0.11,0.19,18.97436,301.45645,0.49838102,711.54944
0.11,0.19,19.487179,301.47418,0.5070401,695.60803
0.11,0.19,20.0,301.48178,0.5155051,679.99536
0.11,0.21,0.0,291.8759,0.0,1567.2245
0.11,0.21,0.51282054,292.4059,0.01910247,1536.9869
0.11,0.21,1.0256411,292.91837,0.03783501,1507.1178
0.11,0.21,1.5384616,293.41348,0.056202263,1477.6239
0.11,0.21,2.0512822,293.89148,0.07420887,1448.5122
0.11,0.21,2.5641026,294.35248,0.09185953,1419.7875
0.11,0.21,3.0769231,294.79684,0.10915908,1391.455
0.11,0.21,3.5897436,295.2247,0.12611239,1363.5198
0.11,0.21,4.1025643,295.63632,0.14272429,1335.9849
0.11,0.21,4.6153846,296.0319,0.1589998,1308.8536
0.11,0.21,5.1282053,296.41162,0.17494386,1282.1283
0.11,0.21,5.6410255,296.77582,0.19056156,1255.8114
0.11,0.21,6.1538463,297.12463,0.20585787,1229.9038
0.11,0.21,6.6666665,297.45822,0.22083783,1204.4069
0.11,0.21,7.179487,297.77686,0.23550653,1179.3208
0.11,0.21,7.6923075,298.0808,0.24986893,1154.6464
0.11,0.21,8.205129,298.37027,0.2639303,1130.382
0.11,0.21,8.717949,298.64536,0.27769542,1106.5277
0.11,0.21,9.230769,298.90637,0.29116952,1083.0822
0.11,0.21,9.743589,299.1535,0.30435756,1060.0436
0.11,0.21,10.256411,299.38696,0.3172645,1037.4103
0.11,0.21,10.769231,299.6069,0.32989547,1015.1798
0.11,0.21,11.282051,299.81363,0.3422552,993.3499
0.11,0.21,11.794871,300.00723,0.35434878,971.9179
0.11,0.21,12.307693,300.18796,0.36618105,950.88025
0.11,0.21,12.820513,300.35596,0.37775669,930.23395
0.11,0.21,13.333333,300.51163,0.3890807,909.97546
0.11,0.21,13.846154,300.65494,0.4001577,890.101
0.11,0.21,14.358974,300.7861,0.41099238,870.6067
0.11,0.21,14.871795,300.90546,0.42158952,851.4884
0.11,0.21,15.384615,301.01303,0.43195373,832.7421
0.11,0.21,15.897436,301.10913,0.4420893,814.3632
0.11,0.21,16.410257,301.19388,0.45200104,796.3471
0.11,0.21,16.923077,301.26746,0.4616931,778.68945
0.11,0.21,17.435898,301.3301,0.47117025,761.3854
0.11,0.21,17.948717,301.3819,0.48043635,744.43005
0.11,0.21,18.461538,301.42316,0.48949605,727.8187
0.11,0.21,18.97436,301.45395,0.49835336,711.54614
0.11,0.21,19.487179,301.4745,0.5070123,695.6077
0.11,0.21,20.0,301.48495,0.5154773,679.99817
0.11,0.23,0.0,291.76608,0.0,1567.0493
0.11,0.23,0.51282054,292.29474,0.019100279,1536.8054
0.11,0.23,1.0256411,292.806,0.037830524,1506.9316
0.11,0.23,1.5384616,293.30014,0.056195535,1477.4348
0.11,0.23,2.0512822,293.77737,0.07419974,1448.3219
0.11,0.23,2.5641026,294.23782,0.091848105,1419.5975
0.11,0.23,3.0769231,294.68182,0.10914526,1391.2671
0.11,0.23,3.5897436,295.10956,0.12609632,1363.3346
0.11,0.23,4.1025643,295.5212,0.14270598,1335.8033
0.11,0.23,4.6153846,295.91702,0.1589793,1308.6765
0.11,0.23,5.1282053,296.29718,0.17492118,1281.9565
0.11,0.23,5.6410255,296.6619,0.1905368,1255.6453
0.11,0.23,6.1538463,297.0114,0.20583113,1229.7443
0.11,0.23,6.6666665,297.34592,0.22080915,1204.2538
0.11,0.23,7.179487,297.66565,0.23547596,1179.1752
0.11,0.23,7.6923075,297.97076,0.24983664,1154.5077
0.11,0.23,8.205129,298.26147,0.26389635,1130.2509
0.11,0.23,8.717949,298.53802,0.2776599,1106.4044
0.11,0.23,9.230769,298.8006,0.29113254,1082.9663
0.11,0.23,9.743589,299.04938,0.30431923,1059.9357
0.11,0.23,10.256411,299.2847,0.31722492,1037.3098
0.11,0.23,10.769231,299.50653,0.32985464,1015.0871
0.11,0.23,11.282051,299.71524,0.34221333,993.2646
0.11,0.23,11.794871,299.911,0.3543058,971.83997
0.11,0.23,12.307693,300.094,0.36613712,950.8096
0.11,0.23,12.820513,300.26434,0.37771204,930.1702
0.11,0.23,13.333333,300.42233,0.38903525,909.9187
0.11,0.23,13.846154,300.56815,0.40011165,890.05084
0.11,0.23,14.358974,300.70197,0.41094577,870.5631
0.11,0.23,14.871795,300.82388,0.42154238,851.45123
0.11,0.23,15.384615,300.93423,0.43190604,832.7108
0.11,0.23,15.897436,301.0331,0.44204137,814.33777
0.11,0.23,16.410257,301.12073,0.45195282,796.3273
0.11,0.23,16.923077,301.19724,0.46164468,778.6751
0.11,0.23,17.435898,301.26288,0.47112164,761.3762
0.11,0.23,17.948717,301.31772,0.4803877,744.4259
0.11,0.23,18.461538,301.36203,0.48944733,727.81915
0.11,0.23,18.97436,301.396,0.49830467,711.5513
0.11,0.23,19.487179,301.41968,0.5069638,695.61707
0.11,0.23,20.0,301.43347,0.5154289,680.0116
0.11,0.25,0.0,291.5911,0.0,1566.7393
0.11,0.25,0.51282054,292.1185,0.019096471,1536.4952
0.11,0.25,1.0256411,292.62875,0.03782291,1506.6238
0.11,0.25,1.5384616,293.12213,0.056184113,1477.1309
0.11,0.25,2.0512822,293.59875,0.07418467,1448.0233
0.11,0.25,2.5641026,294.05893,0.09182933,1419.3059
0.11,0.25,3.0769231,294.50278,0.10912299,1390.9829
0.11,0.25,3.5897436,294.9306,0.12607062,1363.0586
0.11,0.25,4.1025643,295.34253,0.14267693,1335.5367
0.11,0.25,4.6153846,295.7388,0.15894696,1308.42
0.11,0.25,5.1282053,296.1196,0.17488587,1281.7108
0.11,0.25,5.6410255,296.4851,0.1904985,1255.4105
0.11,0.25,6.1538463,296.8356,0.20578992,1229.5209
0.11,0.25,6.6666665,297.17126,0.22076534,1204.0421
0.11,0.25,7.179487,297.49228,0.2354296,1178.9751
0.11,0.25,7.6923075,297.79883,0.24978793,1154.3193
0.11,0.25,8.205129,298.0912,0.26384526,1130.0743
0.11,0.25,8.717949,298.36945,0.2776068,1106.2395
0.11,0.25,9.230769,298.63388,0.29107752,1082.8129
0.11,0.25,9.743589,298.8847,0.30426234,1059.7932
0.11,0.25,10.256411,299.12204,0.3171664,1037.1788
0.11,0.25,10.769231,299.34616,0.32979456,1014.96716
0.11,0.25,11.282051,299.55722,0.3421518,993.1556
0.11,0.25,11.794871,299.75543,0.35424304,971.74115
0.11,0.25,12.307693,299.94095,0.3660732,950.72076
0.11,0.25,12.820513,300.11395,0.377647,930.0914
0.11,0.25,13.333333,300.27472,0.38896933,909.84924
0.11,0.25,13.846154,300.4233,0.40004492,889.99066
0.11,0.25,14.358974,300.56006,0.41087836,870.5117
0.11,0.25,14.871795,300.68497,0.4214744,851.4083
0.11,0.25,15.384615,300.7984,0.43183762,832.6762
0.11,0.25,15.897436,300.90045,0.44197258,814.3109
0.11,0.25,16.410257,300.99127,0.45188367,796.3079
0.11,0.25,16.923077,301.071,0.46157545,778.66284
0.11,0.25,17.435898,301.13998,0.47105217,761.37067
0.11,0.25,17.948717,301.1983,0.48031834,744.42676
0.11,0.25,18.461538,301.24606,0.48937798,727.82635
0.11,0.25,18.97436,301.28354,0.4982354,711.56415
0.11,0.25,19.487179,301.31088,0.5068947,695.63556
0.11,0.25,20.0,301.32812,0.51536006,680.0353
0.11,0.27,0.0,291.35257,0.0,1566.2963
0.11,0.27,0.51282054,291.87878,0.019091047,1536.0593
0.11,0.27,1.0256411,292.38824,0.037812218,1506.1968
0.11,0.27,1.5384616,292.881,0.056168206,1476.7142
0.11,0.27,2.0512822,293.35724,0.074163705,1447.6179
0.11,0.27,2.5641026,293.81726,0.09180351,1418.9132
0.11,0.27,3.0769231,294.26117,0.10909238,1390.604
0.11,0.27,3.5897436,294.68927,0.1260354,1362.6941
0.11,0.27,4.1025643,295.10168,0.1426373,1335.1871
0.11,0.27,4.6153846,295.49863,0.15890321,1308.0859
0.11,0.27,5.1282053,295.88028,0.17483795,1281.3923
0.11,0.27,5.6410255,296.24683,0.19044688,1255.1082
0.11,0.27,6.1538463,296.59854,0.20573464,1229.2346
0.11,0.27,6.6666665,296.93555,0.22070661,1203.7722
0.11,0.27,7.179487,297.25815,0.23536769,1178.721
0.11,0.27,7.6923075,297.5664,0.24972294,1154.0814
0.11,0.27,8.205129,297.86057,0.26377752,1129.8519
0.11,0.27,8.717949,298.14087,0.27753645,1106.0327
0.11,0.27,9.230769,298.40747,0.29100454,1082.6217
0.11,0.27,9.743589,298.66055,0.30418718,1059.6173
0.11,0.27,10.256411,298.90033,0.31708914,1037.0176
0.11,0.27,10.769231,299.12695,0.32971537,1014.81995
0.11,0.27,11.282051,299.34067,0.34207094,993.02216
0.11,0.27,11.794871,299.54163,0.35416067,971.6212
0.11,0.27,12.307693,299.72998,0.36598942,950.6138
0.11,0.27,12.820513,299.90598,0.37756205,929.99713
0.11,0.27,13.333333,300.06976,0.3888833,909.7671
0.11,0.27,13.846154,300.22153,0.39995784,889.92017
0.11,0.27,14.358974,300.36154,0.41079056,870.4524
0.11,0.27,14.871795,300.48978,0.42138594,851.35974
0.11,0.27,15.384615,300.60663,0.4317486,832.63763
0.11,0.27,15.897436,300.71213,0.4418831,814.28217
0.11,0.27,16.410257,300.80655,0.45179397,796.2885
0.11,0.27,16.923077,300.88995,0.46148556,778.6522
0.11,0.27,17.435898,300.96265,0.47096217,761.3686
0.11,0.27,17.948717,301.02466,0.48022825,744.4326
0.11,0.27,18.461538,301.0763,0.48928815,727.83966
0.11,0.27,18.97436,301.11755,0.4981458,711.5848
0.11,0.27,19.487179,301.1488,0.5068054,695.6629
0.11,0.27,20.0,301.17004,0.51527107,680.06903
0.11,0.29,0.0,291.0519,0.0,1565.7236
0.11,0.29,0.51282054,291.57727,0.01908411,1535.5004
0.11,0.29,1.0256411,292.08597,0.03779845,1505.6527
0.11,0.29,1.5384616,292.57825,0.056147866,1476.1869
0.11,0.29,2.0512822,293.0543,0.07413695,1447.1079
0.11,0.29,2.5641026,293.5143,0.09177055,1418.4219
0.11,0.29,3.0769231,293.95853,0.109053575,1390.132
0.11,0.29,3.5897436,294.38702,0.12599087,1362.242
0.11,0.29,4.1025643,294.8001,0.14258733,1334.7555
0.11,0.29,4.6153846,295.1979,0.15884803,1307.6747
0.11,0.29,5.1282053,295.58066,0.17477793,1281.0018
0.11,0.29,5.6410255,295.94843,0.1903821,1254.7384
0.11,0.29,6.1538463,296.3016,0.20566548,1228.8857
0.11,0.29,6.6666665,296.64026,0.22063324,1203.444
0.11,0.29,7.179487,296.96463,0.23529045,1178.4135
0.11,0.29,7.6923075,297.2748,0.249642,1153.7941
0.11,0.29,8.205129,297.57114,0.26369318,1129.5848
0.11,0.29,8.717949,297.85367,0.2774489,1105.7849
0.11,0.29,9.230769,298.12262,0.29091418,1082.3931
0.11,0.29,9.743589,298.37827,0.30409408,1059.4071
0.11,0.29,10.256411,298.6207,0.31699353,1036.8254
0.11,0.29,10.769231,298.85013,0.3296176,1014.64557
0.11,0.29,11.282051,299.06677,0.34197107,992.86487
0.11,0.29,11.794871,299.27075,0.35405892,971.4804
0.11,0.29,12.307693,299.46228,0.36588606,950.489
0.11,0.29,12.820513,299.6415,0.3774572,929.8875
0.11,0.29,13.333333,299.80865,0.38877714,909.6721
0.11,0.29,13.846154,299.96393,0.39985073,889.8391
0.11,0.29,14.358974,300.10745,0.4106825,870.38477
0.11,0.29,14.871795,300.2394,0.4212771,851.30493
0.11,0.29,15.384615,300.35995,0.4316392,832.5953
0.11,0.29,15.897436,300.46927,0.4417733,814.25146
0.11,0.29,16.410257,300.56757,0.45168382,796.269
0.11,0.29,16.923077,300.65497,0.46137518,778.64325
0.11,0.29,17.435898,300.7316,0.4708519,761.36957
0.11,0.29,17.948717,300.79776,0.480118,744.44324
0.11,0.29,18.461538,300.85358,0.48917806,727.85913
0.11,0.29,18.97436,300.89905,0.49803597,711.6127
0.11,0.29,19.487179,300.93454,0.5066959,695.69885
0.11,0.29,20.0,300.96014,0.5151622,680.1124
0.11,0.31,0.0,290.69086,0.0,1565.024
0.11,0.31,0.51282054,291.21527,0.01907561,1534.8204
0.11,0.31,1.0256411,291.72345,0.03778176,1504.994
0.11,0.31,1.5384616,292.21542,0.056123197,1475.5504
0.11,0.31,2.0512822,292.6914,0.074104615,1446.4954
0.11,0.31,2.5641026,293.15155,0.09173081,1417.8331
0.11,0.31,3.0769231,293.59613,0.10900669,1389.5682
0.11,0.31,3.5897436,294.02527,0.12593725,1361.7036
0.11,0.31,4.1025643,294.4392,0.1425272,1334.2423
0.11,0.31,4.6153846,294.83804,0.15878174,1307.1875
0.11,0.31,5.1282053,295.22205,0.17470583,1280.5405
0.11,0.31,5.6410255,295.5913,0.19030449,1254.3027
0.11,0.31,6.1538463,295.94617,0.20558266,1228.4756
0.11,0.31,6.6666665,296.28662,0.22054556,1203.059
0.11,0.31,7.179487,296.6129,0.23519808,1178.0532
0.11,0.31,7.6923075,296.92532,0.24954537,1153.4583
0.11,0.31,8.205129,297.22394,0.26359263,1129.2727
0.11,0.31,8.717949,297.50894,0.27734467,1105.4962
0.11,0.31,9.230769,297.7806,0.29080647,1082.1272
0.11,0.31,9.743589,298.039,0.30398324,1059.1635
0.11,0.31,10.256411,298.28433,0.31687987,1036.6033
0.11,0.31,10.769231,298.51688,0.3295013,1014.4441
0.11,0.31,11.282051,298.73666,0.34185243,992.6835
0.11,0.31,11.794871,298.944,0.3539382,971.3183
0.11,0.31,12.307693,299.13898,0.3657634,950.3455
0.11,0.31,12.820513,299.32175,0.37733287,929.7618
0.11,0.31,13.333333,299.49258,0.38865146,909.56366
0.11,0.31,13.846154,299.65158,0.39972377,889.74725
0.11,0.31,14.358974,299.79892,0.4105545,870.3087
0.11,0.31,14.871795,299.9348,0.42114824,851.2438
0.11,0.31,15.384615,300.05942,0.43150967,832.5485
0.11,0.31,15.897436,300.17285,0.44164324,814.2182
0.11,0.31,16.410257,300.2753,0.4515535,796.2487
0.11,0.31,16.923077,300.36703,0.46124464,778.6354
0.11,0.31,17.435898,300.448,0.4707213,761.37335
0.11,0.31,17.948717,300.5186,0.47998756,744.45795
0.11,0.31,18.461538,300.57886,0.48904783,727.8844
0.11,0.31,18.97436,300.62894,0.49790615,711.64764
0.11,0.31,19.487179,300.66904,0.50656664,695.74304
0.11,0.31,20.0,300.6993,0.51503336,680.1652
0.11,0.33,0.0,290.27078,0.0,1564.2
0.11,0.33,0.51282054,290.79453,0.019065648,1534.0225
0.11,0.33,1.0256411,291.3022,0.037762098,1504.223
0.11,0.33,1.5384616,291.79395,0.05609425,1474.808
0.11,0.33,2.0512822,292.26996,0.0740667,1445.7817
0.11,0.33,2.5641026,292.73044,0.09168429,1417.1493
0.11,0.33,3.0769231,293.17557,0.108951926,1388.9146
0.11,0.33,3.5897436,293.60547,0.12587456,1361.0803
0.11,0.33,4.1025643,294.02036,0.14245716,1333.65
0.11,0.33,4.6153846,294.42044,0.15870455,1306.6254
0.11,0.33,5.1282053,294.80582,0.17462182,1280.009
0.11,0.33,5.6410255,295.17676,0.19021416,1253.8016
0.11,0.33,6.1538463,295.5334,0.20548633,1228.0044
0.11,0.33,6.6666665,295.87582,0.22044365,1202.6171
0.11,0.33,7.179487,296.2044,0.23509097,1177.6405
0.11,0.33,7.6923075,296.51913,0.24943338,1153.0737
0.11,0.33,8.205129,296.8203,0.263476,1128.9163
0.11,0.33,8.717949,297.1081,0.27722374,1105.1669
0.11,0.33,9.230769,297.3825,0.29068178,1081.8239
0.11,0.33,9.743589,297.64398,0.30385488,1058.886
0.11,0.33,10.256411,297.8925,0.31674832,1036.3505
0.11,0.33,10.769231,298.12833,0.3293668,1014.2151
0.11,0.33,11.282051,298.35156,0.34171522,992.47754
0.11,0.33,11.794871,298.56244,0.35379857,971.13477
0.11,0.33,12.307693,298.76105,0.36562163,950.18353
0.11,0.33,12.820513,298.94772,0.3771893,929.6203
0.11,0.33,13.333333,299.12244,0.38850626,909.4419
0.11,0.33,13.846154,299.28546,0.39957717,889.64435
0.11,0.33,14.358974,299.43692,0.4104067,870.22375
0.11,0.33,14.871795,299.57706,0.42099956,851.1761
0.11,0.33,15.384615,299.706,0.43136027,832.4971
0.11,0.33,15.897436,299.82382,0.44149327,814.18243
0.11,0.33,16.410257,299.93085,0.45140317,796.22766
0.11,0.33,16.923077,300.0271,0.4610942,778.6281
0.11,0.33,17.435898,300.1128,0.4705708,761.3794
0.11,0.33,17.948717,300.1881,0.4798372,744.47656
0.11,0.33,18.461538,300.2531,0.48889783,727.9147
0.11,0.33,18.97436,300.30807,0.4977566,711.68915
0.11,0.33,19.487179,300.3531,0.50641763,695.795
0.11,0.33,20.0,300.38834,0.5148851,680.227
0.11,0.35,0.0,289.7934,0.0,1563.2546
0.11,0.35,0.51282054,290.31644,0.019054174,1533.1086
0.11,0.35,1.0256411,290.82373,0.03773962,1503.342
0.11,0.35,1.5384616,291.31537,0.05606108,1473.9607
0.11,0.35,2.0512822,291.79147,0.07402331,1444.969
0.11,0.35,2.5641026,292.2524,0.091631144,1416.3717
0.11,0.35,3.0769231,292.69815,0.108889446,1388.172
0.11,0.35,3.5897436,293.1289,0.12580322,1360.3732
0.11,0.35,4.1025643,293.54495,0.14237726,1332.9785
0.11,0.35,4.6153846,293.9464,0.15861663,1305.9897
0.11,0.35,5.1282053,294.3334,0.17452633,1279.4084
0.11,0.35,5.6410255,294.7061,0.19011147,1253.2356
0.11,0.35,6.1538463,295.0647,0.20537692,1227.4725
0.11,0.35,6.6666665,295.40933,0.22032787,1202.119
0.11,0.35,7.179487,295.74026,0.23496918,1177.1755
0.11,0.35,7.6923075,296.05756,0.24930608,1152.6412
0.11,0.35,8.205129,296.36148,0.2633436,1128.5154
0.11,0.35,8.717949,296.65213,0.27708668,1104.7965
0.11,0.35,9.230769,296.92972,0.29054028,1081.4833
0.11,0.35,9.743589,297.1944,0.3037094,1058.5743
0.11,0.35,10.256411,297.44626,0.3165991,1036.0669
0.11,0.35,10.769231,297.68552,0.32921427,1013.95886
0.11,0.35,11.282051,297.9125,0.34155974,992.24756
0.11,0.35,11.794871,298.12714,0.35364038,970.9296
0.11,0.35,12.307693,298.32974,0.36546105,950.0025
0.11,0.35,12.820513,298.5204,0.37702668,929.4625
0.11,0.35,13.333333,298.69934,0.3883418,909.30615
0.11,0.35,13.846154,298.86664,0.3994112,889.5299
0.11,0.35,14.358974,299.02258,0.41023943,870.12964
0.11,0.35,14.871795,299.16714,0.4208313,851.10114
0.11,0.35,15.384615,299.30066,0.43119115,832.4406
0.11,0.35,15.897436,299.42325,0.44132364,814.1434
0.11,0.35,16.410257,299.53497,0.4512331,796.2051
0.11,0.35,16.923077,299.63614,0.46092397,778.62146
0.11,0.35,17.435898,299.7268,0.47040057,761.38745
0.11,0.35,17.948717,299.8071,0.4796673,744.49866
0.11,0.35,18.461538,299.87723,0.4887281,727.9501
0.11,0.35,18.97436,299.93735,0.49758744,711.73694
0.11,0.35,19.487179,299.98764,0.50624907,695.85443
0.11,0.35,20.0,300.0282,0.5147174,680.2975
0.11,0.37,0.0,289.26004,0.0,1562.1904
0.11,0.37,0.51282054,289.78253,0.019041292,1532.0818
0.11,0.37,1.0256411,290.28946,0.037714325,1502.3534
0.11,0.37,1.5384616,290.78104,0.056023844,1473.0111
0.11,0.37,2.0512822,291.25748,0.0739747,1444.0588
0.11,0.37,2.5641026,291.71887,0.09157153,1415.5018
0.11,0.37,3.0769231,292.16534,0.108819455,1387.3427
0.11,0.37,3.5897436,292.59714,0.12572315,1359.5845
0.11,0.37,4.1025643,293.01447,0.1422877,1332.2297
0.11,0.37,4.6153846,293.4173,0.15851821,1305.2808
0.11,0.37,5.1282053,293.806,0.1744194,1278.7393
0.11,0.37,5.6410255,294.18063,0.18999653,1252.6057
0.11,0.37,6.1538463,294.54135,0.20525447,1226.8809
0.11,0.37,6.6666665,294.8884,0.22019832,1201.5653
0.11,0.37,7.179487,295.2218,0.23483317,1176.6588
0.11,0.37,7.6923075,295.54187,0.2491639,1152.1606
0.11,0.37,8.205129,295.8487,0.2631957,1128.0701
0.11,0.37,8.717949,296.14243,0.2769335,1104.3855
0.11,0.37,9.230769,296.42325,0.29038227,1081.1057
0.11,0.37,9.743589,296.69128,0.30354694,1058.2291
0.11,0.37,10.256411,296.94678,0.3164326,1035.7528
0.11,0.37,10.769231,297.18985,0.3290441,1013.67474
0.11,0.37,11.282051,297.42065,0.34138617,991.99243
0.11,0.37,11.794871,297.6393,0.3534639,970.7027
0.11,0.37,12.307693,297.84607,0.36528206,949.8023
0.11,0.37,12.820513,298.04105,0.3768453,929.2881
0.11,0.37,13.333333,298.22437,0.38815838,909.1565
0.11,0.37,13.846154,298.3962,0.39922607,889.4036
0.11,0.37,14.358974,298.55667,0.41005293,870.0257
0.11,0.37,14.871795,298.70612,0.4206436,851.01874
0.11,0.37,15.384615,298.84448,0.43100256,832.37854
0.11,0.37,15.897436,298.972,0.44113445,814.1008
0.11,0.37,16.410257,299.08878,0.4510435,796.18085
0.11,0.37,16.923077,299.19504,0.46073416,778.61456
0.11,0.37,17.435898,299.29095,0.47021082,761.39716
0.11,0.37,17.948717,299.37656,0.47947764,744.52386
0.11,0.37,18.461538,299.4521,0.48853892,727.9899
0.11,0.37,18.97436,299.51767,0.4973988,711.79047
0.11,0.37,19.487179,299.57352,0.5060612,695.921
0.11,0.37,20.0,299.6196,0.5145305,680.37616
0.11,0.39,0.0,288.6724,0.0,1561.0106
0.11,0.39,0.51282054,289.1943,0.019027002,1530.9441
0.11,0.39,1.0256411,289.701,0.03768637,1501.2595
0.11,0.39,1.5384616,290.19257,0.055982694,1471.961
0.11,0.39,2.0512822,290.6693,0.07392082,1443.054
0.11,0.39,2.5641026,291.13126,0.09150561,1414.5419
0.11,0.39,3.0769231,291.57858,0.108741954,1386.4277
0.11,0.39,3.5897436,292.0115,0.12563476,1358.7145
0.11,0.39,4.1025643,292.43008,0.14218894,1331.405
0.11,0.39,4.6153846,292.83456,0.15840942,1304.5005
0.11,0.39,5.1282053,293.22504,0.17430133,1278.0026
0.11,0.39,5.6410255,293.60175,0.18986969,1251.9124
0.11,0.39,6.1538463,293.96472,0.20511933,1226.2305
0.11,0.39,6.6666665,294.3142,0.22005542,1200.9564
0.11,0.39,7.179487,294.65027,0.234683,1176.0907
0.11,0.39,7.6923075,294.9732,0.24900697,1151.6326
0.11,0.39,8.205129,295.2831,0.26303256,1127.5807
0.11,0.39,8.717949,295.58005,0.2767645,1103.9341
0.11,0.39,9.230769,295.86426,0.29020795,1080.6909
0.11,0.39,9.743589,296.136,0.3033678,1057.8499
0.11,0.39,10.256411,296.39526,0.31624895,1035.4077
0.11,0.39,10.769231,296.64224,0.3288564,1013.36273
0.11,0.39,11.282051,296.8771,0.34119493,991.7125
0.11,0.39,11.794871,297.1,0.3532693,970.4533
0.11,0.39,12.307693,297.31113,0.3650846,949.5826
0.11,0.39,12.820513,297.5106,0.37664533,929.0965
0.11,0.39,13.333333,297.6985,0.3879562,908.99194
0.11,0.39,13.846154,297.87512,0.3990221,889.2649
0.11,0.39,14.358974,298.0405,0.4098473,869.91187
0.11,0.39,14.871795,298.19482,0.4204368,850.92847
0.11,0.39,15.384615,298.33832,0.43079478,832.31067
0.11,0.39,15.897436,298.47107,0.44092596,814.0541
0.11,0.39,16.410257,298.59314,0.45083454,796.1543
0.11,0.39,16.923077,298.7048,0.46052498,778.6072
0.11,0.39,17.435898,298.80618,0.47000164,761.4078
0.11,0.39,17.948717,298.89737,0.47926873,744.55145
0.11,0.39,18.461538,298.97858,0.48833048,728.0336
0.11,0.39,18.97436,299.04987,0.49719095,711.84937
0.11,0.39,19.487179,299.11145,0.50585425,695.9941
0.11,0.39,20.0,299.16348,0.5143244,680.4625
0.13,0.01,0.0,289.3046,0.0,1561.4436
0.13,0.01,0.51282054,289.85614,0.01903399,1531.6414
0.13,0.01,1.0256411,290.38855,0.03770332,1502.1799
0.13,0.01,1.5384616,290.9021,0.056012213,1473.0686
0.13,0.01,2.0512822,291.39703,0.073964946,1444.3148
0.13,0.01,2.5641026,291.87366,0.091566004,1415.9261
0.13,0.01,3.0769231,292.33218,0.10882003,1387.9088
0.13,0.01,3.5897436,292.77295,0.1257315,1360.2683
0.13,0.01,4.1025643,293.19626,0.14230518,1333.0095
0.13,0.01,4.6153846,293.60226,0.15854564,1306.1372
0.13,0.01,5.1282053,293.99133,0.17445779,1279.654
0.13,0.01,5.6410255,294.36365,0.19004643,1253.5638
0.13,0.01,6.1538463,294.71954,0.20531636,1227.8684
0.13,0.01,6.6666665,295.0592,0.22027254,1202.5698
0.13,0.01,7.179487,295.38293,0.23491974,1177.6699
0.13,0.01,7.6923075,295.691,0.24926294,1153.1688
0.13,0.01,8.205129,295.9836,0.26330715,1129.067
0.13,0.01,8.717949,296.26105,0.277057,1105.3643
0.13,0.01,9.230769,296.52353,0.29051763,1082.06
0.13,0.01,9.743589,296.77133,0.30369395,1059.1537
0.13,0.01,10.256411,297.00467,0.31659076,1036.6434
0.13,0.01,10.769231,297.22385,0.329213,1014.5279
0.13,0.01,11.282051,297.429,0.34156537,992.8048
0.13,0.01,11.794871,297.6204,0.35365283,971.472
0.13,0.01,12.307693,297.79825,0.3654801,950.5268
0.13,0.01,12.820513,297.96286,0.37705198,929.9661
0.13,0.01,13.333333,298.11438,0.38837317,909.7872
0.13,0.01,13.846154,298.25305,0.39944828,889.98615
0.13,0.01,14.358974,298.37915,0.41028205,870.55994
0.13,0.01,14.871795,298.4928,0.42087898,851.5046
0.13,0.01,15.384615,298.59427,0.43124366,832.8161
0.13,0.01,15.897436,298.68378,0.44138053,814.49036
0.13,0.01,16.410257,298.7615,0.45129412,796.52325
0.13,0.01,16.923077,298.82767,0.46098873,778.91034
0.13,0.01,17.435898,298.88254,0.47046876,761.64703
0.13,0.01,17.948717,298.92615,0.47973838,744.72894
0.13,0.01,18.461538,298.95886,0.48880193,728.15137
0.13,0.01,18.97436,298.98087,0.49766353,711.90955
0.13,0.01,19.487179,298.99228,0.5063272,695.99854
0.13,0.01,20.0,298.99338,0.5147971,680.41376
0.13,0.03,0.0,289.93307,0.0,1562.7418
0.13,0.03,0.51282054,290.4809,0.019049533,1532.8558
0.13,0.03,1.0256411,291.0097,0.037733257,1503.3147
0.13,0.03,1.5384616,291.51978,0.056055605,1474.1276
0.13,0.03,2.0512822,292.0113,0.07402096,1445.3014
0.13,0.03,2.5641026,292.48468,0.09163375,1416.8439
0.13,0.03,3.0769231,292.9401,0.10889857,1388.7607
0.13,0.03,3.5897436,293.37784,0.12582022,1361.0581
0.13,0.03,4.1025643,293.79813,0.14240319,1333.7401
0.13,0.03,4.6153846,294.20132,0.15865235,1306.8109
0.13,0.03,5.1282053,294.58755,0.17457244,1280.2744
0.13,0.03,5.6410255,294.95724,0.19016843,1254.1335
0.13,0.03,6.1538463,295.31055,0.20544498,1228.3901
0.13,0.03,6.6666665,295.64767,0.2204073,1203.0463
0.13,0.03,7.179487,295.96906,0.23506014,1178.1028
0.13,0.03,7.6923075,296.27472,0.2494084,1153.5609
0.13,0.03,8.205129,296.56506,0.26345718,1129.4204
0.13,0.03,8.717949,296.84033,0.27721122,1105.6812
0.13,0.03,9.230769,297.10068,0.29067558,1082.3425
0.13,0.03,9.743589,297.34644,0.30385506,1059.4036
0.13,0.03,10.256411,297.57782,0.3167548,1036.8627
0.13,0.03,10.769231,297.795,0.3293795,1014.7184
0.13,0.03,11.282051,297.9983,0.34173402,992.96814
0.13,0.03,11.794871,298.18787,0.3538234,971.6096
0.13,0.03,12.307693,298.364,0.3656522,950.6404
0.13,0.03,12.820513,298.52692,0.3772254,930.0573
0.13,0.03,13.333333,298.6768,0.38854757,909.8572
0.13,0.03,13.846154,298.81387,0.3996235,890.0366
0.13,0.03,14.358974,298.93835,0.4104577,870.592
0.13,0.03,14.871795,299.05063,0.42105493,851.51935
0.13,0.03,15.384615,299.15067,0.4314196,832.8149
0.13,0.03,15.897436,299.2387,0.44155645,814.47424
0.13,0.03,16.410257,299.31503,0.45146978,796.4932
0.13,0.03,16.923077,299.37988,0.46116388,778.8675
0.13,0.03,17.435898,299.43344,0.47064334,761.5923
0.13,0.03,17.948717,299.47583,0.47991222,744.66327
0.13,0.03,18.461538,299.50735,0.48897493,728.0755
0.13,0.03,18.97436,299.52814,0.49783546,711.8244
0.13,0.03,19.487179,299.53836,0.50649804,695.9049
0.13,0.03,20.0,299.53827,0.5149667,680.31226
0.13,0.05,0.0,290.47928,0.0,1563.8785
0.13,0.05,0.51282054,291.02368,0.01906304,1533.9172
0.13,0.05,1.0256411,291.54916,0.037759334,1504.3049
0.13,0.05,1.5384616,292.0561,0.05609347,1475.0493
0.13,0.05,2.0512822,292.54462,0.074069776,1446.1589
0.13,0.05,2.5641026,293.01505,0.09169279,1417.6401
0.13,0.05,3.0769231,293.4676,0.10896705,1389.499
0.13,0.05,3.5897436,293.90265,0.12589741,1361.7411
0.13,0.05,4.1025643,294.3204,0.14248845,1334.3705
0.13,0.05,4.6153846,294.72104,0.15874508,1307.3921
0.13,0.05,5.1282053,295.10498,0.174672,1280.8087
0.13,0.05,5.6410255,295.47235,0.19027436,1254.623
0.13,0.05,6.1538463,295.82343,0.20555669,1228.8378
0.13,0.05,6.6666665,296.15848,0.22052422,1203.4539
0.13,0.05,7.179487,296.47784,0.23518187,1178.4728
0.13,0.05,7.6923075,296.7816,0.24953446,1153.8951
0.13,0.05,8.205129,297.07007,0.26358712,1129.7212
0.13,0.05,8.717949,297.34354,0.27734467,1105.9501
0.13,0.05,9.230769,297.60226,0.29081216,1082.5818
0.13,0.05,9.743589,297.84637,0.30399442,1059.6147
0.13,0.05,10.256411,298.0762,0.3168966,1037.0474
0.13,0.05,10.769231,298.29187,0.3295234,1014.878
0.13,0.05,11.282051,298.49377,0.34187979,993.1044
0.13,0.05,11.794871,298.682,0.35397068,971.7242
0.13,0.05,12.307693,298.85684,0.3658008,950.7342
0.13,0.05,12.820513,299.01852,0.37737498,930.13184
0.13,0.05,13.333333,299.16724,0.38869792,909.91376
0.13,0.05,13.846154,299.30316,0.3997744,890.0761
0.13,0.05,14.358974,299.42664,0.410609,870.61597
0.13,0.05,14.871795,299.53778,0.4212065,851.5286
0.13,0.05,15.384615,299.63684,0.43157125,832.8105
0.13,0.05,15.897436,299.72397,0.4417079,814.4573
0.13,0.05,16.410257,299.79944,0.45162094,796.4645
0.13,0.05,16.923077,299.86343,0.46131468,778.8278
0.13,0.05,17.435898,299.91617,0.47079355,761.5428
0.13,0.05,17.948717,299.9578,0.48006168,744.6045
0.13,0.05,18.461538,299.98862,0.48912364,728.0082
0.13,0.05,18.97436,300.00867,0.4979834,711.7492
0.13,0.05,19.487179,300.01822,0.5066449,695.8227
0.13,0.05,20.0,300.01746,0.5151125,680.2235
0.13,0.07,0.0,290.9451,0.0,1564.8564
0.13,0.07,0.51282054,291.48636,0.019074619,1534.8286
0.13,0.07,1.0256411,292.00888,0.037781812,1505.1525
0.13,0.07,1.5384616,292.5129,0.056126013,1475.8376
0.13,0.07,2.0512822,292.9987,0.0741116,1446.89
0.13,0.07,2.5641026,293.46652,0.09174333,1418.3175
0.13,0.07,3.0769231,293.9166,0.10902562,1390.1257
0.13,0.07,3.5897436,294.34933,0.12596343,1362.3195
0.13,0.07,4.1025643,294.7648,0.14256126,1334.9036
0.13,0.07,4.6153846,295.16336,0.15882415,1307.8818
0.13,0.07,5.1282053,295.54526,0.1747569,1281.258
0.13,0.07,5.6410255,295.91074,0.19036448,1255.034
0.13,0.07,6.1538463,296.26,0.20565167,1229.2125
0.13,0.07,6.6666665,296.59338,0.22062364,1203.7946
0.13,0.07,7.179487,296.91107,0.23528524,1178.7811
0.13,0.07,7.6923075,297.21332,0.24964142,1154.1733
0.13,0.07,8.205129,297.50037,0.26369733,1129.9703
0.13,0.07,8.717949,297.7725,0.2774578,1106.1726
0.13,0.07,9.230769,298.02994,0.29092783,1082.7789
0.13,0.07,9.743589,298.27283,0.30411243,1059.788
0.13,0.07,10.256411,298.50153,0.31701654,1037.1981
0.13,0.07,10.769231,298.71625,0.3296451,1015.0078
0.13,0.07,11.282051,298.91708,0.342003,993.21454
0.13,0.07,11.794871,299.10446,0.354095,971.81586
0.13,0.07,12.307693,299.2784,0.3659262,950.8088
0.13,0.07,12.820513,299.4393,0.3775012,930.1902
0.13,0.07,13.333333,299.5873,0.38882482,909.95703
0.13,0.07,13.846154,299.72263,0.39990178,890.10535
0.13,0.07,14.358974,299.84546,0.41073668,870.632
0.13,0.07,14.871795,299.95602,0.42133418,851.53265
0.13,0.07,15.384615,300.05457,0.43169895,832.8032
0.13,0.07,15.897436,300.14124,0.44183546,814.43945
0.13,0.07,16.410257,300.2163,0.4517482,796.4371
0.13,0.07,16.923077,300.27994,0.46144152,778.79156
0.13,0.07,17.435898,300.33228,0.4709199,761.49817
0.13,0.07,17.948717,300.3736,0.4801876,744.55237
0.13,0.07,18.461538,300.4041,0.48924872,727.9491
0.13,0.07,18.97436,300.42395,0.49810767,711.68384
0.13,0.07,19.487179,300.43335,0.50676847,695.75146
0.13,0.07,20.0,300.43243,0.5152352,680.147
0.13,0.09,0.0,291.3324,0.0,1565.678
0.13,0.09,0.51282054,291.8708,0.019084372,1535.5914
0.13,0.09,1.0256411,292.3906,0.03780064,1505.8606
0.13,0.09,1.5384616,292.8921,0.056153238,1476.4933
0.13,0.09,2.0512822,293.3754,0.0741466,1447.497
0.13,0.09,2.5641026,293.84094,0.09178547,1418.878
0.13,0.09,3.0769231,294.28894,0.109074384,1390.6426
0.13,0.09,3.5897436,294.7196,0.12601826,1362.7953
0.13,0.09,4.1025643,295.1332,0.14262176,1335.3407
0.13,0.09,4.6153846,295.53,0.15888976,1308.2826
0.13,0.09,5.1282053,295.91022,0.17482725,1281.6241
0.13,0.09,5.6410255,296.27414,0.1904391,1255.3679
0.13,0.09,6.1538463,296.62204,0.20573026,1229.5159
0.13,0.09,6.6666665,296.9541,0.22070584,1204.0691
0.13,0.09,7.179487,297.27048,0.23537056,1179.0288
0.13,0.09,7.6923075,297.57166,0.24972966,1154.3958
0.13,0.09,8.205129,297.85767,0.26378816,1130.1692
0.13,0.09,8.717949,298.12885,0.27755094,1106.349
0.13,0.09,9.230769,298.3854,0.29102302,1082.9343
0.13,0.09,9.743589,298.62753,0.30420944,1059.9237
0.13,0.09,10.256411,298.8555,0.31711513,1037.3157
0.13,0.09,10.769231,299.06958,0.329745,1015.10815
0.13,0.09,11.282051,299.26993,0.34210402,993.29877
0.13,0.09,11.794871,299.45676,0.35419703,971.8851
0.13,0.09,12.307693,299.63037,0.36602896,950.864
0.13,0.09,12.820513,299.7909,0.37760448,930.2326
0.13,0.09,13.333333,299.9386,0.38892856,909.98724
0.13,0.09,13.846154,300.07367,0.40000582,890.1245
0.13,0.09,14.358974,300.1963,0.4108408,870.64056
0.13,0.09,14.871795,300.30685,0.4214385,851.5315
0.13,0.09,15.384615,300.40527,0.43180323,832.7929
0.13,0.09,15.897436,300.49194,0.4419395,814.421
0.13,0.09,16.410257,300.56705,0.4518519,796.41095
0.13,0.09,16.923077,300.63074,0.4615449,778.7584
0.13,0.09,17.435898,300.68323,0.4710228,761.4585
0.13,0.09,17.948717,300.72473,0.48028997,744.50684
0.13,0.09,18.461538,300.7554,0.48935053,727.8983
0.13,0.09,18.97436,300.77548,0.49820888,711.628
0.13,0.09,19.487179,300.78513,0.5068689,695.6913
0.13,0.09,20.0,300.78455,0.51533484,680.08276
0.13,0.11,0.0,291.64304,0.0,1566.3463
0.13,0.11,0.51282054,292.17886,0.019092299,1536.2096
0.13,0.11,1.0256411,292.69623,0.03781587,1506.4314
0.13,0.11,1.5384616,293.19534,0.056175143,1477.0201
0.13,0.11,2.0512822,293.67664,0.074174814,1447.982
0.13,0.11,2.5641026,294.1402,0.09181937,1419.3239
0.13,0.11,3.0769231,294.58633,0.10911355,1391.052
0.13,0.11,3.5897436,295.0153,0.12606227,1363.17
0.13,0.11,4.1025643,295.42734,0.14267015,1335.6835
0.13,0.11,4.6153846,295.82263,0.15894228,1308.5953
0.13,0.11,5.1282053,296.20166,0.17488337,1281.9086
0.13,0.11,5.6410255,296.56436,0.19049856,1255.6259
0.13,0.11,6.1538463,296.91113,0.20579274,1229.749
0.13,0.11,6.6666665,297.24225,0.22077101,1204.279
0.13,0.11,7.179487,297.5578,0.23543826,1179.2174
0.13,0.11,7.6923075,297.8582,0.24979955,1154.564
0.13,0.11,8.205129,298.1436,0.26386,1130.3182
0.13,0.11,8.717949,298.41418,0.27762443,1106.4803
0.13,0.11,9.230769,298.67026,0.291098,1083.0493
0.13,0.11,9.743589,298.91208,0.30428573,1060.0231
0.13,0.11,10.256411,299.13977,0.31719255,1037.4008
0.13,0.11,10.769231,299.3536,0.32982343,1015.1798
0.13,0.11,11.282051,299.55383,0.34218323,993.358
0.13,0.11,11.794871,299.7406,0.35427687,971.93256
0.13,0.11,12.307693,299.91418,0.3661093,950.9009
0.13,0.11,12.820513,300.0748,0.37768534,930.2592
0.13,0.11,13.333333,300.2227,0.3890097,910.00464
0.13,0.11,13.846154,300.3579,0.40008706,890.13336
0.13,0.11,14.358974,300.48083,0.41092214,870.64154
0.13,0.11,14.871795,300.59164,0.4215198,851.525
0.13,0.11,15.384615,300.69052,0.43188432,832.78
0.13,0.11,15.897436,300.7776,0.44202042,814.4019
0.13,0.11,16.410257,300.85312,0.4519326,796.38635
0.13,0.11,16.923077,300.91736,0.46162522,778.7284
0.13,0.11,17.435898,300.9704,0.4711028,761.424
0.13,0.11,17.948717,301.0125,0.4803694,744.4679
0.13,0.11,18.461538,301.04385,0.48942947,727.85547
0.13,0.11,18.97436,301.06458,0.49828732,711.5818
0.13,0.11,19.487179,301.07498,0.50694674,695.6419
0.13,0.11,20.0,301.07516,0.5154121,680.03064
0.13,0.13,0.0,291.87885,0.0,1566.8638
0.13,0.13,0.51282054,292.4123,0.019098401,1536.6849
0.13,0.13,1.0256411,292.92746,0.03782755,1506.8676
0.13,0.13,1.5384616,293.42462,0.05619199,1477.419
0.13,0.13,2.0512822,293.90402,0.0741963,1448.3472
0.13,0.13,2.5641026,294.36594,0.091845185,1419.6573
0.13,0.13,3.0769231,294.81052,0.10914333,1391.3556
0.13,0.13,3.5897436,295.2381,0.12609553,1363.4462
0.13,0.13,4.1025643,295.6489,0.14270677,1335.9337
0.13,0.13,4.6153846,296.04318,0.15898176,1308.8218
0.13,0.13,5.1282053,296.4211,0.1749255,1282.1128
0.13,0.13,5.6410255,296.783,0.1905431,1255.8093
0.13,0.13,6.1538463,297.12906,0.20583943,1229.9133
0.13,0.13,6.6666665,297.45953,0.22081958,1204.4254
0.13,0.13,7.179487,297.77463,0.23548853,1179.3472
0.13,0.13,7.6923075,298.07468,0.24985129,1154.6783
0.13,0.13,8.205129,298.35974,0.26391307,1130.4182
0.13,0.13,8.717949,298.63022,0.27767867,1106.5674
0.13,0.13,9.230769,298.8862,0.2911533,1083.1239
0.13,0.13,9.743589,299.128,0.30434185,1060.0865
0.13,0.13,10.256411,299.35574,0.31724936,1037.4536
0.13,0.13,10.769231,299.56976,0.32988083,1015.22284
0.13,0.13,11.282051,299.77026,0.3422411,993.3922
0.13,0.13,11.794871,299.95743,0.3543352,971.9587
0.13,0.13,12.307693,300.1314,0.3661679,950.91907
0.13,0.13,12.820513,300.29248,0.37774402,930.27057
0.13,0.13,13.333333,300.44092,0.38906848,910.0095
0.13,0.13,13.846154,300.57684,0.40014586,890.1323
0.13,0.13,14.358974,300.70044,0.41098097,870.6352
0.13,0.13,14.871795,300.812,0.42157847,851.51385
0.13,0.13,15.384615,300.91165,0.43194282,832.76416
0.13,0.13,15.897436,300.9996,0.4420787,814.3821
0.13,0.13,16.410257,301.07605,0.4519906,796.3627
0.13,0.13,16.923077,301.14124,0.46168295,778.7016
0.13,0.13,17.435898,301.19528,0.4711601,761.394
0.13,0.13,17.948717,301.23843,0.48042643,744.43536
0.13,0.13,18.461538,301.27087,0.48948613,727.82056
0.13,0.13,18.97436,301.2927,0.4983434,711.5447
0.13,0.13,19.487179,301.30426,0.50700235,695.60297
0.13,0.13,20.0,301.30563,0.51546717,679.9902
0.13,0.15,0.0,292.0415,0.0,1567.2338
0.13,0.15,0.51282054,292.57278,0.019102782,1537.02
0.13,0.15,1.0256411,293.0861,0.03783579,1507.171
0.13,0.15,1.5384616,293.58148,0.056203827,1477.6935
0.13,0.15,2.0512822,294.05933,0.074211374,1448.5946
0.13,0.15,2.5641026,294.5198,0.091863126,1419.8799
0.13,0.15,3.0769231,294.96317,0.10916383,1391.5554
0.13,0.15,3.5897436,295.3897,0.12611844,1363.6248
0.13,0.15,4.1025643,295.79953,0.1427317,1336.0931
0.13,0.15,4.6153846,296.19302,0.1590085,1308.9631
0.13,0.15,5.1282053,296.5703,0.17495394,1282.238
0.13,0.15,5.6410255,296.9317,0.19057298,1255.9196
0.13,0.15,6.1538463,297.2773,0.20587055,1230.0096
0.13,0.15,6.6666665,297.6076,0.22085181,1204.5096
0.13,0.15,7.179487,297.92252,0.2355217,1179.4194
0.13,0.15,7.6923075,298.2225,0.24988529,1154.74
0.13,0.15,8.205129,298.5077,0.2639478,1130.4706
0.13,0.15,8.717949,298.7783,0.27771398,1106.6105
0.13,0.15,9.230769,299.0346,0.29118901,1083.159
0.13,0.15,9.743589,299.27676,0.30437794,1060.1144
0.13,0.15,10.256411,299.505,0.31728587,1037.4749
0.13,0.15,10.769231,299.7196,0.32991758,1015.23804
0.13,0.15,11.282051,299.9208,0.342278,993.402
0.13,0.15,11.794871,300.1086,0.3543721,971.9633
0.13,0.15,12.307693,300.28348,0.36620486,950.9191
0.13,0.15,12.820513,300.4455,0.37778097,930.2666
0.13,0.15,13.333333,300.59485,0.38910532,910.002
0.13,0.15,13.846154,300.73175,0.40018257,890.12146
0.13,0.15,14.358974,300.85648,0.41101754,870.6214
0.13,0.15,14.871795,300.96918,0.42161483,851.49756
0.13,0.15,15.384615,301.07,0.43197903,832.7456
0.13,0.15,15.897436,301.1592,0.4421147,814.3614
0.13,0.15,16.410257,301.237,0.45202637,796.3402
0.13,0.15,16.923077,301.30353,0.4617184,778.67773
0.13,0.15,17.435898,301.35904,0.47119516,761.3689
0.13,0.15,17.948717,301.40372,0.48046118,744.40906
0.13,0.15,18.461538,301.43762,0.4895205,727.79333
0.13,0.15,18.97436,301.46103,0.49837756,711.51666
0.13,0.15,19.487179,301.47418,0.5070362,695.57434
0.13,0.15,20.0,301.4772,0.51550066,679.9611
0.13,0.17,0.0,292.1328,0.0,1567.4585
0.13,0.17,0.51282054,292.66223,0.019105285,1537.2184
0.13,0.17,1.0256411,293.17383,0.037840694,1507.3447
0.13,0.17,1.5384616,293.66772,0.056210764,1477.8452
0.13,0.17,2.0512822,294.14423,0.07421998,1448.7262
0.13,0.17,2.5641026,294.60358,0.09187324,1419.9935
0.13,0.17,3.0769231,295.04596,0.10917525,1391.6527
0.13,0.17,3.5897436,295.47168,0.126131,1363.7075
0.13,0.17,4.1025643,295.88086,0.1427451,1336.163
0.13,0.17,4.6153846,296.27386,0.15902281,1309.0208
0.13,0.17,5.1282053,296.6508,0.17496881,1282.2855
0.13,0.17,5.6410255,297.01196,0.19058837,1255.9576
0.13,0.17,6.1538463,297.3576,0.20588641,1230.0392
0.13,0.17,6.6666665,297.68784,0.22086798,1204.5316
0.13,0.17,7.179487,298.003,0.23553813,1179.4352
0.13,0.17,7.6923075,298.30328,0.24990189,1154.7499
0.13,0.17,8.205129,298.58884,0.26396438,1130.4751
0.13,0.17,8.717949,298.86002,0.27773067,1106.611
0.13,0.17,9.230769,299.117,0.29120576,1083.1555
0.13,0.17,9.743589,299.35992,0.3043946,1060.1074
0.13,0.17,10.256411,299.58902,0.31730235,1037.4648
0.13,0.17,10.769231,299.80457,0.3299339,1015.22577
0.13,0.17,11.282051,300.0067,0.34229416,993.38727
0.13,0.17,11.794871,300.19568,0.35438812,971.9469
0.13,0.17,12.307693,300.37167,0.36622062,950.9015
0.13,0.17,12.820513,300.53497,0.37779653,930.2478
0.13,0.17,13.333333,300.6857,0.38912064,909.98206
0.13,0.17,13.846154,300.82407,0.40019768,890.101
0.13,0.17,14.358974,300.95026,0.41103238,870.6004
0.13,0.17,14.871795,301.06445,0.42162943,851.47626
0.13,0.17,15.384615,301.16696,0.4319933,832.7242
0.13,0.17,15.897436,301.2579,0.44212866,814.3399
0.13,0.17,16.410257,301.33737,0.45204002,796.3189
0.13,0.17,16.923077,301.4057,0.46173182,778.6565
0.13,0.17,17.435898,301.46304,0.4712085,761.3481
0.13,0.17,17.948717,301.50952,0.48047423,744.3887
0.13,0.17,18.461538,301.54535,0.48953328,727.77356
0.13,0.17,18.97436,301.5708,0.49839008,711.4975
0.13,0.17,19.487179,301.5859,0.5070484,695.5558
0.13,0.17,20.0,301.5909,0.5155127,679.94324
0.13,0.19,0.0,292.15442,0.0,1567.5411
0.13,0.19,0.51282054,292.68216,0.019106224,1537.2816
0.13,0.19,1.0256411,293.19226,0.03784231,1507.3907
0.13,0.19,1.5384616,293.68497,0.056212746,1477.8763
0.13,0.19,2.0512822,294.1603,0.07422238,1448.7443
0.13,0.19,2.5641026,294.6188,0.0918758,1420.0004
0.13,0.19,3.0769231,295.06055,0.109177805,1391.6498
0.13,0.19,3.5897436,295.48566,0.12613335,1363.6965
0.13,0.19,4.1025643,295.89447,0.14274734,1336.1445
0.13,0.19,4.6153846,296.28726,0.15902478,1308.997
0.13,0.19,5.1282053,296.66418,0.17497048,1282.2565
0.13,0.19,5.6410255,297.02542,0.19058967,1255.9246
0.13,0.19,6.1538463,297.37125,0.20588724,1230.0034
0.13,0.19,6.6666665,297.70187,0.22086835,1204.493
0.13,0.19,7.179487,298.01755,0.23553798,1179.3947
0.13,0.19,7.6923075,298.31848,0.24990126,1154.7085
0.13,0.19,8.205129,298.60483,0.26396328,1130.433
0.13,0.19,8.717949,298.87686,0.27772903,1106.5685
0.13,0.19,9.230769,299.13477,0.29120353,1083.1134
0.13,0.19,9.743589,299.37878,0.30439192,1060.0657
0.13,0.19,10.256411,299.60904,0.3172992,1037.4238
0.13,0.19,10.769231,299.82593,0.32993022,1015.1858
0.13,0.19,11.282051,300.02942,0.34228998,993.3486
0.13,0.19,11.794871,300.21988,0.35438353,971.90967
0.13,0.19,12.307693,300.3975,0.36621553,950.8657
0.13,0.19,12.820513,300.5624,0.377791,930.21356
0.13,0.19,13.333333,300.7148,0.38911474,909.9498
0.13,0.19,13.846154,300.855,0.40019137,890.0706
0.13,0.19,14.358974,300.98306,0.41102564,870.57196
0.13,0.19,14.871795,301.09924,0.42162237,851.44965
0.13,0.19,15.384615,301.20374,0.4319859,832.69965
0.13,0.19,15.897436,301.29663,0.44212112,814.3174
0.13,0.19,16.410257,301.3783,0.4520322,796.2984
0.13,0.19,16.923077,301.4488,0.46172374,778.63806
0.13,0.19,17.435898,301.50836,0.47120017,761.33167
0.13,0.19,17.948717,301.55713,0.48046565,744.3742
0.13,0.19,18.461538,301.59537,0.4895246,727.761
0.13,0.19,18.97436,301.62308,0.4983812,711.48694
0.13,0.19,19.487179,301.64062,0.50703955,695.54724
0.13,0.19,20.0,301.6481,0.51550364,679.9364
0.13,0.21,0.0,292.10806,0.0,1567.4841
0.13,0.21,0.51282054,292.6343,0.019105442,1537.2124
0.13,0.21,1.0256411,293.14316,0.03784059,1507.3118
0.13,0.21,1.5384616,293.63474,0.056210086,1477.7893
0.13,0.21,2.0512822,294.10934,0.07421852,1448.651
0.13,0.21,2.5641026,294.5671,0.09187074,1419.9023
0.13,0.21,3.0769231,295.00836,0.10917155,1391.5482
0.13,0.21,3.5897436,295.4332,0.12612584,1363.5927
0.13,0.21,4.1025643,295.84192,0.14273858,1336.0398
0.13,0.21,4.6153846,296.23477,0.15901467,1308.892
0.13,0.21,5.1282053,296.61185,0.17495915,1282.152
0.13,0.21,5.6410255,296.97342,0.190577,1255.8214
0.13,0.21,6.1538463,297.31985,0.20587337,1229.9022
0.13,0.21,6.6666665,297.65115,0.22085327,1204.3948
0.13,0.21,7.179487,297.96765,0.23552164,1179.2993
0.13,0.21,7.6923075,298.2694,0.24988379,1154.6163
0.13,0.21,8.205129,298.55685,0.26394475,1130.3446
0.13,0.21,8.717949,298.83014,0.27770934,1106.4839
0.13,0.21,9.230769,299.0893,0.29118288,1083.0331
0.13,0.21,9.743589,299.33475,0.30437028,1059.9897
0.13,0.21,10.256411,299.5666,0.31727666,1037.3524
0.13,0.21,10.769231,299.78503,0.3299068,1015.1185
0.13,0.21,11.282051,299.99026,0.34226573,993.28595
0.13,0.21,11.794871,300.1826,0.35435855,971.8517
0.13,0.21,12.307693,300.36212,0.3661899,950.81226
0.13,0.21,12.820513,300.529,0.37776476,930.16473
0.13,0.21,13.333333,300.6835,0.38908795,909.9054
0.13,0.21,13.846154,300.82584,0.400164,890.0304
0.13,0.21,14.358974,300.95615,0.41099787,870.5361
0.13,0.21,14.871795,301.0746,0.42159414,851.41797
0.13,0.21,15.384615,301.18152,0.43195736,832.672
0.13,0.21,15.897436,301.27686,0.44209218,814.2938
0.13,0.21,16.410257,301.361,0.452003,796.2787
0.13,0.21,16.923077,301.4341,0.46169436,778.6222
0.13,0.21,17.435898,301.49628,0.47117054,761.3193
0.13,0.21,17.948717,301.54773,0.48043594,744.36554
0.13,0.21,18.461538,301.5886,0.4894949,727.7556
0.13,0.21,18.97436,301.6191,0.49835134,711.48474
0.13,0.21,19.487179,301.6395,0.5070096,695.5481
0.13,0.21,20.0,301.6498,0.51547384,679.94037
0.13,0.23,0.0,291.9953,0.0,1567.2902
0.13,0.23,0.51282054,292.5203,0.019103043,1537.0134
0.13,0.23,1.0256411,293.02798,0.03783574,1507.1099
0.13,0.23,1.5384616,293.51874,0.05620268,1477.5862
0.13,0.23,2.0512822,293.9927,0.07420861,1448.4479
0.13,0.23,2.5641026,294.45004,0.09185838,1419.7009
0.13,0.23,3.0769231,294.89102,0.109156735,1391.3494
0.13,0.23,3.5897436,295.31583,0.12610859,1363.3977
0.13,0.23,4.1025643,295.72467,0.14271897,1335.8494
0.13,0.23,4.6153846,296.11777,0.15899271,1308.7072
0.13,0.23,5.1282053,296.49536,0.17493501,1281.9734
0.13,0.23,5.6410255,296.85764,0.19055071,1255.6497
0.13,0.23,6.1538463,297.20477,0.20584494,1229.7372
0.13,0.23,6.6666665,297.53702,0.22082281,1204.2369
0.13,0.23,7.179487,297.85455,0.23548937,1179.1493
0.13,0.23,7.6923075,298.15765,0.24984974,1154.474
0.13,0.23,8.205129,298.44647,0.2639089,1130.2103
0.13,0.23,8.717949,298.72113,0.27767193,1106.3578
0.13,0.23,9.230769,298.98196,0.291144,1082.9147
0.13,0.23,9.743589,299.22916,0.30433002,1059.8798
0.13,0.23,10.256411,299.4628,0.31723496,1037.2502
0.13,0.23,10.769231,299.6832,0.32986403,1015.0245
0.13,0.23,11.282051,299.89053,0.34222183,993.1995
0.13,0.23,11.794871,300.08496,0.35431355,971.77277
0.13,0.23,12.307693,300.26672,0.36614406,950.74084
0.13,0.23,12.820513,300.43597,0.3777181,930.10065
0.13,0.23,13.333333,300.59293,0.38904047,909.8482
0.13,0.23,13.846154,300.73776,0.4001159,889.98035
0.13,0.23,14.358974,300.87067,0.4109492,870.49243
0.13,0.23,14.871795,300.99176,0.42154497,851.381
0.13,0.23,15.384615,301.10138,0.43190777,832.6411
0.13,0.23,15.897436,301.1996,0.44204226,814.26886
0.13,0.23,16.410257,301.2866,0.45195282,796.25946
0.13,0.23,16.923077,301.36258,0.46164387,778.6084
0.13,0.23,17.435898,301.42773,0.47112003,761.31085
0.13,0.23,17.948717,301.48224,0.48038536,744.362
0.13,0.23,18.461538,301.52625,0.4894442,727.7569
0.13,0.23,18.97436,301.55988,0.4983008,711.4907
0.13,0.23,19.487179,301.58344,0.50695914,695.5585
0.13,0.23,20.0,301.59695,0.5154236,679.95483
0.13,0.25,0.0,291.81775,0.0,1566.9623
0.13,0.25,0.51282054,292.34158,0.019099027,1536.6874
0.13,0.25,1.0256411,292.84848,0.037827708,1506.7872
0.13,0.25,1.5384616,293.33853,0.056190737,1477.2687
0.13,0.25,2.0512822,293.81198,0.07419281,1448.1371
0.13,0.25,2.5641026,294.26907,0.09183877,1419.3978
0.13,0.25,3.0769231,294.71008,0.10913342,1391.0553
0.13,0.25,3.5897436,295.135,0.12608182,1363.1132
0.13,0.25,4.1025643,295.54416,0.14268866,1335.5751
0.13,0.25,4.6153846,295.93784,0.15895912,1308.4436
0.13,0.25,5.1282053,296.3161,0.17489818,1281.7211
0.13,0.25,5.6410255,296.67932,0.19051093,1255.4089
0.13,0.25,6.1538463,297.02747,0.20580223,1229.5088
0.13,0.25,6.6666665,297.36093,0.22077739,1204.0208
0.13,0.25,7.179487,297.67984,0.23544145,1178.9454
0.13,0.25,7.6923075,297.9844,0.2497993,1154.2822
0.13,0.25,8.205129,298.2748,0.26385617,1130.0306
0.13,0.25,8.717949,298.55133,0.27761713,1106.1903
0.13,0.25,9.230769,298.81403,0.29108712,1082.7592
0.13,0.25,9.743589,299.06323,0.30427128,1059.7356
0.13,0.25,10.256411,299.29904,0.31717458,1037.1178
0.13,0.25,10.769231,299.5217,0.329802,1014.90295
0.13,0.25,11.282051,299.73138,0.3421584,993.08923
0.13,0.25,11.794871,299.9283,0.35424888,971.67316
0.13,0.25,12.307693,300.11264,0.36607826,950.65155
0.13,0.25,12.820513,300.28455,0.37765118,930.0214
0.13,0.25,13.333333,300.4442,0.38897267,909.7788
0.13,0.25,13.846154,300.59195,0.40004733,889.9201
0.13,0.25,14.358974,300.72778,0.41087994,870.4412
0.13,0.25,14.871795,300.85193,0.42147508,851.33826
0.13,0.25,15.384615,300.9646,0.43183747,832.60675
0.13,0.25,15.897436,301.06598,0.44197154,814.24243
0.13,0.25,16.410257,301.1562,0.4518819,796.2405
0.13,0.25,16.923077,301.23547,0.46157277,778.5967
0.13,0.25,17.435898,301.30396,0.4710487,761.3059
0.13,0.25,17.948717,301.36185,0.48031402,744.3637
0.13,0.25,18.461538,301.40924,0.48937297,727.76483
0.13,0.25,18.97436,301.44647,0.49822965,711.5046
0.13,0.25,19.487179,301.4735,0.5068883,695.5777
0.13,0.25,20.0,301.4907,0.51535285,679.97943
0.13,0.27,0.0,291.5771,0.0,1566.5026
0.13,0.27,0.51282054,292.09995,0.019093446,1536.2365
0.13,0.27,1.0256411,292.60602,0.037816547,1506.3466
0.13,0.27,1.5384616,293.09558,0.056174256,1476.8392
0.13,0.27,2.0512822,293.5688,0.07417116,1447.7205
0.13,0.27,2.5641026,294.02582,0.09181207,1418.9951
0.13,0.27,3.0769231,294.4669,0.10910187,1390.667
0.13,0.27,3.5897436,294.8922,0.12604553,1362.7402
0.13,0.27,4.1025643,295.30197,0.14264794,1335.218
0.13,0.27,4.6153846,295.69632,0.15891412,1308.1028
0.13,0.27,5.1282053,296.07553,0.174849,1281.3969
0.13,0.27,5.6410255,296.43982,0.19045782,1255.1014
0.13,0.27,6.1538463,296.78928,0.20574555,1229.2177
0.13,0.27,6.6666665,297.1242,0.22071719,1203.7465
0.13,0.27,7.179487,297.44467,0.23537791,1178.6876
0.13,0.27,7.6923075,297.75095,0.2497327,1154.0411
0.13,0.27,8.205129,298.04333,0.2637868,1129.806
0.13,0.27,8.717949,298.3218,0.27754503,1105.9814
0.13,0.27,9.230769,298.58676,0.2910126,1082.5659
0.13,0.27,9.743589,298.8382,0.30419448,1059.558
0.13,0.27,10.256411,299.07648,0.31709567,1036.955
0.13,0.27,10.769231,299.30167,0.3297212,1014.7549
0.13,0.27,11.282051,299.51407,0.34207588,992.95526
0.13,0.27,11.794871,299.71375,0.35416475,971.5527
0.13,0.27,12.307693,299.9009,0.36599272,950.54425
0.13,0.27,12.820513,300.0758,0.3775644,929.9269
0.13,0.27,13.333333,300.23865,0.38888484,909.6965
0.13,0.27,13.846154,300.38947,0.39995855,889.84955
0.13,0.27,14.358974,300.52856,0.4107903,870.382
0.13,0.27,14.871795,300.656,0.4213848,851.2898
0.13,0.27,15.384615,300.77206,0.43174666,832.5687
0.13,0.27,15.897436,300.87695,0.44188032,814.2141
0.13,0.27,16.410257,300.97073,0.45179036,796.2216
0.13,0.27,16.923077,301.05368,0.46148106,778.58673
0.13,0.27,17.435898,301.12582,0.47095704,761.30444
0.13,0.27,17.948717,301.18747,0.4802223,744.37024
0.13,0.27,18.461538,301.23874,0.48928136,727.779
0.13,0.27,18.97436,301.2798,0.49813834,711.52576
0.13,0.27,19.487179,301.3108,0.5067972,695.6057
0.13,0.27,20.0,301.33185,0.51526225,680.0139
0.13,0.29,0.0,291.27478,0.0,1565.9142
0.13,0.29,0.51282054,291.79675,0.019086301,1535.6628
0.13,0.29,1.0256411,292.30228,0.037802465,1505.7898
0.13,0.29,1.5384616,292.79147,0.056153446,1476.3
0.13,0.29,2.0512822,293.2645,0.07414378,1447.2001
0.13,0.29,2.5641026,293.72162,0.091778375,1418.4941
0.13,0.29,3.0769231,294.163,0.10906218,1390.1864
0.13,0.29,3.5897436,294.58887,0.12600005,1362.2803
0.13,0.29,4.1025643,294.99933,0.14259693,1334.7792
0.13,0.29,4.6153846,295.39465,0.15885784,1307.6855
0.13,0.29,5.1282053,295.77502,0.17478773,1281.0011
0.13,0.29,5.6410255,296.14056,0.19039185,1254.7272
0.13,0.29,6.1538463,296.49152,0.20567504,1228.8647
0.13,0.29,6.6666665,296.82806,0.2206425,1203.4148
0.13,0.29,7.179487,297.15045,0.23529926,1178.377
0.13,0.29,7.6923075,297.45874,0.24965039,1153.7511
0.13,0.29,8.205129,297.7532,0.26370102,1129.5363
0.13,0.29,8.717949,298.03403,0.27745607,1105.7318
0.13,0.29,9.230769,298.30133,0.29092064,1082.3357
0.13,0.29,9.743589,298.55536,0.3040998,1059.3464
0.13,0.29,10.256411,298.79636,0.3169985,1036.762
0.13,0.29,10.769231,299.02444,0.32962176,1014.5797
0.13,0.29,11.282051,299.2397,0.34197447,992.79706
0.13,0.29,11.794871,299.44244,0.35406148,971.41125
0.13,0.29,12.307693,299.63278,0.36588773,950.41895
0.13,0.29,12.820513,299.81094,0.377458,929.8169
0.13,0.29,13.333333,299.9771,0.38877714,909.6012
0.13,0.29,13.846154,300.13144,0.39984977,889.7685
0.13,0.29,14.358974,300.27405,0.4106806,870.3146
0.13,0.29,14.871795,300.4052,0.4212744,851.2353
0.13,0.29,15.384615,300.525,0.43163565,832.5265
0.13,0.29,15.897436,300.63364,0.4417689,814.1838
0.13,0.29,16.410257,300.73138,0.45167854,796.20245
0.13,0.29,16.923077,300.8182,0.4613691,778.5781
0.13,0.29,17.435898,300.8944,0.470845,761.3059
0.13,0.29,17.948717,300.9601,0.4801104,744.3812
0.13,0.29,18.461538,301.01556,0.48916966,727.7991
0.13,0.29,18.97436,301.06082,0.49802688,711.5543
0.13,0.29,19.487179,301.09607,0.5066862,695.6424
0.13,0.29,20.0,301.12146,0.51515174,680.05804
0.13,0.31,0.0,290.91235,0.0,1565.2
0.13,0.31,0.51282054,291.43362,0.019077592,1534.9696
0.13,0.31,1.0256411,291.9386,0.03778541,1505.1188
0.13,0.31,1.5384616,292.42752,0.056128256,1475.6531
0.13,0.31,2.0512822,292.90063,0.07411082,1446.5775
0.13,0.31,2.5641026,293.358,0.0917379,1417.8967
0.13,0.31,3.0769231,293.79984,0.10901446,1389.6146
0.13,0.31,3.5897436,294.22635,0.12594545,1361.7347
0.13,0.31,4.1025643,294.6378,0.1425358,1334.2601
0.13,0.31,4.6153846,295.0342,0.15879045,1307.1927
0.13,0.31,5.1282053,295.41586,0.17471455,1280.5347
0.13,0.31,5.6410255,295.78293,0.19031304,1254.2869
0.13,0.31,6.1538463,296.13556,0.20559096,1228.4508
0.13,0.31,6.6666665,296.474,0.22055349,1203.0265
0.13,0.31,7.179487,296.79834,0.23520565,1178.0139
0.13,0.31,7.6923075,297.10883,0.2495524,1153.4126
0.13,0.31,8.205129,297.40573,0.263599,1129.2223
0.13,0.31,8.717949,297.68906,0.27735037,1105.4413
0.13,0.31,9.230769,297.95908,0.29081154,1082.0681
0.13,0.31,9.743589,298.21588,0.30398753,1059.1013
0.13,0.31,10.256411,298.4598,0.31688336,1036.5386
0.13,0.31,10.769231,298.69095,0.329504,1014.37726
0.13,0.31,11.282051,298.90942,0.3418543,992.6151
0.13,0.31,11.794871,299.11548,0.35393918,971.24866
0.13,0.31,12.307693,299.3093,0.36576355,950.27527
0.13,0.31,12.820513,299.49103,0.3773322,929.691
0.13,0.31,13.333333,299.66077,0.38864988,909.4929
0.13,0.31,13.846154,299.8189,0.39972132,889.67664
0.13,0.31,14.358974,299.9654,0.41055116,870.23846
0.13,0.31,14.871795,300.10046,0.42114407,851.17444
0.13,0.31,15.384615,300.22437,0.43150467,832.4799
0.13,0.31,15.897436,300.3371,0.4416374,814.1509
0.13,0.31,16.410257,300.43896,0.45154682,796.18256
0.13,0.31,16.923077,300.5301,0.4612372,778.5707
0.13,0.31,17.435898,300.61063,0.47071302,761.3101
0.13,0.31,17.948717,300.68076,0.4799785,744.3965
0.13,0.31,18.461538,300.74063,0.48903802,727.82465
0.13,0.31,18.97436,300.7904,0.4978956,711.58984
0.13,0.31,19.487179,300.83026,0.50655544,695.6871
0.13,0.31,20.0,300.86026,0.51502156,680.1112
0.13,0.33,0.0,290.4914,0.0,1564.3622
0.13,0.33,0.51282054,291.01193,0.019067474,1534.1589
0.13,0.33,1.0256411,291.51657,0.037765436,1504.3368
0.13,0.33,1.5384616,292.00534,0.05609884,1474.9001
0.13,0.33,2.0512822,292.47858,0.07407228,1445.8546
0.13,0.33,2.5641026,292.93634,0.091690704,1417.2047
0.13,0.33,3.0769231,293.37878,0.10895897,1388.9535
0.13,0.33,3.5897436,293.80612,0.12588203,1361.1051
0.13,0.33,4.1025643,294.2186,0.14246482,1333.6616
0.13,0.33,4.6153846,294.6163,0.15871227,1306.6256
0.13,0.33,5.1282053,294.99942,0.17462954,1279.9987
0.13,0.33,5.6410255,295.36813,0.19022167,1253.7817
0.13,0.33,6.1538463,295.7227,0.20549354,1227.976
0.13,0.33,6.6666665,296.06317,0.22045043,1202.5815
0.13,0.33,7.179487,296.38974,0.23509727,1177.5985
0.13,0.33,7.6923075,296.7027,0.24943912,1153.0261
0.13,0.33,8.205129,297.00208,0.2634812,1128.8636
0.13,0.33,8.717949,297.28815,0.27722827,1105.1101
0.13,0.33,9.230769,297.56107,0.29068547,1081.7635
0.13,0.33,9.743589,297.82095,0.30385792,1058.8228
0.13,0.33,10.256411,298.06802,0.31675047,1036.2848
0.13,0.33,10.769231,298.30246,0.32936808,1014.14764
0.13,0.33,11.282051,298.52438,0.34171572,992.40875
0.13,0.33,11.794871,298.73404,0.3537982,971.06506
0.13,0.33,12.307693,298.9316,0.3656205,950.1129
0.13,0.33,12.820513,299.1171,0.37718722,929.5495
0.13,0.33,13.333333,299.2908,0.38850325,909.37103
0.13,0.33,13.846154,299.4529,0.39957336,889.5737
0.13,0.33,14.358974,299.60352,0.41040206,870.1536
0.13,0.33,14.871795,299.74283,0.420994,851.10675
0.13,0.33,15.384615,299.871,0.43135387,832.42883
0.13,0.33,15.897436,299.98816,0.44148612,814.11523
0.13,0.33,16.410257,300.0945,0.4513951,796.16174
0.13,0.33,16.923077,300.19022,0.46108532,778.56384
0.13,0.33,17.435898,300.27542,0.4705612,761.31665
0.13,0.33,17.948717,300.35025,0.47982687,744.4155
0.13,0.33,18.461538,300.4149,0.48888662,727.85547
0.13,0.33,18.97436,300.46954,0.49774474,711.63184
0.13,0.33,19.487179,300.51428,0.5064051,695.73944
0.13,0.33,20.0,300.54932,0.5148719,680.1736
0.13,0.35,0.0,290.01337,0.0,1563.4038
0.13,0.35,0.51282054,290.53333,0.019055896,1533.2333
0.13,0.35,1.0256411,291.03766,0.037742697,1503.4448
0.13,0.35,1.5384616,291.5264,0.05606536,1474.0433
0.13,0.35,2.0512822,291.99982,0.07402842,1445.0336
0.13,0.35,2.5641026,292.45807,0.091636986,1416.4193
0.13,0.35,3.0769231,292.90125,0.10889576,1388.2046
0.13,0.35,3.5897436,293.32956,0.12580985,1360.3922
0.13,0.35,4.1025643,293.7432,0.14238404,1332.9852
0.13,0.35,4.6153846,294.14227,0.15862346,1305.9851
0.13,0.35,5.1282053,294.52704,0.17453301,1279.3937
0.13,0.35,5.6410255,294.8976,0.1901179,1253.2122
0.13,0.35,6.1538463,295.25415,0.20538297,1227.4412
0.13,0.35,6.6666665,295.59683,0.22033355,1202.0807
0.13,0.35,7.179487,295.92584,0.23497444,1177.1312
0.13,0.35,7.6923075,296.24136,0.24931072,1152.5916
0.13,0.35,8.205129,296.54355,0.26334757,1128.4609
0.13,0.35,8.717949,296.83252,0.27708983,1104.7384
0.13,0.35,9.230769,297.10855,0.29054278,1081.422
0.13,0.35,9.743589,297.37167,0.30371112,1058.5103
0.13,0.35,10.256411,297.62216,0.31660005,1036.0006
0.13,0.35,10.769231,297.86014,0.3292144,1013.89087
0.13,0.35,11.282051,298.08572,0.341559,992.1781
0.13,0.35,11.794871,298.2992,0.3536389,970.8594
0.13,0.35,12.307693,298.50064,0.36545867,949.93176
0.13,0.35,12.820513,298.6902,0.37702334,929.39154
0.13,0.35,13.333333,298.86813,0.38833764,909.2354
0.13,0.35,13.846154,299.0345,0.3994061,889.4593
0.13,0.35,14.358974,299.1895,0.4102335,870.05975
0.13,0.35,14.871795,299.33328,0.42082447,851.0322
0.13,0.35,15.384615,299.46603,0.43118352,832.37244
0.13,0.35,15.897436,299.58792,0.44131517,814.07654
0.13,0.35,16.410257,299.69904,0.45122382,796.13965
0.13,0.35,16.923077,299.7996,0.46091384,778.5574
0.13,0.35,17.435898,299.8897,0.47038972,761.3251
0.13,0.35,17.948717,299.96954,0.47965562,744.4379
0.13,0.35,18.461538,300.0393,0.4887157,727.8911
0.13,0.35,18.97436,300.0991,0.49757433,711.67993
0.13,0.35,19.487179,300.14905,0.5062353,695.7994
0.13,0.35,20.0,300.18933,0.51470304,680.2443
0.13,0.37,0.0,289.47977,0.0,1562.3275
0.13,0.37,0.51282054,289.99924,0.019042857,1532.1957
0.13,0.37,1.0256411,290.50333,0.03771714,1502.4465
0.13,0.37,1.5384616,290.99213,0.056027703,1473.085
0.13,0.37,2.0512822,291.46582,0.07397934,1444.1156
0.13,0.37,2.5641026,291.92462,0.0915768,1415.5426
0.13,0.37,3.0769231,292.3686,0.10882509,1387.3688
0.13,0.37,3.5897436,292.798,0.12572911,1359.598
0.13,0.37,4.1025643,293.21295,0.14229375,1332.2317
0.13,0.37,4.6153846,293.61356,0.15852416,1305.2723
0.13,0.37,5.1282053,294.00003,0.17442524,1278.7208
0.13,0.37,5.6410255,294.37256,0.19000205,1252.579
0.13,0.37,6.1538463,294.7313,0.20525956,1226.847
0.13,0.37,6.6666665,295.07635,0.22020307,1201.5247
0.13,0.37,7.179487,295.40793,0.2348373,1176.6124
0.13,0.37,7.6923075,295.72617,0.24916744,1152.1095
0.13,0.37,8.205129,296.03128,0.2631986,1128.0144
0.13,0.37,8.717949,296.3234,0.2769357,1104.3262
0.13,0.37,9.230769,296.60266,0.29038367,1081.0436
0.13,0.37,9.743589,296.86923,0.30354762,1058.1643
0.13,0.37,10.256411,297.12332,0.31643236,1035.686
0.13,0.37,10.769231,297.365,0.32904303,1013.6064
0.13,0.37,11.282051,297.59454,0.34138435,991.9229
0.13,0.37,11.794871,297.81198,0.35346118,970.6322
0.13,0.37,12.307693,298.0176,0.36527842,949.7315
0.13,0.37,12.820513,298.2115,0.3768408,929.21716
0.13,0.37,13.333333,298.39374,0.38815308,909.08563
0.13,0.37,13.846154,298.56467,0.39921987,889.3331
0.13,0.37,14.358974,298.7243,0.4100459,869.95593
0.13,0.37,14.871795,298.8728,0.42063573,850.9499
0.13,0.37,15.384615,299.0104,0.43099388,832.3108
0.13,0.37,15.897436,299.1372,0.4411248,814.0342
0.13,0.37,16.410257,299.2534,0.45103306,796.1157
0.13,0.37,16.923077,299.359,0.46072295,778.5508
0.13,0.37,17.435898,299.45435,0.4701988,761.33496
0.13,0.37,17.948717,299.53952,0.47946495,744.4633
0.13,0.37,18.461538,299.6146,0.4885255,727.9311
0.13,0.37,18.97436,299.6798,0.49738467,711.7337
0.13,0.37,19.487179,299.73523,0.5060464,695.8661
0.13,0.37,20.0,299.7811,0.5145149,680.3233
0.13,0.39,0.0,288.89218,0.0,1561.1361
0.13,0.39,0.51282054,289.4112,0.01902841,1531.0481
0.13,0.39,1.0256411,289.91504,0.037688926,1501.3435
0.13,0.39,1.5384616,290.40393,0.05598619,1472.0272
0.13,0.39,2.0512822,290.87802,0.07392505,1443.1038
0.13,0.39,2.5641026,291.33743,0.091510355,1414.5762
0.13,0.39,3.0769231,291.78232,0.10874701,1386.4486
0.13,0.39,3.5897436,292.21286,0.12563998,1358.723
0.13,0.39,4.1025643,292.62915,0.1421942,1331.4021
0.13,0.39,4.6153846,293.0314,0.15841463,1304.4878
0.13,0.39,5.1282053,293.41977,0.17430629,1277.9812
0.13,0.39,5.6410255,293.79437,0.18987428,1251.8828
0.13,0.39,6.1538463,294.15536,0.20512354,1226.1938
0.13,0.39,6.6666665,294.50293,0.22005922,1200.914
0.13,0.39,7.179487,294.83722,0.2346862,1176.0427
0.13,0.39,7.6923075,295.15836,0.24900958,1151.5796
0.13,0.39,8.205129,295.46652,0.2630345,1127.5239
0.13,0.39,8.717949,295.76196,0.2767657,1103.8739
0.13,0.39,9.230769,296.04465,0.29020837,1080.6282
0.13,0.39,9.743589,296.31476,0.30336747,1057.7843
0.13,0.39,10.256411,296.57263,0.3162478,1035.3406
0.13,0.39,10.769231,296.81827,0.32885444,1013.2944
0.13,0.39,11.282051,297.05185,0.341192,991.64276
0.13,0.39,11.794871,297.27353,0.3532656,970.38306
0.13,0.39,12.307693,297.4835,0.36507997,949.5119
0.13,0.39,12.820513,297.68185,0.37663984,929.0257
0.13,0.39,13.333333,297.86877,0.38794988,908.9214
0.13,0.39,13.846154,298.04443,0.3990149,889.1948
0.13,0.39,14.358974,298.20892,0.40983927,869.84247
0.13,0.39,14.871795,298.3624,0.42042783,850.8599
0.13,0.39,15.384615,298.50513,0.430785,832.2431
0.13,0.39,15.897436,298.63705,0.44091535,813.9878
0.13,0.39,16.410257,298.75845,0.45082313,796.0894
0.13,0.39,16.923077,298.86957,0.46051276,778.54376
0.13,0.39,17.435898,298.9703,0.4699887,761.3458
0.13,0.39,17.948717,299.06097,0.47925508,744.49133
0.13,0.39,18.461538,299.14175,0.488316,727.97534
0.13,0.39,18.97436,299.21265,0.49717578,711.79297
0.13,0.39,19.487179,299.27386,0.5058384,695.9395
0.13,0.39,20.0,299.3256,0.5143079,680.41
0.15,0.01,0.0,289.51868,0.0,1561.8094
0.15,0.01,0.51282054,290.06534,0.019038267,1531.9603
0.15,0.01,1.0256411,290.593,0.037711196,1502.4558
0.15,0.01,1.5384616,291.102,0.05602327,1473.305
0.15,0.01,2.0512822,291.59256,0.07397866,1444.5154
0.15,0.01,2.5641026,292.065,0.091582015,1416.0941
0.15,0.01,3.0769231,292.51956,0.108837865,1388.0469
0.15,0.01,3.5897436,292.95654,0.1257509,1360.3789
0.15,0.01,4.1025643,293.37616,0.14232573,1333.0957
0.15,0.01,4.6153846,293.7787,0.15856713,1306.201
0.15,0.01,5.1282053,294.16446,0.1744799,1279.6982
0.15,0.01,5.6410255,294.5336,0.19006902,1253.5898
0.15,0.01,6.1538463,294.8865,0.20533916,1227.8787
0.15,0.01,6.6666665,295.22333,0.22029537,1202.5663
0.15,0.01,7.179487,295.54437,0.23494244,1177.6534
0.15,0.01,7.6923075,295.84988,0.24928543,1153.1415
0.15,0.01,8.205129,296.1401,0.26332915,1129.0298
0.15,0.01,8.717949,296.41528,0.27707857,1105.3186
0.15,0.01,9.230769,296.67563,0.2905386,1082.0072
0.15,0.01,9.743589,296.92145,0.3037142,1059.0947
0.15,0.01,10.256411,297.15298,0.31661028,1036.5791
0.15,0.01,10.769231,297.37033,0.32923165,1014.4589
0.15,0.01,11.282051,297.57394,0.3415832,992.7324
0.15,0.01,11.794871,297.76385,0.3536697,971.3969
0.15,0.01,12.307693,297.94034,0.36549604,950.44934
0.15,0.01,12.820513,298.10373,0.37706694,929.8871
0.15,0.01,13.333333,298.25415,0.3883872,909.7072
0.15,0.01,13.846154,298.3918,0.39946133,889.90576
0.15,0.01,14.358974,298.51694,0.4102941,870.47943
0.15,0.01,14.871795,298.62982,0.42089003,851.42426
0.15,0.01,15.384615,298.73062,0.43125376,832.7362
0.15,0.01,15.897436,298.81952,0.44138965,814.41144
0.15,0.01,16.410257,298.89673,0.45130226,796.44556
0.15,0.01,16.923077,298.9625,0.4609959,778.834
0.15,0.01,17.435898,299.017,0.47047493,761.5723
0.15,0.01,17.948717,299.06042,0.4797437,744.6561
0.15,0.01,18.461538,299.09302,0.48880637,728.0804
0.15,0.01,18.97436,299.1149,0.49766707,711.8405
0.15,0.01,19.487179,299.1263,0.5063299,695.9317
0.15,0.01,20.0,299.1275,0.514799,680.34894
0.15,0.03,0.0,290.13995,0.0,1563.079
0.15,0.03,0.51282054,290.68307,0.01905334,1533.1482
0.15,0.03,1.0256411,291.20728,0.037740454,1503.5659
0.15,0.03,1.5384616,291.7129,0.05606567,1474.3413
0.15,0.03,2.0512822,292.20023,0.07403348,1445.4808
0.15,0.03,2.5641026,292.66956,0.09164825,1416.9927
0.15,0.03,3.0769231,293.1211,0.10891479,1388.881
0.15,0.03,3.5897436,293.55518,0.12583768,1361.1527
0.15,0.03,4.1025643,293.97195,0.1424217,1333.8115
0.15,0.03,4.6153846,294.37173,0.15867154,1306.8618
0.15,0.03,5.1282053,294.75485,0.1745922,1280.3068
0.15,0.03,5.6410255,295.1215,0.19018845,1254.1489
0.15,0.03,6.1538463,295.4719,0.20546521,1228.3909
0.15,0.03,6.6666665,295.80627,0.22042738,1203.0337
0.15,0.03,7.179487,296.12503,0.23507996,1178.0786
0.15,0.03,7.6923075,296.42828,0.24942791,1153.5264
0.15,0.03,8.205129,296.71634,0.2634762,1129.3772
0.15,0.03,8.717949,296.9894,0.2772296,1105.6304
0.15,0.03,9.230769,297.24777,0.29069328,1082.2852
0.15,0.03,9.743589,297.4916,0.3038721,1059.3407
0.15,0.03,10.256411,297.7212,0.316771,1036.7952
0.15,0.03,10.769231,297.93674,0.32939485,1014.64703
0.15,0.03,11.282051,298.13852,0.34174854,992.89374
0.15,0.03,11.794871,298.3267,0.35383695,971.5332
0.15,0.03,12.307693,298.5016,0.3656648,950.5621
0.15,0.03,12.820513,298.66333,0.37723696,929.97784
0.15,0.03,13.333333,298.81216,0.3885582,909.7771
0.15,0.03,13.846154,298.9483,0.39963308,889.9561
0.15,0.03,14.358974,299.07205,0.4104663,870.5119
0.15,0.03,14.871795,299.1834,0.42106256,851.43976
0.15,0.03,15.384615,299.28284,0.43142635,832.736
0.15,0.03,15.897436,299.37036,0.44156212,814.3967
0.15,0.03,16.410257,299.4463,0.45147458,796.417
0.15,0.03,16.923077,299.51077,0.46116772,778.79285
0.15,0.03,17.435898,299.5641,0.47064626,761.5196
0.15,0.03,17.948717,299.60626,0.47991425,744.59247
0.15,0.03,18.461538,299.63766,0.48897606,728.00684
0.15,0.03,18.97436,299.65845,0.49783584,711.75775
0.15,0.03,19.487179,299.66873,0.50649756,695.84076
0.15,0.03,20.0,299.6688,0.5149656,680.25024
0.15,0.05,0.0,290.67953,0.0,1564.1877
0.15,0.05,0.51282054,291.21927,0.019066535,1534.1841
0.15,0.05,1.0256411,291.74036,0.037765905,1504.5325
0.15,0.05,1.5384616,292.24298,0.0561027,1475.2416
0.15,0.05,2.0512822,292.72742,0.07408109,1446.319
0.15,0.05,2.5641026,293.19394,0.09170588,1417.7705
0.15,0.05,3.0769231,293.64282,0.1089816,1389.6028
0.15,0.05,3.5897436,294.07428,0.12591311,1361.8204
0.15,0.05,4.1025643,294.4886,0.14250499,1334.4285
0.15,0.05,4.6153846,294.886,0.15876219,1307.4303
0.15,0.05,5.1282053,295.26685,0.17468952,1280.8295
0.15,0.05,5.6410255,295.6313,0.19029193,1254.6284
0.15,0.05,6.1538463,295.97955,0.20557432,1228.8291
0.15,0.05,6.6666665,296.31204,0.2205417,1203.4331
0.15,0.05,7.179487,296.62885,0.23519897,1178.4414
0.15,0.05,7.6923075,296.93027,0.24955109,1153.8546
0.15,0.05,8.205129,297.21655,0.26360318,1129.6724
0.15,0.05,8.717949,297.48798,0.27736017,1105.8947
0.15,0.05,9.230769,297.7447,0.29082686,1082.5204
0.15,0.05,9.743589,297.987,0.30400842,1059.5485
0.15,0.05,10.256411,298.21515,0.31690967,1036.9769
0.15,0.05,10.769231,298.4293,0.32953566,1014.80414
0.15,0.05,11.282051,298.6297,0.3418911,993.0282
0.15,0.05,11.794871,298.81668,0.35398102,971.64606
0.15,0.05,12.307693,298.9903,0.36581013,950.65497
0.15,0.05,12.820513,299.1509,0.37738332,930.0518
0.15,0.05,13.333333,299.29858,0.38870534,909.8334
0.15,0.05,13.846154,299.43372,0.39978078,889.996
0.15,0.05,14.358974,299.55634,0.4106145,870.5361
0.15,0.05,14.871795,299.66684,0.42121089,851.44977
0.15,0.05,15.384615,299.7653,0.43157476,832.7327
0.15,0.05,15.897436,299.85193,0.4417104,814.381
0.15,0.05,16.410257,299.92703,0.4516226,796.38965
0.15,0.05,16.923077,299.99072,0.46131536,778.75494
0.15,0.05,17.435898,300.0432,0.47079328,761.47174
0.15,0.05,17.948717,300.08475,0.48006064,744.5355
0.15,0.05,18.461538,300.11545,0.4891218,727.94147
0.15,0.05,18.97436,300.13556,0.49798065,711.6849
0.15,0.05,19.487179,300.1452,0.5066415,695.7606
0.15,0.05,20.0,300.14468,0.51510835,680.1639
0.15,0.07,0.0,291.13922,0.0,1565.1389
0.15,0.07,0.51282054,291.67603,0.019077852,1535.0707
0.15,0.07,1.0256411,292.1942,0.037787758,1505.3579
0.15,0.07,1.5384616,292.69412,0.056134306,1476.009
0.15,0.07,2.0512822,293.176,0.07412188,1447.0312
0.15,0.07,2.5641026,293.63998,0.09175501,1418.4307
0.15,0.07,3.0769231,294.08652,0.109038554,1390.2134
0.15,0.07,3.5897436,294.5157,0.12597737,1362.3845
0.15,0.07,4.1025643,294.9279,0.14257586,1334.9482
0.15,0.07,4.6153846,295.32336,0.15883917,1307.9086
0.15,0.07,5.1282053,295.70227,0.17477217,1281.2682
0.15,0.07,5.6410255,296.0649,0.19037971,1255.0295
0.15,0.07,6.1538463,296.4115,0.2056669,1229.1952
0.15,0.07,6.6666665,296.7423,0.2206385,1203.766
0.15,0.07,7.179487,297.0576,0.23529968,1178.7428
0.15,0.07,7.6923075,297.3576,0.2496554,1154.1263
0.15,0.07,8.205129,297.64258,0.26371068,1129.9164
0.15,0.07,8.717949,297.91266,0.2774704,1106.1124
0.15,0.07,9.230769,298.16818,0.2909397,1082.7133
0.15,0.07,9.743589,298.4094,0.30412343,1059.7181
0.15,0.07,10.256411,298.63647,0.31702667,1037.125
0.15,0.07,10.769231,298.84964,0.32965437,1014.93176
0.15,0.07,11.282051,299.0492,0.3420112,993.1364
0.15,0.07,11.794871,299.2353,0.35410243,971.7362
0.15,0.07,12.307693,299.4081,0.36593252,950.72833
0.15,0.07,12.820513,299.56793,0.3775065,930.1095
0.15,0.07,13.333333,299.715,0.38882914,909.87616
0.15,0.07,13.846154,299.84952,0.399905,890.0254
0.15,0.07,14.358974,299.97162,0.410739,870.5527
0.15,0.07,14.871795,300.08157,0.42133558,851.4543
0.15,0.07,15.384615,300.17957,0.43169937,832.7262
0.15,0.07,15.897436,300.26584,0.44183493,814.3642
0.15,0.07,16.410257,300.3405,0.4517467,796.3636
0.15,0.07,16.923077,300.40387,0.46143913,778.7201
0.15,0.07,17.435898,300.4561,0.4709167,761.42883
0.15,0.07,17.948717,300.49728,0.4801835,744.4853
0.15,0.07,18.461538,300.5278,0.48924392,727.88434
0.15,0.07,18.97436,300.5477,0.49810207,711.6215
0.15,0.07,19.487179,300.55722,0.506762,695.6918
0.15,0.07,20.0,300.55658,0.5152281,680.0897
0.15,0.09,0.0,291.52097,0.0,1565.9352
0.15,0.09,0.51282054,292.05496,0.019087292,1535.8103
0.15,0.09,1.0256411,292.5706,0.037806064,1506.0442
0.15,0.09,1.5384616,293.06808,0.056160696,1476.6451
0.15,0.09,2.0512822,293.54758,0.074155726,1447.6198
0.15,0.09,2.5641026,294.00946,0.09179595,1418.9747
0.15,0.09,3.0769231,294.45392,0.10908591,1390.7152
0.15,0.09,3.5897436,294.8813,0.1260305,1362.8467
0.15,0.09,4.1025643,295.29172,0.14263459,1335.3729
0.15,0.09,4.6153846,295.6855,0.1589029,1308.2977
0.15,0.09,5.1282053,296.0628,0.17484039,1281.624
0.15,0.09,5.6410255,296.42395,0.19045219,1255.3542
0.15,0.09,6.1538463,296.76926,0.20574313,1229.4904
0.15,0.09,6.6666665,297.09885,0.2207183,1204.0337
0.15,0.09,7.179487,297.41296,0.23538256,1178.9844
0.15,0.09,7.6923075,297.71194,0.24974105,1154.3435
0.15,0.09,8.205129,297.99597,0.26379886,1130.1102
0.15,0.09,8.717949,298.26517,0.27756086,1106.2844
0.15,0.09,9.230769,298.51993,0.2910322,1082.8651
0.15,0.09,9.743589,298.7604,0.30421764,1059.8508
0.15,0.09,10.256411,298.98688,0.31712243,1037.2399
0.15,0.09,10.769231,299.1995,0.32975137,1015.03
0.15,0.09,11.282051,299.39856,0.34210938,993.2191
0.15,0.09,11.794871,299.5842,0.35420147,971.80444
0.15,0.09,12.307693,299.75668,0.36603236,950.78265
0.15,0.09,12.820513,299.91623,0.377607,930.1511
0.15,0.09,13.333333,300.06305,0.38893008,909.9062
0.15,0.09,13.846154,300.19736,0.40000623,890.0442
0.15,0.09,14.358974,300.31934,0.4108403,870.56146
0.15,0.09,14.871795,300.42926,0.42143697,851.4536
0.15,0.09,15.384615,300.52722,0.43180075,832.71686
0.15,0.09,15.897436,300.61346,0.44193614,814.3466
0.15,0.09,16.410257,300.68826,0.45184764,796.3385
0.15,0.09,16.923077,300.75174,0.46153975,778.68823
0.15,0.09,17.435898,300.80405,0.47101682,761.39056
0.15,0.09,17.948717,300.84552,0.48028308,744.4412
0.15,0.09,18.461538,300.87622,0.48934293,727.83527
0.15,0.09,18.97436,300.89645,0.49820045,711.56757
0.15,0.09,19.487179,300.90628,0.5068597,695.6334
0.15,0.09,20.0,300.9059,0.5153251,680.0276
0.15,0.11,0.0,291.8265,0.0,1566.5796
0.15,0.11,0.51282054,292.35806,0.019094907,1536.4061
0.15,0.11,1.0256411,292.8714,0.03782072,1506.5947
0.15,0.11,1.5384616,293.36667,0.05618187,1477.153
0.15,0.11,2.0512822,293.84424,0.07418295,1448.0875
0.15,0.11,2.5641026,294.30417,0.0918286,1419.4052
0.15,0.11,3.0769231,294.747,0.10912372,1391.1104
0.15,0.11,3.5897436,295.1727,0.12607296,1363.2087
0.15,0.11,4.1025643,295.58167,0.14268127,1335.704
0.15,0.11,4.6153846,295.97412,0.15895349,1308.6
0.15,0.11,5.1282053,296.35022,0.17489459,1281.8992
0.15,0.11,5.6410255,296.7103,0.19050962,1255.6036
0.15,0.11,6.1538463,297.05463,0.20580342,1229.7158
0.15,0.11,6.6666665,297.3833,0.22078124,1204.2366
0.15,0.11,7.179487,297.6967,0.23544791,1179.1665
0.15,0.11,7.6923075,297.99496,0.24980848,1154.506
0.15,0.11,8.205129,298.27838,0.2638682,1130.2545
0.15,0.11,8.717949,298.54715,0.27763182,1106.4117
0.15,0.11,9.230769,298.8015,0.29110458,1082.9766
0.15,0.11,9.743589,299.0417,0.30429137,1059.9473
0.15,0.11,10.256411,299.26788,0.31719726,1037.3224
0.15,0.11,10.769231,299.4804,0.32982716,1015.09955
0.15,0.11,11.282051,299.6793,0.34218588,993.27655
0.15,0.11,11.794871,299.865,0.3542786,971.85065
0.15,0.11,12.307693,300.03754,0.36611,950.8185
0.15,0.11,12.820513,300.1972,0.37768492,930.17737
0.15,0.11,13.333333,300.34424,0.38900834,909.92346
0.15,0.11,13.846154,300.47882,0.40008473,890.0531
0.15,0.11,14.358974,300.60104,0.41091883,870.5627
0.15,0.11,14.871795,300.7113,0.42151552,851.4478
0.15,0.11,15.384615,300.80972,0.4318791,832.7044
0.15,0.11,15.897436,300.89645,0.44201434,814.32837
0.15,0.11,16.410257,300.9717,0.4519256,796.31476
0.15,0.11,16.923077,301.03577,0.4616174,778.65936
0.15,0.11,17.435898,301.0887,0.4710941,761.3573
0.15,0.11,17.948717,301.13077,0.4803599,744.4038
0.15,0.11,18.461538,301.16217,0.48941928,727.79395
0.15,0.11,18.97436,301.18307,0.49827617,711.52295
0.15,0.11,19.487179,301.1936,0.506935,695.58575
0.15,0.11,20.0,301.19406,0.5153997,679.9771
0.15,0.13,0.0,292.0577,0.0,1567.0741
0.15,0.13,0.51282054,292.587,0.0191008,1536.8602
0.15,0.13,1.0256411,293.09827,0.037831932,1507.0115
0.15,0.13,1.5384616,293.59167,0.056197934,1477.5345
0.15,0.13,2.0512822,294.0675,0.0742035,1448.4368
0.15,0.13,2.5641026,294.52597,0.09185332,1419.7236
0.15,0.13,3.0769231,294.9673,0.1091522,1391.4005
0.15,0.13,3.5897436,295.39175,0.12610488,1363.4727
0.15,0.13,4.1025643,295.79953,0.1427162,1335.9431
0.15,0.13,4.6153846,296.19098,0.15899125,1308.8164
0.15,0.13,5.1282053,296.5662,0.17493485,1282.0941
0.15,0.13,5.6410255,296.92554,0.19055218,1255.7793
0.15,0.13,6.1538463,297.2692,0.20584802,1229.873
0.15,0.13,6.6666665,297.59735,0.22082767,1204.3767
0.15,0.13,7.179487,297.9103,0.23549594,1179.2906
0.15,0.13,7.6923075,298.2083,0.24985796,1154.6155
0.15,0.13,8.205129,298.4915,0.26391897,1130.3502
0.15,0.13,8.717949,298.76016,0.27768373,1106.495
0.15,0.13,9.230769,299.0145,0.29115742,1083.048
0.15,0.13,9.743589,299.25476,0.30434495,1060.0079
0.15,0.13,10.256411,299.48108,0.31725156,1037.3728
0.15,0.13,10.769231,299.6938,0.32988203,1015.1409
0.15,0.13,11.282051,299.8931,0.3422413,993.3092
0.15,0.13,11.794871,300.07913,0.3543343,971.8753
0.15,0.13,12.307693,300.25217,0.36616603,950.8362
0.15,0.13,12.820513,300.41235,0.37774116,930.18823
0.15,0.13,13.333333,300.56,0.38906452,909.9279
0.15,0.13,13.846154,300.69513,0.40014094,890.0522
0.15,0.13,14.358974,300.8182,0.410975,870.55646
0.15,0.13,14.871795,300.9292,0.42157158,851.4368
0.15,0.13,15.384615,301.0284,0.43193507,832.68915
0.15,0.13,15.897436,301.11603,0.44207007,814.3092
0.15,0.13,16.410257,301.1923,0.45198104,796.2922
0.15,0.13,16.923077,301.2573,0.46167257,778.6335
0.15,0.13,17.435898,301.31125,0.47114897,761.3285
0.15,0.13,17.948717,301.3544,0.48041433,744.3725
0.15,0.13,18.461538,301.3869,0.48947334,727.76044
0.15,0.13,18.97436,301.40894,0.49832988,711.4873
0.15,0.13,19.487179,301.4207,0.50698817,695.54846
0.15,0.13,20.0,301.42236,0.5154523,679.9383
0.15,0.15,0.0,292.21628,0.0,1567.4227
0.15,0.15,0.51282054,292.74362,0.019104868,1537.1761
0.15,0.15,1.0256411,293.2531,0.03783965,1507.2971
0.15,0.15,1.5384616,293.74484,0.056209043,1477.7922
0.15,0.15,2.0512822,294.21918,0.074217685,1448.6688
0.15,0.15,2.5641026,294.67636,0.09187017,1419.9321
0.15,0.15,3.0769231,295.11652,0.10917139,1391.5878
0.15,0.15,3.5897436,295.54,0.12612632,1363.6396
0.15,0.15,4.1025643,295.947,0.14273962,1336.0922
0.15,0.15,4.6153846,296.33768,0.15901639,1308.9486
0.15,0.15,5.1282053,296.71234,0.17496155,1282.2112
0.15,0.15,5.6410255,297.07123,0.19058019,1255.8818
0.15,0.15,6.1538463,297.41458,0.20587723,1229.9629
0.15,0.15,6.6666665,297.74255,0.22085786,1204.4545
0.15,0.15,7.179487,298.05548,0.23552707,1179.3577
0.15,0.15,7.6923075,298.35342,0.24988988,1154.6725
0.15,0.15,8.205129,298.6368,0.26395145,1130.3984
0.15,0.15,8.717949,298.90573,0.27771676,1106.5347
0.15,0.15,9.230769,299.1604,0.2911909,1083.0802
0.15,0.15,9.743589,299.4011,0.3043789,1060.0332
0.15,0.15,10.256411,299.62796,0.31728572,1037.392
0.15,0.15,10.769231,299.8413,0.3299164,1015.15436
0.15,0.15,11.282051,300.04126,0.3422757,993.3176
0.15,0.15,11.794871,300.22806,0.35436887,971.8791
0.15,0.15,12.307693,300.40198,0.36620054,950.83545
0.15,0.15,12.820513,300.5631,0.37777567,930.1838
0.15,0.15,13.333333,300.71164,0.38909894,909.9202
0.15,0.15,13.846154,300.84796,0.40017536,890.04126
0.15,0.15,14.358974,300.97208,0.41100922,870.54285
0.15,0.15,14.871795,301.08432,0.4216056,851.4208
0.15,0.15,15.384615,301.18475,0.4319688,832.67114
0.15,0.15,15.897436,301.27368,0.44210362,814.2891
0.15,0.15,16.410257,301.35123,0.4520144,796.27045
0.15,0.15,16.923077,301.41763,0.46170554,778.61053
0.15,0.15,17.435898,301.47305,0.47118163,761.3044
0.15,0.15,17.948717,301.5177,0.4804468,744.3472
0.15,0.15,18.461538,301.5517,0.4895054,727.7344
0.15,0.15,18.97436,301.5753,0.4983616,711.46063
0.15,0.15,19.487179,301.58862,0.50701964,695.5211
0.15,0.15,20.0,301.59198,0.5154835,679.9107
0.15,0.17,0.0,292.30396,0.0,1567.6268
0.15,0.17,0.51282054,292.82953,0.019107215,1537.3553
0.15,0.17,1.0256411,293.33743,0.037844084,1507.4536
0.15,0.17,1.5384616,293.82788,0.0562153,1477.9285
0.15,0.17,2.0512822,294.301,0.0742254,1448.7865
0.15,0.17,2.5641026,294.75705,0.091879345,1420.0331
0.15,0.17,3.0769231,295.19638,0.10918172,1391.6737
0.15,0.17,3.5897436,295.61914,0.12613758,1363.712
0.15,0.17,4.1025643,296.02557,0.14275166,1336.1523
0.15,0.17,4.6153846,296.41586,0.15902911,1308.9979
0.15,0.17,5.1282053,296.79028,0.1749748,1282.2506
0.15,0.17,5.6410255,297.14905,0.19059384,1255.9132
0.15,0.17,6.1538463,297.49237,0.20589125,1229.9863
0.15,0.17,6.6666665,297.82047,0.22087215,1204.4713
0.15,0.17,7.179487,298.1336,0.23554146,1179.3685
0.15,0.17,7.6923075,298.432,0.24990444,1154.6781
0.15,0.17,8.205129,298.71585,0.26396605,1130.3993
0.15,0.17,8.717949,298.98532,0.27773136,1106.5317
0.15,0.17,9.230769,299.2407,0.2912054,1083.0739
0.15,0.17,9.743589,299.48215,0.3043933,1060.0238
0.15,0.17,10.256411,299.70993,0.31730002,1037.3801
0.15,0.17,10.769231,299.92422,0.32993048,1015.1401
0.15,0.17,11.282051,300.12527,0.3422897,993.3017
0.15,0.17,11.794871,300.31323,0.35438263,971.86163
0.15,0.17,12.307693,300.4883,0.3662141,950.8169
0.15,0.17,12.820513,300.65076,0.3777889,930.1643
0.15,0.17,13.333333,300.80075,0.38911203,909.9001
0.15,0.17,13.846154,300.93848,0.40018803,890.0207
0.15,0.17,14.358974,301.0641,0.41102174,870.5219
0.15,0.17,14.871795,301.1779,0.42161784,851.3998
0.15,0.17,15.384615,301.27997,0.43198085,832.6501
0.15,0.17,15.897436,301.37057,0.4421153,814.2683
0.15,0.17,16.410257,301.44992,0.45202583,796.2498
0.15,0.17,16.923077,301.5181,0.4617168,778.5902
0.15,0.17,17.435898,301.5754,0.47119263,761.28436
0.15,0.17,17.948717,301.6219,0.48045754,744.328
0.15,0.17,18.461538,301.65784,0.48951596,727.71564
0.15,0.17,18.97436,301.6834,0.49837193,711.4426
0.15,0.17,19.487179,301.69876,0.5070297,695.50385
0.15,0.17,20.0,301.70413,0.5154934,679.89417
0.15,0.19,0.0,292.32245,0.0,1567.69
0.15,0.19,0.51282054,292.8465,0.019107841,1537.4011
0.15,0.19,1.0256411,293.35303,0.03784518,1507.4836
0.15,0.19,1.5384616,293.84225,0.05621671,1477.945
0.15,0.19,2.0512822,294.31442,0.07422702,1448.7913
0.15,0.19,2.5641026,294.7697,0.09188086,1420.0278
0.15,0.19,3.0769231,295.20844,0.109183125,1391.6597
0.15,0.19,3.5897436,295.63074,0.12613872,1363.6909
0.15,0.19,4.1025643,296.03687,0.14275256,1336.1255
0.15,0.19,4.6153846,296.427,0.15902963,1308.9658
0.15,0.19,5.1282053,296.80148,0.17497495,1282.2147
0.15,0.19,5.6410255,297.1604,0.19059354,1255.8737
0.15,0.19,6.1538463,297.50403,0.20589042,1229.9447
0.15,0.19,6.6666665,297.83255,0.2208708,1204.4279
0.15,0.19,7.179487,298.14624,0.23553959,1179.324
0.15,0.19,7.6923075,298.4453,0.24990194,1154.6328
0.15,0.19,8.205129,298.72995,0.2639631,1130.3539
0.15,0.19,8.717949,299.00037,0.27772775,1106.4863
0.15,0.19,9.230769,299.25674,0.2912013,1083.0289
0.15,0.19,9.743589,299.49942,0.30438858,1059.98
0.15,0.19,10.256411,299.72833,0.31729478,1037.3373
0.15,0.19,10.769231,299.94403,0.32992473,1015.0989
0.15,0.19,11.282051,300.14642,0.3422835,993.26184
0.15,0.19,11.794871,300.3359,0.3543759,971.8235
0.15,0.19,12.307693,300.5126,0.36620694,950.7806
0.15,0.19,12.820513,300.6767,0.3777813,930.1297
0.15,0.19,13.333333,300.82846,0.389104,909.8674
0.15,0.19,13.846154,300.968,0.40017968,889.99005
0.15,0.19,14.358974,301.0955,0.41101304,870.49347
0.15,0.19,14.871795,301.21124,0.42160872,851.37354
0.15,0.19,15.384615,301.31534,0.4319714,832.62604
0.15,0.19,15.897436,301.40802,0.44210562,814.2462
0.15,0.19,16.410257,301.48944,0.45201588,796.23
0.15,0.19,16.923077,301.55984,0.46170658,778.5724
0.15,0.19,17.435898,301.61935,0.4711822,761.2688
0.15,0.19,17.948717,301.66812,0.480447,744.3144
0.15,0.19,18.461538,301.70642,0.48950523,727.704
0.15,0.19,18.97436,301.7344,0.49836108,711.433
0.15,0.19,19.487179,301.75214,0.50701874,695.4962
0.15,0.19,20.0,301.75995,0.5154823,679.8884
0.15,0.21,0.0,292.27347,0.0,1567.6147
0.15,0.21,0.51282054,292.7961,0.01910685,1537.3154
0.15,0.21,1.0256411,293.3015,0.037843145,1507.3893
0.15,0.21,1.5384616,293.78983,0.056213476,1477.8441
0.15,0.21,2.0512822,294.26114,0.07422243,1448.6855
0.15,0.21,2.5641026,294.71594,0.091874965,1419.9182
0.15,0.21,3.0769231,295.15424,0.10917582,1391.5479
0.15,0.21,3.5897436,295.57632,0.12613007,1363.5782
0.15,0.21,4.1025643,295.98242,0.14274248,1336.0122
0.15,0.21,4.6153846,296.3727,0.15901822,1308.8533
0.15,0.21,5.1282053,296.74744,0.17496218,1282.1036
0.15,0.21,5.6410255,297.10678,0.19057935,1255.7646
0.15,0.21,6.1538463,297.45096,0.20587493,1229.8383
0.15,0.21,6.6666665,297.78027,0.220854,1204.3245
0.15,0.21,7.179487,298.09485,0.23552155,1179.2242
0.15,0.21,7.6923075,298.39487,0.2498827,1154.5372
0.15,0.21,8.205129,298.6806,0.2639427,1130.2622
0.15,0.21,8.717949,298.95224,0.27770627,1106.3993
0.15,0.21,9.230769,299.20996,0.2911788,1082.9463
0.15,0.21,9.743589,299.454,0.30436513,1059.902
0.15,0.21,10.256411,299.68457,0.31727028,1037.264
0.15,0.21,10.769231,299.9019,0.32989943,1015.03033
0.15,0.21,11.282051,300.1061,0.34225735,993.19824
0.15,0.21,11.794871,300.2974,0.35434902,971.7645
0.15,0.21,12.307693,300.47604,0.36617938,950.72626
0.15,0.21,12.820513,300.64215,0.37775314,930.08026
0.15,0.21,13.333333,300.79602,0.38907516,909.8227
0.15,0.21,13.846154,300.9377,0.4001504,889.94977
0.15,0.21,14.358974,301.0675,0.41098326,870.4575
0.15,0.21,14.871795,301.18555,0.42157856,851.34186
0.15,0.21,15.384615,301.29205,0.4319409,832.59863
0.15,0.21,15.897436,301.38718,0.44207475,814.223
0.15,0.21,16.410257,301.4711,0.45198476,796.2107
0.15,0.21,16.923077,301.54404,0.4616753,778.557
0.15,0.21,17.435898,301.60617,0.4711507,761.2571
0.15,0.21,17.948717,301.6576,0.48041528,744.3063
0.15,0.21,18.461538,301.69864,0.48947352,727.69934
0.15,0.21,18.97436,301.72934,0.4983293,711.4317
0.15,0.21,19.487179,301.7499,0.506987,695.49805
0.15,0.21,20.0,301.7605,0.5154506,679.8933
0.15,0.23,0.0,292.15857,0.0,1567.404
0.15,0.23,0.51282054,292.68,0.019104242,1537.1008
0.15,0.23,1.0256411,293.18442,0.037837878,1507.1736
0.15,0.23,1.5384616,293.6719,0.056205444,1477.628
0.15,0.23,2.0512822,294.14273,0.07421184,1448.471
0.15,0.23,2.5641026,294.59714,0.09186172,1419.7065
0.15,0.23,3.0769231,295.0353,0.10916007,1391.3398
0.15,0.23,3.5897436,295.4574,0.12611176,1363.3746
0.15,0.23,4.1025643,295.8637,0.14272168,1335.8143
0.15,0.23,4.6153846,296.25436,0.15899506,1308.6617
0.15,0.23,5.1282053,296.62958,0.17493662,1281.9185
0.15,0.23,5.6410255,296.9897,0.19055161,1255.5874
0.15,0.23,6.1538463,297.33478,0.20584506,1229.6685
0.15,0.23,6.6666665,297.665,0.22082208,1204.1627
0.15,0.23,7.179487,297.98065,0.23548776,1179.0704
0.15,0.23,7.6923075,298.282,0.24984707,1154.3917
0.15,0.23,8.205129,298.56915,0.26390526,1130.1254
0.15,0.23,8.717949,298.8423,0.27766725,1106.2708
0.15,0.23,9.230769,299.10168,0.2911381,1082.826
0.15,0.23,9.743589,299.34753,0.30432308,1059.7902
0.15,0.23,10.256411,299.58002,0.31722704,1037.1604
0.15,0.23,10.769231,299.7992,0.3298549,1014.9348
0.15,0.23,11.282051,300.0055,0.3422116,993.11066
0.15,0.23,11.794871,300.19897,0.3543023,971.68494
0.15,0.23,12.307693,300.37988,0.36613166,950.65436
0.15,0.23,12.820513,300.5484,0.37770462,930.01575
0.15,0.23,13.333333,300.70462,0.389026,909.7653
0.15,0.23,13.846154,300.84888,0.40010047,889.89954
0.15,0.23,14.358974,300.98123,0.41093272,870.41406
0.15,0.23,14.871795,301.10193,0.4215275,851.3051
0.15,0.23,15.384615,301.21118,0.43188947,832.5678
0.15,0.23,15.897436,301.30908,0.442023,814.19836
0.15,0.23,16.410257,301.39594,0.4519328,796.1919
0.15,0.23,16.923077,301.47183,0.461623,778.5438
0.15,0.23,17.435898,301.5369,0.47109836,761.2492
0.15,0.23,17.948717,301.5914,0.48036292,744.30334
0.15,0.23,18.461538,301.63553,0.4894211,727.7014
0.15,0.23,18.97436,301.66928,0.498277,711.43823
0.15,0.23,19.487179,301.6931,0.50693476,695.50903
0.15,0.23,20.0,301.7069,0.51539856,679.9085
0.15,0.25,0.0,291.97928,0.0,1567.0599
0.15,0.25,0.51282054,292.49973,0.01910007,1536.7603
0.15,0.25,1.0256411,293.00333,0.03782948,1506.838
0.15,0.25,1.5384616,293.49023,0.05619303,1477.2988
0.15,0.25,2.0512822,293.96072,0.07419536,1448.1492
0.15,0.25,2.5641026,294.41495,0.09184138,1419.3938
0.15,0.25,3.0769231,294.85312,0.109135926,1391.0369
0.15,0.25,3.5897436,295.27545,0.12608397,1363.0823
0.15,0.25,4.1025643,295.68216,0.14269033,1335.5331
0.15,0.25,4.6153846,296.07346,0.15896031,1308.3918
0.15,0.25,5.1282053,296.44943,0.17489865,1281.6614
0.15,0.25,5.6410255,296.81042,0.19051056,1255.3418
0.15,0.25,6.1538463,297.1566,0.20580104,1229.4358
0.15,0.25,6.6666665,297.48813,0.2207753,1203.9425
0.15,0.25,7.179487,297.80518,0.23543826,1178.8634
0.15,0.25,7.6923075,298.10806,0.24979512,1154.1968
0.15,0.25,8.205129,298.39688,0.26385102,1129.9431
0.15,0.25,8.717949,298.67188,0.2776108,1106.1008
0.15,0.25,9.230769,298.93317,0.29107976,1082.6686
0.15,0.25,9.743589,299.18103,0.3042628,1059.6447
0.15,0.25,10.256411,299.41565,0.317165,1037.0267
0.15,0.25,10.769231,299.6372,0.32979128,1014.8127
0.15,0.25,11.282051,299.8459,0.34214664,992.9996
0.15,0.25,11.794871,300.04187,0.35423595,971.58466
0.15,0.25,12.307693,300.22534,0.36606422,950.5647
0.15,0.25,12.820513,300.39645,0.3776361,929.9363
0.15,0.25,13.333333,300.5555,0.38895652,909.6956
0.15,0.25,13.846154,300.70258,0.40003023,889.8392
0.15,0.25,14.358974,300.8379,0.4108618,870.36285
0.15,0.25,14.871795,300.9616,0.42145604,851.2626
0.15,0.25,15.384615,301.07394,0.43181744,832.5337
0.15,0.25,15.897436,301.17502,0.44195062,814.1722
0.15,0.25,16.410257,301.26505,0.4518601,796.1733
0.15,0.25,16.923077,301.34415,0.46155024,778.53235
0.15,0.25,17.435898,301.4126,0.47102547,761.24475
0.15,0.25,17.948717,301.47046,0.48029,744.30566
0.15,0.25,18.461538,301.518,0.48934823,727.70984
0.15,0.25,18.97436,301.55536,0.49820426,711.4526
0.15,0.25,19.487179,301.58267,0.5068622,695.52893
0.15,0.25,20.0,301.60007,0.51532626,679.9337
0.15,0.27,0.0,291.7372,0.0,1566.5859
0.15,0.27,0.51282054,292.2568,0.01909428,1536.296
0.15,0.27,1.0256411,292.75977,0.03781811,1506.3848
0.15,0.27,1.5384616,293.24628,0.05617608,1476.8586
0.15,0.27,2.0512822,293.71658,0.07417309,1447.7229
0.15,0.27,2.5641026,294.17078,0.091814,1418.9824
0.15,0.27,3.0769231,294.6092,0.109103486,1390.6409
0.15,0.27,3.5897436,295.03198,0.12604678,1362.7023
0.15,0.27,4.1025643,295.43927,0.14264867,1335.1696
0.15,0.27,4.6153846,295.83136,0.15891416,1308.0455
0.15,0.27,5.1282053,296.20834,0.17484838,1281.3319
0.15,0.27,5.6410255,296.5705,0.19045632,1255.03
0.15,0.27,6.1538463,296.918,0.20574309,1229.1407
0.15,0.27,6.6666665,297.25098,0.22071381,1203.6649
0.15,0.27,7.179487,297.5697,0.23537353,1178.6027
0.15,0.27,7.6923075,297.87436,0.24972722,1153.9531
0.15,0.27,8.205129,298.1651,0.26378018,1129.7161
0.15,0.27,8.717949,298.44214,0.27753735,1105.8901
0.15,0.27,9.230769,298.7057,0.29100376,1082.474
0.15,0.27,9.743589,298.9559,0.30418447,1059.4655
0.15,0.27,10.256411,299.1929,0.31708455,1036.8627
0.15,0.27,10.769231,299.41705,0.32970896,1014.6633
0.15,0.27,11.282051,299.62836,0.34206253,992.8647
0.15,0.27,11.794871,299.82715,0.3541503,971.4636
0.15,0.27,12.307693,300.0135,0.3659771,950.45703
0.15,0.27,12.820513,300.18762,0.37754774,929.8413
0.15,0.27,13.333333,300.34973,0.38886717,909.61316
0.15,0.27,13.846154,300.49997,0.39993984,889.7686
0.15,0.27,14.358974,300.63852,0.41077068,870.3037
0.15,0.27,14.871795,300.76556,0.42136422,851.2141
0.15,0.27,15.384615,300.8813,0.43172514,832.4956
0.15,0.27,15.897436,300.98587,0.441858,814.14404
0.15,0.27,16.410257,301.07944,0.45176706,796.1546
0.15,0.27,16.923077,301.16217,0.46145713,778.5227
0.15,0.27,17.435898,301.23434,0.47093222,761.2436
0.15,0.27,17.948717,301.2959,0.48019677,744.31244
0.15,0.27,18.461538,301.34723,0.48925513,727.72437
0.15,0.27,18.97436,301.3884,0.49811137,711.4743
0.15,0.27,19.487179,301.41962,0.50676966,695.55756
0.15,0.27,20.0,301.44095,0.5152342,679.9687
0.15,0.29,0.0,291.43405,0.0,1565.9835
0.15,0.29,0.51282054,291.95285,0.01908698,1535.7101
0.15,0.29,1.0256411,292.45523,0.037803613,1505.8168
0.15,0.29,1.5384616,292.9415,0.056154802,1476.3096
0.15,0.29,2.0512822,293.41174,0.07414514,1447.1936
0.15,0.29,2.5641026,293.86612,0.09177963,1418.4731
0.15,0.29,3.0769231,294.30493,0.10906307,1390.153
0.15,0.29,3.5897436,294.72827,0.1260004,1362.2361
0.15,0.29,4.1025643,295.1364,0.14259666,1334.7253
0.15,0.29,4.6153846,295.52945,0.1588569,1307.6233
0.15,0.29,5.1282053,295.90765,0.174786,1280.9315
0.15,0.29,5.6410255,296.27115,0.19038925,1254.6515
0.15,0.29,6.1538463,296.62018,0.20567149,1228.7845
0.15,0.29,6.6666665,296.9549,0.22063792,1203.3304
0.15,0.29,7.179487,297.27548,0.23529363,1178.2894
0.15,0.29,7.6923075,297.58212,0.24964362,1153.661
0.15,0.29,8.205129,297.87506,0.2636931,1129.4446
0.15,0.29,8.717949,298.1544,0.277447,1105.6387
0.15,0.29,9.230769,298.42044,0.29091057,1082.2422
0.15,0.29,9.743589,298.6732,0.30408853,1059.2529
0.15,0.29,10.256411,298.91296,0.31698602,1036.6688
0.15,0.29,10.769231,299.1399,0.32960814,1014.4873
0.15,0.29,11.282051,299.3542,0.34195974,992.70593
0.15,0.29,11.794871,299.55597,0.35404563,971.32166
0.15,0.29,12.307693,299.74554,0.36587083,950.3312
0.15,0.29,12.820513,299.9229,0.37744,929.73114
0.15,0.29,13.333333,300.0884,0.38875806,909.51776
0.15,0.29,13.846154,300.24213,0.39982975,889.68744
0.15,0.29,14.358974,300.3842,0.41065958,870.2362
0.15,0.29,14.871795,300.5149,0.4212525,851.15967
0.15,0.29,15.384615,300.63437,0.4316128,832.4537
0.15,0.29,15.897436,300.74274,0.44174507,814.1139
0.15,0.29,16.410257,300.84015,0.451654,796.1356
0.15,0.29,16.923077,300.92685,0.4613438,778.51434
0.15,0.29,17.435898,301.00293,0.47081882,761.24536
0.15,0.29,17.948717,301.06863,0.48008347,744.32385
0.15,0.29,18.461538,301.12408,0.48914212,727.7447
0.15,0.29,18.97436,301.16943,0.49799865,711.50323
0.15,0.29,19.487179,301.20483,0.50665736,695.59436
0.15,0.29,20.0,301.23053,0.51512223,680.0131
0.15,0.31,0.0,291.07117,0.0,1565.2565
0.15,0.31,0.51282054,291.5893,0.019078165,1535.0056
0.15,0.31,1.0256411,292.09134,0.037786245,1505.1357
0.15,0.31,1.5384616,292.5774,0.056129195,1475.6532
0.15,0.31,2.0512822,293.04767,0.074111655,1446.5626
0.15,0.31,2.5641026,293.50244,0.09173853,1417.8685
0.15,0.31,3.0769231,293.94177,0.10901467,1389.5747
0.15,0.31,3.5897436,294.36584,0.12594512,1361.6844
0.15,0.31,4.1025643,294.77493,0.14253476,1334.201
0.15,0.31,4.6153846,295.16916,0.15878868,1307.1259
0.15,0.31,5.1282053,295.54874,0.17471184,1280.4612
0.15,0.31,5.6410255,295.91376,0.1903094,1254.2079
0.15,0.31,6.1538463,296.26453,0.20558637,1228.3672
0.15,0.31,6.6666665,296.6011,0.2205478,1202.9391
0.15,0.31,7.179487,296.92377,0.23519887,1177.9238
0.15,0.31,7.6923075,297.23267,0.24954458,1153.3206
0.15,0.31,8.205129,297.52792,0.26359004,1129.1285
0.15,0.31,8.717949,297.80988,0.27734017,1105.3468
0.15,0.31,9.230769,298.07855,0.29080015,1081.9734
0.15,0.31,9.743589,298.3341,0.30397502,1059.0068
0.15,0.31,10.256411,298.57687,0.31686974,1036.4446
0.15,0.31,10.769231,298.80692,0.3294892,1014.2843
0.15,0.31,11.282051,299.02438,0.34183833,992.5234
0.15,0.31,11.794871,299.22955,0.35392213,971.1586
0.15,0.31,12.307693,299.42252,0.36574534,950.18713
0.15,0.31,12.820513,299.60352,0.37731296,929.6052
0.15,0.31,13.333333,299.77255,0.38862962,909.4094
0.15,0.31,13.846154,299.93005,0.39970005,889.5956
0.15,0.31,14.358974,300.07602,0.41052884,870.1601
0.15,0.31,14.871795,300.2106,0.42112082,851.09875
0.15,0.31,15.384615,300.334,0.43148053,832.4073
0.15,0.31,15.897436,300.44656,0.4416124,814.0812
0.15,0.31,16.410257,300.54813,0.4515209,796.1159
0.15,0.31,16.923077,300.63907,0.4612105,778.507
0.15,0.31,17.435898,300.7195,0.47068563,761.24963
0.15,0.31,17.948717,300.78958,0.47995037,744.33923
0.15,0.31,18.461538,300.84952,0.48900923,727.77045
0.15,0.31,18.97436,300.89932,0.49786615,711.5389
0.15,0.31,19.487179,300.93933,0.5065254,695.6393
0.15,0.31,20.0,300.96957,0.5149909,680.0667
0.15,0.33,0.0,290.65012,0.0,1564.4071
0.15,0.33,0.51282054,291.16766,0.019067891,1534.1842
0.15,0.33,1.0256411,291.66937,0.037766114,1504.3442
0.15,0.33,1.5384616,292.1554,0.056099467,1474.8916
0.15,0.33,2.0512822,292.62592,0.07407275,1445.8322
0.15,0.33,2.5641026,293.0811,0.09169076,1417.1693
0.15,0.33,3.0769231,293.52106,0.1089585,1388.9077
0.15,0.33,3.5897436,293.94608,0.12588099,1361.0494
0.15,0.33,4.1025643,294.35626,0.142463,1333.5978
0.15,0.33,4.6153846,294.7518,0.15870968,1306.5547
0.15,0.33,5.1282053,295.13284,0.174626,1279.9216
0.15,0.33,5.6410255,295.4996,0.19021714,1253.6997
0.15,0.33,6.1538463,295.85223,0.20548795,1227.8898
0.15,0.33,6.6666665,296.19092,0.22044376,1202.4922
0.15,0.33,7.179487,296.51584,0.23508951,1177.5066
0.15,0.33,7.6923075,296.8272,0.24943021,1152.9324
0.15,0.33,8.205129,297.12506,0.26347107,1128.7688
0.15,0.33,8.717949,297.40976,0.27721706,1105.0145
0.15,0.33,9.230769,297.68127,0.29067308,1081.668
0.15,0.33,9.743589,297.93997,0.3038443,1058.7273
0.15,0.33,10.256411,298.18588,0.31673574,1036.1902
0.15,0.33,10.769231,298.41925,0.3293522,1014.05414
0.15,0.33,11.282051,298.64017,0.34169868,992.31665
0.15,0.33,11.794871,298.84894,0.35378006,970.9744
0.15,0.33,12.307693,299.0455,0.36560112,950.0247
0.15,0.33,12.820513,299.23032,0.37716693,929.46344
0.15,0.33,13.333333,299.40332,0.38848191,909.28735
0.15,0.33,13.846154,299.5648,0.3995509,889.49274
0.15,0.33,14.358974,299.71487,0.4103787,870.0754
0.15,0.33,14.871795,299.85373,0.42096972,851.0313
0.15,0.33,15.384615,299.9815,0.43132865,832.35614
0.15,0.33,15.897436,300.09827,0.44145995,814.0457
0.15,0.33,16.410257,300.20438,0.4513681,796.09534
0.15,0.33,16.923077,300.2999,0.46105763,778.5004
0.15,0.33,17.435898,300.3849,0.47053272,761.2564
0.15,0.33,17.948717,300.45966,0.47979766,744.3583
0.15,0.33,18.461538,300.52432,0.48885673,727.8015
0.15,0.33,18.97436,300.57898,0.49771416,711.58093
0.15,0.33,19.487179,300.6238,0.50637394,695.69183
0.15,0.33,20.0,300.65903,0.5148401,680.129
0.15,0.35,0.0,290.17236,0.0,1563.4377
0.15,0.35,0.51282054,290.68945,0.019056156,1533.2491
0.15,0.35,1.0256411,291.19095,0.037743114,1503.4437
0.15,0.35,1.5384616,291.67694,0.05606562,1474.0272
0.15,0.35,2.0512822,292.14774,0.07402842,1445.0039
0.15,0.35,2.5641026,292.60352,0.091636516,1416.3784
0.15,0.35,3.0769231,293.04422,0.108894765,1388.1531
0.15,0.35,3.5897436,293.47025,0.12580812,1360.3322
0.15,0.35,4.1025643,293.88162,0.14238158,1332.917
0.15,0.35,4.6153846,294.27866,0.15862006,1305.9106
0.15,0.35,5.1282053,294.66135,0.17452872,1279.3137
0.15,0.35,5.6410255,295.03,0.19011256,1253.1273
0.15,0.35,6.1538463,295.3847,0.2053766,1227.3528
0.15,0.35,6.6666665,295.72565,0.22032599,1201.9895
0.15,0.35,7.179487,296.053,0.23496574,1177.0375
0.15,0.35,7.6923075,296.36694,0.24930087,1152.4965
0.15,0.35,8.205129,296.66757,0.2633366,1128.3647
0.15,0.35,8.717949,296.9552,0.2770777,1104.642
0.15,0.35,9.230769,297.2299,0.29052943,1081.3257
0.15,0.35,9.743589,297.49173,0.3036966,1058.4143
0.15,0.35,10.256411,297.7411,0.31658435,1035.9055
0.15,0.35,10.769231,297.97794,0.3291975,1013.7969
0.15,0.35,11.282051,298.20258,0.34154096,992.08575
0.15,0.35,11.794871,298.4151,0.35361964,970.7689
0.15,0.35,12.307693,298.6157,0.3654384,949.8434
0.15,0.35,12.820513,298.80447,0.37700206,929.3055
0.15,0.35,13.333333,298.98163,0.38831523,909.15173
0.15,0.35,13.846154,299.14737,0.39938274,889.3783
0.15,0.35,14.358974,299.30185,0.41020912,869.98145
0.15,0.35,14.871795,299.4451,0.42079917,850.9566
0.15,0.35,15.384615,299.57748,0.4311573,832.30005
0.15,0.35,15.897436,299.69894,0.44128805,814.007
0.15,0.35,16.410257,299.80978,0.4511958,796.0733
0.15,0.35,16.923077,299.9101,0.46088517,778.4941
0.15,0.35,17.435898,300.00006,0.4703602,761.2649
0.15,0.35,17.948717,300.07977,0.47962534,744.38086
0.15,0.35,18.461538,300.14948,0.48868495,727.8373
0.15,0.35,18.97436,300.20926,0.49754283,711.62915
0.15,0.35,19.487179,300.25928,0.50620323,695.7517
0.15,0.35,20.0,300.29968,0.51467025,680.1999
0.15,0.37,0.0,289.63947,0.0,1562.3518
0.15,0.37,0.51282054,290.1561,0.019043013,1532.2024
0.15,0.37,1.0256411,290.65738,0.037717298,1502.4379
0.15,0.37,1.5384616,291.14355,0.056027703,1473.062
0.15,0.37,2.0512822,291.61472,0.07397892,1444.0802
0.15,0.37,2.5641026,292.07104,0.09157586,1415.4962
0.15,0.37,3.0769231,292.51266,0.10882352,1387.313
0.15,0.37,3.5897436,292.9398,0.12572682,1359.5338
0.15,0.37,4.1025643,293.3525,0.14229068,1332.16
0.15,0.37,4.6153846,293.75104,0.15852013,1305.1945
0.15,0.37,5.1282053,294.13562,0.1744202,1278.6383
0.15,0.37,5.6410255,294.50623,0.18999594,1252.492
0.15,0.37,6.1538463,294.86313,0.20525242,1226.7566
0.15,0.37,6.6666665,295.20645,0.22019473,1201.4319
0.15,0.37,7.179487,295.53638,0.2348279,1176.5175
0.15,0.37,7.6923075,295.85306,0.2491568,1152.0131
0.15,0.37,8.205129,296.15668,0.26318678,1127.9174
0.15,0.37,8.717949,296.4474,0.27692264,1104.2291
0.15,0.37,9.230769,296.7253,0.29036948,1080.9465
0.15,0.37,9.743589,296.9907,0.3035322,1058.0677
0.15,0.37,10.256411,297.2436,0.3164159,1035.5905
0.15,0.37,10.769231,297.48416,0.32902533,1013.5123
0.15,0.37,11.282051,297.71274,0.34136546,991.8304
0.15,0.37,11.794871,297.92923,0.3534412,970.5417
0.15,0.37,12.307693,298.13397,0.36525732,949.643
0.15,0.37,12.820513,298.32703,0.3768186,929.13116
0.15,0.37,13.333333,298.5086,0.38812983,909.00195
0.15,0.37,13.846154,298.67886,0.3991956,889.25214
0.15,0.37,14.358974,298.83792,0.41002065,869.87787
0.15,0.37,14.871795,298.9859,0.42060947,850.8747
0.15,0.37,15.384615,299.12305,0.4309667,832.23834
0.15,0.37,15.897436,299.24945,0.44109684,813.9647
0.15,0.37,16.410257,299.3653,0.45100436,796.0493
0.15,0.37,16.923077,299.47067,0.46069333,778.48755
0.15,0.37,17.435898,299.56583,0.47016853,761.2747
0.15,0.37,17.948717,299.6508,0.47943383,744.4063
0.15,0.37,18.461538,299.72577,0.48849374,727.8774
0.15,0.37,18.97436,299.791,0.4973522,711.68304
0.15,0.37,19.487179,299.84647,0.50601333,695.8185
0.15,0.37,20.0,299.89243,0.51448137,680.27875
0.15,0.39,0.0,289.05286,0.0,1561.1511
0.15,0.39,0.51282054,289.5691,0.019028515,1531.0465
0.15,0.39,1.0256411,290.07025,0.037688874,1501.3273
0.15,0.39,1.5384616,290.5566,0.055985875,1471.9978
0.15,0.39,2.0512822,291.02817,0.07392432,1443.0625
0.15,0.39,2.5641026,291.48517,0.09150905,1414.525
0.15,0.39,3.0769231,291.92776,0.10874498,1386.3884
0.15,0.39,3.5897436,292.35605,0.12563716,1358.6552
0.15,0.39,4.1025643,292.7702,0.14219049,1331.3275
0.15,0.39,4.6153846,293.17044,0.15841004,1304.4073
0.15,0.39,5.1282053,293.55682,0.17430066,1277.896
0.15,0.39,5.6410255,293.92953,0.18986756,1251.7942
0.15,0.39,6.1538463,294.28876,0.20511574,1226.1019
0.15,0.39,6.6666665,294.63464,0.22005025,1200.8193
0.15,0.39,7.179487,294.96725,0.23467603,1175.9468
0.15,0.39,7.6923075,295.2869,0.24899825,1151.4827
0.15,0.39,8.205129,295.5936,0.26302198,1127.4263
0.15,0.39,8.717949,295.88757,0.276752,1103.7761
0.15,0.39,9.230769,296.1689,0.29019344,1080.5306
0.15,0.39,9.743589,296.4379,0.30335128,1057.6876
0.15,0.39,10.256411,296.69458,0.31623042,1035.2449
0.15,0.39,10.769231,296.9391,0.3288359,1013.2002
0.15,0.39,11.282051,297.17166,0.34117243,991.5502
0.15,0.39,11.794871,297.39243,0.35324484,970.29254
0.15,0.39,12.307693,297.60147,0.36505812,949.42346
0.15,0.39,12.820513,297.799,0.3766169,928.93964
0.15,0.39,13.333333,297.98523,0.38792595,908.8377
0.15,0.39,13.846154,298.16016,0.39898986,889.114
0.15,0.39,14.358974,298.32404,0.40981328,869.76434
0.15,0.39,14.871795,298.47702,0.42040092,850.7846
0.15,0.39,15.384615,298.61923,0.43075722,832.17065
0.15,0.39,15.897436,298.75073,0.44088668,813.9184
0.15,0.39,16.410257,298.8718,0.4507936,796.0232
0.15,0.39,16.923077,298.98257,0.46048242,778.48047
0.15,0.39,17.435898,299.0831,0.46995765,761.2856
0.15,0.39,17.948717,299.17358,0.4792232,744.4342
0.15,0.39,18.461538,299.25418,0.48828357,727.9212
0.15,0.39,18.97436,299.32504,0.49714267,711.74207
0.15,0.39,19.487179,299.38626,0.50580466,695.8917
0.15,0.39,20.0,299.438,0.51427364,680.3653
0.17,0.01,0.0,289.6614,0.0,1562.0352
0.17,0.01,0.51282054,290.20337,0.019040719,1532.1461
0.17,0.01,1.0256411,290.72653,0.037715785,1502.6053
0.17,0.01,1.5384616,291.23117,0.056029476,1473.4218
0.17,0.01,2.0512822,291.71765,0.07398612,1444.6028
0.17,0.01,2.5641026,292.18622,0.09159041,1416.155
0.17,0.01,3.0769231,292.6371,0.108846836,1388.0839
0.17,0.01,3.5897436,293.0705,0.1257602,1360.395
0.17,0.01,4.1025643,293.48676,0.14233506,1333.093
0.17,0.01,4.6153846,293.88614,0.15857637,1306.1816
0.17,0.01,5.1282053,294.26883,0.17448887,1279.6646
0.17,0.01,5.6410255,294.6352,0.19007747,1253.5438
0.17,0.01,6.1538463,294.9854,0.20534697,1227.8217
0.17,0.01,6.6666665,295.31976,0.22030242,1202.5
0.17,0.01,7.179487,295.63846,0.23494864,1177.5793
0.17,0.01,7.6923075,295.94177,0.24929059,1153.0608
0.17,0.01,8.205129,296.22998,0.26333338,1128.9438
0.17,0.01,8.717949,296.5033,0.27708167,1105.2286
0.17,0.01,9.230769,296.7619,0.29054058,1081.9142
0.17,0.01,9.743589,297.0061,0.30371496,1058.999
0.17,0.01,10.256411,297.2361,0.31660986,1036.4822
0.17,0.01,10.769231,297.4522,0.32923004,1014.3616
0.17,0.01,11.282051,297.65457,0.3415804,992.6349
0.17,0.01,11.794871,297.84348,0.35366577,971.2996
0.17,0.01,12.307693,298.01907,0.36549088,950.3533
0.17,0.01,12.820513,298.18158,0.37706065,929.7924
0.17,0.01,13.333333,298.33127,0.3883797,909.6141
0.17,0.01,13.846154,298.46838,0.39945278,889.81476
0.17,0.01,14.358974,298.59305,0.4102844,870.3908
0.17,0.01,14.871795,298.70557,0.42087924,851.3383
0.17,0.01,15.384615,298.8061,0.43124187,832.6533
0.17,0.01,15.897436,298.89487,0.4413768,814.33154
0.17,0.01,16.410257,298.97202,0.4512885,796.3687
0.17,0.01,16.923077,299.03778,0.46098122,778.7605
0.17,0.01,17.435898,299.09238,0.4704594,761.50226
0.17,0.01,17.948717,299.1361,0.4797272,744.58954
0.17,0.01,18.461538,299.169,0.48878914,728.0173
0.17,0.01,18.97436,299.19125,0.49764907,711.78094
0.17,0.01,19.487179,299.20322,0.50631124,695.8757
0.17,0.01,20.0,299.20493,0.5147796,680.2966
0.17,0.03,0.0,290.276,0.0,1563.2767
0.17,0.03,0.51282054,290.81448,0.01905553,1533.3081
0.17,0.03,1.0256411,291.33435,0.037744418,1503.692
0.17,0.03,1.5384616,291.83585,0.05607094,1474.4363
0.17,0.03,2.0512822,292.3192,0.074039735,1445.5481
0.17,0.03,2.5641026,292.78476,0.09165524,1417.0347
0.17,0.03,3.0769231,293.2327,0.108922094,1388.9012
0.17,0.03,3.5897436,293.66333,0.1258452,1361.1531
0.17,0.03,4.1025643,294.0769,0.1424291,1333.795
0.17,0.03,4.6153846,294.47363,0.15867868,1306.8298
0.17,0.03,5.1282053,294.85385,0.17459877,1280.2616
0.17,0.03,5.6410255,295.21774,0.19019446,1254.0928
0.17,0.03,6.1538463,295.56555,0.20547038,1228.3247
0.17,0.03,6.6666665,295.8976,0.22043176,1202.9592
0.17,0.03,7.179487,296.21414,0.23508334,1177.9976
0.17,0.03,7.6923075,296.5153,0.24943025,1153.44
0.17,0.03,8.205129,296.80142,0.26347744,1129.2859
0.17,0.03,8.717949,297.07266,0.2772298,1105.5358
0.17,0.03,9.230769,297.3294,0.2906922,1082.188
0.17,0.03,9.743589,297.57172,0.30386987,1059.2418
0.17,0.03,10.256411,297.79996,0.3167675,1036.6956
0.17,0.03,10.769231,298.01422,0.32939017,1014.5472
0.17,0.03,11.282051,298.21487,0.34174263,992.79443
0.17,0.03,11.794871,298.40213,0.3538298,971.4344
0.17,0.03,12.307693,298.5761,0.36565647,950.46484
0.17,0.03,12.820513,298.7371,0.37722743,929.8825
0.17,0.03,13.333333,298.88528,0.38854748,909.6839
0.17,0.03,13.846154,299.0209,0.3996212,889.86554
0.17,0.03,14.358974,299.14423,0.41045338,870.4238
0.17,0.03,14.871795,299.25534,0.42104858,851.3548
0.17,0.03,15.384615,299.3545,0.43141133,832.6543
0.17,0.03,15.897436,299.4419,0.44154617,814.3181
0.17,0.03,16.410257,299.51788,0.45145753,796.34186
0.17,0.03,16.923077,299.5825,0.46114987,778.7212
0.17,0.03,17.435898,299.63593,0.47062755,761.4514
0.17,0.03,17.948717,299.6784,0.47989473,744.528
0.17,0.03,18.461538,299.71024,0.48895574,727.94604
0.17,0.03,18.97436,299.7314,0.49781471,711.70056
0.17,0.03,19.487179,299.74228,0.5064758,695.78705
0.17,0.03,20.0,299.74298,0.5149431,680.2003
0.17,0.05,0.0,290.8094,0.0,1564.3591
0.17,0.05,0.51282054,291.34473,0.019068465,1534.3192
0.17,0.05,1.0256411,291.8616,0.037769295,1504.6357
0.17,0.05,1.5384616,292.3602,0.05610708,1475.316
0.17,0.05,2.0512822,292.8408,0.07408631,1446.367
0.17,0.05,2.5641026,293.30362,0.09171151,1417.7954
0.17,0.05,3.0769231,293.74905,0.10898744,1389.6073
0.17,0.05,3.5897436,294.1772,0.12591884,1361.8066
0.17,0.05,4.1025643,294.58838,0.1425105,1334.3986
0.17,0.05,4.6153846,294.98285,0.1587672,1307.3867
0.17,0.05,5.1282053,295.3609,0.1746939,1280.7738
0.17,0.05,5.6410255,295.72272,0.19029558,1254.5625
0.17,0.05,6.1538463,296.0686,0.20557703,1228.7544
0.17,0.05,6.6666665,296.39874,0.22054347,1203.351
0.17,0.05,7.179487,296.7134,0.23519975,1178.3534
0.17,0.05,7.6923075,297.01282,0.24955073,1153.762
0.17,0.05,8.205129,297.29733,0.26360172,1129.5759
0.17,0.05,8.717949,297.56696,0.2773574,1105.7954
0.17,0.05,9.230769,297.8222,0.29082295,1082.4193
0.17,0.05,9.743589,298.06302,0.30400318,1059.4464
0.17,0.05,10.256411,298.28983,0.31690326,1036.8746
0.17,0.05,10.769231,298.50284,0.32952794,1014.7021
0.17,0.05,11.282051,298.70224,0.3418821,992.92694
0.17,0.05,11.794871,298.88824,0.35397083,971.54626
0.17,0.05,12.307693,299.06107,0.36579874,950.5568
0.17,0.05,12.820513,299.22092,0.3773708,929.95593
0.17,0.05,13.333333,299.36807,0.38869157,909.7401
0.17,0.05,13.846154,299.50272,0.39976597,889.9055
0.17,0.05,14.358974,299.62503,0.41059852,870.44867
0.17,0.05,14.871795,299.73526,0.42119387,851.3655
0.17,0.05,15.384615,299.83353,0.43155667,832.6518
0.17,0.05,15.897436,299.92017,0.44169146,814.3034
0.17,0.05,16.410257,299.99533,0.45160258,796.31586
0.17,0.05,16.923077,300.05914,0.4612945,778.68475
0.17,0.05,17.435898,300.11188,0.47077164,761.40533
0.17,0.05,17.948717,300.15375,0.48003826,744.47296
0.17,0.05,18.461538,300.1848,0.48909852,727.8826
0.17,0.05,18.97436,300.20547,0.4979567,711.62976
0.17,0.05,19.487179,300.21576,0.50661683,695.70935
0.17,0.05,20.0,300.21585,0.5150832,680.11633
0.17,0.07,0.0,291.26352,0.0,1565.2849
0.17,0.07,0.51282054,291.79602,0.019079417,1535.1826
0.17,0.07,1.0256411,292.3101,0.037790574,1505.4395
0.17,0.07,1.5384616,292.80612,0.056137957,1476.0632
0.17,0.07,2.0512822,293.28424,0.074125946,1447.0613
0.17,0.07,2.5641026,293.74472,0.09175944,1418.4388
0.17,0.07,3.0769231,294.18793,0.109042935,1390.2029
0.17,0.07,3.5897436,294.61392,0.12598142,1362.3568
0.17,0.07,4.1025643,295.02316,0.14257956,1334.9061
0.17,0.07,4.6153846,295.41574,0.15884224,1307.8534
0.17,0.07,5.1282053,295.79193,0.17477447,1281.2023
0.17,0.07,5.6410255,296.15204,0.19038121,1254.9546
0.17,0.07,6.1538463,296.4963,0.20566736,1229.1124
0.17,0.07,6.6666665,296.82492,0.22063798,1203.6766
0.17,0.07,7.179487,297.13806,0.23529801,1178.6486
0.17,0.07,7.6923075,297.43622,0.24965248,1154.0281
0.17,0.07,8.205129,297.71942,0.26370654,1129.8151
0.17,0.07,8.717949,297.98785,0.277465,1106.0089
0.17,0.07,9.230769,298.2419,0.29093304,1082.6086
0.17,0.07,9.743589,298.48175,0.3041155,1059.613
0.17,0.07,10.256411,298.70758,0.3170175,1037.0199
0.17,0.07,10.769231,298.91962,0.32964385,1014.82776
0.17,0.07,11.282051,299.1182,0.34199944,993.0338
0.17,0.07,11.794871,299.30338,0.35408926,971.6353
0.17,0.07,12.307693,299.47552,0.36591822,950.6295
0.17,0.07,12.820513,299.63474,0.37749106,930.0131
0.17,0.07,13.333333,299.7813,0.38881245,909.78284
0.17,0.07,13.846154,299.91537,0.39988726,889.9348
0.17,0.07,14.358974,300.0372,0.41072014,870.4655
0.17,0.07,14.871795,300.1469,0.42131567,851.37067
0.17,0.07,15.384615,300.2448,0.43167847,832.6462
0.17,0.07,15.897436,300.3311,0.44181305,814.2878
0.17,0.07,16.410257,300.40588,0.451724,796.29095
0.17,0.07,16.923077,300.4694,0.4614155,778.65125
0.17,0.07,17.435898,300.5219,0.47089216,761.3639
0.17,0.07,17.948717,300.5635,0.48015815,744.4243
0.17,0.07,18.461538,300.59442,0.48921785,727.8274
0.17,0.07,18.97436,300.61484,0.49807534,711.5683
0.17,0.07,19.487179,300.625,0.5067347,695.6424
0.17,0.07,20.0,300.62503,0.51520014,680.04425
0.17,0.09,0.0,291.6402,0.0,1566.0573
0.17,0.09,0.51282054,292.17007,0.019088596,1535.9004
0.17,0.09,1.0256411,292.68176,0.037808254,1506.106
0.17,0.09,1.5384616,293.1754,0.056163512,1476.681
0.17,0.09,2.0512822,293.65137,0.074158855,1447.6328
0.17,0.09,2.5641026,294.1098,0.09179908,1418.9677
0.17,0.09,3.0769231,294.55103,0.10908888,1390.6904
0.17,0.09,3.5897436,294.97528,0.12603311,1362.806
0.17,0.09,4.1025643,295.38284,0.14263657,1335.3192
0.17,0.09,4.6153846,295.7738,0.15890415,1308.2324
0.17,0.09,5.1282053,296.1486,0.17484081,1281.549
0.17,0.09,5.6410255,296.50735,0.19045162,1255.2708
0.17,0.09,6.1538463,296.8503,0.20574147,1229.3999
0.17,0.09,6.6666665,297.1778,0.22071543,1203.9375
0.17,0.09,7.179487,297.48993,0.23537849,1178.8838
0.17,0.09,7.6923075,297.78705,0.24973577,1154.2396
0.17,0.09,8.205129,298.0693,0.26379228,1130.004
0.17,0.09,8.717949,298.33698,0.27755296,1106.1771
0.17,0.09,9.230769,298.5904,0.2910229,1082.7571
0.17,0.09,9.743589,298.82956,0.3042071,1059.743
0.17,0.09,10.256411,299.05484,0.31711054,1037.1326
0.17,0.09,10.769231,299.2664,0.32973817,1014.924
0.17,0.09,11.282051,299.4645,0.34209493,993.1148
0.17,0.09,11.794871,299.64932,0.35418564,971.7022
0.17,0.09,12.307693,299.8211,0.36601534,950.6831
0.17,0.09,12.820513,299.9801,0.3775888,930.0542
0.17,0.09,13.333333,300.12646,0.38891062,909.81256
0.17,0.09,13.846154,300.26044,0.39998573,889.954
0.17,0.09,14.358974,300.38217,0.4108187,870.4746
0.17,0.09,14.871795,300.49185,0.42141432,851.3705
0.17,0.09,15.384615,300.5898,0.43177697,832.6375
0.17,0.09,15.897436,300.67612,0.44191152,814.2711
0.17,0.09,16.410257,300.751,0.45182213,796.267
0.17,0.09,16.923077,300.81473,0.4615134,778.6206
0.17,0.09,17.435898,300.8674,0.47098958,761.32715
0.17,0.09,17.948717,300.90918,0.4802552,744.3819
0.17,0.09,18.461538,300.94037,0.4893143,727.77985
0.17,0.09,18.97436,300.96112,0.49817118,711.5162
0.17,0.09,19.487179,300.97162,0.50682986,695.5859
0.17,0.09,20.0,300.97192,0.5152946,679.98395
0.17,0.11,0.0,291.94122,0.0,1566.6787
0.17,0.11,0.51282054,292.46878,0.01909595,1536.4755
0.17,0.11,1.0256411,292.97824,0.03782244,1506.637
0.17,0.11,1.5384616,293.4699,0.056183957,1477.1714
0.17,0.11,2.0512822,293.94397,0.07418514,1448.0848
0.17,0.11,2.5641026,294.40063,0.091830686,1419.3835
0.17,0.11,3.0769231,294.8403,0.10912534,1391.0725
0.17,0.11,3.5897436,295.26306,0.12607405,1363.1565
0.17,0.11,4.1025643,295.6692,0.14268163,1335.6396
0.17,0.11,4.6153846,296.05893,0.15895301,1308.5248
0.17,0.11,5.1282053,296.4326,0.17489317,1281.8148
0.17,0.11,5.6410255,296.7903,0.19050705,1255.5122
0.17,0.11,6.1538463,297.1324,0.20579973,1229.6185
0.17,0.11,6.6666665,297.4591,0.22077629,1204.1343
0.17,0.11,7.179487,297.77054,0.23544165,1179.0605
0.17,0.11,7.6923075,298.06705,0.24980097,1154.3973
0.17,0.11,8.205129,298.34885,0.2638593,1130.1444
0.17,0.11,8.717949,298.61612,0.27762157,1106.3007
0.17,0.11,9.230769,298.8691,0.29109296,1082.8655
0.17,0.11,9.743589,299.10803,0.30427837,1059.8367
0.17,0.11,10.256411,299.33313,0.31718293,1037.2129
0.17,0.11,10.769231,299.54462,0.3298115,1014.99176
0.17,0.11,11.282051,299.7427,0.34216893,993.171
0.17,0.11,11.794871,299.92752,0.35426039,971.7474
0.17,0.11,12.307693,300.09946,0.36609054,950.7183
0.17,0.11,12.820513,300.25858,0.37766433,930.08
0.17,0.11,13.333333,300.40518,0.3889864,909.8295
0.17,0.11,13.846154,300.5394,0.40006167,889.96277
0.17,0.11,14.358974,300.66147,0.41089475,870.4761
0.17,0.11,14.871795,300.7716,0.42149025,851.3652
0.17,0.11,15.384615,300.86996,0.43185297,832.62573
0.17,0.11,15.897436,300.9568,0.44198722,814.2536
0.17,0.11,16.410257,301.0322,0.45189756,796.24426
0.17,0.11,16.923077,301.0965,0.4615885,778.5929
0.17,0.11,17.435898,301.14975,0.4710644,761.29504
0.17,0.11,17.948717,301.1922,0.48032954,744.3457
0.17,0.11,18.461538,301.22412,0.48938817,727.7399
0.17,0.11,18.97436,301.2456,0.49824452,711.4729
0.17,0.11,19.487179,301.25684,0.5069027,695.53973
0.17,0.11,20.0,301.258,0.51536685,679.9352
0.17,0.13,0.0,292.16846,0.0,1567.1517
0.17,0.13,0.51282054,292.6939,0.019101582,1536.9099
0.17,0.13,1.0256411,293.20145,0.03783308,1507.0359
0.17,0.13,1.5384616,293.6913,0.056199394,1477.5367
0.17,0.13,2.0512822,294.1638,0.074204855,1448.4188
0.17,0.13,2.5641026,294.61905,0.09185431,1419.6885
0.17,0.13,3.0769231,295.0573,0.109152615,1391.3502
0.17,0.13,3.5897436,295.47888,0.12610456,1363.409
0.17,0.13,4.1025643,295.88397,0.14271511,1335.8687
0.17,0.13,4.6153846,296.27286,0.15898916,1308.7322
0.17,0.13,5.1282053,296.64563,0.17493172,1282.0021
0.17,0.13,5.6410255,297.0027,0.1905478,1255.6803
0.17,0.13,6.1538463,297.34427,0.20584244,1229.769
0.17,0.13,6.6666665,297.67047,0.22082072,1204.2686
0.17,0.13,7.179487,297.98154,0.2354877,1179.1798
0.17,0.13,7.6923075,298.2778,0.24984832,1154.5026
0.17,0.13,8.205129,298.55942,0.2639079,1130.2363
0.17,0.13,8.717949,298.82666,0.27767128,1106.3806
0.17,0.13,9.230769,299.07965,0.29114354,1082.934
0.17,0.13,9.743589,299.31876,0.3043297,1059.895
0.17,0.13,10.256411,299.54404,0.31723496,1037.2615
0.17,0.13,10.769231,299.7558,0.32986403,1015.0313
0.17,0.13,11.282051,299.9542,0.34222198,993.2023
0.17,0.13,11.794871,300.13953,0.3543137,971.77106
0.17,0.13,12.307693,300.31195,0.36614406,950.735
0.17,0.13,12.820513,300.47165,0.37771803,930.0903
0.17,0.13,13.333333,300.61884,0.38904023,909.83374
0.17,0.13,13.846154,300.75378,0.40011555,889.9618
0.17,0.13,14.358974,300.87662,0.41094851,870.47003
0.17,0.13,14.871795,300.98752,0.421544,851.35455
0.17,0.13,15.384615,301.0867,0.43190643,832.611
0.17,0.13,15.897436,301.17444,0.44204047,814.2351
0.17,0.13,16.410257,301.25085,0.45195064,796.2224
0.17,0.13,16.923077,301.31613,0.46164128,778.56805
0.17,0.13,17.435898,301.37045,0.4711169,761.26733
0.17,0.13,17.948717,301.414,0.4803816,744.31555
0.17,0.13,18.461538,301.44702,0.4894399,727.7075
0.17,0.13,18.97436,301.4696,0.4982959,711.4386
0.17,0.13,19.487179,301.48206,0.5069536,695.5038
0.17,0.13,20.0,301.48444,0.5154172,679.89777
0.17,0.15,0.0,292.32358,0.0,1567.48
0.17,0.15,0.51282054,292.84723,0.01910539,1537.2072
0.17,0.15,1.0256411,293.35303,0.037840433,1507.3047
0.17,0.15,1.5384616,293.8414,0.056209773,1477.779
0.17,0.15,2.0512822,294.31253,0.074218154,1448.637
0.17,0.15,2.5641026,294.7665,0.09187017,1419.8843
0.17,0.15,3.0769231,295.2038,0.10917071,1391.5258
0.17,0.15,3.5897436,295.62445,0.12612474,1363.5659
0.17,0.15,4.1025643,296.02875,0.14273712,1336.008
0.17,0.15,4.6153846,296.417,0.1590128,1308.8557
0.17,0.15,5.1282053,296.78934,0.17495675,1282.1113
0.17,0.15,5.6410255,297.14603,0.19057414,1255.7765
0.17,0.15,6.1538463,297.4873,0.20586988,1229.8529
0.17,0.15,6.6666665,297.8134,0.2208491,1204.3414
0.17,0.15,7.179487,298.12445,0.2355169,1179.2422
0.17,0.15,7.6923075,298.4208,0.24987826,1154.5554
0.17,0.15,8.205129,298.70273,0.2639385,1130.2806
0.17,0.15,8.717949,298.97018,0.27770224,1106.4171
0.17,0.15,9.230769,299.2236,0.29117495,1082.9633
0.17,0.15,9.743589,299.46313,0.30436152,1059.918
0.17,0.15,10.256411,299.689,0.31726694,1037.2786
0.17,0.15,10.769231,299.90143,0.3298962,1015.0431
0.17,0.15,11.282051,300.10062,0.34225422,993.2093
0.17,0.15,11.794871,300.28674,0.35434604,971.77374
0.17,0.15,12.307693,300.46,0.36617646,950.7338
0.17,0.15,12.820513,300.6207,0.37775037,930.0856
0.17,0.15,13.333333,300.76892,0.38907254,909.8258
0.17,0.15,13.846154,300.9049,0.40014762,889.9509
0.17,0.15,14.358974,301.0289,0.4109805,870.4566
0.17,0.15,14.871795,301.141,0.42157578,851.33887
0.17,0.15,15.384615,301.24146,0.43193802,832.59326
0.17,0.15,15.897436,301.33047,0.4420719,814.2158
0.17,0.15,16.410257,301.40823,0.45198178,796.2014
0.17,0.15,16.923077,301.47488,0.46167216,778.5458
0.17,0.15,17.435898,301.5307,0.47114745,761.2441
0.17,0.15,17.948717,301.57578,0.4804119,744.2912
0.17,0.15,18.461538,301.6103,0.48946986,727.68256
0.17,0.15,18.97436,301.63446,0.4983254,711.4131
0.17,0.15,19.487179,301.64847,0.50698286,695.4778
0.17,0.15,20.0,301.6526,0.5154463,679.8714
0.17,0.17,0.0,292.4084,0.0,1567.6655
0.17,0.17,0.51282054,292.93033,0.019107476,1537.3694
0.17,0.17,1.0256411,293.43472,0.03784445,1507.4454
0.17,0.17,1.5384616,293.9218,0.056215405,1477.9008
0.17,0.17,2.0512822,294.39172,0.07422514,1448.7417
0.17,0.17,2.5641026,294.84485,0.091878355,1419.9735
0.17,0.17,3.0769231,295.2813,0.109179944,1391.601
0.17,0.17,3.5897436,295.70142,0.12613475,1363.6287
0.17,0.17,4.1025643,296.1052,0.14274782,1336.0597
0.17,0.17,4.6153846,296.4931,0.1590241,1308.8973
0.17,0.17,5.1282053,296.86526,0.17496854,1282.1442
0.17,0.17,5.6410255,297.22186,0.19058624,1255.8013
0.17,0.17,6.1538463,297.56323,0.20588224,1229.8708
0.17,0.17,6.6666665,297.8895,0.22086172,1204.3529
0.17,0.17,7.179487,298.20093,0.23552957,1179.2487
0.17,0.17,7.6923075,298.4977,0.24989098,1154.5573
0.17,0.17,8.205129,298.78,0.26395118,1130.2784
0.17,0.17,8.717949,299.04816,0.2777149,1106.4113
0.17,0.17,9.230769,299.30234,0.29118755,1082.9545
0.17,0.17,9.743589,299.54272,0.30437398,1059.9065
0.17,0.17,10.256411,299.76944,0.31727925,1037.2649
0.17,0.17,10.769231,299.98288,0.32990837,1015.0276
0.17,0.17,11.282051,300.18317,0.34226614,993.1922
0.17,0.17,11.794871,300.37045,0.35435772,971.75543
0.17,0.17,12.307693,300.545,0.36618793,950.71436
0.17,0.17,12.820513,300.707,0.37776154,930.0655
0.17,0.17,13.333333,300.85663,0.3890835,909.80536
0.17,0.17,13.846154,300.99408,0.40015838,889.93
0.17,0.17,14.358974,301.11957,0.410991,870.4356
0.17,0.17,14.871795,301.23334,0.42158604,851.3178
0.17,0.17,15.384615,301.3354,0.431948,832.57263
0.17,0.17,15.897436,301.42612,0.44208163,814.19525
0.17,0.17,16.410257,301.50565,0.45199132,796.1813
0.17,0.17,16.923077,301.57413,0.4616814,778.52606
0.17,0.17,17.435898,301.63174,0.47115648,761.22473
0.17,0.17,17.948717,301.6787,0.4804206,744.27277
0.17,0.17,18.461538,301.71518,0.4894784,727.6648
0.17,0.17,18.97436,301.74136,0.4983338,711.3959
0.17,0.17,19.487179,301.75735,0.506991,695.4615
0.17,0.17,20.0,301.7635,0.5154542,679.85583
0.17,0.19,0.0,292.4245,0.0,1567.711
0.17,0.19,0.51282054,292.94495,0.019107997,1537.3986
0.17,0.19,1.0256411,293.44812,0.03784518,1507.4607
0.17,0.19,1.5384616,293.93414,0.056216292,1477.904
0.17,0.19,2.0512822,294.40323,0.07422598,1448.7346
0.17,0.19,2.5641026,294.8556,0.09187903,1419.9575
0.17,0.19,3.0769231,295.2915,0.10918036,1391.5774
0.17,0.19,3.5897436,295.71118,0.12613492,1363.5985
0.17,0.19,4.1025643,296.11484,0.14274755,1336.0247
0.17,0.19,4.6153846,296.50266,0.15902337,1308.858
0.17,0.19,5.1282053,296.8749,0.17496723,1282.1016
0.17,0.19,5.6410255,297.23172,0.19058445,1255.7563
0.17,0.19,6.1538463,297.5735,0.2058799,1229.8241
0.17,0.19,6.6666665,297.9002,0.22085875,1204.305
0.17,0.19,7.179487,298.21228,0.23552598,1179.2
0.17,0.19,7.6923075,298.5098,0.24988692,1154.5085
0.17,0.19,8.205129,298.79294,0.2639464,1130.2297
0.17,0.19,8.717949,299.062,0.27770966,1106.3633
0.17,0.19,9.230769,299.31732,0.29118162,1082.9075
0.17,0.19,9.743589,299.55884,0.30436742,1059.8606
0.17,0.19,10.256411,299.78687,0.31727222,1037.2206
0.17,0.19,10.769231,300.00165,0.32990074,1014.98505
0.17,0.19,11.282051,300.2033,0.34225804,993.15125
0.17,0.19,11.794871,300.3922,0.3543491,971.7164
0.17,0.19,12.307693,300.56833,0.36617884,950.67737
0.17,0.19,12.820513,300.732,0.37775204,930.03064
0.17,0.19,13.333333,300.88333,0.3890736,909.7726
0.17,0.19,13.846154,301.02264,0.4001481,889.8994
0.17,0.19,14.358974,301.15002,0.41098034,870.40735
0.17,0.19,14.871795,301.26575,0.42157507,851.2918
0.17,0.19,15.384615,301.36987,0.43193674,832.54865
0.17,0.19,15.897436,301.46265,0.44207007,814.1736
0.17,0.19,16.410257,301.54425,0.45197943,796.16187
0.17,0.19,16.923077,301.61496,0.46166933,778.5089
0.17,0.19,17.435898,301.6748,0.47114417,761.20966
0.17,0.19,17.948717,301.72406,0.4804083,744.2597
0.17,0.19,18.461538,301.76288,0.48946583,727.6538
0.17,0.19,18.97436,301.7914,0.4983211,711.38715
0.17,0.19,19.487179,301.80984,0.50697815,695.45465
0.17,0.19,20.0,301.81833,0.5154413,679.8511
0.17,0.21,0.0,292.37357,0.0,1567.6198
0.17,0.21,0.51282054,292.89273,0.019106798,1537.2982
0.17,0.21,1.0256411,293.39484,0.03784273,1507.3533
0.17,0.21,1.5384616,293.87997,0.056212433,1477.791
0.17,0.21,2.0512822,294.34845,0.07422071,1448.6177
0.17,0.21,2.5641026,294.80035,0.091872305,1419.8378
0.17,0.21,3.0769231,295.23596,0.10917217,1391.4567
0.17,0.21,3.5897436,295.65552,0.12612528,1363.4775
0.17,0.21,4.1025643,296.05917,0.14273639,1335.9042
0.17,0.21,4.6153846,296.44717,0.15901071,1308.7393
0.17,0.21,5.1282053,296.81973,0.1749532,1281.9846
0.17,0.21,5.6410255,297.17712,0.19056892,1255.6422
0.17,0.21,6.1538463,297.51947,0.20586304,1229.7131
0.17,0.21,6.6666665,297.84702,0.22084054,1204.1979
0.17,0.21,7.179487,298.15994,0.23550658,1179.0969
0.17,0.21,7.6923075,298.4585,0.24986605,1154.4098
0.17,0.21,8.205129,298.74283,0.26392445,1130.1356
0.17,0.21,8.717949,299.01315,0.27768648,1106.2738
0.17,0.21,9.230769,299.2697,0.2911575,1082.8229
0.17,0.21,9.743589,299.5128,0.30434227,1059.7811
0.17,0.21,10.256411,299.7424,0.31724608,1037.1458
0.17,0.21,10.769231,299.95886,0.32987377,1014.9154
0.17,0.21,11.282051,300.16235,0.34223023,993.0868
0.17,0.21,11.794871,300.35306,0.35432053,971.6568
0.17,0.21,12.307693,300.53113,0.3661496,950.6227
0.17,0.21,12.820513,300.69684,0.37772214,929.9808
0.17,0.21,13.333333,300.85034,0.38904303,909.7275
0.17,0.21,13.846154,300.99182,0.40011707,889.85895
0.17,0.21,14.358974,301.12146,0.41094878,870.3714
0.17,0.21,14.871795,301.23944,0.42154306,851.2602
0.17,0.21,15.384615,301.34598,0.43190444,832.5215
0.17,0.21,15.897436,301.44113,0.4420374,814.1505
0.17,0.21,16.410257,301.52533,0.45194656,796.143
0.17,0.21,16.923077,301.59854,0.4616362,778.49396
0.17,0.21,17.435898,301.661,0.47111094,761.1986
0.17,0.21,17.948717,301.71295,0.4803748,744.2522
0.17,0.21,18.461538,301.75443,0.4894324,727.6497
0.17,0.21,18.97436,301.78574,0.49828765,711.3865
0.17,0.21,19.487179,301.80695,0.5069448,695.4571
0.17,0.21,20.0,301.81827,0.5154079,679.8566
0.17,0.23,0.0,292.25714,0.0,1567.3938
0.17,0.23,0.51282054,292.77533,0.019104034,1537.0701
0.17,0.23,1.0256411,293.27655,0.037837096,1507.1249
0.17,0.23,1.5384616,293.76102,0.056204036,1477.564
0.17,0.23,2.0512822,294.22897,0.07420955,1448.3926
0.17,0.23,2.5641026,294.6806,0.09185838,1419.617
0.17,0.23,3.0769231,295.1161,0.109155536,1391.2404
0.17,0.23,3.5897436,295.53574,0.12610602,1363.2666
0.17,0.23,4.1025643,295.93973,0.14271453,1335.6998
0.17,0.23,4.6153846,296.32816,0.15898645,1308.542
0.17,0.23,5.1282053,296.7013,0.17492655,1281.7947
0.17,0.23,5.6410255,297.05945,0.19053997,1255.4601
0.17,0.23,6.1538463,297.40265,0.20583186,1229.539
0.17,0.23,6.6666665,297.7312,0.22080727,1204.0326
0.17,0.23,7.179487,298.0453,0.23547128,1178.94
0.17,0.23,7.6923075,298.34518,0.24982896,1154.2616
0.17,0.23,8.205129,298.631,0.26388553,1129.9962
0.17,0.23,8.717949,298.90286,0.277646,1106.1432
0.17,0.23,9.230769,299.16113,0.29111537,1082.701
0.17,0.23,9.743589,299.4059,0.30429873,1059.6676
0.17,0.23,10.256411,299.63745,0.31720117,1037.041
0.17,0.23,10.769231,299.8559,0.3298276,1014.81885
0.17,0.23,11.282051,300.0615,0.34218296,992.9985
0.17,0.23,11.794871,300.25433,0.35427225,971.5766
0.17,0.23,12.307693,300.43472,0.3661003,950.5501
0.17,0.23,12.820513,300.60278,0.37767205,929.91595
0.17,0.23,13.333333,300.7587,0.3889922,909.6699
0.17,0.23,13.846154,300.90268,0.40006554,889.80853
0.17,0.23,14.358974,301.0349,0.41089672,870.32794
0.17,0.23,14.871795,301.15558,0.42149052,851.22345
0.17,0.23,15.384615,301.26486,0.43185145,832.4911
0.17,0.23,15.897436,301.36288,0.44198406,814.1262
0.17,0.23,16.410257,301.44986,0.4518929,796.1244
0.17,0.23,16.923077,301.52603,0.46158245,778.48083
0.17,0.23,17.435898,301.59143,0.47105703,761.1909
0.17,0.23,17.948717,301.64636,0.48032087,744.24976
0.17,0.23,18.461538,301.69095,0.4893784,727.6521
0.17,0.23,18.97436,301.72528,0.49823382,711.3935
0.17,0.23,19.487179,301.74976,0.506891,695.46857
0.17,0.23,20.0,301.76425,0.5153543,679.87225
0.17,0.25,0.0,292.07697,0.0,1567.0355
0.17,0.25,0.51282054,292.59415,0.019099653,1536.717
0.17,0.25,1.0256411,293.09464,0.037828386,1506.7777
0.17,0.25,1.5384616,293.57867,0.0561911,1477.2245
0.17,0.25,2.0512822,294.04626,0.074192494,1448.062
0.17,0.25,2.5641026,294.49786,0.09183736,1419.2959
0.17,0.25,3.0769231,294.9335,0.109130606,1390.9299
0.17,0.25,3.5897436,295.35342,0.1260773,1362.9679
0.17,0.25,4.1025643,295.75787,0.14268231,1335.4126
0.17,0.25,4.6153846,296.14697,0.15895067,1308.2668
0.17,0.25,5.1282053,296.52094,0.1748875,1281.5326
0.17,0.25,5.6410255,296.88004,0.19049779,1255.2107
0.17,0.25,6.1538463,297.22443,0.20578665,1229.303
0.17,0.25,6.6666665,297.5542,0.22075924,1203.8092
0.17,0.25,7.179487,297.86978,0.23542058,1178.7297
0.17,0.25,7.6923075,298.17117,0.24977577,1154.0645
0.17,0.25,8.205129,298.45865,0.26383004,1129.8119
0.17,0.25,8.717949,298.7324,0.27758828,1105.9716
0.17,0.25,9.230769,298.99265,0.29105562,1082.542
0.17,0.25,9.743589,299.2395,0.30423713,1059.5208
0.17,0.25,10.256411,299.4732,0.3171378,1036.9061
0.17,0.25,10.769231,299.69394,0.32976264,1014.6957
0.17,0.25,11.282051,299.90195,0.3421166,992.88666
0.17,0.25,11.794871,300.0973,0.3542046,971.4756
0.17,0.25,12.307693,300.28027,0.36603147,950.46
0.17,0.25,12.820513,300.451,0.3776021,929.83606
0.17,0.25,13.333333,300.60965,0.38892132,909.6
0.17,0.25,13.846154,300.7565,0.39999384,889.7481
0.17,0.25,14.358974,300.89166,0.41082436,870.27655
0.17,0.25,14.871795,301.01535,0.42141762,851.18085
0.17,0.25,15.384615,301.12762,0.431778,832.4569
0.17,0.25,15.897436,301.22882,0.4419103,814.1002
0.17,0.25,16.410257,301.31906,0.45181888,796.10596
0.17,0.25,16.923077,301.3984,0.46150824,778.4698
0.17,0.25,17.435898,301.46713,0.47098264,761.1867
0.17,0.25,17.948717,301.5255,0.4802465,744.25214
0.17,0.25,18.461538,301.57343,0.48930413,727.6609
0.17,0.25,18.97436,301.6113,0.49815965,711.40814
0.17,0.25,19.487179,301.63928,0.50681704,695.4889
0.17,0.25,20.0,301.65732,0.5152807,679.89777
0.17,0.27,0.0,291.8345,0.0,1566.5483
0.17,0.27,0.51282054,292.35086,0.019093707,1536.2407
0.17,0.27,1.0256411,292.85083,0.037816703,1506.3142
0.17,0.27,1.5384616,293.33438,0.056173787,1476.7747
0.17,0.27,2.0512822,293.80197,0.0741697,1447.6272
0.17,0.27,2.5641026,294.2536,0.091809355,1418.8768
0.17,0.27,3.0769231,294.68948,0.10909749,1390.5271
0.17,0.27,3.5897436,295.10992,0.12603937,1362.5818
0.17,0.27,4.1025643,295.51495,0.1426397,1335.0438
0.17,0.27,4.6153846,295.90497,0.15890369,1307.9156
0.17,0.27,5.1282053,296.28003,0.17483617,1281.199
0.17,0.27,5.6410255,296.6403,0.1904425,1254.8949
0.17,0.27,6.1538463,296.98602,0.2057276,1229.0049
0.17,0.27,6.6666665,297.3174,0.2206967,1203.5287
0.17,0.27,7.179487,297.6346,0.23535466,1178.4667
0.17,0.27,7.6923075,297.93787,0.24970677,1153.8186
0.17,0.27,8.205129,298.22726,0.26375806,1129.5831
0.17,0.27,8.717949,298.50314,0.27751356,1105.7595
0.17,0.27,9.230769,298.7655,0.29097843,1082.3458
0.17,0.27,9.743589,299.0147,0.30415764,1059.3405
0.17,0.27,10.256411,299.25092,0.31705612,1036.7415
0.17,0.27,10.769231,299.4742,0.32967913,1014.5458
0.17,0.27,11.282051,299.68488,0.3420312,992.75116
0.17,0.27,11.794871,299.883,0.35411763,971.35425
0.17,0.27,12.307693,300.06888,0.36594316,950.35175
0.17,0.27,12.820513,300.24255,0.37751254,929.7408
0.17,0.27,13.333333,300.40436,0.38883066,909.5172
0.17,0.27,13.846154,300.55432,0.39990222,889.6774
0.17,0.27,14.358974,300.6927,0.4107319,870.2173
0.17,0.27,14.871795,300.8197,0.42132446,851.13245
0.17,0.27,15.384615,300.9354,0.43168446,832.4189
0.17,0.27,15.897436,301.04004,0.44181627,814.072
0.17,0.27,16.410257,301.1338,0.4517246,796.0873
0.17,0.27,16.923077,301.2168,0.4614138,778.46014
0.17,0.27,17.435898,301.28912,0.4708882,761.18567
0.17,0.27,17.948717,301.35117,0.480152,744.2591
0.17,0.27,18.461538,301.4029,0.48920983,727.67554
0.17,0.27,18.97436,301.44458,0.49806547,711.43
0.17,0.27,19.487179,301.47635,0.5067233,695.5175
0.17,0.27,20.0,301.4984,0.51518726,679.9329
0.17,0.29,0.0,291.5312,0.0,1565.9347
0.17,0.29,0.51282054,292.04688,0.019086301,1535.6447
0.17,0.29,1.0256411,292.54642,0.037802048,1505.7367
0.17,0.29,1.5384616,293.02985,0.056152143,1476.2166
0.17,0.29,2.0512822,293.4974,0.07414133,1447.0903
0.17,0.29,2.5641026,293.94928,0.09177446,1418.3608
0.17,0.29,3.0769231,294.38565,0.10905644,1390.0332
0.17,0.29,3.5897436,294.80667,0.12599233,1362.1101
0.17,0.29,4.1025643,295.21265,0.14258698,1334.5948
0.17,0.29,4.6153846,295.60367,0.15884557,1307.4891
0.17,0.29,5.1282053,295.97992,0.17477301,1280.7948
0.17,0.29,5.6410255,296.34155,0.19037454,1254.5134
0.17,0.29,6.1538463,296.6889,0.20565505,1228.6458
0.17,0.29,6.6666665,297.02197,0.22061977,1203.1917
0.17,0.29,7.179487,297.3411,0.23527381,1178.1514
0.17,0.29,7.6923075,297.64636,0.24962214,1153.5247
0.17,0.29,8.205129,297.93796,0.26366997,1129.31
0.17,0.29,8.717949,298.2161,0.2774222,1105.5067
0.17,0.29,9.230769,298.48102,0.29088408,1082.1132
0.17,0.29,9.743589,298.73282,0.3040605,1059.1271
0.17,0.29,10.256411,298.9717,0.31695658,1036.5466
0.17,0.29,10.769231,299.19788,0.32957718,1014.36914
0.17,0.29,11.282051,299.41144,0.34192732,992.5919
0.17,0.29,11.794871,299.61267,0.35401183,971.212
0.17,0.29,12.307693,299.8017,0.36583558,950.22595
0.17,0.29,12.820513,299.97864,0.37740362,929.6305
0.17,0.29,13.333333,300.14377,0.38872045,909.4218
0.17,0.29,13.846154,300.29718,0.39979094,889.5962
0.17,0.29,14.358974,300.43912,0.41061974,870.1496
0.17,0.29,14.871795,300.56976,0.42121154,851.07806
0.17,0.29,15.384615,300.68918,0.43157092,832.37683
0.17,0.29,15.897436,300.79755,0.44170237,814.0419
0.17,0.29,16.410257,300.8951,0.45161033,796.06836
0.17,0.29,16.923077,300.982,0.46129936,778.45184
0.17,0.29,17.435898,301.05835,0.47077367,761.1875
0.17,0.29,17.948717,301.12445,0.4800377,744.27057
0.17,0.29,18.461538,301.18033,0.4890956,727.696
0.17,0.29,18.97436,301.2261,0.49795157,711.4589
0.17,0.29,19.487179,301.2621,0.50660974,695.55457
0.17,0.29,20.0,301.28836,0.51507425,679.97754
0.17,0.31,0.0,291.16864,0.0,1565.1967
0.17,0.31,0.51282054,291.6838,0.019077279,1534.9303
0.17,0.31,1.0256411,292.18298,0.037784472,1505.0471
0.17,0.31,1.5384616,292.6663,0.056126222,1475.5531
0.17,0.31,2.0512822,293.13403,0.07410738,1446.4526
0.17,0.31,2.5641026,293.5863,0.091732845,1417.7501
0.17,0.31,3.0769231,294.02322,0.10900752,1389.4498
0.17,0.31,3.5897436,294.4451,0.12593636,1361.5542
0.17,0.31,4.1025643,294.85205,0.14252433,1334.0665
0.17,0.31,4.6153846,295.24426,0.15877658,1306.9884
0.17,0.31,5.1282053,295.6219,0.17469807,1280.3217
0.17,0.31,5.6410255,295.98514,0.19029391,1254.0673
0.17,0.31,6.1538463,296.33423,0.2055691,1228.2263
0.17,0.31,6.6666665,296.66928,0.22052881,1202.7986
0.17,0.31,7.179487,296.99045,0.23517817,1177.7843
0.17,0.31,7.6923075,297.29794,0.24952209,1153.1829
0.17,0.31,8.205129,297.592,0.2635659,1128.9929
0.17,0.31,8.717949,297.87274,0.27731442,1105.2139
0.17,0.31,9.230769,298.1403,0.29077283,1081.8436
0.17,0.31,9.743589,298.39493,0.30394608,1058.8804
0.17,0.31,10.256411,298.63678,0.31683913,1036.3219
0.17,0.31,10.769231,298.866,0.32945722,1014.1656
0.17,0.31,11.282051,299.0828,0.34180495,992.40875
0.17,0.31,11.794871,299.28732,0.35388732,971.0485
0.17,0.31,12.307693,299.47974,0.36570925,950.0817
0.17,0.31,12.820513,299.66028,0.37727556,929.5042
0.17,0.31,13.333333,299.829,0.38859102,909.31305
0.17,0.31,13.846154,299.98618,0.39966023,889.5041
0.17,0.31,14.358974,300.13196,0.4104881,870.0736
0.17,0.31,14.871795,300.26642,0.42107898,851.01697
0.17,0.31,15.384615,300.38983,0.4314376,832.3303
0.17,0.31,15.897436,300.5023,0.44156864,814.00903
0.17,0.31,16.410257,300.60406,0.45147625,796.04877
0.17,0.31,16.923077,300.69513,0.46116513,778.4446
0.17,0.31,17.435898,300.77585,0.4706394,761.19183
0.17,0.31,17.948717,300.8462,0.47990355,744.2858
0.17,0.31,18.461538,300.90646,0.48896167,727.7218
0.17,0.31,18.97436,300.9568,0.4978181,711.4945
0.17,0.31,19.487179,300.99725,0.50647676,695.5994
0.17,0.31,20.0,301.02808,0.51494193,680.03094
0.17,0.33,0.0,290.7484,0.0,1564.3375
0.17,0.33,0.51282054,291.26306,0.0190669,1534.1005
0.17,0.33,1.0256411,291.76196,0.03776408,1504.2476
0.17,0.33,1.5384616,292.24533,0.05609618,1474.7848
0.17,0.33,2.0512822,292.7133,0.074068055,1445.7163
0.17,0.33,2.5641026,293.16602,0.0916846,1417.0463
0.17,0.33,3.0769231,293.6037,0.10895078,1388.7782
0.17,0.33,3.5897436,294.0265,0.12587164,1360.9152
0.17,0.33,4.1025643,294.43457,0.14245194,1333.46
0.17,0.33,4.6153846,294.8282,0.15869695,1306.4142
0.17,0.33,5.1282053,295.20734,0.17461154,1279.7792
0.17,0.33,5.6410255,295.5724,0.19020087,1253.557
0.17,0.33,6.1538463,295.92334,0.20547001,1227.7471
0.17,0.33,6.6666665,296.2605,0.22042404,1202.3499
0.17,0.33,7.179487,296.58398,0.23506796,1177.3656
0.17,0.33,7.6923075,296.89392,0.249407,1152.7935
0.17,0.33,8.205129,297.19058,0.26344615,1128.6321
0.17,0.33,8.717949,297.47406,0.2771904,1104.8809
0.17,0.33,9.230769,297.7445,0.29064485,1081.5376
0.17,0.33,9.743589,298.0022,0.30381453,1058.6003
0.17,0.33,10.256411,298.24725,0.3167044,1036.0671
0.17,0.33,10.769231,298.4798,0.3293194,1013.9353
0.17,0.33,11.282051,298.69995,0.3416644,992.20197
0.17,0.33,11.794871,298.90808,0.3537444,970.8642
0.17,0.33,12.307693,299.1042,0.36556426,949.9188
0.17,0.33,12.820513,299.28845,0.3771287,929.36237
0.17,0.33,13.333333,299.46112,0.3884425,909.1909
0.17,0.33,13.846154,299.62228,0.39951035,889.4012
0.17,0.33,14.358974,299.77213,0.41033697,869.9885
0.17,0.33,14.871795,299.91083,0.420927,850.94946
0.17,0.33,15.384615,300.03848,0.4312849,832.2792
0.17,0.33,15.897436,300.1553,0.4414153,813.9735
0.17,0.33,16.410257,300.2615,0.45132264,796.0279
0.17,0.33,16.923077,300.35712,0.46101126,778.43774
0.17,0.33,17.435898,300.44235,0.4704857,761.19836
0.17,0.33,17.948717,300.51733,0.47974995,744.30493
0.17,0.33,18.461538,300.5824,0.48880833,727.7526
0.17,0.33,18.97436,300.63745,0.49766523,711.5365
0.17,0.33,19.487179,300.68277,0.50632447,695.6518
0.17,0.33,20.0,300.71844,0.51479036,680.09314
0.17,0.35,0.0,290.27182,0.0,1563.3597
0.17,0.35,0.51282054,290.78604,0.019055113,1533.1577
0.17,0.35,1.0256411,291.2848,0.03774082,1503.3408
0.17,0.35,1.5384616,291.76825,0.05606202,1473.9144
0.17,0.35,2.0512822,292.2366,0.07402346,1444.8829
0.17,0.35,2.5641026,292.68988,0.09163,1416.2502
0.17,0.35,3.0769231,293.12842,0.10888658,1388.02
0.17,0.35,3.5897436,293.55225,0.12579831,1360.1945
0.17,0.35,4.1025643,293.9616,0.14237002,1332.7762
0.17,0.35,4.6153846,294.35666,0.15860683,1305.7675
0.17,0.35,5.1282053,294.73755,0.17451365,1279.1696
0.17,0.35,5.6410255,295.10443,0.19009572,1252.9828
0.17,0.35,6.1538463,295.45752,0.20535803,1227.2083
0.17,0.35,6.6666665,295.7969,0.22030565,1201.846
0.17,0.35,7.179487,296.12283,0.23494357,1176.8956
0.17,0.35,7.6923075,296.4354,0.24927697,1152.3564
0.17,0.35,8.205129,296.73486,0.26331097,1128.2275
0.17,0.35,8.717949,297.0213,0.27705047,1104.5074
0.17,0.35,9.230769,297.2949,0.29050058,1081.1947
0.17,0.35,9.743589,297.55582,0.3036661,1058.287
0.17,0.35,10.256411,297.8042,0.31655234,1035.7822
0.17,0.35,10.769231,298.04028,0.32916397,1013.67773
0.17,0.35,11.282051,298.26416,0.341506,991.9709
0.17,0.35,11.794871,298.476,0.3535834,970.65845
0.17,0.35,12.307693,298.67606,0.3654007,949.7375
0.17,0.35,12.820513,298.86438,0.3769631,929.20435
0.17,0.35,13.333333,299.0411,0.38827512,909.0554
0.17,0.35,13.846154,299.20657,0.39934137,889.2867
0.17,0.35,14.358974,299.36075,0.41016674,869.8946
0.17,0.35,14.871795,299.5039,0.42075574,850.8747
0.17,0.35,15.384615,299.63602,0.43111286,832.2229
0.17,0.35,15.897436,299.7575,0.4412427,813.9347
0.17,0.35,16.410257,299.86835,0.45114964,796.0058
0.17,0.35,16.923077,299.96878,0.4608381,778.4312
0.17,0.35,17.435898,300.05887,0.47031248,761.2066
0.17,0.35,17.948717,300.13885,0.47957695,744.3273
0.17,0.35,18.461538,300.20886,0.48863575,727.7881
0.17,0.35,18.97436,300.26898,0.49749315,711.5844
0.17,0.35,19.487179,300.31943,0.506153,695.7113
0.17,0.35,20.0,300.36035,0.5146196,680.1637
0.17,0.37,0.0,289.74048,0.0,1562.2659
0.17,0.37,0.51282054,290.25436,0.019041866,1532.1041
0.17,0.37,1.0256411,290.75302,0.03771495,1502.3286
0.17,0.37,1.5384616,291.2366,0.056023844,1472.9441
0.17,0.37,2.0512822,291.70532,0.0739736,1443.9547
0.17,0.37,2.5641026,292.15933,0.09156903,1415.3647
0.17,0.37,3.0769231,292.5988,0.10881502,1387.1761
0.17,0.37,3.5897436,293.02374,0.12571654,1359.3928
0.17,0.37,4.1025643,293.43448,0.14227864,1332.017
0.17,0.37,4.6153846,293.83112,0.15850632,1305.0493
0.17,0.37,5.1282053,294.2138,0.17440459,1278.4921
0.17,0.37,5.6410255,294.5827,0.18997863,1252.346
0.17,0.37,6.1538463,294.93802,0.20523323,1226.6112
0.17,0.37,6.6666665,295.27982,0.22017375,1201.2875
0.17,0.37,7.179487,295.60828,0.23480517,1176.375
0.17,0.37,7.6923075,295.9237,0.24913235,1151.8729
0.17,0.37,8.205129,296.22604,0.26316065,1127.7794
0.17,0.37,8.717949,296.5156,0.2768948,1104.0944
0.17,0.37,9.230769,296.79245,0.29034,1080.8154
0.17,0.37,9.743589,297.0568,0.30350107,1057.9403
0.17,0.37,10.256411,297.30884,0.31638324,1035.467
0.17,0.37,10.769231,297.5486,0.32899117,1013.39294
0.17,0.37,11.282051,297.77637,0.34132987,991.7155
0.17,0.37,11.794871,297.99222,0.35340428,970.4312
0.17,0.37,12.307693,298.19635,0.36521906,949.5372
0.17,0.37,12.820513,298.38892,0.37677905,929.02985
0.17,0.37,13.333333,298.57007,0.3880891,908.9055
0.17,0.37,13.846154,298.7399,0.3991537,889.16064
0.17,0.37,14.358974,298.89868,0.40997756,869.79114
0.17,0.37,14.871795,299.04648,0.4205655,850.79254
0.17,0.37,15.384615,299.18347,0.4309217,832.16113
0.17,0.37,15.897436,299.3098,0.44105095,813.8923
0.17,0.37,16.410257,299.42563,0.45095748,795.98157
0.17,0.37,16.923077,299.53107,0.46064582,778.4245
0.17,0.37,17.435898,299.6263,0.47012013,761.2163
0.17,0.37,17.948717,299.7115,0.47938478,744.35236
0.17,0.37,18.461538,299.78677,0.4884441,727.8278
0.17,0.37,18.97436,299.85226,0.497302,711.6378
0.17,0.37,19.487179,299.9081,0.5059626,695.7777
0.17,0.37,20.0,299.9545,0.5144301,680.2421
0.17,0.39,0.0,289.15582,0.0,1561.0588
0.17,0.39,0.51282054,289.6693,0.019027315,1530.9426
0.17,0.39,1.0256411,290.16794,0.03768632,1501.2131
0.17,0.39,1.5384616,290.65176,0.055981807,1471.8757
0.17,0.39,2.0512822,291.12094,0.07391874,1442.9333
0.17,0.39,2.5641026,291.57568,0.0915018,1414.3899
0.17,0.39,3.0769231,292.01608,0.10873611,1386.2489
0.17,0.39,3.5897436,292.44232,0.12562656,1358.5125
0.17,0.39,4.1025643,292.85452,0.14217813,1331.1825
0.17,0.39,4.6153846,293.25284,0.1583958,1304.261
0.17,0.39,5.1282053,293.63745,0.17428464,1277.7491
0.17,0.39,5.6410255,294.00848,0.18984976,1251.647
0.17,0.39,6.1538463,294.3661,0.20509613,1225.9557
0.17,0.39,6.6666665,294.71045,0.22002888,1200.6746
0.17,0.39,7.179487,295.04166,0.23465292,1175.8035
0.17,0.39,7.6923075,295.3599,0.24897334,1151.342
0.17,0.39,8.205129,295.66534,0.2629953,1127.2883
0.17,0.39,8.717949,295.95816,0.27672368,1103.6415
0.17,0.39,9.230769,296.23846,0.29016352,1080.3995
0.17,0.39,9.743589,296.5064,0.30331975,1057.5602
0.17,0.39,10.256411,296.76215,0.31619743,1035.1217
0.17,0.39,10.769231,297.00586,0.32880133,1013.0808
0.17,0.39,11.282051,297.23764,0.3411364,991.4355
0.17,0.39,11.794871,297.4577,0.3532075,970.1819
0.17,0.39,12.307693,297.66617,0.3650194,949.31744
0.17,0.39,12.820513,297.8632,0.3765769,928.83856
0.17,0.39,13.333333,298.04886,0.38788468,908.7414
0.17,0.39,13.846154,298.22342,0.3989475,889.02234
0.17,0.39,14.358974,298.38702,0.40976983,869.6774
0.17,0.39,14.871795,298.53967,0.4203564,850.7025
0.17,0.39,15.384615,298.6817,0.43071175,832.0934
0.17,0.39,15.897436,298.81317,0.4408402,813.8457
0.17,0.39,16.410257,298.93417,0.4507463,795.95514
0.17,0.39,16.923077,299.04492,0.46043444,778.41705
0.17,0.39,17.435898,299.14557,0.46990883,761.22687
0.17,0.39,17.948717,299.23615,0.47917372,744.38
0.17,0.39,18.461538,299.31702,0.48823327,727.8714
0.17,0.39,18.97436,299.38806,0.49709186,711.6965
0.17,0.39,19.487179,299.44965,0.5057534,695.8504
0.17,0.39,20.0,299.50174,0.51422185,680.32806
0.19,0.01,0.0,289.73438,0.0,1562.1235
0.19,0.01,0.51282054,290.27176,0.019041657,1532.2014
0.19,0.01,1.0256411,290.7907,0.03771714,1502.6312
0.19,0.01,1.5384616,291.29132,0.056030937,1473.4214
0.19,0.01,2.0512822,291.77393,0.07398753,1444.5789
0.19,0.01,2.5641026,292.23886,0.09159135,1416.1106
0.19,0.01,3.0769231,292.6862,0.10884715,1388.0219
0.19,0.01,3.5897436,293.1164,0.12575962,1360.318
0.19,0.01,4.1025643,293.5296,0.14233351,1333.0029
0.19,0.01,4.6153846,293.9261,0.1585736,1306.0807
0.19,0.01,5.1282053,294.3061,0.17448482,1279.5544
0.19,0.01,5.6410255,294.66995,0.190072,1253.4261
0.19,0.01,6.1538463,295.01785,0.20534,1227.6986
0.19,0.01,6.6666665,295.35004,0.22029391,1202.3723
0.19,0.01,7.179487,295.66675,0.23493856,1177.4489
0.19,0.01,7.6923075,295.9682,0.24927884,1152.9282
0.19,0.01,8.205129,296.25467,0.26331997,1128.8104
0.19,0.01,8.717949,296.5265,0.27706665,1105.0952
0.19,0.01,9.230769,296.78372,0.29052395,1081.7815
0.19,0.01,9.743589,297.02676,0.30369672,1058.868
0.19,0.01,10.256411,297.25565,0.31659004,1036.3534
0.19,0.01,10.769231,297.47086,0.32920867,1014.2353
0.19,0.01,11.282051,297.6724,0.34155744,992.512
0.19,0.01,11.794871,297.86057,0.35364127,971.18036
0.19,0.01,12.307693,298.0356,0.36546502,950.238
0.19,0.01,12.820513,298.1977,0.3770333,929.6816
0.19,0.01,13.333333,298.34717,0.38835105,909.5077
0.19,0.01,13.846154,298.48407,0.39942282,889.7134
0.19,0.01,14.358974,298.6087,0.4102532,870.29425
0.19,0.01,14.871795,298.72125,0.42084694,851.2469
0.19,0.01,15.384615,298.82196,0.43120855,832.5669
0.19,0.01,15.897436,298.911,0.4413424,814.25024
0.19,0.01,16.410257,298.9885,0.45125312,796.2927
0.19,0.01,16.923077,299.05484,0.46094492,778.6897
0.19,0.01,17.435898,299.11005,0.47042227,761.4366
0.19,0.01,17.948717,299.15436,0.4796893,744.52893
0.19,0.01,18.461538,299.18805,0.4887505,727.96173
0.19,0.01,18.97436,299.2112,0.49760985,711.73047
0.19,0.01,19.487179,299.2241,0.50627136,695.8302
0.19,0.01,20.0,299.22684,0.5147392,680.25586
0.19,0.03,0.0,290.3427,0.0,1563.3383
0.19,0.03,0.51282054,290.87686,0.019056104,1533.3384
0.19,0.03,1.0256411,291.39258,0.037745148,1503.6947
0.19,0.03,1.5384616,291.8902,0.056071617,1474.4147
0.19,0.03,2.0512822,292.36984,0.074039996,1445.5051
0.19,0.03,2.5641026,292.83185,0.09165482,1416.9729
0.19,0.03,3.0769231,293.2765,0.10892084,1388.8236
0.19,0.03,3.5897436,293.70395,0.12584285,1361.0616
0.19,0.03,4.1025643,294.11456,0.14242555,1333.6918
0.19,0.03,4.6153846,294.50854,0.15867384,1306.717
0.19,0.03,5.1282053,294.88614,0.17459251,1280.1409
0.19,0.03,5.6410255,295.2476,0.19018662,1253.9656
0.19,0.03,6.1538463,295.5932,0.205461,1228.1929
0.19,0.03,6.6666665,295.9232,0.2204207,1202.8241
0.19,0.03,7.179487,296.23776,0.23507068,1177.86
0.19,0.03,7.6923075,296.5372,0.24941586,1153.3011
0.19,0.03,8.205129,296.82175,0.26346132,1129.1475
0.19,0.03,8.717949,297.09152,0.27721193,1105.3978
0.19,0.03,9.230769,297.34695,0.2906727,1082.0518
0.19,0.03,9.743589,297.5882,0.30384862,1059.1077
0.19,0.03,10.256411,297.8153,0.3167447,1036.5642
0.19,0.03,10.769231,298.02884,0.32936573,1014.419
0.19,0.03,11.282051,298.22873,0.34171662,992.6699
0.19,0.03,11.794871,298.41537,0.35380226,971.3143
0.19,0.03,12.307693,298.58887,0.36562747,950.34906
0.19,0.03,12.820513,298.74948,0.3771971,929.7714
0.19,0.03,13.333333,298.8975,0.3885158,909.57764
0.19,0.03,13.846154,299.03302,0.3995883,889.7644
0.19,0.03,14.358974,299.15634,0.41041923,870.3279
0.19,0.03,14.871795,299.26755,0.42101327,851.264
0.19,0.03,15.384615,299.3669,0.43137497,832.56885
0.19,0.03,15.897436,299.45477,0.4415087,814.2381
0.19,0.03,16.410257,299.53113,0.45141917,796.26733
0.19,0.03,16.923077,299.59625,0.46111056,778.65204
0.19,0.03,17.435898,299.6503,0.47058743,761.3876
0.19,0.03,17.948717,299.69354,0.47985396,744.4695
0.19,0.03,18.461538,299.72617,0.4889142,727.89264
0.19,0.03,18.97436,299.7483,0.49777263,711.65234
0.19,0.03,19.487179,299.7601,0.5064332,695.74396
0.19,0.03,20.0,299.7619,0.51489997,680.16205
0.19,0.05,0.0,290.87042,0.0,1564.395
0.19,0.05,0.51282054,291.4016,0.019068673,1534.3263
0.19,0.05,1.0256411,291.9145,0.037769504,1504.617
0.19,0.05,1.5384616,292.40924,0.056106977,1475.2743
0.19,0.05,2.0512822,292.88626,0.074085474,1446.3057
0.19,0.05,2.5641026,293.34573,0.091709845,1417.7173
0.19,0.05,3.0769231,293.7879,0.10898473,1389.514
0.19,0.05,3.5897436,294.21304,0.12591487,1361.7013
0.19,0.05,4.1025643,294.62143,0.14250508,1334.2831
0.19,0.05,4.6153846,295.01324,0.15876041,1307.2625
0.19,0.05,5.1282053,295.38876,0.17468555,1280.643
0.19,0.05,5.6410255,295.74826,0.19028556,1254.4261
0.19,0.05,6.1538463,296.09198,0.20556535,1228.6144
0.19,0.05,6.6666665,296.42014,0.22053006,1203.2087
0.19,0.05,7.179487,296.733,0.23518452,1178.2095
0.19,0.05,7.6923075,297.0308,0.24953377,1153.6178
0.19,0.05,8.205129,297.3137,0.26358294,1129.4325
0.19,0.05,8.717949,297.58203,0.2773369,1105.6534
0.19,0.05,9.230769,297.83597,0.2908007,1082.2794
0.19,0.05,9.743589,298.0758,0.30397922,1059.3091
0.19,0.05,10.256411,298.3017,0.3168776,1036.7407
0.19,0.05,10.769231,298.51385,0.32950073,1014.57214
0.19,0.05,11.282051,298.7126,0.34185332,992.80115
0.19,0.05,11.794871,298.89798,0.35394043,971.4248
0.19,0.05,12.307693,299.07047,0.36576694,950.44025
0.19,0.05,12.820513,299.23004,0.37733752,929.8445
0.19,0.05,13.333333,299.37704,0.38865703,909.6336
0.19,0.05,13.846154,299.5116,0.39973015,889.8046
0.19,0.05,14.358974,299.63397,0.41056144,870.3532
0.19,0.05,14.871795,299.74435,0.4211557,851.2756
0.19,0.05,15.384615,299.843,0.43151745,832.56744
0.19,0.05,15.897436,299.92996,0.44165117,814.2246
0.19,0.05,16.410257,300.00558,0.45156136,796.2427
0.19,0.05,16.923077,300.07,0.46125242,778.6172
0.19,0.05,17.435898,300.1234,0.4707287,761.3432
0.19,0.05,17.948717,300.166,0.4799946,744.4162
0.19,0.05,18.461538,300.198,0.48905423,727.8313
0.19,0.05,18.97436,300.21957,0.49791187,711.5836
0.19,0.05,19.487179,300.23083,0.5065715,695.66833
0.19,0.05,20.0,300.23203,0.51503724,680.08026
0.19,0.07,0.0,291.31952,0.0,1565.2969
0.19,0.07,0.51282054,291.84793,0.019079417,1535.1675
0.19,0.07,1.0256411,292.3582,0.03779021,1505.4006
0.19,0.07,1.5384616,292.8505,0.056136914,1476.0032
0.19,0.07,2.0512822,293.32513,0.07412417,1446.9829
0.19,0.07,2.5641026,293.78238,0.09175652,1418.3455
0.19,0.07,3.0769231,294.22244,0.109038815,1390.096
0.19,0.07,3.5897436,294.64554,0.1259759,1362.2388
0.19,0.07,4.1025643,295.052,0.14257252,1334.7789
0.19,0.07,4.6153846,295.44202,0.15883368,1307.7189
0.19,0.07,5.1282053,295.81586,0.17476416,1281.0619
0.19,0.07,5.6410255,296.1737,0.19036916,1254.81
0.19,0.07,6.1538463,296.5159,0.20565343,1228.9651
0.19,0.07,6.6666665,296.84265,0.22062227,1203.5275
0.19,0.07,7.179487,297.15408,0.23528044,1178.499
0.19,0.07,7.6923075,297.45062,0.24963307,1153.8789
0.19,0.07,8.205129,297.73233,0.26368532,1129.667
0.19,0.07,8.717949,297.99954,0.27744198,1105.863
0.19,0.07,9.230769,298.25244,0.29090822,1082.4657
0.19,0.07,9.743589,298.49127,0.30408892,1059.4731
0.19,0.07,10.256411,298.71625,0.31698918,1036.8839
0.19,0.07,10.769231,298.92758,0.32961395,1014.6958
0.19,0.07,11.282051,299.1255,0.341968,992.9064
0.19,0.07,11.794871,299.3103,0.35405627,971.513
0.19,0.07,12.307693,299.48203,0.36588377,950.5122
0.19,0.07,12.820513,299.64102,0.37745512,929.9013
0.19,0.07,13.333333,299.78738,0.38877523,909.67633
0.19,0.07,13.846154,299.92148,0.3998488,889.8341
0.19,0.07,14.358974,300.0434,0.41068035,870.3704
0.19,0.07,14.871795,300.15332,0.42127478,851.28125
0.19,0.07,15.384615,300.25156,0.43163648,832.56274
0.19,0.07,15.897436,300.3382,0.44177017,814.2101
0.19,0.07,16.410257,300.41357,0.45168006,796.219
0.19,0.07,16.923077,300.47772,0.46137086,778.5851
0.19,0.07,17.435898,300.5309,0.47084668,761.3033
0.19,0.07,17.948717,300.5733,0.48011202,744.3691
0.19,0.07,18.461538,300.6051,0.48917103,727.7775
0.19,0.07,18.97436,300.62653,0.49802792,711.524
0.19,0.07,19.487179,300.63776,0.50668675,695.60315
0.19,0.07,20.0,300.6389,0.5151518,680.01013
0.19,0.09,0.0,291.69174,0.0,1566.0465
0.19,0.09,0.51282054,292.21765,0.019088335,1535.8644
0.19,0.09,1.0256411,292.7256,0.037807368,1506.0477
0.19,0.09,1.5384616,293.2157,0.05616174,1476.6036
0.19,0.09,2.0512822,293.6883,0.07415609,1447.5388
0.19,0.09,2.5641026,294.1436,0.091795065,1418.8593
0.19,0.09,3.0769231,294.58182,0.10908346,1390.5704
0.19,0.09,3.5897436,295.00323,0.12602612,1362.6761
0.19,0.09,4.1025643,295.40808,0.14262791,1335.1813
0.19,0.09,4.6153846,295.79657,0.15889376,1308.0881
0.19,0.09,5.1282053,296.16904,0.17482866,1281.3997
0.19,0.09,5.6410255,296.52573,0.19043759,1255.1185
0.19,0.09,6.1538463,296.8667,0.20572557,1229.2456
0.19,0.09,6.6666665,297.19235,0.22069764,1203.7821
0.19,0.09,7.179487,297.50284,0.23535877,1178.7289
0.19,0.09,7.6923075,297.79843,0.24971414,1154.0854
0.19,0.09,8.205129,298.07935,0.26376876,1129.852
0.19,0.09,8.717949,298.34583,0.27752757,1106.0277
0.19,0.09,9.230769,298.59808,0.29099575,1082.6108
0.19,0.09,9.743589,298.83627,0.3041781,1059.6003
0.19,0.09,10.256411,299.06076,0.31707987,1036.9943
0.19,0.09,10.769231,299.27173,0.32970577,1014.79034
0.19,0.09,11.282051,299.4692,0.34206092,992.98615
0.19,0.09,11.794871,299.65363,0.35415015,971.5788
0.19,0.09,12.307693,299.82513,0.36597836,950.56525
0.19,0.09,12.820513,299.98392,0.3775503,929.94214
0.19,0.09,13.333333,300.1302,0.38887084,909.70593
0.19,0.09,13.846154,300.26413,0.3999447,889.85315
0.19,0.09,14.358974,300.38602,0.41077647,870.37994
0.19,0.09,14.871795,300.496,0.4213709,851.28174
0.19,0.09,15.384615,300.59424,0.4317326,832.55475
0.19,0.09,15.897436,300.68103,0.44186613,814.19434
0.19,0.09,16.410257,300.75647,0.45177582,796.19617
0.19,0.09,16.923077,300.8208,0.4614662,778.5556
0.19,0.09,17.435898,300.87418,0.47094172,761.2678
0.19,0.09,17.948717,300.91687,0.48020655,744.32806
0.19,0.09,18.461538,300.94894,0.489265,727.73157
0.19,0.09,18.97436,300.97067,0.49812138,711.47327
0.19,0.09,19.487179,300.98218,0.50677955,695.5483
0.19,0.09,20.0,300.98376,0.5152438,679.95154
0.19,0.11,0.0,291.98886,0.0,1566.6465
0.19,0.11,0.51282054,292.5126,0.019095428,1536.4198
0.19,0.11,1.0256411,293.0184,0.037821084,1506.561
0.19,0.11,1.5384616,293.50662,0.056181505,1477.0779
0.19,0.11,2.0512822,293.97742,0.07418149,1447.9758
0.19,0.11,2.5641026,294.43106,0.091825575,1419.2617
0.19,0.11,3.0769231,294.8678,0.109118715,1390.9397
0.19,0.11,3.5897436,295.2878,0.12606576,1363.0154
0.19,0.11,4.1025643,295.6914,0.14267151,1335.4915
0.19,0.11,4.6153846,296.07877,0.15894108,1308.3712
0.19,0.11,5.1282053,296.4502,0.17487925,1281.658
0.19,0.11,5.6410255,296.80588,0.1904912,1255.3528
0.19,0.11,6.1538463,297.1461,0.20578194,1229.4578
0.19,0.11,6.6666665,297.471,0.22075647,1203.9735
0.19,0.11,7.179487,297.78085,0.23541996,1178.9006
0.19,0.11,7.6923075,298.0759,0.24977723,1154.2391
0.19,0.11,8.205129,298.35638,0.2638337,1129.9884
0.19,0.11,8.717949,298.6225,0.27759403,1106.1478
0.19,0.11,9.230769,298.87442,0.29106355,1082.7162
0.19,0.11,9.743589,299.11252,0.30424714,1059.6919
0.19,0.11,10.256411,299.33685,0.31714997,1037.0726
0.19,0.11,10.769231,299.54767,0.32977682,1014.8564
0.19,0.11,11.282051,299.74524,0.3421327,993.04095
0.19,0.11,11.794871,299.92975,0.35422248,971.6231
0.19,0.11,12.307693,300.10138,0.36605117,950.5996
0.19,0.11,12.820513,300.2603,0.3776235,929.9674
0.19,0.11,13.333333,300.4069,0.38894427,909.7227
0.19,0.11,13.846154,300.54117,0.40001822,889.8623
0.19,0.11,14.358974,300.66342,0.4108501,870.38165
0.19,0.11,14.871795,300.77377,0.42144454,851.27673
0.19,0.11,15.384615,300.87253,0.43180618,832.5436
0.19,0.11,15.897436,300.95984,0.44193947,814.1775
0.19,0.11,16.410257,301.0358,0.45184892,796.1742
0.19,0.11,16.923077,301.10077,0.461539,778.5289
0.19,0.11,17.435898,301.15482,0.4710142,761.2367
0.19,0.11,17.948717,301.19812,0.48027864,744.29315
0.19,0.11,18.461538,301.23093,0.48933667,727.69293
0.19,0.11,18.97436,301.25342,0.49819243,711.4315
0.19,0.11,19.487179,301.26572,0.5068501,695.5036
0.19,0.11,20.0,301.26807,0.51531386,679.9042
0.19,0.13,0.0,292.2127,0.0,1567.1
0.19,0.13,0.51282054,292.73447,0.0191008,1536.8363
0.19,0.13,1.0256411,293.2385,0.037831306,1506.9432
0.19,0.13,1.5384616,293.72507,0.056196317,1477.4276
0.19,0.13,2.0512822,294.1943,0.07420037,1448.2959
0.19,0.13,2.5641026,294.6466,0.09184821,1419.5541
0.19,0.13,3.0769231,295.0821,0.109144844,1391.2063
0.19,0.13,3.5897436,295.501,0.12609497,1363.2576
0.19,0.13,4.1025643,295.90363,0.1427036,1335.7114
0.19,0.13,4.6153846,296.2902,0.1589757,1308.5704
0.19,0.13,5.1282053,296.66086,0.17491624,1281.8376
0.19,0.13,5.6410255,297.01596,0.19053033,1255.5142
0.19,0.13,6.1538463,297.35562,0.20582289,1229.6024
0.19,0.13,6.6666665,297.68015,0.22079913,1204.1023
0.19,0.13,7.179487,297.98975,0.23546402,1179.0149
0.19,0.13,7.6923075,298.2846,0.24982266,1154.3401
0.19,0.13,8.205129,298.565,0.26388025,1130.0769
0.19,0.13,8.717949,298.8311,0.27764168,1106.2246
0.19,0.13,9.230769,299.0831,0.2911121,1082.7821
0.19,0.13,9.743589,299.32138,0.30429643,1059.7479
0.19,0.13,10.256411,299.5459,0.31719983,1037.1194
0.19,0.13,10.769231,299.7571,0.3298272,1014.8948
0.19,0.13,11.282051,299.95505,0.3421835,993.07117
0.19,0.13,11.794871,300.13998,0.35427365,971.64606
0.19,0.13,12.307693,300.31213,0.36610255,950.61566
0.19,0.13,12.820513,300.4717,0.37767506,929.97736
0.19,0.13,13.333333,300.6189,0.38899595,909.72705
0.19,0.13,13.846154,300.7539,0.40006992,889.86115
0.19,0.13,14.358974,300.87695,0.4109017,870.3757
0.19,0.13,14.871795,300.98816,0.42149606,851.2665
0.19,0.13,15.384615,301.08777,0.4318575,832.5294
0.19,0.13,15.897436,301.17596,0.44199055,814.1597
0.19,0.13,16.410257,301.25293,0.45189983,796.153
0.19,0.13,16.923077,301.31888,0.46158963,778.5047
0.19,0.13,17.435898,301.374,0.47106448,761.2099
0.19,0.13,17.948717,301.4184,0.48032862,744.264
0.19,0.13,18.461538,301.45236,0.4893862,727.6617
0.19,0.13,18.97436,301.476,0.49824166,711.39825
0.19,0.13,19.487179,301.48947,0.5068989,695.4688
0.19,0.13,20.0,301.49307,0.51536226,679.8681
0.19,0.15,0.0,292.36508,0.0,1567.4092
0.19,0.15,0.51282054,292.88507,0.019104399,1537.1162
0.19,0.15,1.0256411,293.38754,0.03783819,1507.1962
0.19,0.15,1.5384616,293.8726,0.056206122,1477.656
0.19,0.15,2.0512822,294.34067,0.07421294,1448.5015
0.19,0.15,2.5641026,294.7918,0.09186318,1419.7386
0.19,0.15,3.0769231,295.22635,0.1091619,1391.3716
0.19,0.15,3.5897436,295.64444,0.12611401,1363.4049
0.19,0.15,4.1025643,296.0464,0.14272429,1335.8427
0.19,0.15,4.6153846,296.4324,0.15899792,1308.6865
0.19,0.15,5.1282053,296.80264,0.17493986,1281.9398
0.19,0.15,5.6410255,297.15747,0.19055504,1255.6044
0.19,0.15,6.1538463,297.49698,0.20584865,1229.6807
0.19,0.15,6.6666665,297.82147,0.22082584,1204.1702
0.19,0.15,7.179487,298.13104,0.23549151,1179.0732
0.19,0.15,7.6923075,298.42606,0.24985082,1154.3894
0.19,0.15,8.205129,298.70667,0.26390895,1130.1182
0.19,0.15,8.717949,298.97308,0.2776708,1106.2587
0.19,0.15,9.230769,299.22562,0.29114163,1082.8096
0.19,0.15,9.743589,299.46432,0.30432627,1059.7689
0.19,0.15,10.256411,299.68948,0.31722987,1037.1349
0.19,0.15,10.769231,299.90134,0.32985747,1014.90515
0.19,0.15,11.282051,300.1001,0.3422138,993.0772
0.19,0.15,11.794871,300.2859,0.354304,971.64777
0.19,0.15,12.307693,300.45892,0.36613292,950.6138
0.19,0.15,12.820513,300.61948,0.37770537,929.97205
0.19,0.15,13.333333,300.7677,0.38902614,909.71875
0.19,0.15,13.846154,300.9038,0.40010005,889.85016
0.19,0.15,14.358974,301.02798,0.41093174,870.36237
0.19,0.15,14.871795,301.1404,0.4215259,851.25104
0.19,0.15,15.384615,301.2413,0.43188712,832.512
0.19,0.15,15.897436,301.33084,0.44201994,814.1406
0.19,0.15,16.410257,301.40918,0.451929,796.1326
0.19,0.15,16.923077,301.47653,0.46161854,778.4831
0.19,0.15,17.435898,301.53305,0.47109312,761.18726
0.19,0.15,17.948717,301.579,0.48035687,744.2405
0.19,0.15,18.461538,301.61447,0.48941427,727.6375
0.19,0.15,18.97436,301.63965,0.49826944,711.37366
0.19,0.15,19.487179,301.65482,0.50692636,695.4437
0.19,0.15,20.0,301.66,0.51538926,679.8427
0.19,0.17,0.0,292.4476,0.0,1567.5776
0.19,0.17,0.51282054,292.96603,0.019106276,1537.2628
0.19,0.17,1.0256411,293.46713,0.03784184,1507.323
0.19,0.17,1.5384616,293.95105,0.056211233,1477.7648
0.19,0.17,2.0512822,294.41806,0.0742192,1448.5944
0.19,0.17,2.5641026,294.8684,0.09187053,1419.817
0.19,0.17,3.0769231,295.30222,0.10917014,1391.4371
0.19,0.17,3.5897436,295.71982,0.12612298,1363.4592
0.19,0.17,4.1025643,296.1213,0.14273384,1335.8861
0.19,0.17,4.6153846,296.50702,0.159008,1308.7212
0.19,0.17,5.1282053,296.8772,0.17495024,1281.9666
0.19,0.17,5.6410255,297.232,0.19056584,1255.6237
0.19,0.17,6.1538463,297.5716,0.2058596,1229.694
0.19,0.17,6.6666665,297.8963,0.22083685,1204.1779
0.19,0.17,7.179487,298.20627,0.23550266,1179.076
0.19,0.17,7.6923075,298.50177,0.24986193,1154.388
0.19,0.17,8.205129,298.78293,0.26392,1130.1129
0.19,0.17,8.717949,299.05005,0.27768174,1106.2504
0.19,0.17,9.230769,299.30328,0.29115248,1082.7983
0.19,0.17,9.743589,299.5429,0.30433697,1059.7555
0.19,0.17,10.256411,299.769,0.3172404,1037.1196
0.19,0.17,10.769231,299.98187,0.32986778,1014.8885
0.19,0.17,11.282051,300.18173,0.3422239,993.05914
0.19,0.17,11.794871,300.3687,0.3543139,971.62854
0.19,0.17,12.307693,300.5431,0.36614254,950.59406
0.19,0.17,12.820513,300.705,0.3777148,929.9517
0.19,0.17,13.333333,300.85464,0.38903525,909.69824
0.19,0.17,13.846154,300.99216,0.40010893,889.82935
0.19,0.17,14.358974,301.1179,0.41094038,870.34155
0.19,0.17,14.871795,301.2319,0.42153424,851.23035
0.19,0.17,15.384615,301.33444,0.4318952,832.4916
0.19,0.17,15.897436,301.42566,0.4420278,814.1206
0.19,0.17,16.410257,301.5058,0.4519366,796.1129
0.19,0.17,16.923077,301.5749,0.46162593,778.46405
0.19,0.17,17.435898,301.6333,0.47110027,761.1687
0.19,0.17,17.948717,301.68115,0.48036376,744.22253
0.19,0.17,18.461538,301.7185,0.48942104,727.6204
0.19,0.17,18.97436,301.7457,0.49827588,711.3573
0.19,0.17,19.487179,301.76282,0.5069327,695.42834
0.19,0.17,20.0,301.77008,0.51539546,679.82794
0.19,0.19,0.0,292.46198,0.0,1567.6073
0.19,0.19,0.51282054,292.97906,0.01910659,1537.2777
0.19,0.19,1.0256411,293.479,0.037842207,1507.3253
0.19,0.19,1.5384616,293.96194,0.056211546,1477.7562
0.19,0.19,2.0512822,294.42816,0.07421935,1448.5764
0.19,0.19,2.5641026,294.8779,0.09187043,1419.7911
0.19,0.19,3.0769231,295.31125,0.10916972,1391.4048
0.19,0.19,3.5897436,295.7285,0.12612209,1363.4211
0.19,0.19,4.1025643,296.12988,0.14273253,1335.8442
0.19,0.19,4.6153846,296.5156,0.15900606,1308.6757
0.19,0.19,5.1282053,296.8859,0.17494778,1281.9185
0.19,0.19,5.6410255,297.24097,0.19056267,1255.5736
0.19,0.19,6.1538463,297.581,0.20585585,1229.6427
0.19,0.19,6.6666665,297.90625,0.22083247,1204.1261
0.19,0.19,7.179487,298.21692,0.23549761,1179.024
0.19,0.19,7.6923075,298.51318,0.2498563,1154.3363
0.19,0.19,8.205129,298.79517,0.26391375,1130.0619
0.19,0.19,8.717949,299.0633,0.27767485,1106.2003
0.19,0.19,9.230769,299.31766,0.29114497,1082.7496
0.19,0.19,9.743589,299.5584,0.30432886,1059.7084
0.19,0.19,10.256411,299.78583,0.31723177,1037.0742
0.19,0.19,10.769231,300.0001,0.32985854,1014.8446
0.19,0.19,11.282051,300.20142,0.34221423,993.01733
0.19,0.19,11.794871,300.38992,0.35430363,971.58905
0.19,0.19,12.307693,300.5659,0.36613184,950.5565
0.19,0.19,12.820513,300.72943,0.37770364,929.9165
0.19,0.19,13.333333,300.8809,0.3890237,909.6652
0.19,0.19,13.846154,301.02032,0.40009698,889.7987
0.19,0.19,14.358974,301.1479,0.41092798,870.3132
0.19,0.19,14.871795,301.2639,0.4215216,851.2044
0.19,0.19,15.384615,301.36844,0.43188223,832.46796
0.19,0.19,15.897436,301.46173,0.44201458,814.0992
0.19,0.19,16.410257,301.5439,0.4519231,796.0938
0.19,0.19,16.923077,301.6153,0.46161222,778.4472
0.19,0.19,17.435898,301.67593,0.47108638,761.15405
0.19,0.19,17.948717,301.726,0.48034978,744.21014
0.19,0.19,18.461538,301.76572,0.48940676,727.61005
0.19,0.19,18.97436,301.7953,0.49826157,711.349
0.19,0.19,19.487179,301.81476,0.5069182,695.4221
0.19,0.19,20.0,301.82443,0.5153809,679.82385
0.19,0.21,0.0,292.40982,0.0,1567.501
0.19,0.21,0.51282054,292.92578,0.019105233,1537.1641
0.19,0.21,1.0256411,293.4247,0.03783939,1507.2056
0.19,0.21,1.5384616,293.9069,0.05620727,1477.6321
0.19,0.21,2.0512822,294.37253,0.07421351,1448.45
0.19,0.21,2.5641026,294.82184,0.09186302,1419.6632
0.19,0.21,3.0769231,295.25497,0.1091607,1391.2762
0.19,0.21,3.5897436,295.67218,0.1261115,1363.2932
0.19,0.21,4.1025643,296.07364,0.14272037,1335.7174
0.19,0.21,4.6153846,296.4597,0.1589924,1308.5511
0.19,0.21,5.1282053,296.83038,0.17493255,1281.7965
0.19,0.21,5.6410255,297.1859,0.19054602,1255.4551
0.19,0.21,6.1538463,297.52664,0.20583776,1229.528
0.19,0.21,6.6666665,297.85272,0.220813,1204.0156
0.19,0.21,7.179487,298.16428,0.23547679,1178.9178
0.19,0.21,7.6923075,298.46158,0.24983414,1154.235
0.19,0.21,8.205129,298.74487,0.26389045,1129.9656
0.19,0.21,8.717949,299.01425,0.27765042,1106.1089
0.19,0.21,9.230769,299.26996,0.2911194,1082.6636
0.19,0.21,9.743589,299.51224,0.30430222,1059.6273
0.19,0.21,10.256411,299.74127,0.31720415,1036.9984
0.19,0.21,10.769231,299.95718,0.32983008,1014.7741
0.19,0.21,11.282051,300.1603,0.34218484,992.9519
0.19,0.21,11.794871,300.3507,0.35427365,971.5288
0.19,0.21,12.307693,300.52856,0.3661011,950.5013
0.19,0.21,12.820513,300.69418,0.37767214,929.8663
0.19,0.21,13.333333,300.84775,0.3889917,909.6196
0.19,0.21,13.846154,300.98935,0.40006444,889.75806
0.19,0.21,14.358974,301.1192,0.41089496,870.27716
0.19,0.21,14.871795,301.2375,0.42148814,851.1729
0.19,0.21,15.384615,301.34445,0.43184844,832.44073
0.19,0.21,15.897436,301.44016,0.44198045,814.07635
0.19,0.21,16.410257,301.52484,0.4518888,796.07513
0.19,0.21,16.923077,301.59875,0.46157765,778.4324
0.19,0.21,17.435898,301.66193,0.47105163,761.1431
0.19,0.21,17.948717,301.71466,0.48031494,744.2028
0.19,0.21,18.461538,301.7571,0.4893718,727.6064
0.19,0.21,18.97436,301.78937,0.49822664,711.3487
0.19,0.21,19.487179,301.81165,0.5068833,695.4249
0.19,0.21,20.0,301.82407,0.5153461,679.82983
0.19,0.23,0.0,292.2927,0.0,1567.2615
0.19,0.23,0.51282054,292.80768,0.01910226,1536.9237
0.19,0.23,1.0256411,293.3059,0.037833497,1506.9662
0.19,0.23,1.5384616,293.78748,0.056198455,1477.3954
0.19,0.23,2.0512822,294.25272,0.07420178,1448.2161
0.19,0.23,2.5641026,294.70178,0.09184842,1419.4341
0.19,0.23,3.0769231,295.13492,0.10914333,1391.0529
0.19,0.23,3.5897436,295.5523,0.12609148,1363.0762
0.19,0.23,4.1025643,295.9541,0.14269769,1335.5073
0.19,0.23,4.6153846,296.34058,0.15896715,1308.3489
0.19,0.23,5.1282053,296.71188,0.17490485,1281.6022
0.19,0.23,5.6410255,297.0683,0.19051598,1255.2692
0.19,0.23,6.1538463,297.4099,0.20580547,1229.3506
0.19,0.23,6.6666665,297.73703,0.22077864,1203.847
0.19,0.23,7.179487,298.0498,0.2354404,1178.7584
0.19,0.23,7.6923075,298.34848,0.24979585,1154.0844
0.19,0.23,8.205129,298.63318,0.26385033,1129.8241
0.19,0.23,8.717949,298.90414,0.27760863,1105.9766
0.19,0.23,9.230769,299.1616,0.29107606,1082.5398
0.19,0.23,9.743589,299.40567,0.30425742,1059.5128
0.19,0.23,10.256411,299.63657,0.31715798,1036.8925
0.19,0.23,10.769231,299.85446,0.3297826,1014.67676
0.19,0.23,11.282051,300.05975,0.3421363,992.86304
0.19,0.23,11.794871,300.25226,0.35422394,971.44794
0.19,0.23,12.307693,300.4325,0.36605048,950.4284
0.19,0.23,12.820513,300.6005,0.37762076,929.8009
0.19,0.23,13.333333,300.7564,0.38893956,909.56195
0.19,0.23,13.846154,300.90054,0.4000115,889.70746
0.19,0.23,14.358974,301.03293,0.4108415,870.23364
0.19,0.23,14.871795,301.1539,0.4214342,851.1359
0.19,0.23,15.384615,301.26358,0.43179414,832.4103
0.19,0.23,15.897436,301.3621,0.4419258,814.0521
0.19,0.23,16.410257,301.44965,0.4518338,796.0567
0.19,0.23,16.923077,301.52637,0.46152246,778.4196
0.19,0.23,17.435898,301.59253,0.47099638,761.1357
0.19,0.23,17.948717,301.6483,0.48025954,744.20056
0.19,0.23,18.461538,301.69373,0.48931652,727.60895
0.19,0.23,18.97436,301.7291,0.4981714,711.35596
0.19,0.23,19.487179,301.75452,0.5068282,695.43665
0.19,0.23,20.0,301.77014,0.5152911,679.8457
0.19,0.25,0.0,292.11234,0.0,1566.8914
0.19,0.25,0.51282054,292.62643,0.019097827,1536.5596
0.19,0.25,1.0256411,293.12396,0.03782458,1506.6093
0.19,0.25,1.5384616,293.60513,0.056185104,1477.047
0.19,0.25,2.0512822,294.0702,0.074184254,1447.8776
0.19,0.25,2.5641026,294.51923,0.091826774,1419.1061
0.19,0.25,3.0769231,294.95248,0.109117776,1390.7365
0.19,0.25,3.5897436,295.37024,0.126062,1362.7717
0.19,0.25,4.1025643,295.7726,0.14266458,1335.2155
0.19,0.25,4.6153846,296.15973,0.15893054,1308.0697
0.19,0.25,5.1282053,296.53192,0.17486492,1281.3363
0.19,0.25,5.6410255,296.88934,0.19047284,1255.0165
0.19,0.25,6.1538463,297.23215,0.20575932,1229.1113
0.19,0.25,6.6666665,297.5606,0.22072956,1203.621
0.19,0.25,7.179487,297.87488,0.23538867,1178.5459
0.19,0.25,7.6923075,298.1751,0.24974155,1153.8854
0.19,0.25,8.205129,298.46155,0.26379374,1129.6382
0.19,0.25,8.717949,298.73434,0.27754974,1105.8035
0.19,0.25,9.230769,298.99374,0.29101515,1082.3795
0.19,0.25,9.743589,299.23987,0.3041947,1059.3649
0.19,0.25,10.256411,299.473,0.31709343,1036.7567
0.19,0.25,10.769231,299.69324,0.32971647,1014.55273
0.19,0.25,11.282051,299.90082,0.3420687,992.7504
0.19,0.25,11.794871,300.0959,0.354155,971.3465
0.19,0.25,12.307693,300.27866,0.3659804,950.33777
0.19,0.25,12.820513,300.4493,0.3775496,929.7207
0.19,0.25,13.333333,300.60797,0.38886744,909.4917
0.19,0.25,13.846154,300.75494,0.3999387,889.6468
0.19,0.25,14.358974,300.8903,0.41076803,870.18207
0.19,0.25,14.871795,301.01422,0.42136008,851.0934
0.19,0.25,15.384615,301.1269,0.4317195,832.376
0.19,0.25,15.897436,301.22852,0.44185078,814.0258
0.19,0.25,16.410257,301.31924,0.4517585,796.03815
0.19,0.25,16.923077,301.3993,0.46144706,778.4085
0.19,0.25,17.435898,301.46872,0.47092074,761.13165
0.19,0.25,17.948717,301.52777,0.48018402,744.2031
0.19,0.25,18.461538,301.57666,0.48924106,727.6177
0.19,0.25,18.97436,301.61542,0.49809605,711.3707
0.19,0.25,19.487179,301.64438,0.5067531,695.45703
0.19,0.25,20.0,301.6635,0.51521635,679.8714
0.19,0.27,0.0,291.8701,0.0,1566.3933
0.19,0.27,0.51282054,292.38342,0.019091725,1536.074
0.19,0.27,1.0256411,292.88052,0.037812635,1506.1375
0.19,0.27,1.5384616,293.36142,0.056167424,1476.5897
0.19,0.27,2.0512822,293.8264,0.074161045,1447.436
0.19,0.27,2.5641026,294.2756,0.091798246,1418.6808
0.19,0.27,3.0769231,294.70926,0.109084085,1390.328
0.19,0.27,3.5897436,295.1275,0.12602347,1362.3811
0.19,0.27,4.1025643,295.53055,0.14262123,1334.8425
0.19,0.27,4.6153846,295.91858,0.1588827,1307.7147
0.19,0.27,5.1282053,296.2919,0.17481285,1280.9993
0.19,0.27,5.6410255,296.65054,0.19041672,1254.6978
0.19,0.27,6.1538463,296.99472,0.20569938,1228.811
0.19,0.27,6.6666665,297.3247,0.22066608,1203.3384
0.19,0.27,7.179487,297.64062,0.23532179,1178.2812
0.19,0.27,7.6923075,297.94272,0.24967162,1153.6381
0.19,0.27,8.205129,298.23117,0.26372072,1129.4081
0.19,0.27,8.717949,298.50604,0.2774741,1105.5901
0.19,0.27,9.230769,298.76767,0.29093692,1082.1826
0.19,0.27,9.743589,299.01617,0.30411416,1059.1838
0.19,0.27,10.256411,299.2517,0.31701076,1036.5912
0.19,0.27,10.769231,299.47455,0.3296319,1014.40234
0.19,0.27,11.282051,299.6848,0.34198233,992.61444
0.19,0.27,11.794871,299.88266,0.35406715,971.2246
0.19,0.27,12.307693,300.0683,0.36589107,950.22943
0.19,0.27,12.820513,300.24185,0.377459,929.6252
0.19,0.27,13.333333,300.40366,0.38877574,909.4089
0.19,0.27,13.846154,300.55374,0.39984608,889.5759
0.19,0.27,14.358974,300.69226,0.41067457,870.1228
0.19,0.27,14.871795,300.8195,0.42126596,851.04474
0.19,0.27,15.384615,300.93555,0.43162483,832.33795
0.19,0.27,15.897436,301.0406,0.44175577,813.99774
0.19,0.27,16.410257,301.1349,0.45166317,796.0195
0.19,0.27,16.923077,301.2184,0.46135157,778.39874
0.19,0.27,17.435898,301.2915,0.4708253,761.13055
0.19,0.27,17.948717,301.35422,0.48008847,744.21
0.19,0.27,18.461538,301.4068,0.48914567,727.6323
0.19,0.27,18.97436,301.44937,0.4980008,711.39246
0.19,0.27,19.487179,301.48215,0.5066582,695.4856
0.19,0.27,20.0,301.50522,0.5151218,679.9065
0.19,0.29,0.0,291.5675,0.0,1565.7697
0.19,0.29,0.51282054,292.0803,0.019084163,1535.4685
0.19,0.29,1.0256411,292.57703,0.03779777,1505.5516
0.19,0.29,1.5384616,293.0578,0.05614552,1476.0249
0.19,0.29,2.0512822,293.52286,0.074132256,1446.8927
0.19,0.29,2.5641026,293.97232,0.09176294,1418.1597
0.19,0.29,3.0769231,294.4064,0.109042466,1389.8295
0.19,0.29,3.5897436,294.8254,0.12597579,1361.9053
0.19,0.29,4.1025643,295.22937,0.14256799,1334.3899
0.19,0.29,4.6153846,295.61853,0.158824,1307.2849
0.19,0.29,5.1282053,295.993,0.17474897,1280.5929
0.19,0.29,5.6410255,296.3531,0.190348,1254.3142
0.19,0.29,6.1538463,296.6989,0.20562606,1228.4496
0.19,0.29,6.6666665,297.0307,0.22058848,1203.0
0.19,0.29,7.179487,297.34848,0.23524013,1177.9645
0.19,0.29,7.6923075,297.65265,0.24958614,1153.3428
0.19,0.29,8.205129,297.94324,0.26363182,1129.1338
0.19,0.29,8.717949,298.22046,0.2773819,1105.3365
0.19,0.29,9.230769,298.48456,0.29084173,1081.9492
0.19,0.29,9.743589,298.73563,0.3040162,1058.9696
0.19,0.29,10.256411,298.9739,0.31691036,1036.3958
0.19,0.29,10.769231,299.1996,0.32952914,1014.22516
0.19,0.29,11.282051,299.41272,0.34187755,992.455
0.19,0.29,11.794871,299.61368,0.3539604,971.082
0.19,0.29,12.307693,299.80246,0.36578268,950.1031
0.19,0.29,12.820513,299.9793,0.3773492,929.51465
0.19,0.29,13.333333,300.14438,0.38866466,909.31305
0.19,0.29,13.846154,300.29788,0.3997339,889.4945
0.19,0.29,14.358974,300.43994,0.4105615,870.05493
0.19,0.29,14.871795,300.57077,0.42115214,850.9901
0.19,0.29,15.384615,300.6905,0.43151048,832.2957
0.19,0.29,15.897436,300.7993,0.4416409,813.9674
0.19,0.29,16.410257,300.8973,0.451548,796.00037
0.19,0.29,16.923077,300.9848,0.46123615,778.3902
0.19,0.29,17.435898,301.0618,0.47070983,761.13214
0.19,0.29,17.948717,301.12854,0.47997323,744.2212
0.19,0.29,18.461538,301.18524,0.48903057,727.6525
0.19,0.29,18.97436,301.23187,0.49788606,711.4212
0.19,0.29,19.487179,301.26877,0.5065438,695.5224
0.19,0.29,20.0,301.29602,0.5150079,679.95074
0.19,0.31,0.0,291.20618,0.0,1565.0233
0.19,0.31,0.51282054,291.7184,0.019075088,1534.7467
0.19,0.31,1.0256411,292.2149,0.037779987,1504.8557
0.19,0.31,1.5384616,292.69562,0.056119338,1475.355
0.19,0.31,2.0512822,293.16086,0.07409799,1446.2498
0.19,0.31,2.5641026,293.61084,0.0917209,1417.5443
0.19,0.31,3.0769231,294.0456,0.108993076,1389.2421
0.19,0.31,3.5897436,294.4654,0.12591937,1361.346
0.19,0.31,4.1025643,294.87036,0.14250483,1333.8583
0.19,0.31,4.6153846,295.2608,0.15875441,1306.7819
0.19,0.31,5.1282053,295.63675,0.17467341,1280.1173
0.19,0.31,5.6410255,295.99844,0.19026673,1253.866
0.19,0.31,6.1538463,296.346,0.20553948,1228.0288
0.19,0.31,6.6666665,296.67972,0.22049685,1202.6056
0.19,0.31,7.179487,296.9996,0.2351438,1177.5963
0.19,0.31,7.6923075,297.30603,0.2494855,1153.0001
0.19,0.31,8.205129,297.59903,0.26352704,1128.8159
0.19,0.31,8.717949,297.87888,0.27727342,1105.043
0.19,0.31,9.230769,298.1456,0.29072982,1081.679
0.19,0.31,9.743589,298.3995,0.3039011,1058.7225
0.19,0.31,10.256411,298.64075,0.31679228,1036.1708
0.19,0.31,10.769231,298.86948,0.3294084,1014.02155
0.19,0.31,11.282051,299.08585,0.34175444,992.27185
0.19,0.31,11.794871,299.29004,0.35383523,970.91846
0.19,0.31,12.307693,299.48224,0.3656556,949.9586
0.19,0.31,12.820513,299.6626,0.37722045,929.3882
0.19,0.31,13.333333,299.8313,0.3885345,909.20416
0.19,0.31,13.846154,299.9885,0.3996024,889.40234
0.19,0.31,14.358974,300.13434,0.41042897,869.97864
0.19,0.31,14.871795,300.26904,0.42101878,850.929
0.19,0.31,15.384615,300.39276,0.43137643,832.2491
0.19,0.31,15.897436,300.50558,0.44150648,813.9345
0.19,0.31,16.410257,300.60773,0.45141324,795.9804
0.19,0.31,16.923077,300.69937,0.4611013,778.38257
0.19,0.31,17.435898,300.78064,0.47057486,761.13617
0.19,0.31,17.948717,300.85168,0.4798383,744.2362
0.19,0.31,18.461538,300.91266,0.48889583,727.67804
0.19,0.31,18.97436,300.96378,0.49775183,711.4565
0.19,0.31,19.487179,301.0051,0.50641,695.5668
0.19,0.31,20.0,301.03693,0.5148747,680.00385
0.19,0.33,0.0,290.78745,0.0,1564.1565
0.19,0.33,0.51282054,291.29935,0.019064657,1533.9103
0.19,0.33,1.0256411,291.79562,0.037759334,1504.0504
0.19,0.33,1.5384616,292.27646,0.056089036,1474.5817
0.19,0.33,2.0512822,292.742,0.074058406,1445.5092
0.19,0.33,2.5641026,293.19247,0.0916724,1416.8364
0.19,0.33,3.0769231,293.62802,0.10893597,1388.5671
0.19,0.33,3.5897436,294.0488,0.12585422,1360.704
0.19,0.33,4.1025643,294.455,0.14243191,1333.2495
0.19,0.33,4.6153846,294.84674,0.1586743,1306.2054
0.19,0.33,5.1282053,295.22427,0.17458636,1279.5735
0.19,0.33,5.6410255,295.58768,0.19017322,1253.3541
0.19,0.33,6.1538463,295.9373,0.20543987,1227.5486
0.19,0.33,6.6666665,296.27304,0.22039145,1202.1559
0.19,0.33,7.179487,296.5953,0.23503312,1177.1766
0.19,0.33,7.6923075,296.90414,0.2493698,1152.6101
0.19,0.33,8.205129,297.19977,0.26340675,1128.4547
0.19,0.33,8.717949,297.4823,0.27714884,1104.7096
0.19,0.33,9.230769,297.75192,0.2906013,1081.3726
0.19,0.33,9.743589,298.0089,0.3037689,1058.4423
0.19,0.33,10.256411,298.25336,0.31665683,1035.9159
0.19,0.33,10.769231,298.48532,0.32927004,1013.7908
0.19,0.33,11.282051,298.7051,0.34161335,992.0645
0.19,0.33,11.794871,298.91284,0.3536917,970.7341
0.19,0.33,12.307693,299.10873,0.36550993,949.7957
0.19,0.33,12.820513,299.29285,0.37707293,929.24634
0.19,0.33,13.333333,299.46542,0.38838533,909.0821
0.19,0.33,13.846154,299.6266,0.39945185,889.29913
0.19,0.33,14.358974,299.77646,0.4102773,869.89343
0.19,0.33,14.871795,299.9153,0.4208662,850.8611
0.19,0.33,15.384615,300.04324,0.4312231,832.1976
0.19,0.33,15.897436,300.16037,0.44135252,813.89856
0.19,0.33,16.410257,300.26697,0.45125896,795.9594
0.19,0.33,16.923077,300.36307,0.46094692,778.37555
0.19,0.33,17.435898,300.4488,0.47042036,761.1423
0.19,0.33,17.948717,300.52454,0.47968408,744.25494
0.19,0.33,18.461538,300.59015,0.488742,727.7083
0.19,0.33,18.97436,300.64597,0.4975983,711.49805
0.19,0.33,19.487179,300.69214,0.50625706,695.6188
0.19,0.33,20.0,300.72876,0.5147225,680.06555
0.19,0.35,0.0,290.31293,0.0,1563.172
0.19,0.35,0.51282054,290.82446,0.019052766,1532.9615
0.19,0.35,1.0256411,291.32065,0.03773602,1503.1383
0.19,0.35,1.5384616,291.8016,0.056054667,1473.7072
0.19,0.35,2.0512822,292.26755,0.07401355,1444.6721
0.19,0.35,2.5641026,292.7187,0.09161748,1416.0377
0.19,0.35,3.0769231,293.15506,0.10887145,1387.8063
0.19,0.35,3.5897436,293.57697,0.12578058,1359.9808
0.19,0.35,4.1025643,293.9844,0.14234962,1332.5643
0.19,0.35,4.6153846,294.37772,0.15858376,1305.5575
0.19,0.35,5.1282053,294.75696,0.1744881,1278.9623
0.19,0.35,5.6410255,295.1223,0.19006766,1252.7794
0.19,0.35,6.1538463,295.4739,0.20532742,1227.009
0.19,0.35,6.6666665,295.81198,0.22027269,1201.6515
0.19,0.35,7.179487,296.13672,0.23490827,1176.7064
0.19,0.35,7.6923075,296.44812,0.24923941,1152.173
0.19,0.35,8.205129,296.74655,0.26327115,1128.05
0.19,0.35,8.717949,297.03204,0.27700844,1104.3362
0.19,0.35,9.230769,297.30478,0.2904564,1081.03
0.19,0.35,9.743589,297.565,0.3036201,1058.1289
0.19,0.35,10.256411,297.8127,0.3165043,1035.631
0.19,0.35,10.769231,298.04825,0.32911414,1013.5333
0.19,0.35,11.282051,298.2717,0.34145448,991.8335
0.19,0.35,11.794871,298.4832,0.35353014,970.5285
0.19,0.35,12.307693,298.6829,0.365346,949.6144
0.19,0.35,12.820513,298.871,0.37690687,929.0882
0.19,0.35,13.333333,299.0477,0.38821748,908.94617
0.19,0.35,13.846154,299.21304,0.3992825,889.1846
0.19,0.35,14.358974,299.3673,0.41010666,869.7993
0.19,0.35,14.871795,299.51056,0.42069444,850.7863
0.19,0.35,15.384615,299.64294,0.43105057,832.14105
0.19,0.35,15.897436,299.76468,0.44117942,813.8593
0.19,0.35,16.410257,299.8759,0.4510855,795.93677
0.19,0.35,16.923077,299.97675,0.46077323,778.3686
0.19,0.35,17.435898,300.06732,0.4702468,761.1502
0.19,0.35,17.948717,300.14786,0.4795106,744.2767
0.19,0.35,18.461538,300.21848,0.48856884,727.7434
0.19,0.35,18.97436,300.27933,0.49742565,711.5453
0.19,0.35,19.487179,300.3306,0.5060851,695.67773
0.19,0.35,20.0,300.37228,0.5145514,680.1354
0.19,0.37,0.0,289.784,0.0,1562.0725
0.19,0.37,0.51282054,290.29523,0.019039467,1531.9034
0.19,0.37,1.0256411,290.79132,0.037709944,1502.1223
0.19,0.37,1.5384616,291.27255,0.056016386,1472.7335
0.19,0.37,2.0512822,291.73898,0.073963486,1443.7415
0.19,0.37,2.5641026,292.1908,0.09155625,1415.1493
0.19,0.37,3.0769231,292.62814,0.10879953,1386.9609
0.19,0.37,3.5897436,293.05118,0.12569854,1359.1781
0.19,0.37,4.1025643,293.46008,0.14225799,1331.8037
0.19,0.37,4.6153846,293.85495,0.158483,1304.8386
0.19,0.37,5.1282053,294.23605,0.17437872,1278.2844
0.19,0.37,5.6410255,294.60336,0.18995021,1252.142
0.19,0.37,6.1538463,294.95724,0.2052024,1226.4115
0.19,0.37,6.6666665,295.29773,0.22014049,1201.0929
0.19,0.37,7.179487,295.62503,0.2347695,1176.1857
0.19,0.37,7.6923075,295.9392,0.24909438,1151.6893
0.19,0.37,8.205129,296.2406,0.26312044,1127.6022
0.19,0.37,8.717949,296.5292,0.2768525,1103.9233
0.19,0.37,9.230769,296.80518,0.29029557,1080.6506
0.19,0.37,9.743589,297.06876,0.30345473,1057.7826
0.19,0.37,10.256411,297.32013,0.3163349,1035.3159
0.19,0.37,10.769231,297.5593,0.3289411,1013.24884
0.19,0.37,11.282051,297.78662,0.34127805,991.5781
0.19,0.37,11.794871,298.00208,0.35335073,970.3012
0.19,0.37,12.307693,298.2059,0.36516398,949.41406
0.19,0.37,12.820513,298.3982,0.3767225,928.91376
0.19,0.37,13.333333,298.57916,0.38803118,908.79645
0.19,0.37,13.846154,298.74896,0.39909446,889.05835
0.19,0.37,14.358974,298.90778,0.40991712,869.6955
0.19,0.37,14.871795,299.05563,0.4205039,850.70386
0.19,0.37,15.384615,299.1928,0.43085906,832.07904
0.19,0.37,15.897436,299.31937,0.44098735,813.8167
0.19,0.37,16.410257,299.4355,0.450893,795.9123
0.19,0.37,16.923077,299.5413,0.46058053,778.3613
0.19,0.37,17.435898,299.637,0.47005415,761.1593
0.19,0.37,17.948717,299.72272,0.4793181,744.30133
0.19,0.37,18.461538,299.79852,0.48837677,727.7825
0.19,0.37,18.97436,299.8647,0.49723414,711.5982
0.19,0.37,19.487179,299.92123,0.5058943,695.7434
0.19,0.37,20.0,299.9684,0.51436144,680.213
0.19,0.39,0.0,289.20218,0.0,1560.8606
0.19,0.39,0.51282054,289.713,0.019024812,1530.7379
0.19,0.39,1.0256411,290.20917,0.03768131,1501.0035
0.19,0.39,1.5384616,290.69064,0.055974245,1471.6622
0.19,0.39,2.0512822,291.1576,0.07390846,1442.7179
0.19,0.39,2.5641026,291.61017,0.09148892,1414.1735
0.19,0.39,3.0769231,292.0485,0.10872047,1386.0322
0.19,0.39,3.5897436,292.4728,0.12560833,1358.2965
0.19,0.39,4.1025643,292.8832,0.14215717,1330.9685
0.19,0.39,4.6153846,293.2798,0.15837228,1304.0498
0.19,0.39,5.1282053,293.66278,0.17425856,1277.541
0.19,0.39,5.6410255,294.0323,0.18982108,1251.4429
0.19,0.39,6.1538463,294.38846,0.20506498,1225.7561
0.19,0.39,6.6666665,294.7315,0.21999529,1200.4803
0.19,0.39,7.179487,295.06155,0.23461694,1175.6147
0.19,0.39,7.6923075,295.37863,0.2489351,1151.1587
0.19,0.39,8.205129,295.683,0.2629549,1127.1112
0.19,0.39,8.717949,295.9749,0.27668113,1103.4707
0.19,0.39,9.230769,296.25436,0.2901188,1080.2351
0.19,0.39,9.743589,296.52148,0.30327317,1057.4026
0.19,0.39,10.256411,296.7766,0.31614888,1034.971
0.19,0.39,10.769231,297.01968,0.32875106,1012.9368
0.19,0.39,11.282051,297.25095,0.34108436,991.2984
0.19,0.39,11.794871,297.47058,0.3531538,970.052
0.19,0.39,12.307693,297.67865,0.36496407,949.1945
0.19,0.39,12.820513,297.8754,0.37652022,928.72266
0.19,0.39,13.333333,298.06094,0.3878266,908.63226
0.19,0.39,13.846154,298.23538,0.39888805,888.91986
0.19,0.39,14.358974,298.39886,0.40970924,869.5818
0.19,0.39,14.871795,298.55164,0.42029473,850.6135
0.19,0.39,15.384615,298.6937,0.4306489,832.0109
0.19,0.39,15.897436,298.82535,0.44077638,813.7697
0.19,0.39,16.410257,298.94662,0.45068163,795.88544
0.19,0.39,16.923077,299.05765,0.4603688,778.3536
0.19,0.39,17.435898,299.15875,0.4698425,761.1693
0.19,0.39,17.948717,299.2498,0.47910672,744.3283
0.19,0.39,18.461538,299.33112,0.4881658,727.8254
0.19,0.39,18.97436,299.40277,0.49702385,711.656
0.19,0.39,19.487179,299.465,0.5056848,695.8153
0.19,0.39,20.0,299.51785,0.5141529,680.2982
0.21,0.01,0.0,289.73917,0.0,1562.0776
0.21,0.01,0.51282054,290.27237,0.019040875,1532.1285
0.21,0.01,1.0256411,290.7872,0.037715368,1502.5352
0.21,0.01,1.5384616,291.284,0.05602791,1473.3057
0.21,0.01,2.0512822,291.76303,0.07398289,1444.4459
0.21,0.01,2.5641026,292.2245,0.09158499,1415.963
0.21,0.01,3.0769231,292.6687,0.10883896,1387.8629
0.21,0.01,3.5897436,293.0959,0.1257494,1360.1494
0.21,0.01,4.1025643,293.50635,0.14232114,1332.8274
0.21,0.01,4.6153846,293.9002,0.15855905,1305.8994
0.21,0.01,5.1282053,294.27786,0.17446801,1279.369
0.21,0.01,5.6410255,294.63943,0.19005285,1253.2388
0.21,0.01,6.1538463,294.98526,0.20531856,1227.5103
0.21,0.01,6.6666665,295.3156,0.22027013,1202.1843
0.21,0.01,7.179487,295.63065,0.23491248,1177.2622
0.21,0.01,7.6923075,295.93054,0.24925053,1152.744
0.21,0.01,8.205129,296.21576,0.26328942,1128.6298
0.21,0.01,8.717949,296.48633,0.27703384,1104.9186
0.21,0.01,9.230769,296.74258,0.29048908,1081.6097
0.21,0.01,9.743589,296.98468,0.30365968,1058.7017
0.21,0.01,10.256411,297.21292,0.31655103,1036.1927
0.21,0.01,10.769231,297.42752,0.32916766,1014.08093
0.21,0.01,11.282051,297.62863,0.34151462,992.36414
0.21,0.01,11.794871,297.81653,0.35359675,971.0393
0.21,0.01,12.307693,297.9914,0.3654187,950.104
0.21,0.01,12.820513,298.15353,0.3769855,929.5546
0.21,0.01,13.333333,298.30307,0.38830167,909.3882
0.21,0.01,13.846154,298.4402,0.39937198,889.6011
0.21,0.01,14.358974,298.5652,0.41020104,870.18945
0.21,0.01,14.871795,298.67822,0.42079347,851.1493
0.21,0.01,15.384615,298.7795,0.43115395,832.47675
0.21,0.01,15.897436,298.86917,0.44128674,814.1674
0.21,0.01,16.410257,298.9475,0.45119643,796.2171
0.21,0.01,16.923077,299.01474,0.46088743,778.6211
0.21,0.01,17.435898,299.07098,0.47036394,761.3749
0.21,0.01,17.948717,299.11642,0.47963026,744.47406
0.21,0.01,18.461538,299.15134,0.48869088,727.9135
0.21,0.01,18.97436,299.17575,0.49754965,711.6886
0.21,0.01,19.487179,299.19003,0.5062107,695.79456
0.21,0.01,20.0,299.19427,0.51467824,680.22626
0.21,0.03,0.0,290.34177,0.0,1563.2667
0.21,0.03,0.51282054,290.87177,0.019055113,1533.242
0.21,0.03,1.0256411,291.3836,0.0377428,1503.577
0.21,0.03,1.5384616,291.87747,0.056067705,1474.2788
0.21,0.03,2.0512822,292.35364,0.07403431,1445.354
0.21,0.03,2.5641026,292.81235,0.09164721,1416.8093
0.21,0.03,3.0769231,293.2539,0.10891114,1388.6494
0.21,0.03,3.5897436,293.67853,0.12583096,1360.8793
0.21,0.03,4.1025643,294.08646,0.14241137,1333.5032
0.21,0.03,4.6153846,294.47797,0.15865725,1306.5244
0.21,0.03,5.1282053,294.85327,0.17457357,1279.9454
0.21,0.03,5.6410255,295.21265,0.1901653,1253.769
0.21,0.03,6.1538463,295.55627,0.20543726,1227.9966
0.21,0.03,6.6666665,295.88446,0.22039458,1202.6289
0.21,0.03,7.179487,296.19748,0.23504215,1177.6674
0.21,0.03,7.6923075,296.49548,0.24938488,1153.1117
0.21,0.03,8.205129,296.77872,0.2634281,1128.9619
0.21,0.03,8.717949,297.04755,0.27717644,1105.217
0.21,0.03,9.230769,297.30197,0.29063505,1081.8765
0.21,0.03,9.743589,297.5424,0.30380884,1058.9385
0.21,0.03,10.256411,297.76892,0.3167029,1036.4011
0.21,0.03,10.769231,297.98187,0.32932192,1014.2627
0.21,0.03,11.282051,298.18143,0.34167087,992.5206
0.21,0.03,11.794871,298.3678,0.35375482,971.1721
0.21,0.03,12.307693,298.54123,0.3655783,950.2144
0.21,0.03,12.820513,298.70193,0.37714627,929.6441
0.21,0.03,13.333333,298.85007,0.3884635,909.45825
0.21,0.03,13.846154,298.98587,0.39953455,889.6526
0.21,0.03,14.358974,299.1096,0.41036418,870.2237
0.21,0.03,14.871795,299.22134,0.420957,851.16754
0.21,0.03,15.384615,299.32135,0.4313175,832.4799
0.21,0.03,15.897436,299.40994,0.44145024,814.1567
0.21,0.03,16.410257,299.48712,0.45135975,796.19324
0.21,0.03,16.923077,299.5532,0.46105027,778.58514
0.21,0.03,17.435898,299.60834,0.47052634,761.3278
0.21,0.03,17.948717,299.65274,0.4797921,744.41656
0.21,0.03,18.461538,299.6866,0.48885193,727.8464
0.21,0.03,18.97436,299.71005,0.49770972,711.61273
0.21,0.03,19.487179,299.72336,0.5063698,695.71063
0.21,0.03,20.0,299.72662,0.51483613,680.13495
0.21,0.05,0.0,290.86438,0.0,1564.2988
0.21,0.05,0.51282054,291.3915,0.019067422,1534.2075
0.21,0.05,1.0256411,291.90057,0.037766635,1504.4786
0.21,0.05,1.5384616,292.3918,0.05610223,1475.1199
0.21,0.05,2.0512822,292.86542,0.0740788,1446.1375
0.21,0.05,2.5641026,293.32175,0.09170098,1417.5378
0.21,0.05,3.0769231,293.76096,0.10897357,1389.3259
0.21,0.05,3.5897436,294.18335,0.12590137,1361.5065
0.21,0.05,4.1025643,294.5891,0.14248922,1334.083
0.21,0.05,4.6153846,294.97855,0.15874201,1307.0594
0.21,0.05,5.1282053,295.35187,0.17466469,1280.438
0.21,0.05,5.6410255,295.70935,0.19026214,1254.2212
0.21,0.05,6.1538463,296.05124,0.20553944,1228.4105
0.21,0.05,6.6666665,296.37772,0.2205016,1203.007
0.21,0.05,7.179487,296.68903,0.23515365,1178.0111
0.21,0.05,7.6923075,296.98547,0.24950045,1153.4231
0.21,0.05,8.205129,297.2672,0.2635472,1129.2427
0.21,0.05,8.717949,297.53452,0.27729893,1105.469
0.21,0.05,9.230769,297.78763,0.29076043,1082.1011
0.21,0.05,9.743589,298.0267,0.3039369,1059.1371
0.21,0.05,10.256411,298.252,0.31683314,1036.5754
0.21,0.05,10.769231,298.46375,0.32945424,1014.4142
0.21,0.05,11.282051,298.66217,0.34180495,992.6507
0.21,0.05,11.794871,298.84747,0.3538903,971.28186
0.21,0.05,12.307693,299.0198,0.36571503,950.30524
0.21,0.05,12.820513,299.1795,0.37728405,929.71704
0.21,0.05,13.333333,299.32675,0.38860202,909.51434
0.21,0.05,13.846154,299.46164,0.3996737,889.69305
0.21,0.05,14.358974,299.58447,0.4105037,870.2497
0.21,0.05,14.871795,299.69543,0.42109677,851.1798
0.21,0.05,15.384615,299.7947,0.43145737,832.4795
0.21,0.05,15.897436,299.8825,0.44159,814.14435
0.21,0.05,16.410257,299.95898,0.45149928,796.16986
0.21,0.05,16.923077,300.02444,0.4611895,778.5517
0.21,0.05,17.435898,300.07892,0.47066504,761.2849
0.21,0.05,17.948717,300.1227,0.47993025,744.365
0.21,0.05,18.461538,300.156,0.4889893,727.7869
0.21,0.05,18.97436,300.17896,0.49784636,711.5459
0.21,0.05,19.487179,300.1917,0.5065056,695.6369
0.21,0.05,20.0,300.1945,0.51497114,680.0552
0.21,0.07,0.0,291.30887,0.0,1565.1779
0.21,0.07,0.51282054,291.83344,0.0190778,1535.028
0.21,0.07,1.0256411,292.33997,0.037786767,1505.243
0.21,0.07,1.5384616,292.82886,0.05613149,1475.8309
0.21,0.07,2.0512822,293.30023,0.074116506,1446.7985
0.21,0.07,2.5641026,293.75443,0.09174656,1418.1511
0.21,0.07,3.0769231,294.1916,0.1090264,1389.8943
0.21,0.07,3.5897436,294.61206,0.12596093,1362.0319
0.21,0.07,4.1025643,295.01605,0.14255506,1334.568
0.21,0.07,4.6153846,295.40375,0.1588135,1307.5061
0.21,0.07,5.1282053,295.77548,0.17474142,1280.8485
0.21,0.07,5.6410255,296.1314,0.19034383,1254.5974
0.21,0.07,6.1538463,296.47186,0.20562547,1228.7543
0.21,0.07,6.6666665,296.797,0.22059172,1203.3198
0.21,0.07,7.179487,297.10706,0.23524737,1178.2948
0.21,0.07,7.6923075,297.40228,0.24959752,1153.6796
0.21,0.07,8.205129,297.6829,0.26364735,1129.4733
0.21,0.07,8.717949,297.94913,0.2774017,1105.6752
0.21,0.07,9.230769,298.20126,0.2908656,1082.2843
0.21,0.07,9.743589,298.4394,0.30404416,1059.2985
0.21,0.07,10.256411,298.66385,0.31694227,1036.7167
0.21,0.07,10.769231,298.87482,0.329565,1014.53625
0.21,0.07,11.282051,299.0725,0.34191716,992.7546
0.21,0.07,11.794871,299.25714,0.35400358,971.36914
0.21,0.07,12.307693,299.4289,0.36582935,950.3767
0.21,0.07,12.820513,299.58795,0.37739912,929.7737
0.21,0.07,13.333333,299.73468,0.3887177,909.557
0.21,0.07,13.846154,299.86908,0.39978984,889.7228
0.21,0.07,14.358974,299.99146,0.41062015,870.26733
0.21,0.07,14.871795,300.10208,0.42121327,851.1863
0.21,0.07,15.384615,300.20105,0.4315739,832.4755
0.21,0.07,15.897436,300.28854,0.44170654,814.13074
0.21,0.07,16.410257,300.36475,0.45161554,796.1474
0.21,0.07,16.923077,300.42993,0.4613054,778.52075
0.21,0.07,17.435898,300.48425,0.47078055,761.2464
0.21,0.07,17.948717,300.5279,0.4800452,744.3194
0.21,0.07,18.461538,300.56104,0.48910373,727.73486
0.21,0.07,18.97436,300.58383,0.49796012,711.4879
0.21,0.07,19.487179,300.59653,0.5066186,695.5736
0.21,0.07,20.0,300.59924,0.5150832,679.9868
0.21,0.09,0.0,291.67715,0.0,1565.906
0.21,0.09,0.51282054,292.19934,0.01908651,1535.7051
0.21,0.09,1.0256411,292.70367,0.03780351,1505.8722
0.21,0.09,1.5384616,293.1905,0.05615569,1476.415
0.21,0.09,2.0512822,293.65988,0.07414754,1447.3398
0.21,0.09,2.5641026,294.11224,0.09178401,1418.6516
0.21,0.09,3.0769231,294.54776,0.10906985,1390.3567
0.21,0.09,3.5897436,294.9666,0.12600985,1362.4581
0.21,0.09,4.1025643,295.36905,0.14260893,1334.9602
0.21,0.09,4.6153846,295.7554,0.15887207,1307.8662
0.21,0.09,5.1282053,296.12585,0.17480426,1281.1783
0.21,0.09,5.6410255,296.48056,0.19041042,1254.8984
0.21,0.09,6.1538463,296.8199,0.20569569,1229.0284
0.21,0.09,6.6666665,297.14404,0.22066516,1203.5687
0.21,0.09,7.179487,297.45316,0.23532373,1178.5201
0.21,0.09,7.6923075,297.74756,0.24967647,1153.8822
0.21,0.09,8.205129,298.0274,0.26372865,1129.6544
0.21,0.09,8.717949,298.29303,0.27748507,1105.8364
0.21,0.09,9.230769,298.54446,0.2909509,1082.4268
0.21,0.09,9.743589,298.7821,0.30413106,1059.4236
0.21,0.09,10.256411,299.00607,0.31703064,1036.8254
0.21,0.09,10.769231,299.21664,0.32965463,1014.6294
0.21,0.09,11.282051,299.414,0.34200785,992.8333
0.21,0.09,11.794871,299.59833,0.35409522,971.4342
0.21,0.09,12.307693,299.76996,0.36592168,950.42883
0.21,0.09,12.820513,299.92886,0.377492,929.81433
0.21,0.09,13.333333,300.07544,0.388811,909.5866
0.21,0.09,13.846154,300.2098,0.39988345,889.74225
0.21,0.09,14.358974,300.3322,0.41071394,870.2771
0.21,0.09,14.871795,300.44278,0.42130715,851.18726
0.21,0.09,15.384615,300.54184,0.43166772,832.46826
0.21,0.09,15.897436,300.6295,0.44180012,814.11597
0.21,0.09,16.410257,300.70587,0.45170897,796.1255
0.21,0.09,16.923077,300.77124,0.46139854,778.4925
0.21,0.09,17.435898,300.82578,0.47087333,761.2121
0.21,0.09,17.948717,300.86966,0.48013753,744.27966
0.21,0.09,18.461538,300.90314,0.48919547,727.69006
0.21,0.09,18.97436,300.92627,0.4980513,711.4386
0.21,0.09,19.487179,300.9393,0.5067091,695.5202
0.21,0.09,20.0,300.9424,0.5151731,679.9298
0.21,0.11,0.0,291.97092,0.0,1566.4862
0.21,0.11,0.51282054,292.49103,0.019093342,1536.2424
0.21,0.11,1.0256411,292.99344,0.037816703,1506.3691
0.21,0.11,1.5384616,293.4784,0.056174725,1476.8741
0.21,0.11,2.0512822,293.94614,0.0741721,1447.7632
0.21,0.11,2.5641026,294.3969,0.09181353,1419.0417
0.21,0.11,3.0769231,294.831,0.109103955,1390.7147
0.21,0.11,3.5897436,295.24854,0.12604818,1362.787
0.21,0.11,4.1025643,295.64987,0.14265123,1335.2616
0.21,0.11,4.6153846,296.0351,0.15891781,1308.1414
0.21,0.11,5.1282053,296.4046,0.17485324,1281.429
0.21,0.11,5.6410255,296.75845,0.19046237,1255.1263
0.21,0.11,6.1538463,297.09708,0.20575035,1229.2347
0.21,0.11,6.6666665,297.4205,0.2207222,1203.7549
0.21,0.11,7.179487,297.72903,0.23538297,1178.6873
0.21,0.11,7.6923075,298.02298,0.24973765,1154.0316
0.21,0.11,8.205129,298.30246,0.26379156,1129.7874
0.21,0.11,8.717949,298.5677,0.27754954,1105.9537
0.21,0.11,9.230769,298.81897,0.2910167,1082.5298
0.21,0.11,9.743589,299.0565,0.3041981,1059.5131
0.21,0.11,10.256411,299.28036,0.31709868,1036.902
0.21,0.11,10.769231,299.4909,0.32972354,1014.6943
0.21,0.11,11.282051,299.68826,0.3420774,992.887
0.21,0.11,11.794871,299.87277,0.35416543,971.4776
0.21,0.11,12.307693,300.04443,0.36599234,950.4628
0.21,0.11,12.820513,300.20364,0.377563,929.8393
0.21,0.11,13.333333,300.35046,0.38888228,909.6033
0.21,0.11,13.846154,300.4853,0.3999548,889.75134
0.21,0.11,14.358974,300.60803,0.41078538,870.2793
0.21,0.11,14.871795,300.71906,0.42137867,851.1827
0.21,0.11,15.384615,300.8186,0.43173912,832.45764
0.21,0.11,15.897436,300.9067,0.44187146,814.09973
0.21,0.11,16.410257,300.9837,0.45177993,796.10425
0.21,0.11,16.923077,301.04968,0.4614693,778.4666
0.21,0.11,17.435898,301.1049,0.4709437,761.182
0.21,0.11,17.948717,301.14948,0.4802075,744.24567
0.21,0.11,18.461538,301.18372,0.489265,727.65265
0.21,0.11,18.97436,301.20758,0.49812034,711.3981
0.21,0.11,19.487179,301.2214,0.50677764,695.47675
0.21,0.11,20.0,301.2253,0.51524115,679.8837
0.21,0.13,0.0,292.19208,0.0,1566.9213
0.21,0.13,0.51282054,292.7103,0.019098453,1536.6417
0.21,0.13,1.0256411,293.21103,0.03782651,1506.7361
0.21,0.13,1.5384616,293.69437,0.05618891,1477.2098
0.21,0.13,2.0512822,294.1607,0.07419025,1448.0706
0.21,0.13,2.5641026,294.61023,0.09183533,1419.3226
0.21,0.13,3.0769231,295.0431,0.10912904,1390.9711
0.21,0.13,3.5897436,295.45966,0.12607625,1363.02
0.21,0.13,4.1025643,295.86005,0.14268194,1335.473
0.21,0.13,4.6153846,296.24457,0.15895113,1308.3328
0.21,0.13,5.1282053,296.6134,0.1748887,1281.6018
0.21,0.13,5.6410255,296.96674,0.19049992,1255.282
0.21,0.13,6.1538463,297.3048,0.20578972,1229.3743
0.21,0.13,6.6666665,297.628,0.22076309,1203.8794
0.21,0.13,7.179487,297.93634,0.23542532,1178.7975
0.21,0.13,7.6923075,298.2301,0.24978136,1154.1292
0.21,0.13,8.205129,298.50955,0.2638364,1129.8728
0.21,0.13,8.717949,298.77484,0.27759534,1106.0282
0.21,0.13,9.230769,299.0262,0.29106334,1082.5935
0.21,0.13,9.743589,299.26392,0.30424547,1059.5671
0.21,0.13,10.256411,299.48807,0.31714666,1036.9473
0.21,0.13,10.769231,299.69897,0.32977197,1014.7311
0.21,0.13,11.282051,299.89685,0.34212622,992.91626
0.21,0.13,11.794871,300.08173,0.3542146,971.49994
0.21,0.13,12.307693,300.25403,0.36604178,950.4784
0.21,0.13,12.820513,300.41388,0.37761265,929.8488
0.21,0.13,13.333333,300.5614,0.38893193,909.6074
0.21,0.13,13.846154,300.69684,0.40000457,889.7502
0.21,0.13,14.358974,300.8204,0.4108351,870.27356
0.21,0.13,14.871795,300.9323,0.4214282,851.17285
0.21,0.13,15.384615,301.03268,0.43178856,832.44385
0.21,0.13,15.897436,301.1218,0.44192058,814.0824
0.21,0.13,16.410257,301.1997,0.45182896,796.0838
0.21,0.13,16.923077,301.26675,0.461518,778.44336
0.21,0.13,17.435898,301.32303,0.4709921,761.156
0.21,0.13,17.948717,301.36865,0.4802556,744.21735
0.21,0.13,18.461538,301.404,0.48931277,727.62225
0.21,0.13,18.97436,301.42905,0.4981677,711.3658
0.21,0.13,19.487179,301.4441,0.50682455,695.443
0.21,0.13,20.0,301.44925,0.51528764,679.84863
0.21,0.15,0.0,292.34222,0.0,1567.2134
0.21,0.15,0.51282054,292.8588,0.019101895,1536.9065
0.21,0.15,1.0256411,293.35803,0.03783308,1506.9751
0.21,0.15,1.5384616,293.8401,0.056198247,1477.4257
0.21,0.15,2.0512822,294.30524,0.07420209,1448.2645
0.21,0.15,2.5641026,294.75375,0.09184946,1419.4966
0.21,0.15,3.0769231,295.18576,0.10914516,1391.127
0.21,0.15,3.5897436,295.6016,0.12609419,1363.159
0.21,0.15,4.1025643,296.00137,0.1427015,1335.5966
0.21,0.15,4.6153846,296.38538,0.15897205,1308.4424
0.21,0.15,5.1282053,296.75388,0.17491096,1281.6986
0.21,0.15,5.6410255,297.107,0.19052328,1255.3662
0.21,0.15,6.1538463,297.44498,0.20581402,1229.4479
0.21,0.15,6.6666665,297.76813,0.22078829,1203.9429
0.21,0.15,7.179487,298.07654,0.23545125,1178.8522
0.21,0.15,7.6923075,298.37048,0.24980785,1154.1753
0.21,0.15,8.205129,298.6502,0.2638634,1129.9113
0.21,0.15,8.717949,298.91592,0.27762282,1106.0597
0.21,0.15,9.230769,299.16776,0.29109114,1082.6187
0.21,0.15,9.743589,299.40594,0.3042736,1059.5864
0.21,0.15,10.256411,299.63083,0.317175,1036.9614
0.21,0.15,10.769231,299.8424,0.3298004,1014.74066
0.21,0.15,11.282051,300.04102,0.3421548,992.9213
0.21,0.15,11.794871,300.2268,0.3542432,971.501
0.21,0.15,12.307693,300.40002,0.36607033,950.476
0.21,0.15,12.820513,300.56082,0.37764117,929.8433
0.21,0.15,13.333333,300.70938,0.38896042,909.599
0.21,0.15,13.846154,300.84598,0.40003288,889.73944
0.21,0.15,14.358974,300.97073,0.41086325,870.2602
0.21,0.15,14.871795,301.08383,0.42145622,851.15753
0.21,0.15,15.384615,301.18546,0.4318163,832.4269
0.21,0.15,15.897436,301.27588,0.44194818,814.06384
0.21,0.15,16.410257,301.35526,0.45185634,796.0639
0.21,0.15,16.923077,301.42365,0.46154505,778.42224
0.21,0.15,17.435898,301.48135,0.4710189,761.13403
0.21,0.15,17.948717,301.52856,0.48028213,744.1946
0.21,0.15,18.461538,301.5654,0.48933893,727.5989
0.21,0.15,18.97436,301.592,0.49819368,711.34186
0.21,0.15,19.487179,301.6086,0.5068503,695.41876
0.21,0.15,20.0,301.61542,0.5153129,679.8243
0.21,0.17,0.0,292.4231,0.0,1567.3662
0.21,0.17,0.51282054,292.93826,0.019103669,1537.039
0.21,0.17,1.0256411,293.4362,0.037836365,1507.0887
0.21,0.17,1.5384616,293.9172,0.056202836,1477.5231
0.21,0.17,2.0512822,294.38144,0.074207775,1448.3467
0.21,0.17,2.5641026,294.82916,0.09185598,1419.5657
0.21,0.17,3.0769231,295.26056,0.10915251,1391.184
0.21,0.17,3.5897436,295.6759,0.12610216,1363.2053
0.21,0.17,4.1025643,296.07538,0.14271,1335.6337
0.21,0.17,4.6153846,296.4592,0.15898103,1308.4707
0.21,0.17,5.1282053,296.82755,0.17492025,1281.7196
0.21,0.17,5.6410255,297.18073,0.19053271,1255.3811
0.21,0.17,6.1538463,297.5189,0.20582362,1229.4567
0.21,0.17,6.6666665,297.84232,0.22079799,1203.9468
0.21,0.17,7.179487,298.15112,0.23546094,1178.8518
0.21,0.17,7.6923075,298.4456,0.24981755,1154.1711
0.21,0.17,8.205129,298.72592,0.263873,1129.9037
0.21,0.17,8.717949,298.9923,0.27763224,1106.0492
0.21,0.17,9.230769,299.24493,0.2911005,1082.6058
0.21,0.17,9.743589,299.48404,0.30428272,1059.5718
0.21,0.17,10.256411,299.70987,0.3171839,1036.945
0.21,0.17,10.769231,299.92245,0.32980922,1014.72284
0.21,0.17,11.282051,300.12225,0.34216335,992.9025
0.21,0.17,11.794871,300.30933,0.35425147,971.4812
0.21,0.17,12.307693,300.4838,0.3660784,950.4559
0.21,0.17,12.820513,300.64597,0.3776489,929.8228
0.21,0.17,13.333333,300.7959,0.38896793,909.5782
0.21,0.17,13.846154,300.93393,0.40004018,889.71844
0.21,0.17,14.358974,301.0602,0.41087025,870.2395
0.21,0.17,14.871795,301.17493,0.42146295,851.1369
0.21,0.17,15.384615,301.27826,0.43182284,832.40656
0.21,0.17,15.897436,301.3704,0.4419545,814.04407
0.21,0.17,16.410257,301.45145,0.45186228,796.04456
0.21,0.17,16.923077,301.5217,0.46155083,778.4035
0.21,0.17,17.435898,301.5812,0.47102442,761.1159
0.21,0.17,17.948717,301.6303,0.4802875,744.1772
0.21,0.17,18.461538,301.66907,0.48934412,727.5823
0.21,0.17,18.97436,301.69763,0.49819857,711.3262
0.21,0.17,19.487179,301.71628,0.506855,695.40375
0.21,0.17,20.0,301.72507,0.5153175,679.8101
0.21,0.19,0.0,292.4364,0.0,1567.3815
0.21,0.19,0.51282054,292.9503,0.019103773,1537.0408
0.21,0.19,1.0256411,293.4472,0.037836418,1507.0795
0.21,0.19,1.5384616,293.9273,0.05620268,1477.5037
0.21,0.19,2.0512822,294.3908,0.074207306,1448.3193
0.21,0.19,2.5641026,294.838,0.0918552,1419.5312
0.21,0.19,3.0769231,295.26907,0.10915131,1391.1439
0.21,0.19,3.5897436,295.6841,0.12610045,1363.1611
0.21,0.19,4.1025643,296.0835,0.14270765,1335.5853
0.21,0.19,4.6153846,296.46735,0.15897804,1308.4202
0.21,0.19,5.1282053,296.83594,0.17491665,1281.6666
0.21,0.19,5.6410255,297.18942,0.1905285,1255.3267
0.21,0.19,6.1538463,297.52808,0.20581865,1229.4017
0.21,0.19,6.6666665,297.85205,0.22079235,1203.8917
0.21,0.19,7.179487,298.16156,0.23545468,1178.7966
0.21,0.19,7.6923075,298.45685,0.2498106,1154.1167
0.21,0.19,8.205129,298.73813,0.2638654,1129.8506
0.21,0.19,8.717949,299.0055,0.277624,1105.9973
0.21,0.19,9.230769,299.25922,0.2910916,1082.5554
0.21,0.19,9.743589,299.49957,0.30427322,1059.5232
0.21,0.19,10.256411,299.72662,0.3171739,1036.8981
0.21,0.19,10.769231,299.94067,0.32979852,1014.6781
0.21,0.19,11.282051,300.1419,0.34215215,992.8599
0.21,0.19,11.794871,300.3305,0.35423973,971.441
0.21,0.19,12.307693,300.5066,0.3660662,950.4179
0.21,0.19,12.820513,300.6704,0.3776363,929.7872
0.21,0.19,13.333333,300.8222,0.38895488,909.54504
0.21,0.19,13.846154,300.9621,0.40002668,889.68756
0.21,0.19,14.358974,301.09024,0.4108565,870.21106
0.21,0.19,14.871795,301.2069,0.4214488,851.11096
0.21,0.19,15.384615,301.31223,0.43180838,832.383
0.21,0.19,15.897436,301.40643,0.44193977,814.0228
0.21,0.19,16.410257,301.48953,0.45184737,796.02563
0.21,0.19,16.923077,301.562,0.46153572,778.38684
0.21,0.19,17.435898,301.6238,0.47100908,761.1016
0.21,0.19,17.948717,301.67508,0.4802719,744.1651
0.21,0.19,18.461538,301.71613,0.4893284,727.5723
0.21,0.19,18.97436,301.74704,0.49818283,711.31824
0.21,0.19,19.487179,301.76807,0.50683916,695.398
0.21,0.19,20.0,301.77927,0.5153016,679.8063
0.21,0.21,0.0,292.38373,0.0,1567.2625
0.21,0.21,0.51282054,292.89655,0.01910226,1536.9152
0.21,0.21,1.0256411,293.3926,0.03783329,1506.9496
0.21,0.21,1.5384616,293.872,0.056197934,1477.3705
0.21,0.21,2.0512822,294.33502,0.07420094,1448.1841
0.21,0.21,2.5641026,294.78186,0.09184717,1419.3958
0.21,0.21,3.0769231,295.2127,0.10914156,1391.0083
0.21,0.21,3.5897436,295.6278,0.12608913,1363.0266
0.21,0.21,4.1025643,296.0273,0.14269471,1335.4534
0.21,0.21,4.6153846,296.41147,0.1589635,1308.2908
0.21,0.21,5.1282053,296.7805,0.17490043,1281.5408
0.21,0.21,5.6410255,297.13458,0.19051081,1255.205
0.21,0.21,6.1538463,297.47397,0.20579946,1229.284
0.21,0.21,6.6666665,297.79877,0.2207718,1203.7784
0.21,0.21,7.179487,298.10928,0.23543268,1178.6884
0.21,0.21,7.6923075,298.40564,0.24978736,1154.0133
0.21,0.21,8.205129,298.68805,0.26384088,1129.7522
0.21,0.21,8.717949,298.9568,0.27759835,1105.9044
0.21,0.21,9.230769,299.21194,0.2910648,1082.4679
0.21,0.21,9.743589,299.4538,0.30424538,1059.4409
0.21,0.21,10.256411,299.68253,0.31714505,1036.8214
0.21,0.21,10.769231,299.89825,0.32976878,1014.60657
0.21,0.21,11.282051,300.10123,0.34212163,992.7938
0.21,0.21,11.794871,300.2917,0.35420844,971.3803
0.21,0.21,12.307693,300.46973,0.36603418,950.3623
0.21,0.21,12.820513,300.6356,0.37760356,929.7366
0.21,0.21,13.333333,300.7895,0.38892156,909.4994
0.21,0.21,13.846154,300.93155,0.39999288,889.6468
0.21,0.21,14.358974,301.06192,0.41082215,870.17505
0.21,0.21,14.871795,301.18094,0.42141414,851.07947
0.21,0.21,15.384615,301.2886,0.43177333,832.35583
0.21,0.21,15.897436,301.38516,0.4419043,814.00006
0.21,0.21,16.410257,301.4708,0.4518117,796.007
0.21,0.21,16.923077,301.54578,0.46149984,778.37213
0.21,0.21,17.435898,301.61008,0.4709731,761.0907
0.21,0.21,17.948717,301.66403,0.48023582,744.15796
0.21,0.21,18.461538,301.70773,0.4892922,727.5687
0.21,0.21,18.97436,301.74136,0.49814662,711.3181
0.21,0.21,19.487179,301.7651,0.50680304,695.4011
0.21,0.21,20.0,301.77908,0.51526546,679.8125
0.21,0.23,0.0,292.2667,0.0,1567.0112
0.21,0.23,0.51282054,292.77853,0.019099131,1536.6647
0.21,0.23,1.0256411,293.27386,0.037827134,1506.7006
0.21,0.23,1.5384616,293.7528,0.056188755,1477.125
0.21,0.23,2.0512822,294.21545,0.07418879,1447.9434
0.21,0.23,2.5641026,294.6622,0.09183204,1419.16
0.21,0.23,3.0769231,295.09308,0.109123565,1390.7794
0.21,0.23,3.5897436,295.5084,0.12606832,1362.8048
0.21,0.23,4.1025643,295.9083,0.14267126,1335.2386
0.21,0.23,4.6153846,296.29297,0.15893742,1308.0841
0.21,0.23,5.1282053,296.66266,0.17487195,1281.3428
0.21,0.23,5.6410255,297.01758,0.19047984,1255.0157
0.21,0.23,6.1538463,297.35794,0.20576625,1229.1039
0.21,0.23,6.6666665,297.68384,0.22073638,1203.6075
0.21,0.23,7.179487,297.99557,0.23539528,1178.5267
0.21,0.23,7.6923075,298.29327,0.24974802,1153.8611
0.21,0.23,8.205129,298.57718,0.2637998,1129.6095
0.21,0.23,8.717949,298.8475,0.27755547,1105.7709
0.21,0.23,9.230769,299.10437,0.2910204,1082.3435
0.21,0.23,9.743589,299.34796,0.30419943,1059.3254
0.21,0.23,10.256411,299.5786,0.31709775,1036.7147
0.21,0.23,10.769231,299.79636,0.3297203,1014.50885
0.21,0.23,11.282051,300.00143,0.3420719,992.7046
0.21,0.23,11.794871,300.19403,0.35415766,971.2991
0.21,0.23,12.307693,300.37442,0.36598244,950.28906
0.21,0.23,12.820513,300.54263,0.37755105,929.671
0.21,0.23,13.333333,300.6989,0.38886827,909.44147
0.21,0.23,13.846154,300.84344,0.3999389,889.5961
0.21,0.23,14.358974,300.97644,0.41076756,870.1312
0.21,0.23,14.871795,301.09805,0.42135906,851.0424
0.21,0.23,15.384615,301.20844,0.43171784,832.32544
0.21,0.23,15.897436,301.30777,0.44184852,813.97565
0.21,0.23,16.410257,301.39627,0.45175564,795.98846
0.21,0.23,16.923077,301.47406,0.4614436,778.3593
0.21,0.23,17.435898,301.5413,0.4709167,761.0834
0.21,0.23,17.948717,301.5982,0.48017934,744.1557
0.21,0.23,18.461538,301.64493,0.4892358,727.57135
0.21,0.23,18.97436,301.68158,0.49809024,711.3254
0.21,0.23,19.487179,301.7084,0.5067467,695.4128
0.21,0.23,20.0,301.7256,0.5152094,679.8284
0.21,0.25,0.0,292.08673,0.0,1566.6306
0.21,0.25,0.51282054,292.59787,0.01909449,1536.2911
0.21,0.25,1.0256411,293.09265,0.037817955,1506.3353
0.21,0.25,1.5384616,293.57117,0.056175143,1476.7695
0.21,0.25,2.0512822,294.03372,0.07417085,1447.5985
0.21,0.25,2.5641026,294.48047,0.09180993,1418.8263
0.21,0.25,3.0769231,294.91162,0.109097436,1390.4578
0.21,0.25,3.5897436,295.32733,0.12603828,1362.4957
0.21,0.25,4.1025643,295.72775,0.14263746,1334.943
0.21,0.25,4.6153846,296.11322,0.15890014,1307.8018
0.21,0.25,5.1282053,296.48386,0.17483121,1281.0737
0.21,0.25,5.6410255,296.83975,0.19043598,1254.7604
0.21,0.25,6.1538463,297.18137,0.2057193,1228.8624
0.21,0.25,6.6666665,297.50858,0.22068658,1203.3798
0.21,0.25,7.179487,297.82175,0.23534271,1178.3127
0.21,0.25,7.6923075,298.12106,0.24969286,1153.6608
0.21,0.25,8.205129,298.4067,0.2637422,1129.4224
0.21,0.25,8.717949,298.6789,0.27749577,1105.5968
0.21,0.25,9.230769,298.9377,0.29095855,1082.1824
0.21,0.25,9.743589,299.18347,0.30413574,1059.177
0.21,0.25,10.256411,299.41626,0.31703225,1036.5786
0.21,0.25,10.769231,299.6363,0.3296532,1014.38434
0.21,0.25,11.282051,299.84375,0.3420034,992.5916
0.21,0.25,11.794871,300.03885,0.35408783,971.1972
0.21,0.25,12.307693,300.22177,0.36591145,950.198
0.21,0.25,12.820513,300.39264,0.37747896,929.5905
0.21,0.25,13.333333,300.55167,0.38879526,909.37085
0.21,0.25,13.846154,300.699,0.39986506,889.5353
0.21,0.25,14.358974,300.8349,0.41069308,870.0798
0.21,0.25,14.871795,300.95944,0.421284,850.9996
0.21,0.25,15.384615,301.07285,0.43164226,832.291
0.21,0.25,15.897436,301.1753,0.44177258,813.9493
0.21,0.25,16.410257,301.2669,0.4516795,795.97
0.21,0.25,16.923077,301.34787,0.46136716,778.3482
0.21,0.25,17.435898,301.41846,0.47084022,761.07904
0.21,0.25,17.948717,301.47864,0.48010278,744.158
0.21,0.25,18.461538,301.5287,0.48915938,727.57996
0.21,0.25,18.97436,301.56882,0.49801394,711.33984
0.21,0.25,19.487179,301.59906,0.5066706,695.433
0.21,0.25,20.0,301.61972,0.5151336,679.8539
0.21,0.27,0.0,291.84543,0.0,1566.1233
0.21,0.27,0.51282054,292.35602,0.019088335,1535.7972
0.21,0.27,1.0256411,292.8503,0.03780575,1505.8561
0.21,0.27,1.5384616,293.3287,0.05615715,1476.3057
0.21,0.27,2.0512822,293.79126,0.07414728,1447.1509
0.21,0.27,2.5641026,294.23822,0.09178098,1418.3962
0.21,0.27,3.0769231,294.6697,0.109063275,1390.0452
0.21,0.27,3.5897436,295.08597,0.12599915,1362.1014
0.21,0.27,4.1025643,295.4872,0.14259359,1334.5668
0.21,0.27,4.6153846,295.87354,0.15885174,1307.4442
0.21,0.27,5.1282053,296.2453,0.17477855,1280.7349
0.21,0.27,5.6410255,296.60248,0.19037923,1254.4398
0.21,0.27,6.1538463,296.94547,0.20565876,1228.5603
0.21,0.27,6.6666665,297.27426,0.22062239,1203.096
0.21,0.27,7.179487,297.5892,0.23527512,1178.0468
0.21,0.27,7.6923075,297.89035,0.24962218,1153.4122
0.21,0.27,8.205129,298.17798,0.26366863,1129.1912
0.21,0.27,8.717949,298.45224,0.2774193,1105.3827
0.21,0.27,9.230769,298.71326,0.29087964,1081.9846
0.21,0.27,9.743589,298.96133,0.3040545,1058.9956
0.21,0.27,10.256411,299.19656,0.3169489,1036.4125
0.21,0.27,10.769231,299.41916,0.32956785,1014.23334
0.21,0.27,11.282051,299.6293,0.34191626,992.4552
0.21,0.27,11.794871,299.8272,0.3539991,971.07526
0.21,0.27,12.307693,300.01294,0.36582127,950.0895
0.21,0.27,12.820513,300.18677,0.37738752,929.4949
0.21,0.27,13.333333,300.34882,0.38870272,909.28766
0.21,0.27,13.846154,300.49924,0.3997716,889.46405
0.21,0.27,14.358974,300.63834,0.41059878,870.0199
0.21,0.27,14.871795,300.76614,0.42118907,850.95087
0.21,0.27,15.384615,300.8829,0.4315468,832.2528
0.21,0.27,15.897436,300.9887,0.4416767,813.921
0.21,0.27,16.410257,301.08386,0.45158327,795.9509
0.21,0.27,16.923077,301.1683,0.46127087,778.33813
0.21,0.27,17.435898,301.24243,0.47074383,761.07764
0.21,0.27,17.948717,301.3063,0.4800064,744.16473
0.21,0.27,18.461538,301.36005,0.4890631,727.5943
0.21,0.27,18.97436,301.40387,0.49791792,711.36145
0.21,0.27,19.487179,301.43796,0.50657487,695.46136
0.21,0.27,20.0,301.4624,0.51503825,679.8886
0.21,0.29,0.0,291.5444,0.0,1565.492
0.21,0.29,0.51282054,292.0544,0.01908072,1535.1849
0.21,0.29,1.0256411,292.54843,0.037790783,1505.2643
0.21,0.29,1.5384616,293.02673,0.056134984,1475.7358
0.21,0.29,2.0512822,293.48944,0.074118175,1446.6031
0.21,0.29,2.5641026,293.93668,0.09174526,1417.8711
0.21,0.29,3.0769231,294.3688,0.10902124,1389.5431
0.21,0.29,3.5897436,294.7858,0.12595108,1361.6227
0.21,0.29,4.1025643,295.188,0.14253987,1334.1116
0.21,0.29,4.6153846,295.57544,0.1587925,1307.0123
0.21,0.29,5.1282053,295.94843,0.17471413,1280.3264
0.21,0.29,5.6410255,296.3071,0.19030991,1254.0547
0.21,0.29,6.1538463,296.65164,0.20558485,1228.1979
0.21,0.29,6.6666665,296.98224,0.22054416,1202.7557
0.21,0.29,7.179487,297.29907,0.23519287,1177.7291
0.21,0.29,7.6923075,297.60226,0.24953607,1153.1163
0.21,0.29,8.205129,297.89212,0.26357898,1128.9166
0.21,0.29,8.717949,298.1687,0.27732652,1105.1288
0.21,0.29,9.230769,298.43222,0.29078382,1081.7509
0.21,0.29,9.743589,298.68283,0.30395585,1058.781
0.21,0.29,10.256411,298.92084,0.31684783,1036.217
0.21,0.29,10.769231,299.1462,0.32946447,1014.05597
0.21,0.29,11.282051,299.3593,0.34181076,992.29553
0.21,0.29,11.794871,299.56018,0.35389176,970.9322
0.21,0.29,12.307693,299.74905,0.36571229,949.9629
0.21,0.29,12.820513,299.9261,0.37727714,929.3841
0.21,0.29,13.333333,300.09146,0.38859105,909.1919
0.21,0.29,13.846154,300.24533,0.39965883,889.3823
0.21,0.29,14.358974,300.38782,0.4104851,869.9519
0.21,0.29,14.871795,300.51923,0.4210746,850.89594
0.21,0.29,15.384615,300.6396,0.4314317,832.21014
0.21,0.29,15.897436,300.74915,0.44156122,813.89026
0.21,0.29,16.410257,300.84796,0.45146742,795.9316
0.21,0.29,16.923077,300.93634,0.4611548,778.3293
0.21,0.29,17.435898,301.01434,0.47062773,761.079
0.21,0.29,17.948717,301.08212,0.47989053,744.17535
0.21,0.29,18.461538,301.1399,0.48894727,727.614
0.21,0.29,18.97436,301.1878,0.4978024,711.3897
0.21,0.29,19.487179,301.22598,0.5064598,695.4975
0.21,0.29,20.0,301.25458,0.51492363,679.9324
0.21,0.31,0.0,291.18494,0.0,1564.7385
0.21,0.31,0.51282054,291.69455,0.019071594,1534.4573
0.21,0.31,1.0256411,292.18842,0.03777284,1504.5634
0.21,0.31,1.5384616,292.66672,0.056108594,1475.0614
0.21,0.31,2.0512822,293.12964,0.0740837,1445.9564
0.21,0.31,2.5641026,293.57742,0.09170301,1417.2526
0.21,0.31,3.0769231,294.0102,0.108971536,1388.9531
0.21,0.31,3.5897436,294.4281,0.12589428,1361.0609
0.21,0.31,4.1025643,294.83133,0.14247629,1333.5782
0.21,0.31,4.6153846,295.22006,0.15872255,1306.5076
0.21,0.31,5.1282053,295.5945,0.17463815,1279.8495
0.21,0.31,5.6410255,295.95483,0.1902282,1253.6056
0.21,0.31,6.1538463,296.30115,0.20549786,1227.776
0.21,0.31,6.6666665,296.6337,0.2204521,1202.3611
0.21,0.31,7.179487,296.9526,0.23509613,1177.3606
0.21,0.31,7.6923075,297.25806,0.24943495,1152.7732
0.21,0.31,8.205129,297.55035,0.26347378,1128.5984
0.21,0.31,8.717949,297.82947,0.2772175,1104.8347
0.21,0.31,9.230769,298.0957,0.29067135,1081.4806
0.21,0.31,9.743589,298.34918,0.30384025,1058.5338
0.21,0.31,10.256411,298.59,0.31672928,1035.9916
0.21,0.31,10.769231,298.81845,0.32934326,1013.85223
0.21,0.31,11.282051,299.0347,0.34168726,992.1122
0.21,0.31,11.794871,299.23886,0.35376608,970.76874
0.21,0.31,12.307693,299.43112,0.36558467,949.81836
0.21,0.31,12.820513,299.6116,0.37714785,929.25745
0.21,0.31,13.333333,299.7806,0.3884603,909.0828
0.21,0.31,13.846154,299.9381,0.39952683,889.2901
0.21,0.31,14.358974,300.0844,0.41035214,869.87537
0.21,0.31,14.871795,300.21964,0.42094067,850.8346
0.21,0.31,15.384615,300.3439,0.4312972,832.1632
0.21,0.31,15.897436,300.45743,0.44142616,813.8569
0.21,0.31,16.410257,300.56033,0.4513321,795.9111
0.21,0.31,16.923077,300.65286,0.46101934,778.3212
0.21,0.31,17.435898,300.73505,0.47049224,761.0824
0.21,0.31,17.948717,300.8071,0.4797551,744.18994
0.21,0.31,18.461538,300.86917,0.4888122,727.63885
0.21,0.31,18.97436,300.92145,0.49766755,711.4244
0.21,0.31,19.487179,300.96402,0.5063254,695.54144
0.21,0.31,20.0,300.9971,0.51478994,679.9848
0.21,0.33,0.0,290.7687,0.0,1563.8661
0.21,0.33,0.51282054,291.27792,0.019061059,1533.6161
0.21,0.33,1.0256411,291.77164,0.037752137,1503.7539
0.21,0.33,1.5384616,292.25012,0.056078136,1474.2848
0.21,0.33,2.0512822,292.71338,0.074043855,1445.213
0.21,0.33,2.5641026,293.16177,0.0916542,1416.5425
0.21,0.33,3.0769231,293.59528,0.10891427,1388.2765
0.21,0.33,3.5897436,294.0142,0.12582892,1360.4175
0.21,0.33,4.1025643,294.41867,0.14240313,1332.9683
0.21,0.33,4.6153846,294.8088,0.15864208,1305.9307
0.21,0.33,5.1282053,295.1848,0.17455079,1279.305
0.21,0.33,5.6410255,295.54697,0.19013432,1253.0931
0.21,0.33,6.1538463,295.89523,0.20539787,1227.2952
0.21,0.33,6.6666665,296.2299,0.22034644,1201.9113
0.21,0.33,7.179487,296.55112,0.23498508,1176.9407
0.21,0.33,7.6923075,296.85904,0.2493189,1152.3832
0.21,0.33,8.205129,297.15387,0.26335314,1128.2372
0.21,0.33,8.717949,297.4357,0.2770926,1104.5015
0.21,0.33,9.230769,297.70483,0.2905425,1081.1742
0.21,0.33,9.743589,297.96127,0.30370784,1058.2533
0.21,0.33,10.256411,298.20535,0.31659347,1035.737
0.21,0.33,10.769231,298.43707,0.3292045,1013.62164
0.21,0.33,11.282051,298.6567,0.34154582,991.9052
0.21,0.33,11.794871,298.86438,0.3536223,970.58417
0.21,0.33,12.307693,299.06024,0.36543873,949.65564
0.21,0.33,12.820513,299.24454,0.37699997,929.1154
0.21,0.33,13.333333,299.4172,0.38831085,908.9605
0.21,0.33,13.846154,299.57867,0.399376,889.18677
0.21,0.33,14.358974,299.729,0.41020006,869.7901
0.21,0.33,14.871795,299.86832,0.4207877,850.7664
0.21,0.33,15.384615,299.99677,0.43114352,832.1113
0.21,0.33,15.897436,300.1146,0.441272,813.8206
0.21,0.33,16.410257,300.22183,0.4511775,795.8895
0.21,0.33,16.923077,300.31873,0.46086454,778.3136
0.21,0.33,17.435898,300.4054,0.47033745,761.088
0.21,0.33,17.948717,300.48203,0.47960043,744.20795
0.21,0.33,18.461538,300.5487,0.48865777,727.6686
0.21,0.33,18.97436,300.60562,0.49751362,711.46515
0.21,0.33,19.487179,300.65295,0.50617206,695.59247
0.21,0.33,20.0,300.69083,0.5146373,680.04565
0.21,0.35,0.0,290.297,0.0,1562.8772
0.21,0.35,0.51282054,290.80588,0.019049063,1532.6637
0.21,0.35,1.0256411,291.2996,0.03772872,1502.839
0.21,0.35,1.5384616,291.77823,0.056043662,1473.4076
0.21,0.35,2.0512822,292.24203,0.073998846,1444.3743
0.21,0.35,2.5641026,292.69104,0.09159912,1415.742
0.21,0.35,3.0769231,293.12543,0.108849496,1387.5144
0.21,0.35,3.5897436,293.54547,0.12575498,1359.6941
0.21,0.35,4.1025643,293.9513,0.14232062,1332.2822
0.21,0.35,4.6153846,294.34296,0.15855134,1305.282
0.21,0.35,5.1282053,294.72073,0.17445228,1278.6938
0.21,0.35,5.6410255,295.08472,0.19002855,1252.5183
0.21,0.35,6.1538463,295.43515,0.20528518,1226.7561
0.21,0.35,6.6666665,295.77203,0.22022732,1201.4072
0.21,0.35,7.179487,296.0957,0.23486003,1176.4708
0.21,0.35,7.6923075,296.40628,0.24918826,1151.9465
0.21,0.35,8.205129,296.70386,0.26321727,1127.8326
0.21,0.35,8.717949,296.98862,0.276952,1104.1284
0.21,0.35,9.230769,297.2608,0.29039747,1080.8318
0.21,0.35,9.743589,297.5205,0.30355877,1057.9404
0.21,0.35,10.256411,297.76788,0.31644076,1035.4523
0.21,0.35,10.769231,298.00305,0.32904848,1013.36426
0.21,0.35,11.282051,298.22632,0.34138674,991.6744
0.21,0.35,11.794871,298.43768,0.35346046,970.3786
0.21,0.35,12.307693,298.63745,0.36527455,949.4741
0.21,0.35,12.820513,298.82562,0.37683377,928.9572
0.21,0.35,13.333333,299.00244,0.3881428,908.8245
0.21,0.35,13.846154,299.16803,0.39920646,889.0719
0.21,0.35,14.358974,299.3226,0.41002926,869.6955
0.21,0.35,14.871795,299.46628,0.4206158,850.6912
0.21,0.35,15.384615,299.59918,0.43097085,832.0544
0.21,0.35,15.897436,299.72153,0.44109863,813.781
0.21,0.35,16.410257,299.83337,0.45100385,795.86633
0.21,0.35,16.923077,299.93497,0.46069074,778.30597
0.21,0.35,17.435898,300.02637,0.47016358,761.0951
0.21,0.35,17.948717,300.10782,0.47942674,744.229
0.21,0.35,18.461538,300.17938,0.48848444,727.70276
0.21,0.35,18.97436,300.24127,0.49734074,711.51166
0.21,0.35,19.487179,300.2936,0.50599986,695.6505
0.21,0.35,20.0,300.33652,0.5144658,680.1146
0.21,0.37,0.0,289.77133,0.0,1561.7742
0.21,0.37,0.51282054,290.27997,0.019035764,1531.6027
0.21,0.37,1.0256411,290.77362,0.037702538,1501.8207
0.21,0.37,1.5384616,291.2526,0.056005225,1472.4321
0.21,0.37,2.0512822,291.71686,0.073948726,1443.4419
0.21,0.37,2.5641026,292.1666,0.09153774,1414.8527
0.21,0.37,3.0769231,292.60202,0.10877747,1386.6685
0.21,0.37,3.5897436,293.02325,0.12567283,1358.8906
0.21,0.37,4.1025643,293.43045,0.14222883,1331.5216
0.21,0.37,4.6153846,293.8238,0.15845045,1304.5631
0.21,0.37,5.1282053,294.20337,0.1743428,1278.0162
0.21,0.37,5.6410255,294.56943,0.189911,1251.8816
0.21,0.37,6.1538463,294.92197,0.20516,1226.159
0.21,0.37,6.6666665,295.26135,0.2200951,1200.8489
0.21,0.37,7.179487,295.5876,0.23472114,1175.9503
0.21,0.37,7.6923075,295.9009,0.24904323,1151.463
0.21,0.37,8.205129,296.20142,0.2630665,1127.3854
0.21,0.37,8.717949,296.4893,0.27679595,1103.7161
0.21,0.37,9.230769,296.7647,0.2902366,1080.453
0.21,0.37,9.743589,297.02783,0.30339333,1057.5942
0.21,0.37,10.256411,297.2787,0.31627128,1035.1378
0.21,0.37,10.769231,297.5176,0.3288753,1013.0801
0.21,0.37,11.282051,297.7446,0.34121025,991.4192
0.21,0.37,11.794871,297.95993,0.35328108,970.1515
0.21,0.37,12.307693,298.16367,0.36509252,949.2738
0.21,0.37,12.820513,298.35605,0.3766494,928.7827
0.21,0.37,13.333333,298.53717,0.38795644,908.67456
0.21,0.37,13.846154,298.70715,0.39901835,888.94543
0.21,0.37,14.358974,298.8662,0.40983972,869.59143
0.21,0.37,14.871795,299.01447,0.42042518,850.6084
0.21,0.37,15.384615,299.15207,0.43077928,831.9919
0.21,0.37,15.897436,299.2791,0.4409065,813.73773
0.21,0.37,16.410257,299.3959,0.45081127,795.84125
0.21,0.37,16.923077,299.50238,0.46049786,778.29816
0.21,0.37,17.435898,299.59885,0.46997082,761.10345
0.21,0.37,17.948717,299.68536,0.4792341,744.2527
0.21,0.37,18.461538,299.76212,0.48829216,727.7411
0.21,0.37,18.97436,299.82922,0.4971491,711.5635
0.21,0.37,19.487179,299.8868,0.5058089,695.7152
0.21,0.37,20.0,299.9351,0.5142757,680.19116
0.21,0.39,0.0,289.19305,0.0,1560.5602
0.21,0.39,0.51282054,289.7015,0.01902116,1530.435
0.21,0.39,1.0256411,290.19528,0.037673853,1500.7008
0.21,0.39,1.5384616,290.6745,0.055963084,1471.36
0.21,0.39,2.0512822,291.13928,0.0738936,1442.4177
0.21,0.39,2.5641026,291.58984,0.09147035,1413.8767
0.21,0.39,3.0769231,292.02628,0.1086983,1385.7397
0.21,0.39,3.5897436,292.44885,0.12558255,1358.0095
0.21,0.39,4.1025643,292.8575,0.1421279,1330.6873
0.21,0.39,4.6153846,293.2526,0.15833963,1303.775
0.21,0.39,5.1282053,293.6341,0.17422259,1277.2736
0.21,0.39,5.6410255,294.00226,0.1897819,1251.1833
0.21,0.39,6.1538463,294.35715,0.20502257,1225.5046
0.21,0.39,6.6666665,294.69907,0.21994986,1200.2372
0.21,0.39,7.179487,295.028,0.2345686,1175.3805
0.21,0.39,7.6923075,295.34427,0.24888393,1150.9337
0.21,0.39,8.205129,295.64783,0.26290098,1126.8956
0.21,0.39,8.717949,295.9389,0.2766246,1103.2644
0.21,0.39,9.230769,296.2177,0.29005992,1080.0383
0.21,0.39,9.743589,296.4843,0.30321178,1057.2153
0.21,0.39,10.256411,296.73892,0.31608528,1034.793
0.21,0.39,10.769231,296.98166,0.32868522,1012.7688
0.21,0.39,11.282051,297.21265,0.3410166,991.13965
0.21,0.39,11.794871,297.4321,0.35308415,969.90283
0.21,0.39,12.307693,297.64014,0.36489272,949.0546
0.21,0.39,12.820513,297.83682,0.37644714,928.59174
0.21,0.39,13.333333,298.02237,0.3877519,908.5103
0.21,0.39,13.846154,298.19702,0.398812,888.80695
0.21,0.39,14.358974,298.36078,0.40963173,869.4775
0.21,0.39,14.871795,298.51376,0.42021602,850.5177
0.21,0.39,15.384615,298.65628,0.43056914,831.9233
0.21,0.39,15.897436,298.7884,0.44069558,813.6903
0.21,0.39,16.410257,298.9102,0.45059985,795.81384
0.21,0.39,16.923077,299.02185,0.46028632,778.2895
0.21,0.39,17.435898,299.1236,0.46975923,761.11273
0.21,0.39,17.948717,299.2155,0.47902277,744.2788
0.21,0.39,18.461538,299.2976,0.4880813,727.7829
0.21,0.39,18.97436,299.37024,0.49693882,711.6203
0.21,0.39,19.487179,299.43335,0.50559944,695.786
0.21,0.39,20.0,299.48724,0.5140672,680.27515
0.23,0.01,0.0,289.67758,0.0,1561.9001
0.23,0.01,0.51282054,290.20667,0.019038633,1531.9309
0.23,0.01,1.0256411,290.7177,0.037710518,1502.3204
0.23,0.01,1.5384616,291.21085,0.056020245,1473.0769
0.23,0.01,2.0512822,291.68643,0.073972404,1444.2068
0.23,0.01,2.5641026,292.1448,0.09157153,1415.7158
0.23,0.01,3.0769231,292.58606,0.10882232,1387.6093
0.23,0.01,3.5897436,293.01053,0.12572968,1359.8917
0.23,0.01,4.1025643,293.4184,0.14229825,1332.5675
0.23,0.01,4.6153846,293.81,0.15853298,1305.6392
0.23,0.01,5.1282053,294.1855,0.17443871,1279.1104
0.23,0.01,5.6410255,294.54514,0.19002041,1252.9827
0.23,0.01,6.1538463,294.88925,0.20528299,1227.2578
0.23,0.01,6.6666665,295.21805,0.22023149,1201.9371
0.23,0.01,7.179487,295.53165,0.23487082,1177.0209
0.23,0.01,7.6923075,295.83044,0.24920589,1152.5094
0.23,0.01,8.205129,296.1146,0.2632419,1128.4026
0.23,0.01,8.717949,296.38434,0.2769837,1104.6992
0.23,0.01,9.230769,296.63986,0.29043612,1081.3988
0.23,0.01,9.743589,296.88147,0.30360436,1058.5
0.23,0.01,10.256411,297.10928,0.31649318,1036.0002
0.23,0.01,10.769231,297.3237,0.32910758,1013.8982
0.23,0.01,11.282051,297.52475,0.3414523,992.1912
0.23,0.01,11.794871,297.71265,0.35353237,970.87634
0.23,0.01,12.307693,297.88782,0.36535236,949.95087
0.23,0.01,12.820513,298.0503,0.3769173,929.41156
0.23,0.01,13.333333,298.20023,0.3882318,909.2552
0.23,0.01,13.846154,298.338,0.39930055,889.47784
0.23,0.01,14.358974,298.4637,0.41012824,870.0761
0.23,0.01,14.871795,298.5776,0.42071933,851.04565
0.23,0.01,15.384615,298.67987,0.4310785,832.3825
0.23,0.01,15.897436,298.7707,0.44121024,814.0826
0.23,0.01,16.410257,298.85025,0.45111895,796.1413
0.23,0.01,16.923077,298.91882,0.46080905,778.5543
0.23,0.01,17.435898,298.9764,0.47028476,761.3169
0.23,0.01,17.948717,299.0234,0.47955057,744.4243
0.23,0.01,18.461538,299.0599,0.48861045,727.87195
0.23,0.01,18.97436,299.08615,0.49746877,711.65497
0.23,0.01,19.487179,299.10217,0.50612944,695.76855
0.23,0.01,20.0,299.10837,0.51459664,680.2076
0.23,0.03,0.0,290.2748,0.0,1563.0641
0.23,0.03,0.51282054,290.80084,0.019052453,1533.022
0.23,0.03,1.0256411,291.30902,0.03773743,1503.3414
0.23,0.03,1.5384616,291.79938,0.05605931,1474.0314
0.23,0.03,2.0512822,292.27225,0.074022785,1445.0974
0.23,0.03,2.5641026,292.728,0.0916325,1416.5458
0.23,0.03,3.0769231,293.16666,0.1088932,1388.3813
0.23,0.03,3.5897436,293.58868,0.12580964,1360.6086
0.23,0.03,4.1025643,293.9942,0.1423867,1333.2316
0.23,0.03,4.6153846,294.38342,0.1586293,1306.2537
0.23,0.03,5.1282053,294.75677,0.17454228,1279.677
0.23,0.03,5.6410255,295.1143,0.19013071,1253.5045
0.23,0.03,6.1538463,295.4563,0.2053994,1227.7367
0.23,0.03,6.6666665,295.78305,0.22035353,1202.375
0.23,0.03,7.179487,296.09473,0.23499808,1177.42
0.23,0.03,7.6923075,296.39163,0.24933788,1152.872
0.23,0.03,8.205129,296.67395,0.26337814,1128.7303
0.23,0.03,8.717949,296.9419,0.2771237,1104.9944
0.23,0.03,9.230769,297.1958,0.29057962,1081.6628
0.23,0.03,9.743589,297.4357,0.3037509,1058.7345
0.23,0.03,10.256411,297.662,0.3166424,1036.2068
0.23,0.03,10.769231,297.87476,0.32925916,1014.0784
0.23,0.03,11.282051,298.0743,0.341606,992.34656
0.23,0.03,11.794871,298.26086,0.35368773,971.0083
0.23,0.03,12.307693,298.43454,0.36550933,950.0611
0.23,0.03,12.820513,298.59558,0.37707543,929.5012
0.23,0.03,13.333333,298.74435,0.38839096,909.3254
0.23,0.03,13.846154,298.88077,0.39946043,889.53
0.23,0.03,14.358974,299.00528,0.41028857,870.1111
0.23,0.03,14.871795,299.11795,0.42088008,851.06476
0.23,0.03,15.384615,299.21906,0.43123937,832.38696
0.23,0.03,15.897436,299.30872,0.44137108,814.0731
0.23,0.03,16.410257,299.3872,0.45127958,796.11896
0.23,0.03,16.923077,299.45465,0.46096933,778.51996
0.23,0.03,17.435898,299.51123,0.47044456,761.2715
0.23,0.03,17.948717,299.55722,0.47970963,744.3687
0.23,0.03,18.461538,299.59274,0.4887689,727.8068
0.23,0.03,18.97436,299.61795,0.49762633,711.5812
0.23,0.03,19.487179,299.6331,0.5062861,695.6867
0.23,0.03,20.0,299.6383,0.5147523,680.11835
0.23,0.05,0.0,290.79272,0.0,1564.0736
0.23,0.05,0.51282054,291.31607,0.0190645,1533.9661
0.23,0.05,1.0256411,291.82153,0.03776069,1504.2239
0.23,0.05,1.5384616,292.3094,0.056093104,1474.8549
0.23,0.05,2.0512822,292.77988,0.07406633,1445.8645
0.23,0.05,2.5641026,293.23325,0.091685124,1417.2595
0.23,0.05,3.0769231,293.66974,0.10895427,1389.0442
0.23,0.05,3.5897436,294.08957,0.12587863,1361.2234
0.23,0.05,4.1025643,294.49307,0.142463,1333.8008
0.23,0.05,4.6153846,294.88034,0.15871227,1306.779
0.23,0.05,5.1282053,295.2518,0.17463152,1280.1611
0.23,0.05,5.6410255,295.6075,0.19022563,1253.9489
0.23,0.05,6.1538463,295.9478,0.20549953,1228.1439
0.23,0.05,6.6666665,296.2729,0.22045851,1202.7471
0.23,0.05,7.179487,296.58304,0.23510739,1177.7587
0.23,0.05,7.6923075,296.87842,0.24945116,1153.179
0.23,0.05,8.205129,297.1593,0.26349497,1129.0071
0.23,0.05,8.717949,297.42593,0.2772438,1105.2428
0.23,0.05,9.230769,297.67847,0.29070258,1081.8845
0.23,0.05,9.743589,297.9171,0.30387643,1058.9307
0.23,0.05,10.256411,298.14224,0.3167703,1036.3795
0.23,0.05,10.769231,298.3539,0.329389,1014.2286
0.23,0.05,11.282051,298.55234,0.3417375,992.4755
0.23,0.05,11.794871,298.73782,0.35382074,971.1175
0.23,0.05,12.307693,298.91055,0.36564353,950.1514
0.23,0.05,12.820513,299.07068,0.37721068,929.5739
0.23,0.05,13.333333,299.21844,0.38852698,909.38165
0.23,0.05,13.846154,299.3541,0.39959708,889.57086
0.23,0.05,14.358974,299.47778,0.41042563,870.1376
0.23,0.05,14.871795,299.5897,0.42101735,851.07794
0.23,0.05,15.384615,299.68997,0.43137676,832.3876
0.23,0.05,15.897436,299.77902,0.44150847,814.062
0.23,0.05,16.410257,299.85678,0.45141667,796.0971
0.23,0.05,16.923077,299.9236,0.46110606,778.48804
0.23,0.05,17.435898,299.97964,0.4705809,761.2301
0.23,0.05,17.948717,300.0251,0.4798455,744.3188
0.23,0.05,18.461538,300.06,0.48890403,727.7491
0.23,0.05,18.97436,300.08475,0.49776068,711.516
0.23,0.05,19.487179,300.09933,0.5064196,695.615
0.23,0.05,20.0,300.10413,0.5148848,680.0405
0.23,0.07,0.0,291.2332,0.0,1564.9309
0.23,0.07,0.51282054,291.75406,0.019074671,1534.7661
0.23,0.07,1.0256411,292.25717,0.037780404,1504.9701
0.23,0.07,1.5384616,292.74277,0.056121632,1475.5497
0.23,0.07,2.0512822,293.21112,0.074103154,1446.5106
0.23,0.07,2.5641026,293.6625,0.09172966,1417.8593
0.23,0.07,3.0769231,294.09702,0.10900585,1389.6003
0.23,0.07,3.5897436,294.51508,0.12593684,1361.7378
0.23,0.07,4.1025643,294.9168,0.14252725,1334.2758
0.23,0.07,4.6153846,295.30252,0.15878215,1307.2167
0.23,0.07,5.1282053,295.6724,0.17470652,1280.5634
0.23,0.07,5.6410255,296.0267,0.19030538,1254.3179
0.23,0.07,6.1538463,296.3656,0.20558375,1228.481
0.23,0.07,6.6666665,296.68942,0.22054671,1203.0544
0.23,0.07,7.179487,296.99835,0.23519908,1178.0376
0.23,0.07,7.6923075,297.2926,0.24954614,1153.431
0.23,0.07,8.205129,297.57242,0.26359296,1129.2341
0.23,0.07,8.717949,297.838,0.2773444,1105.4459
0.23,0.07,9.230769,298.08963,0.29080558,1082.0651
0.23,0.07,9.743589,298.32748,0.30398148,1059.0902
0.23,0.07,10.256411,298.5518,0.31687713,1036.519
0.23,0.07,10.769231,298.76266,0.32949743,1014.3492
0.23,0.07,11.282051,298.9604,0.34184736,992.5786
0.23,0.07,11.794871,299.14526,0.35393178,971.204
0.23,0.07,12.307693,299.3174,0.36575547,950.22253
0.23,0.07,12.820513,299.47705,0.37732345,929.6305
0.23,0.07,13.333333,299.62436,0.38864028,909.4246
0.23,0.07,13.846154,299.75958,0.3997109,889.6011
0.23,0.07,14.358974,299.88278,0.4105398,870.1559
0.23,0.07,14.871795,299.9944,0.4211316,851.0851
0.23,0.07,15.384615,300.09445,0.43149108,832.3844
0.23,0.07,15.897436,300.18317,0.44162256,814.0494
0.23,0.07,16.410257,300.26068,0.45153075,796.07556
0.23,0.07,16.923077,300.3273,0.4612198,778.45825
0.23,0.07,17.435898,300.38315,0.47069418,761.1928
0.23,0.07,17.948717,300.4284,0.4799582,744.2746
0.23,0.07,18.461538,300.46326,0.48901623,727.6984
0.23,0.07,18.97436,300.4879,0.49787223,711.4596
0.23,0.07,19.487179,300.5025,0.5065304,695.5531
0.23,0.07,20.0,300.5072,0.51499486,679.97394
0.23,0.09,0.0,291.59805,0.0,1565.6392
0.23,0.09,0.51282054,292.1167,0.01908312,1535.4253
0.23,0.09,1.0256411,292.61765,0.03779657,1505.583
0.23,0.09,1.5384616,293.10132,0.056145154,1476.1184
0.23,0.09,2.0512822,293.5678,0.0741334,1447.0381
0.23,0.09,2.5641026,294.0174,0.09176612,1418.3475
0.23,0.09,3.0769231,294.45038,0.10904815,1390.0515
0.23,0.09,3.5897436,294.86688,0.12598446,1362.1539
0.23,0.09,4.1025643,295.26724,0.14257972,1334.6584
0.23,0.09,4.6153846,295.6516,0.15883923,1307.5686
0.23,0.09,5.1282053,296.02026,0.17476775,1280.8859
0.23,0.09,5.6410255,296.37347,0.19037037,1254.6125
0.23,0.09,6.1538463,296.7114,0.20565218,1228.7496
0.23,0.09,6.6666665,297.03424,0.22061822,1203.2982
0.23,0.09,7.179487,297.34232,0.23527355,1178.2583
0.23,0.09,7.6923075,297.6358,0.24962318,1153.6296
0.23,0.09,8.205129,297.91495,0.2636723,1129.412
0.23,0.09,8.717949,298.17987,0.27742577,1105.6045
0.23,0.09,9.230769,298.43097,0.29088882,1082.2053
0.23,0.09,9.743589,298.66827,0.30406633,1059.2133
0.23,0.09,10.256411,298.89215,0.3169634,1036.626
0.23,0.09,10.769231,299.10272,0.32958496,1014.4411
0.23,0.09,11.282051,299.3002,0.34193593,992.6564
0.23,0.09,11.794871,299.48477,0.35402122,971.26855
0.23,0.09,12.307693,299.65674,0.36584568,950.2746
0.23,0.09,12.820513,299.81625,0.3774142,929.67096
0.23,0.09,13.333333,299.96353,0.38873148,909.45416
0.23,0.09,13.846154,300.09863,0.39980236,889.62054
0.23,0.09,14.358974,300.22195,0.41063136,870.16626
0.23,0.09,14.871795,300.33356,0.42122334,851.08673
0.23,0.09,15.384615,300.43372,0.4315827,832.378
0.23,0.09,15.897436,300.52255,0.44171417,814.0354
0.23,0.09,16.410257,300.60034,0.451622,796.0547
0.23,0.09,16.923077,300.66708,0.46131083,778.43097
0.23,0.09,17.435898,300.72327,0.47078484,761.1596
0.23,0.09,17.948717,300.7688,0.48004842,744.23596
0.23,0.09,18.461538,300.80396,0.48910582,727.65497
0.23,0.09,18.97436,300.82892,0.49796137,711.4116
0.23,0.09,19.487179,300.84387,0.506619,695.50116
0.23,0.09,20.0,300.849,0.51508266,679.9183
0.23,0.11,0.0,291.88904,0.0,1566.2007
0.23,0.11,0.51282054,292.40567,0.019089743,1535.9454
0.23,0.11,1.0256411,292.90482,0.037809454,1506.0642
0.23,0.11,1.5384616,293.38678,0.05616367,1476.563
0.23,0.11,2.0512822,293.85168,0.074157186,1447.4484
0.23,0.11,2.5641026,294.29984,0.09179475,1418.7257
0.23,0.11,3.0769231,294.73145,0.109081216,1390.3993
0.23,0.11,3.5897436,295.1468,0.12602164,1362.4734
0.23,0.11,4.1025643,295.54602,0.14262077,1334.9515
0.23,0.11,4.6153846,295.92938,0.1588836,1307.8364
0.23,0.11,5.1282053,296.29715,0.17481527,1281.1301
0.23,0.11,5.6410255,296.6495,0.1904208,1254.8342
0.23,0.11,6.1538463,296.98676,0.20570529,1228.9507
0.23,0.11,6.6666665,297.30902,0.22067365,1203.4795
0.23,0.11,7.179487,297.61658,0.23533103,1178.4213
0.23,0.11,7.6923075,297.90964,0.24968258,1153.7759
0.23,0.11,8.205129,298.18842,0.2637334,1129.5421
0.23,0.11,8.717949,298.45316,0.2774884,1105.7194
0.23,0.11,9.230769,298.70398,0.29095277,1082.3063
0.23,0.11,9.743589,298.94128,0.3041315,1059.3009
0.23,0.11,10.256411,299.16507,0.31702948,1036.7012
0.23,0.11,10.769231,299.37564,0.32965195,1014.5049
0.23,0.11,11.282051,299.57324,0.3420036,992.7093
0.23,0.11,11.794871,299.75797,0.35408944,971.3113
0.23,0.11,12.307693,299.9301,0.36591443,950.30804
0.23,0.11,12.820513,300.08984,0.37748325,929.69574
0.23,0.11,13.333333,300.23743,0.3888009,909.47095
0.23,0.11,13.846154,300.37292,0.39987183,889.6299
0.23,0.11,14.358974,300.49667,0.41070095,870.1684
0.23,0.11,14.871795,300.6087,0.4212929,851.0825
0.23,0.11,15.384615,300.70938,0.43165222,832.36786
0.23,0.11,15.897436,300.79874,0.44178343,814.0199
0.23,0.11,16.410257,300.8771,0.45169112,796.0341
0.23,0.11,16.923077,300.94452,0.46137968,778.406
0.23,0.11,17.435898,301.0013,0.4708533,761.1305
0.23,0.11,17.948717,301.04752,0.4801165,744.20306
0.23,0.11,18.461538,301.08344,0.48917356,727.61847
0.23,0.11,18.97436,301.10916,0.49802855,711.3721
0.23,0.11,19.487179,301.12494,0.5066856,695.45874
0.23,0.11,20.0,301.13086,0.5151489,679.87335
0.23,0.13,0.0,292.10803,0.0,1566.6187
0.23,0.13,0.51282054,292.62286,0.019094698,1536.3298
0.23,0.13,1.0256411,293.12042,0.03781884,1506.4169
0.23,0.13,1.5384616,293.60083,0.05617723,1476.8866
0.23,0.13,2.0512822,294.06448,0.074174605,1447.7446
0.23,0.13,2.5641026,294.5114,0.091815665,1418.9962
0.23,0.13,3.0769231,294.94196,0.10910536,1390.6461
0.23,0.13,3.5897436,295.35638,0.12604865,1362.698
0.23,0.13,4.1025643,295.75473,0.14265034,1335.1556
0.23,0.13,4.6153846,296.13745,0.15891567,1308.021
0.23,0.13,5.1282053,296.50464,0.17484948,1281.297
0.23,0.13,5.6410255,296.85654,0.19045699,1254.9845
0.23,0.13,6.1538463,297.1934,0.20574309,1229.0854
0.23,0.13,6.6666665,297.51538,0.22071314,1203.5999
0.23,0.13,7.179487,297.82272,0.23537192,1178.5282
0.23,0.13,7.6923075,298.11578,0.24972466,1153.8704
0.23,0.13,8.205129,298.3945,0.2637766,1129.6248
0.23,0.13,8.717949,298.6593,0.27753258,1105.7914
0.23,0.13,9.230769,298.91034,0.29099777,1082.368
0.23,0.13,9.743589,299.1478,0.30417705,1059.3535
0.23,0.13,10.256411,299.3719,0.31707573,1036.7451
0.23,0.13,10.769231,299.58282,0.32969865,1014.5407
0.23,0.13,11.282051,299.78088,0.3420507,992.73773
0.23,0.13,11.794871,299.96616,0.35413688,971.3331
0.23,0.13,12.307693,300.13885,0.3659621,950.3233
0.23,0.13,12.820513,300.29932,0.3775311,929.7051
0.23,0.13,13.333333,300.4475,0.38884875,909.475
0.23,0.13,13.846154,300.58383,0.39991975,889.6289
0.23,0.13,14.358974,300.70828,0.41074887,870.163
0.23,0.13,14.871795,300.82123,0.42134073,851.073
0.23,0.13,15.384615,300.9228,0.43169984,832.3545
0.23,0.13,15.897436,301.01306,0.44183093,814.00305
0.23,0.13,16.410257,301.0924,0.45173836,796.0142
0.23,0.13,16.923077,301.1609,0.46142656,778.38324
0.23,0.13,17.435898,301.21866,0.47090003,761.10535
0.23,0.13,17.948717,301.26605,0.48016292,744.1755
0.23,0.13,18.461538,301.30307,0.48921958,727.589
0.23,0.13,18.97436,301.32996,0.49807423,711.34076
0.23,0.13,19.487179,301.34692,0.5067308,695.42584
0.23,0.13,20.0,301.3541,0.5151937,679.83905
0.23,0.15,0.0,292.25656,0.0,1566.8954
0.23,0.15,0.51282054,292.76993,0.019097932,1536.5803
0.23,0.15,1.0256411,293.2661,0.0378251,1506.643
0.23,0.15,1.5384616,293.74527,0.056186095,1477.0908
0.23,0.15,2.0512822,294.20782,0.07418582,1447.9281
0.23,0.15,2.5641026,294.6538,0.09182902,1419.161
0.23,0.15,3.0769231,295.08356,0.10912059,1390.7936
0.23,0.15,3.5897436,295.49728,0.12606561,1362.8295
0.23,0.15,4.1025643,295.89514,0.14266884,1335.2723
0.23,0.15,4.6153846,296.27744,0.15893555,1308.1246
0.23,0.15,5.1282053,296.64432,0.17487055,1281.388
0.23,0.15,5.6410255,296.99603,0.1904791,1255.0646
0.23,0.15,6.1538463,297.33282,0.20576614,1229.1549
0.23,0.15,6.6666665,297.65482,0.22073692,1203.66
0.23,0.15,7.179487,297.96234,0.23539643,1178.5797
0.23,0.15,7.6923075,298.25555,0.24974975,1153.9136
0.23,0.15,8.205129,298.53467,0.26380214,1129.661
0.23,0.15,8.717949,298.7998,0.27755857,1105.8208
0.23,0.15,9.230769,299.05133,0.291024,1082.3916
0.23,0.15,9.743589,299.28943,0.30420366,1059.3716
0.23,0.15,10.256411,299.5142,0.3171025,1036.7582
0.23,0.15,10.769231,299.72586,0.32972562,1014.5491
0.23,0.15,11.282051,299.92465,0.34207767,992.742
0.23,0.15,11.794871,300.11087,0.35416391,971.3337
0.23,0.15,12.307693,300.28452,0.36598912,950.3205
0.23,0.15,12.820513,300.44592,0.37755802,929.6994
0.23,0.15,13.333333,300.59518,0.38887557,909.4665
0.23,0.15,13.846154,300.7326,0.39994645,889.6179
0.23,0.15,14.358974,300.8583,0.41077548,870.14984
0.23,0.15,14.871795,300.97244,0.42136714,851.0579
0.23,0.15,15.384615,301.07526,0.43172607,832.33777
0.23,0.15,15.897436,301.16687,0.4418569,813.9849
0.23,0.15,16.410257,301.24756,0.45176414,795.9946
0.23,0.15,16.923077,301.31747,0.46145213,778.3627
0.23,0.15,17.435898,301.3767,0.4709252,761.08374
0.23,0.15,17.948717,301.42554,0.4801879,744.15326
0.23,0.15,18.461538,301.46408,0.48924422,727.5662
0.23,0.15,18.97436,301.4925,0.49809864,711.3175
0.23,0.15,19.487179,301.5111,0.506755,695.4022
0.23,0.15,20.0,301.5199,0.5152175,679.8153
0.23,0.17,0.0,292.3365,0.0,1567.034
0.23,0.17,0.51282054,292.84848,0.019099496,1536.7001
0.23,0.17,1.0256411,293.34344,0.03782797,1506.7455
0.23,0.17,1.5384616,293.82166,0.056190267,1477.1774
0.23,0.17,2.0512822,294.28336,0.07419088,1448.0012
0.23,0.17,2.5641026,294.72867,0.09183496,1419.2216
0.23,0.17,3.0769231,295.15784,0.109127164,1390.8433
0.23,0.17,3.5897436,295.57114,0.12607275,1362.8695
0.23,0.17,4.1025643,295.96878,0.14267641,1335.3035
0.23,0.17,4.6153846,296.35086,0.15894341,1308.148
0.23,0.17,5.1282053,296.71774,0.17487869,1281.4048
0.23,0.17,5.6410255,297.06955,0.19048735,1255.0753
0.23,0.17,6.1538463,297.40656,0.20577459,1229.1604
0.23,0.17,6.6666665,297.72888,0.22074535,1203.6608
0.23,0.17,7.179487,298.03687,0.23540488,1178.5767
0.23,0.17,7.6923075,298.33057,0.2497581,1153.907
0.23,0.17,8.205129,298.61026,0.26381043,1129.6512
0.23,0.17,8.717949,298.87625,0.2775667,1105.8087
0.23,0.17,9.230769,299.12857,0.29103205,1082.3774
0.23,0.17,9.743589,299.36752,0.30421147,1059.3555
0.23,0.17,10.256411,299.59326,0.31711012,1036.7408
0.23,0.17,10.769231,299.80606,0.3297329,1014.5309
0.23,0.17,11.282051,300.00604,0.34208483,992.7226
0.23,0.17,11.794871,300.19342,0.3541708,971.31354
0.23,0.17,12.307693,300.36835,0.36599573,950.29987
0.23,0.17,12.820513,300.5311,0.3775644,929.6785
0.23,0.17,13.333333,300.68182,0.3888817,909.44556
0.23,0.17,13.846154,300.82068,0.39995235,889.59705
0.23,0.17,14.358974,300.9479,0.41078106,870.1291
0.23,0.17,14.871795,301.06363,0.4213725,851.0375
0.23,0.17,15.384615,301.16806,0.4317312,832.31757
0.23,0.17,15.897436,301.2614,0.44186175,813.9652
0.23,0.17,16.410257,301.34384,0.45176873,795.97565
0.23,0.17,16.923077,301.41553,0.4614565,778.34424
0.23,0.17,17.435898,301.4766,0.47092938,761.066
0.23,0.17,17.948717,301.52728,0.48019186,744.1363
0.23,0.17,18.461538,301.56775,0.48924798,727.5499
0.23,0.17,18.97436,301.5981,0.4981022,711.302
0.23,0.17,19.487179,301.61868,0.5067584,695.38776
0.23,0.17,20.0,301.62946,0.51522076,679.80164
0.23,0.19,0.0,292.3494,0.0,1567.0365
0.23,0.19,0.51282054,292.8602,0.019099496,1536.6906
0.23,0.19,1.0256411,293.35422,0.03782776,1506.7261
0.23,0.19,1.5384616,293.83157,0.056189694,1477.149
0.23,0.19,2.0512822,294.29263,0.07419004,1447.9655
0.23,0.19,2.5641026,294.73752,0.091833554,1419.1802
0.23,0.19,3.0769231,295.16635,0.10912529,1390.7966
0.23,0.19,3.5897436,295.57947,0.12607025,1362.819
0.23,0.19,4.1025643,295.97705,0.14267328,1335.2502
0.23,0.19,4.6153846,296.3593,0.15893961,1308.0925
0.23,0.19,5.1282053,296.72638,0.17487419,1281.3477
0.23,0.19,5.6410255,297.07855,0.19048218,1255.0173
0.23,0.19,6.1538463,297.41602,0.20576864,1229.1025
0.23,0.19,6.6666665,297.739,0.22073868,1203.6029
0.23,0.19,7.179487,298.04764,0.23539747,1178.5193
0.23,0.19,7.6923075,298.34222,0.24975011,1153.851
0.23,0.19,8.205129,298.6229,0.26380172,1129.5964
0.23,0.19,8.717949,298.88986,0.27755725,1105.7555
0.23,0.19,9.230769,299.14337,0.29102197,1082.326
0.23,0.19,9.743589,299.3835,0.30420077,1059.306
0.23,0.19,10.256411,299.6106,0.31709886,1036.6931
0.23,0.19,10.769231,299.8247,0.32972106,1014.4855
0.23,0.19,11.282051,300.02618,0.3420724,992.6795
0.23,0.19,11.794871,300.2151,0.35415787,971.2728
0.23,0.19,12.307693,300.3917,0.36598232,950.26166
0.23,0.19,12.820513,300.5561,0.37755057,929.6426
0.23,0.19,13.333333,300.70862,0.3888675,909.4122
0.23,0.19,13.846154,300.84927,0.3999377,889.5662
0.23,0.19,14.358974,300.97836,0.41076604,870.10077
0.23,0.19,14.871795,301.09607,0.42135707,851.0114
0.23,0.19,15.384615,301.20248,0.4317155,832.2941
0.23,0.19,15.897436,301.2979,0.44184577,813.94403
0.23,0.19,16.410257,301.3824,0.45175254,795.9568
0.23,0.19,16.923077,301.4562,0.4614401,778.32764
0.23,0.19,17.435898,301.51947,0.47091287,761.05176
0.23,0.19,17.948717,301.5724,0.48017508,744.1243
0.23,0.19,18.461538,301.61514,0.48923114,727.5401
0.23,0.19,18.97436,301.64786,0.4980852,711.2944
0.23,0.19,19.487179,301.6707,0.5067413,695.382
0.23,0.19,20.0,301.68387,0.5152036,679.798
0.23,0.21,0.0,292.29684,0.0,1566.9062
0.23,0.21,0.51282054,292.80664,0.019097827,1536.5548
0.23,0.21,1.0256411,293.29984,0.037824474,1506.5868
0.23,0.21,1.5384616,293.77667,0.056184635,1477.0078
0.23,0.21,2.0512822,294.2373,0.07418321,1447.8232
0.23,0.21,2.5641026,294.68182,0.091825,1419.038
0.23,0.21,3.0769231,295.11053,0.10911496,1390.656
0.23,0.21,3.5897436,295.52377,0.12605825,1362.68
0.23,0.21,4.1025643,295.9215,0.14265962,1335.114
0.23,0.21,4.6153846,296.30414,0.15892422,1307.9594
0.23,0.21,5.1282053,296.6717,0.1748572,1281.2184
0.23,0.21,5.6410255,297.0245,0.19046362,1254.8925
0.23,0.21,6.1538463,297.36273,0.20574856,1228.982
0.23,0.21,6.6666665,297.68658,0.22071715,1203.4877
0.23,0.21,7.179487,297.99625,0.23537457,1178.409
0.23,0.21,7.6923075,298.2919,0.24972582,1153.7457
0.23,0.21,8.205129,298.5738,0.2637762,1129.497
0.23,0.21,8.717949,298.84204,0.27753055,1105.6613
0.23,0.21,9.230769,299.09695,0.2909941,1082.2374
0.23,0.21,9.743589,299.33868,0.30417198,1059.2228
0.23,0.21,10.256411,299.56732,0.31706896,1036.6158
0.23,0.21,10.769231,299.7832,0.32969034,1014.4134
0.23,0.21,11.282051,299.98642,0.3420408,992.61304
0.23,0.21,11.794871,300.1772,0.35412547,971.21155
0.23,0.21,12.307693,300.3557,0.3659492,950.2056
0.23,0.21,12.820513,300.5222,0.37751678,929.5919
0.23,0.21,13.333333,300.67673,0.3888331,909.36646
0.23,0.21,13.846154,300.81958,0.39990276,889.5253
0.23,0.21,14.358974,300.9509,0.41073063,870.0646
0.23,0.21,14.871795,301.07086,0.42132127,850.97986
0.23,0.21,15.384615,301.17966,0.4316793,832.26697
0.23,0.21,15.897436,301.27744,0.4418094,813.9213
0.23,0.21,16.410257,301.36438,0.45171583,795.9382
0.23,0.21,16.923077,301.4407,0.46140313,778.31305
0.23,0.21,17.435898,301.50653,0.4708758,761.04095
0.23,0.21,17.948717,301.56204,0.48013794,744.1172
0.23,0.21,18.461538,301.60742,0.48919392,727.53644
0.23,0.21,18.97436,301.6428,0.4980479,711.2941
0.23,0.21,19.487179,301.66837,0.50670403,695.38513
0.23,0.21,20.0,301.6843,0.5151664,679.80414
0.23,0.23,0.0,292.1804,0.0,1566.6451
0.23,0.23,0.51282054,292.68942,0.019094646,1536.295
0.23,0.23,1.0256411,293.182,0.03781811,1506.3302
0.23,0.23,1.5384616,293.65836,0.056175143,1476.7555
0.23,0.23,2.0512822,294.11865,0.07417059,1447.5764
0.23,0.23,2.5641026,294.56314,0.09180941,1418.7971
0.23,0.23,3.0769231,294.99207,0.1090965,1390.422
0.23,0.23,3.5897436,295.4055,0.12603687,1362.4536
0.23,0.23,4.1025643,295.80365,0.14263546,1334.8958
0.23,0.23,4.6153846,296.18677,0.15889752,1307.7498
0.23,0.23,5.1282053,296.55508,0.17482793,1281.018
0.23,0.23,5.6410255,296.90875,0.19043201,1254.701
0.23,0.23,6.1538463,297.24802,0.20571461,1228.8
0.23,0.23,6.6666665,297.57294,0.22068106,1203.315
0.23,0.23,7.179487,297.88388,0.23533645,1178.2461
0.23,0.23,7.6923075,298.18088,0.24968565,1153.5924
0.23,0.23,8.205129,298.46426,0.26373422,1129.3531
0.23,0.23,8.717949,298.73413,0.2774869,1105.5267
0.23,0.23,9.230769,298.99075,0.29094887,1082.1119
0.23,0.23,9.743589,299.23425,0.30412522,1059.1069
0.23,0.23,10.256411,299.46478,0.31702083,1036.5087
0.23,0.23,10.769231,299.68268,0.32964092,1014.3151
0.23,0.23,11.282051,299.888,0.34199026,992.5232
0.23,0.23,11.794871,300.08093,0.35407382,971.13
0.23,0.23,12.307693,300.2617,0.3658967,950.1321
0.23,0.23,12.820513,300.43045,0.37746337,929.5262
0.23,0.23,13.333333,300.58746,0.38877887,909.3082
0.23,0.23,13.846154,300.7328,0.3998479,889.4744
0.23,0.23,14.358974,300.86664,0.41067517,870.0207
0.23,0.23,14.871795,300.9892,0.42126536,850.9427
0.23,0.23,15.384615,301.10065,0.43162298,832.23627
0.23,0.23,15.897436,301.2012,0.44175264,813.8967
0.23,0.23,16.410257,301.29095,0.4516589,795.91956
0.23,0.23,16.923077,301.3701,0.46134597,778.3001
0.23,0.23,17.435898,301.4388,0.47081846,761.0334
0.23,0.23,17.948717,301.49725,0.48008054,744.1146
0.23,0.23,18.461538,301.54556,0.4891365,727.5389
0.23,0.23,18.97436,301.584,0.49799058,711.3012
0.23,0.23,19.487179,301.6126,0.5066468,695.3966
0.23,0.23,20.0,301.6316,0.5151093,679.8199
0.23,0.25,0.0,292.00168,0.0,1566.2561
0.23,0.25,0.51282054,292.50995,0.0190899,1535.9142
0.23,0.25,1.0256411,293.0021,0.03780867,1505.9584
0.23,0.25,1.5384616,293.4782,0.056161217,1476.3939
0.23,0.25,2.0512822,293.93842,0.07415228,1447.2261
0.23,0.25,2.5641026,294.38303,0.09178688,1418.459
0.23,0.25,3.0769231,294.8121,0.1090699,1390.0963
0.23,0.25,3.5897436,295.226,0.12600636,1362.1414
0.23,0.25,4.1025643,295.6248,0.1426012,1334.5972
0.23,0.25,4.6153846,296.00876,0.15885967,1307.4648
0.23,0.25,5.1282053,296.37796,0.17478663,1280.747
0.23,0.25,5.6410255,296.73273,0.19038743,1254.4442
0.23,0.25,6.1538463,297.07312,0.20566699,1228.5571
0.23,0.25,6.6666665,297.3994,0.22063057,1203.0859
0.23,0.25,7.179487,297.71185,0.23528315,1178.031
0.23,0.25,7.6923075,298.0105,0.24962986,1153.3911
0.23,0.25,8.205129,298.29556,0.26367605,1129.1653
0.23,0.25,8.717949,298.56735,0.2774264,1105.3522
0.23,0.25,9.230769,298.8259,0.29088637,1081.9504
0.23,0.25,9.743589,299.07144,0.3040607,1058.9578
0.23,0.25,10.256411,299.30426,0.31695464,1036.3721
0.23,0.25,10.769231,299.52432,0.32957315,1014.1903
0.23,0.25,11.282051,299.73206,0.34192094,992.4101
0.23,0.25,11.794871,299.92746,0.3540033,971.02814
0.23,0.25,12.307693,300.11078,0.36582482,950.04114
0.23,0.25,12.820513,300.28223,0.37739056,929.44543
0.23,0.25,13.333333,300.44186,0.3887052,909.23755
0.23,0.25,13.846154,300.58994,0.39977336,889.41327
0.23,0.25,14.358974,300.72668,0.41059992,869.96875
0.23,0.25,14.871795,300.85214,0.42118955,850.89966
0.23,0.25,15.384615,300.96664,0.43154672,832.20154
0.23,0.25,15.897436,301.0702,0.44167596,813.8702
0.23,0.25,16.410257,301.16306,0.45158187,795.9006
0.23,0.25,16.923077,301.24536,0.46126878,778.2885
0.23,0.25,17.435898,301.31732,0.4707412,761.02875
0.23,0.25,17.948717,301.37903,0.48000327,744.11664
0.23,0.25,18.461538,301.43066,0.4890593,727.5471
0.23,0.25,18.97436,301.4724,0.49791348,711.31537
0.23,0.25,19.487179,301.50446,0.50657,695.4164
0.23,0.25,20.0,301.52692,0.5150328,679.8449
0.23,0.27,0.0,291.76212,0.0,1565.7416
0.23,0.27,0.51282054,292.2699,0.019083694,1535.4137
0.23,0.27,1.0256411,292.7616,0.037796363,1505.4736
0.23,0.27,1.5384616,293.23758,0.056143068,1475.9254
0.23,0.27,2.0512822,293.69788,0.0741285,1446.7747
0.23,0.27,2.5641026,294.1427,0.09175762,1418.0253
0.23,0.27,3.0769231,294.5723,0.10903537,1389.6808
0.23,0.27,3.5897436,294.9868,0.12596682,1361.7445
0.23,0.27,4.1025643,295.3864,0.14255694,1334.2188
0.23,0.27,4.6153846,295.77127,0.15881085,1307.1052
0.23,0.27,5.1282053,296.14157,0.17473353,1280.4065
0.23,0.27,5.6410255,296.49762,0.1903302,1254.1223
0.23,0.27,6.1538463,296.8395,0.20560592,1228.254
0.23,0.27,6.6666665,297.16742,0.2205659,1202.8011
0.23,0.27,7.179487,297.48148,0.2352151,1177.7644
0.23,0.27,7.6923075,297.78198,0.24955866,1153.1422
0.23,0.27,8.205129,298.0691,0.26360187,1128.9337
0.23,0.27,8.717949,298.3429,0.27734953,1105.1378
0.23,0.27,9.230769,298.60367,0.2908069,1081.7524
0.23,0.27,9.743589,298.85153,0.30397886,1058.776
0.23,0.27,10.256411,299.08673,0.3168707,1036.2058
0.23,0.27,10.769231,299.30945,0.3294872,1014.03937
0.23,0.27,11.282051,299.51978,0.34183332,992.2735
0.23,0.27,11.794871,299.7179,0.35391402,970.90576
0.23,0.27,12.307693,299.90408,0.36573413,949.9324
0.23,0.27,12.820513,300.07843,0.37729856,929.3496
0.23,0.27,13.333333,300.24103,0.3886121,909.1542
0.23,0.27,13.846154,300.3922,0.3996794,889.34174
0.23,0.27,14.358974,300.5321,0.41050512,869.9088
0.23,0.27,14.871795,300.66077,0.42109406,850.85065
0.23,0.27,15.384615,300.77856,0.43145066,832.1629
0.23,0.27,15.897436,300.8855,0.4415795,813.8415
0.23,0.27,16.410257,300.98178,0.45148516,795.88135
0.23,0.27,16.923077,301.06757,0.4611719,778.2781
0.23,0.27,17.435898,301.14304,0.47064424,761.0268
0.23,0.27,17.948717,301.20834,0.47990626,744.12274
0.23,0.27,18.461538,301.26367,0.4889625,727.5609
0.23,0.27,18.97436,301.3091,0.49781695,711.3364
0.23,0.27,19.487179,301.34488,0.50647366,695.44415
0.23,0.27,20.0,301.37106,0.51493686,679.8791
0.23,0.29,0.0,291.4633,0.0,1565.1036
0.23,0.29,0.51282054,291.97058,0.01907587,1534.7968
0.23,0.29,1.0256411,292.4621,0.03778124,1504.8776
0.23,0.29,1.5384616,292.938,0.056120694,1475.3514
0.23,0.29,2.0512822,293.39853,0.07409919,1446.2236
0.23,0.29,2.5641026,293.84375,0.09172163,1417.4976
0.23,0.29,3.0769231,294.2739,0.108993076,1389.1768
0.23,0.29,3.5897436,294.68918,0.12591848,1361.2638
0.23,0.29,4.1025643,295.08966,0.14250278,1333.762
0.23,0.29,4.6153846,295.4757,0.15875119,1306.6725
0.23,0.29,5.1282053,295.84738,0.17466876,1279.9971
0.23,0.29,5.6410255,296.20486,0.19026059,1253.7362
0.23,0.29,6.1538463,296.54837,0.20553166,1227.891
0.23,0.29,6.6666665,296.878,0.2204873,1202.4613
0.23,0.29,7.179487,297.19406,0.23513243,1177.4465
0.23,0.29,7.6923075,297.49655,0.24947219,1152.8461
0.23,0.29,8.205129,297.78586,0.2635119,1128.6589
0.23,0.29,8.717949,298.06204,0.27725628,1104.8838
0.23,0.29,9.230769,298.32523,0.29071066,1081.5187
0.23,0.29,9.743589,298.57568,0.30387992,1058.5615
0.23,0.29,10.256411,298.81357,0.31676924,1036.01
0.23,0.29,10.769231,299.03903,0.3293835,1013.8618
0.23,0.29,11.282051,299.25226,0.34172747,992.11395
0.23,0.29,11.794871,299.4534,0.35380635,970.76294
0.23,0.29,12.307693,299.6426,0.36562476,949.8056
0.23,0.29,12.820513,299.8202,0.37718773,929.23865
0.23,0.29,13.333333,299.9861,0.38849992,909.058
0.23,0.29,13.846154,300.14066,0.39956617,889.2599
0.23,0.29,14.358974,300.28397,0.410391,869.84045
0.23,0.29,14.871795,300.4162,0.42097914,850.7952
0.23,0.29,15.384615,300.53748,0.43133512,832.1201
0.23,0.29,15.897436,300.64807,0.4414636,813.8103
0.23,0.29,16.410257,300.74805,0.45136887,795.8614
0.23,0.29,16.923077,300.83765,0.46105543,778.2686
0.23,0.29,17.435898,300.917,0.4705277,761.0274
0.23,0.29,17.948717,300.98618,0.47978985,744.13293
0.23,0.29,18.461538,301.04547,0.48884618,727.5801
0.23,0.29,18.97436,301.0949,0.49770093,711.36395
0.23,0.29,19.487179,301.13467,0.5063581,695.4796
0.23,0.29,20.0,301.165,0.51482177,679.922
0.23,0.31,0.0,291.10657,0.0,1564.3457
0.23,0.31,0.51282054,291.6135,0.019066744,1534.0647
0.23,0.31,1.0256411,292.10486,0.03776314,1504.1727
0.23,0.31,1.5384616,292.58087,0.056094147,1474.6746
0.23,0.31,2.0512822,293.04163,0.07406451,1445.5747
0.23,0.31,2.5641026,293.4874,0.09167918,1416.8773
0.23,0.31,3.0769231,293.91827,0.10894311,1388.5853
0.23,0.31,3.5897436,294.33447,0.12586142,1360.7014
0.23,0.31,4.1025643,294.73615,0.14243901,1333.228
0.23,0.31,4.6153846,295.12344,0.15868104,1306.1672
0.23,0.31,5.1282053,295.49652,0.17459251,1279.52
0.23,0.31,5.6410255,295.85565,0.1901786,1253.2871
0.23,0.31,6.1538463,296.20096,0.20544435,1227.4692
0.23,0.31,6.6666665,296.5326,0.22039494,1202.0662
0.23,0.31,7.179487,296.8507,0.23503542,1177.0778
0.23,0.31,7.6923075,297.1555,0.24937084,1152.5029
0.23,0.31,8.205129,297.44714,0.2634064,1128.341
0.23,0.31,8.717949,297.72586,0.2771471,1104.5903
0.23,0.31,9.230769,297.99176,0.29059798,1081.2485
0.23,0.31,9.743589,298.245,0.3037641,1058.3143
0.23,0.31,10.256411,298.48578,0.31665042,1035.785
0.23,0.31,10.769231,298.71426,0.32926202,1013.6581
0.23,0.31,11.282051,298.93063,0.3416037,991.9304
0.23,0.31,11.794871,299.13498,0.35368037,970.59937
0.23,0.31,12.307693,299.3276,0.36549693,949.661
0.23,0.31,12.820513,299.5085,0.37705824,929.112
0.23,0.31,13.333333,299.67804,0.38836905,908.9487
0.23,0.31,13.846154,299.83615,0.39943394,889.1674
0.23,0.31,14.358974,299.98315,0.41025776,869.7636
0.23,0.31,14.871795,300.1192,0.42084506,850.7335
0.23,0.31,15.384615,300.24442,0.43120036,832.0726
0.23,0.31,15.897436,300.35895,0.44132832,813.77637
0.23,0.31,16.410257,300.46295,0.45123333,795.84033
0.23,0.31,16.923077,300.5566,0.46091968,778.26
0.23,0.31,17.435898,300.64005,0.4703919,761.03033
0.23,0.31,17.948717,300.7134,0.47965413,744.1467
0.23,0.31,18.461538,300.77695,0.48871076,727.6041
0.23,0.31,18.97436,300.83072,0.49756578,711.39764
0.23,0.31,19.487179,300.87494,0.50622344,695.5226
0.23,0.31,20.0,300.90958,0.5146877,679.97345
0.23,0.33,0.0,290.6934,0.0,1563.4697
0.23,0.33,0.51282054,291.20004,0.019056156,1533.2206
0.23,0.33,1.0256411,291.6914,0.037742384,1503.361
0.23,0.33,1.5384616,292.16757,0.056063585,1473.896
0.23,0.33,2.0512822,292.62878,0.07402456,1444.8298
0.23,0.33,2.5641026,293.07513,0.09163026,1416.166
0.23,0.33,3.0769231,293.5068,0.10888564,1387.908
0.23,0.33,3.5897436,293.924,0.12579587,1360.0576
0.23,0.33,4.1025643,294.32693,0.14236578,1332.6182
0.23,0.33,4.6153846,294.71564,0.1586004,1305.5903
0.23,0.33,5.1282053,295.0904,0.174505,1278.9756
0.23,0.33,5.6410255,295.45126,0.19008467,1252.775
0.23,0.33,6.1538463,295.7985,0.20534422,1226.9888
0.23,0.33,6.6666665,296.13226,0.22028911,1201.617
0.23,0.33,7.179487,296.45267,0.23492423,1176.6588
0.23,0.33,7.6923075,296.75995,0.24925464,1152.1138
0.23,0.33,8.205129,297.05417,0.2632857,1127.9801
0.23,0.33,8.717949,297.33557,0.27702206,1104.2572
0.23,0.33,9.230769,297.6043,0.29046905,1080.9427
0.23,0.33,9.743589,297.86057,0.30363148,1058.0345
0.23,0.33,10.256411,298.1045,0.31651455,1035.5305
0.23,0.33,10.769231,298.33618,0.32912317,1013.42773
0.23,0.33,11.282051,298.5559,0.34146214,991.7237
0.23,0.33,11.794871,298.76376,0.3535365,970.41486
0.23,0.33,12.307693,298.95993,0.36535084,949.49817
0.23,0.33,12.820513,299.1446,0.37691033,928.9697
0.23,0.33,13.333333,299.31784,0.38821942,908.8263
0.23,0.33,13.846154,299.4799,0.39928302,889.0637
0.23,0.33,14.358974,299.6308,0.41010562,869.67804
0.23,0.33,14.871795,299.77094,0.420692,850.6649
0.23,0.33,15.384615,299.90027,0.4310466,832.02026
0.23,0.33,15.897436,300.01898,0.44117394,813.73956
0.23,0.33,16.410257,300.12726,0.45107853,795.8182
0.23,0.33,16.923077,300.2253,0.46076477,778.25165
0.23,0.33,17.435898,300.31314,0.47023696,761.035
0.23,0.33,17.948717,300.39105,0.47949934,744.1639
0.23,0.33,18.461538,300.45905,0.4885562,727.6328
0.23,0.33,18.97436,300.51743,0.49741167,711.43744
0.23,0.33,19.487179,300.56628,0.5060699,695.57263
0.23,0.33,20.0,300.60568,0.5145348,680.0332
0.23,0.35,0.0,290.22537,0.0,1562.4783
0.23,0.35,0.51282054,290.73172,0.019044213,1532.2664
0.23,0.35,1.0256411,291.22305,0.037718862,1502.4448
0.23,0.35,1.5384616,291.6995,0.05602906,1473.0181
0.23,0.35,2.0512822,292.16116,0.073979445,1443.9907
0.23,0.35,2.5641026,292.60822,0.09157508,1415.3654
0.23,0.35,3.0769231,293.04086,0.108820915,1387.1456
0.23,0.35,3.5897436,293.45917,0.1257219,1359.3341
0.23,0.35,4.1025643,293.8634,0.14228311,1331.9325
0.23,0.35,4.6153846,294.25372,0.15850961,1304.9424
0.23,0.35,5.1282053,294.63016,0.17440647,1278.3651
0.23,0.35,5.6410255,294.99298,0.18997875,1252.2009
0.23,0.35,6.1538463,295.3423,0.20523152,1226.4504
0.23,0.35,6.6666665,295.67828,0.22016999,1201.1135
0.23,0.35,7.179487,296.00116,0.23479916,1176.1895
0.23,0.35,7.6923075,296.311,0.24912405,1151.6777
0.23,0.35,8.205129,296.60797,0.2631498,1127.5767
0.23,0.35,8.717949,296.8923,0.2768815,1103.885
0.23,0.35,9.230769,297.1641,0.290324,1080.601
0.23,0.35,9.743589,297.4235,0.30348253,1057.722
0.23,0.35,10.256411,297.67075,0.31636196,1035.2463
0.23,0.35,10.769231,297.9059,0.32896718,1013.1708
0.23,0.35,11.282051,298.12915,0.34130308,991.4929
0.23,0.35,11.794871,298.34073,0.35337478,970.2093
0.23,0.35,12.307693,298.54068,0.36518678,949.31665
0.23,0.35,12.820513,298.72922,0.37674412,928.8115
0.23,0.35,13.333333,298.9065,0.38805142,908.6901
0.23,0.35,13.846154,299.07263,0.39911348,888.94867
0.23,0.35,14.358974,299.22784,0.40993482,869.5832
0.23,0.35,14.871795,299.37216,0.42052016,850.5892
0.23,0.35,15.384615,299.5059,0.43087393,831.9627
0.23,0.35,15.897436,299.6291,0.4410007,813.69916
0.23,0.35,16.410257,299.74188,0.45090485,795.7943
0.23,0.35,16.923077,299.84454,0.4605909,778.2432
0.23,0.35,17.435898,299.9371,0.47006312,761.0413
0.23,0.35,17.948717,300.01978,0.47932568,744.1839
0.23,0.35,18.461538,300.0926,0.48838288,727.6659
0.23,0.35,18.97436,300.15588,0.4972388,711.4828
0.23,0.35,19.487179,300.20966,0.5058976,695.62946
0.23,0.35,20.0,300.25406,0.5143633,680.10095
0.23,0.37,0.0,289.7037,0.0,1561.3739
0.23,0.37,0.51282054,290.2099,0.019030862,1531.2046
0.23,0.37,1.0256411,290.70126,0.037692785,1501.4259
0.23,0.37,1.5384616,291.17804,0.05599062,1472.0427
0.23,0.37,2.0512822,291.64026,0.073929325,1443.0588
0.23,0.37,2.5641026,292.08804,0.091513745,1414.477
0.23,0.37,3.0769231,292.52167,0.10874884,1386.3007
0.23,0.37,3.5897436,292.94122,0.1256397,1358.5319
0.23,0.37,4.1025643,293.3469,0.14219132,1331.1729
0.23,0.37,4.6153846,293.73883,0.15840879,1304.2249
0.23,0.37,5.1282053,294.11713,0.17429706,1277.689
0.23,0.37,5.6410255,294.4819,0.18986124,1251.5657
0.23,0.37,6.1538463,294.83353,0.20510644,1225.855
0.23,0.37,6.6666665,295.17194,0.22003789,1200.5569
0.23,0.37,7.179487,295.4973,0.23466039,1175.6707
0.23,0.37,7.6923075,295.8099,0.24897906,1151.1954
0.23,0.37,8.205129,296.1098,0.26299918,1127.1305
0.23,0.37,8.717949,296.3972,0.27672556,1103.4738
0.23,0.37,9.230769,296.67218,0.29016325,1080.223
0.23,0.37,9.743589,296.93494,0.3033173,1057.3768
0.23,0.37,10.256411,297.1857,0.31619263,1034.9323
0.23,0.37,10.769231,297.42447,0.32879418,1012.88715
0.23,0.37,11.282051,297.6515,0.34112686,991.2383
0.23,0.37,11.794871,297.8669,0.35319555,969.9826
0.23,0.37,12.307693,298.07086,0.36500496,949.1167
0.23,0.37,12.820513,298.26355,0.37655997,928.637
0.23,0.37,13.333333,298.445,0.3878653,908.5401
0.23,0.37,13.846154,298.61548,0.3989256,888.82196
0.23,0.37,14.358974,298.77512,0.40974554,869.4786
0.23,0.37,14.871795,298.92407,0.4203297,850.50604
0.23,0.37,15.384615,299.06232,0.43068257,831.89966
0.23,0.37,15.897436,299.19025,0.44080865,813.6554
0.23,0.37,16.410257,299.30786,0.45071244,795.7684
0.23,0.37,16.923077,299.41537,0.46039826,778.2345
0.23,0.37,17.435898,299.51288,0.46987045,761.04877
0.23,0.37,17.948717,299.6005,0.4791332,744.2066
0.23,0.37,18.461538,299.67853,0.4881907,727.70306
0.23,0.37,18.97436,299.7469,0.49704728,711.5334
0.23,0.37,19.487179,299.8059,0.5057068,695.6927
0.23,0.37,20.0,299.85556,0.5141733,680.17615
0.23,0.39,0.0,289.12994,0.0,1560.159
0.23,0.39,0.51282054,289.63596,0.019016206,1530.0374
0.23,0.39,1.0256411,290.1274,0.037663996,1500.3068
0.23,0.39,1.5384616,290.60446,0.05594848,1470.9713
0.23,0.39,2.0512822,291.06726,0.0738742,1442.0356
0.23,0.39,2.5641026,291.5159,0.09144631,1413.5022
0.23,0.39,3.0769231,291.95062,0.10866977,1385.3737
0.23,0.39,3.5897436,292.3715,0.12554954,1357.6523
0.23,0.39,4.1025643,292.77863,0.14209062,1330.3405
0.23,0.39,4.6153846,293.17227,0.15829802,1303.4386
0.23,0.39,5.1282053,293.55255,0.1741769,1276.948
0.23,0.39,5.6410255,293.91946,0.18973231,1250.8693
0.23,0.39,6.1538463,294.27338,0.20496929,1225.2021
0.23,0.39,6.6666665,294.61426,0.21989286,1199.9467
0.23,0.39,7.179487,294.94238,0.2345081,1175.1022
0.23,0.39,7.6923075,295.25784,0.24882005,1150.6677
0.23,0.39,8.205129,295.5608,0.2628339,1126.6417
0.23,0.39,8.717949,295.85135,0.2765545,1103.0231
0.23,0.39,9.230769,296.12973,0.28998688,1079.8096
0.23,0.39,9.743589,296.39597,0.3031361,1056.9988
0.23,0.39,10.256411,296.65042,0.31600702,1034.5886
0.23,0.39,10.769231,296.89294,0.32860446,1012.57654
0.23,0.39,11.282051,297.1239,0.3409335,990.95953
0.23,0.39,11.794871,297.34338,0.35299888,969.7342
0.23,0.39,12.307693,297.55148,0.36480552,948.8975
0.23,0.39,12.820513,297.7485,0.37635803,928.4459
0.23,0.39,13.333333,297.9344,0.38766122,908.3758
0.23,0.39,13.846154,298.10944,0.3987196,888.6833
0.23,0.39,14.358974,298.27368,0.40953797,869.3643
0.23,0.39,14.871795,298.42734,0.4201208,850.41486
0.23,0.39,15.384615,298.57043,0.4304727,831.83057
0.23,0.39,15.897436,298.70328,0.44059816,813.60706
0.23,0.39,16.410257,298.82596,0.4505015,795.7399
0.23,0.39,16.923077,298.93857,0.46018702,778.22485
0.23,0.39,17.435898,299.04126,0.46965915,761.0568
0.23,0.39,17.948717,299.13416,0.47892213,744.2315
0.23,0.39,18.461538,299.2175,0.48798013,727.74365
0.23,0.39,18.97436,299.2913,0.49683714,711.5889
0.23,0.39,19.487179,299.3557,0.50549746,695.76215
0.23,0.39,20.0,299.41095,0.51396495,680.2586
0.25,0.01,0.0,289.55115,0.0,1561.5939
0.25,0.01,0.51282054,290.07635,0.019034721,1531.6108
0.25,0.01,1.0256411,290.5837,0.037702695,1501.99
0.25,0.01,1.5384616,291.07352,0.0560083,1472.7384
0.25,0.01,2.0512822,291.54596,0.073956236,1443.863
0.25,0.01,2.5641026,292.00134,0.09155109,1415.3694
0.25,0.01,3.0769231,292.43988,0.108797655,1387.2621
0.25,0.01,3.5897436,292.86188,0.12570068,1359.5461
0.25,0.01,4.1025643,293.2675,0.14226508,1332.2251
0.25,0.01,4.6153846,293.65698,0.15849558,1305.302
0.25,0.01,5.1282053,294.0306,0.1743972,1278.779
0.25,0.01,5.6410255,294.38864,0.18997483,1252.6588
0.25,0.01,6.1538463,294.7313,0.20523348,1226.9425
0.25,0.01,6.6666665,295.0588,0.22017819,1201.6313
0.25,0.01,7.179487,295.37134,0.23481381,1176.7251
0.25,0.01,7.6923075,295.66928,0.24914533,1152.2247
0.25,0.01,8.205129,295.9527,0.26317796,1128.1293
0.25,0.01,8.717949,296.22183,0.27691644,1104.4382
0.25,0.01,9.230769,296.47702,0.29036576,1081.1501
0.25,0.01,9.743589,296.7184,0.30353096,1058.2637
0.25,0.01,10.256411,296.94623,0.31641698,1035.7769
0.25,0.01,10.769231,297.1607,0.32902867,1013.6875
0.25,0.01,11.282051,297.362,0.34137088,991.9934
0.25,0.01,11.794871,297.5504,0.3534485,970.6916
0.25,0.01,12.307693,297.726,0.3652664,949.77875
0.25,0.01,12.820513,297.88925,0.37682933,929.2523
0.25,0.01,13.333333,298.04004,0.38814193,909.10846
0.25,0.01,13.846154,298.1788,0.39920896,889.34357
0.25,0.01,14.358974,298.3056,0.41003495,869.9539
0.25,0.01,14.871795,298.42078,0.42062473,850.9354
0.25,0.01,15.384615,298.52435,0.43098256,832.2842
0.25,0.01,15.897436,298.61667,0.4411131,813.99554
0.25,0.01,16.410257,298.6978,0.4510209,796.06525
0.25,0.01,16.923077,298.7681,0.4607101,778.48883
0.25,0.01,17.435898,298.8275,0.4701851,761.2618
0.25,0.01,17.948717,298.87646,0.47945023,744.37933
0.25,0.01,18.461538,298.915,0.4885097,727.8367
0.25,0.01,18.97436,298.94333,0.49736765,711.6289
0.25,0.01,19.487179,298.96164,0.50602806,695.75146
0.25,0.01,20.0,298.9701,0.5144951,680.1991
0.25,0.03,0.0,290.14346,0.0,1562.7346
0.25,0.03,0.51282054,290.66577,0.019048333,1532.68
0.25,0.03,1.0256411,291.1704,0.03772898,1502.9912
0.25,0.03,1.5384616,291.65747,0.056046583,1473.6746
0.25,0.03,2.0512822,292.12735,0.07400568,1444.7373
0.25,0.03,2.5641026,292.5802,0.09161091,1416.1842
0.25,0.03,3.0769231,293.0164,0.10886712,1388.0206
0.25,0.03,3.5897436,293.43594,0.12577918,1360.2511
0.25,0.03,4.1025643,293.83926,0.14235191,1332.8784
0.25,0.03,4.6153846,294.22656,0.15859018,1305.9064
0.25,0.03,5.1282053,294.5981,0.17449889,1279.337
0.25,0.03,5.6410255,294.9541,0.19008315,1253.1727
0.25,0.03,6.1538463,295.2947,0.20534793,1227.4144
0.25,0.03,6.6666665,295.6203,0.22029814,1202.0632
0.25,0.03,7.179487,295.93097,0.23493883,1177.1193
0.25,0.03,7.6923075,296.22708,0.24927504,1152.5829
0.25,0.03,8.205129,296.5088,0.26331183,1128.4531
0.25,0.03,8.717949,296.77625,0.27705407,1104.7297
0.25,0.03,9.230769,297.0298,0.29050678,1081.4111
0.25,0.03,9.743589,297.26962,0.30367503,1058.4958
0.25,0.03,10.256411,297.49588,0.31656376,1035.9816
0.25,0.03,10.769231,297.70886,0.32917774,1013.86646
0.25,0.03,11.282051,297.90872,0.34152204,992.14795
0.25,0.03,11.794871,298.09576,0.3536015,970.8232
0.25,0.03,12.307693,298.27008,0.3654208,949.8888
0.25,0.03,12.820513,298.43192,0.37698495,929.3421
0.25,0.03,13.333333,298.58154,0.38829854,909.1791
0.25,0.03,13.846154,298.71902,0.39936632,889.3963
0.25,0.03,14.358974,298.84467,0.4101929,869.9899
0.25,0.03,14.871795,298.95868,0.42078295,850.9557
0.25,0.03,15.384615,299.0611,0.43114102,832.28955
0.25,0.03,15.897436,299.15237,0.44127157,813.9874
0.25,0.03,16.410257,299.23242,0.45117918,796.0444
0.25,0.03,16.923077,299.30164,0.460868,778.4562
0.25,0.03,17.435898,299.36005,0.47034258,761.2181
0.25,0.03,17.948717,299.40802,0.47960705,744.32556
0.25,0.03,18.461538,299.44562,0.48866576,727.77344
0.25,0.03,18.97436,299.473,0.49752286,711.5571
0.25,0.03,19.487179,299.49042,0.5061824,695.67163
0.25,0.03,20.0,299.498,0.5146484,680.112
0.25,0.05,0.0,290.65717,0.0,1563.722
0.25,0.05,0.51282054,291.17688,0.01906012,1533.6042
0.25,0.05,1.0256411,291.67902,0.03775172,1503.8553
0.25,0.05,1.5384616,292.16364,0.056079596,1474.4811
0.25,0.05,2.0512822,292.6312,0.07404829,1445.4891
0.25,0.05,2.5641026,293.08185,0.09166249,1416.8842
0.25,0.05,3.0769231,293.51584,0.108927,1388.6713
0.25,0.05,3.5897436,293.93338,0.12584671,1360.8544
0.25,0.05,4.1025643,294.3348,0.14242664,1333.4371
0.25,0.05,4.6153846,294.72028,0.1586715,1306.4226
0.25,0.05,5.1282053,295.09,0.17458636,1279.8131
0.25,0.05,5.6410255,295.44424,0.19017625,1253.6101
0.25,0.05,6.1538463,295.78323,0.20544612,1227.8156
0.25,0.05,6.6666665,296.10724,0.2204011,1202.4296
0.25,0.05,7.179487,296.41647,0.23504612,1177.4531
0.25,0.05,7.6923075,296.71112,0.24938619,1152.8856
0.25,0.05,8.205129,296.99146,0.26342654,1128.7266
0.25,0.05,8.717949,297.25763,0.27717194,1104.9752
0.25,0.05,9.230769,297.50992,0.2906276,1081.6304
0.25,0.05,9.743589,297.74854,0.30379832,1058.6901
0.25,0.05,10.256411,297.9737,0.31668928,1036.1527
0.25,0.05,10.769231,298.18558,0.3293053,1014.0154
0.25,0.05,11.282051,298.38446,0.34165126,992.27606
0.25,0.05,11.794871,298.57047,0.3537321,970.93164
0.25,0.05,12.307693,298.74384,0.3655527,949.9791
0.25,0.05,12.820513,298.9048,0.3771178,929.41473
0.25,0.05,13.333333,299.0535,0.38843215,909.2357
0.25,0.05,13.846154,299.19022,0.3995006,889.4378
0.25,0.05,14.358974,299.31506,0.41032758,870.01715
0.25,0.05,14.871795,299.42838,0.42091793,850.96967
0.25,0.05,15.384615,299.53012,0.43127608,832.29126
0.25,0.05,15.897436,299.62067,0.44140667,813.97736
0.25,0.05,16.410257,299.7001,0.45131394,796.0236
0.25,0.05,16.923077,299.7687,0.46100256,778.4256
0.25,0.05,17.435898,299.82663,0.4704766,761.1783
0.25,0.05,17.948717,299.87402,0.47974056,744.27734
0.25,0.05,18.461538,299.91107,0.48879868,727.7173
0.25,0.05,18.97436,299.93802,0.49765503,711.49365
0.25,0.05,19.487179,299.95493,0.50631374,695.6016
0.25,0.05,20.0,299.96204,0.51477885,680.036
0.25,0.07,0.0,291.0941,0.0,1564.5592
0.25,0.07,0.51282054,291.61142,0.019070081,1534.386
0.25,0.07,1.0256411,292.11127,0.03777107,1504.5842
0.25,0.07,1.5384616,292.59378,0.05610755,1475.1608
0.25,0.07,2.0512822,293.0593,0.07408422,1446.1215
0.25,0.07,2.5641026,293.50806,0.091705985,1417.4718
0.25,0.07,3.0769231,293.94025,0.10897743,1389.2156
0.25,0.07,3.5897436,294.3561,0.12590367,1361.3588
0.25,0.07,4.1025643,294.75583,0.1424895,1333.903
0.25,0.07,4.6153846,295.13974,0.15873986,1306.8522
0.25,0.07,5.1282053,295.50803,0.17465979,1280.2081
0.25,0.07,5.6410255,295.8609,0.19025438,1253.9724
0.25,0.07,6.1538463,296.19867,0.20552847,1228.1469
0.25,0.07,6.6666665,296.52136,0.22048736,1202.7318
0.25,0.07,7.179487,296.8295,0.23513591,1177.7277
0.25,0.07,7.6923075,297.1231,0.24947923,1153.134
0.25,0.07,8.205129,297.40237,0.26352245,1128.9503
0.25,0.07,8.717949,297.66763,0.27727047,1105.1759
0.25,0.07,9.230769,297.91913,0.2907285,1081.8087
0.25,0.07,9.743589,298.1569,0.3039013,1058.8479
0.25,0.07,10.256411,298.38126,0.316794,1036.2905
0.25,0.07,10.769231,298.59253,0.32941163,1014.1351
0.25,0.07,11.282051,298.7907,0.34175897,992.3783
0.25,0.07,11.794871,298.97614,0.353841,971.0178
0.25,0.07,12.307693,299.149,0.36566257,950.0497
0.25,0.07,12.820513,299.30945,0.37722847,929.4713
0.25,0.07,13.333333,299.4577,0.3885435,909.2788
0.25,0.07,13.846154,299.594,0.39961225,889.46826
0.25,0.07,14.358974,299.71854,0.4104396,870.03595
0.25,0.07,14.871795,299.83145,0.4210301,850.97766
0.25,0.07,15.384615,299.93298,0.43138826,832.2891
0.25,0.07,15.897436,300.02325,0.44151866,813.9658
0.25,0.07,16.410257,300.10254,0.45142582,796.0035
0.25,0.07,16.923077,300.1709,0.4611141,778.39716
0.25,0.07,17.435898,300.2287,0.4705878,761.14233
0.25,0.07,17.948717,300.27594,0.4798513,744.2343
0.25,0.07,18.461538,300.3129,0.48890883,727.66815
0.25,0.07,18.97436,300.33975,0.49776453,711.4387
0.25,0.07,19.487179,300.3567,0.5064225,695.5413
0.25,0.07,20.0,300.36377,0.5148869,679.9708
0.25,0.09,0.0,291.45602,0.0,1565.2485
0.25,0.09,0.51282054,291.97125,0.019078217,1535.028
0.25,0.09,1.0256411,292.46912,0.03778682,1505.1814
0.25,0.09,1.5384616,292.94977,0.056130446,1475.7155
0.25,0.09,2.0512822,293.41357,0.07411374,1446.636
0.25,0.09,2.5641026,293.86063,0.0917415,1417.9481
0.25,0.09,3.0769231,294.29126,0.10901863,1389.6567
0.25,0.09,3.5897436,294.7057,0.12595008,1361.7655
0.25,0.09,4.1025643,295.10416,0.14254075,1334.278
0.25,0.09,4.6153846,295.4868,0.15879557,1307.1964
0.25,0.09,5.1282053,295.85397,0.17471951,1280.5239
0.25,0.09,5.6410255,296.20584,0.19031784,1254.2614
0.25,0.09,6.1538463,296.54257,0.20559528,1228.4105
0.25,0.09,6.6666665,296.86447,0.2205573,1202.9711
0.25,0.09,7.179487,297.17175,0.23520868,1177.9443
0.25,0.09,7.6923075,297.4646,0.24955454,1153.3295
0.25,0.09,8.205129,297.7433,0.2636,1129.1255
0.25,0.09,8.717949,298.00797,0.27735004,1105.3318
0.25,0.09,9.230769,298.25888,0.2908098,1081.9473
0.25,0.09,9.743589,298.4963,0.30398428,1058.9692
0.25,0.09,10.256411,298.72028,0.31687838,1036.3965
0.25,0.09,10.769231,298.93118,0.32949722,1014.226
0.25,0.09,11.282051,299.12915,0.34184557,992.4555
0.25,0.09,11.794871,299.31436,0.35392848,971.08167
0.25,0.09,12.307693,299.48706,0.36575076,950.1017
0.25,0.09,12.820513,299.64743,0.37731728,929.5118
0.25,0.09,13.333333,299.79562,0.38863268,909.3085
0.25,0.09,13.846154,299.93195,0.3997018,889.4882
0.25,0.09,14.358974,300.05652,0.41052932,870.0466
0.25,0.09,14.871795,300.16946,0.42111987,850.9798
0.25,0.09,15.384615,300.27112,0.43147802,832.2832
0.25,0.09,15.897436,300.36157,0.44160828,813.9525
0.25,0.09,16.410257,300.44104,0.45151526,795.9833
0.25,0.09,16.923077,300.5097,0.46120328,778.3708
0.25,0.09,17.435898,300.56772,0.47067666,761.1102
0.25,0.09,17.948717,300.61526,0.4799397,744.1968
0.25,0.09,18.461538,300.65256,0.4889967,727.62573
0.25,0.09,18.97436,300.67978,0.49785185,711.392
0.25,0.09,19.487179,300.69705,0.5065092,695.49054
0.25,0.09,20.0,300.7046,0.514973,679.9163
0.25,0.11,0.0,291.7448,0.0,1565.793
0.25,0.11,0.51282054,292.25812,0.019084737,1535.533
0.25,0.11,1.0256411,292.7542,0.037799284,1505.6486
0.25,0.11,1.5384616,293.2333,0.05614844,1476.1477
0.25,0.11,2.0512822,293.69556,0.074136846,1447.0347
0.25,0.11,2.5641026,294.1413,0.09176935,1418.3158
0.25,0.11,3.0769231,294.57068,0.10905081,1389.9952
0.25,0.11,3.5897436,294.98392,0.12598622,1362.0765
0.25,0.11,4.1025643,295.38135,0.1425806,1334.5631
0.25,0.11,4.6153846,295.76312,0.15883869,1307.4575
0.25,0.11,5.1282053,296.12946,0.17476583,1280.7621
0.25,0.11,5.6410255,296.48056,0.19036682,1254.478
0.25,0.11,6.1538463,296.81668,0.20564696,1228.6068
0.25,0.11,6.6666665,297.13806,0.22061113,1203.1487
0.25,0.11,7.179487,297.44485,0.23526458,1178.1041
0.25,0.11,7.6923075,297.7373,0.24961233,1153.4724
0.25,0.11,8.205129,298.01575,0.26365945,1129.2528
0.25,0.11,8.717949,298.28018,0.277411,1105.4447
0.25,0.11,9.230769,298.53094,0.2908721,1082.046
0.25,0.11,9.743589,298.76825,0.3040476,1059.0555
0.25,0.11,10.256411,298.99228,0.31694275,1036.4705
0.25,0.11,10.769231,299.20316,0.3295625,1014.2886
0.25,0.11,11.282051,299.40125,0.3419115,992.5078
0.25,0.11,11.794871,299.58664,0.35399503,971.1242
0.25,0.11,12.307693,299.75952,0.36581773,950.13495
0.25,0.11,12.820513,299.92017,0.37738457,929.5366
0.25,0.11,13.333333,300.06882,0.38870034,909.3254
0.25,0.11,13.846154,300.20547,0.3997696,889.4977
0.25,0.11,14.358974,300.33044,0.41059715,870.0493
0.25,0.11,14.871795,300.44388,0.42118767,850.97614
0.25,0.11,15.384615,300.54602,0.43154573,832.2738
0.25,0.11,15.897436,300.63705,0.44167587,813.9378
0.25,0.11,16.410257,300.71707,0.45158264,795.96356
0.25,0.11,16.923077,300.7864,0.46127036,778.3466
0.25,0.11,17.435898,300.84506,0.47074336,761.08185
0.25,0.11,17.948717,300.89334,0.4800061,744.16473
0.25,0.11,18.461538,300.9314,0.48906273,727.5902
0.25,0.11,18.97436,300.9593,0.49791747,711.3533
0.25,0.11,19.487179,300.9774,0.5065743,695.4492
0.25,0.11,20.0,300.98575,0.5150374,679.8725
0.25,0.13,0.0,291.9621,0.0,1566.1957
0.25,0.13,0.51282054,292.47375,0.019089483,1535.9027
0.25,0.13,1.0256411,292.96838,0.03780841,1505.9889
0.25,0.13,1.5384616,293.44608,0.056161582,1476.4592
0.25,0.13,2.0512822,293.9071,0.07415364,1447.3206
0.25,0.13,2.5641026,294.35168,0.091789484,1418.577
0.25,0.13,3.0769231,294.78012,0.10907407,1390.2339
0.25,0.13,3.5897436,295.19257,0.1260123,1362.2937
0.25,0.13,4.1025643,295.58917,0.14260913,1334.7605
0.25,0.13,4.6153846,295.9703,0.15886956,1307.6364
0.25,0.13,5.1282053,296.3361,0.17479879,1280.9238
0.25,0.13,5.6410255,296.68677,0.1904017,1254.6238
0.25,0.13,6.1538463,297.02258,0.20568353,1228.7374
0.25,0.13,6.6666665,297.34372,0.2206493,1203.2656
0.25,0.13,7.179487,297.6504,0.23530406,1178.2079
0.25,0.13,7.6923075,297.94284,0.24965301,1153.5643
0.25,0.13,8.205129,298.22122,0.26370123,1129.3334
0.25,0.13,8.717949,298.48584,0.27745366,1105.5146
0.25,0.13,9.230769,298.7368,0.29091552,1082.1063
0.25,0.13,9.743589,298.97433,0.30409178,1059.1067
0.25,0.13,10.256411,299.1987,0.31698754,1036.5133
0.25,0.13,10.769231,299.41006,0.32960764,1014.324
0.25,0.13,11.282051,299.60855,0.3419572,992.53546
0.25,0.13,11.794871,299.7945,0.35404086,971.1455
0.25,0.13,12.307693,299.968,0.3658639,950.1501
0.25,0.13,12.820513,300.12927,0.3774309,929.5459
0.25,0.13,13.333333,300.27853,0.38874665,909.32947
0.25,0.13,13.846154,300.416,0.39981598,889.4969
0.25,0.13,14.358974,300.54178,0.41064352,870.0441
0.25,0.13,14.871795,300.6561,0.42123392,850.96686
0.25,0.13,15.384615,300.75912,0.43159187,832.26086
0.25,0.13,15.897436,300.85107,0.44172186,813.9213
0.25,0.13,16.410257,300.93213,0.4516284,795.9441
0.25,0.13,16.923077,301.0024,0.46131584,778.3243
0.25,0.13,17.435898,301.06216,0.4707886,761.057
0.25,0.13,17.948717,301.1115,0.48005092,744.1378
0.25,0.13,18.461538,301.15067,0.48910722,727.5612
0.25,0.13,18.97436,301.17975,0.49796146,711.32263
0.25,0.13,19.487179,301.19907,0.506618,695.4169
0.25,0.13,20.0,301.2086,0.5150808,679.83887
0.25,0.15,0.0,292.10968,0.0,1566.4583
0.25,0.15,0.51282054,292.61993,0.019092508,1536.1409
0.25,0.15,1.0256411,293.11322,0.037814304,1506.2037
0.25,0.15,1.5384616,293.58978,0.056169875,1476.6533
0.25,0.15,2.0512822,294.04977,0.07416423,1447.4949
0.25,0.15,2.5641026,294.49353,0.09180216,1418.7334
0.25,0.15,3.0769231,294.92117,0.10908852,1390.3737
0.25,0.15,3.5897436,295.333,0.12602842,1362.4186
0.25,0.15,4.1025643,295.72922,0.1426267,1334.8717
0.25,0.15,4.6153846,296.10995,0.15888846,1307.7349
0.25,0.15,5.1282053,296.4755,0.17481875,1281.0105
0.25,0.15,5.6410255,296.82608,0.19042277,1254.6998
0.25,0.15,6.1538463,297.16187,0.20570543,1228.804
0.25,0.15,6.6666665,297.48306,0.22067192,1203.3228
0.25,0.15,7.179487,297.78992,0.23532738,1178.257
0.25,0.15,7.6923075,298.08258,0.24967684,1153.6056
0.25,0.15,8.205129,298.36136,0.26372546,1129.3678
0.25,0.15,8.717949,298.6264,0.2774784,1105.543
0.25,0.15,9.230769,298.87784,0.29094055,1082.1288
0.25,0.15,9.743589,299.116,0.30411708,1059.1238
0.25,0.15,10.256411,299.341,0.317013,1036.5256
0.25,0.15,10.769231,299.5531,0.32963318,1014.33185
0.25,0.15,11.282051,299.75244,0.34198275,992.53955
0.25,0.15,11.794871,299.93924,0.35406655,971.14557
0.25,0.15,12.307693,300.11374,0.36588955,950.1471
0.25,0.15,12.820513,300.27603,0.37745643,929.5401
0.25,0.15,13.333333,300.42633,0.3887721,909.321
0.25,0.15,13.846154,300.5649,0.3998413,889.4862
0.25,0.15,14.358974,300.69183,0.41066867,870.0311
0.25,0.15,14.871795,300.80743,0.42125902,850.952
0.25,0.15,15.384615,300.91168,0.43161672,832.24426
0.25,0.15,15.897436,301.00494,0.44174644,813.9034
0.25,0.15,16.410257,301.08737,0.45165282,795.9249
0.25,0.15,16.923077,301.15906,0.46133995,778.3041
0.25,0.15,17.435898,301.22028,0.47081247,761.036
0.25,0.15,17.948717,301.2711,0.48007455,744.116
0.25,0.15,18.461538,301.31174,0.48913056,727.5389
0.25,0.15,18.97436,301.3424,0.49798465,711.2997
0.25,0.15,19.487179,301.36322,0.50664085,695.39374
0.25,0.15,20.0,301.37433,0.5151033,679.81555
0.25,0.17,0.0,292.1892,0.0,1566.5842
0.25,0.17,0.51282054,292.69818,0.01909402,1536.2487
0.25,0.17,1.0256411,293.19034,0.037816912,1506.2959
0.25,0.17,1.5384616,293.66602,0.056173578,1476.7311
0.25,0.17,2.0512822,294.12524,0.07416887,1447.5596
0.25,0.17,2.5641026,294.56836,0.09180748,1418.7872
0.25,0.17,3.0769231,294.99557,0.10909446,1390.417
0.25,0.17,3.5897436,295.407,0.12603483,1362.4528
0.25,0.17,4.1025643,295.80298,0.1426335,1334.8976
0.25,0.17,4.6153846,296.18362,0.1588955,1307.7538
0.25,0.17,5.1282053,296.5492,0.174826,1281.0232
0.25,0.17,5.6410255,296.8999,0.19043007,1254.7069
0.25,0.17,6.1538463,297.23593,0.2057128,1228.8062
0.25,0.17,6.6666665,297.5575,0.22067934,1203.3209
0.25,0.17,7.179487,297.8648,0.23533472,1178.2513
0.25,0.17,7.6923075,298.15808,0.2496841,1153.5969
0.25,0.17,8.205129,298.4375,0.26373273,1129.3566
0.25,0.17,8.717949,298.7032,0.27748537,1105.5294
0.25,0.17,9.230769,298.95557,0.29094738,1082.1134
0.25,0.17,9.743589,299.1946,0.3041237,1059.1069
0.25,0.17,10.256411,299.42065,0.31701937,1036.5074
0.25,0.17,10.769231,299.63385,0.3296394,1014.31274
0.25,0.17,11.282051,299.8343,0.34198868,992.51965
0.25,0.17,11.794871,300.0223,0.35407227,971.1252
0.25,0.17,12.307693,300.1981,0.3658949,950.1263
0.25,0.17,12.820513,300.36172,0.37746164,929.5191
0.25,0.17,13.333333,300.5135,0.388777,909.29987
0.25,0.17,13.846154,300.65347,0.3998459,889.4652
0.25,0.17,14.358974,300.78195,0.41067308,870.0104
0.25,0.17,14.871795,300.89908,0.4212632,850.9316
0.25,0.17,15.384615,301.00504,0.43162066,832.2243
0.25,0.17,15.897436,301.09998,0.44175014,813.884
0.25,0.17,16.410257,301.18408,0.45165616,795.90607
0.25,0.17,16.923077,301.25757,0.46134317,778.28595
0.25,0.17,17.435898,301.32056,0.47081548,761.01843
0.25,0.17,17.948717,301.37317,0.48007733,744.09924
0.25,0.17,18.461538,301.41574,0.4891331,727.5228
0.25,0.17,18.97436,301.44833,0.49798697,711.28455
0.25,0.17,19.487179,301.4711,0.50664306,695.3794
0.25,0.17,20.0,301.4842,0.5151054,679.80206
0.25,0.19,0.0,292.20227,0.0,1566.5758
0.25,0.19,0.51282054,292.7102,0.01909376,1536.2299
0.25,0.19,1.0256411,293.20148,0.037816443,1506.2672
0.25,0.19,1.5384616,293.67636,0.056172743,1476.6947
0.25,0.19,2.0512822,294.135,0.07416746,1447.5172
0.25,0.19,2.5641026,294.57773,0.0918056,1418.7393
0.25,0.19,3.0769231,295.0047,0.10909191,1390.3651
0.25,0.19,3.5897436,295.41602,0.1260316,1362.3977
0.25,0.19,4.1025643,295.81198,0.14262958,1334.8402
0.25,0.19,4.6153846,296.19284,0.15889096,1307.695
0.25,0.19,5.1282053,296.55862,0.17482069,1280.9633
0.25,0.19,5.6410255,296.90976,0.19042403,1254.6466
0.25,0.19,6.1538463,297.24628,0.20570596,1228.746
0.25,0.19,6.6666665,297.5685,0.22067183,1203.2611
0.25,0.19,7.179487,297.8766,0.23532644,1178.1927
0.25,0.19,7.6923075,298.17065,0.24967517,1153.5396
0.25,0.19,8.205129,298.451,0.26372302,1129.3007
0.25,0.19,8.717949,298.71783,0.277475,1105.4752
0.25,0.19,9.230769,298.97134,0.29093635,1082.0609
0.25,0.19,9.743589,299.21164,0.30411202,1059.0566
0.25,0.19,10.256411,299.4389,0.31700712,1036.4594
0.25,0.19,10.769231,299.65347,0.32962656,1014.2669
0.25,0.19,11.282051,299.85544,0.3419753,992.4763
0.25,0.19,11.794871,300.045,0.35405836,971.0845
0.25,0.19,12.307693,300.2224,0.36588058,950.0877
0.25,0.19,12.820513,300.3877,0.37744677,929.4832
0.25,0.19,13.333333,300.54117,0.3887617,909.2666
0.25,0.19,13.846154,300.683,0.3998303,889.4342
0.25,0.19,14.358974,300.8134,0.41065708,869.98193
0.25,0.19,14.871795,300.9324,0.42124677,850.9055
0.25,0.19,15.384615,301.0403,0.43160397,832.2007
0.25,0.19,15.897436,301.13733,0.44173318,813.86285
0.25,0.19,16.410257,301.22348,0.45163897,795.8872
0.25,0.19,16.923077,301.29904,0.46132576,778.2693
0.25,0.19,17.435898,301.3642,0.47079787,761.0042
0.25,0.19,17.948717,301.41907,0.4800596,744.08716
0.25,0.19,18.461538,301.46384,0.48911527,727.5129
0.25,0.19,18.97436,301.49872,0.49796897,711.27686
0.25,0.19,19.487179,301.52377,0.5066249,695.37384
0.25,0.19,20.0,301.5393,0.5150872,679.79846
0.25,0.21,0.0,292.1505,0.0,1566.4357
0.25,0.21,0.51282054,292.65747,0.01909209,1536.0856
0.25,0.21,1.0256411,293.14804,0.037812896,1506.1206
0.25,0.21,1.5384616,293.6224,0.05616737,1476.5469
0.25,0.21,2.0512822,294.08075,0.074160315,1447.369
0.25,0.21,2.5641026,294.5232,0.09179658,1418.5923
0.25,0.21,3.0769231,294.95004,0.10908111,1390.2198
0.25,0.21,3.5897436,295.36148,0.12601903,1362.2549
0.25,0.21,4.1025643,295.7577,0.14261523,1334.7004
0.25,0.21,4.6153846,296.13892,0.15887494,1307.5587
0.25,0.21,5.1282053,296.5053,0.17480305,1280.8317
0.25,0.21,5.6410255,296.85706,0.19040479,1254.5197
0.25,0.21,6.1538463,297.19434,0.2056852,1228.6237
0.25,0.21,6.6666665,297.51746,0.22064956,1203.1443
0.25,0.21,7.179487,297.82654,0.23530276,1178.0809
0.25,0.21,7.6923075,298.1218,0.24965014,1153.4333
0.25,0.21,8.205129,298.40335,0.26369667,1129.2003
0.25,0.21,8.717949,298.6715,0.27744752,1105.3802
0.25,0.21,9.230769,298.9264,0.2909077,1081.9718
0.25,0.21,9.743589,299.16818,0.30408233,1058.9731
0.25,0.21,10.256411,299.39713,0.31697643,1036.3816
0.25,0.21,10.769231,299.61337,0.32959497,1014.1945
0.25,0.21,11.282051,299.8171,0.34194285,992.40967
0.25,0.21,11.794871,300.00854,0.35402513,971.023
0.25,0.21,12.307693,300.1878,0.3658465,950.03186
0.25,0.21,12.820513,300.35516,0.37741214,929.4322
0.25,0.21,13.333333,300.51068,0.3887265,909.2205
0.25,0.21,13.846154,300.65466,0.39979455,889.3932
0.25,0.21,14.358974,300.7872,0.41062084,869.9456
0.25,0.21,14.871795,300.9085,0.42121014,850.87396
0.25,0.21,15.384615,301.01874,0.43156695,832.1735
0.25,0.21,15.897436,301.1181,0.4416959,813.83984
0.25,0.21,16.410257,301.2067,0.45160142,795.86847
0.25,0.21,16.923077,301.2847,0.46128795,778.2545
0.25,0.21,17.435898,301.35242,0.4707599,760.9932
0.25,0.21,17.948717,301.40985,0.48002154,744.0798
0.25,0.21,18.461538,301.4572,0.48907715,727.5092
0.25,0.21,18.97436,301.4947,0.4979309,711.2764
0.25,0.21,19.487179,301.52246,0.5065868,695.3766
0.25,0.21,20.0,301.54062,0.5150491,679.8044
0.25,0.23,0.0,292.0354,0.0,1566.1666
0.25,0.23,0.51282054,292.54163,0.019088753,1535.8188
0.25,0.23,1.0256411,293.03168,0.037806325,1505.8578
0.25,0.23,1.5384616,293.50568,0.05615762,1476.289
0.25,0.23,2.0512822,293.96375,0.07414743,1447.1173
0.25,0.23,2.5641026,294.4062,0.09178062,1418.347
0.25,0.23,3.0769231,294.83325,0.10906218,1389.9823
0.25,0.23,3.5897436,295.24496,0.12599728,1362.0253
0.25,0.23,4.1025643,295.64163,0.14259067,1334.48
0.25,0.23,4.6153846,296.0234,0.15884766,1307.3472
0.25,0.23,5.1282053,296.39053,0.17477322,1280.629
0.25,0.23,5.6410255,296.74313,0.19037256,1254.3265
0.25,0.23,6.1538463,297.08148,0.20565067,1228.4403
0.25,0.23,6.6666665,297.40573,0.2206128,1202.9706
0.25,0.23,7.179487,297.71606,0.23526396,1177.9171
0.25,0.23,7.6923075,298.01263,0.24960935,1153.2793
0.25,0.23,8.205129,298.29575,0.26365408,1129.0558
0.25,0.23,8.717949,298.56546,0.27740318,1105.2455
0.25,0.23,9.230769,298.82202,0.29086182,1081.8463
0.25,0.23,9.743589,299.06567,0.30403495,1058.8567
0.25,0.23,10.256411,299.29648,0.31692767,1036.2743
0.25,0.23,10.769231,299.5147,0.32954496,1014.096
0.25,0.23,11.282051,299.72052,0.34189165,992.3195
0.25,0.23,11.794871,299.91406,0.35397276,970.94116
0.25,0.23,12.307693,300.09564,0.36579332,949.9579
0.25,0.23,12.820513,300.26526,0.37735808,929.36615
0.25,0.23,13.333333,300.4232,0.38867164,909.1623
0.25,0.23,13.846154,300.56955,0.399739,889.3421
0.25,0.23,14.358974,300.70462,0.41056472,869.9017
0.25,0.23,14.871795,300.8285,0.42115352,850.83655
0.25,0.23,15.384615,300.9414,0.4315099,832.1425
0.25,0.23,15.897436,301.04343,0.44163853,813.81506
0.25,0.23,16.410257,301.13477,0.45154378,795.8494
0.25,0.23,16.923077,301.21564,0.4612301,778.24115
0.25,0.23,17.435898,301.28616,0.4707019,760.9853
0.25,0.23,17.948717,301.34647,0.47996348,744.07697
0.25,0.23,18.461538,301.3968,0.48901904,727.5113
0.25,0.23,18.97436,301.43723,0.49787286,711.2832
0.25,0.23,19.487179,301.46802,0.5065289,695.3877
0.25,0.23,20.0,301.48926,0.51499134,679.81964
0.25,0.25,0.0,291.85858,0.0,1565.7708
0.25,0.25,0.51282054,292.3642,0.019083954,1535.4316
0.25,0.25,1.0256411,292.85376,0.037796833,1505.4808
0.25,0.25,1.5384616,293.3275,0.056143537,1475.9232
0.25,0.25,2.0512822,293.7856,0.074128866,1446.7634
0.25,0.25,2.5641026,294.2282,0.09175783,1418.0056
0.25,0.25,3.0769231,294.65552,0.10903527,1389.6542
0.25,0.25,3.5897436,295.06772,0.1259664,1361.7107
0.25,0.25,4.1025643,295.46503,0.14255598,1334.1791
0.25,0.25,4.6153846,295.84766,0.15880933,1307.0605
0.25,0.25,5.1282053,296.21567,0.1747315,1280.3567
0.25,0.25,5.6410255,296.5694,0.19032755,1254.0686
0.25,0.25,6.1538463,296.909,0.20560259,1228.1967
0.25,0.25,6.6666665,297.2346,0.22056183,1202.7412
0.25,0.25,7.179487,297.5464,0.23521024,1177.7015
0.25,0.25,7.6923075,297.84464,0.24955308,1153.0774
0.25,0.25,8.205129,298.12943,0.2635954,1128.8674
0.25,0.25,8.717949,298.40103,0.27734226,1105.0706
0.25,0.25,9.230769,298.65958,0.2907988,1081.6844
0.25,0.25,9.743589,298.90518,0.30397004,1058.7079
0.25,0.25,10.256411,299.13815,0.31686097,1036.1375
0.25,0.25,10.769231,299.3587,0.32947662,1013.9713
0.25,0.25,11.282051,299.56683,0.3418219,992.2062
0.25,0.25,11.794871,299.76288,0.35390174,970.8391
0.25,0.25,12.307693,299.94687,0.3657211,949.8668
0.25,0.25,12.820513,300.11917,0.37728474,929.28534
0.25,0.25,13.333333,300.27975,0.3885975,909.09143
0.25,0.25,13.846154,300.42892,0.39966395,889.2808
0.25,0.25,14.358974,300.56677,0.410489,869.84937
0.25,0.25,14.871795,300.69357,0.42107716,850.7933
0.25,0.25,15.384615,300.8094,0.43143314,832.10754
0.25,0.25,15.897436,300.9144,0.44156134,813.7882
0.25,0.25,16.410257,301.00882,0.45146632,795.8302
0.25,0.25,16.923077,301.09277,0.46115243,778.22925
0.25,0.25,17.435898,301.16647,0.47062415,760.98016
0.25,0.25,17.948717,301.23004,0.4798857,744.0785
0.25,0.25,18.461538,301.2836,0.4889413,727.5189
0.25,0.25,18.97436,301.32736,0.49779522,711.2967
0.25,0.25,19.487179,301.36148,0.5064515,695.40674
0.25,0.25,20.0,301.3861,0.5149143,679.84406
0.25,0.27,0.0,291.6214,0.0,1565.2505
0.25,0.27,0.51282054,292.12656,0.019077644,1534.9268
0.25,0.27,1.0256411,292.61588,0.03778442,1504.992
0.25,0.27,1.5384616,293.08954,0.05612523,1475.4513
0.25,0.27,2.0512822,293.54767,0.074104875,1446.3091
0.25,0.27,2.5641026,293.99057,0.09172831,1417.5698
0.25,0.27,3.0769231,294.4184,0.109000534,1389.2367
0.25,0.27,3.5897436,294.83124,0.12592655,1361.3126
0.25,0.27,4.1025643,295.2294,0.14251146,1333.7998
0.25,0.27,4.6153846,295.61298,0.15876031,1306.7003
0.25,0.27,5.1282053,295.98212,0.17467809,1280.0156
0.25,0.27,5.6410255,296.33713,0.19027002,1253.7463
0.25,0.27,6.1538463,296.67822,0.2055412,1227.8933
0.25,0.27,6.6666665,297.00537,0.22049685,1202.456
0.25,0.27,7.179487,297.31888,0.23514192,1177.4347
0.25,0.27,7.6923075,297.6189,0.24948153,1152.8286
0.25,0.27,8.205129,297.9057,0.26352087,1128.6361
0.25,0.27,8.717949,298.17935,0.27726504,1104.8562
0.25,0.27,9.230769,298.44016,0.290719,1081.4867
0.25,0.27,9.743589,298.6881,0.30388784,1058.5259
0.25,0.27,10.256411,298.9235,0.31677675,1035.9712
0.25,0.27,10.769231,299.1465,0.3293904,1013.82025
0.25,0.27,11.282051,299.35727,0.34173387,992.0697
0.25,0.27,11.794871,299.55597,0.3538122,970.7168
0.25,0.27,12.307693,299.74283,0.3656301,949.7577
0.25,0.27,12.820513,299.91797,0.3771925,929.18945
0.25,0.27,13.333333,300.08145,0.3885041,909.00775
0.25,0.27,13.846154,300.23373,0.39956966,889.2091
0.25,0.27,14.358974,300.37466,0.4103938,869.78925
0.25,0.27,14.871795,300.5047,0.42098135,850.7438
0.25,0.27,15.384615,300.6237,0.43133676,832.06854
0.25,0.27,15.897436,300.73206,0.44146454,813.759
0.25,0.27,16.410257,300.8298,0.45136917,795.8105
0.25,0.27,16.923077,300.91724,0.46105516,778.2183
0.25,0.27,17.435898,300.99442,0.47052675,760.9777
0.25,0.27,17.948717,301.0615,0.47978833,744.0841
0.25,0.27,18.461538,301.11865,0.4888441,727.5319
0.25,0.27,18.97436,301.1661,0.4976982,711.31683
0.25,0.27,19.487179,301.20386,0.5063548,695.4338
0.25,0.27,20.0,301.2322,0.51481795,679.87726
0.25,0.29,0.0,291.3255,0.0,1564.6084
0.25,0.29,0.51282054,291.8302,0.019069873,1534.3059
0.25,0.29,1.0256411,292.31934,0.037769087,1504.3933
0.25,0.29,1.5384616,292.793,0.0561027,1474.8752
0.25,0.29,2.0512822,293.2514,0.074075356,1445.7563
0.25,0.29,2.5641026,293.69476,0.091692165,1417.0406
0.25,0.29,3.0769231,294.12317,0.10895808,1388.7316
0.25,0.29,3.5897436,294.53683,0.12587807,1360.8314
0.25,0.29,4.1025643,294.93594,0.14245716,1333.3428
0.25,0.29,4.6153846,295.32068,0.15870044,1306.2671
0.25,0.29,5.1282053,295.6912,0.17461312,1279.6061
0.25,0.29,5.6410255,296.04764,0.19020014,1253.3605
0.25,0.29,6.1538463,296.3903,0.20546672,1227.5306
0.25,0.29,6.6666665,296.71924,0.22041804,1202.1163
0.25,0.29,7.179487,297.0347,0.23505905,1177.1173
0.25,0.29,7.6923075,297.33682,0.2493949,1152.5328
0.25,0.29,8.205129,297.6258,0.2634308,1128.3616
0.25,0.29,8.717949,297.90173,0.2771716,1104.6025
0.25,0.29,9.230769,298.16486,0.29062262,1081.253
0.25,0.29,9.743589,298.41537,0.3037888,1058.3118
0.25,0.29,10.256411,298.65347,0.31667504,1035.776
0.25,0.29,10.769231,298.87918,0.32928646,1013.643
0.25,0.29,11.282051,299.09286,0.3416279,991.91003
0.25,0.29,11.794871,299.29456,0.3537044,970.5738
0.25,0.29,12.307693,299.4844,0.3655206,949.63116
0.25,0.29,12.820513,299.66272,0.37708145,929.0783
0.25,0.29,13.333333,299.82953,0.3883918,908.91156
0.25,0.29,13.846154,299.98502,0.39945626,889.127
0.25,0.29,14.358974,300.12936,0.41027948,869.7207
0.25,0.29,14.871795,300.2628,0.4208663,850.68805
0.25,0.29,15.384615,300.38538,0.43122107,832.0251
0.25,0.29,15.897436,300.49734,0.44134843,813.7271
0.25,0.29,16.410257,300.59882,0.4512527,795.7898
0.25,0.29,16.923077,300.68994,0.4609385,778.2081
0.25,0.29,17.435898,300.77084,0.4704101,760.97754
0.25,0.29,17.948717,300.8418,0.47967166,744.09326
0.25,0.29,18.461538,300.90283,0.48872766,727.5502
0.25,0.29,18.97436,300.9542,0.49758202,711.34344
0.25,0.29,19.487179,300.996,0.50623894,695.46814
0.25,0.29,20.0,301.02835,0.51470256,679.9192
0.25,0.31,0.0,290.97217,0.0,1563.8475
0.25,0.31,0.51282054,291.47662,0.01906059,1533.5718
0.25,0.31,1.0256411,291.96564,0.03775104,1503.6866
0.25,0.31,1.5384616,292.43945,0.056076102,1474.1968
0.25,0.31,2.0512822,292.89825,0.07404062,1445.1068
0.25,0.31,2.5641026,293.3421,0.09164961,1416.42
0.25,0.31,3.0769231,293.77124,0.10890801,1388.1399
0.25,0.31,3.5897436,294.18582,0.1258209,1360.2689
0.25,0.31,4.1025643,294.58606,0.14239326,1332.809
0.25,0.31,4.6153846,294.97208,0.15863019,1305.7622
0.25,0.31,5.1282053,295.34406,0.17453676,1279.1298
0.25,0.31,5.6410255,295.7022,0.19011815,1252.9117
0.25,0.31,6.1538463,296.04657,0.20537937,1227.1094
0.25,0.31,6.6666665,296.3775,0.22032562,1201.722
0.25,0.31,7.179487,296.69504,0.23496193,1176.7495
0.25,0.31,7.6923075,296.99936,0.24929345,1152.1906
0.25,0.31,8.205129,297.2907,0.2633253,1128.0444
0.25,0.31,8.717949,297.5692,0.27706242,1104.3094
0.25,0.31,9.230769,297.83502,0.29050994,1080.9836
0.25,0.31,9.743589,298.08832,0.30367288,1058.0652
0.25,0.31,10.256411,298.32922,0.31655625,1035.5515
0.25,0.31,10.769231,298.55798,0.32916504,1013.4396
0.25,0.31,11.282051,298.7747,0.34150413,991.7268
0.25,0.31,11.794871,298.9796,0.35357842,970.41046
0.25,0.31,12.307693,299.17282,0.36539274,949.48645
0.25,0.31,12.820513,299.3544,0.376952,928.95166
0.25,0.31,13.333333,299.52475,0.38826084,908.80206
0.25,0.31,13.846154,299.68378,0.39932412,889.034
0.25,0.31,14.358974,299.83185,0.4101463,869.6433
0.25,0.31,14.871795,299.96896,0.4207322,850.62573
0.25,0.31,15.384615,300.09537,0.4310863,831.9771
0.25,0.31,15.897436,300.2112,0.4412131,813.6926
0.25,0.31,16.410257,300.31662,0.4511171,795.7681
0.25,0.31,16.923077,300.41177,0.46080273,778.1986
0.25,0.31,17.435898,300.49677,0.47027418,760.97955
0.25,0.31,17.948717,300.57184,0.47953597,744.106
0.25,0.31,18.461538,300.6371,0.488592,727.5732
0.25,0.31,18.97436,300.69266,0.49744684,711.37616
0.25,0.31,19.487179,300.7388,0.5061042,695.50995
0.25,0.31,20.0,300.77545,0.5145684,679.9695
0.25,0.33,0.0,290.56293,0.0,1562.9697
0.25,0.33,0.51282054,291.06714,0.019050054,1532.7263
0.25,0.33,1.0256411,291.55615,0.037730232,1502.8745
0.25,0.33,1.5384616,292.03018,0.056045488,1473.4182
0.25,0.33,2.0512822,292.48938,0.07400062,1444.3619
0.25,0.33,2.5641026,292.9339,0.091600634,1415.7095
0.25,0.33,3.0769231,293.3639,0.10885054,1387.4634
0.25,0.33,3.5897436,293.77954,0.12575528,1359.6261
0.25,0.33,4.1025643,294.18106,0.14231995,1332.2
0.25,0.33,4.6153846,294.56848,0.1585496,1305.1863
0.25,0.33,5.1282053,294.94208,0.1744493,1278.5864
0.25,0.33,5.6410255,295.30197,0.19002423,1252.4011
0.25,0.33,6.1538463,295.64835,0.20527934,1226.6302
0.25,0.33,6.6666665,295.98132,0.22021985,1201.2739
0.25,0.33,7.179487,296.30118,0.2348509,1176.3313
0.25,0.33,7.6923075,296.60797,0.24917737,1151.8021
0.25,0.33,8.205129,296.90182,0.2632046,1127.6846
0.25,0.33,8.717949,297.18298,0.2769375,1103.9773
0.25,0.33,9.230769,297.45163,0.2903811,1080.6787
0.25,0.33,9.743589,297.7079,0.30354047,1057.7859
0.25,0.33,10.256411,297.9519,0.31642058,1035.2974
0.25,0.33,10.769231,298.18384,0.32902637,1013.2096
0.25,0.33,11.282051,298.40387,0.34136268,991.5203
0.25,0.33,11.794871,298.6122,0.3534346,970.2261
0.25,0.33,12.307693,298.80896,0.3652469,949.3236
0.25,0.33,12.820513,298.99417,0.37680414,928.8093
0.25,0.33,13.333333,299.16824,0.38811147,908.6794
0.25,0.33,13.846154,299.33112,0.3991733,888.9301
0.25,0.33,14.358974,299.48303,0.4099943,869.55725
0.25,0.33,14.871795,299.62415,0.42057925,850.5567
0.25,0.33,15.384615,299.75464,0.4309326,831.92413
0.25,0.33,15.897436,299.8746,0.44105887,813.6551
0.25,0.33,16.410257,299.98425,0.45096257,795.74506
0.25,0.33,16.923077,300.08368,0.46064794,778.1893
0.25,0.33,17.435898,300.17313,0.47011945,760.9833
0.25,0.33,17.948717,300.25247,0.47938117,744.122
0.25,0.33,18.461538,300.32224,0.48843762,727.60077
0.25,0.33,18.97436,300.38235,0.49729276,711.41455
0.25,0.33,19.487179,300.43304,0.50595075,695.55865
0.25,0.33,20.0,300.47433,0.51441556,680.0279
0.25,0.35,0.0,290.0992,0.0,1561.9773
0.25,0.35,0.51282054,290.60324,0.019038059,1531.7719
0.25,0.35,1.0256411,291.0923,0.037706763,1501.9586
0.25,0.35,1.5384616,291.56662,0.056011014,1472.541
0.25,0.35,2.0512822,292.0263,0.07395556,1443.5238
0.25,0.35,2.5641026,292.4716,0.09154551,1414.91
0.25,0.35,3.0769231,292.90247,0.10878576,1386.7025
0.25,0.35,3.5897436,293.31927,0.12568143,1358.904
0.25,0.35,4.1025643,293.72217,0.14223742,1331.5161
0.25,0.35,4.6153846,294.11115,0.15845886,1304.5405
0.25,0.35,5.1282053,294.48642,0.17435083,1277.9778
0.25,0.35,5.6410255,294.84827,0.1899185,1251.8286
0.25,0.35,6.1538463,295.19672,0.20516679,1226.0936
0.25,0.35,6.6666665,295.53198,0.22010094,1200.7722
0.25,0.35,7.179487,295.8542,0.23472598,1175.8638
0.25,0.35,7.6923075,296.16354,0.24904692,1151.3678
0.25,0.35,8.205129,296.4601,0.26306906,1127.2823
0.25,0.35,8.717949,296.7442,0.27679712,1103.6063
0.25,0.35,9.230769,297.01587,0.29023638,1080.3378
0.25,0.35,9.743589,297.27527,0.30339172,1057.4745
0.25,0.35,10.256411,297.52255,0.31626815,1035.0139
0.25,0.35,10.769231,297.75787,0.32887065,1012.95355
0.25,0.35,11.282051,297.9815,0.34120405,991.2902
0.25,0.35,11.794871,298.19336,0.3532732,970.0211
0.25,0.35,12.307693,298.39386,0.36508304,949.14264
0.25,0.35,12.820513,298.58298,0.37663835,928.65125
0.25,0.35,13.333333,298.761,0.38794377,908.54333
0.25,0.35,13.846154,298.9279,0.39900404,888.8148
0.25,0.35,14.358974,299.08398,0.40982392,869.4621
0.25,0.35,14.871795,299.22928,0.42040777,850.4804
0.25,0.35,15.384615,299.36407,0.4307603,831.8659
0.25,0.35,15.897436,299.4885,0.4408859,813.614
0.25,0.35,16.410257,299.60257,0.45078912,795.72015
0.25,0.35,16.923077,299.70657,0.46047428,778.17993
0.25,0.35,17.435898,299.8006,0.4699458,760.98834
0.25,0.35,17.948717,299.8847,0.4792077,744.1408
0.25,0.35,18.461538,299.95917,0.48826447,727.63257
0.25,0.35,18.97436,300.02405,0.49712014,711.45856
0.25,0.35,19.487179,300.07962,0.5057787,695.61414
0.25,0.35,20.0,300.1259,0.5142442,680.094
0.25,0.37,0.0,289.5824,0.0,1560.8735
0.25,0.37,0.51282054,290.0862,0.01902476,1530.7109
0.25,0.37,1.0256411,290.57535,0.037680633,1500.9408
0.25,0.37,1.5384616,291.05005,0.05597263,1471.567
0.25,0.37,2.0512822,291.51028,0.07390544,1442.5935
0.25,0.37,2.5641026,291.9564,0.09148423,1414.0236
0.25,0.37,3.0769231,292.3883,0.108713895,1385.8599
0.25,0.37,3.5897436,292.80634,0.1255994,1358.1042
0.25,0.37,4.1025643,293.21066,0.1421458,1330.759
0.25,0.37,4.6153846,293.60126,0.1583582,1303.8252
0.25,0.37,5.1282053,293.97842,0.17424162,1277.3041
0.25,0.37,5.6410255,294.34222,0.18980122,1251.1956
0.25,0.37,6.1538463,294.69293,0.20504197,1225.5001
0.25,0.37,6.6666665,295.03055,0.2199691,1200.2173
0.25,0.37,7.179487,295.35532,0.23458752,1175.3468
0.25,0.37,7.6923075,295.66742,0.24890235,1150.8876
0.25,0.37,8.205129,295.96686,0.2629187,1126.8378
0.25,0.37,8.717949,296.25397,0.27664158,1103.1964
0.25,0.37,9.230769,296.52878,0.29007602,1079.9612
0.25,0.37,9.743589,296.79144,0.30322692,1057.1304
0.25,0.37,10.256411,297.0422,0.31609932,1034.701
0.25,0.37,10.769231,297.28116,0.32869816,1012.6705
0.25,0.37,11.282051,297.50842,0.34102818,991.0363
0.25,0.37,11.794871,297.72415,0.3530945,969.7947
0.25,0.37,12.307693,297.92856,0.3649017,948.9427
0.25,0.37,12.820513,298.1218,0.37645465,928.47675
0.25,0.37,13.333333,298.3039,0.3877581,908.3931
0.25,0.37,13.846154,298.4751,0.39881665,888.6879
0.25,0.37,14.358974,298.63556,0.409635,869.35724
0.25,0.37,14.871795,298.78534,0.4202177,850.39667
0.25,0.37,15.384615,298.92474,0.43056935,831.8021
0.25,0.37,15.897436,299.0537,0.44069433,813.56915
0.25,0.37,16.410257,299.1725,0.45059714,795.69336
0.25,0.37,16.923077,299.28125,0.46028203,778.17
0.25,0.37,17.435898,299.38013,0.46975353,760.99445
0.25,0.37,17.948717,299.46924,0.47901568,744.16223
0.25,0.37,18.461538,299.5487,0.48807275,727.6682
0.25,0.37,18.97436,299.6187,0.49692887,711.50775
0.25,0.37,19.487179,299.67932,0.5055881,695.6758
0.25,0.37,20.0,299.73077,0.51405454,680.16754
0.25,0.39,0.0,289.01382,0.0,1559.6604
0.25,0.39,0.51282054,289.51758,0.019010104,1529.5459
0.25,0.39,1.0256411,290.00684,0.037652,1499.8236
0.25,0.39,1.5384616,290.48184,0.055930488,1470.4982
0.25,0.39,2.0512822,290.94275,0.07385052,1441.5735
0.25,0.39,2.5641026,291.3897,0.091417,1413.0518
0.25,0.39,3.0769231,291.82272,0.108634934,1384.9357
0.25,0.39,3.5897436,292.24203,0.12550944,1357.2274
0.25,0.39,4.1025643,292.6478,0.14204535,1329.929
0.25,0.39,4.6153846,293.04013,0.1582478,1303.0416
0.25,0.39,5.1282053,293.41925,0.17412187,1276.5659
0.25,0.39,5.6410255,293.78522,0.18967271,1250.5018
0.25,0.39,6.1538463,294.13818,0.20490512,1224.85
0.25,0.39,6.6666665,294.47827,0.21982452,1199.6099
0.25,0.39,7.179487,294.80573,0.2344357,1174.7808
0.25,0.39,7.6923075,295.1206,0.2487438,1150.3618
0.25,0.39,8.205129,295.42307,0.26275396,1126.351
0.25,0.39,8.717949,295.71332,0.27647105,1102.7476
0.25,0.39,9.230769,295.9915,0.28990018,1079.5491
0.25,0.39,9.743589,296.25763,0.30304626,1056.7537
0.25,0.39,10.256411,296.512,0.3159142,1034.3583
0.25,0.39,10.769231,296.75467,0.328509,1012.3608
0.25,0.39,11.282051,296.9858,0.34083545,990.75793
0.25,0.39,11.794871,297.2056,0.35289848,969.547
0.25,0.39,12.307693,297.41412,0.36470282,948.724
0.25,0.39,12.820513,297.61154,0.3762533,928.2858
0.25,0.39,13.333333,297.79807,0.38755456,908.2289
0.25,0.39,13.846154,297.97372,0.39861128,888.54895
0.25,0.39,14.358974,298.1387,0.40942806,869.24243
0.25,0.39,14.871795,298.29324,0.42000946,850.30493
0.25,0.39,15.384615,298.43732,0.4303601,831.73236
0.25,0.39,15.897436,298.57117,0.4404844,813.5202
0.25,0.39,16.410257,298.69495,0.4503867,795.664
0.25,0.39,16.923077,298.80872,0.46007144,778.15924
0.25,0.39,17.435898,298.91266,0.46954283,761.0015
0.25,0.39,17.948717,299.00693,0.47880512,744.1858
0.25,0.39,18.461538,299.09164,0.48786268,727.7074
0.25,0.39,18.97436,299.167,0.49671927,711.5616
0.25,0.39,19.487179,299.23297,0.50537926,695.74347
0.25,0.39,20.0,299.2899,0.5138466,680.2483
0.27,0.01,0.0,289.36163,0.0,1561.1628
0.27,0.01,0.51282054,289.88312,0.01902935,1531.1714
0.27,0.01,1.0256411,290.38702,0.037691846,1501.5459
0.27,0.01,1.5384616,290.8736,0.05599203,1472.2926
0.27,0.01,2.0512822,291.34308,0.073934436,1443.4175
0.27,0.01,2.5641026,291.79572,0.09152386,1414.9264
0.27,0.01,3.0769231,292.23178,0.108765006,1386.8245
0.27,0.01,3.5897436,292.65152,0.12566271,1359.1151
0.27,0.01,4.1025643,293.05505,0.14222178,1331.8022
0.27,0.01,4.6153846,293.44275,0.15844724,1304.8888
0.27,0.01,5.1282053,293.81476,0.1743438,1278.3772
0.27,0.01,5.6410255,294.17142,0.18991658,1252.269
0.27,0.01,6.1538463,294.51288,0.20517048,1226.5656
0.27,0.01,6.6666665,294.8394,0.22011065,1201.268
0.27,0.01,7.179487,295.15118,0.23474184,1176.3763
0.27,0.01,7.6923075,295.4484,0.24906918,1151.8912
0.27,0.01,8.205129,295.7314,0.2630978,1127.8107
0.27,0.01,8.717949,296.00037,0.2768324,1104.1356
0.27,0.01,9.230769,296.2555,0.29027814,1080.8634
0.27,0.01,9.743589,296.49695,0.30343992,1057.9929
0.27,0.01,10.256411,296.72504,0.31632268,1035.5222
0.27,0.01,10.769231,296.93994,0.32893136,1013.4491
0.27,0.01,11.282051,297.14188,0.3412707,991.7708
0.27,0.01,11.794871,297.33096,0.35334572,970.48474
0.27,0.01,12.307693,297.50754,0.36516118,949.58777
0.27,0.01,12.820513,297.6717,0.3767218,929.07666
0.27,0.01,13.333333,297.82373,0.38803235,908.94794
0.27,0.01,13.846154,297.96387,0.39909744,889.1979
0.27,0.01,14.358974,298.09213,0.40992182,869.8228
0.27,0.01,14.871795,298.20883,0.42051002,850.8185
0.27,0.01,15.384615,298.31418,0.43086657,832.18085
0.27,0.01,15.897436,298.40833,0.440996,813.9056
0.27,0.01,16.410257,298.4915,0.45090264,795.9882
0.27,0.01,16.923077,298.56378,0.46059096,778.42444
0.27,0.01,17.435898,298.62546,0.4700653,761.20935
0.27,0.01,17.948717,298.6767,0.47932985,744.33856
0.27,0.01,18.461538,298.71765,0.48838887,727.807
0.27,0.01,18.97436,298.74844,0.4972465,711.61
0.27,0.01,19.487179,298.76938,0.5059067,695.74286
0.27,0.01,20.0,298.78058,0.5143738,680.2003
0.27,0.03,0.0,289.94943,0.0,1562.2808
0.27,0.03,0.51282054,290.46817,0.0190427,1532.2202
0.27,0.03,1.0256411,290.96948,0.037717715,1502.5284
0.27,0.03,1.5384616,291.45346,0.05602953,1473.2115
0.27,0.03,2.0512822,291.92047,0.07398294,1444.2762
0.27,0.03,2.5641026,292.37073,0.09158254,1415.7275
0.27,0.03,3.0769231,292.80447,0.10883317,1387.5702
0.27,0.03,3.5897436,293.2219,0.12573975,1359.8083
0.27,0.03,4.1025643,293.6233,0.1423071,1332.4456
0.27,0.03,4.6153846,294.00888,0.15854001,1305.4841
0.27,0.03,5.1282053,294.37894,0.17444372,1278.9269
0.27,0.03,5.6410255,294.73355,0.19002302,1252.7753
0.27,0.03,6.1538463,295.0731,0.20528288,1227.0312
0.27,0.03,6.6666665,295.39777,0.22022852,1201.6943
0.27,0.03,7.179487,295.70773,0.23486477,1176.7657
0.27,0.03,7.6923075,296.0033,0.24919677,1152.245
0.27,0.03,8.205129,296.28464,0.26322943,1128.1313
0.27,0.03,8.717949,296.55194,0.27696782,1104.4243
0.27,0.03,9.230769,296.8055,0.29041693,1081.1218
0.27,0.03,9.743589,297.04547,0.3035816,1058.2233
0.27,0.03,10.256411,297.2721,0.3164671,1035.7255
0.27,0.03,10.769231,297.48553,0.3290781,1013.6267
0.27,0.03,11.282051,297.6861,0.34141955,991.9248
0.27,0.03,11.794871,297.87384,0.35349628,970.6159
0.27,0.03,12.307693,298.04916,0.3653132,949.6978
0.27,0.03,12.820513,298.21216,0.37687507,929.16675
0.27,0.03,13.333333,298.36295,0.3881866,909.01904
0.27,0.03,13.846154,298.50186,0.3992525,889.2513
0.27,0.03,14.358974,298.629,0.4100774,869.85974
0.27,0.03,14.871795,298.74457,0.42066598,850.83984
0.27,0.03,15.384615,298.8488,0.43102267,832.18774
0.27,0.03,15.897436,298.94186,0.4411521,813.899
0.27,0.03,16.410257,299.02402,0.45105854,795.969
0.27,0.03,16.923077,299.09537,0.46074665,778.3933
0.27,0.03,17.435898,299.15607,0.47022048,761.1675
0.27,0.03,17.948717,299.2064,0.47948444,744.28656
0.27,0.03,18.461538,299.24637,0.48854277,727.7457
0.27,0.03,18.97436,299.27628,0.49739957,711.5401
0.27,0.03,19.487179,299.2964,0.50605893,695.665
0.27,0.03,20.0,299.3067,0.514525,680.1151
0.27,0.05,0.0,290.45935,0.0,1563.2476
0.27,0.05,0.51282054,290.9756,0.019054227,1533.1255
0.27,0.05,1.0256411,291.4745,0.037739985,1503.3751
0.27,0.05,1.5384616,291.9562,0.05606197,1474.0027
0.27,0.05,2.0512822,292.421,0.074024715,1445.014
0.27,0.05,2.5641026,292.86914,0.091633074,1416.4147
0.27,0.05,3.0769231,293.3008,0.1088919,1388.2091
0.27,0.05,3.5897436,293.71637,0.1258061,1360.4011
0.27,0.05,4.1025643,294.11594,0.14238033,1332.9948
0.27,0.05,4.6153846,294.4997,0.15861991,1305.992
0.27,0.05,5.1282053,294.86798,0.17452951,1279.3956
0.27,0.05,5.6410255,295.22107,0.19011435,1253.2065
0.27,0.05,6.1538463,295.55905,0.20537937,1227.4264
0.27,0.05,6.6666665,295.88223,0.22032958,1202.0557
0.27,0.05,7.179487,296.1908,0.23497012,1177.095
0.27,0.05,7.6923075,296.48492,0.24930587,1152.5441
0.27,0.05,8.205129,296.76498,0.26334208,1128.4017
0.27,0.05,8.717949,297.03107,0.27708364,1104.667
0.27,0.05,9.230769,297.28345,0.29053563,1081.3392
0.27,0.05,9.743589,297.52222,0.30370286,1058.4158
0.27,0.05,10.256411,297.74783,0.31659055,1035.8951
0.27,0.05,10.769231,297.96027,0.3292035,1013.77484
0.27,0.05,11.282051,298.1598,0.3415466,992.05225
0.27,0.05,11.794871,298.34665,0.3536248,970.72424
0.27,0.05,12.307693,298.52106,0.36544296,949.7879
0.27,0.05,12.820513,298.68314,0.37700582,929.2397
0.27,0.05,13.333333,298.83313,0.38831818,909.0762
0.27,0.05,13.846154,298.97128,0.3993847,889.29346
0.27,0.05,14.358974,299.09772,0.41021,869.88763
0.27,0.05,14.871795,299.2126,0.4207988,850.8548
0.27,0.05,15.384615,299.31616,0.43115562,832.1903
0.27,0.05,15.897436,299.40866,0.44128492,813.89014
0.27,0.05,16.410257,299.49017,0.45119128,795.94965
0.27,0.05,16.923077,299.5609,0.460879,778.36414
0.27,0.05,17.435898,299.6211,0.47035253,761.1292
0.27,0.05,17.948717,299.67084,0.47961593,744.23975
0.27,0.05,18.461538,299.71036,0.4886737,727.691
0.27,0.05,18.97436,299.73987,0.49752975,711.4784
0.27,0.05,19.487179,299.75943,0.5061883,695.5967
0.27,0.05,20.0,299.76935,0.5146534,680.0409
0.27,0.07,0.0,290.8932,0.0,1564.0659
0.27,0.07,0.51282054,291.40717,0.019063927,1533.8901
0.27,0.07,1.0256411,291.90393,0.037758812,1504.0887
0.27,0.07,1.5384616,292.38358,0.056089245,1474.6676
0.27,0.07,2.0512822,292.8465,0.07405992,1445.6332
0.27,0.07,2.5641026,293.2928,0.09167563,1416.9901
0.27,0.07,3.0769231,293.72278,0.10894129,1388.7432
0.27,0.07,3.5897436,294.13666,0.1258618,1360.8961
0.27,0.07,4.1025643,294.53464,0.14244193,1333.4521
0.27,0.07,4.6153846,294.91696,0.15868682,1306.4138
0.27,0.07,5.1282053,295.28394,0.17460148,1279.7836
0.27,0.07,5.6410255,295.63565,0.19019091,1253.5629
0.27,0.07,6.1538463,295.97244,0.20546004,1227.7528
0.27,0.07,6.6666665,296.29446,0.22041419,1202.3536
0.27,0.07,7.179487,296.60196,0.23505822,1177.3658
0.27,0.07,7.6923075,296.8951,0.24939719,1152.7892
0.27,0.07,8.205129,297.1742,0.26343623,1128.6227
0.27,0.07,8.717949,297.43942,0.27718034,1104.8654
0.27,0.07,9.230769,297.69095,0.29063457,1081.5156
0.27,0.07,9.743589,297.92905,0.3038039,1058.5719
0.27,0.07,10.256411,298.15387,0.3166934,1036.0321
0.27,0.07,10.769231,298.3657,0.32930797,1013.89374
0.27,0.07,11.282051,298.56458,0.3416524,992.154
0.27,0.07,11.794871,298.75095,0.35373175,970.8101
0.27,0.07,12.307693,298.9248,0.36555088,949.8586
0.27,0.07,12.820513,299.08643,0.3771145,929.2963
0.27,0.07,13.333333,299.23602,0.3884274,909.1196
0.27,0.07,13.846154,299.37378,0.39949444,889.3246
0.27,0.07,14.358974,299.49988,0.4103201,869.9072
0.27,0.07,14.871795,299.61447,0.42090905,850.8635
0.27,0.07,15.384615,299.71783,0.43126586,832.1891
0.27,0.07,15.897436,299.81003,0.44139522,813.8795
0.27,0.07,16.410257,299.89133,0.45130134,795.93024
0.27,0.07,16.923077,299.96194,0.4609888,778.3368
0.27,0.07,17.435898,300.022,0.4704618,761.0943
0.27,0.07,17.948717,300.07166,0.47972488,744.19806
0.27,0.07,18.461538,300.1111,0.48878193,727.6432
0.27,0.07,18.97436,300.14056,0.49763745,711.4246
0.27,0.07,19.487179,300.16013,0.5062953,695.5377
0.27,0.07,20.0,300.17004,0.5147598,679.977
0.27,0.09,0.0,291.25275,0.0,1564.7379
0.27,0.09,0.51282054,291.76474,0.019071907,1534.5164
0.27,0.09,1.0256411,292.25955,0.03777425,1504.6714
0.27,0.09,1.5384616,292.73746,0.056111567,1475.2094
0.27,0.09,2.0512822,293.19867,0.07408871,1446.1357
0.27,0.09,2.5641026,293.64343,0.09171037,1417.4564
0.27,0.09,3.0769231,294.07202,0.10898155,1389.1744
0.27,0.09,3.5897436,294.48456,0.12590711,1361.2942
0.27,0.09,4.1025643,294.8813,0.142492,1333.8193
0.27,0.09,4.6153846,295.26248,0.15874122,1306.7517
0.27,0.09,5.1282053,295.62836,0.17465985,1280.0939
0.27,0.09,5.6410255,295.97913,0.19025292,1253.8464
0.27,0.09,6.1538463,296.31497,0.20552546,1228.0117
0.27,0.09,6.6666665,296.6362,0.22048262,1202.5891
0.27,0.09,7.179487,296.9429,0.23512936,1177.5792
0.27,0.09,7.6923075,297.23544,0.24947083,1152.9816
0.27,0.09,8.205129,297.51398,0.26351216,1128.7952
0.27,0.09,8.717949,297.7786,0.27725825,1105.0194
0.27,0.09,9.230769,298.02966,0.29071426,1081.6522
0.27,0.09,9.743589,298.26736,0.3038852,1058.6923
0.27,0.09,10.256411,298.49182,0.31677613,1036.137
0.27,0.09,10.769231,298.70337,0.32939184,1013.98395
0.27,0.09,11.282051,298.90207,0.34173733,992.23065
0.27,0.09,11.794871,299.08823,0.35381755,970.8738
0.27,0.09,12.307693,299.26202,0.36563733,949.9106
0.27,0.09,12.820513,299.42355,0.37720156,929.337
0.27,0.09,13.333333,299.57312,0.38851494,909.14966
0.27,0.09,13.846154,299.7109,0.3995822,889.3449
0.27,0.09,14.358974,299.837,0.41040805,869.9184
0.27,0.09,14.871795,299.95175,0.42099708,850.86615
0.27,0.09,15.384615,300.05524,0.43135402,832.18384
0.27,0.09,15.897436,300.14758,0.4414831,813.86707
0.27,0.09,16.410257,300.22916,0.45138904,795.91095
0.27,0.09,16.923077,300.3,0.46107626,778.31134
0.27,0.09,17.435898,300.3603,0.470549,761.0631
0.27,0.09,17.948717,300.41028,0.4798115,744.1617
0.27,0.09,18.461538,300.45004,0.4888682,727.60187
0.27,0.09,18.97436,300.47983,0.49772313,711.37897
0.27,0.09,19.487179,300.4998,0.5063804,695.488
0.27,0.09,20.0,300.5101,0.5148442,679.92365
0.27,0.11,0.0,291.53973,0.0,1565.2668
0.27,0.11,0.51282054,292.04996,0.019078217,1535.0067
0.27,0.11,1.0256411,292.54315,0.03778635,1505.1261
0.27,0.11,1.5384616,293.01953,0.05612909,1475.6296
0.27,0.11,2.0512822,293.47934,0.074111134,1446.5247
0.27,0.11,2.5641026,293.92285,0.091737434,1417.8146
0.27,0.11,3.0769231,294.35025,0.10901284,1389.5045
0.27,0.11,3.5897436,294.76172,0.12594226,1361.598
0.27,0.11,4.1025643,295.15747,0.14253074,1334.0979
0.27,0.11,4.6153846,295.5378,0.15878332,1307.0068
0.27,0.11,5.1282053,295.9029,0.17470491,1280.3265
0.27,0.11,5.6410255,296.25296,0.19030069,1254.0586
0.27,0.11,6.1538463,296.5883,0.20557573,1228.2043
0.27,0.11,6.6666665,296.909,0.22053513,1202.7632
0.27,0.11,7.179487,297.21533,0.23518395,1177.736
0.27,0.11,7.6923075,297.5075,0.24952726,1153.1221
0.27,0.11,8.205129,297.78577,0.26357022,1128.9207
0.27,0.11,8.717949,298.05023,0.2773177,1105.1305
0.27,0.11,9.230769,298.30115,0.29077503,1081.75
0.27,0.11,9.743589,298.53882,0.3039471,1058.7772
0.27,0.11,10.256411,298.76337,0.31683892,1036.2101
0.27,0.11,10.769231,298.97495,0.3294555,1014.04614
0.27,0.11,11.282051,299.1738,0.34180167,992.2826
0.27,0.11,11.794871,299.36014,0.3538825,970.9161
0.27,0.11,12.307693,299.53412,0.36570275,949.9438
0.27,0.11,12.820513,299.69598,0.37726733,929.36176
0.27,0.11,13.333333,299.8459,0.388581,909.1667
0.27,0.11,13.846154,299.984,0.3996484,889.35455
0.27,0.11,14.358974,300.1106,0.41047433,869.92145
0.27,0.11,14.871795,300.2258,0.42106342,850.8631
0.27,0.11,15.384615,300.32977,0.43142024,832.1749
0.27,0.11,15.897436,300.42276,0.44154924,813.8528
0.27,0.11,16.410257,300.5049,0.45145497,795.89197
0.27,0.11,16.923077,300.57632,0.4611418,778.28784
0.27,0.11,17.435898,300.63736,0.47061428,761.03534
0.27,0.11,17.948717,300.68802,0.47987643,744.1301
0.27,0.11,18.461538,300.7285,0.48893273,727.567
0.27,0.11,18.97436,300.75906,0.49778724,711.34106
0.27,0.11,19.487179,300.7798,0.506444,695.4472
0.27,0.11,20.0,300.79092,0.51490724,679.8806
0.27,0.13,0.0,291.75595,0.0,1565.6547
0.27,0.13,0.51282054,292.26465,0.019082807,1535.364
0.27,0.13,1.0256411,292.7564,0.03779511,1505.4545
0.27,0.13,1.5384616,293.2315,0.05614171,1475.9315
0.27,0.13,2.0512822,293.6902,0.074127354,1446.8009
0.27,0.13,2.5641026,294.1326,0.09175689,1418.0679
0.27,0.13,3.0769231,294.55908,0.10903527,1389.7358
0.27,0.13,3.5897436,294.96976,0.1259675,1361.8088
0.27,0.13,4.1025643,295.3648,0.14255844,1334.2896
0.27,0.13,4.6153846,295.7446,0.1588132,1307.1805
0.27,0.13,5.1282053,296.1092,0.17473683,1280.4841
0.27,0.13,5.6410255,296.45892,0.19033453,1254.2004
0.27,0.13,6.1538463,296.79395,0.2056112,1228.3317
0.27,0.13,6.6666665,297.11447,0.22057205,1202.8771
0.27,0.13,7.179487,297.42075,0.23522213,1177.8376
0.27,0.13,7.6923075,297.7129,0.24956664,1153.2119
0.27,0.13,8.205129,297.99118,0.26361063,1128.9993
0.27,0.13,8.717949,298.25583,0.27735913,1105.199
0.27,0.13,9.230769,298.507,0.29081717,1081.8092
0.27,0.13,9.743589,298.7449,0.30398998,1058.8278
0.27,0.13,10.256411,298.96976,0.3168823,1036.2526
0.27,0.13,10.769231,299.18176,0.32949936,1014.0808
0.27,0.13,11.282051,299.3811,0.34184596,992.3101
0.27,0.13,11.794871,299.56802,0.35392702,970.9371
0.27,0.13,12.307693,299.74258,0.36574754,949.9586
0.27,0.13,12.820513,299.90515,0.37731227,929.3711
0.27,0.13,13.333333,300.05576,0.38862607,909.1709
0.27,0.13,13.846154,300.19464,0.39969346,889.3542
0.27,0.13,14.358974,300.32208,0.41051936,869.9165
0.27,0.13,14.871795,300.43808,0.4211083,850.8541
0.27,0.13,15.384615,300.543,0.431465,832.1623
0.27,0.13,15.897436,300.63687,0.44159377,813.83685
0.27,0.13,16.410257,300.72,0.4514994,795.873
0.27,0.13,16.923077,300.79245,0.461186,778.26605
0.27,0.13,17.435898,300.8545,0.4706581,761.0112
0.27,0.13,17.948717,300.90622,0.4799199,744.10394
0.27,0.13,18.461538,300.94785,0.48897594,727.5387
0.27,0.13,18.97436,300.97952,0.49783003,711.311
0.27,0.13,19.487179,301.0015,0.5064865,695.4157
0.27,0.13,20.0,301.01382,0.5149493,679.84753
0.27,0.15,0.0,291.90314,0.0,1565.905
0.27,0.15,0.51282054,292.4104,0.019085728,1535.5906
0.27,0.15,1.0256411,292.90094,0.037800744,1505.659
0.27,0.15,1.5384616,293.375,0.05614969,1476.1161
0.27,0.15,2.0512822,293.83273,0.07413747,1446.9673
0.27,0.15,2.5641026,294.2744,0.091768935,1418.2169
0.27,0.15,3.0769231,294.70023,0.10904909,1389.8695
0.27,0.15,3.5897436,295.11035,0.12598284,1361.9282
0.27,0.15,4.1025643,295.50497,0.14257517,1334.3958
0.27,0.15,4.6153846,295.88446,0.15883118,1307.2747
0.27,0.15,5.1282053,296.2489,0.1747559,1280.5668
0.27,0.15,5.6410255,296.59848,0.19035456,1254.2731
0.27,0.15,6.1538463,296.93347,0.20563206,1228.3949
0.27,0.15,6.6666665,297.25412,0.22059369,1202.932
0.27,0.15,7.179487,297.56058,0.2352444,1177.8843
0.27,0.15,7.6923075,297.85303,0.24958938,1153.2513
0.27,0.15,8.205129,298.13174,0.26363385,1129.0323
0.27,0.15,8.717949,298.3968,0.2773827,1105.2261
0.27,0.15,9.230769,298.64853,0.29084104,1081.8306
0.27,0.15,9.743589,298.8871,0.30401403,1058.844
0.27,0.15,10.256411,299.11258,0.3169066,1036.264
0.27,0.15,10.769231,299.3254,0.3295237,1014.0882
0.27,0.15,11.282051,299.52554,0.34187037,992.31354
0.27,0.15,11.794871,299.7133,0.35395154,970.93726
0.27,0.15,12.307693,299.88885,0.365772,949.95557
0.27,0.15,12.820513,300.0524,0.37733674,929.3653
0.27,0.15,13.333333,300.2041,0.3886503,909.1625
0.27,0.15,13.846154,300.3441,0.39971766,889.3432
0.27,0.15,14.358974,300.47266,0.41054332,869.9038
0.27,0.15,14.871795,300.5899,0.42113218,850.8396
0.27,0.15,15.384615,300.69604,0.43148863,832.1461
0.27,0.15,15.897436,300.79126,0.4416173,813.81915
0.27,0.15,16.410257,300.87576,0.45152256,795.85406
0.27,0.15,16.923077,300.9496,0.46120897,778.24615
0.27,0.15,17.435898,301.01303,0.47068095,760.9905
0.27,0.15,17.948717,301.06616,0.47994244,744.0824
0.27,0.15,18.461538,301.10928,0.48899817,727.51666
0.27,0.15,18.97436,301.14255,0.49785197,711.2884
0.27,0.15,19.487179,301.16602,0.5065082,695.3927
0.27,0.15,20.0,301.17987,0.51497066,679.82446
0.27,0.17,0.0,291.98282,0.0,1566.0201
0.27,0.17,0.51282054,292.48892,0.019087084,1535.6888
0.27,0.17,1.0256411,292.97845,0.037803143,1505.7424
0.27,0.17,1.5384616,293.45163,0.05615308,1476.1859
0.27,0.17,2.0512822,293.9087,0.074141644,1447.0253
0.27,0.17,2.5641026,294.3498,0.091773786,1418.2644
0.27,0.17,3.0769231,294.77515,0.10905441,1389.9073
0.27,0.17,3.5897436,295.18497,0.12598863,1361.9575
0.27,0.17,4.1025643,295.57947,0.14258122,1334.4178
0.27,0.17,4.6153846,295.95886,0.15883744,1307.2902
0.27,0.17,5.1282053,296.32336,0.17476232,1280.5767
0.27,0.17,5.6410255,296.67322,0.19036108,1254.2778
0.27,0.17,6.1538463,297.00848,0.20563862,1228.395
0.27,0.17,6.6666665,297.32947,0.22060022,1202.9283
0.27,0.17,7.179487,297.63635,0.23525086,1177.8773
0.27,0.17,7.6923075,297.92944,0.24959579,1153.2417
0.27,0.17,8.205129,298.2088,0.26364005,1129.0203
0.27,0.17,8.717949,298.47464,0.27738875,1105.2118
0.27,0.17,9.230769,298.72723,0.29084694,1081.8146
0.27,0.17,9.743589,298.96667,0.3040197,1058.8265
0.27,0.17,10.256411,299.19324,0.31691203,1036.2456
0.27,0.17,10.769231,299.40704,0.329529,1014.0688
0.27,0.17,11.282051,299.60837,0.3418753,992.2936
0.27,0.17,11.794871,299.79736,0.35395622,970.9166
0.27,0.17,12.307693,299.9742,0.36577648,949.93475
0.27,0.17,12.820513,300.13907,0.3773409,929.34424
0.27,0.17,13.333333,300.29218,0.3886543,909.1415
0.27,0.17,13.846154,300.43362,0.39972138,889.3225
0.27,0.17,14.358974,300.56372,0.41054684,869.883
0.27,0.17,14.871795,300.6825,0.42113537,850.81915
0.27,0.17,15.384615,300.79025,0.43149155,832.1263
0.27,0.17,15.897436,300.88712,0.44161996,813.7998
0.27,0.17,16.410257,300.9733,0.45152506,795.8353
0.27,0.17,16.923077,301.0489,0.46121126,778.22797
0.27,0.17,17.435898,301.1141,0.4706828,760.9731
0.27,0.17,17.948717,301.16913,0.47994435,744.06555
0.27,0.17,18.461538,301.2141,0.48899978,727.5005
0.27,0.17,18.97436,301.2492,0.4978534,711.27325
0.27,0.17,19.487179,301.2746,0.50650936,695.3785
0.27,0.17,20.0,301.2904,0.51497173,679.81104
0.27,0.19,0.0,291.9967,0.0,1566.002
0.27,0.19,0.51282054,292.50183,0.01908677,1535.6614
0.27,0.19,1.0256411,292.9905,0.037802465,1505.7067
0.27,0.19,1.5384616,293.46304,0.056151934,1476.1433
0.27,0.19,2.0512822,293.9196,0.07413992,1446.9769
0.27,0.19,2.5641026,294.3603,0.09177149,1418.2118
0.27,0.19,3.0769231,294.78546,0.109051384,1389.8511
0.27,0.19,3.5897436,295.19516,0.12598488,1361.8988
0.27,0.19,4.1025643,295.58975,0.14257675,1334.357
0.27,0.19,4.6153846,295.9694,0.15883222,1307.2285
0.27,0.19,5.1282053,296.33417,0.17475638,1280.5143
0.27,0.19,5.6410255,296.6844,0.1903543,1254.2158
0.27,0.19,6.1538463,297.02023,0.2056311,1228.3331
0.27,0.19,6.6666665,297.34192,0.22059187,1202.8672
0.27,0.19,7.179487,297.6496,0.23524189,1177.8174
0.27,0.19,7.6923075,297.94348,0.24958605,1153.1833
0.27,0.19,8.205129,298.22382,0.26362962,1128.9634
0.27,0.19,8.717949,298.4907,0.27737764,1105.157
0.27,0.19,9.230769,298.7444,0.29083514,1081.7617
0.27,0.19,9.743589,298.98505,0.30400723,1058.7759
0.27,0.19,10.256411,299.21292,0.316899,1036.1971
0.27,0.19,10.769231,299.42816,0.32951537,1014.0227
0.27,0.19,11.282051,299.63098,0.3418612,992.25006
0.27,0.19,11.794871,299.82144,0.35394156,970.87555
0.27,0.19,12.307693,299.9999,0.36576125,949.8962
0.27,0.19,12.820513,300.16647,0.37732527,929.3082
0.27,0.19,13.333333,300.3212,0.38863817,909.1079
0.27,0.19,13.846154,300.46454,0.39970484,889.2913
0.27,0.19,14.358974,300.59647,0.41052997,869.8547
0.27,0.19,14.871795,300.71716,0.4211182,850.7932
0.27,0.19,15.384615,300.82687,0.43147412,832.10254
0.27,0.19,15.897436,300.92572,0.44160223,813.7786
0.27,0.19,16.410257,301.01392,0.45150703,795.8164
0.27,0.19,16.923077,301.0916,0.46119297,778.2114
0.27,0.19,17.435898,301.159,0.4706645,760.9587
0.27,0.19,17.948717,301.21616,0.47992572,744.0534
0.27,0.19,18.461538,301.26334,0.48898107,727.4906
0.27,0.19,18.97436,301.30072,0.4978346,711.2653
0.27,0.19,19.487179,301.3284,0.50649047,695.3726
0.27,0.19,20.0,301.34653,0.5149528,679.8071
0.27,0.21,0.0,291.94626,0.0,1565.8541
0.27,0.21,0.51282054,292.45056,0.019084945,1535.5103
0.27,0.21,1.0256411,292.9387,0.037798762,1505.5537
0.27,0.21,1.5384616,293.41068,0.056146353,1475.99
0.27,0.21,2.0512822,293.8669,0.074132465,1446.8242
0.27,0.21,2.5641026,294.30746,0.0917621,1418.0603
0.27,0.21,3.0769231,294.73257,0.10904022,1389.7024
0.27,0.21,3.5897436,295.1425,0.12597182,1361.7532
0.27,0.21,4.1025643,295.53735,0.14256199,1334.2151
0.27,0.21,4.6153846,295.91736,0.15881574,1307.0906
0.27,0.21,5.1282053,296.28265,0.17473823,1280.3809
0.27,0.21,5.6410255,296.63358,0.19033453,1254.0868
0.27,0.21,6.1538463,296.9702,0.20560974,1228.2098
0.27,0.21,6.6666665,297.29282,0.22056907,1202.7493
0.27,0.21,7.179487,297.60147,0.2352176,1177.7052
0.27,0.21,7.6923075,297.8965,0.24956043,1153.0767
0.27,0.21,8.205129,298.17807,0.26360276,1128.8624
0.27,0.21,8.717949,298.4463,0.27734953,1105.0618
0.27,0.21,9.230769,298.7014,0.2908059,1081.6722
0.27,0.21,9.743589,298.94366,0.30397695,1058.6921
0.27,0.21,10.256411,299.17313,0.31686777,1036.1191
0.27,0.21,10.769231,299.38998,0.32948315,1013.9503
0.27,0.21,11.282051,299.59454,0.34182817,992.18317
0.27,0.21,11.794871,299.7869,0.35390767,970.8141
0.27,0.21,12.307693,299.96725,0.36572668,949.84015
0.27,0.21,12.820513,300.13574,0.37729,929.2573
0.27,0.21,13.333333,300.2926,0.38860238,909.062
0.27,0.21,13.846154,300.438,0.39966854,889.2504
0.27,0.21,14.358974,300.57205,0.41049317,869.81836
0.27,0.21,14.871795,300.695,0.42108092,850.76135
0.27,0.21,15.384615,300.807,0.43143648,832.0752
0.27,0.21,15.897436,300.90817,0.44156438,813.75543
0.27,0.21,16.410257,300.99875,0.45146883,795.7974
0.27,0.21,16.923077,301.07886,0.46115464,778.19635
0.27,0.21,17.435898,301.1487,0.47062597,760.9473
0.27,0.21,17.948717,301.20844,0.47988707,744.0458
0.27,0.21,18.461538,301.25818,0.48894227,727.48645
0.27,0.21,18.97436,301.29803,0.4977958,711.2646
0.27,0.21,19.487179,301.3284,0.50645167,695.375
0.27,0.21,20.0,301.34918,0.51491404,679.8126
0.27,0.23,0.0,291.83316,0.0,1565.5782
0.27,0.23,0.51282054,292.33676,0.019081555,1535.2377
0.27,0.23,1.0256411,292.82434,0.037792087,1505.2859
0.27,0.23,1.5384616,293.29605,0.056136392,1475.728
0.27,0.23,2.0512822,293.75214,0.07411927,1446.5688
0.27,0.23,2.5641026,294.1927,0.09174583,1417.8124
0.27,0.23,3.0769231,294.61804,0.109020926,1389.4625
0.27,0.23,3.5897436,295.02823,0.12594967,1361.5216
0.27,0.23,4.1025643,295.42355,0.142537,1333.9926
0.27,0.23,4.6153846,295.80417,0.15878816,1306.8776
0.27,0.23,5.1282053,296.17032,0.17470804,1280.1774
0.27,0.23,5.6410255,296.5221,0.1903019,1253.8934
0.27,0.23,6.1538463,296.8598,0.20557478,1228.026
0.27,0.23,6.6666665,297.1835,0.220532,1202.5753
0.27,0.23,7.179487,297.49347,0.23517838,1177.5409
0.27,0.23,7.6923075,297.78986,0.24951923,1152.9224
0.27,0.23,8.205129,298.07288,0.26355967,1128.7179
0.27,0.23,8.717949,298.3427,0.2773047,1104.9266
0.27,0.23,9.230769,298.59952,0.2907596,1081.5465
0.27,0.23,9.743589,298.8435,0.30392912,1058.5759
0.27,0.23,10.256411,299.07486,0.31681848,1036.0118
0.27,0.23,10.769231,299.2937,0.32943267,1013.85187
0.27,0.23,11.282051,299.50034,0.3417765,992.09314
0.27,0.23,11.794871,299.69476,0.353855,970.7325
0.27,0.23,12.307693,299.87732,0.36567307,949.76636
0.27,0.23,12.820513,300.04813,0.3772355,929.1914
0.27,0.23,13.333333,300.20737,0.38854706,909.00354
0.27,0.23,13.846154,300.35513,0.39961258,889.1992
0.27,0.23,14.358974,300.49167,0.41043663,869.7739
0.27,0.23,14.871795,300.61716,0.42102385,850.7237
0.27,0.23,15.384615,300.73175,0.43137905,832.04395
0.27,0.23,15.897436,300.83557,0.44150648,813.7303
0.27,0.23,16.410257,300.9289,0.45141074,795.7781
0.27,0.23,16.923077,301.01172,0.4610963,778.1826
0.27,0.23,17.435898,301.08438,0.47056746,760.93896
0.27,0.23,17.948717,301.1469,0.47982854,744.0425
0.27,0.23,18.461538,301.19955,0.48888373,727.4879
0.27,0.23,18.97436,301.24243,0.49773732,711.27057
0.27,0.23,19.487179,301.2757,0.5063933,695.38544
0.27,0.23,20.0,301.29947,0.51485586,679.8272
0.27,0.25,0.0,291.65884,0.0,1565.1774
0.27,0.25,0.51282054,292.16187,0.019076653,1534.8466
0.27,0.25,1.0256411,292.64908,0.037782386,1504.9055
0.27,0.25,1.5384616,293.12064,0.0561221,1475.359
0.27,0.25,2.0512822,293.57672,0.0741006,1446.2124
0.27,0.25,2.5641026,294.01746,0.09172278,1417.469
0.27,0.25,3.0769231,294.4431,0.10899386,1389.1327
0.27,0.25,3.5897436,294.85388,0.12591858,1361.2059
0.27,0.25,4.1025643,295.24985,0.14250216,1333.691
0.27,0.25,4.6153846,295.63135,0.15874957,1306.5903
0.27,0.25,5.1282053,295.99838,0.17466605,1279.9048
0.27,0.25,5.6410255,296.35126,0.19025667,1253.6351
0.27,0.25,6.1538463,296.69016,0.20552644,1227.7821
0.27,0.25,6.6666665,297.0153,0.22048062,1202.3457
0.27,0.25,7.179487,297.32675,0.2351244,1177.3253
0.27,0.25,7.6923075,297.62476,0.2494627,1152.7206
0.27,0.25,8.205129,297.9095,0.2635008,1128.5298
0.27,0.25,8.717949,298.1812,0.2772436,1104.7521
0.27,0.25,9.230769,298.43994,0.29069632,1081.385
0.27,0.25,9.743589,298.68594,0.3038639,1058.4268
0.27,0.25,10.256411,298.9194,0.31675154,1035.8752
0.27,0.25,10.769231,299.14056,0.32936412,1013.72723
0.27,0.25,11.282051,299.3494,0.34170645,991.98004
0.27,0.25,11.794871,299.54633,0.35378367,970.63043
0.27,0.25,12.307693,299.73132,0.36560053,949.6751
0.27,0.25,12.820513,299.9047,0.37716192,929.11035
0.27,0.25,13.333333,300.06656,0.38847262,908.93256
0.27,0.25,13.846154,300.21704,0.39953727,889.1376
0.27,0.25,14.358974,300.3564,0.41036057,869.7217
0.27,0.25,14.871795,300.48474,0.42094725,850.68
0.27,0.25,15.384615,300.6022,0.4313019,832.0087
0.27,0.25,15.897436,300.709,0.44142896,813.703
0.27,0.25,16.410257,300.80533,0.45133305,795.75824
0.27,0.25,16.923077,300.89124,0.4610183,778.17
0.27,0.25,17.435898,300.96704,0.47048944,760.93317
0.27,0.25,17.948717,301.0327,0.47975042,744.04315
0.27,0.25,18.461538,301.08853,0.4888057,727.4949
0.27,0.25,18.97436,301.1347,0.4976594,711.2833
0.27,0.25,19.487179,301.17123,0.5063156,695.4037
0.27,0.25,20.0,301.19843,0.5147784,679.85065
0.27,0.27,0.0,291.42474,0.0,1564.6531
0.27,0.27,0.51282054,291.92737,0.01907029,1534.3386
0.27,0.27,1.0256411,292.41434,0.03776992,1504.414
0.27,0.27,1.5384616,292.88583,0.05610369,1474.8855
0.27,0.27,2.0512822,293.3421,0.07407645,1445.757
0.27,0.27,2.5641026,293.78314,0.091693155,1417.0322
0.27,0.27,3.0769231,294.2093,0.108958915,1388.7147
0.27,0.27,3.5897436,294.62076,0.12587863,1360.807
0.27,0.27,4.1025643,295.01758,0.14245743,1333.3116
0.27,0.27,4.6153846,295.40002,0.15870029,1306.2301
0.27,0.27,5.1282053,295.76825,0.17461249,1279.5637
0.27,0.27,5.6410255,296.12247,0.19019888,1253.3131
0.27,0.27,6.1538463,296.46277,0.2054649,1227.4792
0.27,0.27,6.6666665,296.78946,0.22041553,1202.061
0.27,0.27,7.179487,297.10263,0.23505586,1177.0593
0.27,0.27,7.6923075,297.40247,0.24939099,1152.4725
0.27,0.27,8.205129,297.68915,0.26342613,1128.2991
0.27,0.27,8.717949,297.9629,0.27716625,1104.5383
0.27,0.27,9.230769,298.22382,0.29061642,1081.1879
0.27,0.27,9.743589,298.4721,0.30378172,1058.2456
0.27,0.27,10.256411,298.70795,0.31666717,1035.7095
0.27,0.27,10.769231,298.93158,0.32927775,1013.5766
0.27,0.27,11.282051,299.14307,0.34161836,991.8439
0.27,0.27,11.794871,299.34265,0.353694,970.50806
0.27,0.27,12.307693,299.53043,0.36550945,949.56616
0.27,0.27,12.820513,299.7066,0.37706956,929.01447
0.27,0.27,13.333333,299.87134,0.3883791,908.84894
0.27,0.27,13.846154,300.02484,0.39944282,889.0658
0.27,0.27,14.358974,300.16727,0.41026536,869.66095
0.27,0.27,14.871795,300.2987,0.42085138,850.63025
0.27,0.27,15.384615,300.41934,0.43120548,831.9691
0.27,0.27,15.897436,300.52945,0.44133213,813.6731
0.27,0.27,16.410257,300.6291,0.45123583,795.73785
0.27,0.27,16.923077,300.7184,0.46092105,778.15826
0.27,0.27,17.435898,300.79752,0.4703919,760.92993
0.27,0.27,17.948717,300.86676,0.47965288,744.04785
0.27,0.27,18.461538,300.92612,0.4887084,727.5069
0.27,0.27,18.97436,300.9758,0.49756223,711.30255
0.27,0.27,19.487179,301.01596,0.5062186,695.4296
0.27,0.27,20.0,301.0468,0.5146818,679.8829
0.27,0.29,0.0,291.13242,0.0,1564.0089
0.27,0.29,0.51282054,291.63464,0.01906252,1533.716
0.27,0.29,1.0256411,292.12155,0.037754588,1503.8143
0.27,0.29,1.5384616,292.5931,0.05608111,1474.3087
0.27,0.29,2.0512822,293.04956,0.07404693,1445.204
0.27,0.29,2.5641026,293.49112,0.09165696,1416.5032
0.27,0.29,3.0769231,293.918,0.10891636,1388.2097
0.27,0.29,3.5897436,294.3302,0.12583002,1360.3265
0.27,0.29,4.1025643,294.728,0.14240298,1332.8553
0.27,0.29,4.6153846,295.11163,0.1586405,1305.798
0.27,0.29,5.1282053,295.48117,0.1745474,1279.1554
0.27,0.29,5.6410255,295.83682,0.19012904,1252.9285
0.27,0.29,6.1538463,296.17883,0.20539042,1227.1174
0.27,0.29,6.6666665,296.50723,0.22033674,1201.7224
0.27,0.29,7.179487,296.8223,0.23497298,1176.7427
0.27,0.29,7.6923075,297.1242,0.24930435,1152.1775
0.27,0.29,8.205129,297.41302,0.26333603,1128.0254
0.27,0.29,8.717949,297.68903,0.2770729,1104.2852
0.27,0.29,9.230769,297.95236,0.29052013,1080.955
0.27,0.29,9.743589,298.2032,0.30368257,1058.0321
0.27,0.29,10.256411,298.44168,0.31656557,1035.5145
0.27,0.29,10.769231,298.66797,0.32917392,1013.39966
0.27,0.29,11.282051,298.88232,0.34151247,991.6844
0.27,0.29,11.794871,299.0848,0.3535862,970.3655
0.27,0.29,12.307693,299.2756,0.36540002,949.4397
0.27,0.29,12.820513,299.45486,0.37695858,928.9032
0.27,0.29,13.333333,299.6228,0.38826692,908.7524
0.27,0.29,13.846154,299.77957,0.3993296,888.9832
0.27,0.29,14.358974,299.9253,0.41015112,869.59204
0.27,0.29,14.871795,300.06012,0.42073637,850.5741
0.27,0.29,15.384615,300.1843,0.43108985,831.9251
0.27,0.29,15.897436,300.2979,0.441216,813.6408
0.27,0.29,16.410257,300.40115,0.45111942,795.7164
0.27,0.29,16.923077,300.4941,0.4608043,778.1473
0.27,0.29,17.435898,300.57697,0.47027522,760.92883
0.27,0.29,17.948717,300.64996,0.4795363,744.056
0.27,0.29,18.461538,300.71317,0.48859185,727.5241
0.27,0.29,18.97436,300.76672,0.49744603,711.328
0.27,0.29,19.487179,300.81085,0.5061028,695.4628
0.27,0.29,20.0,300.84558,0.5145664,679.9235
0.27,0.31,0.0,290.7831,0.0,1563.2466
0.27,0.31,0.51282054,291.28522,0.01905334,1532.981
0.27,0.31,1.0256411,291.77203,0.037736543,1503.1075
0.27,0.31,1.5384616,292.24377,0.05605451,1473.6306
0.27,0.31,2.0512822,292.70062,0.074012145,1444.5548
0.27,0.31,2.5641026,293.14276,0.0916144,1415.8833
0.27,0.31,3.0769231,293.57037,0.10886634,1387.6194
0.27,0.31,3.5897436,293.98352,0.12577286,1359.7653
0.27,0.31,4.1025643,294.38248,0.14233918,1332.3229
0.27,0.31,4.6153846,294.76743,0.1585702,1305.2942
0.27,0.31,5.1282053,295.1384,0.1744712,1278.68
0.27,0.31,5.6410255,295.49573,0.19004712,1252.4812
0.27,0.31,6.1538463,295.83945,0.20530316,1226.6976
0.27,0.31,6.6666665,296.1698,0.22024447,1201.3296
0.27,0.31,7.179487,296.487,0.23487614,1176.3761
0.27,0.31,7.6923075,296.79105,0.24920312,1151.8365
0.27,0.31,8.205129,297.0823,0.26323074,1127.7095
0.27,0.31,8.717949,297.36075,0.27696383,1103.9933
0.27,0.31,9.230769,297.6267,0.2904076,1080.6863
0.27,0.31,9.743589,297.8803,0.30356696,1057.7864
0.27,0.31,10.256411,298.12158,0.31644702,1035.2908
0.27,0.31,10.769231,298.35083,0.32905272,1013.1968
0.27,0.31,11.282051,298.5682,0.34138888,991.5017
0.27,0.31,11.794871,298.7738,0.3534605,970.20233
0.27,0.31,12.307693,298.96786,0.3652724,949.295
0.27,0.31,12.820513,299.1505,0.3768294,928.7765
0.27,0.31,13.333333,299.3219,0.38813618,908.64276
0.27,0.31,13.846154,299.48215,0.39919758,888.8902
0.27,0.31,14.358974,299.6315,0.4100181,869.5144
0.27,0.31,14.871795,299.77002,0.42060256,850.51117
0.27,0.31,15.384615,299.89792,0.4309553,831.8764
0.27,0.31,15.897436,300.01532,0.441081,813.60547
0.27,0.31,16.410257,300.1224,0.45098397,795.69385
0.27,0.31,16.923077,300.21936,0.4606687,778.1368
0.27,0.31,17.435898,300.3062,0.47013956,760.9297
0.27,0.31,17.948717,300.38327,0.47940072,744.0677
0.27,0.31,18.461538,300.45062,0.4884565,727.54584
0.27,0.31,18.97436,300.5083,0.4973109,711.3593
0.27,0.31,19.487179,300.5566,0.50596815,695.50323
0.27,0.31,20.0,300.59567,0.5144324,679.97235
0.27,0.33,0.0,290.37854,0.0,1562.3688
0.27,0.33,0.51282054,290.88037,0.0190427,1532.1359
0.27,0.33,1.0256411,291.36722,0.03771568,1502.2965
0.27,0.33,1.5384616,291.83923,0.056023948,1472.8531
0.27,0.33,2.0512822,292.29657,0.07397225,1443.8116
0.27,0.33,2.5641026,292.73935,0.09156559,1415.1744
0.27,0.33,3.0769231,293.16782,0.10880892,1386.9446
0.27,0.33,3.5897436,293.58206,0.12570746,1359.1243
0.27,0.33,4.1025643,293.9822,0.142266,1331.7158
0.27,0.33,4.6153846,294.3686,0.15848984,1304.7205
0.27,0.33,5.1282053,294.74127,0.1743839,1278.1392
0.27,0.33,5.6410255,295.1003,0.18995339,1251.9724
0.27,0.33,6.1538463,295.446,0.20520335,1226.2207
0.27,0.33,6.6666665,295.77847,0.22013903,1200.8833
0.27,0.33,7.179487,296.09787,0.23476537,1175.9598
0.27,0.33,7.6923075,296.40433,0.24908733,1151.45
0.27,0.33,8.205129,296.6981,0.26311037,1127.3508
0.27,0.33,8.717949,296.97925,0.27683932,1103.6627
0.27,0.33,9.230769,297.24796,0.29027915,1080.3824
0.27,0.33,9.743589,297.50443,0.30343497,1057.5082
0.27,0.33,10.256411,297.7488,0.31631175,1035.0376
0.27,0.33,10.769231,297.9812,0.32891446,1012.96765
0.27,0.33,11.282051,298.2019,0.34124792,991.2957
0.27,0.33,11.794871,298.41083,0.3533172,970.0184
0.27,0.33,12.307693,298.60834,0.3651269,949.13245
0.27,0.33,12.820513,298.79456,0.37668198,928.6344
0.27,0.33,13.333333,298.9696,0.38798723,908.52
0.27,0.33,13.846154,299.13364,0.39904717,888.7859
0.27,0.33,14.358974,299.2867,0.40986648,869.4278
0.27,0.33,14.871795,299.42926,0.42045,850.44147
0.27,0.33,15.384615,299.56116,0.43080202,831.8228
0.27,0.33,15.897436,299.68262,0.44092715,813.56696
0.27,0.33,16.410257,299.79388,0.45082974,795.66974
0.27,0.33,16.923077,299.89502,0.46051425,778.12646
0.27,0.33,17.435898,299.9862,0.4699851,760.93225
0.27,0.33,17.948717,300.06757,0.47924632,744.0824
0.27,0.33,18.461538,300.13925,0.48830235,727.57196
0.27,0.33,18.97436,300.20148,0.49715716,711.39636
0.27,0.33,19.487179,300.2542,0.50581497,695.5504
0.27,0.33,20.0,300.29782,0.5142797,680.0292
0.27,0.35,0.0,289.9199,0.0,1561.3778
0.27,0.35,0.51282054,290.42157,0.019030757,1531.1836
0.27,0.35,1.0256411,290.90854,0.037692264,1501.3821
0.27,0.35,1.5384616,291.38083,0.055989474,1471.9783
0.27,0.35,2.0512822,291.8387,0.07392724,1442.9757
0.27,0.35,2.5641026,292.28226,0.09151046,1414.3777
0.27,0.35,3.0769231,292.7117,0.10874435,1386.1869
0.27,0.35,3.5897436,293.12708,0.12563378,1358.4052
0.27,0.35,4.1025643,293.52866,0.14218372,1331.0349
0.27,0.35,4.6153846,293.91653,0.15839934,1304.0774
0.27,0.35,5.1282053,294.29086,0.17428574,1277.5327
0.27,0.35,5.6410255,294.6519,0.18984804,1251.4027
0.27,0.35,6.1538463,294.9996,0.20509121,1225.6864
0.27,0.35,6.6666665,295.3343,0.22002047,1200.3839
0.27,0.35,7.179487,295.65607,0.23464082,1175.4944
0.27,0.35,7.6923075,295.9651,0.24895737,1151.0172
0.27,0.35,8.205129,296.26154,0.26297528,1126.9504
0.27,0.35,8.717949,296.54556,0.27669936,1103.2933
0.27,0.35,9.230769,296.81723,0.29013494,1080.0431
0.27,0.35,9.743589,297.07684,0.30328673,1057.1976
0.27,0.35,10.256411,297.3244,0.3161598,1034.7551
0.27,0.35,10.769231,297.56018,0.32875925,1012.7123
0.27,0.35,11.282051,297.78427,0.3410898,991.06616
0.27,0.35,11.794871,297.99686,0.35315633,969.81384
0.27,0.35,12.307693,298.19803,0.3649637,948.9517
0.27,0.35,12.820513,298.38806,0.37651673,928.47626
0.27,0.35,13.333333,298.56693,0.38782012,908.3838
0.27,0.35,13.846154,298.73492,0.39887857,888.6705
0.27,0.35,14.358974,298.89215,0.4096966,869.3322
0.27,0.35,14.871795,299.03876,0.420279,850.3646
0.27,0.35,15.384615,299.17493,0.4306302,831.76385
0.27,0.35,15.897436,299.30078,0.44075468,813.5251
0.27,0.35,16.410257,299.4164,0.4506569,795.644
0.27,0.35,16.923077,299.522,0.46034124,778.1159
0.27,0.35,17.435898,299.6177,0.46981195,760.9361
0.27,0.35,17.948717,299.70364,0.47907335,744.0999
0.27,0.35,18.461538,299.78006,0.48812962,727.60223
0.27,0.35,18.97436,299.84692,0.49698496,711.43866
0.27,0.35,19.487179,299.90448,0.50564325,695.60406
0.27,0.35,20.0,299.95294,0.5141088,680.09344
0.27,0.37,0.0,289.40863,0.0,1560.2765
0.27,0.37,0.51282054,289.9102,0.019017458,1530.1255
0.27,0.37,1.0256411,290.39725,0.03766624,1500.3678
0.27,0.37,1.5384616,290.86996,0.055951245,1471.0079
0.27,0.37,2.0512822,291.32837,0.07387733,1442.0488
0.27,0.37,2.5641026,291.77277,0.09144944,1413.4945
0.27,0.37,3.0769231,292.2032,0.10867269,1385.3472
0.27,0.37,3.5897436,292.61984,0.12555204,1357.6086
0.27,0.37,4.1025643,293.02286,0.14209244,1330.281
0.27,0.37,4.6153846,293.4124,0.15829906,1303.3652
0.27,0.37,5.1282053,293.7885,0.17417695,1276.8623
0.27,0.37,5.6410255,294.15152,0.18973121,1250.7726
0.27,0.37,6.1538463,294.5015,0.20496687,1225.0955
0.27,0.37,6.6666665,294.83853,0.21988915,1199.8318
0.27,0.37,7.179487,295.1628,0.23450288,1174.9801
0.27,0.37,7.6923075,295.47452,0.24881338,1150.5393
0.27,0.37,8.205129,295.7738,0.2628256,1126.5082
0.27,0.37,8.717949,296.0608,0.27654448,1102.8853
0.27,0.37,9.230769,296.3356,0.28997514,1079.6682
0.27,0.37,9.743589,296.59845,0.3031226,1056.8552
0.27,0.37,10.256411,296.8494,0.31599173,1034.4436
0.27,0.37,10.769231,297.0887,0.3285874,1012.4303
0.27,0.37,11.282051,297.31647,0.3409147,990.8128
0.27,0.37,11.794871,297.5328,0.3529783,969.5879
0.27,0.37,12.307693,297.73785,0.36478305,948.7522
0.27,0.37,12.820513,297.93185,0.37633377,928.3018
0.27,0.37,13.333333,298.11487,0.38763514,908.2335
0.27,0.37,13.846154,298.28702,0.3986919,888.5432
0.27,0.37,14.358974,298.4486,0.4095085,869.2268
0.27,0.37,14.871795,298.59958,0.42008972,850.2803
0.27,0.37,15.384615,298.7402,0.43044,831.69916
0.27,0.37,15.897436,298.87054,0.44056386,813.47925
0.27,0.37,16.410257,298.9908,0.45046562,795.61584
0.27,0.37,16.923077,299.10117,0.4601496,778.10474
0.27,0.37,17.435898,299.20163,0.46962035,760.94086
0.27,0.37,17.948717,299.29245,0.47888184,744.11975
0.27,0.37,18.461538,299.37372,0.48793852,727.6363
0.27,0.37,18.97436,299.44562,0.49679428,711.4861
0.27,0.37,19.487179,299.50827,0.5054533,695.66394
0.27,0.37,20.0,299.56168,0.5139197,680.165
0.27,0.39,0.0,288.84607,0.0,1559.067
0.27,0.39,0.51282054,289.34756,0.019002907,1528.9637
0.27,0.39,1.0256411,289.83475,0.03763766,1499.2544
0.27,0.39,1.5384616,290.3079,0.05590921,1469.9432
0.27,0.39,2.0512822,290.76697,0.07382251,1441.0331
0.27,0.39,2.5641026,291.2122,0.09138242,1412.527
0.27,0.39,3.0769231,291.64368,0.108594045,1384.4272
0.27,0.39,3.5897436,292.06168,0.12546234,1356.7365
0.27,0.39,4.1025643,292.46616,0.14199236,1329.4556
0.27,0.39,4.6153846,292.85742,0.15818912,1302.5858
0.27,0.39,5.1282053,293.23544,0.17405766,1276.1278
0.27,0.39,5.6410255,293.60052,0.18960312,1250.0823
0.27,0.39,6.1538463,293.95276,0.2048306,1224.4492
0.27,0.39,6.6666665,294.2923,0.21974516,1199.2274
0.27,0.39,7.179487,294.61926,0.23435178,1174.4169
0.27,0.39,7.6923075,294.93375,0.2486555,1150.0162
0.27,0.39,8.205129,295.23596,0.26266152,1126.0239
0.27,0.39,8.717949,295.52606,0.2763747,1102.4386
0.27,0.39,9.230769,295.80417,0.28980017,1079.2579
0.27,0.39,9.743589,296.07037,0.30294272,1056.4801
0.27,0.39,10.256411,296.32492,0.3158074,1034.1024
0.27,0.39,10.769231,296.56793,0.32839924,1012.12177
0.27,0.39,11.282051,296.79944,0.3407228,990.53577
0.27,0.39,11.794871,297.01974,0.35278317,969.3407
0.27,0.39,12.307693,297.22885,0.36458507,948.5339
0.27,0.39,12.820513,297.427,0.3761333,928.11127
0.27,0.39,13.333333,297.61435,0.38743258,908.06915
0.27,0.39,13.846154,297.7909,0.3984873,888.40405
0.27,0.39,14.358974,297.9569,0.40930238,869.11176
0.27,0.39,14.871795,298.11252,0.41988236,850.1879
0.27,0.39,15.384615,298.25772,0.4302316,831.62866
0.27,0.39,15.897436,298.39297,0.4403547,813.42914
0.27,0.39,16.410257,298.51813,0.45025593,795.58545
0.27,0.39,16.923077,298.63333,0.45993975,778.09265
0.27,0.39,17.435898,298.7388,0.46941042,760.94617
0.27,0.39,17.948717,298.83472,0.4786722,744.1414
0.27,0.39,18.461538,298.92114,0.48772916,727.6737
0.27,0.39,18.97436,298.9983,0.49658555,711.53796
0.27,0.39,19.487179,299.0662,0.50524527,695.7296
0.27,0.39,20.0,299.125,0.51371247,680.2435
0.29,0.01,0.0,289.11063,0.0,1560.6094
0.29,0.01,0.51282054,289.62857,0.019022569,1530.6161
0.29,0.01,1.0256411,290.1292,0.037678182,1500.9916
0.29,0.01,1.5384616,290.6128,0.055971533,1471.7418
0.29,0.01,2.0512822,291.07953,0.07390721,1442.8729
0.29,0.01,2.5641026,291.52966,0.091490015,1414.3899
0.29,0.01,3.0769231,291.96344,0.10872459,1386.298
0.29,0.01,3.5897436,292.38107,0.12561592,1358.6001
0.29,0.01,4.1025643,292.78278,0.1421687,1331.3005
0.29,0.01,4.6153846,293.1689,0.15838799,1304.4015
0.29,0.01,5.1282053,293.53958,0.1742787,1277.9054
0.29,0.01,5.6410255,293.89502,0.18984586,1251.814
0.29,0.01,6.1538463,294.2356,0.20509425,1226.1279
0.29,0.01,6.6666665,294.5613,0.22002913,1200.8484
0.29,0.01,7.179487,294.87253,0.23465532,1175.9753
0.29,0.01,7.6923075,295.1695,0.24897781,1151.5087
0.29,0.01,8.205129,295.4523,0.2630018,1127.4478
0.29,0.01,8.717949,295.72128,0.2767321,1103.7917
0.29,0.01,9.230769,295.9766,0.29017368,1080.539
0.29,0.01,9.743589,296.21848,0.30333158,1057.6881
0.29,0.01,10.256411,296.4471,0.31621066,1035.2367
0.29,0.01,10.769231,296.66275,0.328816,1013.1826
0.29,0.01,11.282051,296.86557,0.34115213,991.52356
0.29,0.01,11.794871,297.05576,0.3532243,970.2563
0.29,0.01,12.307693,297.23352,0.36503702,949.3777
0.29,0.01,12.820513,297.3991,0.3765952,928.8846
0.29,0.01,13.333333,297.55267,0.38790345,908.7736
0.29,0.01,13.846154,297.6944,0.3989666,889.0406
0.29,0.01,14.358974,297.82446,0.4097891,869.68225
0.29,0.01,14.871795,297.9431,0.42037565,850.69434
0.29,0.01,15.384615,298.05054,0.43073076,832.0726
0.29,0.01,15.897436,298.14688,0.44085893,813.81256
0.29,0.01,16.410257,298.23227,0.45076454,795.91
0.29,0.01,16.923077,298.30704,0.46045196,778.36053
0.29,0.01,17.435898,298.3713,0.46992564,761.1591
0.29,0.01,17.948717,298.4252,0.47918957,744.30145
0.29,0.01,18.461538,298.46893,0.4882483,727.7825
0.29,0.01,18.97436,298.5027,0.49710563,711.5977
0.29,0.01,19.487179,298.52658,0.5057658,695.7422
0.29,0.01,20.0,298.54086,0.51423293,680.21063
0.29,0.03,0.0,289.69437,0.0,1561.7064
0.29,0.03,0.51282054,290.2097,0.01903566,1531.6455
0.29,0.03,1.0256411,290.70776,0.03770353,1501.9563
0.29,0.03,1.5384616,291.18887,0.056008406,1472.6445
0.29,0.03,2.0512822,291.65326,0.07395483,1443.7168
0.29,0.03,2.5641026,292.10114,0.091547646,1415.1774
0.29,0.03,3.0769231,292.53262,0.108791605,1387.0317
0.29,0.03,3.5897436,292.94815,0.12569161,1359.2826
0.29,0.03,4.1025643,293.3478,0.14225256,1331.934
0.29,0.03,4.6153846,293.73193,0.1584793,1304.9883
0.29,0.03,5.1282053,294.10068,0.17437696,1278.4479
0.29,0.03,5.6410255,294.45425,0.18995053,1252.3137
0.29,0.03,6.1538463,294.79294,0.20520481,1226.5878
0.29,0.03,6.6666665,295.11694,0.22014512,1201.2695
0.29,0.03,7.179487,295.42642,0.23477626,1176.3604
0.29,0.03,7.6923075,295.72177,0.24910331,1151.8591
0.29,0.03,8.205129,296.00302,0.26313138,1127.765
0.29,0.03,8.717949,296.27042,0.27686533,1104.0781
0.29,0.03,9.230769,296.5242,0.29031026,1080.7958
0.29,0.03,9.743589,296.76465,0.3034712,1057.9169
0.29,0.03,10.256411,296.9919,0.31635293,1035.4388
0.29,0.03,10.769231,297.20615,0.3289606,1013.35986
0.29,0.03,11.282051,297.40768,0.34129882,991.677
0.29,0.03,11.794871,297.5966,0.35337263,970.38727
0.29,0.03,12.307693,297.77313,0.36518687,949.48785
0.29,0.03,12.820513,297.9375,0.37674636,928.9749
0.29,0.03,13.333333,298.08987,0.38805556,908.8452
0.29,0.03,13.846154,298.23047,0.39911947,889.09503
0.29,0.03,14.358974,298.35944,0.4099425,869.7203
0.29,0.03,14.871795,298.47702,0.42052943,850.71686
0.29,0.03,15.384615,298.58337,0.43088472,832.08075
0.29,0.03,15.897436,298.67868,0.4410129,813.8073
0.29,0.03,16.410257,298.76318,0.45091832,795.8923
0.29,0.03,16.923077,298.837,0.46060556,778.331
0.29,0.03,17.435898,298.90027,0.47007877,761.1189
0.29,0.03,17.948717,298.95325,0.47934222,744.2512
0.29,0.03,18.461538,298.9961,0.48840016,727.723
0.29,0.03,18.97436,299.02896,0.49725676,711.52966
0.29,0.03,19.487179,299.05206,0.50591606,695.66614
0.29,0.03,20.0,299.0655,0.5143822,680.1273
0.29,0.05,0.0,290.2009,0.0,1562.6536
0.29,0.05,0.51282054,290.71387,0.019046977,1532.5331
0.29,0.05,1.0256411,291.2097,0.03772538,1502.7869
0.29,0.05,1.5384616,291.68863,0.056040168,1473.4209
0.29,0.05,2.0512822,292.15088,0.07399587,1444.4412
0.29,0.05,2.5641026,292.5967,0.091597244,1415.8524
0.29,0.05,3.0769231,293.0263,0.10884918,1387.6598
0.29,0.05,3.5897436,293.43997,0.12575665,1359.8662
0.29,0.05,4.1025643,293.8379,0.14232448,1332.4749
0.29,0.05,4.6153846,294.2203,0.15855768,1305.4885
0.29,0.05,5.1282053,294.58743,0.17446125,1278.9094
0.29,0.05,5.6410255,294.93948,0.19004023,1252.7388
0.29,0.05,6.1538463,295.27664,0.20529957,1226.9779
0.29,0.05,6.6666665,295.5992,0.22024442,1201.6267
0.29,0.05,7.179487,295.90744,0.23487973,1176.6859
0.29,0.05,7.6923075,296.2014,0.24921063,1152.1547
0.29,0.05,8.205129,296.48138,0.26324221,1128.0326
0.29,0.05,8.717949,296.74765,0.27697927,1104.3187
0.29,0.05,9.230769,297.00037,0.29042706,1081.0111
0.29,0.05,9.743589,297.2397,0.30359042,1058.1082
0.29,0.05,10.256411,297.4659,0.31647447,1035.6078
0.29,0.05,10.769231,297.6792,0.329084,1013.50714
0.29,0.05,11.282051,297.87973,0.34142393,991.80414
0.29,0.05,11.794871,298.06778,0.35349926,970.49554
0.29,0.05,12.307693,298.2435,0.36531466,949.57794
0.29,0.05,12.820513,298.407,0.376875,929.04834
0.29,0.05,13.333333,298.55865,0.38818514,908.9029
0.29,0.05,13.846154,298.6985,0.39924967,889.1378
0.29,0.05,14.358974,298.82678,0.41007316,869.7492
0.29,0.05,14.871795,298.94373,0.42066038,850.7328
0.29,0.05,15.384615,299.04944,0.4310158,832.08435
0.29,0.05,15.897436,299.14413,0.4411439,813.7996
0.29,0.05,16.410257,299.228,0.45104927,795.87415
0.29,0.05,16.923077,299.30124,0.46073616,778.3031
0.29,0.05,17.435898,299.36407,0.47020894,761.0819
0.29,0.05,17.948717,299.4165,0.4794718,744.2058
0.29,0.05,18.461538,299.45892,0.48852926,727.66986
0.29,0.05,18.97436,299.49133,0.49738517,711.46936
0.29,0.05,19.487179,299.514,0.5060437,695.59924
0.29,0.05,20.0,299.52704,0.51450896,680.05457
0.29,0.07,0.0,290.63208,0.0,1563.4539
0.29,0.07,0.51282054,291.14294,0.019056417,1533.2815
0.29,0.07,1.0256411,291.63672,0.037743844,1503.4858
0.29,0.07,1.5384616,292.1137,0.05606687,1474.073
0.29,0.07,2.0512822,292.57416,0.07403035,1445.0485
0.29,0.07,2.5641026,293.01828,0.091638915,1416.4176
0.29,0.07,3.0769231,293.4462,0.10889753,1388.1843
0.29,0.07,3.5897436,293.85837,0.12581125,1360.3522
0.29,0.07,4.1025643,294.25482,0.14238483,1332.9246
0.29,0.07,4.6153846,294.63577,0.1586234,1305.9037
0.29,0.07,5.1282053,295.00162,0.17453185,1279.2917
0.29,0.07,5.6410255,295.35242,0.19011533,1253.0902
0.29,0.07,6.1538463,295.68845,0.20537885,1227.2994
0.29,0.07,6.6666665,296.00998,0.22032745,1201.9207
0.29,0.07,7.179487,296.31714,0.23496626,1176.9531
0.29,0.07,7.6923075,296.61017,0.24930024,1152.3972
0.29,0.07,8.205129,296.8893,0.2633347,1128.2513
0.29,0.07,8.717949,297.15472,0.2770743,1104.5149
0.29,0.07,9.230769,297.40665,0.29052436,1081.1862
0.29,0.07,9.743589,297.6453,0.30368978,1058.2631
0.29,0.07,10.256411,297.8708,0.31657553,1035.7438
0.29,0.07,10.769231,298.0835,0.3291867,1013.6254
0.29,0.07,11.282051,298.2835,0.34152803,991.9056
0.29,0.07,11.794871,298.47098,0.35360444,970.58124
0.29,0.07,12.307693,298.64618,0.36542085,949.649
0.29,0.07,12.820513,298.80936,0.37698203,929.10535
0.29,0.07,13.333333,298.96054,0.3882927,908.9467
0.29,0.07,13.846154,299.10007,0.39935765,889.16925
0.29,0.07,14.358974,299.22806,0.4101815,869.7694
0.29,0.07,14.871795,299.3447,0.42076892,850.7423
0.29,0.07,15.384615,299.4502,0.4311244,832.084
0.29,0.07,15.897436,299.5447,0.44125244,813.79004
0.29,0.07,16.410257,299.62842,0.45115763,795.8559
0.29,0.07,16.923077,299.70154,0.46084422,778.27673
0.29,0.07,17.435898,299.7642,0.4703166,761.04834
0.29,0.07,17.948717,299.81662,0.4795791,744.1654
0.29,0.07,18.461538,299.85892,0.4886359,727.6232
0.29,0.07,18.97436,299.89133,0.49749124,711.4169
0.29,0.07,19.487179,299.91394,0.5061491,695.54156
0.29,0.07,20.0,299.927,0.51461357,679.992
0.29,0.09,0.0,290.98975,0.0,1564.1096
0.29,0.09,0.51282054,291.49863,0.01906424,1533.8931
0.29,0.09,1.0256411,291.99063,0.037758917,1504.0552
0.29,0.09,1.5384616,292.4659,0.056088775,1474.6024
0.29,0.09,2.0512822,292.92484,0.074058406,1445.5405
0.29,0.09,2.5641026,293.3675,0.091672815,1416.8738
0.29,0.09,3.0769231,293.79413,0.108936906,1388.607
0.29,0.09,3.5897436,294.20496,0.12585562,1360.7428
0.29,0.09,4.1025643,294.6002,0.14243385,1333.285
0.29,0.09,4.6153846,294.98013,0.1586766,1306.2356
0.29,0.09,5.1282053,295.3449,0.17458901,1279.5966
0.29,0.09,5.6410255,295.6949,0.1901761,1253.3694
0.29,0.09,6.1538463,296.03003,0.20544289,1227.5546
0.29,0.09,6.6666665,296.35083,0.22039446,1202.1526
0.29,0.09,7.179487,296.6573,0.23503605,1177.1637
0.29,0.09,7.6923075,296.9497,0.24937251,1152.5873
0.29,0.09,8.205129,297.22824,0.2634091,1128.4221
0.29,0.09,8.717949,297.49316,0.27715072,1104.6675
0.29,0.09,9.230769,297.7447,0.2906026,1081.3215
0.29,0.09,9.743589,297.98294,0.30376953,1058.3826
0.29,0.09,10.256411,298.20825,0.31665674,1035.8478
0.29,0.09,10.769231,298.42065,0.329269,1013.71533
0.29,0.09,11.282051,298.62042,0.34161133,991.9819
0.29,0.09,11.794871,298.8078,0.35368863,970.64496
0.29,0.09,12.307693,298.98285,0.36550575,949.70087
0.29,0.09,12.820513,299.14597,0.37706748,929.14606
0.29,0.09,13.333333,299.29718,0.38837868,908.97736
0.29,0.09,13.846154,299.43677,0.39944392,889.1902
0.29,0.09,14.358974,299.56476,0.41026792,869.7812
0.29,0.09,14.871795,299.68152,0.42085546,850.7457
0.29,0.09,15.384615,299.78723,0.43121094,832.0796
0.29,0.09,15.897436,299.88187,0.44133884,813.7784
0.29,0.09,16.410257,299.9658,0.45124385,795.8374
0.29,0.09,16.923077,300.03918,0.46093023,778.2523
0.29,0.09,17.435898,300.1021,0.47040227,761.018
0.29,0.09,17.948717,300.15482,0.47966427,744.12994
0.29,0.09,18.461538,300.19745,0.48872066,727.5828
0.29,0.09,18.97436,300.23026,0.49757543,711.37213
0.29,0.09,19.487179,300.25323,0.50623274,695.4928
0.29,0.09,20.0,300.2667,0.5146966,679.9396
0.29,0.11,0.0,291.2755,0.0,1564.6244
0.29,0.11,0.51282054,291.78278,0.019070394,1534.3701
0.29,0.11,1.0256411,292.2732,0.037770703,1504.4979
0.29,0.11,1.5384616,292.74707,0.056105725,1475.0125
0.29,0.11,2.0512822,293.20465,0.07408031,1445.9198
0.29,0.11,2.5641026,293.64606,0.09169926,1417.224
0.29,0.11,3.0769231,294.0716,0.108967416,1388.9297
0.29,0.11,3.5897436,294.4814,0.12588996,1361.04
0.29,0.11,4.1025643,294.87582,0.14247166,1333.558
0.29,0.11,4.6153846,295.25497,0.15871765,1306.4857
0.29,0.11,5.1282053,295.61905,0.17463298,1279.8251
0.29,0.11,5.6410255,295.96835,0.19022271,1253.5776
0.29,0.11,6.1538463,296.30298,0.20549192,1227.7438
0.29,0.11,6.6666665,296.6233,0.22044584,1202.3239
0.29,0.11,7.179487,296.92938,0.23508935,1177.3182
0.29,0.11,7.6923075,297.2215,0.24942765,1152.7257
0.29,0.11,8.205129,297.49985,0.26346585,1128.5459
0.29,0.11,8.717949,297.76468,0.27720892,1104.7771
0.29,0.11,9.230769,298.01602,0.29066205,1081.4181
0.29,0.11,9.743589,298.2543,0.30383012,1058.4667
0.29,0.11,10.256411,298.47958,0.31671822,1035.9205
0.29,0.11,10.769231,298.6921,0.32933137,1013.777
0.29,0.11,11.282051,298.89203,0.34167436,992.0337
0.29,0.11,11.794871,299.0796,0.35375226,970.6872
0.29,0.11,12.307693,299.25504,0.36556983,949.7343
0.29,0.11,12.820513,299.41837,0.37713194,929.1712
0.29,0.11,13.333333,299.56998,0.38844335,908.9946
0.29,0.11,13.846154,299.7099,0.39950877,889.2005
0.29,0.11,14.358974,299.83844,0.4103329,869.7847
0.29,0.11,14.871795,299.95566,0.42092037,850.7431
0.29,0.11,15.384615,300.06183,0.43127578,832.0713
0.29,0.11,15.897436,300.15704,0.44140363,813.7648
0.29,0.11,16.410257,300.24158,0.45130843,795.8189
0.29,0.11,16.923077,300.3156,0.46099448,778.2294
0.29,0.11,17.435898,300.3792,0.47046626,760.9909
0.29,0.11,17.948717,300.4326,0.47972798,744.09906
0.29,0.11,18.461538,300.47598,0.48878393,727.54865
0.29,0.11,18.97436,300.5095,0.49763834,711.33484
0.29,0.11,19.487179,300.53326,0.5062951,695.45276
0.29,0.11,20.0,300.54752,0.5147584,679.89716
0.29,0.13,0.0,291.4912,0.0,1564.9996
0.29,0.13,0.51282054,291.997,0.019074775,1534.7166
0.29,0.13,1.0256411,292.48608,0.037779205,1504.8162
0.29,0.13,1.5384616,292.95877,0.05611798,1475.3048
0.29,0.13,2.0512822,293.41516,0.07409601,1446.188
0.29,0.13,2.5641026,293.85565,0.091718085,1417.4698
0.29,0.13,3.0769231,294.28036,0.10898922,1389.1543
0.29,0.13,3.5897436,294.68945,0.1259143,1361.2451
0.29,0.13,4.1025643,295.08325,0.14249846,1333.7444
0.29,0.13,4.6153846,295.46182,0.15874669,1306.6553
0.29,0.13,5.1282053,295.82547,0.17466402,1279.979
0.29,0.13,5.6410255,296.17447,0.19025552,1253.7163
0.29,0.13,6.1538463,296.50894,0.20552638,1227.8684
0.29,0.13,6.6666665,296.82904,0.22048172,1202.4355
0.29,0.13,7.179487,297.13504,0.23512658,1177.4176
0.29,0.13,7.6923075,297.4272,0.24946597,1152.814
0.29,0.13,8.205129,297.7057,0.26350522,1128.6234
0.29,0.13,8.717949,297.9706,0.27724913,1104.8448
0.29,0.13,9.230769,298.22223,0.29070306,1081.4764
0.29,0.13,9.743589,298.4608,0.3038718,1058.5162
0.29,0.13,10.256411,298.6865,0.31676054,1035.9622
0.29,0.13,10.769231,298.89948,0.32937413,1013.8114
0.29,0.13,11.282051,299.09988,0.34171748,992.06116
0.29,0.13,11.794871,299.288,0.3537957,970.70807
0.29,0.13,12.307693,299.46405,0.3656135,949.7493
0.29,0.13,12.820513,299.62802,0.3771757,929.1808
0.29,0.13,13.333333,299.78033,0.38848722,908.99896
0.29,0.13,13.846154,299.921,0.3995527,889.2001
0.29,0.13,14.358974,300.0503,0.41037676,869.78015
0.29,0.13,14.871795,300.16843,0.42096418,850.73444
0.29,0.13,15.384615,300.27542,0.43131942,832.0591
0.29,0.13,15.897436,300.37164,0.44144714,813.74915
0.29,0.13,16.410257,300.45715,0.4513517,795.8005
0.29,0.13,16.923077,300.53214,0.4610375,778.20807
0.29,0.13,17.435898,300.5968,0.47050905,760.96716
0.29,0.13,17.948717,300.65125,0.47977045,744.0731
0.29,0.13,18.461538,300.69574,0.48882607,727.5207
0.29,0.13,18.97436,300.73032,0.49767995,711.3052
0.29,0.13,19.487179,300.7553,0.50633645,695.42145
0.29,0.13,20.0,300.77072,0.5147994,679.86444
0.29,0.15,0.0,291.63846,0.0,1565.2389
0.29,0.15,0.51282054,292.1429,0.019077592,1534.933
0.29,0.15,1.0256411,292.6309,0.037784524,1505.0121
0.29,0.15,1.5384616,293.10257,0.05612565,1475.4817
0.29,0.15,2.0512822,293.55823,0.07410571,1446.3473
0.29,0.15,2.5641026,293.99796,0.09172966,1417.6132
0.29,0.15,3.0769231,294.42197,0.10900246,1389.2827
0.29,0.15,3.5897436,294.83066,0.12592906,1361.3599
0.29,0.15,4.1025643,295.224,0.14251453,1333.8467
0.29,0.15,4.6153846,295.60233,0.15876396,1306.746
0.29,0.15,5.1282053,295.96588,0.17468232,1280.0587
0.29,0.15,5.6410255,296.31476,0.19027478,1253.7865
0.29,0.15,6.1538463,296.6493,0.20554641,1227.9297
0.29,0.15,6.6666665,296.9695,0.22050244,1202.4886
0.29,0.15,7.179487,297.2758,0.23514786,1177.463
0.29,0.15,7.6923075,297.56827,0.24948779,1152.8523
0.29,0.15,8.205129,297.8471,0.26352745,1128.6555
0.29,0.15,8.717949,298.11252,0.2772718,1104.871
0.29,0.15,9.230769,298.36472,0.29072595,1081.4974
0.29,0.15,9.743589,298.60388,0.30389494,1058.5323
0.29,0.15,10.256411,298.83023,0.31678385,1035.9736
0.29,0.15,10.769231,299.04398,0.3293975,1013.8188
0.29,0.15,11.282051,299.24527,0.34174103,992.0647
0.29,0.15,11.794871,299.43427,0.35381916,970.7082
0.29,0.15,12.307693,299.61118,0.36563697,949.7463
0.29,0.15,12.820513,299.77625,0.3771992,929.17505
0.29,0.15,13.333333,299.92953,0.38851058,908.9908
0.29,0.15,13.846154,300.07138,0.39957595,889.18976
0.29,0.15,14.358974,300.20184,0.41039985,869.7675
0.29,0.15,14.871795,300.32114,0.42098713,850.7202
0.29,0.15,15.384615,300.42938,0.4313422,832.04297
0.29,0.15,15.897436,300.52692,0.44146967,813.73175
0.29,0.15,16.410257,300.61374,0.45137396,795.7818
0.29,0.15,16.923077,300.69012,0.46105966,778.18835
0.29,0.15,17.435898,300.75613,0.47053084,760.9466
0.29,0.15,17.948717,300.812,0.47979206,744.0517
0.29,0.15,18.461538,300.8579,0.48884735,727.4988
0.29,0.15,18.97436,300.89407,0.4977011,711.2827
0.29,0.15,19.487179,300.9206,0.50635725,695.3986
0.29,0.15,20.0,300.93753,0.51481986,679.84143
0.29,0.17,0.0,291.71884,0.0,1565.3442
0.29,0.17,0.51282054,292.22223,0.019078791,1535.0228
0.29,0.17,1.0256411,292.7093,0.037786767,1505.0879
0.29,0.17,1.5384616,293.18024,0.056128725,1475.545
0.29,0.17,2.0512822,293.6352,0.07410952,1446.3999
0.29,0.17,2.5641026,294.0744,0.091734044,1417.6554
0.29,0.17,3.0769231,294.4981,0.10900726,1389.3164
0.29,0.17,3.5897436,294.90646,0.12593433,1361.3856
0.29,0.17,4.1025643,295.29968,0.14252001,1333.8657
0.29,0.17,4.6153846,295.67804,0.15876964,1306.7588
0.29,0.17,5.1282053,296.04166,0.17468806,1280.0663
0.29,0.17,5.6410255,296.3908,0.19028062,1253.7892
0.29,0.17,6.1538463,296.72552,0.20555231,1227.9285
0.29,0.17,6.6666665,297.04626,0.22050828,1202.4839
0.29,0.17,7.179487,297.353,0.2351536,1177.4551
0.29,0.17,7.6923075,297.64606,0.24949342,1152.8418
0.29,0.17,8.205129,297.92557,0.26353297,1128.6425
0.29,0.17,8.717949,298.19177,0.27727714,1104.8562
0.29,0.17,9.230769,298.44485,0.2907311,1081.481
0.29,0.17,9.743589,298.68497,0.30389985,1058.5148
0.29,0.17,10.256411,298.91232,0.3167885,1035.9552
0.29,0.17,10.769231,299.12714,0.329402,1013.79926
0.29,0.17,11.282051,299.32956,0.3417452,992.0445
0.29,0.17,11.794871,299.5197,0.35382313,970.6878
0.29,0.17,12.307693,299.69797,0.36564067,949.7255
0.29,0.17,12.820513,299.86432,0.3772026,929.1542
0.29,0.17,13.333333,300.01904,0.38851377,908.9699
0.29,0.17,13.846154,300.16226,0.39957887,889.16876
0.29,0.17,14.358974,300.29428,0.41040257,869.74695
0.29,0.17,14.871795,300.4151,0.42098954,850.6998
0.29,0.17,15.384615,300.52496,0.43134436,832.0232
0.29,0.17,15.897436,300.62408,0.44147164,813.71246
0.29,0.17,16.410257,300.7126,0.4513757,795.763
0.29,0.17,16.923077,300.79062,0.46106106,778.1702
0.29,0.17,17.435898,300.85843,0.4705321,760.9291
0.29,0.17,17.948717,300.91614,0.47979307,744.0349
0.29,0.17,18.461538,300.96393,0.48884818,727.4827
0.29,0.17,18.97436,301.00183,0.49770176,711.26746
0.29,0.17,19.487179,301.0302,0.50635767,695.38434
0.29,0.17,20.0,301.04913,0.51482016,679.82794
0.29,0.19,0.0,291.73407,0.0,1565.3184
0.29,0.19,0.51282054,292.2365,0.019078426,1534.9882
0.29,0.19,1.0256411,292.72284,0.037785932,1505.0463
0.29,0.19,1.5384616,293.19315,0.056127317,1475.4974
0.29,0.19,2.0512822,293.64767,0.07410748,1446.3469
0.29,0.19,2.5641026,294.0866,0.09173133,1417.599
0.29,0.19,3.0769231,294.51013,0.10900387,1389.257
0.29,0.19,3.5897436,294.91846,0.1259301,1361.3241
0.29,0.19,4.1025643,295.3118,0.1425151,1333.8027
0.29,0.19,4.6153846,295.6904,0.15876392,1306.695
0.29,0.19,5.1282053,296.05435,0.17468159,1280.0023
0.29,0.19,5.6410255,296.4039,0.19027331,1253.7255
0.29,0.19,6.1538463,296.73926,0.20554423,1227.8655
0.29,0.19,6.6666665,297.06058,0.2204994,1202.4219
0.29,0.19,7.179487,297.36813,0.235144,1177.3947
0.29,0.19,7.6923075,297.66208,0.24948314,1152.7828
0.29,0.19,8.205129,297.94254,0.26352203,1128.5854
0.29,0.19,8.717949,298.20978,0.27726546,1104.8011
0.29,0.19,9.230769,298.46402,0.29071873,1081.428
0.29,0.19,9.743589,298.70535,0.30388686,1058.464
0.29,0.19,10.256411,298.93402,0.31677487,1035.9067
0.29,0.19,10.769231,299.15018,0.3293878,1013.7532
0.29,0.19,11.282051,299.35403,0.34173048,992.0011
0.29,0.19,11.794871,299.54578,0.35380787,970.64685
0.29,0.19,12.307693,299.7255,0.3656249,949.6871
0.29,0.19,12.820513,299.89355,0.3771864,929.11816
0.29,0.19,13.333333,300.05,0.38849714,908.93634
0.29,0.19,13.846154,300.19498,0.39956176,889.138
0.29,0.19,14.358974,300.32877,0.41038516,869.7184
0.29,0.19,14.871795,300.4515,0.4209718,850.6738
0.29,0.19,15.384615,300.56332,0.43132627,831.9995
0.29,0.19,15.897436,300.66434,0.44145328,813.6911
0.29,0.19,16.410257,300.75488,0.45135713,795.74396
0.29,0.19,16.923077,300.83496,0.46104223,778.15344
0.29,0.19,17.435898,300.90485,0.4705131,760.9145
0.29,0.19,17.948717,300.96472,0.47977388,744.0226
0.29,0.19,18.461538,301.01465,0.48882893,727.4725
0.29,0.19,18.97436,301.0548,0.49768233,711.2592
0.29,0.19,19.487179,301.0854,0.50633824,695.378
0.29,0.19,20.0,301.10654,0.51480067,679.82355
0.29,0.21,0.0,291.68564,0.0,1565.164
0.29,0.21,0.51282054,292.18738,0.019076549,1534.8317
0.29,0.21,1.0256411,292.67307,0.03778202,1504.8892
0.29,0.21,1.5384616,293.14297,0.05612158,1475.3401
0.29,0.21,2.0512822,293.59717,0.074099764,1446.1908
0.29,0.21,2.5641026,294.036,0.091721684,1417.4451
0.29,0.21,3.0769231,294.45953,0.1089924,1389.1057
0.29,0.21,3.5897436,294.8681,0.12591681,1361.1763
0.29,0.21,4.1025643,295.26175,0.14249998,1333.6592
0.29,0.21,4.6153846,295.64072,0.15874702,1306.5559
0.29,0.21,5.1282053,296.00528,0.17466307,1279.8682
0.29,0.21,5.6410255,296.35553,0.19025317,1253.5963
0.29,0.21,6.1538463,296.69165,0.20552254,1227.7417
0.29,0.21,6.6666665,297.01395,0.2204762,1202.3037
0.29,0.21,7.179487,297.32248,0.23511939,1177.2821
0.29,0.21,7.6923075,297.61758,0.24945712,1152.6763
0.29,0.21,8.205129,297.89926,0.26349464,1128.4846
0.29,0.21,8.717949,298.16785,0.27723697,1104.706
0.29,0.21,9.230769,298.42343,0.2906891,1081.3387
0.29,0.21,9.743589,298.6663,0.3038562,1058.3805
0.29,0.21,10.256411,298.8965,0.31674317,1035.8287
0.29,0.21,10.769231,299.11438,0.3293552,1013.6811
0.29,0.21,11.282051,299.31995,0.341697,991.9344
0.29,0.21,11.794871,299.51358,0.35377365,970.5855
0.29,0.21,12.307693,299.6952,0.36558992,949.631
0.29,0.21,12.820513,299.86514,0.3771508,929.0672
0.29,0.21,13.333333,300.0236,0.38846087,908.89044
0.29,0.21,13.846154,300.17072,0.39952505,889.0968
0.29,0.21,14.358974,300.3066,0.4103479,869.68195
0.29,0.21,14.871795,300.4315,0.42093414,850.64185
0.29,0.21,15.384615,300.5455,0.4312883,831.9719
0.29,0.21,15.897436,300.6489,0.441415,813.6677
0.29,0.21,16.410257,300.74176,0.45131862,795.7246
0.29,0.21,16.923077,300.82428,0.46100348,778.138
0.29,0.21,17.435898,300.8966,0.47047415,760.9028
0.29,0.21,17.948717,300.95886,0.47973478,744.01447
0.29,0.21,18.461538,301.01132,0.48878977,727.46765
0.29,0.21,18.97436,301.0541,0.4976431,711.25793
0.29,0.21,19.487179,301.08722,0.50629896,695.3799
0.29,0.21,20.0,301.111,0.51476145,679.8284
0.29,0.23,0.0,291.57504,0.0,1564.8832
0.29,0.23,0.51282054,292.07617,0.019073054,1534.5553
0.29,0.23,1.0256411,292.56143,0.03777524,1504.6177
0.29,0.23,1.5384616,293.03104,0.05611141,1475.0754
0.29,0.23,2.0512822,293.48517,0.074086465,1445.9331
0.29,0.23,2.5641026,293.92404,0.091705255,1417.1954
0.29,0.23,3.0769231,294.34784,0.10897289,1388.8646
0.29,0.23,3.5897436,294.7567,0.12589438,1360.944
0.29,0.23,4.1025643,295.15088,0.14247479,1333.4362
0.29,0.23,4.6153846,295.53052,0.15871915,1306.3423
0.29,0.23,5.1282053,295.89584,0.17463261,1279.6643
0.29,0.23,5.6410255,296.247,0.19022033,1253.4027
0.29,0.23,6.1538463,296.58417,0.20548733,1227.558
0.29,0.23,6.6666665,296.90762,0.22043881,1202.1299
0.29,0.23,7.179487,297.21747,0.23507991,1177.1183
0.29,0.23,7.6923075,297.51385,0.2494157,1152.5222
0.29,0.23,8.205129,297.797,0.2634514,1128.3403
0.29,0.23,8.717949,298.0672,0.2771919,1104.5714
0.29,0.23,9.230769,298.32446,0.29064256,1081.2135
0.29,0.23,9.743589,298.56906,0.30380812,1058.2645
0.29,0.23,10.256411,298.80118,0.31669378,1035.7218
0.29,0.23,10.769231,299.021,0.32930452,1013.5829
0.29,0.23,11.282051,299.2286,0.34164512,991.84454
0.29,0.23,11.794871,299.42422,0.35372075,970.5037
0.29,0.23,12.307693,299.60803,0.3655361,949.5574
0.29,0.23,12.820513,299.78027,0.37709612,929.0012
0.29,0.23,13.333333,299.941,0.38840544,908.83185
0.29,0.23,13.846154,300.0905,0.3994689,889.04553
0.29,0.23,14.358974,300.22882,0.41029114,869.6375
0.29,0.23,14.871795,300.35623,0.4208769,850.6039
0.29,0.23,15.384615,300.47284,0.43123055,831.94037
0.29,0.23,15.897436,300.57883,0.44135696,813.6422
0.29,0.23,16.410257,300.67432,0.4512602,795.7049
0.29,0.23,16.923077,300.75952,0.46094498,778.1237
0.29,0.23,17.435898,300.8346,0.47041547,760.89374
0.29,0.23,17.948717,300.89966,0.47967607,744.01044
0.29,0.23,18.461538,300.95493,0.488731,727.4685
0.29,0.23,18.97436,301.00058,0.4975844,711.26324
0.29,0.23,19.487179,301.03665,0.5062403,695.3895
0.29,0.23,20.0,301.06335,0.5147029,679.8421
0.29,0.25,0.0,291.40387,0.0,1564.4786
0.29,0.25,0.51282054,291.90448,0.019068204,1534.1613
0.29,0.25,1.0256411,292.38947,0.037765592,1504.2349
0.29,0.25,1.5384616,292.85895,0.056097068,1474.7048
0.29,0.25,2.0512822,293.3131,0.07406769,1445.5758
0.29,0.25,2.5641026,293.75217,0.09168215,1416.8513
0.29,0.25,3.0769231,294.1764,0.108945616,1388.5344
0.29,0.25,3.5897436,294.58575,0.12586313,1360.6282
0.29,0.25,4.1025643,294.98062,0.14243974,1333.1349
0.29,0.25,4.6153846,295.36115,0.15868047,1306.0553
0.29,0.25,5.1282053,295.7274,0.17459047,1279.3922
0.29,0.25,5.6410255,296.07965,0.19017489,1253.1451
0.29,0.25,6.1538463,296.4181,0.20543888,1227.3148
0.29,0.25,6.6666665,296.74292,0.22038749,1201.9009
0.29,0.25,7.179487,297.0542,0.23502582,1176.9037
0.29,0.25,7.6923075,297.35223,0.24935907,1152.3213
0.29,0.25,8.205129,297.63712,0.26339236,1128.1533
0.29,0.25,8.717949,297.90906,0.27713072,1104.3975
0.29,0.25,9.230769,298.16824,0.29057923,1081.0526
0.29,0.25,9.743589,298.4149,0.3037429,1058.1162
0.29,0.25,10.256411,298.6491,0.3166268,1035.5857
0.29,0.25,10.769231,298.87112,0.32923588,1013.4585
0.29,0.25,11.282051,299.081,0.34157506,991.7319
0.29,0.25,11.794871,299.27902,0.35364935,970.4021
0.29,0.25,12.307693,299.4653,0.3654636,949.4661
0.29,0.25,12.820513,299.64005,0.37702245,928.9204
0.29,0.25,13.333333,299.8034,0.38833088,908.761
0.29,0.25,13.846154,299.9555,0.39939353,888.9837
0.29,0.25,14.358974,300.0966,0.41021508,869.58484
0.29,0.25,14.871795,300.22675,0.4208002,850.56
0.29,0.25,15.384615,300.34622,0.43115348,831.9046
0.29,0.25,15.897436,300.45508,0.4412794,813.61426
0.29,0.25,16.410257,300.5536,0.45118243,795.68445
0.29,0.25,16.923077,300.64178,0.4608669,778.1104
0.29,0.25,17.435898,300.71994,0.47033733,760.8873
0.29,0.25,17.948717,300.78815,0.4795978,744.0103
0.29,0.25,18.461538,300.8465,0.48865283,727.4745
0.29,0.25,18.97436,300.89532,0.49750626,711.275
0.29,0.25,19.487179,300.93466,0.50616246,695.40674
0.29,0.25,20.0,300.96463,0.5146253,679.8645
0.29,0.27,0.0,291.1735,0.0,1563.9526
0.29,0.27,0.51282054,291.6737,0.019061789,1533.6516
0.29,0.27,1.0256411,292.15848,0.03775297,1503.7427
0.29,0.27,1.5384616,292.628,0.056078605,1474.2308
0.29,0.27,2.0512822,293.08237,0.07404344,1445.12
0.29,0.27,2.5641026,293.5218,0.09165242,1416.415
0.29,0.27,3.0769231,293.9465,0.10891067,1388.1171
0.29,0.27,3.5897436,294.3566,0.12582314,1360.2301
0.29,0.27,4.1025643,294.75232,0.14239499,1332.7562
0.29,0.27,4.6153846,295.1338,0.15863118,1305.6963
0.29,0.27,5.1282053,295.50122,0.17453685,1279.0524
0.29,0.27,5.6410255,295.8548,0.19011727,1252.8242
0.29,0.27,6.1538463,296.19467,0.20537734,1227.0128
0.29,0.27,6.6666665,296.52103,0.22032234,1201.6176
0.29,0.27,7.179487,296.83405,0.23495734,1176.6385
0.29,0.27,7.6923075,297.13382,0.24928746,1152.0739
0.29,0.27,8.205129,297.4207,0.26331782,1127.9233
0.29,0.27,8.717949,297.69467,0.2770534,1104.1844
0.29,0.27,9.230769,297.95602,0.2904994,1080.8563
0.29,0.27,9.743589,298.20496,0.30366078,1057.9357
0.29,0.27,10.256411,298.44156,0.31654257,1035.4207
0.29,0.27,10.769231,298.6659,0.32914972,1013.3083
0.29,0.27,11.282051,298.87836,0.34148717,991.596
0.29,0.27,11.794871,299.07898,0.35355985,970.2801
0.29,0.27,12.307693,299.268,0.3653726,949.35754
0.29,0.27,12.820513,299.4455,0.37693024,928.8246
0.29,0.27,13.333333,299.61172,0.3882375,908.6772
0.29,0.27,13.846154,299.7668,0.3992993,888.9115
0.29,0.27,14.358974,299.9109,0.41012,869.5239
0.29,0.27,14.871795,300.04416,0.42070442,850.50964
0.29,0.27,15.384615,300.16672,0.4310572,831.8644
0.29,0.27,15.897436,300.27887,0.4411826,813.58386
0.29,0.27,16.410257,300.38052,0.4510853,795.6632
0.29,0.27,16.923077,300.4721,0.46076962,778.09784
0.29,0.27,17.435898,300.55356,0.47023994,760.883
0.29,0.27,17.948717,300.62518,0.47950044,744.014
0.29,0.27,18.461538,300.68704,0.4885555,727.4855
0.29,0.27,18.97436,300.73935,0.49740916,711.29297
0.29,0.27,19.487179,300.78217,0.5060656,695.43134
0.29,0.27,20.0,300.81573,0.5145289,679.8954
0.29,0.29,0.0,290.8854,0.0,1563.3075
0.29,0.29,0.51282054,291.3853,0.019053966,1533.029
0.29,0.29,1.0256411,291.86996,0.03773769,1503.1432
0.29,0.29,1.5384616,292.3396,0.056056075,1473.6547
0.29,0.29,2.0512822,292.79428,0.07401392,1444.5681
0.29,0.29,2.5641026,293.2342,0.09161628,1415.8867
0.29,0.29,3.0769231,293.65958,0.10886817,1387.6135
0.29,0.29,3.5897436,294.07053,0.12577464,1359.751
0.29,0.29,4.1025643,294.46722,0.14234069,1332.3013
0.29,0.29,4.6153846,294.84988,0.15857145,1305.2657
0.29,0.29,5.1282053,295.21866,0.17447197,1278.6455
0.29,0.29,5.6410255,295.57367,0.19004753,1252.4412
0.29,0.29,6.1538463,295.91516,0.20530301,1226.6528
0.29,0.29,6.6666665,296.2433,0.22024375,1201.2805
0.29,0.29,7.179487,296.55814,0.23487473,1176.3235
0.29,0.29,7.6923075,296.86002,0.24920109,1151.7809
0.29,0.29,8.205129,297.14896,0.26322794,1127.6509
0.29,0.29,8.717949,297.42517,0.2769603,1103.933
0.29,0.29,9.230769,297.68896,0.2904033,1080.6243
0.29,0.29,9.743589,297.9403,0.30356196,1057.723
0.29,0.29,10.256411,298.17944,0.31644124,1035.2267
0.29,0.29,10.769231,298.40656,0.32904613,1013.13214
0.29,0.29,11.282051,298.62177,0.34138158,991.4371
0.29,0.29,11.794871,298.82523,0.35345238,970.1378
0.29,0.29,12.307693,299.01718,0.36526343,949.2311
0.29,0.29,12.820513,299.1978,0.37681967,928.7131
0.29,0.29,13.333333,299.36713,0.3881257,908.5805
0.29,0.29,13.846154,299.5254,0.3991863,888.829
0.29,0.29,14.358974,299.67276,0.4100061,869.4546
0.29,0.29,14.871795,299.80933,0.42058977,850.4529
0.29,0.29,15.384615,299.93533,0.43094182,831.81995
0.29,0.29,15.897436,300.05093,0.4410668,813.55066
0.29,0.29,16.410257,300.1562,0.45096922,795.6409
0.29,0.29,16.923077,300.25128,0.46065328,778.086
0.29,0.29,17.435898,300.3365,0.47012353,760.88086
0.29,0.29,17.948717,300.41174,0.4793841,744.02106
0.29,0.29,18.461538,300.4774,0.4884393,727.5013
0.29,0.29,18.97436,300.53345,0.49729317,711.3171
0.29,0.29,19.487179,300.58017,0.5059499,695.46313
0.29,0.29,20.0,300.6176,0.5144136,679.9345
0.29,0.31,0.0,290.54092,0.0,1562.5461
0.29,0.31,0.51282054,291.04065,0.019044787,1532.2953
0.29,0.31,1.0256411,291.52536,0.037719645,1502.4377
0.29,0.31,1.5384616,291.99518,0.056029476,1472.9784
0.29,0.31,2.0512822,292.45023,0.073979236,1443.921
0.29,0.31,2.5641026,292.89078,0.091573775,1415.269
0.29,0.31,3.0769231,293.31693,0.108818255,1387.0251
0.29,0.31,3.5897436,293.72882,0.12571764,1359.1921
0.29,0.31,4.1025643,294.12665,0.14227702,1331.7715
0.29,0.31,4.6153846,294.51062,0.15850142,1304.7648
0.29,0.31,5.1282053,294.88086,0.174396,1278.1729
0.29,0.31,5.6410255,295.23755,0.18996586,1251.9965
0.29,0.31,6.1538463,295.58078,0.20521608,1226.2354
0.29,0.31,6.6666665,295.9108,0.2201518,1200.8898
0.29,0.31,7.179487,296.22775,0.23477814,1175.9587
0.29,0.31,7.6923075,296.53183,0.24910012,1151.4419
0.29,0.31,8.205129,296.82306,0.26312304,1127.3365
0.29,0.31,8.717949,297.10175,0.2768517,1103.6425
0.29,0.31,9.230769,297.36804,0.2902913,1080.3572
0.29,0.31,9.743589,297.6221,0.30344674,1057.4783
0.29,0.31,10.256411,297.864,0.31632316,1035.0035
0.29,0.31,10.769231,298.09402,0.3289254,1012.9302
0.29,0.31,11.282051,298.3123,0.34125844,991.25507
0.29,0.31,11.794871,298.51886,0.35332716,969.9751
0.29,0.31,12.307693,298.714,0.36513638,949.08685
0.29,0.31,12.820513,298.89786,0.37669092,928.5866
0.29,0.31,13.333333,299.0706,0.38799548,908.4708
0.29,0.31,13.846154,299.2323,0.39905488,888.73535
0.29,0.31,14.358974,299.38318,0.40987357,869.37646
0.29,0.31,14.871795,299.52335,0.42045635,850.38965
0.29,0.31,15.384615,299.65305,0.43080774,831.7705
0.29,0.31,15.897436,299.77237,0.44093227,813.5145
0.29,0.31,16.410257,299.8814,0.4508342,795.6174
0.29,0.31,16.923077,299.98044,0.4605181,778.0743
0.29,0.31,17.435898,300.0695,0.46998823,760.8805
0.29,0.31,17.948717,300.1488,0.4792489,744.0313
0.29,0.31,18.461538,300.21848,0.48830432,727.52167
0.29,0.31,18.97436,300.27863,0.49715853,711.34686
0.29,0.31,19.487179,300.32944,0.5058157,695.50183
0.29,0.31,20.0,300.37112,0.51427984,679.98157
0.29,0.33,0.0,290.14163,0.0,1561.6702
0.29,0.33,0.51282054,290.64117,0.019034252,1531.4523
0.29,0.33,1.0256411,291.12598,0.037698887,1501.6289
0.29,0.33,1.5384616,291.59604,0.05599902,1472.2035
0.29,0.33,2.0512822,292.0516,0.07393939,1443.1809
0.29,0.33,2.5641026,292.49283,0.091525115,1414.5631
0.29,0.33,3.0769231,292.91983,0.10876104,1386.3535
0.29,0.33,3.5897436,293.33282,0.12565239,1358.5546
0.29,0.33,4.1025643,293.73193,0.1422041,1331.1675
0.29,0.33,4.6153846,294.11734,0.15842131,1304.1938
0.29,0.33,5.1282053,294.48914,0.17430905,1277.6348
0.29,0.33,5.6410255,294.8476,0.1898725,1251.4904
0.29,0.33,6.1538463,295.19272,0.20511666,1225.761
0.29,0.33,6.6666665,295.5248,0.22004676,1200.4459
0.29,0.33,7.179487,295.844,0.23466784,1175.545
0.29,0.33,7.6923075,296.15036,0.24898496,1151.057
0.29,0.33,8.205129,296.44412,0.26300323,1126.9803
0.29,0.33,8.717949,296.72552,0.27672768,1103.3135
0.29,0.33,9.230769,296.9945,0.29016346,1080.0548
0.29,0.33,9.743589,297.25143,0.3033153,1057.2017
0.29,0.33,10.256411,297.4963,0.31618845,1034.7513
0.29,0.33,10.769231,297.72946,0.32878777,1012.70197
0.29,0.33,11.282051,297.9509,0.3411181,991.0498
0.29,0.33,11.794871,298.16083,0.3531844,969.7918
0.29,0.33,12.307693,298.3594,0.36499155,948.9247
0.29,0.33,12.820513,298.54675,0.3765442,928.4445
0.29,0.33,13.333333,298.72302,0.38784713,908.34814
0.29,0.33,13.846154,298.8884,0.3989051,888.631
0.29,0.33,14.358974,299.04312,0.40972263,869.2897
0.29,0.33,14.871795,299.1872,0.42030448,850.31934
0.29,0.33,15.384615,299.32074,0.43065515,831.71594
0.29,0.33,15.897436,299.44406,0.44077903,813.4752
0.29,0.33,16.410257,299.55716,0.45068058,795.5923
0.29,0.33,16.923077,299.66034,0.46036422,778.0627
0.29,0.33,17.435898,299.75357,0.46983433,760.88165
0.29,0.33,17.948717,299.83713,0.47909504,744.04443
0.29,0.33,18.461538,299.9111,0.48815063,727.5463
0.29,0.33,18.97436,299.97568,0.49700528,711.3822
0.29,0.33,19.487179,300.03088,0.505663,695.54724
0.29,0.33,20.0,300.07697,0.5141277,680.03644
0.29,0.35,0.0,289.68872,0.0,1560.6823
0.29,0.35,0.51282054,290.18823,0.019022256,1530.5033
0.29,0.35,1.0256411,290.67307,0.037675522,1500.7186
0.29,0.35,1.5384616,291.14352,0.0559647,1471.3326
0.29,0.35,2.0512822,291.5996,0.07389459,1442.3488
0.29,0.35,2.5641026,292.04163,0.0914703,1413.7703
0.29,0.35,3.0769231,292.46964,0.10869674,1385.6
0.29,0.35,3.5897436,292.8838,0.12557906,1357.8392
0.29,0.35,4.1025643,293.28424,0.14212222,1330.4905
0.29,0.35,4.6153846,293.67114,0.15833133,1303.5544
0.29,0.35,5.1282053,294.04465,0.17421141,1277.0321
0.29,0.35,5.6410255,294.40497,0.18976763,1250.9241
0.29,0.35,6.1538463,294.75223,0.205005,1225.23
0.29,0.35,6.6666665,295.0865,0.21992883,1199.9495
0.29,0.35,7.179487,295.40793,0.23454398,1175.0823
0.29,0.35,7.6923075,295.71692,0.24885562,1150.6271
0.29,0.35,8.205129,296.01337,0.2628688,1126.5823
0.29,0.35,8.717949,296.29752,0.27658856,1102.9463
0.29,0.35,9.230769,296.56946,0.29001993,1079.7173
0.29,0.35,9.743589,296.82938,0.30316788,1056.8927
0.29,0.35,10.256411,297.0775,0.31603736,1034.4706
0.29,0.35,10.769231,297.31387,0.3286334,1012.4477
0.29,0.35,11.282051,297.53873,0.3409608,990.821
0.29,0.35,11.794871,297.75214,0.35302445,969.5877
0.29,0.35,12.307693,297.9543,0.36482915,948.744
0.29,0.35,12.820513,298.14545,0.37637976,928.2866
0.29,0.35,13.333333,298.32553,0.3876809,908.2117
0.29,0.35,13.846154,298.49487,0.3987373,888.51514
0.29,0.35,14.358974,298.65353,0.40955356,869.1934
0.29,0.35,14.871795,298.8016,0.4201343,850.24194
0.29,0.35,15.384615,298.93936,0.43048403,831.6562
0.29,0.35,15.897436,299.06693,0.44060734,813.4322
0.29,0.35,16.410257,299.18436,0.4505086,795.5652
0.29,0.35,16.923077,299.29184,0.4601919,778.05084
0.29,0.35,17.435898,299.3896,0.46966195,760.88403
0.29,0.35,17.948717,299.47763,0.47892284,744.0603
0.29,0.35,18.461538,299.55615,0.48797867,727.5748
0.29,0.35,18.97436,299.62534,0.49683368,711.4226
0.29,0.35,19.487179,299.68533,0.505492,695.599
0.29,0.35,20.0,299.73618,0.51395744,680.09875
0.29,0.37,0.0,289.18372,0.0,1559.5851
0.29,0.37,0.51282054,289.6831,0.019009061,1529.4495
0.29,0.37,1.0256411,290.1681,0.0376496,1499.7089
0.29,0.37,1.5384616,290.63892,0.05592663,1470.3667
0.29,0.37,2.0512822,291.09567,0.07384489,1441.4269
0.29,0.37,2.5641026,291.53848,0.09140949,1412.8922
0.29,0.37,3.0769231,291.9675,0.10862544,1384.7653
0.29,0.37,3.5897436,292.3829,0.1254977,1357.0475
0.29,0.37,4.1025643,292.78473,0.14203143,1329.741
0.29,0.37,4.6153846,293.1733,0.15823153,1302.847
0.29,0.37,5.1282053,293.5487,0.1741031,1276.3658
0.29,0.37,5.6410255,293.91098,0.18965147,1250.2977
0.29,0.37,6.1538463,294.26038,0.2048814,1224.643
0.29,0.37,6.6666665,294.59702,0.21979819,1199.401
0.29,0.37,7.179487,294.921,0.2344068,1174.5709
0.29,0.37,7.6923075,295.23254,0.24871236,1150.152
0.29,0.37,8.205129,295.53174,0.26271993,1126.1427
0.29,0.37,8.717949,295.81882,0.27643448,1102.5406
0.29,0.37,9.230769,296.09387,0.28986108,1079.3444
0.29,0.37,9.743589,296.35703,0.30300462,1056.5519
0.29,0.37,10.256411,296.60846,0.31587017,1034.1604
0.29,0.37,10.769231,296.8483,0.32846248,1012.167
0.29,0.37,11.282051,297.07672,0.3407866,990.569
0.29,0.37,11.794871,297.29388,0.35284734,969.36255
0.29,0.37,12.307693,297.49982,0.36464947,948.5451
0.29,0.37,12.820513,297.6949,0.3761977,928.1125
0.29,0.37,13.333333,297.879,0.3874969,908.06146
0.29,0.37,13.846154,298.0524,0.39855155,888.3878
0.29,0.37,14.358974,298.2153,0.40936643,869.0875
0.29,0.37,14.871795,298.3677,0.41994604,850.1566
0.29,0.37,15.384615,298.50983,0.43029493,831.5906
0.29,0.37,15.897436,298.64185,0.4404174,813.3852
0.29,0.37,16.410257,298.7638,0.4503181,795.536
0.29,0.37,16.923077,298.87595,0.4600013,778.03815
0.29,0.37,17.435898,298.97836,0.46947128,760.8872
0.29,0.37,17.948717,299.0712,0.47873217,744.0784
0.29,0.37,18.461538,299.15454,0.4877884,727.6069
0.29,0.37,18.97436,299.22858,0.49664396,711.468
0.29,0.37,19.487179,299.2935,0.5053028,695.65674
0.29,0.37,20.0,299.3493,0.5137691,680.1681
0.29,0.39,0.0,288.6279,0.0,1558.3812
0.29,0.39,0.51282054,289.1272,0.018994562,1528.2937
0.29,0.39,1.0256411,289.6124,0.037621126,1498.6014
0.29,0.39,1.5384616,290.08365,0.055884853,1469.3082
0.29,0.39,2.0512822,290.54105,0.07379039,1440.4167
0.29,0.39,2.5641026,290.98474,0.09134284,1411.93
0.29,0.39,3.0769231,291.41483,0.10854721,1383.8507
0.29,0.39,3.5897436,291.8315,0.12540856,1356.1803
0.29,0.39,4.1025643,292.2349,0.1419318,1328.9204
0.29,0.39,4.6153846,292.62515,0.15812221,1302.0725
0.29,0.39,5.1282053,293.00238,0.17398456,1275.6364
0.29,0.39,5.6410255,293.36676,0.18952411,1249.6123
0.29,0.39,6.1538463,293.71838,0.20474586,1224.0007
0.29,0.39,6.6666665,294.0574,0.21965504,1198.8007
0.29,0.39,7.179487,294.38403,0.2342566,1174.0115
0.29,0.39,7.6923075,294.69836,0.24855542,1149.6322
0.29,0.39,8.205129,295.0005,0.2625569,1125.661
0.29,0.39,8.717949,295.29062,0.2762657,1102.0967
0.29,0.39,9.230769,295.56888,0.2896871,1078.9366
0.29,0.39,9.743589,295.8354,0.3028258,1056.1788
0.29,0.39,10.256411,296.09033,0.31568694,1033.8208
0.29,0.39,10.769231,296.3338,0.32827532,1011.8597
0.29,0.39,11.282051,296.566,0.34059587,990.29266
0.29,0.39,11.794871,296.787,0.35265332,969.1163
0.29,0.39,12.307693,296.99695,0.36445272,948.32715
0.29,0.39,12.820513,297.19604,0.3759984,927.922
0.29,0.39,13.333333,297.38437,0.3872954,907.89716
0.29,0.39,13.846154,297.56213,0.3983482,888.24817
0.29,0.39,14.358974,297.72934,0.40916145,868.972
0.29,0.39,14.871795,297.8863,0.4197398,850.06366
0.29,0.39,15.384615,298.03305,0.43008757,831.5191
0.29,0.39,15.897436,298.1697,0.44020945,813.33417
0.29,0.39,16.410257,298.29642,0.45010966,795.5041
0.29,0.39,16.923077,298.41345,0.45979246,778.0246
0.29,0.39,17.435898,298.52078,0.46926236,760.8909
0.29,0.39,17.948717,298.61856,0.47852355,744.0984
0.29,0.39,18.461538,298.70697,0.48758006,727.64233
0.29,0.39,18.97436,298.78616,0.49643606,711.5178
0.29,0.39,19.487179,298.8562,0.5050956,695.7202
0.29,0.39,20.0,298.91727,0.51356286,680.24426
0.31,0.01,0.0,288.79987,0.0,1559.9375
0.31,0.01,0.51282054,289.31442,0.019014277,1529.948
0.31,0.01,1.0256411,289.81195,0.037661754,1500.3296
0.31,0.01,1.5384616,290.2927,0.05594702,1471.0885
0.31,0.01,2.0512822,290.75684,0.07387472,1442.231
0.31,0.01,2.5641026,291.2046,0.0914497,1413.7616
0.31,0.01,3.0769231,291.6363,0.10867666,1385.6844
0.31,0.01,3.5897436,292.05212,0.12556049,1358.0034
0.31,0.01,4.1025643,292.45227,0.14210606,1330.7217
0.31,0.01,4.6153846,292.83694,0.15831836,1303.8422
0.31,0.01,5.1282053,293.2065,0.17420223,1277.366
0.31,0.01,5.6410255,293.56107,0.18976288,1251.295
0.31,0.01,6.1538463,293.9008,0.20500505,1225.631
0.31,0.01,6.6666665,294.2261,0.2199339,1200.3733
0.31,0.01,7.179487,294.53702,0.23455441,1175.5227
0.31,0.01,7.6923075,294.83386,0.24887148,1151.079
0.31,0.01,8.205129,295.11682,0.26289028,1127.0408
0.31,0.01,8.717949,295.38602,0.2766157,1103.4073
0.31,0.01,9.230769,295.6419,0.29005274,1080.1776
0.31,0.01,9.743589,295.8844,0.30320635,1057.3495
0.31,0.01,10.256411,296.11392,0.31608146,1034.9205
0.31,0.01,10.769231,296.33054,0.32868296,1012.8886
0.31,0.01,11.282051,296.53458,0.34101567,991.2515
0.31,0.01,11.794871,296.7261,0.35308456,970.0057
0.31,0.01,12.307693,296.9054,0.36489433,949.14825
0.31,0.01,12.820513,297.07263,0.37644985,928.67584
0.31,0.01,13.333333,297.228,0.38775566,908.58484
0.31,0.01,13.846154,297.37167,0.39881656,888.8716
0.31,0.01,14.358974,297.50388,0.4096371,869.53235
0.31,0.01,14.871795,297.62482,0.42022192,850.5627
0.31,0.01,15.384615,297.73462,0.4305755,831.9588
0.31,0.01,15.897436,297.83344,0.44070238,813.71594
0.31,0.01,16.410257,297.9216,0.45060694,795.83014
0.31,0.01,16.923077,297.99908,0.46029353,778.29645
0.31,0.01,17.435898,298.06628,0.4697664,761.1106
0.31,0.01,17.948717,298.12317,0.47902995,744.2676
0.31,0.01,18.461538,298.17,0.4880882,727.76276
0.31,0.01,18.97436,298.20697,0.49694547,711.59143
0.31,0.01,19.487179,298.23428,0.5056057,695.74866
0.31,0.01,20.0,298.25195,0.5140729,680.22943
0.31,0.03,0.0,289.37994,0.0,1561.0142
0.31,0.03,0.51282054,289.89197,0.019027159,1530.9589
0.31,0.03,1.0256411,290.3871,0.03768663,1501.2776
0.31,0.03,1.5384616,290.86542,0.055983268,1471.9764
0.31,0.03,2.0512822,291.32736,0.073921554,1443.0612
0.31,0.03,2.5641026,291.77295,0.09150634,1414.5367
0.31,0.03,3.0769231,292.2025,0.10874253,1386.4069
0.31,0.03,3.5897436,292.61627,0.12563491,1358.6759
0.31,0.03,4.1025643,293.01447,0.14218852,1331.3463
0.31,0.03,4.6153846,293.39725,0.15840816,1304.4209
0.31,0.03,5.1282053,293.76495,0.17429894,1277.9014
0.31,0.03,5.6410255,294.11768,0.18986589,1251.789
0.31,0.03,6.1538463,294.45572,0.2051139,1226.0854
0.31,0.03,6.6666665,294.77927,0.22004811,1200.79
0.31,0.03,7.179487,295.08856,0.23467353,1175.9037
0.31,0.03,7.6923075,295.38385,0.24899508,1151.426
0.31,0.03,8.205129,295.66525,0.263018,1127.3553
0.31,0.03,8.717949,295.93307,0.27674705,1103.6917
0.31,0.03,9.230769,296.1874,0.29018742,1080.4327
0.31,0.03,9.743589,296.4286,0.30334395,1057.5768
0.31,0.03,10.256411,296.65674,0.3162217,1035.1218
0.31,0.03,10.769231,296.8721,0.3288256,1013.06537
0.31,0.03,11.282051,297.0748,0.34116033,991.40466
0.31,0.03,11.794871,297.2651,0.35323092,970.1369
0.31,0.03,12.307693,297.44324,0.3650422,949.2586
0.31,0.03,12.820513,297.6093,0.37659895,928.7667
0.31,0.03,13.333333,297.76355,0.38790578,908.65735
0.31,0.03,13.846154,297.90616,0.39896747,888.9268
0.31,0.03,14.358974,298.03732,0.40978855,869.57135
0.31,0.03,14.871795,298.1572,0.42037374,850.5865
0.31,0.03,15.384615,298.266,0.4307276,831.96814
0.31,0.03,15.897436,298.36386,0.44085455,813.71216
0.31,0.03,16.410257,298.451,0.45075893,795.81384
0.31,0.03,16.923077,298.52765,0.46044517,778.2686
0.31,0.03,17.435898,298.59384,0.4699177,761.0719
0.31,0.03,17.948717,298.64987,0.4791807,744.219
0.31,0.03,18.461538,298.69586,0.4882384,727.7049
0.31,0.03,18.97436,298.73206,0.49709478,711.5251
0.31,0.03,19.487179,298.75845,0.5057541,695.67444
0.31,0.03,20.0,298.77542,0.5142204,680.14795
0.31,0.05,0.0,289.8835,0.0,1561.9432
0.31,0.05,0.51282054,290.39334,0.019038215,1531.8296
0.31,0.05,1.0256411,290.8863,0.037708066,1502.0934
0.31,0.05,1.5384616,291.3626,0.056014404,1472.7391
0.31,0.05,2.0512822,291.82245,0.073961765,1443.7736
0.31,0.05,2.5641026,292.26614,0.091555,1415.2006
0.31,0.05,3.0769231,292.6939,0.10879906,1387.0251
0.31,0.05,3.5897436,293.10587,0.12569886,1359.2505
0.31,0.05,4.1025643,293.50238,0.14225924,1331.8794
0.31,0.05,4.6153846,293.88358,0.1584852,1304.9143
0.31,0.05,5.1282053,294.24966,0.17438185,1278.357
0.31,0.05,5.6410255,294.60098,0.18995418,1252.2087
0.31,0.05,6.1538463,294.93762,0.20520715,1226.471
0.31,0.05,6.6666665,295.25986,0.22014591,1201.1432
0.31,0.05,7.179487,295.56787,0.23477542,1176.2261
0.31,0.05,7.6923075,295.8619,0.24910074,1151.7191
0.31,0.05,8.205129,296.14215,0.26312715,1127.6208
0.31,0.05,8.717949,296.40878,0.27685934,1103.9304
0.31,0.05,9.230769,296.66208,0.2903024,1080.6467
0.31,0.05,9.743589,296.90225,0.3034615,1057.7673
0.31,0.05,10.256411,297.1294,0.3163414,1035.2899
0.31,0.05,10.769231,297.34378,0.32894716,1013.2124
0.31,0.05,11.282051,297.54562,0.34128362,991.5319
0.31,0.05,11.794871,297.73517,0.35335577,970.24524
0.31,0.05,12.307693,297.91235,0.36516827,949.34924
0.31,0.05,12.820513,298.07773,0.3767259,928.8407
0.31,0.05,13.333333,298.23123,0.3880336,908.71564
0.31,0.05,13.846154,298.37314,0.39909595,888.97046
0.31,0.05,14.358974,298.50363,0.40991753,869.6011
0.31,0.05,14.871795,298.62283,0.420503,850.60333
0.31,0.05,15.384615,298.73105,0.43085694,831.9732
0.31,0.05,15.897436,298.8283,0.44098377,813.7059
0.31,0.05,16.410257,298.91495,0.45088804,795.79706
0.31,0.05,16.923077,298.99103,0.46057415,778.24207
0.31,0.05,17.435898,299.05676,0.47004622,761.0363
0.31,0.05,17.948717,299.11227,0.47930866,744.175
0.31,0.05,18.461538,299.15787,0.48836577,727.65326
0.31,0.05,18.97436,299.19357,0.49722153,711.4662
0.31,0.05,19.487179,299.21967,0.5058801,695.6091
0.31,0.05,20.0,299.23618,0.5143456,680.0765
0.31,0.07,0.0,290.31253,0.0,1562.727
0.31,0.07,0.51282054,290.8203,0.01904755,1532.5632
0.31,0.07,1.0256411,291.31134,0.037726164,1502.7786
0.31,0.07,1.5384616,291.78583,0.056040637,1473.3789
0.31,0.07,2.0512822,292.24396,0.07399561,1444.3696
0.31,0.07,2.5641026,292.68604,0.09159594,1415.7557
0.31,0.07,3.0769231,293.1122,0.10884652,1387.5409
0.31,0.07,3.5897436,293.5227,0.12575248,1359.7288
0.31,0.07,4.1025643,293.91782,0.14231849,1332.3221
0.31,0.07,4.6153846,294.29773,0.15854976,1305.323
0.31,0.07,5.1282053,294.66257,0.17445117,1278.7341
0.31,0.07,5.6410255,295.01273,0.19002792,1252.5554
0.31,0.07,6.1538463,295.3483,0.20528501,1226.7888
0.31,0.07,6.6666665,295.6695,0.22022757,1201.4338
0.31,0.07,7.179487,295.97653,0.23486045,1176.4907
0.31,0.07,7.6923075,296.26968,0.24918893,1151.9587
0.31,0.07,8.205129,296.54907,0.2632181,1127.8376
0.31,0.07,8.717949,296.815,0.2769528,1104.1254
0.31,0.07,9.230769,297.06754,0.2903982,1080.8206
0.31,0.07,9.743589,297.30695,0.30355924,1057.9213
0.31,0.07,10.256411,297.53348,0.31644097,1035.4254
0.31,0.07,10.769231,297.74734,0.32904834,1013.33026
0.31,0.07,11.282051,297.94867,0.3413861,991.63336
0.31,0.07,11.794871,298.1376,0.35345942,970.331
0.31,0.07,12.307693,298.31448,0.36527282,949.4205
0.31,0.07,12.820513,298.4794,0.37683126,928.89813
0.31,0.07,13.333333,298.63257,0.38813958,908.76
0.31,0.07,13.846154,298.7741,0.39920238,889.00275
0.31,0.07,14.358974,298.90436,0.4100243,869.62213
0.31,0.07,14.871795,299.02335,0.4206099,850.61383
0.31,0.07,15.384615,299.1313,0.430964,831.9737
0.31,0.07,15.897436,299.2284,0.44109082,813.69714
0.31,0.07,16.410257,299.31488,0.45099485,795.7797
0.31,0.07,16.923077,299.3908,0.46068072,778.2169
0.31,0.07,17.435898,299.45642,0.4701524,761.00385
0.31,0.07,17.948717,299.5119,0.47941446,744.1356
0.31,0.07,18.461538,299.5574,0.4884711,727.60767
0.31,0.07,18.97436,299.59308,0.49732625,711.41486
0.31,0.07,19.487179,299.6191,0.5059841,695.5525
0.31,0.07,20.0,299.63565,0.5144488,680.0152
0.31,0.09,0.0,290.66867,0.0,1563.368
0.31,0.09,0.51282054,291.17465,0.019055165,1533.161
0.31,0.09,1.0256411,291.66397,0.03774087,1503.336
0.31,0.09,1.5384616,292.13684,0.05606197,1473.8978
0.31,0.09,2.0512822,292.59354,0.074023046,1444.8518
0.31,0.09,2.5641026,293.0342,0.09162916,1416.2036
0.31,0.09,3.0769231,293.45908,0.108885065,1387.9562
0.31,0.09,3.5897436,293.86847,0.12579592,1360.113
0.31,0.09,4.1025643,294.26245,0.14236651,1332.6766
0.31,0.09,4.6153846,294.64133,0.15860197,1305.6498
0.31,0.09,5.1282053,295.00528,0.17450723,1279.0343
0.31,0.09,5.6410255,295.35452,0.19008753,1252.8308
0.31,0.09,6.1538463,295.68924,0.20534787,1227.0405
0.31,0.09,6.6666665,296.00974,0.22029334,1201.663
0.31,0.09,7.179487,296.31622,0.23492897,1176.6987
0.31,0.09,7.6923075,296.6088,0.24925986,1152.1472
0.31,0.09,8.205129,296.88766,0.26329118,1128.0068
0.31,0.09,8.717949,297.15308,0.2770279,1104.2765
0.31,0.09,9.230769,297.40527,0.29047507,1080.9552
0.31,0.09,9.743589,297.6444,0.30363768,1058.0402
0.31,0.09,10.256411,297.8707,0.31652078,1035.5292
0.31,0.09,10.769231,298.08426,0.32912928,1013.42
0.31,0.09,11.282051,298.2854,0.34146816,991.7095
0.31,0.09,11.794871,298.47427,0.35354224,970.395
0.31,0.09,12.307693,298.65106,0.3653564,949.4727
0.31,0.09,12.820513,298.81592,0.37691545,928.93945
0.31,0.09,13.333333,298.96906,0.38822415,908.7912
0.31,0.09,13.846154,299.11075,0.39928728,889.0242
0.31,0.09,14.358974,299.24097,0.41010937,869.63464
0.31,0.09,14.871795,299.36017,0.4206952,850.6178
0.31,0.09,15.384615,299.46823,0.4310493,831.96985
0.31,0.09,15.897436,299.56555,0.44117594,813.6862
0.31,0.09,16.410257,299.6522,0.45107988,795.7622
0.31,0.09,16.923077,299.7284,0.46076542,778.193
0.31,0.09,17.435898,299.79428,0.4702369,760.9743
0.31,0.09,17.948717,299.8501,0.47949842,744.101
0.31,0.09,18.461538,299.8959,0.48855454,727.5681
0.31,0.09,18.97436,299.93195,0.49740916,711.3709
0.31,0.09,19.487179,299.95837,0.5060666,695.50446
0.31,0.09,20.0,299.97537,0.5145306,679.9635
0.31,0.11,0.0,290.95367,0.0,1563.8695
0.31,0.11,0.51282054,291.45807,0.01906111,1533.6273
0.31,0.11,1.0256411,291.94595,0.037752345,1503.7686
0.31,0.11,1.5384616,292.41754,0.056078553,1474.2985
0.31,0.11,2.0512822,292.8729,0.07404443,1445.223
0.31,0.11,2.5641026,293.31244,0.09165493,1416.5465
0.31,0.11,3.0769231,293.73636,0.1089149,1388.2723
0.31,0.11,3.5897436,294.1447,0.12582946,1360.4042
0.31,0.11,4.1025643,294.53793,0.14240348,1332.9446
0.31,0.11,4.6153846,294.91605,0.15864208,1305.8959
0.31,0.11,5.1282053,295.27933,0.17455027,1279.259
0.31,0.11,5.6410255,295.62802,0.19013321,1253.036
0.31,0.11,6.1538463,295.96234,0.20539595,1227.227
0.31,0.11,6.6666665,296.2824,0.22034362,1201.8323
0.31,0.11,7.179487,296.58847,0.23498118,1176.8514
0.31,0.11,7.6923075,296.88077,0.24931389,1152.2844
0.31,0.11,8.205129,297.1595,0.26334685,1128.1294
0.31,0.11,8.717949,297.42477,0.27708495,1104.3855
0.31,0.11,9.230769,297.67694,0.29053333,1081.051
0.31,0.11,9.743589,297.91605,0.30369708,1058.1239
0.31,0.11,10.256411,298.1424,0.31658113,1035.6016
0.31,0.11,10.769231,298.35608,0.3291905,1013.4817
0.31,0.11,11.282051,298.55743,0.34153005,991.76135
0.31,0.11,11.794871,298.7465,0.35360467,970.43726
0.31,0.11,12.307693,298.92355,0.36541933,949.50635
0.31,0.11,12.820513,299.0887,0.37697875,928.9646
0.31,0.11,13.333333,299.24225,0.38828772,908.8089
0.31,0.11,13.846154,299.38425,0.39935103,889.03485
0.31,0.11,14.358974,299.51498,0.41017324,869.6387
0.31,0.11,14.871795,299.63458,0.42075908,850.61584
0.31,0.11,15.384615,299.7433,0.43111295,831.9622
0.31,0.11,15.897436,299.84113,0.44123966,813.6731
0.31,0.11,16.410257,299.92838,0.45114335,795.74426
0.31,0.11,16.923077,300.00522,0.4608286,778.17084
0.31,0.11,17.435898,300.07178,0.47029978,760.94775
0.31,0.11,17.948717,300.12823,0.479561,744.0708
0.31,0.11,18.461538,300.17477,0.4886167,727.53455
0.31,0.11,18.97436,300.21158,0.49747097,711.3343
0.31,0.11,19.487179,300.23874,0.50612783,695.465
0.31,0.11,20.0,300.2565,0.51459146,679.9216
0.31,0.13,0.0,291.16937,0.0,1564.2336
0.31,0.13,0.51282054,291.67233,0.01906544,1533.9631
0.31,0.13,1.0256411,292.15894,0.03776069,1504.0773
0.31,0.13,1.5384616,292.62933,0.056090496,1474.583
0.31,0.13,2.0512822,293.08377,0.07405971,1445.4845
0.31,0.13,2.5641026,293.5224,0.091673285,1416.7861
0.31,0.13,3.0769231,293.9455,0.10893612,1388.4918
0.31,0.13,3.5897436,294.3532,0.12585318,1360.6046
0.31,0.13,4.1025643,294.74582,0.14242956,1333.1273
0.31,0.13,4.6153846,295.12347,0.15867034,1306.0619
0.31,0.13,5.1282053,295.4864,0.17458045,1279.4099
0.31,0.13,5.6410255,295.8348,0.19016519,1253.1722
0.31,0.13,6.1538463,296.16885,0.2054295,1227.3495
0.31,0.13,6.6666665,296.48886,0.22037861,1201.942
0.31,0.13,7.179487,296.7949,0.23501748,1176.9495
0.31,0.13,7.6923075,297.08725,0.24935135,1152.3713
0.31,0.13,8.205129,297.36606,0.26338527,1128.2059
0.31,0.13,8.717949,297.63156,0.2771243,1104.4526
0.31,0.13,9.230769,297.88394,0.29057345,1081.109
0.31,0.13,9.743589,298.1234,0.30373782,1058.1735
0.31,0.13,10.256411,298.35016,0.31662247,1035.6432
0.31,0.13,10.769231,298.56427,0.32923228,1013.5162
0.31,0.13,11.282051,298.76608,0.3415722,991.78906
0.31,0.13,11.794871,298.95572,0.35364717,970.4585
0.31,0.13,12.307693,299.1334,0.36546203,949.52167
0.31,0.13,12.820513,299.29926,0.37702158,928.9746
0.31,0.13,13.333333,299.4535,0.38833067,908.81366
0.31,0.13,13.846154,299.59625,0.39939395,889.0349
0.31,0.13,14.358974,299.72778,0.41021618,869.63434
0.31,0.13,14.871795,299.84818,0.42080188,850.60767
0.31,0.13,15.384615,299.95776,0.4311557,831.9503
0.31,0.13,15.897436,300.05652,0.4412822,813.658
0.31,0.13,16.410257,300.14474,0.45118576,795.726
0.31,0.13,16.923077,300.2226,0.46087065,778.1498
0.31,0.13,17.435898,300.29016,0.47034156,760.9244
0.31,0.13,17.948717,300.34766,0.47960263,744.04504
0.31,0.13,18.461538,300.3953,0.48865798,727.5068
0.31,0.13,18.97436,300.4332,0.4975118,711.30475
0.31,0.13,19.487179,300.4615,0.50616837,695.4339
0.31,0.13,20.0,300.4804,0.5146315,679.8892
0.31,0.15,0.0,291.31717,0.0,1564.4631
0.31,0.15,0.51282054,291.819,0.0190681,1534.1708
0.31,0.15,1.0256411,292.3045,0.0377658,1504.2659
0.31,0.15,1.5384616,292.77405,0.056097798,1474.7532
0.31,0.15,2.0512822,293.22763,0.074069045,1445.638
0.31,0.15,2.5641026,293.6656,0.09168434,1416.9242
0.31,0.15,3.0769231,294.08817,0.10894885,1388.6158
0.31,0.15,3.5897436,294.4955,0.12586737,1360.7156
0.31,0.15,4.1025643,294.88776,0.14244506,1333.2263
0.31,0.15,4.6153846,295.2652,0.15868694,1306.1498
0.31,0.15,5.1282053,295.62796,0.1745981,1279.4877
0.31,0.15,5.6410255,295.97635,0.19018376,1253.2405
0.31,0.15,6.1538463,296.31052,0.20544884,1227.4095
0.31,0.15,6.6666665,296.63065,0.22039859,1201.994
0.31,0.15,7.179487,296.93692,0.23503807,1176.9938
0.31,0.15,7.6923075,297.2296,0.24937242,1152.409
0.31,0.15,8.205129,297.50885,0.26340687,1128.2375
0.31,0.15,8.717949,297.77487,0.27714613,1104.4785
0.31,0.15,9.230769,298.0278,0.29059562,1081.1296
0.31,0.15,9.743589,298.26788,0.30376017,1058.1893
0.31,0.15,10.256411,298.4953,0.31664506,1035.6548
0.31,0.15,10.769231,298.71024,0.32925498,1013.52344
0.31,0.15,11.282051,298.91287,0.34159493,991.79254
0.31,0.15,11.794871,299.10336,0.3536699,970.45905
0.31,0.15,12.307693,299.28192,0.3654847,949.5191
0.31,0.15,12.820513,299.44882,0.37704426,928.96906
0.31,0.15,13.333333,299.60406,0.3883533,908.8058
0.31,0.15,13.846154,299.74796,0.39941648,889.0248
0.31,0.15,14.358974,299.8806,0.41023856,869.62213
0.31,0.15,14.871795,300.00223,0.4208241,850.5934
0.31,0.15,15.384615,300.11298,0.43117774,831.9346
0.31,0.15,15.897436,300.213,0.44130397,813.6408
0.31,0.15,16.410257,300.30258,0.45120728,795.70764
0.31,0.15,16.923077,300.38174,0.46089214,778.1303
0.31,0.15,17.435898,300.45068,0.4703627,760.9039
0.31,0.15,17.948717,300.50958,0.47962344,744.02386
0.31,0.15,18.461538,300.55862,0.48867857,727.4849
0.31,0.15,18.97436,300.59805,0.49753213,711.2824
0.31,0.15,19.487179,300.6278,0.5061884,695.4111
0.31,0.15,20.0,300.64825,0.51465136,679.866
0.31,0.17,0.0,291.39886,0.0,1564.5607
0.31,0.17,0.51282054,291.89966,0.019069247,1534.2539
0.31,0.17,1.0256411,292.38437,0.037767887,1504.3357
0.31,0.17,1.5384616,292.85315,0.056100667,1474.8113
0.31,0.17,2.0512822,293.30615,0.07407249,1445.6858
0.31,0.17,2.5641026,293.74365,0.09168836,1416.9629
0.31,0.17,3.0769231,294.16586,0.10895323,1388.6462
0.31,0.17,3.5897436,294.57297,0.12587216,1360.7388
0.31,0.17,4.1025643,294.96518,0.14245012,1333.243
0.31,0.17,4.6153846,295.34262,0.15869215,1306.1608
0.31,0.17,5.1282053,295.70557,0.17460346,1279.4935
0.31,0.17,5.6410255,296.0542,0.19018908,1253.2422
0.31,0.17,6.1538463,296.38867,0.20545416,1227.4072
0.31,0.17,6.6666665,296.70923,0.22040391,1201.9884
0.31,0.17,7.179487,297.01605,0.23504329,1176.9856
0.31,0.17,7.6923075,297.30933,0.24937747,1152.3983
0.31,0.17,8.205129,297.58926,0.2634117,1128.2244
0.31,0.17,8.717949,297.85602,0.27715087,1104.4636
0.31,0.17,9.230769,298.10983,0.2906002,1081.1134
0.31,0.17,9.743589,298.3508,0.30376458,1058.1719
0.31,0.17,10.256411,298.57925,0.31664914,1035.6362
0.31,0.17,10.769231,298.79523,0.3292589,1013.5042
0.31,0.17,11.282051,298.999,0.34159857,991.7727
0.31,0.17,11.794871,299.1907,0.35367334,970.43866
0.31,0.17,12.307693,299.37057,0.3654879,949.49835
0.31,0.17,12.820513,299.5387,0.37704724,928.9483
0.31,0.17,13.333333,299.69537,0.38835597,908.785
0.31,0.17,13.846154,299.84064,0.39941892,889.0041
0.31,0.17,14.358974,299.9748,0.41024068,869.6016
0.31,0.17,14.871795,300.09793,0.420826,850.5734
0.31,0.17,15.384615,300.21024,0.43117934,831.9148
0.31,0.17,15.897436,300.3119,0.44130537,813.62146
0.31,0.17,16.410257,300.40308,0.45120847,795.6888
0.31,0.17,16.923077,300.48395,0.4608931,778.11194
0.31,0.17,17.435898,300.5546,0.47036347,760.8863
0.31,0.17,17.948717,300.6153,0.47962394,744.00696
0.31,0.17,18.461538,300.6661,0.48867887,727.4686
0.31,0.17,18.97436,300.70728,0.4975323,711.2668
0.31,0.17,19.487179,300.73895,0.5061883,695.3964
0.31,0.17,20.0,300.76126,0.51465106,679.8522
0.31,0.19,0.0,291.416,0.0,1564.5283
0.31,0.19,0.51282054,291.91595,0.01906883,1534.2137
0.31,0.19,1.0256411,292.39993,0.037766844,1504.2892
0.31,0.19,1.5384616,292.86813,0.05609905,1474.7595
0.31,0.19,2.0512822,293.3208,0.074070245,1445.63
0.31,0.19,2.5641026,293.7581,0.091685385,1416.9034
0.31,0.19,3.0769231,294.18018,0.10894953,1388.5845
0.31,0.19,3.5897436,294.58728,0.12586768,1360.6753
0.31,0.19,4.1025643,294.97958,0.14244479,1333.1788
0.31,0.19,4.6153846,295.3573,0.15868604,1306.0961
0.31,0.19,5.1282053,295.72058,0.17459658,1279.429
0.31,0.19,5.6410255,296.06967,0.19018146,1253.1781
0.31,0.19,6.1538463,296.40475,0.2054457,1227.3439
0.31,0.19,6.6666665,296.72598,0.22039467,1201.9263
0.31,0.19,7.179487,297.0336,0.23503333,1176.9252
0.31,0.19,7.6923075,297.3277,0.24936679,1152.3392
0.31,0.19,8.205129,297.60867,0.26340035,1128.1675
0.31,0.19,8.717949,297.8764,0.27713883,1104.4088
0.31,0.19,9.230769,298.1314,0.29058743,1081.0609
0.31,0.19,9.743589,298.3736,0.30375117,1058.1215
0.31,0.19,10.256411,298.60333,0.31663513,1035.5883
0.31,0.19,10.769231,298.82065,0.32924432,1013.45856
0.31,0.19,11.282051,299.02588,0.34158346,991.7296
0.31,0.19,11.794871,299.2191,0.3536577,970.39777
0.31,0.19,12.307693,299.40048,0.36547175,949.46014
0.31,0.19,12.820513,299.57028,0.3770306,928.9126
0.31,0.19,13.333333,299.72858,0.388339,908.75165
0.31,0.19,13.846154,299.87558,0.39940146,888.9731
0.31,0.19,14.358974,300.01154,0.4102229,869.5733
0.31,0.19,14.871795,300.13654,0.4208079,850.5473
0.31,0.19,15.384615,300.25073,0.43116093,831.89105
0.31,0.19,15.897436,300.3543,0.44128668,813.60004
0.31,0.19,16.410257,300.44745,0.45118952,795.6696
0.31,0.19,16.923077,300.5303,0.4608739,778.09503
0.31,0.19,17.435898,300.60303,0.47034413,760.8714
0.31,0.19,17.948717,300.6658,0.4796044,743.9941
0.31,0.19,18.461538,300.71878,0.48865917,727.45795
0.31,0.19,18.97436,300.76212,0.49751252,711.2582
0.31,0.19,19.487179,300.79593,0.5061684,695.3896
0.31,0.19,20.0,300.8205,0.51463103,679.8472
0.31,0.21,0.0,291.37006,0.0,1564.3689
0.31,0.21,0.51282054,291.8693,0.019066848,1534.0531
0.31,0.21,1.0256411,292.35278,0.03776288,1504.1284
0.31,0.21,1.5384616,292.82065,0.056093156,1474.5996
0.31,0.21,2.0512822,293.2731,0.07406237,1445.4714
0.31,0.21,2.5641026,293.71027,0.09167563,1416.7479
0.31,0.21,3.0769231,294.13242,0.10893779,1388.4324
0.31,0.21,3.5897436,294.53973,0.12585412,1360.527
0.31,0.21,4.1025643,294.93234,0.14242947,1333.0344
0.31,0.21,4.6153846,295.31052,0.15866894,1305.9567
0.31,0.21,5.1282053,295.6744,0.17457774,1279.2947
0.31,0.21,5.6410255,296.02423,0.19016102,1253.0491
0.31,0.21,6.1538463,296.3601,0.20542374,1227.2203
0.31,0.21,6.6666665,296.68225,0.22037126,1201.8085
0.31,0.21,7.179487,296.9909,0.23500845,1176.813
0.31,0.21,7.6923075,297.2862,0.2493406,1152.2332
0.31,0.21,8.205129,297.56827,0.2633728,1128.0673
0.31,0.21,8.717949,297.83746,0.27711013,1104.3142
0.31,0.21,9.230769,298.09375,0.2905576,1080.9718
0.31,0.21,9.743589,298.3375,0.30372036,1058.0383
0.31,0.21,10.256411,298.56873,0.31660327,1035.511
0.31,0.21,10.769231,298.78775,0.3292114,1013.3869
0.31,0.21,11.282051,298.99466,0.3415498,991.66327
0.31,0.21,11.794871,299.18967,0.35362327,970.3368
0.31,0.21,12.307693,299.37292,0.3654367,949.4043
0.31,0.21,12.820513,299.54462,0.37699482,928.862
0.31,0.21,13.333333,299.7049,0.38830256,908.7058
0.31,0.21,13.846154,299.85397,0.3993646,888.93207
0.31,0.21,14.358974,299.992,0.41018558,869.53656
0.31,0.21,14.871795,300.11914,0.42077008,850.51514
0.31,0.21,15.384615,300.2355,0.4311228,831.86316
0.31,0.21,15.897436,300.34137,0.4412482,813.5763
0.31,0.21,16.410257,300.43677,0.4511508,795.64984
0.31,0.21,16.923077,300.52197,0.46083486,778.0791
0.31,0.21,17.435898,300.5971,0.47030497,760.8592
0.31,0.21,17.948717,300.6623,0.47956517,743.9855
0.31,0.21,18.461538,300.71774,0.48861986,727.45264
0.31,0.21,18.97436,300.76355,0.49747312,711.25604
0.31,0.21,19.487179,300.79993,0.5061289,695.3907
0.31,0.21,20.0,300.82697,0.51459163,679.8512
0.31,0.23,0.0,291.26266,0.0,1564.0848
0.31,0.23,0.51282054,291.7614,0.019063354,1533.7738
0.31,0.23,1.0256411,292.24442,0.03775605,1503.8552
0.31,0.23,1.5384616,292.71204,0.056082934,1474.3333
0.31,0.23,2.0512822,293.16443,0.074048966,1445.2126
0.31,0.23,2.5641026,293.6017,0.09165905,1416.4977
0.31,0.23,3.0769231,294.02408,0.108918235,1388.1908
0.31,0.23,3.5897436,294.4318,0.12583163,1360.2947
0.31,0.23,4.1025643,294.82495,0.14240417,1332.8115
0.31,0.23,4.6153846,295.20383,0.15864098,1305.7437
0.31,0.23,5.1282053,295.5685,0.17454724,1279.0916
0.31,0.23,5.6410255,295.9192,0.19012806,1252.856
0.31,0.23,6.1538463,296.2561,0.20538844,1227.0375
0.31,0.23,6.6666665,296.57947,0.22033376,1201.6355
0.31,0.23,7.179487,296.88934,0.23496887,1176.6498
0.31,0.23,7.6923075,297.18594,0.24929914,1152.0797
0.31,0.23,8.205129,297.4695,0.2633295,1127.924
0.31,0.23,8.717949,297.74023,0.27706513,1104.1803
0.31,0.23,9.230769,297.99823,0.290511,1080.8475
0.31,0.23,9.743589,298.24365,0.3036722,1057.9231
0.31,0.23,10.256411,298.47675,0.3165539,1035.4047
0.31,0.23,10.769231,298.69766,0.32916084,1013.28925
0.31,0.23,11.282051,298.90662,0.341498,991.5741
0.31,0.23,11.794871,299.10364,0.35357034,970.2558
0.31,0.23,12.307693,299.289,0.36538282,949.3312
0.31,0.23,12.820513,299.4629,0.3769401,928.7961
0.31,0.23,13.333333,299.62546,0.38824707,908.64734
0.31,0.23,13.846154,299.77692,0.39930847,888.8806
0.31,0.23,14.358974,299.9173,0.41012877,869.49194
0.31,0.23,14.871795,300.0468,0.4207128,850.47705
0.31,0.23,15.384615,300.16574,0.43106514,831.83136
0.31,0.23,15.897436,300.27414,0.44119015,813.55035
0.31,0.23,16.410257,300.37222,0.45109248,795.6295
0.31,0.23,16.923077,300.46005,0.46077642,778.0642
0.31,0.23,17.435898,300.53784,0.4702462,760.84937
0.31,0.23,17.948717,300.60577,0.47950634,743.9805
0.31,0.23,18.461538,300.664,0.48856103,727.45245
0.31,0.23,18.97436,300.71265,0.49741423,711.2604
0.31,0.23,19.487179,300.7519,0.50607026,695.3993
0.31,0.23,20.0,300.78183,0.5145331,679.8639
0.31,0.25,0.0,291.09512,0.0,1563.6785
0.31,0.25,0.51282054,291.59344,0.019058399,1533.3784
0.31,0.25,1.0256411,292.07626,0.037746295,1503.4717
0.31,0.25,1.5384616,292.5438,0.05606859,1473.9628
0.31,0.25,2.0512822,292.99628,0.07403014,1444.8555
0.31,0.25,2.5641026,293.4338,0.09163589,1416.154
0.31,0.25,3.0769231,293.85663,0.10889096,1387.8615
0.31,0.25,3.5897436,294.26483,0.1258003,1359.9797
0.31,0.25,4.1025643,294.65872,0.14236906,1332.5116
0.31,0.25,4.6153846,295.03842,0.15860233,1305.4578
0.31,0.25,5.1282053,295.40405,0.17450514,1278.8206
0.31,0.25,5.6410255,295.7559,0.19008273,1252.5996
0.31,0.25,6.1538463,296.09402,0.20534004,1226.7957
0.31,0.25,6.6666665,296.4187,0.22028244,1201.4082
0.31,0.25,7.179487,296.73004,0.23491494,1176.4365
0.31,0.25,7.6923075,297.0283,0.24924254,1151.8805
0.31,0.25,8.205129,297.31354,0.2632706,1127.7377
0.31,0.25,8.717949,297.58606,0.277004,1104.0076
0.31,0.25,9.230769,297.8459,0.2904478,1080.6875
0.31,0.25,9.743589,298.09335,0.30360723,1057.7756
0.31,0.25,10.256411,298.32855,0.316487,1035.2693
0.31,0.25,10.769231,298.5516,0.32909244,1013.1655
0.31,0.25,11.282051,298.76273,0.34142816,991.4617
0.31,0.25,11.794871,298.96216,0.3534992,970.1544
0.31,0.25,12.307693,299.14996,0.36531043,949.2401
0.31,0.25,12.820513,299.32632,0.37686673,928.7153
0.31,0.25,13.333333,299.49142,0.38817275,908.5763
0.31,0.25,13.846154,299.64548,0.39923325,888.819
0.31,0.25,14.358974,299.7885,0.4100529,869.4391
0.31,0.25,14.871795,299.9208,0.42063642,850.43256
0.31,0.25,15.384615,300.04254,0.43098813,831.79504
0.31,0.25,15.897436,300.1538,0.44111282,813.5218
0.31,0.25,16.410257,300.25473,0.4510148,795.60834
0.31,0.25,16.923077,300.3455,0.46069843,778.0501
0.31,0.25,17.435898,300.42633,0.47016826,760.84204
0.31,0.25,17.948717,300.49728,0.47942838,743.9795
0.31,0.25,18.461538,300.55862,0.488483,727.4574
0.31,0.25,18.97436,300.61035,0.49733636,711.271
0.31,0.25,19.487179,300.65274,0.5059926,695.4152
0.31,0.25,20.0,300.6859,0.5144556,679.88495
0.31,0.27,0.0,290.86908,0.0,1563.1519
0.31,0.27,0.51282054,291.36703,0.019052036,1532.869
0.31,0.27,1.0256411,291.84973,0.03773378,1502.98
0.31,0.27,1.5384616,292.31726,0.05605013,1473.4895
0.31,0.27,2.0512822,292.76996,0.07400594,1444.4012
0.31,0.27,2.5641026,293.20795,0.091606215,1415.7191
0.31,0.27,3.0769231,293.6313,0.108856015,1387.4454
0.31,0.27,3.5897436,294.0402,0.12576045,1359.5836
0.31,0.27,4.1025643,294.43497,0.14232448,1332.1349
0.31,0.27,4.6153846,294.81564,0.15855315,1305.101
0.31,0.27,5.1282053,295.18246,0.1744517,1278.4825
0.31,0.27,5.6410255,295.53555,0.19002521,1252.2809
0.31,0.27,6.1538463,295.87512,0.20527875,1226.4956
0.31,0.27,6.6666665,296.2014,0.22021767,1201.1266
0.31,0.27,7.179487,296.5144,0.23484673,1176.1732
0.31,0.27,7.6923075,296.81445,0.2491712,1151.6348
0.31,0.27,8.205129,297.1016,0.26319632,1127.5095
0.31,0.27,8.717949,297.37607,0.27692702,1103.796
0.31,0.27,9.230769,297.6381,0.29036838,1080.4923
0.31,0.27,9.743589,297.88773,0.3035254,1057.5962
0.31,0.27,10.256411,298.12518,0.31640315,1035.105
0.31,0.27,10.769231,298.35068,0.32900655,1013.01587
0.31,0.27,11.282051,298.56433,0.34134057,991.32635
0.31,0.27,11.794871,298.76627,0.35341007,970.0327
0.31,0.27,12.307693,298.9568,0.36521983,949.1317
0.31,0.27,12.820513,299.13586,0.37677494,928.61957
0.31,0.27,13.333333,299.30377,0.38807985,908.49255
0.31,0.27,13.846154,299.4607,0.39913937,888.74664
0.31,0.27,14.358974,299.60672,0.40995818,869.3779
0.31,0.27,14.871795,299.74207,0.42054096,850.382
0.31,0.27,15.384615,299.86685,0.43089223,831.7544
0.31,0.27,15.897436,299.9812,0.44101644,813.4908
0.31,0.27,16.410257,300.08533,0.45091808,795.5863
0.31,0.27,16.923077,300.17935,0.46060154,778.0365
0.31,0.27,17.435898,300.2635,0.47007114,760.83673
0.31,0.27,17.948717,300.3378,0.4793312,743.9818
0.31,0.27,18.461538,300.40247,0.48838595,727.4672
0.31,0.27,18.97436,300.45764,0.49723947,711.2877
0.31,0.27,19.487179,300.50348,0.50589585,695.4384
0.31,0.27,20.0,300.5402,0.51435935,679.9143
0.31,0.29,0.0,290.58585,0.0,1562.5078
0.31,0.29,0.51282054,291.08353,0.019044265,1532.2478
0.31,0.29,1.0256411,291.56613,0.037718445,1502.3823
0.31,0.29,1.5384616,292.03387,0.0560276,1472.9154
0.31,0.29,2.0512822,292.4869,0.073976524,1443.8513
0.31,0.29,2.5641026,292.92532,0.091570176,1415.1934
0.31,0.29,3.0769231,293.3494,0.10881372,1386.9447
0.31,0.29,3.5897436,293.75922,0.1257121,1359.107
0.31,0.29,4.1025643,294.15494,0.14227034,1331.6827
0.31,0.29,4.6153846,294.53677,0.1584937,1304.6727
0.31,0.29,5.1282053,294.90494,0.17438707,1278.0785
0.31,0.29,5.6410255,295.25946,0.1899558,1251.9003
0.31,0.29,6.1538463,295.60068,0.20520481,1226.138
0.31,0.29,6.6666665,295.9286,0.22013938,1200.7915
0.31,0.29,7.179487,296.24353,0.23476443,1175.8605
0.31,0.29,7.6923075,296.5455,0.24908525,1151.3434
0.31,0.29,8.205129,296.83475,0.26310688,1127.239
0.31,0.29,8.717949,297.1115,0.2768344,1103.546
0.31,0.29,9.230769,297.3758,0.29027283,1080.262
0.31,0.29,9.743589,297.62787,0.30342707,1057.3848
0.31,0.29,10.256411,297.86792,0.31630236,1034.912
0.31,0.29,10.769231,298.09607,0.32890356,1012.8407
0.31,0.29,11.282051,298.31244,0.34123543,991.1682
0.31,0.29,11.794871,298.5172,0.3533031,969.89105
0.31,0.29,12.307693,298.71057,0.3651113,949.00574
0.31,0.29,12.820513,298.8927,0.37666485,928.50854
0.31,0.29,13.333333,299.06363,0.3879685,908.39594
0.31,0.29,13.846154,299.2237,0.399027,888.6639
0.31,0.29,14.358974,299.37292,0.40984485,869.3083
0.31,0.29,14.871795,299.51147,0.4204268,850.32477
0.31,0.29,15.384615,299.63965,0.4307774,831.70917
0.31,0.29,15.897436,299.75742,0.44090116,813.4567
0.31,0.29,16.410257,299.86502,0.45080242,795.56305
0.31,0.29,16.923077,299.96255,0.4604857,778.02356
0.31,0.29,17.435898,300.05023,0.46995527,760.8334
0.31,0.29,17.948717,300.12823,0.47921526,743.9877
0.31,0.29,18.461538,300.1965,0.48827022,727.48145
0.31,0.29,18.97436,300.25543,0.497124,711.3101
0.31,0.29,19.487179,300.30505,0.5057807,695.4686
0.31,0.29,20.0,300.34555,0.5142445,679.95166
0.31,0.31,0.0,290.24686,0.0,1561.7485
0.31,0.31,0.51282054,290.7443,0.019035086,1531.5168
0.31,0.31,1.0256411,291.22702,0.037700504,1501.6799
0.31,0.31,1.5384616,291.69498,0.05600121,1472.2424
0.31,0.31,2.0512822,292.14838,0.073942,1443.2075
0.31,0.31,2.5641026,292.58746,0.09152788,1414.5792
0.31,0.31,3.0769231,293.0123,0.108764015,1386.3599
0.31,0.31,3.5897436,293.4231,0.12565535,1358.5516
0.31,0.31,4.1025643,293.81995,0.14220703,1331.1561
0.31,0.31,4.6153846,294.20306,0.15842396,1304.175
0.31,0.31,5.1282053,294.5727,0.17431146,1277.6093
0.31,0.31,5.6410255,294.9289,0.18987453,1251.4585
0.31,0.31,6.1538463,295.2718,0.20511828,1225.7235
0.31,0.31,6.6666665,295.60165,0.2200479,1200.4038
0.31,0.31,7.179487,295.91855,0.2346684,1175.4983
0.31,0.31,7.6923075,296.2227,0.24898496,1151.0067
0.31,0.31,8.205129,296.51428,0.26300263,1126.9269
0.31,0.31,8.717949,296.79343,0.2767264,1103.2576
0.31,0.31,9.230769,297.0603,0.29016137,1079.9966
0.31,0.31,9.743589,297.315,0.30331254,1057.1417
0.31,0.31,10.256411,297.55777,0.31618494,1034.6903
0.31,0.31,10.769231,297.78873,0.3287835,1012.6398
0.31,0.31,11.282051,298.00806,0.3411131,990.9871
0.31,0.31,11.794871,298.21585,0.35317868,969.72876
0.31,0.31,12.307693,298.41232,0.36498493,948.86176
0.31,0.31,12.820513,298.5977,0.37653685,928.3822
0.31,0.31,13.333333,298.77194,0.38783902,908.2863
0.31,0.31,13.846154,298.93536,0.39889625,888.5702
0.31,0.31,14.358974,299.08807,0.40971303,869.22974
0.31,0.31,14.871795,299.23013,0.42029417,850.26086
0.31,0.31,15.384615,299.3619,0.43064404,831.65894
0.31,0.31,15.897436,299.48334,0.44076723,813.4197
0.31,0.31,16.410257,299.59464,0.45066816,795.5385
0.31,0.31,16.923077,299.696,0.4603512,778.0107
0.31,0.31,17.435898,299.78754,0.46982062,760.8316
0.31,0.31,17.948717,299.8694,0.4790807,743.9965
0.31,0.31,18.461538,299.94168,0.48813576,727.5003
0.31,0.31,18.97436,300.00464,0.49698985,711.3383
0.31,0.31,19.487179,300.05826,0.505647,695.5055
0.31,0.31,20.0,300.1028,0.5141113,679.9968
0.31,0.33,0.0,289.8534,0.0,1560.876
0.31,0.33,0.51282054,290.35083,0.01902455,1530.678
0.31,0.33,1.0256411,290.83356,0.03767985,1500.8751
0.31,0.33,1.5384616,291.30188,0.055970803,1471.472
0.31,0.33,2.0512822,291.75583,0.07390231,1442.472
0.31,0.33,2.5641026,292.19556,0.09147948,1413.8777
0.31,0.33,3.0769231,292.62128,0.10870717,1385.6926
0.31,0.33,3.5897436,293.03314,0.12559047,1357.9182
0.31,0.33,4.1025643,293.43127,0.14213453,1330.5566
0.31,0.33,4.6153846,293.8158,0.15834433,1303.6084
0.31,0.33,5.1282053,294.187,0.17422503,1277.0747
0.31,0.33,5.6410255,294.54492,0.18978181,1250.9563
0.31,0.33,6.1538463,294.88974,0.2050195,1225.2526
0.31,0.33,6.6666665,295.22162,0.21994355,1199.9633
0.31,0.33,7.179487,295.5407,0.23455884,1175.0878
0.31,0.33,7.6923075,295.84723,0.24887043,1150.6248
0.31,0.33,8.205129,296.14127,0.26288354,1126.573
0.31,0.33,8.717949,296.42297,0.27660316,1102.9308
0.31,0.33,9.230769,296.69254,0.2900343,1079.6962
0.31,0.33,9.743589,296.95004,0.30318195,1056.8666
0.31,0.33,10.256411,297.19574,0.31605113,1034.4397
0.31,0.33,10.769231,297.42975,0.3286467,1012.4128
0.31,0.33,11.282051,297.65222,0.34097368,990.78265
0.31,0.33,11.794871,297.86328,0.35303682,969.5462
0.31,0.33,12.307693,298.06317,0.36484098,948.69977
0.31,0.33,12.820513,298.25186,0.37639102,928.2402
0.31,0.33,13.333333,298.42972,0.38769162,908.1634
0.31,0.33,13.846154,298.59668,0.39874744,888.4654
0.31,0.33,14.358974,298.7531,0.40956306,869.14233
0.31,0.33,14.871795,298.899,0.4201432,850.18994
0.31,0.33,15.384615,299.03458,0.43049222,831.60364
0.31,0.33,15.897436,299.1599,0.4406149,813.3793
0.31,0.33,16.410257,299.27527,0.45051542,795.51215
0.31,0.33,16.923077,299.38065,0.46019816,777.9978
0.31,0.33,17.435898,299.4763,0.46966758,760.83124
0.31,0.33,17.948717,299.5623,0.47892773,744.0081
0.31,0.33,18.461538,299.6388,0.48798293,727.52313
0.31,0.33,18.97436,299.706,0.49683735,711.3716
0.31,0.33,19.487179,299.764,0.505495,695.54895
0.31,0.33,20.0,299.8129,0.5139599,680.0496
0.31,0.35,0.0,289.40692,0.0,1559.8933
0.31,0.35,0.51282054,289.90433,0.01901266,1529.7338
0.31,0.35,1.0256411,290.38724,0.03765659,1499.9701
0.31,0.35,1.5384616,290.85583,0.055936694,1470.606
0.31,0.35,2.0512822,291.3104,0.07385777,1441.6451
0.31,0.35,2.5641026,291.7509,0.09142498,1413.0903
0.31,0.35,3.0769231,292.17758,0.10864323,1384.9438
0.31,0.35,3.5897436,292.59058,0.12551758,1357.2081
0.31,0.35,4.1025643,292.9901,0.14205313,1329.8842
0.31,0.35,4.6153846,293.37622,0.15825494,1302.9736
0.31,0.35,5.1282053,293.74905,0.17412803,1276.4767
0.31,0.35,5.6410255,294.10886,0.1896776,1250.3942
0.31,0.35,6.1538463,294.45566,0.20490862,1224.7257
0.31,0.35,6.6666665,294.78973,0.21982636,1199.4706
0.31,0.35,7.179487,295.11118,0.2344358,1174.6284
0.31,0.35,7.6923075,295.42014,0.24874192,1150.1981
0.31,0.35,8.205129,295.71677,0.26275003,1126.1777
0.31,0.35,8.717949,296.0012,0.27646494,1102.5659
0.31,0.35,9.230769,296.27365,0.28989175,1079.361
0.31,0.35,9.743589,296.53412,0.3030355,1056.5599
0.31,0.35,10.256411,296.78296,0.31590104,1034.1604
0.31,0.35,10.769231,297.0202,0.32849342,1012.15967
0.31,0.35,11.282051,297.24603,0.34081736,990.55505
0.31,0.35,11.794871,297.4605,0.3528779,969.3428
0.31,0.35,12.307693,297.66397,0.3646797,948.51996
0.31,0.35,12.820513,297.8563,0.37622762,928.08264
0.31,0.35,13.333333,298.03787,0.38752633,908.027
0.31,0.35,13.846154,298.2087,0.39858067,888.3494
0.31,0.35,14.358974,298.36902,0.40939495,869.0458
0.31,0.35,14.871795,298.51892,0.41997403,850.1117
0.31,0.35,15.384615,298.6585,0.4303223,831.54297
0.31,0.35,15.897436,298.78806,0.44044426,813.3352
0.31,0.35,16.410257,298.90756,0.4503443,795.4838
0.31,0.35,16.923077,299.0172,0.4600268,777.9843
0.31,0.35,17.435898,299.11728,0.4694961,760.832
0.31,0.35,17.948717,299.2077,0.4787565,744.02203
0.31,0.35,18.461538,299.28867,0.48781186,727.54974
0.31,0.35,18.97436,299.3604,0.4966667,711.4101
0.31,0.35,19.487179,299.42294,0.5053249,695.59845
0.31,0.35,20.0,299.47653,0.5137904,680.10956
0.31,0.37,0.0,288.90884,0.0,1558.8024
0.31,0.37,0.51282054,289.4061,0.018999517,1528.6864
0.31,0.37,1.0256411,289.88925,0.037630826,1498.9667
0.31,0.37,1.5384616,290.3583,0.05589878,1469.6465
0.31,0.37,2.0512822,290.8134,0.07380838,1440.7296
0.31,0.37,2.5641026,291.25476,0.09136464,1412.2185
0.31,0.37,3.0769231,291.68253,0.10857235,1384.1152
0.31,0.37,3.5897436,292.09677,0.12543684,1356.4222
0.31,0.37,4.1025643,292.49762,0.14196289,1329.1405
0.31,0.37,4.6153846,292.88538,0.1581558,1302.2712
0.31,0.37,5.1282053,293.26004,0.17402053,1275.8154
0.31,0.37,5.6410255,293.62177,0.18956219,1249.7727
0.31,0.37,6.1538463,293.97073,0.2047858,1224.143
0.31,0.37,6.6666665,294.3071,0.21969664,1198.926
0.31,0.37,7.179487,294.631,0.23429957,1174.121
0.31,0.37,7.6923075,294.94257,0.24859971,1149.7266
0.31,0.37,8.205129,295.24194,0.26260224,1125.7413
0.31,0.37,8.717949,295.52924,0.27631196,1102.1632
0.31,0.37,9.230769,295.80466,0.28973404,1078.9907
0.31,0.37,9.743589,296.06836,0.3028734,1056.2211
0.31,0.37,10.256411,296.3205,0.31573498,1033.8519
0.31,0.37,10.769231,296.56113,0.32832372,1011.8807
0.31,0.37,11.282051,296.7904,0.34064436,990.3041
0.31,0.37,11.794871,297.00858,0.35270196,969.11865
0.31,0.37,12.307693,297.2157,0.36450127,948.3216
0.31,0.37,12.820513,297.41193,0.37604687,927.9089
0.31,0.37,13.333333,297.5974,0.38734365,907.87683
0.31,0.37,13.846154,297.77225,0.3983962,888.22174
0.31,0.37,14.358974,297.93674,0.40920907,868.9395
0.31,0.37,14.871795,298.09082,0.41978696,850.02563
0.31,0.37,15.384615,298.2347,0.4301343,831.4764
0.31,0.37,15.897436,298.3686,0.44025555,813.2871
0.31,0.37,16.410257,298.49258,0.45015508,795.4532
0.31,0.37,16.923077,298.60678,0.45983738,777.97015
0.31,0.37,17.435898,298.71133,0.4693066,760.83344
0.31,0.37,17.948717,298.80643,0.47856706,744.03815
0.31,0.37,18.461538,298.89218,0.48762277,727.5798
0.31,0.37,18.97436,298.96866,0.49647802,711.4532
0.31,0.37,19.487179,299.03607,0.5051367,695.6538
0.31,0.37,20.0,299.09448,0.5136031,680.1766
0.31,0.39,0.0,288.3604,0.0,1557.6055
0.31,0.39,0.51282054,288.85767,0.01898507,1527.538
0.31,0.39,1.0256411,289.34097,0.03760256,1497.8667
0.31,0.39,1.5384616,289.8105,0.055857316,1468.5951
0.31,0.39,2.0512822,290.26627,0.07375424,1439.7266
0.31,0.39,2.5641026,290.70844,0.09129835,1411.2633
0.31,0.39,3.0769231,291.13733,0.10849469,1383.2079
0.31,0.39,3.5897436,291.5529,0.12534827,1355.5618
0.31,0.39,4.1025643,291.95523,0.14186406,1328.3267
0.31,0.39,4.6153846,292.34464,0.1580472,1301.503
0.31,0.39,5.1282053,292.72116,0.17390272,1275.0913
0.31,0.39,5.6410255,293.08493,0.18943577,1249.0925
0.31,0.39,6.1538463,293.4362,0.20465136,1223.5056
0.31,0.39,6.6666665,293.77493,0.21955453,1198.3303
0.31,0.39,7.179487,294.10132,0.23415036,1173.5658
0.31,0.39,7.6923075,294.41562,0.24844392,1149.2108
0.31,0.39,8.205129,294.7179,0.26244035,1125.2635
0.31,0.39,8.717949,295.00818,0.27614444,1101.7224
0.31,0.39,9.230769,295.28674,0.28956124,1078.5854
0.31,0.39,9.743589,295.55374,0.3026958,1055.8505
0.31,0.39,10.256411,295.80923,0.3155531,1033.5146
0.31,0.39,10.769231,296.05347,0.32813787,1011.57526
0.31,0.39,11.282051,296.28644,0.340455,990.0293
0.31,0.39,11.794871,296.50836,0.35250944,968.87354
0.31,0.39,12.307693,296.71936,0.3643058,948.1045
0.31,0.39,12.820513,296.91962,0.375849,927.71875
0.31,0.39,13.333333,297.10925,0.38714358,907.7125
0.31,0.39,13.846154,297.28836,0.39819425,888.08203
0.31,0.39,14.358974,297.4571,0.40900558,868.8233
0.31,0.39,14.871795,297.61557,0.4195821,849.932
0.31,0.39,15.384615,297.764,0.42992842,831.4039
0.31,0.39,15.897436,297.90244,0.44004893,813.2346
0.31,0.39,16.410257,298.0311,0.44994792,795.41974
0.31,0.39,16.923077,298.15002,0.4596299,777.95496
0.31,0.39,17.435898,298.25946,0.469099,760.83527
0.31,0.39,17.948717,298.3594,0.47835952,744.0562
0.31,0.39,18.461538,298.45007,0.48741567,727.6129
0.31,0.39,18.97436,298.53162,0.49627137,711.5007
0.31,0.39,19.487179,298.60406,0.50493085,695.7147
0.31,0.39,20.0,298.66766,0.51339805,680.25006
0.33,0.01,0.0,288.43103,0.0,1559.1499
0.33,0.01,0.51282054,288.94238,0.01900468,1529.1692
0.33,0.01,1.0256411,289.43695,0.037642613,1499.563
0.33,0.01,1.5384616,289.91498,0.055918545,1470.3362
0.33,0.01,2.0512822,290.3767,0.07383712,1441.495
0.33,0.01,2.5641026,290.82236,0.091403075,1413.0437
0.33,0.01,3.0769231,291.25217,0.10862132,1384.9863
0.33,0.01,3.5897436,291.66626,0.12549672,1357.3267
0.33,0.01,4.1025643,292.065,0.14203408,1330.0676
0.33,0.01,4.6153846,292.44855,0.15823846,1303.2113
0.33,0.01,5.1282053,292.81717,0.17411482,1276.7598
0.33,0.01,5.6410255,293.17096,0.18966806,1250.7141
0.33,0.01,6.1538463,293.51028,0.20490324,1225.0753
0.33,0.01,6.6666665,293.8352,0.21982542,1199.8439
0.33,0.01,7.179487,294.14606,0.23443961,1175.0197
0.33,0.01,7.6923075,294.44308,0.24875063,1150.602
0.33,0.01,8.205129,294.7264,0.2627637,1126.5905
0.33,0.01,8.717949,294.99615,0.27648377,1102.9834
0.33,0.01,9.230769,295.25272,0.28991574,1079.7797
0.33,0.01,9.743589,295.49622,0.3030646,1056.9774
0.33,0.01,10.256411,295.72678,0.31593528,1034.5739
0.33,0.01,10.769231,295.94473,0.32853276,1012.5674
0.33,0.01,11.282051,296.15015,0.3408616,990.9549
0.33,0.01,11.794871,296.34332,0.35292697,969.7332
0.33,0.01,12.307693,296.5244,0.36473355,948.89954
0.33,0.01,12.820513,296.6936,0.3762861,928.45013
0.33,0.01,13.333333,296.8511,0.38758934,908.3816
0.33,0.01,13.846154,296.99704,0.39864787,888.6903
0.33,0.01,14.358974,297.1317,0.40946627,869.37225
0.33,0.01,14.871795,297.2551,0.4200493,850.4232
0.33,0.01,15.384615,297.3676,0.43040133,831.83905
0.33,0.01,15.897436,297.46933,0.44052675,813.6154
0.33,0.01,16.410257,297.5604,0.45043024,795.7478
0.33,0.01,16.923077,297.64105,0.46011588,778.23193
0.33,0.01,17.435898,297.71136,0.4695881,761.063
0.33,0.01,17.948717,297.77167,0.4788512,744.23627
0.33,0.01,18.461538,297.82196,0.4879092,727.7471
0.33,0.01,18.97436,297.8625,0.49676633,711.5905
0.33,0.01,19.487179,297.89346,0.5054265,695.7619
0.33,0.01,20.0,297.91495,0.513894,680.25604
0.33,0.03,0.0,289.00775,0.0,1560.2076
0.33,0.03,0.51282054,289.51672,0.01901725,1530.1632
0.33,0.03,1.0256411,290.00897,0.037667073,1500.495
0.33,0.03,1.5384616,290.4848,0.055954166,1471.2098
0.33,0.03,2.0512822,290.9444,0.073883064,1442.3123
0.33,0.03,2.5641026,291.38788,0.091458775,1413.8071
0.33,0.03,3.0769231,291.81567,0.1086861,1385.6989
0.33,0.03,3.5897436,292.22787,0.12556994,1357.9901
0.33,0.03,4.1025643,292.62476,0.14211524,1330.684
0.33,0.03,4.6153846,293.00647,0.15832686,1303.7831
0.33,0.03,5.1282053,293.37323,0.17421001,1277.2888
0.33,0.03,5.6410255,293.72534,0.18976955,1251.2029
0.33,0.03,6.1538463,294.06296,0.20501047,1225.5253
0.33,0.03,6.6666665,294.38635,0.21993797,1200.2566
0.33,0.03,7.179487,294.6957,0.23455696,1175.3972
0.33,0.03,7.6923075,294.99118,0.24887246,1150.9465
0.33,0.03,8.205129,295.27298,0.26288965,1126.9028
0.33,0.03,8.717949,295.54138,0.27661332,1103.2659
0.33,0.03,9.230769,295.79657,0.29004857,1080.0334
0.33,0.03,9.743589,296.03867,0.30320048,1057.2039
0.33,0.03,10.256411,296.26797,0.31607378,1034.7748
0.33,0.03,10.769231,296.48465,0.32867345,1012.7438
0.33,0.03,11.282051,296.6889,0.3410044,991.1084
0.33,0.03,11.794871,296.88095,0.35307154,969.86487
0.33,0.03,12.307693,297.06082,0.36487964,949.0106
0.33,0.03,12.820513,297.22894,0.37643343,928.5418
0.33,0.03,13.333333,297.38528,0.38773766,908.4552
0.33,0.03,13.846154,297.53024,0.39879698,888.74664
0.33,0.03,14.358974,297.66382,0.40961593,869.41235
0.33,0.03,14.871795,297.78632,0.42019933,850.44824
0.33,0.03,15.384615,297.89783,0.43055162,831.84985
0.33,0.03,15.897436,297.99857,0.44067717,813.61304
0.33,0.03,16.410257,298.0887,0.45058045,795.73303
0.33,0.03,16.923077,298.16846,0.46026587,778.2056
0.33,0.03,17.435898,298.23795,0.46973777,761.02594
0.33,0.03,17.948717,298.29733,0.47900024,744.1893
0.33,0.03,18.461538,298.34683,0.4880576,727.6909
0.33,0.03,18.97436,298.38657,0.49691403,711.52576
0.33,0.03,19.487179,298.41672,0.5055734,695.6893
0.33,0.03,20.0,298.43747,0.51404,680.1763
0.33,0.05,0.0,289.50885,0.0,1561.1194
0.33,0.05,0.51282054,290.01566,0.01902815,1531.0187
0.33,0.05,1.0256411,290.5059,0.037688144,1501.2968
0.33,0.05,1.5384616,290.9797,0.055984728,1471.9602
0.33,0.05,2.0512822,291.43738,0.0739226,1443.0131
0.33,0.05,2.5641026,291.87912,0.09150665,1414.4612
0.33,0.05,3.0769231,292.30508,0.108741745,1386.3079
0.33,0.05,3.5897436,292.71564,0.12563282,1358.5565
0.33,0.05,4.1025643,293.11093,0.14218481,1331.21
0.33,0.05,4.6153846,293.49112,0.15840274,1304.2701
0.33,0.05,5.1282053,293.85645,0.17429158,1277.739
0.33,0.05,5.6410255,294.20715,0.1898565,1251.6176
0.33,0.05,6.1538463,294.5434,0.20510232,1225.9067
0.33,0.05,6.6666665,294.8655,0.2200343,1200.6063
0.33,0.05,7.179487,295.1736,0.2346574,1175.7168
0.33,0.05,7.6923075,295.4679,0.24897668,1151.2372
0.33,0.05,8.205129,295.74863,0.26299724,1127.1663
0.33,0.05,8.717949,296.01593,0.27672404,1103.5032
0.33,0.05,9.230769,296.2701,0.29016206,1080.2462
0.33,0.05,9.743589,296.51126,0.30331635,1057.3936
0.33,0.05,10.256411,296.73962,0.31619185,1034.9425
0.33,0.05,10.769231,296.9554,0.32879347,1012.89075
0.33,0.05,11.282051,297.1588,0.3411261,991.2355
0.33,0.05,11.794871,297.35,0.3531947,969.9735
0.33,0.05,12.307693,297.52917,0.36500403,949.1018
0.33,0.05,12.820513,297.69653,0.3765588,928.61646
0.33,0.05,13.333333,297.8522,0.38786387,908.5143
0.33,0.05,13.846154,297.99643,0.3989238,888.7913
0.33,0.05,14.358974,298.12943,0.40974334,869.44336
0.33,0.05,14.871795,298.25128,0.42032707,850.4663
0.33,0.05,15.384615,298.3622,0.43067944,831.856
0.33,0.05,15.897436,298.4624,0.44080496,813.60785
0.33,0.05,16.410257,298.55203,0.45070812,795.7175
0.33,0.05,16.923077,298.6313,0.46039325,778.18036
0.33,0.05,17.435898,298.70023,0.46986485,760.9917
0.33,0.05,17.948717,298.7592,0.47912687,744.1467
0.33,0.05,18.461538,298.80823,0.48818362,727.64044
0.33,0.05,18.97436,298.84756,0.49703938,711.4683
0.33,0.05,19.487179,298.87732,0.5056981,695.62524
0.33,0.05,20.0,298.8977,0.51416373,680.10626
0.33,0.07,0.0,289.93607,0.0,1561.8881
0.33,0.07,0.51282054,290.44098,0.019037329,1531.7382
0.33,0.07,1.0256411,290.92935,0.037705876,1501.9694
0.33,0.07,1.5384616,291.40143,0.05601044,1472.5884
0.33,0.07,2.0512822,291.85745,0.07395582,1443.5994
0.33,0.07,2.5641026,292.29767,0.09154681,1415.0073
0.33,0.07,3.0769231,292.72223,0.10878837,1386.8158
0.33,0.07,3.5897436,293.13132,0.12568551,1359.0281
0.33,0.07,4.1025643,293.5253,0.14224312,1331.6467
0.33,0.07,4.6153846,293.90424,0.15846616,1304.6742
0.33,0.07,5.1282053,294.2684,0.1743598,1278.1117
0.33,0.07,5.6410255,294.61804,0.18992904,1251.9604
0.33,0.07,6.1538463,294.95328,0.20517895,1226.2214
0.33,0.07,6.6666665,295.2744,0.22011466,1200.8943
0.33,0.07,7.179487,295.58157,0.23474112,1175.9791
0.33,0.07,7.6923075,295.87506,0.2490635,1151.4755
0.33,0.07,8.205129,296.15497,0.26308686,1127.3816
0.33,0.07,8.717949,296.42154,0.2768161,1103.6969
0.33,0.07,9.230769,296.675,0.29025644,1080.4197
0.33,0.07,9.743589,296.91556,0.30341274,1057.5472
0.33,0.07,10.256411,297.1433,0.31629005,1035.0778
0.33,0.07,10.769231,297.35855,0.32889324,1013.00867
0.33,0.07,11.282051,297.56146,0.3412272,991.33716
0.33,0.07,11.794871,297.7522,0.353297,970.05975
0.33,0.07,12.307693,297.93088,0.3651073,949.17334
0.33,0.07,12.820513,298.09793,0.3766629,928.6745
0.33,0.07,13.333333,298.25327,0.38796854,908.55963
0.33,0.07,13.846154,298.39722,0.39902896,888.82434
0.33,0.07,14.358974,298.52988,0.4098488,869.46515
0.33,0.07,14.871795,298.6515,0.42043275,850.47766
0.33,0.07,15.384615,298.76227,0.43078512,831.8574
0.33,0.07,15.897436,298.8623,0.44091067,813.6002
0.33,0.07,16.410257,298.95175,0.45081374,795.7013
0.33,0.07,16.923077,299.03088,0.46049857,778.1563
0.33,0.07,17.435898,299.0998,0.46996975,760.96014
0.33,0.07,17.948717,299.15866,0.4792313,744.10846
0.33,0.07,18.461538,299.20764,0.48828763,727.596
0.33,0.07,18.97436,299.24698,0.49714282,711.41797
0.33,0.07,19.487179,299.2767,0.50580084,695.56964
0.33,0.07,20.0,299.29706,0.5142659,680.0457
0.33,0.09,0.0,290.2912,0.0,1562.516
0.33,0.09,0.51282054,290.79437,0.019044787,1532.3241
0.33,0.09,1.0256411,291.2812,0.037720323,1502.5165
0.33,0.09,1.5384616,291.75177,0.056031354,1473.0979
0.33,0.09,2.0512822,292.20636,0.073982835,1444.0732
0.33,0.09,2.5641026,292.6453,0.09157941,1415.4478
0.33,0.09,3.0769231,293.06863,0.10882618,1387.2245
0.33,0.09,3.5897436,293.4766,0.12572816,1359.4061
0.33,0.09,4.1025643,293.86954,0.1422902,1331.9961
0.33,0.09,4.6153846,294.24753,0.15851742,1304.9962
0.33,0.09,5.1282053,294.61084,0.17441487,1278.4082
0.33,0.09,5.6410255,294.95966,0.18998766,1252.2325
0.33,0.09,6.1538463,295.2942,0.20524074,1226.4703
0.33,0.09,6.6666665,295.61462,0.22017938,1201.1215
0.33,0.09,7.179487,295.92126,0.2348085,1176.1853
0.33,0.09,7.6923075,296.21414,0.24913329,1151.662
0.33,0.09,8.205129,296.49356,0.26315886,1127.5499
0.33,0.09,8.717949,296.75974,0.2768901,1103.8474
0.33,0.09,9.230769,297.01285,0.2903322,1080.5535
0.33,0.09,9.743589,297.2531,0.30349004,1057.6655
0.33,0.09,10.256411,297.48065,0.31636864,1035.1815
0.33,0.09,10.769231,297.69568,0.32897297,1013.09827
0.33,0.09,11.282051,297.8984,0.34130803,991.41345
0.33,0.09,11.794871,298.08905,0.35337862,970.12396
0.33,0.09,12.307693,298.26776,0.36518964,949.22595
0.33,0.09,12.820513,298.4347,0.37674582,928.71643
0.33,0.09,13.333333,298.5901,0.388052,908.5911
0.33,0.09,13.846154,298.73404,0.39911273,888.84656
0.33,0.09,14.358974,298.86685,0.40993282,869.47833
0.33,0.09,14.871795,298.98862,0.42051682,850.4825
0.33,0.09,15.384615,299.0995,0.43086922,831.8546
0.33,0.09,15.897436,299.1997,0.44099468,813.59015
0.33,0.09,16.410257,299.28943,0.45089754,795.68463
0.33,0.09,16.923077,299.36877,0.46058235,778.13336
0.33,0.09,17.435898,299.43793,0.47005302,760.93146
0.33,0.09,17.948717,299.49713,0.4793142,744.0744
0.33,0.09,18.461538,299.54645,0.48837012,727.55707
0.33,0.09,18.97436,299.58612,0.49722475,711.37476
0.33,0.09,19.487179,299.61627,0.5058822,695.5224
0.33,0.09,20.0,299.63702,0.5143466,679.9949
0.33,0.11,0.0,290.57593,0.0,1563.0051
0.33,0.11,0.51282054,291.0776,0.019050576,1532.7797
0.33,0.11,1.0256411,291.56305,0.037731536,1502.9393
0.33,0.11,1.5384616,292.03238,0.056047626,1473.4905
0.33,0.11,2.0512822,292.48584,0.0740037,1444.4371
0.33,0.11,2.5641026,292.92368,0.0916046,1415.7844
0.33,0.11,3.0769231,293.346,0.10885539,1387.5353
0.33,0.11,3.5897436,293.75314,0.12576097,1359.6929
0.33,0.11,4.1025643,294.1453,0.14232646,1332.26
0.33,0.11,4.6153846,294.52258,0.15855685,1305.2385
0.33,0.11,5.1282053,294.8853,0.17445707,1278.63
0.33,0.11,5.6410255,295.23358,0.19003245,1252.4352
0.33,0.11,6.1538463,295.56772,0.205288,1226.6548
0.33,0.11,6.6666665,295.88773,0.22022873,1201.289
0.33,0.11,7.179487,296.19406,0.23485987,1176.3365
0.33,0.11,7.6923075,296.48676,0.24918638,1151.7982
0.33,0.11,8.205129,296.76605,0.26321352,1127.6715
0.33,0.11,8.717949,297.0321,0.27694613,1103.9557
0.33,0.11,9.230769,297.2852,0.29038945,1080.6494
0.33,0.11,9.743589,297.5254,0.30354846,1057.7491
0.33,0.11,10.256411,297.75305,0.316428,1035.2539
0.33,0.11,10.769231,297.96823,0.32903326,1013.16034
0.33,0.11,11.282051,298.17117,0.341369,991.4655
0.33,0.11,11.794871,298.36203,0.35344017,970.1667
0.33,0.11,12.307693,298.541,0.36525166,949.2601
0.33,0.11,12.820513,298.70825,0.37680823,928.7423
0.33,0.11,13.333333,298.864,0.38811457,908.6095
0.33,0.11,13.846154,299.00842,0.39917558,888.8578
0.33,0.11,14.358974,299.1416,0.40999568,869.4831
0.33,0.11,14.871795,299.26385,0.4205797,850.48114
0.33,0.11,15.384615,299.37527,0.43093213,831.8473
0.33,0.11,15.897436,299.47604,0.44105747,813.57776
0.33,0.11,16.410257,299.56635,0.4509602,795.66724
0.33,0.11,16.923077,299.6463,0.4606445,778.1114
0.33,0.11,17.435898,299.71613,0.47011507,760.9056
0.33,0.11,17.948717,299.77597,0.47937596,744.0448
0.33,0.11,18.461538,299.82605,0.48843145,727.524
0.33,0.11,18.97436,299.86642,0.49728566,711.3385
0.33,0.11,19.487179,299.89728,0.5059426,695.4834
0.33,0.11,20.0,299.91885,0.51440656,679.9533
0.33,0.13,0.0,290.79193,0.0,1563.3596
0.33,0.13,0.51282054,291.29233,0.0190548,1533.1064
0.33,0.13,1.0256411,291.77658,0.037739567,1503.2408
0.33,0.13,1.5384616,292.24484,0.056059256,1473.7678
0.33,0.13,2.0512822,292.69736,0.07401856,1444.6925
0.33,0.13,2.5641026,293.13437,0.09162254,1416.0186
0.33,0.13,3.0769231,293.55603,0.10887604,1387.75
0.33,0.13,3.5897436,293.9626,0.12578423,1359.8895
0.33,0.13,4.1025643,294.35413,0.14235196,1332.4396
0.33,0.13,4.6153846,294.73102,0.15858445,1305.4021
0.33,0.13,5.1282053,295.09338,0.17448664,1278.7787
0.33,0.13,5.6410255,295.4415,0.19006374,1252.5696
0.33,0.13,6.1538463,295.77536,0.20532085,1226.7761
0.33,0.13,6.6666665,296.09537,0.22026299,1201.3977
0.33,0.13,7.179487,296.40167,0.23489544,1176.4338
0.33,0.13,7.6923075,296.69443,0.24922305,1151.8846
0.33,0.13,8.205129,296.97385,0.26325125,1127.7479
0.33,0.13,8.717949,297.2401,0.2769847,1104.0227
0.33,0.13,9.230769,297.49347,0.29042882,1080.7073
0.33,0.13,9.743589,297.734,0.3035884,1057.799
0.33,0.13,10.256411,297.96204,0.31646857,1035.2959
0.33,0.13,10.769231,298.17767,0.32907432,1013.19495
0.33,0.13,11.282051,298.38107,0.3414104,991.4935
0.33,0.13,11.794871,298.57248,0.35348183,970.1884
0.33,0.13,12.307693,298.75208,0.36529353,949.2759
0.33,0.13,12.820513,298.92004,0.3768503,928.7525
0.33,0.13,13.333333,299.07648,0.38815683,908.6147
0.33,0.13,13.846154,299.22156,0.3992178,888.8582
0.33,0.13,14.358974,299.3556,0.4100379,869.4792
0.33,0.13,14.871795,299.47867,0.4206218,850.47327
0.33,0.13,15.384615,299.59097,0.43097413,831.83594
0.33,0.13,15.897436,299.69263,0.44109935,813.5629
0.33,0.13,16.410257,299.7839,0.45100176,795.6494
0.33,0.13,16.923077,299.86484,0.46068603,778.0908
0.33,0.13,17.435898,299.93564,0.47015622,760.8823
0.33,0.13,17.948717,299.99658,0.47941673,744.0193
0.33,0.13,18.461538,300.04764,0.48847193,727.4966
0.33,0.13,18.97436,300.0891,0.49732584,711.30914
0.33,0.13,19.487179,300.1211,0.50598246,695.4524
0.33,0.13,20.0,300.14377,0.514446,679.9209
0.33,0.15,0.0,290.94086,0.0,1563.581
0.33,0.15,0.51282054,291.4402,0.019057356,1533.3075
0.33,0.15,1.0256411,291.92346,0.037744574,1503.4231
0.33,0.15,1.5384616,292.39084,0.05606635,1473.9327
0.33,0.15,2.0512822,292.84262,0.074027635,1444.8413
0.33,0.15,2.5641026,293.27902,0.09163328,1416.1531
0.33,0.15,3.0769231,293.70016,0.10888835,1387.871
0.33,0.15,3.5897436,294.1063,0.12579796,1359.9979
0.33,0.15,4.1025643,294.49768,0.14236698,1332.5364
0.33,0.15,4.6153846,294.87433,0.15860051,1305.4884
0.33,0.15,5.1282053,295.23663,0.1745038,1278.8549
0.33,0.15,5.6410255,295.5847,0.19008175,1252.6371
0.33,0.15,6.1538463,295.9187,0.20533958,1226.8353
0.33,0.15,6.6666665,296.23886,0.22028244,1201.449
0.33,0.15,7.179487,296.54547,0.23491547,1176.4781
0.33,0.15,7.6923075,296.83853,0.24924359,1151.9219
0.33,0.15,8.205129,297.1184,0.26327217,1127.7794
0.33,0.15,8.717949,297.38516,0.2770061,1104.0486
0.33,0.15,9.230769,297.6391,0.29045036,1080.7279
0.33,0.15,9.743589,297.88028,0.3036103,1057.8151
0.33,0.15,10.256411,298.10898,0.3164906,1035.3076
0.33,0.15,10.769231,298.3254,0.32909638,1013.2027
0.33,0.15,11.282051,298.52963,0.34143257,991.4977
0.33,0.15,11.794871,298.72192,0.35350412,970.18915
0.33,0.15,12.307693,298.9024,0.3653158,949.27356
0.33,0.15,12.820513,299.07135,0.3768725,928.7475
0.33,0.15,13.333333,299.22882,0.38817888,908.607
0.33,0.15,13.846154,299.37503,0.39923978,888.84827
0.33,0.15,14.358974,299.51016,0.41005975,869.4672
0.33,0.15,14.871795,299.6344,0.4206436,850.4594
0.33,0.15,15.384615,299.74792,0.4309957,831.8204
0.33,0.15,15.897436,299.8508,0.44112062,813.54584
0.33,0.15,16.410257,299.9433,0.45102292,795.63104
0.33,0.15,16.923077,300.0256,0.46070683,778.07135
0.33,0.15,17.435898,300.0978,0.47017688,760.86194
0.33,0.15,17.948717,300.15997,0.47943717,743.998
0.33,0.15,18.461538,300.21252,0.48849207,727.47455
0.33,0.15,18.97436,300.2554,0.49734563,711.2867
0.33,0.15,19.487179,300.28888,0.50600195,695.4294
0.33,0.15,20.0,300.31308,0.51446515,679.8976
0.33,0.17,0.0,291.02435,0.0,1563.6718
0.33,0.17,0.51282054,291.5227,0.019058399,1533.3849
0.33,0.17,1.0256411,292.0052,0.0377464,1503.488
0.33,0.17,1.5384616,292.47192,0.05606901,1473.987
0.33,0.17,2.0512822,292.9232,0.07403087,1444.886
0.33,0.17,2.5641026,293.35913,0.09163704,1416.1887
0.33,0.17,3.0769231,293.78003,0.108892575,1387.8988
0.33,0.17,3.5897436,294.18604,0.12580243,1360.0189
0.33,0.17,4.1025643,294.57727,0.14237162,1332.5515
0.33,0.17,4.6153846,294.95398,0.15860541,1305.4982
0.33,0.17,5.1282053,295.31647,0.17450865,1278.8601
0.33,0.17,5.6410255,295.66473,0.1900867,1252.6382
0.33,0.17,6.1538463,295.99915,0.20534453,1226.8324
0.33,0.17,6.6666665,296.3198,0.2202874,1201.4432
0.33,0.17,7.179487,296.62686,0.23492026,1176.4698
0.33,0.17,7.6923075,296.9206,0.2492483,1151.9115
0.33,0.17,8.205129,297.20117,0.26327676,1127.7667
0.33,0.17,8.717949,297.46872,0.2770104,1104.0343
0.33,0.17,9.230769,297.72345,0.29045463,1080.7122
0.33,0.17,9.743589,297.96558,0.30361426,1057.7982
0.33,0.17,10.256411,298.19525,0.31649435,1035.2896
0.33,0.17,10.769231,298.41275,0.32909995,1013.1841
0.33,0.17,11.282051,298.61807,0.3414359,991.47833
0.33,0.17,11.794871,298.8116,0.3535072,970.16925
0.33,0.17,12.307693,298.9933,0.36531863,949.2534
0.33,0.17,12.820513,299.16354,0.376875,928.72723
0.33,0.17,13.333333,299.32236,0.38818118,908.58673
0.33,0.17,13.846154,299.46994,0.3992418,888.828
0.33,0.17,14.358974,299.6065,0.4100616,869.44696
0.33,0.17,14.871795,299.73227,0.42064512,850.43945
0.33,0.17,15.384615,299.84726,0.430997,831.8008
0.33,0.17,15.897436,299.95175,0.4411217,813.5266
0.33,0.17,16.410257,300.0459,0.45102376,795.6122
0.33,0.17,16.923077,300.1298,0.46070752,778.05304
0.33,0.17,17.435898,300.20364,0.47017723,760.8442
0.33,0.17,17.948717,300.26764,0.4794374,743.98083
0.33,0.17,18.461538,300.3219,0.488492,727.458
0.33,0.17,18.97436,300.36655,0.4973454,711.2708
0.33,0.17,19.487179,300.4018,0.50600153,695.41425
0.33,0.17,20.0,300.4278,0.5144646,679.8832
0.33,0.19,0.0,291.0439,0.0,1563.6346
0.33,0.19,0.51282054,291.54147,0.01905793,1533.3406
0.33,0.19,1.0256411,292.02332,0.037745357,1503.4381
0.33,0.19,1.5384616,292.48956,0.056067236,1473.9321
0.33,0.19,2.0512822,292.94046,0.07402842,1444.8276
0.33,0.19,2.5641026,293.37628,0.09163386,1416.1277
0.33,0.19,3.0769231,293.79703,0.10888861,1387.836
0.33,0.19,3.5897436,294.20306,0.12579769,1359.9551
0.33,0.19,4.1025643,294.5945,0.14236614,1332.4867
0.33,0.19,4.6153846,294.9715,0.15859905,1305.4332
0.33,0.19,5.1282053,295.33432,0.17450155,1278.7957
0.33,0.19,5.6410255,295.68314,0.19007882,1252.5741
0.33,0.19,6.1538463,296.01807,0.20533583,1226.7695
0.33,0.19,6.6666665,296.33942,0.22027797,1201.3818
0.33,0.19,7.179487,296.64728,0.2349101,1176.4099
0.33,0.19,7.6923075,296.9419,0.24923739,1151.8533
0.33,0.19,8.205129,297.2234,0.26326507,1127.7104
0.33,0.19,8.717949,297.492,0.2769981,1103.9801
0.33,0.19,9.230769,297.74786,0.2904417,1080.6602
0.33,0.19,9.743589,297.99118,0.30360064,1057.7483
0.33,0.19,10.256411,298.2222,0.3164802,1035.2421
0.33,0.19,10.769231,298.44092,0.3290852,1013.13885
0.33,0.19,11.282051,298.64774,0.34142065,991.4355
0.33,0.19,11.794871,298.84268,0.35349143,970.129
0.33,0.19,12.307693,299.02597,0.3653023,949.2155
0.33,0.19,12.820513,299.19772,0.37685832,928.69165
0.33,0.19,13.333333,299.35828,0.38816407,908.5537
0.33,0.19,13.846154,299.50754,0.39922428,888.79736
0.33,0.19,14.358974,299.64584,0.41004372,869.4187
0.33,0.19,14.871795,299.7734,0.4206269,850.4133
0.33,0.19,15.384615,299.89023,0.4309785,831.77686
0.33,0.19,15.897436,299.9966,0.44110292,813.5049
0.33,0.19,16.410257,300.0927,0.45100468,795.59265
0.33,0.19,16.923077,300.1786,0.46068817,778.03564
0.33,0.19,17.435898,300.25446,0.47015774,760.82886
0.33,0.19,17.948717,300.3205,0.47941768,743.96765
0.33,0.19,18.461538,300.37683,0.48847225,727.44666
0.33,0.19,18.97436,300.4236,0.49732542,711.2614
0.33,0.19,19.487179,300.461,0.50598145,695.40674
0.33,0.19,20.0,300.48917,0.5144445,679.8775
0.33,0.21,0.0,291.0011,0.0,1563.4719
0.33,0.21,0.51282054,291.49805,0.019055896,1533.1771
0.33,0.21,1.0256411,291.97937,0.037741393,1503.2749
0.33,0.21,1.5384616,292.4453,0.056061186,1473.771
0.33,0.21,2.0512822,292.89603,0.07402044,1444.6685
0.33,0.21,2.5641026,293.33182,0.09162395,1415.9717
0.33,0.21,3.0769231,293.7527,0.10887677,1387.6837
0.33,0.21,3.5897436,294.1589,0.12578402,1359.8065
0.33,0.21,4.1025643,294.5507,0.14235061,1332.343
0.33,0.21,4.6153846,294.92822,0.15858188,1305.2944
0.33,0.21,5.1282053,295.29163,0.17448273,1278.6617
0.33,0.21,5.6410255,295.64114,0.19005832,1252.4458
0.33,0.21,6.1538463,295.97693,0.2053138,1226.6472
0.33,0.21,6.6666665,296.29916,0.22025439,1201.2649
0.33,0.21,7.179487,296.60803,0.23488516,1176.2987
0.33,0.21,7.6923075,296.90372,0.2492111,1151.7482
0.33,0.21,8.205129,297.1865,0.26323757,1127.6111
0.33,0.21,8.717949,297.4564,0.27696943,1103.8866
0.33,0.21,9.230769,297.71365,0.29041183,1080.5724
0.33,0.21,9.743589,297.95844,0.30356982,1057.6663
0.33,0.21,10.256411,298.19092,0.3164484,1035.1658
0.33,0.21,10.769231,298.41132,0.32905245,1013.06805
0.33,0.21,11.282051,298.61978,0.34138703,991.36993
0.33,0.21,11.794871,298.81653,0.353457,970.0685
0.33,0.21,12.307693,299.0016,0.36526725,949.1602
0.33,0.21,12.820513,299.1753,0.3768226,928.6413
0.33,0.21,13.333333,299.3377,0.38812777,908.5079
0.33,0.21,13.846154,299.489,0.39918742,888.7563
0.33,0.21,14.358974,299.62936,0.41000634,869.38214
0.33,0.21,14.871795,299.75906,0.4205891,850.3811
0.33,0.21,15.384615,299.87802,0.4309404,831.74896
0.33,0.21,15.897436,299.9866,0.44106454,813.48096
0.33,0.21,16.410257,300.08496,0.45096597,795.57263
0.33,0.21,16.923077,300.17307,0.4606492,778.0193
0.33,0.21,17.435898,300.25128,0.4701186,760.81604
0.33,0.21,17.948717,300.31973,0.47937846,743.95807
0.33,0.21,18.461538,300.3784,0.48843288,727.4406
0.33,0.21,18.97436,300.4276,0.49728602,711.2584
0.33,0.21,19.487179,300.4675,0.5059421,695.40686
0.33,0.21,20.0,300.49814,0.514405,679.8805
0.33,0.23,0.0,290.89737,0.0,1563.1862
0.33,0.23,0.51282054,291.39377,0.019052401,1532.8969
0.33,0.23,1.0256411,291.87476,0.037734456,1503.0015
0.33,0.23,1.5384616,292.34058,0.056051016,1473.5046
0.33,0.23,2.0512822,292.79132,0.07400698,1444.4102
0.33,0.23,2.5641026,293.22714,0.091607414,1415.7219
0.33,0.23,3.0769231,293.64832,0.10885716,1387.443
0.33,0.23,3.5897436,294.05493,0.1257615,1359.5752
0.33,0.23,4.1025643,294.44727,0.14232537,1332.1213
0.33,0.23,4.6153846,294.82547,0.15855388,1305.0826
0.33,0.23,5.1282053,295.1896,0.17445222,1278.4603
0.33,0.23,5.6410255,295.54007,0.19002536,1252.2544
0.33,0.23,6.1538463,295.87692,0.2052786,1226.4655
0.33,0.23,6.6666665,296.2003,0.22021699,1201.0933
0.33,0.23,7.179487,296.5104,0.23484568,1176.1372
0.33,0.23,7.6923075,296.8075,0.24916974,1151.5962
0.33,0.23,8.205129,297.09167,0.26319444,1127.469
0.33,0.23,8.717949,297.3631,0.27692452,1103.754
0.33,0.23,9.230769,297.62198,0.2903654,1080.4491
0.33,0.23,9.743589,297.8685,0.3035219,1057.552
0.33,0.23,10.256411,298.1028,0.3163991,1035.0602
0.33,0.23,10.769231,298.32507,0.32900196,1012.9709
0.33,0.23,11.282051,298.5355,0.34133536,991.2813
0.33,0.23,11.794871,298.7342,0.35340434,969.9879
0.33,0.23,12.307693,298.9214,0.36521363,949.08734
0.33,0.23,12.820513,299.0973,0.37676805,928.57574
0.33,0.23,13.333333,299.26184,0.3880725,908.44977
0.33,0.23,13.846154,299.4155,0.39913157,888.70483
0.33,0.23,14.358974,299.55823,0.40994987,869.33746
0.33,0.23,14.871795,299.69025,0.4205321,850.34265
0.33,0.23,15.384615,299.8117,0.43088284,831.7167
0.33,0.23,15.897436,299.92276,0.44100663,813.45447
0.33,0.23,16.410257,300.0236,0.45090783,795.5517
0.33,0.23,16.923077,300.11438,0.4605909,778.00366
0.33,0.23,17.435898,300.1952,0.4700602,760.8055
0.33,0.23,17.948717,300.26627,0.47931984,743.9525
0.33,0.23,18.461538,300.3277,0.4883742,727.43945
0.33,0.23,18.97436,300.37967,0.4972274,711.2617
0.33,0.23,19.487179,300.42236,0.50588346,695.41437
0.33,0.23,20.0,300.45587,0.5143466,679.8919
0.33,0.25,0.0,290.73416,0.0,1562.7794
0.33,0.25,0.51282054,291.23026,0.019047447,1532.5018
0.33,0.25,1.0256411,291.71106,0.037724756,1502.6189
0.33,0.25,1.5384616,292.1767,0.05603662,1473.1349
0.33,0.25,2.0512822,292.62756,0.07398821,1444.0543
0.33,0.25,2.5641026,293.06366,0.09158426,1415.38
0.33,0.25,3.0769231,293.4853,0.10882994,1387.1155
0.33,0.25,3.5897436,293.89252,0.12573037,1359.2625
0.33,0.25,4.1025643,294.28552,0.14229047,1331.8231
0.33,0.25,4.6153846,294.66458,0.15851533,1304.7992
0.33,0.25,5.1282053,295.0298,0.17441028,1278.1913
0.33,0.25,5.6410255,295.38132,0.1899803,1252.0002
0.33,0.25,6.1538463,295.71933,0.20523041,1226.2255
0.33,0.25,6.6666665,296.04407,0.22016603,1200.8679
0.33,0.25,7.179487,296.35565,0.23479196,1175.9258
0.33,0.25,7.6923075,296.65433,0.24911353,1151.3987
0.33,0.25,8.205129,296.94012,0.26313582,1127.2847
0.33,0.25,8.717949,297.21335,0.27686375,1103.5826
0.33,0.25,9.230769,297.4741,0.2903026,1080.2903
0.33,0.25,9.743589,297.72256,0.30345723,1057.4058
0.33,0.25,10.256411,297.9589,0.3163327,1034.926
0.33,0.25,10.769231,298.1833,0.32893395,1012.84827
0.33,0.25,11.282051,298.39594,0.34126595,991.16986
0.33,0.25,11.794871,298.59692,0.35333365,969.88727
0.33,0.25,12.307693,298.78647,0.36514175,948.99677
0.33,0.25,12.820513,298.96475,0.37669516,928.4953
0.33,0.25,13.333333,299.13187,0.38799858,908.3787
0.33,0.25,13.846154,299.28802,0.39905682,888.64307
0.33,0.25,14.358974,299.43338,0.40987447,869.2842
0.33,0.25,14.871795,299.56808,0.4204561,850.298
0.33,0.25,15.384615,299.6923,0.4308064,831.6798
0.33,0.25,15.897436,299.80615,0.4409297,813.4253
0.33,0.25,16.410257,299.90982,0.45083058,795.52985
0.33,0.25,16.923077,300.00348,0.46051344,777.98865
0.33,0.25,17.435898,300.08725,0.4699825,760.79706
0.33,0.25,17.948717,300.16125,0.47924218,743.95026
0.33,0.25,18.461538,300.22574,0.4882966,727.44324
0.33,0.25,18.97436,300.28076,0.49714985,711.27106
0.33,0.25,19.487179,300.32654,0.50580615,695.4289
0.33,0.25,20.0,300.36313,0.5142694,679.91144
0.33,0.27,0.0,290.51294,0.0,1562.254
0.33,0.27,0.51282054,291.0087,0.019041084,1531.994
0.33,0.27,1.0256411,291.4894,0.03771224,1502.1294
0.33,0.27,1.5384616,291.95523,0.056018263,1472.6641
0.33,0.27,2.0512822,292.40628,0.07396411,1443.6024
0.33,0.27,2.5641026,292.84283,0.09155469,1414.9475
0.33,0.27,3.0769231,293.265,0.108795255,1386.7023
0.33,0.27,3.5897436,293.6729,0.12569067,1358.8689
0.33,0.27,4.1025643,294.0668,0.14224604,1331.4495
0.33,0.27,4.6153846,294.4469,0.15846652,1304.4446
0.33,0.27,5.1282053,294.81326,0.17435715,1277.8564
0.33,0.27,5.6410255,295.16608,0.1899231,1251.6841
0.33,0.27,6.1538463,295.50552,0.2051695,1225.9285
0.33,0.27,6.6666665,295.8318,0.22010152,1200.589
0.33,0.27,7.179487,296.14505,0.23472416,1175.6648
0.33,0.27,7.6923075,296.4454,0.24904269,1151.1553
0.33,0.27,8.205129,296.73315,0.26306197,1127.0583
0.33,0.27,8.717949,297.00833,0.27678734,1103.3732
0.33,0.27,9.230769,297.27112,0.29022366,1080.0969
0.33,0.27,9.743589,297.5218,0.30337602,1057.2277
0.33,0.27,10.256411,297.76038,0.31624937,1034.763
0.33,0.27,10.769231,297.98718,0.32884875,1012.7
0.33,0.27,11.282051,298.20224,0.341179,991.03534
0.33,0.27,11.794871,298.40576,0.35324505,969.766
0.33,0.27,12.307693,298.59793,0.36505175,948.88885
0.33,0.27,12.820513,298.77887,0.37660393,928.3998
0.33,0.27,13.333333,298.94873,0.38790628,908.29504
0.33,0.27,13.846154,299.1077,0.3989635,888.5708
0.33,0.27,14.358974,299.25595,0.40978032,869.2228
0.33,0.27,14.871795,299.3936,0.42036134,850.2469
0.33,0.27,15.384615,299.5208,0.43071094,831.63855
0.33,0.27,15.897436,299.6377,0.4408339,813.39343
0.33,0.27,16.410257,299.74454,0.4507344,795.5069
0.33,0.27,16.923077,299.84137,0.46041706,777.9742
0.33,0.27,17.435898,299.92834,0.469886,760.79065
0.33,0.27,17.948717,300.0056,0.47914553,743.9514
0.33,0.27,18.461538,300.0734,0.4882,727.45154
0.33,0.27,18.97436,300.1318,0.49705347,711.2862
0.33,0.27,19.487179,300.18088,0.50570995,695.45044
0.33,0.27,20.0,300.22098,0.5141736,679.93915
0.33,0.29,0.0,290.2352,0.0,1561.6125
0.33,0.29,0.51282054,290.7307,0.019033365,1531.3756
0.33,0.29,1.0256411,291.21143,0.03769701,1501.5345
0.33,0.29,1.5384616,291.67743,0.055995837,1472.0934
0.33,0.29,2.0512822,292.1288,0.07393485,1443.0559
0.33,0.29,2.5641026,292.5659,0.09151891,1414.4258
0.33,0.29,3.0769231,292.98874,0.10875317,1386.2052
0.33,0.29,3.5897436,293.39755,0.12564254,1358.3961
0.33,0.29,4.1025643,293.79245,0.14219227,1331.001
0.33,0.29,4.6153846,294.17365,0.15840733,1304.0205
0.33,0.29,5.1282053,294.54135,0.17429294,1277.4558
0.33,0.29,5.6410255,294.89557,0.18985415,1251.3066
0.33,0.29,6.1538463,295.2366,0.20509596,1225.574
0.33,0.29,6.6666665,295.5646,0.22002387,1200.2571
0.33,0.29,7.179487,295.87967,0.23464254,1175.3547
0.33,0.29,7.6923075,296.18198,0.24895728,1150.8665
0.33,0.29,8.205129,296.4718,0.26297325,1126.7903
0.33,0.29,8.717949,296.74918,0.2766954,1103.1249
0.33,0.29,9.230769,297.01425,0.29012877,1079.8683
0.33,0.29,9.743589,297.2673,0.30327845,1057.0181
0.33,0.29,10.256411,297.5084,0.31614932,1034.5714
0.33,0.29,10.769231,297.73773,0.32874653,1012.5257
0.33,0.29,11.282051,297.95547,0.34107465,990.8783
0.33,0.29,11.794871,298.16174,0.35313892,969.6253
0.33,0.29,12.307693,298.35678,0.36494395,948.76337
0.33,0.29,12.820513,298.54065,0.37649465,928.2892
0.33,0.29,13.333333,298.7135,0.38779578,908.19836
0.33,0.29,13.846154,298.87552,0.3988519,888.4876
0.33,0.29,14.358974,299.0269,0.40966773,869.1528
0.33,0.29,14.871795,299.16776,0.42024797,850.189
0.33,0.29,15.384615,299.2982,0.430597,831.5926
0.33,0.29,15.897436,299.4185,0.44071937,813.3586
0.33,0.29,16.410257,299.52866,0.4506196,795.4826
0.33,0.29,16.923077,299.62894,0.46030197,777.9599
0.33,0.29,17.435898,299.7194,0.46977073,760.7859
0.33,0.29,17.948717,299.80026,0.47903043,743.9557
0.33,0.29,18.461538,299.87164,0.48808497,727.4643
0.33,0.29,18.97436,299.93362,0.4969386,711.307
0.33,0.29,19.487179,299.98645,0.50559545,695.47876
0.33,0.29,20.0,300.03018,0.51405936,679.9746
0.33,0.31,0.0,289.9022,0.0,1560.8572
0.33,0.31,0.51282054,290.39758,0.019024238,1530.6488
0.33,0.31,1.0256411,290.87836,0.03767912,1500.8365
0.33,0.31,1.5384616,291.34454,0.055969603,1471.4248
0.33,0.31,2.0512822,291.79642,0.07390048,1442.4174
0.33,0.31,2.5641026,292.23413,0.09147687,1413.8164
0.33,0.31,3.0769231,292.65775,0.10870378,1385.625
0.33,0.31,3.5897436,293.06757,0.12558626,1357.8453
0.33,0.31,4.1025643,293.46365,0.14212936,1330.4791
0.33,0.31,4.6153846,293.8461,0.15833817,1303.527
0.33,0.31,5.1282053,294.2152,0.17421784,1276.9904
0.33,0.31,5.6410255,294.571,0.18977351,1250.8691
0.33,0.31,6.1538463,294.91376,0.20501022,1225.1632
0.33,0.31,6.6666665,295.24362,0.21993312,1199.8726
0.33,0.31,7.179487,295.5607,0.23454726,1174.996
0.33,0.31,7.6923075,295.8652,0.24885777,1150.5326
0.33,0.31,8.205129,296.15723,0.26286972,1126.4807
0.33,0.31,8.717949,296.43698,0.27658814,1102.839
0.33,0.31,9.230769,296.70456,0.2900182,1079.6051
0.33,0.31,9.743589,296.96014,0.30316478,1056.7769
0.33,0.31,10.256411,297.20398,0.31603277,1034.3513
0.33,0.31,10.769231,297.4361,0.3286273,1012.326
0.33,0.31,11.282051,297.65674,0.34095317,990.698
0.33,0.31,11.794871,297.86597,0.3530153,969.46375
0.33,0.31,12.307693,298.06403,0.36481857,948.62006
0.33,0.31,12.820513,298.25104,0.37636763,928.16284
0.33,0.31,13.333333,298.42712,0.38766727,908.089
0.33,0.31,13.846154,298.59247,0.39872214,888.39386
0.33,0.31,14.358974,298.74725,0.40953693,869.0739
0.33,0.31,14.871795,298.89154,0.42011622,850.12463
0.33,0.31,15.384615,299.02554,0.43046463,831.54156
0.33,0.31,15.897436,299.14938,0.44058642,813.32043
0.33,0.31,16.410257,299.26318,0.45048624,795.4568
0.33,0.31,16.923077,299.36713,0.4601684,777.94574
0.33,0.31,17.435898,299.46146,0.46963713,760.78265
0.33,0.31,17.948717,299.54608,0.4788967,743.9628
0.33,0.31,18.461538,299.6213,0.4879514,727.4812
0.33,0.31,18.97436,299.68726,0.49680528,711.3331
0.33,0.31,19.487179,299.744,0.50546247,695.5137
0.33,0.31,20.0,299.79172,0.513927,680.01764
0.33,0.33,0.0,289.51532,0.0,1559.9899
0.33,0.33,0.51282054,290.01065,0.019013807,1529.8153
0.33,0.33,1.0256411,290.49152,0.037658624,1500.0377
0.33,0.33,1.5384616,290.95807,0.05593946,1470.6602
0.33,0.33,2.0512822,291.41046,0.07386116,1441.6869
0.33,0.33,2.5641026,291.84885,0.09142879,1413.1204
0.33,0.33,3.0769231,292.27344,0.108647294,1384.9633
0.33,0.33,3.5897436,292.68423,0.12552184,1357.2174
0.33,0.33,4.1025643,293.0816,0.14205745,1329.8843
0.33,0.33,4.6153846,293.46548,0.15825921,1302.9652
0.33,0.33,5.1282053,293.83615,0.17413214,1276.4607
0.33,0.33,5.6410255,294.1937,0.18968147,1250.3711
0.33,0.33,6.1538463,294.5383,0.20491217,1224.6967
0.33,0.33,6.6666665,294.87018,0.21982948,1199.4358
0.33,0.33,7.179487,295.1894,0.23443846,1174.5886
0.33,0.33,7.6923075,295.49612,0.24874412,1150.1538
0.33,0.33,8.205129,295.7906,0.2627517,1126.1299
0.33,0.33,8.717949,296.07288,0.27646598,1102.5149
0.33,0.33,9.230769,296.3431,0.28989217,1079.3071
0.33,0.33,9.743589,296.60144,0.30303514,1056.5038
0.33,0.33,10.256411,296.84814,0.31590003,1034.1027
0.33,0.33,10.769231,297.08328,0.3284917,1012.1005
0.33,0.33,11.282051,297.30698,0.34081486,990.4946
0.33,0.33,11.794871,297.5194,0.35287467,969.28204
0.33,0.33,12.307693,297.7207,0.36467576,948.4586
0.33,0.33,12.820513,297.9111,0.376223,928.02136
0.33,0.33,13.333333,298.09064,0.3875209,907.9659
0.33,0.33,13.846154,298.2595,0.3985745,888.2888
0.33,0.33,14.358974,298.41794,0.40938807,868.986
0.33,0.33,14.871795,298.5659,0.41996637,850.05286
0.33,0.33,15.384615,298.7036,0.43031394,831.4854
0.33,0.33,15.897436,298.83133,0.44043517,813.279
0.33,0.33,16.410257,298.94904,0.4503346,795.4292
0.33,0.33,16.923077,299.05695,0.46001637,777.9313
0.33,0.33,17.435898,299.1552,0.46948504,760.7807
0.33,0.33,17.948717,299.244,0.47874475,743.97253
0.33,0.33,18.461538,299.32333,0.48779967,727.50214
0.33,0.33,18.97436,299.3934,0.49665385,711.36444
0.33,0.33,19.487179,299.4544,0.5053114,695.5548
0.33,0.33,20.0,299.50644,0.5137765,680.06805
0.33,0.35,0.0,289.0759,0.0,1559.0137
0.33,0.35,0.51282054,289.57123,0.019001968,1528.8783
0.33,0.35,1.0256411,290.05225,0.03763552,1499.1395
0.33,0.35,1.5384616,290.5192,0.05590556,1469.8011
0.33,0.35,2.0512822,290.9722,0.07381693,1440.867
0.33,0.35,2.5641026,291.4114,0.0913747,1412.3394
0.33,0.35,3.0769231,291.8369,0.108583875,1384.2211
0.33,0.35,3.5897436,292.2489,0.12544951,1356.5131
0.33,0.35,4.1025643,292.64752,0.14197671,1329.218
0.33,0.35,4.6153846,293.03296,0.15817045,1302.3362
0.33,0.35,5.1282053,293.4053,0.17403588,1275.868
0.33,0.35,5.6410255,293.76468,0.18957809,1249.8141
0.33,0.35,6.1538463,294.11127,0.20480219,1224.1742
0.33,0.35,6.6666665,294.44528,0.21971333,1198.9475
0.33,0.35,7.179487,294.7668,0.23431653,1174.1335
0.33,0.35,7.6923075,295.076,0.2486167,1149.7311
0.33,0.35,8.205129,295.37292,0.26261923,1125.7379
0.33,0.35,8.717949,295.65787,0.27632892,1102.1531
0.33,0.35,9.230769,295.931,0.2897508,1078.9745
0.33,0.35,9.743589,296.19226,0.30288988,1056.1995
0.33,0.35,10.256411,296.44202,0.31575125,1033.8252
0.33,0.35,10.769231,296.68027,0.32833958,1011.8492
0.33,0.35,11.282051,296.9073,0.34065986,990.2686
0.33,0.35,11.794871,297.1231,0.35271698,969.07965
0.33,0.35,12.307693,297.32788,0.36451575,948.2794
0.33,0.35,12.820513,297.52182,0.37606084,927.8641
0.33,0.35,13.333333,297.70502,0.38735712,907.82965
0.33,0.35,13.846154,297.87766,0.39840907,888.17267
0.33,0.35,14.358974,298.03983,0.4092213,868.8889
0.33,0.35,14.871795,298.19168,0.41979855,849.97394
0.33,0.35,15.384615,298.33347,0.43014523,831.4237
0.33,0.35,15.897436,298.46518,0.44026583,813.23376
0.33,0.35,16.410257,298.58698,0.45016474,795.3994
0.33,0.35,16.923077,298.69913,0.4598463,777.9163
0.33,0.35,17.435898,298.80167,0.46931493,760.77966
0.33,0.35,17.948717,298.89474,0.47857466,743.9846
0.33,0.35,18.461538,298.97842,0.48762977,727.52655
0.33,0.35,18.97436,299.05298,0.4964843,711.40063
0.33,0.35,19.487179,299.1184,0.50514245,695.602
0.33,0.35,20.0,299.175,0.51360816,680.12555
0.33,0.37,0.0,288.5853,0.0,1557.931
0.33,0.37,0.51282054,289.08063,0.018988982,1527.8387
0.33,0.37,1.0256411,289.56183,0.037609965,1498.1438
0.33,0.37,1.5384616,290.02924,0.055868007,1468.8492
0.33,0.37,2.0512822,290.4829,0.07376791,1439.9589
0.33,0.37,2.5641026,290.9229,0.09131478,1411.4747
0.33,0.37,3.0769231,291.34946,0.10851352,1383.3995
0.33,0.37,3.5897436,291.7627,0.1253694,1355.7344
0.33,0.37,4.1025643,292.16272,0.14188716,1328.4812
0.33,0.37,4.6153846,292.5497,0.15807214,1301.6404
0.33,0.37,5.1282053,292.92383,0.17392921,1275.213
0.33,0.37,5.6410255,293.2852,0.18946372,1249.1985
0.33,0.37,6.1538463,293.63388,0.2046804,1223.597
0.33,0.37,6.6666665,293.97012,0.21958473,1198.4081
0.33,0.37,7.179487,294.29404,0.23418145,1173.6306
0.33,0.37,7.6923075,294.60574,0.24847573,1149.2637
0.33,0.37,8.205129,294.90543,0.2624727,1125.3053
0.33,0.37,8.717949,295.1932,0.27617726,1101.7538
0.33,0.37,9.230769,295.46924,0.2895944,1078.6072
0.33,0.37,9.743589,295.73364,0.3027292,1055.8633
0.33,0.37,10.256411,295.98657,0.31558654,1033.5189
0.33,0.37,10.769231,296.22818,0.3281713,1011.57184
0.33,0.37,11.282051,296.45856,0.34048837,990.0187
0.33,0.37,11.794871,296.67798,0.35254258,968.85675
0.33,0.37,12.307693,296.88638,0.3643387,948.0817
0.33,0.37,12.820513,297.0841,0.37588158,927.69073
0.33,0.37,13.333333,297.27112,0.3871758,907.6796
0.33,0.37,13.846154,297.4477,0.39822605,888.0448
0.33,0.37,14.358974,297.61395,0.40903687,868.7822
0.33,0.37,14.871795,297.7699,0.41961294,849.8874
0.33,0.37,15.384615,297.9159,0.42995867,831.35626
0.33,0.37,15.897436,298.05188,0.44007862,813.1844
0.33,0.37,16.410257,298.1781,0.44997704,795.3673
0.33,0.37,16.923077,298.29462,0.45965827,777.9005
0.33,0.37,17.435898,298.4016,0.46912676,760.7791
0.33,0.37,17.948717,298.49918,0.4783865,743.9987
0.33,0.37,18.461538,298.58755,0.48744202,727.5544
0.33,0.37,18.97436,298.66675,0.49629694,711.44135
0.33,0.37,19.487179,298.73694,0.50495565,695.65485
0.33,0.37,20.0,298.79828,0.5134221,680.1898
0.33,0.39,0.0,288.04492,0.0,1556.7429
0.33,0.39,0.51282054,288.54022,0.018974587,1526.6991
0.33,0.39,1.0256411,289.02173,0.037581906,1497.0526
0.33,0.39,1.5384616,289.48953,0.055826753,1467.8069
0.33,0.39,2.0512822,289.9438,0.07371419,1438.9645
0.33,0.39,2.5641026,290.38474,0.09124906,1410.5283
0.33,0.39,3.0769231,290.81235,0.10843649,1382.5001
0.33,0.39,3.5897436,291.22687,0.12528163,1354.8817
0.33,0.39,4.1025643,291.62842,0.14178917,1327.6742
0.33,0.39,4.6153846,292.01703,0.1579645,1300.8789
0.33,0.39,5.1282053,292.39297,0.1738125,1274.4955
0.33,0.39,5.6410255,292.75632,0.18933839,1248.5245
0.33,0.39,6.1538463,293.10724,0.20454709,1222.9653
0.33,0.39,6.6666665,293.4458,0.2194438,1197.8176
0.33,0.39,7.179487,293.77225,0.23403354,1173.0803
0.33,0.39,7.6923075,294.08664,0.24832125,1148.7521
0.33,0.39,8.205129,294.3891,0.26231214,1124.8314
0.33,0.39,8.717949,294.67984,0.27601114,1101.3167
0.33,0.39,9.230769,294.95892,0.2894232,1078.2053
0.33,0.39,9.743589,295.22656,0.30255324,1055.4954
0.33,0.39,10.256411,295.48288,0.31540623,1033.1838
0.33,0.39,10.769231,295.72794,0.32798705,1011.2684
0.33,0.39,11.282051,295.96194,0.34030056,989.74567
0.33,0.39,11.794871,296.18503,0.35235167,968.61255
0.33,0.39,12.307693,296.3973,0.36414495,947.8656
0.33,0.39,12.820513,296.59888,0.37568527,927.50116
0.33,0.39,13.333333,296.78998,0.38697731,907.51556
0.33,0.39,13.846154,296.97064,0.39802575,887.9051
0.33,0.39,14.358974,297.14108,0.408835,868.6656
0.33,0.39,14.871795,297.30142,0.4194097,849.79285
0.33,0.39,15.384615,297.45175,0.42975438,831.28265
0.33,0.39,15.897436,297.59222,0.43987352,813.1306
0.33,0.39,16.410257,297.72296,0.44977137,795.33246
0.33,0.39,16.923077,297.84412,0.4594524,777.88336
0.33,0.39,17.435898,297.95584,0.46892068,760.77905
0.33,0.39,17.948717,298.05826,0.4781806,744.0145
0.33,0.39,18.461538,298.15146,0.48723632,727.5852
0.33,0.39,18.97436,298.2355,0.49609184,711.4863
0.33,0.39,19.487179,298.3107,0.5047511,695.7132
0.33,0.39,20.0,298.37704,0.5132183,680.2605
0.35,0.01,0.0,288.0059,0.0,1558.2509
0.35,0.01,0.51282054,288.51413,0.018993676,1528.2847
0.35,0.01,1.0256411,289.0059,0.037620865,1498.6948
0.35,0.01,1.5384616,289.4814,0.05588621,1469.4872
0.35,0.01,2.0512822,289.9409,0.073794454,1440.6674
0.35,0.01,2.5641026,290.38452,0.09135035,1412.239
0.35,0.01,3.0769231,290.8126,0.10855889,1384.2059
0.35,0.01,3.5897436,291.2252,0.12542474,1356.5723
0.35,0.01,4.1025643,291.62268,0.14195308,1329.3402
0.35,0.01,4.6153846,292.00528,0.15814865,1302.5116
0.35,0.01,5.1282053,292.37308,0.17401652,1276.0884
0.35,0.01,5.6410255,292.7264,0.18956172,1250.0721
0.35,0.01,6.1538463,293.0654,0.20478919,1224.4629
0.35,0.01,6.6666665,293.39032,0.21970406,1199.2609
0.35,0.01,7.179487,293.70132,0.23431116,1174.4667
0.35,0.01,7.6923075,293.99863,0.24861561,1150.0791
0.35,0.01,8.205129,294.28247,0.26262254,1126.0973
0.35,0.01,8.717949,294.5531,0.27633664,1102.5199
0.35,0.01,9.230769,294.81058,0.28976303,1079.3456
0.35,0.01,9.743589,295.0552,0.30290675,1056.572
0.35,0.01,10.256411,295.28717,0.31577262,1034.1973
0.35,0.01,10.769231,295.50665,0.3283656,1012.2189
0.35,0.01,11.282051,295.71378,0.34069037,990.63367
0.35,0.01,11.794871,295.90884,0.352752,969.4389
0.35,0.01,12.307693,296.09198,0.3645551,948.63153
0.35,0.01,12.820513,296.2634,0.37610444,928.2077
0.35,0.01,13.333333,296.42328,0.38740486,908.1639
0.35,0.01,13.846154,296.57178,0.39846087,888.4965
0.35,0.01,14.358974,296.70908,0.40927708,869.2019
0.35,0.01,14.871795,296.8354,0.4198581,850.2754
0.35,0.01,15.384615,296.95087,0.43020838,831.7129
0.35,0.01,15.897436,297.05563,0.44033247,813.5103
0.35,0.01,16.410257,297.15,0.45023477,795.66284
0.35,0.01,16.923077,297.23398,0.45991945,778.1664
0.35,0.01,17.435898,297.3079,0.46939096,761.01587
0.35,0.01,17.948717,297.37177,0.47865352,744.207
0.35,0.01,18.461538,297.4259,0.4877113,727.73474
0.35,0.01,18.97436,297.47034,0.49656844,711.5945
0.35,0.01,19.487179,297.50528,0.50522876,695.7812
0.35,0.01,20.0,297.53088,0.5136967,680.2901
0.35,0.03,0.0,288.57965,0.0,1559.2906
0.35,0.03,0.51282054,289.08563,0.019006088,1529.2623
0.35,0.03,1.0256411,289.5752,0.037644908,1499.6124
0.35,0.03,1.5384616,290.04855,0.055921204,1470.3477
0.35,0.03,2.0512822,290.50598,0.073839724,1441.4728
0.35,0.03,2.5641026,290.94763,0.09140521,1412.9921
0.35,0.03,3.0769231,291.37378,0.108622625,1384.909
0.35,0.03,3.5897436,291.78458,0.12549697,1357.2272
0.35,0.03,4.1025643,292.18027,0.14203298,1329.9493
0.35,0.03,4.6153846,292.5611,0.15823585,1303.0769
0.35,0.03,5.1282053,292.92722,0.17411035,1276.612
0.35,0.03,5.6410255,293.27893,0.1896618,1250.5557
0.35,0.03,6.1538463,293.61627,0.20489502,1224.9083
0.35,0.03,6.6666665,293.9397,0.21981509,1199.6705
0.35,0.03,7.179487,294.2492,0.23442703,1174.8414
0.35,0.03,7.6923075,294.54507,0.24873587,1150.421
0.35,0.03,8.205129,294.82758,0.2627468,1126.408
0.35,0.03,8.717949,295.09677,0.27646452,1102.801
0.35,0.03,9.230769,295.353,0.28989428,1079.5985
0.35,0.03,9.743589,295.59637,0.30304092,1056.798
0.35,0.03,10.256411,295.82706,0.31590942,1034.3978
0.35,0.03,10.769231,296.04532,0.32850468,1012.3954
0.35,0.03,11.282051,296.25128,0.34083152,990.78754
0.35,0.03,11.794871,296.44528,0.3528949,969.57117
0.35,0.03,12.307693,296.6273,0.36469945,948.7432
0.35,0.03,12.820513,296.79764,0.37625015,928.30023
0.35,0.03,13.333333,296.95645,0.3875515,908.2384
0.35,0.03,13.846154,297.10394,0.39860836,888.554
0.35,0.03,14.358974,297.2403,0.40942514,869.24335
0.35,0.03,14.871795,297.36566,0.42000654,850.30176
0.35,0.03,15.384615,297.4802,0.43035725,831.7253
0.35,0.03,15.897436,297.584,0.44048133,813.5094
0.35,0.03,16.410257,297.6775,0.4503835,795.6497
0.35,0.03,16.923077,297.76065,0.460068,778.14154
0.35,0.03,17.435898,297.83368,0.46953917,760.98047
0.35,0.03,17.948717,297.89676,0.47880122,744.1616
0.35,0.03,18.461538,297.95004,0.48785836,727.6802
0.35,0.03,18.97436,297.99365,0.49671468,711.5314
0.35,0.03,19.487179,298.02786,0.5053743,695.71027
0.35,0.03,20.0,298.05273,0.5138412,680.21185
0.35,0.05,0.0,289.07858,0.0,1560.1866
0.35,0.05,0.51282054,289.58252,0.01901678,1530.1031
0.35,0.05,1.0256411,290.07016,0.037665613,1500.4008
0.35,0.05,1.5384616,290.5416,0.055951297,1471.0862
0.35,0.05,2.0512822,290.99725,0.07387858,1442.1632
0.35,0.05,2.5641026,291.43716,0.09145236,1413.6366
0.35,0.05,3.0769231,291.86166,0.10867744,1385.5099
0.35,0.05,3.5897436,292.2709,0.12555882,1357.7866
0.35,0.05,4.1025643,292.66504,0.14210153,1330.469
0.35,0.05,4.6153846,293.04443,0.15831053,1303.5587
0.35,0.05,5.1282053,293.40915,0.17419082,1277.0576
0.35,0.05,5.6410255,293.75946,0.18974748,1250.9666
0.35,0.05,6.1538463,294.09567,0.2049855,1225.2866
0.35,0.05,6.6666665,294.41785,0.21991006,1200.0172
0.35,0.05,7.179487,294.72614,0.23452613,1175.1587
0.35,0.05,7.6923075,295.0209,0.24883866,1150.71
0.35,0.05,8.205129,295.30234,0.26285294,1126.6699
0.35,0.05,8.717949,295.57053,0.27657384,1103.0375
0.35,0.05,9.230769,295.82578,0.29000628,1079.8105
0.35,0.05,9.743589,296.06818,0.30315542,1056.9874
0.35,0.05,10.256411,296.29803,0.3160261,1034.5654
0.35,0.05,10.769231,296.51547,0.3286233,1012.5422
0.35,0.05,11.282051,296.7206,0.34095183,990.91504
0.35,0.05,11.794871,296.91382,0.35301667,969.68024
0.35,0.05,12.307693,297.09506,0.36482248,948.83496
0.35,0.05,12.820513,297.26468,0.37637419,928.3758
0.35,0.05,13.333333,297.42285,0.3876764,908.29865
0.35,0.05,13.846154,297.5697,0.39873382,888.5998
0.35,0.05,14.358974,297.70538,0.4095511,869.2754
0.35,0.05,14.871795,297.83014,0.42013285,850.32104
0.35,0.05,15.384615,297.94415,0.4304836,831.7325
0.35,0.05,15.897436,298.0475,0.44060776,813.5056
0.35,0.05,16.410257,298.14044,0.45050988,795.63544
0.35,0.05,16.923077,298.2231,0.4601941,778.11774
0.35,0.05,17.435898,298.2957,0.469665,760.94745
0.35,0.05,17.948717,298.35834,0.4789266,744.1203
0.35,0.05,18.461538,298.4112,0.48798317,727.63104
0.35,0.05,18.97436,298.45444,0.4968388,711.47504
0.35,0.05,19.487179,298.48822,0.5054977,695.64734
0.35,0.05,20.0,298.51276,0.5139638,680.1429
0.35,0.07,0.0,289.50443,0.0,1560.9409
0.35,0.07,0.51282054,290.00656,0.01902575,1530.8102
0.35,0.07,1.0256411,290.49243,0.037683032,1501.0624
0.35,0.07,1.5384616,290.9623,0.055976644,1471.7043
0.35,0.07,2.0512822,291.41632,0.07391123,1442.7404
0.35,0.07,2.5641026,291.8548,0.09149184,1414.1747
0.35,0.07,3.0769231,292.2779,0.108723335,1386.0109
0.35,0.07,3.5897436,292.6858,0.12561071,1358.252
0.35,0.07,4.1025643,293.0787,0.1421589,1330.9003
0.35,0.07,4.6153846,293.4569,0.15837301,1303.9579
0.35,0.07,5.1282053,293.82056,0.17425793,1277.4261
0.35,0.07,5.6410255,294.1699,0.18981904,1251.3064
0.35,0.07,6.1538463,294.50504,0.20506102,1225.5984
0.35,0.07,6.6666665,294.82632,0.21998928,1200.3029
0.35,0.07,7.179487,295.1338,0.2346087,1175.4192
0.35,0.07,7.6923075,295.4278,0.24892431,1150.9469
0.35,0.07,8.205129,295.70847,0.2629414,1126.8843
0.35,0.07,8.717949,295.97598,0.27666467,1103.2305
0.35,0.07,9.230769,296.2305,0.29009953,1079.9834
0.35,0.07,9.743589,296.47235,0.30325064,1057.1411
0.35,0.07,10.256411,296.7016,0.31612304,1034.7008
0.35,0.07,10.769231,296.9185,0.3287218,1012.66046
0.35,0.07,11.282051,297.12323,0.34105176,991.017
0.35,0.07,11.794871,297.31595,0.35311764,969.767
0.35,0.07,12.307693,297.49686,0.36492455,948.9075
0.35,0.07,12.820513,297.66617,0.37647694,928.4345
0.35,0.07,13.333333,297.824,0.38777992,908.34467
0.35,0.07,13.846154,297.97052,0.39883783,888.6338
0.35,0.07,14.358974,298.10605,0.40965545,869.2982
0.35,0.07,14.871795,298.2306,0.42023742,850.33344
0.35,0.07,15.384615,298.34433,0.43058828,831.73505
0.35,0.07,15.897436,298.44757,0.4407124,813.4989
0.35,0.07,16.410257,298.54037,0.45061433,795.6203
0.35,0.07,16.923077,298.62292,0.4602983,778.09454
0.35,0.07,17.435898,298.6954,0.46976882,760.91705
0.35,0.07,17.948717,298.758,0.47902995,744.08307
0.35,0.07,18.461538,298.81082,0.4880861,727.58746
0.35,0.07,18.97436,298.854,0.49694124,711.4257
0.35,0.07,19.487179,298.8878,0.50559944,695.59265
0.35,0.07,20.0,298.9123,0.51406485,680.0833
0.35,0.09,0.0,289.85892,0.0,1561.5565
0.35,0.09,0.51282054,290.35947,0.019033104,1531.385
0.35,0.09,1.0256411,290.84384,0.03769722,1501.5997
0.35,0.09,1.5384616,291.31226,0.05599714,1472.2052
0.35,0.09,2.0512822,291.76505,0.07393772,1443.2067
0.35,0.09,2.5641026,292.20227,0.09152386,1414.6083
0.35,0.09,3.0769231,292.62424,0.10876047,1386.4137
0.35,0.09,3.5897436,293.0311,0.12565264,1358.625
0.35,0.09,4.1025643,293.42303,0.14220525,1331.2455
0.35,0.09,4.6153846,293.8003,0.15842345,1304.2766
0.35,0.09,5.1282053,294.16315,0.17431223,1277.7197
0.35,0.09,5.6410255,294.5117,0.18987674,1251.5759
0.35,0.09,6.1538463,294.8462,0.20512193,1225.8455
0.35,0.09,6.6666665,295.16684,0.22005312,1200.5283
0.35,0.09,7.179487,295.47375,0.23467508,1175.6243
0.35,0.09,7.6923075,295.76727,0.24899316,1151.1326
0.35,0.09,8.205129,296.04745,0.26301238,1127.0519
0.35,0.09,8.717949,296.31458,0.27673766,1103.3807
0.35,0.09,9.230769,296.56888,0.29017422,1080.1173
0.35,0.09,9.743589,296.81042,0.30332685,1057.2594
0.35,0.09,10.256411,297.03946,0.3162007,1034.8047
0.35,0.09,10.769231,297.2562,0.32880065,1012.7505
0.35,0.09,11.282051,297.46072,0.34113154,991.09393
0.35,0.09,11.794871,297.65335,0.35319838,969.83185
0.35,0.09,12.307693,297.83423,0.36500597,948.96075
0.35,0.09,12.820513,298.00354,0.37655902,928.4769
0.35,0.09,13.333333,298.16138,0.38786232,908.37695
0.35,0.09,13.846154,298.30798,0.39892066,888.6567
0.35,0.09,14.358974,298.44354,0.40973848,869.31226
0.35,0.09,14.871795,298.56824,0.4203206,850.3391
0.35,0.09,15.384615,298.6822,0.43067145,831.73303
0.35,0.09,15.897436,298.78564,0.4407955,813.4895
0.35,0.09,16.410257,298.87863,0.45069727,795.60425
0.35,0.09,16.923077,298.9614,0.4603811,778.0723
0.35,0.09,17.435898,299.03418,0.46985132,760.88904
0.35,0.09,17.948717,299.09705,0.47911206,744.0497
0.35,0.09,18.461538,299.15024,0.48816776,727.54926
0.35,0.09,18.97436,299.19376,0.4970224,711.38306
0.35,0.09,19.487179,299.22794,0.50567997,695.5459
0.35,0.09,20.0,299.2528,0.5141448,680.03296
0.35,0.11,0.0,290.14386,0.0,1562.0358
0.35,0.11,0.51282054,290.64294,0.019038737,1531.8312
0.35,0.11,1.0256411,291.126,0.037708223,1502.0145
0.35,0.11,1.5384616,291.59326,0.0560131,1472.5905
0.35,0.11,2.0512822,292.04492,0.07395822,1443.564
0.35,0.11,2.5641026,292.48117,0.09154853,1414.9396
0.35,0.11,3.0769231,292.90222,0.10878915,1386.7198
0.35,0.11,3.5897436,293.30823,0.12568489,1358.9078
0.35,0.11,4.1025643,293.6995,0.14224088,1331.5059
0.35,0.11,4.6153846,294.07617,0.15846214,1304.5161
0.35,0.11,5.1282053,294.43845,0.17435375,1277.9393
0.35,0.11,5.6410255,294.78647,0.1899208,1251.7769
0.35,0.11,6.1538463,295.12057,0.20516835,1226.0286
0.35,0.11,6.6666665,295.44086,0.22010162,1200.6948
0.35,0.11,7.179487,295.74756,0.23472568,1175.775
0.35,0.11,7.6923075,296.04086,0.24904546,1151.2683
0.35,0.11,8.205129,296.32092,0.2630663,1127.1732
0.35,0.11,8.717949,296.58804,0.27679303,1103.4888
0.35,0.11,9.230769,296.84225,0.29023075,1080.213
0.35,0.11,9.743589,297.0838,0.3033845,1057.3435
0.35,0.11,10.256411,297.313,0.31625926,1034.8777
0.35,0.11,10.769231,297.52985,0.3288601,1012.8131
0.35,0.11,11.282051,297.73456,0.34119162,991.1466
0.35,0.11,11.794871,297.9275,0.35325915,969.87524
0.35,0.11,12.307693,298.1086,0.36506718,948.9954
0.35,0.11,12.820513,298.2782,0.37662062,928.50354
0.35,0.11,13.333333,298.4364,0.38792428,908.396
0.35,0.11,13.846154,298.58347,0.39898276,888.66864
0.35,0.11,14.358974,298.71945,0.4098007,869.3176
0.35,0.11,14.871795,298.84464,0.42038283,850.3382
0.35,0.11,15.384615,298.95908,0.4307336,831.7264
0.35,0.11,15.897436,299.06305,0.4408576,813.47766
0.35,0.11,16.410257,299.15665,0.4507591,795.58746
0.35,0.11,16.923077,299.24002,0.46044266,778.0511
0.35,0.11,17.435898,299.31342,0.4699126,760.8637
0.35,0.11,17.948717,299.37695,0.47917306,744.02045
0.35,0.11,18.461538,299.4308,0.48822838,727.51654
0.35,0.11,18.97436,299.47504,0.4970826,711.34705
0.35,0.11,19.487179,299.50995,0.5057398,695.50726
0.35,0.11,20.0,299.5356,0.514204,679.99164
0.35,0.13,0.0,290.36075,0.0,1562.3815
0.35,0.13,0.51282054,290.8586,0.019042857,1532.1508
0.35,0.13,1.0256411,291.34058,0.037716046,1502.3094
0.35,0.13,1.5384616,291.80685,0.056024417,1472.8625
0.35,0.13,2.0512822,292.25763,0.07397277,1443.815
0.35,0.13,2.5641026,292.69308,0.09156611,1415.1698
0.35,0.13,3.0769231,293.1135,0.10880939,1386.9313
0.35,0.13,3.5897436,293.519,0.12570763,1359.1017
0.35,0.13,4.1025643,293.90973,0.14226592,1331.6832
0.35,0.13,4.6153846,294.286,0.15848921,1304.6777
0.35,0.13,5.1282053,294.64798,0.17438275,1278.0864
0.35,0.13,5.6410255,294.99582,0.18995151,1251.9099
0.35,0.13,6.1538463,295.32977,0.20520064,1226.1493
0.35,0.13,6.6666665,295.65,0.22013536,1200.8031
0.35,0.13,7.179487,295.9567,0.23476061,1175.8721
0.35,0.13,7.6923075,296.2501,0.24908155,1151.3546
0.35,0.13,8.205129,296.5303,0.26310334,1127.2499
0.35,0.13,8.717949,296.7976,0.276831,1103.556
0.35,0.13,9.230769,297.0521,0.29026943,1080.2714
0.35,0.13,9.743589,297.29404,0.30342394,1057.3937
0.35,0.13,10.256411,297.5236,0.31629926,1034.92
0.35,0.13,10.769231,297.7409,0.32890058,1012.84827
0.35,0.13,11.282051,297.9462,0.34123257,991.17523
0.35,0.13,11.794871,298.13962,0.35330027,969.89764
0.35,0.13,12.307693,298.32138,0.3651086,949.0118
0.35,0.13,12.820513,298.4916,0.3766622,928.51465
0.35,0.13,13.333333,298.6505,0.38796595,908.4019
0.35,0.13,13.846154,298.7983,0.3990245,888.66974
0.35,0.13,14.358974,298.9351,0.40984237,869.3144
0.35,0.13,14.871795,299.06107,0.4204245,850.33093
0.35,0.13,15.384615,299.17636,0.43077517,831.7154
0.35,0.13,15.897436,299.28122,0.44089893,813.4634
0.35,0.13,16.410257,299.3757,0.45080033,795.57
0.35,0.13,16.923077,299.4601,0.46048367,778.0307
0.35,0.13,17.435898,299.53445,0.46995324,760.8407
0.35,0.13,17.948717,299.59897,0.47921345,743.9951
0.35,0.13,18.461538,299.6538,0.48826844,727.4892
0.35,0.13,18.97436,299.69916,0.49712232,711.3179
0.35,0.13,19.487179,299.73517,0.505779,695.47626
0.35,0.13,20.0,299.7619,0.514243,679.95917
0.35,0.15,0.0,290.51126,0.0,1562.596
0.35,0.15,0.51282054,291.0081,0.019045413,1532.3457
0.35,0.15,1.0256411,291.48914,0.037720896,1502.4863
0.35,0.15,1.5384616,291.95465,0.0560313,1473.0233
0.35,0.15,2.0512822,292.4048,0.07398158,1443.9603
0.35,0.15,2.5641026,292.83966,0.09157659,1415.3013
0.35,0.15,3.0769231,293.25958,0.108821385,1387.0497
0.35,0.15,3.5897436,293.6647,0.12572107,1359.208
0.35,0.15,4.1025643,294.05524,0.14228052,1331.7786
0.35,0.15,4.6153846,294.43137,0.15850496,1304.7627
0.35,0.15,5.1282053,294.7933,0.1743995,1278.1621
0.35,0.15,5.6410255,295.14124,0.18996915,1251.977
0.35,0.15,6.1538463,295.47528,0.20521909,1226.2079
0.35,0.15,6.6666665,295.7957,0.2201544,1200.8544
0.35,0.15,7.179487,296.10272,0.23478028,1175.9161
0.35,0.15,7.6923075,296.39645,0.24910168,1151.3926
0.35,0.15,8.205129,296.67712,0.263124,1127.2817
0.35,0.15,8.717949,296.94492,0.27685186,1103.5826
0.35,0.15,9.230769,297.19995,0.2902907,1080.2928
0.35,0.15,9.743589,297.44254,0.30344543,1057.4103
0.35,0.15,10.256411,297.67273,0.31632093,1034.9325
0.35,0.15,10.769231,297.8908,0.32892227,1012.8567
0.35,0.15,11.282051,298.0969,0.3412544,991.1799
0.35,0.15,11.794871,298.2912,0.3533222,969.89886
0.35,0.15,12.307693,298.47388,0.36513048,949.01013
0.35,0.15,12.820513,298.6451,0.37668404,928.50995
0.35,0.15,13.333333,298.805,0.38798764,908.3948
0.35,0.15,13.846154,298.95383,0.39904612,888.66034
0.35,0.15,14.358974,299.09174,0.40986392,869.3027
0.35,0.15,14.871795,299.21884,0.42044583,850.31744
0.35,0.15,15.384615,299.3353,0.43079638,831.7002
0.35,0.15,15.897436,299.44135,0.44091994,813.4466
0.35,0.15,16.410257,299.53717,0.4508211,795.5518
0.35,0.15,16.923077,299.62277,0.46050423,778.0113
0.35,0.15,17.435898,299.69846,0.46997362,760.82025
0.35,0.15,17.948717,299.7644,0.47923347,743.9739
0.35,0.15,18.461538,299.82056,0.48828816,727.46704
0.35,0.15,18.97436,299.8673,0.49714178,711.29517
0.35,0.15,19.487179,299.90475,0.50579834,695.45294
0.35,0.15,20.0,299.93292,0.514262,679.9354
0.35,0.17,0.0,290.59695,0.0,1562.6815
0.35,0.17,0.51282054,291.09296,0.019046403,1532.4186
0.35,0.17,1.0256411,291.57327,0.03772267,1502.5482
0.35,0.17,1.5384616,292.03812,0.056033805,1473.0745
0.35,0.17,2.0512822,292.48782,0.07398461,1444.0024
0.35,0.17,2.5641026,292.92233,0.09158014,1415.3353
0.35,0.17,3.0769231,293.342,0.108825296,1387.0767
0.35,0.17,3.5897436,293.747,0.12572524,1359.2285
0.35,0.17,4.1025643,294.1375,0.14228494,1331.7931
0.35,0.17,4.6153846,294.51367,0.15850955,1304.7725
0.35,0.17,5.1282053,294.87582,0.17440408,1278.1674
0.35,0.17,5.6410255,295.224,0.18997383,1251.9784
0.35,0.17,6.1538463,295.55844,0.2052238,1226.2058
0.35,0.17,6.6666665,295.87933,0.22015905,1200.8495
0.35,0.17,7.179487,296.1869,0.23478487,1175.9087
0.35,0.17,7.6923075,296.48123,0.24910617,1151.3828
0.35,0.17,8.205129,296.76257,0.26312825,1127.2699
0.35,0.17,8.717949,297.03116,0.2768561,1103.569
0.35,0.17,9.230769,297.28708,0.29029474,1080.2777
0.35,0.17,9.743589,297.53055,0.30344918,1057.394
0.35,0.17,10.256411,297.76178,0.31632453,1034.9153
0.35,0.17,10.769231,297.9809,0.32892573,1012.8387
0.35,0.17,11.282051,298.18808,0.3412576,991.16125
0.35,0.17,11.794871,298.3835,0.35332513,969.8797
0.35,0.17,12.307693,298.56738,0.36513317,948.99036
0.35,0.17,12.820513,298.7399,0.37668654,928.4902
0.35,0.17,13.333333,298.90112,0.38798994,908.3747
0.35,0.17,13.846154,299.05133,0.39904806,888.64026
0.35,0.17,14.358974,299.1906,0.4098657,869.2828
0.35,0.17,14.871795,299.31918,0.4204473,850.2976
0.35,0.17,15.384615,299.43723,0.43079758,831.6806
0.35,0.17,15.897436,299.5448,0.44092095,813.42737
0.35,0.17,16.410257,299.6421,0.45082194,795.53284
0.35,0.17,16.923077,299.72934,0.46050474,777.99274
0.35,0.17,17.435898,299.8067,0.46997383,760.80225
0.35,0.17,17.948717,299.87424,0.47923368,743.9563
0.35,0.17,18.461538,299.9322,0.48828804,727.4501
0.35,0.17,18.97436,299.98065,0.49714142,711.2787
0.35,0.17,19.487179,300.01987,0.50579786,695.43726
0.35,0.17,20.0,300.04984,0.5142612,679.9204
0.35,0.19,0.0,290.61942,0.0,1562.6406
0.35,0.19,0.51282054,291.11472,0.01904583,1532.3718
0.35,0.19,1.0256411,291.59445,0.037721522,1502.4962
0.35,0.19,1.5384616,292.0589,0.05603198,1473.0184
0.35,0.19,2.0512822,292.5082,0.073982105,1443.9432
0.35,0.19,2.5641026,292.94263,0.09157685,1415.2742
0.35,0.19,3.0769231,293.36224,0.10882128,1387.0134
0.35,0.19,3.5897436,293.76733,0.12572044,1359.1643
0.35,0.19,4.1025643,294.15802,0.14227931,1331.7289
0.35,0.19,4.6153846,294.53452,0.15850314,1304.7083
0.35,0.19,5.1282053,294.897,0.17439693,1278.1034
0.35,0.19,5.6410255,295.2457,0.18996586,1251.9154
0.35,0.19,6.1538463,295.58072,0.20521498,1226.144
0.35,0.19,6.6666665,295.9023,0.2201496,1200.7888
0.35,0.19,7.179487,296.21066,0.23477459,1175.8497
0.35,0.19,7.6923075,296.5059,0.24909522,1151.3258
0.35,0.19,8.205129,296.78818,0.26311663,1127.2148
0.35,0.19,8.717949,297.05777,0.2768438,1103.516
0.35,0.19,9.230769,297.31482,0.2902818,1080.2268
0.35,0.19,9.743589,297.55948,0.30343568,1057.3455
0.35,0.19,10.256411,297.79196,0.31631038,1034.8688
0.35,0.19,10.769231,298.01236,0.328911,1012.79456
0.35,0.19,11.282051,298.22098,0.3412423,991.11945
0.35,0.19,11.794871,298.41785,0.35330936,969.84
0.35,0.19,12.307693,298.6032,0.36511698,948.95325
0.35,0.19,12.820513,298.77728,0.37666988,928.4553
0.35,0.19,13.333333,298.94012,0.38797283,908.3421
0.35,0.19,13.846154,299.09198,0.39903063,888.61
0.35,0.19,14.358974,299.23297,0.40984786,869.25446
0.35,0.19,14.871795,299.36334,0.4204292,850.27155
0.35,0.19,15.384615,299.4831,0.4307791,831.65674
0.35,0.19,15.897436,299.59253,0.44090226,813.40546
0.35,0.19,16.410257,299.69177,0.4508029,795.51306
0.35,0.19,16.923077,299.78098,0.46048555,777.97504
0.35,0.19,17.435898,299.86026,0.4699545,760.78644
0.35,0.19,17.948717,299.92984,0.47921395,743.94244
0.35,0.19,18.461538,299.98978,0.4882683,727.43805
0.35,0.19,18.97436,300.04028,0.49712154,711.2686
0.35,0.19,19.487179,300.08154,0.5057778,695.42896
0.35,0.19,20.0,300.11365,0.51424104,679.9139
0.35,0.21,0.0,290.58017,0.0,1562.4764
0.35,0.21,0.51282054,291.0749,0.019043796,1532.207
0.35,0.21,1.0256411,291.55423,0.037717506,1502.3324
0.35,0.21,1.5384616,292.01837,0.056025982,1472.8568
0.35,0.21,2.0512822,292.46756,0.07397407,1443.7844
0.35,0.21,2.5641026,292.90195,0.09156689,1415.1183
0.35,0.21,3.0769231,293.32172,0.10880944,1386.8616
0.35,0.21,3.5897436,293.727,0.12570673,1359.0173
0.35,0.21,4.1025643,294.1181,0.14226387,1331.5863
0.35,0.21,4.6153846,294.49512,0.15848592,1304.5706
0.35,0.21,5.1282053,294.85815,0.1743781,1277.9713
0.35,0.21,5.6410255,295.20758,0.18994541,1251.7887
0.35,0.21,6.1538463,295.5435,0.20519307,1226.023
0.35,0.21,6.6666665,295.86597,0.22012614,1200.674
0.35,0.21,7.179487,296.1753,0.23474976,1175.7404
0.35,0.21,7.6923075,296.47165,0.2490691,1151.222
0.35,0.21,8.205129,296.75516,0.2630893,1127.117
0.35,0.21,8.717949,297.026,0.27681527,1103.4238
0.35,0.21,9.230769,297.28442,0.29025218,1080.1403
0.35,0.21,9.743589,297.53052,0.30340496,1057.2644
0.35,0.21,10.256411,297.76447,0.3162788,1034.7935
0.35,0.21,10.769231,297.9865,0.32887852,1012.7244
0.35,0.21,11.282051,298.19672,0.341209,991.0545
0.35,0.21,11.794871,298.39536,0.35327524,969.7804
0.35,0.21,12.307693,298.58252,0.36508214,948.8986
0.35,0.21,12.820513,298.75842,0.3766344,928.4051
0.35,0.21,13.333333,298.92316,0.38793674,908.29675
0.35,0.21,13.846154,299.07697,0.3989941,888.569
0.35,0.21,14.358974,299.22,0.40981078,869.218
0.35,0.21,14.871795,299.35236,0.42039168,850.2393
0.35,0.21,15.384615,299.47427,0.43074125,831.62854
0.35,0.21,15.897436,299.58588,0.440864,813.3811
0.35,0.21,16.410257,299.6873,0.45076445,795.4925
0.35,0.21,16.923077,299.77866,0.46044683,777.9581
0.35,0.21,17.435898,299.86023,0.46991563,760.773
0.35,0.21,17.948717,299.93213,0.47917497,743.93225
0.35,0.21,18.461538,299.99442,0.48822922,727.4311
0.35,0.21,18.97436,300.04736,0.49708235,711.2647
0.35,0.21,19.487179,300.09097,0.5057386,695.4279
0.35,0.21,20.0,300.12555,0.51420194,679.9157
0.35,0.23,0.0,290.4807,0.0,1562.19
0.35,0.23,0.51282054,290.9749,0.019040301,1531.9271
0.35,0.23,1.0256411,291.45392,0.03771057,1502.0598
0.35,0.23,1.5384616,291.918,0.05601576,1472.5918
0.35,0.23,2.0512822,292.3672,0.07396067,1443.5275
0.35,0.23,2.5641026,292.80173,0.09155036,1414.8704
0.35,0.23,3.0769231,293.22177,0.10878988,1386.6232
0.35,0.23,3.5897436,293.6275,0.12568435,1358.7877
0.35,0.23,4.1025643,294.01917,0.14223874,1331.3671
0.35,0.23,4.6153846,294.39682,0.15845817,1304.3612
0.35,0.23,5.1282053,294.7607,0.17434776,1277.772
0.35,0.23,5.6410255,295.11102,0.1899127,1251.5991
0.35,0.23,6.1538463,295.44794,0.20515803,1225.8436
0.35,0.23,6.6666665,295.77155,0.22008905,1200.5043
0.35,0.23,7.179487,296.08212,0.23471066,1175.581
0.35,0.23,7.6923075,296.3798,0.24902809,1151.0723
0.35,0.23,8.205129,296.66476,0.26304647,1126.9766
0.35,0.23,8.717949,296.9371,0.27677077,1103.293
0.35,0.23,9.230769,297.1971,0.29020613,1080.0186
0.35,0.23,9.743589,297.4449,0.3033575,1057.1516
0.35,0.23,10.256411,297.6806,0.3162299,1034.6891
0.35,0.23,10.769231,297.90448,0.3288284,1012.6286
0.35,0.23,11.282051,298.11664,0.34115782,990.96674
0.35,0.23,11.794871,298.31723,0.35322306,969.7005
0.35,0.23,12.307693,298.50644,0.36502895,948.8262
0.35,0.23,12.820513,298.68448,0.37658036,928.3403
0.35,0.23,13.333333,298.85138,0.38788202,908.23883
0.35,0.23,13.846154,299.0074,0.39893866,888.51776
0.35,0.23,14.358974,299.1527,0.40975475,869.1733
0.35,0.23,14.871795,299.2874,0.42033517,850.2007
0.35,0.23,15.384615,299.4117,0.4306843,831.5958
0.35,0.23,15.897436,299.52573,0.4408067,813.3541
0.35,0.23,16.410257,299.62967,0.4507068,795.471
0.35,0.23,16.923077,299.72357,0.46038896,777.9417
0.35,0.23,17.435898,299.80774,0.4698575,760.7615
0.35,0.23,17.948717,299.88223,0.4791168,743.9255
0.35,0.23,18.461538,299.94717,0.488171,727.4289
0.35,0.23,18.97436,300.00278,0.49702418,711.2667
0.35,0.23,19.487179,300.04916,0.5056804,695.43396
0.35,0.23,20.0,300.08646,0.5141438,679.92566
0.35,0.25,0.0,290.32233,0.0,1561.7845
0.35,0.25,0.51282054,290.81625,0.019035451,1531.5337
0.35,0.25,1.0256411,291.29514,0.03770092,1501.679
0.35,0.25,1.5384616,291.7591,0.05600147,1472.2244
0.35,0.25,2.0512822,292.2085,0.073941894,1443.1741
0.35,0.25,2.5641026,292.6433,0.09152736,1414.5312
0.35,0.25,3.0769231,293.0638,0.108762816,1386.2987
0.35,0.25,3.5897436,293.47015,0.12565339,1358.4779
0.35,0.25,4.1025643,293.8625,0.142204,1331.0719
0.35,0.25,4.6153846,294.24103,0.1584199,1304.0808
0.35,0.25,5.1282053,294.60587,0.17430612,1277.506
0.35,0.25,5.6410255,294.9573,0.18986791,1251.3481
0.35,0.25,6.1538463,295.29538,0.20511025,1225.6067
0.35,0.25,6.6666665,295.62036,0.22003835,1200.2816
0.35,0.25,7.179487,295.93234,0.23465735,1175.3718
0.35,0.25,7.6923075,296.23157,0.2489723,1150.8768
0.35,0.25,8.205129,296.51816,0.2629884,1126.7944
0.35,0.25,8.717949,296.79227,0.27671054,1103.1235
0.35,0.25,9.230769,297.05408,0.2901439,1079.8618
0.35,0.25,9.743589,297.30383,0.30329335,1057.0072
0.35,0.25,10.256411,297.54147,0.31616408,1034.5563
0.35,0.25,10.769231,297.7675,0.328761,1012.507
0.35,0.25,11.282051,297.98178,0.34108898,990.85626
0.35,0.25,11.794871,298.1846,0.3531529,969.60046
0.35,0.25,12.307693,298.37613,0.36495772,948.7364
0.35,0.25,12.820513,298.5565,0.37650806,928.2603
0.35,0.25,13.333333,298.7259,0.3878088,908.168
0.35,0.25,13.846154,298.8844,0.39886454,888.45593
0.35,0.25,14.358974,299.03223,0.40968004,869.12006
0.35,0.25,14.871795,299.1696,0.4202598,850.1556
0.35,0.25,15.384615,299.2965,0.43060842,831.55865
0.35,0.25,15.897436,299.4133,0.44073042,813.3244
0.35,0.25,16.410257,299.52,0.4506301,795.44824
0.35,0.25,16.923077,299.61676,0.46031207,777.9258
0.35,0.25,17.435898,299.7037,0.4697806,760.75195
0.35,0.25,17.948717,299.7811,0.4790398,743.92206
0.35,0.25,18.461538,299.84903,0.4880939,727.4313
0.35,0.25,18.97436,299.90756,0.49694714,711.27454
0.35,0.25,19.487179,299.95697,0.5056035,695.4471
0.35,0.25,20.0,299.99734,0.51406705,679.94354
0.35,0.27,0.0,290.10657,0.0,1561.262
0.35,0.27,0.51282054,290.60022,0.019029088,1531.0289
0.35,0.27,1.0256411,291.07904,0.03768851,1501.1927
0.35,0.27,1.5384616,291.54315,0.055983163,1471.757
0.35,0.27,2.0512822,291.99274,0.07391801,1442.7261
0.35,0.27,2.5641026,292.428,0.09149805,1414.1027
0.35,0.27,3.0769231,292.8491,0.10872834,1385.8893
0.35,0.27,3.5897436,293.25616,0.12561396,1358.0884
0.35,0.27,4.1025643,293.64938,0.14215994,1330.7017
0.35,0.27,4.6153846,294.02896,0.15837139,1303.7302
0.35,0.27,5.1282053,294.39496,0.17425346,1277.1744
0.35,0.27,5.6410255,294.74765,0.18981123,1251.0355
0.35,0.27,6.1538463,295.0871,0.2050499,1225.3127
0.35,0.27,6.6666665,295.41357,0.21997452,1200.0056
0.35,0.27,7.179487,295.7272,0.23459023,1175.1138
0.35,0.27,7.6923075,296.0282,0.24890204,1150.6361
0.35,0.27,8.205129,296.3166,0.26291525,1126.5708
0.35,0.27,8.717949,296.59262,0.27663475,1102.9161
0.35,0.27,9.230769,296.85648,0.29006562,1079.6703
0.35,0.27,9.743589,297.1083,0.30321294,1056.8306
0.35,0.27,10.256411,297.34827,0.31608152,1034.3949
0.35,0.27,10.769231,297.57654,0.32867658,1012.3598
0.35,0.27,11.282051,297.79324,0.34100276,990.72296
0.35,0.27,11.794871,297.99854,0.3530652,969.4805
0.35,0.27,12.307693,298.1926,0.36486858,948.629
0.35,0.27,12.820513,298.3756,0.3764177,928.16486
0.35,0.27,13.333333,298.54764,0.38771734,908.0846
0.35,0.27,13.846154,298.70892,0.39877212,888.38367
0.35,0.27,14.358974,298.85965,0.40958673,869.0584
0.35,0.27,14.871795,298.99985,0.4201658,850.1042
0.35,0.27,15.384615,299.1297,0.43051386,831.5167
0.35,0.27,15.897436,299.24945,0.44063538,813.29175
0.35,0.27,16.410257,299.3592,0.45053482,795.4244
0.35,0.27,16.923077,299.459,0.46021652,777.9101
0.35,0.27,17.435898,299.54916,0.46968478,760.74426
0.35,0.27,17.948717,299.6297,0.4789439,743.9219
0.35,0.27,18.461538,299.70087,0.48799807,727.43805
0.35,0.27,18.97436,299.76276,0.49685144,711.2882
0.35,0.27,19.487179,299.81537,0.50550807,695.46686
0.35,0.27,20.0,299.85913,0.5139719,679.96936
0.35,0.29,0.0,289.83487,0.0,1560.6249
0.35,0.29,0.51282054,290.32828,0.01902137,1530.4149
0.35,0.29,1.0256411,290.80713,0.037673384,1500.6025
0.35,0.29,1.5384616,291.27142,0.055960946,1471.1913
0.35,0.29,2.0512822,291.72144,0.07388896,1442.1843
0.35,0.29,2.5641026,292.15723,0.09146253,1413.5854
0.35,0.29,3.0769231,292.57898,0.10868662,1385.3969
0.35,0.29,3.5897436,292.9869,0.12556633,1357.6201
0.35,0.29,4.1025643,293.38113,0.14210668,1330.2577
0.35,0.29,4.6153846,293.7618,0.15831283,1303.3102
0.35,0.29,5.1282053,294.12912,0.17418984,1276.7782
0.35,0.29,5.6410255,294.48325,0.1897429,1250.6622
0.35,0.29,6.1538463,294.82428,0.20497705,1224.9622
0.35,0.29,6.6666665,295.15247,0.21989754,1199.6772
0.35,0.29,7.179487,295.46786,0.23450929,1174.8071
0.35,0.29,7.6923075,295.77072,0.24881755,1150.3505
0.35,0.29,8.205129,296.0612,0.2628274,1126.3054
0.35,0.29,8.717949,296.33936,0.27654365,1102.6708
0.35,0.29,9.230769,296.6055,0.2899717,1079.444
0.35,0.29,9.743589,296.8596,0.30311623,1056.623
0.35,0.29,10.256411,297.10208,0.31598243,1034.2051
0.35,0.29,10.769231,297.33282,0.32857525,1012.18744
0.35,0.29,11.282051,297.55212,0.34089947,990.5669
0.35,0.29,11.794871,297.76016,0.35296005,969.3402
0.35,0.29,12.307693,297.957,0.36476183,948.50415
0.35,0.29,12.820513,298.14282,0.37630945,928.0546
0.35,0.29,13.333333,298.31778,0.3876078,907.9881
0.35,0.29,13.846154,298.4821,0.3986615,888.3008
0.35,0.29,14.358974,298.6358,0.4094752,868.98804
0.35,0.29,14.871795,298.77914,0.42005348,850.04584
0.35,0.29,15.384615,298.9122,0.4304009,831.4699
0.35,0.29,15.897436,299.03522,0.4405219,813.25604
0.35,0.29,16.410257,299.14825,0.45042098,795.39905
0.35,0.29,16.923077,299.2515,0.46010247,777.89465
0.35,0.29,17.435898,299.34503,0.46957058,760.738
0.35,0.29,17.948717,299.42905,0.47882965,743.92456
0.35,0.29,18.461538,299.50366,0.48788396,727.44904
0.35,0.29,18.97436,299.56903,0.49673748,711.307
0.35,0.29,19.487179,299.62534,0.50539434,695.49316
0.35,0.29,20.0,299.67264,0.5138587,680.0027
0.35,0.31,0.0,289.50833,0.0,1559.8749
0.35,0.31,0.51282054,290.00174,0.019012295,1529.6941
0.35,0.31,1.0256411,290.48065,0.03765565,1499.9105
0.35,0.31,1.5384616,290.94528,0.05593487,1470.5286
0.35,0.31,2.0512822,291.39572,0.07385495,1441.5516
0.35,0.31,2.5641026,291.83215,0.09142086,1412.982
0.35,0.31,3.0769231,292.25473,0.1086377,1384.8228
0.35,0.31,3.5897436,292.6636,0.12551053,1357.0752
0.35,0.31,4.1025643,293.05896,0.1420443,1329.7413
0.35,0.31,4.6153846,293.44095,0.15824425,1302.822
0.35,0.31,5.1282053,293.80966,0.17411551,1276.3177
0.35,0.31,5.6410255,294.16537,0.18966305,1250.2292
0.35,0.31,6.1538463,294.5081,0.20489204,1224.5555
0.35,0.31,6.6666665,294.8381,0.21980768,1199.297
0.35,0.31,7.179487,295.1555,0.23441494,1174.4521
0.35,0.31,7.6923075,295.46045,0.24871892,1150.02
0.35,0.31,8.205129,295.7531,0.26272485,1125.999
0.35,0.31,8.717949,296.03357,0.27643746,1102.3876
0.35,0.31,9.230769,296.30212,0.28986216,1079.1833
0.35,0.31,9.743589,296.55884,0.3030037,1056.3838
0.35,0.31,10.256411,296.80386,0.31586707,1033.9868
0.35,0.31,10.769231,297.03735,0.3284574,1011.9893
0.35,0.31,11.282051,297.25946,0.34077924,990.3882
0.35,0.31,11.794871,297.47037,0.35283774,969.17993
0.35,0.31,12.307693,297.67023,0.36463758,948.36145
0.35,0.31,12.820513,297.85913,0.37618357,927.92896
0.35,0.31,13.333333,298.03732,0.3874805,907.87866
0.35,0.31,13.846154,298.2048,0.39853293,888.2067
0.35,0.31,14.358974,298.36185,0.4093455,868.9088
0.35,0.31,14.871795,298.50858,0.41992295,849.9808
0.35,0.31,15.384615,298.64505,0.43026963,831.4183
0.35,0.31,15.897436,298.7715,0.4403901,813.21686
0.35,0.31,16.410257,298.88812,0.4502888,795.37195
0.35,0.31,16.923077,298.9949,0.45996994,777.879
0.35,0.31,17.435898,299.09216,0.46943802,760.7332
0.35,0.31,17.948717,299.17993,0.47869712,743.92993
0.35,0.31,18.461538,299.25827,0.48775154,727.4641
0.35,0.31,18.97436,299.3275,0.49660528,711.3311
0.35,0.31,19.487179,299.38763,0.5052625,695.5258
0.35,0.31,20.0,299.43887,0.51372725,680.0434
0.35,0.33,0.0,289.12863,0.0,1559.0149
0.35,0.33,0.51282054,289.62192,0.019001968,1528.868
0.35,0.33,1.0256411,290.101,0.03763531,1499.1188
0.35,0.33,1.5384616,290.56595,0.055905037,1469.7711
0.35,0.33,2.0512822,291.01694,0.07381594,1440.8284
0.35,0.33,2.5641026,291.45413,0.09137314,1412.2928
0.35,0.33,3.0769231,291.8776,0.10858174,1384.1675
0.35,0.33,3.5897436,292.28754,0.12544669,1356.4536
0.35,0.33,4.1025643,292.6841,0.14197306,1329.153
0.35,0.33,4.6153846,293.0675,0.15816602,1302.2661
0.35,0.33,5.1282053,293.43777,0.1740306,1275.7942
0.35,0.33,5.6410255,293.79514,0.18957189,1249.7368
0.35,0.33,6.1538463,294.13977,0.20479497,1224.0939
0.35,0.33,6.6666665,294.47168,0.2197051,1198.8649
0.35,0.33,7.179487,294.79117,0.23430724,1174.0494
0.35,0.33,7.6923075,295.0984,0.24860638,1149.6455
0.35,0.33,8.205129,295.39337,0.26260787,1125.6519
0.35,0.33,8.717949,295.6764,0.27631652,1102.0668
0.35,0.33,9.230769,295.94745,0.28973737,1078.8882
0.35,0.33,9.743589,296.20694,0.30287534,1056.1134
0.35,0.33,10.256411,296.45477,0.31573564,1033.7402
0.35,0.33,10.769231,296.6912,0.32832292,1011.76556
0.35,0.33,11.282051,296.91626,0.34064224,990.18634
0.35,0.33,11.794871,297.1303,0.35269833,968.9993
0.35,0.33,12.307693,297.33334,0.36449614,948.2009
0.35,0.33,12.820513,297.5255,0.37604034,927.78784
0.35,0.33,13.333333,297.70703,0.38733557,907.7561
0.35,0.33,13.846154,297.87805,0.39838666,888.1015
0.35,0.33,14.358974,298.03857,0.40919802,868.8205
0.35,0.33,14.871795,298.18887,0.41977444,849.9086
0.35,0.33,15.384615,298.32907,0.4301203,831.3613
0.35,0.33,15.897436,298.4593,0.44024026,813.1742
0.35,0.33,16.410257,298.57968,0.45013845,795.34296
0.35,0.33,16.923077,298.69037,0.45981923,777.86304
0.35,0.33,17.435898,298.79144,0.46928728,760.7295
0.35,0.33,17.948717,298.8832,0.47854635,743.93774
0.35,0.33,18.461538,298.9656,0.48760098,727.4829
0.35,0.33,18.97436,299.03888,0.49645507,711.36017
0.35,0.33,19.487179,299.10315,0.50511277,695.5647
0.35,0.33,20.0,299.15854,0.51357794,680.0913
0.35,0.35,0.0,288.69687,0.0,1558.0469
0.35,0.35,0.51282054,289.1902,0.018990286,1527.9388
0.35,0.35,1.0256411,289.66946,0.037612416,1498.2289
0.35,0.35,1.5384616,290.13483,0.055871397,1468.9203
0.35,0.35,2.0512822,290.58643,0.07377213,1440.0165
0.35,0.35,2.5641026,291.02432,0.09131963,1411.5199
0.35,0.35,3.0769231,291.44882,0.10851889,1383.4327
0.35,0.35,3.5897436,291.85992,0.12537503,1355.7567
0.35,0.35,4.1025643,292.25784,0.14189306,1328.4935
0.35,0.35,4.6153846,292.64264,0.15807813,1301.6437
0.35,0.35,5.1282053,293.0146,0.1739352,1275.2074
0.35,0.35,5.6410255,293.37378,0.18946952,1249.1855
0.35,0.35,6.1538463,293.7203,0.20468614,1223.5771
0.35,0.35,6.6666665,294.05435,0.21959004,1198.3818
0.35,0.35,7.179487,294.3761,0.23418646,1173.5988
0.35,0.35,7.6923075,294.68567,0.24848026,1149.2267
0.35,0.35,8.205129,294.9832,0.26247674,1125.2639
0.35,0.35,8.717949,295.26877,0.27618074,1101.7085
0.35,0.35,9.230769,295.54266,0.28959745,1078.5586
0.35,0.35,9.743589,295.805,0.30273154,1055.8116
0.35,0.35,10.256411,296.0558,0.31558827,1033.4652
0.35,0.35,10.769231,296.29532,0.32817242,1011.5162
0.35,0.35,11.282051,296.52365,0.3404887,989.9616
0.35,0.35,11.794871,296.74088,0.35254216,968.79816
0.35,0.35,12.307693,296.94733,0.36433765,948.0225
0.35,0.35,12.820513,297.143,0.37587982,927.6311
0.35,0.35,13.333333,297.32812,0.38717327,907.62
0.35,0.35,13.846154,297.50272,0.3982227,887.98535
0.35,0.35,14.358974,297.667,0.40903285,868.723
0.35,0.35,14.871795,297.82114,0.41960818,849.82886
0.35,0.35,15.384615,297.96515,0.42995322,831.2985
0.35,0.35,15.897436,298.09937,0.4400724,813.12775
0.35,0.35,16.410257,298.2238,0.44997013,795.312
0.35,0.35,16.923077,298.33856,0.45965075,777.84644
0.35,0.35,17.435898,298.44385,0.46911857,760.7266
0.35,0.35,17.948717,298.5398,0.47837773,743.9478
0.35,0.35,18.461538,298.62643,0.4874325,727.5051
0.35,0.35,18.97436,298.70404,0.49628693,711.3939
0.35,0.35,19.487179,298.7727,0.50494504,695.6093
0.35,0.35,20.0,298.83255,0.5134109,680.146
0.35,0.37,0.0,288.21445,0.0,1556.9731
0.35,0.37,0.51282054,288.7078,0.018977351,1526.9088
0.35,0.37,1.0256411,289.1873,0.03758707,1497.2426
0.35,0.37,1.5384616,289.6531,0.05583416,1467.9775
0.35,0.37,2.0512822,290.1053,0.07372358,1439.1174
0.35,0.37,2.5641026,290.54416,0.09126028,1410.6642
0.35,0.37,3.0769231,290.96957,0.10844932,1382.6198
0.35,0.37,3.5897436,291.38193,0.12529565,1354.9862
0.35,0.37,4.1025643,291.7812,0.1418045,1327.7643
0.35,0.37,4.6153846,292.16763,0.15798077,1300.9553
0.35,0.37,5.1282053,292.5413,0.17382964,1274.5591
0.35,0.37,5.6410255,292.9024,0.18935628,1248.5763
0.35,0.37,6.1538463,293.25095,0.2045655,1223.0059
0.35,0.37,6.6666665,293.58725,0.21946274,1197.8479
0.35,0.37,7.179487,293.91132,0.23405273,1173.1011
0.35,0.37,7.6923075,294.2234,0.24834065,1148.7639
0.35,0.37,8.205129,294.52353,0.26233166,1124.8352
0.35,0.37,8.717949,294.8119,0.27603066,1101.3129
0.35,0.37,9.230769,295.0887,0.28944254,1078.1946
0.35,0.37,9.743589,295.35397,0.30257243,1055.4784
0.35,0.37,10.256411,295.6079,0.31542522,1033.1615
0.35,0.37,10.769231,295.85068,0.32800573,1011.2407
0.35,0.37,11.282051,296.08237,0.3403189,989.7136
0.35,0.37,11.794871,296.30313,0.3523695,968.5764
0.35,0.37,12.307693,296.5131,0.36416236,947.8258
0.35,0.37,12.820513,296.71255,0.37570223,927.4584
0.35,0.37,13.333333,296.9013,0.3869937,907.4701
0.35,0.37,13.846154,297.0798,0.3980415,887.8573
0.35,0.37,14.358974,297.24802,0.40885016,868.6159
0.35,0.37,14.871795,297.40616,0.4194243,849.7417
0.35,0.37,15.384615,297.55432,0.4297684,831.23016
0.35,0.37,15.897436,297.6927,0.43988678,813.07715
0.35,0.37,16.410257,297.82132,0.449784,795.2782
0.35,0.37,16.923077,297.9404,0.45946437,777.8288
0.35,0.37,17.435898,298.05008,0.468932,760.72424
0.35,0.37,17.948717,298.15045,0.47819123,743.95966
0.35,0.37,18.461538,298.24167,0.48724622,727.5306
0.35,0.37,18.97436,298.3238,0.49610108,711.4321
0.35,0.37,19.487179,298.39706,0.5047598,695.65936
0.35,0.37,20.0,298.46155,0.5132263,680.2074
0.35,0.39,0.0,287.6827,0.0,1555.7963
0.35,0.39,0.51282054,288.17606,0.018963166,1525.78
0.35,0.39,1.0256411,288.65582,0.03755927,1496.162
0.35,0.39,1.5384616,289.12207,0.055793427,1466.9451
0.35,0.39,2.0512822,289.57495,0.07367038,1438.1329
0.35,0.39,2.5641026,290.01465,0.09119519,1409.7269
0.35,0.39,3.0769231,290.44122,0.108372964,1381.7295
0.35,0.39,3.5897436,290.85474,0.12520877,1354.142
0.35,0.39,4.1025643,291.25552,0.14170745,1326.9661
0.35,0.39,4.6153846,291.6436,0.15787417,1300.2018
0.35,0.39,5.1282053,292.01904,0.17371403,1273.8496
0.35,0.39,5.6410255,292.3821,0.1892322,1247.9092
0.35,0.39,6.1538463,292.73285,0.2044335,1222.3811
0.35,0.39,6.6666665,293.0714,0.21932328,1197.2635
0.35,0.39,7.179487,293.39795,0.23390639,1172.5564
0.35,0.39,7.6923075,293.71262,0.24818778,1148.2578
0.35,0.39,8.205129,294.0155,0.2621728,1124.3662
0.35,0.39,8.717949,294.30682,0.27586627,1100.8798
0.35,0.39,9.230769,294.5866,0.28927308,1077.7964
0.35,0.39,9.743589,294.85504,0.30239818,1055.1139
0.35,0.39,10.256411,295.11224,0.3152467,1032.8292
0.35,0.39,10.769231,295.35843,0.32782334,1010.93964
0.35,0.39,11.282051,295.59363,0.34013295,989.44226
0.35,0.39,11.794871,295.818,0.35218042,968.33374
0.35,0.39,12.307693,296.03177,0.3639705,947.6106
0.35,0.39,12.820513,296.23495,0.3755078,927.2695
0.35,0.39,13.333333,296.42764,0.3867972,907.3062
0.35,0.39,13.846154,296.61017,0.39784303,887.7175
0.35,0.39,14.358974,296.7825,0.4086501,868.4987
0.35,0.39,14.871795,296.9449,0.41922298,849.6462
0.35,0.39,15.384615,297.0973,0.42956597,831.15546
0.35,0.39,15.897436,297.24002,0.4396836,813.02203
0.35,0.39,16.410257,297.37314,0.44958034,795.2417
0.35,0.39,16.923077,297.49673,0.45926028,777.8099
0.35,0.39,17.435898,297.611,0.46872777,760.7219
0.35,0.39,17.948717,297.71603,0.4779871,743.97314
0.35,0.39,18.461538,297.81195,0.4870424,727.5589
0.35,0.39,18.97436,297.8989,0.4958976,711.4743
0.35,0.39,19.487179,297.97696,0.5045569,695.71466
0.35,0.39,20.0,298.04636,0.5130242,680.27515
0.37,0.01,0.0,287.52612,0.0,1557.2432
0.37,0.01,0.51282054,288.0314,0.01898142,1527.2963
0.37,0.01,1.0256411,288.52054,0.03759656,1497.7281
0.37,0.01,1.5384616,288.99365,0.05585012,1468.5448
0.37,0.01,2.0512822,289.451,0.07374694,1439.7505
0.37,0.01,2.5641026,289.89276,0.09129178,1411.3495
0.37,0.01,3.0769231,290.3192,0.108489476,1383.346
0.37,0.01,3.5897436,290.73056,0.12534499,1355.7422
0.37,0.01,4.1025643,291.127,0.14186323,1328.541
0.37,0.01,4.6153846,291.50876,0.1580492,1301.7445
0.37,0.01,5.1282053,291.87595,0.17390779,1275.354
0.37,0.01,5.6410255,292.22894,0.18944421,1249.3704
0.37,0.01,6.1538463,292.5678,0.20466325,1223.7944
0.37,0.01,6.6666665,292.89288,0.21957001,1198.6261
0.37,0.01,7.179487,293.20422,0.2341696,1173.8651
0.37,0.01,7.6923075,293.50204,0.24846686,1149.5109
0.37,0.01,8.205129,293.7867,0.2624669,1125.5621
0.37,0.01,8.717949,294.0583,0.27617466,1102.0175
0.37,0.01,9.230769,294.31693,0.28959513,1078.8756
0.37,0.01,9.743589,294.56296,0.30273318,1056.134
0.37,0.01,10.256411,294.7965,0.31559384,1033.7906
0.37,0.01,10.769231,295.0177,0.328182,1011.84296
0.37,0.01,11.282051,295.22678,0.34050235,990.28784
0.37,0.01,11.794871,295.42398,0.35255992,969.12256
0.37,0.01,12.307693,295.60944,0.3643593,948.3439
0.37,0.01,12.820513,295.7833,0.37590536,927.94775
0.37,0.01,13.333333,295.94577,0.38720274,907.9313
0.37,0.01,13.846154,296.09705,0.398256,888.2902
0.37,0.01,14.358974,296.23737,0.40906984,869.0207
0.37,0.01,14.871795,296.36676,0.4196487,850.11884
0.37,0.01,15.384615,296.48544,0.42999732,831.58
0.37,0.01,15.897436,296.5937,0.4401198,813.40015
0.37,0.01,16.410257,296.69156,0.45002094,795.5746
0.37,0.01,16.923077,296.77924,0.4597047,778.09906
0.37,0.01,17.435898,296.85693,0.46917558,760.9687
0.37,0.01,17.948717,296.92474,0.4784376,744.1792
0.37,0.01,18.461538,296.9829,0.48749518,727.7253
0.37,0.01,18.97436,297.03156,0.4963522,711.6025
0.37,0.01,19.487179,297.0708,0.5050128,695.8058
0.37,0.01,20.0,297.1008,0.5134811,680.3304
0.37,0.03,0.0,288.09726,0.0,1558.2664
0.37,0.03,0.51282054,288.60043,0.018993624,1528.2585
0.37,0.03,1.0256411,289.08746,0.03762024,1498.6323
0.37,0.03,1.5384616,289.55856,0.055884592,1469.3928
0.37,0.03,2.0512822,290.01392,0.07379153,1440.5449
0.37,0.03,2.5641026,290.45383,0.09134576,1412.093
0.37,0.03,3.0769231,290.87848,0.108552374,1384.0398
0.37,0.03,3.5897436,291.288,0.12541613,1356.3892
0.37,0.03,4.1025643,291.6827,0.14194208,1329.1437
0.37,0.03,4.6153846,292.06274,0.15813515,1302.3041
0.37,0.03,5.1282053,292.42844,0.17400041,1275.8727
0.37,0.03,5.6410255,292.77988,0.189543,1249.8501
0.37,0.03,6.1538463,293.11725,0.20476764,1224.2367
0.37,0.03,6.6666665,293.44077,0.2196797,1199.0326
0.37,0.03,7.179487,293.7507,0.23428404,1174.2377
0.37,0.03,7.6923075,294.04727,0.24858561,1149.8512
0.37,0.03,8.205129,294.33054,0.26258972,1125.8713
0.37,0.03,8.717949,294.60077,0.2763011,1102.2977
0.37,0.03,9.230769,294.85828,0.28972486,1079.1278
0.37,0.03,9.743589,295.10303,0.3028659,1056.3597
0.37,0.03,10.256411,295.33533,0.31572917,1033.9912
0.37,0.03,10.769231,295.55545,0.32831958,1012.0197
0.37,0.03,11.282051,295.76346,0.34064204,990.4422
0.37,0.03,11.794871,295.95953,0.35270137,969.25543
0.37,0.03,12.307693,296.14386,0.36450225,948.4564
0.37,0.03,12.820513,296.31674,0.37604952,928.04156
0.37,0.03,13.333333,296.4782,0.38734794,908.0069
0.37,0.03,13.846154,296.62857,0.3984021,888.3489
0.37,0.03,14.358974,296.76782,0.40921643,869.06366
0.37,0.03,14.871795,296.89636,0.41979584,850.14667
0.37,0.03,15.384615,297.01413,0.4301446,831.5939
0.37,0.03,15.897436,297.1215,0.44026735,813.40076
0.37,0.03,16.410257,297.21854,0.45016828,795.563
0.37,0.03,16.923077,297.30536,0.45985192,778.0759
0.37,0.03,17.435898,297.3822,0.46932232,760.93494
0.37,0.03,17.948717,297.44922,0.478584,744.13525
0.37,0.03,18.461538,297.50656,0.48764092,727.6722
0.37,0.03,18.97436,297.5544,0.4964973,711.5408
0.37,0.03,19.487179,297.59293,0.50515705,695.7364
0.37,0.03,20.0,297.62225,0.51362437,680.2538
0.37,0.05,0.0,288.59442,0.0,1559.1476
0.37,0.05,0.51282054,289.09567,0.019004107,1529.086
0.37,0.05,1.0256411,289.58078,0.03764063,1499.4087
0.37,0.05,1.5384616,290.05008,0.055914216,1470.1205
0.37,0.05,2.0512822,290.50375,0.07382987,1441.2258
0.37,0.05,2.5641026,290.94205,0.091392174,1412.7292
0.37,0.05,3.0769231,291.3651,0.1086063,1384.6339
0.37,0.05,3.5897436,291.77316,0.12547715,1356.9425
0.37,0.05,4.1025643,292.16647,0.14200968,1329.6576
0.37,0.05,4.6153846,292.5451,0.15820883,1302.7809
0.37,0.05,5.1282053,292.90942,0.17407978,1276.314
0.37,0.05,5.6410255,293.2596,0.18962753,1250.2574
0.37,0.05,6.1538463,293.59576,0.20485705,1224.6119
0.37,0.05,6.6666665,293.9182,0.21977353,1199.3772
0.37,0.05,7.179487,294.22702,0.23438188,1174.5531
0.37,0.05,7.6923075,294.52246,0.24868716,1150.1387
0.37,0.05,8.205129,294.80475,0.26269466,1126.1326
0.37,0.05,8.717949,295.07404,0.2764091,1102.5337
0.37,0.05,9.230769,295.33057,0.28983557,1079.3398
0.37,0.05,9.743589,295.57446,0.30297908,1056.5493
0.37,0.05,10.256411,295.80594,0.3158446,1034.1592
0.37,0.05,10.769231,296.0252,0.32843697,1012.1674
0.37,0.05,11.282051,296.23245,0.34076104,990.5703
0.37,0.05,11.794871,296.42776,0.35282183,969.3655
0.37,0.05,12.307693,296.61145,0.36462396,948.54926
0.37,0.05,12.820513,296.7836,0.37617236,928.1181
0.37,0.05,13.333333,296.9445,0.38747153,908.0682
0.37,0.05,13.846154,297.09415,0.39852637,888.3956
0.37,0.05,14.358974,297.23288,0.40934128,869.09674
0.37,0.05,14.871795,297.3608,0.419921,850.1673
0.37,0.05,15.384615,297.4781,0.43026993,831.60254
0.37,0.05,15.897436,297.58496,0.44039267,813.3982
0.37,0.05,16.410257,297.68143,0.4502936,795.55005
0.37,0.05,16.923077,297.7678,0.45997694,778.0532
0.37,0.05,17.435898,297.8442,0.46944708,760.90326
0.37,0.05,17.948717,297.9108,0.47870827,744.0952
0.37,0.05,18.461538,297.96777,0.48776457,727.62427
0.37,0.05,18.97436,298.01517,0.4966204,711.4857
0.37,0.05,19.487179,298.05334,0.5052794,695.6746
0.37,0.05,20.0,298.08224,0.51374596,680.186
0.37,0.07,0.0,289.0193,0.0,1559.8889
0.37,0.07,0.51282054,289.51877,0.01901292,1529.7816
0.37,0.07,1.0256411,290.0023,0.037657738,1500.0602
0.37,0.07,1.5384616,290.4701,0.055939145,1470.7299
0.37,0.07,2.0512822,290.92227,0.07386194,1441.7954
0.37,0.07,2.5641026,291.35916,0.09143113,1413.2605
0.37,0.07,3.0769231,291.78085,0.10865152,1385.1284
0.37,0.07,3.5897436,292.18774,0.12552826,1357.4023
0.37,0.07,4.1025643,292.57983,0.14206621,1330.0845
0.37,0.07,4.6153846,292.9574,0.15827048,1303.1764
0.37,0.07,5.1282053,293.32068,0.17414607,1276.6797
0.37,0.07,5.6410255,293.6699,0.1896981,1250.5942
0.37,0.07,6.1538463,294.0051,0.20493162,1224.9218
0.37,0.07,6.6666665,294.3267,0.21985176,1199.6613
0.37,0.07,7.179487,294.6347,0.23446345,1174.8124
0.37,0.07,7.6923075,294.9294,0.24877186,1150.3746
0.37,0.07,8.205129,295.21097,0.26278207,1126.3463
0.37,0.07,8.717949,295.4796,0.276499,1102.7264
0.37,0.07,9.230769,295.7355,0.28992778,1079.5126
0.37,0.07,9.743589,295.97888,0.30307326,1056.7029
0.37,0.07,10.256411,296.2098,0.31594056,1034.295
0.37,0.07,10.769231,296.4286,0.3285345,1012.28613
0.37,0.07,11.282051,296.63538,0.34085992,990.67316
0.37,0.07,11.794871,296.83032,0.3529219,969.4531
0.37,0.07,12.307693,297.0136,0.36472493,948.6225
0.37,0.07,12.820513,297.18546,0.37627417,928.1777
0.37,0.07,13.333333,297.346,0.38757408,908.11523
0.37,0.07,13.846154,297.49542,0.39862937,888.4309
0.37,0.07,14.358974,297.6339,0.40944466,869.1209
0.37,0.07,14.871795,297.7616,0.42002457,850.18054
0.37,0.07,15.384615,297.87872,0.43037367,831.606
0.37,0.07,15.897436,297.98535,0.44049636,813.3927
0.37,0.07,16.410257,298.08173,0.45039713,795.53595
0.37,0.07,16.923077,298.16803,0.46008033,778.0312
0.37,0.07,17.435898,298.24442,0.46955,760.8738
0.37,0.07,17.948717,298.3109,0.47881088,744.05884
0.37,0.07,18.461538,298.3678,0.48786676,727.58167
0.37,0.07,18.97436,298.41522,0.49672198,711.4372
0.37,0.07,19.487179,298.45337,0.5053804,695.6208
0.37,0.07,20.0,298.48233,0.5138462,680.12726
0.37,0.09,0.0,289.37363,0.0,1560.4934
0.37,0.09,0.51282054,289.87158,0.01902017,1530.3473
0.37,0.09,1.0256411,290.35367,0.037671715,1500.5889
0.37,0.09,1.5384616,290.82007,0.05595938,1471.223
0.37,0.09,2.0512822,291.27106,0.07388802,1442.2552
0.37,0.09,2.5641026,291.7068,0.091462635,1413.6885
0.37,0.09,3.0769231,292.1275,0.10868813,1385.5262
0.37,0.09,3.5897436,292.5333,0.12556961,1357.7714
0.37,0.09,4.1025643,292.92453,0.1421119,1330.4261
0.37,0.09,4.6153846,293.3013,0.15832023,1303.4922
0.37,0.09,5.1282053,293.66376,0.17419952,1276.9703
0.37,0.09,5.6410255,294.01224,0.189755,1250.862
0.37,0.09,6.1538463,294.3469,0.20499165,1225.1672
0.37,0.09,6.6666665,294.66782,0.2199147,1199.8855
0.37,0.09,7.179487,294.97534,0.23452905,1175.0166
0.37,0.09,7.6923075,295.26962,0.24883983,1150.56
0.37,0.09,8.205129,295.5508,0.2628522,1126.5135
0.37,0.09,8.717949,295.8191,0.27657112,1102.8766
0.37,0.09,9.230769,296.07465,0.29000157,1079.6466
0.37,0.09,9.743589,296.31775,0.3031487,1056.8219
0.37,0.09,10.256411,296.54852,0.31601733,1034.3995
0.37,0.09,10.769231,296.76715,0.32861245,1012.3766
0.37,0.09,11.282051,296.97375,0.340939,990.7509
0.37,0.09,11.794871,297.16864,0.3530018,969.5188
0.37,0.09,12.307693,297.3519,0.36480564,948.6766
0.37,0.09,12.820513,297.52374,0.37635547,928.2211
0.37,0.09,13.333333,297.68433,0.3876558,908.1486
0.37,0.09,13.846154,297.83383,0.39871144,888.4547
0.37,0.09,14.358974,297.97244,0.409527,869.13574
0.37,0.09,14.871795,298.10022,0.42010698,850.18726
0.37,0.09,15.384615,298.2175,0.43045616,831.6049
0.37,0.09,15.897436,298.32437,0.44057876,813.3842
0.37,0.09,16.410257,298.421,0.45047942,795.5207
0.37,0.09,16.923077,298.50748,0.46016234,778.00977
0.37,0.09,17.435898,298.58414,0.4696318,760.8465
0.37,0.09,17.948717,298.65094,0.47889227,744.02625
0.37,0.09,18.461538,298.70816,0.4879477,727.54407
0.37,0.09,18.97436,298.75592,0.49680236,711.3952
0.37,0.09,19.487179,298.7944,0.50546026,695.5746
0.37,0.09,20.0,298.82373,0.51392555,680.07715
0.37,0.11,0.0,289.65906,0.0,1560.9639
0.37,0.11,0.51282054,290.15564,0.01902575,1530.7853
0.37,0.11,1.0256411,290.63654,0.03768251,1500.9965
0.37,0.11,1.5384616,291.1019,0.055974975,1471.6025
0.37,0.11,2.0512822,291.55182,0.07390815,1442.6077
0.37,0.11,2.5641026,291.98666,0.09148694,1414.015
0.37,0.11,3.0769231,292.40646,0.10871635,1385.8287
0.37,0.11,3.5897436,292.81158,0.12560138,1358.0511
0.37,0.11,4.1025643,293.2021,0.142147,1330.6842
0.37,0.11,4.6153846,293.57828,0.1583583,1303.7297
0.37,0.11,5.1282053,293.94025,0.17424047,1277.1888
0.37,0.11,5.6410255,294.28827,0.18979855,1251.0621
0.37,0.11,6.1538463,294.62253,0.20503755,1225.3496
0.37,0.11,6.6666665,294.94318,0.21996275,1200.0514
0.37,0.11,7.179487,295.25046,0.23457903,1175.167
0.37,0.11,7.6923075,295.54456,0.2488915,1150.6959
0.37,0.11,8.205129,295.82556,0.2629055,1126.6355
0.37,0.11,8.717949,296.09384,0.27662578,1102.9852
0.37,0.11,9.230769,296.34943,0.29005754,1079.743
0.37,0.11,9.743589,296.5926,0.30320573,1056.9064
0.37,0.11,10.256411,296.82343,0.31607538,1034.4729
0.37,0.11,10.769231,297.04227,0.32867137,1012.44
0.37,0.11,11.282051,297.24905,0.3409986,990.80444
0.37,0.11,11.794871,297.44418,0.353062,969.563
0.37,0.11,12.307693,297.62775,0.36486638,948.7122
0.37,0.11,12.820513,297.7999,0.37641653,928.2487
0.37,0.11,13.333333,297.96085,0.3877172,908.16833
0.37,0.11,13.846154,298.11075,0.398773,888.46747
0.37,0.11,14.358974,298.24976,0.40958866,869.1418
0.37,0.11,14.871795,298.37808,0.4201688,850.18713
0.37,0.11,15.384615,298.49585,0.4305179,831.59906
0.37,0.11,15.897436,298.60324,0.4406404,813.37317
0.37,0.11,16.410257,298.70044,0.4505408,795.50464
0.37,0.11,16.923077,298.78754,0.46022353,777.98895
0.37,0.11,17.435898,298.86475,0.4696927,760.8215
0.37,0.11,17.948717,298.93225,0.47895277,743.9974
0.37,0.11,18.461538,298.9901,0.48800787,727.5116
0.37,0.11,18.97436,299.03857,0.49686217,711.35956
0.37,0.11,19.487179,299.07776,0.5055196,695.5361
0.37,0.11,20.0,299.10782,0.5139843,680.036
0.37,0.13,0.0,289.87723,0.0,1561.3021
0.37,0.13,0.51282054,290.3727,0.019029766,1531.0988
0.37,0.13,1.0256411,290.85254,0.037690178,1501.2863
0.37,0.13,1.5384616,291.31696,0.055986084,1471.87
0.37,0.13,2.0512822,291.76617,0.07392244,1442.854
0.37,0.13,2.5641026,292.20023,0.09150415,1414.2423
0.37,0.13,3.0769231,292.61942,0.10873622,1386.0376
0.37,0.13,3.5897436,293.024,0.1256237,1358.243
0.37,0.13,4.1025643,293.41412,0.14217162,1330.8599
0.37,0.13,4.6153846,293.78992,0.15838501,1303.8903
0.37,0.13,5.1282053,294.15167,0.17426911,1277.335
0.37,0.13,5.6410255,294.49948,0.18982884,1251.195
0.37,0.13,6.1538463,294.83365,0.20506942,1225.4697
0.37,0.13,6.6666665,295.1543,0.21999596,1200.1599
0.37,0.13,7.179487,295.4616,0.23461354,1175.2644
0.37,0.13,7.6923075,295.75577,0.24892718,1150.7823
0.37,0.13,8.205129,296.03702,0.26294217,1126.7125
0.37,0.13,8.717949,296.30548,0.27666333,1103.0531
0.37,0.13,9.230769,296.56137,0.29009587,1079.8021
0.37,0.13,9.743589,296.80487,0.30324474,1056.9574
0.37,0.13,10.256411,297.03607,0.31611496,1034.5162
0.37,0.13,10.769231,297.2553,0.32871148,1012.4761
0.37,0.13,11.282051,297.4627,0.34103906,990.8338
0.37,0.13,11.794871,297.6584,0.35310274,969.58606
0.37,0.13,12.307693,297.8425,0.36490738,948.72955
0.37,0.13,12.820513,298.01532,0.37645775,928.2604
0.37,0.13,13.333333,298.17694,0.38775852,908.17505
0.37,0.13,13.846154,298.32758,0.3988144,888.4692
0.37,0.13,14.358974,298.46735,0.40963,869.1393
0.37,0.13,14.871795,298.59647,0.4202101,850.1805
0.37,0.13,15.384615,298.71506,0.43055907,831.5886
0.37,0.13,15.897436,298.82333,0.44068152,813.359
0.37,0.13,16.410257,298.9214,0.4505817,795.4874
0.37,0.13,16.923077,299.00943,0.4602641,777.96893
0.37,0.13,17.435898,299.0876,0.46973318,760.79877
0.37,0.13,17.948717,299.15604,0.47899288,743.9723
0.37,0.13,18.461538,299.21494,0.48804772,727.48425
0.37,0.13,18.97436,299.26443,0.4969016,711.33014
0.37,0.13,19.487179,299.30472,0.50555867,695.5049
0.37,0.13,20.0,299.33585,0.51402295,680.0033
0.37,0.15,0.0,290.02975,0.0,1561.511
0.37,0.15,0.51282054,290.52432,0.01903227,1531.289
0.37,0.15,1.0256411,291.00327,0.03769487,1501.4596
0.37,0.15,1.5384616,291.467,0.055992864,1472.0277
0.37,0.15,2.0512822,291.9155,0.073931046,1442.9972
0.37,0.15,2.5641026,292.3491,0.09151442,1414.372
0.37,0.15,3.0769231,292.7679,0.108748004,1386.1549
0.37,0.15,3.5897436,293.17218,0.12563685,1358.3485
0.37,0.15,4.1025643,293.56204,0.14218602,1330.9547
0.37,0.15,4.6153846,293.93784,0.15840055,1303.975
0.37,0.15,5.1282053,294.29947,0.17428553,1277.4108
0.37,0.15,5.6410255,294.64737,0.18984616,1251.262
0.37,0.15,6.1538463,294.98166,0.20508757,1225.5292
0.37,0.15,6.6666665,295.30252,0.22001478,1200.2117
0.37,0.15,7.179487,295.61017,0.2346329,1175.3097
0.37,0.15,7.6923075,295.9047,0.24894714,1150.8214
0.37,0.15,8.205129,296.1864,0.26296252,1126.7454
0.37,0.15,8.717949,296.45538,0.2766841,1103.0804
0.37,0.15,9.230769,296.71176,0.2901169,1079.8246
0.37,0.15,9.743589,296.9559,0.30326608,1056.9751
0.37,0.15,10.256411,297.18784,0.3161364,1034.5295
0.37,0.15,10.769231,297.4078,0.32873306,1012.4853
0.37,0.15,11.282051,297.61597,0.34106082,990.83936
0.37,0.15,11.794871,297.8125,0.35312453,969.58826
0.37,0.15,12.307693,297.99756,0.3649292,948.7287
0.37,0.15,12.820513,298.1713,0.37647948,928.2564
0.37,0.15,13.333333,298.3339,0.3877802,908.16846
0.37,0.15,13.846154,298.48557,0.39883596,888.4603
0.37,0.15,14.358974,298.62643,0.40965152,869.12805
0.37,0.15,14.871795,298.75665,0.42023143,850.1673
0.37,0.15,15.384615,298.8764,0.4305802,831.5736
0.37,0.15,15.897436,298.98587,0.44070238,813.3425
0.37,0.15,16.410257,299.0851,0.45060247,795.4693
0.37,0.15,16.923077,299.17444,0.4602846,777.9495
0.37,0.15,17.435898,299.2539,0.46975332,760.77826
0.37,0.15,17.948717,299.32367,0.47901285,743.95074
0.37,0.15,18.461538,299.3839,0.4880674,727.4619
0.37,0.15,18.97436,299.43475,0.496921,711.307
0.37,0.15,19.487179,299.47638,0.50557786,695.48114
0.37,0.15,20.0,299.50897,0.51404184,679.97925
0.37,0.17,0.0,290.11823,0.0,1561.593
0.37,0.17,0.51282054,290.61197,0.019033156,1531.3589
0.37,0.17,1.0256411,291.0903,0.037696593,1501.5192
0.37,0.17,1.5384616,291.5534,0.05599521,1472.0771
0.37,0.17,2.0512822,292.0015,0.07393397,1443.0382
0.37,0.17,2.5641026,292.43475,0.09151781,1414.4053
0.37,0.17,3.0769231,292.85336,0.10875176,1386.1814
0.37,0.17,3.5897436,293.25757,0.12564096,1358.3689
0.37,0.17,4.1025643,293.64743,0.14219023,1330.9698
0.37,0.17,4.6153846,294.02322,0.15840498,1303.9855
0.37,0.17,5.1282053,294.3852,0.17429012,1277.4166
0.37,0.17,5.6410255,294.7334,0.18985075,1251.2643
0.37,0.17,6.1538463,295.06802,0.2050921,1225.5282
0.37,0.17,6.6666665,295.3893,0.22001933,1200.2078
0.37,0.17,7.179487,295.6975,0.23463744,1175.3031
0.37,0.17,7.6923075,295.99268,0.24895152,1150.8125
0.37,0.17,8.205129,296.27505,0.2629669,1126.7347
0.37,0.17,8.717949,296.5448,0.27668828,1103.0682
0.37,0.17,9.230769,296.8021,0.29012096,1079.8108
0.37,0.17,9.743589,297.0471,0.3032699,1056.9601
0.37,0.17,10.256411,297.28006,0.31614006,1034.5135
0.37,0.17,10.769231,297.501,0.32873645,1012.4686
0.37,0.17,11.282051,297.71027,0.341064,990.82166
0.37,0.17,11.794871,297.9079,0.35312754,969.57
0.37,0.17,12.307693,298.09415,0.36493194,948.7098
0.37,0.17,12.820513,298.26913,0.37648198,928.23755
0.37,0.17,13.333333,298.43307,0.3877825,908.1492
0.37,0.17,13.846154,298.5861,0.39883804,888.44086
0.37,0.17,14.358974,298.72827,0.40965334,869.1085
0.37,0.17,14.871795,298.85995,0.42023298,850.1477
0.37,0.17,15.384615,298.98117,0.43058157,831.55414
0.37,0.17,15.897436,299.0921,0.4407035,813.3232
0.37,0.17,16.410257,299.1929,0.4506033,795.4502
0.37,0.17,16.923077,299.28375,0.46028528,777.9307
0.37,0.17,17.435898,299.3648,0.46975386,760.7598
0.37,0.17,17.948717,299.43625,0.4790131,743.9328
0.37,0.17,18.461538,299.4981,0.48806733,727.44434
0.37,0.17,18.97436,299.55066,0.49692073,711.2901
0.37,0.17,19.487179,299.594,0.5055774,695.4647
0.37,0.17,20.0,299.6283,0.5140412,679.9634
0.37,0.19,0.0,290.1441,0.0,1561.55
0.37,0.19,0.51282054,290.63715,0.019032583,1531.3104
0.37,0.19,1.0256411,291.115,0.037695445,1501.4657
0.37,0.19,1.5384616,291.57776,0.055993386,1472.0209
0.37,0.19,2.0512822,292.02557,0.07393146,1442.9792
0.37,0.19,2.5641026,292.4587,0.091514476,1414.3444
0.37,0.19,3.0769231,292.8773,0.10874769,1386.1191
0.37,0.19,3.5897436,293.28156,0.12563612,1358.3062
0.37,0.19,4.1025643,293.67163,0.14218464,1330.9066
0.37,0.19,4.6153846,294.0478,0.15839857,1303.9225
0.37,0.19,5.1282053,294.41006,0.17428288,1277.3546
0.37,0.19,5.6410255,294.7588,0.18984288,1251.2029
0.37,0.19,6.1538463,295.09406,0.20508344,1225.468
0.37,0.19,6.6666665,295.4161,0.22000998,1200.149
0.37,0.19,7.179487,295.72498,0.2346273,1175.246
0.37,0.19,7.6923075,296.0211,0.24894074,1150.7574
0.37,0.19,8.205129,296.3044,0.26295537,1126.6813
0.37,0.19,8.717949,296.57513,0.27667612,1103.0166
0.37,0.19,9.230769,296.83353,0.29010823,1079.7615
0.37,0.19,9.743589,297.07974,0.30325657,1056.9128
0.37,0.19,10.256411,297.31387,0.31612617,1034.4684
0.37,0.19,10.769231,297.5362,0.32872206,1012.4256
0.37,0.19,11.282051,297.74677,0.34104905,990.78094
0.37,0.19,11.794871,297.9458,0.35311207,969.53143
0.37,0.19,12.307693,298.13354,0.364916,948.6734
0.37,0.19,12.820513,298.31006,0.37646568,928.20306
0.37,0.19,13.333333,298.4755,0.38776574,908.11694
0.37,0.19,13.846154,298.63013,0.39882088,888.41095
0.37,0.19,14.358974,298.7741,0.4096358,869.0806
0.37,0.19,14.871795,298.9074,0.42021516,850.12177
0.37,0.19,15.384615,299.0304,0.43056336,831.5302
0.37,0.19,15.897436,299.14313,0.4406851,813.3012
0.37,0.19,16.410257,299.2458,0.45058462,795.43024
0.37,0.19,16.923077,299.33856,0.4602663,777.91266
0.37,0.19,17.435898,299.42154,0.4697346,760.7435
0.37,0.19,17.948717,299.49487,0.4789937,743.9183
0.37,0.19,18.461538,299.55875,0.48804784,727.43176
0.37,0.19,18.97436,299.61328,0.49690112,711.2791
0.37,0.19,19.487179,299.65863,0.5055576,695.45557
0.37,0.19,20.0,299.695,0.5140213,679.95575
0.37,0.21,0.0,290.10892,0.0,1561.3851
0.37,0.21,0.51282054,290.6015,0.019030549,1531.1461
0.37,0.21,1.0256411,291.0789,0.037691325,1501.3031
0.37,0.21,1.5384616,291.54144,0.055987388,1471.8601
0.37,0.21,2.0512822,291.98907,0.07392343,1442.8215
0.37,0.21,2.5641026,292.4223,0.09150462,1414.1902
0.37,0.21,3.0769231,292.8411,0.108735904,1385.9695
0.37,0.21,3.5897436,293.24557,0.12562251,1358.1608
0.37,0.21,4.1025643,293.63608,0.14216927,1330.7664
0.37,0.21,4.6153846,294.0127,0.15838152,1303.7874
0.37,0.21,5.1282053,294.37567,0.1742642,1277.2247
0.37,0.21,5.6410255,294.7251,0.18982264,1251.0786
0.37,0.21,6.1538463,295.06116,0.2050617,1225.3495
0.37,0.21,6.6666665,295.3841,0.21998678,1200.0363
0.37,0.21,7.179487,295.69403,0.23460275,1175.1387
0.37,0.21,7.6923075,295.99118,0.24891493,1150.6558
0.37,0.21,8.205129,296.27567,0.2629283,1126.5853
0.37,0.21,8.717949,296.5477,0.27664796,1102.9264
0.37,0.21,9.230769,296.80737,0.29007897,1079.6764
0.37,0.21,9.743589,297.05505,0.30322623,1056.8333
0.37,0.21,10.256411,297.29062,0.31609493,1034.3944
0.37,0.21,10.769231,297.5145,0.32868993,1012.35675
0.37,0.21,11.282051,297.7267,0.3410161,990.7171
0.37,0.21,11.794871,297.92746,0.35307842,969.47253
0.37,0.21,12.307693,298.1169,0.36488172,948.6191
0.37,0.21,12.820513,298.29523,0.37643066,928.1538
0.37,0.21,13.333333,298.46252,0.38773012,908.07214
0.37,0.21,13.846154,298.61908,0.39878485,888.37024
0.37,0.21,14.358974,298.76495,0.40959924,869.04425
0.37,0.21,14.871795,298.90033,0.42017817,850.0896
0.37,0.21,15.384615,299.02533,0.43052608,831.5017
0.37,0.21,15.897436,299.1402,0.4406474,813.2766
0.37,0.21,16.410257,299.24496,0.45054665,795.4092
0.37,0.21,16.923077,299.33987,0.46022812,777.89514
0.37,0.21,17.435898,299.42508,0.46969622,760.72925
0.37,0.21,17.948717,299.50067,0.47895518,743.9072
0.37,0.21,18.461538,299.5668,0.4880092,727.42377
0.37,0.21,18.97436,299.62363,0.49686238,711.27405
0.37,0.21,19.487179,299.67136,0.50551885,695.4533
0.37,0.21,20.0,299.71014,0.51398253,679.95624
0.37,0.23,0.0,290.01416,0.0,1561.1001
0.37,0.23,0.51282054,290.50626,0.019027106,1530.8677
0.37,0.23,1.0256411,290.98343,0.037684493,1501.032
0.37,0.23,1.5384616,291.44586,0.055977218,1471.5973
0.37,0.23,2.0512822,291.89362,0.07391013,1442.5673
0.37,0.23,2.5641026,292.32693,0.09148819,1413.9451
0.37,0.23,3.0769231,292.74603,0.10871661,1385.7336
0.37,0.23,3.5897436,293.15103,0.12560028,1357.9344
0.37,0.23,4.1025643,293.54205,0.14214438,1330.55
0.37,0.23,4.6153846,293.91937,0.15835398,1303.5809
0.37,0.23,5.1282053,294.2831,0.17423421,1277.0282
0.37,0.23,5.6410255,294.63342,0.18979025,1250.8922
0.37,0.23,6.1538463,294.97058,0.20502712,1225.173
0.37,0.23,6.6666665,295.29456,0.21995007,1199.8696
0.37,0.23,7.179487,295.60574,0.23456405,1174.9817
0.37,0.23,7.6923075,295.9042,0.24887434,1150.5083
0.37,0.23,8.205129,296.19006,0.262886,1126.4475
0.37,0.23,8.717949,296.46362,0.27660403,1102.7976
0.37,0.23,9.230769,296.72488,0.2900335,1079.5566
0.37,0.23,9.743589,296.97412,0.30317935,1056.7223
0.37,0.23,10.256411,297.21155,0.31604674,1034.2917
0.37,0.23,10.769231,297.43713,0.3286405,1012.26215
0.37,0.23,11.282051,297.65125,0.3409656,990.6307
0.37,0.23,11.794871,297.8539,0.35302684,969.3935
0.37,0.23,12.307693,298.04532,0.36482915,948.54767
0.37,0.23,12.820513,298.2257,0.3763773,928.0893
0.37,0.23,13.333333,298.39523,0.38767606,908.0145
0.37,0.23,13.846154,298.55386,0.39873007,888.3192
0.37,0.23,14.358974,298.70197,0.4095439,868.9994
0.37,0.23,14.871795,298.83963,0.42012233,850.0508
0.37,0.23,15.384615,298.96704,0.43046978,831.46875
0.37,0.23,15.897436,299.08423,0.4405907,813.2491
0.37,0.23,16.410257,299.19147,0.4504897,795.387
0.37,0.23,16.923077,299.28885,0.46017095,777.87787
0.37,0.23,17.435898,299.37653,0.4696388,760.7169
0.37,0.23,17.948717,299.45465,0.4788976,743.89935
0.37,0.23,18.461538,299.5234,0.48795164,727.4203
0.37,0.23,18.97436,299.58282,0.4968048,711.2747
0.37,0.23,19.487179,299.63318,0.5054612,695.45795
0.37,0.23,20.0,299.67462,0.513925,679.96466
0.37,0.25,0.0,289.86115,0.0,1560.6971
0.37,0.25,0.51282054,290.35303,0.019022204,1530.4774
0.37,0.25,1.0256411,290.83002,0.037674896,1500.6547
0.37,0.25,1.5384616,291.29245,0.055963032,1471.2335
0.37,0.25,2.0512822,291.7404,0.073891565,1442.2175
0.37,0.25,2.5641026,292.17404,0.0914654,1413.6099
0.37,0.25,3.0769231,292.59354,0.10868975,1385.4131
0.37,0.25,3.5897436,292.99915,0.12556961,1357.6285
0.37,0.25,4.1025643,293.3909,0.14211002,1330.2588
0.37,0.25,4.6153846,293.76907,0.15831617,1303.3044
0.37,0.25,5.1282053,294.13382,0.17419311,1276.7664
0.37,0.25,5.6410255,294.48523,0.18974602,1250.6447
0.37,0.25,6.1538463,294.82352,0.20497987,1224.9393
0.37,0.25,6.6666665,295.14886,0.21990004,1199.65
0.37,0.25,7.179487,295.46146,0.23451148,1174.7759
0.37,0.25,7.6923075,295.7614,0.24881926,1150.3157
0.37,0.25,8.205129,296.0489,0.2628286,1126.2678
0.37,0.25,8.717949,296.32416,0.27654442,1102.6307
0.37,0.25,9.230769,296.58722,0.28997195,1079.4021
0.37,0.25,9.743589,296.83832,0.30311602,1056.5797
0.37,0.25,10.256411,297.07767,0.31598172,1034.1605
0.37,0.25,10.769231,297.30527,0.32857394,1012.1422
0.37,0.25,11.282051,297.52145,0.3408976,990.52136
0.37,0.25,11.794871,297.72638,0.35295764,969.2948
0.37,0.25,12.307693,297.92007,0.3647588,948.45874
0.37,0.25,12.820513,298.10272,0.37630588,928.0098
0.37,0.25,13.333333,298.27457,0.3876037,907.9441
0.37,0.25,13.846154,298.43573,0.39865685,888.25775
0.37,0.25,14.358974,298.5863,0.40947002,868.9461
0.37,0.25,14.871795,298.7265,0.4200478,850.00555
0.37,0.25,15.384615,298.8565,0.4303948,831.431
0.37,0.25,15.897436,298.97638,0.44051534,813.2187
0.37,0.25,16.410257,299.08624,0.45041388,795.36346
0.37,0.25,16.923077,299.18637,0.46009493,777.861
0.37,0.25,17.435898,299.2769,0.46956265,760.70624
0.37,0.25,17.948717,299.3578,0.4788214,743.89465
0.37,0.25,18.461538,299.42944,0.48787534,727.4212
0.37,0.25,18.97436,299.4918,0.49672854,711.28107
0.37,0.25,19.487179,299.54514,0.50538516,695.46924
0.37,0.25,20.0,299.58945,0.51384914,679.9807
0.37,0.27,0.0,289.65134,0.0,1560.1791
0.37,0.27,0.51282054,290.14297,0.019015893,1529.9773
0.37,0.27,1.0256411,290.62,0.037662588,1500.1732
0.37,0.27,1.5384616,291.08255,0.055944934,1470.7712
0.37,0.27,2.0512822,291.53076,0.073867835,1441.7747
0.37,0.27,2.5641026,291.96487,0.0914364,1413.1865
0.37,0.27,3.0769231,292.38495,0.10865564,1385.0087
0.37,0.27,3.5897436,292.7913,0.12553066,1357.244
0.37,0.27,4.1025643,293.18393,0.14206648,1329.8933
0.37,0.27,4.6153846,293.5631,0.15826818,1302.9581
0.37,0.27,5.1282053,293.92896,0.1741409,1276.4392
0.37,0.27,5.6410255,294.2816,0.18968996,1250.3362
0.37,0.27,6.1538463,294.62128,0.20492014,1224.6494
0.37,0.27,6.6666665,294.94815,0.21983683,1199.378
0.37,0.27,7.179487,295.2623,0.23444498,1174.5212
0.37,0.27,7.6923075,295.56393,0.2487498,1150.0782
0.37,0.27,8.205129,295.85327,0.2627564,1126.0471
0.37,0.27,8.717949,296.13043,0.27646965,1102.426
0.37,0.27,9.230769,296.39545,0.28989467,1079.2131
0.37,0.27,9.743589,296.64868,0.3030365,1056.4055
0.37,0.27,10.256411,296.8901,0.31590015,1034.0011
0.37,0.27,10.769231,297.1201,0.3284905,1011.9967
0.37,0.27,11.282051,297.3386,0.34081247,990.38947
0.37,0.27,11.794871,297.54587,0.35287085,969.1758
0.37,0.27,12.307693,297.74207,0.36467066,948.35223
0.37,0.27,12.820513,297.92734,0.3762166,927.9153
0.37,0.27,13.333333,298.10175,0.38751325,907.861
0.37,0.27,13.846154,298.26556,0.39856553,888.1853
0.37,0.27,14.358974,298.41898,0.4093778,868.88434
0.37,0.27,14.871795,298.56195,0.41995496,849.9535
0.37,0.27,15.384615,298.69473,0.43030128,831.3887
0.37,0.27,15.897436,298.81754,0.44042134,813.1852
0.37,0.27,16.410257,298.93042,0.4503196,795.3385
0.37,0.27,16.923077,299.03357,0.46000037,777.8442
0.37,0.27,17.435898,299.12704,0.46946794,760.6972
0.37,0.27,17.948717,299.21112,0.4787266,743.8929
0.37,0.27,18.461538,299.2859,0.48778054,727.42645
0.37,0.27,18.97436,299.35144,0.4966339,711.2927
0.37,0.27,19.487179,299.40802,0.50529057,695.4872
0.37,0.27,20.0,299.4556,0.51375484,680.0045
0.37,0.29,0.0,289.38614,0.0,1559.5475
0.37,0.29,0.51282054,289.8776,0.019008331,1529.3691
0.37,0.29,1.0256411,290.35468,0.03764762,1499.5894
0.37,0.29,1.5384616,290.8174,0.055922978,1470.2114
0.37,0.29,2.0512822,291.26602,0.0738391,1441.2394
0.37,0.29,2.5641026,291.70068,0.09140125,1412.6757
0.37,0.29,3.0769231,292.12152,0.10861433,1384.5222
0.37,0.29,3.5897436,292.5287,0.12548351,1356.7816
0.37,0.29,4.1025643,292.9223,0.14201379,1329.455
0.37,0.29,4.6153846,293.30264,0.15821025,1302.5438
0.37,0.29,5.1282053,293.66974,0.1740781,1276.0479
0.37,0.29,5.6410255,294.02383,0.18962243,1249.9678
0.37,0.29,6.1538463,294.36505,0.20484823,1224.3035
0.37,0.29,6.6666665,294.69357,0.21976075,1199.0537
0.37,0.29,7.179487,295.0095,0.23436514,1174.2186
0.37,0.29,7.6923075,295.31302,0.2486663,1149.7963
0.37,0.29,8.205129,295.60428,0.26266944,1125.7854
0.37,0.29,8.717949,295.8835,0.27637962,1102.1838
0.37,0.29,9.230769,296.15073,0.28980184,1078.9895
0.37,0.29,9.743589,296.40628,0.302941,1056.2004
0.37,0.29,10.256411,296.65018,0.31580225,1033.8135
0.37,0.29,10.769231,296.88254,0.32839036,1011.826
0.37,0.29,11.282051,297.1036,0.34071034,990.23474
0.37,0.29,11.794871,297.3135,0.35276696,969.0367
0.37,0.29,12.307693,297.5124,0.36456513,948.2282
0.37,0.29,12.820513,297.70044,0.3761096,927.8054
0.37,0.29,13.333333,297.87775,0.38740504,907.7649
0.37,0.29,13.846154,298.04446,0.3984561,888.1023
0.37,0.29,14.358974,298.2008,0.4092675,868.8137
0.37,0.29,14.871795,298.3469,0.41984376,849.89484
0.37,0.29,15.384615,298.4828,0.43018946,831.34125
0.37,0.29,15.897436,298.60876,0.4403091,813.14844
0.37,0.29,16.410257,298.72485,0.45020702,795.31213
0.37,0.29,16.923077,298.83127,0.45988744,777.82745
0.37,0.29,17.435898,298.92807,0.46935487,760.6895
0.37,0.29,17.948717,299.01553,0.47861347,743.8939
0.37,0.29,18.461538,299.09363,0.4876675,727.43555
0.37,0.29,18.97436,299.16272,0.49652103,711.3097
0.37,0.29,19.487179,299.22272,0.505178,695.51135
0.37,0.29,20.0,299.2739,0.51364255,680.0356
0.37,0.31,0.0,289.0668,0.0,1558.8048
0.37,0.31,0.51282054,289.5582,0.01899936,1528.6553
0.37,0.31,1.0256411,290.0354,0.037630044,1498.9048
0.37,0.31,1.5384616,290.4985,0.05589711,1469.556
0.37,0.31,2.0512822,290.94757,0.07380541,1440.6132
0.37,0.31,2.5641026,291.38287,0.091359995,1412.0787
0.37,0.31,3.0769231,291.80447,0.108565986,1383.9547
0.37,0.31,3.5897436,292.21262,0.12542829,1356.2429
0.37,0.31,4.1025643,292.6074,0.1419521,1328.9447
0.37,0.31,4.6153846,292.98892,0.15814249,1302.0615
0.37,0.31,5.1282053,293.35748,0.17400452,1275.5931
0.37,0.31,5.6410255,293.7131,0.18954346,1249.5402
0.37,0.31,6.1538463,294.056,0.20476416,1223.9022
0.37,0.31,6.6666665,294.38626,0.21967193,1198.6785
0.37,0.31,7.179487,294.70413,0.23427178,1173.8682
0.37,0.31,7.6923075,295.00967,0.24856883,1149.4702
0.37,0.31,8.205129,295.30316,0.26256812,1125.4827
0.37,0.31,8.717949,295.58463,0.27627474,1101.9038
0.37,0.31,9.230769,295.85425,0.2896936,1078.7317
0.37,0.31,9.743589,296.1122,0.30282974,1055.964
0.37,0.31,10.256411,296.35864,0.3156882,1033.5974
0.37,0.31,10.769231,296.59372,0.3282738,1011.6298
0.37,0.31,11.282051,296.8175,0.34059143,990.05756
0.37,0.31,11.794871,297.03027,0.35264605,968.87775
0.37,0.31,12.307693,297.23206,0.36444232,948.0865
0.37,0.31,12.820513,297.4231,0.37598518,927.6805
0.37,0.31,13.333333,297.60352,0.38727918,907.6558
0.37,0.31,13.846154,297.77338,0.39832902,888.00836
0.37,0.31,14.358974,297.93295,0.40913934,868.7342
0.37,0.31,14.871795,298.08224,0.41971475,849.8291
0.37,0.31,15.384615,298.22156,0.43005964,831.2888
0.37,0.31,15.897436,298.3509,0.4401787,813.1084
0.37,0.31,16.410257,298.47046,0.45007616,795.2838
0.37,0.31,16.923077,298.5804,0.45975637,777.81024
0.37,0.31,17.435898,298.68082,0.46922365,760.68304
0.37,0.31,17.948717,298.77188,0.47848225,743.89746
0.37,0.31,18.461538,298.85367,0.4875364,727.4486
0.37,0.31,18.97436,298.92645,0.49639007,711.3315
0.37,0.31,19.487179,298.99023,0.5050474,695.54175
0.37,0.31,20.0,299.04517,0.51351243,680.07385
0.37,0.33,0.0,288.6947,0.0,1557.9535
0.37,0.33,0.51282054,289.18613,0.018989086,1527.8381
0.37,0.33,1.0256411,289.66348,0.037609912,1498.1212
0.37,0.33,1.5384616,290.12686,0.05586759,1468.8069
0.37,0.33,2.0512822,290.57657,0.07376692,1439.898
0.37,0.33,2.5641026,291.0126,0.0913129,1411.3975
0.37,0.33,3.0769231,291.43512,0.1085106,1383.3075
0.37,0.33,3.5897436,291.84427,0.12536523,1355.6287
0.37,0.33,4.1025643,292.24026,0.14188169,1328.3635
0.37,0.33,4.6153846,292.6232,0.1580651,1301.5127
0.37,0.33,5.1282053,292.99326,0.1739206,1275.0757
0.37,0.33,5.6410255,293.35056,0.18945329,1249.0538
0.37,0.33,6.1538463,293.69522,0.20466825,1223.4462
0.37,0.33,6.6666665,294.02744,0.21957059,1198.2516
0.37,0.33,7.179487,294.34735,0.23416534,1173.4701
0.37,0.33,7.6923075,294.65512,0.24845764,1149.1
0.37,0.33,8.205129,294.9509,0.2624526,1125.1393
0.37,0.33,8.717949,295.2348,0.27615508,1101.5868
0.37,0.33,9.230769,295.50693,0.2895702,1078.44
0.37,0.33,9.743589,295.76755,0.30270296,1055.6963
0.37,0.33,10.256411,296.01675,0.31555822,1033.3534
0.37,0.33,10.769231,296.25464,0.328141,1011.4079
0.37,0.33,11.282051,296.48138,0.340456,989.8575
0.37,0.33,11.794871,296.69717,0.35250828,968.69824
0.37,0.33,12.307693,296.9021,0.36430252,947.92694
0.37,0.33,12.820513,297.0963,0.37584347,927.54
0.37,0.33,13.333333,297.28003,0.3871358,907.5335
0.37,0.33,13.846154,297.45325,0.3981844,887.9034
0.37,0.33,14.358974,297.61627,0.40899342,868.6458
0.37,0.33,14.871795,297.76904,0.41956788,849.7563
0.37,0.33,15.384615,297.91193,0.429912,831.2308
0.37,0.33,15.897436,298.04492,0.4400304,813.06464
0.37,0.33,16.410257,298.16818,0.4499274,795.2534
0.37,0.33,16.923077,298.28186,0.45960727,777.7927
0.37,0.33,17.435898,298.3861,0.4690745,760.6775
0.37,0.33,17.948717,298.48105,0.47833303,743.90326
0.37,0.33,18.461538,298.56674,0.48738736,727.4651
0.37,0.33,18.97436,298.6435,0.4962412,711.3584
0.37,0.33,19.487179,298.71124,0.5048989,695.5779
0.37,0.33,20.0,298.7703,0.51336443,680.11914
0.37,0.35,0.0,288.27115,0.0,1556.9952
0.37,0.35,0.51282054,288.7626,0.018977508,1526.9185
0.37,0.35,1.0256411,289.24017,0.037587278,1497.2412
0.37,0.35,1.5384616,289.70398,0.055834368,1467.9653
0.37,0.35,2.0512822,290.15433,0.073723525,1439.0956
0.37,0.35,2.5641026,290.59106,0.09125991,1410.6334
0.37,0.35,3.0769231,291.01453,0.10844848,1382.5813
0.37,0.35,3.5897436,291.42493,0.12529436,1354.9407
0.37,0.35,4.1025643,291.8222,0.14180258,1327.7123
0.37,0.35,4.6153846,292.20657,0.15797815,1300.8976
0.37,0.35,5.1282053,292.57825,0.17382637,1274.4965
0.37,0.35,5.6410255,292.9373,0.18935211,1248.5093
0.37,0.35,6.1538463,293.2839,0.20456055,1222.9355
0.37,0.35,6.6666665,293.61816,0.21945685,1197.7744
0.37,0.35,7.179487,293.9403,0.23404595,1173.0251
0.37,0.35,7.6923075,294.2504,0.24833293,1148.686
0.37,0.35,8.205129,294.5486,0.262323,1124.7557
0.37,0.35,8.717949,294.83505,0.27602094,1101.2323
0.37,0.35,9.230769,295.10992,0.2894319,1078.1139
0.37,0.35,9.743589,295.3733,0.3025608,1055.3975
0.37,0.35,10.256411,295.62546,0.31541255,1033.0809
0.37,0.35,10.769231,295.86633,0.3279921,1011.16077
0.37,0.35,11.282051,296.09622,0.34030423,989.6344
0.37,0.35,11.794871,296.3152,0.3523539,968.4985
0.37,0.35,12.307693,296.52344,0.36414582,947.7495
0.37,0.35,12.820513,296.72104,0.37568477,927.3838
0.37,0.35,13.333333,296.90823,0.38697535,907.39764
0.37,0.35,13.846154,297.08505,0.39802223,887.78687
0.37,0.35,14.358974,297.25165,0.40883008,868.54785
0.37,0.35,14.871795,297.4082,0.41940337,849.67615
0.37,0.35,15.384615,297.55484,0.4297467,831.1671
0.37,0.35,15.897436,297.6917,0.4398643,813.01697
0.37,0.35,16.410257,297.8189,0.4497608,795.2207
0.37,0.35,16.923077,297.93652,0.45944047,777.7743
0.37,0.35,17.435898,298.04483,0.46890748,760.6726
0.37,0.35,17.948717,298.14386,0.4781661,743.91095
0.37,0.35,18.461538,298.2338,0.4872205,727.485
0.37,0.35,18.97436,298.3147,0.49607474,711.38947
0.37,0.35,19.487179,298.38675,0.50473297,695.6198
0.37,0.35,20.0,298.45007,0.51319903,680.1709
0.37,0.37,0.0,287.7975,0.0,1555.9325
0.37,0.37,0.51282054,288.28897,0.018964678,1525.8995
0.37,0.37,1.0256411,288.76675,0.037562244,1496.2655
0.37,0.37,1.5384616,289.2311,0.055797547,1467.0333
0.37,0.37,2.0512822,289.68198,0.07367554,1438.2068
0.37,0.37,2.5641026,290.1196,0.091201186,1409.7877
0.37,0.37,3.0769231,290.54413,0.10837964,1381.7777
0.37,0.37,3.5897436,290.95566,0.12521586,1354.179
0.37,0.37,4.1025643,291.35434,0.14171496,1326.9918
0.37,0.37,4.6153846,291.74023,0.15788193,1300.2175
0.37,0.37,5.1282053,292.11365,0.173722,1273.8558
0.37,0.37,5.6410255,292.47455,0.18924013,1247.9071
0.37,0.37,6.1538463,292.82318,0.20444143,1222.3712
0.37,0.37,6.6666665,293.1596,0.21933094,1197.2466
0.37,0.37,7.179487,293.48404,0.2339138,1172.5328
0.37,0.37,7.6923075,293.7966,0.24819493,1148.2286
0.37,0.37,8.205129,294.09735,0.26217958,1124.332
0.37,0.37,8.717949,294.38654,0.27587253,1100.8411
0.37,0.37,9.230769,294.66418,0.28927878,1077.7538
0.37,0.37,9.743589,294.93054,0.30240345,1055.0676
0.37,0.37,10.256411,295.1857,0.31525135,1032.78
0.37,0.37,10.769231,295.4298,0.3278274,1010.88794
0.37,0.37,11.282051,295.66293,0.34013635,989.3886
0.37,0.37,11.794871,295.88528,0.35218316,968.2784
0.37,0.37,12.307693,296.09702,0.3639725,947.55396
0.37,0.37,12.820513,296.29822,0.37550914,927.2117
0.37,0.37,13.333333,296.48904,0.38679776,907.24817
0.37,0.37,13.846154,296.6696,0.39784294,887.6588
0.37,0.37,14.358974,296.84006,0.40864933,868.4404
0.37,0.37,14.871795,297.00052,0.4192214,849.5881
0.37,0.37,15.384615,297.15118,0.4295637,831.0977
0.37,0.37,15.897436,297.29205,0.43968067,812.96515
0.37,0.37,16.410257,297.4234,0.4495766,795.1856
0.37,0.37,16.923077,297.5453,0.4592559,777.7549
0.37,0.37,17.435898,297.65784,0.46872276,760.6681
0.37,0.37,17.948717,297.76117,0.47798136,743.9208
0.37,0.37,18.461538,297.85547,0.48703605,727.5079
0.37,0.37,18.97436,297.94086,0.4958907,711.42487
0.37,0.37,19.487179,298.0174,0.5045494,695.667
0.37,0.37,20.0,298.08527,0.51301605,680.22925
0.37,0.39,0.0,287.275,0.0,1554.7677
0.37,0.39,0.51282054,287.7665,0.0189507,1524.7826
0.37,0.39,1.0256411,288.24457,0.03753476,1495.1967
0.37,0.39,1.5384616,288.7094,0.05575718,1466.0126
0.37,0.39,2.0512822,289.16092,0.07362287,1437.2335
0.37,0.39,2.5641026,289.59946,0.09113683,1408.8615
0.37,0.39,3.0769231,290.025,0.10830417,1380.8982
0.37,0.39,3.5897436,290.4378,0.12512991,1353.3448
0.37,0.39,4.1025643,290.83786,0.14161904,1326.2031
0.37,0.39,4.6153846,291.22543,0.15777658,1299.4728
0.37,0.39,5.1282053,291.60056,0.17360774,1273.1548
0.37,0.39,5.6410255,291.96344,0.18911752,1247.2482
0.37,0.39,6.1538463,292.31418,0.2043109,1221.7534
0.37,0.39,6.6666665,292.65283,0.2191931,1196.6691
0.37,0.39,7.179487,292.97968,0.23376906,1171.9945
0.37,0.39,7.6923075,293.29474,0.24804384,1147.7281
0.37,0.39,8.205129,293.59824,0.2620225,1123.868
0.37,0.39,8.717949,293.8902,0.27571002,1100.4126
0.37,0.39,9.230769,294.1708,0.2891112,1077.3595
0.37,0.39,9.743589,294.44025,0.30223113,1054.7065
0.37,0.39,10.256411,294.69858,0.3150748,1032.4508
0.37,0.39,10.769231,294.946,0.327647,1010.58936
0.37,0.39,11.282051,295.18262,0.33995244,989.1192
0.37,0.39,11.794871,295.40848,0.35199606,968.03735
0.37,0.39,12.307693,295.6238,0.36378267,947.3398
0.37,0.39,12.820513,295.82874,0.3753168,927.0237
0.37,0.39,13.333333,296.0234,0.38660333,907.0846
0.37,0.39,13.846154,296.20792,0.39764664,887.5191
0.37,0.39,14.358974,296.3824,0.40845144,868.32275
0.37,0.39,14.871795,296.5469,0.41902223,849.4918
0.37,0.39,15.384615,296.70175,0.42936343,831.02203
0.37,0.39,15.897436,296.84686,0.43947962,812.9087
0.37,0.39,16.410257,296.98257,0.449375,795.14746
0.37,0.39,16.923077,297.10886,0.45905393,777.734
0.37,0.39,17.435898,297.2259,0.4685206,760.6636
0.37,0.39,17.948717,297.33377,0.47777933,743.9317
0.37,0.39,18.461538,297.4327,0.48683414,727.53345
0.37,0.39,18.97436,297.52274,0.49568918,711.4643
0.37,0.39,19.487179,297.604,0.5043484,695.7193
0.37,0.39,20.0,297.67664,0.5128159,680.2936
0.39,0.01,0.0,286.99356,0.0,1556.1311
0.39,0.01,0.51282054,287.49603,0.018967912,1526.2081
0.39,0.01,1.0256411,287.98257,0.037569754,1496.6666
0.39,0.01,1.5384616,288.45343,0.05581048,1467.5115
0.39,0.01,2.0512822,288.90875,0.073694736,1438.7478
0.39,0.01,2.5641026,289.34888,0.09122742,1410.3787
0.39,0.01,3.0769231,289.7739,0.10841333,1382.4082
0.39,0.01,3.5897436,290.18405,0.12525758,1354.8384
0.39,0.01,4.1025643,290.5795,0.14176491,1327.6725
0.39,0.01,4.6153846,290.9606,0.15794045,1300.9119
0.39,0.01,5.1282053,291.3274,0.17378896,1274.5575
0.39,0.01,5.6410255,291.6802,0.18931577,1248.6107
0.39,0.01,6.1538463,292.01917,0.20452571,1223.0715
0.39,0.01,6.6666665,292.34442,0.21942383,1197.94
0.39,0.01,7.179487,292.65634,0.23401518,1173.216
0.39,0.01,7.6923075,292.95496,0.24830456,1148.8981
0.39,0.01,8.205129,293.24054,0.2622974,1124.9855
0.39,0.01,8.717949,293.5133,0.2759982,1101.4769
0.39,0.01,9.230769,293.77335,0.28941235,1078.3705
0.39,0.01,9.743589,294.0209,0.30254436,1055.6637
0.39,0.01,10.256411,294.2562,0.31539947,1033.3544
0.39,0.01,10.769231,294.47937,0.32798243,1011.4401
0.39,0.01,11.282051,294.69064,0.34029806,989.91766
0.39,0.01,11.794871,294.89017,0.35235125,968.7843
0.39,0.01,12.307693,295.0781,0.36414665,948.0365
0.39,0.01,12.820513,295.2547,0.37568915,927.6708
0.39,0.01,13.333333,295.42,0.38698328,907.6833
0.39,0.01,13.846154,295.57434,0.39803368,888.0706
0.39,0.01,14.358974,295.7178,0.40884495,868.82874
0.39,0.01,14.871795,295.85056,0.4194216,849.95337
0.39,0.01,15.384615,295.97278,0.42976832,831.43994
0.39,0.01,15.897436,296.0846,0.43988928,813.2845
0.39,0.01,16.410257,296.18628,0.44978917,795.4826
0.39,0.01,16.923077,296.2779,0.45947194,778.0296
0.39,0.01,17.435898,296.35962,0.46894208,760.92096
0.39,0.01,17.948717,296.43167,0.47820365,744.152
0.39,0.01,18.461538,296.49414,0.48726097,727.7178
0.39,0.01,18.97436,296.5472,0.49611804,711.61383
0.39,0.01,19.487179,296.591,0.504779,695.8351
0.39,0.01,20.0,296.62576,0.5132476,680.37683
0.39,0.03,0.0,287.56244,0.0,1557.1388
0.39,0.03,0.51282054,288.0628,0.018979907,1527.1564
0.39,0.03,1.0256411,288.5474,0.03759312,1497.5579
0.39,0.03,1.5384616,289.0163,0.055844434,1468.3481
0.39,0.03,2.0512822,289.46982,0.0737387,1439.5321
0.39,0.03,2.5641026,289.9081,0.09128067,1411.1129
0.39,0.03,3.0769231,290.33136,0.108475395,1383.0944
0.39,0.03,3.5897436,290.7399,0.12532774,1355.4791
0.39,0.03,4.1025643,291.13373,0.14184272,1328.2692
0.39,0.03,4.6153846,291.51324,0.15802525,1301.4663
0.39,0.03,5.1282053,291.8785,0.17388046,1275.0719
0.39,0.03,5.6410255,292.22983,0.18941334,1249.0867
0.39,0.03,6.1538463,292.5674,0.20462891,1223.5107
0.39,0.03,6.6666665,292.89127,0.2195322,1198.3444
0.39,0.03,7.179487,293.20178,0.2341283,1173.5865
0.39,0.03,7.6923075,293.4991,0.24842218,1149.237
0.39,0.03,8.205129,293.78345,0.26241887,1125.294
0.39,0.03,8.717949,294.05493,0.27612337,1101.7565
0.39,0.03,9.230769,294.31378,0.2895407,1078.6223
0.39,0.03,9.743589,294.56015,0.3026757,1055.8895
0.39,0.03,10.256411,294.79437,0.31553346,1033.5555
0.39,0.03,10.769231,295.01642,0.3281188,1011.6175
0.39,0.03,11.282051,295.22662,0.34043643,990.07275
0.39,0.03,11.794871,295.42508,0.35249132,968.91833
0.39,0.03,12.307693,295.612,0.36428833,948.1503
0.39,0.03,12.820513,295.7876,0.37583205,927.7656
0.39,0.03,13.333333,295.952,0.38712722,907.76044
0.39,0.03,13.846154,296.10538,0.39817846,888.13104
0.39,0.03,14.358974,296.24792,0.40899038,868.87317
0.39,0.03,14.871795,296.37976,0.4195676,849.98254
0.39,0.03,15.384615,296.5011,0.4299145,831.4553
0.39,0.03,15.897436,296.61212,0.44003564,813.28674
0.39,0.03,16.410257,296.71298,0.44993532,795.4725
0.39,0.03,16.923077,296.80377,0.4596179,778.00806
0.39,0.03,17.435898,296.88467,0.46908772,760.88873
0.39,0.03,17.948717,296.95593,0.47834894,744.1097
0.39,0.03,18.461538,297.01767,0.48740566,727.66626
0.39,0.03,18.97436,297.06995,0.49626204,711.55365
0.39,0.03,19.487179,297.11304,0.50492215,695.7671
0.39,0.03,20.0,297.14703,0.51338995,680.30145
0.39,0.05,0.0,288.0581,0.0,1558.006
0.39,0.05,0.51282054,288.5567,0.018990234,1527.9719
0.39,0.05,1.0256411,289.0395,0.037613146,1498.3237
0.39,0.05,1.5384616,289.50674,0.055873692,1469.0663
0.39,0.05,2.0512822,289.95862,0.07377641,1440.2045
0.39,0.05,2.5641026,290.39536,0.09132646,1411.7418
0.39,0.05,3.0769231,290.81714,0.108528644,1383.6815
0.39,0.05,3.5897436,291.22418,0.12538803,1356.0264
0.39,0.05,4.1025643,291.61673,0.14190944,1328.7783
0.39,0.05,4.6153846,291.9949,0.15809801,1301.9391
0.39,0.05,5.1282053,292.35898,0.17395884,1275.5096
0.39,0.05,5.6410255,292.70908,0.18949689,1249.4915
0.39,0.05,6.1538463,293.04544,0.20471722,1223.8838
0.39,0.05,6.6666665,293.36826,0.219625,1198.6869
0.39,0.05,7.179487,293.67773,0.2342251,1173.9006
0.39,0.05,7.6923075,293.97403,0.24852267,1149.5238
0.39,0.05,8.205129,294.2574,0.26252276,1125.5544
0.39,0.05,8.717949,294.52795,0.2762303,1101.9923
0.39,0.05,9.230769,294.78592,0.28965038,1078.8345
0.39,0.05,9.743589,295.03156,0.30278784,1056.0793
0.39,0.05,10.256411,295.26483,0.31564778,1033.7239
0.39,0.05,10.769231,295.48618,0.328235,1011.76575
0.39,0.05,11.282051,295.69562,0.34055442,990.20197
0.39,0.05,11.794871,295.89337,0.35261077,969.02924
0.39,0.05,12.307693,296.07965,0.364409,948.2442
0.39,0.05,12.820513,296.25458,0.37595376,927.84344
0.39,0.05,13.333333,296.41833,0.38724983,907.823
0.39,0.05,13.846154,296.5711,0.39830178,888.1791
0.39,0.05,14.358974,296.7131,0.4091142,868.9078
0.39,0.05,14.871795,296.8444,0.41969174,850.0046
0.39,0.05,15.384615,296.9652,0.43003884,831.4653
0.39,0.05,15.897436,297.07574,0.44016007,813.28564
0.39,0.05,16.410257,297.1761,0.45005968,795.4609
0.39,0.05,16.923077,297.26645,0.45974204,777.9867
0.39,0.05,17.435898,297.347,0.46921155,760.85834
0.39,0.05,17.948717,297.41785,0.4784723,744.0708
0.39,0.05,18.461538,297.4791,0.48752853,727.61957
0.39,0.05,18.97436,297.53104,0.4963843,711.4997
0.39,0.05,19.487179,297.5738,0.5050437,695.7064
0.39,0.05,20.0,297.60736,0.5135107,680.23474
0.39,0.07,0.0,288.48236,0.0,1558.7362
0.39,0.07,0.51282054,288.97928,0.018998943,1528.657
0.39,0.07,1.0256411,289.4606,0.037630044,1498.9656
0.39,0.07,1.5384616,289.9264,0.055898204,1469.6677
0.39,0.07,2.0512822,290.37686,0.07380812,1440.7666
0.39,0.07,2.5641026,290.81226,0.09136479,1412.2671
0.39,0.07,3.0769231,291.23285,0.108573236,1384.1709
0.39,0.07,3.5897436,291.63873,0.12543845,1356.4818
0.39,0.07,4.1025643,292.03018,0.14196524,1329.2017
0.39,0.07,4.6153846,292.4073,0.15815893,1302.3315
0.39,0.07,5.1282053,292.77036,0.17402428,1275.8729
0.39,0.07,5.6410255,293.11954,0.18956673,1249.8263
0.39,0.07,6.1538463,293.45508,0.20479096,1224.1921
0.39,0.07,6.6666665,293.77704,0.2197024,1198.9701
0.39,0.07,7.179487,294.0858,0.23430578,1174.1592
0.39,0.07,7.6923075,294.38135,0.24860632,1149.7593
0.39,0.07,8.205129,294.66406,0.2626092,1125.7682
0.39,0.07,8.717949,294.93402,0.27631932,1102.1853
0.39,0.07,9.230769,295.19144,0.28974164,1079.0076
0.39,0.07,9.743589,295.43643,0.30288118,1056.2335
0.39,0.07,10.256411,295.6693,0.31574285,1033.8602
0.39,0.07,10.769231,295.8902,0.32833168,1011.88544
0.39,0.07,11.282051,296.09918,0.3406524,990.3056
0.39,0.07,11.794871,296.2966,0.35271,969.1178
0.39,0.07,12.307693,296.48248,0.3645092,948.31866
0.39,0.07,12.820513,296.65714,0.37605485,927.9043
0.39,0.07,13.333333,296.8206,0.3873515,907.8712
0.39,0.07,13.846154,296.97314,0.39840406,888.2154
0.39,0.07,14.358974,297.11487,0.4092168,868.9328
0.39,0.07,14.871795,297.24597,0.41979462,850.0191
0.39,0.07,15.384615,297.3666,0.43014184,831.47015
0.39,0.07,15.897436,297.47702,0.44026303,813.2812
0.39,0.07,16.410257,297.5772,0.4501626,795.4479
0.39,0.07,16.923077,297.66745,0.45984468,777.96564
0.39,0.07,17.435898,297.7479,0.46931386,760.82965
0.39,0.07,17.948717,297.81863,0.47857425,744.03546
0.39,0.07,18.461538,297.87988,0.48763007,727.57776
0.39,0.07,18.97436,297.93182,0.4964852,711.452
0.39,0.07,19.487179,297.9745,0.505144,695.65326
0.39,0.07,20.0,298.0082,0.5136103,680.1766
0.39,0.09,0.0,288.83685,0.0,1559.3307
0.39,0.09,0.51282054,289.33234,0.019005984,1529.214
0.39,0.09,1.0256411,289.81232,0.03764376,1499.4867
0.39,0.09,1.5384616,290.27682,0.055918075,1470.1545
0.39,0.09,2.0512822,290.72617,0.07383383,1441.221
0.39,0.09,2.5641026,291.1605,0.09139593,1412.6902
0.39,0.09,3.0769231,291.58005,0.10860943,1384.5646
0.39,0.09,3.5897436,291.98505,0.12547924,1356.8478
0.39,0.09,4.1025643,292.37555,0.1420104,1329.5405
0.39,0.09,4.6153846,292.7519,0.158208,1302.6449
0.39,0.09,5.1282053,293.1143,0.17407723,1276.1624
0.39,0.09,5.6410255,293.4628,0.189623,1250.0929
0.39,0.09,6.1538463,293.79773,0.20485042,1224.4369
0.39,0.09,6.6666665,294.1192,0.21976465,1199.1938
0.39,0.09,7.179487,294.42743,0.23437071,1174.3635
0.39,0.09,7.6923075,294.7226,0.24867377,1149.9448
0.39,0.09,8.205129,295.00494,0.26267874,1125.936
0.39,0.09,8.717949,295.2746,0.2763908,1102.3358
0.39,0.09,9.230769,295.5317,0.28981483,1079.1425
0.39,0.09,9.743589,295.77652,0.30295593,1056.3531
0.39,0.09,10.256411,296.0092,0.315819,1033.9656
0.39,0.09,10.769231,296.2299,0.32840902,1011.9772
0.39,0.09,11.282051,296.43884,0.34073085,990.3845
0.39,0.09,11.794871,296.63614,0.35278934,969.1846
0.39,0.09,12.307693,296.82202,0.36458924,948.37396
0.39,0.09,12.820513,296.99664,0.37613553,927.9489
0.39,0.09,13.333333,297.1602,0.38743272,907.90564
0.39,0.09,13.846154,297.31277,0.39848554,888.24036
0.39,0.09,14.358974,297.45462,0.40929857,868.9487
0.39,0.09,14.871795,297.5859,0.41987658,850.0267
0.39,0.09,15.384615,297.7067,0.43022382,831.4697
0.39,0.09,15.897436,297.81723,0.44034496,813.2736
0.39,0.09,16.410257,297.91766,0.45024437,795.43353
0.39,0.09,16.923077,298.00815,0.45992625,777.9449
0.39,0.09,17.435898,298.0889,0.46939513,760.8033
0.39,0.09,17.948717,298.15994,0.4786552,744.00336
0.39,0.09,18.461538,298.22144,0.48771048,727.5409
0.39,0.09,18.97436,298.2737,0.49656525,711.41046
0.39,0.09,19.487179,298.3168,0.5052234,695.6076
0.39,0.09,20.0,298.3508,0.5136892,680.1269
0.39,0.11,0.0,289.12323,0.0,1559.7931
0.39,0.11,0.51282054,289.61755,0.019011512,1529.6453
0.39,0.11,1.0256411,290.09628,0.0376544,1499.8888
0.39,0.11,1.5384616,290.55978,0.055933513,1470.5288
0.39,0.11,2.0512822,291.00818,0.0738537,1441.5691
0.39,0.11,2.5641026,291.44162,0.09141992,1413.0135
0.39,0.11,3.0769231,291.86044,0.10863723,1384.8646
0.39,0.11,3.5897436,292.26468,0.12551057,1357.1249
0.39,0.11,4.1025643,292.6546,0.14204504,1329.7969
0.39,0.11,4.6153846,293.03046,0.15824576,1302.8813
0.39,0.11,5.1282053,293.39227,0.17411765,1276.3796
0.39,0.11,5.6410255,293.74042,0.18966603,1250.292
0.39,0.11,6.1538463,294.07504,0.2048958,1224.619
0.39,0.11,6.6666665,294.39624,0.21981217,1199.3599
0.39,0.11,7.179487,294.70428,0.23442021,1174.5143
0.39,0.11,7.6923075,294.99933,0.24872497,1150.0809
0.39,0.11,8.205129,295.28156,0.26273158,1126.0586
0.39,0.11,8.717949,295.55115,0.27644497,1102.4453
0.39,0.11,9.230769,295.80826,0.28987035,1079.2394
0.39,0.11,9.743589,296.05316,0.30301255,1056.4388
0.39,0.11,10.256411,296.28592,0.31587666,1034.0403
0.39,0.11,10.769231,296.50684,0.32846755,1012.0413
0.39,0.11,11.282051,296.71594,0.34079003,990.4389
0.39,0.11,11.794871,296.91348,0.35284916,969.22986
0.39,0.11,12.307693,297.09964,0.3646496,948.4106
0.39,0.11,12.820513,297.27463,0.3761963,927.9773
0.39,0.11,13.333333,297.43854,0.38749373,907.92645
0.39,0.11,13.846154,297.59152,0.39854676,888.25397
0.39,0.11,14.358974,297.7338,0.40936002,868.9556
0.39,0.11,14.871795,297.8655,0.41993797,850.02734
0.39,0.11,15.384615,297.9868,0.43028516,831.4647
0.39,0.11,15.897436,298.0979,0.44040623,813.263
0.39,0.11,16.410257,298.19885,0.45030543,795.41785
0.39,0.11,16.923077,298.28995,0.45998728,777.9246
0.39,0.11,17.435898,298.37122,0.46945578,760.7786
0.39,0.11,17.948717,298.44293,0.47871548,743.9749
0.39,0.11,18.461538,298.50513,0.4877704,727.5086
0.39,0.11,18.97436,298.55804,0.49662477,711.37494
0.39,0.11,19.487179,298.60178,0.5052825,695.56903
0.39,0.11,20.0,298.63647,0.5137478,680.0857
0.39,0.13,0.0,289.34314,0.0,1560.1255
0.39,0.13,0.51282054,289.83636,0.019015476,1529.9534
0.39,0.13,1.0256411,290.3142,0.037662014,1500.1743
0.39,0.13,1.5384616,290.7768,0.055944465,1470.7928
0.39,0.13,2.0512822,291.2244,0.07386778,1441.813
0.39,0.13,2.5641026,291.65732,0.09143687,1413.2384
0.39,0.13,3.0769231,292.0755,0.10865684,1385.072
0.39,0.13,3.5897436,292.47922,0.12553269,1357.3158
0.39,0.13,4.1025643,292.8688,0.1420694,1329.9718
0.39,0.13,4.6153846,293.24432,0.15827215,1303.0416
0.39,0.13,5.1282053,293.60596,0.17414597,1276.5259
0.39,0.13,5.6410255,293.95395,0.18969601,1250.4252
0.39,0.13,6.1538463,294.28845,0.20492736,1224.7399
0.39,0.13,6.6666665,294.60965,0.21984513,1199.469
0.39,0.13,7.179487,294.91772,0.23445448,1174.6124
0.39,0.13,7.6923075,295.21292,0.24876039,1150.1685
0.39,0.13,8.205129,295.49533,0.26276797,1126.1365
0.39,0.13,8.717949,295.7651,0.2764823,1102.5143
0.39,0.13,9.230769,296.02258,0.28990847,1079.2999
0.39,0.13,9.743589,296.2678,0.30305135,1056.4907
0.39,0.13,10.256411,296.501,0.31591606,1034.0846
0.39,0.13,10.769231,296.72232,0.3285074,1012.07837
0.39,0.13,11.282051,296.932,0.34083036,990.46954
0.39,0.13,11.794871,297.1301,0.35288978,969.254
0.39,0.13,12.307693,297.3168,0.36469054,948.4287
0.39,0.13,12.820513,297.4924,0.37623733,927.99
0.39,0.13,13.333333,297.65695,0.38753495,907.93396
0.39,0.13,13.846154,297.81067,0.39858812,888.2566
0.39,0.13,14.358974,297.95364,0.4094012,868.95386
0.39,0.13,14.871795,298.08618,0.4199792,850.0213
0.39,0.13,15.384615,298.20828,0.43032637,831.4548
0.39,0.13,15.897436,298.3202,0.44044733,813.2495
0.39,0.13,16.410257,298.4221,0.4503463,795.4011
0.39,0.13,16.923077,298.51404,0.46002778,777.90485
0.39,0.13,17.435898,298.59625,0.4694962,760.7559
0.39,0.13,17.948717,298.66885,0.47875553,743.9497
0.39,0.13,18.461538,298.73206,0.4878101,727.48126
0.39,0.13,18.97436,298.78598,0.4966641,711.3455
0.39,0.13,19.487179,298.83072,0.5053215,695.5377
0.39,0.13,20.0,298.8665,0.5137864,680.0527
0.39,0.15,0.0,289.49817,0.0,1560.3301
0.39,0.15,0.51282054,289.99045,0.019017875,1530.1401
0.39,0.15,1.0256411,290.46747,0.037666604,1500.3447
0.39,0.15,1.5384616,290.92947,0.05595109,1470.9485
0.39,0.15,2.0512822,291.3765,0.07387623,1441.9545
0.39,0.15,2.5641026,291.8089,0.09144704,1413.3672
0.39,0.15,3.0769231,292.22668,0.10866842,1385.1884
0.39,0.15,3.5897436,292.63028,0.12554562,1357.4211
0.39,0.15,4.1025643,293.01962,0.14208363,1330.0669
0.39,0.15,4.6153846,293.39508,0.15828744,1303.1268
0.39,0.15,5.1282053,293.7567,0.1741623,1276.6024
0.39,0.15,5.6410255,294.1047,0.18971322,1250.4933
0.39,0.15,6.1538463,294.43942,0.20494539,1224.8003
0.39,0.15,6.6666665,294.76086,0.21986386,1199.5221
0.39,0.15,7.179487,295.06924,0.23447376,1174.6588
0.39,0.15,7.6923075,295.36475,0.2487802,1150.209
0.39,0.15,8.205129,295.6476,0.26278827,1126.1707
0.39,0.15,8.717949,295.918,0.27650306,1102.5431
0.39,0.15,9.230769,296.176,0.28992945,1079.3236
0.39,0.15,9.743589,296.42184,0.3030727,1056.5099
0.39,0.15,10.256411,296.6557,0.31593752,1034.0995
0.39,0.15,10.769231,296.8778,0.3285291,1012.0892
0.39,0.15,11.282051,297.08817,0.3408521,990.4764
0.39,0.15,11.794871,297.28714,0.3529116,969.25726
0.39,0.15,12.307693,297.47482,0.3647124,948.4289
0.39,0.15,12.820513,297.6513,0.37625915,927.987
0.39,0.15,13.333333,297.8168,0.38755673,907.9283
0.39,0.15,13.846154,297.97153,0.39860976,888.2484
0.39,0.15,14.358974,298.1156,0.4094228,868.94336
0.39,0.15,14.871795,298.24915,0.42000064,850.00854
0.39,0.15,15.384615,298.37238,0.4303476,831.4401
0.39,0.15,15.897436,298.48544,0.4404683,813.23315
0.39,0.15,16.410257,298.58847,0.45036715,795.3831
0.39,0.15,16.923077,298.6817,0.46004838,777.8855
0.39,0.15,17.435898,298.7652,0.46951655,760.7354
0.39,0.15,17.948717,298.83908,0.47877568,743.92804
0.39,0.15,18.461538,298.90356,0.48783004,727.4585
0.39,0.15,18.97436,298.9588,0.49668366,711.32196
0.39,0.15,19.487179,299.00488,0.50534075,695.5135
0.39,0.15,20.0,299.04202,0.51380527,680.028
0.39,0.17,0.0,289.58978,0.0,1560.4095
0.39,0.17,0.51282054,290.08133,0.019018814,1530.2084
0.39,0.17,1.0256411,290.5577,0.037668325,1500.4031
0.39,0.17,1.5384616,291.0192,0.055953436,1470.9976
0.39,0.17,2.0512822,291.46585,0.0738791,1441.9958
0.39,0.17,2.5641026,291.89795,0.091450326,1413.4009
0.39,0.17,3.0769231,292.31567,0.10867217,1385.216
0.39,0.17,3.5897436,292.71912,0.12554964,1357.4426
0.39,0.17,4.1025643,293.10852,0.14208785,1330.083
0.39,0.17,4.6153846,293.48407,0.15829186,1303.1389
0.39,0.17,5.1282053,293.84598,0.17416683,1276.6101
0.39,0.17,5.6410255,294.19427,0.18971786,1250.4974
0.39,0.17,6.1538463,294.52936,0.20494998,1224.8009
0.39,0.17,6.6666665,294.85132,0.21986854,1199.52
0.39,0.17,7.179487,295.16022,0.23447841,1174.654
0.39,0.17,7.6923075,295.4563,0.24878475,1150.202
0.39,0.17,8.205129,295.73987,0.2627927,1126.1621
0.39,0.17,8.717949,296.011,0.27650738,1102.5327
0.39,0.17,9.230769,296.2698,0.28993368,1079.3115
0.39,0.17,9.743589,296.51657,0.30307665,1056.4966
0.39,0.17,10.256411,296.7514,0.3159414,1034.085
0.39,0.17,10.769231,296.97446,0.32853276,1012.0736
0.39,0.17,11.282051,297.18594,0.34085554,990.4599
0.39,0.17,11.794871,297.386,0.35291487,969.24023
0.39,0.17,12.307693,297.5748,0.36471546,948.41113
0.39,0.17,12.820513,297.75256,0.37626207,927.96893
0.39,0.17,13.333333,297.91928,0.3875593,907.9096
0.39,0.17,13.846154,298.0753,0.3986121,888.2294
0.39,0.17,14.358974,298.22073,0.4094249,868.9242
0.39,0.17,14.871795,298.3557,0.42000252,849.98944
0.39,0.17,15.384615,298.48038,0.43034926,831.42084
0.39,0.17,15.897436,298.59485,0.4404697,813.214
0.39,0.17,16.410257,298.69937,0.4503684,795.364
0.39,0.17,16.923077,298.7941,0.4600494,777.8666
0.39,0.17,17.435898,298.87912,0.4695173,760.71674
0.39,0.17,17.948717,298.95462,0.4787762,743.90967
0.39,0.17,18.461538,299.02075,0.48783022,727.4405
0.39,0.17,18.97436,299.0776,0.49668372,711.3043
0.39,0.17,19.487179,299.1254,0.50534064,695.4963
0.39,0.17,20.0,299.16425,0.5138049,680.01135
0.39,0.19,0.0,289.6195,0.0,1560.3661
0.39,0.19,0.51282054,290.11047,0.01901824,1530.16
0.39,0.19,1.0256411,290.58643,0.037667073,1500.3505
0.39,0.19,1.5384616,291.04752,0.055951558,1470.9421
0.39,0.19,2.0512822,291.494,0.0738766,1441.9375
0.39,0.19,2.5641026,291.926,0.09144709,1413.3414
0.39,0.19,3.0769231,292.34366,0.108668156,1385.1554
0.39,0.19,3.5897436,292.74722,0.1255449,1357.3817
0.39,0.19,4.1025643,293.13687,0.14208238,1330.0222
0.39,0.19,4.6153846,293.5128,0.15828565,1303.0779
0.39,0.19,5.1282053,293.87506,0.17415984,1276.55
0.39,0.19,5.6410255,294.22397,0.1897101,1250.4384
0.39,0.19,6.1538463,294.55957,0.20494159,1224.7432
0.39,0.19,6.6666665,294.8822,0.21985932,1199.4639
0.39,0.19,7.179487,295.1919,0.23446855,1174.5991
0.39,0.19,7.6923075,295.48892,0.2487742,1150.1489
0.39,0.19,8.205129,295.7734,0.26278153,1126.1107
0.39,0.19,8.717949,296.0455,0.27649555,1102.483
0.39,0.19,9.230769,296.3054,0.2899213,1079.2639
0.39,0.19,9.743589,296.55328,0.30306378,1056.4509
0.39,0.19,10.256411,296.7893,0.3159279,1034.0413
0.39,0.19,10.769231,297.01367,0.32851875,1012.0322
0.39,0.19,11.282051,297.22644,0.3408411,990.42035
0.39,0.19,11.794871,297.42792,0.3528999,969.20276
0.39,0.19,12.307693,297.6181,0.36469996,948.37573
0.39,0.19,12.820513,297.79733,0.37624615,927.93536
0.39,0.19,13.333333,297.96564,0.38754308,907.8782
0.39,0.19,13.846154,298.1233,0.3985955,888.19995
0.39,0.19,14.358974,298.2703,0.409408,868.8964
0.39,0.19,14.871795,298.40692,0.4199852,849.9637
0.39,0.19,15.384615,298.5333,0.43033165,831.39703
0.39,0.19,15.897436,298.64957,0.44045186,813.19183
0.39,0.19,16.410257,298.75592,0.4503502,795.3437
0.39,0.19,16.923077,298.85245,0.46003097,777.84796
0.39,0.19,17.435898,298.93936,0.4694986,760.6999
0.39,0.19,17.948717,299.01672,0.47875726,743.8945
0.39,0.19,18.461538,299.08472,0.48781127,727.42694
0.39,0.19,18.97436,299.14355,0.4966646,711.2924
0.39,0.19,19.487179,299.1933,0.5053213,695.486
0.39,0.19,20.0,299.23416,0.51378554,680.00256
0.39,0.21,0.0,289.58884,0.0,1560.2023
0.39,0.21,0.51282054,290.07935,0.019016206,1529.9971
0.39,0.21,1.0256411,290.55496,0.03766311,1500.1896
0.39,0.21,1.5384616,291.0159,0.055945612,1470.7834
0.39,0.21,2.0512822,291.46225,0.07386862,1441.783
0.39,0.21,2.5641026,291.8943,0.09143734,1413.1902
0.39,0.21,3.0769231,292.31216,0.108656526,1385.0087
0.39,0.21,3.5897436,292.71606,0.12553155,1357.2394
0.39,0.21,4.1025643,293.10608,0.14206725,1329.8851
0.39,0.21,4.6153846,293.48248,0.15826887,1302.9459
0.39,0.21,5.1282053,293.84537,0.17414144,1276.4233
0.39,0.21,5.6410255,294.195,0.18969017,1250.317
0.39,0.21,6.1538463,294.53143,0.2049202,1224.6276
0.39,0.21,6.6666665,294.85492,0.21983658,1199.3534
0.39,0.21,7.179487,295.16565,0.23444447,1174.495
0.39,0.21,7.6923075,295.4637,0.24874887,1150.05
0.39,0.21,8.205129,295.7494,0.2627551,1126.0171
0.39,0.21,8.717949,296.0227,0.27646798,1102.395
0.39,0.21,9.230769,296.28394,0.2898926,1079.1813
0.39,0.21,9.743589,296.5332,0.30303404,1056.3734
0.39,0.21,10.256411,296.7707,0.31589732,1033.969
0.39,0.21,10.769231,296.99655,0.3284873,1011.9647
0.39,0.21,11.282051,297.21094,0.3408088,990.35815
0.39,0.21,11.794871,297.414,0.3528669,969.14514
0.39,0.21,12.307693,297.60596,0.36466634,948.3225
0.39,0.21,12.820513,297.7869,0.37621182,927.88684
0.39,0.21,13.333333,297.95703,0.38750824,907.8339
0.39,0.21,13.846154,298.1165,0.39856017,888.1598
0.39,0.21,14.358974,298.26544,0.40937212,868.8605
0.39,0.21,14.871795,298.404,0.4199489,849.9315
0.39,0.21,15.384615,298.53238,0.43029496,831.36835
0.39,0.21,15.897436,298.65073,0.4404149,813.1669
0.39,0.21,16.410257,298.7591,0.4503129,795.3222
0.39,0.21,16.923077,298.8578,0.45999354,777.8298
0.39,0.21,17.435898,298.9468,0.46946096,760.6848
0.39,0.21,17.948717,299.02634,0.47871944,743.88245
0.39,0.21,18.461538,299.0966,0.4877733,727.4177
0.39,0.21,18.97436,299.15765,0.49662644,711.2862
0.39,0.21,19.487179,299.20975,0.5052832,695.4824
0.39,0.21,20.0,299.25287,0.51374733,680.0015
0.39,0.23,0.0,289.49924,0.0,1559.9196
0.39,0.23,0.51282054,289.98935,0.019012816,1529.7214
0.39,0.23,1.0256411,290.46472,0.03765633,1499.9218
0.39,0.23,1.5384616,290.9256,0.0559356,1470.5244
0.39,0.23,2.0512822,291.3721,0.07385553,1441.532
0.39,0.23,2.5641026,291.80432,0.09142107,1412.9489
0.39,0.23,3.0769231,292.22253,0.108637385,1384.7764
0.39,0.23,3.5897436,292.62686,0.12550959,1357.0173
0.39,0.23,4.1025643,293.0175,0.1420427,1329.6726
0.39,0.23,4.6153846,293.39453,0.15824175,1302.7434
0.39,0.23,5.1282053,293.7583,0.17411186,1276.2307
0.39,0.23,5.6410255,294.10873,0.18965831,1250.1343
0.39,0.23,6.1538463,294.44623,0.20488614,1224.4545
0.39,0.23,6.6666665,294.77087,0.21980049,1199.1903
0.39,0.23,7.179487,295.08273,0.23440634,1174.3411
0.39,0.23,7.6923075,295.3821,0.24870896,1149.9055
0.39,0.23,8.205129,295.66907,0.26271343,1125.8823
0.39,0.23,8.717949,295.94394,0.27642474,1102.2689
0.39,0.23,9.230769,296.2067,0.28984788,1079.064
0.39,0.23,9.743589,296.45755,0.30298793,1056.2646
0.39,0.23,10.256411,296.69672,0.3158499,1033.8682
0.39,0.23,10.769231,296.92435,0.3284387,1011.8722
0.39,0.23,11.282051,297.14056,0.3407591,990.273
0.39,0.23,11.794871,297.3455,0.35281625,969.0673
0.39,0.23,12.307693,297.5394,0.36461475,948.25195
0.39,0.23,12.820513,297.72235,0.37615937,927.8232
0.39,0.23,13.333333,297.89456,0.38745505,907.77673
0.39,0.23,13.846154,298.05615,0.39850628,888.1089
0.39,0.23,14.358974,298.20724,0.40931776,868.81573
0.39,0.23,14.871795,298.34808,0.41989392,849.8925
0.39,0.23,15.384615,298.4787,0.4302396,831.3351
0.39,0.23,15.897436,298.5993,0.4403591,813.1388
0.39,0.23,16.410257,298.71008,0.45025682,795.2994
0.39,0.23,16.923077,298.81116,0.4599371,777.81177
0.39,0.23,17.435898,298.90256,0.4694044,760.6715
0.39,0.23,17.948717,298.98465,0.47866276,743.87354
0.39,0.23,18.461538,299.05737,0.48771656,727.4131
0.39,0.23,18.97436,299.12097,0.49656975,711.28546
0.39,0.23,19.487179,299.1756,0.5052263,695.48553
0.39,0.23,20.0,299.2213,0.51369065,680.00824
0.39,0.25,0.0,289.35208,0.0,1559.521
0.39,0.25,0.51282054,289.84198,0.019007914,1529.3357
0.39,0.25,1.0256411,290.31726,0.037646785,1499.5497
0.39,0.25,1.5384616,290.7781,0.05592162,1470.1654
0.39,0.25,2.0512822,291.22482,0.07383722,1441.1875
0.39,0.25,2.5641026,291.6574,0.09139859,1412.6185
0.39,0.25,3.0769231,292.07605,0.108610995,1384.4609
0.39,0.25,3.5897436,292.48096,0.1254794,1356.7158
0.39,0.25,4.1025643,292.8723,0.14200878,1329.386
0.39,0.25,4.6153846,293.25027,0.1582044,1302.4717
0.39,0.25,5.1282053,293.6149,0.17407134,1275.9731
0.39,0.25,5.6410255,293.96646,0.18961471,1249.891
0.39,0.25,6.1538463,294.3051,0.20483957,1224.225
0.39,0.25,6.6666665,294.63104,0.21975115,1198.9747
0.39,0.25,7.179487,294.94434,0.23435456,1174.1389
0.39,0.25,7.6923075,295.2452,0.24865466,1149.7167
0.39,0.25,8.205129,295.53375,0.26265693,1125.7058
0.39,0.25,8.717949,295.8102,0.2763661,1102.1049
0.39,0.25,9.230769,296.07468,0.28978732,1078.9119
0.39,0.25,9.743589,296.3274,0.30292556,1056.1241
0.39,0.25,10.256411,296.56848,0.31578588,1033.7393
0.39,0.25,10.769231,296.79813,0.32837313,1011.7539
0.39,0.25,11.282051,297.0164,0.34069225,990.16516
0.39,0.25,11.794871,297.22348,0.35274804,968.9698
0.39,0.25,12.307693,297.41953,0.36454538,948.1641
0.39,0.25,12.820513,297.60474,0.37608907,927.7443
0.39,0.25,13.333333,297.77927,0.3873837,907.70703
0.39,0.25,13.846154,297.94327,0.39843416,888.0478
0.39,0.25,14.358974,298.09674,0.4092449,868.7625
0.39,0.25,14.871795,298.24005,0.4198206,849.8471
0.39,0.25,15.384615,298.37326,0.43016577,831.297
0.39,0.25,15.897436,298.49646,0.44028473,813.10785
0.39,0.25,16.410257,298.60983,0.4501822,795.275
0.39,0.25,16.923077,298.7135,0.45986226,777.7938
0.39,0.25,17.435898,298.80768,0.4693292,760.65955
0.39,0.25,17.948717,298.8925,0.4785875,743.8675
0.39,0.25,18.461538,298.96802,0.48764122,727.41254
0.39,0.25,18.97436,299.03445,0.49649447,711.29004
0.39,0.25,19.487179,299.09192,0.5051512,695.49506
0.39,0.25,20.0,299.1405,0.5136156,680.02246
0.39,0.27,0.0,289.14868,0.0,1559.0083
0.39,0.27,0.51282054,289.63837,0.01900176,1528.8414
0.39,0.27,1.0256411,290.1137,0.037634633,1499.0736
0.39,0.27,1.5384616,290.5748,0.05590368,1469.709
0.39,0.27,2.0512822,291.02173,0.07381375,1440.7505
0.39,0.27,2.5641026,291.45474,0.09137001,1412.2008
0.39,0.27,3.0769231,291.874,0.1085773,1384.0627
0.39,0.27,3.5897436,292.27966,0.1254409,1356.3374
0.39,0.27,4.1025643,292.67188,0.1419658,1329.0265
0.39,0.27,4.6153846,293.0508,0.1581571,1302.1306
0.39,0.27,5.1282053,293.4166,0.17401996,1275.6511
0.39,0.27,5.6410255,293.76938,0.18955947,1249.5876
0.39,0.27,6.1538463,294.1094,0.2047807,1223.9397
0.39,0.27,6.6666665,294.43674,0.21968888,1198.7069
0.39,0.27,7.179487,294.75165,0.23428905,1173.8884
0.39,0.27,7.6923075,295.05414,0.24858624,1149.4829
0.39,0.27,8.205129,295.34448,0.26258576,1125.4884
0.39,0.27,8.717949,295.62286,0.27629235,1101.9034
0.39,0.27,9.230769,295.88928,0.28971112,1078.7257
0.39,0.27,9.743589,296.144,0.30284724,1055.9529
0.39,0.27,10.256411,296.3872,0.3157055,1033.5822
0.39,0.27,10.769231,296.619,0.3282909,1011.61053
0.39,0.27,11.282051,296.83957,0.34060824,990.0349
0.39,0.27,11.794871,297.049,0.35266256,968.8521
0.39,0.27,12.307693,297.24747,0.3644586,948.05853
0.39,0.27,12.820513,297.43518,0.37600103,927.6505
0.39,0.27,13.333333,297.61224,0.38729462,907.62415
0.39,0.27,13.846154,297.77878,0.39834413,887.9756
0.39,0.27,14.358974,297.935,0.40915394,868.7006
0.39,0.27,14.871795,298.08105,0.41972902,849.7949
0.39,0.27,15.384615,298.217,0.43007347,831.2541
0.39,0.27,15.897436,298.34302,0.4401921,813.07367
0.39,0.27,16.410257,298.4593,0.4500891,795.24915
0.39,0.27,16.923077,298.56595,0.4597689,777.77594
0.39,0.27,17.435898,298.6631,0.46923575,760.64905
0.39,0.27,17.948717,298.75095,0.47849393,743.86414
0.39,0.27,18.461538,298.8295,0.48754773,727.4159
0.39,0.27,18.97436,298.89902,0.49640098,711.29987
0.39,0.27,19.487179,298.95963,0.50505793,695.51086
0.39,0.27,20.0,299.01138,0.51352257,680.04395
0.39,0.29,0.0,288.89047,0.0,1558.3837
0.39,0.29,0.51282054,289.3801,0.018994197,1528.241
0.39,0.29,1.0256411,289.8555,0.037619874,1498.4971
0.39,0.29,1.5384616,290.31683,0.055881932,1469.1566
0.39,0.29,2.0512822,290.7642,0.07378538,1440.2224
0.39,0.29,2.5641026,291.19775,0.09133522,1411.6969
0.39,0.29,3.0769231,291.61774,0.10853652,1383.5829
0.39,0.29,3.5897436,292.02423,0.12539437,1355.8817
0.39,0.29,4.1025643,292.41742,0.14191377,1328.5947
0.39,0.29,4.6153846,292.7975,0.15809993,1301.7227
0.39,0.29,5.1282053,293.1645,0.1739579,1275.266
0.39,0.29,5.6410255,293.51874,0.18949282,1249.2249
0.39,0.29,6.1538463,293.86023,0.20470971,1223.5991
0.39,0.29,6.6666665,294.18918,0.21961382,1198.3878
0.39,0.29,7.179487,294.5058,0.2342102,1173.5903
0.39,0.29,7.6923075,294.81015,0.2485039,1149.2051
0.39,0.29,8.205129,295.10242,0.26250005,1125.2305
0.39,0.29,8.717949,295.38278,0.2762036,1101.6647
0.39,0.29,9.230769,295.6514,0.2896196,1078.5054
0.39,0.29,9.743589,295.90836,0.30275303,1055.7504
0.39,0.29,10.256411,296.15387,0.31560898,1033.3967
0.39,0.29,10.769231,296.3881,0.32819217,1011.4415
0.39,0.29,11.282051,296.6111,0.34050757,989.88196
0.39,0.29,11.794871,296.82306,0.3525601,968.7145
0.39,0.29,12.307693,297.02423,0.36435443,947.9356
0.39,0.29,12.820513,297.21466,0.3758955,927.5415
0.39,0.29,13.333333,297.3945,0.3871878,907.5286
0.39,0.29,13.846154,297.56387,0.39823622,887.8929
0.39,0.29,14.358974,297.72302,0.40904516,868.62994
0.39,0.29,14.871795,297.87198,0.41961935,849.7357
0.39,0.29,15.384615,298.011,0.42996323,831.20593
0.39,0.29,15.897436,298.1401,0.4400813,813.03613
0.39,0.29,16.410257,298.2595,0.4499779,795.22156
0.39,0.29,16.923077,298.36932,0.45965743,777.75775
0.39,0.29,17.435898,298.4697,0.46912414,760.6399
0.39,0.29,17.948717,298.5608,0.47838226,743.86334
0.39,0.29,18.461538,298.64267,0.48743594,727.4233
0.39,0.29,18.97436,298.71558,0.49628943,711.31464
0.39,0.29,19.487179,298.77957,0.5049466,695.5329
0.39,0.29,20.0,298.8348,0.5134116,680.0727
0.39,0.31,0.0,288.5788,0.0,1557.65
0.39,0.31,0.51282054,289.06836,0.018985383,1527.5355
0.39,0.31,1.0256411,289.54388,0.037602507,1497.8212
0.39,0.31,1.5384616,290.00555,0.05585643,1468.5098
0.39,0.31,2.0512822,290.4534,0.073752105,1439.6049
0.39,0.31,2.5641026,290.8876,0.09129454,1411.1086
0.39,0.31,3.0769231,291.30844,0.108488746,1383.0237
0.39,0.31,3.5897436,291.71585,0.12533988,1355.3507
0.39,0.31,4.1025643,292.11017,0.14185295,1328.0917
0.39,0.31,4.6153846,292.49146,0.15803301,1301.2473
0.39,0.31,5.1282053,292.8599,0.1738853,1274.8177
0.39,0.31,5.6410255,293.21558,0.1894149,1248.8035
0.39,0.31,6.1538463,293.55875,0.20462683,1223.2039
0.39,0.31,6.6666665,293.88953,0.21952626,1198.0177
0.39,0.31,7.179487,294.20795,0.23411824,1173.2449
0.39,0.31,7.6923075,294.51428,0.24840778,1148.8837
0.39,0.31,8.205129,294.8087,0.2624001,1124.9321
0.39,0.31,8.717949,295.09128,0.27610013,1101.3887
0.39,0.31,9.230769,295.36218,0.2895129,1078.2511
0.39,0.31,9.743589,295.62155,0.3026433,1055.517
0.39,0.31,10.256411,295.8696,0.31549647,1033.1835
0.39,0.31,10.769231,296.10635,0.32807717,1011.2476
0.39,0.31,11.282051,296.33206,0.34039026,989.7068
0.39,0.31,11.794871,296.54684,0.35244077,968.5569
0.39,0.31,12.307693,296.75082,0.3642333,947.7951
0.39,0.31,12.820513,296.94415,0.37577274,927.41736
0.39,0.31,13.333333,297.12698,0.38706368,907.41986
0.39,0.31,13.846154,297.29947,0.39811075,887.799
0.39,0.31,14.358974,297.4617,0.40891862,868.5503
0.39,0.31,14.871795,297.6139,0.4194919,849.6696
0.39,0.31,15.384615,297.7561,0.42983514,831.1526
0.39,0.31,15.897436,297.88855,0.4399526,812.995
0.39,0.31,16.410257,298.0113,0.4498487,795.19196
0.39,0.31,16.923077,298.12454,0.459528,777.7391
0.39,0.31,17.435898,298.22845,0.4689945,760.63165
0.39,0.31,17.948717,298.32303,0.47825265,743.86487
0.39,0.31,18.461538,298.4085,0.48730642,727.43414
0.39,0.31,18.97436,298.48495,0.4961601,711.3343
0.39,0.31,19.487179,298.55264,0.5048174,695.5607
0.39,0.31,20.0,298.6116,0.51328284,680.1083
0.39,0.33,0.0,288.2149,0.0,1556.8082
0.39,0.33,0.51282054,288.7045,0.018975161,1526.7281
0.39,0.33,1.0256411,289.18024,0.037582636,1497.0475
0.39,0.33,1.5384616,289.64224,0.055827223,1467.7704
0.39,0.33,2.0512822,290.09067,0.073714085,1438.8989
0.39,0.33,2.5641026,290.52557,0.09124797,1410.4366
0.39,0.33,3.0769231,290.94727,0.10843414,1382.3849
0.39,0.33,3.5897436,291.35574,0.12527755,1354.745
0.39,0.33,4.1025643,291.75134,0.14178343,1327.5184
0.39,0.33,4.6153846,292.13394,0.15795666,1300.706
0.39,0.33,5.1282053,292.50385,0.17380248,1274.308
0.39,0.33,5.6410255,292.86118,0.18932599,1248.3241
0.39,0.33,6.1538463,293.2061,0.20453218,1222.754
0.39,0.33,6.6666665,293.53873,0.21942623,1197.597
0.39,0.33,7.179487,293.85925,0.2340132,1172.8524
0.39,0.33,7.6923075,294.16772,0.2482981,1148.5184
0.39,0.33,8.205129,294.46432,0.26228607,1124.5934
0.39,0.33,8.717949,294.7493,0.27598208,1101.0757
0.39,0.33,9.230769,295.02264,0.28939116,1077.9628
0.39,0.33,9.743589,295.28467,0.3025182,1055.2524
0.39,0.33,10.256411,295.53534,0.31536818,1032.9419
0.39,0.33,10.769231,295.77484,0.32794607,1011.02844
0.39,0.33,11.282051,296.00348,0.34025666,989.5083
0.39,0.33,11.794871,296.2212,0.35230482,968.379
0.39,0.33,12.307693,296.4282,0.36409533,947.63666
0.39,0.33,12.820513,296.6246,0.37563288,927.27747
0.39,0.33,13.333333,296.81064,0.38692218,907.29785
0.39,0.33,13.846154,296.9864,0.3979679,887.694
0.39,0.33,14.358974,297.152,0.40877464,868.4615
0.39,0.33,14.871795,297.30756,0.4193469,849.59625
0.39,0.33,15.384615,297.45328,0.4296892,831.0939
0.39,0.33,15.897436,297.58926,0.43980598,812.95013
0.39,0.33,16.410257,297.7156,0.44970176,795.16016
0.39,0.33,16.923077,297.83255,0.45938066,777.7198
0.39,0.33,17.435898,297.94012,0.4688471,760.62427
0.39,0.33,17.948717,298.03848,0.47810507,743.8687
0.39,0.33,18.461538,298.1278,0.487159,727.44836
0.39,0.33,18.97436,298.20816,0.4960129,711.3586
0.39,0.33,19.487179,298.27972,0.50467074,695.5943
0.39,0.33,20.0,298.3426,0.5131365,680.15063
0.39,0.35,0.0,287.8001,0.0,1555.8617
0.39,0.35,0.51282054,288.28976,0.018963791,1525.8197
0.39,0.35,1.0256411,288.76572,0.037560314,1496.178
0.39,0.35,1.5384616,289.22815,0.055794418,1466.9395
0.39,0.35,2.0512822,289.67712,0.073671214,1438.107
0.39,0.35,2.5641026,290.1129,0.09119566,1409.6826
0.39,0.35,3.0769231,290.53555,0.10837281,1381.6686
0.39,0.35,3.5897436,290.94516,0.12520762,1354.066
0.39,0.35,4.1025643,291.34195,0.14170536,1326.876
0.39,0.35,4.6153846,291.72604,0.15787092,1300.0994
0.39,0.35,5.1282053,292.09756,0.17370948,1273.7363
0.39,0.35,5.6410255,292.45657,0.18922615,1247.787
0.39,0.35,6.1538463,292.80344,0.20442589,1222.2505
0.39,0.35,6.6666665,293.13806,0.219314,1197.1262
0.39,0.35,7.179487,293.46066,0.23389533,1172.4133
0.39,0.35,7.6923075,293.77142,0.24817505,1148.11
0.39,0.35,8.205129,294.0705,0.2621582,1124.2147
0.39,0.35,8.717949,294.3579,0.27584973,1100.7258
0.39,0.35,9.230769,294.6339,0.28925464,1077.6407
0.39,0.35,9.743589,294.89862,0.30237788,1054.9574
0.39,0.35,10.256411,295.15216,0.31522447,1032.6725
0.39,0.35,10.769231,295.39462,0.32779914,1010.7836
0.39,0.35,11.282051,295.62622,0.34010682,989.28754
0.39,0.35,11.794871,295.8471,0.35215244,968.181
0.39,0.35,12.307693,296.0573,0.3639406,947.46063
0.39,0.35,12.820513,296.25708,0.37547615,927.1222
0.39,0.35,13.333333,296.44647,0.3867637,907.1627
0.39,0.35,13.846154,296.6257,0.39780784,887.57764
0.39,0.35,14.358974,296.79483,0.4086132,868.3634
0.39,0.35,14.871795,296.95407,0.4191844,849.5154
0.39,0.35,15.384615,297.10345,0.4295259,831.02936
0.39,0.35,15.897436,297.24316,0.43964195,812.90106
0.39,0.35,16.410257,297.37335,0.44953728,795.1261
0.39,0.35,16.923077,297.49414,0.45921576,777.69977
0.39,0.35,17.435898,297.60562,0.46868202,760.6173
0.39,0.35,17.948717,297.70798,0.47794005,743.87427
0.39,0.35,18.461538,297.80133,0.4869941,727.4657
0.39,0.35,18.97436,297.8858,0.49584818,711.387
0.39,0.35,19.487179,297.9615,0.50450647,695.6333
0.39,0.35,20.0,298.0286,0.5129728,680.19946
0.39,0.37,0.0,287.3357,0.0,1554.8115
0.39,0.37,0.51282054,287.82538,0.018951118,1524.8132
0.39,0.37,1.0256411,288.3016,0.03753554,1495.2147
0.39,0.37,1.5384616,288.7645,0.055758066,1466.0194
0.39,0.37,2.0512822,289.21414,0.073623806,1437.23
0.39,0.37,2.5641026,289.6508,0.091137715,1408.8481
0.39,0.37,3.0769231,290.07437,0.10830475,1380.8759
0.39,0.37,3.5897436,290.4852,0.12513018,1353.3146
0.39,0.37,4.1025643,290.8834,0.14161883,1326.1653
0.39,0.37,4.6153846,291.26892,0.15777595,1299.4285
0.39,0.37,5.1282053,291.64212,0.17360649,1273.1044
0.39,0.37,5.6410255,292.00302,0.18911558,1247.193
0.39,0.37,6.1538463,292.3518,0.20430827,1221.6936
0.39,0.37,6.6666665,292.6885,0.2191897,1196.6055
0.39,0.37,7.179487,293.01346,0.23376489,1171.9277
0.39,0.37,7.6923075,293.32657,0.24803883,1147.6584
0.39,0.37,8.205129,293.62814,0.26201665,1123.7963
0.39,0.37,8.717949,293.9182,0.27570322,1100.3394
0.39,0.37,9.230769,294.19693,0.28910354,1077.285
0.39,0.37,9.743589,294.46457,0.30222258,1054.6311
0.39,0.37,10.256411,294.721,0.31506532,1032.3749
0.39,0.37,10.769231,294.96658,0.32763654,1010.5137
0.39,0.37,11.282051,295.20142,0.33994114,989.0439
0.39,0.37,11.794871,295.42557,0.35198376,967.9625
0.39,0.37,12.307693,295.6392,0.36376944,947.2663
0.39,0.37,12.820513,295.8424,0.37530267,926.95123
0.39,0.37,13.333333,296.0354,0.38658834,907.01373
0.39,0.37,13.846154,296.21826,0.39763072,887.4498
0.39,0.37,14.358974,296.3911,0.4084347,868.25555
0.39,0.37,14.871795,296.5541,0.41900465,849.4267
0.39,0.37,15.384615,296.70743,0.42934513,830.95886
0.39,0.37,15.897436,296.8511,0.43946046,812.848
0.39,0.37,16.410257,296.98532,0.44935513,795.0893
0.39,0.37,16.923077,297.11017,0.45903337,777.67847
0.39,0.37,17.435898,297.22583,0.46849942,760.61066
0.39,0.37,17.948717,297.3324,0.4777575,743.8815
0.39,0.37,18.461538,297.43002,0.48681176,727.486
0.39,0.37,18.97436,297.51883,0.49566627,711.41956
0.39,0.37,19.487179,297.59888,0.5043249,695.6775
0.39,0.37,20.0,297.67035,0.5127919,680.2546
0.39,0.39,0.0,286.82294,0.0,1553.6605
0.39,0.39,0.51282054,287.3127,0.018937245,1523.7101
0.39,0.39,1.0256411,287.7892,0.037508316,1494.1595
0.39,0.39,1.5384616,288.25253,0.05571822,1465.0115
0.39,0.39,2.0512822,288.7029,0.07357181,1436.2688
0.39,0.39,2.5641026,289.14038,0.09107424,1407.9337
0.39,0.39,3.0769231,289.56503,0.10823032,1380.0074
0.39,0.39,3.5897436,289.9771,0.12504527,1352.4917
0.39,0.39,4.1025643,290.37665,0.14152412,1325.3867
0.39,0.39,4.6153846,290.7638,0.15767185,1298.6936
0.39,0.39,5.1282053,291.13876,0.17349362,1272.4125
0.39,0.39,5.6410255,291.50156,0.1889945,1246.5426
0.39,0.39,6.1538463,291.8524,0.2041794,1221.0841
0.39,0.39,6.6666665,292.19128,0.21905364,1196.0354
0.39,0.39,7.179487,292.51855,0.23362198,1171.3961
0.39,0.39,7.6923075,292.8342,0.24788962,1147.1642
0.39,0.39,8.205129,293.13837,0.2618616,1123.338
0.39,0.39,8.717949,293.43118,0.27554274,1099.9158
0.39,0.39,9.230769,293.7128,0.28893805,1076.8953
0.39,0.39,9.743589,293.98334,0.3020525,1054.274
0.39,0.39,10.256411,294.243,0.314891,1032.0492
0.39,0.39,10.769231,294.49182,0.3274584,1010.21783
0.39,0.39,11.282051,294.72995,0.33975953,988.7769
0.39,0.39,11.794871,294.9575,0.35179913,967.7235
0.39,0.39,12.307693,295.17465,0.363582,947.0536
0.39,0.39,12.820513,295.3815,0.37511277,926.7639
0.39,0.39,13.333333,295.57825,0.38639626,906.8507
0.39,0.39,13.846154,295.76486,0.39743686,887.31006
0.39,0.39,14.358974,295.9417,0.4082392,868.1378
0.39,0.39,14.871795,296.1087,0.41880783,849.32983
0.39,0.39,15.384615,296.26608,0.42914727,830.8821
0.39,0.39,15.897436,296.4139,0.43926176,812.79016
0.39,0.39,16.410257,296.55228,0.4491558,795.0495
0.39,0.39,16.923077,296.6815,0.45883366,777.65564
0.39,0.39,17.435898,296.8015,0.46829954,760.6039
0.39,0.39,17.948717,296.9125,0.4775576,743.89
0.39,0.39,18.461538,297.0146,0.48661208,727.509
0.39,0.39,18.97436,297.10788,0.49546695,711.456
0.39,0.39,19.487179,297.19263,0.5041261,695.72656
0.39,0.39,20.0,297.26874,0.51259375,680.3157
