x,y,time,T
0.01,0.01,0.0,310.0
0.03,0.01,0.0,310.0
0.05,0.01,0.0,310.0
0.07,0.01,0.0,310.0
0.09,0.01,0.0,310.0
0.11,0.01,0.0,310.0
0.13,0.01,0.0,310.0
0.15,0.01,0.0,310.0
0.17,0.01,0.0,310.0
0.19,0.01,0.0,310.0
0.21,0.01,0.0,310.0
0.23,0.01,0.0,310.0
0.25,0.01,0.0,310.0
0.27,0.01,0.0,310.0
0.29,0.01,0.0,310.0
0.31,0.01,0.0,310.0
0.33,0.01,0.0,310.0
0.35,0.01,0.0,310.0
0.37,0.01,0.0,310.0
0.39,0.01,0.0,310.0
0.01,0.03,0.0,310.0
0.03,0.03,0.0,310.0
0.05,0.03,0.0,310.0
0.07,0.03,0.0,310.0
0.09,0.03,0.0,310.0
0.11,0.03,0.0,310.0
0.13,0.03,0.0,310.0
0.15,0.03,0.0,310.0
0.17,0.03,0.0,310.0
0.19,0.03,0.0,310.0
0.21,0.03,0.0,310.0
0.23,0.03,0.0,310.0
0.25,0.03,0.0,310.0
0.27,0.03,0.0,310.0
0.29,0.03,0.0,310.0
0.31,0.03,0.0,310.0
0.33,0.03,0.0,310.0
0.35,0.03,0.0,310.0
0.37,0.03,0.0,310.0
0.39,0.03,0.0,310.0
0.01,0.05,0.0,310.0
0.03,0.05,0.0,310.0
0.05,0.05,0.0,310.0
0.07,0.05,0.0,310.0
0.09,0.05,0.0,310.0
0.11,0.05,0.0,310.0
0.13,0.05,0.0,310.0
0.15,0.05,0.0,310.0
0.17,0.05,0.0,310.0
0.19,0.05,0.0,310.0
0.21,0.05,0.0,310.0
0.23,0.05,0.0,310.0
0.25,0.05,0.0,310.0
0.27,0.05,0.0,310.0
0.29,0.05,0.0,310.0
0.31,0.05,0.0,310.0
0.33,0.05,0.0,310.0
0.35,0.05,0.0,310.0
0.37,0.05,0.0,310.0
0.39,0.05,0.0,310.0
0.01,0.07,0.0,310.0
0.03,0.07,0.0,310.0
0.05,0.07,0.0,310.0
0.07,0.07,0.0,310.0
0.09,0.07,0.0,310.0
0.11,0.07,0.0,310.0
0.13,0.07,0.0,310.0
0.15,0.07,0.0,310.0
0.17,0.07,0.0,310.0
0.19,0.07,0.0,310.0
0.21,0.07,0.0,310.0
0.23,0.07,0.0,310.0
0.25,0.07,0.0,310.0
0.27,0.07,0.0,310.0
0.29,0.07,0.0,310.0
0.31,0.07,0.0,310.0
0.33,0.07,0.0,310.0
0.35,0.07,0.0,310.0
0.37,0.07,0.0,310.0
0.39,0.07,0.0,310.0
0.01,0.09,0.0,310.0
0.03,0.09,0.0,310.0
0.05,0.09,0.0,310.0
0.07,0.09,0.0,310.0
0.09,0.09,0.0,310.0
0.11,0.09,0.0,310.0
0.13,0.09,0.0,310.0
0.15,0.09,0.0,310.0
0.17,0.09,0.0,310.0
0.19,0.09,0.0,310.0
0.21,0.09,0.0,310.0
0.23,0.09,0.0,310.0
0.25,0.09,0.0,310.0
0.27,0.09,0.0,310.0
0.29,0.09,0.0,310.0
0.31,0.09,0.0,310.0
0.33,0.09,0.0,310.0
0.35,0.09,0.0,310.0
0.37,0.09,0.0,310.0
0.39,0.09,0.0,310.0
0.01,0.11,0.0,310.0
0.03,0.11,0.0,310.0
0.05,0.11,0.0,310.0
0.07,0.11,0.0,310.0
0.09,0.11,0.0,310.0
0.11,0.11,0.0,310.0
0.13,0.11,0.0,310.0
0.15,0.11,0.0,310.0
0.17,0.11,0.0,310.0
0.19,0.11,0.0,310.0
0.21,0.11,0.0,310.0
0.23,0.11,0.0,310.0
0.25,0.11,0.0,310.0
0.27,0.11,0.0,310.0
0.29,0.11,0.0,310.0
0.31,0.11,0.0,310.0
0.33,0.11,0.0,310.0
0.35,0.11,0.0,310.0
0.37,0.11,0.0,310.0
0.39,0.11,0.0,310.0
0.01,0.13,0.0,310.0
0.03,0.13,0.0,310.0
0.05,0.13,0.0,310.0
0.07,0.13,0.0,310.0
0.09,0.13,0.0,310.0
0.11,0.13,0.0,310.0
0.13,0.13,0.0,310.0
0.15,0.13,0.0,310.0
0.17,0.13,0.0,310.0
0.19,0.13,0.0,310.0
0.21,0.13,0.0,310.0
0.23,0.13,0.0,310.0
0.25,0.13,0.0,310.0
0.27,0.13,0.0,310.0
0.29,0.13,0.0,310.0
0.31,0.13,0.0,310.0
0.33,0.13,0.0,310.0
0.35,0.13,0.0,310.0
0.37,0.13,0.0,310.0
0.39,0.13,0.0,310.0
0.01,0.15,0.0,310.0
0.03,0.15,0.0,310.0
0.05,0.15,0.0,310.0
0.07,0.15,0.0,310.0
0.09,0.15,0.0,310.0
0.11,0.15,0.0,310.0
0.13,0.15,0.0,310.0
0.15,0.15,0.0,310.0
0.17,0.15,0.0,310.0
0.19,0.15,0.0,310.0
0.21,0.15,0.0,310.0
0.23,0.15,0.0,310.0
0.25,0.15,0.0,310.0
0.27,0.15,0.0,310.0
0.29,0.15,0.0,310.0
0.31,0.15,0.0,310.0
0.33,0.15,0.0,310.0
0.35,0.15,0.0,310.0
0.37,0.15,0.0,310.0
0.39,0.15,0.0,310.0
0.01,0.17,0.0,310.0
0.03,0.17,0.0,310.0
0.05,0.17,0.0,310.0
0.07,0.17,0.0,310.0
0.09,0.17,0.0,310.0
0.11,0.17,0.0,310.0
0.13,0.17,0.0,310.0
0.15,0.17,0.0,310.0
0.17,0.17,0.0,310.0
0.19,0.17,0.0,310.0
0.21,0.17,0.0,310.0
0.23,0.17,0.0,310.0
0.25,0.17,0.0,310.0
0.27,0.17,0.0,310.0
0.29,0.17,0.0,310.0
0.31,0.17,0.0,310.0
0.33,0.17,0.0,310.0
0.35,0.17,0.0,310.0
0.37,0.17,0.0,310.0
0.39,0.17,0.0,310.0
0.01,0.19,0.0,310.0
0.03,0.19,0.0,310.0
0.05,0.19,0.0,310.0
0.07,0.19,0.0,310.0
0.09,0.19,0.0,310.0
0.11,0.19,0.0,310.0
0.13,0.19,0.0,310.0
0.15,0.19,0.0,310.0
0.17,0.19,0.0,310.0
0.19,0.19,0.0,310.0
0.21,0.19,0.0,310.0
0.23,0.19,0.0,310.0
0.25,0.19,0.0,310.0
0.27,0.19,0.0,310.0
0.29,0.19,0.0,310.0
0.31,0.19,0.0,310.0
0.33,0.19,0.0,310.0
0.35,0.19,0.0,310.0
0.37,0.19,0.0,310.0
0.39,0.19,0.0,310.0
0.01,0.21,0.0,310.0
0.03,0.21,0.0,310.0
0.05,0.21,0.0,310.0
0.07,0.21,0.0,310.0
0.09,0.21,0.0,310.0
0.11,0.21,0.0,310.0
0.13,0.21,0.0,310.0
0.15,0.21,0.0,310.0
0.17,0.21,0.0,310.0
0.19,0.21,0.0,310.0
0.21,0.21,0.0,310.0
0.23,0.21,0.0,310.0
0.25,0.21,0.0,310.0
0.27,0.21,0.0,310.0
0.29,0.21,0.0,310.0
0.31,0.21,0.0,310.0
0.33,0.21,0.0,310.0
0.35,0.21,0.0,310.0
0.37,0.21,0.0,310.0
0.39,0.21,0.0,310.0
0.01,0.23,0.0,310.0
0.03,0.23,0.0,310.0
0.05,0.23,0.0,310.0
0.07,0.23,0.0,310.0
0.09,0.23,0.0,310.0
0.11,0.23,0.0,310.0
0.13,0.23,0.0,310.0
0.15,0.23,0.0,310.0
0.17,0.23,0.0,310.0
0.19,0.23,0.0,310.0
0.21,0.23,0.0,310.0
0.23,0.23,0.0,310.0
0.25,0.23,0.0,310.0
0.27,0.23,0.0,310.0
0.29,0.23,0.0,310.0
0.31,0.23,0.0,310.0
0.33,0.23,0.0,310.0
0.35,0.23,0.0,310.0
0.37,0.23,0.0,310.0
0.39,0.23,0.0,310.0
0.01,0.25,0.0,310.0
0.03,0.25,0.0,310.0
0.05,0.25,0.0,310.0
0.07,0.25,0.0,310.0
0.09,0.25,0.0,310.0
0.11,0.25,0.0,310.0
0.13,0.25,0.0,310.0
0.15,0.25,0.0,310.0
0.17,0.25,0.0,310.0
0.19,0.25,0.0,310.0
0.21,0.25,0.0,310.0
0.23,0.25,0.0,310.0
0.25,0.25,0.0,310.0
0.27,0.25,0.0,310.0
0.29,0.25,0.0,310.0
0.31,0.25,0.0,310.0
0.33,0.25,0.0,310.0
0.35,0.25,0.0,310.0
0.37,0.25,0.0,310.0
0.39,0.25,0.0,310.0
0.01,0.27,0.0,310.0
0.03,0.27,0.0,310.0
0.05,0.27,0.0,310.0
0.07,0.27,0.0,310.0
0.09,0.27,0.0,310.0
0.11,0.27,0.0,310.0
0.13,0.27,0.0,310.0
0.15,0.27,0.0,310.0
0.17,0.27,0.0,310.0
0.19,0.27,0.0,310.0
0.21,0.27,0.0,310.0
0.23,0.27,0.0,310.0
0.25,0.27,0.0,310.0
0.27,0.27,0.0,310.0
0.29,0.27,0.0,310.0
0.31,0.27,0.0,310.0
0.33,0.27,0.0,310.0
0.35,0.27,0.0,310.0
0.37,0.27,0.0,310.0
0.39,0.27,0.0,310.0
0.01,0.29,0.0,310.0
0.03,0.29,0.0,310.0
0.05,0.29,0.0,310.0
0.07,0.29,0.0,310.0
0.09,0.29,0.0,310.0
0.11,0.29,0.0,310.0
0.13,0.29,0.0,310.0
0.15,0.29,0.0,310.0
0.17,0.29,0.0,310.0
0.19,0.29,0.0,310.0
0.21,0.29,0.0,310.0
0.23,0.29,0.0,310.0
0.25,0.29,0.0,310.0
0.27,0.29,0.0,310.0
0.29,0.29,0.0,310.0
0.31,0.29,0.0,310.0
0.33,0.29,0.0,310.0
0.35,0.29,0.0,310.0
0.37,0.29,0.0,310.0
0.39,0.29,0.0,310.0
0.01,0.31,0.0,310.0
0.03,0.31,0.0,310.0
0.05,0.31,0.0,310.0
0.07,0.31,0.0,310.0
0.09,0.31,0.0,310.0
0.11,0.31,0.0,310.0
0.13,0.31,0.0,310.0
0.15,0.31,0.0,310.0
0.17,0.31,0.0,310.0
0.19,0.31,0.0,310.0
0.21,0.31,0.0,310.0
0.23,0.31,0.0,310.0
0.25,0.31,0.0,310.0
0.27,0.31,0.0,310.0
0.29,0.31,0.0,310.0
0.31,0.31,0.0,310.0
0.33,0.31,0.0,310.0
0.35,0.31,0.0,310.0
0.37,0.31,0.0,310.0
0.39,0.31,0.0,310.0
0.01,0.33,0.0,310.0
0.03,0.33,0.0,310.0
0.05,0.33,0.0,310.0
0.07,0.33,0.0,310.0
0.09,0.33,0.0,310.0
0.11,0.33,0.0,310.0
0.13,0.33,0.0,310.0
0.15,0.33,0.0,310.0
0.17,0.33,0.0,310.0
0.19,0.33,0.0,310.0
0.21,0.33,0.0,310.0
0.23,0.33,0.0,310.0
0.25,0.33,0.0,310.0
0.27,0.33,0.0,310.0
0.29,0.33,0.0,310.0
0.31,0.33,0.0,310.0
0.33,0.33,0.0,310.0
0.35,0.33,0.0,310.0
0.37,0.33,0.0,310.0
0.39,0.33,0.0,310.0
0.01,0.35,0.0,310.0
0.03,0.35,0.0,310.0
0.05,0.35,0.0,310.0
0.07,0.35,0.0,310.0
0.09,0.35,0.0,310.0
0.11,0.35,0.0,310.0
0.13,0.35,0.0,310.0
0.15,0.35,0.0,310.0
0.17,0.35,0.0,310.0
0.19,0.35,0.0,310.0
0.21,0.35,0.0,310.0
0.23,0.35,0.0,310.0
0.25,0.35,0.0,310.0
0.27,0.35,0.0,310.0
0.29,0.35,0.0,310.0
0.31,0.35,0.0,310.0
0.33,0.35,0.0,310.0
0.35,0.35,0.0,310.0
0.37,0.35,0.0,310.0
0.39,0.35,0.0,310.0
0.01,0.37,0.0,310.0
0.03,0.37,0.0,310.0
0.05,0.37,0.0,310.0
0.07,0.37,0.0,310.0
0.09,0.37,0.0,310.0
0.11,0.37,0.0,310.0
0.13,0.37,0.0,310.0
0.15,0.37,0.0,310.0
0.17,0.37,0.0,310.0
0.19,0.37,0.0,310.0
0.21,0.37,0.0,310.0
0.23,0.37,0.0,310.0
0.25,0.37,0.0,310.0
0.27,0.37,0.0,310.0
0.29,0.37,0.0,310.0
0.31,0.37,0.0,310.0
0.33,0.37,0.0,310.0
0.35,0.37,0.0,310.0
0.37,0.37,0.0,310.0
0.39,0.37,0.0,310.0
0.01,0.39,0.0,310.0
0.03,0.39,0.0,310.0
0.05,0.39,0.0,310.0
0.07,0.39,0.0,310.0
0.09,0.39,0.0,310.0
0.11,0.39,0.0,310.0
0.13,0.39,0.0,310.0
0.15,0.39,0.0,310.0
0.17,0.39,0.0,310.0
0.19,0.39,0.0,310.0
0.21,0.39,0.0,310.0
0.23,0.39,0.0,310.0
0.25,0.39,0.0,310.0
0.27,0.39,0.0,310.0
0.29,0.39,0.0,310.0
0.31,0.39,0.0,310.0
0.33,0.39,0.0,310.0
0.35,0.39,0.0,310.0
0.37,0.39,0.0,310.0
0.39,0.39,0.0,310.0
0.01,0.01,1846.1538461538464,308.65381099570766
0.03,0.01,1846.1538461538464,309.02024985673575
0.05,0.01,1846.1538461538464,309.1750536300685
0.07,0.01,1846.1538461538464,309.2474146516818
0.09,0.01,1846.1538461538464,309.28345030893024
0.11,0.01,1846.1538461538464,309.3021067418383
0.13,0.01,1846.1538461538464,309.31197935275475
0.15,0.01,1846.1538461538464,309.31722095890694
0.17,0.01,1846.1538461538464,309.31990085688216
0.19,0.01,1846.1538461538464,309.321032329736
0.21,0.01,1846.1538461538464,309.321032329736
0.23,0.01,1846.1538461538464,309.31990085688216
0.25,0.01,1846.1538461538464,309.31722095890694
0.27,0.01,1846.1538461538464,309.31197935275475
0.29,0.01,1846.1538461538464,309.30210674183826
0.31,0.01,1846.1538461538464,309.28345030893024
0.33,0.01,1846.1538461538464,309.2474146516818
0.35,0.01,1846.1538461538464,309.1750536300685
0.37,0.01,1846.1538461538464,309.0202498567357
0.39,0.01,1846.1538461538464,308.65381099570766
0.01,0.03,1846.1538461538464,309.02024985673575
0.03,0.03,1846.1538461538464,309.8333292289414
0.05,0.03,1846.1538461538464,310.22776001695024
0.07,0.03,1846.1538461538464,310.4261252235213
0.09,0.03,1846.1538461538464,310.5288641749758
0.11,0.03,1846.1538461538464,310.5832502300751
0.13,0.03,1846.1538461538464,310.6124210933334
0.15,0.03,1846.1538461538464,310.6280427752319
0.17,0.03,1846.1538461538464,310.6360740679525
0.19,0.03,1846.1538461538464,310.6394757288006
0.21,0.03,1846.1538461538464,310.6394757288006
0.23,0.03,1846.1538461538464,310.6360740679525
0.25,0.03,1846.1538461538464,310.62804277523185
0.27,0.03,1846.1538461538464,310.6124210933334
0.29,0.03,1846.1538461538464,310.5832502300751
0.31,0.03,1846.1538461538464,310.52886417497587
0.33,0.03,1846.1538461538464,310.42612522352124
0.35,0.03,1846.1538461538464,310.2277600169502
0.37,0.03,1846.1538461538464,309.8333292289413
0.39,0.03,1846.1538461538464,309.02024985673575
0.01,0.05,1846.1538461538464,309.1750536300685
0.03,0.05,1846.1538461538464,310.22776001695024
0.05,0.05,1846.1538461538464,310.7771897451648
0.07,0.05,1846.1538461538464,311.06838703023203
0.09,0.05,1846.1538461538464,311.2248419189759
0.11,0.05,1846.1538461538464,311.30981741064505
0.13,0.05,1846.1538461538464,311.35623053025944
0.15,0.05,1846.1538461538464,311.3814074961151
0.17,0.05,1846.1538461538464,311.3944655198622
0.19,0.05,1846.1538461538464,311.4000252310108
0.21,0.05,1846.1538461538464,311.4000252310108
0.23,0.05,1846.1538461538464,311.3944655198622
0.25,0.05,1846.1538461538464,311.3814074961151
0.27,0.05,1846.1538461538464,311.3562305302594
0.29,0.05,1846.1538461538464,311.30981741064505
0.31,0.05,1846.1538461538464,311.224841918976
0.33,0.05,1846.1538461538464,311.06838703023203
0.35,0.05,1846.1538461538464,310.7771897451648
0.37,0.05,1846.1538461538464,310.2277600169502
0.39,0.05,1846.1538461538464,309.1750536300685
0.01,0.07,1846.1538461538464,309.2474146516818
0.03,0.07,1846.1538461538464,310.42612522352124
0.05,0.07,1846.1538461538464,311.06838703023203
0.07,0.07,1846.1538461538464,311.42154677642515
0.09,0.07,1846.1538461538464,311.6170224447742
0.11,0.07,1846.1538461538464,311.7257064801234
0.13,0.07,1846.1538461538464,311.78615597239605
0.15,0.07,1846.1538461538464,311.81940118638613
0.17,0.07,1846.1538461538464,311.8368145804483
0.19,0.07,1846.1538461538464,311.8442735410765
0.21,0.07,1846.1538461538464,311.8442735410766
0.23,0.07,1846.1538461538464,311.8368145804482
0.25,0.07,1846.1538461538464,311.81940118638613
0.27,0.07,1846.1538461538464,311.786155972396
0.29,0.07,1846.1538461538464,311.7257064801234
0.31,0.07,1846.1538461538464,311.61702244477414
0.33,0.07,1846.1538461538464,311.42154677642515
0.35,0.07,1846.1538461538464,311.068387030232
0.37,0.07,1846.1538461538464,310.42612522352124
0.39,0.07,1846.1538461538464,309.2474146516818
0.01,0.09,1846.1538461538464,309.2834503089302
0.03,0.09,1846.1538461538464,310.5288641749758
0.05,0.09,1846.1538461538464,311.2248419189759
0.07,0.09,1846.1538461538464,311.61702244477414
0.09,0.09,1846.1538461538464,311.83892180059263
0.11,0.09,1846.1538461538464,311.9646501331887
0.13,0.09,1846.1538461538464,312.0356873617948
0.15,0.09,1846.1538461538464,312.07525048009813
0.17,0.09,1846.1538461538464,312.0961685289579
0.19,0.09,1846.1538461538464,312.1051816444263
0.21,0.09,1846.1538461538464,312.1051816444263
0.23,0.09,1846.1538461538464,312.09616852895783
0.25,0.09,1846.1538461538464,312.0752504800981
0.27,0.09,1846.1538461538464,312.0356873617948
0.29,0.09,1846.1538461538464,311.9646501331887
0.31,0.09,1846.1538461538464,311.83892180059263
0.33,0.09,1846.1538461538464,311.61702244477414
0.35,0.09,1846.1538461538464,311.2248419189759
0.37,0.09,1846.1538461538464,310.5288641749758
0.39,0.09,1846.1538461538464,309.2834503089302
0.01,0.11,1846.1538461538464,309.30210674183826
0.03,0.11,1846.1538461538464,310.58325023007507
0.05,0.11,1846.1538461538464,311.309817410645
0.07,0.11,1846.1538461538464,311.7257064801234
0.09,0.11,1846.1538461538464,311.9646501331886
0.11,0.11,1846.1538461538464,312.10196091500245
0.13,0.11,1846.1538461538464,312.18051478937565
0.15,0.11,1846.1538461538464,312.22472381506634
0.17,0.11,1846.1538461538464,312.2482873952843
0.19,0.11,1846.1538461538464,312.2584930253853
0.21,0.11,1846.1538461538464,312.2584930253853
0.23,0.11,1846.1538461538464,312.2482873952843
0.25,0.11,1846.1538461538464,312.22472381506634
0.27,0.11,1846.1538461538464,312.18051478937565
0.29,0.11,1846.1538461538464,312.1019609150024
0.31,0.11,1846.1538461538464,311.9646501331887
0.33,0.11,1846.1538461538464,311.7257064801234
0.35,0.11,1846.1538461538464,311.30981741064505
0.37,0.11,1846.1538461538464,310.58325023007507
0.39,0.11,1846.1538461538464,309.30210674183826
0.01,0.13,1846.1538461538464,309.3119793527547
0.03,0.13,1846.1538461538464,310.6124210933333
0.05,0.13,1846.1538461538464,311.3562305302594
0.07,0.13,1846.1538461538464,311.78615597239593
0.09,0.13,1846.1538461538464,312.0356873617948
0.11,0.13,1846.1538461538464,312.18051478937565
0.13,0.13,1846.1538461538464,312.2641353671159
0.15,0.13,1846.1538461538464,312.3115753751931
0.17,0.13,1846.1538461538464,312.3370227136948
0.19,0.13,1846.1538461538464,312.3480901899985
0.21,0.13,1846.1538461538464,312.34809018999846
0.23,0.13,1846.1538461538464,312.3370227136948
0.25,0.13,1846.1538461538464,312.31157537519306
0.27,0.13,1846.1538461538464,312.2641353671159
0.29,0.13,1846.1538461538464,312.18051478937565
0.31,0.13,1846.1538461538464,312.0356873617948
0.33,0.13,1846.1538461538464,311.78615597239593
0.35,0.13,1846.1538461538464,311.3562305302594
0.37,0.13,1846.1538461538464,310.6124210933333
0.39,0.13,1846.1538461538464,309.3119793527547
0.01,0.15,1846.1538461538464,309.3172209589069
0.03,0.15,1846.1538461538464,310.6280427752318
0.05,0.15,1846.1538461538464,311.38140749611506
0.07,0.15,1846.1538461538464,311.8194011863861
0.09,0.15,1846.1538461538464,312.0752504800981
0.11,0.15,1846.1538461538464,312.22472381506634
0.13,0.15,1846.1538461538464,312.31157537519306
0.15,0.15,1846.1538461538464,312.3611302578741
0.17,0.15,1846.1538461538464,312.38783543605666
0.19,0.15,1846.1538461538464,312.39948568859137
0.21,0.15,1846.1538461538464,312.39948568859137
0.23,0.15,1846.1538461538464,312.38783543605666
0.25,0.15,1846.1538461538464,312.3611302578741
0.27,0.15,1846.1538461538464,312.31157537519306
0.29,0.15,1846.1538461538464,312.2247238150663
0.31,0.15,1846.1538461538464,312.0752504800981
0.33,0.15,1846.1538461538464,311.8194011863861
0.35,0.15,1846.1538461538464,311.3814074961151
0.37,0.15,1846.1538461538464,310.62804277523185
0.39,0.15,1846.1538461538464,309.31722095890694
0.01,0.17,1846.1538461538464,309.31990085688216
0.03,0.17,1846.1538461538464,310.63607406795245
0.05,0.17,1846.1538461538464,311.39446551986214
0.07,0.17,1846.1538461538464,311.8368145804482
0.09,0.17,1846.1538461538464,312.09616852895783
0.11,0.17,1846.1538461538464,312.2482873952843
0.13,0.17,1846.1538461538464,312.3370227136948
0.15,0.17,1846.1538461538464,312.38783543605666
0.17,0.17,1846.1538461538464,312.4153002328476
0.19,0.17,1846.1538461538464,312.4273058492772
0.21,0.17,1846.1538461538464,312.4273058492772
0.23,0.17,1846.1538461538464,312.4153002328476
0.25,0.17,1846.1538461538464,312.3878354360567
0.27,0.17,1846.1538461538464,312.3370227136948
0.29,0.17,1846.1538461538464,312.2482873952843
0.31,0.17,1846.1538461538464,312.09616852895783
0.33,0.17,1846.1538461538464,311.8368145804482
0.35,0.17,1846.1538461538464,311.3944655198622
0.37,0.17,1846.1538461538464,310.6360740679525
0.39,0.17,1846.1538461538464,309.31990085688216
0.01,0.19,1846.1538461538464,309.321032329736
0.03,0.19,1846.1538461538464,310.63947572880056
0.05,0.19,1846.1538461538464,311.4000252310107
0.07,0.19,1846.1538461538464,311.8442735410765
0.09,0.19,1846.1538461538464,312.10518164442635
0.11,0.19,1846.1538461538464,312.2584930253853
0.13,0.19,1846.1538461538464,312.3480901899985
0.15,0.19,1846.1538461538464,312.39948568859137
0.17,0.19,1846.1538461538464,312.4273058492772
0.19,0.19,1846.1538461538464,312.43947873397656
0.21,0.19,1846.1538461538464,312.43947873397656
0.23,0.19,1846.1538461538464,312.4273058492772
0.25,0.19,1846.1538461538464,312.3994856885914
0.27,0.19,1846.1538461538464,312.3480901899985
0.29,0.19,1846.1538461538464,312.2584930253854
0.31,0.19,1846.1538461538464,312.10518164442635
0.33,0.19,1846.1538461538464,311.8442735410766
0.35,0.19,1846.1538461538464,311.4000252310107
0.37,0.19,1846.1538461538464,310.6394757288006
0.39,0.19,1846.1538461538464,309.321032329736
0.01,0.21,1846.1538461538464,309.321032329736
0.03,0.21,1846.1538461538464,310.6394757288006
0.05,0.21,1846.1538461538464,311.4000252310107
0.07,0.21,1846.1538461538464,311.84427354107646
0.09,0.21,1846.1538461538464,312.10518164442635
0.11,0.21,1846.1538461538464,312.2584930253853
0.13,0.21,1846.1538461538464,312.3480901899985
0.15,0.21,1846.1538461538464,312.39948568859137
0.17,0.21,1846.1538461538464,312.4273058492772
0.19,0.21,1846.1538461538464,312.43947873397656
0.21,0.21,1846.1538461538464,312.43947873397656
0.23,0.21,1846.1538461538464,312.4273058492772
0.25,0.21,1846.1538461538464,312.3994856885914
0.27,0.21,1846.1538461538464,312.3480901899986
0.29,0.21,1846.1538461538464,312.2584930253854
0.31,0.21,1846.1538461538464,312.10518164442635
0.33,0.21,1846.1538461538464,311.8442735410766
0.35,0.21,1846.1538461538464,311.4000252310108
0.37,0.21,1846.1538461538464,310.6394757288006
0.39,0.21,1846.1538461538464,309.321032329736
0.01,0.23,1846.1538461538464,309.31990085688216
0.03,0.23,1846.1538461538464,310.63607406795245
0.05,0.23,1846.1538461538464,311.39446551986214
0.07,0.23,1846.1538461538464,311.8368145804482
0.09,0.23,1846.1538461538464,312.09616852895783
0.11,0.23,1846.1538461538464,312.2482873952843
0.13,0.23,1846.1538461538464,312.33702271369486
0.15,0.23,1846.1538461538464,312.38783543605666
0.17,0.23,1846.1538461538464,312.4153002328475
0.19,0.23,1846.1538461538464,312.4273058492772
0.21,0.23,1846.1538461538464,312.4273058492772
0.23,0.23,1846.1538461538464,312.4153002328476
0.25,0.23,1846.1538461538464,312.3878354360567
0.27,0.23,1846.1538461538464,312.33702271369486
0.29,0.23,1846.1538461538464,312.2482873952844
0.31,0.23,1846.1538461538464,312.09616852895783
0.33,0.23,1846.1538461538464,311.8368145804482
0.35,0.23,1846.1538461538464,311.3944655198622
0.37,0.23,1846.1538461538464,310.6360740679525
0.39,0.23,1846.1538461538464,309.31990085688216
0.01,0.25,1846.1538461538464,309.3172209589069
0.03,0.25,1846.1538461538464,310.62804277523185
0.05,0.25,1846.1538461538464,311.38140749611506
0.07,0.25,1846.1538461538464,311.8194011863861
0.09,0.25,1846.1538461538464,312.0752504800981
0.11,0.25,1846.1538461538464,312.22472381506634
0.13,0.25,1846.1538461538464,312.3115753751931
0.15,0.25,1846.1538461538464,312.3611302578741
0.17,0.25,1846.1538461538464,312.38783543605666
0.19,0.25,1846.1538461538464,312.39948568859137
0.21,0.25,1846.1538461538464,312.39948568859137
0.23,0.25,1846.1538461538464,312.3878354360567
0.25,0.25,1846.1538461538464,312.3611302578741
0.27,0.25,1846.1538461538464,312.3115753751931
0.29,0.25,1846.1538461538464,312.2247238150664
0.31,0.25,1846.1538461538464,312.07525048009813
0.33,0.25,1846.1538461538464,311.81940118638613
0.35,0.25,1846.1538461538464,311.3814074961151
0.37,0.25,1846.1538461538464,310.6280427752319
0.39,0.25,1846.1538461538464,309.31722095890694
0.01,0.27,1846.1538461538464,309.31197935275475
0.03,0.27,1846.1538461538464,310.6124210933333
0.05,0.27,1846.1538461538464,311.3562305302593
0.07,0.27,1846.1538461538464,311.78615597239593
0.09,0.27,1846.1538461538464,312.0356873617948
0.11,0.27,1846.1538461538464,312.18051478937565
0.13,0.27,1846.1538461538464,312.2641353671159
0.15,0.27,1846.1538461538464,312.31157537519306
0.17,0.27,1846.1538461538464,312.3370227136948
0.19,0.27,1846.1538461538464,312.3480901899985
0.21,0.27,1846.1538461538464,312.34809018999846
0.23,0.27,1846.1538461538464,312.33702271369486
0.25,0.27,1846.1538461538464,312.3115753751931
0.27,0.27,1846.1538461538464,312.26413536711595
0.29,0.27,1846.1538461538464,312.1805147893757
0.31,0.27,1846.1538461538464,312.0356873617948
0.33,0.27,1846.1538461538464,311.786155972396
0.35,0.27,1846.1538461538464,311.3562305302594
0.37,0.27,1846.1538461538464,310.6124210933334
0.39,0.27,1846.1538461538464,309.31197935275475
0.01,0.29,1846.1538461538464,309.3021067418383
0.03,0.29,1846.1538461538464,310.58325023007507
0.05,0.29,1846.1538461538464,311.30981741064494
0.07,0.29,1846.1538461538464,311.7257064801234
0.09,0.29,1846.1538461538464,311.9646501331886
0.11,0.29,1846.1538461538464,312.10196091500245
0.13,0.29,1846.1538461538464,312.18051478937565
0.15,0.29,1846.1538461538464,312.22472381506634
0.17,0.29,1846.1538461538464,312.2482873952843
0.19,0.29,1846.1538461538464,312.2584930253854
0.21,0.29,1846.1538461538464,312.2584930253853
0.23,0.29,1846.1538461538464,312.2482873952844
0.25,0.29,1846.1538461538464,312.2247238150664
0.27,0.29,1846.1538461538464,312.1805147893757
0.29,0.29,1846.1538461538464,312.10196091500245
0.31,0.29,1846.1538461538464,311.9646501331887
0.33,0.29,1846.1538461538464,311.7257064801234
0.35,0.29,1846.1538461538464,311.30981741064505
0.37,0.29,1846.1538461538464,310.5832502300751
0.39,0.29,1846.1538461538464,309.30210674183826
0.01,0.31,1846.1538461538464,309.28345030893024
0.03,0.31,1846.1538461538464,310.5288641749758
0.05,0.31,1846.1538461538464,311.22484191897587
0.07,0.31,1846.1538461538464,311.61702244477414
0.09,0.31,1846.1538461538464,311.83892180059263
0.11,0.31,1846.1538461538464,311.9646501331887
0.13,0.31,1846.1538461538464,312.0356873617948
0.15,0.31,1846.1538461538464,312.0752504800981
0.17,0.31,1846.1538461538464,312.09616852895783
0.19,0.31,1846.1538461538464,312.1051816444263
0.21,0.31,1846.1538461538464,312.10518164442635
0.23,0.31,1846.1538461538464,312.0961685289579
0.25,0.31,1846.1538461538464,312.07525048009813
0.27,0.31,1846.1538461538464,312.0356873617948
0.29,0.31,1846.1538461538464,311.9646501331886
0.31,0.31,1846.1538461538464,311.8389218005927
0.33,0.31,1846.1538461538464,311.6170224447742
0.35,0.31,1846.1538461538464,311.224841918976
0.37,0.31,1846.1538461538464,310.52886417497587
0.39,0.31,1846.1538461538464,309.28345030893024
0.01,0.33,1846.1538461538464,309.2474146516818
0.03,0.33,1846.1538461538464,310.42612522352124
0.05,0.33,1846.1538461538464,311.068387030232
0.07,0.33,1846.1538461538464,311.42154677642515
0.09,0.33,1846.1538461538464,311.6170224447741
0.11,0.33,1846.1538461538464,311.7257064801234
0.13,0.33,1846.1538461538464,311.78615597239593
0.15,0.33,1846.1538461538464,311.81940118638613
0.17,0.33,1846.1538461538464,311.8368145804482
0.19,0.33,1846.1538461538464,311.8442735410766
0.21,0.33,1846.1538461538464,311.8442735410765
0.23,0.33,1846.1538461538464,311.8368145804482
0.25,0.33,1846.1538461538464,311.8194011863861
0.27,0.33,1846.1538461538464,311.786155972396
0.29,0.33,1846.1538461538464,311.7257064801234
0.31,0.33,1846.1538461538464,311.6170224447742
0.33,0.33,1846.1538461538464,311.42154677642526
0.35,0.33,1846.1538461538464,311.0683870302321
0.37,0.33,1846.1538461538464,310.4261252235213
0.39,0.33,1846.1538461538464,309.2474146516818
0.01,0.35,1846.1538461538464,309.1750536300685
0.03,0.35,1846.1538461538464,310.22776001695024
0.05,0.35,1846.1538461538464,310.77718974516483
0.07,0.35,1846.1538461538464,311.06838703023203
0.09,0.35,1846.1538461538464,311.2248419189759
0.11,0.35,1846.1538461538464,311.30981741064505
0.13,0.35,1846.1538461538464,311.3562305302594
0.15,0.35,1846.1538461538464,311.3814074961151
0.17,0.35,1846.1538461538464,311.39446551986214
0.19,0.35,1846.1538461538464,311.4000252310107
0.21,0.35,1846.1538461538464,311.4000252310107
0.23,0.35,1846.1538461538464,311.39446551986214
0.25,0.35,1846.1538461538464,311.38140749611506
0.27,0.35,1846.1538461538464,311.3562305302594
0.29,0.35,1846.1538461538464,311.30981741064505
0.31,0.35,1846.1538461538464,311.224841918976
0.33,0.35,1846.1538461538464,311.0683870302321
0.35,0.35,1846.1538461538464,310.7771897451649
0.37,0.35,1846.1538461538464,310.2277600169503
0.39,0.35,1846.1538461538464,309.17505363006853
0.01,0.37,1846.1538461538464,309.02024985673575
0.03,0.37,1846.1538461538464,309.8333292289414
0.05,0.37,1846.1538461538464,310.22776001695024
0.07,0.37,1846.1538461538464,310.4261252235213
0.09,0.37,1846.1538461538464,310.52886417497587
0.11,0.37,1846.1538461538464,310.5832502300751
0.13,0.37,1846.1538461538464,310.6124210933334
0.15,0.37,1846.1538461538464,310.6280427752319
0.17,0.37,1846.1538461538464,310.63607406795245
0.19,0.37,1846.1538461538464,310.63947572880056
0.21,0.37,1846.1538461538464,310.63947572880056
0.23,0.37,1846.1538461538464,310.6360740679524
0.25,0.37,1846.1538461538464,310.6280427752318
0.27,0.37,1846.1538461538464,310.6124210933333
0.29,0.37,1846.1538461538464,310.5832502300751
0.31,0.37,1846.1538461538464,310.52886417497587
0.33,0.37,1846.1538461538464,310.4261252235213
0.35,0.37,1846.1538461538464,310.2277600169503
0.37,0.37,1846.1538461538464,309.8333292289414
0.39,0.37,1846.1538461538464,309.02024985673575
0.01,0.39,1846.1538461538464,308.65381099570766
0.03,0.39,1846.1538461538464,309.02024985673575
0.05,0.39,1846.1538461538464,309.17505363006853
0.07,0.39,1846.1538461538464,309.2474146516819
0.09,0.39,1846.1538461538464,309.28345030893024
0.11,0.39,1846.1538461538464,309.3021067418383
0.13,0.39,1846.1538461538464,309.31197935275475
0.15,0.39,1846.1538461538464,309.31722095890694
0.17,0.39,1846.1538461538464,309.31990085688216
0.19,0.39,1846.1538461538464,309.321032329736
0.21,0.39,1846.1538461538464,309.32103232973594
0.23,0.39,1846.1538461538464,309.3199008568821
0.25,0.39,1846.1538461538464,309.3172209589069
0.27,0.39,1846.1538461538464,309.3119793527547
0.29,0.39,1846.1538461538464,309.30210674183826
0.31,0.39,1846.1538461538464,309.28345030893024
0.33,0.39,1846.1538461538464,309.2474146516818
0.35,0.39,1846.1538461538464,309.17505363006853
0.37,0.39,1846.1538461538464,309.02024985673575
0.39,0.39,1846.1538461538464,308.6538109957077
0.01,0.01,3692.307692307693,308.7963350386924
0.03,0.01,3692.307692307693,309.43731347050266
0.05,0.01,3692.307692307693,309.79036659638405
0.07,0.01,3692.307692307693,309.99500916662737
0.09,0.01,3692.307692307693,310.11634889538857
0.11,0.01,3692.307692307693,310.188888465278
0.13,0.01,3692.307692307693,310.2321539928012
0.15,0.01,3692.307692307693,310.257488735307
0.17,0.01,3692.307692307693,310.2714522909531
0.19,0.01,3692.307692307693,310.2776394968305
0.21,0.01,3692.307692307693,310.2776394968305
0.23,0.01,3692.307692307693,310.2714522909531
0.25,0.01,3692.307692307693,310.25748873530705
0.27,0.01,3692.307692307693,310.2321539928013
0.29,0.01,3692.307692307693,310.188888465278
0.31,0.01,3692.307692307693,310.11634889538857
0.33,0.01,3692.307692307693,309.99500916662737
0.35,0.01,3692.307692307693,309.79036659638405
0.37,0.01,3692.307692307693,309.4373134705026
0.39,0.01,3692.307692307693,308.7963350386924
0.01,0.03,3692.307692307693,309.43731347050266
0.03,0.03,3692.307692307693,311.0078111448377
0.05,0.03,3692.307692307693,311.960230900754
0.07,0.03,3692.307692307693,312.53806336330064
0.09,0.03,3692.307692307693,312.88879316217844
0.11,0.03,3692.307692307693,313.1012710373086
0.13,0.03,3692.307692307693,313.22905222760875
0.15,0.03,3692.307692307693,313.30428313934823
0.17,0.03,3692.307692307693,313.34589461842734
0.19,0.03,3692.307692307693,313.3643702514168
0.21,0.03,3692.307692307693,313.3643702514168
0.23,0.03,3692.307692307693,313.3458946184274
0.25,0.03,3692.307692307693,313.30428313934834
0.27,0.03,3692.307692307693,313.22905222760886
0.29,0.03,3692.307692307693,313.10127103730866
0.31,0.03,3692.307692307693,312.8887931621785
0.33,0.03,3692.307692307693,312.53806336330064
0.35,0.03,3692.307692307693,311.960230900754
0.37,0.03,3692.307692307693,311.00781114483766
0.39,0.03,3692.307692307693,309.43731347050266
0.01,0.05,3692.307692307693,309.79036659638405
0.03,0.05,3692.307692307693,311.960230900754
0.05,0.05,3692.307692307693,313.3505531895
0.07,0.05,3692.307692307693,314.2252571744985
0.09,0.05,3692.307692307693,314.7692525351271
0.11,0.05,3692.307692307693,315.1043863125626
0.13,0.05,3692.307692307693,315.3083357010293
0.15,0.05,3692.307692307693,315.4294283310068
0.17,0.05,3692.307692307693,315.4967949220513
0.19,0.05,3692.307692307693,315.5268085573215
0.21,0.05,3692.307692307693,315.52680855732154
0.23,0.05,3692.307692307693,315.4967949220513
0.25,0.05,3692.307692307693,315.4294283310069
0.27,0.05,3692.307692307693,315.30833570102936
0.29,0.05,3692.307692307693,315.1043863125627
0.31,0.05,3692.307692307693,314.76925253512724
0.33,0.05,3692.307692307693,314.22525717449844
0.35,0.05,3692.307692307693,313.3505531894999
0.37,0.05,3692.307692307693,311.9602309007539
0.39,0.05,3692.307692307693,309.79036659638405
0.01,0.07,3692.307692307693,309.99500916662737
0.03,0.07,3692.307692307693,312.53806336330064
0.05,0.07,3692.307692307693,314.2252571744985
0.07,0.07,3692.307692307693,315.31629369849503
0.09,0.07,3692.307692307693,316.0093750802803
0.11,0.07,3692.307692307693,316.443376976525
0.13,0.07,3692.307692307693,316.71081803897056
0.15,0.07,3692.307692307693,316.871111230521
0.17,0.07,3692.307692307693,316.9608852463383
0.19,0.07,3692.307692307693,317.0010447164116
0.21,0.07,3692.307692307693,317.0010447164116
0.23,0.07,3692.307692307693,316.96088524633825
0.25,0.07,3692.307692307693,316.871111230521
0.27,0.07,3692.307692307693,316.71081803897056
0.29,0.07,3692.307692307693,316.443376976525
0.31,0.07,3692.307692307693,316.0093750802803
0.33,0.07,3692.307692307693,315.316293698495
0.35,0.07,3692.307692307693,314.22525717449844
0.37,0.07,3692.307692307693,312.5380633633006
0.39,0.07,3692.307692307693,309.9950091666273
0.01,0.09,3692.307692307693,310.1163488953885
0.03,0.09,3692.307692307693,312.8887931621784
0.05,0.09,3692.307692307693,314.7692525351271
0.07,0.09,3692.307692307693,316.0093750802803
0.09,0.09,3692.307692307693,316.81046816279394
0.11,0.09,3692.307692307693,317.31915729760186
0.13,0.09,3692.307692307693,317.6362138899246
0.15,0.09,3692.307692307693,317.82796037082403
0.17,0.09,3692.307692307693,317.9360611206293
0.19,0.09,3692.307692307693,317.9846165937331
0.21,0.09,3692.307692307693,317.9846165937331
0.23,0.09,3692.307692307693,317.93606112062923
0.25,0.09,3692.307692307693,317.827960370824
0.27,0.09,3692.307692307693,317.6362138899246
0.29,0.09,3692.307692307693,317.31915729760186
0.31,0.09,3692.307692307693,316.8104681627939
0.33,0.09,3692.307692307693,316.0093750802803
0.35,0.09,3692.307692307693,314.7692525351271
0.37,0.09,3692.307692307693,312.8887931621784
0.39,0.09,3692.307692307693,310.1163488953885
0.01,0.11,3692.307692307693,310.1888884652779
0.03,0.11,3692.307692307693,313.1012710373085
0.05,0.11,3692.307692307693,315.1043863125626
0.07,0.11,3692.307692307693,316.4433769765249
0.09,0.11,3692.307692307693,317.3191572976018
0.11,0.11,3692.307692307693,317.8814415362317
0.13,0.11,3692.307692307693,318.2352372868148
0.15,0.11,3692.307692307693,318.450870050901
0.17,0.11,3692.307692307693,318.5731512303461
0.19,0.11,3692.307692307693,318.6282788583164
0.21,0.11,3692.307692307693,318.6282788583164
0.23,0.11,3692.307692307693,318.5731512303461
0.25,0.11,3692.307692307693,318.45087005090096
0.27,0.11,3692.307692307693,318.2352372868148
0.29,0.11,3692.307692307693,317.8814415362317
0.31,0.11,3692.307692307693,317.3191572976018
0.33,0.11,3692.307692307693,316.4433769765249
0.35,0.11,3692.307692307693,315.1043863125626
0.37,0.11,3692.307692307693,313.1012710373085
0.39,0.11,3692.307692307693,310.1888884652779
0.01,0.13,3692.307692307693,310.2321539928012
0.03,0.13,3692.307692307693,313.22905222760875
0.05,0.13,3692.307692307693,315.3083357010293
0.07,0.13,3692.307692307693,316.7108180389705
0.09,0.13,3692.307692307693,317.6362138899246
0.11,0.13,3692.307692307693,318.2352372868147
0.13,0.13,3692.307692307693,318.6149183407225
0.15,0.13,3692.307692307693,318.84776522849666
0.17,0.13,3692.307692307693,318.9804407425592
0.19,0.13,3692.307692307693,319.04043713312154
0.21,0.13,3692.307692307693,319.04043713312154
0.23,0.13,3692.307692307693,318.9804407425592
0.25,0.13,3692.307692307693,318.84776522849666
0.27,0.13,3692.307692307693,318.61491834072257
0.29,0.13,3692.307692307693,318.2352372868148
0.31,0.13,3692.307692307693,317.6362138899246
0.33,0.13,3692.307692307693,316.71081803897056
0.35,0.13,3692.307692307693,315.3083357010293
0.37,0.13,3692.307692307693,313.22905222760875
0.39,0.13,3692.307692307693,310.2321539928012
0.01,0.15,3692.307692307693,310.257488735307
0.03,0.15,3692.307692307693,313.30428313934823
0.05,0.15,3692.307692307693,315.4294283310068
0.07,0.15,3692.307692307693,316.871111230521
0.09,0.15,3692.307692307693,317.827960370824
0.11,0.15,3692.307692307693,318.45087005090096
0.13,0.15,3692.307692307693,318.84776522849666
0.15,0.15,3692.307692307693,319.0922780476122
0.17,0.15,3692.307692307693,319.2320993820514
0.19,0.15,3692.307692307693,319.2954731451266
0.21,0.15,3692.307692307693,319.2954731451266
0.23,0.15,3692.307692307693,319.23209938205144
0.25,0.15,3692.307692307693,319.09227804761224
0.27,0.15,3692.307692307693,318.8477652284967
0.29,0.15,3692.307692307693,318.4508700509011
0.31,0.15,3692.307692307693,317.8279603708241
0.33,0.15,3692.307692307693,316.871111230521
0.35,0.15,3692.307692307693,315.4294283310068
0.37,0.15,3692.307692307693,313.3042831393483
0.39,0.15,3692.307692307693,310.257488735307
0.01,0.17,3692.307692307693,310.2714522909531
0.03,0.17,3692.307692307693,313.34589461842734
0.05,0.17,3692.307692307693,315.4967949220513
0.07,0.17,3692.307692307693,316.96088524633825
0.09,0.17,3692.307692307693,317.9360611206293
0.11,0.17,3692.307692307693,318.5731512303461
0.13,0.17,3692.307692307693,318.98044074255915
0.15,0.17,3692.307692307693,319.2320993820514
0.17,0.17,3692.307692307693,319.3763458727258
0.19,0.17,3692.307692307693,319.4418255523033
0.21,0.17,3692.307692307693,319.4418255523033
0.23,0.17,3692.307692307693,319.3763458727258
0.25,0.17,3692.307692307693,319.23209938205144
0.27,0.17,3692.307692307693,318.98044074255927
0.29,0.17,3692.307692307693,318.5731512303462
0.31,0.17,3692.307692307693,317.93606112062935
0.33,0.17,3692.307692307693,316.96088524633825
0.35,0.17,3692.307692307693,315.4967949220513
0.37,0.17,3692.307692307693,313.34589461842734
0.39,0.17,3692.307692307693,310.2714522909531
0.01,0.19,3692.307692307693,310.2776394968305
0.03,0.19,3692.307692307693,313.3643702514168
0.05,0.19,3692.307692307693,315.52680855732154
0.07,0.19,3692.307692307693,317.0010447164116
0.09,0.19,3692.307692307693,317.9846165937332
0.11,0.19,3692.307692307693,318.6282788583164
0.13,0.19,3692.307692307693,319.04043713312154
0.15,0.19,3692.307692307693,319.2954731451266
0.17,0.19,3692.307692307693,319.4418255523033
0.19,0.19,3692.307692307693,319.5083117805912
0.21,0.19,3692.307692307693,319.5083117805912
0.23,0.19,3692.307692307693,319.44182555230327
0.25,0.19,3692.307692307693,319.2954731451266
0.27,0.19,3692.307692307693,319.0404371331216
0.29,0.19,3692.307692307693,318.62827885831643
0.31,0.19,3692.307692307693,317.9846165937332
0.33,0.19,3692.307692307693,317.0010447164116
0.35,0.19,3692.307692307693,315.52680855732154
0.37,0.19,3692.307692307693,313.3643702514168
0.39,0.19,3692.307692307693,310.2776394968305
0.01,0.21,3692.307692307693,310.2776394968305
0.03,0.21,3692.307692307693,313.3643702514168
0.05,0.21,3692.307692307693,315.52680855732154
0.07,0.21,3692.307692307693,317.0010447164116
0.09,0.21,3692.307692307693,317.9846165937332
0.11,0.21,3692.307692307693,318.6282788583164
0.13,0.21,3692.307692307693,319.0404371331215
0.15,0.21,3692.307692307693,319.2954731451265
0.17,0.21,3692.307692307693,319.4418255523033
0.19,0.21,3692.307692307693,319.5083117805912
0.21,0.21,3692.307692307693,319.5083117805911
0.23,0.21,3692.307692307693,319.44182555230327
0.25,0.21,3692.307692307693,319.2954731451265
0.27,0.21,3692.307692307693,319.04043713312154
0.29,0.21,3692.307692307693,318.6282788583164
0.31,0.21,3692.307692307693,317.9846165937332
0.33,0.21,3692.307692307693,317.0010447164116
0.35,0.21,3692.307692307693,315.52680855732154
0.37,0.21,3692.307692307693,313.3643702514168
0.39,0.21,3692.307692307693,310.2776394968305
0.01,0.23,3692.307692307693,310.2714522909531
0.03,0.23,3692.307692307693,313.34589461842734
0.05,0.23,3692.307692307693,315.4967949220513
0.07,0.23,3692.307692307693,316.9608852463383
0.09,0.23,3692.307692307693,317.9360611206293
0.11,0.23,3692.307692307693,318.57315123034607
0.13,0.23,3692.307692307693,318.98044074255915
0.15,0.23,3692.307692307693,319.2320993820514
0.17,0.23,3692.307692307693,319.3763458727257
0.19,0.23,3692.307692307693,319.44182555230327
0.21,0.23,3692.307692307693,319.44182555230327
0.23,0.23,3692.307692307693,319.3763458727257
0.25,0.23,3692.307692307693,319.23209938205144
0.27,0.23,3692.307692307693,318.98044074255927
0.29,0.23,3692.307692307693,318.5731512303462
0.31,0.23,3692.307692307693,317.9360611206293
0.33,0.23,3692.307692307693,316.9608852463383
0.35,0.23,3692.307692307693,315.4967949220513
0.37,0.23,3692.307692307693,313.3458946184274
0.39,0.23,3692.307692307693,310.2714522909531
0.01,0.25,3692.307692307693,310.257488735307
0.03,0.25,3692.307692307693,313.30428313934823
0.05,0.25,3692.307692307693,315.4294283310068
0.07,0.25,3692.307692307693,316.871111230521
0.09,0.25,3692.307692307693,317.827960370824
0.11,0.25,3692.307692307693,318.45087005090096
0.13,0.25,3692.307692307693,318.8477652284966
0.15,0.25,3692.307692307693,319.0922780476122
0.17,0.25,3692.307692307693,319.2320993820514
0.19,0.25,3692.307692307693,319.2954731451265
0.21,0.25,3692.307692307693,319.2954731451265
0.23,0.25,3692.307692307693,319.23209938205144
0.25,0.25,3692.307692307693,319.09227804761224
0.27,0.25,3692.307692307693,318.8477652284967
0.29,0.25,3692.307692307693,318.4508700509011
0.31,0.25,3692.307692307693,317.82796037082403
0.33,0.25,3692.307692307693,316.871111230521
0.35,0.25,3692.307692307693,315.4294283310068
0.37,0.25,3692.307692307693,313.3042831393483
0.39,0.25,3692.307692307693,310.257488735307
0.01,0.27,3692.307692307693,310.2321539928012
0.03,0.27,3692.307692307693,313.22905222760875
0.05,0.27,3692.307692307693,315.3083357010293
0.07,0.27,3692.307692307693,316.71081803897056
0.09,0.27,3692.307692307693,317.6362138899246
0.11,0.27,3692.307692307693,318.2352372868148
0.13,0.27,3692.307692307693,318.6149183407225
0.15,0.27,3692.307692307693,318.84776522849666
0.17,0.27,3692.307692307693,318.9804407425592
0.19,0.27,3692.307692307693,319.0404371331215
0.21,0.27,3692.307692307693,319.04043713312154
0.23,0.27,3692.307692307693,318.98044074255927
0.25,0.27,3692.307692307693,318.8477652284967
0.27,0.27,3692.307692307693,318.6149183407226
0.29,0.27,3692.307692307693,318.2352372868148
0.31,0.27,3692.307692307693,317.63621388992465
0.33,0.27,3692.307692307693,316.71081803897056
0.35,0.27,3692.307692307693,315.3083357010293
0.37,0.27,3692.307692307693,313.22905222760875
0.39,0.27,3692.307692307693,310.2321539928012
0.01,0.29,3692.307692307693,310.188888465278
0.03,0.29,3692.307692307693,313.1012710373086
0.05,0.29,3692.307692307693,315.10438631256267
0.07,0.29,3692.307692307693,316.443376976525
0.09,0.29,3692.307692307693,317.3191572976018
0.11,0.29,3692.307692307693,317.8814415362317
0.13,0.29,3692.307692307693,318.2352372868148
0.15,0.29,3692.307692307693,318.45087005090096
0.17,0.29,3692.307692307693,318.57315123034607
0.19,0.29,3692.307692307693,318.6282788583163
0.21,0.29,3692.307692307693,318.6282788583164
0.23,0.29,3692.307692307693,318.5731512303462
0.25,0.29,3692.307692307693,318.4508700509011
0.27,0.29,3692.307692307693,318.2352372868148
0.29,0.29,3692.307692307693,317.8814415362318
0.31,0.29,3692.307692307693,317.3191572976019
0.33,0.29,3692.307692307693,316.443376976525
0.35,0.29,3692.307692307693,315.10438631256267
0.37,0.29,3692.307692307693,313.1012710373085
0.39,0.29,3692.307692307693,310.1888884652779
0.01,0.31,3692.307692307693,310.11634889538857
0.03,0.31,3692.307692307693,312.88879316217844
0.05,0.31,3692.307692307693,314.7692525351272
0.07,0.31,3692.307692307693,316.0093750802803
0.09,0.31,3692.307692307693,316.8104681627939
0.11,0.31,3692.307692307693,317.3191572976018
0.13,0.31,3692.307692307693,317.63621388992453
0.15,0.31,3692.307692307693,317.82796037082403
0.17,0.31,3692.307692307693,317.93606112062923
0.19,0.31,3692.307692307693,317.9846165937332
0.21,0.31,3692.307692307693,317.9846165937332
0.23,0.31,3692.307692307693,317.93606112062923
0.25,0.31,3692.307692307693,317.827960370824
0.27,0.31,3692.307692307693,317.6362138899246
0.29,0.31,3692.307692307693,317.31915729760186
0.31,0.31,3692.307692307693,316.81046816279394
0.33,0.31,3692.307692307693,316.00937508028034
0.35,0.31,3692.307692307693,314.7692525351272
0.37,0.31,3692.307692307693,312.88879316217844
0.39,0.31,3692.307692307693,310.1163488953885
0.01,0.33,3692.307692307693,309.99500916662737
0.03,0.33,3692.307692307693,312.5380633633007
0.05,0.33,3692.307692307693,314.2252571744985
0.07,0.33,3692.307692307693,315.31629369849503
0.09,0.33,3692.307692307693,316.0093750802802
0.11,0.33,3692.307692307693,316.4433769765249
0.13,0.33,3692.307692307693,316.71081803897056
0.15,0.33,3692.307692307693,316.871111230521
0.17,0.33,3692.307692307693,316.9608852463383
0.19,0.33,3692.307692307693,317.0010447164116
0.21,0.33,3692.307692307693,317.0010447164116
0.23,0.33,3692.307692307693,316.96088524633825
0.25,0.33,3692.307692307693,316.87111123052097
0.27,0.33,3692.307692307693,316.71081803897056
0.29,0.33,3692.307692307693,316.443376976525
0.31,0.33,3692.307692307693,316.00937508028034
0.33,0.33,3692.307692307693,315.3162936984951
0.35,0.33,3692.307692307693,314.2252571744985
0.37,0.33,3692.307692307693,312.53806336330064
0.39,0.33,3692.307692307693,309.99500916662737
0.01,0.35,3692.307692307693,309.79036659638405
0.03,0.35,3692.307692307693,311.960230900754
0.05,0.35,3692.307692307693,313.35055318950003
0.07,0.35,3692.307692307693,314.2252571744985
0.09,0.35,3692.307692307693,314.7692525351271
0.11,0.35,3692.307692307693,315.1043863125626
0.13,0.35,3692.307692307693,315.3083357010293
0.15,0.35,3692.307692307693,315.4294283310068
0.17,0.35,3692.307692307693,315.49679492205127
0.19,0.35,3692.307692307693,315.5268085573215
0.21,0.35,3692.307692307693,315.5268085573215
0.23,0.35,3692.307692307693,315.49679492205127
0.25,0.35,3692.307692307693,315.4294283310068
0.27,0.35,3692.307692307693,315.3083357010293
0.29,0.35,3692.307692307693,315.10438631256267
0.31,0.35,3692.307692307693,314.7692525351272
0.33,0.35,3692.307692307693,314.2252571744985
0.35,0.35,3692.307692307693,313.35055318950003
0.37,0.35,3692.307692307693,311.960230900754
0.39,0.35,3692.307692307693,309.79036659638405
0.01,0.37,3692.307692307693,309.43731347050266
0.03,0.37,3692.307692307693,311.0078111448377
0.05,0.37,3692.307692307693,311.960230900754
0.07,0.37,3692.307692307693,312.53806336330064
0.09,0.37,3692.307692307693,312.8887931621784
0.11,0.37,3692.307692307693,313.1012710373085
0.13,0.37,3692.307692307693,313.22905222760875
0.15,0.37,3692.307692307693,313.3042831393482
0.17,0.37,3692.307692307693,313.34589461842734
0.19,0.37,3692.307692307693,313.36437025141674
0.21,0.37,3692.307692307693,313.36437025141674
0.23,0.37,3692.307692307693,313.3458946184273
0.25,0.37,3692.307692307693,313.3042831393482
0.27,0.37,3692.307692307693,313.2290522276087
0.29,0.37,3692.307692307693,313.1012710373085
0.31,0.37,3692.307692307693,312.8887931621784
0.33,0.37,3692.307692307693,312.53806336330064
0.35,0.37,3692.307692307693,311.960230900754
0.37,0.37,3692.307692307693,311.0078111448378
0.39,0.37,3692.307692307693,309.43731347050266
0.01,0.39,3692.307692307693,308.7963350386924
0.03,0.39,3692.307692307693,309.43731347050266
0.05,0.39,3692.307692307693,309.79036659638405
0.07,0.39,3692.307692307693,309.9950091666274
0.09,0.39,3692.307692307693,310.1163488953885
0.11,0.39,3692.307692307693,310.1888884652779
0.13,0.39,3692.307692307693,310.2321539928012
0.15,0.39,3692.307692307693,310.257488735307
0.17,0.39,3692.307692307693,310.2714522909531
0.19,0.39,3692.307692307693,310.27763949683043
0.21,0.39,3692.307692307693,310.2776394968305
0.23,0.39,3692.307692307693,310.2714522909531
0.25,0.39,3692.307692307693,310.257488735307
0.27,0.39,3692.307692307693,310.2321539928011
0.29,0.39,3692.307692307693,310.1888884652779
0.31,0.39,3692.307692307693,310.1163488953885
0.33,0.39,3692.307692307693,309.99500916662737
0.35,0.39,3692.307692307693,309.79036659638405
0.37,0.39,3692.307692307693,309.43731347050266
0.39,0.39,3692.307692307693,308.7963350386924
0.01,0.01,5538.461538461539,309.103248913136
0.03,0.01,5538.461538461539,310.0990574797803
0.05,0.01,5538.461538461539,310.69000779608984
0.07,0.01,5538.461538461539,311.0604243150331
0.09,0.01,5538.461538461539,311.29712822023646
0.11,0.01,5538.461538461539,311.4487527158682
0.13,0.01,5538.461538461539,311.5449627539578
0.15,0.01,5538.461538461539,311.6043675256104
0.17,0.01,5538.461538461539,311.6384987989675
0.19,0.01,5538.461538461539,311.6540345389115
0.21,0.01,5538.461538461539,311.6540345389115
0.23,0.01,5538.461538461539,311.63849879896753
0.25,0.01,5538.461538461539,311.6043675256105
0.27,0.01,5538.461538461539,311.54496275395786
0.29,0.01,5538.461538461539,311.4487527158682
0.31,0.01,5538.461538461539,311.2971282202364
0.33,0.01,5538.461538461539,311.0604243150331
0.35,0.01,5538.461538461539,310.69000779608984
0.37,0.01,5538.461538461539,310.0990574797803
0.39,0.01,5538.461538461539,309.103248913136
0.01,0.03,5538.461538461539,310.0990574797803
0.03,0.03,5538.461538461539,312.59159124172953
0.05,0.03,5538.461538461539,314.20323480851334
0.07,0.03,5538.461538461539,315.2516400851353
0.09,0.03,5538.461538461539,315.933657809046
0.11,0.03,5538.461538461539,316.3748568961245
0.13,0.03,5538.461538461539,316.6565267627664
0.15,0.03,5538.461538461539,316.83115117974944
0.17,0.03,5538.461538461539,316.9317519750408
0.19,0.03,5538.461538461539,316.9776145664258
0.21,0.03,5538.461538461539,316.97761456642587
0.23,0.03,5538.461538461539,316.93175197504087
0.25,0.03,5538.461538461539,316.8311511797495
0.27,0.03,5538.461538461539,316.6565267627665
0.29,0.03,5538.461538461539,316.3748568961246
0.31,0.03,5538.461538461539,315.93365780904605
0.33,0.03,5538.461538461539,315.2516400851353
0.35,0.03,5538.461538461539,314.2032348085134
0.37,0.03,5538.461538461539,312.59159124172953
0.39,0.03,5538.461538461539,310.0990574797803
0.01,0.05,5538.461538461539,310.69000779608984
0.03,0.05,5538.461538461539,314.20323480851334
0.05,0.05,5538.461538461539,316.5877946384502
0.07,0.05,5538.461538461539,318.1856966242798
0.09,0.05,5538.461538461539,319.2449144211397
0.11,0.05,5538.461538461539,319.9387819126725
0.13,0.05,5538.461538461539,320.38565209072914
0.15,0.05,5538.461538461539,320.6644148010289
0.17,0.05,5538.461538461539,320.82568987156804
0.19,0.05,5538.461538461539,320.8993970664848
0.21,0.05,5538.461538461539,320.8993970664848
0.23,0.05,5538.461538461539,320.8256898715681
0.25,0.05,5538.461538461539,320.664414801029
0.27,0.05,5538.461538461539,320.3856520907292
0.29,0.05,5538.461538461539,319.9387819126726
0.31,0.05,5538.461538461539,319.24491442113987
0.33,0.05,5538.461538461539,318.1856966242798
0.35,0.05,5538.461538461539,316.5877946384502
0.37,0.05,5538.461538461539,314.20323480851334
0.39,0.05,5538.461538461539,310.69000779608984
0.01,0.07,5538.461538461539,311.06042431503306
0.03,0.07,5538.461538461539,315.25164008513525
0.05,0.07,5538.461538461539,318.18569662427973
0.07,0.07,5538.461538461539,320.19703735803535
0.09,0.07,5538.461538461539,321.552792693471
0.11,0.07,5538.461538461539,322.45204034362104
0.13,0.07,5538.461538461539,323.0366250600021
0.15,0.07,5538.461538461539,323.40384132210977
0.17,0.07,5538.461538461539,323.6173330949759
0.19,0.07,5538.461538461539,323.7151925285522
0.21,0.07,5538.461538461539,323.7151925285522
0.23,0.07,5538.461538461539,323.6173330949759
0.25,0.07,5538.461538461539,323.40384132210977
0.27,0.07,5538.461538461539,323.0366250600021
0.29,0.07,5538.461538461539,322.4520403436211
0.31,0.07,5538.461538461539,321.55279269347113
0.33,0.07,5538.461538461539,320.19703735803535
0.35,0.07,5538.461538461539,318.18569662427973
0.37,0.07,5538.461538461539,315.25164008513525
0.39,0.07,5538.461538461539,311.06042431503306
0.01,0.09,5538.461538461539,311.2971282202364
0.03,0.09,5538.461538461539,315.933657809046
0.05,0.09,5538.461538461539,319.2449144211397
0.07,0.09,5538.461538461539,321.552792693471
0.09,0.09,5538.461538461539,323.1295723683722
0.11,0.09,5538.461538461539,324.1868707543626
0.13,0.09,5538.461538461539,324.88019618397374
0.15,0.09,5538.461538461539,325.3186621437202
0.17,0.09,5538.461538461539,325.57482229389603
0.19,0.09,5538.461538461539,325.6925902480248
0.21,0.09,5538.461538461539,325.6925902480248
0.23,0.09,5538.461538461539,325.57482229389603
0.25,0.09,5538.461538461539,325.3186621437202
0.27,0.09,5538.461538461539,324.88019618397374
0.29,0.09,5538.461538461539,324.1868707543626
0.31,0.09,5538.461538461539,323.12957236837224
0.33,0.09,5538.461538461539,321.5527926934711
0.35,0.09,5538.461538461539,319.2449144211398
0.37,0.09,5538.461538461539,315.933657809046
0.39,0.09,5538.461538461539,311.2971282202364
0.01,0.11,5538.461538461539,311.4487527158681
0.03,0.11,5538.461538461539,316.37485689612447
0.05,0.11,5538.461538461539,319.9387819126725
0.07,0.11,5538.461538461539,322.452040343621
0.09,0.11,5538.461538461539,324.1868707543626
0.11,0.11,5538.461538461539,325.36044101216675
0.13,0.11,5538.461538461539,326.135702920357
0.15,0.11,5538.461538461539,326.62889579348086
0.17,0.11,5538.461538461539,326.9182951479914
0.19,0.11,5538.461538461539,327.05170726393607
0.21,0.11,5538.461538461539,327.0517072639361
0.23,0.11,5538.461538461539,326.9182951479914
0.25,0.11,5538.461538461539,326.6288957934809
0.27,0.11,5538.461538461539,326.13570292035706
0.29,0.11,5538.461538461539,325.36044101216675
0.31,0.11,5538.461538461539,324.1868707543626
0.33,0.11,5538.461538461539,322.45204034362104
0.35,0.11,5538.461538461539,319.93878191267254
0.37,0.11,5538.461538461539,316.3748568961245
0.39,0.11,5538.461538461539,311.4487527158682
0.01,0.13,5538.461538461539,311.5449627539578
0.03,0.13,5538.461538461539,316.6565267627664
0.05,0.13,5538.461538461539,320.3856520907291
0.07,0.13,5538.461538461539,323.03662506000205
0.09,0.13,5538.461538461539,324.88019618397374
0.11,0.13,5538.461538461539,326.13570292035706
0.13,0.13,5538.461538461539,326.9699283558958
0.15,0.13,5538.461538461539,327.50318730180754
0.17,0.13,5538.461538461539,327.8172360256474
0.19,0.13,5538.461538461539,327.9623423518699
0.21,0.13,5538.461538461539,327.9623423518699
0.23,0.13,5538.461538461539,327.81723602564733
0.25,0.13,5538.461538461539,327.5031873018075
0.27,0.13,5538.461538461539,326.9699283558958
0.29,0.13,5538.461538461539,326.13570292035706
0.31,0.13,5538.461538461539,324.88019618397374
0.33,0.13,5538.461538461539,323.0366250600021
0.35,0.13,5538.461538461539,320.38565209072914
0.37,0.13,5538.461538461539,316.6565267627665
0.39,0.13,5538.461538461539,311.54496275395786
0.01,0.15,5538.461538461539,311.6043675256105
0.03,0.15,5538.461538461539,316.8311511797494
0.05,0.15,5538.461538461539,320.66441480102884
0.07,0.15,5538.461538461539,323.4038413221097
0.09,0.15,5538.461538461539,325.3186621437202
0.11,0.15,5538.461538461539,326.6288957934809
0.13,0.15,5538.461538461539,327.50318730180754
0.15,0.15,5538.461538461539,328.06406498698044
0.17,0.15,5538.461538461539,328.395290404118
0.19,0.15,5538.461538461539,328.54860107798976
0.21,0.15,5538.461538461539,328.54860107798976
0.23,0.15,5538.461538461539,328.3952904041179
0.25,0.15,5538.461538461539,328.0640649869804
0.27,0.15,5538.461538461539,327.50318730180754
0.29,0.15,5538.461538461539,326.6288957934809
0.31,0.15,5538.461538461539,325.3186621437202
0.33,0.15,5538.461538461539,323.40384132210977
0.35,0.15,5538.461538461539,320.6644148010289
0.37,0.15,5538.461538461539,316.83115117974955
0.39,0.15,5538.461538461539,311.6043675256105
0.01,0.17,5538.461538461539,311.6384987989675
0.03,0.17,5538.461538461539,316.9317519750408
0.05,0.17,5538.461538461539,320.82568987156804
0.07,0.17,5538.461538461539,323.61733309497583
0.09,0.17,5538.461538461539,325.574822293896
0.11,0.17,5538.461538461539,326.91829514799133
0.13,0.17,5538.461538461539,327.8172360256474
0.15,0.17,5538.461538461539,328.395290404118
0.17,0.17,5538.461538461539,328.7372867400554
0.19,0.17,5538.461538461539,328.8957687116327
0.21,0.17,5538.461538461539,328.8957687116327
0.23,0.17,5538.461538461539,328.73728674005537
0.25,0.17,5538.461538461539,328.3952904041178
0.27,0.17,5538.461538461539,327.81723602564733
0.29,0.17,5538.461538461539,326.91829514799133
0.31,0.17,5538.461538461539,325.574822293896
0.33,0.17,5538.461538461539,323.6173330949759
0.35,0.17,5538.461538461539,320.8256898715681
0.37,0.17,5538.461538461539,316.9317519750409
0.39,0.17,5538.461538461539,311.63849879896753
0.01,0.19,5538.461538461539,311.6540345389115
0.03,0.19,5538.461538461539,316.9776145664258
0.05,0.19,5538.461538461539,320.8993970664848
0.07,0.19,5538.461538461539,323.7151925285522
0.09,0.19,5538.461538461539,325.6925902480248
0.11,0.19,5538.461538461539,327.05170726393607
0.13,0.19,5538.461538461539,327.96234235186995
0.15,0.19,5538.461538461539,328.54860107798976
0.17,0.19,5538.461538461539,328.8957687116327
0.19,0.19,5538.461538461539,329.05674157219914
0.21,0.19,5538.461538461539,329.05674157219914
0.23,0.19,5538.461538461539,328.8957687116326
0.25,0.19,5538.461538461539,328.5486010779897
0.27,0.19,5538.461538461539,327.9623423518699
0.29,0.19,5538.461538461539,327.0517072639361
0.31,0.19,5538.461538461539,325.6925902480248
0.33,0.19,5538.461538461539,323.7151925285522
0.35,0.19,5538.461538461539,320.8993970664848
0.37,0.19,5538.461538461539,316.97761456642587
0.39,0.19,5538.461538461539,311.6540345389116
0.01,0.21,5538.461538461539,311.6540345389115
0.03,0.21,5538.461538461539,316.97761456642587
0.05,0.21,5538.461538461539,320.8993970664848
0.07,0.21,5538.461538461539,323.7151925285522
0.09,0.21,5538.461538461539,325.6925902480248
0.11,0.21,5538.461538461539,327.05170726393607
0.13,0.21,5538.461538461539,327.96234235186995
0.15,0.21,5538.461538461539,328.54860107798976
0.17,0.21,5538.461538461539,328.8957687116327
0.19,0.21,5538.461538461539,329.05674157219914
0.21,0.21,5538.461538461539,329.05674157219914
0.23,0.21,5538.461538461539,328.8957687116326
0.25,0.21,5538.461538461539,328.54860107798976
0.27,0.21,5538.461538461539,327.96234235186995
0.29,0.21,5538.461538461539,327.0517072639361
0.31,0.21,5538.461538461539,325.6925902480249
0.33,0.21,5538.461538461539,323.7151925285522
0.35,0.21,5538.461538461539,320.8993970664848
0.37,0.21,5538.461538461539,316.97761456642587
0.39,0.21,5538.461538461539,311.6540345389115
0.01,0.23,5538.461538461539,311.63849879896753
0.03,0.23,5538.461538461539,316.93175197504087
0.05,0.23,5538.461538461539,320.8256898715681
0.07,0.23,5538.461538461539,323.6173330949759
0.09,0.23,5538.461538461539,325.57482229389603
0.11,0.23,5538.461538461539,326.91829514799133
0.13,0.23,5538.461538461539,327.81723602564733
0.15,0.23,5538.461538461539,328.395290404118
0.17,0.23,5538.461538461539,328.7372867400554
0.19,0.23,5538.461538461539,328.8957687116327
0.21,0.23,5538.461538461539,328.8957687116326
0.23,0.23,5538.461538461539,328.7372867400553
0.25,0.23,5538.461538461539,328.3952904041179
0.27,0.23,5538.461538461539,327.81723602564733
0.29,0.23,5538.461538461539,326.9182951479914
0.31,0.23,5538.461538461539,325.5748222938961
0.33,0.23,5538.461538461539,323.6173330949759
0.35,0.23,5538.461538461539,320.82568987156804
0.37,0.23,5538.461538461539,316.93175197504087
0.39,0.23,5538.461538461539,311.6384987989675
0.01,0.25,5538.461538461539,311.6043675256105
0.03,0.25,5538.461538461539,316.83115117974944
0.05,0.25,5538.461538461539,320.6644148010289
0.07,0.25,5538.461538461539,323.4038413221097
0.09,0.25,5538.461538461539,325.31866214372013
0.11,0.25,5538.461538461539,326.62889579348086
0.13,0.25,5538.461538461539,327.5031873018075
0.15,0.25,5538.461538461539,328.06406498698044
0.17,0.25,5538.461538461539,328.395290404118
0.19,0.25,5538.461538461539,328.54860107798976
0.21,0.25,5538.461538461539,328.54860107798976
0.23,0.25,5538.461538461539,328.3952904041179
0.25,0.25,5538.461538461539,328.0640649869804
0.27,0.25,5538.461538461539,327.50318730180754
0.29,0.25,5538.461538461539,326.6288957934809
0.31,0.25,5538.461538461539,325.3186621437202
0.33,0.25,5538.461538461539,323.4038413221097
0.35,0.25,5538.461538461539,320.6644148010289
0.37,0.25,5538.461538461539,316.83115117974944
0.39,0.25,5538.461538461539,311.6043675256105
0.01,0.27,5538.461538461539,311.54496275395786
0.03,0.27,5538.461538461539,316.6565267627664
0.05,0.27,5538.461538461539,320.3856520907291
0.07,0.27,5538.461538461539,323.0366250600021
0.09,0.27,5538.461538461539,324.8801961839737
0.11,0.27,5538.461538461539,326.135702920357
0.13,0.27,5538.461538461539,326.9699283558957
0.15,0.27,5538.461538461539,327.5031873018075
0.17,0.27,5538.461538461539,327.81723602564733
0.19,0.27,5538.461538461539,327.9623423518699
0.21,0.27,5538.461538461539,327.9623423518699
0.23,0.27,5538.461538461539,327.81723602564733
0.25,0.27,5538.461538461539,327.5031873018075
0.27,0.27,5538.461538461539,326.96992835589583
0.29,0.27,5538.461538461539,326.13570292035706
0.31,0.27,5538.461538461539,324.8801961839738
0.33,0.27,5538.461538461539,323.0366250600021
0.35,0.27,5538.461538461539,320.38565209072914
0.37,0.27,5538.461538461539,316.6565267627665
0.39,0.27,5538.461538461539,311.54496275395786
0.01,0.29,5538.461538461539,311.4487527158681
0.03,0.29,5538.461538461539,316.3748568961245
0.05,0.29,5538.461538461539,319.9387819126725
0.07,0.29,5538.461538461539,322.452040343621
0.09,0.29,5538.461538461539,324.1868707543625
0.11,0.29,5538.461538461539,325.3604410121667
0.13,0.29,5538.461538461539,326.135702920357
0.15,0.29,5538.461538461539,326.62889579348086
0.17,0.29,5538.461538461539,326.91829514799133
0.19,0.29,5538.461538461539,327.05170726393607
0.21,0.29,5538.461538461539,327.0517072639361
0.23,0.29,5538.461538461539,326.91829514799133
0.25,0.29,5538.461538461539,326.62889579348086
0.27,0.29,5538.461538461539,326.13570292035706
0.29,0.29,5538.461538461539,325.36044101216675
0.31,0.29,5538.461538461539,324.18687075436264
0.33,0.29,5538.461538461539,322.4520403436211
0.35,0.29,5538.461538461539,319.93878191267254
0.37,0.29,5538.461538461539,316.3748568961246
0.39,0.29,5538.461538461539,311.4487527158682
0.01,0.31,5538.461538461539,311.29712822023646
0.03,0.31,5538.461538461539,315.93365780904605
0.05,0.31,5538.461538461539,319.2449144211398
0.07,0.31,5538.461538461539,321.552792693471
0.09,0.31,5538.461538461539,323.1295723683721
0.11,0.31,5538.461538461539,324.18687075436253
0.13,0.31,5538.461538461539,324.8801961839737
0.15,0.31,5538.461538461539,325.31866214372013
0.17,0.31,5538.461538461539,325.5748222938959
0.19,0.31,5538.461538461539,325.6925902480248
0.21,0.31,5538.461538461539,325.6925902480248
0.23,0.31,5538.461538461539,325.574822293896
0.25,0.31,5538.461538461539,325.31866214372013
0.27,0.31,5538.461538461539,324.8801961839737
0.29,0.31,5538.461538461539,324.1868707543626
0.31,0.31,5538.461538461539,323.12957236837224
0.33,0.31,5538.461538461539,321.55279269347113
0.35,0.31,5538.461538461539,319.24491442113987
0.37,0.31,5538.461538461539,315.93365780904605
0.39,0.31,5538.461538461539,311.2971282202364
0.01,0.33,5538.461538461539,311.0604243150331
0.03,0.33,5538.461538461539,315.2516400851353
0.05,0.33,5538.461538461539,318.1856966242798
0.07,0.33,5538.461538461539,320.1970373580354
0.09,0.33,5538.461538461539,321.552792693471
0.11,0.33,5538.461538461539,322.45204034362104
0.13,0.33,5538.461538461539,323.03662506000205
0.15,0.33,5538.461538461539,323.4038413221097
0.17,0.33,5538.461538461539,323.61733309497583
0.19,0.33,5538.461538461539,323.7151925285522
0.21,0.33,5538.461538461539,323.7151925285522
0.23,0.33,5538.461538461539,323.61733309497583
0.25,0.33,5538.461538461539,323.40384132210966
0.27,0.33,5538.461538461539,323.036625060002
0.29,0.33,5538.461538461539,322.45204034362104
0.31,0.33,5538.461538461539,321.5527926934711
0.33,0.33,5538.461538461539,320.19703735803546
0.35,0.33,5538.461538461539,318.1856966242799
0.37,0.33,5538.461538461539,315.25164008513536
0.39,0.33,5538.461538461539,311.0604243150331
0.01,0.35,5538.461538461539,310.69000779608984
0.03,0.35,5538.461538461539,314.2032348085134
0.05,0.35,5538.461538461539,316.58779463845025
0.07,0.35,5538.461538461539,318.1856966242798
0.09,0.35,5538.461538461539,319.2449144211397
0.11,0.35,5538.461538461539,319.9387819126725
0.13,0.35,5538.461538461539,320.3856520907291
0.15,0.35,5538.461538461539,320.6644148010289
0.17,0.35,5538.461538461539,320.82568987156804
0.19,0.35,5538.461538461539,320.8993970664848
0.21,0.35,5538.461538461539,320.8993970664848
0.23,0.35,5538.461538461539,320.82568987156804
0.25,0.35,5538.461538461539,320.66441480102884
0.27,0.35,5538.461538461539,320.3856520907291
0.29,0.35,5538.461538461539,319.9387819126725
0.31,0.35,5538.461538461539,319.2449144211398
0.33,0.35,5538.461538461539,318.18569662427984
0.35,0.35,5538.461538461539,316.58779463845025
0.37,0.35,5538.461538461539,314.20323480851346
0.39,0.35,5538.461538461539,310.69000779608984
0.01,0.37,5538.461538461539,310.0990574797803
0.03,0.37,5538.461538461539,312.59159124172953
0.05,0.37,5538.461538461539,314.20323480851346
0.07,0.37,5538.461538461539,315.25164008513536
0.09,0.37,5538.461538461539,315.933657809046
0.11,0.37,5538.461538461539,316.3748568961245
0.13,0.37,5538.461538461539,316.6565267627664
0.15,0.37,5538.461538461539,316.8311511797494
0.17,0.37,5538.461538461539,316.9317519750408
0.19,0.37,5538.461538461539,316.9776145664258
0.21,0.37,5538.461538461539,316.9776145664258
0.23,0.37,5538.461538461539,316.93175197504087
0.25,0.37,5538.461538461539,316.83115117974944
0.27,0.37,5538.461538461539,316.6565267627664
0.29,0.37,5538.461538461539,316.37485689612447
0.31,0.37,5538.461538461539,315.933657809046
0.33,0.37,5538.461538461539,315.2516400851353
0.35,0.37,5538.461538461539,314.20323480851346
0.37,0.37,5538.461538461539,312.5915912417296
0.39,0.37,5538.461538461539,310.0990574797803
0.01,0.39,5538.461538461539,309.103248913136
0.03,0.39,5538.461538461539,310.0990574797803
0.05,0.39,5538.461538461539,310.69000779608984
0.07,0.39,5538.461538461539,311.0604243150331
0.09,0.39,5538.461538461539,311.29712822023646
0.11,0.39,5538.461538461539,311.4487527158681
0.13,0.39,5538.461538461539,311.54496275395786
0.15,0.39,5538.461538461539,311.6043675256105
0.17,0.39,5538.461538461539,311.6384987989675
0.19,0.39,5538.461538461539,311.6540345389115
0.21,0.39,5538.461538461539,311.6540345389115
0.23,0.39,5538.461538461539,311.6384987989675
0.25,0.39,5538.461538461539,311.6043675256105
0.27,0.39,5538.461538461539,311.5449627539578
0.29,0.39,5538.461538461539,311.4487527158681
0.31,0.39,5538.461538461539,311.2971282202364
0.33,0.39,5538.461538461539,311.0604243150331
0.35,0.39,5538.461538461539,310.6900077960899
0.37,0.39,5538.461538461539,310.0990574797804
0.39,0.39,5538.461538461539,309.103248913136
0.01,0.01,7384.615384615385,309.2897758658098
0.03,0.01,7384.615384615385,310.5423523901203
0.05,0.01,7384.615384615385,311.3236843796626
0.07,0.01,7384.615384615385,311.83755304004006
0.09,0.01,7384.615384615385,312.1814326894128
0.11,0.01,7384.615384615385,312.41154426694135
0.13,0.01,7384.615384615385,312.56353418995263
0.15,0.01,7384.615384615385,312.66071592906974
0.17,0.01,7384.615384615385,312.71811346852274
0.19,0.01,7384.615384615385,312.74471033848886
0.21,0.01,7384.615384615385,312.74471033848886
0.23,0.01,7384.615384615385,312.71811346852274
0.25,0.01,7384.615384615385,312.6607159290698
0.27,0.01,7384.615384615385,312.5635341899527
0.29,0.01,7384.615384615385,312.41154426694135
0.31,0.01,7384.615384615385,312.1814326894128
0.33,0.01,7384.615384615385,311.83755304004006
0.35,0.01,7384.615384615385,311.3236843796626
0.37,0.01,7384.615384615385,310.5423523901203
0.39,0.01,7384.615384615385,309.2897758658099
0.01,0.03,7384.615384615385,310.5423523901203
0.03,0.03,7384.615384615385,313.7263156084158
0.05,0.03,7384.615384615385,315.8720604466196
0.07,0.03,7384.615384615385,317.3290286994664
0.09,0.03,7384.615384615385,318.3184771571095
0.11,0.03,7384.615384615385,318.9858104744125
0.13,0.03,7384.615384615385,319.4287095550903
0.15,0.03,7384.615384615385,319.71279495119416
0.17,0.03,7384.615384615385,319.8809313939256
0.19,0.03,7384.615384615385,319.95893660315164
0.21,0.03,7384.615384615385,319.95893660315164
0.23,0.03,7384.615384615385,319.8809313939256
0.25,0.03,7384.615384615385,319.71279495119416
0.27,0.03,7384.615384615385,319.4287095550903
0.29,0.03,7384.615384615385,318.9858104744125
0.31,0.03,7384.615384615385,318.31847715710944
0.33,0.03,7384.615384615385,317.32902869946633
0.35,0.03,7384.615384615385,315.8720604466196
0.37,0.03,7384.615384615385,313.7263156084158
0.39,0.03,7384.615384615385,310.5423523901204
0.01,0.05,7384.615384615385,311.32368437966267
0.03,0.05,7384.615384615385,315.8720604466196
0.05,0.05,7384.615384615385,319.07501165529163
0.07,0.05,7384.615384615385,321.3066782181521
0.09,0.05,7384.615384615385,322.84628074174225
0.11,0.05,7384.615384615385,323.8952664248782
0.13,0.05,7384.615384615385,324.5962774440477
0.15,0.05,7384.615384615385,325.0480776585108
0.17,0.05,7384.615384615385,325.31633893905183
0.19,0.05,7384.615384615385,325.44103087954954
0.21,0.05,7384.615384615385,325.4410308795496
0.23,0.05,7384.615384615385,325.31633893905183
0.25,0.05,7384.615384615385,325.04807765851075
0.27,0.05,7384.615384615385,324.5962774440477
0.29,0.05,7384.615384615385,323.8952664248782
0.31,0.05,7384.615384615385,322.84628074174225
0.33,0.05,7384.615384615385,321.3066782181521
0.35,0.05,7384.615384615385,319.07501165529163
0.37,0.05,7384.615384615385,315.8720604466196
0.39,0.05,7384.615384615385,311.3236843796626
0.01,0.07,7384.615384615385,311.8375530400401
0.03,0.07,7384.615384615385,317.3290286994664
0.05,0.07,7384.615384615385,321.30667821815206
0.07,0.07,7384.615384615385,324.1340022042117
0.09,0.07,7384.615384615385,326.1123317029333
0.11,0.07,7384.615384615385,327.4740406606307
0.13,0.07,7384.615384615385,328.3908362811309
0.15,0.07,7384.615384615385,328.98491488518084
0.17,0.07,7384.615384615385,329.3389778370191
0.19,0.07,7384.615384615385,329.5039177393068
0.21,0.07,7384.615384615385,329.5039177393067
0.23,0.07,7384.615384615385,329.3389778370191
0.25,0.07,7384.615384615385,328.9849148851808
0.27,0.07,7384.615384615385,328.3908362811308
0.29,0.07,7384.615384615385,327.4740406606307
0.31,0.07,7384.615384615385,326.1123317029333
0.33,0.07,7384.615384615385,324.1340022042117
0.35,0.07,7384.615384615385,321.30667821815206
0.37,0.07,7384.615384615385,317.32902869946633
0.39,0.07,7384.615384615385,311.83755304004
0.01,0.09,7384.615384615385,312.1814326894128
0.03,0.09,7384.615384615385,318.31847715710944
0.05,0.09,7384.615384615385,322.8462807417422
0.07,0.09,7384.615384615385,326.1123317029333
0.09,0.09,7384.615384615385,328.4241765358569
0.11,0.09,7384.615384615385,330.02984836181287
0.13,0.09,7384.615384615385,331.11847261575
0.15,0.09,7384.615384615385,331.8276350409988
0.17,0.09,7384.615384615385,332.25187595436984
0.19,0.09,7384.615384615385,332.4499559505743
0.21,0.09,7384.615384615385,332.44995595057424
0.23,0.09,7384.615384615385,332.2518759543698
0.25,0.09,7384.615384615385,331.8276350409987
0.27,0.09,7384.615384615385,331.11847261575
0.29,0.09,7384.615384615385,330.02984836181287
0.31,0.09,7384.615384615385,328.4241765358569
0.33,0.09,7384.615384615385,326.1123317029333
0.35,0.09,7384.615384615385,322.8462807417422
0.37,0.09,7384.615384615385,318.3184771571094
0.39,0.09,7384.615384615385,312.1814326894128
0.01,0.11,7384.615384615385,312.4115442669413
0.03,0.11,7384.615384615385,318.98581047441246
0.05,0.11,7384.615384615385,323.8952664248781
0.07,0.11,7384.615384615385,327.47404066063064
0.09,0.11,7384.615384615385,330.02984836181287
0.11,0.11,7384.615384615385,331.81809340742467
0.13,0.11,7384.615384615385,333.03778404545903
0.15,0.11,7384.615384615385,333.8360652975768
0.17,0.11,7384.615384615385,334.3152511895304
0.19,0.11,7384.615384615385,334.5394522891977
0.21,0.11,7384.615384615385,334.53945228919764
0.23,0.11,7384.615384615385,334.3152511895303
0.25,0.11,7384.615384615385,333.8360652975767
0.27,0.11,7384.615384615385,333.037784045459
0.29,0.11,7384.615384615385,331.81809340742467
0.31,0.11,7384.615384615385,330.02984836181287
0.33,0.11,7384.615384615385,327.4740406606307
0.35,0.11,7384.615384615385,323.8952664248782
0.37,0.11,7384.615384615385,318.9858104744125
0.39,0.11,7384.615384615385,312.4115442669413
0.01,0.13,7384.615384615385,312.56353418995263
0.03,0.13,7384.615384615385,319.4287095550903
0.05,0.13,7384.615384615385,324.5962774440477
0.07,0.13,7384.615384615385,328.3908362811308
0.09,0.13,7384.615384615385,331.11847261575
0.11,0.13,7384.615384615385,333.037784045459
0.13,0.13,7384.615384615385,334.3531395107032
0.15,0.13,7384.615384615385,335.21735346734994
0.17,0.13,7384.615384615385,335.7375985149491
0.19,0.13,7384.615384615385,335.9814402683111
0.21,0.13,7384.615384615385,335.981440268311
0.23,0.13,7384.615384615385,335.73759851494907
0.25,0.13,7384.615384615385,335.21735346734994
0.27,0.13,7384.615384615385,334.3531395107031
0.29,0.13,7384.615384615385,333.037784045459
0.31,0.13,7384.615384615385,331.11847261575
0.33,0.13,7384.615384615385,328.39083628113093
0.35,0.13,7384.615384615385,324.59627744404776
0.37,0.13,7384.615384615385,319.42870955509034
0.39,0.13,7384.615384615385,312.56353418995263
0.01,0.15,7384.615384615385,312.66071592906974
0.03,0.15,7384.615384615385,319.71279495119416
0.05,0.15,7384.615384615385,325.04807765851075
0.07,0.15,7384.615384615385,328.9849148851808
0.09,0.15,7384.615384615385,331.8276350409988
0.11,0.15,7384.615384615385,333.83606529757674
0.13,0.15,7384.615384615385,335.21735346734994
0.15,0.15,7384.615384615385,336.12752193681547
0.17,0.15,7384.615384615385,336.6766272826472
0.19,0.15,7384.615384615385,336.9343469139591
0.21,0.15,7384.615384615385,336.9343469139591
0.23,0.15,7384.615384615385,336.6766272826472
0.25,0.15,7384.615384615385,336.1275219368154
0.27,0.15,7384.615384615385,335.21735346734994
0.29,0.15,7384.615384615385,333.83606529757674
0.31,0.15,7384.615384615385,331.8276350409988
0.33,0.15,7384.615384615385,328.98491488518084
0.35,0.15,7384.615384615385,325.04807765851086
0.37,0.15,7384.615384615385,319.7127949511942
0.39,0.15,7384.615384615385,312.66071592906974
0.01,0.17,7384.615384615385,312.7181134685227
0.03,0.17,7384.615384615385,319.88093139392555
0.05,0.17,7384.615384615385,325.3163389390518
0.07,0.17,7384.615384615385,329.3389778370191
0.09,0.17,7384.615384615385,332.25187595436984
0.11,0.17,7384.615384615385,334.3152511895304
0.13,0.17,7384.615384615385,335.7375985149491
0.15,0.17,7384.615384615385,336.6766272826472
0.17,0.17,7384.615384615385,337.2439736156451
0.19,0.17,7384.615384615385,337.5104997487879
0.21,0.17,7384.615384615385,337.5104997487879
0.23,0.17,7384.615384615385,337.2439736156451
0.25,0.17,7384.615384615385,336.6766272826472
0.27,0.17,7384.615384615385,335.73759851494907
0.29,0.17,7384.615384615385,334.3152511895303
0.31,0.17,7384.615384615385,332.25187595436984
0.33,0.17,7384.615384615385,329.3389778370191
0.35,0.17,7384.615384615385,325.3163389390519
0.37,0.17,7384.615384615385,319.88093139392566
0.39,0.17,7384.615384615385,312.71811346852274
0.01,0.19,7384.615384615385,312.74471033848886
0.03,0.19,7384.615384615385,319.95893660315164
0.05,0.19,7384.615384615385,325.4410308795496
0.07,0.19,7384.615384615385,329.5039177393067
0.09,0.19,7384.615384615385,332.4499559505742
0.11,0.19,7384.615384615385,334.5394522891977
0.13,0.19,7384.615384615385,335.9814402683111
0.15,0.19,7384.615384615385,336.9343469139591
0.17,0.19,7384.615384615385,337.5104997487879
0.19,0.19,7384.615384615385,337.7812881795483
0.21,0.19,7384.615384615385,337.7812881795483
0.23,0.19,7384.615384615385,337.5104997487879
0.25,0.19,7384.615384615385,336.9343469139591
0.27,0.19,7384.615384615385,335.9814402683111
0.29,0.19,7384.615384615385,334.5394522891977
0.31,0.19,7384.615384615385,332.4499559505743
0.33,0.19,7384.615384615385,329.5039177393068
0.35,0.19,7384.615384615385,325.4410308795496
0.37,0.19,7384.615384615385,319.95893660315164
0.39,0.19,7384.615384615385,312.7447103384889
0.01,0.21,7384.615384615385,312.74471033848886
0.03,0.21,7384.615384615385,319.95893660315164
0.05,0.21,7384.615384615385,325.4410308795496
0.07,0.21,7384.615384615385,329.5039177393068
0.09,0.21,7384.615384615385,332.44995595057424
0.11,0.21,7384.615384615385,334.5394522891977
0.13,0.21,7384.615384615385,335.9814402683111
0.15,0.21,7384.615384615385,336.93434691395913
0.17,0.21,7384.615384615385,337.5104997487879
0.19,0.21,7384.615384615385,337.7812881795483
0.21,0.21,7384.615384615385,337.7812881795483
0.23,0.21,7384.615384615385,337.5104997487879
0.25,0.21,7384.615384615385,336.9343469139591
0.27,0.21,7384.615384615385,335.9814402683111
0.29,0.21,7384.615384615385,334.5394522891977
0.31,0.21,7384.615384615385,332.4499559505743
0.33,0.21,7384.615384615385,329.5039177393068
0.35,0.21,7384.615384615385,325.44103087954966
0.37,0.21,7384.615384615385,319.95893660315164
0.39,0.21,7384.615384615385,312.74471033848886
0.01,0.23,7384.615384615385,312.7181134685227
0.03,0.23,7384.615384615385,319.8809313939256
0.05,0.23,7384.615384615385,325.31633893905183
0.07,0.23,7384.615384615385,329.3389778370191
0.09,0.23,7384.615384615385,332.25187595436984
0.11,0.23,7384.615384615385,334.3152511895303
0.13,0.23,7384.615384615385,335.73759851494907
0.15,0.23,7384.615384615385,336.67662728264725
0.17,0.23,7384.615384615385,337.2439736156451
0.19,0.23,7384.615384615385,337.5104997487879
0.21,0.23,7384.615384615385,337.5104997487878
0.23,0.23,7384.615384615385,337.24397361564496
0.25,0.23,7384.615384615385,336.6766272826472
0.27,0.23,7384.615384615385,335.73759851494907
0.29,0.23,7384.615384615385,334.3152511895303
0.31,0.23,7384.615384615385,332.2518759543699
0.33,0.23,7384.615384615385,329.3389778370192
0.35,0.23,7384.615384615385,325.3163389390519
0.37,0.23,7384.615384615385,319.88093139392566
0.39,0.23,7384.615384615385,312.7181134685227
0.01,0.25,7384.615384615385,312.66071592906974
0.03,0.25,7384.615384615385,319.7127949511942
0.05,0.25,7384.615384615385,325.0480776585108
0.07,0.25,7384.615384615385,328.98491488518084
0.09,0.25,7384.615384615385,331.8276350409988
0.11,0.25,7384.615384615385,333.83606529757674
0.13,0.25,7384.615384615385,335.2173534673499
0.15,0.25,7384.615384615385,336.12752193681547
0.17,0.25,7384.615384615385,336.6766272826472
0.19,0.25,7384.615384615385,336.9343469139591
0.21,0.25,7384.615384615385,336.9343469139591
0.23,0.25,7384.615384615385,336.6766272826472
0.25,0.25,7384.615384615385,336.12752193681536
0.27,0.25,7384.615384615385,335.21735346734994
0.29,0.25,7384.615384615385,333.83606529757674
0.31,0.25,7384.615384615385,331.8276350409988
0.33,0.25,7384.615384615385,328.98491488518084
0.35,0.25,7384.615384615385,325.04807765851086
0.37,0.25,7384.615384615385,319.71279495119416
0.39,0.25,7384.615384615385,312.66071592906974
0.01,0.27,7384.615384615385,312.5635341899527
0.03,0.27,7384.615384615385,319.42870955509034
0.05,0.27,7384.615384615385,324.59627744404776
0.07,0.27,7384.615384615385,328.39083628113093
0.09,0.27,7384.615384615385,331.11847261575
0.11,0.27,7384.615384615385,333.037784045459
0.13,0.27,7384.615384615385,334.3531395107031
0.15,0.27,7384.615384615385,335.21735346735
0.17,0.27,7384.615384615385,335.7375985149491
0.19,0.27,7384.615384615385,335.98144026831113
0.21,0.27,7384.615384615385,335.9814402683111
0.23,0.27,7384.615384615385,335.7375985149491
0.25,0.27,7384.615384615385,335.21735346734994
0.27,0.27,7384.615384615385,334.3531395107031
0.29,0.27,7384.615384615385,333.037784045459
0.31,0.27,7384.615384615385,331.11847261575
0.33,0.27,7384.615384615385,328.39083628113093
0.35,0.27,7384.615384615385,324.59627744404776
0.37,0.27,7384.615384615385,319.4287095550903
0.39,0.27,7384.615384615385,312.56353418995263
0.01,0.29,7384.615384615385,312.41154426694135
0.03,0.29,7384.615384615385,318.9858104744125
0.05,0.29,7384.615384615385,323.8952664248782
0.07,0.29,7384.615384615385,327.47404066063075
0.09,0.29,7384.615384615385,330.0298483618129
0.11,0.29,7384.615384615385,331.8180934074247
0.13,0.29,7384.615384615385,333.037784045459
0.15,0.29,7384.615384615385,333.83606529757674
0.17,0.29,7384.615384615385,334.3152511895304
0.19,0.29,7384.615384615385,334.5394522891977
0.21,0.29,7384.615384615385,334.5394522891977
0.23,0.29,7384.615384615385,334.3152511895303
0.25,0.29,7384.615384615385,333.83606529757674
0.27,0.29,7384.615384615385,333.037784045459
0.29,0.29,7384.615384615385,331.81809340742467
0.31,0.29,7384.615384615385,330.02984836181287
0.33,0.29,7384.615384615385,327.47404066063075
0.35,0.29,7384.615384615385,323.89526642487823
0.37,0.29,7384.615384615385,318.9858104744125
0.39,0.29,7384.615384615385,312.4115442669413
0.01,0.31,7384.615384615385,312.1814326894128
0.03,0.31,7384.615384615385,318.3184771571095
0.05,0.31,7384.615384615385,322.84628074174225
0.07,0.31,7384.615384615385,326.1123317029334
0.09,0.31,7384.615384615385,328.42417653585693
0.11,0.31,7384.615384615385,330.0298483618129
0.13,0.31,7384.615384615385,331.1184726157501
0.15,0.31,7384.615384615385,331.8276350409988
0.17,0.31,7384.615384615385,332.25187595436984
0.19,0.31,7384.615384615385,332.4499559505743
0.21,0.31,7384.615384615385,332.4499559505743
0.23,0.31,7384.615384615385,332.25187595436984
0.25,0.31,7384.615384615385,331.8276350409988
0.27,0.31,7384.615384615385,331.11847261575
0.29,0.31,7384.615384615385,330.0298483618129
0.31,0.31,7384.615384615385,328.42417653585693
0.33,0.31,7384.615384615385,326.1123317029334
0.35,0.31,7384.615384615385,322.8462807417423
0.37,0.31,7384.615384615385,318.3184771571095
0.39,0.31,7384.615384615385,312.1814326894128
0.01,0.33,7384.615384615385,311.83755304004006
0.03,0.33,7384.615384615385,317.3290286994664
0.05,0.33,7384.615384615385,321.3066782181521
0.07,0.33,7384.615384615385,324.1340022042117
0.09,0.33,7384.615384615385,326.1123317029334
0.11,0.33,7384.615384615385,327.47404066063075
0.13,0.33,7384.615384615385,328.39083628113093
0.15,0.33,7384.615384615385,328.98491488518084
0.17,0.33,7384.615384615385,329.3389778370192
0.19,0.33,7384.615384615385,329.5039177393067
0.21,0.33,7384.615384615385,329.5039177393068
0.23,0.33,7384.615384615385,329.3389778370192
0.25,0.33,7384.615384615385,328.98491488518084
0.27,0.33,7384.615384615385,328.3908362811309
0.29,0.33,7384.615384615385,327.47404066063075
0.31,0.33,7384.615384615385,326.1123317029334
0.33,0.33,7384.615384615385,324.1340022042117
0.35,0.33,7384.615384615385,321.3066782181522
0.37,0.33,7384.615384615385,317.32902869946645
0.39,0.33,7384.615384615385,311.83755304004006
0.01,0.35,7384.615384615385,311.3236843796626
0.03,0.35,7384.615384615385,315.8720604466196
0.05,0.35,7384.615384615385,319.0750116552917
0.07,0.35,7384.615384615385,321.3066782181521
0.09,0.35,7384.615384615385,322.8462807417423
0.11,0.35,7384.615384615385,323.89526642487823
0.13,0.35,7384.615384615385,324.59627744404776
0.15,0.35,7384.615384615385,325.04807765851086
0.17,0.35,7384.615384615385,325.3163389390519
0.19,0.35,7384.615384615385,325.4410308795496
0.21,0.35,7384.615384615385,325.4410308795496
0.23,0.35,7384.615384615385,325.3163389390519
0.25,0.35,7384.615384615385,325.0480776585108
0.27,0.35,7384.615384615385,324.5962774440477
0.29,0.35,7384.615384615385,323.8952664248782
0.31,0.35,7384.615384615385,322.84628074174225
0.33,0.35,7384.615384615385,321.3066782181521
0.35,0.35,7384.615384615385,319.07501165529175
0.37,0.35,7384.615384615385,315.8720604466197
0.39,0.35,7384.615384615385,311.32368437966267
0.01,0.37,7384.615384615385,310.5423523901204
0.03,0.37,7384.615384615385,313.7263156084158
0.05,0.37,7384.615384615385,315.8720604466196
0.07,0.37,7384.615384615385,317.3290286994664
0.09,0.37,7384.615384615385,318.31847715710944
0.11,0.37,7384.615384615385,318.9858104744125
0.13,0.37,7384.615384615385,319.4287095550903
0.15,0.37,7384.615384615385,319.71279495119416
0.17,0.37,7384.615384615385,319.8809313939256
0.19,0.37,7384.615384615385,319.95893660315164
0.21,0.37,7384.615384615385,319.95893660315164
0.23,0.37,7384.615384615385,319.88093139392566
0.25,0.37,7384.615384615385,319.71279495119416
0.27,0.37,7384.615384615385,319.4287095550903
0.29,0.37,7384.615384615385,318.9858104744125
0.31,0.37,7384.615384615385,318.31847715710944
0.33,0.37,7384.615384615385,317.3290286994664
0.35,0.37,7384.615384615385,315.8720604466196
0.37,0.37,7384.615384615385,313.7263156084158
0.39,0.37,7384.615384615385,310.5423523901204
0.01,0.39,7384.615384615385,309.2897758658098
0.03,0.39,7384.615384615385,310.5423523901203
0.05,0.39,7384.615384615385,311.3236843796626
0.07,0.39,7384.615384615385,311.83755304004006
0.09,0.39,7384.615384615385,312.1814326894128
0.11,0.39,7384.615384615385,312.4115442669413
0.13,0.39,7384.615384615385,312.56353418995263
0.15,0.39,7384.615384615385,312.66071592906974
0.17,0.39,7384.615384615385,312.71811346852274
0.19,0.39,7384.615384615385,312.74471033848886
0.21,0.39,7384.615384615385,312.74471033848886
0.23,0.39,7384.615384615385,312.7181134685227
0.25,0.39,7384.615384615385,312.66071592906974
0.27,0.39,7384.615384615385,312.56353418995263
0.29,0.39,7384.615384615385,312.4115442669413
0.31,0.39,7384.615384615385,312.1814326894128
0.33,0.39,7384.615384615385,311.83755304004006
0.35,0.39,7384.615384615385,311.32368437966267
0.37,0.39,7384.615384615385,310.5423523901204
0.39,0.39,7384.615384615385,309.2897758658099
0.01,0.01,9230.76923076923,309.33842864427845
0.03,0.01,9230.76923076923,310.7069905006177
0.05,0.01,9230.76923076923,311.59879513172825
0.07,0.01,9230.76923076923,312.20914272709086
0.09,0.01,9230.76923076923,312.632884513036
0.11,0.01,9230.76923076923,312.9262450264784
0.13,0.01,9230.76923076923,313.12606782866305
0.15,0.01,9230.76923076923,313.2572634393344
0.17,0.01,9230.76923076923,313.33637166246524
0.19,0.01,9230.76923076923,313.3735197534455
0.21,0.01,9230.76923076923,313.3735197534455
0.23,0.01,9230.76923076923,313.33637166246524
0.25,0.01,9230.76923076923,313.2572634393344
0.27,0.01,9230.76923076923,313.12606782866305
0.29,0.01,9230.76923076923,312.9262450264784
0.31,0.01,9230.76923076923,312.632884513036
0.33,0.01,9230.76923076923,312.20914272709086
0.35,0.01,9230.76923076923,311.59879513172825
0.37,0.01,9230.76923076923,310.7069905006177
0.39,0.01,9230.76923076923,309.33842864427845
0.01,0.03,9230.76923076923,310.7069905006177
0.03,0.03,9230.76923076923,314.2375612690554
0.05,0.03,9230.76923076923,316.7061872759021
0.07,0.03,9230.76923076923,318.4438242114712
0.09,0.03,9230.76923076923,319.6654271528836
0.11,0.03,9230.76923076923,320.51667811106233
0.13,0.03,9230.76923076923,321.0987541676948
0.15,0.03,9230.76923076923,321.48187443910854
0.17,0.03,9230.76923076923,321.713260114042
0.19,0.03,9230.76923076923,321.82201576724924
0.21,0.03,9230.76923076923,321.8220157672492
0.23,0.03,9230.76923076923,321.713260114042
0.25,0.03,9230.76923076923,321.48187443910854
0.27,0.03,9230.76923076923,321.0987541676948
0.29,0.03,9230.76923076923,320.5166781110623
0.31,0.03,9230.76923076923,319.6654271528836
0.33,0.03,9230.76923076923,318.4438242114712
0.35,0.03,9230.76923076923,316.7061872759021
0.37,0.03,9230.76923076923,314.2375612690554
0.39,0.03,9230.76923076923,310.70699050061774
0.01,0.05,9230.76923076923,311.59879513172825
0.03,0.05,9230.76923076923,316.7061872759021
0.05,0.05,9230.76923076923,320.4246350315926
0.07,0.05,9230.76923076923,323.1031475625975
0.09,0.05,9230.76923076923,325.01215355918026
0.11,0.05,9230.76923076923,326.3538545111212
0.13,0.05,9230.76923076923,327.2764884701936
0.15,0.05,9230.76923076923,327.8860840293992
0.17,0.05,9230.76923076923,328.2551760416096
0.19,0.05,9230.76923076923,328.428907727098
0.21,0.05,9230.76923076923,328.428907727098
0.23,0.05,9230.76923076923,328.2551760416096
0.25,0.05,9230.76923076923,327.8860840293992
0.27,0.05,9230.76923076923,327.2764884701936
0.29,0.05,9230.76923076923,326.35385451112126
0.31,0.05,9230.76923076923,325.0121535591802
0.33,0.05,9230.76923076923,323.1031475625975
0.35,0.05,9230.76923076923,320.4246350315926
0.37,0.05,9230.76923076923,316.7061872759021
0.39,0.05,9230.76923076923,311.59879513172825
0.01,0.07,9230.76923076923,312.20914272709086
0.03,0.07,9230.76923076923,318.4438242114712
0.05,0.07,9230.76923076923,323.1031475625974
0.07,0.07,9230.76923076923,326.5204610023938
0.09,0.07,9230.76923076923,328.98646832952915
0.11,0.07,9230.76923076923,330.7347736908468
0.13,0.07,9230.76923076923,331.9444545722425
0.15,0.07,9230.76923076923,332.7472047457777
0.17,0.07,9230.76923076923,333.234684665208
0.19,0.07,9230.76923076923,333.4645381351721
0.21,0.07,9230.76923076923,333.46453813517206
0.23,0.07,9230.76923076923,333.2346846652079
0.25,0.07,9230.76923076923,332.74720474577765
0.27,0.07,9230.76923076923,331.94445457224253
0.29,0.07,9230.76923076923,330.7347736908468
0.31,0.07,9230.76923076923,328.98646832952915
0.33,0.07,9230.76923076923,326.5204610023938
0.35,0.07,9230.76923076923,323.1031475625974
0.37,0.07,9230.76923076923,318.4438242114712
0.39,0.07,9230.76923076923,312.2091427270908
0.01,0.09,9230.76923076923,312.632884513036
0.03,0.09,9230.76923076923,319.6654271528835
0.05,0.09,9230.76923076923,325.0121535591802
0.07,0.09,9230.76923076923,328.98646832952915
0.09,0.09,9230.76923076923,331.88387145719287
0.11,0.09,9230.76923076923,333.9540012671417
0.13,0.09,9230.76923076923,335.3947508003197
0.15,0.09,9230.76923076923,336.3549704815656
0.17,0.09,9230.76923076923,336.9398250341595
0.19,0.09,9230.76923076923,337.2160825860659
0.21,0.09,9230.76923076923,337.216082586066
0.23,0.09,9230.76923076923,336.9398250341595
0.25,0.09,9230.76923076923,336.3549704815656
0.27,0.09,9230.76923076923,335.3947508003198
0.29,0.09,9230.76923076923,333.9540012671417
0.31,0.09,9230.76923076923,331.88387145719287
0.33,0.09,9230.76923076923,328.98646832952915
0.35,0.09,9230.76923076923,325.0121535591802
0.37,0.09,9230.76923076923,319.6654271528835
0.39,0.09,9230.76923076923,312.63288451303595
0.01,0.11,9230.76923076923,312.9262450264784
0.03,0.11,9230.76923076923,320.5166781110623
0.05,0.11,9230.76923076923,326.35385451112126
0.07,0.11,9230.76923076923,330.73477369084674
0.09,0.11,9230.76923076923,333.9540012671417
0.11,0.11,9230.76923076923,336.2688031577894
0.13,0.11,9230.76923076923,337.8879934662588
0.15,0.11,9230.76923076923,338.97131166810306
0.17,0.11,9230.76923076923,339.6329575776812
0.19,0.11,9230.76923076923,339.9460046357596
0.21,0.11,9230.76923076923,339.94600463575966
0.23,0.11,9230.76923076923,339.6329575776812
0.25,0.11,9230.76923076923,338.9713116681031
0.27,0.11,9230.76923076923,337.8879934662588
0.29,0.11,9230.76923076923,336.2688031577895
0.31,0.11,9230.76923076923,333.95400126714173
0.33,0.11,9230.76923076923,330.7347736908468
0.35,0.11,9230.76923076923,326.35385451112126
0.37,0.11,9230.76923076923,320.5166781110623
0.39,0.11,9230.76923076923,312.9262450264784
0.01,0.13,9230.76923076923,313.1260678286631
0.03,0.13,9230.76923076923,321.0987541676948
0.05,0.13,9230.76923076923,327.2764884701936
0.07,0.13,9230.76923076923,331.9444545722424
0.09,0.13,9230.76923076923,335.3947508003197
0.11,0.13,9230.76923076923,337.8879934662587
0.13,0.13,9230.76923076923,339.63908884095
0.15,0.13,9230.76923076923,340.8143981806527
0.17,0.13,9230.76923076923,341.5338902940946
0.19,0.13,9230.76923076923,341.8747863388938
0.21,0.13,9230.76923076923,341.87478633889384
0.23,0.13,9230.76923076923,341.5338902940946
0.25,0.13,9230.76923076923,340.8143981806527
0.27,0.13,9230.76923076923,339.63908884095
0.29,0.13,9230.76923076923,337.8879934662588
0.31,0.13,9230.76923076923,335.39475080031974
0.33,0.13,9230.76923076923,331.9444545722425
0.35,0.13,9230.76923076923,327.2764884701936
0.37,0.13,9230.76923076923,321.0987541676948
0.39,0.13,9230.76923076923,313.12606782866305
0.01,0.15,9230.76923076923,313.25726343933445
0.03,0.15,9230.76923076923,321.48187443910854
0.05,0.15,9230.76923076923,327.8860840293992
0.07,0.15,9230.76923076923,332.74720474577765
0.09,0.15,9230.76923076923,336.35497048156554
0.11,0.15,9230.76923076923,338.97131166810306
0.13,0.15,9230.76923076923,340.81439818065263
0.15,0.15,9230.76923076923,342.0544416646306
0.17,0.15,9230.76923076923,342.8149139192961
0.19,0.15,9230.76923076923,343.1756209735459
0.21,0.15,9230.76923076923,343.1756209735459
0.23,0.15,9230.76923076923,342.8149139192961
0.25,0.15,9230.76923076923,342.0544416646306
0.27,0.15,9230.76923076923,340.8143981806527
0.29,0.15,9230.76923076923,338.9713116681032
0.31,0.15,9230.76923076923,336.3549704815656
0.33,0.15,9230.76923076923,332.74720474577765
0.35,0.15,9230.76923076923,327.8860840293992
0.37,0.15,9230.76923076923,321.48187443910854
0.39,0.15,9230.76923076923,313.2572634393344
0.01,0.17,9230.76923076923,313.3363716624652
0.03,0.17,9230.76923076923,321.713260114042
0.05,0.17,9230.76923076923,328.2551760416096
0.07,0.17,9230.76923076923,333.23468466520785
0.09,0.17,9230.76923076923,336.93982503415947
0.11,0.17,9230.76923076923,339.6329575776812
0.13,0.17,9230.76923076923,341.5338902940946
0.15,0.17,9230.76923076923,342.8149139192961
0.17,0.17,9230.76923076923,343.60146022727434
0.19,0.17,9230.76923076923,343.9748119321105
0.21,0.17,9230.76923076923,343.9748119321106
0.23,0.17,9230.76923076923,343.60146022727434
0.25,0.17,9230.76923076923,342.81491391929615
0.27,0.17,9230.76923076923,341.53389029409465
0.29,0.17,9230.76923076923,339.6329575776813
0.31,0.17,9230.76923076923,336.9398250341595
0.33,0.17,9230.76923076923,333.2346846652079
0.35,0.17,9230.76923076923,328.2551760416096
0.37,0.17,9230.76923076923,321.713260114042
0.39,0.17,9230.76923076923,313.3363716624652
0.01,0.19,9230.76923076923,313.37351975344546
0.03,0.19,9230.76923076923,321.8220157672492
0.05,0.19,9230.76923076923,328.4289077270979
0.07,0.19,9230.76923076923,333.464538135172
0.09,0.19,9230.76923076923,337.21608258606585
0.11,0.19,9230.76923076923,339.9460046357596
0.13,0.19,9230.76923076923,341.8747863388938
0.15,0.19,9230.76923076923,343.1756209735459
0.17,0.19,9230.76923076923,343.9748119321105
0.19,0.19,9230.76923076923,344.35430772592326
0.21,0.19,9230.76923076923,344.3543077259233
0.23,0.19,9230.76923076923,343.9748119321106
0.25,0.19,9230.76923076923,343.1756209735459
0.27,0.19,9230.76923076923,341.8747863388938
0.29,0.19,9230.76923076923,339.94600463575966
0.31,0.19,9230.76923076923,337.21608258606585
0.33,0.19,9230.76923076923,333.4645381351721
0.35,0.19,9230.76923076923,328.428907727098
0.37,0.19,9230.76923076923,321.82201576724924
0.39,0.19,9230.76923076923,313.3735197534455
0.01,0.21,9230.76923076923,313.37351975344546
0.03,0.21,9230.76923076923,321.8220157672492
0.05,0.21,9230.76923076923,328.4289077270979
0.07,0.21,9230.76923076923,333.46453813517206
0.09,0.21,9230.76923076923,337.2160825860658
0.11,0.21,9230.76923076923,339.9460046357596
0.13,0.21,9230.76923076923,341.8747863388938
0.15,0.21,9230.76923076923,343.175620973546
0.17,0.21,9230.76923076923,343.9748119321105
0.19,0.21,9230.76923076923,344.3543077259233
0.21,0.21,9230.76923076923,344.3543077259233
0.23,0.21,9230.76923076923,343.9748119321106
0.25,0.21,9230.76923076923,343.1756209735459
0.27,0.21,9230.76923076923,341.8747863388938
0.29,0.21,9230.76923076923,339.94600463575966
0.31,0.21,9230.76923076923,337.21608258606585
0.33,0.21,9230.76923076923,333.46453813517206
0.35,0.21,9230.76923076923,328.428907727098
0.37,0.21,9230.76923076923,321.82201576724924
0.39,0.21,9230.76923076923,313.3735197534455
0.01,0.23,9230.76923076923,313.3363716624652
0.03,0.23,9230.76923076923,321.713260114042
0.05,0.23,9230.76923076923,328.2551760416095
0.07,0.23,9230.76923076923,333.23468466520785
0.09,0.23,9230.76923076923,336.93982503415947
0.11,0.23,9230.76923076923,339.6329575776812
0.13,0.23,9230.76923076923,341.5338902940946
0.15,0.23,9230.76923076923,342.8149139192961
0.17,0.23,9230.76923076923,343.60146022727434
0.19,0.23,9230.76923076923,343.97481193211064
0.21,0.23,9230.76923076923,343.9748119321106
0.23,0.23,9230.76923076923,343.60146022727434
0.25,0.23,9230.76923076923,342.8149139192961
0.27,0.23,9230.76923076923,341.5338902940946
0.29,0.23,9230.76923076923,339.6329575776812
0.31,0.23,9230.76923076923,336.93982503415947
0.33,0.23,9230.76923076923,333.2346846652079
0.35,0.23,9230.76923076923,328.2551760416096
0.37,0.23,9230.76923076923,321.713260114042
0.39,0.23,9230.76923076923,313.33637166246524
0.01,0.25,9230.76923076923,313.25726343933445
0.03,0.25,9230.76923076923,321.48187443910854
0.05,0.25,9230.76923076923,327.8860840293992
0.07,0.25,9230.76923076923,332.74720474577765
0.09,0.25,9230.76923076923,336.3549704815656
0.11,0.25,9230.76923076923,338.9713116681031
0.13,0.25,9230.76923076923,340.8143981806527
0.15,0.25,9230.76923076923,342.0544416646306
0.17,0.25,9230.76923076923,342.8149139192961
0.19,0.25,9230.76923076923,343.175620973546
0.21,0.25,9230.76923076923,343.175620973546
0.23,0.25,9230.76923076923,342.81491391929615
0.25,0.25,9230.76923076923,342.0544416646306
0.27,0.25,9230.76923076923,340.8143981806527
0.29,0.25,9230.76923076923,338.9713116681031
0.31,0.25,9230.76923076923,336.3549704815656
0.33,0.25,9230.76923076923,332.7472047457777
0.35,0.25,9230.76923076923,327.8860840293992
0.37,0.25,9230.76923076923,321.4818744391085
0.39,0.25,9230.76923076923,313.25726343933445
0.01,0.27,9230.76923076923,313.12606782866305
0.03,0.27,9230.76923076923,321.0987541676948
0.05,0.27,9230.76923076923,327.27648847019367
0.07,0.27,9230.76923076923,331.9444545722425
0.09,0.27,9230.76923076923,335.3947508003197
0.11,0.27,9230.76923076923,337.8879934662588
0.13,0.27,9230.76923076923,339.63908884095
0.15,0.27,9230.76923076923,340.8143981806527
0.17,0.27,9230.76923076923,341.5338902940946
0.19,0.27,9230.76923076923,341.8747863388938
0.21,0.27,9230.76923076923,341.87478633889384
0.23,0.27,9230.76923076923,341.53389029409465
0.25,0.27,9230.76923076923,340.8143981806527
0.27,0.27,9230.76923076923,339.63908884095
0.29,0.27,9230.76923076923,337.8879934662588
0.31,0.27,9230.76923076923,335.39475080031974
0.33,0.27,9230.76923076923,331.94445457224253
0.35,0.27,9230.76923076923,327.2764884701936
0.37,0.27,9230.76923076923,321.0987541676947
0.39,0.27,9230.76923076923,313.12606782866305
0.01,0.29,9230.76923076923,312.9262450264784
0.03,0.29,9230.76923076923,320.5166781110623
0.05,0.29,9230.76923076923,326.35385451112126
0.07,0.29,9230.76923076923,330.7347736908468
0.09,0.29,9230.76923076923,333.9540012671417
0.11,0.29,9230.76923076923,336.2688031577895
0.13,0.29,9230.76923076923,337.8879934662588
0.15,0.29,9230.76923076923,338.9713116681031
0.17,0.29,9230.76923076923,339.6329575776812
0.19,0.29,9230.76923076923,339.9460046357596
0.21,0.29,9230.76923076923,339.94600463575966
0.23,0.29,9230.76923076923,339.6329575776813
0.25,0.29,9230.76923076923,338.9713116681031
0.27,0.29,9230.76923076923,337.8879934662588
0.29,0.29,9230.76923076923,336.26880315778953
0.31,0.29,9230.76923076923,333.95400126714173
0.33,0.29,9230.76923076923,330.73477369084685
0.35,0.29,9230.76923076923,326.3538545111213
0.37,0.29,9230.76923076923,320.51667811106233
0.39,0.29,9230.76923076923,312.9262450264784
0.01,0.31,9230.76923076923,312.632884513036
0.03,0.31,9230.76923076923,319.6654271528836
0.05,0.31,9230.76923076923,325.01215355918026
0.07,0.31,9230.76923076923,328.98646832952915
0.09,0.31,9230.76923076923,331.88387145719287
0.11,0.31,9230.76923076923,333.9540012671417
0.13,0.31,9230.76923076923,335.39475080031974
0.15,0.31,9230.76923076923,336.3549704815656
0.17,0.31,9230.76923076923,336.93982503415947
0.19,0.31,9230.76923076923,337.21608258606585
0.21,0.31,9230.76923076923,337.2160825860659
0.23,0.31,9230.76923076923,336.9398250341595
0.25,0.31,9230.76923076923,336.35497048156566
0.27,0.31,9230.76923076923,335.3947508003198
0.29,0.31,9230.76923076923,333.95400126714173
0.31,0.31,9230.76923076923,331.8838714571929
0.33,0.31,9230.76923076923,328.9864683295292
0.35,0.31,9230.76923076923,325.0121535591803
0.37,0.31,9230.76923076923,319.66542715288364
0.39,0.31,9230.76923076923,312.632884513036
0.01,0.33,9230.76923076923,312.20914272709086
0.03,0.33,9230.76923076923,318.4438242114713
0.05,0.33,9230.76923076923,323.10314756259754
0.07,0.33,9230.76923076923,326.52046100239386
0.09,0.33,9230.76923076923,328.98646832952915
0.11,0.33,9230.76923076923,330.7347736908468
0.13,0.33,9230.76923076923,331.9444545722425
0.15,0.33,9230.76923076923,332.74720474577765
0.17,0.33,9230.76923076923,333.2346846652079
0.19,0.33,9230.76923076923,333.46453813517206
0.21,0.33,9230.76923076923,333.46453813517206
0.23,0.33,9230.76923076923,333.234684665208
0.25,0.33,9230.76923076923,332.7472047457777
0.27,0.33,9230.76923076923,331.94445457224253
0.29,0.33,9230.76923076923,330.73477369084685
0.31,0.33,9230.76923076923,328.9864683295292
0.33,0.33,9230.76923076923,326.5204610023939
0.35,0.33,9230.76923076923,323.1031475625976
0.37,0.33,9230.76923076923,318.4438242114712
0.39,0.33,9230.76923076923,312.2091427270908
0.01,0.35,9230.76923076923,311.59879513172825
0.03,0.35,9230.76923076923,316.7061872759021
0.05,0.35,9230.76923076923,320.42463503159263
0.07,0.35,9230.76923076923,323.1031475625975
0.09,0.35,9230.76923076923,325.01215355918026
0.11,0.35,9230.76923076923,326.3538545111212
0.13,0.35,9230.76923076923,327.2764884701936
0.15,0.35,9230.76923076923,327.8860840293991
0.17,0.35,9230.76923076923,328.2551760416096
0.19,0.35,9230.76923076923,328.428907727098
0.21,0.35,9230.76923076923,328.428907727098
0.23,0.35,9230.76923076923,328.2551760416096
0.25,0.35,9230.76923076923,327.8860840293992
0.27,0.35,9230.76923076923,327.27648847019367
0.29,0.35,9230.76923076923,326.35385451112126
0.31,0.35,9230.76923076923,325.0121535591803
0.33,0.35,9230.76923076923,323.10314756259754
0.35,0.35,9230.76923076923,320.4246350315927
0.37,0.35,9230.76923076923,316.7061872759021
0.39,0.35,9230.76923076923,311.59879513172825
0.01,0.37,9230.76923076923,310.7069905006178
0.03,0.37,9230.76923076923,314.23756126905545
0.05,0.37,9230.76923076923,316.7061872759021
0.07,0.37,9230.76923076923,318.4438242114712
0.09,0.37,9230.76923076923,319.6654271528835
0.11,0.37,9230.76923076923,320.5166781110622
0.13,0.37,9230.76923076923,321.09875416769466
0.15,0.37,9230.76923076923,321.4818744391085
0.17,0.37,9230.76923076923,321.713260114042
0.19,0.37,9230.76923076923,321.82201576724924
0.21,0.37,9230.76923076923,321.82201576724924
0.23,0.37,9230.76923076923,321.713260114042
0.25,0.37,9230.76923076923,321.48187443910854
0.27,0.37,9230.76923076923,321.0987541676948
0.29,0.37,9230.76923076923,320.51667811106233
0.31,0.37,9230.76923076923,319.6654271528836
0.33,0.37,9230.76923076923,318.4438242114713
0.35,0.37,9230.76923076923,316.7061872759021
0.37,0.37,9230.76923076923,314.2375612690554
0.39,0.37,9230.76923076923,310.70699050061774
0.01,0.39,9230.76923076923,309.33842864427857
0.03,0.39,9230.76923076923,310.70699050061774
0.05,0.39,9230.76923076923,311.59879513172825
0.07,0.39,9230.76923076923,312.2091427270908
0.09,0.39,9230.76923076923,312.63288451303595
0.11,0.39,9230.76923076923,312.92624502647834
0.13,0.39,9230.76923076923,313.126067828663
0.15,0.39,9230.76923076923,313.2572634393344
0.17,0.39,9230.76923076923,313.3363716624652
0.19,0.39,9230.76923076923,313.3735197534455
0.21,0.39,9230.76923076923,313.3735197534455
0.23,0.39,9230.76923076923,313.3363716624652
0.25,0.39,9230.76923076923,313.2572634393344
0.27,0.39,9230.76923076923,313.12606782866305
0.29,0.39,9230.76923076923,312.9262450264784
0.31,0.39,9230.76923076923,312.632884513036
0.33,0.39,9230.76923076923,312.2091427270908
0.35,0.39,9230.76923076923,311.59879513172825
0.37,0.39,9230.76923076923,310.70699050061774
0.39,0.39,9230.76923076923,309.3384286442785
0.01,0.01,11076.923076923078,309.3024333801867
0.03,0.01,11076.923076923078,310.6825078507833
0.05,0.01,11076.923076923078,311.6166363365976
0.07,0.01,11076.923076923078,312.27864316316544
0.09,0.01,11076.923076923078,312.75315478955065
0.11,0.01,11076.923076923078,313.09134355335664
0.13,0.01,11076.923076923078,313.3277273617227
0.15,0.01,11076.923076923078,313.4863564120523
0.17,0.01,11076.923076923078,313.58363024637987
0.19,0.01,11076.923076923078,313.62979976890966
0.21,0.01,11076.923076923078,313.62979976890966
0.23,0.01,11076.923076923078,313.5836302463799
0.25,0.01,11076.923076923078,313.4863564120523
0.27,0.01,11076.923076923078,313.3277273617227
0.29,0.01,11076.923076923078,313.0913435533566
0.31,0.01,11076.923076923078,312.7531547895506
0.33,0.01,11076.923076923078,312.27864316316544
0.35,0.01,11076.923076923078,311.6166363365976
0.37,0.01,11076.923076923078,310.68250785078334
0.39,0.01,11076.923076923078,309.3024333801867
0.01,0.03,11076.923076923078,310.6825078507833
0.03,0.03,11076.923076923078,314.2900467168553
0.05,0.03,11076.923076923078,316.8964627722756
0.07,0.03,11076.923076923078,318.79077198577886
0.09,0.03,11076.923076923078,320.1635063709686
0.11,0.03,11076.923076923078,321.14727156604346
0.13,0.03,11076.923076923078,321.83707698209736
0.15,0.03,11076.923076923078,322.300899703703
0.17,0.03,11076.923076923078,322.58567867768346
0.19,0.03,11076.923076923078,322.7209397059339
0.21,0.03,11076.923076923078,322.720939705934
0.23,0.03,11076.923076923078,322.5856786776835
0.25,0.03,11076.923076923078,322.30089970370307
0.27,0.03,11076.923076923078,321.83707698209736
0.29,0.03,11076.923076923078,321.1472715660434
0.31,0.03,11076.923076923078,320.1635063709686
0.33,0.03,11076.923076923078,318.79077198577886
0.35,0.03,11076.923076923078,316.89646277227564
0.37,0.03,11076.923076923078,314.29004671685533
0.39,0.03,11076.923076923078,310.68250785078334
0.01,0.05,11076.923076923078,311.6166363365976
0.03,0.05,11076.923076923078,316.8964627722756
0.05,0.05,11076.923076923078,320.8576564919138
0.07,0.05,11076.923076923078,323.7977669586804
0.09,0.05,11076.923076923078,325.9543897393666
0.11,0.05,11076.923076923078,327.5114076206991
0.13,0.05,11076.923076923078,328.6083591355771
0.15,0.05,11076.923076923078,329.3482478013236
0.17,0.05,11076.923076923078,329.8034378135614
0.19,0.05,11076.923076923078,330.0198841681629
0.21,0.05,11076.923076923078,330.01988416816283
0.23,0.05,11076.923076923078,329.8034378135614
0.25,0.05,11076.923076923078,329.3482478013236
0.27,0.05,11076.923076923078,328.608359135577
0.29,0.05,11076.923076923078,327.51140762069906
0.31,0.05,11076.923076923078,325.9543897393666
0.33,0.05,11076.923076923078,323.7977669586804
0.35,0.05,11076.923076923078,320.8576564919139
0.37,0.05,11076.923076923078,316.8964627722756
0.39,0.05,11076.923076923078,311.6166363365976
0.01,0.07,11076.923076923078,312.27864316316544
0.03,0.07,11076.923076923078,318.79077198577886
0.05,0.07,11076.923076923078,323.7977669586803
0.07,0.07,11076.923076923078,327.5760763005787
0.09,0.07,11076.923076923078,330.3785426819571
0.11,0.07,11076.923076923078,332.4172507008671
0.13,0.07,11076.923076923078,333.86111923527574
0.15,0.07,11076.923076923078,334.8385349309329
0.17,0.07,11076.923076923078,335.4412972811888
0.19,0.07,11076.923076923078,335.72831029195095
0.21,0.07,11076.923076923078,335.7283102919509
0.23,0.07,11076.923076923078,335.4412972811888
0.25,0.07,11076.923076923078,334.83853493093284
0.27,0.07,11076.923076923078,333.86111923527574
0.29,0.07,11076.923076923078,332.4172507008671
0.31,0.07,11076.923076923078,330.3785426819571
0.33,0.07,11076.923076923078,327.57607630057873
0.35,0.07,11076.923076923078,323.7977669586804
0.37,0.07,11076.923076923078,318.7907719857788
0.39,0.07,11076.923076923078,312.27864316316544
0.01,0.09,11076.923076923078,312.7531547895506
0.03,0.09,11076.923076923078,320.16350637096855
0.05,0.09,11076.923076923078,325.9543897393666
0.07,0.09,11076.923076923078,330.3785426819571
0.09,0.09,11076.923076923078,333.69040677520786
0.11,0.09,11076.923076923078,336.1161608395139
0.13,0.09,11076.923076923078,337.84277493681714
0.15,0.09,11076.923076923078,339.01581947354515
0.17,0.09,11076.923076923078,339.7410027144028
0.19,0.09,11076.923076923078,340.08680367011146
0.21,0.09,11076.923076923078,340.08680367011146
0.23,0.09,11076.923076923078,339.7410027144028
0.25,0.09,11076.923076923078,339.01581947354515
0.27,0.09,11076.923076923078,337.84277493681714
0.29,0.09,11076.923076923078,336.11616083951395
0.31,0.09,11076.923076923078,333.690406775208
0.33,0.09,11076.923076923078,330.3785426819572
0.35,0.09,11076.923076923078,325.95438973936655
0.37,0.09,11076.923076923078,320.16350637096855
0.39,0.09,11076.923076923078,312.7531547895506
0.01,0.11,11076.923076923078,313.09134355335664
0.03,0.11,11076.923076923078,321.1472715660434
0.05,0.11,11076.923076923078,327.5114076206991
0.07,0.11,11076.923076923078,332.4172507008671
0.09,0.11,11076.923076923078,336.1161608395139
0.11,0.11,11076.923076923078,338.8407484705499
0.13,0.11,11076.923076923078,340.78853708115724
0.15,0.11,11076.923076923078,342.1161582152413
0.17,0.11,11076.923076923078,342.93876580965764
0.19,0.11,11076.923076923078,343.3315513070584
0.21,0.11,11076.923076923078,343.3315513070584
0.23,0.11,11076.923076923078,342.9387658096577
0.25,0.11,11076.923076923078,342.11615821524134
0.27,0.11,11076.923076923078,340.7885370811573
0.29,0.11,11076.923076923078,338.84074847054995
0.31,0.11,11076.923076923078,336.11616083951395
0.33,0.11,11076.923076923078,332.4172507008672
0.35,0.11,11076.923076923078,327.5114076206991
0.37,0.11,11076.923076923078,321.1472715660434
0.39,0.11,11076.923076923078,313.09134355335664
0.01,0.13,11076.923076923078,313.3277273617227
0.03,0.13,11076.923076923078,321.83707698209736
0.05,0.13,11076.923076923078,328.6083591355771
0.07,0.13,11076.923076923078,333.86111923527574
0.09,0.13,11076.923076923078,337.8427749368171
0.11,0.13,11076.923076923078,340.78853708115724
0.13,0.13,11076.923076923078,342.9018610420988
0.15,0.13,11076.923076923078,344.34620926442216
0.17,0.13,11076.923076923078,345.24286431641445
0.19,0.13,11076.923076923078,345.67150125049216
0.21,0.13,11076.923076923078,345.67150125049216
0.23,0.13,11076.923076923078,345.2428643164144
0.25,0.13,11076.923076923078,344.3462092644221
0.27,0.13,11076.923076923078,342.9018610420988
0.29,0.13,11076.923076923078,340.7885370811573
0.31,0.13,11076.923076923078,337.84277493681714
0.33,0.13,11076.923076923078,333.8611192352758
0.35,0.13,11076.923076923078,328.6083591355771
0.37,0.13,11076.923076923078,321.83707698209736
0.39,0.13,11076.923076923078,313.3277273617227
0.01,0.15,11076.923076923078,313.4863564120523
0.03,0.15,11076.923076923078,322.300899703703
0.05,0.15,11076.923076923078,329.3482478013236
0.07,0.15,11076.923076923078,334.83853493093284
0.09,0.15,11076.923076923078,339.0158194735451
0.11,0.15,11076.923076923078,342.11615821524134
0.13,0.15,11076.923076923078,344.3462092644221
0.15,0.15,11076.923076923078,345.8734712698936
0.17,0.15,11076.923076923078,346.8230092166173
0.19,0.15,11076.923076923078,347.27733560015207
0.21,0.15,11076.923076923078,347.27733560015207
0.23,0.15,11076.923076923078,346.8230092166173
0.25,0.15,11076.923076923078,345.8734712698937
0.27,0.15,11076.923076923078,344.3462092644221
0.29,0.15,11076.923076923078,342.11615821524134
0.31,0.15,11076.923076923078,339.01581947354515
0.33,0.15,11076.923076923078,334.83853493093284
0.35,0.15,11076.923076923078,329.3482478013236
0.37,0.15,11076.923076923078,322.300899703703
0.39,0.15,11076.923076923078,313.4863564120523
0.01,0.17,11076.923076923078,313.58363024637987
0.03,0.17,11076.923076923078,322.58567867768346
0.05,0.17,11076.923076923078,329.80343781356135
0.07,0.17,11076.923076923078,335.4412972811887
0.09,0.17,11076.923076923078,339.7410027144027
0.11,0.17,11076.923076923078,342.93876580965764
0.13,0.17,11076.923076923078,345.2428643164144
0.15,0.17,11076.923076923078,346.8230092166173
0.17,0.17,11076.923076923078,347.80641332327457
0.19,0.17,11076.923076923078,348.2772325848361
0.21,0.17,11076.923076923078,348.2772325848361
0.23,0.17,11076.923076923078,347.80641332327446
0.25,0.17,11076.923076923078,346.8230092166174
0.27,0.17,11076.923076923078,345.24286431641434
0.29,0.17,11076.923076923078,342.93876580965764
0.31,0.17,11076.923076923078,339.7410027144028
0.33,0.17,11076.923076923078,335.4412972811888
0.35,0.17,11076.923076923078,329.8034378135614
0.37,0.17,11076.923076923078,322.5856786776835
0.39,0.17,11076.923076923078,313.58363024637987
0.01,0.19,11076.923076923078,313.62979976890966
0.03,0.19,11076.923076923078,322.72093970593386
0.05,0.19,11076.923076923078,330.0198841681627
0.07,0.19,11076.923076923078,335.7283102919508
0.09,0.19,11076.923076923078,340.0868036701113
0.11,0.19,11076.923076923078,343.3315513070583
0.13,0.19,11076.923076923078,345.6715012504921
0.15,0.19,11076.923076923078,347.27733560015207
0.17,0.19,11076.923076923078,348.2772325848361
0.19,0.19,11076.923076923078,348.75609646854514
0.21,0.19,11076.923076923078,348.75609646854514
0.23,0.19,11076.923076923078,348.27723258483604
0.25,0.19,11076.923076923078,347.27733560015207
0.27,0.19,11076.923076923078,345.671501250492
0.29,0.19,11076.923076923078,343.33155130705825
0.31,0.19,11076.923076923078,340.0868036701114
0.33,0.19,11076.923076923078,335.7283102919509
0.35,0.19,11076.923076923078,330.01988416816295
0.37,0.19,11076.923076923078,322.720939705934
0.39,0.19,11076.923076923078,313.6297997689097
0.01,0.21,11076.923076923078,313.62979976890966
0.03,0.21,11076.923076923078,322.72093970593386
0.05,0.21,11076.923076923078,330.0198841681628
0.07,0.21,11076.923076923078,335.7283102919508
0.09,0.21,11076.923076923078,340.0868036701113
0.11,0.21,11076.923076923078,343.33155130705825
0.13,0.21,11076.923076923078,345.67150125049204
0.15,0.21,11076.923076923078,347.277335600152
0.17,0.21,11076.923076923078,348.2772325848361
0.19,0.21,11076.923076923078,348.75609646854514
0.21,0.21,11076.923076923078,348.7560964685452
0.23,0.21,11076.923076923078,348.2772325848361
0.25,0.21,11076.923076923078,347.27733560015207
0.27,0.21,11076.923076923078,345.67150125049204
0.29,0.21,11076.923076923078,343.3315513070583
0.31,0.21,11076.923076923078,340.0868036701114
0.33,0.21,11076.923076923078,335.7283102919509
0.35,0.21,11076.923076923078,330.0198841681629
0.37,0.21,11076.923076923078,322.7209397059339
0.39,0.21,11076.923076923078,313.62979976890966
0.01,0.23,11076.923076923078,313.58363024637987
0.03,0.23,11076.923076923078,322.5856786776834
0.05,0.23,11076.923076923078,329.8034378135613
0.07,0.23,11076.923076923078,335.4412972811887
0.09,0.23,11076.923076923078,339.7410027144027
0.11,0.23,11076.923076923078,342.9387658096576
0.13,0.23,11076.923076923078,345.24286431641434
0.15,0.23,11076.923076923078,346.8230092166173
0.17,0.23,11076.923076923078,347.8064133232745
0.19,0.23,11076.923076923078,348.2772325848361
0.21,0.23,11076.923076923078,348.2772325848361
0.23,0.23,11076.923076923078,347.8064133232745
0.25,0.23,11076.923076923078,346.8230092166173
0.27,0.23,11076.923076923078,345.2428643164144
0.29,0.23,11076.923076923078,342.9387658096576
0.31,0.23,11076.923076923078,339.7410027144027
0.33,0.23,11076.923076923078,335.4412972811887
0.35,0.23,11076.923076923078,329.8034378135614
0.37,0.23,11076.923076923078,322.5856786776835
0.39,0.23,11076.923076923078,313.5836302463799
0.01,0.25,11076.923076923078,313.4863564120523
0.03,0.25,11076.923076923078,322.300899703703
0.05,0.25,11076.923076923078,329.3482478013236
0.07,0.25,11076.923076923078,334.83853493093284
0.09,0.25,11076.923076923078,339.0158194735451
0.11,0.25,11076.923076923078,342.1161582152413
0.13,0.25,11076.923076923078,344.34620926442204
0.15,0.25,11076.923076923078,345.8734712698936
0.17,0.25,11076.923076923078,346.82300921661727
0.19,0.25,11076.923076923078,347.27733560015207
0.21,0.25,11076.923076923078,347.27733560015207
0.23,0.25,11076.923076923078,346.8230092166173
0.25,0.25,11076.923076923078,345.8734712698936
0.27,0.25,11076.923076923078,344.3462092644221
0.29,0.25,11076.923076923078,342.1161582152413
0.31,0.25,11076.923076923078,339.0158194735451
0.33,0.25,11076.923076923078,334.83853493093284
0.35,0.25,11076.923076923078,329.3482478013236
0.37,0.25,11076.923076923078,322.30089970370307
0.39,0.25,11076.923076923078,313.4863564120523
0.01,0.27,11076.923076923078,313.3277273617227
0.03,0.27,11076.923076923078,321.83707698209736
0.05,0.27,11076.923076923078,328.6083591355771
0.07,0.27,11076.923076923078,333.86111923527574
0.09,0.27,11076.923076923078,337.8427749368171
0.11,0.27,11076.923076923078,340.78853708115724
0.13,0.27,11076.923076923078,342.90186104209874
0.15,0.27,11076.923076923078,344.34620926442204
0.17,0.27,11076.923076923078,345.2428643164143
0.19,0.27,11076.923076923078,345.671501250492
0.21,0.27,11076.923076923078,345.67150125049204
0.23,0.27,11076.923076923078,345.2428643164144
0.25,0.27,11076.923076923078,344.3462092644221
0.27,0.27,11076.923076923078,342.90186104209874
0.29,0.27,11076.923076923078,340.78853708115724
0.31,0.27,11076.923076923078,337.8427749368171
0.33,0.27,11076.923076923078,333.86111923527574
0.35,0.27,11076.923076923078,328.6083591355771
0.37,0.27,11076.923076923078,321.8370769820974
0.39,0.27,11076.923076923078,313.3277273617227
0.01,0.29,11076.923076923078,313.0913435533566
0.03,0.29,11076.923076923078,321.1472715660434
0.05,0.29,11076.923076923078,327.51140762069906
0.07,0.29,11076.923076923078,332.4172507008671
0.09,0.29,11076.923076923078,336.1161608395139
0.11,0.29,11076.923076923078,338.8407484705499
0.13,0.29,11076.923076923078,340.7885370811572
0.15,0.29,11076.923076923078,342.1161582152412
0.17,0.29,11076.923076923078,342.9387658096575
0.19,0.29,11076.923076923078,343.33155130705825
0.21,0.29,11076.923076923078,343.33155130705825
0.23,0.29,11076.923076923078,342.9387658096577
0.25,0.29,11076.923076923078,342.11615821524134
0.27,0.29,11076.923076923078,340.7885370811573
0.29,0.29,11076.923076923078,338.8407484705499
0.31,0.29,11076.923076923078,336.11616083951395
0.33,0.29,11076.923076923078,332.4172507008671
0.35,0.29,11076.923076923078,327.5114076206991
0.37,0.29,11076.923076923078,321.1472715660435
0.39,0.29,11076.923076923078,313.09134355335664
0.01,0.31,11076.923076923078,312.7531547895506
0.03,0.31,11076.923076923078,320.1635063709686
0.05,0.31,11076.923076923078,325.9543897393666
0.07,0.31,11076.923076923078,330.3785426819571
0.09,0.31,11076.923076923078,333.69040677520786
0.11,0.31,11076.923076923078,336.1161608395139
0.13,0.31,11076.923076923078,337.8427749368171
0.15,0.31,11076.923076923078,339.0158194735451
0.17,0.31,11076.923076923078,339.74100271440267
0.19,0.31,11076.923076923078,340.0868036701113
0.21,0.31,11076.923076923078,340.08680367011146
0.23,0.31,11076.923076923078,339.7410027144028
0.25,0.31,11076.923076923078,339.01581947354515
0.27,0.31,11076.923076923078,337.84277493681714
0.29,0.31,11076.923076923078,336.1161608395139
0.31,0.31,11076.923076923078,333.69040677520786
0.33,0.31,11076.923076923078,330.3785426819572
0.35,0.31,11076.923076923078,325.95438973936666
0.37,0.31,11076.923076923078,320.16350637096866
0.39,0.31,11076.923076923078,312.75315478955065
0.01,0.33,11076.923076923078,312.27864316316544
0.03,0.33,11076.923076923078,318.79077198577886
0.05,0.33,11076.923076923078,323.7977669586804
0.07,0.33,11076.923076923078,327.5760763005787
0.09,0.33,11076.923076923078,330.3785426819571
0.11,0.33,11076.923076923078,332.4172507008671
0.13,0.33,11076.923076923078,333.8611192352757
0.15,0.33,11076.923076923078,334.83853493093284
0.17,0.33,11076.923076923078,335.4412972811887
0.19,0.33,11076.923076923078,335.7283102919509
0.21,0.33,11076.923076923078,335.72831029195095
0.23,0.33,11076.923076923078,335.44129728118884
0.25,0.33,11076.923076923078,334.8385349309329
0.27,0.33,11076.923076923078,333.8611192352758
0.29,0.33,11076.923076923078,332.4172507008672
0.31,0.33,11076.923076923078,330.3785426819571
0.33,0.33,11076.923076923078,327.57607630057873
0.35,0.33,11076.923076923078,323.7977669586804
0.37,0.33,11076.923076923078,318.79077198577886
0.39,0.33,11076.923076923078,312.2786431631655
0.01,0.35,11076.923076923078,311.6166363365976
0.03,0.35,11076.923076923078,316.89646277227564
0.05,0.35,11076.923076923078,320.8576564919138
0.07,0.35,11076.923076923078,323.7977669586804
0.09,0.35,11076.923076923078,325.9543897393666
0.11,0.35,11076.923076923078,327.51140762069906
0.13,0.35,11076.923076923078,328.608359135577
0.15,0.35,11076.923076923078,329.3482478013236
0.17,0.35,11076.923076923078,329.8034378135614
0.19,0.35,11076.923076923078,330.01988416816295
0.21,0.35,11076.923076923078,330.01988416816295
0.23,0.35,11076.923076923078,329.80343781356146
0.25,0.35,11076.923076923078,329.3482478013236
0.27,0.35,11076.923076923078,328.60835913557713
0.29,0.35,11076.923076923078,327.5114076206991
0.31,0.35,11076.923076923078,325.9543897393666
0.33,0.35,11076.923076923078,323.7977669586804
0.35,0.35,11076.923076923078,320.8576564919139
0.37,0.35,11076.923076923078,316.89646277227564
0.39,0.35,11076.923076923078,311.6166363365976
0.01,0.37,11076.923076923078,310.68250785078334
0.03,0.37,11076.923076923078,314.29004671685533
0.05,0.37,11076.923076923078,316.89646277227564
0.07,0.37,11076.923076923078,318.7907719857788
0.09,0.37,11076.923076923078,320.16350637096855
0.11,0.37,11076.923076923078,321.1472715660434
0.13,0.37,11076.923076923078,321.83707698209736
0.15,0.37,11076.923076923078,322.30089970370307
0.17,0.37,11076.923076923078,322.5856786776835
0.19,0.37,11076.923076923078,322.720939705934
0.21,0.37,11076.923076923078,322.720939705934
0.23,0.37,11076.923076923078,322.5856786776835
0.25,0.37,11076.923076923078,322.30089970370307
0.27,0.37,11076.923076923078,321.83707698209736
0.29,0.37,11076.923076923078,321.14727156604346
0.31,0.37,11076.923076923078,320.1635063709686
0.33,0.37,11076.923076923078,318.7907719857789
0.35,0.37,11076.923076923078,316.89646277227564
0.37,0.37,11076.923076923078,314.2900467168553
0.39,0.37,11076.923076923078,310.6825078507833
0.01,0.39,11076.923076923078,309.3024333801867
0.03,0.39,11076.923076923078,310.68250785078334
0.05,0.39,11076.923076923078,311.6166363365976
0.07,0.39,11076.923076923078,312.27864316316544
0.09,0.39,11076.923076923078,312.7531547895506
0.11,0.39,11076.923076923078,313.09134355335664
0.13,0.39,11076.923076923078,313.3277273617227
0.15,0.39,11076.923076923078,313.4863564120523
0.17,0.39,11076.923076923078,313.5836302463799
0.19,0.39,11076.923076923078,313.6297997689097
0.21,0.39,11076.923076923078,313.62979976890966
0.23,0.39,11076.923076923078,313.58363024637987
0.25,0.39,11076.923076923078,313.4863564120523
0.27,0.39,11076.923076923078,313.3277273617227
0.29,0.39,11076.923076923078,313.09134355335664
0.31,0.39,11076.923076923078,312.75315478955065
0.33,0.39,11076.923076923078,312.27864316316544
0.35,0.39,11076.923076923078,311.6166363365976
0.37,0.39,11076.923076923078,310.6825078507833
0.39,0.39,11076.923076923078,309.3024333801867
0.01,0.01,12923.076923076924,309.22794862898485
0.03,0.01,12923.076923076924,310.56007567226544
0.05,0.01,12923.076923076924,311.49104622072633
0.07,0.01,12923.076923076924,312.1710079342226
0.09,0.01,12923.076923076924,312.67216006614103
0.11,0.01,12923.076923076924,313.0384954763107
0.13,0.01,12923.076923076924,313.30033833114425
0.15,0.01,12923.076923076924,313.4793698388949
0.17,0.01,12923.076923076924,313.5907307499776
0.19,0.01,12923.076923076924,313.64406299777363
0.21,0.01,12923.076923076924,313.64406299777363
0.23,0.01,12923.076923076924,313.59073074997764
0.25,0.01,12923.076923076924,313.47936983889497
0.27,0.01,12923.076923076924,313.30033833114425
0.29,0.01,12923.076923076924,313.0384954763107
0.31,0.01,12923.076923076924,312.67216006614103
0.33,0.01,12923.076923076924,312.1710079342226
0.35,0.01,12923.076923076924,311.49104622072633
0.37,0.01,12923.076923076924,310.56007567226544
0.39,0.01,12923.076923076924,309.22794862898485
0.01,0.03,12923.076923076924,310.56007567226544
0.03,0.03,12923.076923076924,314.0811355265308
0.05,0.03,12923.076923076924,316.69731321526353
0.07,0.03,12923.076923076924,318.65265571209915
0.09,0.03,12923.076923076924,320.10787892549433
0.11,0.03,12923.076923076924,321.1766890673224
0.13,0.03,12923.076923076924,321.9426553985431
0.15,0.03,12923.076923076924,322.4672120035912
0.17,0.03,12923.076923076924,322.7938156899714
0.19,0.03,12923.076923076924,322.9503151386773
0.21,0.03,12923.076923076924,322.9503151386773
0.23,0.03,12923.076923076924,322.7938156899714
0.25,0.03,12923.076923076924,322.4672120035912
0.27,0.03,12923.076923076924,321.94265539854314
0.29,0.03,12923.076923076924,321.1766890673224
0.31,0.03,12923.076923076924,320.1078789254944
0.33,0.03,12923.076923076924,318.6526557120992
0.35,0.03,12923.076923076924,316.6973132152636
0.37,0.03,12923.076923076924,314.0811355265308
0.39,0.03,12923.076923076924,310.56007567226544
0.01,0.05,12923.076923076924,311.4910462207264
0.03,0.05,12923.076923076924,316.6973132152636
0.05,0.05,12923.076923076924,320.70581066539347
0.07,0.05,12923.076923076924,323.7604722573896
0.09,0.05,12923.076923076924,326.05884841801435
0.11,0.05,12923.076923076924,327.7579287000852
0.13,0.05,12923.076923076924,328.9805222528447
0.15,0.05,12923.076923076924,329.8199644579004
0.17,0.05,12923.076923076924,330.34347644000104
0.19,0.05,12923.076923076924,330.594556119054
0.21,0.05,12923.076923076924,330.59455611905395
0.23,0.05,12923.076923076924,330.34347644000104
0.25,0.05,12923.076923076924,329.8199644579004
0.27,0.05,12923.076923076924,328.9805222528448
0.29,0.05,12923.076923076924,327.7579287000852
0.31,0.05,12923.076923076924,326.0588484180143
0.33,0.05,12923.076923076924,323.76047225738967
0.35,0.05,12923.076923076924,320.70581066539347
0.37,0.05,12923.076923076924,316.69731321526353
0.39,0.05,12923.076923076924,311.4910462207264
0.01,0.07,12923.076923076924,312.1710079342226
0.03,0.07,12923.076923076924,318.65265571209915
0.05,0.07,12923.076923076924,323.76047225738967
0.07,0.07,12923.076923076924,327.7130457427815
0.09,0.07,12923.076923076924,330.71718662340635
0.11,0.07,12923.076923076924,332.95298079346514
0.13,0.07,12923.076923076924,334.5690879505
0.15,0.07,12923.076923076924,335.6821175255107
0.17,0.07,12923.076923076924,336.3776264205626
0.19,0.07,12923.076923076924,336.7115707912288
0.21,0.07,12923.076923076924,336.7115707912287
0.23,0.07,12923.076923076924,336.37762642056265
0.25,0.07,12923.076923076924,335.6821175255107
0.27,0.07,12923.076923076924,334.56908795050003
0.29,0.07,12923.076923076924,332.9529807934652
0.31,0.07,12923.076923076924,330.71718662340635
0.33,0.07,12923.076923076924,327.7130457427815
0.35,0.07,12923.076923076924,323.7604722573896
0.37,0.07,12923.076923076924,318.65265571209915
0.39,0.07,12923.076923076924,312.1710079342226
0.01,0.09,12923.076923076924,312.6721600661411
0.03,0.09,12923.076923076924,320.1078789254944
0.05,0.09,12923.076923076924,326.05884841801435
0.07,0.09,12923.076923076924,330.71718662340635
0.09,0.09,12923.076923076924,334.2875820440004
0.11,0.09,12923.076923076924,336.96098807178004
0.13,0.09,12923.076923076924,338.9018663029102
0.15,0.09,12923.076923076924,340.24268593561777
0.17,0.09,12923.076923076924,341.0822570619699
0.19,0.09,12923.076923076924,341.48584851192123
0.21,0.09,12923.076923076924,341.48584851192123
0.23,0.09,12923.076923076924,341.08225706197
0.25,0.09,12923.076923076924,340.2426859356178
0.27,0.09,12923.076923076924,338.9018663029103
0.29,0.09,12923.076923076924,336.9609880717801
0.31,0.09,12923.076923076924,334.2875820440005
0.33,0.09,12923.076923076924,330.71718662340635
0.35,0.09,12923.076923076924,326.0588484180143
0.37,0.09,12923.076923076924,320.10787892549433
0.39,0.09,12923.076923076924,312.67216006614103
0.01,0.11,12923.076923076924,313.0384954763107
0.03,0.11,12923.076923076924,321.17668906732246
0.05,0.11,12923.076923076924,327.75792870008524
0.07,0.11,12923.076923076924,332.9529807934652
0.09,0.11,12923.076923076924,336.9609880717801
0.11,0.11,12923.076923076924,339.97727282781693
0.13,0.11,12923.076923076924,342.17544881787
0.15,0.11,12923.076923076924,343.6982592745493
0.17,0.11,12923.076923076924,344.653608679212
0.19,0.11,12923.076923076924,345.11336929286705
0.21,0.11,12923.076923076924,345.11336929286705
0.23,0.11,12923.076923076924,344.6536086792121
0.25,0.11,12923.076923076924,343.6982592745493
0.27,0.11,12923.076923076924,342.1754488178701
0.29,0.11,12923.076923076924,339.977272827817
0.31,0.11,12923.076923076924,336.9609880717801
0.33,0.11,12923.076923076924,332.9529807934652
0.35,0.11,12923.076923076924,327.7579287000852
0.37,0.11,12923.076923076924,321.1766890673224
0.39,0.11,12923.076923076924,313.0384954763107
0.01,0.13,12923.076923076924,313.30033833114425
0.03,0.13,12923.076923076924,321.9426553985432
0.05,0.13,12923.076923076924,328.9805222528448
0.07,0.13,12923.076923076924,334.56908795050003
0.09,0.13,12923.076923076924,338.90186630291026
0.11,0.13,12923.076923076924,342.17544881787
0.13,0.13,12923.076923076924,344.568520391599
0.15,0.13,12923.076923076924,346.2302081970193
0.17,0.13,12923.076923076924,347.2743802660934
0.19,0.13,12923.076923076924,347.7773712935761
0.21,0.13,12923.076923076924,347.7773712935761
0.23,0.13,12923.076923076924,347.2743802660934
0.25,0.13,12923.076923076924,346.2302081970193
0.27,0.13,12923.076923076924,344.568520391599
0.29,0.13,12923.076923076924,342.17544881787006
0.31,0.13,12923.076923076924,338.90186630291026
0.33,0.13,12923.076923076924,334.56908795050003
0.35,0.13,12923.076923076924,328.9805222528447
0.37,0.13,12923.076923076924,321.9426553985431
0.39,0.13,12923.076923076924,313.30033833114425
0.01,0.15,12923.076923076924,313.47936983889497
0.03,0.15,12923.076923076924,322.4672120035912
0.05,0.15,12923.076923076924,329.8199644579004
0.07,0.15,12923.076923076924,335.6821175255107
0.09,0.15,12923.076923076924,340.24268593561777
0.11,0.15,12923.076923076924,343.6982592745493
0.13,0.15,12923.076923076924,346.2302081970193
0.15,0.15,12923.076923076924,347.9914539126501
0.17,0.15,12923.076923076924,349.0995831325837
0.19,0.15,12923.076923076924,349.6337865617372
0.21,0.15,12923.076923076924,349.6337865617371
0.23,0.15,12923.076923076924,349.09958313258363
0.25,0.15,12923.076923076924,347.9914539126501
0.27,0.15,12923.076923076924,346.2302081970193
0.29,0.15,12923.076923076924,343.6982592745493
0.31,0.15,12923.076923076924,340.24268593561777
0.33,0.15,12923.076923076924,335.6821175255106
0.35,0.15,12923.076923076924,329.8199644579003
0.37,0.15,12923.076923076924,322.4672120035912
0.39,0.15,12923.076923076924,313.47936983889497
0.01,0.17,12923.076923076924,313.59073074997764
0.03,0.17,12923.076923076924,322.7938156899714
0.05,0.17,12923.076923076924,330.34347644000104
0.07,0.17,12923.076923076924,336.37762642056254
0.09,0.17,12923.076923076924,341.08225706196987
0.11,0.17,12923.076923076924,344.653608679212
0.13,0.17,12923.076923076924,347.2743802660933
0.15,0.17,12923.076923076924,349.09958313258363
0.17,0.17,12923.076923076924,350.2489348442302
0.19,0.17,12923.076923076924,350.8032965937401
0.21,0.17,12923.076923076924,350.80329659374
0.23,0.17,12923.076923076924,350.2489348442302
0.25,0.17,12923.076923076924,349.09958313258363
0.27,0.17,12923.076923076924,347.2743802660933
0.29,0.17,12923.076923076924,344.653608679212
0.31,0.17,12923.076923076924,341.0822570619699
0.33,0.17,12923.076923076924,336.37762642056254
0.35,0.17,12923.076923076924,330.343476440001
0.37,0.17,12923.076923076924,322.7938156899714
0.39,0.17,12923.076923076924,313.5907307499776
0.01,0.19,12923.076923076924,313.64406299777363
0.03,0.19,12923.076923076924,322.95031513867724
0.05,0.19,12923.076923076924,330.5945561190539
0.07,0.19,12923.076923076924,336.7115707912286
0.09,0.19,12923.076923076924,341.48584851192106
0.11,0.19,12923.076923076924,345.1133692928669
0.13,0.19,12923.076923076924,347.77737129357604
0.15,0.19,12923.076923076924,349.6337865617371
0.17,0.19,12923.076923076924,350.80329659374
0.19,0.19,12923.076923076924,351.3675284308481
0.21,0.19,12923.076923076924,351.3675284308481
0.23,0.19,12923.076923076924,350.80329659374
0.25,0.19,12923.076923076924,349.6337865617372
0.27,0.19,12923.076923076924,347.7773712935761
0.29,0.19,12923.076923076924,345.11336929286693
0.31,0.19,12923.076923076924,341.4858485119211
0.33,0.19,12923.076923076924,336.71157079122867
0.35,0.19,12923.076923076924,330.594556119054
0.37,0.19,12923.076923076924,322.9503151386773
0.39,0.19,12923.076923076924,313.6440629977737
0.01,0.21,12923.076923076924,313.64406299777363
0.03,0.21,12923.076923076924,322.95031513867724
0.05,0.21,12923.076923076924,330.59455611905383
0.07,0.21,12923.076923076924,336.7115707912286
0.09,0.21,12923.076923076924,341.48584851192106
0.11,0.21,12923.076923076924,345.11336929286693
0.13,0.21,12923.076923076924,347.77737129357604
0.15,0.21,12923.076923076924,349.6337865617371
0.17,0.21,12923.076923076924,350.80329659374
0.19,0.21,12923.076923076924,351.3675284308481
0.21,0.21,12923.076923076924,351.3675284308481
0.23,0.21,12923.076923076924,350.8032965937401
0.25,0.21,12923.076923076924,349.6337865617372
0.27,0.21,12923.076923076924,347.7773712935761
0.29,0.21,12923.076923076924,345.11336929286693
0.31,0.21,12923.076923076924,341.4858485119211
0.33,0.21,12923.076923076924,336.71157079122867
0.35,0.21,12923.076923076924,330.594556119054
0.37,0.21,12923.076923076924,322.9503151386773
0.39,0.21,12923.076923076924,313.64406299777363
0.01,0.23,12923.076923076924,313.5907307499776
0.03,0.23,12923.076923076924,322.7938156899713
0.05,0.23,12923.076923076924,330.3434764400009
0.07,0.23,12923.076923076924,336.3776264205625
0.09,0.23,12923.076923076924,341.0822570619698
0.11,0.23,12923.076923076924,344.653608679212
0.13,0.23,12923.076923076924,347.2743802660933
0.15,0.23,12923.076923076924,349.09958313258363
0.17,0.23,12923.076923076924,350.2489348442301
0.19,0.23,12923.076923076924,350.80329659374
0.21,0.23,12923.076923076924,350.80329659374
0.23,0.23,12923.076923076924,350.2489348442303
0.25,0.23,12923.076923076924,349.09958313258375
0.27,0.23,12923.076923076924,347.2743802660934
0.29,0.23,12923.076923076924,344.653608679212
0.31,0.23,12923.076923076924,341.0822570619699
0.33,0.23,12923.076923076924,336.3776264205626
0.35,0.23,12923.076923076924,330.34347644000104
0.37,0.23,12923.076923076924,322.79381568997144
0.39,0.23,12923.076923076924,313.59073074997764
0.01,0.25,12923.076923076924,313.4793698388949
0.03,0.25,12923.076923076924,322.4672120035911
0.05,0.25,12923.076923076924,329.8199644579003
0.07,0.25,12923.076923076924,335.68211752551065
0.09,0.25,12923.076923076924,340.2426859356177
0.11,0.25,12923.076923076924,343.69825927454923
0.13,0.25,12923.076923076924,346.2302081970193
0.15,0.25,12923.076923076924,347.9914539126501
0.17,0.25,12923.076923076924,349.0995831325836
0.19,0.25,12923.076923076924,349.6337865617372
0.21,0.25,12923.076923076924,349.6337865617372
0.23,0.25,12923.076923076924,349.0995831325837
0.25,0.25,12923.076923076924,347.99145391265023
0.27,0.25,12923.076923076924,346.2302081970193
0.29,0.25,12923.076923076924,343.6982592745493
0.31,0.25,12923.076923076924,340.24268593561777
0.33,0.25,12923.076923076924,335.6821175255107
0.35,0.25,12923.076923076924,329.8199644579004
0.37,0.25,12923.076923076924,322.4672120035912
0.39,0.25,12923.076923076924,313.4793698388949
0.01,0.27,12923.076923076924,313.30033833114425
0.03,0.27,12923.076923076924,321.9426553985431
0.05,0.27,12923.076923076924,328.9805222528447
0.07,0.27,12923.076923076924,334.5690879505
0.09,0.27,12923.076923076924,338.9018663029101
0.11,0.27,12923.076923076924,342.1754488178699
0.13,0.27,12923.076923076924,344.5685203915989
0.15,0.27,12923.076923076924,346.23020819701924
0.17,0.27,12923.076923076924,347.27438026609326
0.19,0.27,12923.076923076924,347.77737129357604
0.21,0.27,12923.076923076924,347.7773712935761
0.23,0.27,12923.076923076924,347.2743802660934
0.25,0.27,12923.076923076924,346.2302081970193
0.27,0.27,12923.076923076924,344.5685203915989
0.29,0.27,12923.076923076924,342.17544881787
0.31,0.27,12923.076923076924,338.90186630291026
0.33,0.27,12923.076923076924,334.5690879505
0.35,0.27,12923.076923076924,328.9805222528447
0.37,0.27,12923.076923076924,321.9426553985431
0.39,0.27,12923.076923076924,313.30033833114425
0.01,0.29,12923.076923076924,313.0384954763107
0.03,0.29,12923.076923076924,321.17668906732234
0.05,0.29,12923.076923076924,327.7579287000852
0.07,0.29,12923.076923076924,332.9529807934651
0.09,0.29,12923.076923076924,336.9609880717799
0.11,0.29,12923.076923076924,339.9772728278168
0.13,0.29,12923.076923076924,342.1754488178699
0.15,0.29,12923.076923076924,343.69825927454923
0.17,0.29,12923.076923076924,344.653608679212
0.19,0.29,12923.076923076924,345.113369292867
0.21,0.29,12923.076923076924,345.11336929286693
0.23,0.29,12923.076923076924,344.6536086792121
0.25,0.29,12923.076923076924,343.69825927454934
0.27,0.29,12923.076923076924,342.17544881787
0.29,0.29,12923.076923076924,339.9772728278169
0.31,0.29,12923.076923076924,336.96098807178004
0.33,0.29,12923.076923076924,332.95298079346514
0.35,0.29,12923.076923076924,327.7579287000852
0.37,0.29,12923.076923076924,321.1766890673224
0.39,0.29,12923.076923076924,313.0384954763107
0.01,0.31,12923.076923076924,312.67216006614103
0.03,0.31,12923.076923076924,320.10787892549433
0.05,0.31,12923.076923076924,326.0588484180143
0.07,0.31,12923.076923076924,330.7171866234063
0.09,0.31,12923.076923076924,334.2875820440003
0.11,0.31,12923.076923076924,336.9609880717799
0.13,0.31,12923.076923076924,338.9018663029101
0.15,0.31,12923.076923076924,340.2426859356177
0.17,0.31,12923.076923076924,341.0822570619699
0.19,0.31,12923.076923076924,341.48584851192123
0.21,0.31,12923.076923076924,341.4858485119212
0.23,0.31,12923.076923076924,341.08225706197
0.25,0.31,12923.076923076924,340.24268593561777
0.27,0.31,12923.076923076924,338.9018663029102
0.29,0.31,12923.076923076924,336.96098807178
0.31,0.31,12923.076923076924,334.28758204400043
0.33,0.31,12923.076923076924,330.71718662340635
0.35,0.31,12923.076923076924,326.0588484180143
0.37,0.31,12923.076923076924,320.10787892549433
0.39,0.31,12923.076923076924,312.67216006614103
0.01,0.33,12923.076923076924,312.1710079342226
0.03,0.33,12923.076923076924,318.65265571209915
0.05,0.33,12923.076923076924,323.7604722573896
0.07,0.33,12923.076923076924,327.71304574278145
0.09,0.33,12923.076923076924,330.71718662340623
0.11,0.33,12923.076923076924,332.95298079346503
0.13,0.33,12923.076923076924,334.5690879504999
0.15,0.33,12923.076923076924,335.68211752551065
0.17,0.33,12923.076923076924,336.3776264205626
0.19,0.33,12923.076923076924,336.7115707912287
0.21,0.33,12923.076923076924,336.71157079122867
0.23,0.33,12923.076923076924,336.37762642056254
0.25,0.33,12923.076923076924,335.68211752551065
0.27,0.33,12923.076923076924,334.5690879505
0.29,0.33,12923.076923076924,332.95298079346514
0.31,0.33,12923.076923076924,330.7171866234063
0.33,0.33,12923.076923076924,327.7130457427815
0.35,0.33,12923.076923076924,323.76047225738967
0.37,0.33,12923.076923076924,318.6526557120992
0.39,0.33,12923.076923076924,312.17100793422264
0.01,0.35,12923.076923076924,311.49104622072633
0.03,0.35,12923.076923076924,316.69731321526353
0.05,0.35,12923.076923076924,320.70581066539347
0.07,0.35,12923.076923076924,323.7604722573896
0.09,0.35,12923.076923076924,326.0588484180143
0.11,0.35,12923.076923076924,327.7579287000852
0.13,0.35,12923.076923076924,328.9805222528447
0.15,0.35,12923.076923076924,329.8199644579004
0.17,0.35,12923.076923076924,330.34347644000104
0.19,0.35,12923.076923076924,330.594556119054
0.21,0.35,12923.076923076924,330.59455611905406
0.23,0.35,12923.076923076924,330.34347644000104
0.25,0.35,12923.076923076924,329.8199644579004
0.27,0.35,12923.076923076924,328.9805222528448
0.29,0.35,12923.076923076924,327.7579287000852
0.31,0.35,12923.076923076924,326.0588484180143
0.33,0.35,12923.076923076924,323.76047225738967
0.35,0.35,12923.076923076924,320.7058106653935
0.37,0.35,12923.076923076924,316.6973132152636
0.39,0.35,12923.076923076924,311.49104622072633
0.01,0.37,12923.076923076924,310.56007567226544
0.03,0.37,12923.076923076924,314.0811355265308
0.05,0.37,12923.076923076924,316.6973132152636
0.07,0.37,12923.076923076924,318.65265571209915
0.09,0.37,12923.076923076924,320.10787892549433
0.11,0.37,12923.076923076924,321.1766890673224
0.13,0.37,12923.076923076924,321.94265539854314
0.15,0.37,12923.076923076924,322.4672120035912
0.17,0.37,12923.076923076924,322.7938156899714
0.19,0.37,12923.076923076924,322.9503151386773
0.21,0.37,12923.076923076924,322.9503151386773
0.23,0.37,12923.076923076924,322.7938156899714
0.25,0.37,12923.076923076924,322.4672120035912
0.27,0.37,12923.076923076924,321.94265539854314
0.29,0.37,12923.076923076924,321.17668906732246
0.31,0.37,12923.076923076924,320.1078789254944
0.33,0.37,12923.076923076924,318.65265571209926
0.35,0.37,12923.076923076924,316.6973132152636
0.37,0.37,12923.076923076924,314.08113552653083
0.39,0.37,12923.076923076924,310.5600756722655
0.01,0.39,12923.076923076924,309.22794862898485
0.03,0.39,12923.076923076924,310.56007567226544
0.05,0.39,12923.076923076924,311.4910462207264
0.07,0.39,12923.076923076924,312.1710079342226
0.09,0.39,12923.076923076924,312.67216006614103
0.11,0.39,12923.076923076924,313.0384954763107
0.13,0.39,12923.076923076924,313.30033833114425
0.15,0.39,12923.076923076924,313.47936983889497
0.17,0.39,12923.076923076924,313.59073074997764
0.19,0.39,12923.076923076924,313.6440629977737
0.21,0.39,12923.076923076924,313.6440629977737
0.23,0.39,12923.076923076924,313.59073074997764
0.25,0.39,12923.076923076924,313.47936983889497
0.27,0.39,12923.076923076924,313.30033833114425
0.29,0.39,12923.076923076924,313.0384954763107
0.31,0.39,12923.076923076924,312.67216006614103
0.33,0.39,12923.076923076924,312.17100793422264
0.35,0.39,12923.076923076924,311.4910462207264
0.37,0.39,12923.076923076924,310.5600756722655
0.39,0.39,12923.076923076924,309.22794862898485
0.01,0.01,14769.23076923077,309.1415496686048
0.03,0.01,14769.23076923077,310.39781895228464
0.05,0.01,14769.23076923077,311.2991629377315
0.07,0.01,14769.23076923077,311.9744819393034
0.09,0.01,14769.23076923077,312.4842783770113
0.11,0.01,14769.23076923077,312.865192183651
0.13,0.01,14769.23076923077,313.1427739446386
0.15,0.01,14769.23076923077,313.3356537313528
0.17,0.01,14769.23076923077,313.4571041808181
0.19,0.01,14769.23076923077,313.51571556620274
0.21,0.01,14769.23076923077,313.5157155662027
0.23,0.01,14769.23076923077,313.4571041808181
0.25,0.01,14769.23076923077,313.3356537313528
0.27,0.01,14769.23076923077,313.1427739446385
0.29,0.01,14769.23076923077,312.865192183651
0.31,0.01,14769.23076923077,312.4842783770113
0.33,0.01,14769.23076923077,311.9744819393034
0.35,0.01,14769.23076923077,311.2991629377315
0.37,0.01,14769.23076923077,310.39781895228464
0.39,0.01,14769.23076923077,309.1415496686048
0.01,0.03,14769.23076923077,310.39781895228464
0.03,0.03,14769.23076923077,313.7485214151971
0.05,0.03,14769.23076923077,316.2967259024023
0.07,0.03,14769.23076923077,318.24720014508125
0.09,0.03,14769.23076923077,319.7325987843087
0.11,0.03,14769.23076923077,320.8470971594646
0.13,0.03,14769.23076923077,321.6610794470824
0.15,0.03,14769.23076923077,322.22742074996097
0.17,0.03,14769.23076923077,322.5843056120264
0.19,0.03,14769.23076923077,322.75660867638544
0.21,0.03,14769.23076923077,322.75660867638544
0.23,0.03,14769.23076923077,322.5843056120264
0.25,0.03,14769.23076923077,322.2274207499609
0.27,0.03,14769.23076923077,321.6610794470824
0.29,0.03,14769.23076923077,320.8470971594646
0.31,0.03,14769.23076923077,319.7325987843087
0.33,0.03,14769.23076923077,318.24720014508125
0.35,0.03,14769.23076923077,316.2967259024024
0.37,0.03,14769.23076923077,313.7485214151971
0.39,0.03,14769.23076923077,310.39781895228464
0.01,0.05,14769.23076923077,311.2991629377315
0.03,0.05,14769.23076923077,316.2967259024024
0.05,0.05,14769.23076923077,320.2286833205152
0.07,0.05,14769.23076923077,323.2933646523708
0.09,0.05,14769.23076923077,325.650714856459
0.11,0.05,14769.23076923077,327.4296995191952
0.13,0.05,14769.23076923077,328.73356539463646
0.15,0.05,14769.23076923077,329.6427402577526
0.17,0.05,14769.23076923077,330.21643501724435
0.19,0.05,14769.23076923077,330.4936167411395
0.21,0.05,14769.23076923077,330.4936167411394
0.23,0.05,14769.23076923077,330.2164350172443
0.25,0.05,14769.23076923077,329.64274025775256
0.27,0.05,14769.23076923077,328.7335653946365
0.29,0.05,14769.23076923077,327.4296995191952
0.31,0.05,14769.23076923077,325.65071485645893
0.33,0.05,14769.23076923077,323.2933646523708
0.35,0.05,14769.23076923077,320.2286833205152
0.37,0.05,14769.23076923077,316.2967259024024
0.39,0.05,14769.23076923077,311.2991629377316
0.01,0.07,14769.23076923077,311.9744819393034
0.03,0.07,14769.23076923077,318.2472001450813
0.05,0.07,14769.23076923077,323.2933646523708
0.07,0.07,14769.23076923077,327.28344377215467
0.09,0.07,14769.23076923077,330.38113659994576
0.11,0.07,14769.23076923077,332.7329497586126
0.13,0.07,14769.23076923077,334.463520543409
0.15,0.07,14769.23076923077,335.6733977115147
0.17,0.07,14769.23076923077,336.43810812783954
0.19,0.07,14769.23076923077,336.8079219168223
0.21,0.07,14769.23076923077,336.8079219168223
0.23,0.07,14769.23076923077,336.43810812783954
0.25,0.07,14769.23076923077,335.6733977115148
0.27,0.07,14769.23076923077,334.46352054340906
0.29,0.07,14769.23076923077,332.7329497586126
0.31,0.07,14769.23076923077,330.38113659994576
0.33,0.07,14769.23076923077,327.28344377215467
0.35,0.07,14769.23076923077,323.2933646523708
0.37,0.07,14769.23076923077,318.24720014508125
0.39,0.07,14769.23076923077,311.9744819393034
0.01,0.09,14769.23076923077,312.4842783770114
0.03,0.09,14769.23076923077,319.73259878430883
0.05,0.09,14769.23076923077,325.65071485645905
0.07,0.09,14769.23076923077,330.3811365999458
0.09,0.09,14769.23076923077,334.0820564346731
0.11,0.09,14769.23076923077,336.9072523751025
0.13,0.09,14769.23076923077,338.9941697029889
0.15,0.09,14769.23076923077,340.45705494873994
0.17,0.09,14769.23076923077,341.3832909470547
0.19,0.09,14769.23076923077,341.8316613245846
0.21,0.09,14769.23076923077,341.8316613245846
0.23,0.09,14769.23076923077,341.3832909470547
0.25,0.09,14769.23076923077,340.45705494874
0.27,0.09,14769.23076923077,338.994169702989
0.29,0.09,14769.23076923077,336.90725237510253
0.31,0.09,14769.23076923077,334.0820564346731
0.33,0.09,14769.23076923077,330.38113659994576
0.35,0.09,14769.23076923077,325.650714856459
0.37,0.09,14769.23076923077,319.7325987843088
0.39,0.09,14769.23076923077,312.4842783770114
0.01,0.11,14769.23076923077,312.86519218365106
0.03,0.11,14769.23076923077,320.84709715946474
0.05,0.11,14769.23076923077,327.42969951919525
0.07,0.11,14769.23076923077,332.7329497586126
0.09,0.11,14769.23076923077,336.9072523751025
0.11,0.11,14769.23076923077,340.1084006700679
0.13,0.11,14769.23076923077,342.4810221542247
0.15,0.11,14769.23076923077,344.14821037209146
0.17,0.11,14769.23076923077,345.205523329159
0.19,0.11,14769.23076923077,345.7178269995708
0.21,0.11,14769.23076923077,345.71782699957083
0.23,0.11,14769.23076923077,345.2055233291591
0.25,0.11,14769.23076923077,344.1482103720915
0.27,0.11,14769.23076923077,342.4810221542248
0.29,0.11,14769.23076923077,340.108400670068
0.31,0.11,14769.23076923077,336.9072523751025
0.33,0.11,14769.23076923077,332.7329497586126
0.35,0.11,14769.23076923077,327.4296995191952
0.37,0.11,14769.23076923077,320.8470971594646
0.39,0.11,14769.23076923077,312.865192183651
0.01,0.13,14769.23076923077,313.1427739446386
0.03,0.13,14769.23076923077,321.66107944708244
0.05,0.13,14769.23076923077,328.7335653946365
0.07,0.13,14769.23076923077,334.463520543409
0.09,0.13,14769.23076923077,338.99416970298887
0.11,0.13,14769.23076923077,342.48102215422466
0.13,0.13,14769.23076923077,345.0724992178386
0.15,0.13,14769.23076923077,346.8971649637907
0.17,0.13,14769.23076923077,348.05596177054946
0.19,0.13,14769.23076923077,348.6178960812292
0.21,0.13,14769.23076923077,348.6178960812292
0.23,0.13,14769.23076923077,348.0559617705495
0.25,0.13,14769.23076923077,346.8971649637908
0.27,0.13,14769.23076923077,345.0724992178387
0.29,0.13,14769.23076923077,342.4810221542247
0.31,0.13,14769.23076923077,338.9941697029889
0.33,0.13,14769.23076923077,334.463520543409
0.35,0.13,14769.23076923077,328.73356539463646
0.37,0.13,14769.23076923077,321.6610794470824
0.39,0.13,14769.23076923077,313.1427739446385
0.01,0.15,14769.23076923077,313.33565373135286
0.03,0.15,14769.23076923077,322.22742074996097
0.05,0.15,14769.23076923077,329.64274025775256
0.07,0.15,14769.23076923077,335.67339771151467
0.09,0.15,14769.23076923077,340.4570549487399
0.11,0.15,14769.23076923077,344.14821037209146
0.13,0.15,14769.23076923077,346.8971649637907
0.15,0.15,14769.23076923077,348.8357136445038
0.17,0.15,14769.23076923077,350.0681693151338
0.19,0.15,14769.23076923077,350.66620645365475
0.21,0.15,14769.23076923077,350.66620645365475
0.23,0.15,14769.23076923077,350.0681693151338
0.25,0.15,14769.23076923077,348.83571364450387
0.27,0.15,14769.23076923077,346.8971649637908
0.29,0.15,14769.23076923077,344.14821037209146
0.31,0.15,14769.23076923077,340.4570549487399
0.33,0.15,14769.23076923077,335.6733977115147
0.35,0.15,14769.23076923077,329.64274025775256
0.37,0.15,14769.23076923077,322.2274207499609
0.39,0.15,14769.23076923077,313.3356537313528
0.01,0.17,14769.23076923077,313.4571041808181
0.03,0.17,14769.23076923077,322.5843056120264
0.05,0.17,14769.23076923077,330.21643501724424
0.07,0.17,14769.23076923077,336.4381081278394
0.09,0.17,14769.23076923077,341.38329094705455
0.11,0.17,14769.23076923077,345.2055233291589
0.13,0.17,14769.23076923077,348.05596177054946
0.15,0.17,14769.23076923077,350.06816931513373
0.17,0.17,14769.23076923077,351.3483963056364
0.19,0.17,14769.23076923077,351.9698867493525
0.21,0.17,14769.23076923077,351.9698867493525
0.23,0.17,14769.23076923077,351.34839630563647
0.25,0.17,14769.23076923077,350.06816931513384
0.27,0.17,14769.23076923077,348.05596177054946
0.29,0.17,14769.23076923077,345.205523329159
0.31,0.17,14769.23076923077,341.38329094705466
0.33,0.17,14769.23076923077,336.4381081278395
0.35,0.17,14769.23076923077,330.2164350172443
0.37,0.17,14769.23076923077,322.5843056120264
0.39,0.17,14769.23076923077,313.4571041808181
0.01,0.19,14769.23076923077,313.5157155662027
0.03,0.19,14769.23076923077,322.7566086763853
0.05,0.19,14769.23076923077,330.4936167411393
0.07,0.19,14769.23076923077,336.8079219168221
0.09,0.19,14769.23076923077,341.83166132458445
0.11,0.19,14769.23076923077,345.71782699957066
0.13,0.19,14769.23076923077,348.6178960812291
0.15,0.19,14769.23076923077,350.66620645365464
0.17,0.19,14769.23076923077,351.96988674935244
0.19,0.19,14769.23076923077,352.602903373734
0.21,0.19,14769.23076923077,352.6029033737341
0.23,0.19,14769.23076923077,351.9698867493525
0.25,0.19,14769.23076923077,350.6662064536548
0.27,0.19,14769.23076923077,348.6178960812292
0.29,0.19,14769.23076923077,345.7178269995707
0.31,0.19,14769.23076923077,341.83166132458456
0.33,0.19,14769.23076923077,336.80792191682224
0.35,0.19,14769.23076923077,330.4936167411394
0.37,0.19,14769.23076923077,322.7566086763854
0.39,0.19,14769.23076923077,313.5157155662027
0.01,0.21,14769.23076923077,313.51571556620263
0.03,0.21,14769.23076923077,322.75660867638527
0.05,0.21,14769.23076923077,330.49361674113925
0.07,0.21,14769.23076923077,336.8079219168221
0.09,0.21,14769.23076923077,341.83166132458445
0.11,0.21,14769.23076923077,345.71782699957066
0.13,0.21,14769.23076923077,348.6178960812291
0.15,0.21,14769.23076923077,350.66620645365464
0.17,0.21,14769.23076923077,351.96988674935244
0.19,0.21,14769.23076923077,352.602903373734
0.21,0.21,14769.23076923077,352.602903373734
0.23,0.21,14769.23076923077,351.9698867493525
0.25,0.21,14769.23076923077,350.6662064536548
0.27,0.21,14769.23076923077,348.6178960812292
0.29,0.21,14769.23076923077,345.7178269995708
0.31,0.21,14769.23076923077,341.83166132458456
0.33,0.21,14769.23076923077,336.80792191682224
0.35,0.21,14769.23076923077,330.4936167411394
0.37,0.21,14769.23076923077,322.75660867638544
0.39,0.21,14769.23076923077,313.51571556620274
0.01,0.23,14769.23076923077,313.457104180818
0.03,0.23,14769.23076923077,322.58430561202624
0.05,0.23,14769.23076923077,330.2164350172442
0.07,0.23,14769.23076923077,336.4381081278394
0.09,0.23,14769.23076923077,341.38329094705455
0.11,0.23,14769.23076923077,345.2055233291589
0.13,0.23,14769.23076923077,348.0559617705494
0.15,0.23,14769.23076923077,350.0681693151337
0.17,0.23,14769.23076923077,351.3483963056364
0.19,0.23,14769.23076923077,351.96988674935244
0.21,0.23,14769.23076923077,351.96988674935244
0.23,0.23,14769.23076923077,351.3483963056364
0.25,0.23,14769.23076923077,350.0681693151338
0.27,0.23,14769.23076923077,348.05596177054946
0.29,0.23,14769.23076923077,345.205523329159
0.31,0.23,14769.23076923077,341.38329094705466
0.33,0.23,14769.23076923077,336.4381081278395
0.35,0.23,14769.23076923077,330.2164350172443
0.37,0.23,14769.23076923077,322.5843056120264
0.39,0.23,14769.23076923077,313.4571041808181
0.01,0.25,14769.23076923077,313.33565373135275
0.03,0.25,14769.23076923077,322.2274207499608
0.05,0.25,14769.23076923077,329.64274025775245
0.07,0.25,14769.23076923077,335.67339771151467
0.09,0.25,14769.23076923077,340.4570549487399
0.11,0.25,14769.23076923077,344.1482103720914
0.13,0.25,14769.23076923077,346.89716496379066
0.15,0.25,14769.23076923077,348.83571364450376
0.17,0.25,14769.23076923077,350.06816931513373
0.19,0.25,14769.23076923077,350.6662064536547
0.21,0.25,14769.23076923077,350.6662064536547
0.23,0.25,14769.23076923077,350.06816931513373
0.25,0.25,14769.23076923077,348.8357136445038
0.27,0.25,14769.23076923077,346.8971649637907
0.29,0.25,14769.23076923077,344.14821037209146
0.31,0.25,14769.23076923077,340.45705494873994
0.33,0.25,14769.23076923077,335.6733977115147
0.35,0.25,14769.23076923077,329.6427402577526
0.37,0.25,14769.23076923077,322.22742074996097
0.39,0.25,14769.23076923077,313.3356537313528
0.01,0.27,14769.23076923077,313.1427739446385
0.03,0.27,14769.23076923077,321.6610794470823
0.05,0.27,14769.23076923077,328.7335653946364
0.07,0.27,14769.23076923077,334.46352054340895
0.09,0.27,14769.23076923077,338.99416970298887
0.11,0.27,14769.23076923077,342.4810221542246
0.13,0.27,14769.23076923077,345.0724992178385
0.15,0.27,14769.23076923077,346.89716496379066
0.17,0.27,14769.23076923077,348.0559617705494
0.19,0.27,14769.23076923077,348.6178960812291
0.21,0.27,14769.23076923077,348.6178960812292
0.23,0.27,14769.23076923077,348.05596177054946
0.25,0.27,14769.23076923077,346.8971649637907
0.27,0.27,14769.23076923077,345.0724992178386
0.29,0.27,14769.23076923077,342.48102215422466
0.31,0.27,14769.23076923077,338.9941697029889
0.33,0.27,14769.23076923077,334.463520543409
0.35,0.27,14769.23076923077,328.73356539463646
0.37,0.27,14769.23076923077,321.6610794470824
0.39,0.27,14769.23076923077,313.1427739446386
0.01,0.29,14769.23076923077,312.86519218365095
0.03,0.29,14769.23076923077,320.84709715946457
0.05,0.29,14769.23076923077,327.4296995191951
0.07,0.29,14769.23076923077,332.7329497586125
0.09,0.29,14769.23076923077,336.9072523751024
0.11,0.29,14769.23076923077,340.1084006700678
0.13,0.29,14769.23076923077,342.4810221542246
0.15,0.29,14769.23076923077,344.1482103720914
0.17,0.29,14769.23076923077,345.205523329159
0.19,0.29,14769.23076923077,345.7178269995707
0.21,0.29,14769.23076923077,345.7178269995707
0.23,0.29,14769.23076923077,345.205523329159
0.25,0.29,14769.23076923077,344.1482103720914
0.27,0.29,14769.23076923077,342.4810221542246
0.29,0.29,14769.23076923077,340.1084006700678
0.31,0.29,14769.23076923077,336.9072523751024
0.33,0.29,14769.23076923077,332.7329497586126
0.35,0.29,14769.23076923077,327.4296995191952
0.37,0.29,14769.23076923077,320.8470971594646
0.39,0.29,14769.23076923077,312.865192183651
0.01,0.31,14769.23076923077,312.48427837701126
0.03,0.31,14769.23076923077,319.73259878430866
0.05,0.31,14769.23076923077,325.65071485645893
0.07,0.31,14769.23076923077,330.3811365999457
0.09,0.31,14769.23076923077,334.082056434673
0.11,0.31,14769.23076923077,336.9072523751023
0.13,0.31,14769.23076923077,338.9941697029888
0.15,0.31,14769.23076923077,340.4570549487399
0.17,0.31,14769.23076923077,341.38329094705466
0.19,0.31,14769.23076923077,341.83166132458456
0.21,0.31,14769.23076923077,341.8316613245845
0.23,0.31,14769.23076923077,341.38329094705466
0.25,0.31,14769.23076923077,340.4570549487399
0.27,0.31,14769.23076923077,338.99416970298887
0.29,0.31,14769.23076923077,336.9072523751024
0.31,0.31,14769.23076923077,334.08205643467306
0.33,0.31,14769.23076923077,330.3811365999457
0.35,0.31,14769.23076923077,325.65071485645893
0.37,0.31,14769.23076923077,319.7325987843087
0.39,0.31,14769.23076923077,312.4842783770114
0.01,0.33,14769.23076923077,311.9744819393034
0.03,0.33,14769.23076923077,318.24720014508125
0.05,0.33,14769.23076923077,323.2933646523707
0.07,0.33,14769.23076923077,327.28344377215456
0.09,0.33,14769.23076923077,330.3811365999457
0.11,0.33,14769.23076923077,332.7329497586125
0.13,0.33,14769.23076923077,334.4635205434089
0.15,0.33,14769.23076923077,335.67339771151467
0.17,0.33,14769.23076923077,336.4381081278395
0.19,0.33,14769.23076923077,336.80792191682224
0.21,0.33,14769.23076923077,336.80792191682224
0.23,0.33,14769.23076923077,336.4381081278395
0.25,0.33,14769.23076923077,335.67339771151467
0.27,0.33,14769.23076923077,334.46352054340895
0.29,0.33,14769.23076923077,332.73294975861256
0.31,0.33,14769.23076923077,330.3811365999457
0.33,0.33,14769.23076923077,327.28344377215456
0.35,0.33,14769.23076923077,323.2933646523708
0.37,0.33,14769.23076923077,318.24720014508125
0.39,0.33,14769.23076923077,311.9744819393035
0.01,0.35,14769.23076923077,311.2991629377315
0.03,0.35,14769.23076923077,316.2967259024023
0.05,0.35,14769.23076923077,320.2286833205151
0.07,0.35,14769.23076923077,323.2933646523707
0.09,0.35,14769.23076923077,325.6507148564589
0.11,0.35,14769.23076923077,327.4296995191951
0.13,0.35,14769.23076923077,328.7335653946364
0.15,0.35,14769.23076923077,329.64274025775256
0.17,0.35,14769.23076923077,330.2164350172443
0.19,0.35,14769.23076923077,330.4936167411394
0.21,0.35,14769.23076923077,330.4936167411394
0.23,0.35,14769.23076923077,330.2164350172443
0.25,0.35,14769.23076923077,329.6427402577526
0.27,0.35,14769.23076923077,328.73356539463646
0.29,0.35,14769.23076923077,327.4296995191952
0.31,0.35,14769.23076923077,325.65071485645893
0.33,0.35,14769.23076923077,323.2933646523708
0.35,0.35,14769.23076923077,320.2286833205152
0.37,0.35,14769.23076923077,316.2967259024024
0.39,0.35,14769.23076923077,311.2991629377315
0.01,0.37,14769.23076923077,310.3978189522846
0.03,0.37,14769.23076923077,313.74852141519705
0.05,0.37,14769.23076923077,316.2967259024024
0.07,0.37,14769.23076923077,318.24720014508125
0.09,0.37,14769.23076923077,319.73259878430866
0.11,0.37,14769.23076923077,320.84709715946457
0.13,0.37,14769.23076923077,321.6610794470824
0.15,0.37,14769.23076923077,322.2274207499609
0.17,0.37,14769.23076923077,322.5843056120264
0.19,0.37,14769.23076923077,322.75660867638544
0.21,0.37,14769.23076923077,322.75660867638544
0.23,0.37,14769.23076923077,322.5843056120264
0.25,0.37,14769.23076923077,322.22742074996097
0.27,0.37,14769.23076923077,321.6610794470824
0.29,0.37,14769.23076923077,320.8470971594646
0.31,0.37,14769.23076923077,319.7325987843087
0.33,0.37,14769.23076923077,318.24720014508125
0.35,0.37,14769.23076923077,316.2967259024024
0.37,0.37,14769.23076923077,313.7485214151971
0.39,0.37,14769.23076923077,310.39781895228464
0.01,0.39,14769.23076923077,309.1415496686048
0.03,0.39,14769.23076923077,310.39781895228464
0.05,0.39,14769.23076923077,311.2991629377315
0.07,0.39,14769.23076923077,311.9744819393034
0.09,0.39,14769.23076923077,312.48427837701126
0.11,0.39,14769.23076923077,312.86519218365095
0.13,0.39,14769.23076923077,313.1427739446385
0.15,0.39,14769.23076923077,313.3356537313528
0.17,0.39,14769.23076923077,313.4571041808181
0.19,0.39,14769.23076923077,313.5157155662027
0.21,0.39,14769.23076923077,313.51571556620274
0.23,0.39,14769.23076923077,313.4571041808181
0.25,0.39,14769.23076923077,313.3356537313528
0.27,0.39,14769.23076923077,313.1427739446386
0.29,0.39,14769.23076923077,312.865192183651
0.31,0.39,14769.23076923077,312.48427837701126
0.33,0.39,14769.23076923077,311.9744819393034
0.35,0.39,14769.23076923077,311.2991629377315
0.37,0.39,14769.23076923077,310.39781895228464
0.39,0.39,14769.23076923077,309.1415496686048
0.01,0.01,16615.384615384617,309.05598236202445
0.03,0.01,16615.384615384617,310.2266317836182
0.05,0.01,16615.384615384617,311.0846424327794
0.07,0.01,16615.384615384617,311.7412548700888
0.09,0.01,16615.384615384617,312.24706858067805
0.11,0.01,16615.384615384617,312.63214701259875
0.13,0.01,16615.384615384617,312.91745748480804
0.15,0.01,16615.384615384617,313.11846991701475
0.17,0.01,16615.384615384617,313.2463726348448
0.19,0.01,16615.384615384617,313.3085027959592
0.21,0.01,16615.384615384617,313.3085027959591
0.23,0.01,16615.384615384617,313.2463726348447
0.25,0.01,16615.384615384617,313.1184699170147
0.27,0.01,16615.384615384617,312.91745748480804
0.29,0.01,16615.384615384617,312.63214701259875
0.31,0.01,16615.384615384617,312.24706858067805
0.33,0.01,16615.384615384617,311.7412548700888
0.35,0.01,16615.384615384617,311.0846424327794
0.37,0.01,16615.384615384617,310.2266317836182
0.39,0.01,16615.384615384617,309.05598236202445
0.01,0.03,16615.384615384617,310.2266317836182
0.03,0.03,16615.384615384617,313.37167433562377
0.05,0.03,16615.384615384617,315.8093546941725
0.07,0.03,16615.384615384617,317.7127625559638
0.09,0.03,16615.384615384617,319.19090669531914
0.11,0.03,16615.384615384617,320.32040529700004
0.13,0.03,16615.384615384617,321.15888105013937
0.15,0.03,16615.384615384617,321.7502615084045
0.17,0.03,16615.384615384617,322.1267875879624
0.19,0.03,16615.384615384617,322.3097494229673
0.21,0.03,16615.384615384617,322.30974942296723
0.23,0.03,16615.384615384617,322.1267875879623
0.25,0.03,16615.384615384617,321.75026150840444
0.27,0.03,16615.384615384617,321.1588810501393
0.29,0.03,16615.384615384617,320.3204052970001
0.31,0.03,16615.384615384617,319.1909066953191
0.33,0.03,16615.384615384617,317.7127625559639
0.35,0.03,16615.384615384617,315.8093546941725
0.37,0.03,16615.384615384617,313.37167433562377
0.39,0.03,16615.384615384617,310.2266317836182
0.01,0.05,16615.384615384617,311.0846424327794
0.03,0.05,16615.384615384617,315.8093546941725
0.05,0.05,16615.384615384617,319.5931379666864
0.07,0.05,16615.384615384617,322.59863839028145
0.09,0.05,16615.384615384617,324.95428601948174
0.11,0.05,16615.384615384617,326.763734925168
0.13,0.05,16615.384615384617,328.11112406965435
0.15,0.05,16615.384615384617,329.0632299105874
0.17,0.05,16615.384615384617,329.67010918848115
0.19,0.05,16615.384615384617,329.96518270008363
0.21,0.05,16615.384615384617,329.96518270008363
0.23,0.05,16615.384615384617,329.6701091884811
0.25,0.05,16615.384615384617,329.0632299105874
0.27,0.05,16615.384615384617,328.11112406965435
0.29,0.05,16615.384615384617,326.763734925168
0.31,0.05,16615.384615384617,324.95428601948174
0.33,0.05,16615.384615384617,322.59863839028145
0.35,0.05,16615.384615384617,319.5931379666864
0.37,0.05,16615.384615384617,315.8093546941725
0.39,0.05,16615.384615384617,311.08464243277945
0.01,0.07,16615.384615384617,311.7412548700888
0.03,0.07,16615.384615384617,317.71276255596393
0.05,0.07,16615.384615384617,322.5986383902815
0.07,0.07,16615.384615384617,326.5326977378954
0.09,0.07,16615.384615384617,329.6426925114684
0.11,0.07,16615.384615384617,332.0446731183601
0.13,0.07,16615.384615384617,333.8396040141355
0.15,0.07,16615.384615384617,335.110844390409
0.17,0.07,16615.384615384617,335.92229116513835
0.19,0.07,16615.384615384617,336.31713537089047
0.21,0.07,16615.384615384617,336.31713537089047
0.23,0.07,16615.384615384617,335.9222911651384
0.25,0.07,16615.384615384617,335.110844390409
0.27,0.07,16615.384615384617,333.83960401413543
0.29,0.07,16615.384615384617,332.0446731183601
0.31,0.07,16615.384615384617,329.6426925114684
0.33,0.07,16615.384615384617,326.5326977378954
0.35,0.07,16615.384615384617,322.5986383902814
0.37,0.07,16615.384615384617,317.7127625559639
0.39,0.07,16615.384615384617,311.7412548700888
0.01,0.09,16615.384615384617,312.24706858067805
0.03,0.09,16615.384615384617,319.1909066953192
0.05,0.09,16615.384615384617,324.95428601948186
0.07,0.09,16615.384615384617,329.64269251146845
0.09,0.09,16615.384615384617,333.37569443074426
0.11,0.09,16615.384615384617,336.2732300877139
0.13,0.09,16615.384615384617,338.44591149857047
0.15,0.09,16615.384615384617,339.98826577204414
0.17,0.09,16615.384615384617,340.974240846703
0.19,0.09,16615.384615384617,341.4544116636854
0.21,0.09,16615.384615384617,341.4544116636854
0.23,0.09,16615.384615384617,340.974240846703
0.25,0.09,16615.384615384617,339.9882657720442
0.27,0.09,16615.384615384617,338.4459114985705
0.29,0.09,16615.384615384617,336.2732300877139
0.31,0.09,16615.384615384617,333.3756944307442
0.33,0.09,16615.384615384617,329.64269251146834
0.35,0.09,16615.384615384617,324.9542860194817
0.37,0.09,16615.384615384617,319.19090669531914
0.39,0.09,16615.384615384617,312.24706858067805
0.01,0.11,16615.384615384617,312.63214701259875
0.03,0.11,16615.384615384617,320.3204052970001
0.05,0.11,16615.384615384617,326.763734925168
0.07,0.11,16615.384615384617,332.0446731183601
0.09,0.11,16615.384615384617,336.2732300877139
0.11,0.11,16615.384615384617,339.5691059692612
0.13,0.11,16615.384615384617,342.04794818338365
0.15,0.11,16615.384615384617,343.81138403563824
0.17,0.11,16615.384615384617,344.9402767512056
0.19,0.11,16615.384615384617,345.4904903735669
0.21,0.11,16615.384615384617,345.4904903735669
0.23,0.11,16615.384615384617,344.94027675120566
0.25,0.11,16615.384615384617,343.8113840356383
0.27,0.11,16615.384615384617,342.0479481833837
0.29,0.11,16615.384615384617,339.56910596926133
0.31,0.11,16615.384615384617,336.2732300877139
0.33,0.11,16615.384615384617,332.04467311836004
0.35,0.11,16615.384615384617,326.763734925168
0.37,0.11,16615.384615384617,320.32040529700004
0.39,0.11,16615.384615384617,312.63214701259875
0.01,0.13,16615.384615384617,312.91745748480804
0.03,0.13,16615.384615384617,321.1588810501393
0.05,0.13,16615.384615384617,328.11112406965435
0.07,0.13,16615.384615384617,333.8396040141354
0.09,0.13,16615.384615384617,338.4459114985704
0.11,0.13,16615.384615384617,342.0479481833836
0.13,0.13,16615.384615384617,344.7637194781098
0.15,0.13,16615.384615384617,346.69915258126554
0.17,0.13,16615.384615384617,347.9396490379947
0.19,0.13,16615.384615384617,348.5446803251252
0.21,0.13,16615.384615384617,348.5446803251252
0.23,0.13,16615.384615384617,347.9396490379947
0.25,0.13,16615.384615384617,346.6991525812656
0.27,0.13,16615.384615384617,344.7637194781099
0.29,0.13,16615.384615384617,342.04794818338365
0.31,0.13,16615.384615384617,338.44591149857047
0.33,0.13,16615.384615384617,333.83960401413543
0.35,0.13,16615.384615384617,328.1111240696543
0.37,0.13,16615.384615384617,321.1588810501393
0.39,0.13,16615.384615384617,312.91745748480804
0.01,0.15,16615.384615384617,313.1184699170147
0.03,0.15,16615.384615384617,321.75026150840444
0.05,0.15,16615.384615384617,329.0632299105873
0.07,0.15,16615.384615384617,335.11084439040894
0.09,0.15,16615.384615384617,339.9882657720441
0.11,0.15,16615.384615384617,343.81138403563824
0.13,0.15,16615.384615384617,346.6991525812655
0.15,0.15,16615.384615384617,348.75997568645306
0.17,0.15,16615.384615384617,350.0820831899955
0.19,0.15,16615.384615384617,350.7272742924512
0.21,0.15,16615.384615384617,350.7272742924512
0.23,0.15,16615.384615384617,350.0820831899955
0.25,0.15,16615.384615384617,348.7599756864531
0.27,0.15,16615.384615384617,346.69915258126554
0.29,0.15,16615.384615384617,343.8113840356383
0.31,0.15,16615.384615384617,339.9882657720441
0.33,0.15,16615.384615384617,335.11084439040894
0.35,0.15,16615.384615384617,329.0632299105874
0.37,0.15,16615.384615384617,321.75026150840444
0.39,0.15,16615.384615384617,313.1184699170147
0.01,0.17,16615.384615384617,313.2463726348447
0.03,0.17,16615.384615384617,322.1267875879623
0.05,0.17,16615.384615384617,329.6701091884811
0.07,0.17,16615.384615384617,335.92229116513835
0.09,0.17,16615.384615384617,340.974240846703
0.11,0.17,16615.384615384617,344.9402767512056
0.13,0.17,16615.384615384617,347.9396490379947
0.15,0.17,16615.384615384617,350.08208318999544
0.17,0.17,16615.384615384617,351.4574275136906
0.19,0.17,16615.384615384617,352.1288517672695
0.21,0.17,16615.384615384617,352.1288517672696
0.23,0.17,16615.384615384617,351.4574275136906
0.25,0.17,16615.384615384617,350.08208318999544
0.27,0.17,16615.384615384617,347.9396490379946
0.29,0.17,16615.384615384617,344.94027675120554
0.31,0.17,16615.384615384617,340.9742408467029
0.33,0.17,16615.384615384617,335.92229116513835
0.35,0.17,16615.384615384617,329.6701091884811
0.37,0.17,16615.384615384617,322.1267875879623
0.39,0.17,16615.384615384617,313.2463726348447
0.01,0.19,16615.384615384617,313.3085027959591
0.03,0.19,16615.384615384617,322.3097494229672
0.05,0.19,16615.384615384617,329.9651827000835
0.07,0.19,16615.384615384617,336.3171353708904
0.09,0.19,16615.384615384617,341.45441166368533
0.11,0.19,16615.384615384617,345.49049037356684
0.13,0.19,16615.384615384617,348.5446803251251
0.15,0.19,16615.384615384617,350.7272742924511
0.17,0.19,16615.384615384617,352.1288517672695
0.19,0.19,16615.384615384617,352.81321364409075
0.21,0.19,16615.384615384617,352.81321364409075
0.23,0.19,16615.384615384617,352.12885176726945
0.25,0.19,16615.384615384617,350.72727429245106
0.27,0.19,16615.384615384617,348.5446803251251
0.29,0.19,16615.384615384617,345.4904903735668
0.31,0.19,16615.384615384617,341.4544116636853
0.33,0.19,16615.384615384617,336.3171353708904
0.35,0.19,16615.384615384617,329.96518270008363
0.37,0.19,16615.384615384617,322.30974942296723
0.39,0.19,16615.384615384617,313.3085027959591
0.01,0.21,16615.384615384617,313.3085027959591
0.03,0.21,16615.384615384617,322.3097494229672
0.05,0.21,16615.384615384617,329.9651827000835
0.07,0.21,16615.384615384617,336.3171353708904
0.09,0.21,16615.384615384617,341.45441166368533
0.11,0.21,16615.384615384617,345.4904903735668
0.13,0.21,16615.384615384617,348.5446803251251
0.15,0.21,16615.384615384617,350.72727429245106
0.17,0.21,16615.384615384617,352.1288517672695
0.19,0.21,16615.384615384617,352.8132136440907
0.21,0.21,16615.384615384617,352.8132136440907
0.23,0.21,16615.384615384617,352.12885176726945
0.25,0.21,16615.384615384617,350.7272742924511
0.27,0.21,16615.384615384617,348.5446803251252
0.29,0.21,16615.384615384617,345.4904903735668
0.31,0.21,16615.384615384617,341.45441166368533
0.33,0.21,16615.384615384617,336.3171353708904
0.35,0.21,16615.384615384617,329.9651827000836
0.37,0.21,16615.384615384617,322.30974942296723
0.39,0.21,16615.384615384617,313.3085027959592
0.01,0.23,16615.384615384617,313.2463726348447
0.03,0.23,16615.384615384617,322.12678758796227
0.05,0.23,16615.384615384617,329.670109188481
0.07,0.23,16615.384615384617,335.9222911651383
0.09,0.23,16615.384615384617,340.97424084670297
0.11,0.23,16615.384615384617,344.9402767512055
0.13,0.23,16615.384615384617,347.93964903799457
0.15,0.23,16615.384615384617,350.08208318999533
0.17,0.23,16615.384615384617,351.4574275136905
0.19,0.23,16615.384615384617,352.12885176726945
0.21,0.23,16615.384615384617,352.12885176726945
0.23,0.23,16615.384615384617,351.4574275136906
0.25,0.23,16615.384615384617,350.08208318999544
0.27,0.23,16615.384615384617,347.9396490379946
0.29,0.23,16615.384615384617,344.94027675120554
0.31,0.23,16615.384615384617,340.974240846703
0.33,0.23,16615.384615384617,335.92229116513835
0.35,0.23,16615.384615384617,329.67010918848115
0.37,0.23,16615.384615384617,322.1267875879623
0.39,0.23,16615.384615384617,313.2463726348448
0.01,0.25,16615.384615384617,313.1184699170147
0.03,0.25,16615.384615384617,321.7502615084044
0.05,0.25,16615.384615384617,329.06322991058727
0.07,0.25,16615.384615384617,335.1108443904089
0.09,0.25,16615.384615384617,339.9882657720441
0.11,0.25,16615.384615384617,343.8113840356382
0.13,0.25,16615.384615384617,346.6991525812654
0.15,0.25,16615.384615384617,348.759975686453
0.17,0.25,16615.384615384617,350.0820831899953
0.19,0.25,16615.384615384617,350.72727429245106
0.21,0.25,16615.384615384617,350.7272742924511
0.23,0.25,16615.384615384617,350.08208318999544
0.25,0.25,16615.384615384617,348.7599756864531
0.27,0.25,16615.384615384617,346.69915258126554
0.29,0.25,16615.384615384617,343.8113840356383
0.31,0.25,16615.384615384617,339.98826577204414
0.33,0.25,16615.384615384617,335.110844390409
0.35,0.25,16615.384615384617,329.0632299105874
0.37,0.25,16615.384615384617,321.7502615084045
0.39,0.25,16615.384615384617,313.1184699170147
0.01,0.27,16615.384615384617,312.917457484808
0.03,0.27,16615.384615384617,321.15888105013926
0.05,0.27,16615.384615384617,328.11112406965424
0.07,0.27,16615.384615384617,333.8396040141354
0.09,0.27,16615.384615384617,338.4459114985704
0.11,0.27,16615.384615384617,342.04794818338354
0.13,0.27,16615.384615384617,344.7637194781097
0.15,0.27,16615.384615384617,346.6991525812654
0.17,0.27,16615.384615384617,347.9396490379945
0.19,0.27,16615.384615384617,348.5446803251251
0.21,0.27,16615.384615384617,348.5446803251252
0.23,0.27,16615.384615384617,347.9396490379947
0.25,0.27,16615.384615384617,346.69915258126554
0.27,0.27,16615.384615384617,344.7637194781098
0.29,0.27,16615.384615384617,342.0479481833836
0.31,0.27,16615.384615384617,338.4459114985704
0.33,0.27,16615.384615384617,333.8396040141354
0.35,0.27,16615.384615384617,328.1111240696543
0.37,0.27,16615.384615384617,321.1588810501393
0.39,0.27,16615.384615384617,312.91745748480804
0.01,0.29,16615.384615384617,312.63214701259875
0.03,0.29,16615.384615384617,320.320405297
0.05,0.29,16615.384615384617,326.76373492516785
0.07,0.29,16615.384615384617,332.04467311836
0.09,0.29,16615.384615384617,336.27323008771384
0.11,0.29,16615.384615384617,339.5691059692612
0.13,0.29,16615.384615384617,342.0479481833836
0.15,0.29,16615.384615384617,343.8113840356382
0.17,0.29,16615.384615384617,344.9402767512055
0.19,0.29,16615.384615384617,345.4904903735668
0.21,0.29,16615.384615384617,345.49049037356684
0.23,0.29,16615.384615384617,344.9402767512056
0.25,0.29,16615.384615384617,343.8113840356383
0.27,0.29,16615.384615384617,342.04794818338365
0.29,0.29,16615.384615384617,339.5691059692612
0.31,0.29,16615.384615384617,336.27323008771384
0.33,0.29,16615.384615384617,332.04467311836
0.35,0.29,16615.384615384617,326.7637349251679
0.37,0.29,16615.384615384617,320.32040529700004
0.39,0.29,16615.384615384617,312.63214701259875
0.01,0.31,16615.384615384617,312.24706858067805
0.03,0.31,16615.384615384617,319.1909066953191
0.05,0.31,16615.384615384617,324.9542860194817
0.07,0.31,16615.384615384617,329.64269251146834
0.09,0.31,16615.384615384617,333.3756944307442
0.11,0.31,16615.384615384617,336.27323008771384
0.13,0.31,16615.384615384617,338.4459114985704
0.15,0.31,16615.384615384617,339.9882657720441
0.17,0.31,16615.384615384617,340.97424084670297
0.19,0.31,16615.384615384617,341.45441166368533
0.21,0.31,16615.384615384617,341.45441166368533
0.23,0.31,16615.384615384617,340.974240846703
0.25,0.31,16615.384615384617,339.98826577204414
0.27,0.31,16615.384615384617,338.44591149857047
0.29,0.31,16615.384615384617,336.27323008771384
0.31,0.31,16615.384615384617,333.37569443074415
0.33,0.31,16615.384615384617,329.64269251146834
0.35,0.31,16615.384615384617,324.9542860194817
0.37,0.31,16615.384615384617,319.19090669531914
0.39,0.31,16615.384615384617,312.2470685806781
0.01,0.33,16615.384615384617,311.7412548700888
0.03,0.33,16615.384615384617,317.7127625559638
0.05,0.33,16615.384615384617,322.5986383902814
0.07,0.33,16615.384615384617,326.5326977378953
0.09,0.33,16615.384615384617,329.64269251146834
0.11,0.33,16615.384615384617,332.04467311836
0.13,0.33,16615.384615384617,333.8396040141353
0.15,0.33,16615.384615384617,335.1108443904089
0.17,0.33,16615.384615384617,335.9222911651383
0.19,0.33,16615.384615384617,336.3171353708904
0.21,0.33,16615.384615384617,336.3171353708904
0.23,0.33,16615.384615384617,335.92229116513835
0.25,0.33,16615.384615384617,335.11084439040894
0.27,0.33,16615.384615384617,333.8396040141354
0.29,0.33,16615.384615384617,332.04467311836
0.31,0.33,16615.384615384617,329.6426925114683
0.33,0.33,16615.384615384617,326.53269773789526
0.35,0.33,16615.384615384617,322.5986383902814
0.37,0.33,16615.384615384617,317.7127625559639
0.39,0.33,16615.384615384617,311.7412548700888
0.01,0.35,16615.384615384617,311.08464243277945
0.03,0.35,16615.384615384617,315.80935469417244
0.05,0.35,16615.384615384617,319.5931379666864
0.07,0.35,16615.384615384617,322.5986383902814
0.09,0.35,16615.384615384617,324.9542860194817
0.11,0.35,16615.384615384617,326.7637349251679
0.13,0.35,16615.384615384617,328.11112406965424
0.15,0.35,16615.384615384617,329.0632299105873
0.17,0.35,16615.384615384617,329.67010918848104
0.19,0.35,16615.384615384617,329.9651827000835
0.21,0.35,16615.384615384617,329.9651827000835
0.23,0.35,16615.384615384617,329.6701091884811
0.25,0.35,16615.384615384617,329.0632299105873
0.27,0.35,16615.384615384617,328.1111240696543
0.29,0.35,16615.384615384617,326.763734925168
0.31,0.35,16615.384615384617,324.9542860194817
0.33,0.35,16615.384615384617,322.5986383902814
0.35,0.35,16615.384615384617,319.5931379666864
0.37,0.35,16615.384615384617,315.8093546941725
0.39,0.35,16615.384615384617,311.0846424327794
0.01,0.37,16615.384615384617,310.2266317836182
0.03,0.37,16615.384615384617,313.37167433562377
0.05,0.37,16615.384615384617,315.80935469417244
0.07,0.37,16615.384615384617,317.7127625559639
0.09,0.37,16615.384615384617,319.19090669531914
0.11,0.37,16615.384615384617,320.320405297
0.13,0.37,16615.384615384617,321.15888105013926
0.15,0.37,16615.384615384617,321.75026150840444
0.17,0.37,16615.384615384617,322.1267875879623
0.19,0.37,16615.384615384617,322.30974942296723
0.21,0.37,16615.384615384617,322.3097494229672
0.23,0.37,16615.384615384617,322.1267875879623
0.25,0.37,16615.384615384617,321.75026150840444
0.27,0.37,16615.384615384617,321.1588810501393
0.29,0.37,16615.384615384617,320.32040529700004
0.31,0.37,16615.384615384617,319.1909066953191
0.33,0.37,16615.384615384617,317.7127625559639
0.35,0.37,16615.384615384617,315.80935469417244
0.37,0.37,16615.384615384617,313.37167433562377
0.39,0.37,16615.384615384617,310.2266317836182
0.01,0.39,16615.384615384617,309.0559823620245
0.03,0.39,16615.384615384617,310.2266317836182
0.05,0.39,16615.384615384617,311.08464243277945
0.07,0.39,16615.384615384617,311.7412548700888
0.09,0.39,16615.384615384617,312.24706858067805
0.11,0.39,16615.384615384617,312.63214701259875
0.13,0.39,16615.384615384617,312.91745748480804
0.15,0.39,16615.384615384617,313.1184699170147
0.17,0.39,16615.384615384617,313.2463726348447
0.19,0.39,16615.384615384617,313.3085027959591
0.21,0.39,16615.384615384617,313.3085027959592
0.23,0.39,16615.384615384617,313.2463726348447
0.25,0.39,16615.384615384617,313.1184699170147
0.27,0.39,16615.384615384617,312.91745748480804
0.29,0.39,16615.384615384617,312.63214701259875
0.31,0.39,16615.384615384617,312.24706858067805
0.33,0.39,16615.384615384617,311.7412548700888
0.35,0.39,16615.384615384617,311.0846424327794
0.37,0.39,16615.384615384617,310.2266317836182
0.39,0.39,16615.384615384617,309.05598236202445
0.01,0.01,18461.53846153846,308.97649099112294
0.03,0.01,18461.53846153846,310.06111813715296
0.05,0.01,18461.53846153846,310.86982732198794
0.07,0.01,18461.53846153846,311.49956502522167
0.09,0.01,18461.53846153846,311.99293737489364
0.11,0.01,18461.53846153846,312.37451457442535
0.13,0.01,18461.53846153846,312.6612327815544
0.15,0.01,18461.53846153846,312.8656245945796
0.17,0.01,18461.53846153846,312.996838420117
0.19,0.01,18461.53846153846,313.0609316275413
0.21,0.01,18461.53846153846,313.0609316275413
0.23,0.01,18461.53846153846,312.996838420117
0.25,0.01,18461.53846153846,312.8656245945796
0.27,0.01,18461.53846153846,312.6612327815544
0.29,0.01,18461.53846153846,312.3745145744254
0.31,0.01,18461.53846153846,311.9929373748937
0.33,0.01,18461.53846153846,311.49956502522167
0.35,0.01,18461.53846153846,310.86982732198794
0.37,0.01,18461.53846153846,310.06111813715296
0.39,0.01,18461.53846153846,308.97649099112294
0.01,0.03,18461.53846153846,310.061118137153
0.03,0.03,18461.53846153846,312.9918966211498
0.05,0.03,18461.53846153846,315.2986679735914
0.07,0.03,18461.53846153846,317.129685741184
0.09,0.03,18461.53846153846,318.57503942252924
0.11,0.03,18461.53846153846,319.696651308846
0.13,0.03,18461.53846153846,320.5408584303974
0.15,0.03,18461.53846153846,321.1432177175651
0.17,0.03,18461.53846153846,321.53011272483434
0.19,0.03,18461.53846153846,321.7191462859972
0.21,0.03,18461.53846153846,321.7191462859972
0.23,0.03,18461.53846153846,321.53011272483434
0.25,0.03,18461.53846153846,321.1432177175651
0.27,0.03,18461.53846153846,320.5408584303974
0.29,0.03,18461.53846153846,319.696651308846
0.31,0.03,18461.53846153846,318.5750394225292
0.33,0.03,18461.53846153846,317.12968574118395
0.35,0.03,18461.53846153846,315.29866797359136
0.37,0.03,18461.53846153846,312.9918966211497
0.39,0.03,18461.53846153846,310.06111813715296
0.01,0.05,18461.53846153846,310.86982732198794
0.03,0.05,18461.53846153846,315.2986679735914
0.05,0.05,18461.53846153846,318.8968643095926
0.07,0.05,18461.53846153846,321.8000216613193
0.09,0.05,18461.53846153846,324.11158409445534
0.11,0.05,18461.53846153846,325.9139803124666
0.13,0.05,18461.53846153846,327.27434679456434
0.15,0.05,18461.53846153846,328.24658679607774
0.17,0.05,18461.53846153846,328.8716550807231
0.19,0.05,18461.53846153846,329.17721249709444
0.21,0.05,18461.53846153846,329.1772124970945
0.23,0.05,18461.53846153846,328.8716550807231
0.25,0.05,18461.53846153846,328.24658679607774
0.27,0.05,18461.53846153846,327.2743467945643
0.29,0.05,18461.53846153846,325.9139803124666
0.31,0.05,18461.53846153846,324.1115840944553
0.33,0.05,18461.53846153846,321.80002166131925
0.35,0.05,18461.53846153846,318.89686430959256
0.37,0.05,18461.53846153846,315.29866797359136
0.39,0.05,18461.53846153846,310.86982732198794
0.01,0.07,18461.53846153846,311.49956502522167
0.03,0.07,18461.53846153846,317.129685741184
0.05,0.07,18461.53846153846,321.8000216613193
0.07,0.07,18461.53846153846,325.6175048420199
0.09,0.07,18461.53846153846,328.68162145065264
0.11,0.07,18461.53846153846,331.08283850969855
0.13,0.07,18461.53846153846,332.9009274336129
0.15,0.07,18461.53846153846,334.2029039580771
0.17,0.07,18461.53846153846,335.0409913605754
0.19,0.07,18461.53846153846,335.4509525265028
0.21,0.07,18461.53846153846,335.4509525265028
0.23,0.07,18461.53846153846,335.0409913605754
0.25,0.07,18461.53846153846,334.20290395807706
0.27,0.07,18461.53846153846,332.9009274336128
0.29,0.07,18461.53846153846,331.08283850969855
0.31,0.07,18461.53846153846,328.68162145065264
0.33,0.07,18461.53846153846,325.6175048420198
0.35,0.07,18461.53846153846,321.80002166131925
0.37,0.07,18461.53846153846,317.12968574118395
0.39,0.07,18461.53846153846,311.49956502522167
0.01,0.09,18461.53846153846,311.99293737489364
0.03,0.09,18461.53846153846,318.5750394225292
0.05,0.09,18461.53846153846,324.11158409445534
0.07,0.09,18461.53846153846,328.68162145065264
0.09,0.09,18461.53846153846,332.37454202958924
0.11,0.09,18461.53846153846,335.2818101496187
0.13,0.09,18461.53846153846,337.489881514671
0.15,0.09,18461.53846153846,339.0743896497448
0.17,0.09,18461.53846153846,340.09567409243294
0.19,0.09,18461.53846153846,340.5956091247052
0.21,0.09,18461.53846153846,340.5956091247052
0.23,0.09,18461.53846153846,340.095674092433
0.25,0.09,18461.53846153846,339.07438964974483
0.27,0.09,18461.53846153846,337.4898815146711
0.29,0.09,18461.53846153846,335.2818101496188
0.31,0.09,18461.53846153846,332.37454202958924
0.33,0.09,18461.53846153846,328.6816214506526
0.35,0.09,18461.53846153846,324.1115840944553
0.37,0.09,18461.53846153846,318.57503942252924
0.39,0.09,18461.53846153846,311.99293737489364
0.01,0.11,18461.53846153846,312.37451457442535
0.03,0.11,18461.53846153846,319.696651308846
0.05,0.11,18461.53846153846,325.91398031246666
0.07,0.11,18461.53846153846,331.08283850969855
0.09,0.11,18461.53846153846,335.2818101496187
0.11,0.11,18461.53846153846,338.6001734705846
0.13,0.11,18461.53846153846,341.12736103528965
0.15,0.11,18461.53846153846,342.94429393944966
0.17,0.11,18461.53846153846,344.1168298684925
0.19,0.11,18461.53846153846,344.6912040744898
0.21,0.11,18461.53846153846,344.6912040744898
0.23,0.11,18461.53846153846,344.1168298684926
0.25,0.11,18461.53846153846,342.9442939394497
0.27,0.11,18461.53846153846,341.1273610352897
0.29,0.11,18461.53846153846,338.60017347058465
0.31,0.11,18461.53846153846,335.2818101496187
0.33,0.11,18461.53846153846,331.08283850969855
0.35,0.11,18461.53846153846,325.9139803124666
0.37,0.11,18461.53846153846,319.696651308846
0.39,0.11,18461.53846153846,312.37451457442535
0.01,0.13,18461.53846153846,312.6612327815544
0.03,0.13,18461.53846153846,320.5408584303974
0.05,0.13,18461.53846153846,327.27434679456434
0.07,0.13,18461.53846153846,332.9009274336128
0.09,0.13,18461.53846153846,337.489881514671
0.11,0.13,18461.53846153846,341.12736103528965
0.13,0.13,18461.53846153846,343.90374885888696
0.15,0.13,18461.53846153846,345.9030156635177
0.17,0.13,18461.53846153846,347.1945862018894
0.19,0.13,18461.53846153846,347.82765439226586
0.21,0.13,18461.53846153846,347.82765439226586
0.23,0.13,18461.53846153846,347.1945862018894
0.25,0.13,18461.53846153846,345.90301566351786
0.27,0.13,18461.53846153846,343.90374885888707
0.29,0.13,18461.53846153846,341.12736103528965
0.31,0.13,18461.53846153846,337.4898815146711
0.33,0.13,18461.53846153846,332.9009274336128
0.35,0.13,18461.53846153846,327.27434679456434
0.37,0.13,18461.53846153846,320.5408584303974
0.39,0.13,18461.53846153846,312.6612327815544
0.01,0.15,18461.53846153846,312.8656245945796
0.03,0.15,18461.53846153846,321.14321771756505
0.05,0.15,18461.53846153846,328.24658679607774
0.07,0.15,18461.53846153846,334.20290395807706
0.09,0.15,18461.53846153846,339.07438964974483
0.11,0.15,18461.53846153846,342.94429393944966
0.13,0.15,18461.53846153846,345.9030156635177
0.15,0.15,18461.53846153846,348.0361758600018
0.17,0.15,18461.53846153846,349.41538444336777
0.19,0.15,18461.53846153846,350.0917327656979
0.21,0.15,18461.53846153846,350.0917327656979
0.23,0.15,18461.53846153846,349.4153844433678
0.25,0.15,18461.53846153846,348.03617586000183
0.27,0.15,18461.53846153846,345.9030156635177
0.29,0.15,18461.53846153846,342.9442939394497
0.31,0.15,18461.53846153846,339.07438964974483
0.33,0.15,18461.53846153846,334.20290395807706
0.35,0.15,18461.53846153846,328.24658679607774
0.37,0.15,18461.53846153846,321.1432177175651
0.39,0.15,18461.53846153846,312.8656245945796
0.01,0.17,18461.53846153846,312.99683842011694
0.03,0.17,18461.53846153846,321.5301127248343
0.05,0.17,18461.53846153846,328.87165508072303
0.07,0.17,18461.53846153846,335.0409913605754
0.09,0.17,18461.53846153846,340.09567409243306
0.11,0.17,18461.53846153846,344.1168298684926
0.13,0.17,18461.53846153846,347.19458620188936
0.15,0.17,18461.53846153846,349.4153844433677
0.17,0.17,18461.53846153846,350.8520641450772
0.19,0.17,18461.53846153846,351.5568272755364
0.21,0.17,18461.53846153846,351.5568272755364
0.23,0.17,18461.53846153846,350.8520641450771
0.25,0.17,18461.53846153846,349.41538444336777
0.27,0.17,18461.53846153846,347.19458620188936
0.29,0.17,18461.53846153846,344.1168298684925
0.31,0.17,18461.53846153846,340.095674092433
0.33,0.17,18461.53846153846,335.04099136057533
0.35,0.17,18461.53846153846,328.87165508072303
0.37,0.17,18461.53846153846,321.53011272483434
0.39,0.17,18461.53846153846,312.99683842011694
0.01,0.19,18461.53846153846,313.0609316275413
0.03,0.19,18461.53846153846,321.7191462859972
0.05,0.19,18461.53846153846,329.17721249709444
0.07,0.19,18461.53846153846,335.4509525265028
0.09,0.19,18461.53846153846,340.5956091247052
0.11,0.19,18461.53846153846,344.6912040744898
0.13,0.19,18461.53846153846,347.82765439226586
0.15,0.19,18461.53846153846,350.0917327656978
0.17,0.19,18461.53846153846,351.5568272755364
0.19,0.19,18461.53846153846,352.27564909411313
0.21,0.19,18461.53846153846,352.2756490941131
0.23,0.19,18461.53846153846,351.5568272755364
0.25,0.19,18461.53846153846,350.09173276569777
0.27,0.19,18461.53846153846,347.8276543922658
0.29,0.19,18461.53846153846,344.6912040744897
0.31,0.19,18461.53846153846,340.5956091247052
0.33,0.19,18461.53846153846,335.4509525265028
0.35,0.19,18461.53846153846,329.1772124970945
0.37,0.19,18461.53846153846,321.7191462859972
0.39,0.19,18461.53846153846,313.0609316275413
0.01,0.21,18461.53846153846,313.06093162754127
0.03,0.21,18461.53846153846,321.7191462859971
0.05,0.21,18461.53846153846,329.1772124970944
0.07,0.21,18461.53846153846,335.4509525265027
0.09,0.21,18461.53846153846,340.5956091247052
0.11,0.21,18461.53846153846,344.69120407448975
0.13,0.21,18461.53846153846,347.82765439226586
0.15,0.21,18461.53846153846,350.0917327656978
0.17,0.21,18461.53846153846,351.5568272755364
0.19,0.21,18461.53846153846,352.2756490941131
0.21,0.21,18461.53846153846,352.2756490941131
0.23,0.21,18461.53846153846,351.5568272755364
0.25,0.21,18461.53846153846,350.0917327656978
0.27,0.21,18461.53846153846,347.82765439226574
0.29,0.21,18461.53846153846,344.6912040744897
0.31,0.21,18461.53846153846,340.5956091247052
0.33,0.21,18461.53846153846,335.4509525265027
0.35,0.21,18461.53846153846,329.17721249709444
0.37,0.21,18461.53846153846,321.7191462859972
0.39,0.21,18461.53846153846,313.0609316275413
0.01,0.23,18461.53846153846,312.99683842011694
0.03,0.23,18461.53846153846,321.5301127248342
0.05,0.23,18461.53846153846,328.871655080723
0.07,0.23,18461.53846153846,335.04099136057533
0.09,0.23,18461.53846153846,340.09567409243294
0.11,0.23,18461.53846153846,344.1168298684925
0.13,0.23,18461.53846153846,347.19458620188936
0.15,0.23,18461.53846153846,349.4153844433677
0.17,0.23,18461.53846153846,350.8520641450771
0.19,0.23,18461.53846153846,351.5568272755364
0.21,0.23,18461.53846153846,351.5568272755363
0.23,0.23,18461.53846153846,350.85206414507707
0.25,0.23,18461.53846153846,349.4153844433677
0.27,0.23,18461.53846153846,347.1945862018893
0.29,0.23,18461.53846153846,344.11682986849246
0.31,0.23,18461.53846153846,340.09567409243294
0.33,0.23,18461.53846153846,335.04099136057533
0.35,0.23,18461.53846153846,328.87165508072303
0.37,0.23,18461.53846153846,321.53011272483434
0.39,0.23,18461.53846153846,312.99683842011694
0.01,0.25,18461.53846153846,312.8656245945796
0.03,0.25,18461.53846153846,321.14321771756505
0.05,0.25,18461.53846153846,328.2465867960776
0.07,0.25,18461.53846153846,334.202903958077
0.09,0.25,18461.53846153846,339.07438964974483
0.11,0.25,18461.53846153846,342.94429393944966
0.13,0.25,18461.53846153846,345.9030156635177
0.15,0.25,18461.53846153846,348.0361758600017
0.17,0.25,18461.53846153846,349.41538444336766
0.19,0.25,18461.53846153846,350.09173276569777
0.21,0.25,18461.53846153846,350.0917327656978
0.23,0.25,18461.53846153846,349.4153844433677
0.25,0.25,18461.53846153846,348.0361758600018
0.27,0.25,18461.53846153846,345.9030156635177
0.29,0.25,18461.53846153846,342.94429393944966
0.31,0.25,18461.53846153846,339.0743896497448
0.33,0.25,18461.53846153846,334.202903958077
0.35,0.25,18461.53846153846,328.24658679607774
0.37,0.25,18461.53846153846,321.1432177175651
0.39,0.25,18461.53846153846,312.8656245945796
0.01,0.27,18461.53846153846,312.6612327815543
0.03,0.27,18461.53846153846,320.5408584303973
0.05,0.27,18461.53846153846,327.2743467945642
0.07,0.27,18461.53846153846,332.9009274336128
0.09,0.27,18461.53846153846,337.4898815146711
0.11,0.27,18461.53846153846,341.12736103528965
0.13,0.27,18461.53846153846,343.90374885888696
0.15,0.27,18461.53846153846,345.9030156635177
0.17,0.27,18461.53846153846,347.19458620188936
0.19,0.27,18461.53846153846,347.8276543922658
0.21,0.27,18461.53846153846,347.82765439226586
0.23,0.27,18461.53846153846,347.1945862018894
0.25,0.27,18461.53846153846,345.9030156635178
0.27,0.27,18461.53846153846,343.903748858887
0.29,0.27,18461.53846153846,341.12736103528965
0.31,0.27,18461.53846153846,337.489881514671
0.33,0.27,18461.53846153846,332.9009274336128
0.35,0.27,18461.53846153846,327.2743467945643
0.37,0.27,18461.53846153846,320.5408584303974
0.39,0.27,18461.53846153846,312.6612327815544
0.01,0.29,18461.53846153846,312.37451457442535
0.03,0.29,18461.53846153846,319.6966513088459
0.05,0.29,18461.53846153846,325.9139803124665
0.07,0.29,18461.53846153846,331.0828385096985
0.09,0.29,18461.53846153846,335.2818101496187
0.11,0.29,18461.53846153846,338.6001734705846
0.13,0.29,18461.53846153846,341.1273610352896
0.15,0.29,18461.53846153846,342.94429393944966
0.17,0.29,18461.53846153846,344.1168298684925
0.19,0.29,18461.53846153846,344.6912040744897
0.21,0.29,18461.53846153846,344.69120407448975
0.23,0.29,18461.53846153846,344.1168298684926
0.25,0.29,18461.53846153846,342.9442939394497
0.27,0.29,18461.53846153846,341.12736103528965
0.29,0.29,18461.53846153846,338.6001734705846
0.31,0.29,18461.53846153846,335.2818101496187
0.33,0.29,18461.53846153846,331.08283850969843
0.35,0.29,18461.53846153846,325.9139803124665
0.37,0.29,18461.53846153846,319.696651308846
0.39,0.29,18461.53846153846,312.3745145744254
0.01,0.31,18461.53846153846,311.99293737489364
0.03,0.31,18461.53846153846,318.5750394225292
0.05,0.31,18461.53846153846,324.1115840944552
0.07,0.31,18461.53846153846,328.6816214506526
0.09,0.31,18461.53846153846,332.3745420295892
0.11,0.31,18461.53846153846,335.2818101496187
0.13,0.31,18461.53846153846,337.4898815146711
0.15,0.31,18461.53846153846,339.0743896497448
0.17,0.31,18461.53846153846,340.09567409243294
0.19,0.31,18461.53846153846,340.5956091247052
0.21,0.31,18461.53846153846,340.5956091247053
0.23,0.31,18461.53846153846,340.095674092433
0.25,0.31,18461.53846153846,339.07438964974483
0.27,0.31,18461.53846153846,337.4898815146711
0.29,0.31,18461.53846153846,335.2818101496187
0.31,0.31,18461.53846153846,332.3745420295892
0.33,0.31,18461.53846153846,328.68162145065253
0.35,0.31,18461.53846153846,324.1115840944552
0.37,0.31,18461.53846153846,318.5750394225292
0.39,0.31,18461.53846153846,311.99293737489364
0.01,0.33,18461.53846153846,311.49956502522167
0.03,0.33,18461.53846153846,317.12968574118395
0.05,0.33,18461.53846153846,321.80002166131925
0.07,0.33,18461.53846153846,325.61750484201986
0.09,0.33,18461.53846153846,328.68162145065253
0.11,0.33,18461.53846153846,331.08283850969843
0.13,0.33,18461.53846153846,332.9009274336128
0.15,0.33,18461.53846153846,334.202903958077
0.17,0.33,18461.53846153846,335.0409913605754
0.19,0.33,18461.53846153846,335.4509525265028
0.21,0.33,18461.53846153846,335.4509525265028
0.23,0.33,18461.53846153846,335.0409913605754
0.25,0.33,18461.53846153846,334.20290395807706
0.27,0.33,18461.53846153846,332.9009274336128
0.29,0.33,18461.53846153846,331.08283850969843
0.31,0.33,18461.53846153846,328.68162145065253
0.33,0.33,18461.53846153846,325.6175048420198
0.35,0.33,18461.53846153846,321.80002166131925
0.37,0.33,18461.53846153846,317.12968574118395
0.39,0.33,18461.53846153846,311.49956502522167
0.01,0.35,18461.53846153846,310.86982732198794
0.03,0.35,18461.53846153846,315.29866797359136
0.05,0.35,18461.53846153846,318.8968643095926
0.07,0.35,18461.53846153846,321.80002166131925
0.09,0.35,18461.53846153846,324.1115840944553
0.11,0.35,18461.53846153846,325.9139803124665
0.13,0.35,18461.53846153846,327.2743467945643
0.15,0.35,18461.53846153846,328.24658679607774
0.17,0.35,18461.53846153846,328.8716550807231
0.19,0.35,18461.53846153846,329.1772124970945
0.21,0.35,18461.53846153846,329.1772124970945
0.23,0.35,18461.53846153846,328.8716550807231
0.25,0.35,18461.53846153846,328.24658679607774
0.27,0.35,18461.53846153846,327.27434679456434
0.29,0.35,18461.53846153846,325.9139803124665
0.31,0.35,18461.53846153846,324.1115840944552
0.33,0.35,18461.53846153846,321.8000216613192
0.35,0.35,18461.53846153846,318.89686430959256
0.37,0.35,18461.53846153846,315.29866797359136
0.39,0.35,18461.53846153846,310.86982732198794
0.01,0.37,18461.53846153846,310.06111813715296
0.03,0.37,18461.53846153846,312.9918966211497
0.05,0.37,18461.53846153846,315.2986679735914
0.07,0.37,18461.53846153846,317.12968574118395
0.09,0.37,18461.53846153846,318.5750394225292
0.11,0.37,18461.53846153846,319.6966513088459
0.13,0.37,18461.53846153846,320.5408584303973
0.15,0.37,18461.53846153846,321.14321771756505
0.17,0.37,18461.53846153846,321.5301127248343
0.19,0.37,18461.53846153846,321.7191462859972
0.21,0.37,18461.53846153846,321.7191462859972
0.23,0.37,18461.53846153846,321.53011272483434
0.25,0.37,18461.53846153846,321.14321771756505
0.27,0.37,18461.53846153846,320.5408584303973
0.29,0.37,18461.53846153846,319.696651308846
0.31,0.37,18461.53846153846,318.5750394225292
0.33,0.37,18461.53846153846,317.1296857411839
0.35,0.37,18461.53846153846,315.2986679735913
0.37,0.37,18461.53846153846,312.9918966211497
0.39,0.37,18461.53846153846,310.06111813715296
0.01,0.39,18461.53846153846,308.97649099112294
0.03,0.39,18461.53846153846,310.061118137153
0.05,0.39,18461.53846153846,310.869827321988
0.07,0.39,18461.53846153846,311.49956502522167
0.09,0.39,18461.53846153846,311.99293737489364
0.11,0.39,18461.53846153846,312.37451457442535
0.13,0.39,18461.53846153846,312.6612327815544
0.15,0.39,18461.53846153846,312.8656245945796
0.17,0.39,18461.53846153846,312.99683842011694
0.19,0.39,18461.53846153846,313.0609316275413
0.21,0.39,18461.53846153846,313.0609316275413
0.23,0.39,18461.53846153846,312.99683842011694
0.25,0.39,18461.53846153846,312.8656245945796
0.27,0.39,18461.53846153846,312.6612327815544
0.29,0.39,18461.53846153846,312.37451457442535
0.31,0.39,18461.53846153846,311.99293737489364
0.33,0.39,18461.53846153846,311.4995650252216
0.35,0.39,18461.53846153846,310.86982732198794
0.37,0.39,18461.53846153846,310.06111813715296
0.39,0.39,18461.53846153846,308.97649099112294
0.01,0.01,20307.69230769231,308.90470033246135
0.03,0.01,20307.69230769231,309.9072863059276
0.05,0.01,20307.69230769231,310.665145526148
0.07,0.01,20307.69230769231,311.26369818587216
0.09,0.01,20307.69230769231,311.73922149266406
0.11,0.01,20307.69230769231,312.11186046674817
0.13,0.01,20307.69230769231,312.39518138710395
0.15,0.01,20307.69230769231,312.59915647797965
0.17,0.01,20307.69230769231,312.7310856699545
0.19,0.01,20307.69230769231,312.7958299080792
0.21,0.01,20307.69230769231,312.7958299080792
0.23,0.01,20307.69230769231,312.7310856699545
0.25,0.01,20307.69230769231,312.59915647797965
0.27,0.01,20307.69230769231,312.39518138710395
0.29,0.01,20307.69230769231,312.1118604667482
0.31,0.01,20307.69230769231,311.73922149266406
0.33,0.01,20307.69230769231,311.26369818587216
0.35,0.01,20307.69230769231,310.6651455261479
0.37,0.01,20307.69230769231,309.9072863059276
0.39,0.01,20307.69230769231,308.90470033246135
0.01,0.03,20307.69230769231,309.9072863059276
0.03,0.03,20307.69230769231,312.62876910047544
0.05,0.03,20307.69230769231,314.7974006051421
0.07,0.03,20307.69230769231,316.5420313799869
0.09,0.03,20307.69230769231,317.93795287025614
0.11,0.03,20307.69230769231,319.03525428824383
0.13,0.03,20307.69230769231,319.8708047409331
0.15,0.03,20307.69230769231,320.4728303138157
0.17,0.03,20307.69230769231,320.86238006974963
0.19,0.03,20307.69230769231,321.053591882741
0.21,0.03,20307.69230769231,321.053591882741
0.23,0.03,20307.69230769231,320.8623800697497
0.25,0.03,20307.69230769231,320.4728303138157
0.27,0.03,20307.69230769231,319.8708047409332
0.29,0.03,20307.69230769231,319.0352542882439
0.31,0.03,20307.69230769231,317.93795287025614
0.33,0.03,20307.69230769231,316.5420313799869
0.35,0.03,20307.69230769231,314.79740060514206
0.37,0.03,20307.69230769231,312.6287691004754
0.39,0.03,20307.69230769231,309.9072863059276
0.01,0.05,20307.69230769231,310.665145526148
0.03,0.05,20307.69230769231,314.7974006051421
0.05,0.05,20307.69230769231,318.1937468140115
0.07,0.05,20307.69230769231,320.96942103604016
0.09,0.05,20307.69230769231,323.2085720659233
0.11,0.05,20307.69230769231,324.97655285320747
0.13,0.05,20307.69230769231,326.3261800451172
0.15,0.05,20307.69230769231,327.3000182231259
0.17,0.05,20307.69230769231,327.93067926764826
0.19,0.05,20307.69230769231,328.24037473443565
0.21,0.05,20307.69230769231,328.24037473443565
0.23,0.05,20307.69230769231,327.93067926764826
0.25,0.05,20307.69230769231,327.3000182231259
0.27,0.05,20307.69230769231,326.3261800451172
0.29,0.05,20307.69230769231,324.97655285320747
0.31,0.05,20307.69230769231,323.2085720659233
0.33,0.05,20307.69230769231,320.9694210360401
0.35,0.05,20307.69230769231,318.1937468140114
0.37,0.05,20307.69230769231,314.797400605142
0.39,0.05,20307.69230769231,310.6651455261479
0.01,0.07,20307.69230769231,311.26369818587216
0.03,0.07,20307.69230769231,316.5420313799869
0.05,0.07,20307.69230769231,320.96942103604016
0.07,0.07,20307.69230769231,324.6333114697523
0.09,0.07,20307.69230769231,327.6116191813136
0.11,0.07,20307.69230769231,329.9742450669811
0.13,0.07,20307.69230769231,331.78304110155784
0.15,0.07,20307.69230769231,333.0905420307819
0.17,0.07,20307.69230769231,333.9381973427318
0.19,0.07,20307.69230769231,334.35469060982206
0.21,0.07,20307.69230769231,334.35469060982206
0.23,0.07,20307.69230769231,333.9381973427318
0.25,0.07,20307.69230769231,333.0905420307819
0.27,0.07,20307.69230769231,331.78304110155784
0.29,0.07,20307.69230769231,329.97424506698104
0.31,0.07,20307.69230769231,327.6116191813136
0.33,0.07,20307.69230769231,324.6333114697523
0.35,0.07,20307.69230769231,320.9694210360401
0.37,0.07,20307.69230769231,316.5420313799869
0.39,0.07,20307.69230769231,311.2636981858721
0.01,0.09,20307.69230769231,311.739221492664
0.03,0.09,20307.69230769231,317.93795287025614
0.05,0.09,20307.69230769231,323.20857206592336
0.07,0.09,20307.69230769231,327.6116191813136
0.09,0.09,20307.69230769231,331.2136781457233
0.11,0.09,20307.69230769231,334.0833314183815
0.13,0.09,20307.69230769231,336.2865334155508
0.15,0.09,20307.69230769231,337.88208213609107
0.17,0.09,20307.69230769231,338.9176737930913
0.19,0.09,20307.69230769231,339.4268305191196
0.21,0.09,20307.69230769231,339.4268305191196
0.23,0.09,20307.69230769231,338.9176737930914
0.25,0.09,20307.69230769231,337.88208213609107
0.27,0.09,20307.69230769231,336.2865334155508
0.29,0.09,20307.69230769231,334.08333141838153
0.31,0.09,20307.69230769231,331.2136781457233
0.33,0.09,20307.69230769231,327.6116191813136
0.35,0.09,20307.69230769231,323.20857206592336
0.37,0.09,20307.69230769231,317.93795287025614
0.39,0.09,20307.69230769231,311.739221492664
0.01,0.11,20307.69230769231,312.11186046674817
0.03,0.11,20307.69230769231,319.03525428824383
0.05,0.11,20307.69230769231,324.9765528532075
0.07,0.11,20307.69230769231,329.97424506698104
0.09,0.11,20307.69230769231,334.0833314183815
0.11,0.11,20307.69230769231,337.36864004083253
0.13,0.11,20307.69230769231,339.89727988625515
0.15,0.11,20307.69230769231,341.7316277457214
0.17,0.11,20307.69230769231,342.9235157774736
0.19,0.11,20307.69230769231,343.50987497806216
0.21,0.11,20307.69230769231,343.50987497806216
0.23,0.11,20307.69230769231,342.9235157774736
0.25,0.11,20307.69230769231,341.7316277457215
0.27,0.11,20307.69230769231,339.89727988625515
0.29,0.11,20307.69230769231,337.3686400408326
0.31,0.11,20307.69230769231,334.0833314183815
0.33,0.11,20307.69230769231,329.97424506698104
0.35,0.11,20307.69230769231,324.9765528532074
0.37,0.11,20307.69230769231,319.0352542882438
0.39,0.11,20307.69230769231,312.11186046674817
0.01,0.13,20307.69230769231,312.39518138710395
0.03,0.13,20307.69230769231,319.8708047409332
0.05,0.13,20307.69230769231,326.3261800451172
0.07,0.13,20307.69230769231,331.78304110155784
0.09,0.13,20307.69230769231,336.2865334155508
0.11,0.13,20307.69230769231,339.8972798862551
0.13,0.13,20307.69230769231,342.6820729235985
0.15,0.13,20307.69230769231,344.7051354408861
0.17,0.13,20307.69230769231,346.0208827729125
0.19,0.13,20307.69230769231,346.6685217802364
0.21,0.13,20307.69230769231,346.6685217802364
0.23,0.13,20307.69230769231,346.0208827729125
0.25,0.13,20307.69230769231,344.7051354408862
0.27,0.13,20307.69230769231,342.6820729235986
0.29,0.13,20307.69230769231,339.89727988625515
0.31,0.13,20307.69230769231,336.2865334155508
0.33,0.13,20307.69230769231,331.78304110155784
0.35,0.13,20307.69230769231,326.3261800451172
0.37,0.13,20307.69230769231,319.8708047409331
0.39,0.13,20307.69230769231,312.3951813871039
0.01,0.15,20307.69230769231,312.5991564779796
0.03,0.15,20307.69230769231,320.4728303138157
0.05,0.15,20307.69230769231,327.30001822312585
0.07,0.15,20307.69230769231,333.0905420307819
0.09,0.15,20307.69230769231,337.88208213609107
0.11,0.15,20307.69230769231,341.7316277457215
0.13,0.15,20307.69230769231,344.7051354408862
0.15,0.15,20307.69230769231,346.86766739773725
0.17,0.15,20307.69230769231,348.2751581497032
0.19,0.15,20307.69230769231,348.96824811023936
0.21,0.15,20307.69230769231,348.96824811023936
0.23,0.15,20307.69230769231,348.2751581497032
0.25,0.15,20307.69230769231,346.8676673977373
0.27,0.15,20307.69230769231,344.7051354408862
0.29,0.15,20307.69230769231,341.73162774572154
0.31,0.15,20307.69230769231,337.8820821360911
0.33,0.15,20307.69230769231,333.09054203078193
0.35,0.15,20307.69230769231,327.3000182231259
0.37,0.15,20307.69230769231,320.4728303138157
0.39,0.15,20307.69230769231,312.59915647797965
0.01,0.17,20307.69230769231,312.7310856699545
0.03,0.17,20307.69230769231,320.86238006974963
0.05,0.17,20307.69230769231,327.9306792676482
0.07,0.17,20307.69230769231,333.9381973427318
0.09,0.17,20307.69230769231,338.9176737930914
0.11,0.17,20307.69230769231,342.9235157774736
0.13,0.17,20307.69230769231,346.0208827729125
0.15,0.17,20307.69230769231,348.27515814970315
0.17,0.17,20307.69230769231,349.74309611332166
0.19,0.17,20307.69230769231,350.46616180193257
0.21,0.17,20307.69230769231,350.46616180193257
0.23,0.17,20307.69230769231,349.7430961133217
0.25,0.17,20307.69230769231,348.2751581497032
0.27,0.17,20307.69230769231,346.02088277291256
0.29,0.17,20307.69230769231,342.9235157774736
0.31,0.17,20307.69230769231,338.9176737930914
0.33,0.17,20307.69230769231,333.9381973427319
0.35,0.17,20307.69230769231,327.93067926764826
0.37,0.17,20307.69230769231,320.8623800697497
0.39,0.17,20307.69230769231,312.7310856699545
0.01,0.19,20307.69230769231,312.7958299080792
0.03,0.19,20307.69230769231,321.053591882741
0.05,0.19,20307.69230769231,328.24037473443565
0.07,0.19,20307.69230769231,334.35469060982206
0.09,0.19,20307.69230769231,339.4268305191196
0.11,0.19,20307.69230769231,343.5098749780622
0.13,0.19,20307.69230769231,346.6685217802364
0.15,0.19,20307.69230769231,348.96824811023936
0.17,0.19,20307.69230769231,350.4661618019325
0.19,0.19,20307.69230769231,351.204101287682
0.21,0.19,20307.69230769231,351.204101287682
0.23,0.19,20307.69230769231,350.46616180193257
0.25,0.19,20307.69230769231,348.96824811023936
0.27,0.19,20307.69230769231,346.6685217802364
0.29,0.19,20307.69230769231,343.5098749780622
0.31,0.19,20307.69230769231,339.4268305191196
0.33,0.19,20307.69230769231,334.3546906098221
0.35,0.19,20307.69230769231,328.2403747344357
0.37,0.19,20307.69230769231,321.05359188274105
0.39,0.19,20307.69230769231,312.7958299080792
0.01,0.21,20307.69230769231,312.7958299080792
0.03,0.21,20307.69230769231,321.053591882741
0.05,0.21,20307.69230769231,328.24037473443565
0.07,0.21,20307.69230769231,334.35469060982206
0.09,0.21,20307.69230769231,339.4268305191196
0.11,0.21,20307.69230769231,343.5098749780622
0.13,0.21,20307.69230769231,346.6685217802364
0.15,0.21,20307.69230769231,348.96824811023936
0.17,0.21,20307.69230769231,350.46616180193257
0.19,0.21,20307.69230769231,351.2041012876821
0.21,0.21,20307.69230769231,351.2041012876821
0.23,0.21,20307.69230769231,350.4661618019326
0.25,0.21,20307.69230769231,348.9682481102394
0.27,0.21,20307.69230769231,346.66852178023635
0.29,0.21,20307.69230769231,343.50987497806216
0.31,0.21,20307.69230769231,339.4268305191196
0.33,0.21,20307.69230769231,334.3546906098221
0.35,0.21,20307.69230769231,328.2403747344357
0.37,0.21,20307.69230769231,321.05359188274105
0.39,0.21,20307.69230769231,312.7958299080792
0.01,0.23,20307.69230769231,312.7310856699545
0.03,0.23,20307.69230769231,320.86238006974963
0.05,0.23,20307.69230769231,327.93067926764826
0.07,0.23,20307.69230769231,333.9381973427318
0.09,0.23,20307.69230769231,338.91767379309147
0.11,0.23,20307.69230769231,342.9235157774737
0.13,0.23,20307.69230769231,346.02088277291256
0.15,0.23,20307.69230769231,348.27515814970326
0.17,0.23,20307.69230769231,349.74309611332177
0.19,0.23,20307.69230769231,350.46616180193257
0.21,0.23,20307.69230769231,350.4661618019326
0.23,0.23,20307.69230769231,349.74309611332177
0.25,0.23,20307.69230769231,348.2751581497032
0.27,0.23,20307.69230769231,346.02088277291256
0.29,0.23,20307.69230769231,342.92351577747365
0.31,0.23,20307.69230769231,338.91767379309147
0.33,0.23,20307.69230769231,333.9381973427319
0.35,0.23,20307.69230769231,327.9306792676483
0.37,0.23,20307.69230769231,320.8623800697497
0.39,0.23,20307.69230769231,312.7310856699545
0.01,0.25,20307.69230769231,312.59915647797965
0.03,0.25,20307.69230769231,320.47283031381573
0.05,0.25,20307.69230769231,327.3000182231259
0.07,0.25,20307.69230769231,333.09054203078193
0.09,0.25,20307.69230769231,337.88208213609107
0.11,0.25,20307.69230769231,341.73162774572154
0.13,0.25,20307.69230769231,344.70513544088624
0.15,0.25,20307.69230769231,346.86766739773736
0.17,0.25,20307.69230769231,348.27515814970326
0.19,0.25,20307.69230769231,348.96824811023936
0.21,0.25,20307.69230769231,348.9682481102394
0.23,0.25,20307.69230769231,348.2751581497032
0.25,0.25,20307.69230769231,346.8676673977373
0.27,0.25,20307.69230769231,344.7051354408862
0.29,0.25,20307.69230769231,341.7316277457215
0.31,0.25,20307.69230769231,337.8820821360911
0.33,0.25,20307.69230769231,333.09054203078193
0.35,0.25,20307.69230769231,327.300018223126
0.37,0.25,20307.69230769231,320.47283031381573
0.39,0.25,20307.69230769231,312.59915647797965
0.01,0.27,20307.69230769231,312.39518138710395
0.03,0.27,20307.69230769231,319.8708047409332
0.05,0.27,20307.69230769231,326.32618004511727
0.07,0.27,20307.69230769231,331.7830411015579
0.09,0.27,20307.69230769231,336.2865334155508
0.11,0.27,20307.69230769231,339.89727988625515
0.13,0.27,20307.69230769231,342.6820729235986
0.15,0.27,20307.69230769231,344.70513544088624
0.17,0.27,20307.69230769231,346.0208827729126
0.19,0.27,20307.69230769231,346.66852178023646
0.21,0.27,20307.69230769231,346.66852178023646
0.23,0.27,20307.69230769231,346.0208827729126
0.25,0.27,20307.69230769231,344.70513544088624
0.27,0.27,20307.69230769231,342.6820729235986
0.29,0.27,20307.69230769231,339.89727988625515
0.31,0.27,20307.69230769231,336.2865334155508
0.33,0.27,20307.69230769231,331.78304110155784
0.35,0.27,20307.69230769231,326.32618004511727
0.37,0.27,20307.69230769231,319.8708047409332
0.39,0.27,20307.69230769231,312.39518138710395
0.01,0.29,20307.69230769231,312.1118604667482
0.03,0.29,20307.69230769231,319.03525428824383
0.05,0.29,20307.69230769231,324.97655285320747
0.07,0.29,20307.69230769231,329.9742450669811
0.09,0.29,20307.69230769231,334.08333141838153
0.11,0.29,20307.69230769231,337.3686400408326
0.13,0.29,20307.69230769231,339.89727988625515
0.15,0.29,20307.69230769231,341.7316277457215
0.17,0.29,20307.69230769231,342.9235157774737
0.19,0.29,20307.69230769231,343.50987497806227
0.21,0.29,20307.69230769231,343.50987497806227
0.23,0.29,20307.69230769231,342.9235157774737
0.25,0.29,20307.69230769231,341.73162774572154
0.27,0.29,20307.69230769231,339.8972798862552
0.29,0.29,20307.69230769231,337.3686400408327
0.31,0.29,20307.69230769231,334.08333141838153
0.33,0.29,20307.69230769231,329.97424506698104
0.35,0.29,20307.69230769231,324.97655285320747
0.37,0.29,20307.69230769231,319.03525428824383
0.39,0.29,20307.69230769231,312.1118604667482
0.01,0.31,20307.69230769231,311.73922149266406
0.03,0.31,20307.69230769231,317.93795287025614
0.05,0.31,20307.69230769231,323.20857206592336
0.07,0.31,20307.69230769231,327.6116191813136
0.09,0.31,20307.69230769231,331.2136781457234
0.11,0.31,20307.69230769231,334.08333141838153
0.13,0.31,20307.69230769231,336.2865334155508
0.15,0.31,20307.69230769231,337.88208213609107
0.17,0.31,20307.69230769231,338.91767379309147
0.19,0.31,20307.69230769231,339.42683051911973
0.21,0.31,20307.69230769231,339.42683051911973
0.23,0.31,20307.69230769231,338.9176737930915
0.25,0.31,20307.69230769231,337.8820821360912
0.27,0.31,20307.69230769231,336.2865334155509
0.29,0.31,20307.69230769231,334.08333141838153
0.31,0.31,20307.69230769231,331.2136781457233
0.33,0.31,20307.69230769231,327.6116191813136
0.35,0.31,20307.69230769231,323.20857206592336
0.37,0.31,20307.69230769231,317.93795287025614
0.39,0.31,20307.69230769231,311.73922149266406
0.01,0.33,20307.69230769231,311.26369818587216
0.03,0.33,20307.69230769231,316.5420313799869
0.05,0.33,20307.69230769231,320.96942103604016
0.07,0.33,20307.69230769231,324.6333114697524
0.09,0.33,20307.69230769231,327.6116191813136
0.11,0.33,20307.69230769231,329.9742450669811
0.13,0.33,20307.69230769231,331.78304110155784
0.15,0.33,20307.69230769231,333.0905420307819
0.17,0.33,20307.69230769231,333.9381973427319
0.19,0.33,20307.69230769231,334.35469060982217
0.21,0.33,20307.69230769231,334.35469060982217
0.23,0.33,20307.69230769231,333.9381973427319
0.25,0.33,20307.69230769231,333.09054203078193
0.27,0.33,20307.69230769231,331.7830411015579
0.29,0.33,20307.69230769231,329.9742450669811
0.31,0.33,20307.69230769231,327.6116191813136
0.33,0.33,20307.69230769231,324.6333114697523
0.35,0.33,20307.69230769231,320.9694210360401
0.37,0.33,20307.69230769231,316.5420313799869
0.39,0.33,20307.69230769231,311.26369818587216
0.01,0.35,20307.69230769231,310.6651455261479
0.03,0.35,20307.69230769231,314.7974006051421
0.05,0.35,20307.69230769231,318.1937468140115
0.07,0.35,20307.69230769231,320.96942103604016
0.09,0.35,20307.69230769231,323.20857206592336
0.11,0.35,20307.69230769231,324.97655285320747
0.13,0.35,20307.69230769231,326.3261800451172
0.15,0.35,20307.69230769231,327.3000182231259
0.17,0.35,20307.69230769231,327.93067926764826
0.19,0.35,20307.69230769231,328.2403747344357
0.21,0.35,20307.69230769231,328.2403747344357
0.23,0.35,20307.69230769231,327.9306792676483
0.25,0.35,20307.69230769231,327.3000182231259
0.27,0.35,20307.69230769231,326.32618004511727
0.29,0.35,20307.69230769231,324.9765528532075
0.31,0.35,20307.69230769231,323.20857206592336
0.33,0.35,20307.69230769231,320.9694210360401
0.35,0.35,20307.69230769231,318.1937468140114
0.37,0.35,20307.69230769231,314.79740060514206
0.39,0.35,20307.69230769231,310.665145526148
0.01,0.37,20307.69230769231,309.90728630592764
0.03,0.37,20307.69230769231,312.62876910047544
0.05,0.37,20307.69230769231,314.7974006051421
0.07,0.37,20307.69230769231,316.5420313799869
0.09,0.37,20307.69230769231,317.93795287025614
0.11,0.37,20307.69230769231,319.03525428824383
0.13,0.37,20307.69230769231,319.8708047409332
0.15,0.37,20307.69230769231,320.47283031381573
0.17,0.37,20307.69230769231,320.8623800697497
0.19,0.37,20307.69230769231,321.0535918827411
0.21,0.37,20307.69230769231,321.05359188274105
0.23,0.37,20307.69230769231,320.8623800697497
0.25,0.37,20307.69230769231,320.4728303138157
0.27,0.37,20307.69230769231,319.8708047409332
0.29,0.37,20307.69230769231,319.03525428824383
0.31,0.37,20307.69230769231,317.93795287025614
0.33,0.37,20307.69230769231,316.5420313799869
0.35,0.37,20307.69230769231,314.79740060514206
0.37,0.37,20307.69230769231,312.6287691004754
0.39,0.37,20307.69230769231,309.9072863059276
0.01,0.39,20307.69230769231,308.90470033246135
0.03,0.39,20307.69230769231,309.9072863059276
0.05,0.39,20307.69230769231,310.6651455261479
0.07,0.39,20307.69230769231,311.26369818587216
0.09,0.39,20307.69230769231,311.73922149266406
0.11,0.39,20307.69230769231,312.1118604667482
0.13,0.39,20307.69230769231,312.39518138710395
0.15,0.39,20307.69230769231,312.5991564779797
0.17,0.39,20307.69230769231,312.7310856699546
0.19,0.39,20307.69230769231,312.79582990807927
0.21,0.39,20307.69230769231,312.79582990807927
0.23,0.39,20307.69230769231,312.7310856699546
0.25,0.39,20307.69230769231,312.59915647797965
0.27,0.39,20307.69230769231,312.3951813871039
0.29,0.39,20307.69230769231,312.1118604667482
0.31,0.39,20307.69230769231,311.73922149266406
0.33,0.39,20307.69230769231,311.26369818587216
0.35,0.39,20307.69230769231,310.6651455261479
0.37,0.39,20307.69230769231,309.9072863059276
0.39,0.39,20307.69230769231,308.90470033246135
0.01,0.01,22153.84615384616,308.8406297960022
0.03,0.01,22153.84615384616,309.76692189034213
0.05,0.01,22153.84615384616,310.47478655921475
0.07,0.01,22153.84615384616,311.0402882562813
0.09,0.01,22153.84615384616,311.49471395923024
0.11,0.01,22153.84615384616,311.85470996432167
0.13,0.01,22153.84615384616,312.1311117885323
0.15,0.01,22153.84615384616,312.3317507800365
0.17,0.01,22153.84615384616,312.4623346370985
0.19,0.01,22153.84615384616,312.5266689485794
0.21,0.01,22153.84615384616,312.5266689485794
0.23,0.01,22153.84615384616,312.4623346370985
0.25,0.01,22153.84615384616,312.3317507800366
0.27,0.01,22153.84615384616,312.1311117885324
0.29,0.01,22153.84615384616,311.8547099643218
0.31,0.01,22153.84615384616,311.4947139592303
0.33,0.01,22153.84615384616,311.0402882562813
0.35,0.01,22153.84615384616,310.47478655921475
0.37,0.01,22153.84615384616,309.76692189034213
0.39,0.01,22153.84615384616,308.84062979600225
0.01,0.03,22153.84615384616,309.76692189034213
0.03,0.03,22153.84615384616,312.29035867823654
0.05,0.03,22153.84615384616,314.3210903940642
0.07,0.03,22153.84615384616,315.97268190973926
0.09,0.03,22153.84615384616,317.3089302835709
0.11,0.03,22153.84615384616,318.37059500275353
0.13,0.03,22153.84615384616,319.18685777535165
0.15,0.03,22153.84615384616,319.77979390932563
0.17,0.03,22153.84615384616,320.16583979728483
0.19,0.03,22153.84615384616,320.35606481151297
0.21,0.03,22153.84615384616,320.35606481151297
0.23,0.03,22153.84615384616,320.16583979728483
0.25,0.03,22153.84615384616,319.7797939093257
0.27,0.03,22153.84615384616,319.18685777535177
0.29,0.03,22153.84615384616,318.3705950027536
0.31,0.03,22153.84615384616,317.30893028357093
0.33,0.03,22153.84615384616,315.97268190973926
0.35,0.03,22153.84615384616,314.3210903940642
0.37,0.03,22153.84615384616,312.29035867823654
0.39,0.03,22153.84615384616,309.7669218903422
0.01,0.05,22153.84615384616,310.47478655921475
0.03,0.05,22153.84615384616,314.3210903940642
0.05,0.05,22153.84615384616,317.51189169477755
0.07,0.05,22153.84615384616,320.14696971413605
0.09,0.05,22153.84615384616,322.29572725506046
0.11,0.05,22153.84615384616,324.0101013051926
0.13,0.05,22153.84615384616,325.33125903482136
0.15,0.05,22153.84615384616,326.2922132171734
0.17,0.05,22153.84615384616,326.9183270600045
0.19,0.05,22153.84615384616,327.2269616960073
0.21,0.05,22153.84615384616,327.2269616960073
0.23,0.05,22153.84615384616,326.9183270600045
0.25,0.05,22153.84615384616,326.2922132171734
0.27,0.05,22153.84615384616,325.3312590348214
0.29,0.05,22153.84615384616,324.0101013051927
0.31,0.05,22153.84615384616,322.29572725506046
0.33,0.05,22153.84615384616,320.14696971413605
0.35,0.05,22153.84615384616,317.51189169477755
0.37,0.05,22153.84615384616,314.3210903940642
0.39,0.05,22153.84615384616,310.4747865592148
0.01,0.07,22153.84615384616,311.0402882562813
0.03,0.07,22153.84615384616,315.97268190973926
0.05,0.07,22153.84615384616,320.1469697141361
0.07,0.07,22153.84615384616,323.6364340927085
0.09,0.07,22153.84615384616,326.50276714978645
0.11,0.07,22153.84615384616,328.79976593543137
0.13,0.07,22153.84615384616,330.5746759566437
0.15,0.07,22153.84615384616,331.86778183922445
0.17,0.07,22153.84615384616,332.71112418214943
0.19,0.07,22153.84615384616,333.1270502286192
0.21,0.07,22153.84615384616,333.1270502286192
0.23,0.07,22153.84615384616,332.71112418214943
0.25,0.07,22153.84615384616,331.86778183922445
0.27,0.07,22153.84615384616,330.5746759566437
0.29,0.07,22153.84615384616,328.7997659354314
0.31,0.07,22153.84615384616,326.5027671497865
0.33,0.07,22153.84615384616,323.6364340927085
0.35,0.07,22153.84615384616,320.14696971413605
0.37,0.07,22153.84615384616,315.97268190973926
0.39,0.07,22153.84615384616,311.0402882562813
0.01,0.09,22153.84615384616,311.49471395923024
0.03,0.09,22153.84615384616,317.30893028357093
0.05,0.09,22153.84615384616,322.2957272550605
0.07,0.09,22153.84615384616,326.5027671497865
0.09,0.09,22153.84615384616,329.97971203604817
0.11,0.09,22153.84615384616,332.77727482140364
0.13,0.09,22153.84615384616,334.9446656602459
0.15,0.09,22153.84615384616,336.5263826929608
0.17,0.09,22153.84615384616,337.5590249613522
0.19,0.09,22153.84615384616,338.06859787885764
0.21,0.09,22153.84615384616,338.0685978788576
0.23,0.09,22153.84615384616,337.5590249613522
0.25,0.09,22153.84615384616,336.5263826929608
0.27,0.09,22153.84615384616,334.9446656602459
0.29,0.09,22153.84615384616,332.77727482140364
0.31,0.09,22153.84615384616,329.9797120360482
0.33,0.09,22153.84615384616,326.5027671497865
0.35,0.09,22153.84615384616,322.2957272550605
0.37,0.09,22153.84615384616,317.30893028357093
0.39,0.09,22153.84615384616,311.49471395923024
0.01,0.11,22153.84615384616,311.85470996432167
0.03,0.11,22153.84615384616,318.37059500275353
0.05,0.11,22153.84615384616,324.0101013051926
0.07,0.11,22153.84615384616,328.79976593543137
0.09,0.11,22153.84615384616,332.7772748214036
0.11,0.11,22153.84615384616,335.98839553692983
0.13,0.11,22153.84615384616,338.4819686528133
0.15,0.11,22153.84615384616,340.3045610261527
0.17,0.11,22153.84615384616,341.49563767935496
0.19,0.11,22153.84615384616,342.0837135008274
0.21,0.11,22153.84615384616,342.08371350082734
0.23,0.11,22153.84615384616,341.49563767935496
0.25,0.11,22153.84615384616,340.30456102615267
0.27,0.11,22153.84615384616,338.48196865281324
0.29,0.11,22153.84615384616,335.98839553692983
0.31,0.11,22153.84615384616,332.7772748214036
0.33,0.11,22153.84615384616,328.79976593543137
0.35,0.11,22153.84615384616,324.0101013051927
0.37,0.11,22153.84615384616,318.37059500275353
0.39,0.11,22153.84615384616,311.85470996432167
0.01,0.13,22153.84615384616,312.13111178853234
0.03,0.13,22153.84615384616,319.18685777535165
0.05,0.13,22153.84615384616,325.33125903482136
0.07,0.13,22153.84615384616,330.57467595664366
0.09,0.13,22153.84615384616,334.94466566024585
0.11,0.13,22153.84615384616,338.4819686528133
0.13,0.13,22153.84615384616,341.2340372278698
0.15,0.13,22153.84615384616,343.24820439513746
0.17,0.13,22153.84615384616,344.5655984593956
0.19,0.13,22153.84615384616,345.2163530623065
0.21,0.13,22153.84615384616,345.2163530623065
0.23,0.13,22153.84615384616,344.5655984593955
0.25,0.13,22153.84615384616,343.2482043951374
0.27,0.13,22153.84615384616,341.2340372278697
0.29,0.13,22153.84615384616,338.4819686528132
0.31,0.13,22153.84615384616,334.9446656602458
0.33,0.13,22153.84615384616,330.57467595664366
0.35,0.13,22153.84615384616,325.33125903482136
0.37,0.13,22153.84615384616,319.18685777535165
0.39,0.13,22153.84615384616,312.13111178853234
0.01,0.15,22153.84615384616,312.3317507800365
0.03,0.15,22153.84615384616,319.77979390932563
0.05,0.15,22153.84615384616,326.29221321717336
0.07,0.15,22153.84615384616,331.8677818392244
0.09,0.15,22153.84615384616,336.5263826929608
0.11,0.15,22153.84615384616,340.3045610261527
0.13,0.15,22153.84615384616,343.24820439513746
0.15,0.15,22153.84615384616,345.40474670429273
0.17,0.15,22153.84615384616,346.81620267029456
0.19,0.15,22153.84615384616,347.51368527214544
0.21,0.15,22153.84615384616,347.51368527214544
0.23,0.15,22153.84615384616,346.81620267029456
0.25,0.15,22153.84615384616,345.40474670429273
0.27,0.15,22153.84615384616,343.2482043951373
0.29,0.15,22153.84615384616,340.3045610261526
0.31,0.15,22153.84615384616,336.52638269296074
0.33,0.15,22153.84615384616,331.86778183922445
0.35,0.15,22153.84615384616,326.2922132171734
0.37,0.15,22153.84615384616,319.7797939093257
0.39,0.15,22153.84615384616,312.33175078003654
0.01,0.17,22153.84615384616,312.4623346370985
0.03,0.17,22153.84615384616,320.1658397972848
0.05,0.17,22153.84615384616,326.91832706000446
0.07,0.17,22153.84615384616,332.7111241821493
0.09,0.17,22153.84615384616,337.5590249613521
0.11,0.17,22153.84615384616,341.4956376793549
0.13,0.17,22153.84615384616,344.5655984593955
0.15,0.17,22153.84615384616,346.8162026702945
0.17,0.17,22153.84615384616,348.2898899702764
0.19,0.17,22153.84615384616,349.01831411594054
0.21,0.17,22153.84615384616,349.0183141159406
0.23,0.17,22153.84615384616,348.2898899702764
0.25,0.17,22153.84615384616,346.8162026702945
0.27,0.17,22153.84615384616,344.56559845939546
0.29,0.17,22153.84615384616,341.49563767935496
0.31,0.17,22153.84615384616,337.5590249613522
0.33,0.17,22153.84615384616,332.7111241821495
0.35,0.17,22153.84615384616,326.9183270600046
0.37,0.17,22153.84615384616,320.16583979728483
0.39,0.17,22153.84615384616,312.4623346370985
0.01,0.19,22153.84615384616,312.5266689485794
0.03,0.19,22153.84615384616,320.35606481151297
0.05,0.19,22153.84615384616,327.2269616960073
0.07,0.19,22153.84615384616,333.1270502286192
0.09,0.19,22153.84615384616,338.0685978788576
0.11,0.19,22153.84615384616,342.08371350082734
0.13,0.19,22153.84615384616,345.2163530623065
0.15,0.19,22153.84615384616,347.51368527214544
0.17,0.19,22153.84615384616,349.0183141159406
0.19,0.19,22153.84615384616,349.7621303813981
0.21,0.19,22153.84615384616,349.7621303813981
0.23,0.19,22153.84615384616,349.01831411594054
0.25,0.19,22153.84615384616,347.5136852721454
0.27,0.19,22153.84615384616,345.2163530623065
0.29,0.19,22153.84615384616,342.08371350082734
0.31,0.19,22153.84615384616,338.0685978788576
0.33,0.19,22153.84615384616,333.1270502286193
0.35,0.19,22153.84615384616,327.2269616960074
0.37,0.19,22153.84615384616,320.356064811513
0.39,0.19,22153.84615384616,312.5266689485794
0.01,0.21,22153.84615384616,312.5266689485794
0.03,0.21,22153.84615384616,320.35606481151297
0.05,0.21,22153.84615384616,327.2269616960073
0.07,0.21,22153.84615384616,333.1270502286192
0.09,0.21,22153.84615384616,338.0685978788576
0.11,0.21,22153.84615384616,342.08371350082734
0.13,0.21,22153.84615384616,345.2163530623065
0.15,0.21,22153.84615384616,347.51368527214544
0.17,0.21,22153.84615384616,349.0183141159406
0.19,0.21,22153.84615384616,349.7621303813981
0.21,0.21,22153.84615384616,349.7621303813981
0.23,0.21,22153.84615384616,349.01831411594054
0.25,0.21,22153.84615384616,347.5136852721454
0.27,0.21,22153.84615384616,345.2163530623065
0.29,0.21,22153.84615384616,342.08371350082734
0.31,0.21,22153.84615384616,338.06859787885764
0.33,0.21,22153.84615384616,333.1270502286193
0.35,0.21,22153.84615384616,327.2269616960074
0.37,0.21,22153.84615384616,320.356064811513
0.39,0.21,22153.84615384616,312.52666894857947
0.01,0.23,22153.84615384616,312.4623346370985
0.03,0.23,22153.84615384616,320.1658397972848
0.05,0.23,22153.84615384616,326.9183270600045
0.07,0.23,22153.84615384616,332.71112418214943
0.09,0.23,22153.84615384616,337.5590249613522
0.11,0.23,22153.84615384616,341.49563767935496
0.13,0.23,22153.84615384616,344.5655984593956
0.15,0.23,22153.84615384616,346.8162026702946
0.17,0.23,22153.84615384616,348.2898899702764
0.19,0.23,22153.84615384616,349.0183141159406
0.21,0.23,22153.84615384616,349.01831411594054
0.23,0.23,22153.84615384616,348.2898899702763
0.25,0.23,22153.84615384616,346.81620267029456
0.27,0.23,22153.84615384616,344.5655984593955
0.29,0.23,22153.84615384616,341.4956376793549
0.31,0.23,22153.84615384616,337.5590249613522
0.33,0.23,22153.84615384616,332.7111241821495
0.35,0.23,22153.84615384616,326.91832706000463
0.37,0.23,22153.84615384616,320.1658397972849
0.39,0.23,22153.84615384616,312.4623346370986
0.01,0.25,22153.84615384616,312.33175078003654
0.03,0.25,22153.84615384616,319.7797939093257
0.05,0.25,22153.84615384616,326.29221321717336
0.07,0.25,22153.84615384616,331.86778183922445
0.09,0.25,22153.84615384616,336.5263826929608
0.11,0.25,22153.84615384616,340.3045610261527
0.13,0.25,22153.84615384616,343.24820439513746
0.15,0.25,22153.84615384616,345.4047467042928
0.17,0.25,22153.84615384616,346.8162026702946
0.19,0.25,22153.84615384616,347.51368527214544
0.21,0.25,22153.84615384616,347.5136852721454
0.23,0.25,22153.84615384616,346.81620267029456
0.25,0.25,22153.84615384616,345.40474670429273
0.27,0.25,22153.84615384616,343.24820439513746
0.29,0.25,22153.84615384616,340.3045610261527
0.31,0.25,22153.84615384616,336.52638269296085
0.33,0.25,22153.84615384616,331.8677818392245
0.35,0.25,22153.84615384616,326.2922132171734
0.37,0.25,22153.84615384616,319.7797939093257
0.39,0.25,22153.84615384616,312.3317507800366
0.01,0.27,22153.84615384616,312.13111178853234
0.03,0.27,22153.84615384616,319.1868577753517
0.05,0.27,22153.84615384616,325.3312590348214
0.07,0.27,22153.84615384616,330.5746759566437
0.09,0.27,22153.84615384616,334.9446656602459
0.11,0.27,22153.84615384616,338.4819686528133
0.13,0.27,22153.84615384616,341.2340372278698
0.15,0.27,22153.84615384616,343.24820439513746
0.17,0.27,22153.84615384616,344.5655984593956
0.19,0.27,22153.84615384616,345.2163530623065
0.21,0.27,22153.84615384616,345.2163530623065
0.23,0.27,22153.84615384616,344.5655984593956
0.25,0.27,22153.84615384616,343.2482043951375
0.27,0.27,22153.84615384616,341.23403722786986
0.29,0.27,22153.84615384616,338.4819686528133
0.31,0.27,22153.84615384616,334.944665660246
0.33,0.27,22153.84615384616,330.5746759566437
0.35,0.27,22153.84615384616,325.3312590348214
0.37,0.27,22153.84615384616,319.18685777535177
0.39,0.27,22153.84615384616,312.1311117885324
0.01,0.29,22153.84615384616,311.8547099643217
0.03,0.29,22153.84615384616,318.3705950027536
0.05,0.29,22153.84615384616,324.0101013051927
0.07,0.29,22153.84615384616,328.7997659354314
0.09,0.29,22153.84615384616,332.7772748214036
0.11,0.29,22153.84615384616,335.98839553692983
0.13,0.29,22153.84615384616,338.4819686528133
0.15,0.29,22153.84615384616,340.3045610261527
0.17,0.29,22153.84615384616,341.49563767935496
0.19,0.29,22153.84615384616,342.0837135008274
0.21,0.29,22153.84615384616,342.0837135008274
0.23,0.29,22153.84615384616,341.495637679355
0.25,0.29,22153.84615384616,340.3045610261528
0.27,0.29,22153.84615384616,338.4819686528133
0.29,0.29,22153.84615384616,335.98839553692994
0.31,0.29,22153.84615384616,332.77727482140364
0.33,0.29,22153.84615384616,328.7997659354314
0.35,0.29,22153.84615384616,324.01010130519273
0.37,0.29,22153.84615384616,318.3705950027536
0.39,0.29,22153.84615384616,311.8547099643217
0.01,0.31,22153.84615384616,311.4947139592303
0.03,0.31,22153.84615384616,317.308930283571
0.05,0.31,22153.84615384616,322.2957272550605
0.07,0.31,22153.84615384616,326.5027671497865
0.09,0.31,22153.84615384616,329.9797120360482
0.11,0.31,22153.84615384616,332.7772748214036
0.13,0.31,22153.84615384616,334.94466566024585
0.15,0.31,22153.84615384616,336.5263826929608
0.17,0.31,22153.84615384616,337.5590249613522
0.19,0.31,22153.84615384616,338.06859787885764
0.21,0.31,22153.84615384616,338.06859787885764
0.23,0.31,22153.84615384616,337.55902496135224
0.25,0.31,22153.84615384616,336.5263826929609
0.27,0.31,22153.84615384616,334.944665660246
0.29,0.31,22153.84615384616,332.77727482140364
0.31,0.31,22153.84615384616,329.9797120360482
0.33,0.31,22153.84615384616,326.5027671497865
0.35,0.31,22153.84615384616,322.2957272550605
0.37,0.31,22153.84615384616,317.30893028357093
0.39,0.31,22153.84615384616,311.49471395923024
0.01,0.33,22153.84615384616,311.0402882562813
0.03,0.33,22153.84615384616,315.97268190973926
0.05,0.33,22153.84615384616,320.1469697141361
0.07,0.33,22153.84615384616,323.6364340927086
0.09,0.33,22153.84615384616,326.5027671497865
0.11,0.33,22153.84615384616,328.79976593543137
0.13,0.33,22153.84615384616,330.5746759566437
0.15,0.33,22153.84615384616,331.8677818392245
0.17,0.33,22153.84615384616,332.7111241821495
0.19,0.33,22153.84615384616,333.12705022861934
0.21,0.33,22153.84615384616,333.12705022861934
0.23,0.33,22153.84615384616,332.7111241821495
0.25,0.33,22153.84615384616,331.8677818392245
0.27,0.33,22153.84615384616,330.5746759566438
0.29,0.33,22153.84615384616,328.7997659354314
0.31,0.33,22153.84615384616,326.5027671497865
0.33,0.33,22153.84615384616,323.6364340927085
0.35,0.33,22153.84615384616,320.1469697141361
0.37,0.33,22153.84615384616,315.97268190973926
0.39,0.33,22153.84615384616,311.0402882562813
0.01,0.35,22153.84615384616,310.47478655921475
0.03,0.35,22153.84615384616,314.3210903940642
0.05,0.35,22153.84615384616,317.5118916947775
0.07,0.35,22153.84615384616,320.1469697141361
0.09,0.35,22153.84615384616,322.29572725506046
0.11,0.35,22153.84615384616,324.0101013051926
0.13,0.35,22153.84615384616,325.33125903482136
0.15,0.35,22153.84615384616,326.2922132171734
0.17,0.35,22153.84615384616,326.9183270600046
0.19,0.35,22153.84615384616,327.22696169600744
0.21,0.35,22153.84615384616,327.22696169600744
0.23,0.35,22153.84615384616,326.91832706000463
0.25,0.35,22153.84615384616,326.2922132171734
0.27,0.35,22153.84615384616,325.3312590348214
0.29,0.35,22153.84615384616,324.0101013051927
0.31,0.35,22153.84615384616,322.2957272550605
0.33,0.35,22153.84615384616,320.1469697141361
0.35,0.35,22153.84615384616,317.5118916947775
0.37,0.35,22153.84615384616,314.3210903940642
0.39,0.35,22153.84615384616,310.47478655921475
0.01,0.37,22153.84615384616,309.7669218903422
0.03,0.37,22153.84615384616,312.29035867823654
0.05,0.37,22153.84615384616,314.3210903940642
0.07,0.37,22153.84615384616,315.97268190973926
0.09,0.37,22153.84615384616,317.30893028357093
0.11,0.37,22153.84615384616,318.37059500275353
0.13,0.37,22153.84615384616,319.18685777535165
0.15,0.37,22153.84615384616,319.7797939093257
0.17,0.37,22153.84615384616,320.16583979728483
0.19,0.37,22153.84615384616,320.356064811513
0.21,0.37,22153.84615384616,320.356064811513
0.23,0.37,22153.84615384616,320.1658397972849
0.25,0.37,22153.84615384616,319.7797939093257
0.27,0.37,22153.84615384616,319.1868577753517
0.29,0.37,22153.84615384616,318.3705950027536
0.31,0.37,22153.84615384616,317.308930283571
0.33,0.37,22153.84615384616,315.97268190973926
0.35,0.37,22153.84615384616,314.3210903940642
0.37,0.37,22153.84615384616,312.2903586782365
0.39,0.37,22153.84615384616,309.76692189034213
0.01,0.39,22153.84615384616,308.8406297960022
0.03,0.39,22153.84615384616,309.7669218903422
0.05,0.39,22153.84615384616,310.47478655921475
0.07,0.39,22153.84615384616,311.0402882562813
0.09,0.39,22153.84615384616,311.49471395923024
0.11,0.39,22153.84615384616,311.85470996432167
0.13,0.39,22153.84615384616,312.13111178853234
0.15,0.39,22153.84615384616,312.33175078003654
0.17,0.39,22153.84615384616,312.4623346370986
0.19,0.39,22153.84615384616,312.52666894857947
0.21,0.39,22153.84615384616,312.52666894857947
0.23,0.39,22153.84615384616,312.4623346370986
0.25,0.39,22153.84615384616,312.3317507800366
0.27,0.39,22153.84615384616,312.13111178853234
0.29,0.39,22153.84615384616,311.8547099643217
0.31,0.39,22153.84615384616,311.4947139592303
0.33,0.39,22153.84615384616,311.04028825628137
0.35,0.39,22153.84615384616,310.47478655921475
0.37,0.39,22153.84615384616,309.76692189034213
0.39,0.39,22153.84615384616,308.8406297960022
0.01,0.01,24000.0,308.7836630729366
0.03,0.01,24000.0,309.63986849239234
0.05,0.01,24000.0,310.2998264024242
0.07,0.01,24000.0,310.83192478289754
0.09,0.01,24000.0,311.26350050202734
0.11,0.01,24000.0,311.6084573952979
0.13,0.01,24000.0,311.8754612387074
0.15,0.01,24000.0,312.0706035746837
0.17,0.01,24000.0,312.19826861921257
0.19,0.01,24000.0,312.2613685669311
0.21,0.01,24000.0,312.2613685669311
0.23,0.01,24000.0,312.19826861921257
0.25,0.01,24000.0,312.07060357468373
0.27,0.01,24000.0,311.87546123870743
0.29,0.01,24000.0,311.6084573952979
0.31,0.01,24000.0,311.26350050202734
0.33,0.01,24000.0,310.83192478289754
0.35,0.01,24000.0,310.2998264024242
0.37,0.01,24000.0,309.6398684923924
0.39,0.01,24000.0,308.7836630729366
0.01,0.03,24000.0,309.63986849239234
0.03,0.03,24000.0,311.97892801992253
0.05,0.03,24000.0,313.8760546561039
0.07,0.03,24000.0,315.43260739396385
0.09,0.03,24000.0,316.70343996914545
0.11,0.03,24000.0,317.7220351294289
0.13,0.03,24000.0,318.5114632359381
0.15,0.03,24000.0,319.08878910452063
0.17,0.03,24000.0,319.46660361289054
0.19,0.03,24000.0,319.6533703789922
0.21,0.03,24000.0,319.6533703789922
0.23,0.03,24000.0,319.46660361289054
0.25,0.03,24000.0,319.08878910452063
0.27,0.03,24000.0,318.51146323593827
0.29,0.03,24000.0,317.7220351294289
0.31,0.03,24000.0,316.70343996914545
0.33,0.03,24000.0,315.43260739396385
0.35,0.03,24000.0,313.87605465610386
0.37,0.03,24000.0,311.9789280199226
0.39,0.03,24000.0,309.63986849239245
0.01,0.05,24000.0,310.29982640242423
0.03,0.05,24000.0,313.87605465610386
0.05,0.05,24000.0,316.86483237325
0.07,0.05,24000.0,319.3540425123624
0.09,0.05,24000.0,321.4018368227649
0.11,0.05,24000.0,323.0497534227796
0.13,0.05,24000.0,324.3296976743981
0.15,0.05,24000.0,325.26688107316545
0.17,0.05,24000.0,325.88060209743026
0.19,0.05,24000.0,326.184086657621
0.21,0.05,24000.0,326.184086657621
0.23,0.05,24000.0,325.88060209743026
0.25,0.05,24000.0,325.26688107316545
0.27,0.05,24000.0,324.32969767439806
0.29,0.05,24000.0,323.04975342277965
0.31,0.05,24000.0,321.4018368227649
0.33,0.05,24000.0,319.3540425123624
0.35,0.05,24000.0,316.86483237325
0.37,0.05,24000.0,313.8760546561039
0.39,0.05,24000.0,310.29982640242423
0.01,0.07,24000.0,310.83192478289754
0.03,0.07,24000.0,315.43260739396385
0.05,0.07,24000.0,319.3540425123624
0.07,0.07,24000.0,322.65911740398684
0.09,0.07,24000.0,325.3973924135797
0.11,0.07,24000.0,327.610259676607
0.13,0.07,24000.0,329.3333518773679
0.15,0.07,24000.0,330.5969219773208
0.17,0.07,24000.0,331.425108694184
0.19,0.07,24000.0,331.83483420780175
0.21,0.07,24000.0,331.8348342078018
0.23,0.07,24000.0,331.425108694184
0.25,0.07,24000.0,330.5969219773208
0.27,0.07,24000.0,329.3333518773678
0.29,0.07,24000.0,327.610259676607
0.31,0.07,24000.0,325.3973924135797
0.33,0.07,24000.0,322.65911740398684
0.35,0.07,24000.0,319.3540425123624
0.37,0.07,24000.0,315.4326073939639
0.39,0.07,24000.0,310.8319247828976
0.01,0.09,24000.0,311.2635005020274
0.03,0.09,24000.0,316.70343996914545
0.05,0.09,24000.0,321.4018368227649
0.07,0.09,24000.0,325.3973924135797
0.09,0.09,24000.0,328.7273465386008
0.11,0.09,24000.0,331.42872015858507
0.13,0.09,24000.0,333.53740848618975
0.15,0.09,24000.0,335.0861688618647
0.17,0.09,24000.0,336.10224593973913
0.19,0.09,24000.0,336.6051822320381
0.21,0.09,24000.0,336.6051822320381
0.23,0.09,24000.0,336.10224593973913
0.25,0.09,24000.0,335.0861688618646
0.27,0.09,24000.0,333.5374084861897
0.29,0.09,24000.0,331.42872015858507
0.31,0.09,24000.0,328.7273465386008
0.33,0.09,24000.0,325.39739241357967
0.35,0.09,24000.0,321.4018368227649
0.37,0.09,24000.0,316.7034399691455
0.39,0.09,24000.0,311.2635005020274
0.01,0.11,24000.0,311.6084573952979
0.03,0.11,24000.0,317.72203512942883
0.05,0.11,24000.0,323.0497534227796
0.07,0.11,24000.0,327.6102596766069
0.09,0.11,24000.0,331.42872015858507
0.11,0.11,24000.0,334.53635698706034
0.13,0.11,24000.0,336.9674775375182
0.15,0.11,24000.0,338.75563598749875
0.17,0.11,24000.0,339.92983651209465
0.19,0.11,24000.0,340.5113293643654
0.21,0.11,24000.0,340.5113293643654
0.23,0.11,24000.0,339.92983651209465
0.25,0.11,24000.0,338.75563598749875
0.27,0.11,24000.0,336.9674775375182
0.29,0.11,24000.0,334.53635698706034
0.31,0.11,24000.0,331.42872015858507
0.33,0.11,24000.0,327.6102596766069
0.35,0.11,24000.0,323.0497534227796
0.37,0.11,24000.0,317.7220351294289
0.39,0.11,24000.0,311.6084573952979
0.01,0.13,24000.0,311.8754612387074
0.03,0.13,24000.0,318.5114632359381
0.05,0.13,24000.0,324.329697674398
0.07,0.13,24000.0,329.33335187736776
0.09,0.13,24000.0,333.53740848618963
0.11,0.13,24000.0,336.9674775375182
0.13,0.13,24000.0,339.65561610078817
0.15,0.13,24000.0,341.6352250200748
0.17,0.13,24000.0,342.9361599061817
0.19,0.13,24000.0,343.58069579190726
0.21,0.13,24000.0,343.5806957919072
0.23,0.13,24000.0,342.9361599061816
0.25,0.13,24000.0,341.63522502007464
0.27,0.13,24000.0,339.65561610078817
0.29,0.13,24000.0,336.9674775375182
0.31,0.13,24000.0,333.5374084861897
0.33,0.13,24000.0,329.33335187736776
0.35,0.13,24000.0,324.329697674398
0.37,0.13,24000.0,318.5114632359382
0.39,0.13,24000.0,311.8754612387074
0.01,0.15,24000.0,312.0706035746837
0.03,0.15,24000.0,319.0887891045206
0.05,0.15,24000.0,325.26688107316534
0.07,0.15,24000.0,330.5969219773207
0.09,0.15,24000.0,335.08616886186456
0.11,0.15,24000.0,338.7556359874987
0.13,0.15,24000.0,341.6352250200747
0.15,0.15,24000.0,343.7578024546752
0.17,0.15,24000.0,345.1535450780612
0.19,0.15,24000.0,345.8452913370704
0.21,0.15,24000.0,345.8452913370704
0.23,0.15,24000.0,345.15354507806103
0.25,0.15,24000.0,343.7578024546751
0.27,0.15,24000.0,341.63522502007464
0.29,0.15,24000.0,338.7556359874987
0.31,0.15,24000.0,335.08616886186456
0.33,0.15,24000.0,330.59692197732073
0.35,0.15,24000.0,325.2668810731654
0.37,0.15,24000.0,319.0887891045206
0.39,0.15,24000.0,312.0706035746837
0.01,0.17,24000.0,312.19826861921257
0.03,0.17,24000.0,319.4666036128905
0.05,0.17,24000.0,325.88060209743014
0.07,0.17,24000.0,331.42510869418385
0.09,0.17,24000.0,336.102245939739
0.11,0.17,24000.0,339.9298365120946
0.13,0.17,24000.0,342.9361599061816
0.15,0.17,24000.0,345.1535450780611
0.17,0.17,24000.0,346.61223764316424
0.19,0.17,24000.0,347.33535403642344
0.21,0.17,24000.0,347.3353540364234
0.23,0.17,24000.0,346.6122376431641
0.25,0.17,24000.0,345.15354507806103
0.27,0.17,24000.0,342.9361599061816
0.29,0.17,24000.0,339.9298365120946
0.31,0.17,24000.0,336.1022459397391
0.33,0.17,24000.0,331.425108694184
0.35,0.17,24000.0,325.8806020974302
0.37,0.17,24000.0,319.46660361289054
0.39,0.17,24000.0,312.1982686192125
0.01,0.19,24000.0,312.2613685669311
0.03,0.19,24000.0,319.6533703789922
0.05,0.19,24000.0,326.1840866576209
0.07,0.19,24000.0,331.83483420780163
0.09,0.19,24000.0,336.605182232038
0.11,0.19,24000.0,340.51132936436534
0.13,0.19,24000.0,343.58069579190715
0.15,0.19,24000.0,345.8452913370703
0.17,0.19,24000.0,347.33535403642344
0.19,0.19,24000.0,348.0741103570849
0.21,0.19,24000.0,348.07411035708486
0.23,0.19,24000.0,347.3353540364233
0.25,0.19,24000.0,345.84529133707025
0.27,0.19,24000.0,343.58069579190715
0.29,0.19,24000.0,340.51132936436534
0.31,0.19,24000.0,336.6051822320381
0.33,0.19,24000.0,331.8348342078018
0.35,0.19,24000.0,326.18408665762104
0.37,0.19,24000.0,319.6533703789922
0.39,0.19,24000.0,312.2613685669311
0.01,0.21,24000.0,312.2613685669311
0.03,0.21,24000.0,319.6533703789922
0.05,0.21,24000.0,326.1840866576209
0.07,0.21,24000.0,331.8348342078017
0.09,0.21,24000.0,336.605182232038
0.11,0.21,24000.0,340.51132936436534
0.13,0.21,24000.0,343.5806957919072
0.15,0.21,24000.0,345.8452913370703
0.17,0.21,24000.0,347.33535403642344
0.19,0.21,24000.0,348.07411035708486
0.21,0.21,24000.0,348.07411035708486
0.23,0.21,24000.0,347.3353540364233
0.25,0.21,24000.0,345.84529133707025
0.27,0.21,24000.0,343.58069579190715
0.29,0.21,24000.0,340.5113293643654
0.31,0.21,24000.0,336.6051822320381
0.33,0.21,24000.0,331.8348342078018
0.35,0.21,24000.0,326.18408665762104
0.37,0.21,24000.0,319.6533703789922
0.39,0.21,24000.0,312.2613685669311
0.01,0.23,24000.0,312.1982686192125
0.03,0.23,24000.0,319.4666036128905
0.05,0.23,24000.0,325.8806020974302
0.07,0.23,24000.0,331.4251086941839
0.09,0.23,24000.0,336.10224593973913
0.11,0.23,24000.0,339.9298365120947
0.13,0.23,24000.0,342.9361599061817
0.15,0.23,24000.0,345.15354507806114
0.17,0.23,24000.0,346.6122376431642
0.19,0.23,24000.0,347.33535403642344
0.21,0.23,24000.0,347.3353540364234
0.23,0.23,24000.0,346.6122376431641
0.25,0.23,24000.0,345.15354507806103
0.27,0.23,24000.0,342.9361599061816
0.29,0.23,24000.0,339.9298365120947
0.31,0.23,24000.0,336.1022459397392
0.33,0.23,24000.0,331.4251086941841
0.35,0.23,24000.0,325.8806020974303
0.37,0.23,24000.0,319.46660361289054
0.39,0.23,24000.0,312.19826861921257
0.01,0.25,24000.0,312.0706035746837
0.03,0.25,24000.0,319.0887891045206
0.05,0.25,24000.0,325.26688107316534
0.07,0.25,24000.0,330.5969219773207
0.09,0.25,24000.0,335.08616886186456
0.11,0.25,24000.0,338.75563598749875
0.13,0.25,24000.0,341.6352250200747
0.15,0.25,24000.0,343.7578024546752
0.17,0.25,24000.0,345.1535450780611
0.19,0.25,24000.0,345.8452913370704
0.21,0.25,24000.0,345.8452913370704
0.23,0.25,24000.0,345.15354507806103
0.25,0.25,24000.0,343.7578024546752
0.27,0.25,24000.0,341.6352250200747
0.29,0.25,24000.0,338.7556359874988
0.31,0.25,24000.0,335.0861688618647
0.33,0.25,24000.0,330.59692197732085
0.35,0.25,24000.0,325.26688107316545
0.37,0.25,24000.0,319.08878910452063
0.39,0.25,24000.0,312.0706035746837
0.01,0.27,24000.0,311.87546123870743
0.03,0.27,24000.0,318.5114632359382
0.05,0.27,24000.0,324.329697674398
0.07,0.27,24000.0,329.33335187736776
0.09,0.27,24000.0,333.53740848618963
0.11,0.27,24000.0,336.9674775375182
0.13,0.27,24000.0,339.65561610078817
0.15,0.27,24000.0,341.6352250200747
0.17,0.27,24000.0,342.9361599061816
0.19,0.27,24000.0,343.5806957919072
0.21,0.27,24000.0,343.58069579190726
0.23,0.27,24000.0,342.9361599061816
0.25,0.27,24000.0,341.6352250200748
0.27,0.27,24000.0,339.6556161007882
0.29,0.27,24000.0,336.96747753751833
0.31,0.27,24000.0,333.5374084861898
0.33,0.27,24000.0,329.3333518773679
0.35,0.27,24000.0,324.3296976743981
0.37,0.27,24000.0,318.51146323593827
0.39,0.27,24000.0,311.87546123870743
0.01,0.29,24000.0,311.6084573952979
0.03,0.29,24000.0,317.7220351294289
0.05,0.29,24000.0,323.04975342277965
0.07,0.29,24000.0,327.6102596766069
0.09,0.29,24000.0,331.42872015858507
0.11,0.29,24000.0,334.53635698706034
0.13,0.29,24000.0,336.9674775375183
0.15,0.29,24000.0,338.7556359874988
0.17,0.29,24000.0,339.9298365120947
0.19,0.29,24000.0,340.51132936436534
0.21,0.29,24000.0,340.51132936436545
0.23,0.29,24000.0,339.9298365120948
0.25,0.29,24000.0,338.75563598749886
0.27,0.29,24000.0,336.96747753751833
0.29,0.29,24000.0,334.5363569870604
0.31,0.29,24000.0,331.4287201585851
0.33,0.29,24000.0,327.61025967660703
0.35,0.29,24000.0,323.04975342277965
0.37,0.29,24000.0,317.7220351294289
0.39,0.29,24000.0,311.6084573952979
0.01,0.31,24000.0,311.2635005020274
0.03,0.31,24000.0,316.7034399691455
0.05,0.31,24000.0,321.4018368227649
0.07,0.31,24000.0,325.39739241357967
0.09,0.31,24000.0,328.7273465386007
0.11,0.31,24000.0,331.428720158585
0.13,0.31,24000.0,333.5374084861897
0.15,0.31,24000.0,335.08616886186456
0.17,0.31,24000.0,336.1022459397391
0.19,0.31,24000.0,336.60518223203803
0.21,0.31,24000.0,336.6051822320381
0.23,0.31,24000.0,336.1022459397392
0.25,0.31,24000.0,335.0861688618647
0.27,0.31,24000.0,333.53740848618975
0.29,0.31,24000.0,331.4287201585851
0.31,0.31,24000.0,328.72734653860084
0.33,0.31,24000.0,325.3973924135798
0.35,0.31,24000.0,321.401836822765
0.37,0.31,24000.0,316.7034399691455
0.39,0.31,24000.0,311.2635005020274
0.01,0.33,24000.0,310.8319247828976
0.03,0.33,24000.0,315.4326073939639
0.05,0.33,24000.0,319.3540425123624
0.07,0.33,24000.0,322.65911740398684
0.09,0.33,24000.0,325.39739241357967
0.11,0.33,24000.0,327.6102596766069
0.13,0.33,24000.0,329.3333518773678
0.15,0.33,24000.0,330.5969219773208
0.17,0.33,24000.0,331.425108694184
0.19,0.33,24000.0,331.8348342078018
0.21,0.33,24000.0,331.8348342078018
0.23,0.33,24000.0,331.4251086941841
0.25,0.33,24000.0,330.59692197732085
0.27,0.33,24000.0,329.3333518773679
0.29,0.33,24000.0,327.610259676607
0.31,0.33,24000.0,325.3973924135798
0.33,0.33,24000.0,322.65911740398684
0.35,0.33,24000.0,319.3540425123624
0.37,0.33,24000.0,315.4326073939639
0.39,0.33,24000.0,310.83192478289754
0.01,0.35,24000.0,310.2998264024242
0.03,0.35,24000.0,313.87605465610386
0.05,0.35,24000.0,316.86483237324995
0.07,0.35,24000.0,319.3540425123624
0.09,0.35,24000.0,321.4018368227649
0.11,0.35,24000.0,323.0497534227796
0.13,0.35,24000.0,324.32969767439806
0.15,0.35,24000.0,325.26688107316545
0.17,0.35,24000.0,325.88060209743026
0.19,0.35,24000.0,326.18408665762104
0.21,0.35,24000.0,326.1840866576211
0.23,0.35,24000.0,325.8806020974303
0.25,0.35,24000.0,325.26688107316545
0.27,0.35,24000.0,324.3296976743981
0.29,0.35,24000.0,323.04975342277965
0.31,0.35,24000.0,321.401836822765
0.33,0.35,24000.0,319.3540425123624
0.35,0.35,24000.0,316.86483237324995
0.37,0.35,24000.0,313.87605465610386
0.39,0.35,24000.0,310.2998264024242
0.01,0.37,24000.0,309.63986849239234
0.03,0.37,24000.0,311.97892801992253
0.05,0.37,24000.0,313.87605465610386
0.07,0.37,24000.0,315.4326073939639
0.09,0.37,24000.0,316.7034399691455
0.11,0.37,24000.0,317.72203512942883
0.13,0.37,24000.0,318.5114632359382
0.15,0.37,24000.0,319.08878910452063
0.17,0.37,24000.0,319.46660361289054
0.19,0.37,24000.0,319.6533703789922
0.21,0.37,24000.0,319.65337037899224
0.23,0.37,24000.0,319.46660361289054
0.25,0.37,24000.0,319.08878910452063
0.27,0.37,24000.0,318.51146323593827
0.29,0.37,24000.0,317.7220351294289
0.31,0.37,24000.0,316.7034399691455
0.33,0.37,24000.0,315.4326073939639
0.35,0.37,24000.0,313.87605465610386
0.37,0.37,24000.0,311.9789280199225
0.39,0.37,24000.0,309.63986849239234
0.01,0.39,24000.0,308.7836630729366
0.03,0.39,24000.0,309.6398684923924
0.05,0.39,24000.0,310.29982640242423
0.07,0.39,24000.0,310.8319247828976
0.09,0.39,24000.0,311.2635005020274
0.11,0.39,24000.0,311.6084573952979
0.13,0.39,24000.0,311.8754612387074
0.15,0.39,24000.0,312.0706035746837
0.17,0.39,24000.0,312.1982686192125
0.19,0.39,24000.0,312.2613685669311
0.21,0.39,24000.0,312.2613685669311
0.23,0.39,24000.0,312.19826861921257
0.25,0.39,24000.0,312.07060357468373
0.27,0.39,24000.0,311.8754612387074
0.29,0.39,24000.0,311.6084573952979
0.31,0.39,24000.0,311.2635005020274
0.33,0.39,24000.0,310.83192478289754
0.35,0.39,24000.0,310.2998264024242
0.37,0.39,24000.0,309.6398684923924
0.39,0.39,24000.0,308.7836630729366
0.01,0.01,25846.153846153848,308.7329924392953
0.03,0.01,25846.153846153848,309.5251641831548
0.05,0.01,25846.153846153848,310.13987323779656
0.07,0.01,25846.153846153848,310.63913287502703
0.09,0.01,25846.153846153848,311.04712791324835
0.11,0.01,25846.153846153848,311.37561838054
0.13,0.01,25846.153846153848,311.63156799820507
0.15,0.01,25846.153846153848,311.8196831509011
0.17,0.01,25846.153846153848,311.9432766263292
0.19,0.01,25846.153846153848,312.0045272099143
0.21,0.01,25846.153846153848,312.0045272099143
0.23,0.01,25846.153846153848,311.9432766263291
0.25,0.01,25846.153846153848,311.8196831509011
0.27,0.01,25846.153846153848,311.6315679982052
0.29,0.01,25846.153846153848,311.37561838054006
0.31,0.01,25846.153846153848,311.04712791324835
0.33,0.01,25846.153846153848,310.63913287502703
0.35,0.01,25846.153846153848,310.1398732377966
0.37,0.01,25846.153846153848,309.5251641831548
0.39,0.01,25846.153846153848,308.7329924392953
0.01,0.03,25846.153846153848,309.5251641831548
0.03,0.03,25846.153846153848,311.6939736365156
0.05,0.03,25846.153846153848,313.4638479425109
0.07,0.03,25846.153846153848,314.9262518778631
0.09,0.03,25846.153846153848,316.1290368216438
0.11,0.03,25846.153846153848,317.1000377339138
0.13,0.03,25846.153846153848,317.8575349742009
0.15,0.03,25846.153846153848,318.4145982367819
0.17,0.03,25846.153846153848,318.7806981068954
0.19,0.03,25846.153846153848,318.9621536026779
0.21,0.03,25846.153846153848,318.9621536026779
0.23,0.03,25846.153846153848,318.78069810689544
0.25,0.03,25846.153846153848,318.4145982367819
0.27,0.03,25846.153846153848,317.857534974201
0.29,0.03,25846.153846153848,317.1000377339138
0.31,0.03,25846.153846153848,316.1290368216437
0.33,0.03,25846.153846153848,314.9262518778631
0.35,0.03,25846.153846153848,313.4638479425109
0.37,0.03,25846.153846153848,311.6939736365156
0.39,0.03,25846.153846153848,309.52516418315486
0.01,0.05,25846.153846153848,310.13987323779656
0.03,0.05,25846.153846153848,313.46384794251094
0.05,0.05,25846.153846153848,316.25809431436574
0.07,0.05,25846.153846153848,318.6011875534951
0.09,0.05,25846.153846153848,320.54266800338684
0.11,0.05,25846.153846153848,322.1160756948814
0.13,0.05,25846.153846153848,323.3460699198847
0.15,0.05,25846.153846153848,324.2516337968449
0.17,0.05,25846.153846153848,324.8471322627949
0.19,0.05,25846.153846153848,325.1423774248464
0.21,0.05,25846.153846153848,325.1423774248464
0.23,0.05,25846.153846153848,324.8471322627949
0.25,0.05,25846.153846153848,324.2516337968449
0.27,0.05,25846.153846153848,323.3460699198847
0.29,0.05,25846.153846153848,322.1160756948813
0.31,0.05,25846.153846153848,320.5426680033868
0.33,0.05,25846.153846153848,318.6011875534951
0.35,0.05,25846.153846153848,316.25809431436574
0.37,0.05,25846.153846153848,313.4638479425109
0.39,0.05,25846.153846153848,310.1398732377965
0.01,0.07,25846.153846153848,310.6391328750271
0.03,0.07,25846.153846153848,314.9262518778631
0.05,0.07,25846.153846153848,318.6011875534951
0.07,0.07,25846.153846153848,321.7190932410105
0.09,0.07,25846.153846153848,324.32047193003115
0.11,0.07,25846.153846153848,326.43726412822804
0.13,0.07,25846.153846153848,328.0960358180113
0.15,0.07,25846.153846153848,329.3190214290516
0.17,0.07,25846.153846153848,330.12391495033813
0.19,0.07,25846.153846153848,330.5231455143542
0.21,0.07,25846.153846153848,330.52314551435427
0.23,0.07,25846.153846153848,330.1239149503382
0.25,0.07,25846.153846153848,329.3190214290516
0.27,0.07,25846.153846153848,328.0960358180112
0.29,0.07,25846.153846153848,326.437264128228
0.31,0.07,25846.153846153848,324.3204719300311
0.33,0.07,25846.153846153848,321.7190932410105
0.35,0.07,25846.153846153848,318.6011875534951
0.37,0.07,25846.153846153848,314.9262518778631
0.39,0.07,25846.153846153848,310.6391328750271
0.01,0.09,25846.153846153848,311.04712791324835
0.03,0.09,25846.153846153848,316.1290368216438
0.05,0.09,25846.153846153848,320.54266800338684
0.07,0.09,25846.153846153848,324.3204719300312
0.09,0.09,25846.153846153848,327.4906359302887
0.11,0.09,25846.153846153848,330.0798369176041
0.13,0.09,25846.153846153848,332.1135931373776
0.15,0.09,25846.153846153848,333.61526625133905
0.17,0.09,25846.153846153848,334.604452215165
0.19,0.09,25846.153846153848,335.0953240137821
0.21,0.09,25846.153846153848,335.0953240137821
0.23,0.09,25846.153846153848,334.60445221516505
0.25,0.09,25846.153846153848,333.61526625133905
0.27,0.09,25846.153846153848,332.1135931373775
0.29,0.09,25846.153846153848,330.07983691760404
0.31,0.09,25846.153846153848,327.49063593028865
0.33,0.09,25846.153846153848,324.3204719300311
0.35,0.09,25846.153846153848,320.54266800338684
0.37,0.09,25846.153846153848,316.1290368216437
0.39,0.09,25846.153846153848,311.0471279132484
0.01,0.11,25846.153846153848,311.37561838054006
0.03,0.11,25846.153846153848,317.1000377339138
0.05,0.11,25846.153846153848,322.1160756948814
0.07,0.11,25846.153846153848,326.43726412822804
0.09,0.11,25846.153846153848,330.07983691760404
0.11,0.11,25846.153846153848,333.06410281969033
0.13,0.11,25846.153846153848,335.41305753843614
0.15,0.11,25846.153846153848,337.1498293626096
0.17,0.11,25846.153846153848,338.29484877398363
0.19,0.11,25846.153846153848,338.8633126039481
0.21,0.11,25846.153846153848,338.8633126039481
0.23,0.11,25846.153846153848,338.2948487739837
0.25,0.11,25846.153846153848,337.1498293626096
0.27,0.11,25846.153846153848,335.4130575384362
0.29,0.11,25846.153846153848,333.06410281969033
0.31,0.11,25846.153846153848,330.07983691760404
0.33,0.11,25846.153846153848,326.4372641282279
0.35,0.11,25846.153846153848,322.1160756948813
0.37,0.11,25846.153846153848,317.1000377339138
0.39,0.11,25846.153846153848,311.37561838054
0.01,0.13,25846.153846153848,311.6315679982052
0.03,0.13,25846.153846153848,317.857534974201
0.05,0.13,25846.153846153848,323.3460699198847
0.07,0.13,25846.153846153848,328.0960358180112
0.09,0.13,25846.153846153848,332.1135931373775
0.11,0.13,25846.153846153848,335.4130575384362
0.13,0.13,25846.153846153848,338.01451294076094
0.15,0.13,25846.153846153848,339.9401847397225
0.17,0.13,25846.153846153848,341.2106700230564
0.19,0.13,25846.153846153848,341.8416785305352
0.21,0.13,25846.153846153848,341.8416785305352
0.23,0.13,25846.153846153848,341.2106700230564
0.25,0.13,25846.153846153848,339.9401847397225
0.27,0.13,25846.153846153848,338.014512940761
0.29,0.13,25846.153846153848,335.41305753843614
0.31,0.13,25846.153846153848,332.1135931373775
0.33,0.13,25846.153846153848,328.0960358180112
0.35,0.13,25846.153846153848,323.34606991988466
0.37,0.13,25846.153846153848,317.8575349742009
0.39,0.13,25846.153846153848,311.6315679982051
0.01,0.15,25846.153846153848,311.81968315090114
0.03,0.15,25846.153846153848,318.4145982367819
0.05,0.15,25846.153846153848,324.2516337968448
0.07,0.15,25846.153846153848,329.3190214290516
0.09,0.15,25846.153846153848,333.61526625133905
0.11,0.15,25846.153846153848,337.14982936260964
0.13,0.15,25846.153846153848,339.9401847397225
0.15,0.15,25846.153846153848,342.0075020536424
0.17,0.15,25846.153846153848,343.3722186269478
0.19,0.15,25846.153846153848,344.0502457295976
0.21,0.15,25846.153846153848,344.0502457295976
0.23,0.15,25846.153846153848,343.3722186269478
0.25,0.15,25846.153846153848,342.00750205364227
0.27,0.15,25846.153846153848,339.9401847397225
0.29,0.15,25846.153846153848,337.1498293626096
0.31,0.15,25846.153846153848,333.615266251339
0.33,0.15,25846.153846153848,329.3190214290516
0.35,0.15,25846.153846153848,324.2516337968448
0.37,0.15,25846.153846153848,318.41459823678184
0.39,0.15,25846.153846153848,311.8196831509011
0.01,0.17,25846.153846153848,311.9432766263292
0.03,0.17,25846.153846153848,318.7806981068954
0.05,0.17,25846.153846153848,324.8471322627948
0.07,0.17,25846.153846153848,330.12391495033813
0.09,0.17,25846.153846153848,334.60445221516505
0.11,0.17,25846.153846153848,338.2948487739837
0.13,0.17,25846.153846153848,341.21067002305654
0.15,0.17,25846.153846153848,343.37221862694787
0.17,0.17,25846.153846153848,344.79969552517696
0.19,0.17,25846.153846153848,345.5090595105894
0.21,0.17,25846.153846153848,345.50905951058934
0.23,0.17,25846.153846153848,344.7996955251769
0.25,0.17,25846.153846153848,343.37221862694776
0.27,0.17,25846.153846153848,341.2106700230564
0.29,0.17,25846.153846153848,338.2948487739837
0.31,0.17,25846.153846153848,334.60445221516505
0.33,0.17,25846.153846153848,330.12391495033813
0.35,0.17,25846.153846153848,324.84713226279484
0.37,0.17,25846.153846153848,318.7806981068954
0.39,0.17,25846.153846153848,311.9432766263292
0.01,0.19,25846.153846153848,312.0045272099143
0.03,0.19,25846.153846153848,318.9621536026779
0.05,0.19,25846.153846153848,325.1423774248463
0.07,0.19,25846.153846153848,330.52314551435416
0.09,0.19,25846.153846153848,335.09532401378215
0.11,0.19,25846.153846153848,338.86331260394815
0.13,0.19,25846.153846153848,341.84167853053526
0.15,0.19,25846.153846153848,344.0502457295976
0.17,0.19,25846.153846153848,345.50905951058934
0.19,0.19,25846.153846153848,346.2340767344652
0.21,0.19,25846.153846153848,346.23407673446513
0.23,0.19,25846.153846153848,345.50905951058934
0.25,0.19,25846.153846153848,344.0502457295975
0.27,0.19,25846.153846153848,341.8416785305351
0.29,0.19,25846.153846153848,338.8633126039481
0.31,0.19,25846.153846153848,335.09532401378215
0.33,0.19,25846.153846153848,330.5231455143542
0.35,0.19,25846.153846153848,325.1423774248464
0.37,0.19,25846.153846153848,318.962153602678
0.39,0.19,25846.153846153848,312.0045272099143
0.01,0.21,25846.153846153848,312.0045272099143
0.03,0.21,25846.153846153848,318.9621536026779
0.05,0.21,25846.153846153848,325.1423774248464
0.07,0.21,25846.153846153848,330.52314551435416
0.09,0.21,25846.153846153848,335.0953240137821
0.11,0.21,25846.153846153848,338.86331260394815
0.13,0.21,25846.153846153848,341.84167853053526
0.15,0.21,25846.153846153848,344.0502457295976
0.17,0.21,25846.153846153848,345.50905951058934
0.19,0.21,25846.153846153848,346.23407673446513
0.21,0.21,25846.153846153848,346.23407673446513
0.23,0.21,25846.153846153848,345.50905951058934
0.25,0.21,25846.153846153848,344.0502457295976
0.27,0.21,25846.153846153848,341.8416785305352
0.29,0.21,25846.153846153848,338.86331260394815
0.31,0.21,25846.153846153848,335.09532401378215
0.33,0.21,25846.153846153848,330.5231455143542
0.35,0.21,25846.153846153848,325.1423774248464
0.37,0.21,25846.153846153848,318.9621536026779
0.39,0.21,25846.153846153848,312.0045272099143
0.01,0.23,25846.153846153848,311.9432766263292
0.03,0.23,25846.153846153848,318.7806981068954
0.05,0.23,25846.153846153848,324.84713226279484
0.07,0.23,25846.153846153848,330.12391495033813
0.09,0.23,25846.153846153848,334.60445221516505
0.11,0.23,25846.153846153848,338.2948487739837
0.13,0.23,25846.153846153848,341.2106700230565
0.15,0.23,25846.153846153848,343.3722186269478
0.17,0.23,25846.153846153848,344.7996955251769
0.19,0.23,25846.153846153848,345.50905951058934
0.21,0.23,25846.153846153848,345.5090595105894
0.23,0.23,25846.153846153848,344.79969552517696
0.25,0.23,25846.153846153848,343.3722186269479
0.27,0.23,25846.153846153848,341.21067002305654
0.29,0.23,25846.153846153848,338.2948487739838
0.31,0.23,25846.153846153848,334.6044522151651
0.33,0.23,25846.153846153848,330.1239149503382
0.35,0.23,25846.153846153848,324.8471322627949
0.37,0.23,25846.153846153848,318.7806981068954
0.39,0.23,25846.153846153848,311.9432766263292
0.01,0.25,25846.153846153848,311.8196831509011
0.03,0.25,25846.153846153848,318.4145982367819
0.05,0.25,25846.153846153848,324.2516337968449
0.07,0.25,25846.153846153848,329.3190214290516
0.09,0.25,25846.153846153848,333.615266251339
0.11,0.25,25846.153846153848,337.1498293626096
0.13,0.25,25846.153846153848,339.9401847397225
0.15,0.25,25846.153846153848,342.0075020536423
0.17,0.25,25846.153846153848,343.3722186269478
0.19,0.25,25846.153846153848,344.0502457295976
0.21,0.25,25846.153846153848,344.0502457295976
0.23,0.25,25846.153846153848,343.37221862694787
0.25,0.25,25846.153846153848,342.00750205364244
0.27,0.25,25846.153846153848,339.9401847397226
0.29,0.25,25846.153846153848,337.1498293626097
0.31,0.25,25846.153846153848,333.6152662513391
0.33,0.25,25846.153846153848,329.3190214290516
0.35,0.25,25846.153846153848,324.2516337968449
0.37,0.25,25846.153846153848,318.4145982367819
0.39,0.25,25846.153846153848,311.8196831509011
0.01,0.27,25846.153846153848,311.6315679982052
0.03,0.27,25846.153846153848,317.857534974201
0.05,0.27,25846.153846153848,323.3460699198847
0.07,0.27,25846.153846153848,328.0960358180112
0.09,0.27,25846.153846153848,332.11359313737745
0.11,0.27,25846.153846153848,335.4130575384362
0.13,0.27,25846.153846153848,338.014512940761
0.15,0.27,25846.153846153848,339.9401847397225
0.17,0.27,25846.153846153848,341.2106700230564
0.19,0.27,25846.153846153848,341.84167853053515
0.21,0.27,25846.153846153848,341.8416785305352
0.23,0.27,25846.153846153848,341.2106700230565
0.25,0.27,25846.153846153848,339.9401847397226
0.27,0.27,25846.153846153848,338.01451294076105
0.29,0.27,25846.153846153848,335.41305753843625
0.31,0.27,25846.153846153848,332.1135931373776
0.33,0.27,25846.153846153848,328.0960358180112
0.35,0.27,25846.153846153848,323.3460699198847
0.37,0.27,25846.153846153848,317.857534974201
0.39,0.27,25846.153846153848,311.6315679982051
0.01,0.29,25846.153846153848,311.3756183805401
0.03,0.29,25846.153846153848,317.10003773391384
0.05,0.29,25846.153846153848,322.11607569488143
0.07,0.29,25846.153846153848,326.437264128228
0.09,0.29,25846.153846153848,330.07983691760404
0.11,0.29,25846.153846153848,333.0641028196904
0.13,0.29,25846.153846153848,335.4130575384362
0.15,0.29,25846.153846153848,337.14982936260964
0.17,0.29,25846.153846153848,338.2948487739837
0.19,0.29,25846.153846153848,338.86331260394815
0.21,0.29,25846.153846153848,338.86331260394815
0.23,0.29,25846.153846153848,338.2948487739837
0.25,0.29,25846.153846153848,337.1498293626097
0.27,0.29,25846.153846153848,335.41305753843625
0.29,0.29,25846.153846153848,333.0641028196904
0.31,0.29,25846.153846153848,330.0798369176041
0.33,0.29,25846.153846153848,326.43726412822804
0.35,0.29,25846.153846153848,322.1160756948814
0.37,0.29,25846.153846153848,317.1000377339138
0.39,0.29,25846.153846153848,311.37561838054006
0.01,0.31,25846.153846153848,311.0471279132484
0.03,0.31,25846.153846153848,316.12903682164387
0.05,0.31,25846.153846153848,320.5426680033869
0.07,0.31,25846.153846153848,324.32047193003115
0.09,0.31,25846.153846153848,327.4906359302887
0.11,0.31,25846.153846153848,330.0798369176041
0.13,0.31,25846.153846153848,332.1135931373776
0.15,0.31,25846.153846153848,333.6152662513391
0.17,0.31,25846.153846153848,334.6044522151651
0.19,0.31,25846.153846153848,335.0953240137822
0.21,0.31,25846.153846153848,335.09532401378215
0.23,0.31,25846.153846153848,334.6044522151651
0.25,0.31,25846.153846153848,333.6152662513392
0.27,0.31,25846.153846153848,332.1135931373776
0.29,0.31,25846.153846153848,330.0798369176041
0.31,0.31,25846.153846153848,327.4906359302887
0.33,0.31,25846.153846153848,324.32047193003115
0.35,0.31,25846.153846153848,320.54266800338684
0.37,0.31,25846.153846153848,316.1290368216438
0.39,0.31,25846.153846153848,311.0471279132484
0.01,0.33,25846.153846153848,310.6391328750271
0.03,0.33,25846.153846153848,314.92625187786314
0.05,0.33,25846.153846153848,318.6011875534951
0.07,0.33,25846.153846153848,321.7190932410105
0.09,0.33,25846.153846153848,324.32047193003115
0.11,0.33,25846.153846153848,326.43726412822804
0.13,0.33,25846.153846153848,328.0960358180112
0.15,0.33,25846.153846153848,329.3190214290516
0.17,0.33,25846.153846153848,330.1239149503382
0.19,0.33,25846.153846153848,330.52314551435427
0.21,0.33,25846.153846153848,330.52314551435427
0.23,0.33,25846.153846153848,330.12391495033825
0.25,0.33,25846.153846153848,329.31902142905165
0.27,0.33,25846.153846153848,328.0960358180113
0.29,0.33,25846.153846153848,326.43726412822804
0.31,0.33,25846.153846153848,324.32047193003115
0.33,0.33,25846.153846153848,321.71909324101057
0.35,0.33,25846.153846153848,318.6011875534951
0.37,0.33,25846.153846153848,314.9262518778631
0.39,0.33,25846.153846153848,310.63913287502703
0.01,0.35,25846.153846153848,310.13987323779656
0.03,0.35,25846.153846153848,313.46384794251094
0.05,0.35,25846.153846153848,316.2580943143657
0.07,0.35,25846.153846153848,318.6011875534951
0.09,0.35,25846.153846153848,320.54266800338684
0.11,0.35,25846.153846153848,322.11607569488143
0.13,0.35,25846.153846153848,323.3460699198847
0.15,0.35,25846.153846153848,324.25163379684494
0.17,0.35,25846.153846153848,324.8471322627949
0.19,0.35,25846.153846153848,325.1423774248465
0.21,0.35,25846.153846153848,325.1423774248465
0.23,0.35,25846.153846153848,324.84713226279496
0.25,0.35,25846.153846153848,324.2516337968449
0.27,0.35,25846.153846153848,323.3460699198848
0.29,0.35,25846.153846153848,322.1160756948814
0.31,0.35,25846.153846153848,320.54266800338684
0.33,0.35,25846.153846153848,318.60118755349515
0.35,0.35,25846.153846153848,316.2580943143657
0.37,0.35,25846.153846153848,313.4638479425109
0.39,0.35,25846.153846153848,310.13987323779645
0.01,0.37,25846.153846153848,309.5251641831548
0.03,0.37,25846.153846153848,311.69397363651564
0.05,0.37,25846.153846153848,313.4638479425109
0.07,0.37,25846.153846153848,314.9262518778631
0.09,0.37,25846.153846153848,316.1290368216438
0.11,0.37,25846.153846153848,317.10003773391384
0.13,0.37,25846.153846153848,317.857534974201
0.15,0.37,25846.153846153848,318.414598236782
0.17,0.37,25846.153846153848,318.78069810689544
0.19,0.37,25846.153846153848,318.962153602678
0.21,0.37,25846.153846153848,318.962153602678
0.23,0.37,25846.153846153848,318.78069810689544
0.25,0.37,25846.153846153848,318.4145982367819
0.27,0.37,25846.153846153848,317.85753497420103
0.29,0.37,25846.153846153848,317.10003773391384
0.31,0.37,25846.153846153848,316.1290368216438
0.33,0.37,25846.153846153848,314.9262518778631
0.35,0.37,25846.153846153848,313.4638479425109
0.37,0.37,25846.153846153848,311.6939736365156
0.39,0.37,25846.153846153848,309.52516418315474
0.01,0.39,25846.153846153848,308.7329924392953
0.03,0.39,25846.153846153848,309.5251641831548
0.05,0.39,25846.153846153848,310.1398732377965
0.07,0.39,25846.153846153848,310.6391328750271
0.09,0.39,25846.153846153848,311.0471279132484
0.11,0.39,25846.153846153848,311.37561838054006
0.13,0.39,25846.153846153848,311.6315679982051
0.15,0.39,25846.153846153848,311.81968315090114
0.17,0.39,25846.153846153848,311.9432766263292
0.19,0.39,25846.153846153848,312.0045272099143
0.21,0.39,25846.153846153848,312.0045272099143
0.23,0.39,25846.153846153848,311.9432766263292
0.25,0.39,25846.153846153848,311.81968315090114
0.27,0.39,25846.153846153848,311.6315679982052
0.29,0.39,25846.153846153848,311.37561838054006
0.31,0.39,25846.153846153848,311.0471279132484
0.33,0.39,25846.153846153848,310.63913287502703
0.35,0.39,25846.153846153848,310.13987323779645
0.37,0.39,25846.153846153848,309.52516418315474
0.39,0.39,25846.153846153848,308.73299243929523
0.01,0.01,27692.30769230769,308.6878107511952
0.03,0.01,27692.30769230769,309.4215872297575
0.05,0.01,27692.30769230769,309.9939096796155
0.07,0.01,27692.30769230769,310.46143497708096
0.09,0.01,27692.30769230769,310.8458075653249
0.11,0.01,27692.30769230769,311.1571104341472
0.13,0.01,27692.30769230769,311.4009836350702
0.15,0.01,27692.30769230769,311.5810478318226
0.17,0.01,27692.30769230769,311.6997661221068
0.19,0.01,27692.30769230769,311.7587295474644
0.21,0.01,27692.30769230769,311.7587295474644
0.23,0.01,27692.30769230769,311.6997661221068
0.25,0.01,27692.30769230769,311.5810478318227
0.27,0.01,27692.30769230769,311.4009836350703
0.29,0.01,27692.30769230769,311.1571104341472
0.31,0.01,27692.30769230769,310.8458075653249
0.33,0.01,27692.30769230769,310.46143497708096
0.35,0.01,27692.30769230769,309.9939096796155
0.37,0.01,27692.30769230769,309.4215872297575
0.39,0.01,27692.30769230769,308.6878107511952
0.01,0.03,27692.30769230769,309.4215872297575
0.03,0.03,27692.30769230769,311.4337924169551
0.05,0.03,27692.30769230769,313.0836814276213
0.07,0.03,27692.30769230769,314.45457975021367
0.09,0.03,27692.30769230769,315.5888089667
0.11,0.03,27692.30769230769,316.50982706677604
0.13,0.03,27692.30769230769,317.23219770137626
0.15,0.03,27692.30769230769,317.76585705038707
0.17,0.03,27692.30769230769,318.1177969120117
0.19,0.03,27692.30769230769,318.2926140322376
0.21,0.03,27692.30769230769,318.2926140322376
0.23,0.03,27692.30769230769,318.1177969120117
0.25,0.03,27692.30769230769,317.7658570503871
0.27,0.03,27692.30769230769,317.2321977013764
0.29,0.03,27692.30769230769,316.50982706677604
0.31,0.03,27692.30769230769,315.5888089667
0.33,0.03,27692.30769230769,314.4545797502136
0.35,0.03,27692.30769230769,313.0836814276213
0.37,0.03,27692.30769230769,311.4337924169551
0.39,0.03,27692.30769230769,309.4215872297575
0.01,0.05,27692.30769230769,309.9939096796155
0.03,0.05,27692.30769230769,313.0836814276213
0.05,0.05,27692.30769230769,315.6929256891728
0.07,0.05,27692.30769230769,317.89281245320313
0.09,0.05,27692.30769230769,319.72625461075427
0.11,0.05,27692.30769230769,321.2206687962538
0.13,0.05,27692.30769230769,322.3951135206995
0.15,0.05,27692.30769230769,323.26368687740006
0.17,0.05,27692.30769230769,323.8368282241416
0.19,0.05,27692.30769230769,324.1216018048706
0.21,0.05,27692.30769230769,324.1216018048706
0.23,0.05,27692.30769230769,323.83682822414164
0.25,0.05,27692.30769230769,323.26368687740006
0.27,0.05,27692.30769230769,322.3951135206996
0.29,0.05,27692.30769230769,321.22066879625385
0.31,0.05,27692.30769230769,319.72625461075427
0.33,0.05,27692.30769230769,317.89281245320313
0.35,0.05,27692.30769230769,315.69292568917285
0.37,0.05,27692.30769230769,313.08368142762123
0.39,0.05,27692.30769230769,309.9939096796155
0.01,0.07,27692.30769230769,310.46143497708096
0.03,0.07,27692.30769230769,314.4545797502136
0.05,0.07,27692.30769230769,317.8928124532031
0.07,0.07,27692.30769230769,320.82544834436135
0.09,0.07,27692.30769230769,323.2862265560154
0.11,0.07,27692.30769230769,325.29994567865833
0.13,0.07,27692.30769230769,326.8861942477694
0.15,0.07,27692.30769230769,328.0609197844391
0.17,0.07,27692.30769230769,328.8366807103089
0.19,0.07,27692.30769230769,329.2222812833151
0.21,0.07,27692.30769230769,329.2222812833151
0.23,0.07,27692.30769230769,328.836680710309
0.25,0.07,27692.30769230769,328.0609197844392
0.27,0.07,27692.30769230769,326.8861942477695
0.29,0.07,27692.30769230769,325.29994567865833
0.31,0.07,27692.30769230769,323.28622655601544
0.33,0.07,27692.30769230769,320.82544834436135
0.35,0.07,27692.30769230769,317.89281245320313
0.37,0.07,27692.30769230769,314.4545797502136
0.39,0.07,27692.30769230769,310.46143497708096
0.01,0.09,27692.30769230769,310.8458075653249
0.03,0.09,27692.30769230769,315.5888089667
0.05,0.09,27692.30769230769,319.7262546107542
0.07,0.09,27692.30769230769,323.28622655601544
0.09,0.09,27692.30769230769,326.2903611836813
0.11,0.09,27692.30769230769,328.75761537868607
0.13,0.09,27692.30769230769,330.7055542099632
0.15,0.09,27692.30769230769,332.1501753506352
0.17,0.09,27692.30769230769,333.1049714453206
0.19,0.09,27692.30769230769,333.57977400422465
0.21,0.09,27692.30769230769,333.5797740042247
0.23,0.09,27692.30769230769,333.10497144532064
0.25,0.09,27692.30769230769,332.1501753506353
0.27,0.09,27692.30769230769,330.7055542099633
0.29,0.09,27692.30769230769,328.75761537868607
0.31,0.09,27692.30769230769,326.2903611836813
0.33,0.09,27692.30769230769,323.28622655601544
0.35,0.09,27692.30769230769,319.72625461075427
0.37,0.09,27692.30769230769,315.5888089667
0.39,0.09,27692.30769230769,310.8458075653249
0.01,0.11,27692.30769230769,311.1571104341472
0.03,0.11,27692.30769230769,316.5098270667761
0.05,0.11,27692.30769230769,321.2206687962538
0.07,0.11,27692.30769230769,325.29994567865833
0.09,0.11,27692.30769230769,328.75761537868607
0.11,0.11,27692.30769230769,331.60592733103886
0.13,0.11,27692.30769230769,333.8592368668887
0.15,0.11,27692.30769230769,335.5325025475678
0.17,0.11,27692.30769230769,336.639304614073
0.19,0.11,27692.30769230769,337.1899355714523
0.21,0.11,27692.30769230769,337.18993557145234
0.23,0.11,27692.30769230769,336.6393046140731
0.25,0.11,27692.30769230769,335.53250254756784
0.27,0.11,27692.30769230769,333.8592368668887
0.29,0.11,27692.30769230769,331.60592733103886
0.31,0.11,27692.30769230769,328.75761537868607
0.33,0.11,27692.30769230769,325.29994567865833
0.35,0.11,27692.30769230769,321.2206687962538
0.37,0.11,27692.30769230769,316.50982706677604
0.39,0.11,27692.30769230769,311.1571104341472
0.01,0.13,27692.30769230769,311.4009836350702
0.03,0.13,27692.30769230769,317.2321977013763
0.05,0.13,27692.30769230769,322.3951135206995
0.07,0.13,27692.30769230769,326.8861942477694
0.09,0.13,27692.30769230769,330.7055542099632
0.11,0.13,27692.30769230769,333.8592368668887
0.13,0.13,27692.30769230769,336.3582033928688
0.15,0.13,27692.30769230769,338.2159222505004
0.17,0.13,27692.30769230769,339.4455843749123
0.19,0.13,27692.30769230769,340.0575709925369
0.21,0.13,27692.30769230769,340.05757099253697
0.23,0.13,27692.30769230769,339.44558437491224
0.25,0.13,27692.30769230769,338.2159222505004
0.27,0.13,27692.30769230769,336.35820339286886
0.29,0.13,27692.30769230769,333.85923686688875
0.31,0.13,27692.30769230769,330.7055542099632
0.33,0.13,27692.30769230769,326.8861942477694
0.35,0.13,27692.30769230769,322.3951135206995
0.37,0.13,27692.30769230769,317.23219770137626
0.39,0.13,27692.30769230769,311.4009836350702
0.01,0.15,27692.30769230769,311.5810478318227
0.03,0.15,27692.30769230769,317.76585705038707
0.05,0.15,27692.30769230769,323.26368687740006
0.07,0.15,27692.30769230769,328.0609197844391
0.09,0.15,27692.30769230769,332.15017535063527
0.11,0.15,27692.30769230769,335.53250254756784
0.13,0.15,27692.30769230769,338.2159222505004
0.15,0.15,27692.30769230769,340.21243756790443
0.17,0.15,27692.30769230769,341.5346871445344
0.19,0.15,27692.30769230769,342.192951852971
0.21,0.15,27692.30769230769,342.192951852971
0.23,0.15,27692.30769230769,341.5346871445344
0.25,0.15,27692.30769230769,340.2124375679044
0.27,0.15,27692.30769230769,338.2159222505004
0.29,0.15,27692.30769230769,335.53250254756784
0.31,0.15,27692.30769230769,332.15017535063527
0.33,0.15,27692.30769230769,328.06091978443914
0.35,0.15,27692.30769230769,323.26368687740006
0.37,0.15,27692.30769230769,317.7658570503871
0.39,0.15,27692.30769230769,311.5810478318227
0.01,0.17,27692.30769230769,311.6997661221068
0.03,0.17,27692.30769230769,318.11779691201167
0.05,0.17,27692.30769230769,323.8368282241415
0.07,0.17,27692.30769230769,328.8366807103089
0.09,0.17,27692.30769230769,333.10497144532064
0.11,0.17,27692.30769230769,336.6393046140732
0.13,0.17,27692.30769230769,339.4455843749124
0.15,0.17,27692.30769230769,341.5346871445345
0.17,0.17,27692.30769230769,342.9187648901004
0.19,0.17,27692.30769230769,343.6079526774775
0.21,0.17,27692.30769230769,343.60795267747744
0.23,0.17,27692.30769230769,342.9187648901003
0.25,0.17,27692.30769230769,341.5346871445344
0.27,0.17,27692.30769230769,339.4455843749123
0.29,0.17,27692.30769230769,336.63930461407307
0.31,0.17,27692.30769230769,333.1049714453206
0.33,0.17,27692.30769230769,328.8366807103089
0.35,0.17,27692.30769230769,323.8368282241416
0.37,0.17,27692.30769230769,318.11779691201167
0.39,0.17,27692.30769230769,311.6997661221068
0.01,0.19,27692.30769230769,311.7587295474644
0.03,0.19,27692.30769230769,318.2926140322375
0.05,0.19,27692.30769230769,324.1216018048705
0.07,0.19,27692.30769230769,329.22228128331506
0.09,0.19,27692.30769230769,333.5797740042247
0.11,0.19,27692.30769230769,337.1899355714524
0.13,0.19,27692.30769230769,340.057570992537
0.15,0.19,27692.30769230769,342.19295185297113
0.17,0.19,27692.30769230769,343.6079526774776
0.19,0.19,27692.30769230769,344.31261232487424
0.21,0.19,27692.30769230769,344.31261232487424
0.23,0.19,27692.30769230769,343.6079526774775
0.25,0.19,27692.30769230769,342.1929518529711
0.27,0.19,27692.30769230769,340.0575709925369
0.29,0.19,27692.30769230769,337.1899355714523
0.31,0.19,27692.30769230769,333.57977400422465
0.33,0.19,27692.30769230769,329.22228128331506
0.35,0.19,27692.30769230769,324.12160180487064
0.37,0.19,27692.30769230769,318.2926140322376
0.39,0.19,27692.30769230769,311.7587295474644
0.01,0.21,27692.30769230769,311.7587295474644
0.03,0.21,27692.30769230769,318.2926140322375
0.05,0.21,27692.30769230769,324.1216018048705
0.07,0.21,27692.30769230769,329.22228128331506
0.09,0.21,27692.30769230769,333.57977400422465
0.11,0.21,27692.30769230769,337.1899355714524
0.13,0.21,27692.30769230769,340.057570992537
0.15,0.21,27692.30769230769,342.19295185297113
0.17,0.21,27692.30769230769,343.6079526774776
0.19,0.21,27692.30769230769,344.31261232487424
0.21,0.21,27692.30769230769,344.31261232487424
0.23,0.21,27692.30769230769,343.6079526774775
0.25,0.21,27692.30769230769,342.1929518529711
0.27,0.21,27692.30769230769,340.0575709925369
0.29,0.21,27692.30769230769,337.1899355714523
0.31,0.21,27692.30769230769,333.57977400422465
0.33,0.21,27692.30769230769,329.22228128331506
0.35,0.21,27692.30769230769,324.12160180487064
0.37,0.21,27692.30769230769,318.2926140322376
0.39,0.21,27692.30769230769,311.7587295474644
0.01,0.23,27692.30769230769,311.6997661221068
0.03,0.23,27692.30769230769,318.11779691201167
0.05,0.23,27692.30769230769,323.8368282241415
0.07,0.23,27692.30769230769,328.8366807103089
0.09,0.23,27692.30769230769,333.1049714453206
0.11,0.23,27692.30769230769,336.63930461407307
0.13,0.23,27692.30769230769,339.4455843749123
0.15,0.23,27692.30769230769,341.5346871445344
0.17,0.23,27692.30769230769,342.9187648901004
0.19,0.23,27692.30769230769,343.6079526774776
0.21,0.23,27692.30769230769,343.6079526774776
0.23,0.23,27692.30769230769,342.9187648901004
0.25,0.23,27692.30769230769,341.5346871445344
0.27,0.23,27692.30769230769,339.4455843749124
0.29,0.23,27692.30769230769,336.6393046140731
0.31,0.23,27692.30769230769,333.10497144532064
0.33,0.23,27692.30769230769,328.83668071030894
0.35,0.23,27692.30769230769,323.83682822414164
0.37,0.23,27692.30769230769,318.1177969120117
0.39,0.23,27692.30769230769,311.6997661221068
0.01,0.25,27692.30769230769,311.5810478318227
0.03,0.25,27692.30769230769,317.7658570503871
0.05,0.25,27692.30769230769,323.26368687740006
0.07,0.25,27692.30769230769,328.0609197844391
0.09,0.25,27692.30769230769,332.1501753506352
0.11,0.25,27692.30769230769,335.5325025475678
0.13,0.25,27692.30769230769,338.2159222505004
0.15,0.25,27692.30769230769,340.21243756790443
0.17,0.25,27692.30769230769,341.5346871445344
0.19,0.25,27692.30769230769,342.1929518529711
0.21,0.25,27692.30769230769,342.1929518529711
0.23,0.25,27692.30769230769,341.5346871445345
0.25,0.25,27692.30769230769,340.2124375679045
0.27,0.25,27692.30769230769,338.21592225050045
0.29,0.25,27692.30769230769,335.5325025475679
0.31,0.25,27692.30769230769,332.1501753506353
0.33,0.25,27692.30769230769,328.06091978443914
0.35,0.25,27692.30769230769,323.2636868774001
0.37,0.25,27692.30769230769,317.7658570503872
0.39,0.25,27692.30769230769,311.5810478318227
0.01,0.27,27692.30769230769,311.4009836350703
0.03,0.27,27692.30769230769,317.2321977013763
0.05,0.27,27692.30769230769,322.3951135206995
0.07,0.27,27692.30769230769,326.8861942477694
0.09,0.27,27692.30769230769,330.7055542099632
0.11,0.27,27692.30769230769,333.8592368668887
0.13,0.27,27692.30769230769,336.35820339286886
0.15,0.27,27692.30769230769,338.2159222505004
0.17,0.27,27692.30769230769,339.4455843749123
0.19,0.27,27692.30769230769,340.05757099253697
0.21,0.27,27692.30769230769,340.05757099253697
0.23,0.27,27692.30769230769,339.4455843749124
0.25,0.27,27692.30769230769,338.2159222505005
0.27,0.27,27692.30769230769,336.3582033928689
0.29,0.27,27692.30769230769,333.85923686688875
0.31,0.27,27692.30769230769,330.7055542099633
0.33,0.27,27692.30769230769,326.88619424776954
0.35,0.27,27692.30769230769,322.3951135206996
0.37,0.27,27692.30769230769,317.2321977013763
0.39,0.27,27692.30769230769,311.4009836350702
0.01,0.29,27692.30769230769,311.1571104341472
0.03,0.29,27692.30769230769,316.5098270667761
0.05,0.29,27692.30769230769,321.22066879625385
0.07,0.29,27692.30769230769,325.2999456786583
0.09,0.29,27692.30769230769,328.75761537868607
0.11,0.29,27692.30769230769,331.60592733103886
0.13,0.29,27692.30769230769,333.8592368668887
0.15,0.29,27692.30769230769,335.53250254756784
0.17,0.29,27692.30769230769,336.63930461407307
0.19,0.29,27692.30769230769,337.18993557145234
0.21,0.29,27692.30769230769,337.18993557145234
0.23,0.29,27692.30769230769,336.6393046140731
0.25,0.29,27692.30769230769,335.5325025475679
0.27,0.29,27692.30769230769,333.8592368668888
0.29,0.29,27692.30769230769,331.6059273310389
0.31,0.29,27692.30769230769,328.7576153786861
0.33,0.29,27692.30769230769,325.2999456786584
0.35,0.29,27692.30769230769,321.22066879625385
0.37,0.29,27692.30769230769,316.5098270667761
0.39,0.29,27692.30769230769,311.1571104341472
0.01,0.31,27692.30769230769,310.8458075653249
0.03,0.31,27692.30769230769,315.5888089667
0.05,0.31,27692.30769230769,319.72625461075427
0.07,0.31,27692.30769230769,323.28622655601544
0.09,0.31,27692.30769230769,326.2903611836813
0.11,0.31,27692.30769230769,328.7576153786861
0.13,0.31,27692.30769230769,330.7055542099632
0.15,0.31,27692.30769230769,332.15017535063527
0.17,0.31,27692.30769230769,333.1049714453207
0.19,0.31,27692.30769230769,333.5797740042247
0.21,0.31,27692.30769230769,333.5797740042247
0.23,0.31,27692.30769230769,333.10497144532064
0.25,0.31,27692.30769230769,332.15017535063527
0.27,0.31,27692.30769230769,330.7055542099633
0.29,0.31,27692.30769230769,328.7576153786861
0.31,0.31,27692.30769230769,326.2903611836813
0.33,0.31,27692.30769230769,323.28622655601544
0.35,0.31,27692.30769230769,319.72625461075427
0.37,0.31,27692.30769230769,315.5888089667
0.39,0.31,27692.30769230769,310.8458075653249
0.01,0.33,27692.30769230769,310.46143497708096
0.03,0.33,27692.30769230769,314.4545797502136
0.05,0.33,27692.30769230769,317.89281245320313
0.07,0.33,27692.30769230769,320.8254483443614
0.09,0.33,27692.30769230769,323.28622655601544
0.11,0.33,27692.30769230769,325.2999456786584
0.13,0.33,27692.30769230769,326.8861942477695
0.15,0.33,27692.30769230769,328.06091978443914
0.17,0.33,27692.30769230769,328.83668071030894
0.19,0.33,27692.30769230769,329.22228128331506
0.21,0.33,27692.30769230769,329.22228128331506
0.23,0.33,27692.30769230769,328.83668071030894
0.25,0.33,27692.30769230769,328.06091978443914
0.27,0.33,27692.30769230769,326.8861942477695
0.29,0.33,27692.30769230769,325.29994567865833
0.31,0.33,27692.30769230769,323.28622655601544
0.33,0.33,27692.30769230769,320.82544834436135
0.35,0.33,27692.30769230769,317.8928124532031
0.37,0.33,27692.30769230769,314.4545797502136
0.39,0.33,27692.30769230769,310.46143497708096
0.01,0.35,27692.30769230769,309.9939096796155
0.03,0.35,27692.30769230769,313.0836814276213
0.05,0.35,27692.30769230769,315.69292568917285
0.07,0.35,27692.30769230769,317.89281245320313
0.09,0.35,27692.30769230769,319.72625461075427
0.11,0.35,27692.30769230769,321.22066879625385
0.13,0.35,27692.30769230769,322.3951135206996
0.15,0.35,27692.30769230769,323.2636868774001
0.17,0.35,27692.30769230769,323.83682822414164
0.19,0.35,27692.30769230769,324.1216018048706
0.21,0.35,27692.30769230769,324.1216018048706
0.23,0.35,27692.30769230769,323.83682822414164
0.25,0.35,27692.30769230769,323.26368687740006
0.27,0.35,27692.30769230769,322.3951135206996
0.29,0.35,27692.30769230769,321.22066879625385
0.31,0.35,27692.30769230769,319.7262546107542
0.33,0.35,27692.30769230769,317.8928124532031
0.35,0.35,27692.30769230769,315.6929256891728
0.37,0.35,27692.30769230769,313.08368142762123
0.39,0.35,27692.30769230769,309.9939096796155
0.01,0.37,27692.30769230769,309.4215872297575
0.03,0.37,27692.30769230769,311.4337924169551
0.05,0.37,27692.30769230769,313.0836814276213
0.07,0.37,27692.30769230769,314.4545797502136
0.09,0.37,27692.30769230769,315.5888089667
0.11,0.37,27692.30769230769,316.5098270667761
0.13,0.37,27692.30769230769,317.2321977013764
0.15,0.37,27692.30769230769,317.7658570503871
0.17,0.37,27692.30769230769,318.11779691201167
0.19,0.37,27692.30769230769,318.2926140322376
0.21,0.37,27692.30769230769,318.2926140322376
0.23,0.37,27692.30769230769,318.11779691201167
0.25,0.37,27692.30769230769,317.7658570503871
0.27,0.37,27692.30769230769,317.2321977013763
0.29,0.37,27692.30769230769,316.5098270667761
0.31,0.37,27692.30769230769,315.5888089667
0.33,0.37,27692.30769230769,314.4545797502136
0.35,0.37,27692.30769230769,313.08368142762123
0.37,0.37,27692.30769230769,311.4337924169551
0.39,0.37,27692.30769230769,309.4215872297575
0.01,0.39,27692.30769230769,308.6878107511952
0.03,0.39,27692.30769230769,309.4215872297575
0.05,0.39,27692.30769230769,309.9939096796155
0.07,0.39,27692.30769230769,310.46143497708096
0.09,0.39,27692.30769230769,310.84580756532495
0.11,0.39,27692.30769230769,311.1571104341472
0.13,0.39,27692.30769230769,311.4009836350702
0.15,0.39,27692.30769230769,311.5810478318227
0.17,0.39,27692.30769230769,311.6997661221068
0.19,0.39,27692.30769230769,311.7587295474644
0.21,0.39,27692.30769230769,311.7587295474644
0.23,0.39,27692.30769230769,311.6997661221068
0.25,0.39,27692.30769230769,311.5810478318227
0.27,0.39,27692.30769230769,311.40098363507025
0.29,0.39,27692.30769230769,311.1571104341472
0.31,0.39,27692.30769230769,310.8458075653249
0.33,0.39,27692.30769230769,310.46143497708096
0.35,0.39,27692.30769230769,309.9939096796155
0.37,0.39,27692.30769230769,309.4215872297575
0.39,0.39,27692.30769230769,308.6878107511952
0.01,0.01,29538.46153846154,308.647385947669
0.03,0.01,29538.46153846154,309.32790585547554
0.05,0.01,29538.46153846154,309.8607117610484
0.07,0.01,29538.46153846154,310.29791026168147
0.09,0.01,29538.46153846154,310.6590765796934
0.11,0.01,29538.46153846154,310.95297824848035
0.13,0.01,29538.46153846154,311.1842323251509
0.15,0.01,29538.46153846154,311.3556192312583
0.17,0.01,29538.46153846154,311.4689396507063
0.19,0.01,29538.46153846154,311.52532293437235
0.21,0.01,29538.46153846154,311.52532293437235
0.23,0.01,29538.46153846154,311.4689396507063
0.25,0.01,29538.46153846154,311.3556192312583
0.27,0.01,29538.46153846154,311.1842323251509
0.29,0.01,29538.46153846154,310.95297824848035
0.31,0.01,29538.46153846154,310.6590765796935
0.33,0.01,29538.46153846154,310.2979102616815
0.35,0.01,29538.46153846154,309.8607117610484
0.37,0.01,29538.46153846154,309.32790585547554
0.39,0.01,29538.46153846154,308.647385947669
0.01,0.03,29538.46153846154,309.32790585547554
0.03,0.03,29538.46153846154,311.19626611924195
0.05,0.03,29538.46153846154,312.7337084039337
0.07,0.03,29538.46153846154,314.0167709138336
0.09,0.03,29538.46153846154,315.08336658050354
0.11,0.03,29538.46153846154,315.9535599445982
0.13,0.03,29538.46153846154,316.6390531186123
0.15,0.03,29538.46153846154,317.14735776899187
0.17,0.03,29538.46153846154,317.4835309381129
0.19,0.03,29538.46153846154,317.6508141286858
0.21,0.03,29538.46153846154,317.6508141286858
0.23,0.03,29538.46153846154,317.483530938113
0.25,0.03,29538.46153846154,317.1473577689919
0.27,0.03,29538.46153846154,316.6390531186123
0.29,0.03,29538.46153846154,315.9535599445983
0.31,0.03,29538.46153846154,315.08336658050354
0.33,0.03,29538.46153846154,314.0167709138336
0.35,0.03,29538.46153846154,312.7337084039337
0.37,0.03,29538.46153846154,311.19626611924195
0.39,0.03,29538.46153846154,309.32790585547554
0.01,0.05,29538.46153846154,309.8607117610484
0.03,0.05,29538.46153846154,312.7337084039337
0.05,0.05,29538.46153846154,315.16837888110103
0.07,0.05,29538.46153846154,317.2299079513126
0.09,0.05,29538.46153846154,318.9560746777608
0.11,0.05,29538.46153846154,320.3696220214137
0.13,0.05,29538.46153846154,321.485322901737
0.15,0.05,29538.46153846154,322.31350109416474
0.17,0.05,29538.46153846154,322.86152983294096
0.19,0.05,29538.46153846154,323.1343075925479
0.21,0.05,29538.46153846154,323.1343075925479
0.23,0.05,29538.46153846154,322.861529832941
0.25,0.05,29538.46153846154,322.31350109416474
0.27,0.05,29538.46153846154,321.48532290173705
0.29,0.05,29538.46153846154,320.3696220214137
0.31,0.05,29538.46153846154,318.9560746777608
0.33,0.05,29538.46153846154,317.2299079513125
0.35,0.05,29538.46153846154,315.1683788811011
0.37,0.05,29538.46153846154,312.7337084039337
0.39,0.05,29538.46153846154,309.8607117610484
0.01,0.07,29538.46153846154,310.29791026168147
0.03,0.07,29538.46153846154,314.0167709138336
0.05,0.07,29538.46153846154,317.2299079513125
0.07,0.07,29538.46153846154,319.9821670130817
0.09,0.07,29538.46153846154,322.30223357910006
0.11,0.07,29538.46153846154,324.2095502023379
0.13,0.07,29538.46153846154,325.7184041727417
0.15,0.07,29538.46153846154,326.8398954380638
0.17,0.07,29538.46153846154,327.58256997080633
0.19,0.07,29538.46153846154,327.95237103252816
0.21,0.07,29538.46153846154,327.95237103252816
0.23,0.07,29538.46153846154,327.58256997080633
0.25,0.07,29538.46153846154,326.8398954380638
0.27,0.07,29538.46153846154,325.71840417274177
0.29,0.07,29538.46153846154,324.2095502023379
0.31,0.07,29538.46153846154,322.30223357910006
0.33,0.07,29538.46153846154,319.9821670130817
0.35,0.07,29538.46153846154,317.2299079513125
0.37,0.07,29538.46153846154,314.0167709138336
0.39,0.07,29538.46153846154,310.29791026168147
0.01,0.09,29538.46153846154,310.6590765796935
0.03,0.09,29538.46153846154,315.0833665805036
0.05,0.09,29538.46153846154,318.9560746777608
0.07,0.09,29538.46153846154,322.30223357910006
0.09,0.09,29538.46153846154,325.13878111808606
0.11,0.09,29538.46153846154,327.47898441716274
0.13,0.09,29538.46153846154,329.33440748565897
0.15,0.09,29538.46153846154,330.7153818968768
0.17,0.09,29538.46153846154,331.6306310872177
0.19,0.09,29538.46153846154,332.0865558263317
0.21,0.09,29538.46153846154,332.0865558263317
0.23,0.09,29538.46153846154,331.6306310872177
0.25,0.09,29538.46153846154,330.71538189687686
0.27,0.09,29538.46153846154,329.334407485659
0.29,0.09,29538.46153846154,327.47898441716274
0.31,0.09,29538.46153846154,325.13878111808606
0.33,0.09,29538.46153846154,322.30223357910006
0.35,0.09,29538.46153846154,318.95607467776074
0.37,0.09,29538.46153846154,315.08336658050354
0.39,0.09,29538.46153846154,310.6590765796935
0.01,0.11,29538.46153846154,310.95297824848035
0.03,0.11,29538.46153846154,315.9535599445983
0.05,0.11,29538.46153846154,320.3696220214137
0.07,0.11,29538.46153846154,324.20955020233794
0.09,0.11,29538.46153846154,327.47898441716274
0.11,0.11,29538.46153846154,330.1843259343162
0.13,0.11,29538.46153846154,332.3334493719843
0.15,0.11,29538.46153846154,333.9350387527903
0.17,0.11,29538.46153846154,334.99732081042293
0.19,0.11,29538.46153846154,335.5267083646118
0.21,0.11,29538.46153846154,335.52670836461186
0.23,0.11,29538.46153846154,334.99732081042293
0.25,0.11,29538.46153846154,333.9350387527903
0.27,0.11,29538.46153846154,332.3334493719843
0.29,0.11,29538.46153846154,330.1843259343162
0.31,0.11,29538.46153846154,327.47898441716274
0.33,0.11,29538.46153846154,324.20955020233794
0.35,0.11,29538.46153846154,320.3696220214137
0.37,0.11,29538.46153846154,315.9535599445982
0.39,0.11,29538.46153846154,310.95297824848035
0.01,0.13,29538.46153846154,311.1842323251509
0.03,0.13,29538.46153846154,316.6390531186124
0.05,0.13,29538.46153846154,321.48532290173705
0.07,0.13,29538.46153846154,325.71840417274177
0.09,0.13,29538.46153846154,329.334407485659
0.11,0.13,29538.46153846154,332.3334493719844
0.13,0.13,29538.46153846154,334.719680733628
0.15,0.13,29538.46153846154,336.49985393654794
0.17,0.13,29538.46153846154,337.6813709928281
0.19,0.13,29538.46153846154,338.27039388612
0.21,0.13,29538.46153846154,338.27039388612
0.23,0.13,29538.46153846154,337.6813709928281
0.25,0.13,29538.46153846154,336.499853936548
0.27,0.13,29538.46153846154,334.719680733628
0.29,0.13,29538.46153846154,332.3334493719844
0.31,0.13,29538.46153846154,329.334407485659
0.33,0.13,29538.46153846154,325.71840417274177
0.35,0.13,29538.46153846154,321.48532290173705
0.37,0.13,29538.46153846154,316.6390531186123
0.39,0.13,29538.46153846154,311.1842323251509
0.01,0.15,29538.46153846154,311.3556192312583
0.03,0.15,29538.46153846154,317.1473577689919
0.05,0.15,29538.46153846154,322.3135010941648
0.07,0.15,29538.46153846154,326.8398954380638
0.09,0.15,29538.46153846154,330.71538189687686
0.11,0.15,29538.46153846154,333.9350387527903
0.13,0.15,29538.46153846154,336.499853936548
0.15,0.15,29538.46153846154,338.4148070089768
0.17,0.15,29538.46153846154,339.6864396340522
0.19,0.15,29538.46153846154,340.32057088848984
0.21,0.15,29538.46153846154,340.3205708884898
0.23,0.15,29538.46153846154,339.68643963405214
0.25,0.15,29538.46153846154,338.4148070089768
0.27,0.15,29538.46153846154,336.499853936548
0.29,0.15,29538.46153846154,333.9350387527904
0.31,0.15,29538.46153846154,330.7153818968769
0.33,0.15,29538.46153846154,326.8398954380639
0.35,0.15,29538.46153846154,322.31350109416474
0.37,0.15,29538.46153846154,317.14735776899187
0.39,0.15,29538.46153846154,311.35561923125823
0.01,0.17,29538.46153846154,311.4689396507063
0.03,0.17,29538.46153846154,317.483530938113
0.05,0.17,29538.46153846154,322.861529832941
0.07,0.17,29538.46153846154,327.5825699708064
0.09,0.17,29538.46153846154,331.6306310872178
0.11,0.17,29538.46153846154,334.997320810423
0.13,0.17,29538.46153846154,337.6813709928282
0.15,0.17,29538.46153846154,339.6864396340522
0.17,0.17,29538.46153846154,341.0183848558101
0.19,0.17,29538.46153846154,341.6827240794425
0.21,0.17,29538.46153846154,341.68272407944244
0.23,0.17,29538.46153846154,341.0183848558101
0.25,0.17,29538.46153846154,339.68643963405214
0.27,0.17,29538.46153846154,337.68137099282814
0.29,0.17,29538.46153846154,334.997320810423
0.31,0.17,29538.46153846154,331.6306310872178
0.33,0.17,29538.46153846154,327.5825699708064
0.35,0.17,29538.46153846154,322.861529832941
0.37,0.17,29538.46153846154,317.4835309381129
0.39,0.17,29538.46153846154,311.4689396507063
0.01,0.19,29538.46153846154,311.52532293437235
0.03,0.19,29538.46153846154,317.6508141286858
0.05,0.19,29538.46153846154,323.1343075925479
0.07,0.19,29538.46153846154,327.95237103252816
0.09,0.19,29538.46153846154,332.08655582633173
0.11,0.19,29538.46153846154,335.5267083646119
0.13,0.19,29538.46153846154,338.2703938861201
0.15,0.19,29538.46153846154,340.32057088848984
0.17,0.19,29538.46153846154,341.6827240794425
0.19,0.19,29538.46153846154,342.3621984997602
0.21,0.19,29538.46153846154,342.3621984997601
0.23,0.19,29538.46153846154,341.6827240794425
0.25,0.19,29538.46153846154,340.32057088848984
0.27,0.19,29538.46153846154,338.27039388612
0.29,0.19,29538.46153846154,335.52670836461186
0.31,0.19,29538.46153846154,332.0865558263317
0.33,0.19,29538.46153846154,327.95237103252816
0.35,0.19,29538.46153846154,323.1343075925479
0.37,0.19,29538.46153846154,317.6508141286858
0.39,0.19,29538.46153846154,311.5253229343724
0.01,0.21,29538.46153846154,311.52532293437235
0.03,0.21,29538.46153846154,317.6508141286858
0.05,0.21,29538.46153846154,323.1343075925478
0.07,0.21,29538.46153846154,327.95237103252816
0.09,0.21,29538.46153846154,332.0865558263317
0.11,0.21,29538.46153846154,335.5267083646118
0.13,0.21,29538.46153846154,338.27039388612
0.15,0.21,29538.46153846154,340.32057088848984
0.17,0.21,29538.46153846154,341.6827240794425
0.19,0.21,29538.46153846154,342.3621984997602
0.21,0.21,29538.46153846154,342.3621984997602
0.23,0.21,29538.46153846154,341.6827240794425
0.25,0.21,29538.46153846154,340.32057088848984
0.27,0.21,29538.46153846154,338.27039388612
0.29,0.21,29538.46153846154,335.5267083646118
0.31,0.21,29538.46153846154,332.0865558263317
0.33,0.21,29538.46153846154,327.95237103252816
0.35,0.21,29538.46153846154,323.1343075925479
0.37,0.21,29538.46153846154,317.6508141286858
0.39,0.21,29538.46153846154,311.52532293437235
0.01,0.23,29538.46153846154,311.4689396507063
0.03,0.23,29538.46153846154,317.483530938113
0.05,0.23,29538.46153846154,322.86152983294096
0.07,0.23,29538.46153846154,327.5825699708063
0.09,0.23,29538.46153846154,331.6306310872177
0.11,0.23,29538.46153846154,334.99732081042293
0.13,0.23,29538.46153846154,337.68137099282814
0.15,0.23,29538.46153846154,339.68643963405214
0.17,0.23,29538.46153846154,341.0183848558101
0.19,0.23,29538.46153846154,341.6827240794425
0.21,0.23,29538.46153846154,341.6827240794425
0.23,0.23,29538.46153846154,341.0183848558101
0.25,0.23,29538.46153846154,339.6864396340522
0.27,0.23,29538.46153846154,337.6813709928281
0.29,0.23,29538.46153846154,334.99732081042293
0.31,0.23,29538.46153846154,331.6306310872177
0.33,0.23,29538.46153846154,327.58256997080633
0.35,0.23,29538.46153846154,322.861529832941
0.37,0.23,29538.46153846154,317.483530938113
0.39,0.23,29538.46153846154,311.4689396507063
0.01,0.25,29538.46153846154,311.3556192312583
0.03,0.25,29538.46153846154,317.1473577689919
0.05,0.25,29538.46153846154,322.31350109416474
0.07,0.25,29538.46153846154,326.83989543806376
0.09,0.25,29538.46153846154,330.7153818968768
0.11,0.25,29538.46153846154,333.9350387527904
0.13,0.25,29538.46153846154,336.499853936548
0.15,0.25,29538.46153846154,338.4148070089768
0.17,0.25,29538.46153846154,339.6864396340522
0.19,0.25,29538.46153846154,340.3205708884899
0.21,0.25,29538.46153846154,340.3205708884899
0.23,0.25,29538.46153846154,339.68643963405214
0.25,0.25,29538.46153846154,338.4148070089768
0.27,0.25,29538.46153846154,336.49985393654794
0.29,0.25,29538.46153846154,333.9350387527904
0.31,0.25,29538.46153846154,330.71538189687686
0.33,0.25,29538.46153846154,326.8398954380638
0.35,0.25,29538.46153846154,322.31350109416474
0.37,0.25,29538.46153846154,317.1473577689919
0.39,0.25,29538.46153846154,311.3556192312583
0.01,0.27,29538.46153846154,311.1842323251509
0.03,0.27,29538.46153846154,316.6390531186124
0.05,0.27,29538.46153846154,321.48532290173705
0.07,0.27,29538.46153846154,325.7184041727417
0.09,0.27,29538.46153846154,329.33440748565897
0.11,0.27,29538.46153846154,332.3334493719843
0.13,0.27,29538.46153846154,334.719680733628
0.15,0.27,29538.46153846154,336.499853936548
0.17,0.27,29538.46153846154,337.6813709928282
0.19,0.27,29538.46153846154,338.2703938861201
0.21,0.27,29538.46153846154,338.2703938861201
0.23,0.27,29538.46153846154,337.6813709928282
0.25,0.27,29538.46153846154,336.499853936548
0.27,0.27,29538.46153846154,334.719680733628
0.29,0.27,29538.46153846154,332.3334493719844
0.31,0.27,29538.46153846154,329.3344074856591
0.33,0.27,29538.46153846154,325.7184041727418
0.35,0.27,29538.46153846154,321.48532290173705
0.37,0.27,29538.46153846154,316.6390531186123
0.39,0.27,29538.46153846154,311.1842323251509
0.01,0.29,29538.46153846154,310.95297824848035
0.03,0.29,29538.46153846154,315.9535599445983
0.05,0.29,29538.46153846154,320.3696220214137
0.07,0.29,29538.46153846154,324.20955020233794
0.09,0.29,29538.46153846154,327.4789844171628
0.11,0.29,29538.46153846154,330.1843259343162
0.13,0.29,29538.46153846154,332.3334493719843
0.15,0.29,29538.46153846154,333.9350387527903
0.17,0.29,29538.46153846154,334.997320810423
0.19,0.29,29538.46153846154,335.5267083646119
0.21,0.29,29538.46153846154,335.52670836461186
0.23,0.29,29538.46153846154,334.997320810423
0.25,0.29,29538.46153846154,333.9350387527904
0.27,0.29,29538.46153846154,332.3334493719844
0.29,0.29,29538.46153846154,330.18432593431623
0.31,0.29,29538.46153846154,327.4789844171628
0.33,0.29,29538.46153846154,324.20955020233794
0.35,0.29,29538.46153846154,320.36962202141376
0.37,0.29,29538.46153846154,315.9535599445983
0.39,0.29,29538.46153846154,310.95297824848035
0.01,0.31,29538.46153846154,310.6590765796935
0.03,0.31,29538.46153846154,315.0833665805036
0.05,0.31,29538.46153846154,318.9560746777608
0.07,0.31,29538.46153846154,322.3022335791001
0.09,0.31,29538.46153846154,325.1387811180861
0.11,0.31,29538.46153846154,327.47898441716274
0.13,0.31,29538.46153846154,329.334407485659
0.15,0.31,29538.46153846154,330.71538189687686
0.17,0.31,29538.46153846154,331.6306310872177
0.19,0.31,29538.46153846154,332.08655582633173
0.21,0.31,29538.46153846154,332.08655582633173
0.23,0.31,29538.46153846154,331.6306310872177
0.25,0.31,29538.46153846154,330.71538189687686
0.27,0.31,29538.46153846154,329.334407485659
0.29,0.31,29538.46153846154,327.4789844171628
0.31,0.31,29538.46153846154,325.1387811180861
0.33,0.31,29538.46153846154,322.3022335791001
0.35,0.31,29538.46153846154,318.9560746777608
0.37,0.31,29538.46153846154,315.0833665805036
0.39,0.31,29538.46153846154,310.6590765796935
0.01,0.33,29538.46153846154,310.2979102616815
0.03,0.33,29538.46153846154,314.0167709138336
0.05,0.33,29538.46153846154,317.2299079513126
0.07,0.33,29538.46153846154,319.9821670130818
0.09,0.33,29538.46153846154,322.3022335791001
0.11,0.33,29538.46153846154,324.20955020233794
0.13,0.33,29538.46153846154,325.71840417274177
0.15,0.33,29538.46153846154,326.8398954380638
0.17,0.33,29538.46153846154,327.58256997080633
0.19,0.33,29538.46153846154,327.9523710325282
0.21,0.33,29538.46153846154,327.9523710325282
0.23,0.33,29538.46153846154,327.5825699708064
0.25,0.33,29538.46153846154,326.8398954380638
0.27,0.33,29538.46153846154,325.71840417274177
0.29,0.33,29538.46153846154,324.20955020233794
0.31,0.33,29538.46153846154,322.30223357910006
0.33,0.33,29538.46153846154,319.9821670130817
0.35,0.33,29538.46153846154,317.2299079513125
0.37,0.33,29538.46153846154,314.0167709138336
0.39,0.33,29538.46153846154,310.2979102616815
0.01,0.35,29538.46153846154,309.86071176104844
0.03,0.35,29538.46153846154,312.7337084039337
0.05,0.35,29538.46153846154,315.1683788811011
0.07,0.35,29538.46153846154,317.2299079513126
0.09,0.35,29538.46153846154,318.9560746777608
0.11,0.35,29538.46153846154,320.3696220214137
0.13,0.35,29538.46153846154,321.48532290173705
0.15,0.35,29538.46153846154,322.31350109416474
0.17,0.35,29538.46153846154,322.861529832941
0.19,0.35,29538.46153846154,323.1343075925479
0.21,0.35,29538.46153846154,323.1343075925479
0.23,0.35,29538.46153846154,322.861529832941
0.25,0.35,29538.46153846154,322.31350109416474
0.27,0.35,29538.46153846154,321.4853229017371
0.29,0.35,29538.46153846154,320.3696220214137
0.31,0.35,29538.46153846154,318.95607467776074
0.33,0.35,29538.46153846154,317.2299079513125
0.35,0.35,29538.46153846154,315.16837888110103
0.37,0.35,29538.46153846154,312.73370840393375
0.39,0.35,29538.46153846154,309.8607117610484
0.01,0.37,29538.46153846154,309.32790585547554
0.03,0.37,29538.46153846154,311.19626611924195
0.05,0.37,29538.46153846154,312.7337084039337
0.07,0.37,29538.46153846154,314.0167709138336
0.09,0.37,29538.46153846154,315.08336658050354
0.11,0.37,29538.46153846154,315.9535599445982
0.13,0.37,29538.46153846154,316.6390531186124
0.15,0.37,29538.46153846154,317.1473577689919
0.17,0.37,29538.46153846154,317.4835309381129
0.19,0.37,29538.46153846154,317.6508141286858
0.21,0.37,29538.46153846154,317.6508141286858
0.23,0.37,29538.46153846154,317.4835309381129
0.25,0.37,29538.46153846154,317.1473577689919
0.27,0.37,29538.46153846154,316.6390531186124
0.29,0.37,29538.46153846154,315.9535599445983
0.31,0.37,29538.46153846154,315.08336658050354
0.33,0.37,29538.46153846154,314.0167709138336
0.35,0.37,29538.46153846154,312.7337084039337
0.37,0.37,29538.46153846154,311.19626611924195
0.39,0.37,29538.46153846154,309.3279058554755
0.01,0.39,29538.46153846154,308.647385947669
0.03,0.39,29538.46153846154,309.32790585547554
0.05,0.39,29538.46153846154,309.8607117610484
0.07,0.39,29538.46153846154,310.29791026168147
0.09,0.39,29538.46153846154,310.6590765796935
0.11,0.39,29538.46153846154,310.95297824848035
0.13,0.39,29538.46153846154,311.1842323251509
0.15,0.39,29538.46153846154,311.3556192312583
0.17,0.39,29538.46153846154,311.4689396507063
0.19,0.39,29538.46153846154,311.52532293437235
0.21,0.39,29538.46153846154,311.52532293437235
0.23,0.39,29538.46153846154,311.4689396507063
0.25,0.39,29538.46153846154,311.3556192312583
0.27,0.39,29538.46153846154,311.1842323251509
0.29,0.39,29538.46153846154,310.95297824848035
0.31,0.39,29538.46153846154,310.6590765796935
0.33,0.39,29538.46153846154,310.2979102616815
0.35,0.39,29538.46153846154,309.8607117610484
0.37,0.39,29538.46153846154,309.3279058554755
0.39,0.39,29538.46153846154,308.647385947669
0.01,0.01,31384.615384615387,308.6110821939874
0.03,0.01,31384.615384615387,309.24298225793893
0.05,0.01,31384.615384615387,309.7390481960789
0.07,0.01,31384.615384615387,310.14748249319547
0.09,0.01,31384.615384615387,310.48615696323424
0.11,0.01,31384.615384615387,310.76280333018275
0.13,0.01,31384.615384615387,310.9812519642748
0.15,0.01,31384.615384615387,311.14364036006447
0.17,0.01,31384.615384615387,311.2512606462974
0.19,0.01,31384.615384615387,311.3048858932338
0.21,0.01,31384.615384615387,311.3048858932338
0.23,0.01,31384.615384615387,311.25126064629745
0.25,0.01,31384.615384615387,311.1436403600645
0.27,0.01,31384.615384615387,310.9812519642748
0.29,0.01,31384.615384615387,310.76280333018275
0.31,0.01,31384.615384615387,310.48615696323424
0.33,0.01,31384.615384615387,310.1474824931954
0.35,0.01,31384.615384615387,309.7390481960789
0.37,0.01,31384.615384615387,309.24298225793893
0.39,0.01,31384.615384615387,308.61108219398733
0.01,0.03,31384.615384615387,309.2429822579389
0.03,0.03,31384.615384615387,310.9792376278329
0.05,0.03,31384.615384615387,312.4116908784867
0.07,0.03,31384.615384615387,313.6111506852025
0.09,0.03,31384.615384615387,314.61198071511615
0.11,0.03,31384.615384615387,315.43161097839305
0.13,0.03,31384.615384615387,316.0795552646944
0.15,0.03,31384.615384615387,316.5614722459345
0.17,0.03,31384.615384615387,316.88093260026216
0.19,0.03,31384.615384615387,317.04013053564165
0.21,0.03,31384.615384615387,317.04013053564165
0.23,0.03,31384.615384615387,316.8809326002622
0.25,0.03,31384.615384615387,316.5614722459345
0.27,0.03,31384.615384615387,316.0795552646943
0.29,0.03,31384.615384615387,315.431610978393
0.31,0.03,31384.615384615387,314.6119807151161
0.33,0.03,31384.615384615387,313.6111506852024
0.35,0.03,31384.615384615387,312.41169087848664
0.37,0.03,31384.615384615387,310.9792376278329
0.39,0.03,31384.615384615387,309.24298225793893
0.01,0.05,31384.615384615387,309.73904819607884
0.03,0.05,31384.615384615387,312.41169087848664
0.05,0.05,31384.615384615387,314.68245384831687
0.07,0.05,31384.615384615387,316.6116142118889
0.09,0.05,31384.615384615387,318.2329473161979
0.11,0.05,31384.615384615387,319.5656383999635
0.13,0.05,31384.615384615387,320.6212121236045
0.15,0.05,31384.615384615387,321.4071164377522
0.17,0.05,31384.615384615387,321.9283697731176
0.19,0.05,31384.615384615387,322.188195405909
0.21,0.05,31384.615384615387,322.188195405909
0.23,0.05,31384.615384615387,321.92836977311765
0.25,0.05,31384.615384615387,321.4071164377523
0.27,0.05,31384.615384615387,320.6212121236045
0.29,0.05,31384.615384615387,319.56563839996346
0.31,0.05,31384.615384615387,318.23294731619785
0.33,0.05,31384.615384615387,316.6116142118889
0.35,0.05,31384.615384615387,314.6824538483168
0.37,0.05,31384.615384615387,312.41169087848664
0.39,0.05,31384.615384615387,309.7390481960789
0.01,0.07,31384.615384615387,310.1474824931953
0.03,0.07,31384.615384615387,313.61115068520246
0.05,0.07,31384.615384615387,316.6116142118888
0.07,0.07,31384.615384615387,319.19025180210065
0.09,0.07,31384.615384615387,321.3719741531835
0.11,0.07,31384.615384615387,323.1722400179986
0.13,0.07,31384.615384615387,324.6013604772388
0.15,0.07,31384.615384615387,325.6667568049637
0.17,0.07,31384.615384615387,326.37389641289053
0.19,0.07,31384.615384615387,326.72650859784466
0.21,0.07,31384.615384615387,326.72650859784466
0.23,0.07,31384.615384615387,326.37389641289053
0.25,0.07,31384.615384615387,325.6667568049637
0.27,0.07,31384.615384615387,324.6013604772388
0.29,0.07,31384.615384615387,323.17224001799855
0.31,0.07,31384.615384615387,321.3719741531835
0.33,0.07,31384.615384615387,319.1902518021007
0.35,0.07,31384.615384615387,316.6116142118889
0.37,0.07,31384.615384615387,313.61115068520246
0.39,0.07,31384.615384615387,310.1474824931953
0.01,0.09,31384.615384615387,310.48615696323424
0.03,0.09,31384.615384615387,314.61198071511615
0.05,0.09,31384.615384615387,318.23294731619785
0.07,0.09,31384.615384615387,321.3719741531835
0.09,0.09,31384.615384615387,324.0426730545073
0.11,0.09,31384.615384615387,326.2541800730734
0.13,0.09,31384.615384615387,328.0136052079035
0.15,0.09,31384.615384615387,329.3269983945176
0.17,0.09,31384.615384615387,330.19942852957826
0.19,0.09,31384.615384615387,330.634641105579
0.21,0.09,31384.615384615387,330.634641105579
0.23,0.09,31384.615384615387,330.19942852957826
0.25,0.09,31384.615384615387,329.3269983945176
0.27,0.09,31384.615384615387,328.0136052079034
0.29,0.09,31384.615384615387,326.25418007307337
0.31,0.09,31384.615384615387,324.0426730545073
0.33,0.09,31384.615384615387,321.3719741531835
0.35,0.09,31384.615384615387,318.2329473161979
0.37,0.09,31384.615384615387,314.61198071511615
0.39,0.09,31384.615384615387,310.48615696323424
0.01,0.11,31384.615384615387,310.76280333018275
0.03,0.11,31384.615384615387,315.431610978393
0.05,0.11,31384.615384615387,319.56563839996346
0.07,0.11,31384.615384615387,323.1722400179986
0.09,0.11,31384.615384615387,326.25418007307337
0.11,0.11,31384.615384615387,328.8137092972251
0.13,0.11,31384.615384615387,330.8539376615482
0.15,0.11,31384.615384615387,332.3788260574807
0.17,0.11,31384.615384615387,333.39250404624204
0.19,0.11,31384.615384615387,333.8983816121324
0.21,0.11,31384.615384615387,333.8983816121324
0.23,0.11,31384.615384615387,333.3925040462419
0.25,0.11,31384.615384615387,332.37882605748064
0.27,0.11,31384.615384615387,330.8539376615482
0.29,0.11,31384.615384615387,328.81370929722505
0.31,0.11,31384.615384615387,326.25418007307337
0.33,0.11,31384.615384615387,323.17224001799855
0.35,0.11,31384.615384615387,319.5656383999635
0.37,0.11,31384.615384615387,315.431610978393
0.39,0.11,31384.615384615387,310.76280333018275
0.01,0.13,31384.615384615387,310.9812519642748
0.03,0.13,31384.615384615387,316.0795552646944
0.05,0.13,31384.615384615387,320.6212121236045
0.07,0.13,31384.615384615387,324.6013604772388
0.09,0.13,31384.615384615387,328.0136052079035
0.11,0.13,31384.615384615387,330.85393766154823
0.13,0.13,31384.615384615387,333.1215406235424
0.15,0.13,31384.615384615387,334.81812690851217
0.17,0.13,31384.615384615387,335.9466726938305
0.19,0.13,31384.615384615387,336.51007427298566
0.21,0.13,31384.615384615387,336.51007427298566
0.23,0.13,31384.615384615387,335.94667269383046
0.25,0.13,31384.615384615387,334.81812690851217
0.27,0.13,31384.615384615387,333.1215406235424
0.29,0.13,31384.615384615387,330.8539376615482
0.31,0.13,31384.615384615387,328.0136052079035
0.33,0.13,31384.615384615387,324.6013604772388
0.35,0.13,31384.615384615387,320.6212121236045
0.37,0.13,31384.615384615387,316.0795552646944
0.39,0.13,31384.615384615387,310.9812519642748
0.01,0.15,31384.615384615387,311.14364036006447
0.03,0.15,31384.615384615387,316.56147224593457
0.05,0.15,31384.615384615387,321.40711643775234
0.07,0.15,31384.615384615387,325.6667568049637
0.09,0.15,31384.615384615387,329.3269983945176
0.11,0.15,31384.615384615387,332.3788260574807
0.13,0.15,31384.615384615387,334.81812690851217
0.15,0.15,31384.615384615387,336.64462255787623
0.17,0.15,31384.615384615387,337.8601968032468
0.19,0.15,31384.615384615387,338.46721517381087
0.21,0.15,31384.615384615387,338.46721517381087
0.23,0.15,31384.615384615387,337.8601968032468
0.25,0.15,31384.615384615387,336.64462255787623
0.27,0.15,31384.615384615387,334.8181269085122
0.29,0.15,31384.615384615387,332.37882605748075
0.31,0.15,31384.615384615387,329.32699839451766
0.33,0.15,31384.615384615387,325.66675680496377
0.35,0.15,31384.615384615387,321.4071164377523
0.37,0.15,31384.615384615387,316.5614722459345
0.39,0.15,31384.615384615387,311.14364036006447
0.01,0.17,31384.615384615387,311.25126064629745
0.03,0.17,31384.615384615387,316.88093260026227
0.05,0.17,31384.615384615387,321.9283697731177
0.07,0.17,31384.615384615387,326.3738964128906
0.09,0.17,31384.615384615387,330.1994285295784
0.11,0.17,31384.615384615387,333.39250404624204
0.13,0.17,31384.615384615387,335.9466726938305
0.15,0.17,31384.615384615387,337.8601968032469
0.17,0.17,31384.615384615387,339.1341284842412
0.19,0.17,31384.615384615387,339.7704108040353
0.21,0.17,31384.615384615387,339.77041080403524
0.23,0.17,31384.615384615387,339.1341284842412
0.25,0.17,31384.615384615387,337.8601968032468
0.27,0.17,31384.615384615387,335.9466726938306
0.29,0.17,31384.615384615387,333.39250404624204
0.31,0.17,31384.615384615387,330.1994285295783
0.33,0.17,31384.615384615387,326.3738964128906
0.35,0.17,31384.615384615387,321.92836977311765
0.37,0.17,31384.615384615387,316.88093260026216
0.39,0.17,31384.615384615387,311.25126064629734
0.01,0.19,31384.615384615387,311.30488589323386
0.03,0.19,31384.615384615387,317.0401305356417
0.05,0.19,31384.615384615387,322.1881954059091
0.07,0.19,31384.615384615387,326.72650859784466
0.09,0.19,31384.615384615387,330.634641105579
0.11,0.19,31384.615384615387,333.8983816121324
0.13,0.19,31384.615384615387,336.51007427298566
0.15,0.19,31384.615384615387,338.46721517381087
0.17,0.19,31384.615384615387,339.77041080403524
0.19,0.19,31384.615384615387,340.421372759263
0.21,0.19,31384.615384615387,340.421372759263
0.23,0.19,31384.615384615387,339.77041080403524
0.25,0.19,31384.615384615387,338.4672151738109
0.27,0.19,31384.615384615387,336.5100742729857
0.29,0.19,31384.615384615387,333.8983816121324
0.31,0.19,31384.615384615387,330.634641105579
0.33,0.19,31384.615384615387,326.7265085978447
0.35,0.19,31384.615384615387,322.1881954059091
0.37,0.19,31384.615384615387,317.04013053564165
0.39,0.19,31384.615384615387,311.3048858932338
0.01,0.21,31384.615384615387,311.3048858932338
0.03,0.21,31384.615384615387,317.0401305356417
0.05,0.21,31384.615384615387,322.188195405909
0.07,0.21,31384.615384615387,326.72650859784466
0.09,0.21,31384.615384615387,330.63464110557896
0.11,0.21,31384.615384615387,333.8983816121324
0.13,0.21,31384.615384615387,336.51007427298566
0.15,0.21,31384.615384615387,338.46721517381087
0.17,0.21,31384.615384615387,339.77041080403524
0.19,0.21,31384.615384615387,340.42137275926297
0.21,0.21,31384.615384615387,340.421372759263
0.23,0.21,31384.615384615387,339.7704108040352
0.25,0.21,31384.615384615387,338.46721517381087
0.27,0.21,31384.615384615387,336.5100742729856
0.29,0.21,31384.615384615387,333.8983816121323
0.31,0.21,31384.615384615387,330.63464110557896
0.33,0.21,31384.615384615387,326.72650859784466
0.35,0.21,31384.615384615387,322.188195405909
0.37,0.21,31384.615384615387,317.04013053564165
0.39,0.21,31384.615384615387,311.3048858932338
0.01,0.23,31384.615384615387,311.2512606462974
0.03,0.23,31384.615384615387,316.8809326002622
0.05,0.23,31384.615384615387,321.92836977311765
0.07,0.23,31384.615384615387,326.37389641289053
0.09,0.23,31384.615384615387,330.1994285295783
0.11,0.23,31384.615384615387,333.392504046242
0.13,0.23,31384.615384615387,335.9466726938305
0.15,0.23,31384.615384615387,337.8601968032468
0.17,0.23,31384.615384615387,339.1341284842412
0.19,0.23,31384.615384615387,339.7704108040352
0.21,0.23,31384.615384615387,339.7704108040352
0.23,0.23,31384.615384615387,339.1341284842412
0.25,0.23,31384.615384615387,337.8601968032468
0.27,0.23,31384.615384615387,335.9466726938304
0.29,0.23,31384.615384615387,333.39250404624187
0.31,0.23,31384.615384615387,330.1994285295782
0.33,0.23,31384.615384615387,326.37389641289053
0.35,0.23,31384.615384615387,321.92836977311765
0.37,0.23,31384.615384615387,316.8809326002622
0.39,0.23,31384.615384615387,311.25126064629734
0.01,0.25,31384.615384615387,311.1436403600645
0.03,0.25,31384.615384615387,316.56147224593457
0.05,0.25,31384.615384615387,321.4071164377523
0.07,0.25,31384.615384615387,325.6667568049637
0.09,0.25,31384.615384615387,329.32699839451766
0.11,0.25,31384.615384615387,332.37882605748075
0.13,0.25,31384.615384615387,334.8181269085122
0.15,0.25,31384.615384615387,336.6446225578763
0.17,0.25,31384.615384615387,337.8601968032468
0.19,0.25,31384.615384615387,338.46721517381087
0.21,0.25,31384.615384615387,338.46721517381087
0.23,0.25,31384.615384615387,337.8601968032468
0.25,0.25,31384.615384615387,336.6446225578762
0.27,0.25,31384.615384615387,334.8181269085121
0.29,0.25,31384.615384615387,332.37882605748064
0.31,0.25,31384.615384615387,329.32699839451755
0.33,0.25,31384.615384615387,325.6667568049637
0.35,0.25,31384.615384615387,321.4071164377523
0.37,0.25,31384.615384615387,316.5614722459345
0.39,0.25,31384.615384615387,311.14364036006447
0.01,0.27,31384.615384615387,310.98125196427486
0.03,0.27,31384.615384615387,316.0795552646944
0.05,0.27,31384.615384615387,320.6212121236045
0.07,0.27,31384.615384615387,324.6013604772388
0.09,0.27,31384.615384615387,328.0136052079035
0.11,0.27,31384.615384615387,330.85393766154823
0.13,0.27,31384.615384615387,333.1215406235424
0.15,0.27,31384.615384615387,334.8181269085122
0.17,0.27,31384.615384615387,335.9466726938305
0.19,0.27,31384.615384615387,336.51007427298566
0.21,0.27,31384.615384615387,336.51007427298566
0.23,0.27,31384.615384615387,335.94667269383046
0.25,0.27,31384.615384615387,334.8181269085121
0.27,0.27,31384.615384615387,333.1215406235424
0.29,0.27,31384.615384615387,330.8539376615482
0.31,0.27,31384.615384615387,328.0136052079035
0.33,0.27,31384.615384615387,324.6013604772388
0.35,0.27,31384.615384615387,320.6212121236045
0.37,0.27,31384.615384615387,316.0795552646943
0.39,0.27,31384.615384615387,310.9812519642748
0.01,0.29,31384.615384615387,310.76280333018275
0.03,0.29,31384.615384615387,315.43161097839305
0.05,0.29,31384.615384615387,319.56563839996346
0.07,0.29,31384.615384615387,323.1722400179986
0.09,0.29,31384.615384615387,326.25418007307337
0.11,0.29,31384.615384615387,328.8137092972251
0.13,0.29,31384.615384615387,330.8539376615482
0.15,0.29,31384.615384615387,332.3788260574807
0.17,0.29,31384.615384615387,333.392504046242
0.19,0.29,31384.615384615387,333.8983816121324
0.21,0.29,31384.615384615387,333.8983816121324
0.23,0.29,31384.615384615387,333.3925040462419
0.25,0.29,31384.615384615387,332.37882605748064
0.27,0.29,31384.615384615387,330.8539376615482
0.29,0.29,31384.615384615387,328.8137092972251
0.31,0.29,31384.615384615387,326.25418007307337
0.33,0.29,31384.615384615387,323.1722400179986
0.35,0.29,31384.615384615387,319.5656383999635
0.37,0.29,31384.615384615387,315.431610978393
0.39,0.29,31384.615384615387,310.76280333018275
0.01,0.31,31384.615384615387,310.48615696323424
0.03,0.31,31384.615384615387,314.61198071511615
0.05,0.31,31384.615384615387,318.2329473161979
0.07,0.31,31384.615384615387,321.3719741531835
0.09,0.31,31384.615384615387,324.0426730545073
0.11,0.31,31384.615384615387,326.25418007307337
0.13,0.31,31384.615384615387,328.0136052079035
0.15,0.31,31384.615384615387,329.3269983945176
0.17,0.31,31384.615384615387,330.1994285295783
0.19,0.31,31384.615384615387,330.634641105579
0.21,0.31,31384.615384615387,330.634641105579
0.23,0.31,31384.615384615387,330.19942852957826
0.25,0.31,31384.615384615387,329.3269983945176
0.27,0.31,31384.615384615387,328.0136052079035
0.29,0.31,31384.615384615387,326.25418007307337
0.31,0.31,31384.615384615387,324.0426730545073
0.33,0.31,31384.615384615387,321.3719741531835
0.35,0.31,31384.615384615387,318.2329473161979
0.37,0.31,31384.615384615387,314.61198071511615
0.39,0.31,31384.615384615387,310.48615696323424
0.01,0.33,31384.615384615387,310.1474824931953
0.03,0.33,31384.615384615387,313.6111506852024
0.05,0.33,31384.615384615387,316.6116142118889
0.07,0.33,31384.615384615387,319.1902518021007
0.09,0.33,31384.615384615387,321.3719741531835
0.11,0.33,31384.615384615387,323.1722400179986
0.13,0.33,31384.615384615387,324.6013604772388
0.15,0.33,31384.615384615387,325.6667568049637
0.17,0.33,31384.615384615387,326.3738964128906
0.19,0.33,31384.615384615387,326.72650859784466
0.21,0.33,31384.615384615387,326.7265085978447
0.23,0.33,31384.615384615387,326.37389641289053
0.25,0.33,31384.615384615387,325.6667568049637
0.27,0.33,31384.615384615387,324.6013604772388
0.29,0.33,31384.615384615387,323.17224001799855
0.31,0.33,31384.615384615387,321.3719741531835
0.33,0.33,31384.615384615387,319.19025180210065
0.35,0.33,31384.615384615387,316.6116142118889
0.37,0.33,31384.615384615387,313.61115068520246
0.39,0.33,31384.615384615387,310.1474824931954
0.01,0.35,31384.615384615387,309.7390481960789
0.03,0.35,31384.615384615387,312.41169087848664
0.05,0.35,31384.615384615387,314.6824538483168
0.07,0.35,31384.615384615387,316.6116142118889
0.09,0.35,31384.615384615387,318.2329473161979
0.11,0.35,31384.615384615387,319.56563839996346
0.13,0.35,31384.615384615387,320.6212121236045
0.15,0.35,31384.615384615387,321.40711643775234
0.17,0.35,31384.615384615387,321.9283697731177
0.19,0.35,31384.615384615387,322.1881954059091
0.21,0.35,31384.615384615387,322.1881954059091
0.23,0.35,31384.615384615387,321.92836977311765
0.25,0.35,31384.615384615387,321.4071164377523
0.27,0.35,31384.615384615387,320.6212121236045
0.29,0.35,31384.615384615387,319.56563839996346
0.31,0.35,31384.615384615387,318.23294731619785
0.33,0.35,31384.615384615387,316.6116142118889
0.35,0.35,31384.615384615387,314.6824538483168
0.37,0.35,31384.615384615387,312.41169087848664
0.39,0.35,31384.615384615387,309.7390481960789
0.01,0.37,31384.615384615387,309.24298225793893
0.03,0.37,31384.615384615387,310.9792376278329
0.05,0.37,31384.615384615387,312.41169087848664
0.07,0.37,31384.615384615387,313.61115068520246
0.09,0.37,31384.615384615387,314.61198071511615
0.11,0.37,31384.615384615387,315.43161097839305
0.13,0.37,31384.615384615387,316.0795552646944
0.15,0.37,31384.615384615387,316.56147224593457
0.17,0.37,31384.615384615387,316.8809326002622
0.19,0.37,31384.615384615387,317.0401305356417
0.21,0.37,31384.615384615387,317.04013053564165
0.23,0.37,31384.615384615387,316.8809326002622
0.25,0.37,31384.615384615387,316.56147224593457
0.27,0.37,31384.615384615387,316.0795552646944
0.29,0.37,31384.615384615387,315.431610978393
0.31,0.37,31384.615384615387,314.61198071511615
0.33,0.37,31384.615384615387,313.6111506852024
0.35,0.37,31384.615384615387,312.4116908784866
0.37,0.37,31384.615384615387,310.97923762783284
0.39,0.37,31384.615384615387,309.2429822579389
0.01,0.39,31384.615384615387,308.61108219398733
0.03,0.39,31384.615384615387,309.24298225793893
0.05,0.39,31384.615384615387,309.7390481960789
0.07,0.39,31384.615384615387,310.1474824931953
0.09,0.39,31384.615384615387,310.48615696323424
0.11,0.39,31384.615384615387,310.76280333018275
0.13,0.39,31384.615384615387,310.9812519642748
0.15,0.39,31384.615384615387,311.1436403600645
0.17,0.39,31384.615384615387,311.25126064629745
0.19,0.39,31384.615384615387,311.30488589323386
0.21,0.39,31384.615384615387,311.3048858932338
0.23,0.39,31384.615384615387,311.2512606462974
0.25,0.39,31384.615384615387,311.1436403600645
0.27,0.39,31384.615384615387,310.9812519642748
0.29,0.39,31384.615384615387,310.76280333018275
0.31,0.39,31384.615384615387,310.48615696323424
0.33,0.39,31384.615384615387,310.1474824931954
0.35,0.39,31384.615384615387,309.7390481960789
0.37,0.39,31384.615384615387,309.2429822579389
0.39,0.39,31384.615384615387,308.61108219398733
0.01,0.01,33230.769230769234,308.57835830092483
0.03,0.01,33230.769230769234,309.1658069965112
0.05,0.01,33230.769230769234,309.62776768450334
0.07,0.01,33230.769230769234,310.00906295515057
0.09,0.01,33230.769230769234,310.3261478541099
0.11,0.01,33230.769230769234,310.5859348112241
0.13,0.01,33230.769230769234,310.79165196502095
0.15,0.01,33230.769230769234,310.944950325026
0.17,0.01,33230.769230769234,311.04673741707984
0.19,0.01,33230.769230769234,311.09751606718254
0.21,0.01,33230.769230769234,311.09751606718254
0.23,0.01,33230.769230769234,311.04673741707984
0.25,0.01,33230.769230769234,310.944950325026
0.27,0.01,33230.769230769234,310.79165196502095
0.29,0.01,33230.769230769234,310.5859348112241
0.31,0.01,33230.769230769234,310.3261478541098
0.33,0.01,33230.769230769234,310.00906295515045
0.35,0.01,33230.769230769234,309.62776768450334
0.37,0.01,33230.769230769234,309.1658069965112
0.39,0.01,33230.769230769234,308.57835830092483
0.01,0.03,33230.769230769234,309.1658069965112
0.03,0.03,33230.769230769234,310.78067809593466
0.05,0.03,33230.769230769234,312.1153333253869
0.07,0.03,33230.769230769234,313.23569163396576
0.09,0.03,33230.769230769234,314.1732315421832
0.11,0.03,33230.769230769234,314.94333402287606
0.13,0.03,33230.769230769234,315.5538504367537
0.15,0.03,33230.769230769234,316.0090405666316
0.17,0.03,33230.769230769234,316.3113508951635
0.19,0.03,33230.769230769234,316.46218037064085
0.21,0.03,33230.769230769234,316.46218037064085
0.23,0.03,33230.769230769234,316.3113508951635
0.25,0.03,33230.769230769234,316.0090405666316
0.27,0.03,33230.769230769234,315.5538504367537
0.29,0.03,33230.769230769234,314.94333402287606
0.31,0.03,33230.769230769234,314.17323154218315
0.33,0.03,33230.769230769234,313.2356916339657
0.35,0.03,33230.769230769234,312.1153333253869
0.37,0.03,33230.769230769234,310.78067809593466
0.39,0.03,33230.769230769234,309.1658069965112
0.01,0.05,33230.769230769234,309.62776768450334
0.03,0.05,33230.769230769234,312.1153333253869
0.05,0.05,33230.769230769234,314.2327153427218
0.07,0.05,33230.769230769234,316.03611423684936
0.09,0.05,33230.769230769234,317.5561621905414
0.11,0.05,33230.769230769234,318.809344195038
0.13,0.05,33230.769230769234,319.80474754355663
0.15,0.05,33230.769230769234,320.54766006849746
0.17,0.05,33230.769230769234,321.0413217952356
0.19,0.05,33230.769230769234,321.2876837217876
0.21,0.05,33230.769230769234,321.2876837217876
0.23,0.05,33230.769230769234,321.0413217952356
0.25,0.05,33230.769230769234,320.54766006849746
0.27,0.05,33230.769230769234,319.80474754355663
0.29,0.05,33230.769230769234,318.809344195038
0.31,0.05,33230.769230769234,317.55616219054133
0.33,0.05,33230.769230769234,316.0361142368493
0.35,0.05,33230.769230769234,314.23271534272175
0.37,0.05,33230.769230769234,312.11533332538687
0.39,0.05,33230.769230769234,309.6277676845033
0.01,0.07,33230.769230769234,310.00906295515045
0.03,0.07,33230.769230769234,313.23569163396576
0.05,0.07,33230.769230769234,316.0361142368493
0.07,0.07,33230.769230769234,318.448988298259
0.09,0.07,33230.769230769234,320.49640996818897
0.11,0.07,33230.769230769234,322.1909049064475
0.13,0.07,33230.769230769234,323.5398447364888
0.15,0.07,33230.769230769234,324.54790574911715
0.17,0.07,33230.769230769234,325.21823626316694
0.19,0.07,33230.769230769234,325.552885146812
0.21,0.07,33230.769230769234,325.55288514681195
0.23,0.07,33230.769230769234,325.21823626316694
0.25,0.07,33230.769230769234,324.54790574911715
0.27,0.07,33230.769230769234,323.5398447364888
0.29,0.07,33230.769230769234,322.19090490644743
0.31,0.07,33230.769230769234,320.4964099681889
0.33,0.07,33230.769230769234,318.448988298259
0.35,0.07,33230.769230769234,316.0361142368493
0.37,0.07,33230.769230769234,313.2356916339657
0.39,0.07,33230.769230769234,310.0090629551505
0.01,0.09,33230.769230769234,310.3261478541099
0.03,0.09,33230.769230769234,314.1732315421832
0.05,0.09,33230.769230769234,317.5561621905414
0.07,0.09,33230.769230769234,320.49640996818897
0.09,0.09,33230.769230769234,323.0052792903546
0.11,0.09,33230.769230769234,325.0889656894708
0.13,0.09,33230.769230769234,326.75133715713696
0.15,0.09,33230.769230769234,327.9952710920998
0.17,0.09,33230.769230769234,328.8230916881195
0.19,0.09,33230.769230769234,329.2365312197216
0.21,0.09,33230.769230769234,329.2365312197216
0.23,0.09,33230.769230769234,328.82309168811946
0.25,0.09,33230.769230769234,327.99527109209976
0.27,0.09,33230.769230769234,326.7513371571369
0.29,0.09,33230.769230769234,325.0889656894707
0.31,0.09,33230.769230769234,323.0052792903545
0.33,0.09,33230.769230769234,320.4964099681889
0.35,0.09,33230.769230769234,317.55616219054133
0.37,0.09,33230.769230769234,314.1732315421832
0.39,0.09,33230.769230769234,310.3261478541099
0.01,0.11,33230.769230769234,310.5859348112241
0.03,0.11,33230.769230769234,314.9433340228761
0.05,0.11,33230.769230769234,318.809344195038
0.07,0.11,33230.769230769234,322.1909049064475
0.09,0.11,33230.769230769234,325.0889656894708
0.11,0.11,33230.769230769234,327.5029216713546
0.13,0.11,33230.769230769234,329.432464673514
0.15,0.11,33230.769230769234,330.8780788894343
0.17,0.11,33230.769230769234,331.8408258461006
0.19,0.11,33230.769230769234,332.3218415641879
0.21,0.11,33230.769230769234,332.3218415641879
0.23,0.11,33230.769230769234,331.84082584610053
0.25,0.11,33230.769230769234,330.87807888943416
0.27,0.11,33230.769230769234,329.4324646735139
0.29,0.11,33230.769230769234,327.50292167135444
0.31,0.11,33230.769230769234,325.0889656894707
0.33,0.11,33230.769230769234,322.19090490644743
0.35,0.11,33230.769230769234,318.809344195038
0.37,0.11,33230.769230769234,314.94333402287606
0.39,0.11,33230.769230769234,310.5859348112241
0.01,0.13,33230.769230769234,310.791651965021
0.03,0.13,33230.769230769234,315.5538504367537
0.05,0.13,33230.769230769234,319.80474754355663
0.07,0.13,33230.769230769234,323.5398447364888
0.09,0.13,33230.769230769234,326.75133715713696
0.11,0.13,33230.769230769234,329.432464673514
0.13,0.13,33230.769230769234,331.5788897528401
0.15,0.13,33230.769230769234,333.1886362166144
0.17,0.13,33230.769230769234,334.2613745931527
0.19,0.13,33230.769230769234,334.7975309266441
0.21,0.13,33230.769230769234,334.7975309266441
0.23,0.13,33230.769230769234,334.2613745931526
0.25,0.13,33230.769230769234,333.1886362166143
0.27,0.13,33230.769230769234,331.57888975284004
0.29,0.13,33230.769230769234,329.4324646735139
0.31,0.13,33230.769230769234,326.7513371571369
0.33,0.13,33230.769230769234,323.5398447364888
0.35,0.13,33230.769230769234,319.80474754355663
0.37,0.13,33230.769230769234,315.5538504367537
0.39,0.13,33230.769230769234,310.791651965021
0.01,0.15,33230.769230769234,310.944950325026
0.03,0.15,33230.769230769234,316.00904056663165
0.05,0.15,33230.769230769234,320.5476600684975
0.07,0.15,33230.769230769234,324.5479057491172
0.09,0.15,33230.769230769234,327.99527109209976
0.11,0.15,33230.769230769234,330.8780788894343
0.13,0.15,33230.769230769234,333.18863621661444
0.15,0.15,33230.769230769234,334.9228321941843
0.17,0.15,33230.769230769234,336.0790785505171
0.19,0.15,33230.769230769234,336.6571307769791
0.21,0.15,33230.769230769234,336.65713077697905
0.23,0.15,33230.769230769234,336.079078550517
0.25,0.15,33230.769230769234,334.9228321941842
0.27,0.15,33230.769230769234,333.1886362166143
0.29,0.15,33230.769230769234,330.8780788894342
0.31,0.15,33230.769230769234,327.99527109209976
0.33,0.15,33230.769230769234,324.54790574911715
0.35,0.15,33230.769230769234,320.54766006849746
0.37,0.15,33230.769230769234,316.00904056663165
0.39,0.15,33230.769230769234,310.944950325026
0.01,0.17,33230.769230769234,311.04673741707984
0.03,0.17,33230.769230769234,316.3113508951635
0.05,0.17,33230.769230769234,321.04132179523566
0.07,0.17,33230.769230769234,325.218236263167
0.09,0.17,33230.769230769234,328.8230916881196
0.11,0.17,33230.769230769234,331.8408258461006
0.13,0.17,33230.769230769234,334.2613745931527
0.15,0.17,33230.769230769234,336.0790785505171
0.17,0.17,33230.769230769234,337.29141206597
0.19,0.17,33230.769230769234,337.8976184766173
0.21,0.17,33230.769230769234,337.8976184766173
0.23,0.17,33230.769230769234,337.29141206596995
0.25,0.17,33230.769230769234,336.0790785505169
0.27,0.17,33230.769230769234,334.2613745931526
0.29,0.17,33230.769230769234,331.84082584610053
0.31,0.17,33230.769230769234,328.8230916881195
0.33,0.17,33230.769230769234,325.218236263167
0.35,0.17,33230.769230769234,321.0413217952356
0.37,0.17,33230.769230769234,316.3113508951635
0.39,0.17,33230.769230769234,311.04673741707984
0.01,0.19,33230.769230769234,311.09751606718254
0.03,0.19,33230.769230769234,316.46218037064097
0.05,0.19,33230.769230769234,321.2876837217877
0.07,0.19,33230.769230769234,325.55288514681206
0.09,0.19,33230.769230769234,329.2365312197217
0.11,0.19,33230.769230769234,332.3218415641879
0.13,0.19,33230.769230769234,334.7975309266441
0.15,0.19,33230.769230769234,336.65713077697905
0.17,0.19,33230.769230769234,337.8976184766173
0.19,0.19,33230.769230769234,338.5179620705026
0.21,0.19,33230.769230769234,338.51796207050256
0.23,0.19,33230.769230769234,337.89761847661725
0.25,0.19,33230.769230769234,336.65713077697893
0.27,0.19,33230.769230769234,334.7975309266439
0.29,0.19,33230.769230769234,332.32184156418776
0.31,0.19,33230.769230769234,329.23653121972166
0.33,0.19,33230.769230769234,325.552885146812
0.35,0.19,33230.769230769234,321.28768372178763
0.37,0.19,33230.769230769234,316.46218037064085
0.39,0.19,33230.769230769234,311.09751606718254
0.01,0.21,33230.769230769234,311.09751606718254
0.03,0.21,33230.769230769234,316.4621803706409
0.05,0.21,33230.769230769234,321.28768372178763
0.07,0.21,33230.769230769234,325.55288514681206
0.09,0.21,33230.769230769234,329.23653121972166
0.11,0.21,33230.769230769234,332.3218415641878
0.13,0.21,33230.769230769234,334.7975309266441
0.15,0.21,33230.769230769234,336.657130776979
0.17,0.21,33230.769230769234,337.8976184766173
0.19,0.21,33230.769230769234,338.51796207050256
0.21,0.21,33230.769230769234,338.51796207050256
0.23,0.21,33230.769230769234,337.8976184766172
0.25,0.21,33230.769230769234,336.657130776979
0.27,0.21,33230.769230769234,334.79753092664384
0.29,0.21,33230.769230769234,332.32184156418765
0.31,0.21,33230.769230769234,329.2365312197216
0.33,0.21,33230.769230769234,325.552885146812
0.35,0.21,33230.769230769234,321.28768372178763
0.37,0.21,33230.769230769234,316.4621803706409
0.39,0.21,33230.769230769234,311.09751606718254
0.01,0.23,33230.769230769234,311.04673741707984
0.03,0.23,33230.769230769234,316.3113508951635
0.05,0.23,33230.769230769234,321.04132179523566
0.07,0.23,33230.769230769234,325.218236263167
0.09,0.23,33230.769230769234,328.8230916881195
0.11,0.23,33230.769230769234,331.8408258461006
0.13,0.23,33230.769230769234,334.26137459315265
0.15,0.23,33230.769230769234,336.07907855051707
0.17,0.23,33230.769230769234,337.29141206596995
0.19,0.23,33230.769230769234,337.8976184766172
0.21,0.23,33230.769230769234,337.8976184766172
0.23,0.23,33230.769230769234,337.2914120659699
0.25,0.23,33230.769230769234,336.0790785505169
0.27,0.23,33230.769230769234,334.2613745931525
0.29,0.23,33230.769230769234,331.8408258461005
0.31,0.23,33230.769230769234,328.8230916881195
0.33,0.23,33230.769230769234,325.21823626316694
0.35,0.23,33230.769230769234,321.04132179523566
0.37,0.23,33230.769230769234,316.3113508951635
0.39,0.23,33230.769230769234,311.0467374170799
0.01,0.25,33230.769230769234,310.944950325026
0.03,0.25,33230.769230769234,316.00904056663165
0.05,0.25,33230.769230769234,320.5476600684975
0.07,0.25,33230.769230769234,324.54790574911715
0.09,0.25,33230.769230769234,327.99527109209976
0.11,0.25,33230.769230769234,330.8780788894343
0.13,0.25,33230.769230769234,333.1886362166144
0.15,0.25,33230.769230769234,334.9228321941843
0.17,0.25,33230.769230769234,336.079078550517
0.19,0.25,33230.769230769234,336.657130776979
0.21,0.25,33230.769230769234,336.65713077697905
0.23,0.25,33230.769230769234,336.079078550517
0.25,0.25,33230.769230769234,334.9228321941842
0.27,0.25,33230.769230769234,333.18863621661427
0.29,0.25,33230.769230769234,330.87807888943416
0.31,0.25,33230.769230769234,327.99527109209976
0.33,0.25,33230.769230769234,324.54790574911715
0.35,0.25,33230.769230769234,320.54766006849746
0.37,0.25,33230.769230769234,316.0090405666316
0.39,0.25,33230.769230769234,310.944950325026
0.01,0.27,33230.769230769234,310.791651965021
0.03,0.27,33230.769230769234,315.5538504367537
0.05,0.27,33230.769230769234,319.80474754355663
0.07,0.27,33230.769230769234,323.5398447364888
0.09,0.27,33230.769230769234,326.75133715713696
0.11,0.27,33230.769230769234,329.432464673514
0.13,0.27,33230.769230769234,331.5788897528401
0.15,0.27,33230.769230769234,333.1886362166144
0.17,0.27,33230.769230769234,334.2613745931526
0.19,0.27,33230.769230769234,334.797530926644
0.21,0.27,33230.769230769234,334.797530926644
0.23,0.27,33230.769230769234,334.26137459315254
0.25,0.27,33230.769230769234,333.18863621661427
0.27,0.27,33230.769230769234,331.57888975284
0.29,0.27,33230.769230769234,329.4324646735139
0.31,0.27,33230.769230769234,326.7513371571369
0.33,0.27,33230.769230769234,323.5398447364888
0.35,0.27,33230.769230769234,319.80474754355663
0.37,0.27,33230.769230769234,315.5538504367537
0.39,0.27,33230.769230769234,310.791651965021
0.01,0.29,33230.769230769234,310.5859348112241
0.03,0.29,33230.769230769234,314.9433340228761
0.05,0.29,33230.769230769234,318.809344195038
0.07,0.29,33230.769230769234,322.19090490644743
0.09,0.29,33230.769230769234,325.08896568947074
0.11,0.29,33230.769230769234,327.5029216713545
0.13,0.29,33230.769230769234,329.43246467351395
0.15,0.29,33230.769230769234,330.8780788894342
0.17,0.29,33230.769230769234,331.8408258461006
0.19,0.29,33230.769230769234,332.32184156418776
0.21,0.29,33230.769230769234,332.3218415641878
0.23,0.29,33230.769230769234,331.84082584610053
0.25,0.29,33230.769230769234,330.8780788894342
0.27,0.29,33230.769230769234,329.4324646735139
0.29,0.29,33230.769230769234,327.5029216713545
0.31,0.29,33230.769230769234,325.08896568947074
0.33,0.29,33230.769230769234,322.1909049064475
0.35,0.29,33230.769230769234,318.8093441950381
0.37,0.29,33230.769230769234,314.9433340228761
0.39,0.29,33230.769230769234,310.5859348112241
0.01,0.31,33230.769230769234,310.3261478541098
0.03,0.31,33230.769230769234,314.1732315421832
0.05,0.31,33230.769230769234,317.55616219054133
0.07,0.31,33230.769230769234,320.4964099681889
0.09,0.31,33230.769230769234,323.0052792903545
0.11,0.31,33230.769230769234,325.08896568947074
0.13,0.31,33230.769230769234,326.75133715713696
0.15,0.31,33230.769230769234,327.99527109209976
0.17,0.31,33230.769230769234,328.8230916881196
0.19,0.31,33230.769230769234,329.2365312197216
0.21,0.31,33230.769230769234,329.23653121972166
0.23,0.31,33230.769230769234,328.8230916881195
0.25,0.31,33230.769230769234,327.99527109209976
0.27,0.31,33230.769230769234,326.7513371571369
0.29,0.31,33230.769230769234,325.08896568947074
0.31,0.31,33230.769230769234,323.0052792903546
0.33,0.31,33230.769230769234,320.49640996818897
0.35,0.31,33230.769230769234,317.55616219054144
0.37,0.31,33230.769230769234,314.1732315421832
0.39,0.31,33230.769230769234,310.3261478541099
0.01,0.33,33230.769230769234,310.0090629551505
0.03,0.33,33230.769230769234,313.2356916339657
0.05,0.33,33230.769230769234,316.0361142368493
0.07,0.33,33230.769230769234,318.448988298259
0.09,0.33,33230.769230769234,320.49640996818897
0.11,0.33,33230.769230769234,322.19090490644743
0.13,0.33,33230.769230769234,323.5398447364888
0.15,0.33,33230.769230769234,324.54790574911715
0.17,0.33,33230.769230769234,325.218236263167
0.19,0.33,33230.769230769234,325.552885146812
0.21,0.33,33230.769230769234,325.552885146812
0.23,0.33,33230.769230769234,325.218236263167
0.25,0.33,33230.769230769234,324.54790574911715
0.27,0.33,33230.769230769234,323.5398447364888
0.29,0.33,33230.769230769234,322.1909049064475
0.31,0.33,33230.769230769234,320.49640996818897
0.33,0.33,33230.769230769234,318.4489882982591
0.35,0.33,33230.769230769234,316.0361142368494
0.37,0.33,33230.769230769234,313.23569163396576
0.39,0.33,33230.769230769234,310.0090629551505
0.01,0.35,33230.769230769234,309.62776768450334
0.03,0.35,33230.769230769234,312.11533332538687
0.05,0.35,33230.769230769234,314.2327153427218
0.07,0.35,33230.769230769234,316.0361142368493
0.09,0.35,33230.769230769234,317.5561621905414
0.11,0.35,33230.769230769234,318.809344195038
0.13,0.35,33230.769230769234,319.80474754355663
0.15,0.35,33230.769230769234,320.54766006849746
0.17,0.35,33230.769230769234,321.04132179523566
0.19,0.35,33230.769230769234,321.28768372178763
0.21,0.35,33230.769230769234,321.28768372178763
0.23,0.35,33230.769230769234,321.04132179523566
0.25,0.35,33230.769230769234,320.54766006849746
0.27,0.35,33230.769230769234,319.8047475435567
0.29,0.35,33230.769230769234,318.8093441950381
0.31,0.35,33230.769230769234,317.55616219054144
0.33,0.35,33230.769230769234,316.0361142368494
0.35,0.35,33230.769230769234,314.23271534272186
0.37,0.35,33230.769230769234,312.1153333253869
0.39,0.35,33230.769230769234,309.62776768450334
0.01,0.37,33230.769230769234,309.1658069965112
0.03,0.37,33230.769230769234,310.78067809593466
0.05,0.37,33230.769230769234,312.11533332538687
0.07,0.37,33230.769230769234,313.2356916339657
0.09,0.37,33230.769230769234,314.1732315421832
0.11,0.37,33230.769230769234,314.9433340228761
0.13,0.37,33230.769230769234,315.5538504367537
0.15,0.37,33230.769230769234,316.00904056663165
0.17,0.37,33230.769230769234,316.3113508951636
0.19,0.37,33230.769230769234,316.4621803706409
0.21,0.37,33230.769230769234,316.4621803706409
0.23,0.37,33230.769230769234,316.3113508951635
0.25,0.37,33230.769230769234,316.00904056663165
0.27,0.37,33230.769230769234,315.5538504367537
0.29,0.37,33230.769230769234,314.9433340228761
0.31,0.37,33230.769230769234,314.17323154218326
0.33,0.37,33230.769230769234,313.2356916339658
0.35,0.37,33230.769230769234,312.1153333253869
0.37,0.37,33230.769230769234,310.7806780959346
0.39,0.37,33230.769230769234,309.1658069965112
0.01,0.39,33230.769230769234,308.57835830092483
0.03,0.39,33230.769230769234,309.1658069965112
0.05,0.39,33230.769230769234,309.62776768450334
0.07,0.39,33230.769230769234,310.00906295515045
0.09,0.39,33230.769230769234,310.3261478541099
0.11,0.39,33230.769230769234,310.5859348112241
0.13,0.39,33230.769230769234,310.791651965021
0.15,0.39,33230.769230769234,310.944950325026
0.17,0.39,33230.769230769234,311.0467374170799
0.19,0.39,33230.769230769234,311.09751606718254
0.21,0.39,33230.769230769234,311.09751606718254
0.23,0.39,33230.769230769234,311.04673741707984
0.25,0.39,33230.769230769234,310.944950325026
0.27,0.39,33230.769230769234,310.791651965021
0.29,0.39,33230.769230769234,310.5859348112241
0.31,0.39,33230.769230769234,310.32614785410993
0.33,0.39,33230.769230769234,310.0090629551505
0.35,0.39,33230.769230769234,309.62776768450334
0.37,0.39,33230.769230769234,309.1658069965112
0.39,0.39,33230.769230769234,308.57835830092483
0.01,0.01,35076.92307692308,308.5487575982156
0.03,0.01,35076.92307692308,309.09550158162176
0.05,0.01,35076.92307692308,309.52583042690554
0.07,0.01,35076.92307692308,309.8816168732717
0.09,0.01,35076.92307692308,310.178125926094
0.11,0.01,35076.92307692308,310.4216187768294
0.13,0.01,35076.92307692308,310.61486468959816
0.15,0.01,35076.92307692308,310.759150997788
0.17,0.01,35076.92307692308,310.8550990502835
0.19,0.01,35076.92307692308,310.9030104079245
0.21,0.01,35076.92307692308,310.9030104079245
0.23,0.01,35076.92307692308,310.8550990502835
0.25,0.01,35076.92307692308,310.759150997788
0.27,0.01,35076.92307692308,310.61486468959816
0.29,0.01,35076.92307692308,310.4216187768294
0.31,0.01,35076.92307692308,310.178125926094
0.33,0.01,35076.92307692308,309.8816168732717
0.35,0.01,35076.92307692308,309.52583042690554
0.37,0.01,35076.92307692308,309.09550158162176
0.39,0.01,35076.92307692308,308.5487575982156
0.01,0.03,35076.92307692308,309.09550158162176
0.03,0.03,35076.92307692308,310.5987493211619
0.05,0.03,35076.92307692308,311.8424397604881
0.07,0.03,35076.92307692308,312.8882778772456
0.09,0.03,35076.92307692308,313.76537461038737
0.11,0.03,35076.92307692308,314.48751414398413
0.13,0.03,35076.92307692308,315.0612941004248
0.15,0.03,35076.92307692308,315.4899324115452
0.17,0.03,35076.92307692308,315.7750395559325
0.19,0.03,35076.92307692308,315.91742175267103
0.21,0.03,35076.92307692308,315.917421752671
0.23,0.03,35076.92307692308,315.77503955593244
0.25,0.03,35076.92307692308,315.4899324115451
0.27,0.03,35076.92307692308,315.0612941004248
0.29,0.03,35076.92307692308,314.4875141439841
0.31,0.03,35076.92307692308,313.7653746103873
0.33,0.03,35076.92307692308,312.8882778772456
0.35,0.03,35076.92307692308,311.8424397604881
0.37,0.03,35076.92307692308,310.598749321162
0.39,0.03,35076.92307692308,309.09550158162176
0.01,0.05,35076.92307692308,309.5258304269055
0.03,0.05,35076.92307692308,311.8424397604881
0.05,0.05,35076.92307692308,313.81661779012745
0.07,0.05,35076.92307692308,315.50113885320235
0.09,0.05,35076.92307692308,316.9241516193275
0.11,0.05,35076.92307692308,318.10009940374545
0.13,0.05,35076.92307692308,319.0362620093728
0.15,0.05,35076.92307692308,319.73633079842244
0.17,0.05,35076.92307692308,320.2022271977318
0.19,0.05,35076.92307692308,320.4349546287626
0.21,0.05,35076.92307692308,320.4349546287626
0.23,0.05,35076.92307692308,320.2022271977318
0.25,0.05,35076.92307692308,319.7363307984224
0.27,0.05,35076.92307692308,319.0362620093728
0.29,0.05,35076.92307692308,318.1000994037454
0.31,0.05,35076.92307692308,316.92415161932746
0.33,0.05,35076.92307692308,315.50113885320235
0.35,0.05,35076.92307692308,313.81661779012745
0.37,0.05,35076.92307692308,311.8424397604881
0.39,0.05,35076.92307692308,309.52583042690554
0.01,0.07,35076.92307692308,309.8816168732717
0.03,0.07,35076.92307692308,312.8882778772456
0.05,0.07,35076.92307692308,315.50113885320235
0.07,0.07,35076.92307692308,317.7566982773716
0.09,0.07,35076.92307692308,319.6749616899135
0.11,0.07,35076.92307692308,321.2663243499636
0.13,0.07,35076.92307692308,322.53602345548734
0.15,0.07,35076.92307692308,323.486726932326
0.17,0.07,35076.92307692308,324.1198714889839
0.19,0.07,35076.92307692308,324.4362568728086
0.21,0.07,35076.92307692308,324.4362568728086
0.23,0.07,35076.92307692308,324.11987148898385
0.25,0.07,35076.92307692308,323.4867269323259
0.27,0.07,35076.92307692308,322.5360234554873
0.29,0.07,35076.92307692308,321.2663243499635
0.31,0.07,35076.92307692308,319.67496168991335
0.33,0.07,35076.92307692308,317.75669827737147
0.35,0.07,35076.92307692308,315.5011388532023
0.37,0.07,35076.92307692308,312.8882778772456
0.39,0.07,35076.92307692308,309.8816168732717
0.01,0.09,35076.92307692308,310.178125926094
0.03,0.09,35076.92307692308,313.76537461038737
0.05,0.09,35076.92307692308,316.9241516193275
0.07,0.09,35076.92307692308,319.67496168991346
0.09,0.09,35076.92307692308,322.0275586159417
0.11,0.09,35076.92307692308,323.9861031166131
0.13,0.09,35076.92307692308,325.5521623163699
0.15,0.09,35076.92307692308,326.7263177394072
0.17,0.09,35076.92307692308,327.50887865235205
0.19,0.09,35076.92307692308,327.9000848114517
0.21,0.09,35076.92307692308,327.9000848114516
0.23,0.09,35076.92307692308,327.508878652352
0.25,0.09,35076.92307692308,326.72631773940714
0.27,0.09,35076.92307692308,325.5521623163698
0.29,0.09,35076.92307692308,323.9861031166129
0.31,0.09,35076.92307692308,322.0275586159416
0.33,0.09,35076.92307692308,319.6749616899134
0.35,0.09,35076.92307692308,316.9241516193274
0.37,0.09,35076.92307692308,313.76537461038737
0.39,0.09,35076.92307692308,310.178125926094
0.01,0.11,35076.92307692308,310.42161877682946
0.03,0.11,35076.92307692308,314.48751414398413
0.05,0.11,35076.92307692308,318.1000994037455
0.07,0.11,35076.92307692308,321.2663243499636
0.09,0.11,35076.92307692308,323.98610311661304
0.11,0.11,35076.92307692308,326.25695751329386
0.13,0.11,35076.92307692308,328.0762072541942
0.15,0.11,35076.92307692308,329.4418469686149
0.17,0.11,35076.92307692308,330.3526978420549
0.19,0.11,35076.92307692308,330.80821485885
0.21,0.11,35076.92307692308,330.80821485885
0.23,0.11,35076.92307692308,330.3526978420548
0.25,0.11,35076.92307692308,329.44184696861475
0.27,0.11,35076.92307692308,328.07620725419406
0.29,0.11,35076.92307692308,326.2569575132937
0.31,0.11,35076.92307692308,323.9861031166129
0.33,0.11,35076.92307692308,321.2663243499635
0.35,0.11,35076.92307692308,318.1000994037454
0.37,0.11,35076.92307692308,314.4875141439841
0.39,0.11,35076.92307692308,310.4216187768294
0.01,0.13,35076.92307692308,310.61486468959816
0.03,0.13,35076.92307692308,315.06129410042485
0.05,0.13,35076.92307692308,319.0362620093728
0.07,0.13,35076.92307692308,322.53602345548734
0.09,0.13,35076.92307692308,325.5521623163699
0.11,0.13,35076.92307692308,328.0762072541942
0.13,0.13,35076.92307692308,330.10142597602777
0.15,0.13,35076.92307692308,331.62322490112496
0.17,0.13,35076.92307692308,332.63887203937423
0.19,0.13,35076.92307692308,333.14697206378446
0.21,0.13,35076.92307692308,333.14697206378446
0.23,0.13,35076.92307692308,332.6388720393742
0.25,0.13,35076.92307692308,331.62322490112484
0.27,0.13,35076.92307692308,330.10142597602766
0.29,0.13,35076.92307692308,328.076207254194
0.31,0.13,35076.92307692308,325.5521623163698
0.33,0.13,35076.92307692308,322.5360234554873
0.35,0.13,35076.92307692308,319.0362620093728
0.37,0.13,35076.92307692308,315.0612941004248
0.39,0.13,35076.92307692308,310.61486468959816
0.01,0.15,35076.92307692308,310.759150997788
0.03,0.15,35076.92307692308,315.4899324115452
0.05,0.15,35076.92307692308,319.7363307984225
0.07,0.15,35076.92307692308,323.48672693232606
0.09,0.15,35076.92307692308,326.7263177394073
0.11,0.15,35076.92307692308,329.4418469686149
0.13,0.15,35076.92307692308,331.62322490112496
0.15,0.15,35076.92307692308,333.2636410043441
0.17,0.15,35076.92307692308,334.3589929150256
0.19,0.15,35076.92307692308,334.9071157488499
0.21,0.15,35076.92307692308,334.9071157488499
0.23,0.15,35076.92307692308,334.3589929150256
0.25,0.15,35076.92307692308,333.26364100434404
0.27,0.15,35076.92307692308,331.6232249011248
0.29,0.15,35076.92307692308,329.44184696861475
0.31,0.15,35076.92307692308,326.7263177394072
0.33,0.15,35076.92307692308,323.48672693232595
0.35,0.15,35076.92307692308,319.73633079842244
0.37,0.15,35076.92307692308,315.4899324115452
0.39,0.15,35076.92307692308,310.759150997788
0.01,0.17,35076.92307692308,310.8550990502835
0.03,0.17,35076.92307692308,315.7750395559325
0.05,0.17,35076.92307692308,320.202227197732
0.07,0.17,35076.92307692308,324.119871488984
0.09,0.17,35076.92307692308,327.50887865235217
0.11,0.17,35076.92307692308,330.3526978420549
0.13,0.17,35076.92307692308,332.63887203937423
0.15,0.17,35076.92307692308,334.3589929150256
0.17,0.17,35076.92307692308,335.50795077948146
0.19,0.17,35076.92307692308,336.0830055043656
0.21,0.17,35076.92307692308,336.0830055043656
0.23,0.17,35076.92307692308,335.5079507794814
0.25,0.17,35076.92307692308,334.3589929150255
0.27,0.17,35076.92307692308,332.6388720393741
0.29,0.17,35076.92307692308,330.3526978420548
0.31,0.17,35076.92307692308,327.50887865235205
0.33,0.17,35076.92307692308,324.119871488984
0.35,0.17,35076.92307692308,320.2022271977319
0.37,0.17,35076.92307692308,315.7750395559325
0.39,0.17,35076.92307692308,310.85509905028346
0.01,0.19,35076.92307692308,310.9030104079245
0.03,0.19,35076.92307692308,315.91742175267103
0.05,0.19,35076.92307692308,320.4349546287627
0.07,0.19,35076.92307692308,324.43625687280866
0.09,0.19,35076.92307692308,327.9000848114518
0.11,0.19,35076.92307692308,330.8082148588501
0.13,0.19,35076.92307692308,333.1469720637845
0.15,0.19,35076.92307692308,334.90711574884995
0.17,0.19,35076.92307692308,336.08300550436564
0.19,0.19,35076.92307692308,336.67159521130884
0.21,0.19,35076.92307692308,336.67159521130884
0.23,0.19,35076.92307692308,336.0830055043656
0.25,0.19,35076.92307692308,334.9071157488498
0.27,0.19,35076.92307692308,333.14697206378435
0.29,0.19,35076.92307692308,330.80821485885
0.31,0.19,35076.92307692308,327.9000848114516
0.33,0.19,35076.92307692308,324.4362568728086
0.35,0.19,35076.92307692308,320.4349546287626
0.37,0.19,35076.92307692308,315.91742175267103
0.39,0.19,35076.92307692308,310.90301040792446
0.01,0.21,35076.92307692308,310.9030104079245
0.03,0.21,35076.92307692308,315.91742175267103
0.05,0.21,35076.92307692308,320.4349546287627
0.07,0.21,35076.92307692308,324.43625687280866
0.09,0.21,35076.92307692308,327.90008481145173
0.11,0.21,35076.92307692308,330.80821485885
0.13,0.21,35076.92307692308,333.1469720637845
0.15,0.21,35076.92307692308,334.9071157488499
0.17,0.21,35076.92307692308,336.08300550436564
0.19,0.21,35076.92307692308,336.67159521130884
0.21,0.21,35076.92307692308,336.67159521130884
0.23,0.21,35076.92307692308,336.0830055043656
0.25,0.21,35076.92307692308,334.9071157488498
0.27,0.21,35076.92307692308,333.14697206378435
0.29,0.21,35076.92307692308,330.8082148588499
0.31,0.21,35076.92307692308,327.9000848114516
0.33,0.21,35076.92307692308,324.4362568728086
0.35,0.21,35076.92307692308,320.4349546287626
0.37,0.21,35076.92307692308,315.91742175267103
0.39,0.21,35076.92307692308,310.9030104079245
0.01,0.23,35076.92307692308,310.8550990502835
0.03,0.23,35076.92307692308,315.7750395559325
0.05,0.23,35076.92307692308,320.2022271977319
0.07,0.23,35076.92307692308,324.119871488984
0.09,0.23,35076.92307692308,327.5088786523521
0.11,0.23,35076.92307692308,330.35269784205485
0.13,0.23,35076.92307692308,332.63887203937423
0.15,0.23,35076.92307692308,334.3589929150256
0.17,0.23,35076.92307692308,335.50795077948146
0.19,0.23,35076.92307692308,336.0830055043656
0.21,0.23,35076.92307692308,336.0830055043656
0.23,0.23,35076.92307692308,335.5079507794814
0.25,0.23,35076.92307692308,334.3589929150255
0.27,0.23,35076.92307692308,332.6388720393741
0.29,0.23,35076.92307692308,330.3526978420548
0.31,0.23,35076.92307692308,327.50887865235205
0.33,0.23,35076.92307692308,324.119871488984
0.35,0.23,35076.92307692308,320.2022271977318
0.37,0.23,35076.92307692308,315.7750395559325
0.39,0.23,35076.92307692308,310.8550990502835
0.01,0.25,35076.92307692308,310.759150997788
0.03,0.25,35076.92307692308,315.4899324115451
0.05,0.25,35076.92307692308,319.73633079842244
0.07,0.25,35076.92307692308,323.48672693232595
0.09,0.25,35076.92307692308,326.7263177394072
0.11,0.25,35076.92307692308,329.44184696861487
0.13,0.25,35076.92307692308,331.62322490112484
0.15,0.25,35076.92307692308,333.2636410043441
0.17,0.25,35076.92307692308,334.3589929150256
0.19,0.25,35076.92307692308,334.9071157488499
0.21,0.25,35076.92307692308,334.90711574884983
0.23,0.25,35076.92307692308,334.3589929150256
0.25,0.25,35076.92307692308,333.26364100434404
0.27,0.25,35076.92307692308,331.6232249011248
0.29,0.25,35076.92307692308,329.4418469686148
0.31,0.25,35076.92307692308,326.7263177394072
0.33,0.25,35076.92307692308,323.48672693232595
0.35,0.25,35076.92307692308,319.7363307984224
0.37,0.25,35076.92307692308,315.4899324115451
0.39,0.25,35076.92307692308,310.759150997788
0.01,0.27,35076.92307692308,310.6148646895981
0.03,0.27,35076.92307692308,315.06129410042473
0.05,0.27,35076.92307692308,319.0362620093727
0.07,0.27,35076.92307692308,322.5360234554872
0.09,0.27,35076.92307692308,325.5521623163698
0.11,0.27,35076.92307692308,328.07620725419406
0.13,0.27,35076.92307692308,330.1014259760277
0.15,0.27,35076.92307692308,331.6232249011249
0.17,0.27,35076.92307692308,332.63887203937423
0.19,0.27,35076.92307692308,333.14697206378446
0.21,0.27,35076.92307692308,333.14697206378446
0.23,0.27,35076.92307692308,332.6388720393742
0.25,0.27,35076.92307692308,331.6232249011248
0.27,0.27,35076.92307692308,330.10142597602766
0.29,0.27,35076.92307692308,328.07620725419406
0.31,0.27,35076.92307692308,325.55216231636985
0.33,0.27,35076.92307692308,322.5360234554873
0.35,0.27,35076.92307692308,319.0362620093728
0.37,0.27,35076.92307692308,315.0612941004248
0.39,0.27,35076.92307692308,310.61486468959816
0.01,0.29,35076.92307692308,310.4216187768294
0.03,0.29,35076.92307692308,314.4875141439841
0.05,0.29,35076.92307692308,318.10009940374545
0.07,0.29,35076.92307692308,321.2663243499635
0.09,0.29,35076.92307692308,323.9861031166129
0.11,0.29,35076.92307692308,326.25695751329374
0.13,0.29,35076.92307692308,328.07620725419406
0.15,0.29,35076.92307692308,329.44184696861487
0.17,0.29,35076.92307692308,330.3526978420549
0.19,0.29,35076.92307692308,330.8082148588501
0.21,0.29,35076.92307692308,330.80821485885
0.23,0.29,35076.92307692308,330.35269784205485
0.25,0.29,35076.92307692308,329.44184696861475
0.27,0.29,35076.92307692308,328.076207254194
0.29,0.29,35076.92307692308,326.25695751329374
0.31,0.29,35076.92307692308,323.986103116613
0.33,0.29,35076.92307692308,321.26632434996355
0.35,0.29,35076.92307692308,318.10009940374545
0.37,0.29,35076.92307692308,314.4875141439841
0.39,0.29,35076.92307692308,310.4216187768294
0.01,0.31,35076.92307692308,310.178125926094
0.03,0.31,35076.92307692308,313.76537461038737
0.05,0.31,35076.92307692308,316.92415161932746
0.07,0.31,35076.92307692308,319.67496168991346
0.09,0.31,35076.92307692308,322.0275586159416
0.11,0.31,35076.92307692308,323.986103116613
0.13,0.31,35076.92307692308,325.55216231636985
0.15,0.31,35076.92307692308,326.7263177394072
0.17,0.31,35076.92307692308,327.5088786523521
0.19,0.31,35076.92307692308,327.9000848114517
0.21,0.31,35076.92307692308,327.9000848114517
0.23,0.31,35076.92307692308,327.50887865235205
0.25,0.31,35076.92307692308,326.72631773940714
0.27,0.31,35076.92307692308,325.5521623163698
0.29,0.31,35076.92307692308,323.986103116613
0.31,0.31,35076.92307692308,322.02755861594164
0.33,0.31,35076.92307692308,319.6749616899134
0.35,0.31,35076.92307692308,316.9241516193275
0.37,0.31,35076.92307692308,313.7653746103873
0.39,0.31,35076.92307692308,310.178125926094
0.01,0.33,35076.92307692308,309.8816168732717
0.03,0.33,35076.92307692308,312.8882778772456
0.05,0.33,35076.92307692308,315.50113885320235
0.07,0.33,35076.92307692308,317.7566982773715
0.09,0.33,35076.92307692308,319.67496168991346
0.11,0.33,35076.92307692308,321.26632434996355
0.13,0.33,35076.92307692308,322.53602345548734
0.15,0.33,35076.92307692308,323.486726932326
0.17,0.33,35076.92307692308,324.119871488984
0.19,0.33,35076.92307692308,324.43625687280866
0.21,0.33,35076.92307692308,324.4362568728086
0.23,0.33,35076.92307692308,324.119871488984
0.25,0.33,35076.92307692308,323.48672693232595
0.27,0.33,35076.92307692308,322.53602345548734
0.29,0.33,35076.92307692308,321.26632434996355
0.31,0.33,35076.92307692308,319.67496168991346
0.33,0.33,35076.92307692308,317.7566982773716
0.35,0.33,35076.92307692308,315.50113885320235
0.37,0.33,35076.92307692308,312.8882778772456
0.39,0.33,35076.92307692308,309.8816168732717
0.01,0.35,35076.92307692308,309.5258304269055
0.03,0.35,35076.92307692308,311.8424397604881
0.05,0.35,35076.92307692308,313.81661779012745
0.07,0.35,35076.92307692308,315.50113885320235
0.09,0.35,35076.92307692308,316.92415161932746
0.11,0.35,35076.92307692308,318.10009940374545
0.13,0.35,35076.92307692308,319.0362620093728
0.15,0.35,35076.92307692308,319.7363307984225
0.17,0.35,35076.92307692308,320.2022271977318
0.19,0.35,35076.92307692308,320.4349546287626
0.21,0.35,35076.92307692308,320.4349546287626
0.23,0.35,35076.92307692308,320.2022271977319
0.25,0.35,35076.92307692308,319.73633079842244
0.27,0.35,35076.92307692308,319.0362620093728
0.29,0.35,35076.92307692308,318.10009940374545
0.31,0.35,35076.92307692308,316.9241516193275
0.33,0.35,35076.92307692308,315.5011388532024
0.35,0.35,35076.92307692308,313.81661779012745
0.37,0.35,35076.92307692308,311.8424397604881
0.39,0.35,35076.92307692308,309.52583042690554
0.01,0.37,35076.92307692308,309.09550158162176
0.03,0.37,35076.92307692308,310.598749321162
0.05,0.37,35076.92307692308,311.84243976048816
0.07,0.37,35076.92307692308,312.8882778772456
0.09,0.37,35076.92307692308,313.76537461038737
0.11,0.37,35076.92307692308,314.4875141439841
0.13,0.37,35076.92307692308,315.06129410042485
0.15,0.37,35076.92307692308,315.4899324115452
0.17,0.37,35076.92307692308,315.7750395559325
0.19,0.37,35076.92307692308,315.91742175267103
0.21,0.37,35076.92307692308,315.91742175267103
0.23,0.37,35076.92307692308,315.7750395559325
0.25,0.37,35076.92307692308,315.4899324115452
0.27,0.37,35076.92307692308,315.0612941004248
0.29,0.37,35076.92307692308,314.48751414398413
0.31,0.37,35076.92307692308,313.76537461038737
0.33,0.37,35076.92307692308,312.8882778772456
0.35,0.37,35076.92307692308,311.8424397604881
0.37,0.37,35076.92307692308,310.5987493211619
0.39,0.37,35076.92307692308,309.09550158162176
0.01,0.39,35076.92307692308,308.5487575982156
0.03,0.39,35076.92307692308,309.09550158162176
0.05,0.39,35076.92307692308,309.52583042690554
0.07,0.39,35076.92307692308,309.8816168732717
0.09,0.39,35076.92307692308,310.178125926094
0.11,0.39,35076.92307692308,310.4216187768294
0.13,0.39,35076.92307692308,310.61486468959816
0.15,0.39,35076.92307692308,310.759150997788
0.17,0.39,35076.92307692308,310.8550990502835
0.19,0.39,35076.92307692308,310.9030104079245
0.21,0.39,35076.92307692308,310.9030104079245
0.23,0.39,35076.92307692308,310.8550990502835
0.25,0.39,35076.92307692308,310.759150997788
0.27,0.39,35076.92307692308,310.61486468959816
0.29,0.39,35076.92307692308,310.42161877682946
0.31,0.39,35076.92307692308,310.178125926094
0.33,0.39,35076.92307692308,309.8816168732717
0.35,0.39,35076.92307692308,309.52583042690554
0.37,0.39,35076.92307692308,309.09550158162176
0.39,0.39,35076.92307692308,308.5487575982156
0.01,0.01,36923.07692307692,308.52189532551523
0.03,0.01,36923.07692307692,309.03130743557074
0.05,0.01,36923.07692307692,309.43231253094643
0.07,0.01,36923.07692307692,309.7641898209223
0.09,0.01,36923.07692307692,310.0411952467001
0.11,0.01,36923.07692307692,310.2690696116205
0.13,0.01,36923.07692307692,310.45023439694535
0.15,0.01,36923.07692307692,310.5857089367336
0.17,0.01,36923.07692307692,310.6759056924231
0.19,0.01,36923.07692307692,310.7209795084891
0.21,0.01,36923.07692307692,310.7209795084891
0.23,0.01,36923.07692307692,310.6759056924231
0.25,0.01,36923.07692307692,310.5857089367336
0.27,0.01,36923.07692307692,310.4502343969453
0.29,0.01,36923.07692307692,310.2690696116204
0.31,0.01,36923.07692307692,310.04119524670006
0.33,0.01,36923.07692307692,309.7641898209223
0.35,0.01,36923.07692307692,309.43231253094643
0.37,0.01,36923.07692307692,309.03130743557074
0.39,0.01,36923.07692307692,308.52189532551523
0.01,0.03,36923.07692307692,309.03130743557074
0.03,0.03,36923.07692307692,310.431815058357
0.05,0.03,36923.07692307692,311.5909782777692
0.07,0.03,36923.07692307692,312.5668382878514
0.09,0.03,36923.07692307692,313.3865450835309
0.11,0.03,36923.07692307692,314.0626360137157
0.13,0.03,36923.07692307692,314.60077138356746
0.15,0.03,36923.07692307692,315.0034057252201
0.17,0.03,36923.07692307692,315.27154020811383
0.19,0.03,36923.07692307692,315.405548798314
0.21,0.03,36923.07692307692,315.405548798314
0.23,0.03,36923.07692307692,315.2715402081138
0.25,0.03,36923.07692307692,315.0034057252201
0.27,0.03,36923.07692307692,314.60077138356746
0.29,0.03,36923.07692307692,314.06263601371563
0.31,0.03,36923.07692307692,313.38654508353085
0.33,0.03,36923.07692307692,312.5668382878514
0.35,0.03,36923.07692307692,311.5909782777691
0.37,0.03,36923.07692307692,310.431815058357
0.39,0.03,36923.07692307692,309.03130743557074
0.01,0.05,36923.07692307692,309.4323125309464
0.03,0.05,36923.07692307692,311.5909782777691
0.05,0.05,36923.07692307692,313.4316689013256
0.07,0.05,36923.07692307692,315.00424823141634
0.09,0.05,36923.07692307692,316.3348902083486
0.11,0.05,36923.07692307692,317.43650227853635
0.13,0.05,36923.07692307692,318.3150436228547
0.15,0.05,36923.07692307692,318.97304908686647
0.17,0.05,36923.07692307692,319.4114838628113
0.19,0.05,36923.07692307692,319.6306616662348
0.21,0.05,36923.07692307692,319.6306616662348
0.23,0.05,36923.07692307692,319.4114838628113
0.25,0.05,36923.07692307692,318.9730490868664
0.27,0.05,36923.07692307692,318.31504362285466
0.29,0.05,36923.07692307692,317.4365022785363
0.31,0.05,36923.07692307692,316.3348902083485
0.33,0.05,36923.07692307692,315.0042482314163
0.35,0.05,36923.07692307692,313.4316689013256
0.37,0.05,36923.07692307692,311.5909782777691
0.39,0.05,36923.07692307692,309.4323125309464
0.01,0.07,36923.07692307692,309.7641898209223
0.03,0.07,36923.07692307692,312.5668382878514
0.05,0.07,36923.07692307692,315.00424823141634
0.07,0.07,36923.07692307692,317.11118763116167
0.09,0.07,36923.07692307692,318.9061189820411
0.11,0.07,36923.07692307692,320.3979191270621
0.13,0.07,36923.07692307692,321.5903120517153
0.15,0.07,36923.07692307692,322.48453274815625
0.17,0.07,36923.07692307692,323.0807859792338
0.19,0.07,36923.07692307692,323.3789657407545
0.21,0.07,36923.07692307692,323.3789657407545
0.23,0.07,36923.07692307692,323.0807859792338
0.25,0.07,36923.07692307692,322.4845327481562
0.27,0.07,36923.07692307692,321.5903120517152
0.29,0.07,36923.07692307692,320.3979191270621
0.31,0.07,36923.07692307692,318.90611898204105
0.33,0.07,36923.07692307692,317.1111876311616
0.35,0.07,36923.07692307692,315.0042482314163
0.37,0.07,36923.07692307692,312.5668382878514
0.39,0.07,36923.07692307692,309.7641898209223
0.01,0.09,36923.07692307692,310.0411952467001
0.03,0.09,36923.07692307692,313.38654508353085
0.05,0.09,36923.07692307692,316.3348902083486
0.07,0.09,36923.07692307692,318.9061189820411
0.09,0.09,36923.07692307692,321.1089966935257
0.11,0.09,36923.07692307692,322.94633550522326
0.13,0.09,36923.07692307692,324.4181269975868
0.15,0.09,36923.07692307692,325.52334227985887
0.17,0.09,36923.07692307692,326.2608530398046
0.19,0.09,36923.07692307692,326.62982206580523
0.21,0.09,36923.07692307692,326.62982206580523
0.23,0.09,36923.07692307692,326.26085303980454
0.25,0.09,36923.07692307692,325.52334227985887
0.27,0.09,36923.07692307692,324.41812699758674
0.29,0.09,36923.07692307692,322.94633550522315
0.31,0.09,36923.07692307692,321.1089966935256
0.33,0.09,36923.07692307692,318.90611898204105
0.35,0.09,36923.07692307692,316.3348902083485
0.37,0.09,36923.07692307692,313.38654508353085
0.39,0.09,36923.07692307692,310.0411952467001
0.01,0.11,36923.07692307692,310.2690696116205
0.03,0.11,36923.07692307692,314.0626360137157
0.05,0.11,36923.07692307692,317.4365022785363
0.07,0.11,36923.07692307692,320.3979191270621
0.09,0.11,36923.07692307692,322.94633550522326
0.11,0.11,36923.07692307692,325.07814073358327
0.13,0.11,36923.07692307692,326.7890880133052
0.15,0.11,36923.07692307692,328.0754550539931
0.17,0.11,36923.07692307692,328.9344787628444
0.19,0.11,36923.07692307692,329.36440739198383
0.21,0.11,36923.07692307692,329.36440739198383
0.23,0.11,36923.07692307692,328.9344787628443
0.25,0.11,36923.07692307692,328.075455053993
0.27,0.11,36923.07692307692,326.78908801330505
0.29,0.11,36923.07692307692,325.07814073358315
0.31,0.11,36923.07692307692,322.94633550522315
0.33,0.11,36923.07692307692,320.3979191270621
0.35,0.11,36923.07692307692,317.4365022785363
0.37,0.11,36923.07692307692,314.06263601371563
0.39,0.11,36923.07692307692,310.26906961162047
0.01,0.13,36923.07692307692,310.45023439694535
0.03,0.13,36923.07692307692,314.60077138356746
0.05,0.13,36923.07692307692,318.31504362285466
0.07,0.13,36923.07692307692,321.5903120517153
0.09,0.13,36923.07692307692,324.4181269975868
0.11,0.13,36923.07692307692,326.7890880133051
0.13,0.13,36923.07692307692,328.6949346788384
0.15,0.13,36923.07692307692,330.1292956787989
0.17,0.13,36923.07692307692,331.087753626219
0.19,0.13,36923.07692307692,331.56761198474686
0.21,0.13,36923.07692307692,331.56761198474686
0.23,0.13,36923.07692307692,331.08775362621896
0.25,0.13,36923.07692307692,330.1292956787988
0.27,0.13,36923.07692307692,328.69493467883825
0.29,0.13,36923.07692307692,326.789088013305
0.31,0.13,36923.07692307692,324.41812699758674
0.33,0.13,36923.07692307692,321.5903120517152
0.35,0.13,36923.07692307692,318.31504362285466
0.37,0.13,36923.07692307692,314.60077138356746
0.39,0.13,36923.07692307692,310.45023439694535
0.01,0.15,36923.07692307692,310.5857089367336
0.03,0.15,36923.07692307692,315.0034057252201
0.05,0.15,36923.07692307692,318.97304908686647
0.07,0.15,36923.07692307692,322.4845327481564
0.09,0.15,36923.07692307692,325.5233422798589
0.11,0.15,36923.07692307692,328.0754550539931
0.13,0.15,36923.07692307692,330.1292956787989
0.15,0.15,36923.07692307692,331.6762425179656
0.17,0.15,36923.07692307692,332.71044092074123
0.19,0.15,36923.07692307692,333.2283594513411
0.21,0.15,36923.07692307692,333.2283594513411
0.23,0.15,36923.07692307692,332.7104409207412
0.25,0.15,36923.07692307692,331.6762425179655
0.27,0.15,36923.07692307692,330.1292956787987
0.29,0.15,36923.07692307692,328.075455053993
0.31,0.15,36923.07692307692,325.5233422798588
0.33,0.15,36923.07692307692,322.48453274815625
0.35,0.15,36923.07692307692,318.97304908686647
0.37,0.15,36923.07692307692,315.0034057252201
0.39,0.15,36923.07692307692,310.5857089367336
0.01,0.17,36923.07692307692,310.67590569242304
0.03,0.17,36923.07692307692,315.2715402081138
0.05,0.17,36923.07692307692,319.4114838628113
0.07,0.17,36923.07692307692,323.0807859792339
0.09,0.17,36923.07692307692,326.26085303980466
0.11,0.17,36923.07692307692,328.9344787628444
0.13,0.17,36923.07692307692,331.087753626219
0.15,0.17,36923.07692307692,332.7104409207413
0.17,0.17,36923.07692307692,333.7956380037599
0.19,0.17,36923.07692307692,334.33919718927524
0.21,0.17,36923.07692307692,334.33919718927524
0.23,0.17,36923.07692307692,333.79563800375973
0.25,0.17,36923.07692307692,332.7104409207411
0.27,0.17,36923.07692307692,331.0877536262189
0.29,0.17,36923.07692307692,328.93447876284426
0.31,0.17,36923.07692307692,326.26085303980454
0.33,0.17,36923.07692307692,323.0807859792338
0.35,0.17,36923.07692307692,319.4114838628113
0.37,0.17,36923.07692307692,315.27154020811383
0.39,0.17,36923.07692307692,310.6759056924232
0.01,0.19,36923.07692307692,310.7209795084891
0.03,0.19,36923.07692307692,315.405548798314
0.05,0.19,36923.07692307692,319.6306616662348
0.07,0.19,36923.07692307692,323.3789657407546
0.09,0.19,36923.07692307692,326.62982206580534
0.11,0.19,36923.07692307692,329.3644073919839
0.13,0.19,36923.07692307692,331.5676119847469
0.15,0.19,36923.07692307692,333.2283594513412
0.17,0.19,36923.07692307692,334.3391971892753
0.19,0.19,36923.07692307692,334.8956517575808
0.21,0.19,36923.07692307692,334.8956517575808
0.23,0.19,36923.07692307692,334.33919718927524
0.25,0.19,36923.07692307692,333.228359451341
0.27,0.19,36923.07692307692,331.5676119847468
0.29,0.19,36923.07692307692,329.3644073919838
0.31,0.19,36923.07692307692,326.62982206580523
0.33,0.19,36923.07692307692,323.3789657407545
0.35,0.19,36923.07692307692,319.6306616662348
0.37,0.19,36923.07692307692,315.405548798314
0.39,0.19,36923.07692307692,310.7209795084891
0.01,0.21,36923.07692307692,310.7209795084891
0.03,0.21,36923.07692307692,315.405548798314
0.05,0.21,36923.07692307692,319.6306616662348
0.07,0.21,36923.07692307692,323.3789657407546
0.09,0.21,36923.07692307692,326.62982206580534
0.11,0.21,36923.07692307692,329.3644073919839
0.13,0.21,36923.07692307692,331.5676119847469
0.15,0.21,36923.07692307692,333.2283594513412
0.17,0.21,36923.07692307692,334.3391971892753
0.19,0.21,36923.07692307692,334.8956517575808
0.21,0.21,36923.07692307692,334.8956517575808
0.23,0.21,36923.07692307692,334.3391971892752
0.25,0.21,36923.07692307692,333.228359451341
0.27,0.21,36923.07692307692,331.56761198474675
0.29,0.21,36923.07692307692,329.3644073919838
0.31,0.21,36923.07692307692,326.62982206580523
0.33,0.21,36923.07692307692,323.3789657407545
0.35,0.21,36923.07692307692,319.6306616662348
0.37,0.21,36923.07692307692,315.405548798314
0.39,0.21,36923.07692307692,310.7209795084892
0.01,0.23,36923.07692307692,310.67590569242304
0.03,0.23,36923.07692307692,315.2715402081138
0.05,0.23,36923.07692307692,319.4114838628113
0.07,0.23,36923.07692307692,323.08078597923384
0.09,0.23,36923.07692307692,326.2608530398046
0.11,0.23,36923.07692307692,328.9344787628444
0.13,0.23,36923.07692307692,331.087753626219
0.15,0.23,36923.07692307692,332.71044092074123
0.17,0.23,36923.07692307692,333.79563800375985
0.19,0.23,36923.07692307692,334.33919718927524
0.21,0.23,36923.07692307692,334.3391971892752
0.23,0.23,36923.07692307692,333.79563800375973
0.25,0.23,36923.07692307692,332.71044092074106
0.27,0.23,36923.07692307692,331.08775362621884
0.29,0.23,36923.07692307692,328.93447876284426
0.31,0.23,36923.07692307692,326.26085303980454
0.33,0.23,36923.07692307692,323.0807859792338
0.35,0.23,36923.07692307692,319.4114838628112
0.37,0.23,36923.07692307692,315.2715402081138
0.39,0.23,36923.07692307692,310.6759056924232
0.01,0.25,36923.07692307692,310.5857089367336
0.03,0.25,36923.07692307692,315.00340572522003
0.05,0.25,36923.07692307692,318.9730490868664
0.07,0.25,36923.07692307692,322.48453274815625
0.09,0.25,36923.07692307692,325.52334227985887
0.11,0.25,36923.07692307692,328.07545505399304
0.13,0.25,36923.07692307692,330.1292956787988
0.15,0.25,36923.07692307692,331.6762425179655
0.17,0.25,36923.07692307692,332.7104409207412
0.19,0.25,36923.07692307692,333.228359451341
0.21,0.25,36923.07692307692,333.228359451341
0.23,0.25,36923.07692307692,332.7104409207411
0.25,0.25,36923.07692307692,331.6762425179654
0.27,0.25,36923.07692307692,330.1292956787987
0.29,0.25,36923.07692307692,328.075455053993
0.31,0.25,36923.07692307692,325.5233422798588
0.33,0.25,36923.07692307692,322.48453274815625
0.35,0.25,36923.07692307692,318.9730490868664
0.37,0.25,36923.07692307692,315.0034057252201
0.39,0.25,36923.07692307692,310.5857089367336
0.01,0.27,36923.07692307692,310.4502343969453
0.03,0.27,36923.07692307692,314.6007713835674
0.05,0.27,36923.07692307692,318.31504362285466
0.07,0.27,36923.07692307692,321.5903120517152
0.09,0.27,36923.07692307692,324.41812699758674
0.11,0.27,36923.07692307692,326.78908801330505
0.13,0.27,36923.07692307692,328.6949346788383
0.15,0.27,36923.07692307692,330.1292956787987
0.17,0.27,36923.07692307692,331.08775362621896
0.19,0.27,36923.07692307692,331.56761198474686
0.21,0.27,36923.07692307692,331.5676119847468
0.23,0.27,36923.07692307692,331.0877536262189
0.25,0.27,36923.07692307692,330.1292956787987
0.27,0.27,36923.07692307692,328.6949346788383
0.29,0.27,36923.07692307692,326.78908801330505
0.31,0.27,36923.07692307692,324.41812699758674
0.33,0.27,36923.07692307692,321.5903120517152
0.35,0.27,36923.07692307692,318.31504362285466
0.37,0.27,36923.07692307692,314.60077138356746
0.39,0.27,36923.07692307692,310.45023439694535
0.01,0.29,36923.07692307692,310.2690696116204
0.03,0.29,36923.07692307692,314.0626360137156
0.05,0.29,36923.07692307692,317.43650227853624
0.07,0.29,36923.07692307692,320.39791912706204
0.09,0.29,36923.07692307692,322.9463355052231
0.11,0.29,36923.07692307692,325.07814073358315
0.13,0.29,36923.07692307692,326.78908801330505
0.15,0.29,36923.07692307692,328.075455053993
0.17,0.29,36923.07692307692,328.9344787628443
0.19,0.29,36923.07692307692,329.36440739198383
0.21,0.29,36923.07692307692,329.3644073919838
0.23,0.29,36923.07692307692,328.9344787628443
0.25,0.29,36923.07692307692,328.075455053993
0.27,0.29,36923.07692307692,326.789088013305
0.29,0.29,36923.07692307692,325.07814073358315
0.31,0.29,36923.07692307692,322.94633550522315
0.33,0.29,36923.07692307692,320.3979191270621
0.35,0.29,36923.07692307692,317.4365022785363
0.37,0.29,36923.07692307692,314.06263601371563
0.39,0.29,36923.07692307692,310.2690696116204
0.01,0.31,36923.07692307692,310.04119524670006
0.03,0.31,36923.07692307692,313.3865450835308
0.05,0.31,36923.07692307692,316.3348902083485
0.07,0.31,36923.07692307692,318.90611898204105
0.09,0.31,36923.07692307692,321.1089966935256
0.11,0.31,36923.07692307692,322.94633550522315
0.13,0.31,36923.07692307692,324.4181269975867
0.15,0.31,36923.07692307692,325.5233422798588
0.17,0.31,36923.07692307692,326.26085303980454
0.19,0.31,36923.07692307692,326.62982206580523
0.21,0.31,36923.07692307692,326.62982206580523
0.23,0.31,36923.07692307692,326.2608530398046
0.25,0.31,36923.07692307692,325.52334227985887
0.27,0.31,36923.07692307692,324.41812699758674
0.29,0.31,36923.07692307692,322.94633550522315
0.31,0.31,36923.07692307692,321.1089966935256
0.33,0.31,36923.07692307692,318.9061189820411
0.35,0.31,36923.07692307692,316.3348902083486
0.37,0.31,36923.07692307692,313.38654508353085
0.39,0.31,36923.07692307692,310.0411952467001
0.01,0.33,36923.07692307692,309.7641898209223
0.03,0.33,36923.07692307692,312.56683828785134
0.05,0.33,36923.07692307692,315.00424823141634
0.07,0.33,36923.07692307692,317.11118763116167
0.09,0.33,36923.07692307692,318.90611898204105
0.11,0.33,36923.07692307692,320.3979191270621
0.13,0.33,36923.07692307692,321.5903120517152
0.15,0.33,36923.07692307692,322.48453274815625
0.17,0.33,36923.07692307692,323.08078597923384
0.19,0.33,36923.07692307692,323.3789657407545
0.21,0.33,36923.07692307692,323.3789657407545
0.23,0.33,36923.07692307692,323.0807859792338
0.25,0.33,36923.07692307692,322.48453274815625
0.27,0.33,36923.07692307692,321.5903120517152
0.29,0.33,36923.07692307692,320.3979191270621
0.31,0.33,36923.07692307692,318.9061189820411
0.33,0.33,36923.07692307692,317.1111876311617
0.35,0.33,36923.07692307692,315.0042482314164
0.37,0.33,36923.07692307692,312.5668382878514
0.39,0.33,36923.07692307692,309.7641898209223
0.01,0.35,36923.07692307692,309.43231253094643
0.03,0.35,36923.07692307692,311.5909782777692
0.05,0.35,36923.07692307692,313.4316689013256
0.07,0.35,36923.07692307692,315.00424823141634
0.09,0.35,36923.07692307692,316.3348902083485
0.11,0.35,36923.07692307692,317.4365022785363
0.13,0.35,36923.07692307692,318.3150436228546
0.15,0.35,36923.07692307692,318.9730490868664
0.17,0.35,36923.07692307692,319.4114838628112
0.19,0.35,36923.07692307692,319.63066166623474
0.21,0.35,36923.07692307692,319.63066166623474
0.23,0.35,36923.07692307692,319.4114838628113
0.25,0.35,36923.07692307692,318.97304908686647
0.27,0.35,36923.07692307692,318.31504362285466
0.29,0.35,36923.07692307692,317.4365022785363
0.31,0.35,36923.07692307692,316.3348902083486
0.33,0.35,36923.07692307692,315.00424823141634
0.35,0.35,36923.07692307692,313.4316689013256
0.37,0.35,36923.07692307692,311.5909782777691
0.39,0.35,36923.07692307692,309.4323125309464
0.01,0.37,36923.07692307692,309.03130743557074
0.03,0.37,36923.07692307692,310.431815058357
0.05,0.37,36923.07692307692,311.5909782777691
0.07,0.37,36923.07692307692,312.5668382878514
0.09,0.37,36923.07692307692,313.38654508353085
0.11,0.37,36923.07692307692,314.06263601371563
0.13,0.37,36923.07692307692,314.6007713835674
0.15,0.37,36923.07692307692,315.00340572522003
0.17,0.37,36923.07692307692,315.27154020811383
0.19,0.37,36923.07692307692,315.405548798314
0.21,0.37,36923.07692307692,315.405548798314
0.23,0.37,36923.07692307692,315.2715402081138
0.25,0.37,36923.07692307692,315.0034057252201
0.27,0.37,36923.07692307692,314.60077138356746
0.29,0.37,36923.07692307692,314.06263601371563
0.31,0.37,36923.07692307692,313.38654508353085
0.33,0.37,36923.07692307692,312.5668382878514
0.35,0.37,36923.07692307692,311.5909782777692
0.37,0.37,36923.07692307692,310.431815058357
0.39,0.37,36923.07692307692,309.0313074355707
0.01,0.39,36923.07692307692,308.52189532551523
0.03,0.39,36923.07692307692,309.03130743557074
0.05,0.39,36923.07692307692,309.4323125309464
0.07,0.39,36923.07692307692,309.7641898209223
0.09,0.39,36923.07692307692,310.04119524670006
0.11,0.39,36923.07692307692,310.2690696116204
0.13,0.39,36923.07692307692,310.4502343969453
0.15,0.39,36923.07692307692,310.5857089367336
0.17,0.39,36923.07692307692,310.6759056924232
0.19,0.39,36923.07692307692,310.7209795084892
0.21,0.39,36923.07692307692,310.7209795084891
0.23,0.39,36923.07692307692,310.6759056924231
0.25,0.39,36923.07692307692,310.5857089367336
0.27,0.39,36923.07692307692,310.45023439694535
0.29,0.39,36923.07692307692,310.2690696116204
0.31,0.39,36923.07692307692,310.0411952467001
0.33,0.39,36923.07692307692,309.76418982092235
0.35,0.39,36923.07692307692,309.43231253094643
0.37,0.39,36923.07692307692,309.0313074355707
0.39,0.39,36923.07692307692,308.5218953255152
0.01,0.01,38769.23076923077,308.4974467073294
0.03,0.01,38769.23076923077,308.97257071897616
0.05,0.01,38769.23076923077,309.3463987540649
0.07,0.01,38769.23076923077,309.6559143889725
0.09,0.01,38769.23076923077,309.9145101961738
0.11,0.01,38769.23076923077,310.1275088046253
0.13,0.01,38769.23076923077,310.2970698072448
0.15,0.01,38769.23076923077,310.4240186115432
0.17,0.01,38769.23076923077,310.5086189315014
0.19,0.01,38769.23076923077,310.5509215552614
0.21,0.01,38769.23076923077,310.5509215552614
0.23,0.01,38769.23076923077,310.5086189315014
0.25,0.01,38769.23076923077,310.42401861154326
0.27,0.01,38769.23076923077,310.2970698072448
0.29,0.01,38769.23076923077,310.1275088046253
0.31,0.01,38769.23076923077,309.9145101961737
0.33,0.01,38769.23076923077,309.6559143889725
0.35,0.01,38769.23076923077,309.3463987540649
0.37,0.01,38769.23076923077,308.97257071897616
0.39,0.01,38769.23076923077,308.49744670732935
0.01,0.03,38769.23076923077,308.97257071897616
0.03,0.03,38769.23076923077,310.27842984670394
0.05,0.03,38769.23076923077,311.3590992476472
0.07,0.03,38769.23076923077,312.2694089203862
0.09,0.03,38769.23076923077,313.03486980632897
0.11,0.03,38769.23076923077,313.66704371053623
0.13,0.03,38769.23076923077,314.1708978449244
0.15,0.03,38769.23076923077,314.54833904150934
0.17,0.03,38769.23076923077,314.7999358035473
0.19,0.03,38769.23076923077,314.9257555602178
0.21,0.03,38769.23076923077,314.9257555602178
0.23,0.03,38769.23076923077,314.7999358035473
0.25,0.03,38769.23076923077,314.54833904150934
0.27,0.03,38769.23076923077,314.1708978449244
0.29,0.03,38769.23076923077,313.6670437105362
0.31,0.03,38769.23076923077,313.0348698063289
0.33,0.03,38769.23076923077,312.2694089203861
0.35,0.03,38769.23076923077,311.3590992476472
0.37,0.03,38769.23076923077,310.2784298467039
0.39,0.03,38769.23076923077,308.9725707189761
0.01,0.05,38769.23076923077,309.3463987540649
0.03,0.05,38769.23076923077,311.3590992476472
0.05,0.05,38769.23076923077,313.0755061290619
0.07,0.05,38769.23076923077,314.54298601180653
0.09,0.05,38769.23076923077,315.78613262920413
0.11,0.05,38769.23076923077,316.8167059712615
0.13,0.05,38769.23076923077,317.63971928981573
0.15,0.05,38769.23076923077,318.25689173515315
0.17,0.05,38769.23076923077,318.6685149881322
0.19,0.05,38769.23076923077,318.8744154429422
0.21,0.05,38769.23076923077,318.8744154429422
0.23,0.05,38769.23076923077,318.66851498813213
0.25,0.05,38769.23076923077,318.25689173515315
0.27,0.05,38769.23076923077,317.6397192898157
0.29,0.05,38769.23076923077,316.81670597126146
0.31,0.05,38769.23076923077,315.786132629204
0.33,0.05,38769.23076923077,314.54298601180653
0.35,0.05,38769.23076923077,313.07550612906186
0.37,0.05,38769.23076923077,311.3590992476472
0.39,0.05,38769.23076923077,309.34639875406486
0.01,0.07,38769.23076923077,309.65591438897246
0.03,0.07,38769.23076923077,312.2694089203862
0.05,0.07,38769.23076923077,314.54298601180653
0.07,0.07,38769.23076923077,316.51001277191654
0.09,0.07,38769.23076923077,318.1878235866315
0.11,0.07,38769.23076923077,319.5842423052744
0.13,0.07,38769.23076923077,320.701956302314
0.15,0.07,38769.23076923077,321.5412133449533
0.17,0.07,38769.23076923077,322.10136094315067
0.19,0.07,38769.23076923077,322.3816573194129
0.21,0.07,38769.23076923077,322.3816573194129
0.23,0.07,38769.23076923077,322.1013609431506
0.25,0.07,38769.23076923077,321.54121334495323
0.27,0.07,38769.23076923077,320.7019563023139
0.29,0.07,38769.23076923077,319.5842423052744
0.31,0.07,38769.23076923077,318.18782358663145
0.33,0.07,38769.23076923077,316.5100127719165
0.35,0.07,38769.23076923077,314.5429860118065
0.37,0.07,38769.23076923077,312.2694089203861
0.39,0.07,38769.23076923077,309.65591438897246
0.01,0.09,38769.23076923077,309.9145101961737
0.03,0.09,38769.23076923077,313.0348698063289
0.05,0.09,38769.23076923077,315.78613262920413
0.07,0.09,38769.23076923077,318.1878235866315
0.09,0.09,38769.23076923077,320.24813590251864
0.11,0.09,38769.23076923077,321.96905063910305
0.13,0.09,38769.23076923077,323.3495388148806
0.15,0.09,38769.23076923077,324.3874920217153
0.17,0.09,38769.23076923077,325.08079589525914
0.19,0.09,38769.23076923077,325.42786356720046
0.21,0.09,38769.23076923077,325.4278635672005
0.23,0.09,38769.23076923077,325.0807958952591
0.25,0.09,38769.23076923077,324.3874920217153
0.27,0.09,38769.23076923077,323.3495388148806
0.29,0.09,38769.23076923077,321.96905063910305
0.31,0.09,38769.23076923077,320.2481359025186
0.33,0.09,38769.23076923077,318.18782358663145
0.35,0.09,38769.23076923077,315.786132629204
0.37,0.09,38769.23076923077,313.0348698063289
0.39,0.09,38769.23076923077,309.9145101961738
0.01,0.11,38769.23076923077,310.1275088046253
0.03,0.11,38769.23076923077,313.66704371053623
0.05,0.11,38769.23076923077,316.8167059712615
0.07,0.11,38769.23076923077,319.5842423052744
0.09,0.11,38769.23076923077,321.96905063910305
0.11,0.11,38769.23076923077,323.96694262585646
0.13,0.11,38769.23076923077,325.5727201273278
0.15,0.11,38769.23076923077,326.78154243462194
0.17,0.11,38769.23076923077,327.5895758598099
0.19,0.11,38769.23076923077,327.9942361406271
0.21,0.11,38769.23076923077,327.9942361406271
0.23,0.11,38769.23076923077,327.5895758598098
0.25,0.11,38769.23076923077,326.78154243462194
0.27,0.11,38769.23076923077,325.5727201273277
0.29,0.11,38769.23076923077,323.9669426258564
0.31,0.11,38769.23076923077,321.96905063910305
0.33,0.11,38769.23076923077,319.5842423052744
0.35,0.11,38769.23076923077,316.81670597126146
0.37,0.11,38769.23076923077,313.6670437105362
0.39,0.11,38769.23076923077,310.1275088046253
0.01,0.13,38769.23076923077,310.2970698072448
0.03,0.13,38769.23076923077,314.17089784492447
0.05,0.13,38769.23076923077,317.6397192898158
0.07,0.13,38769.23076923077,320.701956302314
0.09,0.13,38769.23076923077,323.34953881488065
0.11,0.13,38769.23076923077,325.5727201273278
0.13,0.13,38769.23076923077,327.3623726241899
0.15,0.13,38769.23076923077,328.71099787594824
0.17,0.13,38769.23076923077,329.61305521118123
0.19,0.13,38769.23076923077,330.06495790775824
0.21,0.13,38769.23076923077,330.06495790775824
0.23,0.13,38769.23076923077,329.6130552111812
0.25,0.13,38769.23076923077,328.7109978759481
0.27,0.13,38769.23076923077,327.3623726241898
0.29,0.13,38769.23076923077,325.5727201273277
0.31,0.13,38769.23076923077,323.3495388148806
0.33,0.13,38769.23076923077,320.7019563023139
0.35,0.13,38769.23076923077,317.63971928981573
0.37,0.13,38769.23076923077,314.1708978449244
0.39,0.13,38769.23076923077,310.2970698072448
0.01,0.15,38769.23076923077,310.42401861154326
0.03,0.15,38769.23076923077,314.5483390415094
0.05,0.15,38769.23076923077,318.2568917351532
0.07,0.15,38769.23076923077,321.5412133449533
0.09,0.15,38769.23076923077,324.38749202171533
0.11,0.15,38769.23076923077,326.781542434622
0.13,0.15,38769.23076923077,328.71099787594824
0.15,0.15,38769.23076923077,330.16611437427326
0.17,0.15,38769.23076923077,331.13988270339394
0.19,0.15,38769.23076923077,331.62784305364016
0.21,0.15,38769.23076923077,331.62784305364016
0.23,0.15,38769.23076923077,331.1398827033939
0.25,0.15,38769.23076923077,330.16611437427315
0.27,0.15,38769.23076923077,328.71099787594807
0.29,0.15,38769.23076923077,326.7815424346218
0.31,0.15,38769.23076923077,324.3874920217152
0.33,0.15,38769.23076923077,321.54121334495323
0.35,0.15,38769.23076923077,318.25689173515315
0.37,0.15,38769.23076923077,314.54833904150934
0.39,0.15,38769.23076923077,310.4240186115432
0.01,0.17,38769.23076923077,310.5086189315014
0.03,0.17,38769.23076923077,314.7999358035474
0.05,0.17,38769.23076923077,318.6685149881322
0.07,0.17,38769.23076923077,322.1013609431507
0.09,0.17,38769.23076923077,325.0807958952592
0.11,0.17,38769.23076923077,327.58957585980994
0.13,0.17,38769.23076923077,329.61305521118123
0.15,0.17,38769.23076923077,331.139882703394
0.17,0.17,38769.23076923077,332.16198387066987
0.19,0.17,38769.23076923077,332.67425953528056
0.21,0.17,38769.23076923077,332.67425953528056
0.23,0.17,38769.23076923077,332.16198387066987
0.25,0.17,38769.23076923077,331.1398827033939
0.27,0.17,38769.23076923077,329.6130552111812
0.29,0.17,38769.23076923077,327.58957585980977
0.31,0.17,38769.23076923077,325.0807958952591
0.33,0.17,38769.23076923077,322.1013609431506
0.35,0.17,38769.23076923077,318.6685149881322
0.37,0.17,38769.23076923077,314.7999358035473
0.39,0.17,38769.23076923077,310.50861893150136
0.01,0.19,38769.23076923077,310.5509215552614
0.03,0.19,38769.23076923077,314.9257555602178
0.05,0.19,38769.23076923077,318.8744154429422
0.07,0.19,38769.23076923077,322.3816573194129
0.09,0.19,38769.23076923077,325.4278635672006
0.11,0.19,38769.23076923077,327.9942361406272
0.13,0.19,38769.23076923077,330.06495790775824
0.15,0.19,38769.23076923077,331.62784305364016
0.17,0.19,38769.23076923077,332.6742595352805
0.19,0.19,38769.23076923077,333.19877153705755
0.21,0.19,38769.23076923077,333.19877153705755
0.23,0.19,38769.23076923077,332.6742595352805
0.25,0.19,38769.23076923077,331.6278430536401
0.27,0.19,38769.23076923077,330.0649579077582
0.29,0.19,38769.23076923077,327.99423614062704
0.31,0.19,38769.23076923077,325.4278635672004
0.33,0.19,38769.23076923077,322.3816573194128
0.35,0.19,38769.23076923077,318.8744154429422
0.37,0.19,38769.23076923077,314.9257555602178
0.39,0.19,38769.23076923077,310.5509215552614
0.01,0.21,38769.23076923077,310.5509215552614
0.03,0.21,38769.23076923077,314.9257555602178
0.05,0.21,38769.23076923077,318.8744154429422
0.07,0.21,38769.23076923077,322.3816573194129
0.09,0.21,38769.23076923077,325.4278635672006
0.11,0.21,38769.23076923077,327.9942361406272
0.13,0.21,38769.23076923077,330.06495790775824
0.15,0.21,38769.23076923077,331.62784305364016
0.17,0.21,38769.23076923077,332.6742595352805
0.19,0.21,38769.23076923077,333.19877153705755
0.21,0.21,38769.23076923077,333.19877153705755
0.23,0.21,38769.23076923077,332.6742595352805
0.25,0.21,38769.23076923077,331.62784305364005
0.27,0.21,38769.23076923077,330.0649579077581
0.29,0.21,38769.23076923077,327.99423614062704
0.31,0.21,38769.23076923077,325.4278635672004
0.33,0.21,38769.23076923077,322.3816573194128
0.35,0.21,38769.23076923077,318.87441544294217
0.37,0.21,38769.23076923077,314.9257555602178
0.39,0.21,38769.23076923077,310.5509215552614
0.01,0.23,38769.23076923077,310.50861893150136
0.03,0.23,38769.23076923077,314.7999358035474
0.05,0.23,38769.23076923077,318.6685149881322
0.07,0.23,38769.23076923077,322.10136094315067
0.09,0.23,38769.23076923077,325.08079589525914
0.11,0.23,38769.23076923077,327.58957585980994
0.13,0.23,38769.23076923077,329.6130552111812
0.15,0.23,38769.23076923077,331.13988270339394
0.17,0.23,38769.23076923077,332.16198387066987
0.19,0.23,38769.23076923077,332.67425953528056
0.21,0.23,38769.23076923077,332.67425953528056
0.23,0.23,38769.23076923077,332.1619838706698
0.25,0.23,38769.23076923077,331.1398827033939
0.27,0.23,38769.23076923077,329.6130552111811
0.29,0.23,38769.23076923077,327.5895758598098
0.31,0.23,38769.23076923077,325.0807958952591
0.33,0.23,38769.23076923077,322.1013609431506
0.35,0.23,38769.23076923077,318.66851498813213
0.37,0.23,38769.23076923077,314.7999358035473
0.39,0.23,38769.23076923077,310.50861893150136
0.01,0.25,38769.23076923077,310.4240186115432
0.03,0.25,38769.23076923077,314.54833904150934
0.05,0.25,38769.23076923077,318.2568917351531
0.07,0.25,38769.23076923077,321.54121334495323
0.09,0.25,38769.23076923077,324.38749202171533
0.11,0.25,38769.23076923077,326.781542434622
0.13,0.25,38769.23076923077,328.7109978759482
0.15,0.25,38769.23076923077,330.1661143742732
0.17,0.25,38769.23076923077,331.139882703394
0.19,0.25,38769.23076923077,331.62784305364016
0.21,0.25,38769.23076923077,331.62784305364016
0.23,0.25,38769.23076923077,331.1398827033939
0.25,0.25,38769.23076923077,330.1661143742732
0.27,0.25,38769.23076923077,328.7109978759481
0.29,0.25,38769.23076923077,326.7815424346219
0.31,0.25,38769.23076923077,324.3874920217153
0.33,0.25,38769.23076923077,321.54121334495323
0.35,0.25,38769.23076923077,318.25689173515315
0.37,0.25,38769.23076923077,314.54833904150934
0.39,0.25,38769.23076923077,310.4240186115432
0.01,0.27,38769.23076923077,310.2970698072448
0.03,0.27,38769.23076923077,314.1708978449244
0.05,0.27,38769.23076923077,317.6397192898157
0.07,0.27,38769.23076923077,320.7019563023138
0.09,0.27,38769.23076923077,323.3495388148806
0.11,0.27,38769.23076923077,325.5727201273278
0.13,0.27,38769.23076923077,327.36237262418985
0.15,0.27,38769.23076923077,328.7109978759482
0.17,0.27,38769.23076923077,329.61305521118123
0.19,0.27,38769.23076923077,330.06495790775824
0.21,0.27,38769.23076923077,330.06495790775824
0.23,0.27,38769.23076923077,329.6130552111812
0.25,0.27,38769.23076923077,328.7109978759482
0.27,0.27,38769.23076923077,327.3623726241898
0.29,0.27,38769.23076923077,325.5727201273277
0.31,0.27,38769.23076923077,323.34953881488065
0.33,0.27,38769.23076923077,320.7019563023139
0.35,0.27,38769.23076923077,317.63971928981573
0.37,0.27,38769.23076923077,314.17089784492447
0.39,0.27,38769.23076923077,310.2970698072448
0.01,0.29,38769.23076923077,310.1275088046253
0.03,0.29,38769.23076923077,313.6670437105361
0.05,0.29,38769.23076923077,316.8167059712614
0.07,0.29,38769.23076923077,319.5842423052743
0.09,0.29,38769.23076923077,321.969050639103
0.11,0.29,38769.23076923077,323.9669426258564
0.13,0.29,38769.23076923077,325.5727201273277
0.15,0.29,38769.23076923077,326.78154243462194
0.17,0.29,38769.23076923077,327.5895758598099
0.19,0.29,38769.23076923077,327.99423614062715
0.21,0.29,38769.23076923077,327.99423614062715
0.23,0.29,38769.23076923077,327.58957585980994
0.25,0.29,38769.23076923077,326.781542434622
0.27,0.29,38769.23076923077,325.5727201273277
0.29,0.29,38769.23076923077,323.96694262585646
0.31,0.29,38769.23076923077,321.9690506391031
0.33,0.29,38769.23076923077,319.5842423052744
0.35,0.29,38769.23076923077,316.8167059712615
0.37,0.29,38769.23076923077,313.66704371053623
0.39,0.29,38769.23076923077,310.1275088046253
0.01,0.31,38769.23076923077,309.9145101961737
0.03,0.31,38769.23076923077,313.03486980632886
0.05,0.31,38769.23076923077,315.786132629204
0.07,0.31,38769.23076923077,318.18782358663145
0.09,0.31,38769.23076923077,320.2481359025186
0.11,0.31,38769.23076923077,321.96905063910305
0.13,0.31,38769.23076923077,323.3495388148806
0.15,0.31,38769.23076923077,324.3874920217153
0.17,0.31,38769.23076923077,325.08079589525914
0.19,0.31,38769.23076923077,325.4278635672005
0.21,0.31,38769.23076923077,325.4278635672005
0.23,0.31,38769.23076923077,325.08079589525914
0.25,0.31,38769.23076923077,324.38749202171533
0.27,0.31,38769.23076923077,323.34953881488065
0.29,0.31,38769.23076923077,321.9690506391031
0.31,0.31,38769.23076923077,320.24813590251864
0.33,0.31,38769.23076923077,318.1878235866315
0.35,0.31,38769.23076923077,315.78613262920413
0.37,0.31,38769.23076923077,313.03486980632897
0.39,0.31,38769.23076923077,309.9145101961738
0.01,0.33,38769.23076923077,309.65591438897246
0.03,0.33,38769.23076923077,312.26940892038607
0.05,0.33,38769.23076923077,314.5429860118065
0.07,0.33,38769.23076923077,316.5100127719164
0.09,0.33,38769.23076923077,318.18782358663145
0.11,0.33,38769.23076923077,319.5842423052744
0.13,0.33,38769.23076923077,320.7019563023139
0.15,0.33,38769.23076923077,321.54121334495323
0.17,0.33,38769.23076923077,322.10136094315067
0.19,0.33,38769.23076923077,322.3816573194129
0.21,0.33,38769.23076923077,322.3816573194129
0.23,0.33,38769.23076923077,322.1013609431507
0.25,0.33,38769.23076923077,321.5412133449533
0.27,0.33,38769.23076923077,320.701956302314
0.29,0.33,38769.23076923077,319.5842423052744
0.31,0.33,38769.23076923077,318.1878235866315
0.33,0.33,38769.23076923077,316.5100127719165
0.35,0.33,38769.23076923077,314.54298601180653
0.37,0.33,38769.23076923077,312.2694089203862
0.39,0.33,38769.23076923077,309.6559143889725
0.01,0.35,38769.23076923077,309.3463987540649
0.03,0.35,38769.23076923077,311.3590992476471
0.05,0.35,38769.23076923077,313.07550612906186
0.07,0.35,38769.23076923077,314.5429860118065
0.09,0.35,38769.23076923077,315.7861326292041
0.11,0.35,38769.23076923077,316.81670597126146
0.13,0.35,38769.23076923077,317.6397192898157
0.15,0.35,38769.23076923077,318.2568917351531
0.17,0.35,38769.23076923077,318.6685149881322
0.19,0.35,38769.23076923077,318.8744154429422
0.21,0.35,38769.23076923077,318.8744154429422
0.23,0.35,38769.23076923077,318.6685149881322
0.25,0.35,38769.23076923077,318.25689173515315
0.27,0.35,38769.23076923077,317.63971928981573
0.29,0.35,38769.23076923077,316.8167059712615
0.31,0.35,38769.23076923077,315.78613262920413
0.33,0.35,38769.23076923077,314.54298601180653
0.35,0.35,38769.23076923077,313.0755061290619
0.37,0.35,38769.23076923077,311.3590992476472
0.39,0.35,38769.23076923077,309.34639875406486
0.01,0.37,38769.23076923077,308.9725707189761
0.03,0.37,38769.23076923077,310.2784298467039
0.05,0.37,38769.23076923077,311.3590992476472
0.07,0.37,38769.23076923077,312.2694089203861
0.09,0.37,38769.23076923077,313.0348698063289
0.11,0.37,38769.23076923077,313.6670437105362
0.13,0.37,38769.23076923077,314.1708978449244
0.15,0.37,38769.23076923077,314.5483390415093
0.17,0.37,38769.23076923077,314.7999358035473
0.19,0.37,38769.23076923077,314.9257555602178
0.21,0.37,38769.23076923077,314.9257555602178
0.23,0.37,38769.23076923077,314.7999358035474
0.25,0.37,38769.23076923077,314.54833904150934
0.27,0.37,38769.23076923077,314.17089784492447
0.29,0.37,38769.23076923077,313.66704371053623
0.31,0.37,38769.23076923077,313.0348698063289
0.33,0.37,38769.23076923077,312.2694089203861
0.35,0.37,38769.23076923077,311.3590992476472
0.37,0.37,38769.23076923077,310.2784298467039
0.39,0.37,38769.23076923077,308.97257071897604
0.01,0.39,38769.23076923077,308.49744670732935
0.03,0.39,38769.23076923077,308.9725707189761
0.05,0.39,38769.23076923077,309.3463987540649
0.07,0.39,38769.23076923077,309.65591438897246
0.09,0.39,38769.23076923077,309.9145101961737
0.11,0.39,38769.23076923077,310.1275088046252
0.13,0.39,38769.23076923077,310.2970698072448
0.15,0.39,38769.23076923077,310.42401861154326
0.17,0.39,38769.23076923077,310.50861893150136
0.19,0.39,38769.23076923077,310.5509215552614
0.21,0.39,38769.23076923077,310.5509215552614
0.23,0.39,38769.23076923077,310.5086189315014
0.25,0.39,38769.23076923077,310.4240186115432
0.27,0.39,38769.23076923077,310.2970698072448
0.29,0.39,38769.23076923077,310.1275088046253
0.31,0.39,38769.23076923077,309.9145101961738
0.33,0.39,38769.23076923077,309.65591438897246
0.35,0.39,38769.23076923077,309.34639875406486
0.37,0.39,38769.23076923077,308.97257071897604
0.39,0.39,38769.23076923077,308.49744670732935
0.01,0.01,40615.38461538462,308.4751363841275
0.03,0.01,40615.38461538462,308.9187267312868
0.05,0.01,40615.38461538462,309.2673706922362
0.07,0.01,40615.38461538462,309.5560072706442
0.09,0.01,40615.38461538462,309.7972838934084
0.11,0.01,40615.38461538462,309.9961851074326
0.13,0.01,40615.38461538462,310.1546748899005
0.15,0.01,40615.38461538462,310.27344174218024
0.17,0.01,40615.38461538462,310.3526470500838
0.19,0.01,40615.38461538462,310.3922705882344
0.21,0.01,40615.38461538462,310.3922705882344
0.23,0.01,40615.38461538462,310.3526470500838
0.25,0.01,40615.38461538462,310.27344174218035
0.27,0.01,40615.38461538462,310.15467488990055
0.29,0.01,40615.38461538462,309.9961851074325
0.31,0.01,40615.38461538462,309.79728389340835
0.33,0.01,40615.38461538462,309.5560072706441
0.35,0.01,40615.38461538462,309.26737069223617
0.37,0.01,40615.38461538462,308.9187267312867
0.39,0.01,40615.38461538462,308.47513638412744
0.01,0.03,40615.38461538462,308.9187267312868
0.03,0.03,40615.38461538462,310.13731896447695
0.05,0.03,40615.38461538462,311.1451310786502
0.07,0.03,40615.38461538462,311.9941575260603
0.09,0.03,40615.38461538462,312.7085267338121
0.11,0.03,40615.38461538462,313.2990355932784
0.13,0.03,40615.38461538462,313.77014615059704
0.15,0.03,40615.38461538462,314.1233835954416
0.17,0.03,40615.38461538462,314.3590202613936
0.19,0.03,40615.38461538462,314.4769145636062
0.21,0.03,40615.38461538462,314.4769145636062
0.23,0.03,40615.38461538462,314.35902026139354
0.25,0.03,40615.38461538462,314.1233835954416
0.27,0.03,40615.38461538462,313.770146150597
0.29,0.03,40615.38461538462,313.2990355932784
0.31,0.03,40615.38461538462,312.70852673381205
0.33,0.03,40615.38461538462,311.99415752606023
0.35,0.03,40615.38461538462,311.14513107865014
0.37,0.03,40615.38461538462,310.1373189644769
0.39,0.03,40615.38461538462,308.9187267312867
0.01,0.05,40615.38461538462,309.2673706922362
0.03,0.05,40615.38461538462,311.1451310786502
0.05,0.05,40615.38461538462,312.7459265755973
0.07,0.05,40615.38461538462,314.1149608724829
0.09,0.05,40615.38461538462,315.2755547399098
0.11,0.05,40615.38461538462,316.2386187436332
0.13,0.05,40615.38461538462,317.0085072915106
0.15,0.05,40615.38461538462,317.5863860174203
0.17,0.05,40615.38461538462,317.9720917220252
0.19,0.05,40615.38461538462,318.16512069816537
0.21,0.05,40615.38461538462,318.16512069816537
0.23,0.05,40615.38461538462,317.9720917220252
0.25,0.05,40615.38461538462,317.5863860174203
0.27,0.05,40615.38461538462,317.0085072915106
0.29,0.05,40615.38461538462,316.23861874363314
0.31,0.05,40615.38461538462,315.2755547399098
0.33,0.05,40615.38461538462,314.1149608724829
0.35,0.05,40615.38461538462,312.7459265755972
0.37,0.05,40615.38461538462,311.1451310786502
0.39,0.05,40615.38461538462,309.26737069223617
0.01,0.07,40615.38461538462,309.55600727064416
0.03,0.07,40615.38461538462,311.9941575260603
0.05,0.07,40615.38461538462,314.1149608724829
0.07,0.07,40615.38461538462,315.9506386670397
0.09,0.07,40615.38461538462,317.5177116445813
0.11,0.07,40615.38461538462,318.82330336110647
0.13,0.07,40615.38461538462,319.8694280207389
0.15,0.07,40615.38461538462,320.6556886336954
0.17,0.07,40615.38461538462,321.1808653503176
0.19,0.07,40615.38461538462,321.44379061278363
0.21,0.07,40615.38461538462,321.4437906127837
0.23,0.07,40615.38461538462,321.1808653503176
0.25,0.07,40615.38461538462,320.6556886336954
0.27,0.07,40615.38461538462,319.8694280207389
0.29,0.07,40615.38461538462,318.8233033611065
0.31,0.07,40615.38461538462,317.5177116445813
0.33,0.07,40615.38461538462,315.9506386670397
0.35,0.07,40615.38461538462,314.11496087248287
0.37,0.07,40615.38461538462,311.99415752606023
0.39,0.07,40615.38461538462,309.5560072706441
0.01,0.09,40615.38461538462,309.79728389340835
0.03,0.09,40615.38461538462,312.7085267338121
0.05,0.09,40615.38461538462,315.2755547399098
0.07,0.09,40615.38461538462,317.5177116445813
0.09,0.09,40615.38461538462,319.4429253523588
0.11,0.09,40615.38461538462,321.05273347571773
0.13,0.09,40615.38461538462,322.3455078536475
0.15,0.09,40615.38461538462,323.3184680282401
0.17,0.09,40615.38461538462,323.96886305971174
0.19,0.09,40615.38461538462,324.2946112992757
0.21,0.09,40615.38461538462,324.2946112992757
0.23,0.09,40615.38461538462,323.9688630597118
0.25,0.09,40615.38461538462,323.31846802824015
0.27,0.09,40615.38461538462,322.3455078536475
0.29,0.09,40615.38461538462,321.0527334757178
0.31,0.09,40615.38461538462,319.4429253523588
0.33,0.09,40615.38461538462,317.5177116445813
0.35,0.09,40615.38461538462,315.2755547399097
0.37,0.09,40615.38461538462,312.70852673381205
0.39,0.09,40615.38461538462,309.79728389340835
0.01,0.11,40615.38461538462,309.9961851074326
0.03,0.11,40615.38461538462,313.29903559327846
0.05,0.11,40615.38461538462,316.23861874363325
0.07,0.11,40615.38461538462,318.8233033611065
0.09,0.11,40615.38461538462,321.05273347571773
0.11,0.11,40615.38461538462,322.9225547720605
0.13,0.11,40615.38461538462,324.4270832308917
0.15,0.11,40615.38461538462,325.5608186862236
0.17,0.11,40615.38461538462,326.31925460352534
0.19,0.11,40615.38461538462,326.699265913478
0.21,0.11,40615.38461538462,326.699265913478
0.23,0.11,40615.38461538462,326.31925460352534
0.25,0.11,40615.38461538462,325.5608186862236
0.27,0.11,40615.38461538462,324.4270832308918
0.29,0.11,40615.38461538462,322.9225547720605
0.31,0.11,40615.38461538462,321.05273347571773
0.33,0.11,40615.38461538462,318.82330336110647
0.35,0.11,40615.38461538462,316.23861874363314
0.37,0.11,40615.38461538462,313.2990355932784
0.39,0.11,40615.38461538462,309.9961851074326
0.01,0.13,40615.38461538462,310.15467488990055
0.03,0.13,40615.38461538462,313.77014615059704
0.05,0.13,40615.38461538462,317.0085072915107
0.07,0.13,40615.38461538462,319.8694280207389
0.09,0.13,40615.38461538462,322.3455078536475
0.11,0.13,40615.38461538462,324.4270832308917
0.13,0.13,40615.38461538462,326.10465815696466
0.15,0.13,40615.38461538462,327.3701057527944
0.17,0.13,40615.38461538462,328.21719750462256
0.19,0.13,40615.38461538462,328.6417772065128
0.21,0.13,40615.38461538462,328.6417772065128
0.23,0.13,40615.38461538462,328.2171975046225
0.25,0.13,40615.38461538462,327.3701057527945
0.27,0.13,40615.38461538462,326.10465815696466
0.29,0.13,40615.38461538462,324.4270832308918
0.31,0.13,40615.38461538462,322.3455078536475
0.33,0.13,40615.38461538462,319.8694280207389
0.35,0.13,40615.38461538462,317.0085072915106
0.37,0.13,40615.38461538462,313.77014615059704
0.39,0.13,40615.38461538462,310.15467488990055
0.01,0.15,40615.38461538462,310.2734417421804
0.03,0.15,40615.38461538462,314.1233835954417
0.05,0.15,40615.38461538462,317.58638601742035
0.07,0.15,40615.38461538462,320.65568863369543
0.09,0.15,40615.38461538462,323.31846802824015
0.11,0.15,40615.38461538462,325.5608186862236
0.13,0.15,40615.38461538462,327.3701057527944
0.15,0.15,40615.38461538462,328.7359906874093
0.17,0.15,40615.38461538462,329.65077291033134
0.19,0.15,40615.38461538462,330.109406401058
0.21,0.15,40615.38461538462,330.109406401058
0.23,0.15,40615.38461538462,329.6507729103313
0.25,0.15,40615.38461538462,328.7359906874093
0.27,0.15,40615.38461538462,327.3701057527945
0.29,0.15,40615.38461538462,325.5608186862236
0.31,0.15,40615.38461538462,323.3184680282401
0.33,0.15,40615.38461538462,320.6556886336954
0.35,0.15,40615.38461538462,317.5863860174203
0.37,0.15,40615.38461538462,314.1233835954416
0.39,0.15,40615.38461538462,310.27344174218024
0.01,0.17,40615.38461538462,310.3526470500839
0.03,0.17,40615.38461538462,314.3590202613936
0.05,0.17,40615.38461538462,317.97209172202525
0.07,0.17,40615.38461538462,321.1808653503177
0.09,0.17,40615.38461538462,323.96886305971185
0.11,0.17,40615.38461538462,326.31925460352534
0.13,0.17,40615.38461538462,328.2171975046225
0.15,0.17,40615.38461538462,329.6507729103313
0.17,0.17,40615.38461538462,330.6112160720214
0.19,0.17,40615.38461538462,331.0928326609132
0.21,0.17,40615.38461538462,331.09283266091313
0.23,0.17,40615.38461538462,330.6112160720214
0.25,0.17,40615.38461538462,329.6507729103313
0.27,0.17,40615.38461538462,328.2171975046225
0.29,0.17,40615.38461538462,326.31925460352534
0.31,0.17,40615.38461538462,323.96886305971174
0.33,0.17,40615.38461538462,321.1808653503176
0.35,0.17,40615.38461538462,317.9720917220252
0.37,0.17,40615.38461538462,314.3590202613936
0.39,0.17,40615.38461538462,310.3526470500838
0.01,0.19,40615.38461538462,310.39227058823445
0.03,0.19,40615.38461538462,314.4769145636063
0.05,0.19,40615.38461538462,318.1651206981655
0.07,0.19,40615.38461538462,321.4437906127837
0.09,0.19,40615.38461538462,324.2946112992758
0.11,0.19,40615.38461538462,326.69926591347803
0.13,0.19,40615.38461538462,328.6417772065128
0.15,0.19,40615.38461538462,330.1094064010579
0.17,0.19,40615.38461538462,331.09283266091313
0.19,0.19,40615.38461538462,331.5860211888995
0.21,0.19,40615.38461538462,331.5860211888995
0.23,0.19,40615.38461538462,331.09283266091313
0.25,0.19,40615.38461538462,330.1094064010579
0.27,0.19,40615.38461538462,328.6417772065128
0.29,0.19,40615.38461538462,326.699265913478
0.31,0.19,40615.38461538462,324.29461129927563
0.33,0.19,40615.38461538462,321.4437906127836
0.35,0.19,40615.38461538462,318.16512069816537
0.37,0.19,40615.38461538462,314.4769145636062
0.39,0.19,40615.38461538462,310.39227058823445
0.01,0.21,40615.38461538462,310.39227058823445
0.03,0.21,40615.38461538462,314.4769145636063
0.05,0.21,40615.38461538462,318.1651206981654
0.07,0.21,40615.38461538462,321.4437906127837
0.09,0.21,40615.38461538462,324.2946112992758
0.11,0.21,40615.38461538462,326.69926591347803
0.13,0.21,40615.38461538462,328.6417772065128
0.15,0.21,40615.38461538462,330.109406401058
0.17,0.21,40615.38461538462,331.09283266091313
0.19,0.21,40615.38461538462,331.58602118889945
0.21,0.21,40615.38461538462,331.58602118889945
0.23,0.21,40615.38461538462,331.09283266091313
0.25,0.21,40615.38461538462,330.1094064010579
0.27,0.21,40615.38461538462,328.6417772065127
0.29,0.21,40615.38461538462,326.699265913478
0.31,0.21,40615.38461538462,324.29461129927563
0.33,0.21,40615.38461538462,321.4437906127836
0.35,0.21,40615.38461538462,318.16512069816537
0.37,0.21,40615.38461538462,314.4769145636062
0.39,0.21,40615.38461538462,310.39227058823445
0.01,0.23,40615.38461538462,310.3526470500838
0.03,0.23,40615.38461538462,314.3590202613936
0.05,0.23,40615.38461538462,317.9720917220252
0.07,0.23,40615.38461538462,321.1808653503176
0.09,0.23,40615.38461538462,323.9688630597118
0.11,0.23,40615.38461538462,326.3192546035254
0.13,0.23,40615.38461538462,328.21719750462256
0.15,0.23,40615.38461538462,329.65077291033134
0.17,0.23,40615.38461538462,330.6112160720214
0.19,0.23,40615.38461538462,331.09283266091313
0.21,0.23,40615.38461538462,331.09283266091313
0.23,0.23,40615.38461538462,330.6112160720214
0.25,0.23,40615.38461538462,329.6507729103313
0.27,0.23,40615.38461538462,328.2171975046225
0.29,0.23,40615.38461538462,326.31925460352534
0.31,0.23,40615.38461538462,323.9688630597118
0.33,0.23,40615.38461538462,321.1808653503176
0.35,0.23,40615.38461538462,317.9720917220252
0.37,0.23,40615.38461538462,314.35902026139354
0.39,0.23,40615.38461538462,310.3526470500838
0.01,0.25,40615.38461538462,310.27344174218024
0.03,0.25,40615.38461538462,314.1233835954417
0.05,0.25,40615.38461538462,317.5863860174203
0.07,0.25,40615.38461538462,320.6556886336954
0.09,0.25,40615.38461538462,323.31846802824015
0.11,0.25,40615.38461538462,325.5608186862237
0.13,0.25,40615.38461538462,327.3701057527945
0.15,0.25,40615.38461538462,328.7359906874093
0.17,0.25,40615.38461538462,329.65077291033134
0.19,0.25,40615.38461538462,330.109406401058
0.21,0.25,40615.38461538462,330.109406401058
0.23,0.25,40615.38461538462,329.6507729103313
0.25,0.25,40615.38461538462,328.7359906874093
0.27,0.25,40615.38461538462,327.37010575279453
0.29,0.25,40615.38461538462,325.5608186862236
0.31,0.25,40615.38461538462,323.31846802824015
0.33,0.25,40615.38461538462,320.65568863369543
0.35,0.25,40615.38461538462,317.58638601742035
0.37,0.25,40615.38461538462,314.1233835954417
0.39,0.25,40615.38461538462,310.27344174218035
0.01,0.27,40615.38461538462,310.15467488990055
0.03,0.27,40615.38461538462,313.77014615059704
0.05,0.27,40615.38461538462,317.0085072915106
0.07,0.27,40615.38461538462,319.8694280207389
0.09,0.27,40615.38461538462,322.3455078536475
0.11,0.27,40615.38461538462,324.4270832308918
0.13,0.27,40615.38461538462,326.1046581569647
0.15,0.27,40615.38461538462,327.3701057527945
0.17,0.27,40615.38461538462,328.21719750462256
0.19,0.27,40615.38461538462,328.6417772065128
0.21,0.27,40615.38461538462,328.6417772065128
0.23,0.27,40615.38461538462,328.2171975046225
0.25,0.27,40615.38461538462,327.3701057527945
0.27,0.27,40615.38461538462,326.1046581569647
0.29,0.27,40615.38461538462,324.42708323089187
0.31,0.27,40615.38461538462,322.3455078536476
0.33,0.27,40615.38461538462,319.8694280207389
0.35,0.27,40615.38461538462,317.0085072915107
0.37,0.27,40615.38461538462,313.7701461505971
0.39,0.27,40615.38461538462,310.15467488990055
0.01,0.29,40615.38461538462,309.9961851074326
0.03,0.29,40615.38461538462,313.2990355932784
0.05,0.29,40615.38461538462,316.2386187436332
0.07,0.29,40615.38461538462,318.8233033611065
0.09,0.29,40615.38461538462,321.05273347571773
0.11,0.29,40615.38461538462,322.9225547720605
0.13,0.29,40615.38461538462,324.4270832308918
0.15,0.29,40615.38461538462,325.5608186862237
0.17,0.29,40615.38461538462,326.3192546035254
0.19,0.29,40615.38461538462,326.69926591347803
0.21,0.29,40615.38461538462,326.69926591347803
0.23,0.29,40615.38461538462,326.31925460352534
0.25,0.29,40615.38461538462,325.5608186862237
0.27,0.29,40615.38461538462,324.42708323089187
0.29,0.29,40615.38461538462,322.9225547720606
0.31,0.29,40615.38461538462,321.0527334757178
0.33,0.29,40615.38461538462,318.8233033611066
0.35,0.29,40615.38461538462,316.23861874363325
0.37,0.29,40615.38461538462,313.29903559327846
0.39,0.29,40615.38461538462,309.9961851074326
0.01,0.31,40615.38461538462,309.79728389340835
0.03,0.31,40615.38461538462,312.70852673381205
0.05,0.31,40615.38461538462,315.2755547399097
0.07,0.31,40615.38461538462,317.5177116445813
0.09,0.31,40615.38461538462,319.4429253523588
0.11,0.31,40615.38461538462,321.05273347571773
0.13,0.31,40615.38461538462,322.3455078536475
0.15,0.31,40615.38461538462,323.3184680282402
0.17,0.31,40615.38461538462,323.9688630597118
0.19,0.31,40615.38461538462,324.29461129927574
0.21,0.31,40615.38461538462,324.29461129927574
0.23,0.31,40615.38461538462,323.96886305971185
0.25,0.31,40615.38461538462,323.3184680282402
0.27,0.31,40615.38461538462,322.3455078536476
0.29,0.31,40615.38461538462,321.0527334757178
0.31,0.31,40615.38461538462,319.4429253523589
0.33,0.31,40615.38461538462,317.5177116445814
0.35,0.31,40615.38461538462,315.27555473990986
0.37,0.31,40615.38461538462,312.70852673381216
0.39,0.31,40615.38461538462,309.7972838934084
0.01,0.33,40615.38461538462,309.5560072706441
0.03,0.33,40615.38461538462,311.9941575260602
0.05,0.33,40615.38461538462,314.11496087248287
0.07,0.33,40615.38461538462,315.9506386670397
0.09,0.33,40615.38461538462,317.51771164458125
0.11,0.33,40615.38461538462,318.82330336110647
0.13,0.33,40615.38461538462,319.8694280207389
0.15,0.33,40615.38461538462,320.65568863369543
0.17,0.33,40615.38461538462,321.1808653503176
0.19,0.33,40615.38461538462,321.44379061278363
0.21,0.33,40615.38461538462,321.4437906127837
0.23,0.33,40615.38461538462,321.1808653503176
0.25,0.33,40615.38461538462,320.6556886336954
0.27,0.33,40615.38461538462,319.869428020739
0.29,0.33,40615.38461538462,318.8233033611066
0.31,0.33,40615.38461538462,317.5177116445814
0.33,0.33,40615.38461538462,315.9506386670398
0.35,0.33,40615.38461538462,314.1149608724829
0.37,0.33,40615.38461538462,311.9941575260603
0.39,0.33,40615.38461538462,309.5560072706442
0.01,0.35,40615.38461538462,309.26737069223617
0.03,0.35,40615.38461538462,311.14513107865014
0.05,0.35,40615.38461538462,312.7459265755972
0.07,0.35,40615.38461538462,314.11496087248287
0.09,0.35,40615.38461538462,315.2755547399097
0.11,0.35,40615.38461538462,316.2386187436332
0.13,0.35,40615.38461538462,317.0085072915106
0.15,0.35,40615.38461538462,317.58638601742035
0.17,0.35,40615.38461538462,317.9720917220252
0.19,0.35,40615.38461538462,318.16512069816537
0.21,0.35,40615.38461538462,318.1651206981654
0.23,0.35,40615.38461538462,317.97209172202525
0.25,0.35,40615.38461538462,317.5863860174203
0.27,0.35,40615.38461538462,317.0085072915107
0.29,0.35,40615.38461538462,316.23861874363325
0.31,0.35,40615.38461538462,315.2755547399098
0.33,0.35,40615.38461538462,314.1149608724829
0.35,0.35,40615.38461538462,312.74592657559725
0.37,0.35,40615.38461538462,311.1451310786502
0.39,0.35,40615.38461538462,309.2673706922362
0.01,0.37,40615.38461538462,308.9187267312866
0.03,0.37,40615.38461538462,310.13731896447683
0.05,0.37,40615.38461538462,311.14513107865014
0.07,0.37,40615.38461538462,311.9941575260602
0.09,0.37,40615.38461538462,312.70852673381205
0.11,0.37,40615.38461538462,313.2990355932784
0.13,0.37,40615.38461538462,313.77014615059704
0.15,0.37,40615.38461538462,314.1233835954417
0.17,0.37,40615.38461538462,314.3590202613936
0.19,0.37,40615.38461538462,314.4769145636062
0.21,0.37,40615.38461538462,314.4769145636062
0.23,0.37,40615.38461538462,314.3590202613936
0.25,0.37,40615.38461538462,314.1233835954417
0.27,0.37,40615.38461538462,313.77014615059704
0.29,0.37,40615.38461538462,313.29903559327846
0.31,0.37,40615.38461538462,312.7085267338121
0.33,0.37,40615.38461538462,311.9941575260603
0.35,0.37,40615.38461538462,311.1451310786502
0.37,0.37,40615.38461538462,310.13731896447695
0.39,0.37,40615.38461538462,308.91872673128665
0.01,0.39,40615.38461538462,308.4751363841274
0.03,0.39,40615.38461538462,308.9187267312867
0.05,0.39,40615.38461538462,309.26737069223617
0.07,0.39,40615.38461538462,309.5560072706441
0.09,0.39,40615.38461538462,309.7972838934083
0.11,0.39,40615.38461538462,309.9961851074325
0.13,0.39,40615.38461538462,310.15467488990055
0.15,0.39,40615.38461538462,310.27344174218035
0.17,0.39,40615.38461538462,310.3526470500838
0.19,0.39,40615.38461538462,310.3922705882344
0.21,0.39,40615.38461538462,310.3922705882344
0.23,0.39,40615.38461538462,310.3526470500838
0.25,0.39,40615.38461538462,310.2734417421803
0.27,0.39,40615.38461538462,310.15467488990055
0.29,0.39,40615.38461538462,309.9961851074326
0.31,0.39,40615.38461538462,309.7972838934084
0.33,0.39,40615.38461538462,309.5560072706442
0.35,0.39,40615.38461538462,309.2673706922362
0.37,0.39,40615.38461538462,308.9187267312867
0.39,0.39,40615.38461538462,308.47513638412744
0.01,0.01,42461.53846153846,308.4547295558815
0.03,0.01,42461.53846153846,308.8692857430279
0.05,0.01,42461.53846153846,309.194594164514
0.07,0.01,42461.53846153846,309.46376237392656
0.09,0.01,42461.53846153846,309.6887892840698
0.11,0.01,42461.53846153846,309.87438429242326
0.13,0.01,42461.53846153846,310.02236677124586
0.15,0.01,42461.53846153846,310.1333319559393
0.17,0.01,42461.53846153846,310.2073744540305
0.19,0.01,42461.53846153846,310.2444283899928
0.21,0.01,42461.53846153846,310.2444283899928
0.23,0.01,42461.53846153846,310.2073744540305
0.25,0.01,42461.53846153846,310.1333319559393
0.27,0.01,42461.53846153846,310.02236677124586
0.29,0.01,42461.53846153846,309.87438429242326
0.31,0.01,42461.53846153846,309.6887892840698
0.33,0.01,42461.53846153846,309.4637623739265
0.35,0.01,42461.53846153846,309.194594164514
0.37,0.01,42461.53846153846,308.8692857430279
0.39,0.01,42461.53846153846,308.4547295558815
0.01,0.03,42461.53846153846,308.86928574302783
0.03,0.03,42461.53846153846,310.00735649490366
0.05,0.03,42461.53846153846,310.9475663987704
0.07,0.03,42461.53846153846,311.7393886009727
0.09,0.03,42461.53846153846,312.4057747111756
0.11,0.03,42461.53846153846,312.956920399123
0.13,0.03,42461.53846153846,313.39692665324566
0.15,0.03,42461.53846153846,313.727064057768
0.17,0.03,42461.53846153846,313.9474134022435
0.19,0.03,42461.53846153846,314.0576990476969
0.21,0.03,42461.53846153846,314.05769904769693
0.23,0.03,42461.53846153846,313.9474134022435
0.25,0.03,42461.53846153846,313.727064057768
0.27,0.03,42461.53846153846,313.39692665324566
0.29,0.03,42461.53846153846,312.956920399123
0.31,0.03,42461.53846153846,312.4057747111756
0.33,0.03,42461.53846153846,311.73938860097275
0.35,0.03,42461.53846153846,310.9475663987704
0.37,0.03,42461.53846153846,310.00735649490366
0.39,0.03,42461.53846153846,308.8692857430279
0.01,0.05,42461.53846153846,309.194594164514
0.03,0.05,42461.53846153846,310.9475663987704
0.05,0.05,42461.53846153846,312.4408930242136
0.07,0.05,42461.53846153846,313.71788726859137
0.09,0.05,42461.53846153846,314.8008369809748
0.11,0.05,42461.53846153846,315.7000315850899
0.13,0.05,42461.53846153846,316.4193854858984
0.15,0.05,42461.53846153846,316.95971103209905
0.17,0.05,42461.53846153846,317.32055775925534
0.19,0.05,42461.53846153846,317.50121282848136
0.21,0.05,42461.53846153846,317.50121282848136
0.23,0.05,42461.53846153846,317.3205577592553
0.25,0.05,42461.53846153846,316.95971103209905
0.27,0.05,42461.53846153846,316.4193854858984
0.29,0.05,42461.53846153846,315.7000315850899
0.31,0.05,42461.53846153846,314.8008369809748
0.33,0.05,42461.53846153846,313.71788726859137
0.35,0.05,42461.53846153846,312.4408930242136
0.37,0.05,42461.53846153846,310.9475663987704
0.39,0.05,42461.53846153846,309.194594164514
0.01,0.07,42461.53846153846,309.4637623739265
0.03,0.07,42461.53846153846,311.7393886009727
0.05,0.07,42461.53846153846,313.71788726859137
0.07,0.07,42461.53846153846,315.4305321723611
0.09,0.07,42461.53846153846,316.893268209162
0.11,0.07,42461.53846153846,318.11278452986267
0.13,0.07,42461.53846153846,319.0906973676315
0.15,0.07,42461.53846153846,319.82622592546016
0.17,0.07,42461.53846153846,320.3178051855669
0.19,0.07,42461.53846153846,320.5640034972331
0.21,0.07,42461.53846153846,320.5640034972331
0.23,0.07,42461.53846153846,320.31780518556684
0.25,0.07,42461.53846153846,319.8262259254601
0.27,0.07,42461.53846153846,319.0906973676315
0.29,0.07,42461.53846153846,318.11278452986267
0.31,0.07,42461.53846153846,316.893268209162
0.33,0.07,42461.53846153846,315.4305321723611
0.35,0.07,42461.53846153846,313.71788726859137
0.37,0.07,42461.53846153846,311.73938860097275
0.39,0.07,42461.53846153846,309.4637623739265
0.01,0.09,42461.53846153846,309.6887892840698
0.03,0.09,42461.53846153846,312.4057747111756
0.05,0.09,42461.53846153846,314.80083698097485
0.07,0.09,42461.53846153846,316.893268209162
0.09,0.09,42461.53846153846,318.6909546659505
0.11,0.09,42461.53846153846,320.1952783123675
0.13,0.09,42461.53846153846,321.40432886633255
0.15,0.09,42461.53846153846,322.31496357849795
0.17,0.09,42461.53846153846,322.92406267922985
0.19,0.09,42461.53846153846,323.2292460819128
0.21,0.09,42461.53846153846,323.2292460819127
0.23,0.09,42461.53846153846,322.9240626792298
0.25,0.09,42461.53846153846,322.31496357849795
0.27,0.09,42461.53846153846,321.40432886633255
0.29,0.09,42461.53846153846,320.1952783123676
0.31,0.09,42461.53846153846,318.6909546659506
0.33,0.09,42461.53846153846,316.893268209162
0.35,0.09,42461.53846153846,314.8008369809748
0.37,0.09,42461.53846153846,312.4057747111756
0.39,0.09,42461.53846153846,309.6887892840698
0.01,0.11,42461.53846153846,309.87438429242326
0.03,0.11,42461.53846153846,312.956920399123
0.05,0.11,42461.53846153846,315.70003158509
0.07,0.11,42461.53846153846,318.11278452986267
0.09,0.11,42461.53846153846,320.1952783123675
0.11,0.11,42461.53846153846,321.9432942876322
0.13,0.11,42461.53846153846,323.3510109140939
0.15,0.11,42461.53846153846,324.41261678233457
0.17,0.11,42461.53846153846,325.12323712086203
0.19,0.11,42461.53846153846,325.47943085899533
0.21,0.11,42461.53846153846,325.4794308589953
0.23,0.11,42461.53846153846,325.123237120862
0.25,0.11,42461.53846153846,324.4126167823345
0.27,0.11,42461.53846153846,323.3510109140939
0.29,0.11,42461.53846153846,321.9432942876322
0.31,0.11,42461.53846153846,320.1952783123676
0.33,0.11,42461.53846153846,318.1127845298626
0.35,0.11,42461.53846153846,315.7000315850899
0.37,0.11,42461.53846153846,312.956920399123
0.39,0.11,42461.53846153846,309.87438429242326
0.01,0.13,42461.53846153846,310.02236677124586
0.03,0.13,42461.53846153846,313.39692665324566
0.05,0.13,42461.53846153846,316.41938548589843
0.07,0.13,42461.53846153846,319.0906973676315
0.09,0.13,42461.53846153846,321.40432886633255
0.11,0.13,42461.53846153846,323.3510109140939
0.13,0.13,42461.53846153846,324.9212509376678
0.15,0.13,42461.53846153846,326.1066713799248
0.17,0.13,42461.53846153846,326.90068927523856
0.19,0.13,42461.53846153846,327.29882617509213
0.21,0.13,42461.53846153846,327.2988261750921
0.23,0.13,42461.53846153846,326.9006892752385
0.25,0.13,42461.53846153846,326.1066713799247
0.27,0.13,42461.53846153846,324.9212509376678
0.29,0.13,42461.53846153846,323.35101091409393
0.31,0.13,42461.53846153846,321.40432886633255
0.33,0.13,42461.53846153846,319.0906973676315
0.35,0.13,42461.53846153846,316.4193854858984
0.37,0.13,42461.53846153846,313.3969266532457
0.39,0.13,42461.53846153846,310.0223667712459
0.01,0.15,42461.53846153846,310.1333319559393
0.03,0.15,42461.53846153846,313.727064057768
0.05,0.15,42461.53846153846,316.9597110320991
0.07,0.15,42461.53846153846,319.82622592546016
0.09,0.15,42461.53846153846,322.314963578498
0.11,0.15,42461.53846153846,324.41261678233457
0.13,0.15,42461.53846153846,326.1066713799248
0.15,0.15,42461.53846153846,327.3865936764354
0.17,0.15,42461.53846153846,328.2443463542237
0.19,0.15,42461.53846153846,328.67456105521643
0.21,0.15,42461.53846153846,328.67456105521643
0.23,0.15,42461.53846153846,328.24434635422364
0.25,0.15,42461.53846153846,327.3865936764353
0.27,0.15,42461.53846153846,326.1066713799248
0.29,0.15,42461.53846153846,324.41261678233457
0.31,0.15,42461.53846153846,322.31496357849795
0.33,0.15,42461.53846153846,319.82622592546016
0.35,0.15,42461.53846153846,316.9597110320991
0.37,0.15,42461.53846153846,313.727064057768
0.39,0.15,42461.53846153846,310.1333319559393
0.01,0.17,42461.53846153846,310.20737445403057
0.03,0.17,42461.53846153846,313.9474134022436
0.05,0.17,42461.53846153846,317.3205577592554
0.07,0.17,42461.53846153846,320.3178051855669
0.09,0.17,42461.53846153846,322.9240626792299
0.11,0.17,42461.53846153846,325.1232371208621
0.13,0.17,42461.53846153846,326.90068927523856
0.15,0.17,42461.53846153846,328.2443463542237
0.17,0.17,42461.53846153846,329.14512195250217
0.19,0.17,42461.53846153846,329.59700146760633
0.21,0.17,42461.53846153846,329.5970014676064
0.23,0.17,42461.53846153846,329.1451219525021
0.25,0.17,42461.53846153846,328.24434635422364
0.27,0.17,42461.53846153846,326.9006892752385
0.29,0.17,42461.53846153846,325.123237120862
0.31,0.17,42461.53846153846,322.92406267922985
0.33,0.17,42461.53846153846,320.3178051855669
0.35,0.17,42461.53846153846,317.3205577592554
0.37,0.17,42461.53846153846,313.9474134022436
0.39,0.17,42461.53846153846,310.20737445403057
0.01,0.19,42461.53846153846,310.24442838999283
0.03,0.19,42461.53846153846,314.05769904769704
0.05,0.19,42461.53846153846,317.50121282848147
0.07,0.19,42461.53846153846,320.5640034972332
0.09,0.19,42461.53846153846,323.22924608191283
0.11,0.19,42461.53846153846,325.4794308589954
0.13,0.19,42461.53846153846,327.29882617509213
0.15,0.19,42461.53846153846,328.67456105521643
0.17,0.19,42461.53846153846,329.5970014676064
0.19,0.19,42461.53846153846,330.0597939907056
0.21,0.19,42461.53846153846,330.0597939907056
0.23,0.19,42461.53846153846,329.59700146760633
0.25,0.19,42461.53846153846,328.6745610552164
0.27,0.19,42461.53846153846,327.2988261750921
0.29,0.19,42461.53846153846,325.47943085899533
0.31,0.19,42461.53846153846,323.2292460819128
0.33,0.19,42461.53846153846,320.5640034972331
0.35,0.19,42461.53846153846,317.50121282848136
0.37,0.19,42461.53846153846,314.05769904769693
0.39,0.19,42461.53846153846,310.24442838999283
0.01,0.21,42461.53846153846,310.24442838999283
0.03,0.21,42461.53846153846,314.05769904769704
0.05,0.21,42461.53846153846,317.5012128284814
0.07,0.21,42461.53846153846,320.5640034972332
0.09,0.21,42461.53846153846,323.22924608191283
0.11,0.21,42461.53846153846,325.4794308589954
0.13,0.21,42461.53846153846,327.2988261750921
0.15,0.21,42461.53846153846,328.67456105521643
0.17,0.21,42461.53846153846,329.59700146760633
0.19,0.21,42461.53846153846,330.05979399070554
0.21,0.21,42461.53846153846,330.05979399070554
0.23,0.21,42461.53846153846,329.59700146760633
0.25,0.21,42461.53846153846,328.6745610552164
0.27,0.21,42461.53846153846,327.2988261750921
0.29,0.21,42461.53846153846,325.4794308589953
0.31,0.21,42461.53846153846,323.2292460819128
0.33,0.21,42461.53846153846,320.5640034972331
0.35,0.21,42461.53846153846,317.50121282848136
0.37,0.21,42461.53846153846,314.05769904769693
0.39,0.21,42461.53846153846,310.24442838999283
0.01,0.23,42461.53846153846,310.20737445403057
0.03,0.23,42461.53846153846,313.9474134022436
0.05,0.23,42461.53846153846,317.3205577592554
0.07,0.23,42461.53846153846,320.3178051855669
0.09,0.23,42461.53846153846,322.92406267922985
0.11,0.23,42461.53846153846,325.12323712086203
0.13,0.23,42461.53846153846,326.9006892752385
0.15,0.23,42461.53846153846,328.2443463542237
0.17,0.23,42461.53846153846,329.1451219525021
0.19,0.23,42461.53846153846,329.5970014676063
0.21,0.23,42461.53846153846,329.59700146760633
0.23,0.23,42461.53846153846,329.1451219525021
0.25,0.23,42461.53846153846,328.2443463542237
0.27,0.23,42461.53846153846,326.9006892752385
0.29,0.23,42461.53846153846,325.123237120862
0.31,0.23,42461.53846153846,322.9240626792298
0.33,0.23,42461.53846153846,320.3178051855669
0.35,0.23,42461.53846153846,317.3205577592554
0.37,0.23,42461.53846153846,313.9474134022436
0.39,0.23,42461.53846153846,310.2073744540305
0.01,0.25,42461.53846153846,310.1333319559393
0.03,0.25,42461.53846153846,313.7270640577681
0.05,0.25,42461.53846153846,316.95971103209905
0.07,0.25,42461.53846153846,319.82622592546005
0.09,0.25,42461.53846153846,322.31496357849795
0.11,0.25,42461.53846153846,324.41261678233457
0.13,0.25,42461.53846153846,326.1066713799247
0.15,0.25,42461.53846153846,327.3865936764353
0.17,0.25,42461.53846153846,328.24434635422364
0.19,0.25,42461.53846153846,328.67456105521643
0.21,0.25,42461.53846153846,328.67456105521643
0.23,0.25,42461.53846153846,328.24434635422364
0.25,0.25,42461.53846153846,327.38659367643527
0.27,0.25,42461.53846153846,326.1066713799247
0.29,0.25,42461.53846153846,324.4126167823345
0.31,0.25,42461.53846153846,322.314963578498
0.33,0.25,42461.53846153846,319.82622592546016
0.35,0.25,42461.53846153846,316.9597110320991
0.37,0.25,42461.53846153846,313.727064057768
0.39,0.25,42461.53846153846,310.1333319559393
0.01,0.27,42461.53846153846,310.0223667712459
0.03,0.27,42461.53846153846,313.3969266532457
0.05,0.27,42461.53846153846,316.4193854858984
0.07,0.27,42461.53846153846,319.0906973676315
0.09,0.27,42461.53846153846,321.40432886633255
0.11,0.27,42461.53846153846,323.3510109140939
0.13,0.27,42461.53846153846,324.9212509376678
0.15,0.27,42461.53846153846,326.1066713799248
0.17,0.27,42461.53846153846,326.9006892752385
0.19,0.27,42461.53846153846,327.2988261750921
0.21,0.27,42461.53846153846,327.2988261750921
0.23,0.27,42461.53846153846,326.9006892752385
0.25,0.27,42461.53846153846,326.1066713799247
0.27,0.27,42461.53846153846,324.9212509376678
0.29,0.27,42461.53846153846,323.3510109140939
0.31,0.27,42461.53846153846,321.40432886633255
0.33,0.27,42461.53846153846,319.09069736763155
0.35,0.27,42461.53846153846,316.41938548589843
0.37,0.27,42461.53846153846,313.3969266532457
0.39,0.27,42461.53846153846,310.0223667712459
0.01,0.29,42461.53846153846,309.87438429242326
0.03,0.29,42461.53846153846,312.956920399123
0.05,0.29,42461.53846153846,315.70003158509
0.07,0.29,42461.53846153846,318.11278452986267
0.09,0.29,42461.53846153846,320.1952783123676
0.11,0.29,42461.53846153846,321.9432942876323
0.13,0.29,42461.53846153846,323.3510109140939
0.15,0.29,42461.53846153846,324.41261678233457
0.17,0.29,42461.53846153846,325.12323712086203
0.19,0.29,42461.53846153846,325.47943085899533
0.21,0.29,42461.53846153846,325.47943085899533
0.23,0.29,42461.53846153846,325.12323712086203
0.25,0.29,42461.53846153846,324.4126167823346
0.27,0.29,42461.53846153846,323.35101091409393
0.29,0.29,42461.53846153846,321.9432942876323
0.31,0.29,42461.53846153846,320.1952783123675
0.33,0.29,42461.53846153846,318.11278452986267
0.35,0.29,42461.53846153846,315.70003158509
0.37,0.29,42461.53846153846,312.9569203991231
0.39,0.29,42461.53846153846,309.87438429242326
0.01,0.31,42461.53846153846,309.6887892840698
0.03,0.31,42461.53846153846,312.4057747111756
0.05,0.31,42461.53846153846,314.80083698097485
0.07,0.31,42461.53846153846,316.893268209162
0.09,0.31,42461.53846153846,318.6909546659505
0.11,0.31,42461.53846153846,320.1952783123675
0.13,0.31,42461.53846153846,321.40432886633255
0.15,0.31,42461.53846153846,322.31496357849795
0.17,0.31,42461.53846153846,322.92406267922985
0.19,0.31,42461.53846153846,323.2292460819128
0.21,0.31,42461.53846153846,323.22924608191283
0.23,0.31,42461.53846153846,322.9240626792299
0.25,0.31,42461.53846153846,322.314963578498
0.27,0.31,42461.53846153846,321.4043288663326
0.29,0.31,42461.53846153846,320.1952783123675
0.31,0.31,42461.53846153846,318.6909546659505
0.33,0.31,42461.53846153846,316.89326820916204
0.35,0.31,42461.53846153846,314.80083698097485
0.37,0.31,42461.53846153846,312.4057747111756
0.39,0.31,42461.53846153846,309.6887892840698
0.01,0.33,42461.53846153846,309.4637623739265
0.03,0.33,42461.53846153846,311.73938860097275
0.05,0.33,42461.53846153846,313.7178872685914
0.07,0.33,42461.53846153846,315.43053217236115
0.09,0.33,42461.53846153846,316.893268209162
0.11,0.33,42461.53846153846,318.1127845298626
0.13,0.33,42461.53846153846,319.0906973676315
0.15,0.33,42461.53846153846,319.8262259254601
0.17,0.33,42461.53846153846,320.3178051855669
0.19,0.33,42461.53846153846,320.5640034972331
0.21,0.33,42461.53846153846,320.5640034972332
0.23,0.33,42461.53846153846,320.3178051855669
0.25,0.33,42461.53846153846,319.8262259254601
0.27,0.33,42461.53846153846,319.0906973676315
0.29,0.33,42461.53846153846,318.1127845298626
0.31,0.33,42461.53846153846,316.893268209162
0.33,0.33,42461.53846153846,315.43053217236115
0.35,0.33,42461.53846153846,313.7178872685914
0.37,0.33,42461.53846153846,311.73938860097275
0.39,0.33,42461.53846153846,309.4637623739265
0.01,0.35,42461.53846153846,309.194594164514
0.03,0.35,42461.53846153846,310.9475663987704
0.05,0.35,42461.53846153846,312.4408930242136
0.07,0.35,42461.53846153846,313.71788726859137
0.09,0.35,42461.53846153846,314.8008369809748
0.11,0.35,42461.53846153846,315.7000315850899
0.13,0.35,42461.53846153846,316.4193854858984
0.15,0.35,42461.53846153846,316.9597110320991
0.17,0.35,42461.53846153846,317.3205577592554
0.19,0.35,42461.53846153846,317.50121282848136
0.21,0.35,42461.53846153846,317.5012128284814
0.23,0.35,42461.53846153846,317.32055775925534
0.25,0.35,42461.53846153846,316.95971103209905
0.27,0.35,42461.53846153846,316.4193854858984
0.29,0.35,42461.53846153846,315.7000315850899
0.31,0.35,42461.53846153846,314.8008369809748
0.33,0.35,42461.53846153846,313.7178872685914
0.35,0.35,42461.53846153846,312.4408930242136
0.37,0.35,42461.53846153846,310.94756639877033
0.39,0.35,42461.53846153846,309.194594164514
0.01,0.37,42461.53846153846,308.8692857430279
0.03,0.37,42461.53846153846,310.00735649490366
0.05,0.37,42461.53846153846,310.9475663987704
0.07,0.37,42461.53846153846,311.7393886009727
0.09,0.37,42461.53846153846,312.4057747111755
0.11,0.37,42461.53846153846,312.95692039912296
0.13,0.37,42461.53846153846,313.39692665324566
0.15,0.37,42461.53846153846,313.727064057768
0.17,0.37,42461.53846153846,313.9474134022436
0.19,0.37,42461.53846153846,314.05769904769693
0.21,0.37,42461.53846153846,314.05769904769693
0.23,0.37,42461.53846153846,313.9474134022435
0.25,0.37,42461.53846153846,313.727064057768
0.27,0.37,42461.53846153846,313.39692665324566
0.29,0.37,42461.53846153846,312.956920399123
0.31,0.37,42461.53846153846,312.4057747111755
0.33,0.37,42461.53846153846,311.7393886009727
0.35,0.37,42461.53846153846,310.9475663987704
0.37,0.37,42461.53846153846,310.0073564949036
0.39,0.37,42461.53846153846,308.86928574302783
0.01,0.39,42461.53846153846,308.45472955588144
0.03,0.39,42461.53846153846,308.8692857430279
0.05,0.39,42461.53846153846,309.194594164514
0.07,0.39,42461.53846153846,309.4637623739265
0.09,0.39,42461.53846153846,309.6887892840698
0.11,0.39,42461.53846153846,309.87438429242326
0.13,0.39,42461.53846153846,310.0223667712459
0.15,0.39,42461.53846153846,310.1333319559393
0.17,0.39,42461.53846153846,310.2073744540305
0.19,0.39,42461.53846153846,310.2444283899928
0.21,0.39,42461.53846153846,310.2444283899928
0.23,0.39,42461.53846153846,310.2073744540305
0.25,0.39,42461.53846153846,310.1333319559393
0.27,0.39,42461.53846153846,310.0223667712459
0.29,0.39,42461.53846153846,309.87438429242326
0.31,0.39,42461.53846153846,309.6887892840698
0.33,0.39,42461.53846153846,309.4637623739265
0.35,0.39,42461.53846153846,309.194594164514
0.37,0.39,42461.53846153846,308.86928574302783
0.39,0.39,42461.53846153846,308.45472955588144
0.01,0.01,44307.69230769231,308.4360247280818
0.03,0.01,44307.69230769231,308.8238208088781
0.05,0.01,44307.69230769231,309.1275074063941
0.07,0.01,44307.69230769231,309.3785427345174
0.09,0.01,44307.69230769231,309.58835670730366
0.11,0.01,44307.69230769231,309.7614331377193
0.13,0.01,44307.69230769231,309.8994859365866
0.15,0.01,44307.69230769231,310.0030502571651
0.17,0.01,44307.69230769231,310.0721809289156
0.19,0.01,44307.69230769231,310.10678571475
0.21,0.01,44307.69230769231,310.10678571475
0.23,0.01,44307.69230769231,310.0721809289156
0.25,0.01,44307.69230769231,310.0030502571651
0.27,0.01,44307.69230769231,309.89948593658653
0.29,0.01,44307.69230769231,309.7614331377192
0.31,0.01,44307.69230769231,309.5883567073036
0.33,0.01,44307.69230769231,309.3785427345174
0.35,0.01,44307.69230769231,309.12750740639405
0.37,0.01,44307.69230769231,308.8238208088781
0.39,0.01,44307.69230769231,308.4360247280818
0.01,0.03,44307.69230769231,308.8238208088781
0.03,0.03,44307.69230769231,309.8875446008584
0.05,0.03,44307.69230769231,310.7650451425855
0.07,0.03,44307.69230769231,311.5035389752767
0.09,0.03,44307.69230769231,312.12496671218025
0.11,0.03,44307.69230769231,312.63905004683573
0.13,0.03,44307.69230769231,313.04963893765324
0.15,0.03,44307.69230769231,313.3578458639568
0.17,0.03,44307.69230769231,313.56363958318303
0.19,0.03,44307.69230769231,313.6666674794555
0.21,0.03,44307.69230769231,313.6666674794555
0.23,0.03,44307.69230769231,313.56363958318303
0.25,0.03,44307.69230769231,313.35784586395675
0.27,0.03,44307.69230769231,313.0496389376532
0.29,0.03,44307.69230769231,312.63905004683573
0.31,0.03,44307.69230769231,312.12496671218025
0.33,0.03,44307.69230769231,311.5035389752767
0.35,0.03,44307.69230769231,310.76504514258545
0.37,0.03,44307.69230769231,309.8875446008584
0.39,0.03,44307.69230769231,308.8238208088782
0.01,0.05,44307.69230769231,309.12750740639405
0.03,0.05,44307.69230769231,310.76504514258545
0.05,0.05,44307.69230769231,312.1585284097094
0.07,0.05,44307.69230769231,313.34960346692554
0.09,0.05,44307.69230769231,314.3597131654796
0.11,0.05,44307.69230769231,315.19870010584606
0.13,0.05,44307.69230769231,315.870204453435
0.15,0.05,44307.69230769231,316.3748369515956
0.17,0.05,44307.69230769231,316.7119872002978
0.19,0.05,44307.69230769231,316.88082539855645
0.21,0.05,44307.69230769231,316.88082539855645
0.23,0.05,44307.69230769231,316.7119872002978
0.25,0.05,44307.69230769231,316.3748369515956
0.27,0.05,44307.69230769231,315.870204453435
0.29,0.05,44307.69230769231,315.19870010584606
0.31,0.05,44307.69230769231,314.3597131654796
0.33,0.05,44307.69230769231,313.3496034669255
0.35,0.05,44307.69230769231,312.1585284097094
0.37,0.05,44307.69230769231,310.76504514258545
0.39,0.05,44307.69230769231,309.12750740639405
0.01,0.07,44307.69230769231,309.3785427345174
0.03,0.07,44307.69230769231,311.5035389752767
0.05,0.07,44307.69230769231,313.34960346692554
0.07,0.07,44307.69230769231,314.9472166105619
0.09,0.07,44307.69230769231,316.3119264691717
0.11,0.07,44307.69230769231,317.4501867243923
0.13,0.07,44307.69230769231,318.36342219323853
0.15,0.07,44307.69230769231,319.0506652247911
0.17,0.07,44307.69230769231,319.5101742375541
0.19,0.07,44307.69230769231,319.74037669516747
0.21,0.07,44307.69230769231,319.74037669516747
0.23,0.07,44307.69230769231,319.5101742375541
0.25,0.07,44307.69230769231,319.0506652247911
0.27,0.07,44307.69230769231,318.36342219323853
0.29,0.07,44307.69230769231,317.4501867243923
0.31,0.07,44307.69230769231,316.3119264691717
0.33,0.07,44307.69230769231,314.94721661056184
0.35,0.07,44307.69230769231,313.34960346692554
0.37,0.07,44307.69230769231,311.5035389752767
0.39,0.07,44307.69230769231,309.3785427345174
0.01,0.09,44307.69230769231,309.58835670730366
0.03,0.09,44307.69230769231,312.1249667121803
0.05,0.09,44307.69230769231,314.3597131654796
0.07,0.09,44307.69230769231,316.3119264691717
0.09,0.09,44307.69230769231,317.98961177174743
0.11,0.09,44307.69230769231,319.39420634354053
0.13,0.09,44307.69230769231,320.52375364014074
0.15,0.09,44307.69230769231,321.3749815326134
0.17,0.09,44307.69230769231,321.94460431754925
0.19,0.09,44307.69230769231,322.23009305618444
0.21,0.09,44307.69230769231,322.23009305618444
0.23,0.09,44307.69230769231,321.94460431754925
0.25,0.09,44307.69230769231,321.3749815326134
0.27,0.09,44307.69230769231,320.52375364014074
0.29,0.09,44307.69230769231,319.3942063435406
0.31,0.09,44307.69230769231,317.98961177174743
0.33,0.09,44307.69230769231,316.3119264691716
0.35,0.09,44307.69230769231,314.3597131654796
0.37,0.09,44307.69230769231,312.12496671218025
0.39,0.09,44307.69230769231,309.5883567073036
0.01,0.11,44307.69230769231,309.7614331377192
0.03,0.11,44307.69230769231,312.63905004683573
0.05,0.11,44307.69230769231,315.19870010584606
0.07,0.11,44307.69230769231,317.45018672439227
0.09,0.11,44307.69230769231,319.39420634354053
0.11,0.11,44307.69230769231,321.0268930419184
0.13,0.11,44307.69230769231,322.3425448924486
0.15,0.11,44307.69230769231,323.33530019179284
0.17,0.11,44307.69230769231,324.0001464624422
0.19,0.11,44307.69230769231,324.3334978525517
0.21,0.11,44307.69230769231,324.3334978525517
0.23,0.11,44307.69230769231,324.0001464624422
0.25,0.11,44307.69230769231,323.3353001917928
0.27,0.11,44307.69230769231,322.34254489244864
0.29,0.11,44307.69230769231,321.0268930419184
0.31,0.11,44307.69230769231,319.39420634354053
0.33,0.11,44307.69230769231,317.45018672439227
0.35,0.11,44307.69230769231,315.19870010584606
0.37,0.11,44307.69230769231,312.63905004683573
0.39,0.11,44307.69230769231,309.7614331377192
0.01,0.13,44307.69230769231,309.89948593658653
0.03,0.13,44307.69230769231,313.04963893765324
0.05,0.13,44307.69230769231,315.870204453435
0.07,0.13,44307.69230769231,318.36342219323853
0.09,0.13,44307.69230769231,320.52375364014074
0.11,0.13,44307.69230769231,322.3425448924486
0.13,0.13,44307.69230769231,323.81057955501257
0.15,0.13,44307.69230769231,324.9195117355929
0.17,0.13,44307.69230769231,325.66265606057493
0.19,0.13,44307.69230769231,326.03540009710326
0.21,0.13,44307.69230769231,326.03540009710326
0.23,0.13,44307.69230769231,325.66265606057493
0.25,0.13,44307.69230769231,324.91951173559295
0.27,0.13,44307.69230769231,323.8105795550126
0.29,0.13,44307.69230769231,322.34254489244864
0.31,0.13,44307.69230769231,320.52375364014074
0.33,0.13,44307.69230769231,318.3634221932386
0.35,0.13,44307.69230769231,315.870204453435
0.37,0.13,44307.69230769231,313.04963893765324
0.39,0.13,44307.69230769231,309.89948593658653
0.01,0.15,44307.69230769231,310.0030502571651
0.03,0.15,44307.69230769231,313.35784586395675
0.05,0.15,44307.69230769231,316.3748369515956
0.07,0.15,44307.69230769231,319.0506652247911
0.09,0.15,44307.69230769231,321.3749815326134
0.11,0.15,44307.69230769231,323.33530019179284
0.13,0.15,44307.69230769231,324.9195117355929
0.15,0.15,44307.69230769231,326.1171852585878
0.17,0.15,44307.69230769231,326.92021459016195
0.19,0.15,44307.69230769231,327.32310992052203
0.21,0.15,44307.69230769231,327.3231099205221
0.23,0.15,44307.69230769231,326.9202145901619
0.25,0.15,44307.69230769231,326.1171852585879
0.27,0.15,44307.69230769231,324.91951173559295
0.29,0.15,44307.69230769231,323.33530019179284
0.31,0.15,44307.69230769231,321.3749815326134
0.33,0.15,44307.69230769231,319.0506652247911
0.35,0.15,44307.69230769231,316.3748369515956
0.37,0.15,44307.69230769231,313.3578458639568
0.39,0.15,44307.69230769231,310.0030502571651
0.01,0.17,44307.69230769231,310.0721809289157
0.03,0.17,44307.69230769231,313.56363958318303
0.05,0.17,44307.69230769231,316.71198720029776
0.07,0.17,44307.69230769231,319.51017423755405
0.09,0.17,44307.69230769231,321.94460431754925
0.11,0.17,44307.69230769231,324.0001464624422
0.13,0.17,44307.69230769231,325.66265606057493
0.15,0.17,44307.69230769231,326.9202145901619
0.17,0.17,44307.69230769231,327.7636923252388
0.19,0.17,44307.69230769231,328.1869636316942
0.21,0.17,44307.69230769231,328.1869636316942
0.23,0.17,44307.69230769231,327.7636923252388
0.25,0.17,44307.69230769231,326.92021459016195
0.27,0.17,44307.69230769231,325.66265606057493
0.29,0.17,44307.69230769231,324.0001464624423
0.31,0.17,44307.69230769231,321.9446043175492
0.33,0.17,44307.69230769231,319.51017423755405
0.35,0.17,44307.69230769231,316.71198720029776
0.37,0.17,44307.69230769231,313.56363958318303
0.39,0.17,44307.69230769231,310.0721809289157
0.01,0.19,44307.69230769231,310.10678571475
0.03,0.19,44307.69230769231,313.6666674794555
0.05,0.19,44307.69230769231,316.8808253985564
0.07,0.19,44307.69230769231,319.7403766951674
0.09,0.19,44307.69230769231,322.2300930561844
0.11,0.19,44307.69230769231,324.3334978525517
0.13,0.19,44307.69230769231,326.03540009710326
0.15,0.19,44307.69230769231,327.32310992052203
0.17,0.19,44307.69230769231,328.18696363169414
0.19,0.19,44307.69230769231,328.62050258913723
0.21,0.19,44307.69230769231,328.6205025891373
0.23,0.19,44307.69230769231,328.1869636316942
0.25,0.19,44307.69230769231,327.32310992052203
0.27,0.19,44307.69230769231,326.03540009710326
0.29,0.19,44307.69230769231,324.3334978525518
0.31,0.19,44307.69230769231,322.2300930561844
0.33,0.19,44307.69230769231,319.7403766951674
0.35,0.19,44307.69230769231,316.8808253985564
0.37,0.19,44307.69230769231,313.6666674794555
0.39,0.19,44307.69230769231,310.10678571475
0.01,0.21,44307.69230769231,310.10678571475
0.03,0.21,44307.69230769231,313.6666674794555
0.05,0.21,44307.69230769231,316.8808253985564
0.07,0.21,44307.69230769231,319.74037669516736
0.09,0.21,44307.69230769231,322.2300930561844
0.11,0.21,44307.69230769231,324.33349785255166
0.13,0.21,44307.69230769231,326.0354000971032
0.15,0.21,44307.69230769231,327.32310992052203
0.17,0.21,44307.69230769231,328.18696363169414
0.19,0.21,44307.69230769231,328.6205025891373
0.21,0.21,44307.69230769231,328.6205025891373
0.23,0.21,44307.69230769231,328.18696363169414
0.25,0.21,44307.69230769231,327.32310992052203
0.27,0.21,44307.69230769231,326.03540009710326
0.29,0.21,44307.69230769231,324.3334978525518
0.31,0.21,44307.69230769231,322.2300930561844
0.33,0.21,44307.69230769231,319.7403766951674
0.35,0.21,44307.69230769231,316.88082539855634
0.37,0.21,44307.69230769231,313.66666747945544
0.39,0.21,44307.69230769231,310.10678571474995
0.01,0.23,44307.69230769231,310.07218092891566
0.03,0.23,44307.69230769231,313.56363958318303
0.05,0.23,44307.69230769231,316.7119872002977
0.07,0.23,44307.69230769231,319.51017423755405
0.09,0.23,44307.69230769231,321.9446043175492
0.11,0.23,44307.69230769231,324.0001464624422
0.13,0.23,44307.69230769231,325.6626560605749
0.15,0.23,44307.69230769231,326.9202145901619
0.17,0.23,44307.69230769231,327.7636923252388
0.19,0.23,44307.69230769231,328.18696363169414
0.21,0.23,44307.69230769231,328.18696363169414
0.23,0.23,44307.69230769231,327.7636923252388
0.25,0.23,44307.69230769231,326.9202145901619
0.27,0.23,44307.69230769231,325.66265606057493
0.29,0.23,44307.69230769231,324.0001464624422
0.31,0.23,44307.69230769231,321.9446043175492
0.33,0.23,44307.69230769231,319.51017423755405
0.35,0.23,44307.69230769231,316.71198720029776
0.37,0.23,44307.69230769231,313.563639583183
0.39,0.23,44307.69230769231,310.0721809289156
0.01,0.25,44307.69230769231,310.0030502571651
0.03,0.25,44307.69230769231,313.3578458639568
0.05,0.25,44307.69230769231,316.3748369515955
0.07,0.25,44307.69230769231,319.05066522479103
0.09,0.25,44307.69230769231,321.37498153261333
0.11,0.25,44307.69230769231,323.3353001917928
0.13,0.25,44307.69230769231,324.9195117355929
0.15,0.25,44307.69230769231,326.1171852585878
0.17,0.25,44307.69230769231,326.9202145901619
0.19,0.25,44307.69230769231,327.32310992052203
0.21,0.25,44307.69230769231,327.32310992052203
0.23,0.25,44307.69230769231,326.9202145901619
0.25,0.25,44307.69230769231,326.1171852585878
0.27,0.25,44307.69230769231,324.91951173559295
0.29,0.25,44307.69230769231,323.3353001917928
0.31,0.25,44307.69230769231,321.3749815326134
0.33,0.25,44307.69230769231,319.0506652247911
0.35,0.25,44307.69230769231,316.3748369515956
0.37,0.25,44307.69230769231,313.3578458639568
0.39,0.25,44307.69230769231,310.0030502571651
0.01,0.27,44307.69230769231,309.89948593658653
0.03,0.27,44307.69230769231,313.04963893765324
0.05,0.27,44307.69230769231,315.8702044534349
0.07,0.27,44307.69230769231,318.36342219323853
0.09,0.27,44307.69230769231,320.5237536401407
0.11,0.27,44307.69230769231,322.3425448924486
0.13,0.27,44307.69230769231,323.8105795550126
0.15,0.27,44307.69230769231,324.91951173559295
0.17,0.27,44307.69230769231,325.66265606057493
0.19,0.27,44307.69230769231,326.0354000971032
0.21,0.27,44307.69230769231,326.0354000971032
0.23,0.27,44307.69230769231,325.66265606057493
0.25,0.27,44307.69230769231,324.91951173559295
0.27,0.27,44307.69230769231,323.8105795550126
0.29,0.27,44307.69230769231,322.3425448924486
0.31,0.27,44307.69230769231,320.52375364014074
0.33,0.27,44307.69230769231,318.3634221932386
0.35,0.27,44307.69230769231,315.870204453435
0.37,0.27,44307.69230769231,313.04963893765324
0.39,0.27,44307.69230769231,309.89948593658653
0.01,0.29,44307.69230769231,309.7614331377192
0.03,0.29,44307.69230769231,312.6390500468357
0.05,0.29,44307.69230769231,315.198700105846
0.07,0.29,44307.69230769231,317.45018672439227
0.09,0.29,44307.69230769231,319.39420634354053
0.11,0.29,44307.69230769231,321.0268930419184
0.13,0.29,44307.69230769231,322.3425448924486
0.15,0.29,44307.69230769231,323.33530019179284
0.17,0.29,44307.69230769231,324.0001464624422
0.19,0.29,44307.69230769231,324.3334978525517
0.21,0.29,44307.69230769231,324.3334978525517
0.23,0.29,44307.69230769231,324.0001464624422
0.25,0.29,44307.69230769231,323.33530019179284
0.27,0.29,44307.69230769231,322.3425448924486
0.29,0.29,44307.69230769231,321.0268930419184
0.31,0.29,44307.69230769231,319.39420634354053
0.33,0.29,44307.69230769231,317.45018672439227
0.35,0.29,44307.69230769231,315.198700105846
0.37,0.29,44307.69230769231,312.63905004683573
0.39,0.29,44307.69230769231,309.7614331377192
0.01,0.31,44307.69230769231,309.5883567073036
0.03,0.31,44307.69230769231,312.12496671218025
0.05,0.31,44307.69230769231,314.3597131654796
0.07,0.31,44307.69230769231,316.3119264691717
0.09,0.31,44307.69230769231,317.9896117717475
0.11,0.31,44307.69230769231,319.39420634354053
0.13,0.31,44307.69230769231,320.52375364014074
0.15,0.31,44307.69230769231,321.3749815326134
0.17,0.31,44307.69230769231,321.9446043175492
0.19,0.31,44307.69230769231,322.2300930561844
0.21,0.31,44307.69230769231,322.2300930561844
0.23,0.31,44307.69230769231,321.94460431754925
0.25,0.31,44307.69230769231,321.3749815326134
0.27,0.31,44307.69230769231,320.52375364014074
0.29,0.31,44307.69230769231,319.39420634354053
0.31,0.31,44307.69230769231,317.9896117717474
0.33,0.31,44307.69230769231,316.3119264691716
0.35,0.31,44307.69230769231,314.3597131654796
0.37,0.31,44307.69230769231,312.12496671218025
0.39,0.31,44307.69230769231,309.5883567073036
0.01,0.33,44307.69230769231,309.3785427345174
0.03,0.33,44307.69230769231,311.5035389752767
0.05,0.33,44307.69230769231,313.34960346692554
0.07,0.33,44307.69230769231,314.9472166105619
0.09,0.33,44307.69230769231,316.3119264691717
0.11,0.33,44307.69230769231,317.45018672439227
0.13,0.33,44307.69230769231,318.36342219323853
0.15,0.33,44307.69230769231,319.0506652247911
0.17,0.33,44307.69230769231,319.51017423755405
0.19,0.33,44307.69230769231,319.74037669516747
0.21,0.33,44307.69230769231,319.7403766951674
0.23,0.33,44307.69230769231,319.51017423755405
0.25,0.33,44307.69230769231,319.0506652247911
0.27,0.33,44307.69230769231,318.3634221932386
0.29,0.33,44307.69230769231,317.4501867243923
0.31,0.33,44307.69230769231,316.3119264691716
0.33,0.33,44307.69230769231,314.94721661056184
0.35,0.33,44307.69230769231,313.34960346692554
0.37,0.33,44307.69230769231,311.5035389752767
0.39,0.33,44307.69230769231,309.3785427345174
0.01,0.35,44307.69230769231,309.1275074063941
0.03,0.35,44307.69230769231,310.76504514258545
0.05,0.35,44307.69230769231,312.1585284097094
0.07,0.35,44307.69230769231,313.34960346692554
0.09,0.35,44307.69230769231,314.3597131654796
0.11,0.35,44307.69230769231,315.198700105846
0.13,0.35,44307.69230769231,315.870204453435
0.15,0.35,44307.69230769231,316.3748369515956
0.17,0.35,44307.69230769231,316.7119872002978
0.19,0.35,44307.69230769231,316.88082539855645
0.21,0.35,44307.69230769231,316.88082539855645
0.23,0.35,44307.69230769231,316.71198720029776
0.25,0.35,44307.69230769231,316.3748369515956
0.27,0.35,44307.69230769231,315.870204453435
0.29,0.35,44307.69230769231,315.19870010584606
0.31,0.35,44307.69230769231,314.3597131654796
0.33,0.35,44307.69230769231,313.34960346692554
0.35,0.35,44307.69230769231,312.1585284097094
0.37,0.35,44307.69230769231,310.76504514258545
0.39,0.35,44307.69230769231,309.12750740639405
0.01,0.37,44307.69230769231,308.82382080887817
0.03,0.37,44307.69230769231,309.8875446008584
0.05,0.37,44307.69230769231,310.76504514258545
0.07,0.37,44307.69230769231,311.5035389752767
0.09,0.37,44307.69230769231,312.12496671218025
0.11,0.37,44307.69230769231,312.63905004683573
0.13,0.37,44307.69230769231,313.04963893765324
0.15,0.37,44307.69230769231,313.3578458639568
0.17,0.37,44307.69230769231,313.56363958318303
0.19,0.37,44307.69230769231,313.66666747945555
0.21,0.37,44307.69230769231,313.6666674794555
0.23,0.37,44307.69230769231,313.56363958318303
0.25,0.37,44307.69230769231,313.35784586395675
0.27,0.37,44307.69230769231,313.04963893765324
0.29,0.37,44307.69230769231,312.63905004683573
0.31,0.37,44307.69230769231,312.12496671218025
0.33,0.37,44307.69230769231,311.5035389752767
0.35,0.37,44307.69230769231,310.76504514258545
0.37,0.37,44307.69230769231,309.88754460085846
0.39,0.37,44307.69230769231,308.82382080887817
0.01,0.39,44307.69230769231,308.4360247280818
0.03,0.39,44307.69230769231,308.8238208088782
0.05,0.39,44307.69230769231,309.12750740639405
0.07,0.39,44307.69230769231,309.3785427345174
0.09,0.39,44307.69230769231,309.5883567073036
0.11,0.39,44307.69230769231,309.7614331377192
0.13,0.39,44307.69230769231,309.89948593658653
0.15,0.39,44307.69230769231,310.0030502571652
0.17,0.39,44307.69230769231,310.07218092891566
0.19,0.39,44307.69230769231,310.10678571475
0.21,0.39,44307.69230769231,310.10678571475
0.23,0.39,44307.69230769231,310.07218092891566
0.25,0.39,44307.69230769231,310.0030502571651
0.27,0.39,44307.69230769231,309.8994859365866
0.29,0.39,44307.69230769231,309.7614331377192
0.31,0.39,44307.69230769231,309.5883567073036
0.33,0.39,44307.69230769231,309.3785427345174
0.35,0.39,44307.69230769231,309.1275074063941
0.37,0.39,44307.69230769231,308.82382080887817
0.39,0.39,44307.69230769231,308.4360247280818
0.01,0.01,46153.84615384616,308.4188478444546
0.03,0.01,46153.84615384616,308.78195758585207
0.05,0.01,46153.84615384616,309.0656106826266
0.07,0.01,46153.84615384616,309.2997725616175
0.09,0.01,46153.84615384616,309.4953699789833
0.11,0.01,46153.84615384616,309.6567002715592
0.13,0.01,46153.84615384616,309.7854018023056
0.15,0.01,46153.84615384616,309.8819746781542
0.17,0.01,46153.84615384616,309.9464542609172
0.19,0.01,46153.84615384616,309.97873646853463
0.21,0.01,46153.84615384616,309.97873646853463
0.23,0.01,46153.84615384616,309.9464542609172
0.25,0.01,46153.84615384616,309.8819746781542
0.27,0.01,46153.84615384616,309.7854018023056
0.29,0.01,46153.84615384616,309.6567002715592
0.31,0.01,46153.84615384616,309.4953699789833
0.33,0.01,46153.84615384616,309.2997725616175
0.35,0.01,46153.84615384616,309.0656106826266
0.37,0.01,46153.84615384616,308.78195758585207
0.39,0.01,46153.84615384616,308.41884784445455
0.01,0.03,46153.84615384616,308.78195758585207
0.03,0.03,46153.84615384616,309.77699520914445
0.05,0.03,46153.84615384616,310.59633767762904
0.07,0.03,46153.84615384616,311.28516929790266
0.09,0.03,46153.84615384616,311.8645540068005
0.11,0.03,46153.84615384616,312.3438383729268
0.13,0.03,46153.84615384616,312.7267048538404
0.15,0.03,46153.84615384616,313.0141805042604
0.17,0.03,46153.84615384616,313.206181880958
0.19,0.03,46153.84615384616,313.3023223970661
0.21,0.03,46153.84615384616,313.3023223970661
0.23,0.03,46153.84615384616,313.206181880958
0.25,0.03,46153.84615384616,313.0141805042603
0.27,0.03,46153.84615384616,312.7267048538403
0.29,0.03,46153.84615384616,312.3438383729268
0.31,0.03,46153.84615384616,311.8645540068005
0.33,0.03,46153.84615384616,311.28516929790266
0.35,0.03,46153.84615384616,310.59633767762904
0.37,0.03,46153.84615384616,309.7769952091444
0.39,0.03,46153.84615384616,308.78195758585207
0.01,0.05,46153.84615384616,309.0656106826266
0.03,0.05,46153.84615384616,310.596337677629
0.05,0.05,46153.84615384616,311.89710530627207
0.07,0.05,46153.84615384616,313.00807718828776
0.09,0.05,46153.84615384616,313.9499984335455
0.11,0.05,46153.84615384616,314.7323972930602
0.13,0.05,46153.84615384616,315.35876421565723
0.15,0.05,46153.84615384616,315.8296221091693
0.17,0.05,46153.84615384616,316.144296344465
0.19,0.05,46153.84615384616,316.3019096210795
0.21,0.05,46153.84615384616,316.3019096210795
0.23,0.05,46153.84615384616,316.1442963444649
0.25,0.05,46153.84615384616,315.8296221091693
0.27,0.05,46153.84615384616,315.3587642156572
0.29,0.05,46153.84615384616,314.73239729306016
0.31,0.05,46153.84615384616,313.94999843354543
0.33,0.05,46153.84615384616,313.00807718828776
0.35,0.05,46153.84615384616,311.89710530627207
0.37,0.05,46153.84615384616,310.59633767762904
0.39,0.05,46153.84615384616,309.0656106826265
0.01,0.07,46153.84615384616,309.2997725616175
0.03,0.07,46153.84615384616,311.28516929790266
0.05,0.07,46153.84615384616,313.0080771882878
0.07,0.07,46153.84615384616,314.4983030447062
0.09,0.07,46153.84615384616,315.7711317662632
0.11,0.07,46153.84615384616,316.8329288074932
0.13,0.07,46153.84615384616,317.68508082221587
0.15,0.07,46153.84615384616,318.3265802383653
0.17,0.07,46153.84615384616,318.75563537607246
0.19,0.07,46153.84615384616,318.9706256162722
0.21,0.07,46153.84615384616,318.9706256162722
0.23,0.07,46153.84615384616,318.75563537607246
0.25,0.07,46153.84615384616,318.3265802383653
0.27,0.07,46153.84615384616,317.6850808222158
0.29,0.07,46153.84615384616,316.83292880749315
0.31,0.07,46153.84615384616,315.7711317662631
0.33,0.07,46153.84615384616,314.4983030447062
0.35,0.07,46153.84615384616,313.0080771882877
0.37,0.07,46153.84615384616,311.2851692979026
0.39,0.07,46153.84615384616,309.2997725616175
0.01,0.09,46153.84615384616,309.4953699789833
0.03,0.09,46153.84615384616,311.8645540068005
0.05,0.09,46153.84615384616,313.9499984335455
0.07,0.09,46153.84615384616,315.7711317662631
0.09,0.09,46153.84615384616,317.33619035511856
0.11,0.09,46153.84615384616,318.6468186129571
0.13,0.09,46153.84615384616,319.7011865590586
0.15,0.09,46153.84615384616,320.49606546458705
0.17,0.09,46153.84615384616,321.02815549980863
0.19,0.09,46153.84615384616,321.2948914347374
0.21,0.09,46153.84615384616,321.2948914347374
0.23,0.09,46153.84615384616,321.02815549980863
0.25,0.09,46153.84615384616,320.496065464587
0.27,0.09,46153.84615384616,319.70118655905856
0.29,0.09,46153.84615384616,318.646818612957
0.31,0.09,46153.84615384616,317.33619035511856
0.33,0.09,46153.84615384616,315.7711317662631
0.35,0.09,46153.84615384616,313.94999843354543
0.37,0.09,46153.84615384616,311.8645540068005
0.39,0.09,46153.84615384616,309.4953699789833
0.01,0.11,46153.84615384616,309.6567002715592
0.03,0.11,46153.84615384616,312.3438383729267
0.05,0.11,46153.84615384616,314.73239729306016
0.07,0.11,46153.84615384616,316.83292880749315
0.09,0.11,46153.84615384616,318.646818612957
0.11,0.11,46153.84615384616,320.1707056218326
0.13,0.11,46153.84615384616,321.3991938383068
0.15,0.11,46153.84615384616,322.32656384711225
0.17,0.11,46153.84615384616,322.94783753111614
0.19,0.11,46153.84615384616,323.2594129559244
0.21,0.11,46153.84615384616,323.25941295592435
0.23,0.11,46153.84615384616,322.94783753111614
0.25,0.11,46153.84615384616,322.32656384711225
0.27,0.11,46153.84615384616,321.3991938383067
0.29,0.11,46153.84615384616,320.1707056218326
0.31,0.11,46153.84615384616,318.646818612957
0.33,0.11,46153.84615384616,316.83292880749315
0.35,0.11,46153.84615384616,314.73239729306016
0.37,0.11,46153.84615384616,312.3438383729267
0.39,0.11,46153.84615384616,309.6567002715592
0.01,0.13,46153.84615384616,309.7854018023056
0.03,0.13,46153.84615384616,312.7267048538404
0.05,0.13,46153.84615384616,315.3587642156572
0.07,0.13,46153.84615384616,317.6850808222158
0.09,0.13,46153.84615384616,319.7011865590586
0.11,0.13,46153.84615384616,321.3991938383068
0.13,0.13,46153.84615384616,322.7703582741329
0.15,0.13,46153.84615384616,323.8065731269854
0.17,0.13,46153.84615384616,324.501238351669
0.19,0.13,46153.84615384616,324.8497488950172
0.21,0.13,46153.84615384616,324.8497488950172
0.23,0.13,46153.84615384616,324.501238351669
0.25,0.13,46153.84615384616,323.8065731269855
0.27,0.13,46153.84615384616,322.7703582741329
0.29,0.13,46153.84615384616,321.3991938383067
0.31,0.13,46153.84615384616,319.70118655905856
0.33,0.13,46153.84615384616,317.6850808222158
0.35,0.13,46153.84615384616,315.3587642156572
0.37,0.13,46153.84615384616,312.7267048538404
0.39,0.13,46153.84615384616,309.7854018023056
0.01,0.15,46153.84615384616,309.8819746781542
0.03,0.15,46153.84615384616,313.0141805042603
0.05,0.15,46153.84615384616,315.8296221091693
0.07,0.15,46153.84615384616,318.3265802383653
0.09,0.15,46153.84615384616,320.496065464587
0.11,0.15,46153.84615384616,322.3265638471122
0.13,0.15,46153.84615384616,323.8065731269854
0.15,0.15,46153.84615384616,324.925983450809
0.17,0.15,46153.84615384616,325.6768190200966
0.19,0.15,46153.84615384616,326.05361930196136
0.21,0.15,46153.84615384616,326.05361930196136
0.23,0.15,46153.84615384616,325.6768190200966
0.25,0.15,46153.84615384616,324.925983450809
0.27,0.15,46153.84615384616,323.8065731269854
0.29,0.15,46153.84615384616,322.3265638471122
0.31,0.15,46153.84615384616,320.49606546458693
0.33,0.15,46153.84615384616,318.3265802383653
0.35,0.15,46153.84615384616,315.8296221091693
0.37,0.15,46153.84615384616,313.0141805042604
0.39,0.15,46153.84615384616,309.8819746781543
0.01,0.17,46153.84615384616,309.9464542609172
0.03,0.17,46153.84615384616,313.206181880958
0.05,0.17,46153.84615384616,316.1442963444649
0.07,0.17,46153.84615384616,318.75563537607246
0.09,0.17,46153.84615384616,321.02815549980863
0.11,0.17,46153.84615384616,322.9478375311161
0.13,0.17,46153.84615384616,324.501238351669
0.15,0.17,46153.84615384616,325.6768190200966
0.17,0.17,46153.84615384616,326.465613275761
0.19,0.17,46153.84615384616,326.8615413699674
0.21,0.17,46153.84615384616,326.8615413699674
0.23,0.17,46153.84615384616,326.465613275761
0.25,0.17,46153.84615384616,325.6768190200966
0.27,0.17,46153.84615384616,324.50123835166903
0.29,0.17,46153.84615384616,322.94783753111614
0.31,0.17,46153.84615384616,321.0281554998086
0.33,0.17,46153.84615384616,318.7556353760724
0.35,0.17,46153.84615384616,316.1442963444649
0.37,0.17,46153.84615384616,313.206181880958
0.39,0.17,46153.84615384616,309.9464542609173
0.01,0.19,46153.84615384616,309.97873646853463
0.03,0.19,46153.84615384616,313.3023223970661
0.05,0.19,46153.84615384616,316.3019096210795
0.07,0.19,46153.84615384616,318.9706256162722
0.09,0.19,46153.84615384616,321.2948914347374
0.11,0.19,46153.84615384616,323.25941295592435
0.13,0.19,46153.84615384616,324.8497488950172
0.15,0.19,46153.84615384616,326.05361930196136
0.17,0.19,46153.84615384616,326.8615413699675
0.19,0.19,46153.84615384616,327.2671112353044
0.21,0.19,46153.84615384616,327.2671112353044
0.23,0.19,46153.84615384616,326.8615413699675
0.25,0.19,46153.84615384616,326.05361930196136
0.27,0.19,46153.84615384616,324.8497488950172
0.29,0.19,46153.84615384616,323.2594129559244
0.31,0.19,46153.84615384616,321.2948914347374
0.33,0.19,46153.84615384616,318.9706256162721
0.35,0.19,46153.84615384616,316.3019096210795
0.37,0.19,46153.84615384616,313.3023223970662
0.39,0.19,46153.84615384616,309.9787364685347
0.01,0.21,46153.84615384616,309.97873646853463
0.03,0.21,46153.84615384616,313.3023223970661
0.05,0.21,46153.84615384616,316.30190962107946
0.07,0.21,46153.84615384616,318.9706256162721
0.09,0.21,46153.84615384616,321.29489143473734
0.11,0.21,46153.84615384616,323.2594129559243
0.13,0.21,46153.84615384616,324.8497488950172
0.15,0.21,46153.84615384616,326.05361930196136
0.17,0.21,46153.84615384616,326.8615413699675
0.19,0.21,46153.84615384616,327.2671112353044
0.21,0.21,46153.84615384616,327.2671112353044
0.23,0.21,46153.84615384616,326.8615413699675
0.25,0.21,46153.84615384616,326.0536193019613
0.27,0.21,46153.84615384616,324.8497488950172
0.29,0.21,46153.84615384616,323.25941295592435
0.31,0.21,46153.84615384616,321.29489143473734
0.33,0.21,46153.84615384616,318.9706256162722
0.35,0.21,46153.84615384616,316.3019096210795
0.37,0.21,46153.84615384616,313.3023223970662
0.39,0.21,46153.84615384616,309.97873646853463
0.01,0.23,46153.84615384616,309.9464542609172
0.03,0.23,46153.84615384616,313.206181880958
0.05,0.23,46153.84615384616,316.1442963444649
0.07,0.23,46153.84615384616,318.7556353760724
0.09,0.23,46153.84615384616,321.0281554998086
0.11,0.23,46153.84615384616,322.9478375311161
0.13,0.23,46153.84615384616,324.501238351669
0.15,0.23,46153.84615384616,325.6768190200966
0.17,0.23,46153.84615384616,326.465613275761
0.19,0.23,46153.84615384616,326.8615413699675
0.21,0.23,46153.84615384616,326.8615413699674
0.23,0.23,46153.84615384616,326.465613275761
0.25,0.23,46153.84615384616,325.6768190200966
0.27,0.23,46153.84615384616,324.501238351669
0.29,0.23,46153.84615384616,322.9478375311161
0.31,0.23,46153.84615384616,321.02815549980863
0.33,0.23,46153.84615384616,318.75563537607246
0.35,0.23,46153.84615384616,316.144296344465
0.37,0.23,46153.84615384616,313.206181880958
0.39,0.23,46153.84615384616,309.9464542609173
0.01,0.25,46153.84615384616,309.8819746781542
0.03,0.25,46153.84615384616,313.0141805042603
0.05,0.25,46153.84615384616,315.8296221091693
0.07,0.25,46153.84615384616,318.32658023836524
0.09,0.25,46153.84615384616,320.4960654645869
0.11,0.25,46153.84615384616,322.32656384711214
0.13,0.25,46153.84615384616,323.80657312698537
0.15,0.25,46153.84615384616,324.9259834508089
0.17,0.25,46153.84615384616,325.6768190200966
0.19,0.25,46153.84615384616,326.05361930196136
0.21,0.25,46153.84615384616,326.05361930196136
0.23,0.25,46153.84615384616,325.6768190200966
0.25,0.25,46153.84615384616,324.9259834508089
0.27,0.25,46153.84615384616,323.8065731269854
0.29,0.25,46153.84615384616,322.3265638471122
0.31,0.25,46153.84615384616,320.49606546458693
0.33,0.25,46153.84615384616,318.3265802383653
0.35,0.25,46153.84615384616,315.8296221091693
0.37,0.25,46153.84615384616,313.0141805042604
0.39,0.25,46153.84615384616,309.8819746781542
0.01,0.27,46153.84615384616,309.7854018023056
0.03,0.27,46153.84615384616,312.7267048538404
0.05,0.27,46153.84615384616,315.3587642156572
0.07,0.27,46153.84615384616,317.6850808222158
0.09,0.27,46153.84615384616,319.7011865590585
0.11,0.27,46153.84615384616,321.3991938383067
0.13,0.27,46153.84615384616,322.77035827413283
0.15,0.27,46153.84615384616,323.8065731269854
0.17,0.27,46153.84615384616,324.501238351669
0.19,0.27,46153.84615384616,324.8497488950172
0.21,0.27,46153.84615384616,324.8497488950172
0.23,0.27,46153.84615384616,324.50123835166903
0.25,0.27,46153.84615384616,323.8065731269854
0.27,0.27,46153.84615384616,322.77035827413283
0.29,0.27,46153.84615384616,321.39919383830664
0.31,0.27,46153.84615384616,319.70118655905856
0.33,0.27,46153.84615384616,317.6850808222158
0.35,0.27,46153.84615384616,315.3587642156572
0.37,0.27,46153.84615384616,312.7267048538404
0.39,0.27,46153.84615384616,309.7854018023056
0.01,0.29,46153.84615384616,309.6567002715592
0.03,0.29,46153.84615384616,312.3438383729268
0.05,0.29,46153.84615384616,314.73239729306016
0.07,0.29,46153.84615384616,316.83292880749315
0.09,0.29,46153.84615384616,318.646818612957
0.11,0.29,46153.84615384616,320.1707056218325
0.13,0.29,46153.84615384616,321.3991938383067
0.15,0.29,46153.84615384616,322.3265638471122
0.17,0.29,46153.84615384616,322.94783753111614
0.19,0.29,46153.84615384616,323.25941295592435
0.21,0.29,46153.84615384616,323.2594129559244
0.23,0.29,46153.84615384616,322.94783753111614
0.25,0.29,46153.84615384616,322.3265638471122
0.27,0.29,46153.84615384616,321.3991938383067
0.29,0.29,46153.84615384616,320.1707056218325
0.31,0.29,46153.84615384616,318.64681861295696
0.33,0.29,46153.84615384616,316.8329288074931
0.35,0.29,46153.84615384616,314.73239729306016
0.37,0.29,46153.84615384616,312.3438383729268
0.39,0.29,46153.84615384616,309.6567002715592
0.01,0.31,46153.84615384616,309.4953699789833
0.03,0.31,46153.84615384616,311.8645540068005
0.05,0.31,46153.84615384616,313.94999843354543
0.07,0.31,46153.84615384616,315.7711317662631
0.09,0.31,46153.84615384616,317.33619035511856
0.11,0.31,46153.84615384616,318.6468186129571
0.13,0.31,46153.84615384616,319.70118655905856
0.15,0.31,46153.84615384616,320.49606546458693
0.17,0.31,46153.84615384616,321.02815549980863
0.19,0.31,46153.84615384616,321.29489143473734
0.21,0.31,46153.84615384616,321.2948914347374
0.23,0.31,46153.84615384616,321.0281554998086
0.25,0.31,46153.84615384616,320.496065464587
0.27,0.31,46153.84615384616,319.70118655905856
0.29,0.31,46153.84615384616,318.646818612957
0.31,0.31,46153.84615384616,317.3361903551185
0.33,0.31,46153.84615384616,315.7711317662631
0.35,0.31,46153.84615384616,313.94999843354543
0.37,0.31,46153.84615384616,311.8645540068005
0.39,0.31,46153.84615384616,309.4953699789833
0.01,0.33,46153.84615384616,309.2997725616175
0.03,0.33,46153.84615384616,311.28516929790266
0.05,0.33,46153.84615384616,313.0080771882877
0.07,0.33,46153.84615384616,314.4983030447062
0.09,0.33,46153.84615384616,315.7711317662631
0.11,0.33,46153.84615384616,316.83292880749315
0.13,0.33,46153.84615384616,317.68508082221587
0.15,0.33,46153.84615384616,318.3265802383653
0.17,0.33,46153.84615384616,318.7556353760724
0.19,0.33,46153.84615384616,318.9706256162721
0.21,0.33,46153.84615384616,318.9706256162721
0.23,0.33,46153.84615384616,318.7556353760724
0.25,0.33,46153.84615384616,318.3265802383653
0.27,0.33,46153.84615384616,317.6850808222158
0.29,0.33,46153.84615384616,316.83292880749315
0.31,0.33,46153.84615384616,315.7711317662632
0.33,0.33,46153.84615384616,314.4983030447062
0.35,0.33,46153.84615384616,313.00807718828776
0.37,0.33,46153.84615384616,311.28516929790266
0.39,0.33,46153.84615384616,309.2997725616175
0.01,0.35,46153.84615384616,309.0656106826266
0.03,0.35,46153.84615384616,310.59633767762904
0.05,0.35,46153.84615384616,311.89710530627207
0.07,0.35,46153.84615384616,313.00807718828776
0.09,0.35,46153.84615384616,313.94999843354543
0.11,0.35,46153.84615384616,314.73239729306016
0.13,0.35,46153.84615384616,315.3587642156572
0.15,0.35,46153.84615384616,315.8296221091693
0.17,0.35,46153.84615384616,316.1442963444649
0.19,0.35,46153.84615384616,316.3019096210795
0.21,0.35,46153.84615384616,316.30190962107946
0.23,0.35,46153.84615384616,316.1442963444649
0.25,0.35,46153.84615384616,315.8296221091693
0.27,0.35,46153.84615384616,315.35876421565723
0.29,0.35,46153.84615384616,314.7323972930602
0.31,0.35,46153.84615384616,313.9499984335455
0.33,0.35,46153.84615384616,313.00807718828776
0.35,0.35,46153.84615384616,311.89710530627207
0.37,0.35,46153.84615384616,310.59633767762904
0.39,0.35,46153.84615384616,309.0656106826266
0.01,0.37,46153.84615384616,308.78195758585207
0.03,0.37,46153.84615384616,309.7769952091444
0.05,0.37,46153.84615384616,310.596337677629
0.07,0.37,46153.84615384616,311.2851692979026
0.09,0.37,46153.84615384616,311.8645540068005
0.11,0.37,46153.84615384616,312.3438383729267
0.13,0.37,46153.84615384616,312.7267048538404
0.15,0.37,46153.84615384616,313.0141805042603
0.17,0.37,46153.84615384616,313.206181880958
0.19,0.37,46153.84615384616,313.30232239706606
0.21,0.37,46153.84615384616,313.30232239706606
0.23,0.37,46153.84615384616,313.206181880958
0.25,0.37,46153.84615384616,313.0141805042604
0.27,0.37,46153.84615384616,312.7267048538404
0.29,0.37,46153.84615384616,312.3438383729268
0.31,0.37,46153.84615384616,311.8645540068006
0.33,0.37,46153.84615384616,311.28516929790266
0.35,0.37,46153.84615384616,310.59633767762904
0.37,0.37,46153.84615384616,309.7769952091444
0.39,0.37,46153.84615384616,308.78195758585207
0.01,0.39,46153.84615384616,308.41884784445455
0.03,0.39,46153.84615384616,308.78195758585207
0.05,0.39,46153.84615384616,309.0656106826266
0.07,0.39,46153.84615384616,309.2997725616175
0.09,0.39,46153.84615384616,309.4953699789833
0.11,0.39,46153.84615384616,309.6567002715592
0.13,0.39,46153.84615384616,309.7854018023056
0.15,0.39,46153.84615384616,309.8819746781542
0.17,0.39,46153.84615384616,309.9464542609173
0.19,0.39,46153.84615384616,309.97873646853463
0.21,0.39,46153.84615384616,309.9787364685347
0.23,0.39,46153.84615384616,309.9464542609173
0.25,0.39,46153.84615384616,309.8819746781542
0.27,0.39,46153.84615384616,309.7854018023056
0.29,0.39,46153.84615384616,309.6567002715592
0.31,0.39,46153.84615384616,309.4953699789833
0.33,0.39,46153.84615384616,309.2997725616175
0.35,0.39,46153.84615384616,309.0656106826266
0.37,0.39,46153.84615384616,308.78195758585207
0.39,0.39,46153.84615384616,308.4188478444546
0.01,0.01,48000.0,308.4030475694965
0.03,0.01,48000.0,308.7433659592017
0.05,0.01,48000.0,309.00845743969023
0.07,0.01,48000.0,309.2269299885318
0.09,0.01,48000.0,309.40926204314684
0.11,0.01,48000.0,309.5595953622536
0.13,0.01,48000.0,309.6795154930435
0.15,0.01,48000.0,309.7695061964829
0.17,0.01,48000.0,309.8295984638357
0.19,0.01,48000.0,309.8596871561857
0.21,0.01,48000.0,309.8596871561857
0.23,0.01,48000.0,309.8295984638357
0.25,0.01,48000.0,309.7695061964829
0.27,0.01,48000.0,309.6795154930435
0.29,0.01,48000.0,309.5595953622536
0.31,0.01,48000.0,309.40926204314684
0.33,0.01,48000.0,309.2269299885318
0.35,0.01,48000.0,309.00845743969023
0.37,0.01,48000.0,308.7433659592017
0.39,0.01,48000.0,308.4030475694965
0.01,0.03,48000.0,308.7433659592017
0.03,0.03,48000.0,309.67491437668514
0.05,0.03,48000.0,310.44032933665795
0.07,0.03,48000.0,311.08295419354755
0.09,0.03,48000.0,311.6230854853177
0.11,0.03,48000.0,312.06977132083125
0.13,0.03,48000.0,312.42658958478563
0.15,0.03,48000.0,312.6945360523035
0.17,0.03,48000.0,312.8735195541092
0.19,0.03,48000.0,312.9631515274548
0.21,0.03,48000.0,312.9631515274548
0.23,0.03,48000.0,312.87351955410924
0.25,0.03,48000.0,312.6945360523034
0.27,0.03,48000.0,312.4265895847857
0.29,0.03,48000.0,312.06977132083125
0.31,0.03,48000.0,311.6230854853177
0.33,0.03,48000.0,311.08295419354755
0.35,0.03,48000.0,310.44032933665795
0.37,0.03,48000.0,309.67491437668514
0.39,0.03,48000.0,308.7433659592017
0.01,0.05,48000.0,309.00845743969023
0.03,0.05,48000.0,310.44032933665795
0.05,0.05,48000.0,311.6550338354673
0.07,0.05,48000.0,312.6914046769985
0.09,0.05,48000.0,313.56960459285165
0.11,0.05,48000.0,314.29894745119043
0.13,0.05,48000.0,314.8828664912996
0.15,0.05,48000.0,315.3218810425691
0.17,0.05,48000.0,315.615323245792
0.19,0.05,48000.0,315.762319966124
0.21,0.05,48000.0,315.762319966124
0.23,0.05,48000.0,315.615323245792
0.25,0.05,48000.0,315.32188104256903
0.27,0.05,48000.0,314.8828664912995
0.29,0.05,48000.0,314.29894745119043
0.31,0.05,48000.0,313.56960459285165
0.33,0.05,48000.0,312.6914046769985
0.35,0.05,48000.0,311.6550338354673
0.37,0.05,48000.0,310.44032933665795
0.39,0.05,48000.0,309.00845743969023
0.01,0.07,48000.0,309.2269299885318
0.03,0.07,48000.0,311.08295419354755
0.05,0.07,48000.0,312.69140467699856
0.07,0.07,48000.0,314.0815074642618
0.09,0.07,48000.0,315.26838289892135
0.11,0.07,48000.0,316.25841551529675
0.13,0.07,48000.0,317.0530657384651
0.15,0.07,48000.0,317.6513940517908
0.17,0.07,48000.0,318.0516521767881
0.19,0.07,48000.0,318.25224034376055
0.21,0.07,48000.0,318.25224034376055
0.23,0.07,48000.0,318.0516521767881
0.25,0.07,48000.0,317.6513940517907
0.27,0.07,48000.0,317.053065738465
0.29,0.07,48000.0,316.2584155152968
0.31,0.07,48000.0,315.2683828989214
0.33,0.07,48000.0,314.0815074642618
0.35,0.07,48000.0,312.69140467699856
0.37,0.07,48000.0,311.08295419354755
0.39,0.07,48000.0,309.2269299885318
0.01,0.09,48000.0,309.4092620431468
0.03,0.09,48000.0,311.62308548531763
0.05,0.09,48000.0,313.5696045928516
0.07,0.09,48000.0,315.2683828989213
0.09,0.09,48000.0,316.7279634726655
0.11,0.09,48000.0,317.9503042337664
0.13,0.09,48000.0,318.93382578466475
0.15,0.09,48000.0,319.6754687226664
0.17,0.09,48000.0,320.1720308814413
0.19,0.09,48000.0,320.42099418333913
0.21,0.09,48000.0,320.42099418333913
0.23,0.09,48000.0,320.1720308814413
0.25,0.09,48000.0,319.6754687226663
0.27,0.09,48000.0,318.93382578466475
0.29,0.09,48000.0,317.9503042337664
0.31,0.09,48000.0,316.7279634726656
0.33,0.09,48000.0,315.2683828989214
0.35,0.09,48000.0,313.56960459285165
0.37,0.09,48000.0,311.62308548531763
0.39,0.09,48000.0,309.40926204314684
0.01,0.11,48000.0,309.5595953622536
0.03,0.11,48000.0,312.0697713208312
0.05,0.11,48000.0,314.29894745119043
0.07,0.11,48000.0,316.25841551529675
0.09,0.11,48000.0,317.9503042337664
0.11,0.11,48000.0,319.3718596893372
0.13,0.11,48000.0,320.5181233342055
0.15,0.11,48000.0,321.3836573203181
0.17,0.11,48000.0,321.9636441043708
0.19,0.11,48000.0,322.2545608741792
0.21,0.11,48000.0,322.2545608741792
0.23,0.11,48000.0,321.9636441043708
0.25,0.11,48000.0,321.3836573203181
0.27,0.11,48000.0,320.5181233342055
0.29,0.11,48000.0,319.37185968933727
0.31,0.11,48000.0,317.9503042337664
0.33,0.11,48000.0,316.2584155152968
0.35,0.11,48000.0,314.29894745119043
0.37,0.11,48000.0,312.06977132083125
0.39,0.11,48000.0,309.5595953622536
0.01,0.13,48000.0,309.6795154930435
0.03,0.13,48000.0,312.42658958478563
0.05,0.13,48000.0,314.8828664912995
0.07,0.13,48000.0,317.053065738465
0.09,0.13,48000.0,318.9338257846647
0.11,0.13,48000.0,320.5181233342055
0.13,0.13,48000.0,321.79782233310993
0.15,0.13,48000.0,322.765204281433
0.17,0.13,48000.0,323.4138917038422
0.19,0.13,48000.0,323.7393912991657
0.21,0.13,48000.0,323.7393912991657
0.23,0.13,48000.0,323.41389170384224
0.25,0.13,48000.0,322.765204281433
0.27,0.13,48000.0,321.79782233311
0.29,0.13,48000.0,320.5181233342055
0.31,0.13,48000.0,318.93382578466475
0.33,0.13,48000.0,317.053065738465
0.35,0.13,48000.0,314.88286649129947
0.37,0.13,48000.0,312.4265895847857
0.39,0.13,48000.0,309.6795154930435
0.01,0.15,48000.0,309.76950619648284
0.03,0.15,48000.0,312.6945360523034
0.05,0.15,48000.0,315.32188104256903
0.07,0.15,48000.0,317.65139405179065
0.09,0.15,48000.0,319.67546872266627
0.11,0.15,48000.0,321.38365732031804
0.13,0.15,48000.0,322.76520428143294
0.15,0.15,48000.0,323.81047686044815
0.17,0.15,48000.0,324.5117748893494
0.19,0.15,48000.0,324.8637782274982
0.21,0.15,48000.0,324.8637782274982
0.23,0.15,48000.0,324.5117748893494
0.25,0.15,48000.0,323.8104768604482
0.27,0.15,48000.0,322.765204281433
0.29,0.15,48000.0,321.3836573203181
0.31,0.15,48000.0,319.6754687226664
0.33,0.15,48000.0,317.6513940517907
0.35,0.15,48000.0,315.32188104256903
0.37,0.15,48000.0,312.6945360523034
0.39,0.15,48000.0,309.7695061964829
0.01,0.17,48000.0,309.8295984638357
0.03,0.17,48000.0,312.8735195541092
0.05,0.17,48000.0,315.615323245792
0.07,0.17,48000.0,318.051652176788
0.09,0.17,48000.0,320.1720308814413
0.11,0.17,48000.0,321.9636441043707
0.13,0.17,48000.0,323.4138917038422
0.15,0.17,48000.0,324.5117748893494
0.17,0.17,48000.0,325.2486413716342
0.19,0.17,48000.0,325.61857284347747
0.21,0.17,48000.0,325.61857284347747
0.23,0.17,48000.0,325.2486413716342
0.25,0.17,48000.0,324.5117748893494
0.27,0.17,48000.0,323.41389170384224
0.29,0.17,48000.0,321.9636441043708
0.31,0.17,48000.0,320.1720308814413
0.33,0.17,48000.0,318.0516521767881
0.35,0.17,48000.0,315.615323245792
0.37,0.17,48000.0,312.87351955410924
0.39,0.17,48000.0,309.8295984638357
0.01,0.19,48000.0,309.8596871561857
0.03,0.19,48000.0,312.9631515274547
0.05,0.19,48000.0,315.762319966124
0.07,0.19,48000.0,318.2522403437605
0.09,0.19,48000.0,320.4209941833391
0.11,0.19,48000.0,322.2545608741792
0.13,0.19,48000.0,323.7393912991656
0.15,0.19,48000.0,324.8637782274982
0.17,0.19,48000.0,325.6185728434775
0.19,0.19,48000.0,325.99754382364
0.21,0.19,48000.0,325.99754382363994
0.23,0.19,48000.0,325.61857284347747
0.25,0.19,48000.0,324.8637782274982
0.27,0.19,48000.0,323.7393912991656
0.29,0.19,48000.0,322.2545608741793
0.31,0.19,48000.0,320.42099418333913
0.33,0.19,48000.0,318.25224034376055
0.35,0.19,48000.0,315.762319966124
0.37,0.19,48000.0,312.9631515274548
0.39,0.19,48000.0,309.85968715618577
0.01,0.21,48000.0,309.8596871561857
0.03,0.21,48000.0,312.9631515274547
0.05,0.21,48000.0,315.762319966124
0.07,0.21,48000.0,318.2522403437605
0.09,0.21,48000.0,320.4209941833391
0.11,0.21,48000.0,322.2545608741791
0.13,0.21,48000.0,323.7393912991656
0.15,0.21,48000.0,324.8637782274982
0.17,0.21,48000.0,325.6185728434775
0.19,0.21,48000.0,325.99754382364
0.21,0.21,48000.0,325.99754382364
0.23,0.21,48000.0,325.61857284347747
0.25,0.21,48000.0,324.8637782274982
0.27,0.21,48000.0,323.7393912991656
0.29,0.21,48000.0,322.2545608741792
0.31,0.21,48000.0,320.42099418333913
0.33,0.21,48000.0,318.25224034376055
0.35,0.21,48000.0,315.762319966124
0.37,0.21,48000.0,312.9631515274548
0.39,0.21,48000.0,309.85968715618577
0.01,0.23,48000.0,309.8295984638357
0.03,0.23,48000.0,312.8735195541092
0.05,0.23,48000.0,315.615323245792
0.07,0.23,48000.0,318.051652176788
0.09,0.23,48000.0,320.17203088144123
0.11,0.23,48000.0,321.9636441043707
0.13,0.23,48000.0,323.4138917038422
0.15,0.23,48000.0,324.5117748893494
0.17,0.23,48000.0,325.2486413716342
0.19,0.23,48000.0,325.6185728434775
0.21,0.23,48000.0,325.6185728434775
0.23,0.23,48000.0,325.2486413716342
0.25,0.23,48000.0,324.5117748893494
0.27,0.23,48000.0,323.4138917038422
0.29,0.23,48000.0,321.9636441043708
0.31,0.23,48000.0,320.17203088144123
0.33,0.23,48000.0,318.051652176788
0.35,0.23,48000.0,315.615323245792
0.37,0.23,48000.0,312.87351955410924
0.39,0.23,48000.0,309.82959846383574
0.01,0.25,48000.0,309.7695061964829
0.03,0.25,48000.0,312.6945360523034
0.05,0.25,48000.0,315.32188104256903
0.07,0.25,48000.0,317.6513940517907
0.09,0.25,48000.0,319.67546872266627
0.11,0.25,48000.0,321.38365732031804
0.13,0.25,48000.0,322.76520428143294
0.15,0.25,48000.0,323.81047686044815
0.17,0.25,48000.0,324.51177488934945
0.19,0.25,48000.0,324.86377822749824
0.21,0.25,48000.0,324.86377822749824
0.23,0.25,48000.0,324.51177488934945
0.25,0.25,48000.0,323.8104768604482
0.27,0.25,48000.0,322.765204281433
0.29,0.25,48000.0,321.3836573203181
0.31,0.25,48000.0,319.6754687226663
0.33,0.25,48000.0,317.65139405179065
0.35,0.25,48000.0,315.32188104256903
0.37,0.25,48000.0,312.6945360523035
0.39,0.25,48000.0,309.7695061964829
0.01,0.27,48000.0,309.6795154930435
0.03,0.27,48000.0,312.42658958478563
0.05,0.27,48000.0,314.8828664912995
0.07,0.27,48000.0,317.053065738465
0.09,0.27,48000.0,318.9338257846647
0.11,0.27,48000.0,320.5181233342054
0.13,0.27,48000.0,321.79782233310993
0.15,0.27,48000.0,322.765204281433
0.17,0.27,48000.0,323.41389170384224
0.19,0.27,48000.0,323.7393912991657
0.21,0.27,48000.0,323.7393912991657
0.23,0.27,48000.0,323.41389170384224
0.25,0.27,48000.0,322.765204281433
0.27,0.27,48000.0,321.79782233310993
0.29,0.27,48000.0,320.5181233342055
0.31,0.27,48000.0,318.93382578466475
0.33,0.27,48000.0,317.053065738465
0.35,0.27,48000.0,314.8828664912995
0.37,0.27,48000.0,312.4265895847857
0.39,0.27,48000.0,309.6795154930435
0.01,0.29,48000.0,309.5595953622536
0.03,0.29,48000.0,312.0697713208312
0.05,0.29,48000.0,314.29894745119043
0.07,0.29,48000.0,316.25841551529675
0.09,0.29,48000.0,317.9503042337664
0.11,0.29,48000.0,319.3718596893372
0.13,0.29,48000.0,320.5181233342055
0.15,0.29,48000.0,321.3836573203181
0.17,0.29,48000.0,321.9636441043708
0.19,0.29,48000.0,322.2545608741792
0.21,0.29,48000.0,322.2545608741792
0.23,0.29,48000.0,321.9636441043708
0.25,0.29,48000.0,321.3836573203181
0.27,0.29,48000.0,320.5181233342055
0.29,0.29,48000.0,319.37185968933727
0.31,0.29,48000.0,317.9503042337664
0.33,0.29,48000.0,316.25841551529675
0.35,0.29,48000.0,314.29894745119043
0.37,0.29,48000.0,312.06977132083125
0.39,0.29,48000.0,309.5595953622536
0.01,0.31,48000.0,309.4092620431468
0.03,0.31,48000.0,311.62308548531763
0.05,0.31,48000.0,313.56960459285165
0.07,0.31,48000.0,315.26838289892135
0.09,0.31,48000.0,316.72796347266546
0.11,0.31,48000.0,317.9503042337664
0.13,0.31,48000.0,318.93382578466475
0.15,0.31,48000.0,319.6754687226663
0.17,0.31,48000.0,320.1720308814413
0.19,0.31,48000.0,320.42099418333913
0.21,0.31,48000.0,320.4209941833391
0.23,0.31,48000.0,320.17203088144123
0.25,0.31,48000.0,319.6754687226663
0.27,0.31,48000.0,318.9338257846647
0.29,0.31,48000.0,317.9503042337664
0.31,0.31,48000.0,316.7279634726655
0.33,0.31,48000.0,315.2683828989214
0.35,0.31,48000.0,313.56960459285165
0.37,0.31,48000.0,311.6230854853177
0.39,0.31,48000.0,309.40926204314684
0.01,0.33,48000.0,309.22692998853177
0.03,0.33,48000.0,311.08295419354755
0.05,0.33,48000.0,312.6914046769985
0.07,0.33,48000.0,314.08150746426173
0.09,0.33,48000.0,315.26838289892135
0.11,0.33,48000.0,316.25841551529675
0.13,0.33,48000.0,317.053065738465
0.15,0.33,48000.0,317.6513940517907
0.17,0.33,48000.0,318.0516521767881
0.19,0.33,48000.0,318.25224034376055
0.21,0.33,48000.0,318.2522403437605
0.23,0.33,48000.0,318.051652176788
0.25,0.33,48000.0,317.6513940517907
0.27,0.33,48000.0,317.053065738465
0.29,0.33,48000.0,316.2584155152968
0.31,0.33,48000.0,315.2683828989214
0.33,0.33,48000.0,314.0815074642618
0.35,0.33,48000.0,312.6914046769986
0.37,0.33,48000.0,311.0829541935476
0.39,0.33,48000.0,309.2269299885318
0.01,0.35,48000.0,309.0084574396902
0.03,0.35,48000.0,310.4403293366579
0.05,0.35,48000.0,311.6550338354673
0.07,0.35,48000.0,312.6914046769985
0.09,0.35,48000.0,313.5696045928516
0.11,0.35,48000.0,314.29894745119043
0.13,0.35,48000.0,314.8828664912995
0.15,0.35,48000.0,315.32188104256903
0.17,0.35,48000.0,315.6153232457919
0.19,0.35,48000.0,315.7623199661239
0.21,0.35,48000.0,315.762319966124
0.23,0.35,48000.0,315.615323245792
0.25,0.35,48000.0,315.32188104256903
0.27,0.35,48000.0,314.8828664912996
0.29,0.35,48000.0,314.2989474511905
0.31,0.35,48000.0,313.5696045928517
0.33,0.35,48000.0,312.69140467699856
0.35,0.35,48000.0,311.6550338354673
0.37,0.35,48000.0,310.44032933665795
0.39,0.35,48000.0,309.00845743969023
0.01,0.37,48000.0,308.7433659592017
0.03,0.37,48000.0,309.67491437668514
0.05,0.37,48000.0,310.4403293366579
0.07,0.37,48000.0,311.0829541935475
0.09,0.37,48000.0,311.62308548531763
0.11,0.37,48000.0,312.0697713208312
0.13,0.37,48000.0,312.42658958478563
0.15,0.37,48000.0,312.6945360523034
0.17,0.37,48000.0,312.8735195541092
0.19,0.37,48000.0,312.9631515274547
0.21,0.37,48000.0,312.9631515274548
0.23,0.37,48000.0,312.87351955410924
0.25,0.37,48000.0,312.6945360523034
0.27,0.37,48000.0,312.4265895847857
0.29,0.37,48000.0,312.06977132083125
0.31,0.37,48000.0,311.6230854853177
0.33,0.37,48000.0,311.08295419354755
0.35,0.37,48000.0,310.44032933665795
0.37,0.37,48000.0,309.67491437668514
0.39,0.37,48000.0,308.7433659592017
0.01,0.39,48000.0,308.4030475694965
0.03,0.39,48000.0,308.7433659592017
0.05,0.39,48000.0,309.0084574396903
0.07,0.39,48000.0,309.22692998853177
0.09,0.39,48000.0,309.4092620431468
0.11,0.39,48000.0,309.5595953622536
0.13,0.39,48000.0,309.6795154930435
0.15,0.39,48000.0,309.7695061964829
0.17,0.39,48000.0,309.8295984638357
0.19,0.39,48000.0,309.8596871561857
0.21,0.39,48000.0,309.8596871561857
0.23,0.39,48000.0,309.8295984638357
0.25,0.39,48000.0,309.7695061964829
0.27,0.39,48000.0,309.6795154930435
0.29,0.39,48000.0,309.5595953622536
0.31,0.39,48000.0,309.40926204314684
0.33,0.39,48000.0,309.2269299885318
0.35,0.39,48000.0,309.00845743969023
0.37,0.39,48000.0,308.7433659592017
0.39,0.39,48000.0,308.40304756949644
0.01,0.01,49846.15384615384,308.3884915016343
0.03,0.01,49846.15384615384,308.7077532073226
0.05,0.01,49846.15384615384,308.9556468965777
0.07,0.01,49846.15384615384,309.1595407118483
0.09,0.01,49846.15384615384,309.3295107040292
0.11,0.01,49846.15384615384,309.4695674833151
0.13,0.01,49846.15384615384,309.5812609238321
0.15,0.01,49846.15384615384,309.6650722240928
0.17,0.01,49846.15384615384,309.7210390529589
0.19,0.01,49846.15384615384,309.74906310244546
0.21,0.01,49846.15384615384,309.74906310244546
0.23,0.01,49846.15384615384,309.7210390529589
0.25,0.01,49846.15384615384,309.66507222409274
0.27,0.01,49846.15384615384,309.5812609238321
0.29,0.01,49846.15384615384,309.4695674833151
0.31,0.01,49846.15384615384,309.32951070402913
0.33,0.01,49846.15384615384,309.15954071184825
0.35,0.01,49846.15384615384,308.9556468965777
0.37,0.01,49846.15384615384,308.7077532073225
0.39,0.01,49846.15384615384,308.38849150163423
0.01,0.03,49846.15384615384,308.7077532073226
0.03,0.03,49846.15384615384,309.5805891875263
0.05,0.03,49846.15384615384,310.29600681793755
0.07,0.03,49846.15384615384,310.8956724572535
0.09,0.03,49846.15384615384,311.39920450562244
0.11,0.03,49846.15384615384,311.81541189955766
0.13,0.03,49846.15384615384,312.1478148659726
0.15,0.03,49846.15384615384,312.39741765369934
0.17,0.03,49846.15384615384,312.5641539016979
0.19,0.03,49846.15384615384,312.64765648962924
0.21,0.03,49846.15384615384,312.64765648962924
0.23,0.03,49846.15384615384,312.56415390169786
0.25,0.03,49846.15384615384,312.3974176536993
0.27,0.03,49846.15384615384,312.1478148659726
0.29,0.03,49846.15384615384,311.81541189955766
0.31,0.03,49846.15384615384,311.3992045056225
0.33,0.03,49846.15384615384,310.8956724572535
0.35,0.03,49846.15384615384,310.2960068179375
0.37,0.03,49846.15384615384,309.5805891875263
0.39,0.03,49846.15384615384,308.7077532073225
0.01,0.05,49846.15384615384,308.9556468965777
0.03,0.05,49846.15384615384,310.29600681793755
0.05,0.05,49846.15384615384,311.430849660762
0.07,0.05,49846.15384615384,312.3978064430765
0.09,0.05,49846.15384615384,313.2165477700136
0.11,0.05,49846.15384615384,313.8962478100807
0.13,0.05,49846.15384615384,314.4403502698607
0.15,0.05,49846.15384615384,314.849432242812
0.17,0.05,49846.15384615384,315.1228844101534
0.19,0.05,49846.15384615384,315.2598755857229
0.21,0.05,49846.15384615384,315.2598755857229
0.23,0.05,49846.15384615384,315.1228844101534
0.25,0.05,49846.15384615384,314.849432242812
0.27,0.05,49846.15384615384,314.4403502698607
0.29,0.05,49846.15384615384,313.8962478100807
0.31,0.05,49846.15384615384,313.2165477700136
0.33,0.05,49846.15384615384,312.3978064430765
0.35,0.05,49846.15384615384,311.430849660762
0.37,0.05,49846.15384615384,310.2960068179375
0.39,0.05,49846.15384615384,308.9556468965777
0.01,0.07,49846.15384615384,309.1595407118483
0.03,0.07,49846.15384615384,310.8956724572535
0.05,0.07,49846.15384615384,312.3978064430765
0.07,0.07,49846.15384615384,313.6946593984744
0.09,0.07,49846.15384615384,314.801258553699
0.11,0.07,49846.15384615384,315.724083985304
0.13,0.07,49846.15384615384,316.46474985501345
0.15,0.07,49846.15384615384,317.0224624379928
0.17,0.07,49846.15384615384,317.39558468106736
0.19,0.07,49846.15384615384,317.5825879528484
0.21,0.07,49846.15384615384,317.5825879528484
0.23,0.07,49846.15384615384,317.3955846810673
0.25,0.07,49846.15384615384,317.0224624379928
0.27,0.07,49846.15384615384,316.4647498550135
0.29,0.07,49846.15384615384,315.72408398530405
0.31,0.07,49846.15384615384,314.80125855369903
0.33,0.07,49846.15384615384,313.6946593984744
0.35,0.07,49846.15384615384,312.3978064430765
0.37,0.07,49846.15384615384,310.8956724572535
0.39,0.07,49846.15384615384,309.1595407118483
0.01,0.09,49846.15384615384,309.32951070402913
0.03,0.09,49846.15384615384,311.39920450562244
0.05,0.09,49846.15384615384,313.2165477700136
0.07,0.09,49846.15384615384,314.801258553699
0.09,0.09,49846.15384615384,316.16223406964593
0.11,0.09,49846.15384615384,317.3018172005192
0.13,0.09,49846.15384615384,318.2187654649406
0.15,0.09,49846.15384615384,318.9102783475884
0.17,0.09,49846.15384615384,319.3733319432671
0.19,0.09,49846.15384615384,319.6055160018985
0.21,0.09,49846.15384615384,319.6055160018984
0.23,0.09,49846.15384615384,319.3733319432671
0.25,0.09,49846.15384615384,318.9102783475883
0.27,0.09,49846.15384615384,318.21876546494065
0.29,0.09,49846.15384615384,317.3018172005192
0.31,0.09,49846.15384615384,316.162234069646
0.33,0.09,49846.15384615384,314.801258553699
0.35,0.09,49846.15384615384,313.2165477700136
0.37,0.09,49846.15384615384,311.3992045056225
0.39,0.09,49846.15384615384,309.32951070402913
0.01,0.11,49846.15384615384,309.469567483315
0.03,0.11,49846.15384615384,311.8154118995576
0.05,0.11,49846.15384615384,313.89624781008064
0.07,0.11,49846.15384615384,315.724083985304
0.09,0.11,49846.15384615384,317.3018172005192
0.11,0.11,49846.15384615384,318.62736500846654
0.13,0.11,49846.15384615384,319.69629557389203
0.15,0.11,49846.15384615384,320.5035505247498
0.17,0.11,49846.15384615384,321.0445633379133
0.19,0.11,49846.15384615384,321.3159593077055
0.21,0.11,49846.15384615384,321.3159593077055
0.23,0.11,49846.15384615384,321.0445633379133
0.25,0.11,49846.15384615384,320.5035505247498
0.27,0.11,49846.15384615384,319.69629557389203
0.29,0.11,49846.15384615384,318.6273650084666
0.31,0.11,49846.15384615384,317.3018172005193
0.33,0.11,49846.15384615384,315.72408398530405
0.35,0.11,49846.15384615384,313.89624781008075
0.37,0.11,49846.15384615384,311.8154118995577
0.39,0.11,49846.15384615384,309.4695674833151
0.01,0.13,49846.15384615384,309.5812609238321
0.03,0.13,49846.15384615384,312.14781486597246
0.05,0.13,49846.15384615384,314.44035026986063
0.07,0.13,49846.15384615384,316.4647498550134
0.09,0.13,49846.15384615384,318.21876546494053
0.11,0.13,49846.15384615384,319.696295573892
0.13,0.13,49846.15384615384,320.8899029420682
0.15,0.13,49846.15384615384,321.7923610616938
0.17,0.13,49846.15384615384,322.39761285206384
0.19,0.13,49846.15384615384,322.7013521476682
0.21,0.13,49846.15384615384,322.7013521476683
0.23,0.13,49846.15384615384,322.3976128520639
0.25,0.13,49846.15384615384,321.7923610616938
0.27,0.13,49846.15384615384,320.8899029420682
0.29,0.13,49846.15384615384,319.6962955738921
0.31,0.13,49846.15384615384,318.21876546494065
0.33,0.13,49846.15384615384,316.4647498550135
0.35,0.13,49846.15384615384,314.4403502698607
0.37,0.13,49846.15384615384,312.1478148659726
0.39,0.13,49846.15384615384,309.581260923832
0.01,0.15,49846.15384615384,309.66507222409274
0.03,0.15,49846.15384615384,312.3974176536992
0.05,0.15,49846.15384615384,314.8494322428119
0.07,0.15,49846.15384615384,317.02246243799266
0.09,0.15,49846.15384615384,318.91027834758825
0.11,0.15,49846.15384615384,320.50355052474976
0.13,0.15,49846.15384615384,321.79236106169367
0.15,0.15,49846.15384615384,322.7676620759998
0.17,0.15,49846.15384615384,323.42213213468466
0.19,0.15,49846.15384615384,323.7506715349721
0.21,0.15,49846.15384615384,323.7506715349722
0.23,0.15,49846.15384615384,323.42213213468466
0.25,0.15,49846.15384615384,322.7676620759998
0.27,0.15,49846.15384615384,321.7923610616937
0.29,0.15,49846.15384615384,320.5035505247498
0.31,0.15,49846.15384615384,318.9102783475884
0.33,0.15,49846.15384615384,317.02246243799283
0.35,0.15,49846.15384615384,314.849432242812
0.37,0.15,49846.15384615384,312.39741765369934
0.39,0.15,49846.15384615384,309.66507222409274
0.01,0.17,49846.15384615384,309.7210390529588
0.03,0.17,49846.15384615384,312.5641539016977
0.05,0.17,49846.15384615384,315.1228844101533
0.07,0.17,49846.15384615384,317.3955846810672
0.09,0.17,49846.15384615384,319.373331943267
0.11,0.17,49846.15384615384,321.0445633379132
0.13,0.17,49846.15384615384,322.3976128520638
0.15,0.17,49846.15384615384,323.42213213468466
0.17,0.17,49846.15384615384,324.1098893921909
0.19,0.17,49846.15384615384,324.4552108542513
0.21,0.17,49846.15384615384,324.45521085425133
0.23,0.17,49846.15384615384,324.1098893921909
0.25,0.17,49846.15384615384,323.42213213468466
0.27,0.17,49846.15384615384,322.39761285206384
0.29,0.17,49846.15384615384,321.04456333791325
0.31,0.17,49846.15384615384,319.3733319432671
0.33,0.17,49846.15384615384,317.39558468106736
0.35,0.17,49846.15384615384,315.12288441015346
0.37,0.17,49846.15384615384,312.56415390169786
0.39,0.17,49846.15384615384,309.7210390529588
0.01,0.19,49846.15384615384,309.7490631024454
0.03,0.19,49846.15384615384,312.6476564896292
0.05,0.19,49846.15384615384,315.2598755857228
0.07,0.19,49846.15384615384,317.5825879528483
0.09,0.19,49846.15384615384,319.6055160018984
0.11,0.19,49846.15384615384,321.3159593077054
0.13,0.19,49846.15384615384,322.7013521476682
0.15,0.19,49846.15384615384,323.7506715349721
0.17,0.19,49846.15384615384,324.45521085425133
0.19,0.19,49846.15384615384,324.80899592732703
0.21,0.19,49846.15384615384,324.80899592732703
0.23,0.19,49846.15384615384,324.45521085425133
0.25,0.19,49846.15384615384,323.7506715349721
0.27,0.19,49846.15384615384,322.70135214766816
0.29,0.19,49846.15384615384,321.31595930770544
0.31,0.19,49846.15384615384,319.6055160018985
0.33,0.19,49846.15384615384,317.5825879528484
0.35,0.19,49846.15384615384,315.25987558572285
0.37,0.19,49846.15384615384,312.64765648962924
0.39,0.19,49846.15384615384,309.74906310244546
0.01,0.21,49846.15384615384,309.74906310244546
0.03,0.21,49846.15384615384,312.6476564896292
0.05,0.21,49846.15384615384,315.2598755857228
0.07,0.21,49846.15384615384,317.5825879528484
0.09,0.21,49846.15384615384,319.6055160018984
0.11,0.21,49846.15384615384,321.31595930770544
0.13,0.21,49846.15384615384,322.7013521476682
0.15,0.21,49846.15384615384,323.7506715349721
0.17,0.21,49846.15384615384,324.45521085425133
0.19,0.21,49846.15384615384,324.80899592732703
0.21,0.21,49846.15384615384,324.80899592732703
0.23,0.21,49846.15384615384,324.45521085425133
0.25,0.21,49846.15384615384,323.7506715349721
0.27,0.21,49846.15384615384,322.7013521476682
0.29,0.21,49846.15384615384,321.31595930770544
0.31,0.21,49846.15384615384,319.6055160018984
0.33,0.21,49846.15384615384,317.5825879528484
0.35,0.21,49846.15384615384,315.25987558572285
0.37,0.21,49846.15384615384,312.64765648962924
0.39,0.21,49846.15384615384,309.74906310244546
0.01,0.23,49846.15384615384,309.7210390529588
0.03,0.23,49846.15384615384,312.5641539016978
0.05,0.23,49846.15384615384,315.12288441015335
0.07,0.23,49846.15384615384,317.3955846810673
0.09,0.23,49846.15384615384,319.37333194326703
0.11,0.23,49846.15384615384,321.04456333791325
0.13,0.23,49846.15384615384,322.39761285206384
0.15,0.23,49846.15384615384,323.42213213468466
0.17,0.23,49846.15384615384,324.1098893921909
0.19,0.23,49846.15384615384,324.4552108542513
0.21,0.23,49846.15384615384,324.45521085425133
0.23,0.23,49846.15384615384,324.1098893921909
0.25,0.23,49846.15384615384,323.4221321346847
0.27,0.23,49846.15384615384,322.3976128520639
0.29,0.23,49846.15384615384,321.0445633379133
0.31,0.23,49846.15384615384,319.3733319432671
0.33,0.23,49846.15384615384,317.3955846810673
0.35,0.23,49846.15384615384,315.1228844101534
0.37,0.23,49846.15384615384,312.56415390169786
0.39,0.23,49846.15384615384,309.7210390529589
0.01,0.25,49846.15384615384,309.66507222409274
0.03,0.25,49846.15384615384,312.3974176536993
0.05,0.25,49846.15384615384,314.849432242812
0.07,0.25,49846.15384615384,317.0224624379928
0.09,0.25,49846.15384615384,318.9102783475884
0.11,0.25,49846.15384615384,320.5035505247498
0.13,0.25,49846.15384615384,321.7923610616937
0.15,0.25,49846.15384615384,322.76766207599974
0.17,0.25,49846.15384615384,323.4221321346846
0.19,0.25,49846.15384615384,323.7506715349721
0.21,0.25,49846.15384615384,323.7506715349722
0.23,0.25,49846.15384615384,323.42213213468466
0.25,0.25,49846.15384615384,322.76766207599985
0.27,0.25,49846.15384615384,321.7923610616938
0.29,0.25,49846.15384615384,320.50355052474987
0.31,0.25,49846.15384615384,318.9102783475884
0.33,0.25,49846.15384615384,317.0224624379928
0.35,0.25,49846.15384615384,314.849432242812
0.37,0.25,49846.15384615384,312.39741765369934
0.39,0.25,49846.15384615384,309.66507222409274
0.01,0.27,49846.15384615384,309.581260923832
0.03,0.27,49846.15384615384,312.1478148659725
0.05,0.27,49846.15384615384,314.4403502698607
0.07,0.27,49846.15384615384,316.46474985501345
0.09,0.27,49846.15384615384,318.2187654649406
0.11,0.27,49846.15384615384,319.69629557389203
0.13,0.27,49846.15384615384,320.8899029420682
0.15,0.27,49846.15384615384,321.7923610616937
0.17,0.27,49846.15384615384,322.3976128520638
0.19,0.27,49846.15384615384,322.70135214766816
0.21,0.27,49846.15384615384,322.7013521476682
0.23,0.27,49846.15384615384,322.39761285206384
0.25,0.27,49846.15384615384,321.7923610616938
0.27,0.27,49846.15384615384,320.88990294206826
0.29,0.27,49846.15384615384,319.6962955738921
0.31,0.27,49846.15384615384,318.21876546494065
0.33,0.27,49846.15384615384,316.4647498550135
0.35,0.27,49846.15384615384,314.44035026986074
0.37,0.27,49846.15384615384,312.14781486597263
0.39,0.27,49846.15384615384,309.5812609238321
0.01,0.29,49846.15384615384,309.4695674833151
0.03,0.29,49846.15384615384,311.81541189955766
0.05,0.29,49846.15384615384,313.89624781008064
0.07,0.29,49846.15384615384,315.72408398530405
0.09,0.29,49846.15384615384,317.3018172005192
0.11,0.29,49846.15384615384,318.6273650084666
0.13,0.29,49846.15384615384,319.69629557389203
0.15,0.29,49846.15384615384,320.5035505247498
0.17,0.29,49846.15384615384,321.04456333791325
0.19,0.29,49846.15384615384,321.31595930770544
0.21,0.29,49846.15384615384,321.31595930770544
0.23,0.29,49846.15384615384,321.04456333791325
0.25,0.29,49846.15384615384,320.5035505247498
0.27,0.29,49846.15384615384,319.69629557389203
0.29,0.29,49846.15384615384,318.6273650084666
0.31,0.29,49846.15384615384,317.3018172005193
0.33,0.29,49846.15384615384,315.72408398530405
0.35,0.29,49846.15384615384,313.8962478100807
0.37,0.29,49846.15384615384,311.8154118995577
0.39,0.29,49846.15384615384,309.4695674833151
0.01,0.31,49846.15384615384,309.32951070402913
0.03,0.31,49846.15384615384,311.3992045056224
0.05,0.31,49846.15384615384,313.2165477700136
0.07,0.31,49846.15384615384,314.80125855369903
0.09,0.31,49846.15384615384,316.162234069646
0.11,0.31,49846.15384615384,317.3018172005192
0.13,0.31,49846.15384615384,318.2187654649406
0.15,0.31,49846.15384615384,318.9102783475883
0.17,0.31,49846.15384615384,319.37333194326703
0.19,0.31,49846.15384615384,319.6055160018984
0.21,0.31,49846.15384615384,319.6055160018984
0.23,0.31,49846.15384615384,319.37333194326703
0.25,0.31,49846.15384615384,318.9102783475883
0.27,0.31,49846.15384615384,318.2187654649406
0.29,0.31,49846.15384615384,317.3018172005192
0.31,0.31,49846.15384615384,316.162234069646
0.33,0.31,49846.15384615384,314.801258553699
0.35,0.31,49846.15384615384,313.2165477700136
0.37,0.31,49846.15384615384,311.3992045056225
0.39,0.31,49846.15384615384,309.32951070402913
0.01,0.33,49846.15384615384,309.1595407118483
0.03,0.33,49846.15384615384,310.89567245725345
0.05,0.33,49846.15384615384,312.39780644307643
0.07,0.33,49846.15384615384,313.6946593984744
0.09,0.33,49846.15384615384,314.80125855369903
0.11,0.33,49846.15384615384,315.72408398530405
0.13,0.33,49846.15384615384,316.46474985501345
0.15,0.33,49846.15384615384,317.0224624379928
0.17,0.33,49846.15384615384,317.39558468106725
0.19,0.33,49846.15384615384,317.5825879528483
0.21,0.33,49846.15384615384,317.5825879528483
0.23,0.33,49846.15384615384,317.39558468106725
0.25,0.33,49846.15384615384,317.0224624379927
0.27,0.33,49846.15384615384,316.4647498550134
0.29,0.33,49846.15384615384,315.724083985304
0.31,0.33,49846.15384615384,314.801258553699
0.33,0.33,49846.15384615384,313.6946593984744
0.35,0.33,49846.15384615384,312.3978064430765
0.37,0.33,49846.15384615384,310.8956724572535
0.39,0.33,49846.15384615384,309.1595407118483
0.01,0.35,49846.15384615384,308.9556468965777
0.03,0.35,49846.15384615384,310.2960068179375
0.05,0.35,49846.15384615384,311.430849660762
0.07,0.35,49846.15384615384,312.3978064430765
0.09,0.35,49846.15384615384,313.2165477700136
0.11,0.35,49846.15384615384,313.8962478100807
0.13,0.35,49846.15384615384,314.44035026986063
0.15,0.35,49846.15384615384,314.849432242812
0.17,0.35,49846.15384615384,315.1228844101533
0.19,0.35,49846.15384615384,315.2598755857228
0.21,0.35,49846.15384615384,315.25987558572285
0.23,0.35,49846.15384615384,315.12288441015335
0.25,0.35,49846.15384615384,314.8494322428119
0.27,0.35,49846.15384615384,314.44035026986063
0.29,0.35,49846.15384615384,313.8962478100807
0.31,0.35,49846.15384615384,313.2165477700136
0.33,0.35,49846.15384615384,312.3978064430765
0.35,0.35,49846.15384615384,311.430849660762
0.37,0.35,49846.15384615384,310.29600681793755
0.39,0.35,49846.15384615384,308.9556468965777
0.01,0.37,49846.15384615384,308.7077532073225
0.03,0.37,49846.15384615384,309.5805891875263
0.05,0.37,49846.15384615384,310.2960068179375
0.07,0.37,49846.15384615384,310.8956724572535
0.09,0.37,49846.15384615384,311.39920450562244
0.11,0.37,49846.15384615384,311.81541189955766
0.13,0.37,49846.15384615384,312.1478148659725
0.15,0.37,49846.15384615384,312.3974176536993
0.17,0.37,49846.15384615384,312.5641539016978
0.19,0.37,49846.15384615384,312.6476564896291
0.21,0.37,49846.15384615384,312.6476564896291
0.23,0.37,49846.15384615384,312.5641539016978
0.25,0.37,49846.15384615384,312.3974176536992
0.27,0.37,49846.15384615384,312.1478148659725
0.29,0.37,49846.15384615384,311.81541189955766
0.31,0.37,49846.15384615384,311.39920450562244
0.33,0.37,49846.15384615384,310.8956724572535
0.35,0.37,49846.15384615384,310.29600681793755
0.37,0.37,49846.15384615384,309.5805891875264
0.39,0.37,49846.15384615384,308.7077532073225
0.01,0.39,49846.15384615384,308.3884915016343
0.03,0.39,49846.15384615384,308.7077532073225
0.05,0.39,49846.15384615384,308.9556468965777
0.07,0.39,49846.15384615384,309.15954071184825
0.09,0.39,49846.15384615384,309.32951070402913
0.11,0.39,49846.15384615384,309.4695674833151
0.13,0.39,49846.15384615384,309.5812609238321
0.15,0.39,49846.15384615384,309.66507222409274
0.17,0.39,49846.15384615384,309.7210390529588
0.19,0.39,49846.15384615384,309.74906310244535
0.21,0.39,49846.15384615384,309.74906310244535
0.23,0.39,49846.15384615384,309.7210390529588
0.25,0.39,49846.15384615384,309.66507222409274
0.27,0.39,49846.15384615384,309.5812609238321
0.29,0.39,49846.15384615384,309.469567483315
0.31,0.39,49846.15384615384,309.32951070402913
0.33,0.39,49846.15384615384,309.1595407118483
0.35,0.39,49846.15384615384,308.9556468965777
0.37,0.39,49846.15384615384,308.7077532073225
0.39,0.39,49846.15384615384,308.3884915016343
0.01,0.01,51692.307692307695,308.37506314531674
0.03,0.01,51692.307692307695,308.67485845605086
0.05,0.01,51692.307692307695,308.90681790750256
0.07,0.01,51692.307692307695,309.0971725329497
0.09,0.01,51692.307692307695,309.2556346783789
0.11,0.01,51692.307692307695,309.38610312442574
0.13,0.01,51692.307692307695,309.4901048644961
0.15,0.01,51692.307692307695,309.56812850950115
0.17,0.01,51692.307692307695,309.6202263192269
0.19,0.01,51692.307692307695,309.6463124571041
0.21,0.01,51692.307692307695,309.6463124571041
0.23,0.01,51692.307692307695,309.6202263192269
0.25,0.01,51692.307692307695,309.56812850950115
0.27,0.01,51692.307692307695,309.4901048644961
0.29,0.01,51692.307692307695,309.38610312442574
0.31,0.01,51692.307692307695,309.2556346783789
0.33,0.01,51692.307692307695,309.0971725329497
0.35,0.01,51692.307692307695,308.90681790750256
0.37,0.01,51692.307692307695,308.67485845605086
0.39,0.01,51692.307692307695,308.37506314531674
0.01,0.03,51692.307692307695,308.67485845605086
0.03,0.03,51692.307692307695,309.4933768899292
0.05,0.03,51692.307692307695,310.1624464988801
0.07,0.03,51692.307692307695,310.7221979136914
0.09,0.03,51692.307692307695,311.1916445859497
0.11,0.03,51692.307692307695,311.57940193051724
0.13,0.03,51692.307692307695,311.88896699179975
0.15,0.03,51692.307692307695,312.1213810955942
0.17,0.03,51692.307692307695,312.2766259699791
0.19,0.03,51692.307692307695,312.3543727013191
0.21,0.03,51692.307692307695,312.3543727013191
0.23,0.03,51692.307692307695,312.2766259699791
0.25,0.03,51692.307692307695,312.12138109559424
0.27,0.03,51692.307692307695,311.88896699179975
0.29,0.03,51692.307692307695,311.57940193051724
0.31,0.03,51692.307692307695,311.19164458594963
0.33,0.03,51692.307692307695,310.7221979136914
0.35,0.03,51692.307692307695,310.16244649888006
0.37,0.03,51692.307692307695,309.49337688992915
0.39,0.03,51692.307692307695,308.67485845605086
0.01,0.05,51692.307692307695,308.90681790750256
0.03,0.05,51692.307692307695,310.1624464988801
0.05,0.05,51692.307692307695,311.2232028240054
0.07,0.05,51692.307692307695,312.12562147294267
0.09,0.05,51692.307692307695,312.88895134945585
0.11,0.05,51692.307692307695,313.5222819324046
0.13,0.05,51692.307692307695,314.02911584203224
0.15,0.05,51692.307692307695,314.41013153465866
0.17,0.05,51692.307692307695,314.6648150921853
0.19,0.05,51692.307692307695,314.7924042786835
0.21,0.05,51692.307692307695,314.79240427868353
0.23,0.05,51692.307692307695,314.66481509218534
0.25,0.05,51692.307692307695,314.4101315346587
0.27,0.05,51692.307692307695,314.0291158420323
0.29,0.05,51692.307692307695,313.52228193240467
0.31,0.05,51692.307692307695,312.88895134945585
0.33,0.05,51692.307692307695,312.12562147294267
0.35,0.05,51692.307692307695,311.22320282400534
0.37,0.05,51692.307692307695,310.1624464988801
0.39,0.05,51692.307692307695,308.90681790750256
0.01,0.07,51692.307692307695,309.0971725329497
0.03,0.07,51692.307692307695,310.72219791369145
0.05,0.07,51692.307692307695,312.1256214729427
0.07,0.07,51692.307692307695,313.3357052829067
0.09,0.07,51692.307692307695,314.3674338499141
0.11,0.07,51692.307692307695,315.2274354615692
0.13,0.07,51692.307692307695,315.917533305211
0.15,0.07,51692.307692307695,316.43713378775567
0.17,0.07,51692.307692307695,316.78475898892907
0.19,0.07,51692.307692307695,316.9589872122424
0.21,0.07,51692.307692307695,316.95898721224245
0.23,0.07,51692.307692307695,316.78475898892907
0.25,0.07,51692.307692307695,316.43713378775567
0.27,0.07,51692.307692307695,315.91753330521107
0.29,0.07,51692.307692307695,315.2274354615693
0.31,0.07,51692.307692307695,314.36743384991416
0.33,0.07,51692.307692307695,313.3357052829067
0.35,0.07,51692.307692307695,312.12562147294267
0.37,0.07,51692.307692307695,310.7221979136914
0.39,0.07,51692.307692307695,309.0971725329497
0.01,0.09,51692.307692307695,309.2556346783789
0.03,0.09,51692.307692307695,311.19164458594963
0.05,0.09,51692.307692307695,312.88895134945585
0.07,0.09,51692.307692307695,314.3674338499141
0.09,0.09,51692.307692307695,315.6363694910949
0.11,0.09,51692.307692307695,316.6985308523565
0.13,0.09,51692.307692307695,317.5530696994033
0.15,0.09,51692.307692307695,318.1975058538442
0.17,0.09,51692.307692307695,318.62905006827066
0.19,0.09,51692.307692307695,318.84544288241887
0.21,0.09,51692.307692307695,318.84544288241887
0.23,0.09,51692.307692307695,318.6290500682706
0.25,0.09,51692.307692307695,318.1975058538441
0.27,0.09,51692.307692307695,317.5530696994033
0.29,0.09,51692.307692307695,316.6985308523566
0.31,0.09,51692.307692307695,315.636369491095
0.33,0.09,51692.307692307695,314.36743384991416
0.35,0.09,51692.307692307695,312.88895134945585
0.37,0.09,51692.307692307695,311.1916445859497
0.39,0.09,51692.307692307695,309.255634678379
0.01,0.11,51692.307692307695,309.38610312442574
0.03,0.11,51692.307692307695,311.5794019305172
0.05,0.11,51692.307692307695,313.5222819324045
0.07,0.11,51692.307692307695,315.2274354615692
0.09,0.11,51692.307692307695,316.6985308523565
0.11,0.11,51692.307692307695,317.9341924875373
0.13,0.11,51692.307692307695,318.9305720700165
0.15,0.11,51692.307692307695,319.68305665133323
0.17,0.11,51692.307692307695,320.1873934170697
0.19,0.11,51692.307692307695,320.4404043392183
0.21,0.11,51692.307692307695,320.4404043392182
0.23,0.11,51692.307692307695,320.18739341706964
0.25,0.11,51692.307692307695,319.6830566513332
0.27,0.11,51692.307692307695,318.9305720700166
0.29,0.11,51692.307692307695,317.93419248753736
0.31,0.11,51692.307692307695,316.6985308523565
0.33,0.11,51692.307692307695,315.2274354615693
0.35,0.11,51692.307692307695,313.52228193240467
0.37,0.11,51692.307692307695,311.5794019305173
0.39,0.11,51692.307692307695,309.38610312442574
0.01,0.13,51692.307692307695,309.49010486449606
0.03,0.13,51692.307692307695,311.8889669917997
0.05,0.13,51692.307692307695,314.0291158420322
0.07,0.13,51692.307692307695,315.9175333052109
0.09,0.13,51692.307692307695,317.5530696994033
0.11,0.13,51692.307692307695,318.93057207001647
0.13,0.13,51692.307692307695,320.0433573388641
0.15,0.13,51692.307692307695,320.88475973251576
0.17,0.13,51692.307692307695,321.4491097907883
0.19,0.13,51692.307692307695,321.7323412848519
0.21,0.13,51692.307692307695,321.73234128485194
0.23,0.13,51692.307692307695,321.4491097907884
0.25,0.13,51692.307692307695,320.88475973251576
0.27,0.13,51692.307692307695,320.0433573388641
0.29,0.13,51692.307692307695,318.9305720700165
0.31,0.13,51692.307692307695,317.5530696994033
0.33,0.13,51692.307692307695,315.91753330521107
0.35,0.13,51692.307692307695,314.0291158420323
0.37,0.13,51692.307692307695,311.8889669917998
0.39,0.13,51692.307692307695,309.4901048644961
0.01,0.15,51692.307692307695,309.5681285095012
0.03,0.15,51692.307692307695,312.1213810955942
0.05,0.15,51692.307692307695,314.4101315346586
0.07,0.15,51692.307692307695,316.4371337877556
0.09,0.15,51692.307692307695,318.197505853844
0.11,0.15,51692.307692307695,319.68305665133306
0.13,0.15,51692.307692307695,320.8847597325157
0.15,0.15,51692.307692307695,321.7942225390055
0.17,0.15,51692.307692307695,322.40457274435806
0.19,0.15,51692.307692307695,322.7109869123616
0.21,0.15,51692.307692307695,322.7109869123616
0.23,0.15,51692.307692307695,322.40457274435806
0.25,0.15,51692.307692307695,321.79422253900555
0.27,0.15,51692.307692307695,320.8847597325157
0.29,0.15,51692.307692307695,319.6830566513331
0.31,0.15,51692.307692307695,318.19750585384406
0.33,0.15,51692.307692307695,316.43713378775567
0.35,0.15,51692.307692307695,314.41013153465866
0.37,0.15,51692.307692307695,312.1213810955942
0.39,0.15,51692.307692307695,309.56812850950115
0.01,0.17,51692.307692307695,309.6202263192269
0.03,0.17,51692.307692307695,312.276625969979
0.05,0.17,51692.307692307695,314.6648150921852
0.07,0.17,51692.307692307695,316.78475898892896
0.09,0.17,51692.307692307695,318.62905006827054
0.11,0.17,51692.307692307695,320.1873934170696
0.13,0.17,51692.307692307695,321.44910979078827
0.15,0.17,51692.307692307695,322.404572744358
0.17,0.17,51692.307692307695,323.04604334363387
0.19,0.17,51692.307692307695,323.3681501395459
0.21,0.17,51692.307692307695,323.36815013954595
0.23,0.17,51692.307692307695,323.0460433436339
0.25,0.17,51692.307692307695,322.4045727443581
0.27,0.17,51692.307692307695,321.4491097907884
0.29,0.17,51692.307692307695,320.1873934170697
0.31,0.17,51692.307692307695,318.6290500682706
0.33,0.17,51692.307692307695,316.78475898892907
0.35,0.17,51692.307692307695,314.66481509218534
0.37,0.17,51692.307692307695,312.2766259699791
0.39,0.17,51692.307692307695,309.6202263192269
0.01,0.19,51692.307692307695,309.64631245710405
0.03,0.19,51692.307692307695,312.35437270131905
0.05,0.19,51692.307692307695,314.7924042786835
0.07,0.19,51692.307692307695,316.95898721224233
0.09,0.19,51692.307692307695,318.8454428824188
0.11,0.19,51692.307692307695,320.4404043392181
0.13,0.19,51692.307692307695,321.73234128485177
0.15,0.19,51692.307692307695,322.7109869123615
0.17,0.19,51692.307692307695,323.36815013954583
0.19,0.19,51692.307692307695,323.6981726787045
0.21,0.19,51692.307692307695,323.69817267870457
0.23,0.19,51692.307692307695,323.36815013954595
0.25,0.19,51692.307692307695,322.7109869123616
0.27,0.19,51692.307692307695,321.7323412848519
0.29,0.19,51692.307692307695,320.4404043392182
0.31,0.19,51692.307692307695,318.84544288241887
0.33,0.19,51692.307692307695,316.9589872122424
0.35,0.19,51692.307692307695,314.7924042786835
0.37,0.19,51692.307692307695,312.35437270131905
0.39,0.19,51692.307692307695,309.64631245710405
0.01,0.21,51692.307692307695,309.64631245710405
0.03,0.21,51692.307692307695,312.35437270131905
0.05,0.21,51692.307692307695,314.7924042786835
0.07,0.21,51692.307692307695,316.95898721224233
0.09,0.21,51692.307692307695,318.8454428824188
0.11,0.21,51692.307692307695,320.44040433921816
0.13,0.21,51692.307692307695,321.7323412848518
0.15,0.21,51692.307692307695,322.7109869123615
0.17,0.21,51692.307692307695,323.36815013954583
0.19,0.21,51692.307692307695,323.6981726787045
0.21,0.21,51692.307692307695,323.69817267870457
0.23,0.21,51692.307692307695,323.3681501395459
0.25,0.21,51692.307692307695,322.7109869123616
0.27,0.21,51692.307692307695,321.7323412848519
0.29,0.21,51692.307692307695,320.4404043392182
0.31,0.21,51692.307692307695,318.84544288241887
0.33,0.21,51692.307692307695,316.95898721224233
0.35,0.21,51692.307692307695,314.7924042786835
0.37,0.21,51692.307692307695,312.35437270131905
0.39,0.21,51692.307692307695,309.6463124571041
0.01,0.23,51692.307692307695,309.6202263192269
0.03,0.23,51692.307692307695,312.2766259699791
0.05,0.23,51692.307692307695,314.66481509218534
0.07,0.23,51692.307692307695,316.784758988929
0.09,0.23,51692.307692307695,318.6290500682706
0.11,0.23,51692.307692307695,320.18739341706964
0.13,0.23,51692.307692307695,321.44910979078827
0.15,0.23,51692.307692307695,322.404572744358
0.17,0.23,51692.307692307695,323.04604334363387
0.19,0.23,51692.307692307695,323.36815013954583
0.21,0.23,51692.307692307695,323.36815013954583
0.23,0.23,51692.307692307695,323.0460433436339
0.25,0.23,51692.307692307695,322.4045727443581
0.27,0.23,51692.307692307695,321.44910979078844
0.29,0.23,51692.307692307695,320.1873934170697
0.31,0.23,51692.307692307695,318.62905006827066
0.33,0.23,51692.307692307695,316.78475898892907
0.35,0.23,51692.307692307695,314.66481509218534
0.37,0.23,51692.307692307695,312.2766259699791
0.39,0.23,51692.307692307695,309.62022631922696
0.01,0.25,51692.307692307695,309.5681285095012
0.03,0.25,51692.307692307695,312.1213810955942
0.05,0.25,51692.307692307695,314.4101315346587
0.07,0.25,51692.307692307695,316.43713378775567
0.09,0.25,51692.307692307695,318.1975058538441
0.11,0.25,51692.307692307695,319.6830566513332
0.13,0.25,51692.307692307695,320.8847597325157
0.15,0.25,51692.307692307695,321.79422253900543
0.17,0.25,51692.307692307695,322.404572744358
0.19,0.25,51692.307692307695,322.7109869123615
0.21,0.25,51692.307692307695,322.71098691236153
0.23,0.25,51692.307692307695,322.40457274435806
0.25,0.25,51692.307692307695,321.79422253900555
0.27,0.25,51692.307692307695,320.88475973251576
0.29,0.25,51692.307692307695,319.6830566513332
0.31,0.25,51692.307692307695,318.1975058538441
0.33,0.25,51692.307692307695,316.43713378775567
0.35,0.25,51692.307692307695,314.4101315346587
0.37,0.25,51692.307692307695,312.12138109559424
0.39,0.25,51692.307692307695,309.5681285095012
0.01,0.27,51692.307692307695,309.4901048644961
0.03,0.27,51692.307692307695,311.88896699179975
0.05,0.27,51692.307692307695,314.0291158420323
0.07,0.27,51692.307692307695,315.917533305211
0.09,0.27,51692.307692307695,317.5530696994033
0.11,0.27,51692.307692307695,318.9305720700165
0.13,0.27,51692.307692307695,320.0433573388641
0.15,0.27,51692.307692307695,320.8847597325157
0.17,0.27,51692.307692307695,321.44910979078827
0.19,0.27,51692.307692307695,321.7323412848518
0.21,0.27,51692.307692307695,321.7323412848519
0.23,0.27,51692.307692307695,321.4491097907884
0.25,0.27,51692.307692307695,320.88475973251576
0.27,0.27,51692.307692307695,320.0433573388641
0.29,0.27,51692.307692307695,318.9305720700165
0.31,0.27,51692.307692307695,317.5530696994033
0.33,0.27,51692.307692307695,315.91753330521107
0.35,0.27,51692.307692307695,314.0291158420323
0.37,0.27,51692.307692307695,311.8889669917998
0.39,0.27,51692.307692307695,309.4901048644962
0.01,0.29,51692.307692307695,309.38610312442574
0.03,0.29,51692.307692307695,311.57940193051724
0.05,0.29,51692.307692307695,313.52228193240467
0.07,0.29,51692.307692307695,315.2274354615693
0.09,0.29,51692.307692307695,316.6985308523566
0.11,0.29,51692.307692307695,317.9341924875373
0.13,0.29,51692.307692307695,318.9305720700165
0.15,0.29,51692.307692307695,319.6830566513331
0.17,0.29,51692.307692307695,320.1873934170696
0.19,0.29,51692.307692307695,320.44040433921816
0.21,0.29,51692.307692307695,320.4404043392182
0.23,0.29,51692.307692307695,320.18739341706964
0.25,0.29,51692.307692307695,319.6830566513332
0.27,0.29,51692.307692307695,318.9305720700165
0.29,0.29,51692.307692307695,317.9341924875373
0.31,0.29,51692.307692307695,316.6985308523565
0.33,0.29,51692.307692307695,315.22743546156926
0.35,0.29,51692.307692307695,313.5222819324046
0.37,0.29,51692.307692307695,311.5794019305173
0.39,0.29,51692.307692307695,309.38610312442574
0.01,0.31,51692.307692307695,309.2556346783789
0.03,0.31,51692.307692307695,311.19164458594963
0.05,0.31,51692.307692307695,312.88895134945585
0.07,0.31,51692.307692307695,314.36743384991416
0.09,0.31,51692.307692307695,315.636369491095
0.11,0.31,51692.307692307695,316.6985308523565
0.13,0.31,51692.307692307695,317.5530696994033
0.15,0.31,51692.307692307695,318.19750585384406
0.17,0.31,51692.307692307695,318.6290500682706
0.19,0.31,51692.307692307695,318.84544288241887
0.21,0.31,51692.307692307695,318.8454428824188
0.23,0.31,51692.307692307695,318.6290500682706
0.25,0.31,51692.307692307695,318.1975058538441
0.27,0.31,51692.307692307695,317.5530696994033
0.29,0.31,51692.307692307695,316.6985308523566
0.31,0.31,51692.307692307695,315.636369491095
0.33,0.31,51692.307692307695,314.36743384991416
0.35,0.31,51692.307692307695,312.8889513494558
0.37,0.31,51692.307692307695,311.19164458594963
0.39,0.31,51692.307692307695,309.2556346783789
0.01,0.33,51692.307692307695,309.0971725329497
0.03,0.33,51692.307692307695,310.72219791369145
0.05,0.33,51692.307692307695,312.1256214729427
0.07,0.33,51692.307692307695,313.3357052829068
0.09,0.33,51692.307692307695,314.36743384991416
0.11,0.33,51692.307692307695,315.2274354615693
0.13,0.33,51692.307692307695,315.91753330521107
0.15,0.33,51692.307692307695,316.43713378775567
0.17,0.33,51692.307692307695,316.78475898892896
0.19,0.33,51692.307692307695,316.95898721224233
0.21,0.33,51692.307692307695,316.9589872122424
0.23,0.33,51692.307692307695,316.784758988929
0.25,0.33,51692.307692307695,316.43713378775567
0.27,0.33,51692.307692307695,315.91753330521107
0.29,0.33,51692.307692307695,315.2274354615693
0.31,0.33,51692.307692307695,314.36743384991416
0.33,0.33,51692.307692307695,313.3357052829067
0.35,0.33,51692.307692307695,312.12562147294267
0.37,0.33,51692.307692307695,310.72219791369145
0.39,0.33,51692.307692307695,309.0971725329497
0.01,0.35,51692.307692307695,308.90681790750256
0.03,0.35,51692.307692307695,310.16244649888006
0.05,0.35,51692.307692307695,311.22320282400534
0.07,0.35,51692.307692307695,312.12562147294267
0.09,0.35,51692.307692307695,312.88895134945585
0.11,0.35,51692.307692307695,313.5222819324046
0.13,0.35,51692.307692307695,314.02911584203224
0.15,0.35,51692.307692307695,314.41013153465866
0.17,0.35,51692.307692307695,314.6648150921853
0.19,0.35,51692.307692307695,314.7924042786835
0.21,0.35,51692.307692307695,314.7924042786835
0.23,0.35,51692.307692307695,314.6648150921853
0.25,0.35,51692.307692307695,314.41013153465866
0.27,0.35,51692.307692307695,314.0291158420323
0.29,0.35,51692.307692307695,313.52228193240467
0.31,0.35,51692.307692307695,312.88895134945585
0.33,0.35,51692.307692307695,312.12562147294267
0.35,0.35,51692.307692307695,311.22320282400534
0.37,0.35,51692.307692307695,310.16244649888006
0.39,0.35,51692.307692307695,308.90681790750256
0.01,0.37,51692.307692307695,308.6748584560508
0.03,0.37,51692.307692307695,309.4933768899292
0.05,0.37,51692.307692307695,310.1624464988801
0.07,0.37,51692.307692307695,310.7221979136914
0.09,0.37,51692.307692307695,311.1916445859497
0.11,0.37,51692.307692307695,311.57940193051724
0.13,0.37,51692.307692307695,311.88896699179975
0.15,0.37,51692.307692307695,312.12138109559413
0.17,0.37,51692.307692307695,312.276625969979
0.19,0.37,51692.307692307695,312.354372701319
0.21,0.37,51692.307692307695,312.35437270131905
0.23,0.37,51692.307692307695,312.2766259699791
0.25,0.37,51692.307692307695,312.1213810955942
0.27,0.37,51692.307692307695,311.88896699179975
0.29,0.37,51692.307692307695,311.57940193051724
0.31,0.37,51692.307692307695,311.19164458594963
0.33,0.37,51692.307692307695,310.7221979136914
0.35,0.37,51692.307692307695,310.1624464988801
0.37,0.37,51692.307692307695,309.4933768899292
0.39,0.37,51692.307692307695,308.67485845605086
0.01,0.39,51692.307692307695,308.3750631453167
0.03,0.39,51692.307692307695,308.67485845605086
0.05,0.39,51692.307692307695,308.90681790750256
0.07,0.39,51692.307692307695,309.0971725329497
0.09,0.39,51692.307692307695,309.2556346783789
0.11,0.39,51692.307692307695,309.38610312442574
0.13,0.39,51692.307692307695,309.4901048644961
0.15,0.39,51692.307692307695,309.56812850950115
0.17,0.39,51692.307692307695,309.6202263192269
0.19,0.39,51692.307692307695,309.64631245710405
0.21,0.39,51692.307692307695,309.64631245710405
0.23,0.39,51692.307692307695,309.6202263192269
0.25,0.39,51692.307692307695,309.56812850950115
0.27,0.39,51692.307692307695,309.4901048644961
0.29,0.39,51692.307692307695,309.38610312442574
0.31,0.39,51692.307692307695,309.2556346783789
0.33,0.39,51692.307692307695,309.0971725329496
0.35,0.39,51692.307692307695,308.90681790750256
0.37,0.39,51692.307692307695,308.67485845605086
0.39,0.39,51692.307692307695,308.37506314531674
0.01,0.01,53538.46153846154,308.3626593902093
0.03,0.01,53538.46153846154,308.6444480589984
0.05,0.01,53538.46153846154,308.86164378023886
0.07,0.01,53538.46153846154,309.03943061373934
0.09,0.01,53538.46153846154,309.1871899472756
0.11,0.01,53538.46153846154,309.3087240035627
0.13,0.01,53538.46153846154,309.4055463036973
0.15,0.01,53538.46153846154,309.4781599026149
0.17,0.01,53538.46153846154,309.5266371454822
0.19,0.01,53538.46153846154,309.55090857321915
0.21,0.01,53538.46153846154,309.55090857321915
0.23,0.01,53538.46153846154,309.5266371454822
0.25,0.01,53538.46153846154,309.4781599026149
0.27,0.01,53538.46153846154,309.4055463036973
0.29,0.01,53538.46153846154,309.3087240035627
0.31,0.01,53538.46153846154,309.1871899472756
0.33,0.01,53538.46153846154,309.0394306137394
0.35,0.01,53538.46153846154,308.86164378023886
0.37,0.01,53538.46153846154,308.6444480589984
0.39,0.01,53538.46153846154,308.3626593902093
0.01,0.03,53538.46153846154,308.6444480589984
0.03,0.03,53538.46153846154,309.4126957711467
0.05,0.03,53538.46153846154,310.0388043617182
0.07,0.03,53538.46153846154,310.5614910445811
0.09,0.03,53538.46153846154,310.9992245529918
0.11,0.03,53538.46153846154,311.36046171774404
0.13,0.03,53538.46153846154,311.64870122378244
0.15,0.03,53538.46153846154,311.8650414613298
0.17,0.03,53538.46153846154,312.00952838238925
0.19,0.03,53538.46153846154,312.0818829028172
0.21,0.03,53538.46153846154,312.0818829028172
0.23,0.03,53538.46153846154,312.00952838238925
0.25,0.03,53538.46153846154,311.8650414613298
0.27,0.03,53538.46153846154,311.6487012237825
0.29,0.03,53538.46153846154,311.36046171774404
0.31,0.03,53538.46153846154,310.9992245529918
0.33,0.03,53538.46153846154,310.5614910445811
0.35,0.03,53538.46153846154,310.0388043617181
0.37,0.03,53538.46153846154,309.4126957711466
0.39,0.03,53538.46153846154,308.6444480589984
0.01,0.05,53538.46153846154,308.86164378023886
0.03,0.05,53538.46153846154,310.0388043617182
0.05,0.05,53538.46153846154,311.0308475691704
0.07,0.05,53538.46153846154,311.8733007765496
0.09,0.05,53538.46153846154,312.5850459258108
0.11,0.05,53538.46153846154,313.17512751696535
0.13,0.05,53538.46153846154,313.6471406689087
0.15,0.05,53538.46153846154,314.00189510319115
0.17,0.05,53538.46153846154,314.23899764487925
0.19,0.05,53538.46153846154,314.35777367187103
0.21,0.05,53538.46153846154,314.35777367187103
0.23,0.05,53538.46153846154,314.2389976448792
0.25,0.05,53538.46153846154,314.0018951031912
0.27,0.05,53538.46153846154,313.6471406689087
0.29,0.05,53538.46153846154,313.1751275169654
0.31,0.05,53538.46153846154,312.5850459258108
0.33,0.05,53538.46153846154,311.8733007765496
0.35,0.05,53538.46153846154,311.0308475691704
0.37,0.05,53538.46153846154,310.0388043617181
0.39,0.05,53538.46153846154,308.8616437802388
0.01,0.07,53538.46153846154,309.03943061373934
0.03,0.07,53538.46153846154,310.5614910445811
0.05,0.07,53538.46153846154,311.8733007765496
0.07,0.07,53538.46153846154,313.0027085193456
0.09,0.07,53538.46153846154,313.964690151599
0.11,0.07,53538.46153846154,314.7660565334381
0.13,0.07,53538.46153846154,315.4088761819459
0.15,0.07,53538.46153846154,315.8927919433192
0.17,0.07,53538.46153846154,316.2165175546829
0.19,0.07,53538.46153846154,316.378762837046
0.21,0.07,53538.46153846154,316.378762837046
0.23,0.07,53538.46153846154,316.2165175546829
0.25,0.07,53538.46153846154,315.89279194331925
0.27,0.07,53538.46153846154,315.4088761819459
0.29,0.07,53538.46153846154,314.7660565334381
0.31,0.07,53538.46153846154,313.9646901515989
0.33,0.07,53538.46153846154,313.0027085193456
0.35,0.07,53538.46153846154,311.8733007765496
0.37,0.07,53538.46153846154,310.5614910445811
0.39,0.07,53538.46153846154,309.03943061373934
0.01,0.09,53538.46153846154,309.1871899472756
0.03,0.09,53538.46153846154,310.9992245529918
0.05,0.09,53538.46153846154,312.5850459258108
0.07,0.09,53538.46153846154,313.964690151599
0.09,0.09,53538.46153846154,315.1478246943012
0.11,0.09,53538.46153846154,316.1376762024414
0.13,0.09,53538.46153846154,316.9338257992222
0.15,0.09,53538.46153846154,317.5341534594147
0.17,0.09,53538.46153846154,317.9361423024315
0.19,0.09,53538.46153846154,318.1377129088647
0.21,0.09,53538.46153846154,318.1377129088647
0.23,0.09,53538.46153846154,317.9361423024315
0.25,0.09,53538.46153846154,317.5341534594147
0.27,0.09,53538.46153846154,316.93382579922223
0.29,0.09,53538.46153846154,316.1376762024414
0.31,0.09,53538.46153846154,315.1478246943012
0.33,0.09,53538.46153846154,313.964690151599
0.35,0.09,53538.46153846154,312.5850459258108
0.37,0.09,53538.46153846154,310.9992245529918
0.39,0.09,53538.46153846154,309.1871899472756
0.01,0.11,53538.46153846154,309.3087240035627
0.03,0.11,53538.46153846154,311.36046171774404
0.05,0.11,53538.46153846154,313.1751275169654
0.07,0.11,53538.46153846154,314.7660565334381
0.09,0.11,53538.46153846154,316.13767620244147
0.11,0.11,53538.46153846154,317.2893312225133
0.13,0.11,53538.46153846154,318.217788890965
0.15,0.11,53538.46153846154,318.9189230666052
0.17,0.11,53538.46153846154,319.3888359035238
0.19,0.11,53538.46153846154,319.6245788166318
0.21,0.11,53538.46153846154,319.6245788166318
0.23,0.11,53538.46153846154,319.3888359035238
0.25,0.11,53538.46153846154,318.9189230666052
0.27,0.11,53538.46153846154,318.2177888909649
0.29,0.11,53538.46153846154,317.2893312225132
0.31,0.11,53538.46153846154,316.13767620244147
0.33,0.11,53538.46153846154,314.7660565334381
0.35,0.11,53538.46153846154,313.1751275169654
0.37,0.11,53538.46153846154,311.3604617177441
0.39,0.11,53538.46153846154,309.3087240035627
0.01,0.13,53538.46153846154,309.4055463036973
0.03,0.13,53538.46153846154,311.64870122378244
0.05,0.13,53538.46153846154,313.64714066890866
0.07,0.13,53538.46153846154,315.4088761819459
0.09,0.13,53538.46153846154,316.93382579922223
0.11,0.13,53538.46153846154,318.2177888909649
0.13,0.13,53538.46153846154,319.2548651277981
0.15,0.13,53538.46153846154,320.0389913311478
0.17,0.13,53538.46153846154,320.56492926904326
0.19,0.13,53538.46153846154,320.828887960071
0.21,0.13,53538.46153846154,320.8288879600709
0.23,0.13,53538.46153846154,320.56492926904326
0.25,0.13,53538.46153846154,320.0389913311478
0.27,0.13,53538.46153846154,319.2548651277981
0.29,0.13,53538.46153846154,318.217788890965
0.31,0.13,53538.46153846154,316.93382579922223
0.33,0.13,53538.46153846154,315.4088761819459
0.35,0.13,53538.46153846154,313.64714066890866
0.37,0.13,53538.46153846154,311.64870122378244
0.39,0.13,53538.46153846154,309.4055463036973
0.01,0.15,53538.46153846154,309.4781599026149
0.03,0.15,53538.46153846154,311.8650414613298
0.05,0.15,53538.46153846154,314.00189510319115
0.07,0.15,53538.46153846154,315.8927919433192
0.09,0.15,53538.46153846154,317.5341534594147
0.11,0.15,53538.46153846154,318.9189230666052
0.13,0.15,53538.46153846154,320.0389913311478
0.15,0.15,53538.46153846154,320.8866628621196
0.17,0.15,53538.46153846154,321.4555595473739
0.19,0.15,53538.46153846154,321.7411712856561
0.21,0.15,53538.46153846154,321.7411712856561
0.23,0.15,53538.46153846154,321.45555954737387
0.25,0.15,53538.46153846154,320.8866628621195
0.27,0.15,53538.46153846154,320.0389913311478
0.29,0.15,53538.46153846154,318.9189230666052
0.31,0.15,53538.46153846154,317.5341534594147
0.33,0.15,53538.46153846154,315.8927919433192
0.35,0.15,53538.46153846154,314.00189510319115
0.37,0.15,53538.46153846154,311.8650414613298
0.39,0.15,53538.46153846154,309.4781599026149
0.01,0.17,53538.46153846154,309.52663714548214
0.03,0.17,53538.46153846154,312.00952838238925
0.05,0.17,53538.46153846154,314.2389976448792
0.07,0.17,53538.46153846154,316.2165175546828
0.09,0.17,53538.46153846154,317.93614230243145
0.11,0.17,53538.46153846154,319.3888359035238
0.13,0.17,53538.46153846154,320.56492926904326
0.15,0.17,53538.46153846154,321.4555595473739
0.17,0.17,53538.46153846154,322.0535266623971
0.19,0.17,53538.46153846154,322.35379965930395
0.21,0.17,53538.46153846154,322.353799659304
0.23,0.17,53538.46153846154,322.0535266623971
0.25,0.17,53538.46153846154,321.45555954737387
0.27,0.17,53538.46153846154,320.56492926904326
0.29,0.17,53538.46153846154,319.3888359035238
0.31,0.17,53538.46153846154,317.9361423024315
0.33,0.17,53538.46153846154,316.21651755468287
0.35,0.17,53538.46153846154,314.2389976448792
0.37,0.17,53538.46153846154,312.00952838238925
0.39,0.17,53538.46153846154,309.52663714548214
0.01,0.19,53538.46153846154,309.55090857321915
0.03,0.19,53538.46153846154,312.0818829028172
0.05,0.19,53538.46153846154,314.35777367187103
0.07,0.19,53538.46153846154,316.37876283704594
0.09,0.19,53538.46153846154,318.1377129088646
0.11,0.19,53538.46153846154,319.6245788166317
0.13,0.19,53538.46153846154,320.82888796007086
0.15,0.19,53538.46153846154,321.7411712856561
0.17,0.19,53538.46153846154,322.35379965930395
0.19,0.19,53538.46153846154,322.6614693904564
0.21,0.19,53538.46153846154,322.66146939045643
0.23,0.19,53538.46153846154,322.35379965930395
0.25,0.19,53538.46153846154,321.7411712856561
0.27,0.19,53538.46153846154,320.828887960071
0.29,0.19,53538.46153846154,319.6245788166318
0.31,0.19,53538.46153846154,318.13771290886467
0.33,0.19,53538.46153846154,316.37876283704594
0.35,0.19,53538.46153846154,314.35777367187103
0.37,0.19,53538.46153846154,312.0818829028172
0.39,0.19,53538.46153846154,309.55090857321915
0.01,0.21,53538.46153846154,309.55090857321915
0.03,0.21,53538.46153846154,312.0818829028172
0.05,0.21,53538.46153846154,314.35777367187103
0.07,0.21,53538.46153846154,316.37876283704594
0.09,0.21,53538.46153846154,318.1377129088646
0.11,0.21,53538.46153846154,319.6245788166317
0.13,0.21,53538.46153846154,320.8288879600708
0.15,0.21,53538.46153846154,321.7411712856561
0.17,0.21,53538.46153846154,322.35379965930395
0.19,0.21,53538.46153846154,322.6614693904564
0.21,0.21,53538.46153846154,322.6614693904564
0.23,0.21,53538.46153846154,322.35379965930395
0.25,0.21,53538.46153846154,321.7411712856561
0.27,0.21,53538.46153846154,320.8288879600709
0.29,0.21,53538.46153846154,319.6245788166318
0.31,0.21,53538.46153846154,318.13771290886467
0.33,0.21,53538.46153846154,316.37876283704594
0.35,0.21,53538.46153846154,314.357773671871
0.37,0.21,53538.46153846154,312.0818829028172
0.39,0.21,53538.46153846154,309.55090857321915
0.01,0.23,53538.46153846154,309.52663714548214
0.03,0.23,53538.46153846154,312.00952838238925
0.05,0.23,53538.46153846154,314.23899764487925
0.07,0.23,53538.46153846154,316.21651755468287
0.09,0.23,53538.46153846154,317.93614230243145
0.11,0.23,53538.46153846154,319.3888359035237
0.13,0.23,53538.46153846154,320.5649292690432
0.15,0.23,53538.46153846154,321.4555595473738
0.17,0.23,53538.46153846154,322.0535266623971
0.19,0.23,53538.46153846154,322.35379965930395
0.21,0.23,53538.46153846154,322.35379965930395
0.23,0.23,53538.46153846154,322.0535266623971
0.25,0.23,53538.46153846154,321.45555954737387
0.27,0.23,53538.46153846154,320.56492926904326
0.29,0.23,53538.46153846154,319.3888359035238
0.31,0.23,53538.46153846154,317.93614230243145
0.33,0.23,53538.46153846154,316.2165175546828
0.35,0.23,53538.46153846154,314.23899764487913
0.37,0.23,53538.46153846154,312.00952838238925
0.39,0.23,53538.46153846154,309.5266371454822
0.01,0.25,53538.46153846154,309.4781599026149
0.03,0.25,53538.46153846154,311.8650414613298
0.05,0.25,53538.46153846154,314.00189510319115
0.07,0.25,53538.46153846154,315.8927919433192
0.09,0.25,53538.46153846154,317.53415345941465
0.11,0.25,53538.46153846154,318.91892306660515
0.13,0.25,53538.46153846154,320.0389913311478
0.15,0.25,53538.46153846154,320.88666286211946
0.17,0.25,53538.46153846154,321.45555954737387
0.19,0.25,53538.46153846154,321.7411712856561
0.21,0.25,53538.46153846154,321.7411712856561
0.23,0.25,53538.46153846154,321.45555954737387
0.25,0.25,53538.46153846154,320.8866628621195
0.27,0.25,53538.46153846154,320.0389913311478
0.29,0.25,53538.46153846154,318.91892306660515
0.31,0.25,53538.46153846154,317.5341534594147
0.33,0.25,53538.46153846154,315.89279194331914
0.35,0.25,53538.46153846154,314.0018951031911
0.37,0.25,53538.46153846154,311.8650414613298
0.39,0.25,53538.46153846154,309.4781599026149
0.01,0.27,53538.46153846154,309.4055463036973
0.03,0.27,53538.46153846154,311.64870122378244
0.05,0.27,53538.46153846154,313.64714066890866
0.07,0.27,53538.46153846154,315.40887618194586
0.09,0.27,53538.46153846154,316.9338257992222
0.11,0.27,53538.46153846154,318.2177888909649
0.13,0.27,53538.46153846154,319.25486512779804
0.15,0.27,53538.46153846154,320.03899133114777
0.17,0.27,53538.46153846154,320.5649292690432
0.19,0.27,53538.46153846154,320.8288879600709
0.21,0.27,53538.46153846154,320.8288879600709
0.23,0.27,53538.46153846154,320.56492926904326
0.25,0.27,53538.46153846154,320.0389913311478
0.27,0.27,53538.46153846154,319.2548651277981
0.29,0.27,53538.46153846154,318.217788890965
0.31,0.27,53538.46153846154,316.93382579922223
0.33,0.27,53538.46153846154,315.4088761819459
0.35,0.27,53538.46153846154,313.64714066890866
0.37,0.27,53538.46153846154,311.64870122378244
0.39,0.27,53538.46153846154,309.4055463036973
0.01,0.29,53538.46153846154,309.3087240035627
0.03,0.29,53538.46153846154,311.36046171774404
0.05,0.29,53538.46153846154,313.17512751696535
0.07,0.29,53538.46153846154,314.7660565334381
0.09,0.29,53538.46153846154,316.13767620244147
0.11,0.29,53538.46153846154,317.2893312225133
0.13,0.29,53538.46153846154,318.2177888909649
0.15,0.29,53538.46153846154,318.91892306660515
0.17,0.29,53538.46153846154,319.3888359035238
0.19,0.29,53538.46153846154,319.6245788166317
0.21,0.29,53538.46153846154,319.6245788166318
0.23,0.29,53538.46153846154,319.3888359035238
0.25,0.29,53538.46153846154,318.9189230666052
0.27,0.29,53538.46153846154,318.217788890965
0.29,0.29,53538.46153846154,317.2893312225133
0.31,0.29,53538.46153846154,316.1376762024415
0.33,0.29,53538.46153846154,314.7660565334381
0.35,0.29,53538.46153846154,313.17512751696535
0.37,0.29,53538.46153846154,311.36046171774404
0.39,0.29,53538.46153846154,309.3087240035627
0.01,0.31,53538.46153846154,309.1871899472756
0.03,0.31,53538.46153846154,310.99922455299185
0.05,0.31,53538.46153846154,312.5850459258108
0.07,0.31,53538.46153846154,313.964690151599
0.09,0.31,53538.46153846154,315.1478246943012
0.11,0.31,53538.46153846154,316.13767620244147
0.13,0.31,53538.46153846154,316.9338257992222
0.15,0.31,53538.46153846154,317.53415345941465
0.17,0.31,53538.46153846154,317.9361423024315
0.19,0.31,53538.46153846154,318.13771290886467
0.21,0.31,53538.46153846154,318.13771290886467
0.23,0.31,53538.46153846154,317.9361423024315
0.25,0.31,53538.46153846154,317.5341534594147
0.27,0.31,53538.46153846154,316.93382579922223
0.29,0.31,53538.46153846154,316.13767620244147
0.31,0.31,53538.46153846154,315.1478246943012
0.33,0.31,53538.46153846154,313.96469015159903
0.35,0.31,53538.46153846154,312.5850459258108
0.37,0.31,53538.46153846154,310.9992245529918
0.39,0.31,53538.46153846154,309.18718994727567
0.01,0.33,53538.46153846154,309.03943061373934
0.03,0.33,53538.46153846154,310.5614910445811
0.05,0.33,53538.46153846154,311.8733007765496
0.07,0.33,53538.46153846154,313.0027085193456
0.09,0.33,53538.46153846154,313.964690151599
0.11,0.33,53538.46153846154,314.7660565334381
0.13,0.33,53538.46153846154,315.40887618194586
0.15,0.33,53538.46153846154,315.8927919433192
0.17,0.33,53538.46153846154,316.21651755468287
0.19,0.33,53538.46153846154,316.378762837046
0.21,0.33,53538.46153846154,316.378762837046
0.23,0.33,53538.46153846154,316.21651755468287
0.25,0.33,53538.46153846154,315.8927919433192
0.27,0.33,53538.46153846154,315.4088761819459
0.29,0.33,53538.46153846154,314.76605653343813
0.31,0.33,53538.46153846154,313.96469015159903
0.33,0.33,53538.46153846154,313.0027085193457
0.35,0.33,53538.46153846154,311.8733007765496
0.37,0.33,53538.46153846154,310.5614910445811
0.39,0.33,53538.46153846154,309.03943061373934
0.01,0.35,53538.46153846154,308.86164378023886
0.03,0.35,53538.46153846154,310.0388043617182
0.05,0.35,53538.46153846154,311.0308475691704
0.07,0.35,53538.46153846154,311.8733007765496
0.09,0.35,53538.46153846154,312.5850459258108
0.11,0.35,53538.46153846154,313.17512751696535
0.13,0.35,53538.46153846154,313.6471406689086
0.15,0.35,53538.46153846154,314.0018951031911
0.17,0.35,53538.46153846154,314.2389976448792
0.19,0.35,53538.46153846154,314.35777367187103
0.21,0.35,53538.46153846154,314.35777367187103
0.23,0.35,53538.46153846154,314.2389976448792
0.25,0.35,53538.46153846154,314.0018951031911
0.27,0.35,53538.46153846154,313.64714066890866
0.29,0.35,53538.46153846154,313.1751275169654
0.31,0.35,53538.46153846154,312.5850459258108
0.33,0.35,53538.46153846154,311.8733007765496
0.35,0.35,53538.46153846154,311.0308475691704
0.37,0.35,53538.46153846154,310.0388043617182
0.39,0.35,53538.46153846154,308.86164378023886
0.01,0.37,53538.46153846154,308.6444480589984
0.03,0.37,53538.46153846154,309.4126957711467
0.05,0.37,53538.46153846154,310.0388043617182
0.07,0.37,53538.46153846154,310.5614910445811
0.09,0.37,53538.46153846154,310.9992245529918
0.11,0.37,53538.46153846154,311.36046171774404
0.13,0.37,53538.46153846154,311.64870122378244
0.15,0.37,53538.46153846154,311.8650414613297
0.17,0.37,53538.46153846154,312.00952838238925
0.19,0.37,53538.46153846154,312.0818829028172
0.21,0.37,53538.46153846154,312.08188290281726
0.23,0.37,53538.46153846154,312.00952838238925
0.25,0.37,53538.46153846154,311.8650414613298
0.27,0.37,53538.46153846154,311.64870122378244
0.29,0.37,53538.46153846154,311.36046171774404
0.31,0.37,53538.46153846154,310.9992245529918
0.33,0.37,53538.46153846154,310.5614910445811
0.35,0.37,53538.46153846154,310.03880436171823
0.37,0.37,53538.46153846154,309.4126957711467
0.39,0.37,53538.46153846154,308.6444480589984
0.01,0.39,53538.46153846154,308.3626593902093
0.03,0.39,53538.46153846154,308.6444480589984
0.05,0.39,53538.46153846154,308.86164378023886
0.07,0.39,53538.46153846154,309.03943061373934
0.09,0.39,53538.46153846154,309.1871899472756
0.11,0.39,53538.46153846154,309.30872400356265
0.13,0.39,53538.46153846154,309.4055463036973
0.15,0.39,53538.46153846154,309.4781599026149
0.17,0.39,53538.46153846154,309.5266371454822
0.19,0.39,53538.46153846154,309.55090857321915
0.21,0.39,53538.46153846154,309.55090857321915
0.23,0.39,53538.46153846154,309.52663714548214
0.25,0.39,53538.46153846154,309.47815990261495
0.27,0.39,53538.46153846154,309.4055463036973
0.29,0.39,53538.46153846154,309.3087240035628
0.31,0.39,53538.46153846154,309.1871899472756
0.33,0.39,53538.46153846154,309.03943061373934
0.35,0.39,53538.46153846154,308.86164378023886
0.37,0.39,53538.46153846154,308.6444480589984
0.39,0.39,53538.46153846154,308.3626593902093
0.01,0.01,55384.61538461538,308.35118861819046
0.03,0.01,55384.61538461538,308.6163119991559
0.05,0.01,55384.61538461538,308.8198281399372
0.07,0.01,55384.61538461538,308.9859535871602
0.09,0.01,55384.61538461538,309.123766640352
0.11,0.01,55384.61538461538,309.2369850248381
0.13,0.01,55384.61538461538,309.3271155681824
0.15,0.01,55384.61538461538,309.39468053275937
0.17,0.01,55384.61538461538,309.4397759839882
0.19,0.01,55384.61538461538,309.462351413344
0.21,0.01,55384.61538461538,309.462351413344
0.23,0.01,55384.61538461538,309.4397759839882
0.25,0.01,55384.61538461538,309.39468053275937
0.27,0.01,55384.61538461538,309.3271155681824
0.29,0.01,55384.61538461538,309.2369850248381
0.31,0.01,55384.61538461538,309.123766640352
0.33,0.01,55384.61538461538,308.9859535871602
0.35,0.01,55384.61538461538,308.8198281399372
0.37,0.01,55384.61538461538,308.6163119991559
0.39,0.01,55384.61538461538,308.35118861819046
0.01,0.03,55384.61538461538,308.6163119991559
0.03,0.03,55384.61538461538,309.338017791707
0.05,0.03,55384.61538461538,309.9243076015133
0.07,0.03,55384.61538461538,310.4125916604985
0.09,0.03,55384.61538461538,310.8208437349674
0.11,0.03,55384.61538461538,311.1573885885339
0.13,0.03,55384.61538461538,311.42574389349
0.15,0.03,55384.61538461538,311.6270784550678
0.17,0.03,55384.61538461538,311.761513086547
0.19,0.03,55384.61538461538,311.8288262001405
0.21,0.03,55384.61538461538,311.8288262001405
0.23,0.03,55384.61538461538,311.7615130865469
0.25,0.03,55384.61538461538,311.6270784550678
0.27,0.03,55384.61538461538,311.42574389349
0.29,0.03,55384.61538461538,311.1573885885338
0.31,0.03,55384.61538461538,310.82084373496747
0.33,0.03,55384.61538461538,310.4125916604986
0.35,0.03,55384.61538461538,309.9243076015133
0.37,0.03,55384.61538461538,309.33801779170705
0.39,0.03,55384.61538461538,308.616311999156
0.01,0.05,55384.61538461538,308.8198281399373
0.03,0.05,55384.61538461538,309.9243076015133
0.05,0.05,55384.61538461538,310.85263341695054
0.07,0.05,55384.61538461538,311.6394009561218
0.09,0.05,55384.61538461538,312.3031675227968
0.11,0.05,55384.61538461538,312.8529604686734
0.13,0.05,55384.61538461538,313.2924895448692
0.15,0.05,55384.61538461538,313.62271510778805
0.17,0.05,55384.61538461538,313.84338120849543
0.19,0.05,55384.61538461538,313.95391308314504
0.21,0.05,55384.61538461538,313.95391308314504
0.23,0.05,55384.61538461538,313.84338120849543
0.25,0.05,55384.61538461538,313.62271510778805
0.27,0.05,55384.61538461538,313.2924895448692
0.29,0.05,55384.61538461538,312.8529604686734
0.31,0.05,55384.61538461538,312.30316752279674
0.33,0.05,55384.61538461538,311.6394009561218
0.35,0.05,55384.61538461538,310.8526334169505
0.37,0.05,55384.61538461538,309.9243076015133
0.39,0.05,55384.61538461538,308.8198281399373
0.01,0.07,55384.61538461538,308.9859535871602
0.03,0.07,55384.61538461538,310.4125916604985
0.05,0.07,55384.61538461538,311.6394009561218
0.07,0.07,55384.61538461538,312.6938475910673
0.09,0.07,55384.61538461538,313.5909203461832
0.11,0.07,55384.61538461538,314.33763298495217
0.13,0.07,55384.61538461538,314.9363211150092
0.15,0.07,55384.61538461538,315.3868864941947
0.17,0.07,55384.61538461538,315.688255216025
0.19,0.07,55384.61538461538,315.8392845666996
0.21,0.07,55384.61538461538,315.8392845666996
0.23,0.07,55384.61538461538,315.68825521602497
0.25,0.07,55384.61538461538,315.3868864941947
0.27,0.07,55384.61538461538,314.9363211150092
0.29,0.07,55384.61538461538,314.33763298495217
0.31,0.07,55384.61538461538,313.5909203461832
0.33,0.07,55384.61538461538,312.69384759106737
0.35,0.07,55384.61538461538,311.6394009561218
0.37,0.07,55384.61538461538,310.4125916604986
0.39,0.07,55384.61538461538,308.9859535871602
0.01,0.09,55384.61538461538,309.123766640352
0.03,0.09,55384.61538461538,310.8208437349674
0.05,0.09,55384.61538461538,312.30316752279674
0.07,0.09,55384.61538461538,313.5909203461832
0.09,0.09,55384.61538461538,314.69415746581205
0.11,0.09,55384.61538461538,315.6165685595151
0.13,0.09,55384.61538461538,316.35818229065376
0.15,0.09,55384.61538461538,316.9172620448335
0.17,0.09,55384.61538461538,317.2915866634458
0.19,0.09,55384.61538461538,317.47927546186446
0.21,0.09,55384.61538461538,317.47927546186446
0.23,0.09,55384.61538461538,317.2915866634458
0.25,0.09,55384.61538461538,316.9172620448335
0.27,0.09,55384.61538461538,316.35818229065376
0.29,0.09,55384.61538461538,315.61656855951514
0.31,0.09,55384.61538461538,314.69415746581205
0.33,0.09,55384.61538461538,313.5909203461832
0.35,0.09,55384.61538461538,312.3031675227968
0.37,0.09,55384.61538461538,310.8208437349675
0.39,0.09,55384.61538461538,309.1237666403521
0.01,0.11,55384.61538461538,309.2369850248381
0.03,0.11,55384.61538461538,311.1573885885338
0.05,0.11,55384.61538461538,312.8529604686734
0.07,0.11,55384.61538461538,314.33763298495217
0.09,0.11,55384.61538461538,315.61656855951514
0.11,0.11,55384.61538461538,316.68982930821755
0.13,0.11,55384.61538461538,317.55481139759854
0.15,0.11,55384.61538461538,318.2078981147863
0.17,0.11,55384.61538461538,318.6455713960351
0.19,0.11,55384.61538461538,318.8651326962621
0.21,0.11,55384.61538461538,318.8651326962622
0.23,0.11,55384.61538461538,318.6455713960352
0.25,0.11,55384.61538461538,318.2078981147864
0.27,0.11,55384.61538461538,317.55481139759854
0.29,0.11,55384.61538461538,316.6898293082176
0.31,0.11,55384.61538461538,315.6165685595152
0.33,0.11,55384.61538461538,314.3376329849522
0.35,0.11,55384.61538461538,312.8529604686734
0.37,0.11,55384.61538461538,311.15738858853393
0.39,0.11,55384.61538461538,309.23698502483813
0.01,0.13,55384.61538461538,309.3271155681824
0.03,0.13,55384.61538461538,311.42574389348994
0.05,0.13,55384.61538461538,313.2924895448691
0.07,0.13,55384.61538461538,314.9363211150092
0.09,0.13,55384.61538461538,316.35818229065376
0.11,0.13,55384.61538461538,317.55481139759854
0.13,0.13,55384.61538461538,318.5210992241789
0.15,0.13,55384.61538461538,319.25160654744013
0.17,0.13,55384.61538461538,319.7415518564965
0.19,0.13,55384.61538461538,319.98744126507904
0.21,0.13,55384.61538461538,319.9874412650791
0.23,0.13,55384.61538461538,319.7415518564966
0.25,0.13,55384.61538461538,319.2516065474402
0.27,0.13,55384.61538461538,318.521099224179
0.29,0.13,55384.61538461538,317.5548113975986
0.31,0.13,55384.61538461538,316.35818229065376
0.33,0.13,55384.61538461538,314.9363211150092
0.35,0.13,55384.61538461538,313.2924895448692
0.37,0.13,55384.61538461538,311.42574389349
0.39,0.13,55384.61538461538,309.3271155681824
0.01,0.15,55384.61538461538,309.39468053275937
0.03,0.15,55384.61538461538,311.6270784550678
0.05,0.15,55384.61538461538,313.62271510778805
0.07,0.15,55384.61538461538,315.38688649419464
0.09,0.15,55384.61538461538,316.9172620448335
0.11,0.15,55384.61538461538,318.2078981147863
0.13,0.15,55384.61538461538,319.2516065474402
0.15,0.15,55384.61538461538,320.0414091641996
0.17,0.15,55384.61538461538,320.5714478068539
0.19,0.15,55384.61538461538,320.83754833822934
0.21,0.15,55384.61538461538,320.83754833822934
0.23,0.15,55384.61538461538,320.57144780685394
0.25,0.15,55384.61538461538,320.04140916419965
0.27,0.15,55384.61538461538,319.2516065474402
0.29,0.15,55384.61538461538,318.2078981147864
0.31,0.15,55384.61538461538,316.9172620448335
0.33,0.15,55384.61538461538,315.3868864941947
0.35,0.15,55384.61538461538,313.6227151077881
0.37,0.15,55384.61538461538,311.6270784550679
0.39,0.15,55384.61538461538,309.39468053275937
0.01,0.17,55384.61538461538,309.4397759839882
0.03,0.17,55384.61538461538,311.7615130865469
0.05,0.17,55384.61538461538,313.84338120849543
0.07,0.17,55384.61538461538,315.68825521602497
0.09,0.17,55384.61538461538,317.2915866634458
0.11,0.17,55384.61538461538,318.6455713960352
0.13,0.17,55384.61538461538,319.7415518564965
0.15,0.17,55384.61538461538,320.57144780685394
0.17,0.17,55384.61538461538,321.1286238206728
0.19,0.17,55384.61538461538,321.4084125168121
0.21,0.17,55384.61538461538,321.40841251681206
0.23,0.17,55384.61538461538,321.1286238206728
0.25,0.17,55384.61538461538,320.57144780685394
0.27,0.17,55384.61538461538,319.7415518564965
0.29,0.17,55384.61538461538,318.6455713960351
0.31,0.17,55384.61538461538,317.2915866634458
0.33,0.17,55384.61538461538,315.68825521602497
0.35,0.17,55384.61538461538,313.8433812084955
0.37,0.17,55384.61538461538,311.7615130865469
0.39,0.17,55384.61538461538,309.4397759839882
0.01,0.19,55384.61538461538,309.462351413344
0.03,0.19,55384.61538461538,311.8288262001406
0.05,0.19,55384.61538461538,313.9539130831451
0.07,0.19,55384.61538461538,315.8392845666995
0.09,0.19,55384.61538461538,317.47927546186435
0.11,0.19,55384.61538461538,318.8651326962621
0.13,0.19,55384.61538461538,319.98744126507904
0.15,0.19,55384.61538461538,320.83754833822934
0.17,0.19,55384.61538461538,321.40841251681206
0.19,0.19,55384.61538461538,321.6951079919993
0.21,0.19,55384.61538461538,321.6951079919993
0.23,0.19,55384.61538461538,321.40841251681206
0.25,0.19,55384.61538461538,320.83754833822934
0.27,0.19,55384.61538461538,319.98744126507904
0.29,0.19,55384.61538461538,318.8651326962621
0.31,0.19,55384.61538461538,317.47927546186435
0.33,0.19,55384.61538461538,315.8392845666996
0.35,0.19,55384.61538461538,313.9539130831451
0.37,0.19,55384.61538461538,311.8288262001406
0.39,0.19,55384.61538461538,309.462351413344
0.01,0.21,55384.61538461538,309.462351413344
0.03,0.21,55384.61538461538,311.8288262001406
0.05,0.21,55384.61538461538,313.9539130831451
0.07,0.21,55384.61538461538,315.8392845666995
0.09,0.21,55384.61538461538,317.47927546186435
0.11,0.21,55384.61538461538,318.8651326962621
0.13,0.21,55384.61538461538,319.98744126507904
0.15,0.21,55384.61538461538,320.83754833822934
0.17,0.21,55384.61538461538,321.40841251681206
0.19,0.21,55384.61538461538,321.6951079919993
0.21,0.21,55384.61538461538,321.6951079919993
0.23,0.21,55384.61538461538,321.40841251681206
0.25,0.21,55384.61538461538,320.83754833822934
0.27,0.21,55384.61538461538,319.98744126507904
0.29,0.21,55384.61538461538,318.8651326962621
0.31,0.21,55384.61538461538,317.4792754618644
0.33,0.21,55384.61538461538,315.8392845666996
0.35,0.21,55384.61538461538,313.9539130831451
0.37,0.21,55384.61538461538,311.8288262001406
0.39,0.21,55384.61538461538,309.462351413344
0.01,0.23,55384.61538461538,309.4397759839883
0.03,0.23,55384.61538461538,311.7615130865469
0.05,0.23,55384.61538461538,313.84338120849543
0.07,0.23,55384.61538461538,315.68825521602497
0.09,0.23,55384.61538461538,317.2915866634458
0.11,0.23,55384.61538461538,318.6455713960352
0.13,0.23,55384.61538461538,319.7415518564965
0.15,0.23,55384.61538461538,320.57144780685394
0.17,0.23,55384.61538461538,321.12862382067283
0.19,0.23,55384.61538461538,321.40841251681206
0.21,0.23,55384.61538461538,321.40841251681206
0.23,0.23,55384.61538461538,321.1286238206728
0.25,0.23,55384.61538461538,320.57144780685394
0.27,0.23,55384.61538461538,319.7415518564965
0.29,0.23,55384.61538461538,318.6455713960351
0.31,0.23,55384.61538461538,317.29158666344574
0.33,0.23,55384.61538461538,315.688255216025
0.35,0.23,55384.61538461538,313.84338120849543
0.37,0.23,55384.61538461538,311.761513086547
0.39,0.23,55384.61538461538,309.4397759839883
0.01,0.25,55384.61538461538,309.39468053275937
0.03,0.25,55384.61538461538,311.6270784550678
0.05,0.25,55384.61538461538,313.62271510778805
0.07,0.25,55384.61538461538,315.38688649419464
0.09,0.25,55384.61538461538,316.9172620448334
0.11,0.25,55384.61538461538,318.2078981147863
0.13,0.25,55384.61538461538,319.25160654744013
0.15,0.25,55384.61538461538,320.0414091641996
0.17,0.25,55384.61538461538,320.57144780685394
0.19,0.25,55384.61538461538,320.83754833822934
0.21,0.25,55384.61538461538,320.83754833822934
0.23,0.25,55384.61538461538,320.57144780685394
0.25,0.25,55384.61538461538,320.04140916419965
0.27,0.25,55384.61538461538,319.2516065474402
0.29,0.25,55384.61538461538,318.2078981147863
0.31,0.25,55384.61538461538,316.9172620448335
0.33,0.25,55384.61538461538,315.3868864941947
0.35,0.25,55384.61538461538,313.6227151077881
0.37,0.25,55384.61538461538,311.6270784550679
0.39,0.25,55384.61538461538,309.3946805327594
0.01,0.27,55384.61538461538,309.3271155681824
0.03,0.27,55384.61538461538,311.42574389349
0.05,0.27,55384.61538461538,313.2924895448691
0.07,0.27,55384.61538461538,314.93632111500915
0.09,0.27,55384.61538461538,316.35818229065376
0.11,0.27,55384.61538461538,317.55481139759854
0.13,0.27,55384.61538461538,318.5210992241789
0.15,0.27,55384.61538461538,319.25160654744013
0.17,0.27,55384.61538461538,319.7415518564965
0.19,0.27,55384.61538461538,319.987441265079
0.21,0.27,55384.61538461538,319.98744126507904
0.23,0.27,55384.61538461538,319.7415518564966
0.25,0.27,55384.61538461538,319.2516065474402
0.27,0.27,55384.61538461538,318.521099224179
0.29,0.27,55384.61538461538,317.55481139759854
0.31,0.27,55384.61538461538,316.35818229065376
0.33,0.27,55384.61538461538,314.9363211150092
0.35,0.27,55384.61538461538,313.2924895448692
0.37,0.27,55384.61538461538,311.42574389349005
0.39,0.27,55384.61538461538,309.3271155681824
0.01,0.29,55384.61538461538,309.23698502483813
0.03,0.29,55384.61538461538,311.1573885885339
0.05,0.29,55384.61538461538,312.8529604686734
0.07,0.29,55384.61538461538,314.33763298495217
0.09,0.29,55384.61538461538,315.61656855951514
0.11,0.29,55384.61538461538,316.6898293082176
0.13,0.29,55384.61538461538,317.55481139759854
0.15,0.29,55384.61538461538,318.2078981147863
0.17,0.29,55384.61538461538,318.6455713960352
0.19,0.29,55384.61538461538,318.8651326962622
0.21,0.29,55384.61538461538,318.8651326962622
0.23,0.29,55384.61538461538,318.6455713960352
0.25,0.29,55384.61538461538,318.2078981147864
0.27,0.29,55384.61538461538,317.5548113975986
0.29,0.29,55384.61538461538,316.68982930821767
0.31,0.29,55384.61538461538,315.61656855951526
0.33,0.29,55384.61538461538,314.3376329849522
0.35,0.29,55384.61538461538,312.8529604686735
0.37,0.29,55384.61538461538,311.15738858853393
0.39,0.29,55384.61538461538,309.23698502483813
0.01,0.31,55384.61538461538,309.123766640352
0.03,0.31,55384.61538461538,310.82084373496747
0.05,0.31,55384.61538461538,312.30316752279674
0.07,0.31,55384.61538461538,313.5909203461832
0.09,0.31,55384.61538461538,314.69415746581205
0.11,0.31,55384.61538461538,315.61656855951514
0.13,0.31,55384.61538461538,316.35818229065376
0.15,0.31,55384.61538461538,316.9172620448335
0.17,0.31,55384.61538461538,317.2915866634458
0.19,0.31,55384.61538461538,317.47927546186446
0.21,0.31,55384.61538461538,317.47927546186446
0.23,0.31,55384.61538461538,317.29158666344586
0.25,0.31,55384.61538461538,316.91726204483354
0.27,0.31,55384.61538461538,316.3581822906538
0.29,0.31,55384.61538461538,315.61656855951526
0.31,0.31,55384.61538461538,314.69415746581217
0.33,0.31,55384.61538461538,313.5909203461833
0.35,0.31,55384.61538461538,312.30316752279685
0.37,0.31,55384.61538461538,310.8208437349675
0.39,0.31,55384.61538461538,309.1237666403521
0.01,0.33,55384.61538461538,308.9859535871602
0.03,0.33,55384.61538461538,310.4125916604986
0.05,0.33,55384.61538461538,311.6394009561218
0.07,0.33,55384.61538461538,312.6938475910673
0.09,0.33,55384.61538461538,313.5909203461832
0.11,0.33,55384.61538461538,314.33763298495217
0.13,0.33,55384.61538461538,314.9363211150092
0.15,0.33,55384.61538461538,315.38688649419464
0.17,0.33,55384.61538461538,315.688255216025
0.19,0.33,55384.61538461538,315.8392845666996
0.21,0.33,55384.61538461538,315.83928456669963
0.23,0.33,55384.61538461538,315.6882552160251
0.25,0.33,55384.61538461538,315.3868864941947
0.27,0.33,55384.61538461538,314.93632111500926
0.29,0.33,55384.61538461538,314.3376329849523
0.31,0.33,55384.61538461538,313.5909203461833
0.33,0.33,55384.61538461538,312.6938475910674
0.35,0.33,55384.61538461538,311.63940095612185
0.37,0.33,55384.61538461538,310.4125916604986
0.39,0.33,55384.61538461538,308.9859535871602
0.01,0.35,55384.61538461538,308.8198281399373
0.03,0.35,55384.61538461538,309.9243076015133
0.05,0.35,55384.61538461538,310.8526334169505
0.07,0.35,55384.61538461538,311.63940095612173
0.09,0.35,55384.61538461538,312.30316752279674
0.11,0.35,55384.61538461538,312.8529604686734
0.13,0.35,55384.61538461538,313.2924895448691
0.15,0.35,55384.61538461538,313.62271510778805
0.17,0.35,55384.61538461538,313.8433812084955
0.19,0.35,55384.61538461538,313.95391308314515
0.21,0.35,55384.61538461538,313.9539130831451
0.23,0.35,55384.61538461538,313.8433812084955
0.25,0.35,55384.61538461538,313.6227151077881
0.27,0.35,55384.61538461538,313.2924895448692
0.29,0.35,55384.61538461538,312.8529604686735
0.31,0.35,55384.61538461538,312.30316752279685
0.33,0.35,55384.61538461538,311.6394009561218
0.35,0.35,55384.61538461538,310.85263341695054
0.37,0.35,55384.61538461538,309.9243076015133
0.39,0.35,55384.61538461538,308.8198281399373
0.01,0.37,55384.61538461538,308.6163119991559
0.03,0.37,55384.61538461538,309.338017791707
0.05,0.37,55384.61538461538,309.9243076015133
0.07,0.37,55384.61538461538,310.4125916604985
0.09,0.37,55384.61538461538,310.8208437349674
0.11,0.37,55384.61538461538,311.1573885885339
0.13,0.37,55384.61538461538,311.42574389349
0.15,0.37,55384.61538461538,311.6270784550678
0.17,0.37,55384.61538461538,311.761513086547
0.19,0.37,55384.61538461538,311.8288262001406
0.21,0.37,55384.61538461538,311.8288262001406
0.23,0.37,55384.61538461538,311.761513086547
0.25,0.37,55384.61538461538,311.6270784550679
0.27,0.37,55384.61538461538,311.42574389349
0.29,0.37,55384.61538461538,311.15738858853393
0.31,0.37,55384.61538461538,310.8208437349675
0.33,0.37,55384.61538461538,310.4125916604986
0.35,0.37,55384.61538461538,309.92430760151336
0.37,0.37,55384.61538461538,309.33801779170705
0.39,0.37,55384.61538461538,308.616311999156
0.01,0.39,55384.61538461538,308.35118861819046
0.03,0.39,55384.61538461538,308.616311999156
0.05,0.39,55384.61538461538,308.8198281399373
0.07,0.39,55384.61538461538,308.9859535871602
0.09,0.39,55384.61538461538,309.123766640352
0.11,0.39,55384.61538461538,309.23698502483813
0.13,0.39,55384.61538461538,309.3271155681824
0.15,0.39,55384.61538461538,309.39468053275937
0.17,0.39,55384.61538461538,309.4397759839882
0.19,0.39,55384.61538461538,309.462351413344
0.21,0.39,55384.61538461538,309.462351413344
0.23,0.39,55384.61538461538,309.4397759839883
0.25,0.39,55384.61538461538,309.39468053275937
0.27,0.39,55384.61538461538,309.3271155681824
0.29,0.39,55384.61538461538,309.23698502483813
0.31,0.39,55384.61538461538,309.1237666403521
0.33,0.39,55384.61538461538,308.9859535871602
0.35,0.39,55384.61538461538,308.8198281399373
0.37,0.39,55384.61538461538,308.616311999156
0.39,0.39,55384.61538461538,308.35118861819046
0.01,0.01,57230.769230769234,308.34056901761164
0.03,0.01,57230.769230769234,308.5902607588506
0.05,0.01,57230.769230769234,308.7811013202755
0.07,0.01,57230.769230769234,308.9364100905328
0.09,0.01,57230.769230769234,309.06498612631646
0.11,0.01,57230.769230769234,309.17047216604186
0.13,0.01,57230.769230769234,309.2543730837556
0.15,0.01,57230.769230769234,309.3172333717749
0.17,0.01,57230.769230769234,309.3591750279238
0.19,0.01,57230.769230769234,309.380168048068
0.21,0.01,57230.769230769234,309.380168048068
0.23,0.01,57230.769230769234,309.3591750279238
0.25,0.01,57230.769230769234,309.3172333717749
0.27,0.01,57230.769230769234,309.2543730837556
0.29,0.01,57230.769230769234,309.17047216604186
0.31,0.01,57230.769230769234,309.06498612631646
0.33,0.01,57230.769230769234,308.9364100905327
0.35,0.01,57230.769230769234,308.7811013202755
0.37,0.01,57230.769230769234,308.5902607588506
0.39,0.01,57230.769230769234,308.34056901761164
0.01,0.03,57230.769230769234,308.5902607588506
0.03,0.03,57230.769230769234,309.2688622520479
0.05,0.03,57230.769230769234,309.81824730784075
0.07,0.03,57230.769230769234,310.2746122474816
0.09,0.03,57230.769230769234,310.6554771259544
0.11,0.03,57230.769230769234,310.9690545423633
0.13,0.03,57230.769230769234,311.2188927305813
0.15,0.03,57230.769230769234,311.40623917131705
0.17,0.03,57230.769230769234,311.5312959680781
0.19,0.03,57230.769230769234,311.5939036682373
0.21,0.03,57230.769230769234,311.5939036682373
0.23,0.03,57230.769230769234,311.5312959680781
0.25,0.03,57230.769230769234,311.4062391713171
0.27,0.03,57230.769230769234,311.2188927305812
0.29,0.03,57230.769230769234,310.96905454236327
0.31,0.03,57230.769230769234,310.6554771259544
0.33,0.03,57230.769230769234,310.2746122474816
0.35,0.03,57230.769230769234,309.81824730784075
0.37,0.03,57230.769230769234,309.2688622520479
0.39,0.03,57230.769230769234,308.5902607588506
0.01,0.05,57230.769230769234,308.7811013202755
0.03,0.05,57230.769230769234,309.81824730784075
0.05,0.05,57230.769230769234,310.6874971206065
0.07,0.05,57230.769230769234,311.4225778268121
0.09,0.05,57230.769230769234,312.04175459253577
0.11,0.05,57230.769230769234,312.5540562554686
0.13,0.05,57230.769230769234,312.963320548387
0.15,0.05,57230.769230769234,313.2706697732783
0.17,0.05,57230.769230769234,313.4759949109538
0.19,0.05,57230.769230769234,313.5788283847787
0.21,0.05,57230.769230769234,313.5788283847787
0.23,0.05,57230.769230769234,313.4759949109537
0.25,0.05,57230.769230769234,313.2706697732783
0.27,0.05,57230.769230769234,312.963320548387
0.29,0.05,57230.769230769234,312.5540562554686
0.31,0.05,57230.769230769234,312.0417545925357
0.33,0.05,57230.769230769234,311.4225778268121
0.35,0.05,57230.769230769234,310.6874971206065
0.37,0.05,57230.769230769234,309.81824730784075
0.39,0.05,57230.769230769234,308.7811013202755
0.01,0.07,57230.769230769234,308.9364100905328
0.03,0.07,57230.769230769234,310.2746122474816
0.05,0.07,57230.769230769234,311.42257782681213
0.07,0.07,57230.769230769234,312.4074128452182
0.09,0.07,57230.769230769234,313.2441308804426
0.11,0.07,57230.769230769234,313.93995824505834
0.13,0.07,57230.769230769234,314.4975083258381
0.15,0.07,57230.769230769234,314.91695371293025
0.17,0.07,57230.769230769234,315.19744451732777
0.19,0.07,57230.769230769234,315.33799482720354
0.21,0.07,57230.769230769234,315.33799482720354
0.23,0.07,57230.769230769234,315.1974445173277
0.25,0.07,57230.769230769234,314.91695371293025
0.27,0.07,57230.769230769234,314.49750832583806
0.29,0.07,57230.769230769234,313.9399582450583
0.31,0.07,57230.769230769234,313.2441308804425
0.33,0.07,57230.769230769234,312.4074128452182
0.35,0.07,57230.769230769234,311.42257782681213
0.37,0.07,57230.769230769234,310.2746122474817
0.39,0.07,57230.769230769234,308.9364100905328
0.01,0.09,57230.769230769234,309.06498612631646
0.03,0.09,57230.769230769234,310.6554771259544
0.05,0.09,57230.769230769234,312.0417545925357
0.07,0.09,57230.769230769234,313.2441308804426
0.09,0.09,57230.769230769234,314.27303780912973
0.11,0.09,57230.769230769234,315.1326254940958
0.13,0.09,57230.769230769234,315.8233755276318
0.15,0.09,57230.769230769234,316.3439453773126
0.17,0.09,57230.769230769234,316.69242200733095
0.19,0.09,57230.769230769234,316.86713408340256
0.21,0.09,57230.769230769234,316.8671340834025
0.23,0.09,57230.769230769234,316.69242200733095
0.25,0.09,57230.769230769234,316.34394537731265
0.27,0.09,57230.769230769234,315.8233755276318
0.29,0.09,57230.769230769234,315.13262549409575
0.31,0.09,57230.769230769234,314.2730378091297
0.33,0.09,57230.769230769234,313.2441308804426
0.35,0.09,57230.769230769234,312.0417545925358
0.37,0.09,57230.769230769234,310.65547712595446
0.39,0.09,57230.769230769234,309.06498612631646
0.01,0.11,57230.769230769234,309.1704721660418
0.03,0.11,57230.769230769234,310.96905454236327
0.05,0.11,57230.769230769234,312.5540562554686
0.07,0.11,57230.769230769234,313.93995824505834
0.09,0.11,57230.769230769234,315.1326254940958
0.11,0.11,57230.769230769234,316.13282252749315
0.13,0.11,57230.769230769234,316.93857355010124
0.15,0.11,57230.769230769234,317.5467796792884
0.17,0.11,57230.769230769234,317.9543149138229
0.19,0.11,57230.769230769234,318.15874204031087
0.21,0.11,57230.769230769234,318.1587420403109
0.23,0.11,57230.769230769234,317.9543149138229
0.25,0.11,57230.769230769234,317.5467796792884
0.27,0.11,57230.769230769234,316.93857355010124
0.29,0.11,57230.769230769234,316.13282252749315
0.31,0.11,57230.769230769234,315.1326254940958
0.33,0.11,57230.769230769234,313.93995824505834
0.35,0.11,57230.769230769234,312.55405625546865
0.37,0.11,57230.769230769234,310.9690545423633
0.39,0.11,57230.769230769234,309.17047216604186
0.01,0.13,57230.769230769234,309.2543730837556
0.03,0.13,57230.769230769234,311.2188927305812
0.05,0.13,57230.769230769234,312.963320548387
0.07,0.13,57230.769230769234,314.49750832583806
0.09,0.13,57230.769230769234,315.8233755276317
0.11,0.13,57230.769230769234,316.93857355010124
0.13,0.13,57230.769230769234,317.83877755833214
0.15,0.13,57230.769230769234,318.51917814763164
0.17,0.13,57230.769230769234,318.97546223252374
0.19,0.13,57230.769230769234,319.204444579803
0.21,0.13,57230.769230769234,319.20444457980307
0.23,0.13,57230.769230769234,318.9754622325238
0.25,0.13,57230.769230769234,318.51917814763164
0.27,0.13,57230.769230769234,317.83877755833214
0.29,0.13,57230.769230769234,316.93857355010124
0.31,0.13,57230.769230769234,315.8233755276318
0.33,0.13,57230.769230769234,314.4975083258381
0.35,0.13,57230.769230769234,312.963320548387
0.37,0.13,57230.769230769234,311.2188927305812
0.39,0.13,57230.769230769234,309.2543730837556
0.01,0.15,57230.769230769234,309.3172333717749
0.03,0.15,57230.769230769234,311.4062391713171
0.05,0.15,57230.769230769234,313.2706697732783
0.07,0.15,57230.769230769234,314.9169537129302
0.09,0.15,57230.769230769234,316.34394537731254
0.11,0.15,57230.769230769234,317.5467796792884
0.13,0.15,57230.769230769234,318.51917814763164
0.15,0.15,57230.769230769234,319.2548834098005
0.17,0.15,57230.769230769234,319.7485682716925
0.19,0.15,57230.769230769234,319.9964061582008
0.21,0.15,57230.769230769234,319.9964061582008
0.23,0.15,57230.769230769234,319.7485682716925
0.25,0.15,57230.769230769234,319.2548834098005
0.27,0.15,57230.769230769234,318.51917814763164
0.29,0.15,57230.769230769234,317.5467796792884
0.31,0.15,57230.769230769234,316.3439453773126
0.33,0.15,57230.769230769234,314.9169537129302
0.35,0.15,57230.769230769234,313.2706697732784
0.37,0.15,57230.769230769234,311.4062391713171
0.39,0.15,57230.769230769234,309.3172333717749
0.01,0.17,57230.769230769234,309.3591750279238
0.03,0.17,57230.769230769234,311.5312959680781
0.05,0.17,57230.769230769234,313.47599491095366
0.07,0.17,57230.769230769234,315.19744451732765
0.09,0.17,57230.769230769234,316.6924220073309
0.11,0.17,57230.769230769234,317.9543149138228
0.13,0.17,57230.769230769234,318.9754622325237
0.15,0.17,57230.769230769234,319.7485682716925
0.17,0.17,57230.769230769234,320.267572687672
0.19,0.17,57230.769230769234,320.52818322469665
0.21,0.17,57230.769230769234,320.52818322469665
0.23,0.17,57230.769230769234,320.267572687672
0.25,0.17,57230.769230769234,319.7485682716925
0.27,0.17,57230.769230769234,318.9754622325237
0.29,0.17,57230.769230769234,317.9543149138228
0.31,0.17,57230.769230769234,316.69242200733083
0.33,0.17,57230.769230769234,315.1974445173277
0.35,0.17,57230.769230769234,313.4759949109538
0.37,0.17,57230.769230769234,311.5312959680781
0.39,0.17,57230.769230769234,309.3591750279238
0.01,0.19,57230.769230769234,309.380168048068
0.03,0.19,57230.769230769234,311.5939036682373
0.05,0.19,57230.769230769234,313.5788283847786
0.07,0.19,57230.769230769234,315.33799482720343
0.09,0.19,57230.769230769234,316.8671340834024
0.11,0.19,57230.769230769234,318.1587420403108
0.13,0.19,57230.769230769234,319.2044445798029
0.15,0.19,57230.769230769234,319.9964061582007
0.17,0.19,57230.769230769234,320.5281832246966
0.19,0.19,57230.769230769234,320.7952393598624
0.21,0.19,57230.769230769234,320.7952393598624
0.23,0.19,57230.769230769234,320.5281832246966
0.25,0.19,57230.769230769234,319.9964061582007
0.27,0.19,57230.769230769234,319.2044445798029
0.29,0.19,57230.769230769234,318.1587420403108
0.31,0.19,57230.769230769234,316.8671340834024
0.33,0.19,57230.769230769234,315.3379948272035
0.35,0.19,57230.769230769234,313.57882838477866
0.37,0.19,57230.769230769234,311.5939036682373
0.39,0.19,57230.769230769234,309.3801680480679
0.01,0.21,57230.769230769234,309.380168048068
0.03,0.21,57230.769230769234,311.59390366823726
0.05,0.21,57230.769230769234,313.57882838477866
0.07,0.21,57230.769230769234,315.33799482720343
0.09,0.21,57230.769230769234,316.8671340834024
0.11,0.21,57230.769230769234,318.1587420403108
0.13,0.21,57230.769230769234,319.2044445798029
0.15,0.21,57230.769230769234,319.9964061582007
0.17,0.21,57230.769230769234,320.52818322469665
0.19,0.21,57230.769230769234,320.7952393598624
0.21,0.21,57230.769230769234,320.7952393598624
0.23,0.21,57230.769230769234,320.5281832246966
0.25,0.21,57230.769230769234,319.9964061582007
0.27,0.21,57230.769230769234,319.2044445798029
0.29,0.21,57230.769230769234,318.1587420403108
0.31,0.21,57230.769230769234,316.86713408340245
0.33,0.21,57230.769230769234,315.3379948272035
0.35,0.21,57230.769230769234,313.57882838477866
0.37,0.21,57230.769230769234,311.5939036682373
0.39,0.21,57230.769230769234,309.380168048068
0.01,0.23,57230.769230769234,309.35917502792387
0.03,0.23,57230.769230769234,311.5312959680781
0.05,0.23,57230.769230769234,313.47599491095366
0.07,0.23,57230.769230769234,315.19744451732765
0.09,0.23,57230.769230769234,316.69242200733083
0.11,0.23,57230.769230769234,317.9543149138228
0.13,0.23,57230.769230769234,318.97546223252374
0.15,0.23,57230.769230769234,319.7485682716925
0.17,0.23,57230.769230769234,320.267572687672
0.19,0.23,57230.769230769234,320.52818322469665
0.21,0.23,57230.769230769234,320.5281832246966
0.23,0.23,57230.769230769234,320.2675726876719
0.25,0.23,57230.769230769234,319.7485682716925
0.27,0.23,57230.769230769234,318.97546223252374
0.29,0.23,57230.769230769234,317.9543149138229
0.31,0.23,57230.769230769234,316.6924220073309
0.33,0.23,57230.769230769234,315.1974445173277
0.35,0.23,57230.769230769234,313.47599491095366
0.37,0.23,57230.769230769234,311.5312959680781
0.39,0.23,57230.769230769234,309.3591750279238
0.01,0.25,57230.769230769234,309.31723337177493
0.03,0.25,57230.769230769234,311.4062391713171
0.05,0.25,57230.769230769234,313.27066977327826
0.07,0.25,57230.769230769234,314.91695371293014
0.09,0.25,57230.769230769234,316.34394537731254
0.11,0.25,57230.769230769234,317.5467796792884
0.13,0.25,57230.769230769234,318.51917814763164
0.15,0.25,57230.769230769234,319.2548834098005
0.17,0.25,57230.769230769234,319.7485682716925
0.19,0.25,57230.769230769234,319.9964061582008
0.21,0.25,57230.769230769234,319.9964061582008
0.23,0.25,57230.769230769234,319.7485682716925
0.25,0.25,57230.769230769234,319.2548834098005
0.27,0.25,57230.769230769234,318.5191781476317
0.29,0.25,57230.769230769234,317.5467796792884
0.31,0.25,57230.769230769234,316.3439453773126
0.33,0.25,57230.769230769234,314.9169537129302
0.35,0.25,57230.769230769234,313.2706697732784
0.37,0.25,57230.769230769234,311.4062391713171
0.39,0.25,57230.769230769234,309.31723337177493
0.01,0.27,57230.769230769234,309.25437308375564
0.03,0.27,57230.769230769234,311.2188927305813
0.05,0.27,57230.769230769234,312.963320548387
0.07,0.27,57230.769230769234,314.49750832583806
0.09,0.27,57230.769230769234,315.8233755276318
0.11,0.27,57230.769230769234,316.93857355010124
0.13,0.27,57230.769230769234,317.83877755833214
0.15,0.27,57230.769230769234,318.51917814763164
0.17,0.27,57230.769230769234,318.97546223252374
0.19,0.27,57230.769230769234,319.204444579803
0.21,0.27,57230.769230769234,319.204444579803
0.23,0.27,57230.769230769234,318.9754622325238
0.25,0.27,57230.769230769234,318.5191781476317
0.27,0.27,57230.769230769234,317.8387775583322
0.29,0.27,57230.769230769234,316.93857355010124
0.31,0.27,57230.769230769234,315.8233755276318
0.33,0.27,57230.769230769234,314.4975083258381
0.35,0.27,57230.769230769234,312.96332054838706
0.37,0.27,57230.769230769234,311.2188927305813
0.39,0.27,57230.769230769234,309.2543730837556
0.01,0.29,57230.769230769234,309.17047216604186
0.03,0.29,57230.769230769234,310.9690545423633
0.05,0.29,57230.769230769234,312.55405625546854
0.07,0.29,57230.769230769234,313.9399582450583
0.09,0.29,57230.769230769234,315.13262549409575
0.11,0.29,57230.769230769234,316.1328225274931
0.13,0.29,57230.769230769234,316.93857355010124
0.15,0.29,57230.769230769234,317.5467796792884
0.17,0.29,57230.769230769234,317.95431491382294
0.19,0.29,57230.769230769234,318.15874204031087
0.21,0.29,57230.769230769234,318.15874204031087
0.23,0.29,57230.769230769234,317.95431491382294
0.25,0.29,57230.769230769234,317.5467796792884
0.27,0.29,57230.769230769234,316.9385735501013
0.29,0.29,57230.769230769234,316.1328225274932
0.31,0.29,57230.769230769234,315.13262549409586
0.33,0.29,57230.769230769234,313.9399582450584
0.35,0.29,57230.769230769234,312.5540562554686
0.37,0.29,57230.769230769234,310.9690545423633
0.39,0.29,57230.769230769234,309.17047216604186
0.01,0.31,57230.769230769234,309.06498612631646
0.03,0.31,57230.769230769234,310.6554771259544
0.05,0.31,57230.769230769234,312.0417545925357
0.07,0.31,57230.769230769234,313.2441308804425
0.09,0.31,57230.769230769234,314.2730378091296
0.11,0.31,57230.769230769234,315.13262549409575
0.13,0.31,57230.769230769234,315.8233755276318
0.15,0.31,57230.769230769234,316.34394537731265
0.17,0.31,57230.769230769234,316.69242200733095
0.19,0.31,57230.769230769234,316.86713408340256
0.21,0.31,57230.769230769234,316.86713408340256
0.23,0.31,57230.769230769234,316.692422007331
0.25,0.31,57230.769230769234,316.34394537731265
0.27,0.31,57230.769230769234,315.82337552763187
0.29,0.31,57230.769230769234,315.13262549409586
0.31,0.31,57230.769230769234,314.27303780912973
0.33,0.31,57230.769230769234,313.2441308804426
0.35,0.31,57230.769230769234,312.04175459253577
0.37,0.31,57230.769230769234,310.6554771259544
0.39,0.31,57230.769230769234,309.0649861263165
0.01,0.33,57230.769230769234,308.9364100905328
0.03,0.33,57230.769230769234,310.2746122474816
0.05,0.33,57230.769230769234,311.4225778268121
0.07,0.33,57230.769230769234,312.4074128452182
0.09,0.33,57230.769230769234,313.2441308804425
0.11,0.33,57230.769230769234,313.9399582450583
0.13,0.33,57230.769230769234,314.4975083258381
0.15,0.33,57230.769230769234,314.91695371293025
0.17,0.33,57230.769230769234,315.19744451732777
0.19,0.33,57230.769230769234,315.3379948272036
0.21,0.33,57230.769230769234,315.33799482720354
0.23,0.33,57230.769230769234,315.19744451732777
0.25,0.33,57230.769230769234,314.91695371293025
0.27,0.33,57230.769230769234,314.49750832583817
0.29,0.33,57230.769230769234,313.9399582450584
0.31,0.33,57230.769230769234,313.2441308804426
0.33,0.33,57230.769230769234,312.4074128452182
0.35,0.33,57230.769230769234,311.42257782681213
0.37,0.33,57230.769230769234,310.2746122474816
0.39,0.33,57230.769230769234,308.9364100905328
0.01,0.35,57230.769230769234,308.7811013202755
0.03,0.35,57230.769230769234,309.8182473078407
0.05,0.35,57230.769230769234,310.6874971206065
0.07,0.35,57230.769230769234,311.4225778268121
0.09,0.35,57230.769230769234,312.0417545925357
0.11,0.35,57230.769230769234,312.55405625546854
0.13,0.35,57230.769230769234,312.96332054838706
0.15,0.35,57230.769230769234,313.2706697732784
0.17,0.35,57230.769230769234,313.4759949109537
0.19,0.35,57230.769230769234,313.5788283847787
0.21,0.35,57230.769230769234,313.5788283847787
0.23,0.35,57230.769230769234,313.4759949109537
0.25,0.35,57230.769230769234,313.2706697732784
0.27,0.35,57230.769230769234,312.9633205483871
0.29,0.35,57230.769230769234,312.55405625546865
0.31,0.35,57230.769230769234,312.04175459253577
0.33,0.35,57230.769230769234,311.42257782681213
0.35,0.35,57230.769230769234,310.6874971206065
0.37,0.35,57230.769230769234,309.81824730784075
0.39,0.35,57230.769230769234,308.7811013202755
0.01,0.37,57230.769230769234,308.5902607588506
0.03,0.37,57230.769230769234,309.2688622520478
0.05,0.37,57230.769230769234,309.8182473078407
0.07,0.37,57230.769230769234,310.2746122474816
0.09,0.37,57230.769230769234,310.65547712595435
0.11,0.37,57230.769230769234,310.96905454236327
0.13,0.37,57230.769230769234,311.2188927305812
0.15,0.37,57230.769230769234,311.4062391713171
0.17,0.37,57230.769230769234,311.5312959680781
0.19,0.37,57230.769230769234,311.5939036682373
0.21,0.37,57230.769230769234,311.5939036682374
0.23,0.37,57230.769230769234,311.5312959680781
0.25,0.37,57230.769230769234,311.4062391713171
0.27,0.37,57230.769230769234,311.2188927305813
0.29,0.37,57230.769230769234,310.9690545423633
0.31,0.37,57230.769230769234,310.6554771259544
0.33,0.37,57230.769230769234,310.2746122474816
0.35,0.37,57230.769230769234,309.81824730784075
0.37,0.37,57230.769230769234,309.2688622520478
0.39,0.37,57230.769230769234,308.5902607588505
0.01,0.39,57230.769230769234,308.34056901761164
0.03,0.39,57230.769230769234,308.59026075885055
0.05,0.39,57230.769230769234,308.7811013202755
0.07,0.39,57230.769230769234,308.9364100905327
0.09,0.39,57230.769230769234,309.06498612631646
0.11,0.39,57230.769230769234,309.17047216604186
0.13,0.39,57230.769230769234,309.25437308375564
0.15,0.39,57230.769230769234,309.3172333717749
0.17,0.39,57230.769230769234,309.3591750279238
0.19,0.39,57230.769230769234,309.3801680480679
0.21,0.39,57230.769230769234,309.380168048068
0.23,0.39,57230.769230769234,309.3591750279238
0.25,0.39,57230.769230769234,309.31723337177493
0.27,0.39,57230.769230769234,309.25437308375564
0.29,0.39,57230.769230769234,309.17047216604186
0.31,0.39,57230.769230769234,309.0649861263165
0.33,0.39,57230.769230769234,308.9364100905328
0.35,0.39,57230.769230769234,308.7811013202755
0.37,0.39,57230.769230769234,308.5902607588505
0.39,0.39,57230.769230769234,308.34056901761164
0.01,0.01,59076.92307692308,308.3307272604338
0.03,0.01,59076.92307692308,308.56612279190983
0.05,0.01,59076.92307692308,308.7452173891135
0.07,0.01,59076.92307692308,308.8904958400475
0.09,0.01,59076.92307692308,309.0104984699124
0.11,0.01,59076.92307692308,309.10880051451977
0.13,0.01,59076.92307692308,309.186908058934
0.15,0.01,59076.92307692308,309.24538951887433
0.17,0.01,59076.92307692308,309.2843939549434
0.19,0.01,59076.92307692308,309.30391264691985
0.21,0.01,59076.92307692308,309.30391264691985
0.23,0.01,59076.92307692308,309.2843939549434
0.25,0.01,59076.92307692308,309.2453895188743
0.27,0.01,59076.92307692308,309.186908058934
0.29,0.01,59076.92307692308,309.1088005145198
0.31,0.01,59076.92307692308,309.0104984699124
0.33,0.01,59076.92307692308,308.8904958400475
0.35,0.01,59076.92307692308,308.74521738911346
0.37,0.01,59076.92307692308,308.56612279190983
0.39,0.01,59076.92307692308,308.3307272604337
0.01,0.03,59076.92307692308,308.56612279190983
0.03,0.03,59076.92307692308,309.2047905333556
0.05,0.03,59076.92307692308,309.7199722305399
0.07,0.03,59076.92307692308,310.1467320756525
0.09,0.03,59076.92307692308,310.5021707646584
0.11,0.03,59076.92307692308,310.7944034469017
0.13,0.03,59076.92307692308,311.0270160544415
0.15,0.03,59076.92307692308,311.2013391226852
0.17,0.03,59076.92307692308,311.31765927295464
0.19,0.03,59076.92307692308,311.37588152362287
0.21,0.03,59076.92307692308,311.37588152362287
0.23,0.03,59076.92307692308,311.3176592729546
0.25,0.03,59076.92307692308,311.2013391226852
0.27,0.03,59076.92307692308,311.0270160544415
0.29,0.03,59076.92307692308,310.79440344690164
0.31,0.03,59076.92307692308,310.5021707646584
0.33,0.03,59076.92307692308,310.1467320756525
0.35,0.03,59076.92307692308,309.7199722305399
0.37,0.03,59076.92307692308,309.2047905333556
0.39,0.03,59076.92307692308,308.56612279190983
0.01,0.05,59076.92307692308,308.74521738911346
0.03,0.05,59076.92307692308,309.7199722305399
0.05,0.05,59076.92307692308,310.5344555419473
0.07,0.05,59076.92307692308,311.2215803150091
0.09,0.05,59076.92307692308,311.7993443173526
0.11,0.05,59076.92307692308,312.27678942068763
0.13,0.05,59076.92307692308,312.6578879922282
0.15,0.05,59076.92307692308,312.94392946525795
0.17,0.05,59076.92307692308,313.13495630179904
0.19,0.05,59076.92307692308,313.23061170239646
0.21,0.05,59076.92307692308,313.2306117023964
0.23,0.05,59076.92307692308,313.13495630179904
0.25,0.05,59076.92307692308,312.94392946525795
0.27,0.05,59076.92307692308,312.6578879922281
0.29,0.05,59076.92307692308,312.2767894206876
0.31,0.05,59076.92307692308,311.79934431735256
0.33,0.05,59076.92307692308,311.2215803150091
0.35,0.05,59076.92307692308,310.5344555419473
0.37,0.05,59076.92307692308,309.71997223053995
0.39,0.05,59076.92307692308,308.7452173891135
0.01,0.07,59076.92307692308,308.8904958400475
0.03,0.07,59076.92307692308,310.1467320756525
0.05,0.07,59076.92307692308,311.2215803150091
0.07,0.07,59076.92307692308,312.14180249454745
0.09,0.07,59076.92307692308,312.92244155683505
0.11,0.07,59076.92307692308,313.57093794315733
0.13,0.07,59076.92307692308,314.09018514878835
0.15,0.07,59076.92307692308,314.4806305321674
0.17,0.07,59076.92307692308,314.74165302629785
0.19,0.07,59076.92307692308,314.87242783256534
0.21,0.07,59076.92307692308,314.8724278325653
0.23,0.07,59076.92307692308,314.74165302629785
0.25,0.07,59076.92307692308,314.4806305321674
0.27,0.07,59076.92307692308,314.0901851487883
0.29,0.07,59076.92307692308,313.57093794315733
0.31,0.07,59076.92307692308,312.92244155683505
0.33,0.07,59076.92307692308,312.14180249454745
0.35,0.07,59076.92307692308,311.2215803150091
0.37,0.07,59076.92307692308,310.1467320756526
0.39,0.07,59076.92307692308,308.89049584004755
0.01,0.09,59076.92307692308,309.0104984699124
0.03,0.09,59076.92307692308,310.5021707646584
0.05,0.09,59076.92307692308,311.7993443173526
0.07,0.09,59076.92307692308,312.9224415568351
0.09,0.09,59076.92307692308,313.88225311531966
0.11,0.09,59076.92307692308,314.68337841425046
0.13,0.09,59076.92307692308,315.3267477973062
0.15,0.09,59076.92307692308,315.811414004368
0.17,0.09,59076.92307692308,316.13577623113946
0.19,0.09,59076.92307692308,316.2983769745513
0.21,0.09,59076.92307692308,316.2983769745513
0.23,0.09,59076.92307692308,316.13577623113946
0.25,0.09,59076.92307692308,315.81141400436803
0.27,0.09,59076.92307692308,315.32674779730627
0.29,0.09,59076.92307692308,314.68337841425046
0.31,0.09,59076.92307692308,313.88225311531966
0.33,0.09,59076.92307692308,312.9224415568351
0.35,0.09,59076.92307692308,311.7993443173527
0.37,0.09,59076.92307692308,310.5021707646585
0.39,0.09,59076.92307692308,309.0104984699124
0.01,0.11,59076.92307692308,309.1088005145198
0.03,0.11,59076.92307692308,310.79440344690164
0.05,0.11,59076.92307692308,312.27678942068763
0.07,0.11,59076.92307692308,313.5709379431574
0.09,0.11,59076.92307692308,314.6833784142504
0.11,0.11,59076.92307692308,315.61555397593
0.13,0.11,59076.92307692308,316.366105582762
0.15,0.11,59076.92307692308,316.9324499185653
0.17,0.11,59076.92307692308,317.3118558581303
0.19,0.11,59076.92307692308,317.50215175311155
0.21,0.11,59076.92307692308,317.50215175311155
0.23,0.11,59076.92307692308,317.3118558581303
0.25,0.11,59076.92307692308,316.9324499185653
0.27,0.11,59076.92307692308,316.366105582762
0.29,0.11,59076.92307692308,315.61555397593
0.31,0.11,59076.92307692308,314.68337841425046
0.33,0.11,59076.92307692308,313.5709379431574
0.35,0.11,59076.92307692308,312.2767894206877
0.37,0.11,59076.92307692308,310.7944034469017
0.39,0.11,59076.92307692308,309.1088005145198
0.01,0.13,59076.92307692308,309.186908058934
0.03,0.13,59076.92307692308,311.0270160544415
0.05,0.13,59076.92307692308,312.6578879922282
0.07,0.13,59076.92307692308,314.09018514878835
0.09,0.13,59076.92307692308,315.3267477973062
0.11,0.13,59076.92307692308,316.366105582762
0.13,0.13,59076.92307692308,317.2047001803995
0.15,0.13,59076.92307692308,317.8383462812759
0.17,0.13,59076.92307692308,318.2632005339473
0.19,0.13,59076.92307692308,318.4763901194206
0.21,0.13,59076.92307692308,318.4763901194206
0.23,0.13,59076.92307692308,318.2632005339473
0.25,0.13,59076.92307692308,317.83834628127585
0.27,0.13,59076.92307692308,317.2047001803995
0.29,0.13,59076.92307692308,316.366105582762
0.31,0.13,59076.92307692308,315.32674779730627
0.33,0.13,59076.92307692308,314.09018514878835
0.35,0.13,59076.92307692308,312.6578879922282
0.37,0.13,59076.92307692308,311.02701605444145
0.39,0.13,59076.92307692308,309.186908058934
0.01,0.15,59076.92307692308,309.2453895188743
0.03,0.15,59076.92307692308,311.2013391226852
0.05,0.15,59076.92307692308,312.94392946525795
0.07,0.15,59076.92307692308,314.4806305321674
0.09,0.15,59076.92307692308,315.811414004368
0.11,0.15,59076.92307692308,316.9324499185653
0.13,0.15,59076.92307692308,317.83834628127585
0.15,0.15,59076.92307692308,318.5235578535036
0.17,0.15,59076.92307692308,318.9832883259924
0.19,0.15,59076.92307692308,319.2140619321865
0.21,0.15,59076.92307692308,319.2140619321865
0.23,0.15,59076.92307692308,318.9832883259924
0.25,0.15,59076.92307692308,318.5235578535036
0.27,0.15,59076.92307692308,317.83834628127585
0.29,0.15,59076.92307692308,316.9324499185653
0.31,0.15,59076.92307692308,315.81141400436803
0.33,0.15,59076.92307692308,314.4806305321674
0.35,0.15,59076.92307692308,312.94392946525795
0.37,0.15,59076.92307692308,311.2013391226852
0.39,0.15,59076.92307692308,309.24538951887433
0.01,0.17,59076.92307692308,309.2843939549434
0.03,0.17,59076.92307692308,311.31765927295464
0.05,0.17,59076.92307692308,313.13495630179904
0.07,0.17,59076.92307692308,314.7416530262978
0.09,0.17,59076.92307692308,316.13577623113946
0.11,0.17,59076.92307692308,317.3118558581303
0.13,0.17,59076.92307692308,318.26320053394727
0.15,0.17,59076.92307692308,318.9832883259923
0.17,0.17,59076.92307692308,319.4666328541978
0.19,0.17,59076.92307692308,319.7093198173774
0.21,0.17,59076.92307692308,319.70931981737743
0.23,0.17,59076.92307692308,319.4666328541979
0.25,0.17,59076.92307692308,318.9832883259923
0.27,0.17,59076.92307692308,318.2632005339473
0.29,0.17,59076.92307692308,317.3118558581303
0.31,0.17,59076.92307692308,316.13577623113946
0.33,0.17,59076.92307692308,314.7416530262978
0.35,0.17,59076.92307692308,313.13495630179904
0.37,0.17,59076.92307692308,311.3176592729546
0.39,0.17,59076.92307692308,309.2843939549434
0.01,0.19,59076.92307692308,309.3039126469198
0.03,0.19,59076.92307692308,311.37588152362287
0.05,0.19,59076.92307692308,313.2306117023965
0.07,0.19,59076.92307692308,314.87242783256534
0.09,0.19,59076.92307692308,316.2983769745513
0.11,0.19,59076.92307692308,317.5021517531115
0.13,0.19,59076.92307692308,318.4763901194206
0.15,0.19,59076.92307692308,319.21406193218644
0.17,0.19,59076.92307692308,319.7093198173774
0.19,0.19,59076.92307692308,319.9580193440757
0.21,0.19,59076.92307692308,319.9580193440757
0.23,0.19,59076.92307692308,319.7093198173775
0.25,0.19,59076.92307692308,319.2140619321865
0.27,0.19,59076.92307692308,318.4763901194206
0.29,0.19,59076.92307692308,317.5021517531115
0.31,0.19,59076.92307692308,316.2983769745512
0.33,0.19,59076.92307692308,314.8724278325653
0.35,0.19,59076.92307692308,313.2306117023964
0.37,0.19,59076.92307692308,311.3758815236229
0.39,0.19,59076.92307692308,309.3039126469198
0.01,0.21,59076.92307692308,309.3039126469198
0.03,0.21,59076.92307692308,311.37588152362287
0.05,0.21,59076.92307692308,313.2306117023965
0.07,0.21,59076.92307692308,314.87242783256534
0.09,0.21,59076.92307692308,316.2983769745513
0.11,0.21,59076.92307692308,317.50215175311155
0.13,0.21,59076.92307692308,318.4763901194206
0.15,0.21,59076.92307692308,319.21406193218644
0.17,0.21,59076.92307692308,319.7093198173774
0.19,0.21,59076.92307692308,319.9580193440757
0.21,0.21,59076.92307692308,319.9580193440757
0.23,0.21,59076.92307692308,319.70931981737743
0.25,0.21,59076.92307692308,319.2140619321865
0.27,0.21,59076.92307692308,318.4763901194206
0.29,0.21,59076.92307692308,317.5021517531115
0.31,0.21,59076.92307692308,316.2983769745513
0.33,0.21,59076.92307692308,314.8724278325653
0.35,0.21,59076.92307692308,313.2306117023964
0.37,0.21,59076.92307692308,311.3758815236229
0.39,0.21,59076.92307692308,309.30391264691985
0.01,0.23,59076.92307692308,309.2843939549434
0.03,0.23,59076.92307692308,311.3176592729547
0.05,0.23,59076.92307692308,313.13495630179904
0.07,0.23,59076.92307692308,314.7416530262978
0.09,0.23,59076.92307692308,316.13577623113946
0.11,0.23,59076.92307692308,317.31185585813034
0.13,0.23,59076.92307692308,318.2632005339473
0.15,0.23,59076.92307692308,318.9832883259924
0.17,0.23,59076.92307692308,319.4666328541978
0.19,0.23,59076.92307692308,319.70931981737743
0.21,0.23,59076.92307692308,319.7093198173775
0.23,0.23,59076.92307692308,319.4666328541979
0.25,0.23,59076.92307692308,318.9832883259924
0.27,0.23,59076.92307692308,318.2632005339474
0.29,0.23,59076.92307692308,317.3118558581303
0.31,0.23,59076.92307692308,316.13577623113946
0.33,0.23,59076.92307692308,314.7416530262978
0.35,0.23,59076.92307692308,313.134956301799
0.37,0.23,59076.92307692308,311.31765927295464
0.39,0.23,59076.92307692308,309.2843939549434
0.01,0.25,59076.92307692308,309.24538951887433
0.03,0.25,59076.92307692308,311.2013391226853
0.05,0.25,59076.92307692308,312.943929465258
0.07,0.25,59076.92307692308,314.4806305321674
0.09,0.25,59076.92307692308,315.81141400436803
0.11,0.25,59076.92307692308,316.9324499185653
0.13,0.25,59076.92307692308,317.8383462812759
0.15,0.25,59076.92307692308,318.5235578535036
0.17,0.25,59076.92307692308,318.9832883259923
0.19,0.25,59076.92307692308,319.21406193218644
0.21,0.25,59076.92307692308,319.2140619321865
0.23,0.25,59076.92307692308,318.9832883259924
0.25,0.25,59076.92307692308,318.52355785350363
0.27,0.25,59076.92307692308,317.8383462812759
0.29,0.25,59076.92307692308,316.9324499185653
0.31,0.25,59076.92307692308,315.81141400436803
0.33,0.25,59076.92307692308,314.48063053216737
0.35,0.25,59076.92307692308,312.94392946525795
0.37,0.25,59076.92307692308,311.2013391226852
0.39,0.25,59076.92307692308,309.2453895188743
0.01,0.27,59076.92307692308,309.186908058934
0.03,0.27,59076.92307692308,311.0270160544415
0.05,0.27,59076.92307692308,312.6578879922282
0.07,0.27,59076.92307692308,314.09018514878835
0.09,0.27,59076.92307692308,315.3267477973062
0.11,0.27,59076.92307692308,316.366105582762
0.13,0.27,59076.92307692308,317.20470018039947
0.15,0.27,59076.92307692308,317.83834628127585
0.17,0.27,59076.92307692308,318.26320053394727
0.19,0.27,59076.92307692308,318.4763901194206
0.21,0.27,59076.92307692308,318.47639011942067
0.23,0.27,59076.92307692308,318.2632005339474
0.25,0.27,59076.92307692308,317.8383462812759
0.27,0.27,59076.92307692308,317.2047001803995
0.29,0.27,59076.92307692308,316.36610558276203
0.31,0.27,59076.92307692308,315.32674779730627
0.33,0.27,59076.92307692308,314.09018514878835
0.35,0.27,59076.92307692308,312.6578879922282
0.37,0.27,59076.92307692308,311.0270160544415
0.39,0.27,59076.92307692308,309.186908058934
0.01,0.29,59076.92307692308,309.1088005145198
0.03,0.29,59076.92307692308,310.7944034469017
0.05,0.29,59076.92307692308,312.2767894206877
0.07,0.29,59076.92307692308,313.5709379431574
0.09,0.29,59076.92307692308,314.68337841425046
0.11,0.29,59076.92307692308,315.61555397593
0.13,0.29,59076.92307692308,316.3661055827619
0.15,0.29,59076.92307692308,316.9324499185652
0.17,0.29,59076.92307692308,317.3118558581303
0.19,0.29,59076.92307692308,317.50215175311155
0.21,0.29,59076.92307692308,317.50215175311155
0.23,0.29,59076.92307692308,317.31185585813034
0.25,0.29,59076.92307692308,316.93244991856534
0.27,0.29,59076.92307692308,316.3661055827621
0.29,0.29,59076.92307692308,315.6155539759301
0.31,0.29,59076.92307692308,314.6833784142505
0.33,0.29,59076.92307692308,313.5709379431574
0.35,0.29,59076.92307692308,312.27678942068763
0.37,0.29,59076.92307692308,310.79440344690164
0.39,0.29,59076.92307692308,309.1088005145198
0.01,0.31,59076.92307692308,309.0104984699124
0.03,0.31,59076.92307692308,310.50217076465844
0.05,0.31,59076.92307692308,311.7993443173527
0.07,0.31,59076.92307692308,312.9224415568351
0.09,0.31,59076.92307692308,313.8822531153196
0.11,0.31,59076.92307692308,314.68337841425046
0.13,0.31,59076.92307692308,315.32674779730627
0.15,0.31,59076.92307692308,315.811414004368
0.17,0.31,59076.92307692308,316.13577623113946
0.19,0.31,59076.92307692308,316.2983769745512
0.21,0.31,59076.92307692308,316.2983769745512
0.23,0.31,59076.92307692308,316.1357762311395
0.25,0.31,59076.92307692308,315.81141400436803
0.27,0.31,59076.92307692308,315.3267477973063
0.29,0.31,59076.92307692308,314.6833784142505
0.31,0.31,59076.92307692308,313.88225311531966
0.33,0.31,59076.92307692308,312.9224415568351
0.35,0.31,59076.92307692308,311.7993443173526
0.37,0.31,59076.92307692308,310.50217076465844
0.39,0.31,59076.92307692308,309.0104984699124
0.01,0.33,59076.92307692308,308.8904958400475
0.03,0.33,59076.92307692308,310.1467320756525
0.05,0.33,59076.92307692308,311.2215803150091
0.07,0.33,59076.92307692308,312.14180249454745
0.09,0.33,59076.92307692308,312.9224415568351
0.11,0.33,59076.92307692308,313.5709379431574
0.13,0.33,59076.92307692308,314.09018514878835
0.15,0.33,59076.92307692308,314.4806305321674
0.17,0.33,59076.92307692308,314.7416530262978
0.19,0.33,59076.92307692308,314.8724278325653
0.21,0.33,59076.92307692308,314.8724278325653
0.23,0.33,59076.92307692308,314.74165302629785
0.25,0.33,59076.92307692308,314.4806305321675
0.27,0.33,59076.92307692308,314.09018514878846
0.29,0.33,59076.92307692308,313.57093794315745
0.31,0.33,59076.92307692308,312.9224415568351
0.33,0.33,59076.92307692308,312.14180249454745
0.35,0.33,59076.92307692308,311.2215803150091
0.37,0.33,59076.92307692308,310.1467320756525
0.39,0.33,59076.92307692308,308.8904958400475
0.01,0.35,59076.92307692308,308.74521738911346
0.03,0.35,59076.92307692308,309.71997223053984
0.05,0.35,59076.92307692308,310.53445554194724
0.07,0.35,59076.92307692308,311.2215803150091
0.09,0.35,59076.92307692308,311.7993443173526
0.11,0.35,59076.92307692308,312.27678942068763
0.13,0.35,59076.92307692308,312.6578879922282
0.15,0.35,59076.92307692308,312.94392946525795
0.17,0.35,59076.92307692308,313.13495630179904
0.19,0.35,59076.92307692308,313.23061170239646
0.21,0.35,59076.92307692308,313.23061170239646
0.23,0.35,59076.92307692308,313.13495630179904
0.25,0.35,59076.92307692308,312.943929465258
0.27,0.35,59076.92307692308,312.65788799222827
0.29,0.35,59076.92307692308,312.27678942068763
0.31,0.35,59076.92307692308,311.7993443173527
0.33,0.35,59076.92307692308,311.2215803150091
0.35,0.35,59076.92307692308,310.5344555419473
0.37,0.35,59076.92307692308,309.7199722305399
0.39,0.35,59076.92307692308,308.74521738911346
0.01,0.37,59076.92307692308,308.5661227919098
0.03,0.37,59076.92307692308,309.20479053335555
0.05,0.37,59076.92307692308,309.71997223053984
0.07,0.37,59076.92307692308,310.1467320756525
0.09,0.37,59076.92307692308,310.50217076465844
0.11,0.37,59076.92307692308,310.7944034469017
0.13,0.37,59076.92307692308,311.0270160544415
0.15,0.37,59076.92307692308,311.2013391226852
0.17,0.37,59076.92307692308,311.31765927295464
0.19,0.37,59076.92307692308,311.3758815236229
0.21,0.37,59076.92307692308,311.3758815236229
0.23,0.37,59076.92307692308,311.3176592729547
0.25,0.37,59076.92307692308,311.2013391226852
0.27,0.37,59076.92307692308,311.0270160544415
0.29,0.37,59076.92307692308,310.79440344690164
0.31,0.37,59076.92307692308,310.50217076465844
0.33,0.37,59076.92307692308,310.1467320756525
0.35,0.37,59076.92307692308,309.7199722305399
0.37,0.37,59076.92307692308,309.2047905333556
0.39,0.37,59076.92307692308,308.56612279190983
0.01,0.39,59076.92307692308,308.3307272604337
0.03,0.39,59076.92307692308,308.5661227919098
0.05,0.39,59076.92307692308,308.74521738911346
0.07,0.39,59076.92307692308,308.8904958400475
0.09,0.39,59076.92307692308,309.0104984699124
0.11,0.39,59076.92307692308,309.1088005145198
0.13,0.39,59076.92307692308,309.186908058934
0.15,0.39,59076.92307692308,309.2453895188743
0.17,0.39,59076.92307692308,309.2843939549434
0.19,0.39,59076.92307692308,309.3039126469198
0.21,0.39,59076.92307692308,309.30391264691985
0.23,0.39,59076.92307692308,309.2843939549434
0.25,0.39,59076.92307692308,309.24538951887433
0.27,0.39,59076.92307692308,309.186908058934
0.29,0.39,59076.92307692308,309.1088005145198
0.31,0.39,59076.92307692308,309.0104984699124
0.33,0.39,59076.92307692308,308.8904958400475
0.35,0.39,59076.92307692308,308.74521738911346
0.37,0.39,59076.92307692308,308.56612279190983
0.39,0.39,59076.92307692308,308.3307272604337
0.01,0.01,60923.07692307692,308.3215973993918
0.03,0.01,60923.07692307692,308.5437424030142
0.05,0.01,60923.07692307692,308.71195162004574
0.07,0.01,60923.07692307692,308.84793109020933
0.09,0.01,60923.07692307692,308.95998014691816
0.11,0.01,60923.07692307692,309.0516123981609
0.13,0.01,60923.07692307692,309.12433709292185
0.15,0.01,60923.07692307692,309.17874725658834
0.17,0.01,60923.07692307692,309.2150193271165
0.19,0.01,60923.07692307692,309.23316606441057
0.21,0.01,60923.07692307692,309.23316606441057
0.23,0.01,60923.07692307692,309.2150193271165
0.25,0.01,60923.07692307692,309.1787472565884
0.27,0.01,60923.07692307692,309.12433709292185
0.29,0.01,60923.07692307692,309.0516123981609
0.31,0.01,60923.07692307692,308.95998014691816
0.33,0.01,60923.07692307692,308.84793109020933
0.35,0.01,60923.07692307692,308.7119516200457
0.37,0.01,60923.07692307692,308.54374240301416
0.39,0.01,60923.07692307692,308.3215973993918
0.01,0.03,60923.07692307692,308.54374240301416
0.03,0.03,60923.07692307692,309.1454016358032
0.05,0.03,60923.07692307692,309.6288833839496
0.07,0.03,60923.07692307692,310.0281919226153
0.09,0.03,60923.07692307692,310.36003732251265
0.11,0.03,60923.07692307692,310.63244793943977
0.13,0.03,60923.07692307692,310.849051150024
0.15,0.03,60923.07692307692,311.0112619873685
0.17,0.03,60923.07692307692,311.1194524031693
0.19,0.03,60923.07692307692,311.1735924857755
0.21,0.03,60923.07692307692,311.1735924857755
0.23,0.03,60923.07692307692,311.1194524031693
0.25,0.03,60923.07692307692,311.01126198736864
0.27,0.03,60923.07692307692,310.849051150024
0.29,0.03,60923.07692307692,310.6324479394398
0.31,0.03,60923.07692307692,310.36003732251265
0.33,0.03,60923.07692307692,310.0281919226153
0.35,0.03,60923.07692307692,309.6288833839496
0.37,0.03,60923.07692307692,309.1454016358032
0.39,0.03,60923.07692307692,308.5437424030142
0.01,0.05,60923.07692307692,308.7119516200457
0.03,0.05,60923.07692307692,309.6288833839495
0.05,0.05,60923.07692307692,310.39259928508847
0.07,0.05,60923.07692307692,311.0352446514692
0.09,0.05,60923.07692307692,311.5745684759605
0.11,0.05,60923.07692307692,312.0196317880421
0.13,0.05,60923.07692307692,312.3745431804769
0.15,0.05,60923.07692307692,312.6407597901797
0.17,0.05,60923.07692307692,312.8184762306574
0.19,0.05,60923.07692307692,312.90744725001025
0.21,0.05,60923.07692307692,312.90744725001025
0.23,0.05,60923.07692307692,312.81847623065744
0.25,0.05,60923.07692307692,312.6407597901798
0.27,0.05,60923.07692307692,312.3745431804769
0.29,0.05,60923.07692307692,312.01963178804215
0.31,0.05,60923.07692307692,311.5745684759605
0.33,0.05,60923.07692307692,311.0352446514692
0.35,0.05,60923.07692307692,310.3925992850885
0.37,0.05,60923.07692307692,309.62888338394964
0.39,0.05,60923.07692307692,308.71195162004574
0.01,0.07,60923.07692307692,308.84793109020933
0.03,0.07,60923.07692307692,310.02819192261524
0.05,0.07,60923.07692307692,311.0352446514691
0.07,0.07,60923.07692307692,311.89551813507285
0.09,0.07,60923.07692307692,312.6240837443146
0.11,0.07,60923.07692307692,313.2285916151317
0.13,0.07,60923.07692307692,313.7122114423432
0.15,0.07,60923.07692307692,314.07566330989846
0.17,0.07,60923.07692307692,314.3185546259768
0.19,0.07,60923.07692307692,314.4402222308614
0.21,0.07,60923.07692307692,314.4402222308614
0.23,0.07,60923.07692307692,314.3185546259768
0.25,0.07,60923.07692307692,314.0756633098985
0.27,0.07,60923.07692307692,313.71221144234323
0.29,0.07,60923.07692307692,313.22859161513173
0.31,0.07,60923.07692307692,312.62408374431465
0.33,0.07,60923.07692307692,311.8955181350729
0.35,0.07,60923.07692307692,311.0352446514692
0.37,0.07,60923.07692307692,310.0281919226153
0.39,0.07,60923.07692307692,308.84793109020933
0.01,0.09,60923.07692307692,308.95998014691816
0.03,0.09,60923.07692307692,310.3600373225126
0.05,0.09,60923.07692307692,311.57456847596046
0.07,0.09,60923.07692307692,312.6240837443146
0.09,0.09,60923.07692307692,313.5197102462423
0.11,0.09,60923.07692307692,314.2664793872736
0.13,0.09,60923.07692307692,314.86575903764333
0.15,0.09,60923.07692307692,315.31699134524564
0.17,0.09,60923.07692307692,315.6188856358136
0.19,0.09,60923.07692307692,315.7701981050909
0.21,0.09,60923.07692307692,315.7701981050909
0.23,0.09,60923.07692307692,315.6188856358136
0.25,0.09,60923.07692307692,315.3169913452457
0.27,0.09,60923.07692307692,314.8657590376434
0.29,0.09,60923.07692307692,314.26647938727365
0.31,0.09,60923.07692307692,313.5197102462423
0.33,0.09,60923.07692307692,312.62408374431465
0.35,0.09,60923.07692307692,311.5745684759605
0.37,0.09,60923.07692307692,310.3600373225127
0.39,0.09,60923.07692307692,308.95998014691816
0.01,0.11,60923.07692307692,309.0516123981609
0.03,0.11,60923.07692307692,310.63244793943977
0.05,0.11,60923.07692307692,312.01963178804215
0.07,0.11,60923.07692307692,313.22859161513173
0.09,0.11,60923.07692307692,314.26647938727365
0.11,0.11,60923.07692307692,315.1353868743395
0.13,0.11,60923.07692307692,315.8345528780345
0.15,0.11,60923.07692307692,316.36189949454734
0.17,0.11,60923.07692307692,316.7150862203542
0.19,0.11,60923.07692307692,316.8922059073333
0.21,0.11,60923.07692307692,316.8922059073332
0.23,0.11,60923.07692307692,316.7150862203541
0.25,0.11,60923.07692307692,316.3618994945474
0.27,0.11,60923.07692307692,315.8345528780345
0.29,0.11,60923.07692307692,315.1353868743394
0.31,0.11,60923.07692307692,314.26647938727365
0.33,0.11,60923.07692307692,313.22859161513173
0.35,0.11,60923.07692307692,312.01963178804215
0.37,0.11,60923.07692307692,310.63244793943977
0.39,0.11,60923.07692307692,309.0516123981609
0.01,0.13,60923.07692307692,309.12433709292185
0.03,0.13,60923.07692307692,310.849051150024
0.05,0.13,60923.07692307692,312.3745431804769
0.07,0.13,60923.07692307692,313.71221144234323
0.09,0.13,60923.07692307692,314.8657590376434
0.11,0.13,60923.07692307692,315.8345528780345
0.13,0.13,60923.07692307692,316.61577525994875
0.15,0.13,60923.07692307692,317.20585071866515
0.17,0.13,60923.07692307692,317.60139920506526
0.19,0.13,60923.07692307692,317.79985823276786
0.21,0.13,60923.07692307692,317.79985823276786
0.23,0.13,60923.07692307692,317.6013992050652
0.25,0.13,60923.07692307692,317.2058507186651
0.27,0.13,60923.07692307692,316.61577525994875
0.29,0.13,60923.07692307692,315.8345528780346
0.31,0.13,60923.07692307692,314.86575903764344
0.33,0.13,60923.07692307692,313.71221144234323
0.35,0.13,60923.07692307692,312.3745431804769
0.37,0.13,60923.07692307692,310.849051150024
0.39,0.13,60923.07692307692,309.12433709292185
0.01,0.15,60923.07692307692,309.17874725658834
0.03,0.15,60923.07692307692,311.0112619873685
0.05,0.15,60923.07692307692,312.6407597901797
0.07,0.15,60923.07692307692,314.07566330989846
0.09,0.15,60923.07692307692,315.3169913452457
0.11,0.15,60923.07692307692,316.3618994945474
0.13,0.15,60923.07692307692,317.2058507186651
0.15,0.15,60923.07692307692,317.8439942421288
0.17,0.15,60923.07692307692,318.2720563216647
0.19,0.15,60923.07692307692,318.48690899561603
0.21,0.15,60923.07692307692,318.48690899561603
0.23,0.15,60923.07692307692,318.27205632166465
0.25,0.15,60923.07692307692,317.8439942421287
0.27,0.15,60923.07692307692,317.20585071866515
0.29,0.15,60923.07692307692,316.36189949454746
0.31,0.15,60923.07692307692,315.3169913452457
0.33,0.15,60923.07692307692,314.0756633098985
0.35,0.15,60923.07692307692,312.64075979017974
0.37,0.15,60923.07692307692,311.0112619873686
0.39,0.15,60923.07692307692,309.17874725658834
0.01,0.17,60923.07692307692,309.2150193271165
0.03,0.17,60923.07692307692,311.11945240316925
0.05,0.17,60923.07692307692,312.8184762306574
0.07,0.17,60923.07692307692,314.3185546259768
0.09,0.17,60923.07692307692,315.6188856358136
0.11,0.17,60923.07692307692,316.7150862203541
0.13,0.17,60923.07692307692,317.60139920506526
0.15,0.17,60923.07692307692,318.27205632166465
0.17,0.17,60923.07692307692,318.7221354630009
0.19,0.17,60923.07692307692,318.94809658981654
0.21,0.17,60923.07692307692,318.94809658981654
0.23,0.17,60923.07692307692,318.7221354630009
0.25,0.17,60923.07692307692,318.27205632166465
0.27,0.17,60923.07692307692,317.60139920506526
0.29,0.17,60923.07692307692,316.7150862203542
0.31,0.17,60923.07692307692,315.6188856358136
0.33,0.17,60923.07692307692,314.3185546259768
0.35,0.17,60923.07692307692,312.81847623065744
0.37,0.17,60923.07692307692,311.1194524031693
0.39,0.17,60923.07692307692,309.2150193271165
0.01,0.19,60923.07692307692,309.2331660644107
0.03,0.19,60923.07692307692,311.1735924857756
0.05,0.19,60923.07692307692,312.90744725001025
0.07,0.19,60923.07692307692,314.4402222308614
0.09,0.19,60923.07692307692,315.7701981050909
0.11,0.19,60923.07692307692,316.8922059073333
0.13,0.19,60923.07692307692,317.79985823276786
0.15,0.19,60923.07692307692,318.48690899561603
0.17,0.19,60923.07692307692,318.9480965898165
0.19,0.19,60923.07692307692,319.1796645141587
0.21,0.19,60923.07692307692,319.1796645141587
0.23,0.19,60923.07692307692,318.94809658981654
0.25,0.19,60923.07692307692,318.48690899561603
0.27,0.19,60923.07692307692,317.79985823276786
0.29,0.19,60923.07692307692,316.8922059073332
0.31,0.19,60923.07692307692,315.7701981050909
0.33,0.19,60923.07692307692,314.44022223086137
0.35,0.19,60923.07692307692,312.90744725001025
0.37,0.19,60923.07692307692,311.1735924857755
0.39,0.19,60923.07692307692,309.23316606441057
0.01,0.21,60923.07692307692,309.2331660644107
0.03,0.21,60923.07692307692,311.1735924857756
0.05,0.21,60923.07692307692,312.90744725001025
0.07,0.21,60923.07692307692,314.4402222308614
0.09,0.21,60923.07692307692,315.77019810509097
0.11,0.21,60923.07692307692,316.8922059073333
0.13,0.21,60923.07692307692,317.7998582327679
0.15,0.21,60923.07692307692,318.48690899561603
0.17,0.21,60923.07692307692,318.9480965898165
0.19,0.21,60923.07692307692,319.1796645141587
0.21,0.21,60923.07692307692,319.1796645141587
0.23,0.21,60923.07692307692,318.94809658981654
0.25,0.21,60923.07692307692,318.48690899561603
0.27,0.21,60923.07692307692,317.79985823276786
0.29,0.21,60923.07692307692,316.8922059073333
0.31,0.21,60923.07692307692,315.7701981050909
0.33,0.21,60923.07692307692,314.44022223086137
0.35,0.21,60923.07692307692,312.90744725001025
0.37,0.21,60923.07692307692,311.1735924857755
0.39,0.21,60923.07692307692,309.23316606441057
0.01,0.23,60923.07692307692,309.2150193271166
0.03,0.23,60923.07692307692,311.11945240316936
0.05,0.23,60923.07692307692,312.81847623065744
0.07,0.23,60923.07692307692,314.3185546259768
0.09,0.23,60923.07692307692,315.6188856358136
0.11,0.23,60923.07692307692,316.7150862203542
0.13,0.23,60923.07692307692,317.6013992050652
0.15,0.23,60923.07692307692,318.27205632166465
0.17,0.23,60923.07692307692,318.7221354630009
0.19,0.23,60923.07692307692,318.94809658981654
0.21,0.23,60923.07692307692,318.94809658981654
0.23,0.23,60923.07692307692,318.7221354630009
0.25,0.23,60923.07692307692,318.27205632166465
0.27,0.23,60923.07692307692,317.60139920506526
0.29,0.23,60923.07692307692,316.7150862203542
0.31,0.23,60923.07692307692,315.6188856358135
0.33,0.23,60923.07692307692,314.3185546259768
0.35,0.23,60923.07692307692,312.8184762306574
0.37,0.23,60923.07692307692,311.11945240316925
0.39,0.23,60923.07692307692,309.2150193271165
0.01,0.25,60923.07692307692,309.1787472565884
0.03,0.25,60923.07692307692,311.0112619873686
0.05,0.25,60923.07692307692,312.6407597901798
0.07,0.25,60923.07692307692,314.0756633098986
0.09,0.25,60923.07692307692,315.3169913452457
0.11,0.25,60923.07692307692,316.36189949454734
0.13,0.25,60923.07692307692,317.20585071866515
0.15,0.25,60923.07692307692,317.8439942421287
0.17,0.25,60923.07692307692,318.27205632166465
0.19,0.25,60923.07692307692,318.48690899561603
0.21,0.25,60923.07692307692,318.48690899561603
0.23,0.25,60923.07692307692,318.27205632166465
0.25,0.25,60923.07692307692,317.8439942421287
0.27,0.25,60923.07692307692,317.20585071866515
0.29,0.25,60923.07692307692,316.36189949454746
0.31,0.25,60923.07692307692,315.3169913452457
0.33,0.25,60923.07692307692,314.0756633098985
0.35,0.25,60923.07692307692,312.64075979017974
0.37,0.25,60923.07692307692,311.0112619873685
0.39,0.25,60923.07692307692,309.17874725658834
0.01,0.27,60923.07692307692,309.1243370929219
0.03,0.27,60923.07692307692,310.849051150024
0.05,0.27,60923.07692307692,312.3745431804769
0.07,0.27,60923.07692307692,313.71221144234323
0.09,0.27,60923.07692307692,314.86575903764333
0.11,0.27,60923.07692307692,315.83455287803446
0.13,0.27,60923.07692307692,316.61577525994875
0.15,0.27,60923.07692307692,317.2058507186651
0.17,0.27,60923.07692307692,317.6013992050652
0.19,0.27,60923.07692307692,317.79985823276786
0.21,0.27,60923.07692307692,317.7998582327679
0.23,0.27,60923.07692307692,317.60139920506526
0.25,0.27,60923.07692307692,317.2058507186652
0.27,0.27,60923.07692307692,316.61577525994886
0.29,0.27,60923.07692307692,315.8345528780347
0.31,0.27,60923.07692307692,314.8657590376435
0.33,0.27,60923.07692307692,313.7122114423433
0.35,0.27,60923.07692307692,312.3745431804769
0.37,0.27,60923.07692307692,310.849051150024
0.39,0.27,60923.07692307692,309.12433709292185
0.01,0.29,60923.07692307692,309.0516123981609
0.03,0.29,60923.07692307692,310.63244793943977
0.05,0.29,60923.07692307692,312.0196317880421
0.07,0.29,60923.07692307692,313.22859161513173
0.09,0.29,60923.07692307692,314.2664793872736
0.11,0.29,60923.07692307692,315.1353868743394
0.13,0.29,60923.07692307692,315.8345528780345
0.15,0.29,60923.07692307692,316.36189949454734
0.17,0.29,60923.07692307692,316.7150862203541
0.19,0.29,60923.07692307692,316.8922059073333
0.21,0.29,60923.07692307692,316.89220590733333
0.23,0.29,60923.07692307692,316.71508622035424
0.25,0.29,60923.07692307692,316.36189949454746
0.27,0.29,60923.07692307692,315.83455287803463
0.29,0.29,60923.07692307692,315.1353868743396
0.31,0.29,60923.07692307692,314.2664793872737
0.33,0.29,60923.07692307692,313.2285916151318
0.35,0.29,60923.07692307692,312.0196317880421
0.37,0.29,60923.07692307692,310.63244793943977
0.39,0.29,60923.07692307692,309.0516123981609
0.01,0.31,60923.07692307692,308.95998014691816
0.03,0.31,60923.07692307692,310.3600373225126
0.05,0.31,60923.07692307692,311.57456847596046
0.07,0.31,60923.07692307692,312.6240837443146
0.09,0.31,60923.07692307692,313.51971024624225
0.11,0.31,60923.07692307692,314.2664793872736
0.13,0.31,60923.07692307692,314.86575903764333
0.15,0.31,60923.07692307692,315.31699134524564
0.17,0.31,60923.07692307692,315.6188856358135
0.19,0.31,60923.07692307692,315.77019810509086
0.21,0.31,60923.07692307692,315.7701981050909
0.23,0.31,60923.07692307692,315.6188856358136
0.25,0.31,60923.07692307692,315.3169913452457
0.27,0.31,60923.07692307692,314.8657590376435
0.29,0.31,60923.07692307692,314.26647938727365
0.31,0.31,60923.07692307692,313.5197102462424
0.33,0.31,60923.07692307692,312.62408374431465
0.35,0.31,60923.07692307692,311.57456847596046
0.37,0.31,60923.07692307692,310.36003732251265
0.39,0.31,60923.07692307692,308.95998014691816
0.01,0.33,60923.07692307692,308.84793109020933
0.03,0.33,60923.07692307692,310.02819192261524
0.05,0.33,60923.07692307692,311.0352446514691
0.07,0.33,60923.07692307692,311.89551813507285
0.09,0.33,60923.07692307692,312.62408374431465
0.11,0.33,60923.07692307692,313.2285916151317
0.13,0.33,60923.07692307692,313.7122114423432
0.15,0.33,60923.07692307692,314.07566330989846
0.17,0.33,60923.07692307692,314.3185546259767
0.19,0.33,60923.07692307692,314.44022223086137
0.21,0.33,60923.07692307692,314.44022223086137
0.23,0.33,60923.07692307692,314.3185546259768
0.25,0.33,60923.07692307692,314.0756633098986
0.27,0.33,60923.07692307692,313.7122114423433
0.29,0.33,60923.07692307692,313.22859161513173
0.31,0.33,60923.07692307692,312.62408374431465
0.33,0.33,60923.07692307692,311.89551813507285
0.35,0.33,60923.07692307692,311.0352446514691
0.37,0.33,60923.07692307692,310.0281919226153
0.39,0.33,60923.07692307692,308.84793109020933
0.01,0.35,60923.07692307692,308.7119516200457
0.03,0.35,60923.07692307692,309.6288833839495
0.05,0.35,60923.07692307692,310.3925992850884
0.07,0.35,60923.07692307692,311.0352446514691
0.09,0.35,60923.07692307692,311.5745684759605
0.11,0.35,60923.07692307692,312.0196317880421
0.13,0.35,60923.07692307692,312.3745431804769
0.15,0.35,60923.07692307692,312.6407597901797
0.17,0.35,60923.07692307692,312.8184762306573
0.19,0.35,60923.07692307692,312.9074472500102
0.21,0.35,60923.07692307692,312.90744725001025
0.23,0.35,60923.07692307692,312.8184762306574
0.25,0.35,60923.07692307692,312.6407597901798
0.27,0.35,60923.07692307692,312.37454318047696
0.29,0.35,60923.07692307692,312.01963178804215
0.31,0.35,60923.07692307692,311.5745684759605
0.33,0.35,60923.07692307692,311.0352446514692
0.35,0.35,60923.07692307692,310.3925992850885
0.37,0.35,60923.07692307692,309.6288833839496
0.39,0.35,60923.07692307692,308.7119516200457
0.01,0.37,60923.07692307692,308.54374240301416
0.03,0.37,60923.07692307692,309.1454016358031
0.05,0.37,60923.07692307692,309.6288833839495
0.07,0.37,60923.07692307692,310.02819192261524
0.09,0.37,60923.07692307692,310.36003732251265
0.11,0.37,60923.07692307692,310.63244793943977
0.13,0.37,60923.07692307692,310.849051150024
0.15,0.37,60923.07692307692,311.0112619873685
0.17,0.37,60923.07692307692,311.11945240316925
0.19,0.37,60923.07692307692,311.1735924857755
0.21,0.37,60923.07692307692,311.1735924857755
0.23,0.37,60923.07692307692,311.1194524031693
0.25,0.37,60923.07692307692,311.01126198736864
0.27,0.37,60923.07692307692,310.849051150024
0.29,0.37,60923.07692307692,310.6324479394398
0.31,0.37,60923.07692307692,310.36003732251265
0.33,0.37,60923.07692307692,310.0281919226153
0.35,0.37,60923.07692307692,309.6288833839495
0.37,0.37,60923.07692307692,309.1454016358032
0.39,0.37,60923.07692307692,308.5437424030142
0.01,0.39,60923.07692307692,308.3215973993918
0.03,0.39,60923.07692307692,308.54374240301416
0.05,0.39,60923.07692307692,308.7119516200457
0.07,0.39,60923.07692307692,308.84793109020933
0.09,0.39,60923.07692307692,308.95998014691816
0.11,0.39,60923.07692307692,309.05161239816084
0.13,0.39,60923.07692307692,309.12433709292185
0.15,0.39,60923.07692307692,309.17874725658834
0.17,0.39,60923.07692307692,309.2150193271165
0.19,0.39,60923.07692307692,309.23316606441057
0.21,0.39,60923.07692307692,309.2331660644106
0.23,0.39,60923.07692307692,309.2150193271165
0.25,0.39,60923.07692307692,309.1787472565884
0.27,0.39,60923.07692307692,309.12433709292185
0.29,0.39,60923.07692307692,309.0516123981609
0.31,0.39,60923.07692307692,308.95998014691816
0.33,0.39,60923.07692307692,308.84793109020933
0.35,0.39,60923.07692307692,308.7119516200457
0.37,0.39,60923.07692307692,308.5437424030142
0.39,0.39,60923.07692307692,308.3215973993918
0.01,0.01,62769.23076923077,308.31311994702725
0.03,0.01,62769.23076923077,308.522977957906
0.05,0.01,62769.23076923077,308.6810983279693
0.07,0.01,62769.23076923077,308.80845841340704
0.09,0.01,62769.23076923077,308.91313198397995
0.11,0.01,62769.23076923077,308.9985756174105
0.13,0.01,62769.23076923077,309.0663027540056
0.15,0.01,62769.23076923077,309.116930959464
0.17,0.01,62769.23076923077,309.1506637552983
0.19,0.01,62769.23076923077,309.16753514328065
0.21,0.01,62769.23076923077,309.16753514328065
0.23,0.01,62769.23076923077,309.1506637552983
0.25,0.01,62769.23076923077,309.116930959464
0.27,0.01,62769.23076923077,309.0663027540056
0.29,0.01,62769.23076923077,308.9985756174106
0.31,0.01,62769.23076923077,308.91313198397995
0.33,0.01,62769.23076923077,308.808458413407
0.35,0.01,62769.23076923077,308.6810983279693
0.37,0.01,62769.23076923077,308.52297795790594
0.39,0.01,62769.23076923077,308.31311994702725
0.01,0.03,62769.23076923077,308.522977957906
0.03,0.03,62769.23076923077,309.0903283605948
0.05,0.03,62769.23076923077,309.54442933744
0.07,0.03,62769.23076923077,309.91828932046286
0.09,0.03,62769.23076923077,310.2282519105146
0.11,0.03,62769.23076923077,310.48226616376047
0.13,0.03,62769.23076923077,310.68400208013065
0.15,0.03,62769.23076923077,310.83495843602725
0.17,0.03,62769.23076923077,310.93559152476587
0.19,0.03,62769.23076923077,310.9859358083684
0.21,0.03,62769.23076923077,310.9859358083684
0.23,0.03,62769.23076923077,310.9355915247658
0.25,0.03,62769.23076923077,310.83495843602725
0.27,0.03,62769.23076923077,310.6840020801307
0.29,0.03,62769.23076923077,310.4822661637605
0.31,0.03,62769.23076923077,310.22825191051464
0.33,0.03,62769.23076923077,309.9182893204628
0.35,0.03,62769.23076923077,309.54442933744
0.37,0.03,62769.23076923077,309.0903283605948
0.39,0.03,62769.23076923077,308.52297795790594
0.01,0.05,62769.23076923077,308.6810983279693
0.03,0.05,62769.23076923077,309.54442933744
0.05,0.05,62769.23076923077,310.2610869723068
0.07,0.05,62769.23076923077,310.8624888652154
0.09,0.05,62769.23076923077,311.36614905891224
0.11,0.05,62769.23076923077,311.7811497509793
0.13,0.05,62769.23076923077,312.1117335702889
0.15,0.05,62769.23076923077,312.3595224976575
0.17,0.05,62769.23076923077,312.52486107961647
0.19,0.05,62769.23076923077,312.60761428035147
0.21,0.05,62769.23076923077,312.60761428035147
0.23,0.05,62769.23076923077,312.52486107961647
0.25,0.05,62769.23076923077,312.3595224976575
0.27,0.05,62769.23076923077,312.11173357028895
0.29,0.05,62769.23076923077,311.7811497509794
0.31,0.05,62769.23076923077,311.3661490589123
0.33,0.05,62769.23076923077,310.8624888652155
0.35,0.05,62769.23076923077,310.2610869723068
0.37,0.05,62769.23076923077,309.54442933744
0.39,0.05,62769.23076923077,308.6810983279693
0.01,0.07,62769.23076923077,308.80845841340704
0.03,0.07,62769.23076923077,309.9182893204628
0.05,0.07,62769.23076923077,310.8624888652154
0.07,0.07,62769.23076923077,311.66715998366953
0.09,0.07,62769.23076923077,312.3473974735731
0.11,0.07,62769.23076923077,312.91105232665944
0.13,0.07,62769.23076923077,313.3615619476962
0.15,0.07,62769.23076923077,313.69991269104594
0.17,0.07,62769.23076923077,313.92593627346685
0.19,0.07,62769.23076923077,314.0391288828737
0.21,0.07,62769.23076923077,314.0391288828737
0.23,0.07,62769.23076923077,313.9259362734668
0.25,0.07,62769.23076923077,313.69991269104594
0.27,0.07,62769.23076923077,313.3615619476962
0.29,0.07,62769.23076923077,312.9110523266595
0.31,0.07,62769.23076923077,312.34739747357315
0.33,0.07,62769.23076923077,311.6671599836696
0.35,0.07,62769.23076923077,310.8624888652155
0.37,0.07,62769.23076923077,309.9182893204628
0.39,0.07,62769.23076923077,308.80845841340704
0.01,0.09,62769.23076923077,308.91313198397995
0.03,0.09,62769.23076923077,310.2282519105146
0.05,0.09,62769.23076923077,311.36614905891224
0.07,0.09,62769.23076923077,312.3473974735731
0.09,0.09,62769.23076923077,313.1834353580284
0.11,0.09,62769.23076923077,313.8797044221644
0.13,0.09,62769.23076923077,314.4379937550361
0.15,0.09,62769.23076923077,314.8581238868655
0.17,0.09,62769.23076923077,315.139107587645
0.19,0.09,62769.23076923077,315.2799111952533
0.21,0.09,62769.23076923077,315.2799111952533
0.23,0.09,62769.23076923077,315.139107587645
0.25,0.09,62769.23076923077,314.8581238868655
0.27,0.09,62769.23076923077,314.437993755036
0.29,0.09,62769.23076923077,313.8797044221644
0.31,0.09,62769.23076923077,313.1834353580285
0.33,0.09,62769.23076923077,312.34739747357315
0.35,0.09,62769.23076923077,311.36614905891224
0.37,0.09,62769.23076923077,310.2282519105146
0.39,0.09,62769.23076923077,308.91313198397995
0.01,0.11,62769.23076923077,308.9985756174106
0.03,0.11,62769.23076923077,310.48226616376047
0.05,0.11,62769.23076923077,311.7811497509793
0.07,0.11,62769.23076923077,312.9110523266595
0.09,0.11,62769.23076923077,313.8797044221644
0.11,0.11,62769.23076923077,314.6898122573232
0.13,0.11,62769.23076923077,315.34118817803346
0.15,0.11,62769.23076923077,315.8322438129883
0.17,0.11,62769.23076923077,316.1610198318052
0.19,0.11,62769.23076923077,316.3258685997001
0.21,0.11,62769.23076923077,316.3258685997
0.23,0.11,62769.23076923077,316.1610198318052
0.25,0.11,62769.23076923077,315.83224381298834
0.27,0.11,62769.23076923077,315.3411881780335
0.29,0.11,62769.23076923077,314.6898122573233
0.31,0.11,62769.23076923077,313.8797044221644
0.33,0.11,62769.23076923077,312.9110523266596
0.35,0.11,62769.23076923077,311.7811497509794
0.37,0.11,62769.23076923077,310.48226616376047
0.39,0.11,62769.23076923077,308.9985756174105
0.01,0.13,62769.23076923077,309.0663027540056
0.03,0.13,62769.23076923077,310.6840020801306
0.05,0.13,62769.23076923077,312.1117335702889
0.07,0.13,62769.23076923077,313.3615619476962
0.09,0.13,62769.23076923077,314.4379937550361
0.11,0.13,62769.23076923077,315.34118817803346
0.13,0.13,62769.23076923077,316.069036635534
0.15,0.13,62769.23076923077,316.6185531090037
0.17,0.13,62769.23076923077,316.9868087536682
0.19,0.13,62769.23076923077,317.17154501965706
0.21,0.13,62769.23076923077,317.1715450196571
0.23,0.13,62769.23076923077,316.98680875366824
0.25,0.13,62769.23076923077,316.6185531090038
0.27,0.13,62769.23076923077,316.069036635534
0.29,0.13,62769.23076923077,315.3411881780336
0.31,0.13,62769.23076923077,314.43799375503613
0.33,0.13,62769.23076923077,313.36156194769626
0.35,0.13,62769.23076923077,312.11173357028895
0.37,0.13,62769.23076923077,310.68400208013065
0.39,0.13,62769.23076923077,309.0663027540056
0.01,0.15,62769.23076923077,309.11693095946407
0.03,0.15,62769.23076923077,310.8349584360272
0.05,0.15,62769.23076923077,312.35952249765745
0.07,0.15,62769.23076923077,313.69991269104594
0.09,0.15,62769.23076923077,314.8581238868655
0.11,0.15,62769.23076923077,315.8322438129883
0.13,0.15,62769.23076923077,316.6185531090037
0.15,0.15,62769.23076923077,317.2128713431078
0.17,0.15,62769.23076923077,317.6114330057345
0.19,0.15,62769.23076923077,317.8114503303147
0.21,0.15,62769.23076923077,317.8114503303148
0.23,0.15,62769.23076923077,317.61143300573457
0.25,0.15,62769.23076923077,317.2128713431079
0.27,0.15,62769.23076923077,316.6185531090038
0.29,0.15,62769.23076923077,315.8322438129884
0.31,0.15,62769.23076923077,314.85812388686554
0.33,0.15,62769.23076923077,313.699912691046
0.35,0.15,62769.23076923077,312.3595224976575
0.37,0.15,62769.23076923077,310.8349584360272
0.39,0.15,62769.23076923077,309.11693095946407
0.01,0.17,62769.23076923077,309.1506637552983
0.03,0.17,62769.23076923077,310.9355915247658
0.05,0.17,62769.23076923077,312.5248610796164
0.07,0.17,62769.23076923077,313.9259362734668
0.09,0.17,62769.23076923077,315.139107587645
0.11,0.17,62769.23076923077,316.1610198318052
0.13,0.17,62769.23076923077,316.98680875366824
0.15,0.17,62769.23076923077,317.61143300573457
0.17,0.17,62769.23076923077,318.0305188203405
0.19,0.17,62769.23076923077,318.24089192768395
0.21,0.17,62769.23076923077,318.240891927684
0.23,0.17,62769.23076923077,318.03051882034055
0.25,0.17,62769.23076923077,317.6114330057346
0.27,0.17,62769.23076923077,316.9868087536683
0.29,0.17,62769.23076923077,316.1610198318053
0.31,0.17,62769.23076923077,315.139107587645
0.33,0.17,62769.23076923077,313.9259362734668
0.35,0.17,62769.23076923077,312.5248610796164
0.37,0.17,62769.23076923077,310.9355915247658
0.39,0.17,62769.23076923077,309.1506637552983
0.01,0.19,62769.23076923077,309.1675351432807
0.03,0.19,62769.23076923077,310.9859358083685
0.05,0.19,62769.23076923077,312.6076142803514
0.07,0.19,62769.23076923077,314.0391288828736
0.09,0.19,62769.23076923077,315.2799111952533
0.11,0.19,62769.23076923077,316.3258685997
0.13,0.19,62769.23076923077,317.1715450196571
0.15,0.19,62769.23076923077,317.8114503303148
0.17,0.19,62769.23076923077,318.2408919276839
0.19,0.19,62769.23076923077,318.4564922848983
0.21,0.19,62769.23076923077,318.4564922848983
0.23,0.19,62769.23076923077,318.240891927684
0.25,0.19,62769.23076923077,317.8114503303148
0.27,0.19,62769.23076923077,317.17154501965723
0.29,0.19,62769.23076923077,316.32586859970013
0.31,0.19,62769.23076923077,315.2799111952533
0.33,0.19,62769.23076923077,314.0391288828736
0.35,0.19,62769.23076923077,312.60761428035136
0.37,0.19,62769.23076923077,310.9859358083684
0.39,0.19,62769.23076923077,309.16753514328065
0.01,0.21,62769.23076923077,309.1675351432807
0.03,0.21,62769.23076923077,310.9859358083685
0.05,0.21,62769.23076923077,312.60761428035147
0.07,0.21,62769.23076923077,314.0391288828737
0.09,0.21,62769.23076923077,315.2799111952533
0.11,0.21,62769.23076923077,316.3258685997
0.13,0.21,62769.23076923077,317.1715450196571
0.15,0.21,62769.23076923077,317.8114503303148
0.17,0.21,62769.23076923077,318.24089192768395
0.19,0.21,62769.23076923077,318.4564922848983
0.21,0.21,62769.23076923077,318.4564922848983
0.23,0.21,62769.23076923077,318.24089192768395
0.25,0.21,62769.23076923077,317.8114503303148
0.27,0.21,62769.23076923077,317.17154501965723
0.29,0.21,62769.23076923077,316.32586859970013
0.31,0.21,62769.23076923077,315.2799111952533
0.33,0.21,62769.23076923077,314.0391288828736
0.35,0.21,62769.23076923077,312.60761428035136
0.37,0.21,62769.23076923077,310.9859358083684
0.39,0.21,62769.23076923077,309.16753514328065
0.01,0.23,62769.23076923077,309.15066375529835
0.03,0.23,62769.23076923077,310.93559152476587
0.05,0.23,62769.23076923077,312.52486107961647
0.07,0.23,62769.23076923077,313.9259362734668
0.09,0.23,62769.23076923077,315.139107587645
0.11,0.23,62769.23076923077,316.1610198318052
0.13,0.23,62769.23076923077,316.98680875366824
0.15,0.23,62769.23076923077,317.61143300573457
0.17,0.23,62769.23076923077,318.03051882034043
0.19,0.23,62769.23076923077,318.24089192768395
0.21,0.23,62769.23076923077,318.24089192768395
0.23,0.23,62769.23076923077,318.0305188203405
0.25,0.23,62769.23076923077,317.6114330057346
0.27,0.23,62769.23076923077,316.9868087536683
0.29,0.23,62769.23076923077,316.1610198318053
0.31,0.23,62769.23076923077,315.139107587645
0.33,0.23,62769.23076923077,313.9259362734668
0.35,0.23,62769.23076923077,312.52486107961647
0.37,0.23,62769.23076923077,310.9355915247658
0.39,0.23,62769.23076923077,309.1506637552983
0.01,0.25,62769.23076923077,309.1169309594641
0.03,0.25,62769.23076923077,310.8349584360273
0.05,0.25,62769.23076923077,312.3595224976575
0.07,0.25,62769.23076923077,313.699912691046
0.09,0.25,62769.23076923077,314.8581238868655
0.11,0.25,62769.23076923077,315.83224381298834
0.13,0.25,62769.23076923077,316.61855310900376
0.15,0.25,62769.23076923077,317.2128713431078
0.17,0.25,62769.23076923077,317.6114330057345
0.19,0.25,62769.23076923077,317.8114503303148
0.21,0.25,62769.23076923077,317.8114503303148
0.23,0.25,62769.23076923077,317.61143300573457
0.25,0.25,62769.23076923077,317.2128713431079
0.27,0.25,62769.23076923077,316.6185531090038
0.29,0.25,62769.23076923077,315.8322438129884
0.31,0.25,62769.23076923077,314.85812388686554
0.33,0.25,62769.23076923077,313.699912691046
0.35,0.25,62769.23076923077,312.3595224976576
0.37,0.25,62769.23076923077,310.8349584360272
0.39,0.25,62769.23076923077,309.11693095946407
0.01,0.27,62769.23076923077,309.0663027540056
0.03,0.27,62769.23076923077,310.6840020801307
0.05,0.27,62769.23076923077,312.11173357028895
0.07,0.27,62769.23076923077,313.3615619476962
0.09,0.27,62769.23076923077,314.437993755036
0.11,0.27,62769.23076923077,315.34118817803346
0.13,0.27,62769.23076923077,316.069036635534
0.15,0.27,62769.23076923077,316.6185531090037
0.17,0.27,62769.23076923077,316.9868087536682
0.19,0.27,62769.23076923077,317.1715450196571
0.21,0.27,62769.23076923077,317.1715450196572
0.23,0.27,62769.23076923077,316.98680875366824
0.25,0.27,62769.23076923077,316.61855310900387
0.27,0.27,62769.23076923077,316.0690366355341
0.29,0.27,62769.23076923077,315.3411881780336
0.31,0.27,62769.23076923077,314.43799375503613
0.33,0.27,62769.23076923077,313.36156194769626
0.35,0.27,62769.23076923077,312.11173357028895
0.37,0.27,62769.23076923077,310.68400208013065
0.39,0.27,62769.23076923077,309.0663027540056
0.01,0.29,62769.23076923077,308.9985756174106
0.03,0.29,62769.23076923077,310.4822661637605
0.05,0.29,62769.23076923077,311.7811497509794
0.07,0.29,62769.23076923077,312.9110523266595
0.09,0.29,62769.23076923077,313.8797044221644
0.11,0.29,62769.23076923077,314.6898122573232
0.13,0.29,62769.23076923077,315.34118817803346
0.15,0.29,62769.23076923077,315.83224381298834
0.17,0.29,62769.23076923077,316.1610198318052
0.19,0.29,62769.23076923077,316.3258685997001
0.21,0.29,62769.23076923077,316.3258685997001
0.23,0.29,62769.23076923077,316.1610198318052
0.25,0.29,62769.23076923077,315.8322438129884
0.27,0.29,62769.23076923077,315.3411881780335
0.29,0.29,62769.23076923077,314.6898122573233
0.31,0.29,62769.23076923077,313.8797044221644
0.33,0.29,62769.23076923077,312.9110523266596
0.35,0.29,62769.23076923077,311.7811497509794
0.37,0.29,62769.23076923077,310.4822661637605
0.39,0.29,62769.23076923077,308.9985756174105
0.01,0.31,62769.23076923077,308.91313198397995
0.03,0.31,62769.23076923077,310.2282519105146
0.05,0.31,62769.23076923077,311.36614905891224
0.07,0.31,62769.23076923077,312.3473974735731
0.09,0.31,62769.23076923077,313.1834353580284
0.11,0.31,62769.23076923077,313.8797044221644
0.13,0.31,62769.23076923077,314.4379937550361
0.15,0.31,62769.23076923077,314.8581238868655
0.17,0.31,62769.23076923077,315.139107587645
0.19,0.31,62769.23076923077,315.2799111952533
0.21,0.31,62769.23076923077,315.2799111952533
0.23,0.31,62769.23076923077,315.139107587645
0.25,0.31,62769.23076923077,314.85812388686554
0.27,0.31,62769.23076923077,314.43799375503613
0.29,0.31,62769.23076923077,313.8797044221645
0.31,0.31,62769.23076923077,313.1834353580285
0.33,0.31,62769.23076923077,312.3473974735732
0.35,0.31,62769.23076923077,311.36614905891224
0.37,0.31,62769.23076923077,310.2282519105146
0.39,0.31,62769.23076923077,308.9131319839799
0.01,0.33,62769.23076923077,308.808458413407
0.03,0.33,62769.23076923077,309.91828932046275
0.05,0.33,62769.23076923077,310.8624888652154
0.07,0.33,62769.23076923077,311.66715998366953
0.09,0.33,62769.23076923077,312.34739747357315
0.11,0.33,62769.23076923077,312.9110523266595
0.13,0.33,62769.23076923077,313.3615619476962
0.15,0.33,62769.23076923077,313.69991269104594
0.17,0.33,62769.23076923077,313.9259362734668
0.19,0.33,62769.23076923077,314.0391288828737
0.21,0.33,62769.23076923077,314.0391288828737
0.23,0.33,62769.23076923077,313.92593627346685
0.25,0.33,62769.23076923077,313.699912691046
0.27,0.33,62769.23076923077,313.36156194769626
0.29,0.33,62769.23076923077,312.9110523266596
0.31,0.33,62769.23076923077,312.34739747357315
0.33,0.33,62769.23076923077,311.6671599836696
0.35,0.33,62769.23076923077,310.8624888652154
0.37,0.33,62769.23076923077,309.9182893204628
0.39,0.33,62769.23076923077,308.8084584134069
0.01,0.35,62769.23076923077,308.6810983279693
0.03,0.35,62769.23076923077,309.54442933744
0.05,0.35,62769.23076923077,310.2610869723068
0.07,0.35,62769.23076923077,310.8624888652154
0.09,0.35,62769.23076923077,311.36614905891224
0.11,0.35,62769.23076923077,311.7811497509793
0.13,0.35,62769.23076923077,312.1117335702889
0.15,0.35,62769.23076923077,312.35952249765745
0.17,0.35,62769.23076923077,312.5248610796164
0.19,0.35,62769.23076923077,312.6076142803514
0.21,0.35,62769.23076923077,312.6076142803514
0.23,0.35,62769.23076923077,312.52486107961647
0.25,0.35,62769.23076923077,312.3595224976575
0.27,0.35,62769.23076923077,312.11173357028895
0.29,0.35,62769.23076923077,311.7811497509794
0.31,0.35,62769.23076923077,311.36614905891224
0.33,0.35,62769.23076923077,310.8624888652155
0.35,0.35,62769.23076923077,310.2610869723068
0.37,0.35,62769.23076923077,309.54442933744
0.39,0.35,62769.23076923077,308.68109832796927
0.01,0.37,62769.23076923077,308.52297795790594
0.03,0.37,62769.23076923077,309.0903283605948
0.05,0.37,62769.23076923077,309.54442933744
0.07,0.37,62769.23076923077,309.9182893204628
0.09,0.37,62769.23076923077,310.2282519105146
0.11,0.37,62769.23076923077,310.48226616376047
0.13,0.37,62769.23076923077,310.68400208013065
0.15,0.37,62769.23076923077,310.8349584360272
0.17,0.37,62769.23076923077,310.9355915247658
0.19,0.37,62769.23076923077,310.9859358083684
0.21,0.37,62769.23076923077,310.9859358083684
0.23,0.37,62769.23076923077,310.93559152476587
0.25,0.37,62769.23076923077,310.8349584360273
0.27,0.37,62769.23076923077,310.6840020801307
0.29,0.37,62769.23076923077,310.48226616376047
0.31,0.37,62769.23076923077,310.2282519105146
0.33,0.37,62769.23076923077,309.9182893204628
0.35,0.37,62769.23076923077,309.54442933744
0.37,0.37,62769.23076923077,309.0903283605948
0.39,0.37,62769.23076923077,308.52297795790594
0.01,0.39,62769.23076923077,308.31311994702725
0.03,0.39,62769.23076923077,308.52297795790594
0.05,0.39,62769.23076923077,308.68109832796927
0.07,0.39,62769.23076923077,308.80845841340704
0.09,0.39,62769.23076923077,308.91313198397995
0.11,0.39,62769.23076923077,308.9985756174105
0.13,0.39,62769.23076923077,309.0663027540056
0.15,0.39,62769.23076923077,309.116930959464
0.17,0.39,62769.23076923077,309.1506637552983
0.19,0.39,62769.23076923077,309.16753514328065
0.21,0.39,62769.23076923077,309.16753514328065
0.23,0.39,62769.23076923077,309.15066375529835
0.25,0.39,62769.23076923077,309.11693095946407
0.27,0.39,62769.23076923077,309.0663027540056
0.29,0.39,62769.23076923077,308.9985756174105
0.31,0.39,62769.23076923077,308.9131319839799
0.33,0.39,62769.23076923077,308.808458413407
0.35,0.39,62769.23076923077,308.68109832796927
0.37,0.39,62769.23076923077,308.52297795790594
0.39,0.39,62769.23076923077,308.31311994702725
0.01,0.01,64615.38461538462,308.30524110123844
0.03,0.01,64615.38461538462,308.503700360503
0.05,0.01,64615.38461538462,308.6524690004846
0.07,0.01,64615.38461538462,308.77184074401106
0.09,0.01,64615.38461538462,308.8696772914473
0.11,0.01,64615.38461538462,308.9493817762143
0.13,0.01,64615.38461538462,309.01247215703853
0.15,0.01,64615.38461538462,309.0595899115766
0.17,0.01,64615.38461538462,309.0909649043888
0.19,0.01,64615.38461538462,309.1066518222667
0.21,0.01,64615.38461538462,309.1066518222667
0.23,0.01,64615.38461538462,309.0909649043888
0.25,0.01,64615.38461538462,309.0595899115766
0.27,0.01,64615.38461538462,309.0124721570386
0.29,0.01,64615.38461538462,308.9493817762143
0.31,0.01,64615.38461538462,308.8696772914473
0.33,0.01,64615.38461538462,308.77184074401106
0.35,0.01,64615.38461538462,308.6524690004846
0.37,0.01,64615.38461538462,308.50370036050293
0.39,0.01,64615.38461538462,308.30524110123844
0.01,0.03,64615.38461538462,308.503700360503
0.03,0.03,64615.38461538462,309.039234013848
0.05,0.03,64615.38461538462,309.4661020701321
0.07,0.03,64615.38461538462,309.816374248957
0.09,0.03,64615.38461538462,310.1060481027564
0.11,0.03,64615.38461538462,310.3429984319694
0.13,0.03,64615.38461538462,310.5309371172048
0.15,0.03,64615.38461538462,310.67144430384445
0.17,0.03,64615.38461538462,310.7650583154102
0.19,0.03,64615.38461538462,310.81187634014304
0.21,0.03,64615.38461538462,310.81187634014304
0.23,0.03,64615.38461538462,310.7650583154102
0.25,0.03,64615.38461538462,310.6714443038445
0.27,0.03,64615.38461538462,310.5309371172048
0.29,0.03,64615.38461538462,310.3429984319694
0.31,0.03,64615.38461538462,310.10604810275646
0.33,0.03,64615.38461538462,309.81637424895695
0.35,0.03,64615.38461538462,309.466102070132
0.37,0.03,64615.38461538462,309.039234013848
0.39,0.03,64615.38461538462,308.50370036050293
0.01,0.05,64615.38461538462,308.6524690004846
0.03,0.05,64615.38461538462,309.4661020701321
0.05,0.05,64615.38461538462,310.1391400648777
0.07,0.05,64615.38461538462,310.7023075707537
0.09,0.05,64615.38461538462,311.1728937604907
0.11,0.05,64615.38461538462,311.56000093110146
0.13,0.05,64615.38461538462,311.86800078126305
0.15,0.05,64615.38461538462,312.09867476651766
0.17,0.05,64615.38461538462,312.2525130334256
0.19,0.05,64615.38461538462,312.32948788863945
0.21,0.05,64615.38461538462,312.32948788863945
0.23,0.05,64615.38461538462,312.25251303342566
0.25,0.05,64615.38461538462,312.09867476651766
0.27,0.05,64615.38461538462,311.86800078126305
0.29,0.05,64615.38461538462,311.56000093110146
0.31,0.05,64615.38461538462,311.17289376049075
0.33,0.05,64615.38461538462,310.7023075707537
0.35,0.05,64615.38461538462,310.13914006487767
0.37,0.05,64615.38461538462,309.466102070132
0.39,0.05,64615.38461538462,308.6524690004846
0.01,0.07,64615.38461538462,308.77184074401106
0.03,0.07,64615.38461538462,309.816374248957
0.05,0.07,64615.38461538462,310.7023075707537
0.07,0.07,64615.38461538462,311.4554219755033
0.09,0.07,64615.38461538462,312.0908277577589
0.11,0.07,64615.38461538462,312.6165647817596
0.13,0.07,64615.38461538462,313.03632638653704
0.15,0.07,64615.38461538462,313.3513555514547
0.17,0.07,64615.38461538462,313.5617013540968
0.19,0.07,64615.38461538462,313.667014977373
0.21,0.07,64615.38461538462,313.667014977373
0.23,0.07,64615.38461538462,313.5617013540968
0.25,0.07,64615.38461538462,313.3513555514547
0.27,0.07,64615.38461538462,313.03632638653704
0.29,0.07,64615.38461538462,312.6165647817596
0.31,0.07,64615.38461538462,312.0908277577589
0.33,0.07,64615.38461538462,311.4554219755034
0.35,0.07,64615.38461538462,310.70230757075365
0.37,0.07,64615.38461538462,309.816374248957
0.39,0.07,64615.38461538462,308.77184074401106
0.01,0.09,64615.38461538462,308.86967729144726
0.03,0.09,64615.38461538462,310.1060481027564
0.05,0.09,64615.38461538462,311.1728937604907
0.07,0.09,64615.38461538462,312.0908277577589
0.09,0.09,64615.38461538462,312.87157207774146
0.11,0.09,64615.38461538462,313.5209541231093
0.13,0.09,64615.38461538462,314.04116434063627
0.15,0.09,64615.38461538462,314.43238693096754
0.17,0.09,64615.38461538462,314.6939281060832
0.19,0.09,64615.38461538462,314.8249582927175
0.21,0.09,64615.38461538462,314.8249582927175
0.23,0.09,64615.38461538462,314.69392810608315
0.25,0.09,64615.38461538462,314.43238693096754
0.27,0.09,64615.38461538462,314.04116434063627
0.29,0.09,64615.38461538462,313.52095412310933
0.31,0.09,64615.38461538462,312.87157207774146
0.33,0.09,64615.38461538462,312.0908277577589
0.35,0.09,64615.38461538462,311.1728937604907
0.37,0.09,64615.38461538462,310.1060481027564
0.39,0.09,64615.38461538462,308.8696772914474
0.01,0.11,64615.38461538462,308.9493817762143
0.03,0.11,64615.38461538462,310.34299843196936
0.05,0.11,64615.38461538462,311.56000093110146
0.07,0.11,64615.38461538462,312.6165647817596
0.09,0.11,64615.38461538462,313.52095412310933
0.11,0.11,64615.38461538462,314.2764528130488
0.13,0.11,64615.38461538462,314.8834187577838
0.15,0.11,64615.38461538462,315.34073319768936
0.17,0.11,64615.38461538462,315.6468047933186
0.19,0.11,64615.38461538462,315.8002375880737
0.21,0.11,64615.38461538462,315.8002375880737
0.23,0.11,64615.38461538462,315.6468047933186
0.25,0.11,64615.38461538462,315.34073319768936
0.27,0.11,64615.38461538462,314.8834187577838
0.29,0.11,64615.38461538462,314.2764528130488
0.31,0.11,64615.38461538462,313.52095412310933
0.33,0.11,64615.38461538462,312.6165647817596
0.35,0.11,64615.38461538462,311.5600009311014
0.37,0.11,64615.38461538462,310.3429984319694
0.39,0.11,64615.38461538462,308.94938177621435
0.01,0.13,64615.38461538462,309.01247215703853
0.03,0.13,64615.38461538462,310.5309371172048
0.05,0.13,64615.38461538462,311.868000781263
0.07,0.13,64615.38461538462,313.03632638653704
0.09,0.13,64615.38461538462,314.04116434063627
0.11,0.13,64615.38461538462,314.8834187577838
0.13,0.13,64615.38461538462,315.56165494129266
0.15,0.13,64615.38461538462,316.0734516273765
0.17,0.13,64615.38461538462,316.4163150277904
0.19,0.13,64615.38461538462,316.5882810111868
0.21,0.13,64615.38461538462,316.5882810111867
0.23,0.13,64615.38461538462,316.41631502779046
0.25,0.13,64615.38461538462,316.0734516273765
0.27,0.13,64615.38461538462,315.56165494129266
0.29,0.13,64615.38461538462,314.8834187577838
0.31,0.13,64615.38461538462,314.0411643406363
0.33,0.13,64615.38461538462,313.03632638653704
0.35,0.13,64615.38461538462,311.868000781263
0.37,0.13,64615.38461538462,310.5309371172048
0.39,0.13,64615.38461538462,309.0124721570386
0.01,0.15,64615.38461538462,309.0595899115766
0.03,0.15,64615.38461538462,310.67144430384445
0.05,0.15,64615.38461538462,312.09867476651766
0.07,0.15,64615.38461538462,313.3513555514547
0.09,0.15,64615.38461538462,314.4323869309675
0.11,0.15,64615.38461538462,315.34073319768936
0.13,0.15,64615.38461538462,316.0734516273765
0.15,0.15,64615.38461538462,316.62700354274523
0.17,0.15,64615.38461538462,316.9981130570411
0.19,0.15,64615.38461538462,317.18432166585046
0.21,0.15,64615.38461538462,317.18432166585046
0.23,0.15,64615.38461538462,316.9981130570411
0.25,0.15,64615.38461538462,316.62700354274523
0.27,0.15,64615.38461538462,316.0734516273765
0.29,0.15,64615.38461538462,315.3407331976894
0.31,0.15,64615.38461538462,314.4323869309675
0.33,0.15,64615.38461538462,313.3513555514547
0.35,0.15,64615.38461538462,312.09867476651766
0.37,0.15,64615.38461538462,310.67144430384445
0.39,0.15,64615.38461538462,309.0595899115765
0.01,0.17,64615.38461538462,309.0909649043887
0.03,0.17,64615.38461538462,310.76505831541016
0.05,0.17,64615.38461538462,312.25251303342554
0.07,0.17,64615.38461538462,313.5617013540967
0.09,0.17,64615.38461538462,314.69392810608315
0.11,0.17,64615.38461538462,315.64680479331867
0.13,0.17,64615.38461538462,316.41631502779046
0.15,0.17,64615.38461538462,316.9981130570411
0.17,0.17,64615.38461538462,317.3883530912936
0.19,0.17,64615.38461538462,317.58421468195013
0.21,0.17,64615.38461538462,317.58421468195013
0.23,0.17,64615.38461538462,317.38835309129365
0.25,0.17,64615.38461538462,316.9981130570412
0.27,0.17,64615.38461538462,316.4163150277905
0.29,0.17,64615.38461538462,315.64680479331867
0.31,0.17,64615.38461538462,314.69392810608315
0.33,0.17,64615.38461538462,313.5617013540967
0.35,0.17,64615.38461538462,312.2525130334256
0.37,0.17,64615.38461538462,310.76505831541016
0.39,0.17,64615.38461538462,309.0909649043887
0.01,0.19,64615.38461538462,309.1066518222667
0.03,0.19,64615.38461538462,310.81187634014304
0.05,0.19,64615.38461538462,312.32948788863945
0.07,0.19,64615.38461538462,313.667014977373
0.09,0.19,64615.38461538462,314.82495829271744
0.11,0.19,64615.38461538462,315.8002375880737
0.13,0.19,64615.38461538462,316.5882810111867
0.15,0.19,64615.38461538462,317.1843216658504
0.17,0.19,64615.38461538462,317.5842146819501
0.19,0.19,64615.38461538462,317.7849490298363
0.21,0.19,64615.38461538462,317.78494902983635
0.23,0.19,64615.38461538462,317.5842146819502
0.25,0.19,64615.38461538462,317.1843216658505
0.27,0.19,64615.38461538462,316.5882810111869
0.29,0.19,64615.38461538462,315.8002375880738
0.31,0.19,64615.38461538462,314.8249582927175
0.33,0.19,64615.38461538462,313.667014977373
0.35,0.19,64615.38461538462,312.32948788863933
0.37,0.19,64615.38461538462,310.81187634014293
0.39,0.19,64615.38461538462,309.10665182226666
0.01,0.21,64615.38461538462,309.10665182226666
0.03,0.21,64615.38461538462,310.81187634014304
0.05,0.21,64615.38461538462,312.32948788863945
0.07,0.21,64615.38461538462,313.66701497737307
0.09,0.21,64615.38461538462,314.8249582927175
0.11,0.21,64615.38461538462,315.8002375880737
0.13,0.21,64615.38461538462,316.5882810111867
0.15,0.21,64615.38461538462,317.1843216658504
0.17,0.21,64615.38461538462,317.5842146819501
0.19,0.21,64615.38461538462,317.78494902983624
0.21,0.21,64615.38461538462,317.7849490298363
0.23,0.21,64615.38461538462,317.5842146819502
0.25,0.21,64615.38461538462,317.1843216658505
0.27,0.21,64615.38461538462,316.5882810111869
0.29,0.21,64615.38461538462,315.80023758807374
0.31,0.21,64615.38461538462,314.8249582927175
0.33,0.21,64615.38461538462,313.667014977373
0.35,0.21,64615.38461538462,312.32948788863933
0.37,0.21,64615.38461538462,310.811876340143
0.39,0.21,64615.38461538462,309.10665182226666
0.01,0.23,64615.38461538462,309.0909649043888
0.03,0.23,64615.38461538462,310.7650583154102
0.05,0.23,64615.38461538462,312.2525130334256
0.07,0.23,64615.38461538462,313.5617013540968
0.09,0.23,64615.38461538462,314.6939281060832
0.11,0.23,64615.38461538462,315.64680479331867
0.13,0.23,64615.38461538462,316.41631502779046
0.15,0.23,64615.38461538462,316.9981130570411
0.17,0.23,64615.38461538462,317.3883530912936
0.19,0.23,64615.38461538462,317.5842146819501
0.21,0.23,64615.38461538462,317.5842146819501
0.23,0.23,64615.38461538462,317.3883530912936
0.25,0.23,64615.38461538462,316.9981130570412
0.27,0.23,64615.38461538462,316.4163150277905
0.29,0.23,64615.38461538462,315.6468047933187
0.31,0.23,64615.38461538462,314.69392810608326
0.33,0.23,64615.38461538462,313.5617013540968
0.35,0.23,64615.38461538462,312.2525130334256
0.37,0.23,64615.38461538462,310.7650583154102
0.39,0.23,64615.38461538462,309.0909649043887
0.01,0.25,64615.38461538462,309.05958991157667
0.03,0.25,64615.38461538462,310.6714443038445
0.05,0.25,64615.38461538462,312.09867476651766
0.07,0.25,64615.38461538462,313.3513555514547
0.09,0.25,64615.38461538462,314.43238693096754
0.11,0.25,64615.38461538462,315.3407331976894
0.13,0.25,64615.38461538462,316.0734516273765
0.15,0.25,64615.38461538462,316.62700354274523
0.17,0.25,64615.38461538462,316.9981130570411
0.19,0.25,64615.38461538462,317.1843216658504
0.21,0.25,64615.38461538462,317.18432166585046
0.23,0.25,64615.38461538462,316.9981130570411
0.25,0.25,64615.38461538462,316.6270035427453
0.27,0.25,64615.38461538462,316.07345162737664
0.29,0.25,64615.38461538462,315.3407331976895
0.31,0.25,64615.38461538462,314.4323869309676
0.33,0.25,64615.38461538462,313.3513555514548
0.35,0.25,64615.38461538462,312.0986747665177
0.37,0.25,64615.38461538462,310.6714443038445
0.39,0.25,64615.38461538462,309.0595899115766
0.01,0.27,64615.38461538462,309.0124721570386
0.03,0.27,64615.38461538462,310.5309371172048
0.05,0.27,64615.38461538462,311.86800078126305
0.07,0.27,64615.38461538462,313.03632638653704
0.09,0.27,64615.38461538462,314.04116434063627
0.11,0.27,64615.38461538462,314.88341875778383
0.13,0.27,64615.38461538462,315.56165494129266
0.15,0.27,64615.38461538462,316.0734516273765
0.17,0.27,64615.38461538462,316.41631502779046
0.19,0.27,64615.38461538462,316.5882810111867
0.21,0.27,64615.38461538462,316.5882810111868
0.23,0.27,64615.38461538462,316.41631502779046
0.25,0.27,64615.38461538462,316.0734516273766
0.27,0.27,64615.38461538462,315.5616549412927
0.29,0.27,64615.38461538462,314.8834187577839
0.31,0.27,64615.38461538462,314.0411643406364
0.33,0.27,64615.38461538462,313.0363263865371
0.35,0.27,64615.38461538462,311.86800078126305
0.37,0.27,64615.38461538462,310.5309371172048
0.39,0.27,64615.38461538462,309.0124721570386
0.01,0.29,64615.38461538462,308.9493817762143
0.03,0.29,64615.38461538462,310.3429984319694
0.05,0.29,64615.38461538462,311.56000093110146
0.07,0.29,64615.38461538462,312.6165647817596
0.09,0.29,64615.38461538462,313.5209541231093
0.11,0.29,64615.38461538462,314.2764528130488
0.13,0.29,64615.38461538462,314.88341875778383
0.15,0.29,64615.38461538462,315.34073319768936
0.17,0.29,64615.38461538462,315.6468047933186
0.19,0.29,64615.38461538462,315.8002375880737
0.21,0.29,64615.38461538462,315.80023758807374
0.23,0.29,64615.38461538462,315.64680479331867
0.25,0.29,64615.38461538462,315.3407331976894
0.27,0.29,64615.38461538462,314.88341875778383
0.29,0.29,64615.38461538462,314.2764528130488
0.31,0.29,64615.38461538462,313.5209541231094
0.33,0.29,64615.38461538462,312.6165647817596
0.35,0.29,64615.38461538462,311.56000093110146
0.37,0.29,64615.38461538462,310.3429984319695
0.39,0.29,64615.38461538462,308.94938177621435
0.01,0.31,64615.38461538462,308.8696772914473
0.03,0.31,64615.38461538462,310.1060481027564
0.05,0.31,64615.38461538462,311.1728937604907
0.07,0.31,64615.38461538462,312.09082775775886
0.09,0.31,64615.38461538462,312.8715720777414
0.11,0.31,64615.38461538462,313.5209541231093
0.13,0.31,64615.38461538462,314.04116434063627
0.15,0.31,64615.38461538462,314.4323869309675
0.17,0.31,64615.38461538462,314.6939281060832
0.19,0.31,64615.38461538462,314.8249582927175
0.21,0.31,64615.38461538462,314.8249582927175
0.23,0.31,64615.38461538462,314.6939281060832
0.25,0.31,64615.38461538462,314.43238693096754
0.27,0.31,64615.38461538462,314.0411643406363
0.29,0.31,64615.38461538462,313.5209541231094
0.31,0.31,64615.38461538462,312.87157207774146
0.33,0.31,64615.38461538462,312.0908277577589
0.35,0.31,64615.38461538462,311.17289376049075
0.37,0.31,64615.38461538462,310.10604810275646
0.39,0.31,64615.38461538462,308.8696772914473
0.01,0.33,64615.38461538462,308.771840744011
0.03,0.33,64615.38461538462,309.81637424895695
0.05,0.33,64615.38461538462,310.70230757075365
0.07,0.33,64615.38461538462,311.45542197550327
0.09,0.33,64615.38461538462,312.0908277577589
0.11,0.33,64615.38461538462,312.6165647817596
0.13,0.33,64615.38461538462,313.03632638653704
0.15,0.33,64615.38461538462,313.3513555514547
0.17,0.33,64615.38461538462,313.5617013540967
0.19,0.33,64615.38461538462,313.66701497737307
0.21,0.33,64615.38461538462,313.667014977373
0.23,0.33,64615.38461538462,313.5617013540968
0.25,0.33,64615.38461538462,313.3513555514548
0.27,0.33,64615.38461538462,313.0363263865371
0.29,0.33,64615.38461538462,312.6165647817597
0.31,0.33,64615.38461538462,312.0908277577589
0.33,0.33,64615.38461538462,311.4554219755034
0.35,0.33,64615.38461538462,310.7023075707537
0.37,0.33,64615.38461538462,309.816374248957
0.39,0.33,64615.38461538462,308.77184074401106
0.01,0.35,64615.38461538462,308.65246900048453
0.03,0.35,64615.38461538462,309.466102070132
0.05,0.35,64615.38461538462,310.13914006487767
0.07,0.35,64615.38461538462,310.70230757075365
0.09,0.35,64615.38461538462,311.1728937604907
0.11,0.35,64615.38461538462,311.56000093110146
0.13,0.35,64615.38461538462,311.868000781263
0.15,0.35,64615.38461538462,312.0986747665176
0.17,0.35,64615.38461538462,312.2525130334256
0.19,0.35,64615.38461538462,312.3294878886394
0.21,0.35,64615.38461538462,312.3294878886394
0.23,0.35,64615.38461538462,312.2525130334256
0.25,0.35,64615.38461538462,312.0986747665177
0.27,0.35,64615.38461538462,311.8680007812631
0.29,0.35,64615.38461538462,311.5600009311015
0.31,0.35,64615.38461538462,311.1728937604907
0.33,0.35,64615.38461538462,310.7023075707537
0.35,0.35,64615.38461538462,310.1391400648777
0.37,0.35,64615.38461538462,309.466102070132
0.39,0.35,64615.38461538462,308.6524690004846
0.01,0.37,64615.38461538462,308.50370036050293
0.03,0.37,64615.38461538462,309.039234013848
0.05,0.37,64615.38461538462,309.466102070132
0.07,0.37,64615.38461538462,309.81637424895695
0.09,0.37,64615.38461538462,310.1060481027564
0.11,0.37,64615.38461538462,310.3429984319694
0.13,0.37,64615.38461538462,310.5309371172048
0.15,0.37,64615.38461538462,310.67144430384445
0.17,0.37,64615.38461538462,310.76505831541016
0.19,0.37,64615.38461538462,310.811876340143
0.21,0.37,64615.38461538462,310.811876340143
0.23,0.37,64615.38461538462,310.7650583154102
0.25,0.37,64615.38461538462,310.6714443038445
0.27,0.37,64615.38461538462,310.5309371172048
0.29,0.37,64615.38461538462,310.3429984319695
0.31,0.37,64615.38461538462,310.10604810275646
0.33,0.37,64615.38461538462,309.816374248957
0.35,0.37,64615.38461538462,309.466102070132
0.37,0.37,64615.38461538462,309.039234013848
0.39,0.37,64615.38461538462,308.50370036050293
0.01,0.39,64615.38461538462,308.3052411012384
0.03,0.39,64615.38461538462,308.50370036050293
0.05,0.39,64615.38461538462,308.6524690004846
0.07,0.39,64615.38461538462,308.77184074401106
0.09,0.39,64615.38461538462,308.8696772914474
0.11,0.39,64615.38461538462,308.9493817762143
0.13,0.39,64615.38461538462,309.0124721570386
0.15,0.39,64615.38461538462,309.0595899115765
0.17,0.39,64615.38461538462,309.0909649043887
0.19,0.39,64615.38461538462,309.10665182226666
0.21,0.39,64615.38461538462,309.10665182226666
0.23,0.39,64615.38461538462,309.0909649043888
0.25,0.39,64615.38461538462,309.0595899115766
0.27,0.39,64615.38461538462,309.0124721570386
0.29,0.39,64615.38461538462,308.94938177621435
0.31,0.39,64615.38461538462,308.8696772914473
0.33,0.39,64615.38461538462,308.77184074401106
0.35,0.39,64615.38461538462,308.6524690004846
0.37,0.39,64615.38461538462,308.50370036050293
0.39,0.39,64615.38461538462,308.3052411012384
0.01,0.01,66461.53846153847,308.2979120890892
0.03,0.01,66461.53846153847,308.4857917462118
0.05,0.01,66461.53846153847,308.6258906709267
0.07,0.01,66461.53846153847,308.73785964216125
0.09,0.01,66461.53846153847,308.8293601623527
0.11,0.01,66461.53846153847,308.9037447076935
0.13,0.01,66461.53846153847,308.9625355593996
0.15,0.01,66461.53846153847,309.00639707331106
0.17,0.01,66461.53846153847,309.03558439568127
0.19,0.01,66461.53846153847,309.05017211298616
0.21,0.01,66461.53846153847,309.0501721129861
0.23,0.01,66461.53846153847,309.03558439568127
0.25,0.01,66461.53846153847,309.006397073311
0.27,0.01,66461.53846153847,308.9625355593996
0.29,0.01,66461.53846153847,308.9037447076935
0.31,0.01,66461.53846153847,308.8293601623527
0.33,0.01,66461.53846153847,308.7378596421613
0.35,0.01,66461.53846153847,308.62589067092665
0.37,0.01,66461.53846153847,308.4857917462119
0.39,0.01,66461.53846153847,308.2979120890892
0.01,0.03,66461.53846153847,308.4857917462119
0.03,0.03,66461.53846153847,308.9918095360516
0.05,0.03,66461.53846153847,309.393433292554
0.07,0.03,66461.53846153847,309.72184521093743
0.09,0.03,66461.53846153847,309.9927141697692
0.11,0.03,66461.53846153847,310.2138438742574
0.13,0.03,66461.53846153847,310.3889859293814
0.15,0.03,66461.53846153847,310.51979830625504
0.17,0.03,66461.53846153847,310.6068980974318
0.19,0.03,66461.53846153847,310.65044288660664
0.21,0.03,66461.53846153847,310.65044288660664
0.23,0.03,66461.53846153847,310.6068980974318
0.25,0.03,66461.53846153847,310.51979830625504
0.27,0.03,66461.53846153847,310.3889859293814
0.29,0.03,66461.53846153847,310.2138438742573
0.31,0.03,66461.53846153847,309.9927141697692
0.33,0.03,66461.53846153847,309.72184521093743
0.35,0.03,66461.53846153847,309.393433292554
0.37,0.03,66461.53846153847,308.9918095360516
0.39,0.03,66461.53846153847,308.4857917462119
0.01,0.05,66461.53846153847,308.6258906709267
0.03,0.05,66461.53846153847,309.393433292554
0.05,0.05,66461.53846153847,310.0260381492223
0.07,0.05,66461.53846153847,310.55376703614104
0.09,0.05,66461.53846153847,310.99369143673346
0.11,0.05,66461.53846153847,311.3549304157699
0.13,0.05,66461.53846153847,311.6419777842144
0.15,0.05,66461.53846153847,311.85676731344887
0.17,0.05,66461.53846153847,311.9999289056637
0.19,0.05,66461.53846153847,312.0715382300348
0.21,0.05,66461.53846153847,312.0715382300347
0.23,0.05,66461.53846153847,311.9999289056637
0.25,0.05,66461.53846153847,311.85676731344887
0.27,0.05,66461.53846153847,311.6419777842144
0.29,0.05,66461.53846153847,311.3549304157699
0.31,0.05,66461.53846153847,310.99369143673346
0.33,0.05,66461.53846153847,310.55376703614104
0.35,0.05,66461.53846153847,310.0260381492223
0.37,0.05,66461.53846153847,309.393433292554
0.39,0.05,66461.53846153847,308.6258906709267
0.01,0.07,66461.53846153847,308.7378596421613
0.03,0.07,66461.53846153847,309.7218452109375
0.05,0.07,66461.53846153847,310.55376703614104
0.07,0.07,66461.53846153847,311.2590868199619
0.09,0.07,66461.53846153847,311.85292039050506
0.11,0.07,66461.53846153847,312.34348234242725
0.13,0.07,66461.53846153847,312.73470789655767
0.15,0.07,66461.53846153847,313.0280847732715
0.17,0.07,66461.53846153847,313.22387049081425
0.19,0.07,66461.53846153847,313.3218654014984
0.21,0.07,66461.53846153847,313.3218654014984
0.23,0.07,66461.53846153847,313.22387049081425
0.25,0.07,66461.53846153847,313.0280847732715
0.27,0.07,66461.53846153847,312.7347078965577
0.29,0.07,66461.53846153847,312.34348234242725
0.31,0.07,66461.53846153847,311.85292039050506
0.33,0.07,66461.53846153847,311.2590868199619
0.35,0.07,66461.53846153847,310.55376703614104
0.37,0.07,66461.53846153847,309.7218452109375
0.39,0.07,66461.53846153847,308.7378596421613
0.01,0.09,66461.53846153847,308.8293601623528
0.03,0.09,66461.53846153847,309.9927141697692
0.05,0.09,66461.53846153847,310.99369143673346
0.07,0.09,66461.53846153847,311.85292039050506
0.09,0.09,66461.53846153847,312.58237849292567
0.11,0.09,66461.53846153847,313.18825240242063
0.13,0.09,66461.53846153847,313.6731116970671
0.15,0.09,66461.53846153847,314.0374869967856
0.17,0.09,66461.53846153847,314.280965623338
0.19,0.09,66461.53846153847,314.4029142647967
0.21,0.09,66461.53846153847,314.4029142647967
0.23,0.09,66461.53846153847,314.280965623338
0.25,0.09,66461.53846153847,314.0374869967856
0.27,0.09,66461.53846153847,313.6731116970671
0.29,0.09,66461.53846153847,313.1882524024207
0.31,0.09,66461.53846153847,312.5823784929257
0.33,0.09,66461.53846153847,311.85292039050506
0.35,0.09,66461.53846153847,310.99369143673346
0.37,0.09,66461.53846153847,309.9927141697692
0.39,0.09,66461.53846153847,308.8293601623528
0.01,0.11,66461.53846153847,308.90374470769353
0.03,0.11,66461.53846153847,310.2138438742574
0.05,0.11,66461.53846153847,311.3549304157699
0.07,0.11,66461.53846153847,312.34348234242725
0.09,0.11,66461.53846153847,313.1882524024207
0.11,0.11,66461.53846153847,313.8930638443884
0.13,0.11,66461.53846153847,314.4587898014014
0.15,0.11,66461.53846153847,314.88475847177324
0.17,0.11,66461.53846153847,315.16973072697726
0.19,0.11,66461.53846153847,315.31255244118324
0.21,0.11,66461.53846153847,315.31255244118324
0.23,0.11,66461.53846153847,315.1697307269772
0.25,0.11,66461.53846153847,314.88475847177324
0.27,0.11,66461.53846153847,314.4587898014014
0.29,0.11,66461.53846153847,313.8930638443884
0.31,0.11,66461.53846153847,313.1882524024207
0.33,0.11,66461.53846153847,312.3434823424273
0.35,0.11,66461.53846153847,311.3549304157699
0.37,0.11,66461.53846153847,310.2138438742573
0.39,0.11,66461.53846153847,308.9037447076934
0.01,0.13,66461.53846153847,308.9625355593996
0.03,0.13,66461.53846153847,310.3889859293814
0.05,0.13,66461.53846153847,311.6419777842144
0.07,0.13,66461.53846153847,312.73470789655767
0.09,0.13,66461.53846153847,313.6731116970671
0.11,0.13,66461.53846153847,314.4587898014014
0.13,0.13,66461.53846153847,315.09094386522787
0.15,0.13,66461.53846153847,315.56768983167245
0.17,0.13,66461.53846153847,315.88695002780787
0.19,0.13,66461.53846153847,316.0470430292812
0.21,0.13,66461.53846153847,316.0470430292812
0.23,0.13,66461.53846153847,315.8869500278078
0.25,0.13,66461.53846153847,315.56768983167245
0.27,0.13,66461.53846153847,315.0909438652279
0.29,0.13,66461.53846153847,314.4587898014014
0.31,0.13,66461.53846153847,313.6731116970672
0.33,0.13,66461.53846153847,312.7347078965577
0.35,0.13,66461.53846153847,311.6419777842144
0.37,0.13,66461.53846153847,310.38898592938136
0.39,0.13,66461.53846153847,308.9625355593996
0.01,0.15,66461.53846153847,309.006397073311
0.03,0.15,66461.53846153847,310.519798306255
0.05,0.15,66461.53846153847,311.85676731344887
0.07,0.15,66461.53846153847,313.0280847732714
0.09,0.15,66461.53846153847,314.0374869967856
0.11,0.15,66461.53846153847,314.88475847177324
0.13,0.15,66461.53846153847,315.56768983167245
0.15,0.15,66461.53846153847,316.0833526298667
0.17,0.15,66461.53846153847,316.4289390608201
0.19,0.15,66461.53846153847,316.6023066248296
0.21,0.15,66461.53846153847,316.6023066248296
0.23,0.15,66461.53846153847,316.42893906082
0.25,0.15,66461.53846153847,316.0833526298667
0.27,0.15,66461.53846153847,315.56768983167245
0.29,0.15,66461.53846153847,314.8847584717733
0.31,0.15,66461.53846153847,314.0374869967856
0.33,0.15,66461.53846153847,313.0280847732715
0.35,0.15,66461.53846153847,311.85676731344887
0.37,0.15,66461.53846153847,310.5197983062549
0.39,0.15,66461.53846153847,309.0063970733109
0.01,0.17,66461.53846153847,309.03558439568127
0.03,0.17,66461.53846153847,310.6068980974317
0.05,0.17,66461.53846153847,311.9999289056637
0.07,0.17,66461.53846153847,313.22387049081425
0.09,0.17,66461.53846153847,314.280965623338
0.11,0.17,66461.53846153847,315.16973072697726
0.13,0.17,66461.53846153847,315.88695002780787
0.15,0.17,66461.53846153847,316.4289390608201
0.17,0.17,66461.53846153847,316.7923566339412
0.19,0.17,66461.53846153847,316.9747217617612
0.21,0.17,66461.53846153847,316.97472176176115
0.23,0.17,66461.53846153847,316.79235663394115
0.25,0.17,66461.53846153847,316.4289390608201
0.27,0.17,66461.53846153847,315.88695002780787
0.29,0.17,66461.53846153847,315.1697307269773
0.31,0.17,66461.53846153847,314.280965623338
0.33,0.17,66461.53846153847,313.22387049081425
0.35,0.17,66461.53846153847,311.9999289056637
0.37,0.17,66461.53846153847,310.6068980974317
0.39,0.17,66461.53846153847,309.03558439568127
0.01,0.19,66461.53846153847,309.05017211298616
0.03,0.19,66461.53846153847,310.65044288660664
0.05,0.19,66461.53846153847,312.0715382300347
0.07,0.19,66461.53846153847,313.3218654014985
0.09,0.19,66461.53846153847,314.4029142647968
0.11,0.19,66461.53846153847,315.31255244118324
0.13,0.19,66461.53846153847,316.0470430292812
0.15,0.19,66461.53846153847,316.6023066248295
0.17,0.19,66461.53846153847,316.97472176176115
0.19,0.19,66461.53846153847,317.1616289786558
0.21,0.19,66461.53846153847,317.16162897865576
0.23,0.19,66461.53846153847,316.9747217617612
0.25,0.19,66461.53846153847,316.6023066248296
0.27,0.19,66461.53846153847,316.0470430292812
0.29,0.19,66461.53846153847,315.3125524411833
0.31,0.19,66461.53846153847,314.4029142647967
0.33,0.19,66461.53846153847,313.3218654014984
0.35,0.19,66461.53846153847,312.0715382300347
0.37,0.19,66461.53846153847,310.65044288660664
0.39,0.19,66461.53846153847,309.0501721129861
0.01,0.21,66461.53846153847,309.0501721129861
0.03,0.21,66461.53846153847,310.65044288660664
0.05,0.21,66461.53846153847,312.0715382300348
0.07,0.21,66461.53846153847,313.3218654014985
0.09,0.21,66461.53846153847,314.40291426479683
0.11,0.21,66461.53846153847,315.31255244118324
0.13,0.21,66461.53846153847,316.0470430292812
0.15,0.21,66461.53846153847,316.6023066248295
0.17,0.21,66461.53846153847,316.97472176176115
0.19,0.21,66461.53846153847,317.16162897865576
0.21,0.21,66461.53846153847,317.16162897865576
0.23,0.21,66461.53846153847,316.9747217617612
0.25,0.21,66461.53846153847,316.6023066248296
0.27,0.21,66461.53846153847,316.0470430292812
0.29,0.21,66461.53846153847,315.3125524411833
0.31,0.21,66461.53846153847,314.4029142647967
0.33,0.21,66461.53846153847,313.3218654014984
0.35,0.21,66461.53846153847,312.0715382300347
0.37,0.21,66461.53846153847,310.65044288660664
0.39,0.21,66461.53846153847,309.05017211298616
0.01,0.23,66461.53846153847,309.03558439568127
0.03,0.23,66461.53846153847,310.6068980974317
0.05,0.23,66461.53846153847,311.9999289056637
0.07,0.23,66461.53846153847,313.22387049081425
0.09,0.23,66461.53846153847,314.28096562333803
0.11,0.23,66461.53846153847,315.16973072697726
0.13,0.23,66461.53846153847,315.88695002780787
0.15,0.23,66461.53846153847,316.4289390608201
0.17,0.23,66461.53846153847,316.79235663394115
0.19,0.23,66461.53846153847,316.97472176176115
0.21,0.23,66461.53846153847,316.9747217617612
0.23,0.23,66461.53846153847,316.79235663394115
0.25,0.23,66461.53846153847,316.4289390608201
0.27,0.23,66461.53846153847,315.8869500278079
0.29,0.23,66461.53846153847,315.1697307269773
0.31,0.23,66461.53846153847,314.28096562333803
0.33,0.23,66461.53846153847,313.22387049081425
0.35,0.23,66461.53846153847,311.9999289056637
0.37,0.23,66461.53846153847,310.6068980974317
0.39,0.23,66461.53846153847,309.03558439568127
0.01,0.25,66461.53846153847,309.006397073311
0.03,0.25,66461.53846153847,310.51979830625504
0.05,0.25,66461.53846153847,311.85676731344887
0.07,0.25,66461.53846153847,313.0280847732715
0.09,0.25,66461.53846153847,314.0374869967856
0.11,0.25,66461.53846153847,314.88475847177324
0.13,0.25,66461.53846153847,315.56768983167245
0.15,0.25,66461.53846153847,316.0833526298667
0.17,0.25,66461.53846153847,316.42893906082
0.19,0.25,66461.53846153847,316.6023066248295
0.21,0.25,66461.53846153847,316.6023066248295
0.23,0.25,66461.53846153847,316.42893906082
0.25,0.25,66461.53846153847,316.0833526298667
0.27,0.25,66461.53846153847,315.5676898316725
0.29,0.25,66461.53846153847,314.8847584717733
0.31,0.25,66461.53846153847,314.0374869967857
0.33,0.25,66461.53846153847,313.0280847732716
0.35,0.25,66461.53846153847,311.8567673134489
0.37,0.25,66461.53846153847,310.519798306255
0.39,0.25,66461.53846153847,309.006397073311
0.01,0.27,66461.53846153847,308.9625355593996
0.03,0.27,66461.53846153847,310.3889859293814
0.05,0.27,66461.53846153847,311.6419777842144
0.07,0.27,66461.53846153847,312.7347078965577
0.09,0.27,66461.53846153847,313.6731116970671
0.11,0.27,66461.53846153847,314.4587898014014
0.13,0.27,66461.53846153847,315.0909438652279
0.15,0.27,66461.53846153847,315.56768983167245
0.17,0.27,66461.53846153847,315.8869500278078
0.19,0.27,66461.53846153847,316.0470430292812
0.21,0.27,66461.53846153847,316.0470430292812
0.23,0.27,66461.53846153847,315.8869500278078
0.25,0.27,66461.53846153847,315.56768983167245
0.27,0.27,66461.53846153847,315.0909438652279
0.29,0.27,66461.53846153847,314.45878980140145
0.31,0.27,66461.53846153847,313.6731116970672
0.33,0.27,66461.53846153847,312.7347078965578
0.35,0.27,66461.53846153847,311.6419777842144
0.37,0.27,66461.53846153847,310.3889859293814
0.39,0.27,66461.53846153847,308.9625355593996
0.01,0.29,66461.53846153847,308.9037447076935
0.03,0.29,66461.53846153847,310.2138438742574
0.05,0.29,66461.53846153847,311.3549304157699
0.07,0.29,66461.53846153847,312.34348234242725
0.09,0.29,66461.53846153847,313.18825240242063
0.11,0.29,66461.53846153847,313.8930638443884
0.13,0.29,66461.53846153847,314.4587898014014
0.15,0.29,66461.53846153847,314.88475847177324
0.17,0.29,66461.53846153847,315.1697307269772
0.19,0.29,66461.53846153847,315.31255244118324
0.21,0.29,66461.53846153847,315.31255244118324
0.23,0.29,66461.53846153847,315.16973072697726
0.25,0.29,66461.53846153847,314.8847584717732
0.27,0.29,66461.53846153847,314.4587898014014
0.29,0.29,66461.53846153847,313.89306384438845
0.31,0.29,66461.53846153847,313.1882524024207
0.33,0.29,66461.53846153847,312.34348234242725
0.35,0.29,66461.53846153847,311.3549304157699
0.37,0.29,66461.53846153847,310.2138438742573
0.39,0.29,66461.53846153847,308.9037447076934
0.01,0.31,66461.53846153847,308.8293601623527
0.03,0.31,66461.53846153847,309.9927141697692
0.05,0.31,66461.53846153847,310.99369143673346
0.07,0.31,66461.53846153847,311.85292039050506
0.09,0.31,66461.53846153847,312.5823784929256
0.11,0.31,66461.53846153847,313.18825240242063
0.13,0.31,66461.53846153847,313.67311169706704
0.15,0.31,66461.53846153847,314.0374869967856
0.17,0.31,66461.53846153847,314.2809656233379
0.19,0.31,66461.53846153847,314.4029142647968
0.21,0.31,66461.53846153847,314.4029142647967
0.23,0.31,66461.53846153847,314.280965623338
0.25,0.31,66461.53846153847,314.0374869967856
0.27,0.31,66461.53846153847,313.6731116970671
0.29,0.31,66461.53846153847,313.1882524024207
0.31,0.31,66461.53846153847,312.58237849292567
0.33,0.31,66461.53846153847,311.852920390505
0.35,0.31,66461.53846153847,310.99369143673346
0.37,0.31,66461.53846153847,309.9927141697692
0.39,0.31,66461.53846153847,308.8293601623527
0.01,0.33,66461.53846153847,308.7378596421612
0.03,0.33,66461.53846153847,309.72184521093743
0.05,0.33,66461.53846153847,310.55376703614104
0.07,0.33,66461.53846153847,311.2590868199619
0.09,0.33,66461.53846153847,311.852920390505
0.11,0.33,66461.53846153847,312.3434823424272
0.13,0.33,66461.53846153847,312.7347078965577
0.15,0.33,66461.53846153847,313.0280847732714
0.17,0.33,66461.53846153847,313.2238704908142
0.19,0.33,66461.53846153847,313.3218654014984
0.21,0.33,66461.53846153847,313.3218654014984
0.23,0.33,66461.53846153847,313.22387049081425
0.25,0.33,66461.53846153847,313.0280847732715
0.27,0.33,66461.53846153847,312.73470789655767
0.29,0.33,66461.53846153847,312.34348234242725
0.31,0.33,66461.53846153847,311.852920390505
0.33,0.33,66461.53846153847,311.2590868199619
0.35,0.33,66461.53846153847,310.55376703614104
0.37,0.33,66461.53846153847,309.72184521093743
0.39,0.33,66461.53846153847,308.73785964216125
0.01,0.35,66461.53846153847,308.62589067092665
0.03,0.35,66461.53846153847,309.39343329255394
0.05,0.35,66461.53846153847,310.0260381492223
0.07,0.35,66461.53846153847,310.553767036141
0.09,0.35,66461.53846153847,310.9936914367334
0.11,0.35,66461.53846153847,311.35493041576984
0.13,0.35,66461.53846153847,311.6419777842144
0.15,0.35,66461.53846153847,311.85676731344887
0.17,0.35,66461.53846153847,311.9999289056637
0.19,0.35,66461.53846153847,312.0715382300347
0.21,0.35,66461.53846153847,312.0715382300347
0.23,0.35,66461.53846153847,311.9999289056637
0.25,0.35,66461.53846153847,311.85676731344887
0.27,0.35,66461.53846153847,311.6419777842144
0.29,0.35,66461.53846153847,311.3549304157699
0.31,0.35,66461.53846153847,310.99369143673346
0.33,0.35,66461.53846153847,310.553767036141
0.35,0.35,66461.53846153847,310.02603814922225
0.37,0.35,66461.53846153847,309.39343329255394
0.39,0.35,66461.53846153847,308.62589067092665
0.01,0.37,66461.53846153847,308.4857917462118
0.03,0.37,66461.53846153847,308.9918095360515
0.05,0.37,66461.53846153847,309.39343329255394
0.07,0.37,66461.53846153847,309.72184521093743
0.09,0.37,66461.53846153847,309.9927141697692
0.11,0.37,66461.53846153847,310.2138438742573
0.13,0.37,66461.53846153847,310.3889859293814
0.15,0.37,66461.53846153847,310.519798306255
0.17,0.37,66461.53846153847,310.6068980974318
0.19,0.37,66461.53846153847,310.65044288660664
0.21,0.37,66461.53846153847,310.65044288660664
0.23,0.37,66461.53846153847,310.6068980974318
0.25,0.37,66461.53846153847,310.519798306255
0.27,0.37,66461.53846153847,310.3889859293814
0.29,0.37,66461.53846153847,310.2138438742574
0.31,0.37,66461.53846153847,309.9927141697692
0.33,0.37,66461.53846153847,309.72184521093743
0.35,0.37,66461.53846153847,309.39343329255394
0.37,0.37,66461.53846153847,308.9918095360515
0.39,0.37,66461.53846153847,308.4857917462118
0.01,0.39,66461.53846153847,308.2979120890892
0.03,0.39,66461.53846153847,308.4857917462118
0.05,0.39,66461.53846153847,308.62589067092665
0.07,0.39,66461.53846153847,308.7378596421613
0.09,0.39,66461.53846153847,308.8293601623528
0.11,0.39,66461.53846153847,308.9037447076935
0.13,0.39,66461.53846153847,308.9625355593996
0.15,0.39,66461.53846153847,309.006397073311
0.17,0.39,66461.53846153847,309.03558439568127
0.19,0.39,66461.53846153847,309.05017211298616
0.21,0.39,66461.53846153847,309.05017211298616
0.23,0.39,66461.53846153847,309.0355843956813
0.25,0.39,66461.53846153847,309.006397073311
0.27,0.39,66461.53846153847,308.9625355593996
0.29,0.39,66461.53846153847,308.9037447076935
0.31,0.39,66461.53846153847,308.8293601623528
0.33,0.39,66461.53846153847,308.73785964216125
0.35,0.39,66461.53846153847,308.62589067092665
0.37,0.39,66461.53846153847,308.4857917462118
0.39,0.39,66461.53846153847,308.29791208908927
0.01,0.01,68307.69230769231,308.2910886066621
0.03,0.01,68307.69230769231,308.4691443516363
0.05,0.01,68307.69230769231,308.60120449035145
0.07,0.01,68307.69230769231,308.7063137416093
0.09,0.01,68307.69230769231,308.7919439155878
0.11,0.01,68307.69230769231,308.8613989899496
0.13,0.01,68307.69230769231,308.9162049889291
0.15,0.01,68307.69230769231,308.9570478271533
0.17,0.01,68307.69230769231,308.9842066481925
0.19,0.01,68307.69230769231,308.99777499431804
0.21,0.01,68307.69230769231,308.9977749943181
0.23,0.01,68307.69230769231,308.9842066481925
0.25,0.01,68307.69230769231,308.9570478271533
0.27,0.01,68307.69230769231,308.9162049889292
0.29,0.01,68307.69230769231,308.8613989899496
0.31,0.01,68307.69230769231,308.7919439155878
0.33,0.01,68307.69230769231,308.7063137416093
0.35,0.01,68307.69230769231,308.6012044903515
0.37,0.01,68307.69230769231,308.4691443516364
0.39,0.01,68307.69230769231,308.2910886066621
0.01,0.03,68307.69230769231,308.4691443516363
0.03,0.03,68307.69230769231,308.9477709814922
0.05,0.03,68307.69230769231,309.3259911583231
0.07,0.03,68307.69230769231,309.6341456381724
0.09,0.03,68307.69230769231,309.8875895133918
0.11,0.03,68307.69230769231,310.094057121818
0.13,0.03,68307.69230769231,310.25733662121
0.15,0.03,68307.69230769231,310.3791594479108
0.17,0.03,68307.69230769231,310.4602175425703
0.19,0.03,68307.69230769231,310.5007260783332
0.21,0.03,68307.69230769231,310.5007260783332
0.23,0.03,68307.69230769231,310.4602175425703
0.25,0.03,68307.69230769231,310.37915944791087
0.27,0.03,68307.69230769231,310.25733662121
0.29,0.03,68307.69230769231,310.094057121818
0.31,0.03,68307.69230769231,309.8875895133918
0.33,0.03,68307.69230769231,309.63414563817247
0.35,0.03,68307.69230769231,309.3259911583232
0.37,0.03,68307.69230769231,308.9477709814923
0.39,0.03,68307.69230769231,308.46914435163626
0.01,0.05,68307.69230769231,308.60120449035145
0.03,0.05,68307.69230769231,309.3259911583231
0.05,0.05,68307.69230769231,309.92111462407536
0.07,0.05,68307.69230769231,310.4160005185406
0.09,0.05,68307.69230769231,310.82750759426835
0.11,0.05,68307.69230769231,311.1647667320134
0.13,0.05,68307.69230769231,311.43238552019847
0.15,0.05,68307.69230769231,311.6324416578321
0.17,0.05,68307.69230769231,311.7656979158655
0.19,0.05,68307.69230769231,311.8323285784156
0.21,0.05,68307.69230769231,311.8323285784156
0.23,0.05,68307.69230769231,311.7656979158655
0.25,0.05,68307.69230769231,311.63244165783215
0.27,0.05,68307.69230769231,311.4323855201985
0.29,0.05,68307.69230769231,311.1647667320134
0.31,0.05,68307.69230769231,310.82750759426835
0.33,0.05,68307.69230769231,310.41600051854067
0.35,0.05,68307.69230769231,309.92111462407547
0.37,0.05,68307.69230769231,309.3259911583232
0.39,0.05,68307.69230769231,308.6012044903515
0.01,0.07,68307.69230769231,308.7063137416092
0.03,0.07,68307.69230769231,309.6341456381724
0.05,0.07,68307.69230769231,310.41600051854056
0.07,0.07,68307.69230769231,311.0770210862656
0.09,0.07,68307.69230769231,311.6323174097764
0.11,0.07,68307.69230769231,312.0902632817727
0.13,0.07,68307.69230769231,312.4550202604386
0.15,0.07,68307.69230769231,312.7283074240213
0.17,0.07,68307.69230769231,312.9105804671413
0.19,0.07,68307.69230769231,313.001782070173
0.21,0.07,68307.69230769231,313.001782070173
0.23,0.07,68307.69230769231,312.9105804671413
0.25,0.07,68307.69230769231,312.7283074240213
0.27,0.07,68307.69230769231,312.4550202604386
0.29,0.07,68307.69230769231,312.0902632817728
0.31,0.07,68307.69230769231,311.6323174097764
0.33,0.07,68307.69230769231,311.0770210862657
0.35,0.07,68307.69230769231,310.41600051854067
0.37,0.07,68307.69230769231,309.6341456381725
0.39,0.07,68307.69230769231,308.7063137416093
0.01,0.09,68307.69230769231,308.7919439155878
0.03,0.09,68307.69230769231,309.8875895133918
0.05,0.09,68307.69230769231,310.8275075942683
0.07,0.09,68307.69230769231,311.6323174097763
0.09,0.09,68307.69230769231,312.3142233022054
0.11,0.09,68307.69230769231,312.8797437775698
0.13,0.09,68307.69230769231,313.33180387298734
0.15,0.09,68307.69230769231,313.6712617263622
0.17,0.09,68307.69230769231,313.8979718727447
0.19,0.09,68307.69230769231,314.0114882208531
0.21,0.09,68307.69230769231,314.0114882208531
0.23,0.09,68307.69230769231,313.8979718727447
0.25,0.09,68307.69230769231,313.6712617263623
0.27,0.09,68307.69230769231,313.3318038729874
0.29,0.09,68307.69230769231,312.87974377756984
0.31,0.09,68307.69230769231,312.31422330220545
0.33,0.09,68307.69230769231,311.6323174097764
0.35,0.09,68307.69230769231,310.8275075942684
0.37,0.09,68307.69230769231,309.88758951339184
0.39,0.09,68307.69230769231,308.7919439155878
0.01,0.11,68307.69230769231,308.8613989899496
0.03,0.11,68307.69230769231,310.094057121818
0.05,0.11,68307.69230769231,311.1647667320133
0.07,0.11,68307.69230769231,312.09026328177265
0.09,0.11,68307.69230769231,312.8797437775698
0.11,0.11,68307.69230769231,313.53753209394586
0.13,0.11,68307.69230769231,314.06498493411533
0.15,0.11,68307.69230769231,314.4618530795647
0.17,0.11,68307.69230769231,314.72723211547367
0.19,0.11,68307.69230769231,314.8601985361079
0.21,0.11,68307.69230769231,314.8601985361079
0.23,0.11,68307.69230769231,314.7272321154737
0.25,0.11,68307.69230769231,314.4618530795648
0.27,0.11,68307.69230769231,314.06498493411533
0.29,0.11,68307.69230769231,313.53753209394586
0.31,0.11,68307.69230769231,312.87974377756984
0.33,0.11,68307.69230769231,312.0902632817728
0.35,0.11,68307.69230769231,311.1647667320134
0.37,0.11,68307.69230769231,310.094057121818
0.39,0.11,68307.69230769231,308.8613989899496
0.01,0.13,68307.69230769231,308.9162049889291
0.03,0.13,68307.69230769231,310.25733662121
0.05,0.13,68307.69230769231,311.4323855201984
0.07,0.13,68307.69230769231,312.45502026043846
0.09,0.13,68307.69230769231,313.3318038729874
0.11,0.13,68307.69230769231,314.06498493411533
0.13,0.13,68307.69230769231,314.6543627359894
0.15,0.13,68307.69230769231,315.098561134283
0.17,0.13,68307.69230769231,315.39589781004645
0.19,0.13,68307.69230769231,315.54496086124226
0.21,0.13,68307.69230769231,315.54496086124226
0.23,0.13,68307.69230769231,315.39589781004645
0.25,0.13,68307.69230769231,315.098561134283
0.27,0.13,68307.69230769231,314.6543627359894
0.29,0.13,68307.69230769231,314.06498493411533
0.31,0.13,68307.69230769231,313.3318038729874
0.33,0.13,68307.69230769231,312.4550202604386
0.35,0.13,68307.69230769231,311.43238552019847
0.37,0.13,68307.69230769231,310.25733662121
0.39,0.13,68307.69230769231,308.9162049889291
0.01,0.15,68307.69230769231,308.9570478271533
0.03,0.15,68307.69230769231,310.3791594479108
0.05,0.15,68307.69230769231,311.6324416578321
0.07,0.15,68307.69230769231,312.7283074240213
0.09,0.15,68307.69230769231,313.6712617263623
0.11,0.15,68307.69230769231,314.4618530795648
0.13,0.15,68307.69230769231,315.09856113428305
0.15,0.15,68307.69230769231,315.5790343998412
0.17,0.15,68307.69230769231,315.90090972310185
0.19,0.15,68307.69230769231,316.0623458017569
0.21,0.15,68307.69230769231,316.06234580175686
0.23,0.15,68307.69230769231,315.90090972310173
0.25,0.15,68307.69230769231,315.57903439984113
0.27,0.15,68307.69230769231,315.098561134283
0.29,0.15,68307.69230769231,314.4618530795648
0.31,0.15,68307.69230769231,313.6712617263623
0.33,0.15,68307.69230769231,312.7283074240213
0.35,0.15,68307.69230769231,311.63244165783215
0.37,0.15,68307.69230769231,310.37915944791087
0.39,0.15,68307.69230769231,308.95704782715336
0.01,0.17,68307.69230769231,308.9842066481925
0.03,0.17,68307.69230769231,310.46021754257026
0.05,0.17,68307.69230769231,311.7656979158654
0.07,0.17,68307.69230769231,312.91058046714136
0.09,0.17,68307.69230769231,313.8979718727447
0.11,0.17,68307.69230769231,314.7272321154737
0.13,0.17,68307.69230769231,315.3958978100465
0.15,0.17,68307.69230769231,315.90090972310185
0.17,0.17,68307.69230769231,316.2394059522641
0.19,0.17,68307.69230769231,316.4092290187557
0.21,0.17,68307.69230769231,316.40922901875564
0.23,0.17,68307.69230769231,316.23940595226406
0.25,0.17,68307.69230769231,315.90090972310173
0.27,0.17,68307.69230769231,315.3958978100464
0.29,0.17,68307.69230769231,314.72723211547367
0.31,0.17,68307.69230769231,313.8979718727447
0.33,0.17,68307.69230769231,312.9105804671413
0.35,0.17,68307.69230769231,311.7656979158654
0.37,0.17,68307.69230769231,310.46021754257026
0.39,0.17,68307.69230769231,308.9842066481925
0.01,0.19,68307.69230769231,308.9977749943181
0.03,0.19,68307.69230769231,310.5007260783332
0.05,0.19,68307.69230769231,311.8323285784156
0.07,0.19,68307.69230769231,313.001782070173
0.09,0.19,68307.69230769231,314.0114882208531
0.11,0.19,68307.69230769231,314.860198536108
0.13,0.19,68307.69230769231,315.5449608612423
0.15,0.19,68307.69230769231,316.0623458017569
0.17,0.19,68307.69230769231,316.40922901875564
0.19,0.19,68307.69230769231,316.58328606785955
0.21,0.19,68307.69230769231,316.58328606785955
0.23,0.19,68307.69230769231,316.40922901875564
0.25,0.19,68307.69230769231,316.0623458017569
0.27,0.19,68307.69230769231,315.54496086124226
0.29,0.19,68307.69230769231,314.8601985361079
0.31,0.19,68307.69230769231,314.0114882208531
0.33,0.19,68307.69230769231,313.001782070173
0.35,0.19,68307.69230769231,311.8323285784156
0.37,0.19,68307.69230769231,310.5007260783332
0.39,0.19,68307.69230769231,308.99777499431804
0.01,0.21,68307.69230769231,308.99777499431804
0.03,0.21,68307.69230769231,310.5007260783332
0.05,0.21,68307.69230769231,311.8323285784156
0.07,0.21,68307.69230769231,313.001782070173
0.09,0.21,68307.69230769231,314.01148822085315
0.11,0.21,68307.69230769231,314.8601985361079
0.13,0.21,68307.69230769231,315.5449608612423
0.15,0.21,68307.69230769231,316.0623458017569
0.17,0.21,68307.69230769231,316.40922901875564
0.19,0.21,68307.69230769231,316.5832860678595
0.21,0.21,68307.69230769231,316.5832860678595
0.23,0.21,68307.69230769231,316.40922901875564
0.25,0.21,68307.69230769231,316.0623458017569
0.27,0.21,68307.69230769231,315.5449608612423
0.29,0.21,68307.69230769231,314.8601985361079
0.31,0.21,68307.69230769231,314.0114882208531
0.33,0.21,68307.69230769231,313.001782070173
0.35,0.21,68307.69230769231,311.8323285784156
0.37,0.21,68307.69230769231,310.5007260783332
0.39,0.21,68307.69230769231,308.99777499431804
0.01,0.23,68307.69230769231,308.9842066481926
0.03,0.23,68307.69230769231,310.4602175425703
0.05,0.23,68307.69230769231,311.7656979158655
0.07,0.23,68307.69230769231,312.91058046714136
0.09,0.23,68307.69230769231,313.89797187274473
0.11,0.23,68307.69230769231,314.7272321154737
0.13,0.23,68307.69230769231,315.3958978100465
0.15,0.23,68307.69230769231,315.9009097231018
0.17,0.23,68307.69230769231,316.239405952264
0.19,0.23,68307.69230769231,316.40922901875564
0.21,0.23,68307.69230769231,316.40922901875564
0.23,0.23,68307.69230769231,316.239405952264
0.25,0.23,68307.69230769231,315.9009097231018
0.27,0.23,68307.69230769231,315.3958978100465
0.29,0.23,68307.69230769231,314.7272321154737
0.31,0.23,68307.69230769231,313.89797187274473
0.33,0.23,68307.69230769231,312.91058046714136
0.35,0.23,68307.69230769231,311.7656979158655
0.37,0.23,68307.69230769231,310.4602175425703
0.39,0.23,68307.69230769231,308.9842066481925
0.01,0.25,68307.69230769231,308.95704782715336
0.03,0.25,68307.69230769231,310.3791594479109
0.05,0.25,68307.69230769231,311.63244165783215
0.07,0.25,68307.69230769231,312.7283074240213
0.09,0.25,68307.69230769231,313.6712617263623
0.11,0.25,68307.69230769231,314.4618530795648
0.13,0.25,68307.69230769231,315.098561134283
0.15,0.25,68307.69230769231,315.5790343998412
0.17,0.25,68307.69230769231,315.90090972310173
0.19,0.25,68307.69230769231,316.06234580175686
0.21,0.25,68307.69230769231,316.06234580175686
0.23,0.25,68307.69230769231,315.90090972310173
0.25,0.25,68307.69230769231,315.5790343998412
0.27,0.25,68307.69230769231,315.09856113428305
0.29,0.25,68307.69230769231,314.46185307956483
0.31,0.25,68307.69230769231,313.6712617263624
0.33,0.25,68307.69230769231,312.7283074240213
0.35,0.25,68307.69230769231,311.63244165783215
0.37,0.25,68307.69230769231,310.37915944791087
0.39,0.25,68307.69230769231,308.9570478271533
0.01,0.27,68307.69230769231,308.9162049889292
0.03,0.27,68307.69230769231,310.2573366212101
0.05,0.27,68307.69230769231,311.4323855201985
0.07,0.27,68307.69230769231,312.4550202604386
0.09,0.27,68307.69230769231,313.3318038729874
0.11,0.27,68307.69230769231,314.06498493411533
0.13,0.27,68307.69230769231,314.6543627359895
0.15,0.27,68307.69230769231,315.098561134283
0.17,0.27,68307.69230769231,315.39589781004645
0.19,0.27,68307.69230769231,315.5449608612423
0.21,0.27,68307.69230769231,315.54496086124226
0.23,0.27,68307.69230769231,315.39589781004645
0.25,0.27,68307.69230769231,315.098561134283
0.27,0.27,68307.69230769231,314.6543627359895
0.29,0.27,68307.69230769231,314.0649849341154
0.31,0.27,68307.69230769231,313.33180387298745
0.33,0.27,68307.69230769231,312.45502026043863
0.35,0.27,68307.69230769231,311.4323855201985
0.37,0.27,68307.69230769231,310.25733662121
0.39,0.27,68307.69230769231,308.9162049889291
0.01,0.29,68307.69230769231,308.86139898994963
0.03,0.29,68307.69230769231,310.094057121818
0.05,0.29,68307.69230769231,311.16476673201333
0.07,0.29,68307.69230769231,312.0902632817728
0.09,0.29,68307.69230769231,312.87974377756984
0.11,0.29,68307.69230769231,313.53753209394586
0.13,0.29,68307.69230769231,314.06498493411533
0.15,0.29,68307.69230769231,314.4618530795648
0.17,0.29,68307.69230769231,314.7272321154737
0.19,0.29,68307.69230769231,314.860198536108
0.21,0.29,68307.69230769231,314.8601985361079
0.23,0.29,68307.69230769231,314.72723211547367
0.25,0.29,68307.69230769231,314.4618530795648
0.27,0.29,68307.69230769231,314.06498493411533
0.29,0.29,68307.69230769231,313.53753209394586
0.31,0.29,68307.69230769231,312.8797437775699
0.33,0.29,68307.69230769231,312.0902632817727
0.35,0.29,68307.69230769231,311.16476673201333
0.37,0.29,68307.69230769231,310.094057121818
0.39,0.29,68307.69230769231,308.8613989899495
0.01,0.31,68307.69230769231,308.79194391558786
0.03,0.31,68307.69230769231,309.8875895133918
0.05,0.31,68307.69230769231,310.82750759426835
0.07,0.31,68307.69230769231,311.6323174097764
0.09,0.31,68307.69230769231,312.31422330220545
0.11,0.31,68307.69230769231,312.87974377756984
0.13,0.31,68307.69230769231,313.3318038729874
0.15,0.31,68307.69230769231,313.6712617263623
0.17,0.31,68307.69230769231,313.8979718727447
0.19,0.31,68307.69230769231,314.01148822085315
0.21,0.31,68307.69230769231,314.01148822085315
0.23,0.31,68307.69230769231,313.8979718727447
0.25,0.31,68307.69230769231,313.6712617263623
0.27,0.31,68307.69230769231,313.3318038729874
0.29,0.31,68307.69230769231,312.87974377756984
0.31,0.31,68307.69230769231,312.31422330220545
0.33,0.31,68307.69230769231,311.6323174097764
0.35,0.31,68307.69230769231,310.82750759426835
0.37,0.31,68307.69230769231,309.8875895133918
0.39,0.31,68307.69230769231,308.7919439155878
0.01,0.33,68307.69230769231,308.7063137416093
0.03,0.33,68307.69230769231,309.63414563817247
0.05,0.33,68307.69230769231,310.4160005185406
0.07,0.33,68307.69230769231,311.07702108626563
0.09,0.33,68307.69230769231,311.6323174097764
0.11,0.33,68307.69230769231,312.0902632817727
0.13,0.33,68307.69230769231,312.4550202604385
0.15,0.33,68307.69230769231,312.7283074240213
0.17,0.33,68307.69230769231,312.9105804671413
0.19,0.33,68307.69230769231,313.001782070173
0.21,0.33,68307.69230769231,313.0017820701731
0.23,0.33,68307.69230769231,312.91058046714136
0.25,0.33,68307.69230769231,312.7283074240213
0.27,0.33,68307.69230769231,312.4550202604385
0.29,0.33,68307.69230769231,312.0902632817727
0.31,0.33,68307.69230769231,311.6323174097764
0.33,0.33,68307.69230769231,311.07702108626563
0.35,0.33,68307.69230769231,310.4160005185406
0.37,0.33,68307.69230769231,309.6341456381724
0.39,0.33,68307.69230769231,308.7063137416092
0.01,0.35,68307.69230769231,308.6012044903515
0.03,0.35,68307.69230769231,309.3259911583231
0.05,0.35,68307.69230769231,309.9211146240754
0.07,0.35,68307.69230769231,310.41600051854067
0.09,0.35,68307.69230769231,310.8275075942683
0.11,0.35,68307.69230769231,311.16476673201333
0.13,0.35,68307.69230769231,311.43238552019847
0.15,0.35,68307.69230769231,311.6324416578321
0.17,0.35,68307.69230769231,311.7656979158655
0.19,0.35,68307.69230769231,311.8323285784156
0.21,0.35,68307.69230769231,311.8323285784156
0.23,0.35,68307.69230769231,311.7656979158656
0.25,0.35,68307.69230769231,311.63244165783215
0.27,0.35,68307.69230769231,311.43238552019847
0.29,0.35,68307.69230769231,311.1647667320133
0.31,0.35,68307.69230769231,310.8275075942683
0.33,0.35,68307.69230769231,310.4160005185406
0.35,0.35,68307.69230769231,309.9211146240754
0.37,0.35,68307.69230769231,309.3259911583231
0.39,0.35,68307.69230769231,308.60120449035145
0.01,0.37,68307.69230769231,308.4691443516364
0.03,0.37,68307.69230769231,308.9477709814922
0.05,0.37,68307.69230769231,309.3259911583231
0.07,0.37,68307.69230769231,309.63414563817247
0.09,0.37,68307.69230769231,309.8875895133918
0.11,0.37,68307.69230769231,310.094057121818
0.13,0.37,68307.69230769231,310.25733662121
0.15,0.37,68307.69230769231,310.3791594479108
0.17,0.37,68307.69230769231,310.46021754257026
0.19,0.37,68307.69230769231,310.5007260783332
0.21,0.37,68307.69230769231,310.5007260783332
0.23,0.37,68307.69230769231,310.4602175425703
0.25,0.37,68307.69230769231,310.37915944791087
0.27,0.37,68307.69230769231,310.25733662121
0.29,0.37,68307.69230769231,310.094057121818
0.31,0.37,68307.69230769231,309.8875895133918
0.33,0.37,68307.69230769231,309.63414563817247
0.35,0.37,68307.69230769231,309.3259911583231
0.37,0.37,68307.69230769231,308.9477709814922
0.39,0.37,68307.69230769231,308.46914435163626
0.01,0.39,68307.69230769231,308.2910886066621
0.03,0.39,68307.69230769231,308.4691443516363
0.05,0.39,68307.69230769231,308.6012044903515
0.07,0.39,68307.69230769231,308.7063137416093
0.09,0.39,68307.69230769231,308.7919439155878
0.11,0.39,68307.69230769231,308.8613989899496
0.13,0.39,68307.69230769231,308.9162049889292
0.15,0.39,68307.69230769231,308.9570478271533
0.17,0.39,68307.69230769231,308.9842066481925
0.19,0.39,68307.69230769231,308.99777499431804
0.21,0.39,68307.69230769231,308.99777499431804
0.23,0.39,68307.69230769231,308.9842066481925
0.25,0.39,68307.69230769231,308.9570478271533
0.27,0.39,68307.69230769231,308.9162049889291
0.29,0.39,68307.69230769231,308.8613989899496
0.31,0.39,68307.69230769231,308.79194391558786
0.33,0.39,68307.69230769231,308.7063137416093
0.35,0.39,68307.69230769231,308.6012044903515
0.37,0.39,68307.69230769231,308.46914435163626
0.39,0.39,68307.69230769231,308.2910886066621
0.01,0.01,70153.84615384616,308.28473033748054
0.03,0.01,70153.84615384616,308.45365952941296
0.05,0.01,70153.84615384616,308.57826446488565
0.07,0.01,70153.84615384616,308.67701735336937
0.09,0.01,70153.84615384616,308.7572096655122
0.11,0.01,70153.84615384616,308.82209854755325
0.13,0.01,70153.84615384616,308.873212913341
0.15,0.01,70153.84615384616,308.91125872450465
0.17,0.01,70153.84615384616,308.9365376903694
0.19,0.01,70153.84615384616,308.9491612606927
0.21,0.01,70153.84615384616,308.9491612606927
0.23,0.01,70153.84615384616,308.9365376903694
0.25,0.01,70153.84615384616,308.91125872450465
0.27,0.01,70153.84615384616,308.873212913341
0.29,0.01,70153.84615384616,308.82209854755325
0.31,0.01,70153.84615384616,308.7572096655122
0.33,0.01,70153.84615384616,308.6770173533694
0.35,0.01,70153.84615384616,308.57826446488565
0.37,0.01,70153.84615384616,308.453659529413
0.39,0.01,70153.84615384616,308.2847303374806
0.01,0.03,70153.84615384616,308.45365952941296
0.03,0.03,70153.84615384616,308.9068572882576
0.05,0.03,70153.84615384616,309.2633773051411
0.07,0.03,70153.84615384616,309.55276058605654
0.09,0.03,70153.84615384616,309.7900612949087
0.11,0.03,70153.84615384616,309.98294505580856
0.13,0.03,70153.84615384616,310.13523270447206
0.15,0.03,70153.84615384616,310.24872423826145
0.17,0.03,70153.84615384616,310.3241820901551
0.19,0.03,70153.84615384616,310.36187590271754
0.21,0.03,70153.84615384616,310.3618759027175
0.23,0.03,70153.84615384616,310.32418209015515
0.25,0.03,70153.84615384616,310.24872423826145
0.27,0.03,70153.84615384616,310.1352327044721
0.29,0.03,70153.84615384616,309.9829450558086
0.31,0.03,70153.84615384616,309.79006129490875
0.33,0.03,70153.84615384616,309.5527605860566
0.35,0.03,70153.84615384616,309.2633773051411
0.37,0.03,70153.84615384616,308.90685728825764
0.39,0.03,70153.84615384616,308.453659529413
0.01,0.05,70153.84615384616,308.57826446488565
0.03,0.05,70153.84615384616,309.2633773051411
0.05,0.05,70153.84615384616,309.82375273720214
0.07,0.05,70153.84615384616,310.28820385466724
0.09,0.05,70153.84615384616,310.67337995728155
0.11,0.05,70153.84615384616,310.9884176752528
0.13,0.05,70153.84615384616,311.23802914065914
0.15,0.05,70153.84615384616,311.42442679761814
0.17,0.05,70153.84615384616,311.5484987200398
0.19,0.05,70153.84615384616,311.610512554223
0.21,0.05,70153.84615384616,311.6105125542231
0.23,0.05,70153.84615384616,311.54849872003985
0.25,0.05,70153.84615384616,311.4244267976182
0.27,0.05,70153.84615384616,311.2380291406592
0.29,0.05,70153.84615384616,310.98841767525283
0.31,0.05,70153.84615384616,310.6733799572816
0.33,0.05,70153.84615384616,310.28820385466736
0.35,0.05,70153.84615384616,309.8237527372022
0.37,0.05,70153.84615384616,309.2633773051411
0.39,0.05,70153.84615384616,308.5782644648856
0.01,0.07,70153.84615384616,308.67701735336937
0.03,0.07,70153.84615384616,309.55276058605654
0.05,0.07,70153.84615384616,310.28820385466724
0.07,0.07,70153.84615384616,310.9081703709179
0.09,0.07,70153.84615384616,311.4277523699614
0.11,0.07,70153.84615384616,311.8554665164179
0.13,0.07,70153.84615384616,312.19568427721833
0.15,0.07,70153.84615384616,312.45034177861913
0.17,0.07,70153.84615384616,312.6200817697125
0.19,0.07,70153.84615384616,312.70498175601057
0.21,0.07,70153.84615384616,312.70498175601057
0.23,0.07,70153.84615384616,312.62008176971256
0.25,0.07,70153.84615384616,312.4503417786192
0.27,0.07,70153.84615384616,312.1956842772184
0.29,0.07,70153.84615384616,311.855466516418
0.31,0.07,70153.84615384616,311.4277523699615
0.33,0.07,70153.84615384616,310.908170370918
0.35,0.07,70153.84615384616,310.2882038546673
0.37,0.07,70153.84615384616,309.5527605860566
0.39,0.07,70153.84615384616,308.67701735336937
0.01,0.09,70153.84615384616,308.7572096655122
0.03,0.09,70153.84615384616,309.7900612949087
0.05,0.09,70153.84615384616,310.6733799572815
0.07,0.09,70153.84615384616,311.4277523699614
0.09,0.09,70153.84615384616,312.0655813924552
0.11,0.09,70153.84615384616,312.59368965429604
0.13,0.09,70153.84615384616,313.0153332414673
0.15,0.09,70153.84615384616,313.3316779447003
0.17,0.09,70153.84615384616,313.54283064355155
0.19,0.09,70153.84615384616,313.6485226478195
0.21,0.09,70153.84615384616,313.6485226478195
0.23,0.09,70153.84615384616,313.54283064355155
0.25,0.09,70153.84615384616,313.33167794470035
0.27,0.09,70153.84615384616,313.0153332414674
0.29,0.09,70153.84615384616,312.5936896542961
0.31,0.09,70153.84615384616,312.0655813924553
0.33,0.09,70153.84615384616,311.4277523699615
0.35,0.09,70153.84615384616,310.67337995728155
0.37,0.09,70153.84615384616,309.79006129490875
0.39,0.09,70153.84615384616,308.7572096655123
0.01,0.11,70153.84615384616,308.8220985475533
0.03,0.11,70153.84615384616,309.98294505580856
0.05,0.11,70153.84615384616,310.9884176752528
0.07,0.11,70153.84615384616,311.8554665164179
0.09,0.11,70153.84615384616,312.59368965429604
0.11,0.11,70153.84615384616,313.20787300376224
0.13,0.11,70153.84615384616,313.6998246443493
0.15,0.11,70153.84615384616,314.06969262391726
0.17,0.11,70153.84615384616,314.316888706847
0.19,0.11,70153.84615384616,314.44070793555045
0.21,0.11,70153.84615384616,314.44070793555045
0.23,0.11,70153.84615384616,314.3168887068469
0.25,0.11,70153.84615384616,314.0696926239173
0.27,0.11,70153.84615384616,313.6998246443493
0.29,0.11,70153.84615384616,313.20787300376224
0.31,0.11,70153.84615384616,312.5936896542961
0.33,0.11,70153.84615384616,311.85546651641795
0.35,0.11,70153.84615384616,310.9884176752528
0.37,0.11,70153.84615384616,309.98294505580856
0.39,0.11,70153.84615384616,308.82209854755325
0.01,0.13,70153.84615384616,308.873212913341
0.03,0.13,70153.84615384616,310.13523270447206
0.05,0.13,70153.84615384616,311.2380291406592
0.07,0.13,70153.84615384616,312.19568427721833
0.09,0.13,70153.84615384616,313.0153332414673
0.11,0.13,70153.84615384616,313.6998246443493
0.13,0.13,70153.84615384616,314.2495163621713
0.15,0.13,70153.84615384616,314.66350997482044
0.17,0.13,70153.84615384616,314.9404966863751
0.19,0.13,70153.84615384616,315.079320016051
0.21,0.13,70153.84615384616,315.07932001605093
0.23,0.13,70153.84615384616,314.94049668637507
0.25,0.13,70153.84615384616,314.6635099748204
0.27,0.13,70153.84615384616,314.2495163621712
0.29,0.13,70153.84615384616,313.6998246443493
0.31,0.13,70153.84615384616,313.0153332414673
0.33,0.13,70153.84615384616,312.1956842772183
0.35,0.13,70153.84615384616,311.23802914065914
0.37,0.13,70153.84615384616,310.13523270447206
0.39,0.13,70153.84615384616,308.873212913341
0.01,0.15,70153.84615384616,308.91125872450465
0.03,0.15,70153.84615384616,310.24872423826145
0.05,0.15,70153.84615384616,311.42442679761814
0.07,0.15,70153.84615384616,312.45034177861913
0.09,0.15,70153.84615384616,313.3316779447003
0.11,0.15,70153.84615384616,314.0696926239173
0.13,0.15,70153.84615384616,314.66350997482044
0.15,0.15,70153.84615384616,315.11132134500264
0.17,0.15,70153.84615384616,315.41118372157626
0.19,0.15,70153.84615384616,315.56154124079063
0.21,0.15,70153.84615384616,315.5615412407906
0.23,0.15,70153.84615384616,315.4111837215761
0.25,0.15,70153.84615384616,315.11132134500264
0.27,0.15,70153.84615384616,314.6635099748204
0.29,0.15,70153.84615384616,314.0696926239173
0.31,0.15,70153.84615384616,313.3316779447003
0.33,0.15,70153.84615384616,312.45034177861913
0.35,0.15,70153.84615384616,311.4244267976181
0.37,0.15,70153.84615384616,310.24872423826145
0.39,0.15,70153.84615384616,308.91125872450465
0.01,0.17,70153.84615384616,308.9365376903694
0.03,0.17,70153.84615384616,310.3241820901551
0.05,0.17,70153.84615384616,311.54849872003973
0.07,0.17,70153.84615384616,312.6200817697125
0.09,0.17,70153.84615384616,313.54283064355155
0.11,0.17,70153.84615384616,314.31688870684707
0.13,0.17,70153.84615384616,314.9404966863752
0.15,0.17,70153.84615384616,315.41118372157626
0.17,0.17,70153.84615384616,315.7265408037475
0.19,0.17,70153.84615384616,315.88471703200565
0.21,0.17,70153.84615384616,315.88471703200565
0.23,0.17,70153.84615384616,315.72654080374747
0.25,0.17,70153.84615384616,315.4111837215761
0.27,0.17,70153.84615384616,314.94049668637507
0.29,0.17,70153.84615384616,314.3168887068469
0.31,0.17,70153.84615384616,313.5428306435515
0.33,0.17,70153.84615384616,312.62008176971244
0.35,0.17,70153.84615384616,311.54849872003973
0.37,0.17,70153.84615384616,310.3241820901551
0.39,0.17,70153.84615384616,308.93653769036933
0.01,0.19,70153.84615384616,308.9491612606927
0.03,0.19,70153.84615384616,310.3618759027175
0.05,0.19,70153.84615384616,311.610512554223
0.07,0.19,70153.84615384616,312.70498175601057
0.09,0.19,70153.84615384616,313.6485226478195
0.11,0.19,70153.84615384616,314.4407079355505
0.13,0.19,70153.84615384616,315.079320016051
0.15,0.19,70153.84615384616,315.56154124079063
0.17,0.19,70153.84615384616,315.88471703200565
0.19,0.19,70153.84615384616,316.0468404294324
0.21,0.19,70153.84615384616,316.0468404294324
0.23,0.19,70153.84615384616,315.88471703200565
0.25,0.19,70153.84615384616,315.5615412407906
0.27,0.19,70153.84615384616,315.07932001605093
0.29,0.19,70153.84615384616,314.4407079355504
0.31,0.19,70153.84615384616,313.64852264781945
0.33,0.19,70153.84615384616,312.7049817560105
0.35,0.19,70153.84615384616,311.610512554223
0.37,0.19,70153.84615384616,310.36187590271743
0.39,0.19,70153.84615384616,308.9491612606927
0.01,0.21,70153.84615384616,308.94916126069273
0.03,0.21,70153.84615384616,310.3618759027175
0.05,0.21,70153.84615384616,311.610512554223
0.07,0.21,70153.84615384616,312.70498175601057
0.09,0.21,70153.84615384616,313.6485226478195
0.11,0.21,70153.84615384616,314.4407079355505
0.13,0.21,70153.84615384616,315.079320016051
0.15,0.21,70153.84615384616,315.56154124079063
0.17,0.21,70153.84615384616,315.88471703200565
0.19,0.21,70153.84615384616,316.0468404294324
0.21,0.21,70153.84615384616,316.0468404294324
0.23,0.21,70153.84615384616,315.88471703200565
0.25,0.21,70153.84615384616,315.56154124079063
0.27,0.21,70153.84615384616,315.079320016051
0.29,0.21,70153.84615384616,314.4407079355504
0.31,0.21,70153.84615384616,313.6485226478195
0.33,0.21,70153.84615384616,312.7049817560105
0.35,0.21,70153.84615384616,311.610512554223
0.37,0.21,70153.84615384616,310.36187590271743
0.39,0.21,70153.84615384616,308.9491612606927
0.01,0.23,70153.84615384616,308.9365376903694
0.03,0.23,70153.84615384616,310.3241820901551
0.05,0.23,70153.84615384616,311.5484987200398
0.07,0.23,70153.84615384616,312.6200817697125
0.09,0.23,70153.84615384616,313.5428306435515
0.11,0.23,70153.84615384616,314.316888706847
0.13,0.23,70153.84615384616,314.9404966863751
0.15,0.23,70153.84615384616,315.4111837215762
0.17,0.23,70153.84615384616,315.72654080374747
0.19,0.23,70153.84615384616,315.88471703200565
0.21,0.23,70153.84615384616,315.88471703200565
0.23,0.23,70153.84615384616,315.72654080374747
0.25,0.23,70153.84615384616,315.4111837215762
0.27,0.23,70153.84615384616,314.9404966863751
0.29,0.23,70153.84615384616,314.316888706847
0.31,0.23,70153.84615384616,313.54283064355155
0.33,0.23,70153.84615384616,312.62008176971256
0.35,0.23,70153.84615384616,311.54849872003985
0.37,0.23,70153.84615384616,310.3241820901551
0.39,0.23,70153.84615384616,308.9365376903694
0.01,0.25,70153.84615384616,308.9112587245047
0.03,0.25,70153.84615384616,310.2487242382615
0.05,0.25,70153.84615384616,311.4244267976182
0.07,0.25,70153.84615384616,312.45034177861913
0.09,0.25,70153.84615384616,313.3316779447003
0.11,0.25,70153.84615384616,314.0696926239173
0.13,0.25,70153.84615384616,314.6635099748204
0.15,0.25,70153.84615384616,315.1113213450026
0.17,0.25,70153.84615384616,315.4111837215762
0.19,0.25,70153.84615384616,315.56154124079063
0.21,0.25,70153.84615384616,315.5615412407906
0.23,0.25,70153.84615384616,315.4111837215762
0.25,0.25,70153.84615384616,315.11132134500264
0.27,0.25,70153.84615384616,314.6635099748204
0.29,0.25,70153.84615384616,314.0696926239173
0.31,0.25,70153.84615384616,313.33167794470035
0.33,0.25,70153.84615384616,312.4503417786192
0.35,0.25,70153.84615384616,311.4244267976182
0.37,0.25,70153.84615384616,310.2487242382615
0.39,0.25,70153.84615384616,308.91125872450465
0.01,0.27,70153.84615384616,308.87321291334104
0.03,0.27,70153.84615384616,310.1352327044721
0.05,0.27,70153.84615384616,311.2380291406592
0.07,0.27,70153.84615384616,312.19568427721833
0.09,0.27,70153.84615384616,313.0153332414673
0.11,0.27,70153.84615384616,313.6998246443493
0.13,0.27,70153.84615384616,314.2495163621712
0.15,0.27,70153.84615384616,314.6635099748204
0.17,0.27,70153.84615384616,314.9404966863751
0.19,0.27,70153.84615384616,315.07932001605093
0.21,0.27,70153.84615384616,315.07932001605093
0.23,0.27,70153.84615384616,314.94049668637507
0.25,0.27,70153.84615384616,314.6635099748204
0.27,0.27,70153.84615384616,314.2495163621712
0.29,0.27,70153.84615384616,313.6998246443493
0.31,0.27,70153.84615384616,313.0153332414674
0.33,0.27,70153.84615384616,312.1956842772184
0.35,0.27,70153.84615384616,311.2380291406592
0.37,0.27,70153.84615384616,310.1352327044721
0.39,0.27,70153.84615384616,308.87321291334104
0.01,0.29,70153.84615384616,308.8220985475533
0.03,0.29,70153.84615384616,309.98294505580856
0.05,0.29,70153.84615384616,310.98841767525283
0.07,0.29,70153.84615384616,311.855466516418
0.09,0.29,70153.84615384616,312.5936896542961
0.11,0.29,70153.84615384616,313.2078730037623
0.13,0.29,70153.84615384616,313.6998246443493
0.15,0.29,70153.84615384616,314.0696926239173
0.17,0.29,70153.84615384616,314.316888706847
0.19,0.29,70153.84615384616,314.44070793555045
0.21,0.29,70153.84615384616,314.44070793555045
0.23,0.29,70153.84615384616,314.3168887068469
0.25,0.29,70153.84615384616,314.06969262391726
0.27,0.29,70153.84615384616,313.6998246443493
0.29,0.29,70153.84615384616,313.20787300376224
0.31,0.29,70153.84615384616,312.5936896542961
0.33,0.29,70153.84615384616,311.85546651641795
0.35,0.29,70153.84615384616,310.9884176752528
0.37,0.29,70153.84615384616,309.98294505580856
0.39,0.29,70153.84615384616,308.8220985475533
0.01,0.31,70153.84615384616,308.7572096655122
0.03,0.31,70153.84615384616,309.7900612949087
0.05,0.31,70153.84615384616,310.67337995728155
0.07,0.31,70153.84615384616,311.42775236996147
0.09,0.31,70153.84615384616,312.0655813924553
0.11,0.31,70153.84615384616,312.59368965429604
0.13,0.31,70153.84615384616,313.0153332414673
0.15,0.31,70153.84615384616,313.3316779447003
0.17,0.31,70153.84615384616,313.54283064355155
0.19,0.31,70153.84615384616,313.6485226478195
0.21,0.31,70153.84615384616,313.6485226478195
0.23,0.31,70153.84615384616,313.5428306435515
0.25,0.31,70153.84615384616,313.3316779447003
0.27,0.31,70153.84615384616,313.0153332414673
0.29,0.31,70153.84615384616,312.5936896542961
0.31,0.31,70153.84615384616,312.0655813924553
0.33,0.31,70153.84615384616,311.42775236996147
0.35,0.31,70153.84615384616,310.67337995728155
0.37,0.31,70153.84615384616,309.7900612949087
0.39,0.31,70153.84615384616,308.7572096655123
0.01,0.33,70153.84615384616,308.67701735336937
0.03,0.33,70153.84615384616,309.55276058605654
0.05,0.33,70153.84615384616,310.28820385466724
0.07,0.33,70153.84615384616,310.9081703709179
0.09,0.33,70153.84615384616,311.4277523699614
0.11,0.33,70153.84615384616,311.85546651641795
0.13,0.33,70153.84615384616,312.19568427721833
0.15,0.33,70153.84615384616,312.45034177861913
0.17,0.33,70153.84615384616,312.6200817697125
0.19,0.33,70153.84615384616,312.7049817560105
0.21,0.33,70153.84615384616,312.70498175601057
0.23,0.33,70153.84615384616,312.6200817697125
0.25,0.33,70153.84615384616,312.45034177861913
0.27,0.33,70153.84615384616,312.19568427721833
0.29,0.33,70153.84615384616,311.85546651641795
0.31,0.33,70153.84615384616,311.4277523699614
0.33,0.33,70153.84615384616,310.9081703709179
0.35,0.33,70153.84615384616,310.2882038546673
0.37,0.33,70153.84615384616,309.5527605860566
0.39,0.33,70153.84615384616,308.6770173533694
0.01,0.35,70153.84615384616,308.5782644648856
0.03,0.35,70153.84615384616,309.26337730514103
0.05,0.35,70153.84615384616,309.82375273720214
0.07,0.35,70153.84615384616,310.28820385466724
0.09,0.35,70153.84615384616,310.6733799572815
0.11,0.35,70153.84615384616,310.9884176752528
0.13,0.35,70153.84615384616,311.2380291406592
0.15,0.35,70153.84615384616,311.4244267976182
0.17,0.35,70153.84615384616,311.5484987200398
0.19,0.35,70153.84615384616,311.610512554223
0.21,0.35,70153.84615384616,311.610512554223
0.23,0.35,70153.84615384616,311.54849872003973
0.25,0.35,70153.84615384616,311.42442679761814
0.27,0.35,70153.84615384616,311.2380291406592
0.29,0.35,70153.84615384616,310.9884176752528
0.31,0.35,70153.84615384616,310.6733799572815
0.33,0.35,70153.84615384616,310.28820385466724
0.35,0.35,70153.84615384616,309.8237527372022
0.37,0.35,70153.84615384616,309.2633773051411
0.39,0.35,70153.84615384616,308.5782644648856
0.01,0.37,70153.84615384616,308.453659529413
0.03,0.37,70153.84615384616,308.9068572882576
0.05,0.37,70153.84615384616,309.26337730514103
0.07,0.37,70153.84615384616,309.55276058605654
0.09,0.37,70153.84615384616,309.7900612949087
0.11,0.37,70153.84615384616,309.98294505580856
0.13,0.37,70153.84615384616,310.1352327044721
0.15,0.37,70153.84615384616,310.2487242382615
0.17,0.37,70153.84615384616,310.32418209015515
0.19,0.37,70153.84615384616,310.3618759027175
0.21,0.37,70153.84615384616,310.3618759027175
0.23,0.37,70153.84615384616,310.32418209015503
0.25,0.37,70153.84615384616,310.24872423826145
0.27,0.37,70153.84615384616,310.13523270447206
0.29,0.37,70153.84615384616,309.9829450558086
0.31,0.37,70153.84615384616,309.7900612949087
0.33,0.37,70153.84615384616,309.5527605860566
0.35,0.37,70153.84615384616,309.2633773051411
0.37,0.37,70153.84615384616,308.9068572882576
0.39,0.37,70153.84615384616,308.453659529413
0.01,0.39,70153.84615384616,308.2847303374806
0.03,0.39,70153.84615384616,308.453659529413
0.05,0.39,70153.84615384616,308.5782644648856
0.07,0.39,70153.84615384616,308.67701735336937
0.09,0.39,70153.84615384616,308.7572096655122
0.11,0.39,70153.84615384616,308.82209854755325
0.13,0.39,70153.84615384616,308.87321291334104
0.15,0.39,70153.84615384616,308.9112587245047
0.17,0.39,70153.84615384616,308.9365376903694
0.19,0.39,70153.84615384616,308.9491612606927
0.21,0.39,70153.84615384616,308.9491612606927
0.23,0.39,70153.84615384616,308.93653769036933
0.25,0.39,70153.84615384616,308.91125872450465
0.27,0.39,70153.84615384616,308.873212913341
0.29,0.39,70153.84615384616,308.8220985475533
0.31,0.39,70153.84615384616,308.7572096655123
0.33,0.39,70153.84615384616,308.67701735336937
0.35,0.39,70153.84615384616,308.5782644648856
0.37,0.39,70153.84615384616,308.453659529413
0.39,0.39,70153.84615384616,308.28473033748054
0.01,0.01,72000.0,308.2788005357013
0.03,0.01,72000.0,308.43924688353155
0.05,0.01,72000.0,308.556936331927
0.07,0.01,72000.0,308.6497992027427
0.09,0.01,72000.0,308.72495500361697
0.11,0.01,72000.0,308.7856153346011
0.13,0.01,72000.0,308.83331095774787
0.15,0.01,72000.0,308.86876624982665
0.17,0.01,72000.0,308.89230396573583
0.19,0.01,72000.0,308.90405235173034
0.21,0.01,72000.0,308.90405235173034
0.23,0.01,72000.0,308.89230396573583
0.25,0.01,72000.0,308.8687662498267
0.27,0.01,72000.0,308.83331095774787
0.29,0.01,72000.0,308.7856153346012
0.31,0.01,72000.0,308.7249550036171
0.33,0.01,72000.0,308.6497992027428
0.35,0.01,72000.0,308.556936331927
0.37,0.01,72000.0,308.43924688353155
0.39,0.01,72000.0,308.2788005357013
0.01,0.03,72000.0,308.43924688353155
0.03,0.03,72000.0,308.8688282920392
0.05,0.03,72000.0,309.205224177098
0.07,0.03,72000.0,309.4772136837805
0.09,0.03,72000.0,309.6995612487364
0.11,0.03,72000.0,309.8798636463634
0.13,0.03,72000.0,310.0219700559497
0.15,0.03,72000.0,310.12774379994727
0.17,0.03,72000.0,310.19801318685563
0.19,0.03,72000.0,310.23309901903446
0.21,0.03,72000.0,310.23309901903446
0.23,0.03,72000.0,310.19801318685563
0.25,0.03,72000.0,310.12774379994727
0.27,0.03,72000.0,310.02197005594974
0.29,0.03,72000.0,309.8798636463635
0.31,0.03,72000.0,309.6995612487365
0.33,0.03,72000.0,309.47721368378063
0.35,0.03,72000.0,309.205224177098
0.37,0.03,72000.0,308.8688282920392
0.39,0.03,72000.0,308.4392468835315
0.01,0.05,72000.0,308.556936331927
0.03,0.05,72000.0,309.205224177098
0.05,0.05,72000.0,309.7333819304948
0.07,0.05,72000.0,310.16963129479524
0.09,0.05,72000.0,310.5304141474668
0.11,0.05,72000.0,310.8248660826693
0.13,0.05,72000.0,311.0577940144862
0.15,0.05,72000.0,311.2315354915896
0.17,0.05,72000.0,311.34709592678684
0.19,0.05,72000.0,311.4048307732118
0.21,0.05,72000.0,311.40483077321187
0.23,0.05,72000.0,311.3470959267869
0.25,0.05,72000.0,311.2315354915896
0.27,0.05,72000.0,311.05779401448626
0.29,0.05,72000.0,310.82486608266936
0.31,0.05,72000.0,310.53041414746696
0.33,0.05,72000.0,310.1696312947953
0.35,0.05,72000.0,309.7333819304948
0.37,0.05,72000.0,309.205224177098
0.39,0.05,72000.0,308.5569363319269
0.01,0.07,72000.0,308.6497992027428
0.03,0.07,72000.0,309.4772136837806
0.05,0.07,72000.0,310.16963129479524
0.07,0.07,72000.0,310.7515545854964
0.09,0.07,72000.0,311.23804553039287
0.11,0.07,72000.0,311.63774700625555
0.13,0.07,72000.0,311.9552235440617
0.15,0.07,72000.0,312.19261352240505
0.17,0.07,72000.0,312.3507351403369
0.19,0.07,72000.0,312.4297928371858
0.21,0.07,72000.0,312.4297928371858
0.23,0.07,72000.0,312.3507351403369
0.25,0.07,72000.0,312.1926135224051
0.27,0.07,72000.0,311.9552235440617
0.29,0.07,72000.0,311.63774700625567
0.31,0.07,72000.0,311.2380455303929
0.33,0.07,72000.0,310.7515545854964
0.35,0.07,72000.0,310.16963129479524
0.37,0.07,72000.0,309.4772136837806
0.39,0.07,72000.0,308.6497992027427
0.01,0.09,72000.0,308.724955003617
0.03,0.09,72000.0,309.6995612487365
0.05,0.09,72000.0,310.5304141474669
0.07,0.09,72000.0,311.23804553039287
0.09,0.09,72000.0,311.83502904590625
0.11,0.09,72000.0,312.3284639048812
0.13,0.09,72000.0,312.72191263524104
0.15,0.09,72000.0,313.0168283781502
0.17,0.09,72000.0,313.2135549720192
0.19,0.09,72000.0,313.3119908639246
0.21,0.09,72000.0,313.3119908639246
0.23,0.09,72000.0,313.21355497201927
0.25,0.09,72000.0,313.01682837815025
0.27,0.09,72000.0,312.7219126352411
0.29,0.09,72000.0,312.32846390488123
0.31,0.09,72000.0,311.83502904590625
0.33,0.09,72000.0,311.2380455303929
0.35,0.09,72000.0,310.5304141474669
0.37,0.09,72000.0,309.6995612487365
0.39,0.09,72000.0,308.724955003617
0.01,0.11,72000.0,308.7856153346011
0.03,0.11,72000.0,309.87986364636345
0.05,0.11,72000.0,310.8248660826693
0.07,0.11,72000.0,311.63774700625567
0.09,0.11,72000.0,312.32846390488123
0.11,0.11,72000.0,312.9022268497942
0.13,0.11,72000.0,313.3612631629953
0.15,0.11,72000.0,313.7060924955927
0.17,0.11,72000.0,313.9364237413961
0.19,0.11,72000.0,314.05175794406057
0.21,0.11,72000.0,314.05175794406057
0.23,0.11,72000.0,313.9364237413961
0.25,0.11,72000.0,313.7060924955928
0.27,0.11,72000.0,313.36126316299533
0.29,0.11,72000.0,312.9022268497942
0.31,0.11,72000.0,312.32846390488123
0.33,0.11,72000.0,311.63774700625567
0.35,0.11,72000.0,310.82486608266936
0.37,0.11,72000.0,309.87986364636345
0.39,0.11,72000.0,308.7856153346011
0.01,0.13,72000.0,308.83331095774787
0.03,0.13,72000.0,310.0219700559497
0.05,0.13,72000.0,311.0577940144862
0.07,0.13,72000.0,311.9552235440617
0.09,0.13,72000.0,312.72191263524104
0.11,0.13,72000.0,313.3612631629953
0.13,0.13,72000.0,313.8741528390259
0.15,0.13,72000.0,314.2601305352441
0.17,0.13,72000.0,314.5182386534654
0.19,0.13,72000.0,314.647561544743
0.21,0.13,72000.0,314.647561544743
0.23,0.13,72000.0,314.51823865346546
0.25,0.13,72000.0,314.2601305352442
0.27,0.13,72000.0,313.8741528390259
0.29,0.13,72000.0,313.3612631629953
0.31,0.13,72000.0,312.7219126352411
0.33,0.13,72000.0,311.9552235440617
0.35,0.13,72000.0,311.05779401448626
0.37,0.13,72000.0,310.02197005594974
0.39,0.13,72000.0,308.83331095774787
0.01,0.15,72000.0,308.8687662498266
0.03,0.15,72000.0,310.1277437999472
0.05,0.15,72000.0,311.2315354915896
0.07,0.15,72000.0,312.1926135224051
0.09,0.15,72000.0,313.01682837815025
0.11,0.15,72000.0,313.7060924955928
0.13,0.15,72000.0,314.2601305352441
0.15,0.15,72000.0,314.6776424132147
0.17,0.15,72000.0,314.95708027677347
0.19,0.15,72000.0,315.09715744996487
0.21,0.15,72000.0,315.0971574499649
0.23,0.15,72000.0,314.9570802767735
0.25,0.15,72000.0,314.6776424132147
0.27,0.15,72000.0,314.2601305352442
0.29,0.15,72000.0,313.7060924955928
0.31,0.15,72000.0,313.01682837815025
0.33,0.15,72000.0,312.1926135224051
0.35,0.15,72000.0,311.2315354915896
0.37,0.15,72000.0,310.12774379994727
0.39,0.15,72000.0,308.86876624982665
0.01,0.17,72000.0,308.8923039657358
0.03,0.17,72000.0,310.1980131868556
0.05,0.17,72000.0,311.34709592678684
0.07,0.17,72000.0,312.3507351403369
0.09,0.17,72000.0,313.21355497201927
0.11,0.17,72000.0,313.93642374139614
0.13,0.17,72000.0,314.5182386534654
0.15,0.17,72000.0,314.95708027677347
0.17,0.17,72000.0,315.25096565456386
0.19,0.17,72000.0,315.39833304375463
0.21,0.17,72000.0,315.39833304375463
0.23,0.17,72000.0,315.25096565456386
0.25,0.17,72000.0,314.9570802767735
0.27,0.17,72000.0,314.51823865346546
0.29,0.17,72000.0,313.93642374139614
0.31,0.17,72000.0,313.21355497201927
0.33,0.17,72000.0,312.35073514033684
0.35,0.17,72000.0,311.3470959267868
0.37,0.17,72000.0,310.19801318685563
0.39,0.17,72000.0,308.89230396573583
0.01,0.19,72000.0,308.90405235173034
0.03,0.19,72000.0,310.2330990190344
0.05,0.19,72000.0,311.4048307732118
0.07,0.19,72000.0,312.4297928371858
0.09,0.19,72000.0,313.3119908639246
0.11,0.19,72000.0,314.0517579440606
0.13,0.19,72000.0,314.647561544743
0.15,0.19,72000.0,315.09715744996487
0.17,0.19,72000.0,315.39833304375463
0.19,0.19,72000.0,315.54938082680894
0.21,0.19,72000.0,315.54938082680894
0.23,0.19,72000.0,315.3983330437547
0.25,0.19,72000.0,315.09715744996487
0.27,0.19,72000.0,314.647561544743
0.29,0.19,72000.0,314.05175794406057
0.31,0.19,72000.0,313.3119908639247
0.33,0.19,72000.0,312.4297928371858
0.35,0.19,72000.0,311.4048307732118
0.37,0.19,72000.0,310.23309901903434
0.39,0.19,72000.0,308.90405235173034
0.01,0.21,72000.0,308.9040523517303
0.03,0.21,72000.0,310.23309901903434
0.05,0.21,72000.0,311.40483077321176
0.07,0.21,72000.0,312.42979283718574
0.09,0.21,72000.0,313.3119908639246
0.11,0.21,72000.0,314.05175794406057
0.13,0.21,72000.0,314.64756154474304
0.15,0.21,72000.0,315.09715744996487
0.17,0.21,72000.0,315.39833304375463
0.19,0.21,72000.0,315.5493808268089
0.21,0.21,72000.0,315.5493808268089
0.23,0.21,72000.0,315.3983330437547
0.25,0.21,72000.0,315.09715744996487
0.27,0.21,72000.0,314.647561544743
0.29,0.21,72000.0,314.05175794406057
0.31,0.21,72000.0,313.3119908639247
0.33,0.21,72000.0,312.42979283718586
0.35,0.21,72000.0,311.40483077321176
0.37,0.21,72000.0,310.2330990190343
0.39,0.21,72000.0,308.9040523517303
0.01,0.23,72000.0,308.8923039657358
0.03,0.23,72000.0,310.1980131868555
0.05,0.23,72000.0,311.3470959267868
0.07,0.23,72000.0,312.35073514033684
0.09,0.23,72000.0,313.21355497201927
0.11,0.23,72000.0,313.9364237413961
0.13,0.23,72000.0,314.51823865346546
0.15,0.23,72000.0,314.95708027677347
0.17,0.23,72000.0,315.25096565456386
0.19,0.23,72000.0,315.39833304375463
0.21,0.23,72000.0,315.39833304375463
0.23,0.23,72000.0,315.2509656545638
0.25,0.23,72000.0,314.95708027677347
0.27,0.23,72000.0,314.5182386534654
0.29,0.23,72000.0,313.9364237413961
0.31,0.23,72000.0,313.21355497201927
0.33,0.23,72000.0,312.3507351403369
0.35,0.23,72000.0,311.34709592678684
0.37,0.23,72000.0,310.1980131868556
0.39,0.23,72000.0,308.8923039657358
0.01,0.25,72000.0,308.86876624982665
0.03,0.25,72000.0,310.12774379994727
0.05,0.25,72000.0,311.2315354915896
0.07,0.25,72000.0,312.19261352240505
0.09,0.25,72000.0,313.0168283781502
0.11,0.25,72000.0,313.7060924955928
0.13,0.25,72000.0,314.2601305352441
0.15,0.25,72000.0,314.6776424132147
0.17,0.25,72000.0,314.9570802767735
0.19,0.25,72000.0,315.09715744996487
0.21,0.25,72000.0,315.09715744996487
0.23,0.25,72000.0,314.95708027677347
0.25,0.25,72000.0,314.6776424132147
0.27,0.25,72000.0,314.2601305352441
0.29,0.25,72000.0,313.7060924955927
0.31,0.25,72000.0,313.01682837815025
0.33,0.25,72000.0,312.1926135224052
0.35,0.25,72000.0,311.2315354915896
0.37,0.25,72000.0,310.12774379994727
0.39,0.25,72000.0,308.86876624982665
0.01,0.27,72000.0,308.83331095774787
0.03,0.27,72000.0,310.02197005594974
0.05,0.27,72000.0,311.0577940144862
0.07,0.27,72000.0,311.9552235440617
0.09,0.27,72000.0,312.72191263524104
0.11,0.27,72000.0,313.3612631629953
0.13,0.27,72000.0,313.8741528390259
0.15,0.27,72000.0,314.2601305352442
0.17,0.27,72000.0,314.51823865346546
0.19,0.27,72000.0,314.647561544743
0.21,0.27,72000.0,314.647561544743
0.23,0.27,72000.0,314.5182386534654
0.25,0.27,72000.0,314.2601305352441
0.27,0.27,72000.0,313.8741528390259
0.29,0.27,72000.0,313.3612631629953
0.31,0.27,72000.0,312.72191263524104
0.33,0.27,72000.0,311.95522354406177
0.35,0.27,72000.0,311.05779401448626
0.37,0.27,72000.0,310.0219700559497
0.39,0.27,72000.0,308.83331095774787
0.01,0.29,72000.0,308.7856153346011
0.03,0.29,72000.0,309.87986364636345
0.05,0.29,72000.0,310.8248660826693
0.07,0.29,72000.0,311.63774700625567
0.09,0.29,72000.0,312.3284639048812
0.11,0.29,72000.0,312.90222684979415
0.13,0.29,72000.0,313.3612631629953
0.15,0.29,72000.0,313.7060924955928
0.17,0.29,72000.0,313.9364237413961
0.19,0.29,72000.0,314.0517579440605
0.21,0.29,72000.0,314.0517579440605
0.23,0.29,72000.0,313.9364237413961
0.25,0.29,72000.0,313.7060924955928
0.27,0.29,72000.0,313.3612631629953
0.29,0.29,72000.0,312.90222684979415
0.31,0.29,72000.0,312.32846390488123
0.33,0.29,72000.0,311.63774700625567
0.35,0.29,72000.0,310.8248660826693
0.37,0.29,72000.0,309.87986364636345
0.39,0.29,72000.0,308.7856153346011
0.01,0.31,72000.0,308.724955003617
0.03,0.31,72000.0,309.6995612487365
0.05,0.31,72000.0,310.5304141474669
0.07,0.31,72000.0,311.2380455303929
0.09,0.31,72000.0,311.83502904590625
0.11,0.31,72000.0,312.3284639048812
0.13,0.31,72000.0,312.7219126352411
0.15,0.31,72000.0,313.01682837815025
0.17,0.31,72000.0,313.21355497201927
0.19,0.31,72000.0,313.3119908639246
0.21,0.31,72000.0,313.31199086392456
0.23,0.31,72000.0,313.2135549720192
0.25,0.31,72000.0,313.01682837815025
0.27,0.31,72000.0,312.7219126352411
0.29,0.31,72000.0,312.32846390488123
0.31,0.31,72000.0,311.8350290459063
0.33,0.31,72000.0,311.2380455303929
0.35,0.31,72000.0,310.5304141474669
0.37,0.31,72000.0,309.6995612487364
0.39,0.31,72000.0,308.724955003617
0.01,0.33,72000.0,308.6497992027427
0.03,0.33,72000.0,309.4772136837805
0.05,0.33,72000.0,310.16963129479524
0.07,0.33,72000.0,310.7515545854964
0.09,0.33,72000.0,311.23804553039287
0.11,0.33,72000.0,311.6377470062556
0.13,0.33,72000.0,311.9552235440617
0.15,0.33,72000.0,312.1926135224051
0.17,0.33,72000.0,312.3507351403369
0.19,0.33,72000.0,312.4297928371858
0.21,0.33,72000.0,312.42979283718574
0.23,0.33,72000.0,312.3507351403369
0.25,0.33,72000.0,312.1926135224051
0.27,0.33,72000.0,311.95522354406177
0.29,0.33,72000.0,311.63774700625567
0.31,0.33,72000.0,311.23804553039287
0.33,0.33,72000.0,310.7515545854964
0.35,0.33,72000.0,310.16963129479524
0.37,0.33,72000.0,309.4772136837806
0.39,0.33,72000.0,308.6497992027428
0.01,0.35,72000.0,308.5569363319269
0.03,0.35,72000.0,309.20522417709793
0.05,0.35,72000.0,309.7333819304947
0.07,0.35,72000.0,310.16963129479524
0.09,0.35,72000.0,310.53041414746684
0.11,0.35,72000.0,310.8248660826693
0.13,0.35,72000.0,311.05779401448626
0.15,0.35,72000.0,311.2315354915896
0.17,0.35,72000.0,311.3470959267868
0.19,0.35,72000.0,311.40483077321176
0.21,0.35,72000.0,311.40483077321176
0.23,0.35,72000.0,311.34709592678684
0.25,0.35,72000.0,311.2315354915896
0.27,0.35,72000.0,311.05779401448626
0.29,0.35,72000.0,310.8248660826693
0.31,0.35,72000.0,310.53041414746684
0.33,0.35,72000.0,310.16963129479524
0.35,0.35,72000.0,309.7333819304948
0.37,0.35,72000.0,309.205224177098
0.39,0.35,72000.0,308.556936331927
0.01,0.37,72000.0,308.4392468835315
0.03,0.37,72000.0,308.8688282920392
0.05,0.37,72000.0,309.205224177098
0.07,0.37,72000.0,309.4772136837805
0.09,0.37,72000.0,309.6995612487364
0.11,0.37,72000.0,309.87986364636345
0.13,0.37,72000.0,310.02197005594974
0.15,0.37,72000.0,310.12774379994727
0.17,0.37,72000.0,310.1980131868555
0.19,0.37,72000.0,310.23309901903434
0.21,0.37,72000.0,310.2330990190343
0.23,0.37,72000.0,310.1980131868556
0.25,0.37,72000.0,310.1277437999472
0.27,0.37,72000.0,310.0219700559497
0.29,0.37,72000.0,309.8798636463634
0.31,0.37,72000.0,309.6995612487364
0.33,0.37,72000.0,309.4772136837805
0.35,0.37,72000.0,309.205224177098
0.37,0.37,72000.0,308.8688282920392
0.39,0.37,72000.0,308.43924688353155
0.01,0.39,72000.0,308.2788005357013
0.03,0.39,72000.0,308.4392468835315
0.05,0.39,72000.0,308.556936331927
0.07,0.39,72000.0,308.6497992027428
0.09,0.39,72000.0,308.724955003617
0.11,0.39,72000.0,308.7856153346012
0.13,0.39,72000.0,308.8333109577479
0.15,0.39,72000.0,308.86876624982665
0.17,0.39,72000.0,308.8923039657358
0.19,0.39,72000.0,308.9040523517303
0.21,0.39,72000.0,308.9040523517303
0.23,0.39,72000.0,308.8923039657358
0.25,0.39,72000.0,308.86876624982665
0.27,0.39,72000.0,308.83331095774787
0.29,0.39,72000.0,308.7856153346011
0.31,0.39,72000.0,308.724955003617
0.33,0.39,72000.0,308.6497992027428
0.35,0.39,72000.0,308.556936331927
0.37,0.39,72000.0,308.43924688353155
0.39,0.39,72000.0,308.2788005357013
