x,y,time,T
0.01,0.01,0.0,300.0
0.03,0.01,0.0,300.0
0.05,0.01,0.0,300.0
0.07,0.01,0.0,300.0
0.09,0.01,0.0,300.0
0.11,0.01,0.0,300.0
0.13,0.01,0.0,300.0
0.15,0.01,0.0,300.0
0.17,0.01,0.0,300.0
0.19,0.01,0.0,300.0
0.21,0.01,0.0,300.0
0.23,0.01,0.0,300.0
0.25,0.01,0.0,300.0
0.27,0.01,0.0,300.0
0.29,0.01,0.0,300.0
0.31,0.01,0.0,300.0
0.33,0.01,0.0,300.0
0.35,0.01,0.0,300.0
0.37,0.01,0.0,300.0
0.39,0.01,0.0,300.0
0.01,0.03,0.0,300.0
0.03,0.03,0.0,300.0
0.05,0.03,0.0,300.0
0.07,0.03,0.0,300.0
0.09,0.03,0.0,300.0
0.11,0.03,0.0,300.0
0.13,0.03,0.0,300.0
0.15,0.03,0.0,300.0
0.17,0.03,0.0,300.0
0.19,0.03,0.0,300.0
0.21,0.03,0.0,300.0
0.23,0.03,0.0,300.0
0.25,0.03,0.0,300.0
0.27,0.03,0.0,300.0
0.29,0.03,0.0,300.0
0.31,0.03,0.0,300.0
0.33,0.03,0.0,300.0
0.35,0.03,0.0,300.0
0.37,0.03,0.0,300.0
0.39,0.03,0.0,300.0
0.01,0.05,0.0,300.0
0.03,0.05,0.0,300.0
0.05,0.05,0.0,300.0
0.07,0.05,0.0,300.0
0.09,0.05,0.0,300.0
0.11,0.05,0.0,300.0
0.13,0.05,0.0,300.0
0.15,0.05,0.0,300.0
0.17,0.05,0.0,300.0
0.19,0.05,0.0,300.0
0.21,0.05,0.0,300.0
0.23,0.05,0.0,300.0
0.25,0.05,0.0,300.0
0.27,0.05,0.0,300.0
0.29,0.05,0.0,300.0
0.31,0.05,0.0,300.0
0.33,0.05,0.0,300.0
0.35,0.05,0.0,300.0
0.37,0.05,0.0,300.0
0.39,0.05,0.0,300.0
0.01,0.07,0.0,300.0
0.03,0.07,0.0,300.0
0.05,0.07,0.0,300.0
0.07,0.07,0.0,300.0
0.09,0.07,0.0,300.0
0.11,0.07,0.0,300.0
0.13,0.07,0.0,300.0
0.15,0.07,0.0,300.0
0.17,0.07,0.0,300.0
0.19,0.07,0.0,300.0
0.21,0.07,0.0,300.0
0.23,0.07,0.0,300.0
0.25,0.07,0.0,300.0
0.27,0.07,0.0,300.0
0.29,0.07,0.0,300.0
0.31,0.07,0.0,300.0
0.33,0.07,0.0,300.0
0.35,0.07,0.0,300.0
0.37,0.07,0.0,300.0
0.39,0.07,0.0,300.0
0.01,0.09,0.0,300.0
0.03,0.09,0.0,300.0
0.05,0.09,0.0,300.0
0.07,0.09,0.0,300.0
0.09,0.09,0.0,300.0
0.11,0.09,0.0,300.0
0.13,0.09,0.0,300.0
0.15,0.09,0.0,300.0
0.17,0.09,0.0,300.0
0.19,0.09,0.0,300.0
0.21,0.09,0.0,300.0
0.23,0.09,0.0,300.0
0.25,0.09,0.0,300.0
0.27,0.09,0.0,300.0
0.29,0.09,0.0,300.0
0.31,0.09,0.0,300.0
0.33,0.09,0.0,300.0
0.35,0.09,0.0,300.0
0.37,0.09,0.0,300.0
0.39,0.09,0.0,300.0
0.01,0.11,0.0,300.0
0.03,0.11,0.0,300.0
0.05,0.11,0.0,300.0
0.07,0.11,0.0,300.0
0.09,0.11,0.0,300.0
0.11,0.11,0.0,300.0
0.13,0.11,0.0,300.0
0.15,0.11,0.0,300.0
0.17,0.11,0.0,300.0
0.19,0.11,0.0,300.0
0.21,0.11,0.0,300.0
0.23,0.11,0.0,300.0
0.25,0.11,0.0,300.0
0.27,0.11,0.0,300.0
0.29,0.11,0.0,300.0
0.31,0.11,0.0,300.0
0.33,0.11,0.0,300.0
0.35,0.11,0.0,300.0
0.37,0.11,0.0,300.0
0.39,0.11,0.0,300.0
0.01,0.13,0.0,300.0
0.03,0.13,0.0,300.0
0.05,0.13,0.0,300.0
0.07,0.13,0.0,300.0
0.09,0.13,0.0,300.0
0.11,0.13,0.0,300.0
0.13,0.13,0.0,300.0
0.15,0.13,0.0,300.0
0.17,0.13,0.0,300.0
0.19,0.13,0.0,300.0
0.21,0.13,0.0,300.0
0.23,0.13,0.0,300.0
0.25,0.13,0.0,300.0
0.27,0.13,0.0,300.0
0.29,0.13,0.0,300.0
0.31,0.13,0.0,300.0
0.33,0.13,0.0,300.0
0.35,0.13,0.0,300.0
0.37,0.13,0.0,300.0
0.39,0.13,0.0,300.0
0.01,0.15,0.0,300.0
0.03,0.15,0.0,300.0
0.05,0.15,0.0,300.0
0.07,0.15,0.0,300.0
0.09,0.15,0.0,300.0
0.11,0.15,0.0,300.0
0.13,0.15,0.0,300.0
0.15,0.15,0.0,300.0
0.17,0.15,0.0,300.0
0.19,0.15,0.0,300.0
0.21,0.15,0.0,300.0
0.23,0.15,0.0,300.0
0.25,0.15,0.0,300.0
0.27,0.15,0.0,300.0
0.29,0.15,0.0,300.0
0.31,0.15,0.0,300.0
0.33,0.15,0.0,300.0
0.35,0.15,0.0,300.0
0.37,0.15,0.0,300.0
0.39,0.15,0.0,300.0
0.01,0.17,0.0,300.0
0.03,0.17,0.0,300.0
0.05,0.17,0.0,300.0
0.07,0.17,0.0,300.0
0.09,0.17,0.0,300.0
0.11,0.17,0.0,300.0
0.13,0.17,0.0,300.0
0.15,0.17,0.0,300.0
0.17,0.17,0.0,300.0
0.19,0.17,0.0,300.0
0.21,0.17,0.0,300.0
0.23,0.17,0.0,300.0
0.25,0.17,0.0,300.0
0.27,0.17,0.0,300.0
0.29,0.17,0.0,300.0
0.31,0.17,0.0,300.0
0.33,0.17,0.0,300.0
0.35,0.17,0.0,300.0
0.37,0.17,0.0,300.0
0.39,0.17,0.0,300.0
0.01,0.19,0.0,300.0
0.03,0.19,0.0,300.0
0.05,0.19,0.0,300.0
0.07,0.19,0.0,300.0
0.09,0.19,0.0,300.0
0.11,0.19,0.0,300.0
0.13,0.19,0.0,300.0
0.15,0.19,0.0,300.0
0.17,0.19,0.0,300.0
0.19,0.19,0.0,300.0
0.21,0.19,0.0,300.0
0.23,0.19,0.0,300.0
0.25,0.19,0.0,300.0
0.27,0.19,0.0,300.0
0.29,0.19,0.0,300.0
0.31,0.19,0.0,300.0
0.33,0.19,0.0,300.0
0.35,0.19,0.0,300.0
0.37,0.19,0.0,300.0
0.39,0.19,0.0,300.0
0.01,0.21,0.0,300.0
0.03,0.21,0.0,300.0
0.05,0.21,0.0,300.0
0.07,0.21,0.0,300.0
0.09,0.21,0.0,300.0
0.11,0.21,0.0,300.0
0.13,0.21,0.0,300.0
0.15,0.21,0.0,300.0
0.17,0.21,0.0,300.0
0.19,0.21,0.0,300.0
0.21,0.21,0.0,300.0
0.23,0.21,0.0,300.0
0.25,0.21,0.0,300.0
0.27,0.21,0.0,300.0
0.29,0.21,0.0,300.0
0.31,0.21,0.0,300.0
0.33,0.21,0.0,300.0
0.35,0.21,0.0,300.0
0.37,0.21,0.0,300.0
0.39,0.21,0.0,300.0
0.01,0.23,0.0,300.0
0.03,0.23,0.0,300.0
0.05,0.23,0.0,300.0
0.07,0.23,0.0,300.0
0.09,0.23,0.0,300.0
0.11,0.23,0.0,300.0
0.13,0.23,0.0,300.0
0.15,0.23,0.0,300.0
0.17,0.23,0.0,300.0
0.19,0.23,0.0,300.0
0.21,0.23,0.0,300.0
0.23,0.23,0.0,300.0
0.25,0.23,0.0,300.0
0.27,0.23,0.0,300.0
0.29,0.23,0.0,300.0
0.31,0.23,0.0,300.0
0.33,0.23,0.0,300.0
0.35,0.23,0.0,300.0
0.37,0.23,0.0,300.0
0.39,0.23,0.0,300.0
0.01,0.25,0.0,300.0
0.03,0.25,0.0,300.0
0.05,0.25,0.0,300.0
0.07,0.25,0.0,300.0
0.09,0.25,0.0,300.0
0.11,0.25,0.0,300.0
0.13,0.25,0.0,300.0
0.15,0.25,0.0,300.0
0.17,0.25,0.0,300.0
0.19,0.25,0.0,300.0
0.21,0.25,0.0,300.0
0.23,0.25,0.0,300.0
0.25,0.25,0.0,300.0
0.27,0.25,0.0,300.0
0.29,0.25,0.0,300.0
0.31,0.25,0.0,300.0
0.33,0.25,0.0,300.0
0.35,0.25,0.0,300.0
0.37,0.25,0.0,300.0
0.39,0.25,0.0,300.0
0.01,0.27,0.0,300.0
0.03,0.27,0.0,300.0
0.05,0.27,0.0,300.0
0.07,0.27,0.0,300.0
0.09,0.27,0.0,300.0
0.11,0.27,0.0,300.0
0.13,0.27,0.0,300.0
0.15,0.27,0.0,300.0
0.17,0.27,0.0,300.0
0.19,0.27,0.0,300.0
0.21,0.27,0.0,300.0
0.23,0.27,0.0,300.0
0.25,0.27,0.0,300.0
0.27,0.27,0.0,300.0
0.29,0.27,0.0,300.0
0.31,0.27,0.0,300.0
0.33,0.27,0.0,300.0
0.35,0.27,0.0,300.0
0.37,0.27,0.0,300.0
0.39,0.27,0.0,300.0
0.01,0.29,0.0,300.0
0.03,0.29,0.0,300.0
0.05,0.29,0.0,300.0
0.07,0.29,0.0,300.0
0.09,0.29,0.0,300.0
0.11,0.29,0.0,300.0
0.13,0.29,0.0,300.0
0.15,0.29,0.0,300.0
0.17,0.29,0.0,300.0
0.19,0.29,0.0,300.0
0.21,0.29,0.0,300.0
0.23,0.29,0.0,300.0
0.25,0.29,0.0,300.0
0.27,0.29,0.0,300.0
0.29,0.29,0.0,300.0
0.31,0.29,0.0,300.0
0.33,0.29,0.0,300.0
0.35,0.29,0.0,300.0
0.37,0.29,0.0,300.0
0.39,0.29,0.0,300.0
0.01,0.31,0.0,300.0
0.03,0.31,0.0,300.0
0.05,0.31,0.0,300.0
0.07,0.31,0.0,300.0
0.09,0.31,0.0,300.0
0.11,0.31,0.0,300.0
0.13,0.31,0.0,300.0
0.15,0.31,0.0,300.0
0.17,0.31,0.0,300.0
0.19,0.31,0.0,300.0
0.21,0.31,0.0,300.0
0.23,0.31,0.0,300.0
0.25,0.31,0.0,300.0
0.27,0.31,0.0,300.0
0.29,0.31,0.0,300.0
0.31,0.31,0.0,300.0
0.33,0.31,0.0,300.0
0.35,0.31,0.0,300.0
0.37,0.31,0.0,300.0
0.39,0.31,0.0,300.0
0.01,0.33,0.0,300.0
0.03,0.33,0.0,300.0
0.05,0.33,0.0,300.0
0.07,0.33,0.0,300.0
0.09,0.33,0.0,300.0
0.11,0.33,0.0,300.0
0.13,0.33,0.0,300.0
0.15,0.33,0.0,300.0
0.17,0.33,0.0,300.0
0.19,0.33,0.0,300.0
0.21,0.33,0.0,300.0
0.23,0.33,0.0,300.0
0.25,0.33,0.0,300.0
0.27,0.33,0.0,300.0
0.29,0.33,0.0,300.0
0.31,0.33,0.0,300.0
0.33,0.33,0.0,300.0
0.35,0.33,0.0,300.0
0.37,0.33,0.0,300.0
0.39,0.33,0.0,300.0
0.01,0.35,0.0,300.0
0.03,0.35,0.0,300.0
0.05,0.35,0.0,300.0
0.07,0.35,0.0,300.0
0.09,0.35,0.0,300.0
0.11,0.35,0.0,300.0
0.13,0.35,0.0,300.0
0.15,0.35,0.0,300.0
0.17,0.35,0.0,300.0
0.19,0.35,0.0,300.0
0.21,0.35,0.0,300.0
0.23,0.35,0.0,300.0
0.25,0.35,0.0,300.0
0.27,0.35,0.0,300.0
0.29,0.35,0.0,300.0
0.31,0.35,0.0,300.0
0.33,0.35,0.0,300.0
0.35,0.35,0.0,300.0
0.37,0.35,0.0,300.0
0.39,0.35,0.0,300.0
0.01,0.37,0.0,300.0
0.03,0.37,0.0,300.0
0.05,0.37,0.0,300.0
0.07,0.37,0.0,300.0
0.09,0.37,0.0,300.0
0.11,0.37,0.0,300.0
0.13,0.37,0.0,300.0
0.15,0.37,0.0,300.0
0.17,0.37,0.0,300.0
0.19,0.37,0.0,300.0
0.21,0.37,0.0,300.0
0.23,0.37,0.0,300.0
0.25,0.37,0.0,300.0
0.27,0.37,0.0,300.0
0.29,0.37,0.0,300.0
0.31,0.37,0.0,300.0
0.33,0.37,0.0,300.0
0.35,0.37,0.0,300.0
0.37,0.37,0.0,300.0
0.39,0.37,0.0,300.0
0.01,0.39,0.0,300.0
0.03,0.39,0.0,300.0
0.05,0.39,0.0,300.0
0.07,0.39,0.0,300.0
0.09,0.39,0.0,300.0
0.11,0.39,0.0,300.0
0.13,0.39,0.0,300.0
0.15,0.39,0.0,300.0
0.17,0.39,0.0,300.0
0.19,0.39,0.0,300.0
0.21,0.39,0.0,300.0
0.23,0.39,0.0,300.0
0.25,0.39,0.0,300.0
0.27,0.39,0.0,300.0
0.29,0.39,0.0,300.0
0.31,0.39,0.0,300.0
0.33,0.39,0.0,300.0
0.35,0.39,0.0,300.0
0.37,0.39,0.0,300.0
0.39,0.39,0.0,300.0
0.01,0.01,1846.1538461538464,320.28229566140493
0.03,0.01,1846.1538461538464,318.0116231553367
0.05,0.01,1846.1538461538464,317.0228951874749
0.07,0.01,1846.1538461538464,316.5754368624597
0.09,0.01,1846.1538461538464,316.36948011859045
0.11,0.01,1846.1538461538464,316.2737451499385
0.13,0.01,1846.1538461538464,316.2289692065617
0.15,0.01,1846.1538461538464,316.2080419034761
0.17,0.01,1846.1538461538464,316.1985221146365
0.19,0.01,1846.1538461538464,316.19483245145085
0.21,0.01,1846.1538461538464,316.19483245145085
0.23,0.01,1846.1538461538464,316.19852211463643
0.25,0.01,1846.1538461538464,316.20804190347604
0.27,0.01,1846.1538461538464,316.2289692065617
0.29,0.01,1846.1538461538464,316.2737451499385
0.31,0.01,1846.1538461538464,316.36948011859045
0.33,0.01,1846.1538461538464,316.5754368624597
0.35,0.01,1846.1538461538464,317.0228951874749
0.37,0.01,1846.1538461538464,318.0116231553367
0.39,0.01,1846.1538461538464,320.28229566140493
0.01,0.03,1846.1538461538464,318.0116231553367
0.03,0.03,1846.1538461538464,312.9194800865936
0.05,0.03,1846.1538461538464,310.4883713441528
0.07,0.03,1846.1538461538464,309.3512762155975
0.09,0.03,1846.1538461538464,308.82081151228937
0.11,0.03,1846.1538461538464,308.5723838467371
0.13,0.03,1846.1538461538464,308.45556427669044
0.15,0.03,1846.1538461538464,308.40073099612005
0.17,0.03,1846.1538461538464,308.3757043943915
0.19,0.03,1846.1538461538464,308.3659832473042
0.21,0.03,1846.1538461538464,308.3659832473042
0.23,0.03,1846.1538461538464,308.3757043943915
0.25,0.03,1846.1538461538464,308.40073099612
0.27,0.03,1846.1538461538464,308.45556427669044
0.29,0.03,1846.1538461538464,308.5723838467371
0.31,0.03,1846.1538461538464,308.82081151228937
0.33,0.03,1846.1538461538464,309.3512762155975
0.35,0.03,1846.1538461538464,310.4883713441528
0.37,0.03,1846.1538461538464,312.9194800865935
0.39,0.03,1846.1538461538464,318.0116231553367
0.01,0.05,1846.1538461538464,317.0228951874749
0.03,0.05,1846.1538461538464,310.4883713441528
0.05,0.05,1846.1538461538464,307.267540028963
0.07,0.05,1846.1538461538464,305.7260160050417
0.09,0.05,1846.1538461538464,304.9925520976712
0.11,0.05,1846.1538461538464,304.6435791704675
0.13,0.05,1846.1538461538464,304.47745475063346
0.15,0.05,1846.1538461538464,304.3987453497841
0.17,0.05,1846.1538461538464,304.3625736180884
0.19,0.05,1846.1538461538464,304.3484617062929
0.21,0.05,1846.1538461538464,304.3484617062929
0.23,0.05,1846.1538461538464,304.36257361808845
0.25,0.05,1846.1538461538464,304.39874534978406
0.27,0.05,1846.1538461538464,304.47745475063346
0.29,0.05,1846.1538461538464,304.64357917046743
0.31,0.05,1846.1538461538464,304.9925520976712
0.33,0.05,1846.1538461538464,305.72601600504163
0.35,0.05,1846.1538461538464,307.267540028963
0.37,0.05,1846.1538461538464,310.4883713441528
0.39,0.05,1846.1538461538464,317.0228951874749
0.01,0.07,1846.1538461538464,316.5754368624597
0.03,0.07,1846.1538461538464,309.3512762155976
0.05,0.07,1846.1538461538464,305.7260160050417
0.07,0.07,1846.1538461538464,303.9570294513952
0.09,0.07,1846.1538461538464,303.100322996454
0.11,0.07,1846.1538461538464,302.6865407805101
0.13,0.07,1846.1538461538464,302.4871038271511
0.15,0.07,1846.1538461538464,302.3916583366378
0.17,0.07,1846.1538461538464,302.3474561449093
0.19,0.07,1846.1538461538464,302.3301238947368
0.21,0.07,1846.1538461538464,302.3301238947368
0.23,0.07,1846.1538461538464,302.34745614490936
0.25,0.07,1846.1538461538464,302.3916583366379
0.27,0.07,1846.1538461538464,302.4871038271511
0.29,0.07,1846.1538461538464,302.68654078051003
0.31,0.07,1846.1538461538464,303.10032299645394
0.33,0.07,1846.1538461538464,303.9570294513951
0.35,0.07,1846.1538461538464,305.72601600504163
0.37,0.07,1846.1538461538464,309.3512762155975
0.39,0.07,1846.1538461538464,316.5754368624597
0.01,0.09,1846.1538461538464,316.36948011859045
0.03,0.09,1846.1538461538464,308.82081151228937
0.05,0.09,1846.1538461538464,304.9925520976712
0.07,0.09,1846.1538461538464,303.100322996454
0.09,0.09,1846.1538461538464,302.1722201841002
0.11,0.09,1846.1538461538464,301.71869754290543
0.13,0.09,1846.1538461538464,301.49783807917146
0.15,0.09,1846.1538461538464,301.39120164254905
0.17,0.09,1846.1538461538464,301.34146478095874
0.19,0.09,1846.1538461538464,301.321868484079
0.21,0.09,1846.1538461538464,301.32186848407906
0.23,0.09,1846.1538461538464,301.3414647809588
0.25,0.09,1846.1538461538464,301.3912016425491
0.27,0.09,1846.1538461538464,301.49783807917146
0.29,0.09,1846.1538461538464,301.7186975429054
0.31,0.09,1846.1538461538464,302.1722201841001
0.33,0.09,1846.1538461538464,303.100322996454
0.35,0.09,1846.1538461538464,304.9925520976712
0.37,0.09,1846.1538461538464,308.8208115122893
0.39,0.09,1846.1538461538464,316.36948011859045
0.01,0.11,1846.1538461538464,316.2737451499385
0.03,0.11,1846.1538461538464,308.5723838467372
0.05,0.11,1846.1538461538464,304.6435791704675
0.07,0.11,1846.1538461538464,302.68654078051003
0.09,0.11,1846.1538461538464,301.71869754290543
0.11,0.11,1846.1538461538464,301.24188925195403
0.13,0.11,1846.1538461538464,301.0078990244471
0.15,0.11,1846.1538461538464,300.894135839234
0.17,0.11,1846.1538461538464,300.84076582347245
0.19,0.11,1846.1538461538464,300.8196530579559
0.21,0.11,1846.1538461538464,300.819653057956
0.23,0.11,1846.1538461538464,300.8407658234725
0.25,0.11,1846.1538461538464,300.8941358392341
0.27,0.11,1846.1538461538464,301.0078990244472
0.29,0.11,1846.1538461538464,301.24188925195403
0.31,0.11,1846.1538461538464,301.71869754290543
0.33,0.11,1846.1538461538464,302.6865407805101
0.35,0.11,1846.1538461538464,304.64357917046743
0.37,0.11,1846.1538461538464,308.5723838467371
0.39,0.11,1846.1538461538464,316.2737451499385
0.01,0.13,1846.1538461538464,316.2289692065617
0.03,0.13,1846.1538461538464,308.45556427669044
0.05,0.13,1846.1538461538464,304.47745475063346
0.07,0.13,1846.1538461538464,302.4871038271511
0.09,0.13,1846.1538461538464,301.4978380791715
0.11,0.13,1846.1538461538464,301.0078990244472
0.13,0.13,1846.1538461538464,300.7661952146043
0.15,0.13,1846.1538461538464,300.6480938657513
0.17,0.13,1846.1538461538464,300.59244807402627
0.19,0.13,1846.1538461538464,300.5703670362247
0.21,0.13,1846.1538461538464,300.57036703622475
0.23,0.13,1846.1538461538464,300.5924480740263
0.25,0.13,1846.1538461538464,300.6480938657514
0.27,0.13,1846.1538461538464,300.7661952146043
0.29,0.13,1846.1538461538464,301.0078990244472
0.31,0.13,1846.1538461538464,301.4978380791715
0.33,0.13,1846.1538461538464,302.48710382715115
0.35,0.13,1846.1538461538464,304.47745475063346
0.37,0.13,1846.1538461538464,308.45556427669044
0.39,0.13,1846.1538461538464,316.2289692065617
0.01,0.15,1846.1538461538464,316.20804190347604
0.03,0.15,1846.1538461538464,308.40073099612
0.05,0.15,1846.1538461538464,304.3987453497841
0.07,0.15,1846.1538461538464,302.3916583366379
0.09,0.15,1846.1538461538464,301.3912016425491
0.11,0.15,1846.1538461538464,300.8941358392341
0.13,0.15,1846.1538461538464,300.6480938657514
0.15,0.15,1846.1538461538464,300.52747482293967
0.17,0.15,1846.1538461538464,300.4704741686584
0.19,0.15,1846.1538461538464,300.44780674597087
0.21,0.15,1846.1538461538464,300.44780674597087
0.23,0.15,1846.1538461538464,300.4704741686584
0.25,0.15,1846.1538461538464,300.5274748229397
0.27,0.15,1846.1538461538464,300.6480938657514
0.29,0.15,1846.1538461538464,300.8941358392341
0.31,0.15,1846.1538461538464,301.3912016425491
0.33,0.15,1846.1538461538464,302.3916583366379
0.35,0.15,1846.1538461538464,304.39874534978406
0.37,0.15,1846.1538461538464,308.40073099612
0.39,0.15,1846.1538461538464,316.20804190347604
0.01,0.17,1846.1538461538464,316.19852211463643
0.03,0.17,1846.1538461538464,308.37570439439145
0.05,0.17,1846.1538461538464,304.36257361808845
0.07,0.17,1846.1538461538464,302.3474561449093
0.09,0.17,1846.1538461538464,301.3414647809588
0.11,0.17,1846.1538461538464,300.84076582347245
0.13,0.17,1846.1538461538464,300.5924480740263
0.15,0.17,1846.1538461538464,300.4704741686584
0.17,0.17,1846.1538461538464,300.4127291532483
0.19,0.17,1846.1538461538464,300.3897350745665
0.21,0.17,1846.1538461538464,300.3897350745665
0.23,0.17,1846.1538461538464,300.4127291532483
0.25,0.17,1846.1538461538464,300.4704741686584
0.27,0.17,1846.1538461538464,300.59244807402627
0.29,0.17,1846.1538461538464,300.8407658234725
0.31,0.17,1846.1538461538464,301.34146478095874
0.33,0.17,1846.1538461538464,302.3474561449093
0.35,0.17,1846.1538461538464,304.3625736180884
0.37,0.17,1846.1538461538464,308.37570439439145
0.39,0.17,1846.1538461538464,316.19852211463643
0.01,0.19,1846.1538461538464,316.1948324514508
0.03,0.19,1846.1538461538464,308.36598324730414
0.05,0.19,1846.1538461538464,304.3484617062928
0.07,0.19,1846.1538461538464,302.33012389473674
0.09,0.19,1846.1538461538464,301.32186848407906
0.11,0.19,1846.1538461538464,300.8196530579559
0.13,0.19,1846.1538461538464,300.57036703622475
0.15,0.19,1846.1538461538464,300.44780674597087
0.17,0.19,1846.1538461538464,300.38973507456654
0.19,0.19,1846.1538461538464,300.3665963151656
0.21,0.19,1846.1538461538464,300.3665963151656
0.23,0.19,1846.1538461538464,300.38973507456654
0.25,0.19,1846.1538461538464,300.44780674597087
0.27,0.19,1846.1538461538464,300.57036703622475
0.29,0.19,1846.1538461538464,300.8196530579559
0.31,0.19,1846.1538461538464,301.321868484079
0.33,0.19,1846.1538461538464,302.33012389473674
0.35,0.19,1846.1538461538464,304.3484617062928
0.37,0.19,1846.1538461538464,308.36598324730414
0.39,0.19,1846.1538461538464,316.1948324514508
0.01,0.21,1846.1538461538464,316.1948324514508
0.03,0.21,1846.1538461538464,308.36598324730414
0.05,0.21,1846.1538461538464,304.3484617062928
0.07,0.21,1846.1538461538464,302.3301238947367
0.09,0.21,1846.1538461538464,301.321868484079
0.11,0.21,1846.1538461538464,300.8196530579559
0.13,0.21,1846.1538461538464,300.57036703622475
0.15,0.21,1846.1538461538464,300.44780674597087
0.17,0.21,1846.1538461538464,300.3897350745665
0.19,0.21,1846.1538461538464,300.3665963151656
0.21,0.21,1846.1538461538464,300.3665963151656
0.23,0.21,1846.1538461538464,300.38973507456654
0.25,0.21,1846.1538461538464,300.44780674597087
0.27,0.21,1846.1538461538464,300.57036703622475
0.29,0.21,1846.1538461538464,300.8196530579559
0.31,0.21,1846.1538461538464,301.321868484079
0.33,0.21,1846.1538461538464,302.33012389473674
0.35,0.21,1846.1538461538464,304.3484617062929
0.37,0.21,1846.1538461538464,308.3659832473042
0.39,0.21,1846.1538461538464,316.1948324514508
0.01,0.23,1846.1538461538464,316.19852211463643
0.03,0.23,1846.1538461538464,308.3757043943915
0.05,0.23,1846.1538461538464,304.3625736180884
0.07,0.23,1846.1538461538464,302.34745614490924
0.09,0.23,1846.1538461538464,301.3414647809587
0.11,0.23,1846.1538461538464,300.8407658234724
0.13,0.23,1846.1538461538464,300.59244807402627
0.15,0.23,1846.1538461538464,300.4704741686583
0.17,0.23,1846.1538461538464,300.4127291532482
0.19,0.23,1846.1538461538464,300.38973507456643
0.21,0.23,1846.1538461538464,300.3897350745665
0.23,0.23,1846.1538461538464,300.4127291532482
0.25,0.23,1846.1538461538464,300.4704741686584
0.27,0.23,1846.1538461538464,300.59244807402627
0.29,0.23,1846.1538461538464,300.84076582347245
0.31,0.23,1846.1538461538464,301.34146478095874
0.33,0.23,1846.1538461538464,302.3474561449093
0.35,0.23,1846.1538461538464,304.36257361808845
0.37,0.23,1846.1538461538464,308.3757043943915
0.39,0.23,1846.1538461538464,316.19852211463643
0.01,0.25,1846.1538461538464,316.20804190347604
0.03,0.25,1846.1538461538464,308.40073099612
0.05,0.25,1846.1538461538464,304.39874534978406
0.07,0.25,1846.1538461538464,302.3916583366378
0.09,0.25,1846.1538461538464,301.391201642549
0.11,0.25,1846.1538461538464,300.894135839234
0.13,0.25,1846.1538461538464,300.6480938657513
0.15,0.25,1846.1538461538464,300.52747482293967
0.17,0.25,1846.1538461538464,300.4704741686583
0.19,0.25,1846.1538461538464,300.4478067459708
0.21,0.25,1846.1538461538464,300.4478067459708
0.23,0.25,1846.1538461538464,300.4704741686583
0.25,0.25,1846.1538461538464,300.52747482293967
0.27,0.25,1846.1538461538464,300.6480938657513
0.29,0.25,1846.1538461538464,300.894135839234
0.31,0.25,1846.1538461538464,301.39120164254905
0.33,0.25,1846.1538461538464,302.3916583366378
0.35,0.25,1846.1538461538464,304.39874534978406
0.37,0.25,1846.1538461538464,308.40073099612
0.39,0.25,1846.1538461538464,316.2080419034761
0.01,0.27,1846.1538461538464,316.2289692065617
0.03,0.27,1846.1538461538464,308.45556427669044
0.05,0.27,1846.1538461538464,304.47745475063346
0.07,0.27,1846.1538461538464,302.48710382715103
0.09,0.27,1846.1538461538464,301.4978380791714
0.11,0.27,1846.1538461538464,301.0078990244471
0.13,0.27,1846.1538461538464,300.76619521460424
0.15,0.27,1846.1538461538464,300.6480938657513
0.17,0.27,1846.1538461538464,300.59244807402627
0.19,0.27,1846.1538461538464,300.5703670362247
0.21,0.27,1846.1538461538464,300.57036703622475
0.23,0.27,1846.1538461538464,300.59244807402627
0.25,0.27,1846.1538461538464,300.6480938657513
0.27,0.27,1846.1538461538464,300.76619521460424
0.29,0.27,1846.1538461538464,301.0078990244471
0.31,0.27,1846.1538461538464,301.4978380791714
0.33,0.27,1846.1538461538464,302.48710382715103
0.35,0.27,1846.1538461538464,304.47745475063346
0.37,0.27,1846.1538461538464,308.45556427669044
0.39,0.27,1846.1538461538464,316.2289692065617
0.01,0.29,1846.1538461538464,316.2737451499385
0.03,0.29,1846.1538461538464,308.5723838467371
0.05,0.29,1846.1538461538464,304.6435791704675
0.07,0.29,1846.1538461538464,302.6865407805101
0.09,0.29,1846.1538461538464,301.7186975429054
0.11,0.29,1846.1538461538464,301.241889251954
0.13,0.29,1846.1538461538464,301.0078990244472
0.15,0.29,1846.1538461538464,300.8941358392341
0.17,0.29,1846.1538461538464,300.84076582347245
0.19,0.29,1846.1538461538464,300.819653057956
0.21,0.29,1846.1538461538464,300.819653057956
0.23,0.29,1846.1538461538464,300.84076582347245
0.25,0.29,1846.1538461538464,300.894135839234
0.27,0.29,1846.1538461538464,301.0078990244472
0.29,0.29,1846.1538461538464,301.2418892519539
0.31,0.29,1846.1538461538464,301.7186975429053
0.33,0.29,1846.1538461538464,302.68654078051
0.35,0.29,1846.1538461538464,304.64357917046743
0.37,0.29,1846.1538461538464,308.5723838467371
0.39,0.29,1846.1538461538464,316.2737451499385
0.01,0.31,1846.1538461538464,316.36948011859045
0.03,0.31,1846.1538461538464,308.82081151228937
0.05,0.31,1846.1538461538464,304.9925520976712
0.07,0.31,1846.1538461538464,303.100322996454
0.09,0.31,1846.1538461538464,302.1722201841001
0.11,0.31,1846.1538461538464,301.7186975429054
0.13,0.31,1846.1538461538464,301.4978380791715
0.15,0.31,1846.1538461538464,301.3912016425491
0.17,0.31,1846.1538461538464,301.34146478095874
0.19,0.31,1846.1538461538464,301.32186848407906
0.21,0.31,1846.1538461538464,301.321868484079
0.23,0.31,1846.1538461538464,301.34146478095874
0.25,0.31,1846.1538461538464,301.3912016425491
0.27,0.31,1846.1538461538464,301.49783807917146
0.29,0.31,1846.1538461538464,301.7186975429054
0.31,0.31,1846.1538461538464,302.1722201841001
0.33,0.31,1846.1538461538464,303.10032299645394
0.35,0.31,1846.1538461538464,304.9925520976712
0.37,0.31,1846.1538461538464,308.82081151228937
0.39,0.31,1846.1538461538464,316.36948011859045
0.01,0.33,1846.1538461538464,316.5754368624597
0.03,0.33,1846.1538461538464,309.3512762155976
0.05,0.33,1846.1538461538464,305.7260160050417
0.07,0.33,1846.1538461538464,303.9570294513951
0.09,0.33,1846.1538461538464,303.100322996454
0.11,0.33,1846.1538461538464,302.68654078051003
0.13,0.33,1846.1538461538464,302.4871038271511
0.15,0.33,1846.1538461538464,302.3916583366379
0.17,0.33,1846.1538461538464,302.3474561449093
0.19,0.33,1846.1538461538464,302.33012389473674
0.21,0.33,1846.1538461538464,302.33012389473674
0.23,0.33,1846.1538461538464,302.34745614490924
0.25,0.33,1846.1538461538464,302.3916583366378
0.27,0.33,1846.1538461538464,302.48710382715103
0.29,0.33,1846.1538461538464,302.68654078051
0.31,0.33,1846.1538461538464,303.10032299645394
0.33,0.33,1846.1538461538464,303.9570294513951
0.35,0.33,1846.1538461538464,305.72601600504163
0.37,0.33,1846.1538461538464,309.3512762155975
0.39,0.33,1846.1538461538464,316.57543686245964
0.01,0.35,1846.1538461538464,317.0228951874749
0.03,0.35,1846.1538461538464,310.4883713441528
0.05,0.35,1846.1538461538464,307.267540028963
0.07,0.35,1846.1538461538464,305.72601600504163
0.09,0.35,1846.1538461538464,304.9925520976712
0.11,0.35,1846.1538461538464,304.64357917046743
0.13,0.35,1846.1538461538464,304.4774547506335
0.15,0.35,1846.1538461538464,304.39874534978406
0.17,0.35,1846.1538461538464,304.3625736180884
0.19,0.35,1846.1538461538464,304.3484617062928
0.21,0.35,1846.1538461538464,304.3484617062928
0.23,0.35,1846.1538461538464,304.3625736180884
0.25,0.35,1846.1538461538464,304.39874534978406
0.27,0.35,1846.1538461538464,304.4774547506334
0.29,0.35,1846.1538461538464,304.64357917046743
0.31,0.35,1846.1538461538464,304.9925520976712
0.33,0.35,1846.1538461538464,305.7260160050417
0.35,0.35,1846.1538461538464,307.267540028963
0.37,0.35,1846.1538461538464,310.4883713441528
0.39,0.35,1846.1538461538464,317.02289518747483
0.01,0.37,1846.1538461538464,318.0116231553367
0.03,0.37,1846.1538461538464,312.9194800865935
0.05,0.37,1846.1538461538464,310.4883713441528
0.07,0.37,1846.1538461538464,309.3512762155975
0.09,0.37,1846.1538461538464,308.8208115122893
0.11,0.37,1846.1538461538464,308.5723838467371
0.13,0.37,1846.1538461538464,308.45556427669044
0.15,0.37,1846.1538461538464,308.40073099612
0.17,0.37,1846.1538461538464,308.37570439439145
0.19,0.37,1846.1538461538464,308.36598324730414
0.21,0.37,1846.1538461538464,308.3659832473042
0.23,0.37,1846.1538461538464,308.3757043943915
0.25,0.37,1846.1538461538464,308.40073099612005
0.27,0.37,1846.1538461538464,308.45556427669044
0.29,0.37,1846.1538461538464,308.5723838467371
0.31,0.37,1846.1538461538464,308.82081151228937
0.33,0.37,1846.1538461538464,309.3512762155976
0.35,0.37,1846.1538461538464,310.4883713441528
0.37,0.37,1846.1538461538464,312.9194800865935
0.39,0.37,1846.1538461538464,318.0116231553367
0.01,0.39,1846.1538461538464,320.28229566140493
0.03,0.39,1846.1538461538464,318.0116231553367
0.05,0.39,1846.1538461538464,317.0228951874749
0.07,0.39,1846.1538461538464,316.5754368624597
0.09,0.39,1846.1538461538464,316.36948011859045
0.11,0.39,1846.1538461538464,316.2737451499385
0.13,0.39,1846.1538461538464,316.2289692065617
0.15,0.39,1846.1538461538464,316.20804190347604
0.17,0.39,1846.1538461538464,316.19852211463643
0.19,0.39,1846.1538461538464,316.1948324514508
0.21,0.39,1846.1538461538464,316.1948324514508
0.23,0.39,1846.1538461538464,316.1985221146365
0.25,0.39,1846.1538461538464,316.2080419034761
0.27,0.39,1846.1538461538464,316.2289692065617
0.29,0.39,1846.1538461538464,316.2737451499385
0.31,0.39,1846.1538461538464,316.3694801185905
0.33,0.39,1846.1538461538464,316.5754368624597
0.35,0.39,1846.1538461538464,317.0228951874749
0.37,0.39,1846.1538461538464,318.0116231553367
0.39,0.39,1846.1538461538464,320.28229566140493
0.01,0.01,3692.307692307693,323.5764062658002
0.03,0.01,3692.307692307693,323.0147182108161
0.05,0.01,3692.307692307693,322.3285539978049
0.07,0.01,3692.307692307693,321.80035144618785
0.09,0.01,3692.307692307693,321.450100042122
0.11,0.01,3692.307692307693,321.2351771978777
0.13,0.01,3692.307692307693,321.10975590605454
0.15,0.01,3692.307692307693,321.03966982165133
0.17,0.01,3692.307692307693,321.0030410854202
0.19,0.01,3692.307692307693,320.987477584758
0.21,0.01,3692.307692307693,320.987477584758
0.23,0.01,3692.307692307693,321.0030410854202
0.25,0.01,3692.307692307693,321.0396698216513
0.27,0.01,3692.307692307693,321.10975590605454
0.29,0.01,3692.307692307693,321.23517719787765
0.31,0.01,3692.307692307693,321.450100042122
0.33,0.01,3692.307692307693,321.80035144618785
0.35,0.01,3692.307692307693,322.3285539978049
0.37,0.01,3692.307692307693,323.01471821081617
0.39,0.01,3692.307692307693,323.5764062658002
0.01,0.03,3692.307692307693,323.0147182108161
0.03,0.03,3692.307692307693,320.9342511887156
0.05,0.03,3692.307692307693,318.86029219986983
0.07,0.03,3692.307692307693,317.3142177035373
0.09,0.03,3692.307692307693,316.3013502781613
0.11,0.03,3692.307692307693,315.6844847787431
0.13,0.03,3692.307692307693,315.326412539862
0.15,0.03,3692.307692307693,315.12705286299826
0.17,0.03,3692.307692307693,315.0231071474274
0.19,0.03,3692.307692307693,314.9789979152204
0.21,0.03,3692.307692307693,314.9789979152203
0.23,0.03,3692.307692307693,315.0231071474274
0.25,0.03,3692.307692307693,315.12705286299826
0.27,0.03,3692.307692307693,315.326412539862
0.29,0.03,3692.307692307693,315.68448477874307
0.31,0.03,3692.307692307693,316.30135027816124
0.33,0.03,3692.307692307693,317.3142177035372
0.35,0.03,3692.307692307693,318.86029219986983
0.37,0.03,3692.307692307693,320.9342511887156
0.39,0.03,3692.307692307693,323.01471821081617
0.01,0.05,3692.307692307693,322.3285539978049
0.03,0.05,3692.307692307693,318.86029219986983
0.05,0.05,3692.307692307693,315.641582704475
0.07,0.05,3692.307692307693,313.30111096768127
0.09,0.05,3692.307692307693,311.79086437917107
0.11,0.05,3692.307692307693,310.8811136025395
0.13,0.05,3692.307692307693,310.3570438890095
0.15,0.05,3692.307692307693,310.06668354680454
0.17,0.05,3692.307692307693,309.9157185074189
0.19,0.05,3692.307692307693,309.85174734897527
0.21,0.05,3692.307692307693,309.85174734897527
0.23,0.05,3692.307692307693,309.91571850741894
0.25,0.05,3692.307692307693,310.06668354680454
0.27,0.05,3692.307692307693,310.3570438890095
0.29,0.05,3692.307692307693,310.8811136025394
0.31,0.05,3692.307692307693,311.79086437917107
0.33,0.05,3692.307692307693,313.30111096768127
0.35,0.05,3692.307692307693,315.64158270447496
0.37,0.05,3692.307692307693,318.8602921998698
0.39,0.05,3692.307692307693,322.3285539978049
0.01,0.07,3692.307692307693,321.80035144618785
0.03,0.07,3692.307692307693,317.3142177035372
0.05,0.07,3692.307692307693,313.30111096768127
0.07,0.07,3692.307692307693,310.4388344664447
0.09,0.07,3692.307692307693,308.6186848458655
0.11,0.07,3692.307692307693,307.5330126104095
0.13,0.07,3692.307692307693,306.9111801404841
0.15,0.07,3692.307692307693,306.56768160990794
0.17,0.07,3692.307692307693,306.389334595686
0.19,0.07,3692.307692307693,306.31380040138936
0.21,0.07,3692.307692307693,306.31380040138936
0.23,0.07,3692.307692307693,306.389334595686
0.25,0.07,3692.307692307693,306.56768160990794
0.27,0.07,3692.307692307693,306.911180140484
0.29,0.07,3692.307692307693,307.5330126104094
0.31,0.07,3692.307692307693,308.6186848458655
0.33,0.07,3692.307692307693,310.43883446644463
0.35,0.07,3692.307692307693,313.30111096768127
0.37,0.07,3692.307692307693,317.3142177035372
0.39,0.07,3692.307692307693,321.80035144618785
0.01,0.09,3692.307692307693,321.450100042122
0.03,0.09,3692.307692307693,316.30135027816124
0.05,0.09,3692.307692307693,311.79086437917107
0.07,0.09,3692.307692307693,308.6186848458655
0.09,0.09,3692.307692307693,306.6208320067012
0.11,0.09,3692.307692307693,305.4349605323973
0.13,0.09,3692.307692307693,304.7569954875155
0.15,0.09,3692.307692307693,304.38261155777127
0.17,0.09,3692.307692307693,304.1881688188929
0.19,0.09,3692.307692307693,304.10578445850007
0.21,0.09,3692.307692307693,304.1057844585002
0.23,0.09,3692.307692307693,304.1881688188929
0.25,0.09,3692.307692307693,304.3826115577713
0.27,0.09,3692.307692307693,304.75699548751544
0.29,0.09,3692.307692307693,305.4349605323972
0.31,0.09,3692.307692307693,306.6208320067012
0.33,0.09,3692.307692307693,308.6186848458655
0.35,0.09,3692.307692307693,311.790864379171
0.37,0.09,3692.307692307693,316.30135027816124
0.39,0.09,3692.307692307693,321.4501000421219
0.01,0.11,3692.307692307693,321.23517719787765
0.03,0.11,3692.307692307693,315.68448477874307
0.05,0.11,3692.307692307693,310.8811136025394
0.07,0.11,3692.307692307693,307.53301261040946
0.09,0.11,3692.307692307693,305.43496053239727
0.11,0.11,3692.307692307693,304.19167000103994
0.13,0.11,3692.307692307693,303.4807929683212
0.15,0.11,3692.307692307693,303.08789335219643
0.17,0.11,3692.307692307693,302.8836237209909
0.19,0.11,3692.307692307693,302.79700623313585
0.21,0.11,3692.307692307693,302.79700623313585
0.23,0.11,3692.307692307693,302.8836237209909
0.25,0.11,3692.307692307693,303.08789335219643
0.27,0.11,3692.307692307693,303.4807929683212
0.29,0.11,3692.307692307693,304.1916700010399
0.31,0.11,3692.307692307693,305.4349605323972
0.33,0.11,3692.307692307693,307.53301261040946
0.35,0.11,3692.307692307693,310.8811136025394
0.37,0.11,3692.307692307693,315.68448477874307
0.39,0.11,3692.307692307693,321.23517719787765
0.01,0.13,3692.307692307693,321.10975590605454
0.03,0.13,3692.307692307693,315.326412539862
0.05,0.13,3692.307692307693,310.35704388900945
0.07,0.13,3692.307692307693,306.911180140484
0.09,0.13,3692.307692307693,304.75699548751544
0.11,0.13,3692.307692307693,303.4807929683212
0.13,0.13,3692.307692307693,302.7505498154292
0.15,0.13,3692.307692307693,302.34648378006943
0.17,0.13,3692.307692307693,302.1361667647192
0.19,0.13,3692.307692307693,302.04690888726503
0.21,0.13,3692.307692307693,302.0469088872651
0.23,0.13,3692.307692307693,302.1361667647192
0.25,0.13,3692.307692307693,302.3464837800695
0.27,0.13,3692.307692307693,302.7505498154293
0.29,0.13,3692.307692307693,303.4807929683212
0.31,0.13,3692.307692307693,304.75699548751544
0.33,0.13,3692.307692307693,306.911180140484
0.35,0.13,3692.307692307693,310.35704388900945
0.37,0.13,3692.307692307693,315.326412539862
0.39,0.13,3692.307692307693,321.10975590605454
0.01,0.15,3692.307692307693,321.0396698216513
0.03,0.15,3692.307692307693,315.1270528629982
0.05,0.15,3692.307692307693,310.0666835468045
0.07,0.15,3692.307692307693,306.5676816099079
0.09,0.15,3692.307692307693,304.38261155777127
0.11,0.15,3692.307692307693,303.0878933521964
0.13,0.15,3692.307692307693,302.34648378006943
0.15,0.15,3692.307692307693,301.9358279716434
0.17,0.15,3692.307692307693,301.7218728144459
0.19,0.15,3692.307692307693,301.631005844406
0.21,0.15,3692.307692307693,301.631005844406
0.23,0.15,3692.307692307693,301.7218728144459
0.25,0.15,3692.307692307693,301.93582797164345
0.27,0.15,3692.307692307693,302.3464837800695
0.29,0.15,3692.307692307693,303.0878933521964
0.31,0.15,3692.307692307693,304.38261155777127
0.33,0.15,3692.307692307693,306.5676816099079
0.35,0.15,3692.307692307693,310.0666835468045
0.37,0.15,3692.307692307693,315.1270528629982
0.39,0.15,3692.307692307693,321.0396698216513
0.01,0.17,3692.307692307693,321.0030410854202
0.03,0.17,3692.307692307693,315.02310714742737
0.05,0.17,3692.307692307693,309.9157185074189
0.07,0.17,3692.307692307693,306.389334595686
0.09,0.17,3692.307692307693,304.18816881889285
0.11,0.17,3692.307692307693,302.8836237209909
0.13,0.17,3692.307692307693,302.1361667647192
0.15,0.17,3692.307692307693,301.7218728144459
0.17,0.17,3692.307692307693,301.5058766526181
0.19,0.17,3692.307692307693,301.4140972271143
0.21,0.17,3692.307692307693,301.4140972271143
0.23,0.17,3692.307692307693,301.5058766526181
0.25,0.17,3692.307692307693,301.7218728144459
0.27,0.17,3692.307692307693,302.1361667647192
0.29,0.17,3692.307692307693,302.88362372099084
0.31,0.17,3692.307692307693,304.1881688188929
0.33,0.17,3692.307692307693,306.389334595686
0.35,0.17,3692.307692307693,309.9157185074189
0.37,0.17,3692.307692307693,315.02310714742737
0.39,0.17,3692.307692307693,321.0030410854202
0.01,0.19,3692.307692307693,320.987477584758
0.03,0.19,3692.307692307693,314.9789979152203
0.05,0.19,3692.307692307693,309.8517473489752
0.07,0.19,3692.307692307693,306.3138004013893
0.09,0.19,3692.307692307693,304.1057844585
0.11,0.19,3692.307692307693,302.79700623313585
0.13,0.19,3692.307692307693,302.04690888726503
0.15,0.19,3692.307692307693,301.631005844406
0.17,0.19,3692.307692307693,301.4140972271143
0.19,0.19,3692.307692307693,301.3219069308624
0.21,0.19,3692.307692307693,301.3219069308624
0.23,0.19,3692.307692307693,301.4140972271143
0.25,0.19,3692.307692307693,301.631005844406
0.27,0.19,3692.307692307693,302.04690888726503
0.29,0.19,3692.307692307693,302.7970062331358
0.31,0.19,3692.307692307693,304.10578445850007
0.33,0.19,3692.307692307693,306.31380040138924
0.35,0.19,3692.307692307693,309.8517473489752
0.37,0.19,3692.307692307693,314.9789979152203
0.39,0.19,3692.307692307693,320.987477584758
0.01,0.21,3692.307692307693,320.987477584758
0.03,0.21,3692.307692307693,314.9789979152203
0.05,0.21,3692.307692307693,309.8517473489752
0.07,0.21,3692.307692307693,306.31380040138924
0.09,0.21,3692.307692307693,304.1057844585
0.11,0.21,3692.307692307693,302.79700623313585
0.13,0.21,3692.307692307693,302.04690888726503
0.15,0.21,3692.307692307693,301.631005844406
0.17,0.21,3692.307692307693,301.4140972271143
0.19,0.21,3692.307692307693,301.3219069308623
0.21,0.21,3692.307692307693,301.3219069308624
0.23,0.21,3692.307692307693,301.4140972271143
0.25,0.21,3692.307692307693,301.631005844406
0.27,0.21,3692.307692307693,302.04690888726503
0.29,0.21,3692.307692307693,302.7970062331358
0.31,0.21,3692.307692307693,304.10578445850007
0.33,0.21,3692.307692307693,306.31380040138924
0.35,0.21,3692.307692307693,309.8517473489752
0.37,0.21,3692.307692307693,314.9789979152203
0.39,0.21,3692.307692307693,320.987477584758
0.01,0.23,3692.307692307693,321.0030410854202
0.03,0.23,3692.307692307693,315.02310714742737
0.05,0.23,3692.307692307693,309.91571850741883
0.07,0.23,3692.307692307693,306.3893345956859
0.09,0.23,3692.307692307693,304.18816881889285
0.11,0.23,3692.307692307693,302.88362372099084
0.13,0.23,3692.307692307693,302.1361667647192
0.15,0.23,3692.307692307693,301.7218728144458
0.17,0.23,3692.307692307693,301.50587665261804
0.19,0.23,3692.307692307693,301.41409722711427
0.21,0.23,3692.307692307693,301.41409722711427
0.23,0.23,3692.307692307693,301.50587665261804
0.25,0.23,3692.307692307693,301.7218728144458
0.27,0.23,3692.307692307693,302.1361667647191
0.29,0.23,3692.307692307693,302.88362372099084
0.31,0.23,3692.307692307693,304.18816881889285
0.33,0.23,3692.307692307693,306.3893345956859
0.35,0.23,3692.307692307693,309.9157185074189
0.37,0.23,3692.307692307693,315.02310714742737
0.39,0.23,3692.307692307693,321.0030410854202
0.01,0.25,3692.307692307693,321.0396698216512
0.03,0.25,3692.307692307693,315.1270528629982
0.05,0.25,3692.307692307693,310.0666835468045
0.07,0.25,3692.307692307693,306.56768160990777
0.09,0.25,3692.307692307693,304.3826115577712
0.11,0.25,3692.307692307693,303.0878933521964
0.13,0.25,3692.307692307693,302.3464837800695
0.15,0.25,3692.307692307693,301.9358279716434
0.17,0.25,3692.307692307693,301.7218728144458
0.19,0.25,3692.307692307693,301.631005844406
0.21,0.25,3692.307692307693,301.631005844406
0.23,0.25,3692.307692307693,301.7218728144458
0.25,0.25,3692.307692307693,301.9358279716434
0.27,0.25,3692.307692307693,302.34648378006943
0.29,0.25,3692.307692307693,303.0878933521964
0.31,0.25,3692.307692307693,304.3826115577712
0.33,0.25,3692.307692307693,306.5676816099078
0.35,0.25,3692.307692307693,310.0666835468045
0.37,0.25,3692.307692307693,315.1270528629982
0.39,0.25,3692.307692307693,321.0396698216513
0.01,0.27,3692.307692307693,321.10975590605454
0.03,0.27,3692.307692307693,315.326412539862
0.05,0.27,3692.307692307693,310.35704388900945
0.07,0.27,3692.307692307693,306.911180140484
0.09,0.27,3692.307692307693,304.75699548751544
0.11,0.27,3692.307692307693,303.4807929683211
0.13,0.27,3692.307692307693,302.7505498154292
0.15,0.27,3692.307692307693,302.34648378006943
0.17,0.27,3692.307692307693,302.1361667647192
0.19,0.27,3692.307692307693,302.04690888726503
0.21,0.27,3692.307692307693,302.04690888726503
0.23,0.27,3692.307692307693,302.1361667647192
0.25,0.27,3692.307692307693,302.3464837800695
0.27,0.27,3692.307692307693,302.7505498154292
0.29,0.27,3692.307692307693,303.4807929683211
0.31,0.27,3692.307692307693,304.7569954875154
0.33,0.27,3692.307692307693,306.911180140484
0.35,0.27,3692.307692307693,310.35704388900945
0.37,0.27,3692.307692307693,315.326412539862
0.39,0.27,3692.307692307693,321.10975590605454
0.01,0.29,3692.307692307693,321.23517719787765
0.03,0.29,3692.307692307693,315.68448477874307
0.05,0.29,3692.307692307693,310.8811136025394
0.07,0.29,3692.307692307693,307.53301261040946
0.09,0.29,3692.307692307693,305.4349605323972
0.11,0.29,3692.307692307693,304.1916700010399
0.13,0.29,3692.307692307693,303.4807929683211
0.15,0.29,3692.307692307693,303.0878933521964
0.17,0.29,3692.307692307693,302.88362372099084
0.19,0.29,3692.307692307693,302.79700623313585
0.21,0.29,3692.307692307693,302.79700623313585
0.23,0.29,3692.307692307693,302.8836237209909
0.25,0.29,3692.307692307693,303.0878933521964
0.27,0.29,3692.307692307693,303.4807929683211
0.29,0.29,3692.307692307693,304.1916700010398
0.31,0.29,3692.307692307693,305.4349605323972
0.33,0.29,3692.307692307693,307.53301261040934
0.35,0.29,3692.307692307693,310.88111360253936
0.37,0.29,3692.307692307693,315.684484778743
0.39,0.29,3692.307692307693,321.23517719787765
0.01,0.31,3692.307692307693,321.450100042122
0.03,0.31,3692.307692307693,316.3013502781613
0.05,0.31,3692.307692307693,311.79086437917107
0.07,0.31,3692.307692307693,308.6186848458655
0.09,0.31,3692.307692307693,306.6208320067012
0.11,0.31,3692.307692307693,305.4349605323972
0.13,0.31,3692.307692307693,304.7569954875154
0.15,0.31,3692.307692307693,304.3826115577712
0.17,0.31,3692.307692307693,304.18816881889285
0.19,0.31,3692.307692307693,304.10578445850007
0.21,0.31,3692.307692307693,304.10578445850007
0.23,0.31,3692.307692307693,304.18816881889285
0.25,0.31,3692.307692307693,304.38261155777127
0.27,0.31,3692.307692307693,304.75699548751544
0.29,0.31,3692.307692307693,305.4349605323972
0.31,0.31,3692.307692307693,306.6208320067011
0.33,0.31,3692.307692307693,308.6186848458655
0.35,0.31,3692.307692307693,311.790864379171
0.37,0.31,3692.307692307693,316.3013502781612
0.39,0.31,3692.307692307693,321.450100042122
0.01,0.33,3692.307692307693,321.80035144618785
0.03,0.33,3692.307692307693,317.3142177035372
0.05,0.33,3692.307692307693,313.30111096768127
0.07,0.33,3692.307692307693,310.43883446644463
0.09,0.33,3692.307692307693,308.6186848458655
0.11,0.33,3692.307692307693,307.5330126104094
0.13,0.33,3692.307692307693,306.911180140484
0.15,0.33,3692.307692307693,306.5676816099079
0.17,0.33,3692.307692307693,306.389334595686
0.19,0.33,3692.307692307693,306.3138004013893
0.21,0.33,3692.307692307693,306.3138004013893
0.23,0.33,3692.307692307693,306.389334595686
0.25,0.33,3692.307692307693,306.5676816099079
0.27,0.33,3692.307692307693,306.911180140484
0.29,0.33,3692.307692307693,307.53301261040934
0.31,0.33,3692.307692307693,308.61868484586546
0.33,0.33,3692.307692307693,310.4388344664447
0.35,0.33,3692.307692307693,313.30111096768127
0.37,0.33,3692.307692307693,317.3142177035372
0.39,0.33,3692.307692307693,321.80035144618785
0.01,0.35,3692.307692307693,322.3285539978049
0.03,0.35,3692.307692307693,318.86029219986983
0.05,0.35,3692.307692307693,315.64158270447496
0.07,0.35,3692.307692307693,313.3011109676812
0.09,0.35,3692.307692307693,311.790864379171
0.11,0.35,3692.307692307693,310.88111360253936
0.13,0.35,3692.307692307693,310.35704388900945
0.15,0.35,3692.307692307693,310.0666835468045
0.17,0.35,3692.307692307693,309.9157185074189
0.19,0.35,3692.307692307693,309.8517473489752
0.21,0.35,3692.307692307693,309.85174734897527
0.23,0.35,3692.307692307693,309.9157185074189
0.25,0.35,3692.307692307693,310.0666835468045
0.27,0.35,3692.307692307693,310.35704388900945
0.29,0.35,3692.307692307693,310.88111360253936
0.31,0.35,3692.307692307693,311.79086437917107
0.33,0.35,3692.307692307693,313.3011109676812
0.35,0.35,3692.307692307693,315.641582704475
0.37,0.35,3692.307692307693,318.86029219986983
0.39,0.35,3692.307692307693,322.3285539978048
0.01,0.37,3692.307692307693,323.01471821081617
0.03,0.37,3692.307692307693,320.9342511887156
0.05,0.37,3692.307692307693,318.86029219986983
0.07,0.37,3692.307692307693,317.3142177035372
0.09,0.37,3692.307692307693,316.3013502781612
0.11,0.37,3692.307692307693,315.684484778743
0.13,0.37,3692.307692307693,315.3264125398619
0.15,0.37,3692.307692307693,315.1270528629982
0.17,0.37,3692.307692307693,315.0231071474274
0.19,0.37,3692.307692307693,314.9789979152203
0.21,0.37,3692.307692307693,314.9789979152203
0.23,0.37,3692.307692307693,315.02310714742737
0.25,0.37,3692.307692307693,315.1270528629982
0.27,0.37,3692.307692307693,315.326412539862
0.29,0.37,3692.307692307693,315.684484778743
0.31,0.37,3692.307692307693,316.30135027816124
0.33,0.37,3692.307692307693,317.3142177035372
0.35,0.37,3692.307692307693,318.86029219986983
0.37,0.37,3692.307692307693,320.9342511887156
0.39,0.37,3692.307692307693,323.01471821081617
0.01,0.39,3692.307692307693,323.5764062658002
0.03,0.39,3692.307692307693,323.01471821081617
0.05,0.39,3692.307692307693,322.3285539978049
0.07,0.39,3692.307692307693,321.80035144618785
0.09,0.39,3692.307692307693,321.4501000421219
0.11,0.39,3692.307692307693,321.2351771978776
0.13,0.39,3692.307692307693,321.1097559060545
0.15,0.39,3692.307692307693,321.0396698216513
0.17,0.39,3692.307692307693,321.0030410854202
0.19,0.39,3692.307692307693,320.987477584758
0.21,0.39,3692.307692307693,320.987477584758
0.23,0.39,3692.307692307693,321.0030410854202
0.25,0.39,3692.307692307693,321.0396698216513
0.27,0.39,3692.307692307693,321.10975590605454
0.29,0.39,3692.307692307693,321.23517719787765
0.31,0.39,3692.307692307693,321.450100042122
0.33,0.39,3692.307692307693,321.80035144618785
0.35,0.39,3692.307692307693,322.3285539978049
0.37,0.39,3692.307692307693,323.01471821081617
0.39,0.39,3692.307692307693,323.5764062658002
0.01,0.01,5538.461538461539,324.19163452892377
0.03,0.01,5538.461538461539,324.6102185446952
0.05,0.01,5538.461538461539,324.4503804577419
0.07,0.01,5538.461538461539,324.12748327776825
0.09,0.01,5538.461538461539,323.8092537018902
0.11,0.01,5538.461538461539,323.5539762127324
0.13,0.01,5538.461538461539,323.37088033487174
0.15,0.01,5538.461538461539,323.2504354034644
0.17,0.01,5538.461538461539,323.1792259733443
0.19,0.01,5538.461538461539,323.1464818851198
0.21,0.01,5538.461538461539,323.1464818851198
0.23,0.01,5538.461538461539,323.1792259733443
0.25,0.01,5538.461538461539,323.2504354034644
0.27,0.01,5538.461538461539,323.37088033487174
0.29,0.01,5538.461538461539,323.55397621273244
0.31,0.01,5538.461538461539,323.8092537018902
0.33,0.01,5538.461538461539,324.12748327776825
0.35,0.01,5538.461538461539,324.4503804577419
0.37,0.01,5538.461538461539,324.6102185446952
0.39,0.01,5538.461538461539,324.19163452892377
0.01,0.03,5538.461538461539,324.6102185446952
0.03,0.03,5538.461538461539,325.05069214092896
0.05,0.03,5538.461538461539,324.3539810201213
0.07,0.03,5538.461538461539,323.31982063184324
0.09,0.03,5538.461538461539,322.3440766695849
0.11,0.03,5538.461538461539,321.57269050735096
0.13,0.03,5538.461538461539,321.02367098978
0.15,0.03,5538.461538461539,320.6643634379606
0.17,0.03,5538.461538461539,320.4526845079496
0.19,0.03,5538.461538461539,320.3555558341111
0.21,0.03,5538.461538461539,320.35555583411104
0.23,0.03,5538.461538461539,320.4526845079496
0.25,0.03,5538.461538461539,320.6643634379606
0.27,0.03,5538.461538461539,321.02367098978004
0.29,0.03,5538.461538461539,321.57269050735096
0.31,0.03,5538.461538461539,322.34407666958487
0.33,0.03,5538.461538461539,323.31982063184324
0.35,0.03,5538.461538461539,324.3539810201213
0.37,0.03,5538.461538461539,325.050692140929
0.39,0.03,5538.461538461539,324.6102185446952
0.01,0.05,5538.461538461539,324.45038045774186
0.03,0.05,5538.461538461539,324.3539810201213
0.05,0.05,5538.461538461539,322.91563833676446
0.07,0.05,5538.461538461539,321.12112092958904
0.09,0.05,5538.461538461539,319.498155716045
0.11,0.05,5538.461538461539,318.2395137525479
0.13,0.05,5538.461538461539,317.35458082758066
0.15,0.05,5538.461538461539,316.7804977972884
0.17,0.05,5538.461538461539,316.4443684655737
0.19,0.05,5538.461538461539,316.2907075158403
0.21,0.05,5538.461538461539,316.2907075158403
0.23,0.05,5538.461538461539,316.44436846557375
0.25,0.05,5538.461538461539,316.7804977972884
0.27,0.05,5538.461538461539,317.35458082758066
0.29,0.05,5538.461538461539,318.2395137525479
0.31,0.05,5538.461538461539,319.49815571604506
0.33,0.05,5538.461538461539,321.1211209295891
0.35,0.05,5538.461538461539,322.91563833676446
0.37,0.05,5538.461538461539,324.3539810201213
0.39,0.05,5538.461538461539,324.4503804577419
0.01,0.07,5538.461538461539,324.12748327776825
0.03,0.07,5538.461538461539,323.3198206318432
0.05,0.07,5538.461538461539,321.12112092958904
0.07,0.07,5538.461538461539,318.6299391431765
0.09,0.07,5538.461538461539,316.45311001821904
0.11,0.07,5538.461538461539,314.79952188330896
0.13,0.07,5538.461538461539,313.6543310800073
0.15,0.07,5538.461538461539,312.9197167839521
0.17,0.07,5538.461538461539,312.4929646795186
0.19,0.07,5538.461538461539,312.2987849275761
0.21,0.07,5538.461538461539,312.2987849275761
0.23,0.07,5538.461538461539,312.49296467951854
0.25,0.07,5538.461538461539,312.9197167839521
0.27,0.07,5538.461538461539,313.6543310800073
0.29,0.07,5538.461538461539,314.79952188330896
0.31,0.07,5538.461538461539,316.45311001821904
0.33,0.07,5538.461538461539,318.6299391431765
0.35,0.07,5538.461538461539,321.12112092958904
0.37,0.07,5538.461538461539,323.31982063184324
0.39,0.07,5538.461538461539,324.12748327776825
0.01,0.09,5538.461538461539,323.80925370189016
0.03,0.09,5538.461538461539,322.3440766695848
0.05,0.09,5538.461538461539,319.498155716045
0.07,0.09,5538.461538461539,316.453110018219
0.09,0.09,5538.461538461539,313.8654512938433
0.11,0.09,5538.461538461539,311.93833924947734
0.13,0.09,5538.461538461539,310.62391813505985
0.15,0.09,5538.461538461539,309.7902946209392
0.17,0.09,5538.461538461539,309.3098182537528
0.19,0.09,5538.461538461539,309.0921983628081
0.21,0.09,5538.461538461539,309.0921983628081
0.23,0.09,5538.461538461539,309.3098182537527
0.25,0.09,5538.461538461539,309.7902946209392
0.27,0.09,5538.461538461539,310.62391813505985
0.29,0.09,5538.461538461539,311.9383392494774
0.31,0.09,5538.461538461539,313.8654512938433
0.33,0.09,5538.461538461539,316.45311001821904
0.35,0.09,5538.461538461539,319.49815571604506
0.37,0.09,5538.461538461539,322.34407666958487
0.39,0.09,5538.461538461539,323.8092537018902
0.01,0.11,5538.461538461539,323.5539762127323
0.03,0.11,5538.461538461539,321.5726905073509
0.05,0.11,5538.461538461539,318.2395137525479
0.07,0.11,5538.461538461539,314.7995218833089
0.09,0.11,5538.461538461539,311.9383392494773
0.11,0.11,5538.461538461539,309.8424784406781
0.13,0.11,5538.461538461539,308.43115075445024
0.15,0.11,5538.461538461539,307.5443954235106
0.17,0.11,5538.461538461539,307.0365093895974
0.19,0.11,5538.461538461539,306.8073130830052
0.21,0.11,5538.461538461539,306.8073130830052
0.23,0.11,5538.461538461539,307.0365093895974
0.25,0.11,5538.461538461539,307.5443954235106
0.27,0.11,5538.461538461539,308.4311507544502
0.29,0.11,5538.461538461539,309.8424784406782
0.31,0.11,5538.461538461539,311.9383392494774
0.33,0.11,5538.461538461539,314.799521883309
0.35,0.11,5538.461538461539,318.239513752548
0.37,0.11,5538.461538461539,321.57269050735096
0.39,0.11,5538.461538461539,323.5539762127323
0.01,0.13,5538.461538461539,323.3708803348717
0.03,0.13,5538.461538461539,321.02367098978
0.05,0.13,5538.461538461539,317.3545808275806
0.07,0.13,5538.461538461539,313.6543310800073
0.09,0.13,5538.461538461539,310.62391813505974
0.11,0.13,5538.461538461539,308.43115075445024
0.13,0.13,5538.461538461539,306.9682356091829
0.15,0.13,5538.461538461539,306.0551166986335
0.17,0.13,5538.461538461539,305.5344199254904
0.19,0.13,5538.461538461539,305.3000351694345
0.21,0.13,5538.461538461539,305.3000351694345
0.23,0.13,5538.461538461539,305.53441992549045
0.25,0.13,5538.461538461539,306.0551166986335
0.27,0.13,5538.461538461539,306.9682356091829
0.29,0.13,5538.461538461539,308.43115075445024
0.31,0.13,5538.461538461539,310.6239181350598
0.33,0.13,5538.461538461539,313.6543310800073
0.35,0.13,5538.461538461539,317.35458082758066
0.37,0.13,5538.461538461539,321.02367098978
0.39,0.13,5538.461538461539,323.3708803348717
0.01,0.15,5538.461538461539,323.2504354034644
0.03,0.15,5538.461538461539,320.6643634379606
0.05,0.15,5538.461538461539,316.7804977972883
0.07,0.15,5538.461538461539,312.919716783952
0.09,0.15,5538.461538461539,309.7902946209392
0.11,0.15,5538.461538461539,307.54439542351054
0.13,0.15,5538.461538461539,306.05511669863347
0.15,0.15,5538.461538461539,305.12947571213664
0.17,0.15,5538.461538461539,304.603114183986
0.19,0.15,5538.461538461539,304.36656169295003
0.21,0.15,5538.461538461539,304.36656169295003
0.23,0.15,5538.461538461539,304.603114183986
0.25,0.15,5538.461538461539,305.12947571213664
0.27,0.15,5538.461538461539,306.0551166986335
0.29,0.15,5538.461538461539,307.5443954235106
0.31,0.15,5538.461538461539,309.7902946209392
0.33,0.15,5538.461538461539,312.9197167839521
0.35,0.15,5538.461538461539,316.7804977972883
0.37,0.15,5538.461538461539,320.6643634379606
0.39,0.15,5538.461538461539,323.25043540346445
0.01,0.17,5538.461538461539,323.1792259733443
0.03,0.17,5538.461538461539,320.45268450794947
0.05,0.17,5538.461538461539,316.4443684655737
0.07,0.17,5538.461538461539,312.4929646795184
0.09,0.17,5538.461538461539,309.3098182537526
0.11,0.17,5538.461538461539,307.0365093895973
0.13,0.17,5538.461538461539,305.53441992549034
0.15,0.17,5538.461538461539,304.603114183986
0.17,0.17,5538.461538461539,304.07439170382844
0.19,0.17,5538.461538461539,303.8370014856795
0.21,0.17,5538.461538461539,303.83700148567954
0.23,0.17,5538.461538461539,304.07439170382844
0.25,0.17,5538.461538461539,304.603114183986
0.27,0.17,5538.461538461539,305.5344199254904
0.29,0.17,5538.461538461539,307.0365093895973
0.31,0.17,5538.461538461539,309.30981825375267
0.33,0.17,5538.461538461539,312.4929646795185
0.35,0.17,5538.461538461539,316.4443684655737
0.37,0.17,5538.461538461539,320.4526845079496
0.39,0.17,5538.461538461539,323.1792259733443
0.01,0.19,5538.461538461539,323.1464818851198
0.03,0.19,5538.461538461539,320.3555558341111
0.05,0.19,5538.461538461539,316.2907075158403
0.07,0.19,5538.461538461539,312.29878492757604
0.09,0.19,5538.461538461539,309.09219836280795
0.11,0.19,5538.461538461539,306.8073130830051
0.13,0.19,5538.461538461539,305.3000351694344
0.15,0.19,5538.461538461539,304.3665616929499
0.17,0.19,5538.461538461539,303.8370014856795
0.19,0.19,5538.461538461539,303.5993373607108
0.21,0.19,5538.461538461539,303.5993373607109
0.23,0.19,5538.461538461539,303.8370014856795
0.25,0.19,5538.461538461539,304.3665616929499
0.27,0.19,5538.461538461539,305.30003516943447
0.29,0.19,5538.461538461539,306.80731308300506
0.31,0.19,5538.461538461539,309.0921983628079
0.33,0.19,5538.461538461539,312.298784927576
0.35,0.19,5538.461538461539,316.29070751584027
0.37,0.19,5538.461538461539,320.35555583411104
0.39,0.19,5538.461538461539,323.14648188511984
0.01,0.21,5538.461538461539,323.14648188511984
0.03,0.21,5538.461538461539,320.3555558341111
0.05,0.21,5538.461538461539,316.2907075158403
0.07,0.21,5538.461538461539,312.29878492757604
0.09,0.21,5538.461538461539,309.09219836280795
0.11,0.21,5538.461538461539,306.80731308300506
0.13,0.21,5538.461538461539,305.30003516943447
0.15,0.21,5538.461538461539,304.3665616929499
0.17,0.21,5538.461538461539,303.8370014856795
0.19,0.21,5538.461538461539,303.5993373607108
0.21,0.21,5538.461538461539,303.5993373607108
0.23,0.21,5538.461538461539,303.8370014856795
0.25,0.21,5538.461538461539,304.3665616929499
0.27,0.21,5538.461538461539,305.3000351694344
0.29,0.21,5538.461538461539,306.80731308300506
0.31,0.21,5538.461538461539,309.0921983628079
0.33,0.21,5538.461538461539,312.298784927576
0.35,0.21,5538.461538461539,316.2907075158402
0.37,0.21,5538.461538461539,320.35555583411104
0.39,0.21,5538.461538461539,323.1464818851198
0.01,0.23,5538.461538461539,323.1792259733443
0.03,0.23,5538.461538461539,320.45268450794947
0.05,0.23,5538.461538461539,316.44436846557363
0.07,0.23,5538.461538461539,312.4929646795184
0.09,0.23,5538.461538461539,309.3098182537526
0.11,0.23,5538.461538461539,307.03650938959726
0.13,0.23,5538.461538461539,305.5344199254903
0.15,0.23,5538.461538461539,304.60311418398595
0.17,0.23,5538.461538461539,304.07439170382844
0.19,0.23,5538.461538461539,303.8370014856795
0.21,0.23,5538.461538461539,303.8370014856795
0.23,0.23,5538.461538461539,304.07439170382844
0.25,0.23,5538.461538461539,304.60311418398595
0.27,0.23,5538.461538461539,305.5344199254903
0.29,0.23,5538.461538461539,307.03650938959726
0.31,0.23,5538.461538461539,309.3098182537525
0.33,0.23,5538.461538461539,312.4929646795184
0.35,0.23,5538.461538461539,316.44436846557363
0.37,0.23,5538.461538461539,320.45268450794947
0.39,0.23,5538.461538461539,323.1792259733443
0.01,0.25,5538.461538461539,323.2504354034644
0.03,0.25,5538.461538461539,320.66436343796056
0.05,0.25,5538.461538461539,316.78049779728826
0.07,0.25,5538.461538461539,312.919716783952
0.09,0.25,5538.461538461539,309.7902946209392
0.11,0.25,5538.461538461539,307.54439542351054
0.13,0.25,5538.461538461539,306.0551166986335
0.15,0.25,5538.461538461539,305.12947571213664
0.17,0.25,5538.461538461539,304.603114183986
0.19,0.25,5538.461538461539,304.36656169295
0.21,0.25,5538.461538461539,304.36656169295
0.23,0.25,5538.461538461539,304.603114183986
0.25,0.25,5538.461538461539,305.1294757121366
0.27,0.25,5538.461538461539,306.0551166986334
0.29,0.25,5538.461538461539,307.5443954235105
0.31,0.25,5538.461538461539,309.79029462093905
0.33,0.25,5538.461538461539,312.919716783952
0.35,0.25,5538.461538461539,316.7804977972883
0.37,0.25,5538.461538461539,320.6643634379606
0.39,0.25,5538.461538461539,323.2504354034644
0.01,0.27,5538.461538461539,323.37088033487174
0.03,0.27,5538.461538461539,321.02367098978
0.05,0.27,5538.461538461539,317.3545808275806
0.07,0.27,5538.461538461539,313.6543310800073
0.09,0.27,5538.461538461539,310.62391813505974
0.11,0.27,5538.461538461539,308.4311507544502
0.13,0.27,5538.461538461539,306.9682356091829
0.15,0.27,5538.461538461539,306.05511669863347
0.17,0.27,5538.461538461539,305.5344199254903
0.19,0.27,5538.461538461539,305.30003516943447
0.21,0.27,5538.461538461539,305.30003516943447
0.23,0.27,5538.461538461539,305.53441992549034
0.25,0.27,5538.461538461539,306.05511669863347
0.27,0.27,5538.461538461539,306.96823560918284
0.29,0.27,5538.461538461539,308.43115075445013
0.31,0.27,5538.461538461539,310.6239181350597
0.33,0.27,5538.461538461539,313.6543310800073
0.35,0.27,5538.461538461539,317.3545808275806
0.37,0.27,5538.461538461539,321.02367098978
0.39,0.27,5538.461538461539,323.37088033487174
0.01,0.29,5538.461538461539,323.5539762127323
0.03,0.29,5538.461538461539,321.57269050735096
0.05,0.29,5538.461538461539,318.2395137525479
0.07,0.29,5538.461538461539,314.7995218833089
0.09,0.29,5538.461538461539,311.93833924947734
0.11,0.29,5538.461538461539,309.8424784406781
0.13,0.29,5538.461538461539,308.43115075445013
0.15,0.29,5538.461538461539,307.5443954235105
0.17,0.29,5538.461538461539,307.03650938959726
0.19,0.29,5538.461538461539,306.80731308300506
0.21,0.29,5538.461538461539,306.8073130830051
0.23,0.29,5538.461538461539,307.0365093895973
0.25,0.29,5538.461538461539,307.54439542351054
0.27,0.29,5538.461538461539,308.43115075445013
0.29,0.29,5538.461538461539,309.84247844067806
0.31,0.29,5538.461538461539,311.9383392494773
0.33,0.29,5538.461538461539,314.7995218833089
0.35,0.29,5538.461538461539,318.2395137525479
0.37,0.29,5538.461538461539,321.57269050735096
0.39,0.29,5538.461538461539,323.5539762127323
0.01,0.31,5538.461538461539,323.8092537018902
0.03,0.31,5538.461538461539,322.34407666958487
0.05,0.31,5538.461538461539,319.498155716045
0.07,0.31,5538.461538461539,316.453110018219
0.09,0.31,5538.461538461539,313.8654512938433
0.11,0.31,5538.461538461539,311.9383392494773
0.13,0.31,5538.461538461539,310.62391813505974
0.15,0.31,5538.461538461539,309.7902946209391
0.17,0.31,5538.461538461539,309.3098182537526
0.19,0.31,5538.461538461539,309.092198362808
0.21,0.31,5538.461538461539,309.092198362808
0.23,0.31,5538.461538461539,309.30981825375267
0.25,0.31,5538.461538461539,309.7902946209392
0.27,0.31,5538.461538461539,310.6239181350598
0.29,0.31,5538.461538461539,311.93833924947734
0.31,0.31,5538.461538461539,313.8654512938433
0.33,0.31,5538.461538461539,316.45311001821904
0.35,0.31,5538.461538461539,319.49815571604506
0.37,0.31,5538.461538461539,322.34407666958487
0.39,0.31,5538.461538461539,323.8092537018902
0.01,0.33,5538.461538461539,324.12748327776825
0.03,0.33,5538.461538461539,323.3198206318432
0.05,0.33,5538.461538461539,321.121120929589
0.07,0.33,5538.461538461539,318.6299391431764
0.09,0.33,5538.461538461539,316.4531100182189
0.11,0.33,5538.461538461539,314.7995218833089
0.13,0.33,5538.461538461539,313.6543310800073
0.15,0.33,5538.461538461539,312.919716783952
0.17,0.33,5538.461538461539,312.4929646795185
0.19,0.33,5538.461538461539,312.2987849275761
0.21,0.33,5538.461538461539,312.2987849275761
0.23,0.33,5538.461538461539,312.4929646795185
0.25,0.33,5538.461538461539,312.919716783952
0.27,0.33,5538.461538461539,313.6543310800073
0.29,0.33,5538.461538461539,314.7995218833089
0.31,0.33,5538.461538461539,316.453110018219
0.33,0.33,5538.461538461539,318.62993914317644
0.35,0.33,5538.461538461539,321.1211209295891
0.37,0.33,5538.461538461539,323.31982063184324
0.39,0.33,5538.461538461539,324.12748327776825
0.01,0.35,5538.461538461539,324.45038045774186
0.03,0.35,5538.461538461539,324.3539810201213
0.05,0.35,5538.461538461539,322.91563833676446
0.07,0.35,5538.461538461539,321.121120929589
0.09,0.35,5538.461538461539,319.49815571604495
0.11,0.35,5538.461538461539,318.23951375254785
0.13,0.35,5538.461538461539,317.35458082758066
0.15,0.35,5538.461538461539,316.7804977972884
0.17,0.35,5538.461538461539,316.4443684655737
0.19,0.35,5538.461538461539,316.2907075158403
0.21,0.35,5538.461538461539,316.29070751584027
0.23,0.35,5538.461538461539,316.44436846557363
0.25,0.35,5538.461538461539,316.7804977972883
0.27,0.35,5538.461538461539,317.3545808275806
0.29,0.35,5538.461538461539,318.23951375254785
0.31,0.35,5538.461538461539,319.498155716045
0.33,0.35,5538.461538461539,321.12112092958904
0.35,0.35,5538.461538461539,322.9156383367645
0.37,0.35,5538.461538461539,324.3539810201213
0.39,0.35,5538.461538461539,324.4503804577419
0.01,0.37,5538.461538461539,324.6102185446952
0.03,0.37,5538.461538461539,325.05069214092896
0.05,0.37,5538.461538461539,324.3539810201213
0.07,0.37,5538.461538461539,323.3198206318432
0.09,0.37,5538.461538461539,322.34407666958487
0.11,0.37,5538.461538461539,321.5726905073509
0.13,0.37,5538.461538461539,321.02367098978
0.15,0.37,5538.461538461539,320.6643634379606
0.17,0.37,5538.461538461539,320.4526845079496
0.19,0.37,5538.461538461539,320.3555558341111
0.21,0.37,5538.461538461539,320.35555583411104
0.23,0.37,5538.461538461539,320.45268450794947
0.25,0.37,5538.461538461539,320.6643634379606
0.27,0.37,5538.461538461539,321.02367098978
0.29,0.37,5538.461538461539,321.5726905073509
0.31,0.37,5538.461538461539,322.34407666958487
0.33,0.37,5538.461538461539,323.3198206318432
0.35,0.37,5538.461538461539,324.3539810201213
0.37,0.37,5538.461538461539,325.050692140929
0.39,0.37,5538.461538461539,324.6102185446952
0.01,0.39,5538.461538461539,324.19163452892377
0.03,0.39,5538.461538461539,324.6102185446952
0.05,0.39,5538.461538461539,324.4503804577419
0.07,0.39,5538.461538461539,324.12748327776825
0.09,0.39,5538.461538461539,323.80925370189016
0.11,0.39,5538.461538461539,323.5539762127323
0.13,0.39,5538.461538461539,323.3708803348717
0.15,0.39,5538.461538461539,323.25043540346445
0.17,0.39,5538.461538461539,323.1792259733443
0.19,0.39,5538.461538461539,323.14648188511984
0.21,0.39,5538.461538461539,323.1464818851198
0.23,0.39,5538.461538461539,323.1792259733443
0.25,0.39,5538.461538461539,323.2504354034644
0.27,0.39,5538.461538461539,323.3708803348717
0.29,0.39,5538.461538461539,323.5539762127323
0.31,0.39,5538.461538461539,323.8092537018902
0.33,0.39,5538.461538461539,324.1274832777682
0.35,0.39,5538.461538461539,324.45038045774186
0.37,0.39,5538.461538461539,324.6102185446952
0.39,0.39,5538.461538461539,324.1916345289238
0.01,0.01,7384.615384615385,324.2596336382306
0.03,0.01,7384.615384615385,325.1015296659341
0.05,0.01,7384.615384615385,325.3309100711333
0.07,0.01,7384.615384615385,325.2734838744823
0.09,0.01,7384.615384615385,325.0995271560946
0.11,0.01,7384.615384615385,324.9013865550717
0.13,0.01,7384.615384615385,324.7252459123069
0.15,0.01,7384.615384615385,324.5901832096503
0.17,0.01,7384.615384615385,324.5011294945942
0.19,0.01,7384.615384615385,324.45734268877965
0.21,0.01,7384.615384615385,324.45734268877965
0.23,0.01,7384.615384615385,324.5011294945942
0.25,0.01,7384.615384615385,324.5901832096503
0.27,0.01,7384.615384615385,324.72524591230683
0.29,0.01,7384.615384615385,324.9013865550717
0.31,0.01,7384.615384615385,325.0995271560946
0.33,0.01,7384.615384615385,325.27348387448234
0.35,0.01,7384.615384615385,325.33091007113325
0.37,0.01,7384.615384615385,325.1015296659341
0.39,0.01,7384.615384615385,324.2596336382306
0.01,0.03,7384.615384615385,325.1015296659341
0.03,0.03,7384.615384615385,326.8695027635074
0.05,0.03,7384.615384615385,327.3235673682774
0.07,0.03,7384.615384615385,327.06937365737895
0.09,0.03,7384.615384615385,326.5148722781145
0.11,0.03,7384.615384615385,325.9055812610072
0.13,0.03,7384.615384615385,325.3696923913115
0.15,0.03,7384.615384615385,324.9606640257038
0.17,0.03,7384.615384615385,324.6916307866716
0.19,0.03,7384.615384615385,324.55952328452724
0.21,0.03,7384.615384615385,324.55952328452724
0.23,0.03,7384.615384615385,324.6916307866716
0.25,0.03,7384.615384615385,324.9606640257037
0.27,0.03,7384.615384615385,325.3696923913115
0.29,0.03,7384.615384615385,325.9055812610072
0.31,0.03,7384.615384615385,326.5148722781146
0.33,0.03,7384.615384615385,327.069373657379
0.35,0.03,7384.615384615385,327.3235673682774
0.37,0.03,7384.615384615385,326.8695027635074
0.39,0.03,7384.615384615385,325.1015296659341
0.01,0.05,7384.615384615385,325.3309100711333
0.03,0.05,7384.615384615385,327.32356736827745
0.05,0.05,7384.615384615385,327.6611090975849
0.07,0.05,7384.615384615385,327.054532394864
0.09,0.05,7384.615384615385,326.05007760860144
0.11,0.05,7384.615384615385,324.9994575924651
0.13,0.05,7384.615384615385,324.0920167336655
0.15,0.05,7384.615384615385,323.4057321677361
0.17,0.05,7384.615384615385,322.95677541467785
0.19,0.05,7384.615384615385,322.73698536274003
0.21,0.05,7384.615384615385,322.73698536274003
0.23,0.05,7384.615384615385,322.9567754146778
0.25,0.05,7384.615384615385,323.40573216773606
0.27,0.05,7384.615384615385,324.09201673366545
0.29,0.05,7384.615384615385,324.99945759246515
0.31,0.05,7384.615384615385,326.0500776086015
0.33,0.05,7384.615384615385,327.054532394864
0.35,0.05,7384.615384615385,327.66110909758487
0.37,0.05,7384.615384615385,327.32356736827745
0.39,0.05,7384.615384615385,325.33091007113325
0.01,0.07,7384.615384615385,325.2734838744823
0.03,0.07,7384.615384615385,327.06937365737895
0.05,0.07,7384.615384615385,327.054532394864
0.07,0.07,7384.615384615385,325.98401873019543
0.09,0.07,7384.615384615385,324.4863258487139
0.11,0.07,7384.615384615385,322.9865047191947
0.13,0.07,7384.615384615385,321.71603525492515
0.15,0.07,7384.615384615385,320.7660622116708
0.17,0.07,7384.615384615385,320.1491239349046
0.19,0.07,7384.615384615385,319.84838151406643
0.21,0.07,7384.615384615385,319.84838151406643
0.23,0.07,7384.615384615385,320.1491239349046
0.25,0.07,7384.615384615385,320.7660622116707
0.27,0.07,7384.615384615385,321.7160352549252
0.29,0.07,7384.615384615385,322.9865047191948
0.31,0.07,7384.615384615385,324.4863258487139
0.33,0.07,7384.615384615385,325.98401873019543
0.35,0.07,7384.615384615385,327.054532394864
0.37,0.07,7384.615384615385,327.069373657379
0.39,0.07,7384.615384615385,325.27348387448234
0.01,0.09,7384.615384615385,325.0995271560946
0.03,0.09,7384.615384615385,326.5148722781146
0.05,0.09,7384.615384615385,326.0500776086015
0.07,0.09,7384.615384615385,324.4863258487138
0.09,0.09,7384.615384615385,322.5099720000873
0.11,0.09,7384.615384615385,320.59808988616624
0.13,0.09,7384.615384615385,319.00820934260315
0.15,0.09,7384.615384615385,317.83384657735
0.17,0.09,7384.615384615385,317.0775625659508
0.19,0.09,7384.615384615385,316.71075067889615
0.21,0.09,7384.615384615385,316.7107506788961
0.23,0.09,7384.615384615385,317.0775625659508
0.25,0.09,7384.615384615385,317.83384657735
0.27,0.09,7384.615384615385,319.00820934260315
0.29,0.09,7384.615384615385,320.5980898861663
0.31,0.09,7384.615384615385,322.5099720000873
0.33,0.09,7384.615384615385,324.4863258487139
0.35,0.09,7384.615384615385,326.05007760860144
0.37,0.09,7384.615384615385,326.5148722781146
0.39,0.09,7384.615384615385,325.0995271560946
0.01,0.11,7384.615384615385,324.90138655507167
0.03,0.11,7384.615384615385,325.9055812610072
0.05,0.11,7384.615384615385,324.9994575924651
0.07,0.11,7384.615384615385,322.9865047191947
0.09,0.11,7384.615384615385,320.5980898861663
0.11,0.11,7384.615384615385,318.3482942801473
0.13,0.11,7384.615384615385,316.5082566739249
0.15,0.11,7384.615384615385,315.1654418074371
0.17,0.11,7384.615384615385,314.30813022842153
0.19,0.11,7384.615384615385,313.89451089625226
0.21,0.11,7384.615384615385,313.89451089625226
0.23,0.11,7384.615384615385,314.30813022842153
0.25,0.11,7384.615384615385,315.1654418074371
0.27,0.11,7384.615384615385,316.5082566739249
0.29,0.11,7384.615384615385,318.3482942801473
0.31,0.11,7384.615384615385,320.5980898861663
0.33,0.11,7384.615384615385,322.9865047191948
0.35,0.11,7384.615384615385,324.9994575924651
0.37,0.11,7384.615384615385,325.9055812610072
0.39,0.11,7384.615384615385,324.9013865550717
0.01,0.13,7384.615384615385,324.7252459123068
0.03,0.13,7384.615384615385,325.3696923913115
0.05,0.13,7384.615384615385,324.0920167336655
0.07,0.13,7384.615384615385,321.71603525492515
0.09,0.13,7384.615384615385,319.00820934260315
0.11,0.13,7384.615384615385,316.5082566739249
0.13,0.13,7384.615384615385,314.4921268212745
0.15,0.13,7384.615384615385,313.036563233642
0.17,0.13,7384.615384615385,312.114545067638
0.19,0.13,7384.615384615385,311.6718477342481
0.21,0.13,7384.615384615385,311.6718477342481
0.23,0.13,7384.615384615385,312.11454506763806
0.25,0.13,7384.615384615385,313.036563233642
0.27,0.13,7384.615384615385,314.4921268212745
0.29,0.13,7384.615384615385,316.5082566739249
0.31,0.13,7384.615384615385,319.00820934260315
0.33,0.13,7384.615384615385,321.71603525492515
0.35,0.13,7384.615384615385,324.0920167336655
0.37,0.13,7384.615384615385,325.36969239131145
0.39,0.13,7384.615384615385,324.72524591230683
0.01,0.15,7384.615384615385,324.5901832096503
0.03,0.15,7384.615384615385,324.9606640257037
0.05,0.15,7384.615384615385,323.40573216773606
0.07,0.15,7384.615384615385,320.7660622116707
0.09,0.15,7384.615384615385,317.83384657735
0.11,0.15,7384.615384615385,315.1654418074371
0.13,0.15,7384.615384615385,313.0365632336419
0.15,0.15,7384.615384615385,311.51261355223335
0.17,0.15,7384.615384615385,310.55328720393624
0.19,0.15,7384.615384615385,310.094437375355
0.21,0.15,7384.615384615385,310.0944373753551
0.23,0.15,7384.615384615385,310.5532872039363
0.25,0.15,7384.615384615385,311.5126135522334
0.27,0.15,7384.615384615385,313.036563233642
0.29,0.15,7384.615384615385,315.1654418074371
0.31,0.15,7384.615384615385,317.83384657735
0.33,0.15,7384.615384615385,320.7660622116707
0.35,0.15,7384.615384615385,323.40573216773606
0.37,0.15,7384.615384615385,324.9606640257037
0.39,0.15,7384.615384615385,324.5901832096503
0.01,0.17,7384.615384615385,324.5011294945941
0.03,0.17,7384.615384615385,324.6916307866715
0.05,0.17,7384.615384615385,322.9567754146778
0.07,0.17,7384.615384615385,320.14912393490454
0.09,0.17,7384.615384615385,317.0775625659507
0.11,0.17,7384.615384615385,314.3081302284214
0.13,0.17,7384.615384615385,312.1145450676379
0.15,0.17,7384.615384615385,310.5532872039362
0.17,0.17,7384.615384615385,309.5746236284437
0.19,0.17,7384.615384615385,309.10773473393084
0.21,0.17,7384.615384615385,309.1077347339309
0.23,0.17,7384.615384615385,309.5746236284438
0.25,0.17,7384.615384615385,310.5532872039363
0.27,0.17,7384.615384615385,312.114545067638
0.29,0.17,7384.615384615385,314.3081302284214
0.31,0.17,7384.615384615385,317.07756256595064
0.33,0.17,7384.615384615385,320.1491239349045
0.35,0.17,7384.615384615385,322.95677541467774
0.37,0.17,7384.615384615385,324.6916307866716
0.39,0.17,7384.615384615385,324.5011294945942
0.01,0.19,7384.615384615385,324.45734268877965
0.03,0.19,7384.615384615385,324.55952328452724
0.05,0.19,7384.615384615385,322.73698536274003
0.07,0.19,7384.615384615385,319.8483815140664
0.09,0.19,7384.615384615385,316.7107506788961
0.11,0.19,7384.615384615385,313.89451089625214
0.13,0.19,7384.615384615385,311.671847734248
0.15,0.19,7384.615384615385,310.09443737535497
0.17,0.19,7384.615384615385,309.1077347339308
0.19,0.19,7384.615384615385,308.637617683657
0.21,0.19,7384.615384615385,308.637617683657
0.23,0.19,7384.615384615385,309.10773473393084
0.25,0.19,7384.615384615385,310.09443737535497
0.27,0.19,7384.615384615385,311.671847734248
0.29,0.19,7384.615384615385,313.8945108962521
0.31,0.19,7384.615384615385,316.710750678896
0.33,0.19,7384.615384615385,319.8483815140662
0.35,0.19,7384.615384615385,322.73698536274
0.37,0.19,7384.615384615385,324.5595232845272
0.39,0.19,7384.615384615385,324.45734268877965
0.01,0.21,7384.615384615385,324.45734268877965
0.03,0.21,7384.615384615385,324.5595232845272
0.05,0.21,7384.615384615385,322.73698536274003
0.07,0.21,7384.615384615385,319.8483815140663
0.09,0.21,7384.615384615385,316.7107506788961
0.11,0.21,7384.615384615385,313.89451089625214
0.13,0.21,7384.615384615385,311.671847734248
0.15,0.21,7384.615384615385,310.0944373753549
0.17,0.21,7384.615384615385,309.1077347339308
0.19,0.21,7384.615384615385,308.63761768365697
0.21,0.21,7384.615384615385,308.63761768365697
0.23,0.21,7384.615384615385,309.1077347339308
0.25,0.21,7384.615384615385,310.0944373753549
0.27,0.21,7384.615384615385,311.67184773424793
0.29,0.21,7384.615384615385,313.8945108962521
0.31,0.21,7384.615384615385,316.710750678896
0.33,0.21,7384.615384615385,319.8483815140662
0.35,0.21,7384.615384615385,322.7369853627399
0.37,0.21,7384.615384615385,324.5595232845272
0.39,0.21,7384.615384615385,324.4573426887796
0.01,0.23,7384.615384615385,324.5011294945942
0.03,0.23,7384.615384615385,324.6916307866715
0.05,0.23,7384.615384615385,322.9567754146778
0.07,0.23,7384.615384615385,320.14912393490454
0.09,0.23,7384.615384615385,317.0775625659508
0.11,0.23,7384.615384615385,314.3081302284215
0.13,0.23,7384.615384615385,312.1145450676379
0.15,0.23,7384.615384615385,310.5532872039361
0.17,0.23,7384.615384615385,309.57462362844365
0.19,0.23,7384.615384615385,309.1077347339308
0.21,0.23,7384.615384615385,309.1077347339308
0.23,0.23,7384.615384615385,309.5746236284436
0.25,0.23,7384.615384615385,310.55328720393607
0.27,0.23,7384.615384615385,312.1145450676378
0.29,0.23,7384.615384615385,314.30813022842136
0.31,0.23,7384.615384615385,317.0775625659506
0.33,0.23,7384.615384615385,320.1491239349044
0.35,0.23,7384.615384615385,322.95677541467774
0.37,0.23,7384.615384615385,324.69163078667145
0.39,0.23,7384.615384615385,324.5011294945942
0.01,0.25,7384.615384615385,324.5901832096503
0.03,0.25,7384.615384615385,324.9606640257037
0.05,0.25,7384.615384615385,323.40573216773606
0.07,0.25,7384.615384615385,320.7660622116707
0.09,0.25,7384.615384615385,317.83384657735
0.11,0.25,7384.615384615385,315.1654418074371
0.13,0.25,7384.615384615385,313.0365632336419
0.15,0.25,7384.615384615385,311.51261355223323
0.17,0.25,7384.615384615385,310.5532872039361
0.19,0.25,7384.615384615385,310.09443737535486
0.21,0.25,7384.615384615385,310.0944373753549
0.23,0.25,7384.615384615385,310.55328720393607
0.25,0.25,7384.615384615385,311.5126135522332
0.27,0.25,7384.615384615385,313.03656323364174
0.29,0.25,7384.615384615385,315.16544180743693
0.31,0.25,7384.615384615385,317.83384657734985
0.33,0.25,7384.615384615385,320.7660622116706
0.35,0.25,7384.615384615385,323.405732167736
0.37,0.25,7384.615384615385,324.9606640257037
0.39,0.25,7384.615384615385,324.5901832096503
0.01,0.27,7384.615384615385,324.72524591230683
0.03,0.27,7384.615384615385,325.36969239131145
0.05,0.27,7384.615384615385,324.09201673366545
0.07,0.27,7384.615384615385,321.7160352549251
0.09,0.27,7384.615384615385,319.0082093426031
0.11,0.27,7384.615384615385,316.5082566739248
0.13,0.27,7384.615384615385,314.4921268212744
0.15,0.27,7384.615384615385,313.03656323364186
0.17,0.27,7384.615384615385,312.1145450676379
0.19,0.27,7384.615384615385,311.67184773424793
0.21,0.27,7384.615384615385,311.67184773424793
0.23,0.27,7384.615384615385,312.1145450676379
0.25,0.27,7384.615384615385,313.03656323364174
0.27,0.27,7384.615384615385,314.4921268212743
0.29,0.27,7384.615384615385,316.5082566739247
0.31,0.27,7384.615384615385,319.008209342603
0.33,0.27,7384.615384615385,321.71603525492503
0.35,0.27,7384.615384615385,324.0920167336654
0.37,0.27,7384.615384615385,325.36969239131145
0.39,0.27,7384.615384615385,324.72524591230683
0.01,0.29,7384.615384615385,324.9013865550717
0.03,0.29,7384.615384615385,325.9055812610072
0.05,0.29,7384.615384615385,324.99945759246503
0.07,0.29,7384.615384615385,322.98650471919467
0.09,0.29,7384.615384615385,320.5980898861662
0.11,0.29,7384.615384615385,318.3482942801472
0.13,0.29,7384.615384615385,316.5082566739248
0.15,0.29,7384.615384615385,315.16544180743705
0.17,0.29,7384.615384615385,314.3081302284214
0.19,0.29,7384.615384615385,313.8945108962521
0.21,0.29,7384.615384615385,313.89451089625214
0.23,0.29,7384.615384615385,314.3081302284214
0.25,0.29,7384.615384615385,315.16544180743705
0.27,0.29,7384.615384615385,316.50825667392473
0.29,0.29,7384.615384615385,318.3482942801471
0.31,0.29,7384.615384615385,320.5980898861662
0.33,0.29,7384.615384615385,322.98650471919467
0.35,0.29,7384.615384615385,324.99945759246503
0.37,0.29,7384.615384615385,325.9055812610072
0.39,0.29,7384.615384615385,324.9013865550717
0.01,0.31,7384.615384615385,325.0995271560946
0.03,0.31,7384.615384615385,326.5148722781145
0.05,0.31,7384.615384615385,326.05007760860144
0.07,0.31,7384.615384615385,324.48632584871376
0.09,0.31,7384.615384615385,322.5099720000872
0.11,0.31,7384.615384615385,320.5980898861662
0.13,0.31,7384.615384615385,319.0082093426031
0.15,0.31,7384.615384615385,317.8338465773499
0.17,0.31,7384.615384615385,317.0775625659507
0.19,0.31,7384.615384615385,316.71075067889603
0.21,0.31,7384.615384615385,316.71075067889603
0.23,0.31,7384.615384615385,317.0775625659507
0.25,0.31,7384.615384615385,317.8338465773499
0.27,0.31,7384.615384615385,319.00820934260304
0.29,0.31,7384.615384615385,320.5980898861662
0.31,0.31,7384.615384615385,322.50997200008726
0.33,0.31,7384.615384615385,324.4863258487138
0.35,0.31,7384.615384615385,326.05007760860144
0.37,0.31,7384.615384615385,326.5148722781145
0.39,0.31,7384.615384615385,325.0995271560946
0.01,0.33,7384.615384615385,325.27348387448234
0.03,0.33,7384.615384615385,327.06937365737895
0.05,0.33,7384.615384615385,327.05453239486394
0.07,0.33,7384.615384615385,325.9840187301954
0.09,0.33,7384.615384615385,324.48632584871376
0.11,0.33,7384.615384615385,322.9865047191947
0.13,0.33,7384.615384615385,321.7160352549251
0.15,0.33,7384.615384615385,320.76606221167066
0.17,0.33,7384.615384615385,320.1491239349045
0.19,0.33,7384.615384615385,319.8483815140663
0.21,0.33,7384.615384615385,319.8483815140664
0.23,0.33,7384.615384615385,320.14912393490454
0.25,0.33,7384.615384615385,320.7660622116707
0.27,0.33,7384.615384615385,321.7160352549251
0.29,0.33,7384.615384615385,322.98650471919467
0.31,0.33,7384.615384615385,324.48632584871376
0.33,0.33,7384.615384615385,325.98401873019543
0.35,0.33,7384.615384615385,327.054532394864
0.37,0.33,7384.615384615385,327.06937365737895
0.39,0.33,7384.615384615385,325.2734838744823
0.01,0.35,7384.615384615385,325.3309100711333
0.03,0.35,7384.615384615385,327.32356736827745
0.05,0.35,7384.615384615385,327.66110909758487
0.07,0.35,7384.615384615385,327.05453239486394
0.09,0.35,7384.615384615385,326.0500776086014
0.11,0.35,7384.615384615385,324.99945759246503
0.13,0.35,7384.615384615385,324.09201673366545
0.15,0.35,7384.615384615385,323.405732167736
0.17,0.35,7384.615384615385,322.9567754146778
0.19,0.35,7384.615384615385,322.73698536274003
0.21,0.35,7384.615384615385,322.7369853627401
0.23,0.35,7384.615384615385,322.9567754146778
0.25,0.35,7384.615384615385,323.4057321677361
0.27,0.35,7384.615384615385,324.09201673366545
0.29,0.35,7384.615384615385,324.999457592465
0.31,0.35,7384.615384615385,326.05007760860144
0.33,0.35,7384.615384615385,327.054532394864
0.35,0.35,7384.615384615385,327.6611090975849
0.37,0.35,7384.615384615385,327.3235673682774
0.39,0.35,7384.615384615385,325.3309100711333
0.01,0.37,7384.615384615385,325.1015296659341
0.03,0.37,7384.615384615385,326.8695027635074
0.05,0.37,7384.615384615385,327.3235673682774
0.07,0.37,7384.615384615385,327.06937365737895
0.09,0.37,7384.615384615385,326.51487227811447
0.11,0.37,7384.615384615385,325.9055812610072
0.13,0.37,7384.615384615385,325.3696923913115
0.15,0.37,7384.615384615385,324.9606640257037
0.17,0.37,7384.615384615385,324.6916307866716
0.19,0.37,7384.615384615385,324.55952328452724
0.21,0.37,7384.615384615385,324.55952328452724
0.23,0.37,7384.615384615385,324.6916307866715
0.25,0.37,7384.615384615385,324.9606640257038
0.27,0.37,7384.615384615385,325.36969239131145
0.29,0.37,7384.615384615385,325.9055812610071
0.31,0.37,7384.615384615385,326.5148722781145
0.33,0.37,7384.615384615385,327.069373657379
0.35,0.37,7384.615384615385,327.32356736827745
0.37,0.37,7384.615384615385,326.8695027635074
0.39,0.37,7384.615384615385,325.1015296659341
0.01,0.39,7384.615384615385,324.2596336382306
0.03,0.39,7384.615384615385,325.1015296659341
0.05,0.39,7384.615384615385,325.33091007113325
0.07,0.39,7384.615384615385,325.27348387448234
0.09,0.39,7384.615384615385,325.0995271560946
0.11,0.39,7384.615384615385,324.9013865550717
0.13,0.39,7384.615384615385,324.72524591230683
0.15,0.39,7384.615384615385,324.5901832096503
0.17,0.39,7384.615384615385,324.5011294945942
0.19,0.39,7384.615384615385,324.45734268877965
0.21,0.39,7384.615384615385,324.45734268877965
0.23,0.39,7384.615384615385,324.5011294945942
0.25,0.39,7384.615384615385,324.5901832096503
0.27,0.39,7384.615384615385,324.7252459123068
0.29,0.39,7384.615384615385,324.9013865550717
0.31,0.39,7384.615384615385,325.0995271560946
0.33,0.39,7384.615384615385,325.27348387448234
0.35,0.39,7384.615384615385,325.33091007113325
0.37,0.39,7384.615384615385,325.1015296659341
0.39,0.39,7384.615384615385,324.25963363823064
0.01,0.01,9230.76923076923,324.20143866423854
0.03,0.01,9230.76923076923,325.20164032200574
0.05,0.01,9230.76923076923,325.6631753433504
0.07,0.01,9230.76923076923,325.8222019316015
0.09,0.01,9230.76923076923,325.8131095135088
0.11,0.01,9230.76923076923,325.72268951959734
0.13,0.01,9230.76923076923,325.6070221531931
0.15,0.01,9230.76923076923,325.5002996034874
0.17,0.01,9230.76923076923,325.42160544521454
0.19,0.01,9230.76923076923,325.3803967882058
0.21,0.01,9230.76923076923,325.3803967882058
0.23,0.01,9230.76923076923,325.42160544521454
0.25,0.01,9230.76923076923,325.5002996034874
0.27,0.01,9230.76923076923,325.6070221531931
0.29,0.01,9230.76923076923,325.7226895195974
0.31,0.01,9230.76923076923,325.81310951350883
0.33,0.01,9230.76923076923,325.8222019316015
0.35,0.01,9230.76923076923,325.6631753433504
0.37,0.01,9230.76923076923,325.20164032200574
0.39,0.01,9230.76923076923,324.20143866423854
0.01,0.03,9230.76923076923,325.20164032200574
0.03,0.03,9230.76923076923,327.56860001852806
0.05,0.03,9230.76923076923,328.7418219938249
0.07,0.03,9230.76923076923,329.1400865561021
0.09,0.03,9230.76923076923,329.0816051814258
0.11,0.03,9230.76923076923,328.79723185432084
0.13,0.03,9230.76923076923,328.4441002600911
0.15,0.03,9230.76923076923,328.1206718843282
0.17,0.03,9230.76923076923,327.88276782296566
0.19,0.03,9230.76923076923,327.75829758641737
0.21,0.03,9230.76923076923,327.7582975864173
0.23,0.03,9230.76923076923,327.8827678229656
0.25,0.03,9230.76923076923,328.12067188432815
0.27,0.03,9230.76923076923,328.4441002600911
0.29,0.03,9230.76923076923,328.79723185432084
0.31,0.03,9230.76923076923,329.08160518142586
0.33,0.03,9230.76923076923,329.1400865561022
0.35,0.03,9230.76923076923,328.74182199382494
0.37,0.03,9230.76923076923,327.56860001852806
0.39,0.03,9230.76923076923,325.20164032200574
0.01,0.05,9230.76923076923,325.6631753433504
0.03,0.05,9230.76923076923,328.74182199382494
0.05,0.05,9230.76923076923,330.2806615174192
0.07,0.05,9230.76923076923,330.74505534746527
0.09,0.05,9230.76923076923,330.55222366648275
0.11,0.05,9230.76923076923,330.031799069928
0.13,0.05,9230.76923076923,329.4198025215137
0.15,0.05,9230.76923076923,328.8685673646827
0.17,0.05,9230.76923076923,328.46583444390905
0.19,0.05,9230.76923076923,328.25574129234707
0.21,0.05,9230.76923076923,328.25574129234707
0.23,0.05,9230.76923076923,328.46583444390905
0.25,0.05,9230.76923076923,328.86856736468263
0.27,0.05,9230.76923076923,329.41980252151365
0.29,0.05,9230.76923076923,330.031799069928
0.31,0.05,9230.76923076923,330.55222366648286
0.33,0.05,9230.76923076923,330.7450553474653
0.35,0.05,9230.76923076923,330.2806615174193
0.37,0.05,9230.76923076923,328.74182199382494
0.39,0.05,9230.76923076923,325.6631753433504
0.01,0.07,9230.76923076923,325.8222019316015
0.03,0.07,9230.76923076923,329.1400865561022
0.05,0.07,9230.76923076923,330.74505534746527
0.07,0.07,9230.76923076923,331.1035017097361
0.09,0.07,9230.76923076923,330.68174307820885
0.11,0.07,9230.76923076923,329.87507011258646
0.13,0.07,9230.76923076923,328.97860432162946
0.15,0.07,9230.76923076923,328.1872513042374
0.17,0.07,9230.76923076923,327.6143204646717
0.19,0.07,9230.76923076923,327.31670238042346
0.21,0.07,9230.76923076923,327.31670238042346
0.23,0.07,9230.76923076923,327.6143204646718
0.25,0.07,9230.76923076923,328.1872513042373
0.27,0.07,9230.76923076923,328.9786043216295
0.29,0.07,9230.76923076923,329.8750701125865
0.31,0.07,9230.76923076923,330.6817430782089
0.33,0.07,9230.76923076923,331.1035017097362
0.35,0.07,9230.76923076923,330.7450553474653
0.37,0.07,9230.76923076923,329.14008655610223
0.39,0.07,9230.76923076923,325.8222019316015
0.01,0.09,9230.76923076923,325.8131095135088
0.03,0.09,9230.76923076923,329.0816051814258
0.05,0.09,9230.76923076923,330.55222366648275
0.07,0.09,9230.76923076923,330.6817430782088
0.09,0.09,9230.76923076923,329.9636798209347
0.11,0.09,9230.76923076923,328.8387041865452
0.13,0.09,9230.76923076923,327.6459701564861
0.15,0.09,9230.76923076923,326.6129454077067
0.17,0.09,9230.76923076923,325.8720444430321
0.19,0.09,9230.76923076923,325.48896211331066
0.21,0.09,9230.76923076923,325.48896211331066
0.23,0.09,9230.76923076923,325.8720444430321
0.25,0.09,9230.76923076923,326.6129454077067
0.27,0.09,9230.76923076923,327.64597015648616
0.29,0.09,9230.76923076923,328.8387041865452
0.31,0.09,9230.76923076923,329.96367982093483
0.33,0.09,9230.76923076923,330.6817430782089
0.35,0.09,9230.76923076923,330.5522236664828
0.37,0.09,9230.76923076923,329.08160518142586
0.39,0.09,9230.76923076923,325.81310951350883
0.01,0.11,9230.76923076923,325.72268951959734
0.03,0.11,9230.76923076923,328.7972318543208
0.05,0.11,9230.76923076923,330.031799069928
0.07,0.11,9230.76923076923,329.87507011258646
0.09,0.11,9230.76923076923,328.8387041865452
0.11,0.11,9230.76923076923,327.3963595169601
0.13,0.11,9230.76923076923,325.9204512821762
0.15,0.11,9230.76923076923,324.66265408888694
0.17,0.11,9230.76923076923,323.7683658239644
0.19,0.11,9230.76923076923,323.3080902175217
0.21,0.11,9230.76923076923,323.3080902175217
0.23,0.11,9230.76923076923,323.7683658239644
0.25,0.11,9230.76923076923,324.66265408888694
0.27,0.11,9230.76923076923,325.92045128217626
0.29,0.11,9230.76923076923,327.3963595169602
0.31,0.11,9230.76923076923,328.8387041865452
0.33,0.11,9230.76923076923,329.8750701125865
0.35,0.11,9230.76923076923,330.031799069928
0.37,0.11,9230.76923076923,328.79723185432084
0.39,0.11,9230.76923076923,325.72268951959734
0.01,0.13,9230.76923076923,325.60702215319304
0.03,0.13,9230.76923076923,328.444100260091
0.05,0.13,9230.76923076923,329.4198025215136
0.07,0.13,9230.76923076923,328.9786043216294
0.09,0.13,9230.76923076923,327.6459701564861
0.11,0.13,9230.76923076923,325.9204512821762
0.13,0.13,9230.76923076923,324.1994394002836
0.15,0.13,9230.76923076923,322.751631097481
0.17,0.13,9230.76923076923,321.7299904184761
0.19,0.13,9230.76923076923,321.2063627276332
0.21,0.13,9230.76923076923,321.2063627276332
0.23,0.13,9230.76923076923,321.7299904184761
0.25,0.13,9230.76923076923,322.75163109748104
0.27,0.13,9230.76923076923,324.19943940028367
0.29,0.13,9230.76923076923,325.92045128217626
0.31,0.13,9230.76923076923,327.6459701564861
0.33,0.13,9230.76923076923,328.9786043216295
0.35,0.13,9230.76923076923,329.41980252151365
0.37,0.13,9230.76923076923,328.4441002600911
0.39,0.13,9230.76923076923,325.60702215319304
0.01,0.15,9230.76923076923,325.5002996034874
0.03,0.15,9230.76923076923,328.12067188432815
0.05,0.15,9230.76923076923,328.86856736468263
0.07,0.15,9230.76923076923,328.1872513042374
0.09,0.15,9230.76923076923,326.61294540770666
0.11,0.15,9230.76923076923,324.66265408888694
0.13,0.15,9230.76923076923,322.7516310974809
0.15,0.15,9230.76923076923,321.15959044299893
0.17,0.15,9230.76923076923,320.042958215636
0.19,0.15,9230.76923076923,319.47263309984766
0.21,0.15,9230.76923076923,319.47263309984766
0.23,0.15,9230.76923076923,320.042958215636
0.25,0.15,9230.76923076923,321.159590442999
0.27,0.15,9230.76923076923,322.751631097481
0.29,0.15,9230.76923076923,324.66265408888694
0.31,0.15,9230.76923076923,326.61294540770666
0.33,0.15,9230.76923076923,328.1872513042373
0.35,0.15,9230.76923076923,328.86856736468263
0.37,0.15,9230.76923076923,328.12067188432815
0.39,0.15,9230.76923076923,325.5002996034874
0.01,0.17,9230.76923076923,325.42160544521454
0.03,0.17,9230.76923076923,327.88276782296555
0.05,0.17,9230.76923076923,328.465834443909
0.07,0.17,9230.76923076923,327.61432046467166
0.09,0.17,9230.76923076923,325.87204444303205
0.11,0.17,9230.76923076923,323.7683658239643
0.13,0.17,9230.76923076923,321.7299904184761
0.15,0.17,9230.76923076923,320.042958215636
0.17,0.17,9230.76923076923,318.8647180013618
0.19,0.17,9230.76923076923,318.2644291519768
0.21,0.17,9230.76923076923,318.2644291519768
0.23,0.17,9230.76923076923,318.8647180013618
0.25,0.17,9230.76923076923,320.042958215636
0.27,0.17,9230.76923076923,321.7299904184761
0.29,0.17,9230.76923076923,323.76836582396425
0.31,0.17,9230.76923076923,325.87204444303194
0.33,0.17,9230.76923076923,327.6143204646716
0.35,0.17,9230.76923076923,328.46583444390893
0.37,0.17,9230.76923076923,327.8827678229656
0.39,0.17,9230.76923076923,325.42160544521454
0.01,0.19,9230.76923076923,325.3803967882058
0.03,0.19,9230.76923076923,327.7582975864173
0.05,0.19,9230.76923076923,328.255741292347
0.07,0.19,9230.76923076923,327.3167023804233
0.09,0.19,9230.76923076923,325.4889621133106
0.11,0.19,9230.76923076923,323.3080902175217
0.13,0.19,9230.76923076923,321.2063627276332
0.15,0.19,9230.76923076923,319.4726330998476
0.17,0.19,9230.76923076923,318.26442915197674
0.19,0.19,9230.76923076923,317.6496774070946
0.21,0.19,9230.76923076923,317.64967740709454
0.23,0.19,9230.76923076923,318.26442915197674
0.25,0.19,9230.76923076923,319.4726330998476
0.27,0.19,9230.76923076923,321.2063627276331
0.29,0.19,9230.76923076923,323.3080902175216
0.31,0.19,9230.76923076923,325.4889621133105
0.33,0.19,9230.76923076923,327.31670238042324
0.35,0.19,9230.76923076923,328.2557412923469
0.37,0.19,9230.76923076923,327.75829758641726
0.39,0.19,9230.76923076923,325.38039678820587
0.01,0.21,9230.76923076923,325.3803967882058
0.03,0.21,9230.76923076923,327.7582975864173
0.05,0.21,9230.76923076923,328.255741292347
0.07,0.21,9230.76923076923,327.3167023804233
0.09,0.21,9230.76923076923,325.4889621133106
0.11,0.21,9230.76923076923,323.3080902175217
0.13,0.21,9230.76923076923,321.2063627276332
0.15,0.21,9230.76923076923,319.4726330998476
0.17,0.21,9230.76923076923,318.26442915197674
0.19,0.21,9230.76923076923,317.64967740709454
0.21,0.21,9230.76923076923,317.6496774070945
0.23,0.21,9230.76923076923,318.2644291519767
0.25,0.21,9230.76923076923,319.4726330998475
0.27,0.21,9230.76923076923,321.20636272763306
0.29,0.21,9230.76923076923,323.3080902175215
0.31,0.21,9230.76923076923,325.4889621133105
0.33,0.21,9230.76923076923,327.31670238042324
0.35,0.21,9230.76923076923,328.2557412923469
0.37,0.21,9230.76923076923,327.75829758641726
0.39,0.21,9230.76923076923,325.3803967882058
0.01,0.23,9230.76923076923,325.42160544521454
0.03,0.23,9230.76923076923,327.8827678229656
0.05,0.23,9230.76923076923,328.46583444390905
0.07,0.23,9230.76923076923,327.6143204646717
0.09,0.23,9230.76923076923,325.87204444303205
0.11,0.23,9230.76923076923,323.7683658239643
0.13,0.23,9230.76923076923,321.7299904184761
0.15,0.23,9230.76923076923,320.042958215636
0.17,0.23,9230.76923076923,318.8647180013617
0.19,0.23,9230.76923076923,318.2644291519767
0.21,0.23,9230.76923076923,318.2644291519767
0.23,0.23,9230.76923076923,318.8647180013616
0.25,0.23,9230.76923076923,320.04295821563585
0.27,0.23,9230.76923076923,321.72999041847595
0.29,0.23,9230.76923076923,323.76836582396413
0.31,0.23,9230.76923076923,325.87204444303194
0.33,0.23,9230.76923076923,327.6143204646716
0.35,0.23,9230.76923076923,328.46583444390893
0.37,0.23,9230.76923076923,327.88276782296555
0.39,0.23,9230.76923076923,325.42160544521454
0.01,0.25,9230.76923076923,325.5002996034874
0.03,0.25,9230.76923076923,328.12067188432815
0.05,0.25,9230.76923076923,328.8685673646827
0.07,0.25,9230.76923076923,328.1872513042374
0.09,0.25,9230.76923076923,326.6129454077068
0.11,0.25,9230.76923076923,324.662654088887
0.13,0.25,9230.76923076923,322.7516310974809
0.15,0.25,9230.76923076923,321.15959044299893
0.17,0.25,9230.76923076923,320.042958215636
0.19,0.25,9230.76923076923,319.47263309984754
0.21,0.25,9230.76923076923,319.47263309984754
0.23,0.25,9230.76923076923,320.04295821563585
0.25,0.25,9230.76923076923,321.1595904429988
0.27,0.25,9230.76923076923,322.7516310974808
0.29,0.25,9230.76923076923,324.6626540888868
0.31,0.25,9230.76923076923,326.6129454077066
0.33,0.25,9230.76923076923,328.1872513042373
0.35,0.25,9230.76923076923,328.86856736468263
0.37,0.25,9230.76923076923,328.12067188432815
0.39,0.25,9230.76923076923,325.5002996034874
0.01,0.27,9230.76923076923,325.60702215319304
0.03,0.27,9230.76923076923,328.44410026009103
0.05,0.27,9230.76923076923,329.41980252151365
0.07,0.27,9230.76923076923,328.97860432162946
0.09,0.27,9230.76923076923,327.64597015648616
0.11,0.27,9230.76923076923,325.92045128217626
0.13,0.27,9230.76923076923,324.1994394002836
0.15,0.27,9230.76923076923,322.7516310974809
0.17,0.27,9230.76923076923,321.72999041847606
0.19,0.27,9230.76923076923,321.20636272763306
0.21,0.27,9230.76923076923,321.20636272763306
0.23,0.27,9230.76923076923,321.72999041847595
0.25,0.27,9230.76923076923,322.7516310974808
0.27,0.27,9230.76923076923,324.1994394002835
0.29,0.27,9230.76923076923,325.9204512821761
0.31,0.27,9230.76923076923,327.64597015648604
0.33,0.27,9230.76923076923,328.9786043216294
0.35,0.27,9230.76923076923,329.4198025215136
0.37,0.27,9230.76923076923,328.44410026009103
0.39,0.27,9230.76923076923,325.60702215319304
0.01,0.29,9230.76923076923,325.72268951959734
0.03,0.29,9230.76923076923,328.79723185432084
0.05,0.29,9230.76923076923,330.031799069928
0.07,0.29,9230.76923076923,329.87507011258646
0.09,0.29,9230.76923076923,328.8387041865452
0.11,0.29,9230.76923076923,327.39635951696016
0.13,0.29,9230.76923076923,325.9204512821762
0.15,0.29,9230.76923076923,324.66265408888694
0.17,0.29,9230.76923076923,323.76836582396425
0.19,0.29,9230.76923076923,323.3080902175216
0.21,0.29,9230.76923076923,323.3080902175216
0.23,0.29,9230.76923076923,323.7683658239642
0.25,0.29,9230.76923076923,324.6626540888868
0.27,0.29,9230.76923076923,325.9204512821761
0.29,0.29,9230.76923076923,327.39635951696
0.31,0.29,9230.76923076923,328.8387041865452
0.33,0.29,9230.76923076923,329.8750701125864
0.35,0.29,9230.76923076923,330.031799069928
0.37,0.29,9230.76923076923,328.7972318543208
0.39,0.29,9230.76923076923,325.72268951959734
0.01,0.31,9230.76923076923,325.81310951350883
0.03,0.31,9230.76923076923,329.08160518142586
0.05,0.31,9230.76923076923,330.5522236664828
0.07,0.31,9230.76923076923,330.68174307820885
0.09,0.31,9230.76923076923,329.9636798209347
0.11,0.31,9230.76923076923,328.8387041865452
0.13,0.31,9230.76923076923,327.64597015648604
0.15,0.31,9230.76923076923,326.61294540770666
0.17,0.31,9230.76923076923,325.872044443032
0.19,0.31,9230.76923076923,325.4889621133105
0.21,0.31,9230.76923076923,325.4889621133105
0.23,0.31,9230.76923076923,325.872044443032
0.25,0.31,9230.76923076923,326.6129454077066
0.27,0.31,9230.76923076923,327.645970156486
0.29,0.31,9230.76923076923,328.83870418654504
0.31,0.31,9230.76923076923,329.96367982093466
0.33,0.31,9230.76923076923,330.68174307820885
0.35,0.31,9230.76923076923,330.55222366648275
0.37,0.31,9230.76923076923,329.0816051814258
0.39,0.31,9230.76923076923,325.8131095135088
0.01,0.33,9230.76923076923,325.8222019316015
0.03,0.33,9230.76923076923,329.1400865561022
0.05,0.33,9230.76923076923,330.7450553474653
0.07,0.33,9230.76923076923,331.1035017097362
0.09,0.33,9230.76923076923,330.68174307820885
0.11,0.33,9230.76923076923,329.87507011258646
0.13,0.33,9230.76923076923,328.97860432162946
0.15,0.33,9230.76923076923,328.1872513042373
0.17,0.33,9230.76923076923,327.61432046467166
0.19,0.33,9230.76923076923,327.3167023804233
0.21,0.33,9230.76923076923,327.3167023804233
0.23,0.33,9230.76923076923,327.61432046467166
0.25,0.33,9230.76923076923,328.1872513042373
0.27,0.33,9230.76923076923,328.9786043216294
0.29,0.33,9230.76923076923,329.8750701125864
0.31,0.33,9230.76923076923,330.6817430782088
0.33,0.33,9230.76923076923,331.1035017097361
0.35,0.33,9230.76923076923,330.74505534746527
0.37,0.33,9230.76923076923,329.1400865561022
0.39,0.33,9230.76923076923,325.8222019316015
0.01,0.35,9230.76923076923,325.6631753433504
0.03,0.35,9230.76923076923,328.7418219938249
0.05,0.35,9230.76923076923,330.2806615174192
0.07,0.35,9230.76923076923,330.7450553474653
0.09,0.35,9230.76923076923,330.55222366648275
0.11,0.35,9230.76923076923,330.031799069928
0.13,0.35,9230.76923076923,329.4198025215136
0.15,0.35,9230.76923076923,328.86856736468263
0.17,0.35,9230.76923076923,328.465834443909
0.19,0.35,9230.76923076923,328.255741292347
0.21,0.35,9230.76923076923,328.25574129234707
0.23,0.35,9230.76923076923,328.465834443909
0.25,0.35,9230.76923076923,328.86856736468263
0.27,0.35,9230.76923076923,329.4198025215136
0.29,0.35,9230.76923076923,330.0317990699279
0.31,0.35,9230.76923076923,330.55222366648275
0.33,0.35,9230.76923076923,330.74505534746527
0.35,0.35,9230.76923076923,330.2806615174193
0.37,0.35,9230.76923076923,328.74182199382494
0.39,0.35,9230.76923076923,325.6631753433504
0.01,0.37,9230.76923076923,325.20164032200574
0.03,0.37,9230.76923076923,327.56860001852806
0.05,0.37,9230.76923076923,328.74182199382494
0.07,0.37,9230.76923076923,329.1400865561022
0.09,0.37,9230.76923076923,329.0816051814258
0.11,0.37,9230.76923076923,328.7972318543208
0.13,0.37,9230.76923076923,328.44410026009103
0.15,0.37,9230.76923076923,328.12067188432815
0.17,0.37,9230.76923076923,327.8827678229656
0.19,0.37,9230.76923076923,327.7582975864173
0.21,0.37,9230.76923076923,327.7582975864173
0.23,0.37,9230.76923076923,327.8827678229656
0.25,0.37,9230.76923076923,328.12067188432815
0.27,0.37,9230.76923076923,328.44410026009103
0.29,0.37,9230.76923076923,328.7972318543208
0.31,0.37,9230.76923076923,329.08160518142574
0.33,0.37,9230.76923076923,329.1400865561022
0.35,0.37,9230.76923076923,328.74182199382494
0.37,0.37,9230.76923076923,327.5686000185281
0.39,0.37,9230.76923076923,325.2016403220058
0.01,0.39,9230.76923076923,324.20143866423854
0.03,0.39,9230.76923076923,325.20164032200574
0.05,0.39,9230.76923076923,325.6631753433504
0.07,0.39,9230.76923076923,325.8222019316015
0.09,0.39,9230.76923076923,325.81310951350883
0.11,0.39,9230.76923076923,325.72268951959734
0.13,0.39,9230.76923076923,325.60702215319304
0.15,0.39,9230.76923076923,325.5002996034874
0.17,0.39,9230.76923076923,325.42160544521454
0.19,0.39,9230.76923076923,325.38039678820587
0.21,0.39,9230.76923076923,325.38039678820587
0.23,0.39,9230.76923076923,325.42160544521454
0.25,0.39,9230.76923076923,325.5002996034874
0.27,0.39,9230.76923076923,325.607022153193
0.29,0.39,9230.76923076923,325.72268951959734
0.31,0.39,9230.76923076923,325.8131095135088
0.33,0.39,9230.76923076923,325.8222019316015
0.35,0.39,9230.76923076923,325.6631753433504
0.37,0.39,9230.76923076923,325.2016403220058
0.39,0.39,9230.76923076923,324.20143866423854
0.01,0.01,11076.923076923078,324.1174348011886
0.03,0.01,11076.923076923078,325.15767884678183
0.05,0.01,11076.923076923078,325.74419807721284
0.07,0.01,11076.923076923078,326.0525211162266
0.09,0.01,11076.923076923078,326.1831338553603
0.11,0.01,11076.923076923078,326.2061898324647
0.13,0.01,11076.923076923078,326.1731054475947
0.15,0.01,11076.923076923078,326.1206297408176
0.17,0.01,11076.923076923078,326.07343096775253
0.19,0.01,11076.923076923078,326.0463759676355
0.21,0.01,11076.923076923078,326.04637596763547
0.23,0.01,11076.923076923078,326.0734309677525
0.25,0.01,11076.923076923078,326.1206297408176
0.27,0.01,11076.923076923078,326.1731054475947
0.29,0.01,11076.923076923078,326.2061898324647
0.31,0.01,11076.923076923078,326.1831338553603
0.33,0.01,11076.923076923078,326.0525211162266
0.35,0.01,11076.923076923078,325.74419807721284
0.37,0.01,11076.923076923078,325.15767884678183
0.39,0.01,11076.923076923078,324.11743480118867
0.01,0.03,11076.923076923078,325.15767884678183
0.03,0.03,11076.923076923078,327.7548039817007
0.05,0.03,11076.923076923078,329.33028484794465
0.07,0.03,11076.923076923078,330.1817894021341
0.09,0.03,11076.923076923078,330.54344604125805
0.11,0.03,11076.923076923078,330.60082000321086
0.13,0.03,11076.923076923078,330.4974519096378
0.15,0.03,11076.923076923078,330.33883990076333
0.17,0.03,11076.923076923078,330.19700783119566
0.19,0.03,11076.923076923078,330.11583061752964
0.21,0.03,11076.923076923078,330.11583061752964
0.23,0.03,11076.923076923078,330.1970078311956
0.25,0.03,11076.923076923078,330.33883990076333
0.27,0.03,11076.923076923078,330.4974519096378
0.29,0.03,11076.923076923078,330.60082000321086
0.31,0.03,11076.923076923078,330.54344604125805
0.33,0.03,11076.923076923078,330.1817894021341
0.35,0.03,11076.923076923078,329.3302848479448
0.37,0.03,11076.923076923078,327.7548039817008
0.39,0.03,11076.923076923078,325.15767884678183
0.01,0.05,11076.923076923078,325.74419807721284
0.03,0.05,11076.923076923078,329.33028484794465
0.05,0.05,11076.923076923078,331.5802282425348
0.07,0.05,11076.923076923078,332.8087192947437
0.09,0.05,11076.923076923078,333.3166020227511
0.11,0.05,11076.923076923078,333.3664881814886
0.13,0.05,11076.923076923078,333.17293830982413
0.15,0.05,11076.923076923078,332.89900148844
0.17,0.05,11076.923076923078,332.65845031106574
0.19,0.05,11076.923076923078,332.5215937427981
0.21,0.05,11076.923076923078,332.5215937427981
0.23,0.05,11076.923076923078,332.65845031106574
0.25,0.05,11076.923076923078,332.89900148844
0.27,0.05,11076.923076923078,333.17293830982413
0.29,0.05,11076.923076923078,333.3664881814886
0.31,0.05,11076.923076923078,333.3166020227512
0.33,0.05,11076.923076923078,332.80871929474387
0.35,0.05,11076.923076923078,331.58022824253493
0.37,0.05,11076.923076923078,329.3302848479448
0.39,0.05,11076.923076923078,325.74419807721284
0.01,0.07,11076.923076923078,326.0525211162266
0.03,0.07,11076.923076923078,330.18178940213403
0.05,0.07,11076.923076923078,332.8087192947437
0.07,0.07,11076.923076923078,334.2322939127296
0.09,0.07,11076.923076923078,334.7805291448892
0.11,0.07,11076.923076923078,334.7638471127748
0.13,0.07,11076.923076923078,334.4483545571345
0.15,0.07,11076.923076923078,334.04261405146843
0.17,0.07,11076.923076923078,333.695258783178
0.19,0.07,11076.923076923078,333.49943645606675
0.21,0.07,11076.923076923078,333.49943645606675
0.23,0.07,11076.923076923078,333.695258783178
0.25,0.07,11076.923076923078,334.0426140514684
0.27,0.07,11076.923076923078,334.4483545571345
0.29,0.07,11076.923076923078,334.7638471127748
0.31,0.07,11076.923076923078,334.7805291448893
0.33,0.07,11076.923076923078,334.23229391272963
0.35,0.07,11076.923076923078,332.8087192947438
0.37,0.07,11076.923076923078,330.18178940213414
0.39,0.07,11076.923076923078,326.05252111622667
0.01,0.09,11076.923076923078,326.1831338553603
0.03,0.09,11076.923076923078,330.54344604125805
0.05,0.09,11076.923076923078,333.3166020227511
0.07,0.09,11076.923076923078,334.7805291448892
0.09,0.09,11076.923076923078,335.27272067710584
0.11,0.09,11076.923076923078,335.1329882117926
0.13,0.09,11076.923076923078,334.6641774117022
0.15,0.09,11076.923076923078,334.11016231761204
0.17,0.09,11076.923076923078,333.6480231478428
0.19,0.09,11076.923076923078,333.3900754847608
0.21,0.09,11076.923076923078,333.3900754847608
0.23,0.09,11076.923076923078,333.6480231478429
0.25,0.09,11076.923076923078,334.1101623176121
0.27,0.09,11076.923076923078,334.66417741170227
0.29,0.09,11076.923076923078,335.1329882117927
0.31,0.09,11076.923076923078,335.27272067710595
0.33,0.09,11076.923076923078,334.7805291448893
0.35,0.09,11076.923076923078,333.3166020227512
0.37,0.09,11076.923076923078,330.54344604125805
0.39,0.09,11076.923076923078,326.1831338553604
0.01,0.11,11076.923076923078,326.2061898324647
0.03,0.11,11076.923076923078,330.60082000321086
0.05,0.11,11076.923076923078,333.3664881814886
0.07,0.11,11076.923076923078,334.7638471127748
0.09,0.11,11076.923076923078,335.1329882117927
0.11,0.11,11076.923076923078,334.8321851751405
0.13,0.11,11076.923076923078,334.1909085753282
0.15,0.11,11076.923076923078,333.4805227150932
0.17,0.11,11076.923076923078,332.9010573186972
0.19,0.11,11076.923076923078,332.5805438136241
0.21,0.11,11076.923076923078,332.5805438136241
0.23,0.11,11076.923076923078,332.9010573186972
0.25,0.11,11076.923076923078,333.48052271509323
0.27,0.11,11076.923076923078,334.19090857532814
0.29,0.11,11076.923076923078,334.8321851751405
0.31,0.11,11076.923076923078,335.1329882117927
0.33,0.11,11076.923076923078,334.7638471127748
0.35,0.11,11076.923076923078,333.3664881814886
0.37,0.11,11076.923076923078,330.60082000321086
0.39,0.11,11076.923076923078,326.2061898324647
0.01,0.13,11076.923076923078,326.1731054475947
0.03,0.13,11076.923076923078,330.49745190963785
0.05,0.13,11076.923076923078,333.17293830982413
0.07,0.13,11076.923076923078,334.4483545571345
0.09,0.13,11076.923076923078,334.66417741170227
0.11,0.13,11076.923076923078,334.19090857532814
0.13,0.13,11076.923076923078,333.37766717260166
0.15,0.13,11076.923076923078,332.51703327200886
0.17,0.13,11076.923076923078,331.8270822834552
0.19,0.13,11076.923076923078,331.44825360922744
0.21,0.13,11076.923076923078,331.44825360922744
0.23,0.13,11076.923076923078,331.82708228345524
0.25,0.13,11076.923076923078,332.5170332720089
0.27,0.13,11076.923076923078,333.37766717260166
0.29,0.13,11076.923076923078,334.1909085753282
0.31,0.13,11076.923076923078,334.66417741170227
0.33,0.13,11076.923076923078,334.44835455713456
0.35,0.13,11076.923076923078,333.17293830982413
0.37,0.13,11076.923076923078,330.4974519096378
0.39,0.13,11076.923076923078,326.1731054475947
0.01,0.15,11076.923076923078,326.1206297408176
0.03,0.15,11076.923076923078,330.33883990076333
0.05,0.15,11076.923076923078,332.89900148844
0.07,0.15,11076.923076923078,334.04261405146843
0.09,0.15,11076.923076923078,334.11016231761204
0.11,0.15,11076.923076923078,333.4805227150932
0.13,0.15,11076.923076923078,332.5170332720088
0.15,0.15,11076.923076923078,331.52795961624673
0.17,0.15,11076.923076923078,330.74478440614945
0.19,0.15,11076.923076923078,330.317101534714
0.21,0.15,11076.923076923078,330.317101534714
0.23,0.15,11076.923076923078,330.7447844061495
0.25,0.15,11076.923076923078,331.52795961624685
0.27,0.15,11076.923076923078,332.51703327200886
0.29,0.15,11076.923076923078,333.4805227150932
0.31,0.15,11076.923076923078,334.11016231761204
0.33,0.15,11076.923076923078,334.0426140514684
0.35,0.15,11076.923076923078,332.89900148844
0.37,0.15,11076.923076923078,330.33883990076333
0.39,0.15,11076.923076923078,326.1206297408176
0.01,0.17,11076.923076923078,326.0734309677525
0.03,0.17,11076.923076923078,330.1970078311956
0.05,0.17,11076.923076923078,332.6584503110657
0.07,0.17,11076.923076923078,333.695258783178
0.09,0.17,11076.923076923078,333.6480231478428
0.11,0.17,11076.923076923078,332.9010573186972
0.13,0.17,11076.923076923078,331.8270822834551
0.15,0.17,11076.923076923078,330.7447844061494
0.17,0.17,11076.923076923078,329.8945158709825
0.19,0.17,11076.923076923078,329.43184525658467
0.21,0.17,11076.923076923078,329.4318452565847
0.23,0.17,11076.923076923078,329.89451587098256
0.25,0.17,11076.923076923078,330.7447844061495
0.27,0.17,11076.923076923078,331.8270822834552
0.29,0.17,11076.923076923078,332.9010573186971
0.31,0.17,11076.923076923078,333.6480231478428
0.33,0.17,11076.923076923078,333.6952587831779
0.35,0.17,11076.923076923078,332.65845031106574
0.37,0.17,11076.923076923078,330.19700783119566
0.39,0.17,11076.923076923078,326.07343096775253
0.01,0.19,11076.923076923078,326.04637596763547
0.03,0.19,11076.923076923078,330.11583061752964
0.05,0.19,11076.923076923078,332.521593742798
0.07,0.19,11076.923076923078,333.4994364560667
0.09,0.19,11076.923076923078,333.39007548476064
0.11,0.19,11076.923076923078,332.58054381362405
0.13,0.19,11076.923076923078,331.44825360922744
0.15,0.19,11076.923076923078,330.317101534714
0.17,0.19,11076.923076923078,329.43184525658467
0.19,0.19,11076.923076923078,328.9509834658296
0.21,0.19,11076.923076923078,328.9509834658296
0.23,0.19,11076.923076923078,329.43184525658467
0.25,0.19,11076.923076923078,330.3171015347139
0.27,0.19,11076.923076923078,331.4482536092274
0.29,0.19,11076.923076923078,332.58054381362393
0.31,0.19,11076.923076923078,333.3900754847606
0.33,0.19,11076.923076923078,333.49943645606663
0.35,0.19,11076.923076923078,332.521593742798
0.37,0.19,11076.923076923078,330.11583061752964
0.39,0.19,11076.923076923078,326.0463759676355
0.01,0.21,11076.923076923078,326.0463759676355
0.03,0.21,11076.923076923078,330.11583061752964
0.05,0.21,11076.923076923078,332.5215937427981
0.07,0.21,11076.923076923078,333.4994364560667
0.09,0.21,11076.923076923078,333.3900754847607
0.11,0.21,11076.923076923078,332.5805438136241
0.13,0.21,11076.923076923078,331.4482536092275
0.15,0.21,11076.923076923078,330.317101534714
0.17,0.21,11076.923076923078,329.43184525658467
0.19,0.21,11076.923076923078,328.9509834658296
0.21,0.21,11076.923076923078,328.9509834658296
0.23,0.21,11076.923076923078,329.43184525658467
0.25,0.21,11076.923076923078,330.3171015347139
0.27,0.21,11076.923076923078,331.4482536092274
0.29,0.21,11076.923076923078,332.58054381362393
0.31,0.21,11076.923076923078,333.39007548476053
0.33,0.21,11076.923076923078,333.49943645606663
0.35,0.21,11076.923076923078,332.521593742798
0.37,0.21,11076.923076923078,330.11583061752964
0.39,0.21,11076.923076923078,326.0463759676355
0.01,0.23,11076.923076923078,326.0734309677525
0.03,0.23,11076.923076923078,330.1970078311956
0.05,0.23,11076.923076923078,332.6584503110657
0.07,0.23,11076.923076923078,333.695258783178
0.09,0.23,11076.923076923078,333.6480231478429
0.11,0.23,11076.923076923078,332.9010573186972
0.13,0.23,11076.923076923078,331.8270822834552
0.15,0.23,11076.923076923078,330.7447844061495
0.17,0.23,11076.923076923078,329.8945158709825
0.19,0.23,11076.923076923078,329.43184525658467
0.21,0.23,11076.923076923078,329.43184525658467
0.23,0.23,11076.923076923078,329.8945158709825
0.25,0.23,11076.923076923078,330.7447844061494
0.27,0.23,11076.923076923078,331.8270822834551
0.29,0.23,11076.923076923078,332.90105731869704
0.31,0.23,11076.923076923078,333.6480231478427
0.33,0.23,11076.923076923078,333.69525878317785
0.35,0.23,11076.923076923078,332.6584503110656
0.37,0.23,11076.923076923078,330.1970078311956
0.39,0.23,11076.923076923078,326.0734309677525
0.01,0.25,11076.923076923078,326.1206297408176
0.03,0.25,11076.923076923078,330.33883990076333
0.05,0.25,11076.923076923078,332.89900148844
0.07,0.25,11076.923076923078,334.04261405146843
0.09,0.25,11076.923076923078,334.1101623176121
0.11,0.25,11076.923076923078,333.48052271509323
0.13,0.25,11076.923076923078,332.51703327200886
0.15,0.25,11076.923076923078,331.52795961624685
0.17,0.25,11076.923076923078,330.7447844061495
0.19,0.25,11076.923076923078,330.317101534714
0.21,0.25,11076.923076923078,330.317101534714
0.23,0.25,11076.923076923078,330.7447844061494
0.25,0.25,11076.923076923078,331.52795961624673
0.27,0.25,11076.923076923078,332.51703327200875
0.29,0.25,11076.923076923078,333.48052271509306
0.31,0.25,11076.923076923078,334.110162317612
0.33,0.25,11076.923076923078,334.0426140514683
0.35,0.25,11076.923076923078,332.8990014884399
0.37,0.25,11076.923076923078,330.3388399007633
0.39,0.25,11076.923076923078,326.12062974081755
0.01,0.27,11076.923076923078,326.1731054475947
0.03,0.27,11076.923076923078,330.49745190963785
0.05,0.27,11076.923076923078,333.17293830982413
0.07,0.27,11076.923076923078,334.4483545571345
0.09,0.27,11076.923076923078,334.66417741170227
0.11,0.27,11076.923076923078,334.1909085753282
0.13,0.27,11076.923076923078,333.37766717260166
0.15,0.27,11076.923076923078,332.51703327200886
0.17,0.27,11076.923076923078,331.8270822834552
0.19,0.27,11076.923076923078,331.44825360922744
0.21,0.27,11076.923076923078,331.44825360922744
0.23,0.27,11076.923076923078,331.82708228345507
0.25,0.27,11076.923076923078,332.51703327200875
0.27,0.27,11076.923076923078,333.37766717260155
0.29,0.27,11076.923076923078,334.190908575328
0.31,0.27,11076.923076923078,334.66417741170216
0.33,0.27,11076.923076923078,334.44835455713445
0.35,0.27,11076.923076923078,333.1729383098241
0.37,0.27,11076.923076923078,330.4974519096378
0.39,0.27,11076.923076923078,326.1731054475947
0.01,0.29,11076.923076923078,326.2061898324647
0.03,0.29,11076.923076923078,330.60082000321086
0.05,0.29,11076.923076923078,333.3664881814886
0.07,0.29,11076.923076923078,334.7638471127747
0.09,0.29,11076.923076923078,335.1329882117927
0.11,0.29,11076.923076923078,334.8321851751405
0.13,0.29,11076.923076923078,334.19090857532814
0.15,0.29,11076.923076923078,333.4805227150931
0.17,0.29,11076.923076923078,332.90105731869704
0.19,0.29,11076.923076923078,332.58054381362393
0.21,0.29,11076.923076923078,332.58054381362393
0.23,0.29,11076.923076923078,332.90105731869704
0.25,0.29,11076.923076923078,333.48052271509306
0.27,0.29,11076.923076923078,334.190908575328
0.29,0.29,11076.923076923078,334.8321851751404
0.31,0.29,11076.923076923078,335.13298821179256
0.33,0.29,11076.923076923078,334.7638471127747
0.35,0.29,11076.923076923078,333.36648818148853
0.37,0.29,11076.923076923078,330.60082000321086
0.39,0.29,11076.923076923078,326.2061898324647
0.01,0.31,11076.923076923078,326.1831338553604
0.03,0.31,11076.923076923078,330.54344604125805
0.05,0.31,11076.923076923078,333.3166020227512
0.07,0.31,11076.923076923078,334.7805291448893
0.09,0.31,11076.923076923078,335.27272067710584
0.11,0.31,11076.923076923078,335.1329882117926
0.13,0.31,11076.923076923078,334.6641774117022
0.15,0.31,11076.923076923078,334.11016231761204
0.17,0.31,11076.923076923078,333.6480231478428
0.19,0.31,11076.923076923078,333.3900754847606
0.21,0.31,11076.923076923078,333.3900754847606
0.23,0.31,11076.923076923078,333.6480231478428
0.25,0.31,11076.923076923078,334.1101623176119
0.27,0.31,11076.923076923078,334.66417741170216
0.29,0.31,11076.923076923078,335.13298821179256
0.31,0.31,11076.923076923078,335.2727206771058
0.33,0.31,11076.923076923078,334.7805291448892
0.35,0.31,11076.923076923078,333.3166020227511
0.37,0.31,11076.923076923078,330.5434460412581
0.39,0.31,11076.923076923078,326.1831338553604
0.01,0.33,11076.923076923078,326.0525211162266
0.03,0.33,11076.923076923078,330.18178940213414
0.05,0.33,11076.923076923078,332.8087192947437
0.07,0.33,11076.923076923078,334.2322939127296
0.09,0.33,11076.923076923078,334.7805291448892
0.11,0.33,11076.923076923078,334.7638471127748
0.13,0.33,11076.923076923078,334.4483545571345
0.15,0.33,11076.923076923078,334.0426140514684
0.17,0.33,11076.923076923078,333.6952587831779
0.19,0.33,11076.923076923078,333.49943645606663
0.21,0.33,11076.923076923078,333.49943645606663
0.23,0.33,11076.923076923078,333.69525878317785
0.25,0.33,11076.923076923078,334.04261405146826
0.27,0.33,11076.923076923078,334.4483545571344
0.29,0.33,11076.923076923078,334.76384711277467
0.31,0.33,11076.923076923078,334.7805291448892
0.33,0.33,11076.923076923078,334.2322939127295
0.35,0.33,11076.923076923078,332.8087192947437
0.37,0.33,11076.923076923078,330.18178940213414
0.39,0.33,11076.923076923078,326.05252111622667
0.01,0.35,11076.923076923078,325.7441980772129
0.03,0.35,11076.923076923078,329.3302848479448
0.05,0.35,11076.923076923078,331.5802282425349
0.07,0.35,11076.923076923078,332.8087192947438
0.09,0.35,11076.923076923078,333.3166020227512
0.11,0.35,11076.923076923078,333.36648818148865
0.13,0.35,11076.923076923078,333.1729383098241
0.15,0.35,11076.923076923078,332.8990014884399
0.17,0.35,11076.923076923078,332.6584503110656
0.19,0.35,11076.923076923078,332.521593742798
0.21,0.35,11076.923076923078,332.521593742798
0.23,0.35,11076.923076923078,332.6584503110656
0.25,0.35,11076.923076923078,332.8990014884399
0.27,0.35,11076.923076923078,333.1729383098241
0.29,0.35,11076.923076923078,333.36648818148853
0.31,0.35,11076.923076923078,333.31660202275106
0.33,0.35,11076.923076923078,332.8087192947437
0.35,0.35,11076.923076923078,331.5802282425349
0.37,0.35,11076.923076923078,329.3302848479448
0.39,0.35,11076.923076923078,325.7441980772129
0.01,0.37,11076.923076923078,325.15767884678183
0.03,0.37,11076.923076923078,327.7548039817008
0.05,0.37,11076.923076923078,329.3302848479448
0.07,0.37,11076.923076923078,330.18178940213414
0.09,0.37,11076.923076923078,330.54344604125805
0.11,0.37,11076.923076923078,330.6008200032109
0.13,0.37,11076.923076923078,330.4974519096378
0.15,0.37,11076.923076923078,330.33883990076333
0.17,0.37,11076.923076923078,330.1970078311956
0.19,0.37,11076.923076923078,330.1158306175296
0.21,0.37,11076.923076923078,330.1158306175296
0.23,0.37,11076.923076923078,330.1970078311956
0.25,0.37,11076.923076923078,330.3388399007633
0.27,0.37,11076.923076923078,330.4974519096378
0.29,0.37,11076.923076923078,330.6008200032108
0.31,0.37,11076.923076923078,330.543446041258
0.33,0.37,11076.923076923078,330.1817894021341
0.35,0.37,11076.923076923078,329.3302848479447
0.37,0.37,11076.923076923078,327.7548039817008
0.39,0.37,11076.923076923078,325.1576788467819
0.01,0.39,11076.923076923078,324.11743480118867
0.03,0.39,11076.923076923078,325.15767884678183
0.05,0.39,11076.923076923078,325.74419807721284
0.07,0.39,11076.923076923078,326.05252111622667
0.09,0.39,11076.923076923078,326.1831338553604
0.11,0.39,11076.923076923078,326.2061898324647
0.13,0.39,11076.923076923078,326.1731054475947
0.15,0.39,11076.923076923078,326.1206297408176
0.17,0.39,11076.923076923078,326.0734309677525
0.19,0.39,11076.923076923078,326.0463759676355
0.21,0.39,11076.923076923078,326.0463759676355
0.23,0.39,11076.923076923078,326.0734309677525
0.25,0.39,11076.923076923078,326.1206297408176
0.27,0.39,11076.923076923078,326.1731054475947
0.29,0.39,11076.923076923078,326.2061898324647
0.31,0.39,11076.923076923078,326.1831338553603
0.33,0.39,11076.923076923078,326.0525211162266
0.35,0.39,11076.923076923078,325.74419807721284
0.37,0.39,11076.923076923078,325.15767884678183
0.39,0.39,11076.923076923078,324.11743480118867
0.01,0.01,12923.076923076924,324.0344746735537
0.03,0.01,12923.076923076924,325.06250171697155
0.05,0.01,12923.076923076924,325.7097434176067
0.07,0.01,12923.076923076924,326.1125788441736
0.09,0.01,12923.076923076924,326.3467356036814
0.11,0.01,12923.076923076924,326.46632514084257
0.13,0.01,12923.076923076924,326.51357852452014
0.15,0.01,12923.076923076924,326.5212642557584
0.17,0.01,12923.076923076924,326.5133832764612
0.19,0.01,12923.076923076924,326.50559195109264
0.21,0.01,12923.076923076924,326.50559195109264
0.23,0.01,12923.076923076924,326.5133832764612
0.25,0.01,12923.076923076924,326.5212642557584
0.27,0.01,12923.076923076924,326.5135785245202
0.29,0.01,12923.076923076924,326.46632514084257
0.31,0.01,12923.076923076924,326.3467356036814
0.33,0.01,12923.076923076924,326.1125788441736
0.35,0.01,12923.076923076924,325.7097434176067
0.37,0.01,12923.076923076924,325.06250171697155
0.39,0.01,12923.076923076924,324.0344746735537
0.01,0.03,12923.076923076924,325.06250171697155
0.03,0.03,12923.076923076924,327.7098371970233
0.05,0.03,12923.076923076924,329.492385226754
0.07,0.03,12923.076923076924,330.6330700837163
0.09,0.03,12923.076923076924,331.30536644898456
0.11,0.03,12923.076923076924,331.6515726036899
0.13,0.03,12923.076923076924,331.7890985322826
0.15,0.03,12923.076923076924,331.8114966912
0.17,0.03,12923.076923076924,331.7883371037506
0.19,0.03,12923.076923076924,331.7654298768832
0.21,0.03,12923.076923076924,331.7654298768831
0.23,0.03,12923.076923076924,331.7883371037506
0.25,0.03,12923.076923076924,331.8114966912
0.27,0.03,12923.076923076924,331.7890985322826
0.29,0.03,12923.076923076924,331.6515726036899
0.31,0.03,12923.076923076924,331.30536644898456
0.33,0.03,12923.076923076924,330.6330700837163
0.35,0.03,12923.076923076924,329.492385226754
0.37,0.03,12923.076923076924,327.7098371970234
0.39,0.03,12923.076923076924,325.06250171697155
0.01,0.05,12923.076923076924,325.7097434176067
0.03,0.05,12923.076923076924,329.492385226754
0.05,0.05,12923.076923076924,332.1333069595366
0.07,0.05,12923.076923076924,333.8582699194945
0.09,0.05,12923.076923076924,334.88614741300825
0.11,0.05,12923.076923076924,335.416829674269
0.13,0.05,12923.076923076924,335.6248283362577
0.15,0.05,12923.076923076924,335.6537223409924
0.17,0.05,12923.076923076924,335.612456429119
0.19,0.05,12923.076923076924,335.57371378097133
0.21,0.05,12923.076923076924,335.5737137809713
0.23,0.05,12923.076923076924,335.61245642911894
0.25,0.05,12923.076923076924,335.65372234099243
0.27,0.05,12923.076923076924,335.6248283362577
0.29,0.05,12923.076923076924,335.4168296742689
0.31,0.05,12923.076923076924,334.88614741300825
0.33,0.05,12923.076923076924,333.85826991949455
0.35,0.05,12923.076923076924,332.13330695953664
0.37,0.05,12923.076923076924,329.492385226754
0.39,0.05,12923.076923076924,325.7097434176067
0.01,0.07,12923.076923076924,326.1125788441736
0.03,0.07,12923.076923076924,330.63307008371623
0.05,0.07,12923.076923076924,333.8582699194945
0.07,0.07,12923.076923076924,335.99253732760945
0.09,0.07,12923.076923076924,337.26982919356857
0.11,0.07,12923.076923076924,337.92394666810736
0.13,0.07,12923.076923076924,338.1694317039263
0.15,0.07,12923.076923076924,338.188240618302
0.17,0.07,12923.076923076924,338.12128121762413
0.19,0.07,12923.076923076924,338.0638613020957
0.21,0.07,12923.076923076924,338.0638613020957
0.23,0.07,12923.076923076924,338.12128121762413
0.25,0.07,12923.076923076924,338.188240618302
0.27,0.07,12923.076923076924,338.1694317039262
0.29,0.07,12923.076923076924,337.9239466681073
0.31,0.07,12923.076923076924,337.2698291935685
0.33,0.07,12923.076923076924,335.9925373276094
0.35,0.07,12923.076923076924,333.85826991949455
0.37,0.07,12923.076923076924,330.6330700837163
0.39,0.07,12923.076923076924,326.11257884417364
0.01,0.09,12923.076923076924,326.3467356036814
0.03,0.09,12923.076923076924,331.30536644898456
0.05,0.09,12923.076923076924,334.88614741300825
0.07,0.09,12923.076923076924,337.2698291935686
0.09,0.09,12923.076923076924,338.6920489988927
0.11,0.09,12923.076923076924,339.40531265124275
0.13,0.09,12923.076923076924,339.65096586853923
0.15,0.09,12923.076923076924,339.6393697792942
0.17,0.09,12923.076923076924,339.5365782785553
0.19,0.09,12923.076923076924,339.4563796697431
0.21,0.09,12923.076923076924,339.4563796697431
0.23,0.09,12923.076923076924,339.53657827855534
0.25,0.09,12923.076923076924,339.6393697792942
0.27,0.09,12923.076923076924,339.6509658685392
0.29,0.09,12923.076923076924,339.40531265124275
0.31,0.09,12923.076923076924,338.69204899889263
0.33,0.09,12923.076923076924,337.2698291935685
0.35,0.09,12923.076923076924,334.88614741300825
0.37,0.09,12923.076923076924,331.3053664489845
0.39,0.09,12923.076923076924,326.34673560368134
0.01,0.11,12923.076923076924,326.4663251408426
0.03,0.11,12923.076923076924,331.6515726036899
0.05,0.11,12923.076923076924,335.416829674269
0.07,0.11,12923.076923076924,337.92394666810736
0.09,0.11,12923.076923076924,339.40531265124275
0.11,0.11,12923.076923076924,340.12313482061904
0.13,0.11,12923.076923076924,340.33648145046146
0.15,0.11,12923.076923076924,340.2765581225495
0.17,0.11,12923.076923076924,340.1289723840934
0.19,0.11,12923.076923076924,340.0223882275436
0.21,0.11,12923.076923076924,340.0223882275436
0.23,0.11,12923.076923076924,340.1289723840935
0.25,0.11,12923.076923076924,340.2765581225496
0.27,0.11,12923.076923076924,340.3364814504614
0.29,0.11,12923.076923076924,340.12313482061904
0.31,0.11,12923.076923076924,339.40531265124275
0.33,0.11,12923.076923076924,337.9239466681073
0.35,0.11,12923.076923076924,335.41682967426897
0.37,0.11,12923.076923076924,331.65157260368983
0.39,0.11,12923.076923076924,326.46632514084257
0.01,0.13,12923.076923076924,326.51357852452014
0.03,0.13,12923.076923076924,331.7890985322826
0.05,0.13,12923.076923076924,335.62482833625774
0.07,0.13,12923.076923076924,338.16943170392625
0.09,0.13,12923.076923076924,339.6509658685392
0.11,0.13,12923.076923076924,340.3364814504614
0.13,0.13,12923.076923076924,340.4968205116057
0.15,0.13,12923.076923076924,340.3783994037533
0.17,0.13,12923.076923076924,340.1818355589906
0.19,0.13,12923.076923076924,340.04755786828576
0.21,0.13,12923.076923076924,340.04755786828576
0.23,0.13,12923.076923076924,340.18183555899066
0.25,0.13,12923.076923076924,340.3783994037533
0.27,0.13,12923.076923076924,340.49682051160573
0.29,0.13,12923.076923076924,340.33648145046146
0.31,0.13,12923.076923076924,339.65096586853923
0.33,0.13,12923.076923076924,338.16943170392625
0.35,0.13,12923.076923076924,335.6248283362576
0.37,0.13,12923.076923076924,331.7890985322826
0.39,0.13,12923.076923076924,326.51357852452014
0.01,0.15,12923.076923076924,326.5212642557584
0.03,0.15,12923.076923076924,331.8114966912
0.05,0.15,12923.076923076924,335.65372234099243
0.07,0.15,12923.076923076924,338.188240618302
0.09,0.15,12923.076923076924,339.63936977929416
0.11,0.15,12923.076923076924,340.2765581225495
0.13,0.15,12923.076923076924,340.3783994037533
0.15,0.15,12923.076923076924,340.2021093389942
0.17,0.15,12923.076923076924,339.9594009322739
0.19,0.15,12923.076923076924,339.7995998382922
0.21,0.15,12923.076923076924,339.79959983829224
0.23,0.15,12923.076923076924,339.959400932274
0.25,0.15,12923.076923076924,340.2021093389942
0.27,0.15,12923.076923076924,340.3783994037533
0.29,0.15,12923.076923076924,340.27655812254955
0.31,0.15,12923.076923076924,339.63936977929416
0.33,0.15,12923.076923076924,338.188240618302
0.35,0.15,12923.076923076924,335.6537223409924
0.37,0.15,12923.076923076924,331.8114966912
0.39,0.15,12923.076923076924,326.5212642557584
0.01,0.17,12923.076923076924,326.5133832764612
0.03,0.17,12923.076923076924,331.78833710375056
0.05,0.17,12923.076923076924,335.612456429119
0.07,0.17,12923.076923076924,338.12128121762413
0.09,0.17,12923.076923076924,339.5365782785553
0.11,0.17,12923.076923076924,340.12897238409346
0.13,0.17,12923.076923076924,340.1818355589906
0.15,0.17,12923.076923076924,339.959400932274
0.17,0.17,12923.076923076924,339.68079307246865
0.19,0.17,12923.076923076924,339.5013687371708
0.21,0.17,12923.076923076924,339.5013687371708
0.23,0.17,12923.076923076924,339.68079307246865
0.25,0.17,12923.076923076924,339.959400932274
0.27,0.17,12923.076923076924,340.18183555899066
0.29,0.17,12923.076923076924,340.12897238409346
0.31,0.17,12923.076923076924,339.53657827855534
0.33,0.17,12923.076923076924,338.1212812176241
0.35,0.17,12923.076923076924,335.61245642911894
0.37,0.17,12923.076923076924,331.7883371037506
0.39,0.17,12923.076923076924,326.5133832764612
0.01,0.19,12923.076923076924,326.5055919510926
0.03,0.19,12923.076923076924,331.7654298768831
0.05,0.19,12923.076923076924,335.57371378097133
0.07,0.19,12923.076923076924,338.06386130209563
0.09,0.19,12923.076923076924,339.4563796697432
0.11,0.19,12923.076923076924,340.0223882275436
0.13,0.19,12923.076923076924,340.0475578682858
0.15,0.19,12923.076923076924,339.7995998382923
0.17,0.19,12923.076923076924,339.5013687371708
0.19,0.19,12923.076923076924,339.31128068691976
0.21,0.19,12923.076923076924,339.31128068691976
0.23,0.19,12923.076923076924,339.5013687371708
0.25,0.19,12923.076923076924,339.7995998382922
0.27,0.19,12923.076923076924,340.0475578682857
0.29,0.19,12923.076923076924,340.0223882275436
0.31,0.19,12923.076923076924,339.45637966974306
0.33,0.19,12923.076923076924,338.06386130209563
0.35,0.19,12923.076923076924,335.5737137809713
0.37,0.19,12923.076923076924,331.7654298768832
0.39,0.19,12923.076923076924,326.50559195109264
0.01,0.21,12923.076923076924,326.5055919510926
0.03,0.21,12923.076923076924,331.7654298768831
0.05,0.21,12923.076923076924,335.5737137809713
0.07,0.21,12923.076923076924,338.0638613020957
0.09,0.21,12923.076923076924,339.4563796697432
0.11,0.21,12923.076923076924,340.0223882275436
0.13,0.21,12923.076923076924,340.04755786828576
0.15,0.21,12923.076923076924,339.7995998382923
0.17,0.21,12923.076923076924,339.5013687371708
0.19,0.21,12923.076923076924,339.31128068691976
0.21,0.21,12923.076923076924,339.3112806869197
0.23,0.21,12923.076923076924,339.5013687371708
0.25,0.21,12923.076923076924,339.7995998382922
0.27,0.21,12923.076923076924,340.0475578682857
0.29,0.21,12923.076923076924,340.0223882275436
0.31,0.21,12923.076923076924,339.45637966974306
0.33,0.21,12923.076923076924,338.06386130209563
0.35,0.21,12923.076923076924,335.5737137809713
0.37,0.21,12923.076923076924,331.7654298768832
0.39,0.21,12923.076923076924,326.50559195109264
0.01,0.23,12923.076923076924,326.5133832764611
0.03,0.23,12923.076923076924,331.7883371037505
0.05,0.23,12923.076923076924,335.61245642911894
0.07,0.23,12923.076923076924,338.1212812176241
0.09,0.23,12923.076923076924,339.53657827855534
0.11,0.23,12923.076923076924,340.1289723840935
0.13,0.23,12923.076923076924,340.18183555899066
0.15,0.23,12923.076923076924,339.959400932274
0.17,0.23,12923.076923076924,339.68079307246865
0.19,0.23,12923.076923076924,339.5013687371708
0.21,0.23,12923.076923076924,339.5013687371708
0.23,0.23,12923.076923076924,339.68079307246865
0.25,0.23,12923.076923076924,339.9594009322739
0.27,0.23,12923.076923076924,340.1818355589906
0.29,0.23,12923.076923076924,340.12897238409346
0.31,0.23,12923.076923076924,339.5365782785553
0.33,0.23,12923.076923076924,338.1212812176241
0.35,0.23,12923.076923076924,335.61245642911894
0.37,0.23,12923.076923076924,331.78833710375056
0.39,0.23,12923.076923076924,326.5133832764612
0.01,0.25,12923.076923076924,326.5212642557584
0.03,0.25,12923.076923076924,331.8114966912
0.05,0.25,12923.076923076924,335.65372234099243
0.07,0.25,12923.076923076924,338.188240618302
0.09,0.25,12923.076923076924,339.63936977929416
0.11,0.25,12923.076923076924,340.27655812254955
0.13,0.25,12923.076923076924,340.3783994037533
0.15,0.25,12923.076923076924,340.20210933899426
0.17,0.25,12923.076923076924,339.959400932274
0.19,0.25,12923.076923076924,339.79959983829224
0.21,0.25,12923.076923076924,339.7995998382922
0.23,0.25,12923.076923076924,339.9594009322739
0.25,0.25,12923.076923076924,340.2021093389942
0.27,0.25,12923.076923076924,340.3783994037533
0.29,0.25,12923.076923076924,340.2765581225495
0.31,0.25,12923.076923076924,339.6393697792941
0.33,0.25,12923.076923076924,338.188240618302
0.35,0.25,12923.076923076924,335.6537223409924
0.37,0.25,12923.076923076924,331.8114966912
0.39,0.25,12923.076923076924,326.52126425575835
0.01,0.27,12923.076923076924,326.5135785245202
0.03,0.27,12923.076923076924,331.78909853228265
0.05,0.27,12923.076923076924,335.6248283362576
0.07,0.27,12923.076923076924,338.16943170392625
0.09,0.27,12923.076923076924,339.65096586853923
0.11,0.27,12923.076923076924,340.3364814504614
0.13,0.27,12923.076923076924,340.49682051160573
0.15,0.27,12923.076923076924,340.3783994037533
0.17,0.27,12923.076923076924,340.18183555899066
0.19,0.27,12923.076923076924,340.04755786828576
0.21,0.27,12923.076923076924,340.04755786828576
0.23,0.27,12923.076923076924,340.18183555899066
0.25,0.27,12923.076923076924,340.3783994037533
0.27,0.27,12923.076923076924,340.4968205116057
0.29,0.27,12923.076923076924,340.3364814504614
0.31,0.27,12923.076923076924,339.6509658685392
0.33,0.27,12923.076923076924,338.1694317039262
0.35,0.27,12923.076923076924,335.6248283362577
0.37,0.27,12923.076923076924,331.7890985322826
0.39,0.27,12923.076923076924,326.51357852452014
0.01,0.29,12923.076923076924,326.4663251408426
0.03,0.29,12923.076923076924,331.6515726036899
0.05,0.29,12923.076923076924,335.41682967426897
0.07,0.29,12923.076923076924,337.92394666810736
0.09,0.29,12923.076923076924,339.4053126512427
0.11,0.29,12923.076923076924,340.12313482061904
0.13,0.29,12923.076923076924,340.33648145046146
0.15,0.29,12923.076923076924,340.27655812254955
0.17,0.29,12923.076923076924,340.12897238409346
0.19,0.29,12923.076923076924,340.0223882275436
0.21,0.29,12923.076923076924,340.0223882275436
0.23,0.29,12923.076923076924,340.12897238409346
0.25,0.29,12923.076923076924,340.2765581225495
0.27,0.29,12923.076923076924,340.3364814504614
0.29,0.29,12923.076923076924,340.123134820619
0.31,0.29,12923.076923076924,339.4053126512427
0.33,0.29,12923.076923076924,337.9239466681073
0.35,0.29,12923.076923076924,335.41682967426897
0.37,0.29,12923.076923076924,331.6515726036899
0.39,0.29,12923.076923076924,326.4663251408426
0.01,0.31,12923.076923076924,326.3467356036814
0.03,0.31,12923.076923076924,331.30536644898456
0.05,0.31,12923.076923076924,334.88614741300825
0.07,0.31,12923.076923076924,337.26982919356857
0.09,0.31,12923.076923076924,338.6920489988927
0.11,0.31,12923.076923076924,339.40531265124275
0.13,0.31,12923.076923076924,339.6509658685392
0.15,0.31,12923.076923076924,339.63936977929416
0.17,0.31,12923.076923076924,339.5365782785553
0.19,0.31,12923.076923076924,339.45637966974306
0.21,0.31,12923.076923076924,339.45637966974306
0.23,0.31,12923.076923076924,339.5365782785553
0.25,0.31,12923.076923076924,339.63936977929416
0.27,0.31,12923.076923076924,339.6509658685392
0.29,0.31,12923.076923076924,339.4053126512427
0.31,0.31,12923.076923076924,338.69204899889263
0.33,0.31,12923.076923076924,337.26982919356857
0.35,0.31,12923.076923076924,334.8861474130083
0.37,0.31,12923.076923076924,331.3053664489846
0.39,0.31,12923.076923076924,326.3467356036814
0.01,0.33,12923.076923076924,326.1125788441736
0.03,0.33,12923.076923076924,330.6330700837163
0.05,0.33,12923.076923076924,333.8582699194945
0.07,0.33,12923.076923076924,335.9925373276094
0.09,0.33,12923.076923076924,337.26982919356857
0.11,0.33,12923.076923076924,337.92394666810736
0.13,0.33,12923.076923076924,338.1694317039262
0.15,0.33,12923.076923076924,338.188240618302
0.17,0.33,12923.076923076924,338.121281217624
0.19,0.33,12923.076923076924,338.0638613020956
0.21,0.33,12923.076923076924,338.0638613020956
0.23,0.33,12923.076923076924,338.121281217624
0.25,0.33,12923.076923076924,338.188240618302
0.27,0.33,12923.076923076924,338.1694317039262
0.29,0.33,12923.076923076924,337.9239466681073
0.31,0.33,12923.076923076924,337.2698291935686
0.33,0.33,12923.076923076924,335.99253732760945
0.35,0.33,12923.076923076924,333.8582699194946
0.37,0.33,12923.076923076924,330.63307008371635
0.39,0.33,12923.076923076924,326.11257884417364
0.01,0.35,12923.076923076924,325.7097434176068
0.03,0.35,12923.076923076924,329.492385226754
0.05,0.35,12923.076923076924,332.13330695953664
0.07,0.35,12923.076923076924,333.85826991949455
0.09,0.35,12923.076923076924,334.8861474130083
0.11,0.35,12923.076923076924,335.416829674269
0.13,0.35,12923.076923076924,335.6248283362576
0.15,0.35,12923.076923076924,335.6537223409924
0.17,0.35,12923.076923076924,335.6124564291189
0.19,0.35,12923.076923076924,335.5737137809713
0.21,0.35,12923.076923076924,335.5737137809712
0.23,0.35,12923.076923076924,335.6124564291189
0.25,0.35,12923.076923076924,335.6537223409924
0.27,0.35,12923.076923076924,335.6248283362576
0.29,0.35,12923.076923076924,335.4168296742689
0.31,0.35,12923.076923076924,334.8861474130083
0.33,0.35,12923.076923076924,333.85826991949455
0.35,0.35,12923.076923076924,332.1333069595367
0.37,0.35,12923.076923076924,329.49238522675404
0.39,0.35,12923.076923076924,325.7097434176068
0.01,0.37,12923.076923076924,325.06250171697155
0.03,0.37,12923.076923076924,327.7098371970233
0.05,0.37,12923.076923076924,329.492385226754
0.07,0.37,12923.076923076924,330.6330700837163
0.09,0.37,12923.076923076924,331.30536644898456
0.11,0.37,12923.076923076924,331.6515726036899
0.13,0.37,12923.076923076924,331.7890985322826
0.15,0.37,12923.076923076924,331.8114966912
0.17,0.37,12923.076923076924,331.78833710375056
0.19,0.37,12923.076923076924,331.7654298768831
0.21,0.37,12923.076923076924,331.7654298768831
0.23,0.37,12923.076923076924,331.78833710375056
0.25,0.37,12923.076923076924,331.8114966911999
0.27,0.37,12923.076923076924,331.78909853228254
0.29,0.37,12923.076923076924,331.65157260368983
0.31,0.37,12923.076923076924,331.30536644898456
0.33,0.37,12923.076923076924,330.6330700837163
0.35,0.37,12923.076923076924,329.49238522675404
0.37,0.37,12923.076923076924,327.7098371970234
0.39,0.37,12923.076923076924,325.0625017169716
0.01,0.39,12923.076923076924,324.0344746735537
0.03,0.39,12923.076923076924,325.06250171697155
0.05,0.39,12923.076923076924,325.7097434176067
0.07,0.39,12923.076923076924,326.1125788441736
0.09,0.39,12923.076923076924,326.34673560368134
0.11,0.39,12923.076923076924,326.46632514084257
0.13,0.39,12923.076923076924,326.51357852452014
0.15,0.39,12923.076923076924,326.5212642557584
0.17,0.39,12923.076923076924,326.5133832764612
0.19,0.39,12923.076923076924,326.50559195109264
0.21,0.39,12923.076923076924,326.5055919510926
0.23,0.39,12923.076923076924,326.5133832764612
0.25,0.39,12923.076923076924,326.52126425575835
0.27,0.39,12923.076923076924,326.51357852452014
0.29,0.39,12923.076923076924,326.4663251408426
0.31,0.39,12923.076923076924,326.3467356036814
0.33,0.39,12923.076923076924,326.1125788441736
0.35,0.39,12923.076923076924,325.7097434176067
0.37,0.39,12923.076923076924,325.06250171697155
0.39,0.39,12923.076923076924,324.0344746735537
0.01,0.01,14769.23076923077,323.95944731176394
0.03,0.01,14769.23076923077,324.9525206842756
0.05,0.01,14769.23076923077,325.6231402238051
0.07,0.01,14769.23076923077,326.0815781972565
0.09,0.01,14769.23076923077,326.3863974810549
0.11,0.01,14769.23076923077,326.5790192128606
0.13,0.01,14769.23076923077,326.6925305509945
0.15,0.01,14769.23076923077,326.7536504487668
0.17,0.01,14769.23076923077,326.7828234271019
0.19,0.01,14769.23076923077,326.7939097174248
0.21,0.01,14769.23076923077,326.7939097174248
0.23,0.01,14769.23076923077,326.78282342710185
0.25,0.01,14769.23076923077,326.7536504487668
0.27,0.01,14769.23076923077,326.6925305509945
0.29,0.01,14769.23076923077,326.5790192128606
0.31,0.01,14769.23076923077,326.38639748105487
0.33,0.01,14769.23076923077,326.0815781972564
0.35,0.01,14769.23076923077,325.6231402238051
0.37,0.01,14769.23076923077,324.95252068427567
0.39,0.01,14769.23076923077,323.95944731176394
0.01,0.03,14769.23076923077,324.9525206842756
0.03,0.03,14769.23076923077,327.56222964640926
0.05,0.03,14769.23076923077,329.436126640353
0.07,0.03,14769.23076923077,330.7493272969094
0.09,0.03,14769.23076923077,331.63365022743176
0.11,0.03,14769.23076923077,332.1973188283611
0.13,0.03,14769.23076923077,332.53199652242205
0.15,0.03,14769.23076923077,332.7136234067202
0.17,0.03,14769.23076923077,332.80108566145555
0.19,0.03,14769.23076923077,332.83461411132754
0.21,0.03,14769.23076923077,332.83461411132754
0.23,0.03,14769.23076923077,332.8010856614556
0.25,0.03,14769.23076923077,332.7136234067202
0.27,0.03,14769.23076923077,332.53199652242205
0.29,0.03,14769.23076923077,332.1973188283611
0.31,0.03,14769.23076923077,331.63365022743176
0.33,0.03,14769.23076923077,330.74932729690937
0.35,0.03,14769.23076923077,329.436126640353
0.37,0.03,14769.23076923077,327.5622296464093
0.39,0.03,14769.23076923077,324.95252068427567
0.01,0.05,14769.23076923077,325.62314022380514
0.03,0.05,14769.23076923077,329.436126640353
0.05,0.05,14769.23076923077,332.27108602644665
0.07,0.05,14769.23076923077,334.29891773482905
0.09,0.05,14769.23076923077,335.68285280602413
0.11,0.05,14769.23076923077,336.5737776421209
0.13,0.05,14769.23076923077,337.10729402745613
0.15,0.05,14769.23076923077,337.3992464881051
0.17,0.05,14769.23076923077,337.5410570005783
0.19,0.05,14769.23076923077,337.59585597196485
0.21,0.05,14769.23076923077,337.59585597196485
0.23,0.05,14769.23076923077,337.5410570005783
0.25,0.05,14769.23076923077,337.3992464881051
0.27,0.05,14769.23076923077,337.1072940274561
0.29,0.05,14769.23076923077,336.5737776421209
0.31,0.05,14769.23076923077,335.6828528060242
0.33,0.05,14769.23076923077,334.29891773482905
0.35,0.05,14769.23076923077,332.2710860264467
0.37,0.05,14769.23076923077,329.43612664035305
0.39,0.05,14769.23076923077,325.6231402238051
0.01,0.07,14769.23076923077,326.0815781972564
0.03,0.07,14769.23076923077,330.7493272969094
0.05,0.07,14769.23076923077,334.29891773482905
0.07,0.07,14769.23076923077,336.8781047888846
0.09,0.07,14769.23076923077,338.6579937890389
0.11,0.07,14769.23076923077,339.81346713921954
0.13,0.07,14769.23076923077,340.5101001082969
0.15,0.07,14769.23076923077,340.8935069015273
0.17,0.07,14769.23076923077,341.0806659012701
0.19,0.07,14769.23076923077,341.1532693344372
0.21,0.07,14769.23076923077,341.1532693344372
0.23,0.07,14769.23076923077,341.0806659012702
0.25,0.07,14769.23076923077,340.89350690152725
0.27,0.07,14769.23076923077,340.51010010829685
0.29,0.07,14769.23076923077,339.81346713921954
0.31,0.07,14769.23076923077,338.6579937890389
0.33,0.07,14769.23076923077,336.8781047888846
0.35,0.07,14769.23076923077,334.2989177348291
0.37,0.07,14769.23076923077,330.7493272969094
0.39,0.07,14769.23076923077,326.0815781972565
0.01,0.09,14769.23076923077,326.386397481055
0.03,0.09,14769.23076923077,331.6336502274319
0.05,0.09,14769.23076923077,335.6828528060242
0.07,0.09,14769.23076923077,338.657993789039
0.09,0.09,14769.23076923077,340.7279907877101
0.11,0.09,14769.23076923077,342.0797223495152
0.13,0.09,14769.23076923077,342.89780441918407
0.15,0.09,14769.23076923077,343.3488474332533
0.17,0.09,14769.23076923077,343.56894816202134
0.19,0.09,14769.23076923077,343.6541777007954
0.21,0.09,14769.23076923077,343.65417770079546
0.23,0.09,14769.23076923077,343.5689481620214
0.25,0.09,14769.23076923077,343.3488474332534
0.27,0.09,14769.23076923077,342.89780441918407
0.29,0.09,14769.23076923077,342.0797223495153
0.31,0.09,14769.23076923077,340.72799078771016
0.33,0.09,14769.23076923077,338.657993789039
0.35,0.09,14769.23076923077,335.68285280602424
0.37,0.09,14769.23076923077,331.6336502274318
0.39,0.09,14769.23076923077,326.3863974810549
0.01,0.11,14769.23076923077,326.5790192128606
0.03,0.11,14769.23076923077,332.1973188283612
0.05,0.11,14769.23076923077,336.57377764212094
0.07,0.11,14769.23076923077,339.8134671392196
0.09,0.11,14769.23076923077,342.0797223495152
0.11,0.11,14769.23076923077,343.5643691348816
0.13,0.11,14769.23076923077,344.463502599613
0.15,0.11,14769.23076923077,344.95804113723045
0.17,0.11,14769.23076923077,345.197955865386
0.19,0.11,14769.23076923077,345.2901407520731
0.21,0.11,14769.23076923077,345.2901407520732
0.23,0.11,14769.23076923077,345.19795586538606
0.25,0.11,14769.23076923077,344.9580411372305
0.27,0.11,14769.23076923077,344.463502599613
0.29,0.11,14769.23076923077,343.5643691348816
0.31,0.11,14769.23076923077,342.07972234951524
0.33,0.11,14769.23076923077,339.8134671392196
0.35,0.11,14769.23076923077,336.57377764212094
0.37,0.11,14769.23076923077,332.1973188283611
0.39,0.11,14769.23076923077,326.5790192128606
0.01,0.13,14769.23076923077,326.6925305509945
0.03,0.13,14769.23076923077,332.5319965224221
0.05,0.13,14769.23076923077,337.10729402745613
0.07,0.13,14769.23076923077,340.5101001082969
0.09,0.13,14769.23076923077,342.89780441918407
0.11,0.13,14769.23076923077,344.463502599613
0.13,0.13,14769.23076923077,345.4099180688414
0.15,0.13,14769.23076923077,345.9274605655485
0.17,0.13,14769.23076923077,346.17592960885
0.19,0.13,14769.23076923077,346.27017778117147
0.21,0.13,14769.23076923077,346.2701777811715
0.23,0.13,14769.23076923077,346.17592960885
0.25,0.13,14769.23076923077,345.92746056554853
0.27,0.13,14769.23076923077,345.4099180688414
0.29,0.13,14769.23076923077,344.463502599613
0.31,0.13,14769.23076923077,342.89780441918407
0.33,0.13,14769.23076923077,340.5101001082969
0.35,0.13,14769.23076923077,337.10729402745613
0.37,0.13,14769.23076923077,332.53199652242205
0.39,0.13,14769.23076923077,326.6925305509945
0.01,0.15,14769.23076923077,326.7536504487668
0.03,0.15,14769.23076923077,332.7136234067203
0.05,0.15,14769.23076923077,337.3992464881051
0.07,0.15,14769.23076923077,340.89350690152725
0.09,0.15,14769.23076923077,343.3488474332534
0.11,0.15,14769.23076923077,344.95804113723045
0.13,0.15,14769.23076923077,345.9274605655485
0.15,0.15,14769.23076923077,346.4536007383257
0.17,0.15,14769.23076923077,346.70298197552773
0.19,0.15,14769.23076923077,346.79609097072256
0.21,0.15,14769.23076923077,346.79609097072256
0.23,0.15,14769.23076923077,346.70298197552773
0.25,0.15,14769.23076923077,346.4536007383257
0.27,0.15,14769.23076923077,345.92746056554853
0.29,0.15,14769.23076923077,344.95804113723045
0.31,0.15,14769.23076923077,343.3488474332533
0.33,0.15,14769.23076923077,340.89350690152725
0.35,0.15,14769.23076923077,337.3992464881051
0.37,0.15,14769.23076923077,332.7136234067202
0.39,0.15,14769.23076923077,326.75365044876685
0.01,0.17,14769.23076923077,326.7828234271019
0.03,0.17,14769.23076923077,332.8010856614556
0.05,0.17,14769.23076923077,337.5410570005783
0.07,0.17,14769.23076923077,341.0806659012701
0.09,0.17,14769.23076923077,343.56894816202134
0.11,0.17,14769.23076923077,345.19795586538606
0.13,0.17,14769.23076923077,346.1759296088501
0.15,0.17,14769.23076923077,346.70298197552773
0.17,0.17,14769.23076923077,346.94985210904616
0.19,0.17,14769.23076923077,347.04066200612806
0.21,0.17,14769.23076923077,347.04066200612806
0.23,0.17,14769.23076923077,346.9498521090462
0.25,0.17,14769.23076923077,346.7029819755278
0.27,0.17,14769.23076923077,346.1759296088501
0.29,0.17,14769.23076923077,345.1979558653861
0.31,0.17,14769.23076923077,343.56894816202146
0.33,0.17,14769.23076923077,341.0806659012702
0.35,0.17,14769.23076923077,337.5410570005783
0.37,0.17,14769.23076923077,332.8010856614556
0.39,0.17,14769.23076923077,326.7828234271019
0.01,0.19,14769.23076923077,326.7939097174248
0.03,0.19,14769.23076923077,332.8346141113276
0.05,0.19,14769.23076923077,337.59585597196485
0.07,0.19,14769.23076923077,341.15326933443714
0.09,0.19,14769.23076923077,343.65417770079534
0.11,0.19,14769.23076923077,345.2901407520732
0.13,0.19,14769.23076923077,346.2701777811715
0.15,0.19,14769.23076923077,346.7960909707226
0.17,0.19,14769.23076923077,347.0406620061281
0.19,0.19,14769.23076923077,347.1298038159581
0.21,0.19,14769.23076923077,347.12980381595816
0.23,0.19,14769.23076923077,347.0406620061281
0.25,0.19,14769.23076923077,346.7960909707227
0.27,0.19,14769.23076923077,346.27017778117164
0.29,0.19,14769.23076923077,345.2901407520733
0.31,0.19,14769.23076923077,343.65417770079546
0.33,0.19,14769.23076923077,341.1532693344372
0.35,0.19,14769.23076923077,337.59585597196485
0.37,0.19,14769.23076923077,332.8346141113276
0.39,0.19,14769.23076923077,326.7939097174248
0.01,0.21,14769.23076923077,326.7939097174248
0.03,0.21,14769.23076923077,332.8346141113276
0.05,0.21,14769.23076923077,337.5958559719648
0.07,0.21,14769.23076923077,341.15326933443714
0.09,0.21,14769.23076923077,343.65417770079534
0.11,0.21,14769.23076923077,345.2901407520732
0.13,0.21,14769.23076923077,346.2701777811715
0.15,0.21,14769.23076923077,346.7960909707226
0.17,0.21,14769.23076923077,347.04066200612806
0.19,0.21,14769.23076923077,347.1298038159581
0.21,0.21,14769.23076923077,347.12980381595816
0.23,0.21,14769.23076923077,347.0406620061282
0.25,0.21,14769.23076923077,346.7960909707228
0.27,0.21,14769.23076923077,346.27017778117164
0.29,0.21,14769.23076923077,345.2901407520733
0.31,0.21,14769.23076923077,343.65417770079546
0.33,0.21,14769.23076923077,341.15326933443725
0.35,0.21,14769.23076923077,337.59585597196485
0.37,0.21,14769.23076923077,332.8346141113276
0.39,0.21,14769.23076923077,326.7939097174248
0.01,0.23,14769.23076923077,326.7828234271019
0.03,0.23,14769.23076923077,332.8010856614556
0.05,0.23,14769.23076923077,337.54105700057823
0.07,0.23,14769.23076923077,341.0806659012701
0.09,0.23,14769.23076923077,343.5689481620213
0.11,0.23,14769.23076923077,345.197955865386
0.13,0.23,14769.23076923077,346.17592960885
0.15,0.23,14769.23076923077,346.70298197552773
0.17,0.23,14769.23076923077,346.94985210904616
0.19,0.23,14769.23076923077,347.04066200612806
0.21,0.23,14769.23076923077,347.0406620061281
0.23,0.23,14769.23076923077,346.9498521090462
0.25,0.23,14769.23076923077,346.7029819755278
0.27,0.23,14769.23076923077,346.17592960885014
0.29,0.23,14769.23076923077,345.1979558653861
0.31,0.23,14769.23076923077,343.56894816202146
0.33,0.23,14769.23076923077,341.0806659012702
0.35,0.23,14769.23076923077,337.54105700057835
0.37,0.23,14769.23076923077,332.80108566145566
0.39,0.23,14769.23076923077,326.7828234271019
0.01,0.25,14769.23076923077,326.75365044876685
0.03,0.25,14769.23076923077,332.7136234067203
0.05,0.25,14769.23076923077,337.3992464881051
0.07,0.25,14769.23076923077,340.8935069015272
0.09,0.25,14769.23076923077,343.3488474332533
0.11,0.25,14769.23076923077,344.9580411372304
0.13,0.25,14769.23076923077,345.9274605655484
0.15,0.25,14769.23076923077,346.4536007383257
0.17,0.25,14769.23076923077,346.70298197552773
0.19,0.25,14769.23076923077,346.7960909707227
0.21,0.25,14769.23076923077,346.7960909707226
0.23,0.25,14769.23076923077,346.70298197552773
0.25,0.25,14769.23076923077,346.4536007383257
0.27,0.25,14769.23076923077,345.9274605655485
0.29,0.25,14769.23076923077,344.9580411372305
0.31,0.25,14769.23076923077,343.3488474332534
0.33,0.25,14769.23076923077,340.89350690152725
0.35,0.25,14769.23076923077,337.3992464881051
0.37,0.25,14769.23076923077,332.7136234067203
0.39,0.25,14769.23076923077,326.75365044876685
0.01,0.27,14769.23076923077,326.69253055099455
0.03,0.27,14769.23076923077,332.5319965224221
0.05,0.27,14769.23076923077,337.10729402745613
0.07,0.27,14769.23076923077,340.5101001082968
0.09,0.27,14769.23076923077,342.897804419184
0.11,0.27,14769.23076923077,344.46350259961287
0.13,0.27,14769.23076923077,345.4099180688413
0.15,0.27,14769.23076923077,345.9274605655484
0.17,0.27,14769.23076923077,346.17592960885
0.19,0.27,14769.23076923077,346.2701777811716
0.21,0.27,14769.23076923077,346.2701777811716
0.23,0.27,14769.23076923077,346.17592960885
0.25,0.27,14769.23076923077,345.9274605655485
0.27,0.27,14769.23076923077,345.4099180688414
0.29,0.27,14769.23076923077,344.46350259961304
0.31,0.27,14769.23076923077,342.897804419184
0.33,0.27,14769.23076923077,340.51010010829685
0.35,0.27,14769.23076923077,337.10729402745613
0.37,0.27,14769.23076923077,332.5319965224221
0.39,0.27,14769.23076923077,326.69253055099455
0.01,0.29,14769.23076923077,326.57901921286066
0.03,0.29,14769.23076923077,332.1973188283611
0.05,0.29,14769.23076923077,336.5737776421209
0.07,0.29,14769.23076923077,339.8134671392195
0.09,0.29,14769.23076923077,342.0797223495151
0.11,0.29,14769.23076923077,343.5643691348815
0.13,0.29,14769.23076923077,344.4635025996129
0.15,0.29,14769.23076923077,344.95804113723034
0.17,0.29,14769.23076923077,345.197955865386
0.19,0.29,14769.23076923077,345.2901407520732
0.21,0.29,14769.23076923077,345.2901407520732
0.23,0.29,14769.23076923077,345.19795586538606
0.25,0.29,14769.23076923077,344.9580411372304
0.27,0.29,14769.23076923077,344.463502599613
0.29,0.29,14769.23076923077,343.5643691348816
0.31,0.29,14769.23076923077,342.0797223495152
0.33,0.29,14769.23076923077,339.8134671392195
0.35,0.29,14769.23076923077,336.5737776421209
0.37,0.29,14769.23076923077,332.1973188283611
0.39,0.29,14769.23076923077,326.57901921286066
0.01,0.31,14769.23076923077,326.3863974810549
0.03,0.31,14769.23076923077,331.6336502274318
0.05,0.31,14769.23076923077,335.6828528060242
0.07,0.31,14769.23076923077,338.65799378903887
0.09,0.31,14769.23076923077,340.72799078771
0.11,0.31,14769.23076923077,342.0797223495152
0.13,0.31,14769.23076923077,342.897804419184
0.15,0.31,14769.23076923077,343.34884743325324
0.17,0.31,14769.23076923077,343.5689481620213
0.19,0.31,14769.23076923077,343.65417770079534
0.21,0.31,14769.23076923077,343.65417770079534
0.23,0.31,14769.23076923077,343.56894816202134
0.25,0.31,14769.23076923077,343.3488474332533
0.27,0.31,14769.23076923077,342.897804419184
0.29,0.31,14769.23076923077,342.0797223495151
0.31,0.31,14769.23076923077,340.72799078771004
0.33,0.31,14769.23076923077,338.6579937890389
0.35,0.31,14769.23076923077,335.6828528060242
0.37,0.31,14769.23076923077,331.6336502274318
0.39,0.31,14769.23076923077,326.386397481055
0.01,0.33,14769.23076923077,326.0815781972564
0.03,0.33,14769.23076923077,330.7493272969094
0.05,0.33,14769.23076923077,334.2989177348291
0.07,0.33,14769.23076923077,336.8781047888846
0.09,0.33,14769.23076923077,338.6579937890389
0.11,0.33,14769.23076923077,339.81346713921954
0.13,0.33,14769.23076923077,340.51010010829685
0.15,0.33,14769.23076923077,340.89350690152713
0.17,0.33,14769.23076923077,341.08066590127004
0.19,0.33,14769.23076923077,341.153269334437
0.21,0.33,14769.23076923077,341.153269334437
0.23,0.33,14769.23076923077,341.08066590127004
0.25,0.33,14769.23076923077,340.89350690152725
0.27,0.33,14769.23076923077,340.5101001082968
0.29,0.33,14769.23076923077,339.81346713921954
0.31,0.33,14769.23076923077,338.6579937890389
0.33,0.33,14769.23076923077,336.8781047888846
0.35,0.33,14769.23076923077,334.29891773482905
0.37,0.33,14769.23076923077,330.7493272969094
0.39,0.33,14769.23076923077,326.0815781972565
0.01,0.35,14769.23076923077,325.6231402238051
0.03,0.35,14769.23076923077,329.436126640353
0.05,0.35,14769.23076923077,332.2710860264468
0.07,0.35,14769.23076923077,334.2989177348291
0.09,0.35,14769.23076923077,335.68285280602424
0.11,0.35,14769.23076923077,336.573777642121
0.13,0.35,14769.23076923077,337.10729402745613
0.15,0.35,14769.23076923077,337.39924648810506
0.17,0.35,14769.23076923077,337.54105700057823
0.19,0.35,14769.23076923077,337.59585597196474
0.21,0.35,14769.23076923077,337.5958559719647
0.23,0.35,14769.23076923077,337.5410570005782
0.25,0.35,14769.23076923077,337.39924648810506
0.27,0.35,14769.23076923077,337.1072940274561
0.29,0.35,14769.23076923077,336.5737776421209
0.31,0.35,14769.23076923077,335.68285280602424
0.33,0.35,14769.23076923077,334.29891773482905
0.35,0.35,14769.23076923077,332.2710860264467
0.37,0.35,14769.23076923077,329.43612664035305
0.39,0.35,14769.23076923077,325.62314022380514
0.01,0.37,14769.23076923077,324.9525206842756
0.03,0.37,14769.23076923077,327.5622296464093
0.05,0.37,14769.23076923077,329.43612664035305
0.07,0.37,14769.23076923077,330.7493272969094
0.09,0.37,14769.23076923077,331.6336502274319
0.11,0.37,14769.23076923077,332.19731882836123
0.13,0.37,14769.23076923077,332.5319965224221
0.15,0.37,14769.23076923077,332.7136234067203
0.17,0.37,14769.23076923077,332.8010856614556
0.19,0.37,14769.23076923077,332.83461411132754
0.21,0.37,14769.23076923077,332.83461411132754
0.23,0.37,14769.23076923077,332.80108566145555
0.25,0.37,14769.23076923077,332.7136234067202
0.27,0.37,14769.23076923077,332.53199652242205
0.29,0.37,14769.23076923077,332.1973188283611
0.31,0.37,14769.23076923077,331.6336502274318
0.33,0.37,14769.23076923077,330.7493272969094
0.35,0.37,14769.23076923077,329.43612664035305
0.37,0.37,14769.23076923077,327.5622296464094
0.39,0.37,14769.23076923077,324.95252068427567
0.01,0.39,14769.23076923077,323.9594473117639
0.03,0.39,14769.23076923077,324.9525206842756
0.05,0.39,14769.23076923077,325.6231402238051
0.07,0.39,14769.23076923077,326.0815781972564
0.09,0.39,14769.23076923077,326.3863974810549
0.11,0.39,14769.23076923077,326.5790192128606
0.13,0.39,14769.23076923077,326.69253055099455
0.15,0.39,14769.23076923077,326.75365044876685
0.17,0.39,14769.23076923077,326.7828234271019
0.19,0.39,14769.23076923077,326.7939097174248
0.21,0.39,14769.23076923077,326.7939097174248
0.23,0.39,14769.23076923077,326.7828234271019
0.25,0.39,14769.23076923077,326.7536504487668
0.27,0.39,14769.23076923077,326.6925305509945
0.29,0.39,14769.23076923077,326.5790192128606
0.31,0.39,14769.23076923077,326.3863974810549
0.33,0.39,14769.23076923077,326.0815781972564
0.35,0.39,14769.23076923077,325.623140223805
0.37,0.39,14769.23076923077,324.9525206842756
0.39,0.39,14769.23076923077,323.95944731176394
0.01,0.01,16615.384615384617,323.89323160872755
0.03,0.01,16615.384615384617,324.8419336126554
0.05,0.01,16615.384615384617,325.51408610049015
0.07,0.01,16615.384615384617,326.0016329211545
0.09,0.01,16615.384615384617,326.351119018557
0.11,0.01,16615.384615384617,326.5944804061713
0.13,0.01,16615.384615384617,326.7571506652852
0.15,0.01,16615.384615384617,326.85994500017466
0.17,0.01,16615.384615384617,326.91909646054427
0.19,0.01,16615.384615384617,326.94580793469703
0.21,0.01,16615.384615384617,326.94580793469703
0.23,0.01,16615.384615384617,326.91909646054427
0.25,0.01,16615.384615384617,326.85994500017466
0.27,0.01,16615.384615384617,326.7571506652852
0.29,0.01,16615.384615384617,326.5944804061712
0.31,0.01,16615.384615384617,326.351119018557
0.33,0.01,16615.384615384617,326.0016329211545
0.35,0.01,16615.384615384617,325.5140861004902
0.37,0.01,16615.384615384617,324.84193361265545
0.39,0.01,16615.384615384617,323.89323160872755
0.01,0.03,16615.384615384617,324.8419336126554
0.03,0.03,16615.384615384617,327.37082603874217
0.05,0.03,16615.384615384617,329.26695589263136
0.07,0.03,16615.384615384617,330.67301320191496
0.09,0.03,16615.384615384617,331.69186064824936
0.11,0.03,16615.384615384617,332.4062711525282
0.13,0.03,16615.384615384617,332.8864507546588
0.15,0.03,16615.384615384617,333.1913633925131
0.17,0.03,16615.384615384617,333.3675559691178
0.19,0.03,16615.384615384617,333.4473588909358
0.21,0.03,16615.384615384617,333.4473588909358
0.23,0.03,16615.384615384617,333.36755596911786
0.25,0.03,16615.384615384617,333.1913633925131
0.27,0.03,16615.384615384617,332.8864507546588
0.29,0.03,16615.384615384617,332.4062711525282
0.31,0.03,16615.384615384617,331.6918606482494
0.33,0.03,16615.384615384617,330.67301320191507
0.35,0.03,16615.384615384617,329.2669558926314
0.37,0.03,16615.384615384617,327.3708260387422
0.39,0.03,16615.384615384617,324.84193361265545
0.01,0.05,16615.384615384617,325.51408610049015
0.03,0.05,16615.384615384617,329.26695589263136
0.05,0.05,16615.384615384617,332.1746095564945
0.07,0.05,16615.384615384617,334.3718035892997
0.09,0.05,16615.384615384617,335.9832814836728
0.11,0.05,16615.384615384617,337.1233450213569
0.13,0.05,16615.384615384617,337.89534883839923
0.15,0.05,16615.384615384617,338.38883153836883
0.17,0.05,16615.384615384617,338.67561859243096
0.19,0.05,16615.384615384617,338.8060412657981
0.21,0.05,16615.384615384617,338.8060412657981
0.23,0.05,16615.384615384617,338.67561859243096
0.25,0.05,16615.384615384617,338.3888315383688
0.27,0.05,16615.384615384617,337.8953488383992
0.29,0.05,16615.384615384617,337.12334502135684
0.31,0.05,16615.384615384617,335.9832814836728
0.33,0.05,16615.384615384617,334.3718035892998
0.35,0.05,16615.384615384617,332.17460955649454
0.37,0.05,16615.384615384617,329.2669558926314
0.39,0.05,16615.384615384617,325.51408610049015
0.01,0.07,16615.384615384617,326.0016329211545
0.03,0.07,16615.384615384617,330.67301320191496
0.05,0.07,16615.384615384617,334.3718035892997
0.07,0.07,16615.384615384617,337.2092836800787
0.09,0.07,16615.384615384617,339.31326870453427
0.11,0.07,16615.384615384617,340.81482070029574
0.13,0.07,16615.384615384617,341.83935158877097
0.15,0.07,16615.384615384617,342.4987362077468
0.17,0.07,16615.384615384617,342.88418220302844
0.19,0.07,16615.384615384617,343.0601984266906
0.21,0.07,16615.384615384617,343.0601984266906
0.23,0.07,16615.384615384617,342.88418220302844
0.25,0.07,16615.384615384617,342.49873620774684
0.27,0.07,16615.384615384617,341.8393515887709
0.29,0.07,16615.384615384617,340.8148207002958
0.31,0.07,16615.384615384617,339.31326870453427
0.33,0.07,16615.384615384617,337.2092836800787
0.35,0.07,16615.384615384617,334.37180358929976
0.37,0.07,16615.384615384617,330.673013201915
0.39,0.07,16615.384615384617,326.0016329211545
0.01,0.09,16615.384615384617,326.351119018557
0.03,0.09,16615.384615384617,331.69186064824936
0.05,0.09,16615.384615384617,335.9832814836727
0.07,0.09,16615.384615384617,339.31326870453427
0.09,0.09,16615.384615384617,341.8050314893628
0.11,0.09,16615.384615384617,343.5970378618428
0.13,0.09,16615.384615384617,344.82808698918177
0.15,0.09,16615.384615384617,345.6252343221326
0.17,0.09,16615.384615384617,346.09363110599816
0.19,0.09,16615.384615384617,346.3083061599835
0.21,0.09,16615.384615384617,346.3083061599835
0.23,0.09,16615.384615384617,346.09363110599816
0.25,0.09,16615.384615384617,345.62523432213266
0.27,0.09,16615.384615384617,344.8280869891818
0.29,0.09,16615.384615384617,343.59703786184275
0.31,0.09,16615.384615384617,341.8050314893628
0.33,0.09,16615.384615384617,339.3132687045342
0.35,0.09,16615.384615384617,335.9832814836727
0.37,0.09,16615.384615384617,331.6918606482494
0.39,0.09,16615.384615384617,326.351119018557
0.01,0.11,16615.384615384617,326.5944804061712
0.03,0.11,16615.384615384617,332.4062711525281
0.05,0.11,16615.384615384617,337.1233450213568
0.07,0.11,16615.384615384617,340.81482070029574
0.09,0.11,16615.384615384617,343.5970378618428
0.11,0.11,16615.384615384617,345.6105106276965
0.13,0.11,16615.384615384617,347.00144991394734
0.15,0.11,16615.384615384617,347.90663129014
0.17,0.11,16615.384615384617,348.44073511947926
0.19,0.11,16615.384615384617,348.686234522904
0.21,0.11,16615.384615384617,348.686234522904
0.23,0.11,16615.384615384617,348.4407351194792
0.25,0.11,16615.384615384617,347.90663129014
0.27,0.11,16615.384615384617,347.00144991394734
0.29,0.11,16615.384615384617,345.6105106276965
0.31,0.11,16615.384615384617,343.59703786184275
0.33,0.11,16615.384615384617,340.81482070029574
0.35,0.11,16615.384615384617,337.1233450213568
0.37,0.11,16615.384615384617,332.4062711525281
0.39,0.11,16615.384615384617,326.5944804061712
0.01,0.13,16615.384615384617,326.7571506652852
0.03,0.13,16615.384615384617,332.8864507546587
0.05,0.13,16615.384615384617,337.8953488383992
0.07,0.13,16615.384615384617,341.8393515887709
0.09,0.13,16615.384615384617,344.8280869891818
0.11,0.13,16615.384615384617,347.00144991394734
0.13,0.13,16615.384615384617,348.50929929856545
0.15,0.13,16615.384615384617,349.4942741185528
0.17,0.13,16615.384615384617,350.07726794577576
0.19,0.13,16615.384615384617,350.34580677941227
0.21,0.13,16615.384615384617,350.34580677941227
0.23,0.13,16615.384615384617,350.07726794577576
0.25,0.13,16615.384615384617,349.4942741185528
0.27,0.13,16615.384615384617,348.5092992985655
0.29,0.13,16615.384615384617,347.0014499139473
0.31,0.13,16615.384615384617,344.8280869891817
0.33,0.13,16615.384615384617,341.83935158877085
0.35,0.13,16615.384615384617,337.8953488383991
0.37,0.13,16615.384615384617,332.8864507546587
0.39,0.13,16615.384615384617,326.7571506652852
0.01,0.15,16615.384615384617,326.85994500017466
0.03,0.15,16615.384615384617,333.1913633925131
0.05,0.15,16615.384615384617,338.3888315383688
0.07,0.15,16615.384615384617,342.49873620774684
0.09,0.15,16615.384615384617,345.6252343221326
0.11,0.15,16615.384615384617,347.90663129014
0.13,0.15,16615.384615384617,349.4942741185528
0.15,0.15,16615.384615384617,350.5341092780281
0.17,0.15,16615.384615384617,351.15087760955186
0.19,0.15,16615.384615384617,351.4353746168768
0.21,0.15,16615.384615384617,351.4353746168768
0.23,0.15,16615.384615384617,351.15087760955186
0.25,0.15,16615.384615384617,350.5341092780281
0.27,0.15,16615.384615384617,349.4942741185528
0.29,0.15,16615.384615384617,347.90663129014
0.31,0.15,16615.384615384617,345.6252343221326
0.33,0.15,16615.384615384617,342.4987362077468
0.35,0.15,16615.384615384617,338.3888315383687
0.37,0.15,16615.384615384617,333.19136339251304
0.39,0.15,16615.384615384617,326.85994500017466
0.01,0.17,16615.384615384617,326.9190964605443
0.03,0.17,16615.384615384617,333.36755596911786
0.05,0.17,16615.384615384617,338.67561859243096
0.07,0.17,16615.384615384617,342.88418220302844
0.09,0.17,16615.384615384617,346.0936311059982
0.11,0.17,16615.384615384617,348.44073511947926
0.13,0.17,16615.384615384617,350.07726794577576
0.15,0.17,16615.384615384617,351.15087760955186
0.17,0.17,16615.384615384617,351.7884938903907
0.19,0.17,16615.384615384617,352.08285261158045
0.21,0.17,16615.384615384617,352.0828526115805
0.23,0.17,16615.384615384617,351.7884938903908
0.25,0.17,16615.384615384617,351.15087760955186
0.27,0.17,16615.384615384617,350.07726794577576
0.29,0.17,16615.384615384617,348.44073511947926
0.31,0.17,16615.384615384617,346.09363110599816
0.33,0.17,16615.384615384617,342.88418220302844
0.35,0.17,16615.384615384617,338.6756185924309
0.37,0.17,16615.384615384617,333.3675559691178
0.39,0.17,16615.384615384617,326.9190964605443
0.01,0.19,16615.384615384617,326.94580793469703
0.03,0.19,16615.384615384617,333.44735889093585
0.05,0.19,16615.384615384617,338.80604126579817
0.07,0.19,16615.384615384617,343.06019842669065
0.09,0.19,16615.384615384617,346.3083061599836
0.11,0.19,16615.384615384617,348.68623452290404
0.13,0.19,16615.384615384617,350.34580677941227
0.15,0.19,16615.384615384617,351.43537461687686
0.17,0.19,16615.384615384617,352.0828526115805
0.19,0.19,16615.384615384617,352.3818774411764
0.21,0.19,16615.384615384617,352.3818774411764
0.23,0.19,16615.384615384617,352.08285261158056
0.25,0.19,16615.384615384617,351.43537461687686
0.27,0.19,16615.384615384617,350.3458067794123
0.29,0.19,16615.384615384617,348.6862345229041
0.31,0.19,16615.384615384617,346.3083061599835
0.33,0.19,16615.384615384617,343.0601984266906
0.35,0.19,16615.384615384617,338.8060412657981
0.37,0.19,16615.384615384617,333.44735889093585
0.39,0.19,16615.384615384617,326.94580793469703
0.01,0.21,16615.384615384617,326.94580793469703
0.03,0.21,16615.384615384617,333.4473588909359
0.05,0.21,16615.384615384617,338.8060412657982
0.07,0.21,16615.384615384617,343.06019842669065
0.09,0.21,16615.384615384617,346.30830615998354
0.11,0.21,16615.384615384617,348.68623452290404
0.13,0.21,16615.384615384617,350.34580677941227
0.15,0.21,16615.384615384617,351.43537461687686
0.17,0.21,16615.384615384617,352.08285261158056
0.19,0.21,16615.384615384617,352.3818774411764
0.21,0.21,16615.384615384617,352.3818774411764
0.23,0.21,16615.384615384617,352.08285261158056
0.25,0.21,16615.384615384617,351.4353746168769
0.27,0.21,16615.384615384617,350.34580677941244
0.29,0.21,16615.384615384617,348.68623452290416
0.31,0.21,16615.384615384617,346.30830615998354
0.33,0.21,16615.384615384617,343.06019842669065
0.35,0.21,16615.384615384617,338.80604126579817
0.37,0.21,16615.384615384617,333.44735889093585
0.39,0.21,16615.384615384617,326.94580793469703
0.01,0.23,16615.384615384617,326.9190964605443
0.03,0.23,16615.384615384617,333.3675559691179
0.05,0.23,16615.384615384617,338.675618592431
0.07,0.23,16615.384615384617,342.88418220302844
0.09,0.23,16615.384615384617,346.0936311059982
0.11,0.23,16615.384615384617,348.44073511947926
0.13,0.23,16615.384615384617,350.07726794577576
0.15,0.23,16615.384615384617,351.15087760955186
0.17,0.23,16615.384615384617,351.7884938903908
0.19,0.23,16615.384615384617,352.0828526115805
0.21,0.23,16615.384615384617,352.0828526115806
0.23,0.23,16615.384615384617,351.78849389039084
0.25,0.23,16615.384615384617,351.150877609552
0.27,0.23,16615.384615384617,350.0772679457759
0.29,0.23,16615.384615384617,348.44073511947937
0.31,0.23,16615.384615384617,346.0936311059982
0.33,0.23,16615.384615384617,342.88418220302844
0.35,0.23,16615.384615384617,338.67561859243096
0.37,0.23,16615.384615384617,333.36755596911786
0.39,0.23,16615.384615384617,326.9190964605443
0.01,0.25,16615.384615384617,326.8599450001747
0.03,0.25,16615.384615384617,333.19136339251315
0.05,0.25,16615.384615384617,338.38883153836883
0.07,0.25,16615.384615384617,342.4987362077468
0.09,0.25,16615.384615384617,345.6252343221326
0.11,0.25,16615.384615384617,347.90663129014
0.13,0.25,16615.384615384617,349.4942741185528
0.15,0.25,16615.384615384617,350.53410927802804
0.17,0.25,16615.384615384617,351.15087760955186
0.19,0.25,16615.384615384617,351.43537461687686
0.21,0.25,16615.384615384617,351.4353746168769
0.23,0.25,16615.384615384617,351.150877609552
0.25,0.25,16615.384615384617,350.5341092780282
0.27,0.25,16615.384615384617,349.4942741185529
0.29,0.25,16615.384615384617,347.90663129014007
0.31,0.25,16615.384615384617,345.6252343221326
0.33,0.25,16615.384615384617,342.4987362077468
0.35,0.25,16615.384615384617,338.3888315383687
0.37,0.25,16615.384615384617,333.1913633925131
0.39,0.25,16615.384615384617,326.85994500017466
0.01,0.27,16615.384615384617,326.7571506652852
0.03,0.27,16615.384615384617,332.8864507546588
0.05,0.27,16615.384615384617,337.89534883839923
0.07,0.27,16615.384615384617,341.83935158877085
0.09,0.27,16615.384615384617,344.8280869891817
0.11,0.27,16615.384615384617,347.0014499139473
0.13,0.27,16615.384615384617,348.50929929856545
0.15,0.27,16615.384615384617,349.4942741185527
0.17,0.27,16615.384615384617,350.07726794577576
0.19,0.27,16615.384615384617,350.34580677941227
0.21,0.27,16615.384615384617,350.3458067794123
0.23,0.27,16615.384615384617,350.0772679457758
0.25,0.27,16615.384615384617,349.4942741185528
0.27,0.27,16615.384615384617,348.5092992985656
0.29,0.27,16615.384615384617,347.0014499139474
0.31,0.27,16615.384615384617,344.82808698918177
0.33,0.27,16615.384615384617,341.83935158877085
0.35,0.27,16615.384615384617,337.8953488383992
0.37,0.27,16615.384615384617,332.8864507546587
0.39,0.27,16615.384615384617,326.7571506652852
0.01,0.29,16615.384615384617,326.5944804061712
0.03,0.29,16615.384615384617,332.40627115252823
0.05,0.29,16615.384615384617,337.1233450213569
0.07,0.29,16615.384615384617,340.81482070029574
0.09,0.29,16615.384615384617,343.59703786184275
0.11,0.29,16615.384615384617,345.61051062769644
0.13,0.29,16615.384615384617,347.0014499139472
0.15,0.29,16615.384615384617,347.90663129014
0.17,0.29,16615.384615384617,348.44073511947926
0.19,0.29,16615.384615384617,348.68623452290404
0.21,0.29,16615.384615384617,348.68623452290404
0.23,0.29,16615.384615384617,348.44073511947926
0.25,0.29,16615.384615384617,347.90663129014
0.27,0.29,16615.384615384617,347.0014499139474
0.29,0.29,16615.384615384617,345.6105106276965
0.31,0.29,16615.384615384617,343.5970378618428
0.33,0.29,16615.384615384617,340.81482070029574
0.35,0.29,16615.384615384617,337.1233450213568
0.37,0.29,16615.384615384617,332.4062711525282
0.39,0.29,16615.384615384617,326.5944804061712
0.01,0.31,16615.384615384617,326.351119018557
0.03,0.31,16615.384615384617,331.6918606482494
0.05,0.31,16615.384615384617,335.9832814836728
0.07,0.31,16615.384615384617,339.31326870453427
0.09,0.31,16615.384615384617,341.8050314893628
0.11,0.31,16615.384615384617,343.59703786184275
0.13,0.31,16615.384615384617,344.8280869891817
0.15,0.31,16615.384615384617,345.62523432213254
0.17,0.31,16615.384615384617,346.09363110599816
0.19,0.31,16615.384615384617,346.30830615998354
0.21,0.31,16615.384615384617,346.30830615998354
0.23,0.31,16615.384615384617,346.09363110599816
0.25,0.31,16615.384615384617,345.6252343221326
0.27,0.31,16615.384615384617,344.82808698918177
0.29,0.31,16615.384615384617,343.5970378618428
0.31,0.31,16615.384615384617,341.8050314893628
0.33,0.31,16615.384615384617,339.31326870453427
0.35,0.31,16615.384615384617,335.9832814836727
0.37,0.31,16615.384615384617,331.6918606482494
0.39,0.31,16615.384615384617,326.35111901855703
0.01,0.33,16615.384615384617,326.0016329211545
0.03,0.33,16615.384615384617,330.673013201915
0.05,0.33,16615.384615384617,334.37180358929976
0.07,0.33,16615.384615384617,337.2092836800787
0.09,0.33,16615.384615384617,339.31326870453427
0.11,0.33,16615.384615384617,340.81482070029574
0.13,0.33,16615.384615384617,341.83935158877085
0.15,0.33,16615.384615384617,342.4987362077468
0.17,0.33,16615.384615384617,342.88418220302844
0.19,0.33,16615.384615384617,343.0601984266906
0.21,0.33,16615.384615384617,343.0601984266906
0.23,0.33,16615.384615384617,342.8841822030284
0.25,0.33,16615.384615384617,342.4987362077468
0.27,0.33,16615.384615384617,341.8393515887709
0.29,0.33,16615.384615384617,340.8148207002958
0.31,0.33,16615.384615384617,339.31326870453427
0.33,0.33,16615.384615384617,337.2092836800787
0.35,0.33,16615.384615384617,334.37180358929976
0.37,0.33,16615.384615384617,330.673013201915
0.39,0.33,16615.384615384617,326.0016329211545
0.01,0.35,16615.384615384617,325.5140861004902
0.03,0.35,16615.384615384617,329.2669558926315
0.05,0.35,16615.384615384617,332.1746095564946
0.07,0.35,16615.384615384617,334.37180358929976
0.09,0.35,16615.384615384617,335.9832814836728
0.11,0.35,16615.384615384617,337.1233450213569
0.13,0.35,16615.384615384617,337.89534883839923
0.15,0.35,16615.384615384617,338.38883153836883
0.17,0.35,16615.384615384617,338.67561859243096
0.19,0.35,16615.384615384617,338.80604126579817
0.21,0.35,16615.384615384617,338.8060412657981
0.23,0.35,16615.384615384617,338.6756185924309
0.25,0.35,16615.384615384617,338.3888315383688
0.27,0.35,16615.384615384617,337.89534883839923
0.29,0.35,16615.384615384617,337.1233450213569
0.31,0.35,16615.384615384617,335.9832814836728
0.33,0.35,16615.384615384617,334.37180358929976
0.35,0.35,16615.384615384617,332.1746095564945
0.37,0.35,16615.384615384617,329.2669558926314
0.39,0.35,16615.384615384617,325.5140861004902
0.01,0.37,16615.384615384617,324.84193361265545
0.03,0.37,16615.384615384617,327.3708260387423
0.05,0.37,16615.384615384617,329.2669558926315
0.07,0.37,16615.384615384617,330.673013201915
0.09,0.37,16615.384615384617,331.6918606482495
0.11,0.37,16615.384615384617,332.40627115252823
0.13,0.37,16615.384615384617,332.8864507546588
0.15,0.37,16615.384615384617,333.19136339251315
0.17,0.37,16615.384615384617,333.36755596911786
0.19,0.37,16615.384615384617,333.44735889093585
0.21,0.37,16615.384615384617,333.44735889093585
0.23,0.37,16615.384615384617,333.36755596911786
0.25,0.37,16615.384615384617,333.19136339251315
0.27,0.37,16615.384615384617,332.8864507546588
0.29,0.37,16615.384615384617,332.40627115252823
0.31,0.37,16615.384615384617,331.6918606482495
0.33,0.37,16615.384615384617,330.673013201915
0.35,0.37,16615.384615384617,329.2669558926314
0.37,0.37,16615.384615384617,327.37082603874217
0.39,0.37,16615.384615384617,324.84193361265545
0.01,0.39,16615.384615384617,323.89323160872755
0.03,0.39,16615.384615384617,324.84193361265545
0.05,0.39,16615.384615384617,325.5140861004902
0.07,0.39,16615.384615384617,326.0016329211545
0.09,0.39,16615.384615384617,326.351119018557
0.11,0.39,16615.384615384617,326.5944804061713
0.13,0.39,16615.384615384617,326.7571506652852
0.15,0.39,16615.384615384617,326.85994500017466
0.17,0.39,16615.384615384617,326.9190964605443
0.19,0.39,16615.384615384617,326.9458079346971
0.21,0.39,16615.384615384617,326.9458079346971
0.23,0.39,16615.384615384617,326.9190964605443
0.25,0.39,16615.384615384617,326.8599450001747
0.27,0.39,16615.384615384617,326.7571506652852
0.29,0.39,16615.384615384617,326.5944804061713
0.31,0.39,16615.384615384617,326.35111901855703
0.33,0.39,16615.384615384617,326.0016329211545
0.35,0.39,16615.384615384617,325.51408610049015
0.37,0.39,16615.384615384617,324.8419336126554
0.39,0.39,16615.384615384617,323.89323160872755
0.01,0.01,18461.53846153846,323.83493647377674
0.03,0.01,18461.53846153846,324.7359025311785
0.05,0.01,18461.53846153846,325.39655785248704
0.07,0.01,18461.53846153846,325.8953339496538
0.09,0.01,18461.53846153846,326.2701206129457
0.11,0.01,18461.53846153846,326.545846163384
0.13,0.01,18461.53846153846,326.7419605361583
0.15,0.01,18461.53846153846,326.87431970244205
0.17,0.01,18461.53846153846,326.9553377872351
0.19,0.01,18461.53846153846,326.993633081776
0.21,0.01,18461.53846153846,326.993633081776
0.23,0.01,18461.53846153846,326.9553377872352
0.25,0.01,18461.53846153846,326.874319702442
0.27,0.01,18461.53846153846,326.7419605361582
0.29,0.01,18461.53846153846,326.545846163384
0.31,0.01,18461.53846153846,326.27012061294573
0.33,0.01,18461.53846153846,325.8953339496538
0.35,0.01,18461.53846153846,325.396557852487
0.37,0.01,18461.53846153846,324.73590253117845
0.39,0.01,18461.53846153846,323.83493647377674
0.01,0.03,18461.53846153846,324.7359025311785
0.03,0.03,18461.53846153846,327.1627784138636
0.05,0.03,18461.53846153846,329.03896004928504
0.07,0.03,18461.53846153846,330.48386405103787
0.09,0.03,18461.53846153846,331.5796367848312
0.11,0.03,18461.53846153846,332.3902381602032
0.13,0.03,18461.53846153846,332.96912075677164
0.15,0.03,18461.53846153846,333.36107832083127
0.17,0.03,18461.53846153846,333.6016051949952
0.19,0.03,18461.53846153846,333.7154850540897
0.21,0.03,18461.53846153846,333.7154850540898
0.23,0.03,18461.53846153846,333.6016051949952
0.25,0.03,18461.53846153846,333.3610783208312
0.27,0.03,18461.53846153846,332.96912075677164
0.29,0.03,18461.53846153846,332.3902381602032
0.31,0.03,18461.53846153846,331.5796367848312
0.33,0.03,18461.53846153846,330.48386405103787
0.35,0.03,18461.53846153846,329.03896004928504
0.37,0.03,18461.53846153846,327.1627784138636
0.39,0.03,18461.53846153846,324.73590253117845
0.01,0.05,18461.53846153846,325.396557852487
0.03,0.05,18461.53846153846,329.03896004928504
0.05,0.05,18461.53846153846,331.94307994379665
0.07,0.05,18461.53846153846,334.2183444264988
0.09,0.05,18461.53846153846,335.9620457974548
0.11,0.05,18461.53846153846,337.2613855758642
0.13,0.05,18461.53846153846,338.19457286159303
0.15,0.05,18461.53846153846,338.82937063386186
0.17,0.05,18461.53846153846,339.2203434502331
0.19,0.05,18461.53846153846,339.40589871396696
0.21,0.05,18461.53846153846,339.40589871396696
0.23,0.05,18461.53846153846,339.2203434502331
0.25,0.05,18461.53846153846,338.8293706338618
0.27,0.05,18461.53846153846,338.19457286159303
0.29,0.05,18461.53846153846,337.2613855758642
0.31,0.05,18461.53846153846,335.96204579745483
0.33,0.05,18461.53846153846,334.2183444264988
0.35,0.05,18461.53846153846,331.94307994379665
0.37,0.05,18461.53846153846,329.03896004928504
0.39,0.05,18461.53846153846,325.39655785248704
0.01,0.07,18461.53846153846,325.8953339496538
0.03,0.07,18461.53846153846,330.48386405103787
0.05,0.07,18461.53846153846,334.2183444264988
0.07,0.07,18461.53846153846,337.1849554627565
0.09,0.07,18461.53846153846,339.4806488319307
0.11,0.07,18461.53846153846,341.20399047046874
0.13,0.07,18461.53846153846,342.4491911517884
0.15,0.07,18461.53846153846,343.3005186881321
0.17,0.07,18461.53846153846,343.826948215228
0.19,0.07,18461.53846153846,344.0774478977424
0.21,0.07,18461.53846153846,344.0774478977423
0.23,0.07,18461.53846153846,343.826948215228
0.25,0.07,18461.53846153846,343.3005186881321
0.27,0.07,18461.53846153846,342.4491911517884
0.29,0.07,18461.53846153846,341.20399047046874
0.31,0.07,18461.53846153846,339.4806488319307
0.33,0.07,18461.53846153846,337.1849554627565
0.35,0.07,18461.53846153846,334.2183444264988
0.37,0.07,18461.53846153846,330.48386405103787
0.39,0.07,18461.53846153846,325.8953339496538
0.01,0.09,18461.53846153846,326.27012061294573
0.03,0.09,18461.53846153846,331.5796367848312
0.05,0.09,18461.53846153846,335.96204579745483
0.07,0.09,18461.53846153846,339.48064883193075
0.09,0.09,18461.53846153846,342.22605749976367
0.11,0.09,18461.53846153846,344.300884589154
0.13,0.09,18461.53846153846,345.8085874787809
0.15,0.09,18461.53846153846,346.84434912004474
0.17,0.09,18461.53846153846,347.4872712987743
0.19,0.09,18461.53846153846,347.7939714555338
0.21,0.09,18461.53846153846,347.7939714555338
0.23,0.09,18461.53846153846,347.48727129877426
0.25,0.09,18461.53846153846,346.84434912004474
0.27,0.09,18461.53846153846,345.8085874787809
0.29,0.09,18461.53846153846,344.30088458915395
0.31,0.09,18461.53846153846,342.2260574997636
0.33,0.09,18461.53846153846,339.48064883193064
0.35,0.09,18461.53846153846,335.9620457974548
0.37,0.09,18461.53846153846,331.5796367848312
0.39,0.09,18461.53846153846,326.27012061294573
0.01,0.11,18461.53846153846,326.54584616338406
0.03,0.11,18461.53846153846,332.39023816020324
0.05,0.11,18461.53846153846,337.2613855758641
0.07,0.11,18461.53846153846,341.2039904704687
0.09,0.11,18461.53846153846,344.30088458915395
0.11,0.11,18461.53846153846,346.65472485940506
0.13,0.11,18461.53846153846,348.3736413139451
0.15,0.11,18461.53846153846,349.5594955926671
0.17,0.11,18461.53846153846,350.29805538740106
0.19,0.11,18461.53846153846,350.6511550436612
0.21,0.11,18461.53846153846,350.6511550436612
0.23,0.11,18461.53846153846,350.29805538740106
0.25,0.11,18461.53846153846,349.5594955926671
0.27,0.11,18461.53846153846,348.3736413139451
0.29,0.11,18461.53846153846,346.654724859405
0.31,0.11,18461.53846153846,344.30088458915395
0.33,0.11,18461.53846153846,341.2039904704686
0.35,0.11,18461.53846153846,337.2613855758641
0.37,0.11,18461.53846153846,332.3902381602031
0.39,0.11,18461.53846153846,326.545846163384
0.01,0.13,18461.53846153846,326.7419605361583
0.03,0.13,18461.53846153846,332.96912075677164
0.05,0.13,18461.53846153846,338.19457286159303
0.07,0.13,18461.53846153846,342.44919115178834
0.09,0.13,18461.53846153846,345.80858747878085
0.11,0.13,18461.53846153846,348.37364131394503
0.13,0.13,18461.53846153846,350.25435831096314
0.15,0.13,18461.53846153846,351.55633854056225
0.17,0.13,18461.53846153846,352.3694559238505
0.19,0.13,18461.53846153846,352.7589020069021
0.21,0.13,18461.53846153846,352.7589020069021
0.23,0.13,18461.53846153846,352.3694559238505
0.25,0.13,18461.53846153846,351.55633854056225
0.27,0.13,18461.53846153846,350.2543583109631
0.29,0.13,18461.53846153846,348.37364131394503
0.31,0.13,18461.53846153846,345.80858747878085
0.33,0.13,18461.53846153846,342.4491911517883
0.35,0.13,18461.53846153846,338.194572861593
0.37,0.13,18461.53846153846,332.9691207567716
0.39,0.13,18461.53846153846,326.7419605361583
0.01,0.15,18461.53846153846,326.874319702442
0.03,0.15,18461.53846153846,333.3610783208312
0.05,0.15,18461.53846153846,338.8293706338618
0.07,0.15,18461.53846153846,343.30051868813206
0.09,0.15,18461.53846153846,346.8443491200446
0.11,0.15,18461.53846153846,349.559495592667
0.13,0.15,18461.53846153846,351.55633854056225
0.15,0.15,18461.53846153846,352.9423486956111
0.17,0.15,18461.53846153846,353.80975025259056
0.19,0.15,18461.53846153846,354.2257618376928
0.21,0.15,18461.53846153846,354.22576183769274
0.23,0.15,18461.53846153846,353.80975025259056
0.25,0.15,18461.53846153846,352.9423486956111
0.27,0.15,18461.53846153846,351.55633854056225
0.29,0.15,18461.53846153846,349.559495592667
0.31,0.15,18461.53846153846,346.8443491200447
0.33,0.15,18461.53846153846,343.300518688132
0.35,0.15,18461.53846153846,338.82937063386174
0.37,0.15,18461.53846153846,333.3610783208312
0.39,0.15,18461.53846153846,326.874319702442
0.01,0.17,18461.53846153846,326.9553377872351
0.03,0.17,18461.53846153846,333.6016051949952
0.05,0.17,18461.53846153846,339.2203434502331
0.07,0.17,18461.53846153846,343.826948215228
0.09,0.17,18461.53846153846,347.48727129877426
0.11,0.17,18461.53846153846,350.298055387401
0.13,0.17,18461.53846153846,352.3694559238505
0.15,0.17,18461.53846153846,353.80975025259056
0.17,0.17,18461.53846153846,354.71238084148376
0.19,0.17,18461.53846153846,355.1456816697675
0.21,0.17,18461.53846153846,355.1456816697675
0.23,0.17,18461.53846153846,354.71238084148376
0.25,0.17,18461.53846153846,353.80975025259056
0.27,0.17,18461.53846153846,352.3694559238506
0.29,0.17,18461.53846153846,350.2980553874011
0.31,0.17,18461.53846153846,347.4872712987743
0.33,0.17,18461.53846153846,343.826948215228
0.35,0.17,18461.53846153846,339.2203434502331
0.37,0.17,18461.53846153846,333.6016051949952
0.39,0.17,18461.53846153846,326.9553377872352
0.01,0.19,18461.53846153846,326.993633081776
0.03,0.19,18461.53846153846,333.7154850540897
0.05,0.19,18461.53846153846,339.4058987139669
0.07,0.19,18461.53846153846,344.0774478977422
0.09,0.19,18461.53846153846,347.7939714555337
0.11,0.19,18461.53846153846,350.6511550436612
0.13,0.19,18461.53846153846,352.7589020069021
0.15,0.19,18461.53846153846,354.22576183769286
0.17,0.19,18461.53846153846,355.1456816697675
0.19,0.19,18461.53846153846,355.5874822412779
0.21,0.19,18461.53846153846,355.5874822412778
0.23,0.19,18461.53846153846,355.14568166976744
0.25,0.19,18461.53846153846,354.22576183769286
0.27,0.19,18461.53846153846,352.7589020069021
0.29,0.19,18461.53846153846,350.6511550436612
0.31,0.19,18461.53846153846,347.79397145553384
0.33,0.19,18461.53846153846,344.0774478977424
0.35,0.19,18461.53846153846,339.405898713967
0.37,0.19,18461.53846153846,333.7154850540898
0.39,0.19,18461.53846153846,326.99363308177595
0.01,0.21,18461.53846153846,326.993633081776
0.03,0.21,18461.53846153846,333.7154850540898
0.05,0.21,18461.53846153846,339.40589871396696
0.07,0.21,18461.53846153846,344.0774478977423
0.09,0.21,18461.53846153846,347.7939714555338
0.11,0.21,18461.53846153846,350.6511550436612
0.13,0.21,18461.53846153846,352.758902006902
0.15,0.21,18461.53846153846,354.22576183769286
0.17,0.21,18461.53846153846,355.1456816697675
0.19,0.21,18461.53846153846,355.5874822412779
0.21,0.21,18461.53846153846,355.5874822412778
0.23,0.21,18461.53846153846,355.1456816697675
0.25,0.21,18461.53846153846,354.2257618376928
0.27,0.21,18461.53846153846,352.7589020069021
0.29,0.21,18461.53846153846,350.6511550436613
0.31,0.21,18461.53846153846,347.7939714555339
0.33,0.21,18461.53846153846,344.0774478977424
0.35,0.21,18461.53846153846,339.405898713967
0.37,0.21,18461.53846153846,333.7154850540898
0.39,0.21,18461.53846153846,326.993633081776
0.01,0.23,18461.53846153846,326.9553377872352
0.03,0.23,18461.53846153846,333.6016051949952
0.05,0.23,18461.53846153846,339.22034345023314
0.07,0.23,18461.53846153846,343.826948215228
0.09,0.23,18461.53846153846,347.4872712987743
0.11,0.23,18461.53846153846,350.29805538740106
0.13,0.23,18461.53846153846,352.3694559238505
0.15,0.23,18461.53846153846,353.80975025259056
0.17,0.23,18461.53846153846,354.7123808414838
0.19,0.23,18461.53846153846,355.1456816697675
0.21,0.23,18461.53846153846,355.1456816697675
0.23,0.23,18461.53846153846,354.71238084148376
0.25,0.23,18461.53846153846,353.80975025259056
0.27,0.23,18461.53846153846,352.3694559238506
0.29,0.23,18461.53846153846,350.2980553874012
0.31,0.23,18461.53846153846,347.4872712987744
0.33,0.23,18461.53846153846,343.826948215228
0.35,0.23,18461.53846153846,339.22034345023314
0.37,0.23,18461.53846153846,333.6016051949952
0.39,0.23,18461.53846153846,326.9553377872352
0.01,0.25,18461.53846153846,326.87431970244205
0.03,0.25,18461.53846153846,333.3610783208313
0.05,0.25,18461.53846153846,338.8293706338618
0.07,0.25,18461.53846153846,343.3005186881321
0.09,0.25,18461.53846153846,346.84434912004474
0.11,0.25,18461.53846153846,349.5594955926671
0.13,0.25,18461.53846153846,351.55633854056225
0.15,0.25,18461.53846153846,352.94234869561103
0.17,0.25,18461.53846153846,353.80975025259056
0.19,0.25,18461.53846153846,354.2257618376928
0.21,0.25,18461.53846153846,354.22576183769286
0.23,0.25,18461.53846153846,353.80975025259056
0.25,0.25,18461.53846153846,352.94234869561103
0.27,0.25,18461.53846153846,351.55633854056225
0.29,0.25,18461.53846153846,349.5594955926671
0.31,0.25,18461.53846153846,346.84434912004474
0.33,0.25,18461.53846153846,343.3005186881321
0.35,0.25,18461.53846153846,338.82937063386186
0.37,0.25,18461.53846153846,333.36107832083127
0.39,0.25,18461.53846153846,326.87431970244205
0.01,0.27,18461.53846153846,326.7419605361584
0.03,0.27,18461.53846153846,332.96912075677164
0.05,0.27,18461.53846153846,338.1945728615931
0.07,0.27,18461.53846153846,342.4491911517884
0.09,0.27,18461.53846153846,345.8085874787809
0.11,0.27,18461.53846153846,348.3736413139451
0.13,0.27,18461.53846153846,350.2543583109631
0.15,0.27,18461.53846153846,351.55633854056225
0.17,0.27,18461.53846153846,352.3694559238506
0.19,0.27,18461.53846153846,352.75890200690213
0.21,0.27,18461.53846153846,352.75890200690213
0.23,0.27,18461.53846153846,352.3694559238506
0.25,0.27,18461.53846153846,351.55633854056225
0.27,0.27,18461.53846153846,350.25435831096314
0.29,0.27,18461.53846153846,348.37364131394503
0.31,0.27,18461.53846153846,345.8085874787809
0.33,0.27,18461.53846153846,342.44919115178834
0.35,0.27,18461.53846153846,338.1945728615931
0.37,0.27,18461.53846153846,332.96912075677164
0.39,0.27,18461.53846153846,326.7419605361583
0.01,0.29,18461.53846153846,326.54584616338406
0.03,0.29,18461.53846153846,332.3902381602032
0.05,0.29,18461.53846153846,337.2613855758642
0.07,0.29,18461.53846153846,341.20399047046874
0.09,0.29,18461.53846153846,344.300884589154
0.11,0.29,18461.53846153846,346.654724859405
0.13,0.29,18461.53846153846,348.37364131394503
0.15,0.29,18461.53846153846,349.559495592667
0.17,0.29,18461.53846153846,350.29805538740106
0.19,0.29,18461.53846153846,350.6511550436612
0.21,0.29,18461.53846153846,350.6511550436612
0.23,0.29,18461.53846153846,350.2980553874011
0.25,0.29,18461.53846153846,349.5594955926671
0.27,0.29,18461.53846153846,348.3736413139451
0.29,0.29,18461.53846153846,346.654724859405
0.31,0.29,18461.53846153846,344.30088458915395
0.33,0.29,18461.53846153846,341.2039904704687
0.35,0.29,18461.53846153846,337.2613855758641
0.37,0.29,18461.53846153846,332.3902381602032
0.39,0.29,18461.53846153846,326.54584616338406
0.01,0.31,18461.53846153846,326.27012061294573
0.03,0.31,18461.53846153846,331.5796367848312
0.05,0.31,18461.53846153846,335.9620457974549
0.07,0.31,18461.53846153846,339.48064883193075
0.09,0.31,18461.53846153846,342.22605749976367
0.11,0.31,18461.53846153846,344.30088458915395
0.13,0.31,18461.53846153846,345.8085874787809
0.15,0.31,18461.53846153846,346.8443491200447
0.17,0.31,18461.53846153846,347.48727129877426
0.19,0.31,18461.53846153846,347.7939714555338
0.21,0.31,18461.53846153846,347.7939714555338
0.23,0.31,18461.53846153846,347.4872712987743
0.25,0.31,18461.53846153846,346.84434912004474
0.27,0.31,18461.53846153846,345.80858747878085
0.29,0.31,18461.53846153846,344.30088458915395
0.31,0.31,18461.53846153846,342.22605749976367
0.33,0.31,18461.53846153846,339.4806488319307
0.35,0.31,18461.53846153846,335.96204579745483
0.37,0.31,18461.53846153846,331.5796367848312
0.39,0.31,18461.53846153846,326.2701206129458
0.01,0.33,18461.53846153846,325.8953339496538
0.03,0.33,18461.53846153846,330.48386405103787
0.05,0.33,18461.53846153846,334.2183444264988
0.07,0.33,18461.53846153846,337.18495546275653
0.09,0.33,18461.53846153846,339.4806488319307
0.11,0.33,18461.53846153846,341.2039904704686
0.13,0.33,18461.53846153846,342.44919115178834
0.15,0.33,18461.53846153846,343.3005186881321
0.17,0.33,18461.53846153846,343.826948215228
0.19,0.33,18461.53846153846,344.0774478977423
0.21,0.33,18461.53846153846,344.0774478977423
0.23,0.33,18461.53846153846,343.826948215228
0.25,0.33,18461.53846153846,343.3005186881321
0.27,0.33,18461.53846153846,342.4491911517884
0.29,0.33,18461.53846153846,341.2039904704687
0.31,0.33,18461.53846153846,339.48064883193075
0.33,0.33,18461.53846153846,337.18495546275653
0.35,0.33,18461.53846153846,334.2183444264988
0.37,0.33,18461.53846153846,330.4838640510379
0.39,0.33,18461.53846153846,325.89533394965383
0.01,0.35,18461.53846153846,325.39655785248704
0.03,0.35,18461.53846153846,329.03896004928504
0.05,0.35,18461.53846153846,331.94307994379665
0.07,0.35,18461.53846153846,334.2183444264988
0.09,0.35,18461.53846153846,335.9620457974548
0.11,0.35,18461.53846153846,337.2613855758641
0.13,0.35,18461.53846153846,338.19457286159303
0.15,0.35,18461.53846153846,338.82937063386186
0.17,0.35,18461.53846153846,339.22034345023314
0.19,0.35,18461.53846153846,339.40589871396696
0.21,0.35,18461.53846153846,339.40589871396696
0.23,0.35,18461.53846153846,339.22034345023314
0.25,0.35,18461.53846153846,338.8293706338618
0.27,0.35,18461.53846153846,338.1945728615931
0.29,0.35,18461.53846153846,337.2613855758642
0.31,0.35,18461.53846153846,335.9620457974549
0.33,0.35,18461.53846153846,334.2183444264988
0.35,0.35,18461.53846153846,331.94307994379665
0.37,0.35,18461.53846153846,329.0389600492851
0.39,0.35,18461.53846153846,325.396557852487
0.01,0.37,18461.53846153846,324.73590253117845
0.03,0.37,18461.53846153846,327.1627784138636
0.05,0.37,18461.53846153846,329.038960049285
0.07,0.37,18461.53846153846,330.48386405103787
0.09,0.37,18461.53846153846,331.5796367848312
0.11,0.37,18461.53846153846,332.3902381602032
0.13,0.37,18461.53846153846,332.9691207567717
0.15,0.37,18461.53846153846,333.3610783208313
0.17,0.37,18461.53846153846,333.6016051949952
0.19,0.37,18461.53846153846,333.7154850540898
0.21,0.37,18461.53846153846,333.7154850540898
0.23,0.37,18461.53846153846,333.6016051949952
0.25,0.37,18461.53846153846,333.36107832083127
0.27,0.37,18461.53846153846,332.9691207567717
0.29,0.37,18461.53846153846,332.39023816020324
0.31,0.37,18461.53846153846,331.5796367848313
0.33,0.37,18461.53846153846,330.48386405103787
0.35,0.37,18461.53846153846,329.03896004928504
0.37,0.37,18461.53846153846,327.1627784138636
0.39,0.37,18461.53846153846,324.73590253117845
0.01,0.39,18461.53846153846,323.83493647377674
0.03,0.39,18461.53846153846,324.73590253117845
0.05,0.39,18461.53846153846,325.39655785248704
0.07,0.39,18461.53846153846,325.8953339496538
0.09,0.39,18461.53846153846,326.2701206129457
0.11,0.39,18461.53846153846,326.545846163384
0.13,0.39,18461.53846153846,326.7419605361583
0.15,0.39,18461.53846153846,326.87431970244205
0.17,0.39,18461.53846153846,326.9553377872351
0.19,0.39,18461.53846153846,326.993633081776
0.21,0.39,18461.53846153846,326.993633081776
0.23,0.39,18461.53846153846,326.9553377872352
0.25,0.39,18461.53846153846,326.87431970244205
0.27,0.39,18461.53846153846,326.7419605361583
0.29,0.39,18461.53846153846,326.54584616338406
0.31,0.39,18461.53846153846,326.2701206129458
0.33,0.39,18461.53846153846,325.89533394965383
0.35,0.39,18461.53846153846,325.396557852487
0.37,0.39,18461.53846153846,324.73590253117845
0.39,0.39,18461.53846153846,323.83493647377674
0.01,0.01,20307.69230769231,323.78330989347904
0.03,0.01,20307.69230769231,324.6359568603024
0.05,0.01,20307.69230769231,325.27721778626017
0.07,0.01,20307.69230769231,325.7751632385348
0.09,0.01,20307.69230769231,326.1612638209351
0.11,0.01,20307.69230769231,326.4552502092228
0.13,0.01,20307.69230769231,326.67202976027176
0.15,0.01,20307.69230769231,326.8235683878149
0.17,0.01,20307.69230769231,326.9191816123452
0.19,0.01,20307.69230769231,326.96532869404484
0.21,0.01,20307.69230769231,326.9653286940449
0.23,0.01,20307.69230769231,326.9191816123452
0.25,0.01,20307.69230769231,326.8235683878149
0.27,0.01,20307.69230769231,326.6720297602718
0.29,0.01,20307.69230769231,326.4552502092228
0.31,0.01,20307.69230769231,326.1612638209351
0.33,0.01,20307.69230769231,325.7751632385348
0.35,0.01,20307.69230769231,325.27721778626017
0.37,0.01,20307.69230769231,324.6359568603023
0.39,0.01,20307.69230769231,323.783309893479
0.01,0.03,20307.69230769231,324.6359568603024
0.03,0.03,20307.69230769231,326.9508103732045
0.05,0.03,20307.69230769231,328.7808212678553
0.07,0.03,20307.69230769231,330.22793040398443
0.09,0.03,20307.69230769231,331.35903243714296
0.11,0.03,20307.69230769231,332.224132660014
0.13,0.03,20307.69230769231,332.8639656786854
0.15,0.03,20307.69230769231,333.3122434778264
0.17,0.03,20307.69230769231,333.5955512324188
0.19,0.03,20307.69230769231,333.73242943345235
0.21,0.03,20307.69230769231,333.7324294334524
0.23,0.03,20307.69230769231,333.5955512324188
0.25,0.03,20307.69230769231,333.3122434778264
0.27,0.03,20307.69230769231,332.8639656786855
0.29,0.03,20307.69230769231,332.22413266001394
0.31,0.03,20307.69230769231,331.35903243714296
0.33,0.03,20307.69230769231,330.2279304039845
0.35,0.03,20307.69230769231,328.78082126785534
0.37,0.03,20307.69230769231,326.95081037320443
0.39,0.03,20307.69230769231,324.6359568603024
0.01,0.05,20307.69230769231,325.27721778626017
0.03,0.05,20307.69230769231,328.78082126785534
0.05,0.05,20307.69230769231,331.6326643382129
0.07,0.05,20307.69230769231,333.92355257311755
0.09,0.05,20307.69230769231,335.7306556506408
0.11,0.05,20307.69230769231,337.1210388763228
0.13,0.05,20307.69230769231,338.1538117983706
0.15,0.05,20307.69230769231,338.87976939163445
0.17,0.05,20307.69230769231,339.3396829360966
0.19,0.05,20307.69230769231,339.562225879568
0.21,0.05,20307.69230769231,339.562225879568
0.23,0.05,20307.69230769231,339.33968293609666
0.25,0.05,20307.69230769231,338.8797693916345
0.27,0.05,20307.69230769231,338.15381179837067
0.29,0.05,20307.69230769231,337.12103887632287
0.31,0.05,20307.69230769231,335.73065565064087
0.33,0.05,20307.69230769231,333.92355257311766
0.35,0.05,20307.69230769231,331.63266433821303
0.37,0.05,20307.69230769231,328.7808212678553
0.39,0.05,20307.69230769231,325.2772177862602
0.01,0.07,20307.69230769231,325.7751632385348
0.03,0.07,20307.69230769231,330.22793040398443
0.05,0.07,20307.69230769231,333.92355257311755
0.07,0.07,20307.69230769231,336.9301024878193
0.09,0.07,20307.69230769231,339.3219407909688
0.11,0.07,20307.69230769231,341.1734429423594
0.13,0.07,20307.69230769231,342.55513066122785
0.15,0.07,20307.69230769231,343.5298708382933
0.17,0.07,20307.69230769231,344.1490621360978
0.19,0.07,20307.69230769231,344.4491850981953
0.21,0.07,20307.69230769231,344.4491850981953
0.23,0.07,20307.69230769231,344.1490621360978
0.25,0.07,20307.69230769231,343.5298708382934
0.27,0.07,20307.69230769231,342.5551306612279
0.29,0.07,20307.69230769231,341.17344294235943
0.31,0.07,20307.69230769231,339.3219407909688
0.33,0.07,20307.69230769231,336.93010248781934
0.35,0.07,20307.69230769231,333.92355257311766
0.37,0.07,20307.69230769231,330.22793040398443
0.39,0.07,20307.69230769231,325.7751632385348
0.01,0.09,20307.69230769231,326.1612638209351
0.03,0.09,20307.69230769231,331.359032437143
0.05,0.09,20307.69230769231,335.7306556506408
0.07,0.09,20307.69230769231,339.3219407909688
0.09,0.09,20307.69230769231,342.19963723462484
0.11,0.09,20307.69230769231,344.4396391911196
0.13,0.09,20307.69230769231,346.11862873133714
0.15,0.09,20307.69230769231,347.3072606449021
0.17,0.09,20307.69230769231,348.06430769295
0.19,0.09,20307.69230769231,348.4318566581754
0.21,0.09,20307.69230769231,348.43185665817543
0.23,0.09,20307.69230769231,348.0643076929501
0.25,0.09,20307.69230769231,347.3072606449022
0.27,0.09,20307.69230769231,346.1186287313372
0.29,0.09,20307.69230769231,344.4396391911197
0.31,0.09,20307.69230769231,342.1996372346249
0.33,0.09,20307.69230769231,339.3219407909688
0.35,0.09,20307.69230769231,335.7306556506408
0.37,0.09,20307.69230769231,331.35903243714296
0.39,0.09,20307.69230769231,326.1612638209351
0.01,0.11,20307.69230769231,326.45525020922275
0.03,0.11,20307.69230769231,332.22413266001394
0.05,0.11,20307.69230769231,337.1210388763228
0.07,0.11,20307.69230769231,341.1734429423594
0.09,0.11,20307.69230769231,344.4396391911196
0.11,0.11,20307.69230769231,346.99408300215936
0.13,0.11,20307.69230769231,348.9161737818217
0.15,0.11,20307.69230769231,350.28115637866364
0.17,0.11,20307.69230769231,351.1525676427487
0.19,0.11,20307.69230769231,351.5762684245493
0.21,0.11,20307.69230769231,351.57626842454937
0.23,0.11,20307.69230769231,351.15256764274875
0.25,0.11,20307.69230769231,350.2811563786637
0.27,0.11,20307.69230769231,348.9161737818218
0.29,0.11,20307.69230769231,346.9940830021594
0.31,0.11,20307.69230769231,344.4396391911197
0.33,0.11,20307.69230769231,341.1734429423594
0.35,0.11,20307.69230769231,337.1210388763228
0.37,0.11,20307.69230769231,332.224132660014
0.39,0.11,20307.69230769231,326.4552502092228
0.01,0.13,20307.69230769231,326.67202976027176
0.03,0.13,20307.69230769231,332.8639656786854
0.05,0.13,20307.69230769231,338.1538117983705
0.07,0.13,20307.69230769231,342.55513066122785
0.09,0.13,20307.69230769231,346.1186287313371
0.11,0.13,20307.69230769231,348.9161737818217
0.13,0.13,20307.69230769231,351.02787783075524
0.15,0.13,20307.69230769231,352.5314052666748
0.17,0.13,20307.69230769231,353.49314813574625
0.19,0.13,20307.69230769231,353.96134933165564
0.21,0.13,20307.69230769231,353.9613493316557
0.23,0.13,20307.69230769231,353.4931481357463
0.25,0.13,20307.69230769231,352.5314052666748
0.27,0.13,20307.69230769231,351.02787783075524
0.29,0.13,20307.69230769231,348.9161737818218
0.31,0.13,20307.69230769231,346.1186287313372
0.33,0.13,20307.69230769231,342.55513066122785
0.35,0.13,20307.69230769231,338.1538117983705
0.37,0.13,20307.69230769231,332.8639656786854
0.39,0.13,20307.69230769231,326.6720297602718
0.01,0.15,20307.69230769231,326.8235683878149
0.03,0.15,20307.69230769231,333.3122434778264
0.05,0.15,20307.69230769231,338.87976939163445
0.07,0.15,20307.69230769231,343.5298708382933
0.09,0.15,20307.69230769231,347.30726064490204
0.11,0.15,20307.69230769231,350.28115637866364
0.13,0.15,20307.69230769231,352.5314052666748
0.15,0.15,20307.69230769231,354.1367617842257
0.17,0.15,20307.69230769231,355.16518937972626
0.19,0.15,20307.69230769231,355.6663310498544
0.21,0.15,20307.69230769231,355.6663310498544
0.23,0.15,20307.69230769231,355.1651893797263
0.25,0.15,20307.69230769231,354.13676178422577
0.27,0.15,20307.69230769231,352.5314052666748
0.29,0.15,20307.69230769231,350.2811563786637
0.31,0.15,20307.69230769231,347.3072606449022
0.33,0.15,20307.69230769231,343.5298708382934
0.35,0.15,20307.69230769231,338.87976939163445
0.37,0.15,20307.69230769231,333.3122434778264
0.39,0.15,20307.69230769231,326.8235683878149
0.01,0.17,20307.69230769231,326.91918161234514
0.03,0.17,20307.69230769231,333.5955512324187
0.05,0.17,20307.69230769231,339.3396829360965
0.07,0.17,20307.69230769231,344.14906213609777
0.09,0.17,20307.69230769231,348.06430769295
0.11,0.17,20307.69230769231,351.15256764274864
0.13,0.17,20307.69230769231,353.49314813574625
0.15,0.17,20307.69230769231,355.1651893797263
0.17,0.17,20307.69230769231,356.2374291196631
0.19,0.17,20307.69230769231,356.7602563197753
0.21,0.17,20307.69230769231,356.7602563197753
0.23,0.17,20307.69230769231,356.2374291196631
0.25,0.17,20307.69230769231,355.1651893797263
0.27,0.17,20307.69230769231,353.4931481357464
0.29,0.17,20307.69230769231,351.15256764274875
0.31,0.17,20307.69230769231,348.0643076929501
0.33,0.17,20307.69230769231,344.1490621360979
0.35,0.17,20307.69230769231,339.3396829360966
0.37,0.17,20307.69230769231,333.5955512324188
0.39,0.17,20307.69230769231,326.9191816123452
0.01,0.19,20307.69230769231,326.96532869404484
0.03,0.19,20307.69230769231,333.7324294334524
0.05,0.19,20307.69230769231,339.562225879568
0.07,0.19,20307.69230769231,344.44918509819524
0.09,0.19,20307.69230769231,348.4318566581754
0.11,0.19,20307.69230769231,351.5762684245493
0.13,0.19,20307.69230769231,353.9613493316557
0.15,0.19,20307.69230769231,355.6663310498544
0.17,0.19,20307.69230769231,356.7602563197753
0.19,0.19,20307.69230769231,357.2938303872043
0.21,0.19,20307.69230769231,357.2938303872043
0.23,0.19,20307.69230769231,356.7602563197753
0.25,0.19,20307.69230769231,355.6663310498545
0.27,0.19,20307.69230769231,353.9613493316557
0.29,0.19,20307.69230769231,351.57626842454937
0.31,0.19,20307.69230769231,348.4318566581755
0.33,0.19,20307.69230769231,344.44918509819536
0.35,0.19,20307.69230769231,339.562225879568
0.37,0.19,20307.69230769231,333.73242943345247
0.39,0.19,20307.69230769231,326.9653286940449
0.01,0.21,20307.69230769231,326.96532869404484
0.03,0.21,20307.69230769231,333.7324294334524
0.05,0.21,20307.69230769231,339.562225879568
0.07,0.21,20307.69230769231,344.4491850981953
0.09,0.21,20307.69230769231,348.43185665817543
0.11,0.21,20307.69230769231,351.57626842454937
0.13,0.21,20307.69230769231,353.9613493316557
0.15,0.21,20307.69230769231,355.6663310498545
0.17,0.21,20307.69230769231,356.7602563197753
0.19,0.21,20307.69230769231,357.2938303872044
0.21,0.21,20307.69230769231,357.2938303872043
0.23,0.21,20307.69230769231,356.7602563197753
0.25,0.21,20307.69230769231,355.6663310498545
0.27,0.21,20307.69230769231,353.9613493316557
0.29,0.21,20307.69230769231,351.5762684245494
0.31,0.21,20307.69230769231,348.4318566581755
0.33,0.21,20307.69230769231,344.44918509819536
0.35,0.21,20307.69230769231,339.562225879568
0.37,0.21,20307.69230769231,333.7324294334524
0.39,0.21,20307.69230769231,326.9653286940449
0.01,0.23,20307.69230769231,326.91918161234514
0.03,0.23,20307.69230769231,333.5955512324188
0.05,0.23,20307.69230769231,339.33968293609666
0.07,0.23,20307.69230769231,344.1490621360978
0.09,0.23,20307.69230769231,348.06430769295
0.11,0.23,20307.69230769231,351.1525676427487
0.13,0.23,20307.69230769231,353.4931481357463
0.15,0.23,20307.69230769231,355.1651893797264
0.17,0.23,20307.69230769231,356.23742911966315
0.19,0.23,20307.69230769231,356.7602563197753
0.21,0.23,20307.69230769231,356.7602563197753
0.23,0.23,20307.69230769231,356.23742911966315
0.25,0.23,20307.69230769231,355.1651893797264
0.27,0.23,20307.69230769231,353.4931481357464
0.29,0.23,20307.69230769231,351.15256764274875
0.31,0.23,20307.69230769231,348.0643076929501
0.33,0.23,20307.69230769231,344.1490621360979
0.35,0.23,20307.69230769231,339.33968293609666
0.37,0.23,20307.69230769231,333.5955512324188
0.39,0.23,20307.69230769231,326.9191816123452
0.01,0.25,20307.69230769231,326.8235683878149
0.03,0.25,20307.69230769231,333.3122434778264
0.05,0.25,20307.69230769231,338.87976939163445
0.07,0.25,20307.69230769231,343.52987083829333
0.09,0.25,20307.69230769231,347.30726064490216
0.11,0.25,20307.69230769231,350.2811563786637
0.13,0.25,20307.69230769231,352.5314052666748
0.15,0.25,20307.69230769231,354.13676178422577
0.17,0.25,20307.69230769231,355.1651893797263
0.19,0.25,20307.69230769231,355.6663310498545
0.21,0.25,20307.69230769231,355.66633104985453
0.23,0.25,20307.69230769231,355.1651893797264
0.25,0.25,20307.69230769231,354.1367617842258
0.27,0.25,20307.69230769231,352.5314052666749
0.29,0.25,20307.69230769231,350.2811563786638
0.31,0.25,20307.69230769231,347.3072606449022
0.33,0.25,20307.69230769231,343.5298708382934
0.35,0.25,20307.69230769231,338.8797693916345
0.37,0.25,20307.69230769231,333.3122434778265
0.39,0.25,20307.69230769231,326.8235683878149
0.01,0.27,20307.69230769231,326.6720297602718
0.03,0.27,20307.69230769231,332.8639656786856
0.05,0.27,20307.69230769231,338.1538117983706
0.07,0.27,20307.69230769231,342.55513066122785
0.09,0.27,20307.69230769231,346.1186287313372
0.11,0.27,20307.69230769231,348.91617378182184
0.13,0.27,20307.69230769231,351.0278778307553
0.15,0.27,20307.69230769231,352.5314052666748
0.17,0.27,20307.69230769231,353.49314813574625
0.19,0.27,20307.69230769231,353.9613493316557
0.21,0.27,20307.69230769231,353.9613493316557
0.23,0.27,20307.69230769231,353.4931481357464
0.25,0.27,20307.69230769231,352.5314052666749
0.27,0.27,20307.69230769231,351.02787783075536
0.29,0.27,20307.69230769231,348.91617378182195
0.31,0.27,20307.69230769231,346.1186287313373
0.33,0.27,20307.69230769231,342.555130661228
0.35,0.27,20307.69230769231,338.15381179837067
0.37,0.27,20307.69230769231,332.8639656786856
0.39,0.27,20307.69230769231,326.6720297602718
0.01,0.29,20307.69230769231,326.4552502092228
0.03,0.29,20307.69230769231,332.22413266001405
0.05,0.29,20307.69230769231,337.12103887632287
0.07,0.29,20307.69230769231,341.17344294235943
0.09,0.29,20307.69230769231,344.4396391911196
0.11,0.29,20307.69230769231,346.9940830021594
0.13,0.29,20307.69230769231,348.91617378182184
0.15,0.29,20307.69230769231,350.2811563786637
0.17,0.29,20307.69230769231,351.1525676427487
0.19,0.29,20307.69230769231,351.5762684245495
0.21,0.29,20307.69230769231,351.5762684245495
0.23,0.29,20307.69230769231,351.1525676427488
0.25,0.29,20307.69230769231,350.2811563786637
0.27,0.29,20307.69230769231,348.9161737818219
0.29,0.29,20307.69230769231,346.9940830021595
0.31,0.29,20307.69230769231,344.43963919111974
0.33,0.29,20307.69230769231,341.1734429423595
0.35,0.29,20307.69230769231,337.12103887632287
0.37,0.29,20307.69230769231,332.224132660014
0.39,0.29,20307.69230769231,326.45525020922287
0.01,0.31,20307.69230769231,326.1612638209351
0.03,0.31,20307.69230769231,331.359032437143
0.05,0.31,20307.69230769231,335.7306556506408
0.07,0.31,20307.69230769231,339.3219407909688
0.09,0.31,20307.69230769231,342.1996372346249
0.11,0.31,20307.69230769231,344.4396391911196
0.13,0.31,20307.69230769231,346.1186287313372
0.15,0.31,20307.69230769231,347.30726064490216
0.17,0.31,20307.69230769231,348.06430769295
0.19,0.31,20307.69230769231,348.4318566581755
0.21,0.31,20307.69230769231,348.4318566581755
0.23,0.31,20307.69230769231,348.0643076929501
0.25,0.31,20307.69230769231,347.3072606449022
0.27,0.31,20307.69230769231,346.1186287313373
0.29,0.31,20307.69230769231,344.43963919111974
0.31,0.31,20307.69230769231,342.19963723462496
0.33,0.31,20307.69230769231,339.3219407909688
0.35,0.31,20307.69230769231,335.73065565064087
0.37,0.31,20307.69230769231,331.35903243714296
0.39,0.31,20307.69230769231,326.1612638209351
0.01,0.33,20307.69230769231,325.7751632385348
0.03,0.33,20307.69230769231,330.2279304039845
0.05,0.33,20307.69230769231,333.92355257311766
0.07,0.33,20307.69230769231,336.9301024878194
0.09,0.33,20307.69230769231,339.3219407909688
0.11,0.33,20307.69230769231,341.17344294235943
0.13,0.33,20307.69230769231,342.5551306612279
0.15,0.33,20307.69230769231,343.5298708382934
0.17,0.33,20307.69230769231,344.1490621360979
0.19,0.33,20307.69230769231,344.44918509819536
0.21,0.33,20307.69230769231,344.44918509819536
0.23,0.33,20307.69230769231,344.1490621360979
0.25,0.33,20307.69230769231,343.5298708382934
0.27,0.33,20307.69230769231,342.555130661228
0.29,0.33,20307.69230769231,341.17344294235954
0.31,0.33,20307.69230769231,339.3219407909688
0.33,0.33,20307.69230769231,336.9301024878194
0.35,0.33,20307.69230769231,333.9235525731177
0.37,0.33,20307.69230769231,330.2279304039845
0.39,0.33,20307.69230769231,325.7751632385348
0.01,0.35,20307.69230769231,325.27721778626017
0.03,0.35,20307.69230769231,328.78082126785534
0.05,0.35,20307.69230769231,331.63266433821303
0.07,0.35,20307.69230769231,333.92355257311766
0.09,0.35,20307.69230769231,335.7306556506408
0.11,0.35,20307.69230769231,337.1210388763228
0.13,0.35,20307.69230769231,338.1538117983706
0.15,0.35,20307.69230769231,338.8797693916345
0.17,0.35,20307.69230769231,339.33968293609666
0.19,0.35,20307.69230769231,339.562225879568
0.21,0.35,20307.69230769231,339.562225879568
0.23,0.35,20307.69230769231,339.33968293609666
0.25,0.35,20307.69230769231,338.87976939163445
0.27,0.35,20307.69230769231,338.15381179837067
0.29,0.35,20307.69230769231,337.1210388763229
0.31,0.35,20307.69230769231,335.73065565064087
0.33,0.35,20307.69230769231,333.9235525731177
0.35,0.35,20307.69230769231,331.63266433821303
0.37,0.35,20307.69230769231,328.7808212678554
0.39,0.35,20307.69230769231,325.2772177862602
0.01,0.37,20307.69230769231,324.6359568603023
0.03,0.37,20307.69230769231,326.95081037320443
0.05,0.37,20307.69230769231,328.78082126785534
0.07,0.37,20307.69230769231,330.22793040398443
0.09,0.37,20307.69230769231,331.35903243714296
0.11,0.37,20307.69230769231,332.224132660014
0.13,0.37,20307.69230769231,332.8639656786855
0.15,0.37,20307.69230769231,333.3122434778265
0.17,0.37,20307.69230769231,333.5955512324188
0.19,0.37,20307.69230769231,333.7324294334524
0.21,0.37,20307.69230769231,333.7324294334524
0.23,0.37,20307.69230769231,333.5955512324187
0.25,0.37,20307.69230769231,333.3122434778264
0.27,0.37,20307.69230769231,332.8639656786856
0.29,0.37,20307.69230769231,332.22413266001405
0.31,0.37,20307.69230769231,331.35903243714307
0.33,0.37,20307.69230769231,330.2279304039845
0.35,0.37,20307.69230769231,328.78082126785534
0.37,0.37,20307.69230769231,326.95081037320443
0.39,0.37,20307.69230769231,324.6359568603024
0.01,0.39,20307.69230769231,323.78330989347904
0.03,0.39,20307.69230769231,324.6359568603024
0.05,0.39,20307.69230769231,325.27721778626017
0.07,0.39,20307.69230769231,325.7751632385348
0.09,0.39,20307.69230769231,326.1612638209351
0.11,0.39,20307.69230769231,326.45525020922287
0.13,0.39,20307.69230769231,326.67202976027176
0.15,0.39,20307.69230769231,326.8235683878149
0.17,0.39,20307.69230769231,326.9191816123452
0.19,0.39,20307.69230769231,326.96532869404484
0.21,0.39,20307.69230769231,326.96532869404484
0.23,0.39,20307.69230769231,326.91918161234514
0.25,0.39,20307.69230769231,326.82356838781493
0.27,0.39,20307.69230769231,326.6720297602718
0.29,0.39,20307.69230769231,326.45525020922287
0.31,0.39,20307.69230769231,326.1612638209351
0.33,0.39,20307.69230769231,325.7751632385348
0.35,0.39,20307.69230769231,325.27721778626017
0.37,0.39,20307.69230769231,324.6359568603024
0.39,0.39,20307.69230769231,323.78330989347904
0.01,0.01,22153.84615384616,323.7371994048924
0.03,0.01,22153.84615384616,324.5422563373716
0.05,0.01,22153.84615384616,325.15934574248985
0.07,0.01,22153.84615384616,325.64835705205064
0.09,0.01,22153.84615384616,326.0358804837629
0.11,0.01,22153.84615384616,326.33775790093995
0.13,0.01,22153.84615384616,326.5654878980196
0.15,0.01,22153.84615384616,326.72808398789675
0.17,0.01,22153.84615384616,326.83247856399504
0.19,0.01,22153.84615384616,326.8834509482057
0.21,0.01,22153.84615384616,326.8834509482057
0.23,0.01,22153.84615384616,326.832478563995
0.25,0.01,22153.84615384616,326.7280839878967
0.27,0.01,22153.84615384616,326.56548789801974
0.29,0.01,22153.84615384616,326.33775790094006
0.31,0.01,22153.84615384616,326.0358804837629
0.33,0.01,22153.84615384616,325.6483570520506
0.35,0.01,22153.84615384616,325.15934574248985
0.37,0.01,22153.84615384616,324.54225633737155
0.39,0.01,22153.84615384616,323.73719940489235
0.01,0.03,22153.84615384616,324.5422563373716
0.03,0.03,22153.84615384616,326.7410864327066
0.05,0.03,22153.84615384616,328.50857311690544
0.07,0.03,22153.84615384616,329.93310120379647
0.09,0.03,22153.84615384616,331.0700732588821
0.11,0.03,22153.84615384616,331.9590667325964
0.13,0.03,22153.84615384616,332.6312698710174
0.15,0.03,22153.84615384616,333.1119924202561
0.17,0.03,22153.84615384616,333.42098821665274
0.19,0.03,22153.84615384616,333.571963636673
0.21,0.03,22153.84615384616,333.571963636673
0.23,0.03,22153.84615384616,333.42098821665274
0.25,0.03,22153.84615384616,333.11199242025606
0.27,0.03,22153.84615384616,332.6312698710175
0.29,0.03,22153.84615384616,331.9590667325964
0.31,0.03,22153.84615384616,331.0700732588821
0.33,0.03,22153.84615384616,329.9331012037964
0.35,0.03,22153.84615384616,328.5085731169054
0.37,0.03,22153.84615384616,326.74108643270654
0.39,0.03,22153.84615384616,324.5422563373716
0.01,0.05,22153.84615384616,325.1593457424899
0.03,0.05,22153.84615384616,328.50857311690544
0.05,0.05,22153.84615384616,331.2768082901248
0.07,0.05,22153.84615384616,333.5407108933832
0.09,0.05,22153.84615384616,335.362395611895
0.11,0.05,22153.84615384616,336.7938799642451
0.13,0.05,22153.84615384616,337.8799204118411
0.15,0.05,22153.84615384616,338.6584543701005
0.17,0.05,22153.84615384616,339.1597117444469
0.19,0.05,22153.84615384616,339.4048734530216
0.21,0.05,22153.84615384616,339.4048734530216
0.23,0.05,22153.84615384616,339.1597117444469
0.25,0.05,22153.84615384616,338.6584543701005
0.27,0.05,22153.84615384616,337.8799204118411
0.29,0.05,22153.84615384616,336.7938799642451
0.31,0.05,22153.84615384616,335.362395611895
0.33,0.05,22153.84615384616,333.5407108933832
0.35,0.05,22153.84615384616,331.2768082901248
0.37,0.05,22153.84615384616,328.5085731169054
0.39,0.05,22153.84615384616,325.15934574249
0.01,0.07,22153.84615384616,325.64835705205064
0.03,0.07,22153.84615384616,329.9331012037964
0.05,0.07,22153.84615384616,333.5407108933832
0.07,0.07,22153.84615384616,336.52580548912255
0.09,0.07,22153.84615384616,338.94592372737367
0.11,0.07,22153.84615384616,340.8573495364233
0.13,0.07,22153.84615384616,342.3127822599424
0.15,0.07,22153.84615384616,343.3588860317785
0.17,0.07,22153.84615384616,344.0336770756422
0.19,0.07,22153.84615384616,344.3640863329605
0.21,0.07,22153.84615384616,344.3640863329605
0.23,0.07,22153.84615384616,344.0336770756422
0.25,0.07,22153.84615384616,343.3588860317786
0.27,0.07,22153.84615384616,342.3127822599424
0.29,0.07,22153.84615384616,340.8573495364233
0.31,0.07,22153.84615384616,338.9459237273737
0.33,0.07,22153.84615384616,336.5258054891225
0.35,0.07,22153.84615384616,333.5407108933832
0.37,0.07,22153.84615384616,329.9331012037964
0.39,0.07,22153.84615384616,325.64835705205064
0.01,0.09,22153.84615384616,326.0358804837629
0.03,0.09,22153.84615384616,331.070073258882
0.05,0.09,22153.84615384616,335.362395611895
0.07,0.09,22153.84615384616,338.9459237273737
0.09,0.09,22153.84615384616,341.8696892394694
0.11,0.09,22153.84615384616,344.1895829025059
0.13,0.09,22153.84615384616,345.9621280966718
0.15,0.09,22153.84615384616,347.2394381365876
0.17,0.09,22153.84615384616,348.0648768770883
0.19,0.09,22153.84615384616,348.46949893785967
0.21,0.09,22153.84615384616,348.46949893785967
0.23,0.09,22153.84615384616,348.06487687708835
0.25,0.09,22153.84615384616,347.2394381365877
0.27,0.09,22153.84615384616,345.9621280966719
0.29,0.09,22153.84615384616,344.189582902506
0.31,0.09,22153.84615384616,341.86968923946944
0.33,0.09,22153.84615384616,338.9459237273737
0.35,0.09,22153.84615384616,335.362395611895
0.37,0.09,22153.84615384616,331.070073258882
0.39,0.09,22153.84615384616,326.0358804837629
0.01,0.11,22153.84615384616,326.33775790094
0.03,0.11,22153.84615384616,331.95906673259634
0.05,0.11,22153.84615384616,336.79387996424504
0.07,0.11,22153.84615384616,340.85734953642327
0.09,0.11,22153.84615384616,344.1895829025059
0.11,0.11,22153.84615384616,346.8439019346294
0.13,0.11,22153.84615384616,348.8780758740565
0.15,0.11,22153.84615384616,350.3472791488402
0.17,0.11,22153.84615384616,351.29828758282287
0.19,0.11,22153.84615384616,351.76492944066115
0.21,0.11,22153.84615384616,351.7649294406612
0.23,0.11,22153.84615384616,351.29828758282287
0.25,0.11,22153.84615384616,350.3472791488403
0.27,0.11,22153.84615384616,348.87807587405666
0.29,0.11,22153.84615384616,346.8439019346296
0.31,0.11,22153.84615384616,344.18958290250595
0.33,0.11,22153.84615384616,340.8573495364233
0.35,0.11,22153.84615384616,336.79387996424504
0.37,0.11,22153.84615384616,331.95906673259634
0.39,0.11,22153.84615384616,326.33775790093995
0.01,0.13,22153.84615384616,326.5654878980196
0.03,0.13,22153.84615384616,332.6312698710174
0.05,0.13,22153.84615384616,337.87992041184106
0.07,0.13,22153.84615384616,342.3127822599423
0.09,0.13,22153.84615384616,345.9621280966718
0.11,0.13,22153.84615384616,348.8780758740565
0.13,0.13,22153.84615384616,351.118250729724
0.15,0.13,22153.84615384616,352.7393198836622
0.17,0.13,22153.84615384616,353.7900740435421
0.19,0.13,22153.84615384616,354.30609214595813
0.21,0.13,22153.84615384616,354.30609214595813
0.23,0.13,22153.84615384616,353.7900740435421
0.25,0.13,22153.84615384616,352.7393198836623
0.27,0.13,22153.84615384616,351.11825072972414
0.29,0.13,22153.84615384616,348.87807587405666
0.31,0.13,22153.84615384616,345.9621280966719
0.33,0.13,22153.84615384616,342.3127822599424
0.35,0.13,22153.84615384616,337.87992041184106
0.37,0.13,22153.84615384616,332.63126987101737
0.39,0.13,22153.84615384616,326.5654878980196
0.01,0.15,22153.84615384616,326.7280839878967
0.03,0.15,22153.84615384616,333.11199242025606
0.05,0.15,22153.84615384616,338.6584543701004
0.07,0.15,22153.84615384616,343.3588860317786
0.09,0.15,22153.84615384616,347.2394381365877
0.11,0.15,22153.84615384616,350.3472791488402
0.13,0.15,22153.84615384616,352.7393198836622
0.15,0.15,22153.84615384616,354.4728049366511
0.17,0.15,22153.84615384616,355.59761487876926
0.19,0.15,22153.84615384616,356.1503589778413
0.21,0.15,22153.84615384616,356.1503589778412
0.23,0.15,22153.84615384616,355.59761487876926
0.25,0.15,22153.84615384616,354.4728049366511
0.27,0.15,22153.84615384616,352.7393198836623
0.29,0.15,22153.84615384616,350.3472791488403
0.31,0.15,22153.84615384616,347.2394381365877
0.33,0.15,22153.84615384616,343.3588860317786
0.35,0.15,22153.84615384616,338.65845437010046
0.37,0.15,22153.84615384616,333.11199242025606
0.39,0.15,22153.84615384616,326.72808398789675
0.01,0.17,22153.84615384616,326.832478563995
0.03,0.17,22153.84615384616,333.4209882166527
0.05,0.17,22153.84615384616,339.15971174444684
0.07,0.17,22153.84615384616,344.0336770756422
0.09,0.17,22153.84615384616,348.06487687708835
0.11,0.17,22153.84615384616,351.2982875828228
0.13,0.17,22153.84615384616,353.79007404354223
0.15,0.17,22153.84615384616,355.5976148787694
0.17,0.17,22153.84615384616,356.7713171950587
0.19,0.17,22153.84615384616,357.3483406151582
0.21,0.17,22153.84615384616,357.3483406151581
0.23,0.17,22153.84615384616,356.77131719505866
0.25,0.17,22153.84615384616,355.59761487876926
0.27,0.17,22153.84615384616,353.7900740435422
0.29,0.17,22153.84615384616,351.29828758282287
0.31,0.17,22153.84615384616,348.0648768770884
0.33,0.17,22153.84615384616,344.0336770756422
0.35,0.17,22153.84615384616,339.1597117444469
0.37,0.17,22153.84615384616,333.42098821665274
0.39,0.17,22153.84615384616,326.832478563995
0.01,0.19,22153.84615384616,326.8834509482057
0.03,0.19,22153.84615384616,333.57196363667293
0.05,0.19,22153.84615384616,339.40487345302154
0.07,0.19,22153.84615384616,344.3640863329604
0.09,0.19,22153.84615384616,348.4694989378596
0.11,0.19,22153.84615384616,351.7649294406612
0.13,0.19,22153.84615384616,354.3060921459582
0.15,0.19,22153.84615384616,356.15035897784134
0.17,0.19,22153.84615384616,357.34834061515824
0.19,0.19,22153.84615384616,357.937430690029
0.21,0.19,22153.84615384616,357.937430690029
0.23,0.19,22153.84615384616,357.3483406151582
0.25,0.19,22153.84615384616,356.1503589778413
0.27,0.19,22153.84615384616,354.30609214595813
0.29,0.19,22153.84615384616,351.7649294406612
0.31,0.19,22153.84615384616,348.4694989378598
0.33,0.19,22153.84615384616,344.3640863329605
0.35,0.19,22153.84615384616,339.4048734530216
0.37,0.19,22153.84615384616,333.57196363667293
0.39,0.19,22153.84615384616,326.8834509482056
0.01,0.21,22153.84615384616,326.8834509482057
0.03,0.21,22153.84615384616,333.571963636673
0.05,0.21,22153.84615384616,339.40487345302154
0.07,0.21,22153.84615384616,344.3640863329604
0.09,0.21,22153.84615384616,348.46949893785967
0.11,0.21,22153.84615384616,351.7649294406612
0.13,0.21,22153.84615384616,354.3060921459582
0.15,0.21,22153.84615384616,356.1503589778413
0.17,0.21,22153.84615384616,357.34834061515824
0.19,0.21,22153.84615384616,357.937430690029
0.21,0.21,22153.84615384616,357.937430690029
0.23,0.21,22153.84615384616,357.3483406151582
0.25,0.21,22153.84615384616,356.1503589778413
0.27,0.21,22153.84615384616,354.3060921459582
0.29,0.21,22153.84615384616,351.7649294406612
0.31,0.21,22153.84615384616,348.4694989378597
0.33,0.21,22153.84615384616,344.3640863329605
0.35,0.21,22153.84615384616,339.40487345302154
0.37,0.21,22153.84615384616,333.57196363667293
0.39,0.21,22153.84615384616,326.8834509482056
0.01,0.23,22153.84615384616,326.83247856399504
0.03,0.23,22153.84615384616,333.42098821665274
0.05,0.23,22153.84615384616,339.1597117444469
0.07,0.23,22153.84615384616,344.0336770756422
0.09,0.23,22153.84615384616,348.06487687708835
0.11,0.23,22153.84615384616,351.29828758282287
0.13,0.23,22153.84615384616,353.7900740435421
0.15,0.23,22153.84615384616,355.59761487876926
0.17,0.23,22153.84615384616,356.7713171950587
0.19,0.23,22153.84615384616,357.3483406151582
0.21,0.23,22153.84615384616,357.34834061515824
0.23,0.23,22153.84615384616,356.7713171950587
0.25,0.23,22153.84615384616,355.5976148787694
0.27,0.23,22153.84615384616,353.79007404354223
0.29,0.23,22153.84615384616,351.2982875828229
0.31,0.23,22153.84615384616,348.06487687708835
0.33,0.23,22153.84615384616,344.0336770756422
0.35,0.23,22153.84615384616,339.1597117444469
0.37,0.23,22153.84615384616,333.42098821665274
0.39,0.23,22153.84615384616,326.832478563995
0.01,0.25,22153.84615384616,326.72808398789675
0.03,0.25,22153.84615384616,333.1119924202561
0.05,0.25,22153.84615384616,338.6584543701005
0.07,0.25,22153.84615384616,343.3588860317786
0.09,0.25,22153.84615384616,347.2394381365877
0.11,0.25,22153.84615384616,350.34727914884024
0.13,0.25,22153.84615384616,352.7393198836623
0.15,0.25,22153.84615384616,354.4728049366511
0.17,0.25,22153.84615384616,355.5976148787693
0.19,0.25,22153.84615384616,356.1503589778413
0.21,0.25,22153.84615384616,356.1503589778413
0.23,0.25,22153.84615384616,355.5976148787693
0.25,0.25,22153.84615384616,354.4728049366512
0.27,0.25,22153.84615384616,352.73931988366235
0.29,0.25,22153.84615384616,350.3472791488403
0.31,0.25,22153.84615384616,347.2394381365877
0.33,0.25,22153.84615384616,343.35888603177864
0.35,0.25,22153.84615384616,338.6584543701005
0.37,0.25,22153.84615384616,333.1119924202561
0.39,0.25,22153.84615384616,326.72808398789675
0.01,0.27,22153.84615384616,326.56548789801974
0.03,0.27,22153.84615384616,332.6312698710175
0.05,0.27,22153.84615384616,337.8799204118411
0.07,0.27,22153.84615384616,342.3127822599424
0.09,0.27,22153.84615384616,345.9621280966718
0.11,0.27,22153.84615384616,348.8780758740565
0.13,0.27,22153.84615384616,351.118250729724
0.15,0.27,22153.84615384616,352.73931988366223
0.17,0.27,22153.84615384616,353.7900740435421
0.19,0.27,22153.84615384616,354.30609214595813
0.21,0.27,22153.84615384616,354.30609214595813
0.23,0.27,22153.84615384616,353.7900740435422
0.25,0.27,22153.84615384616,352.7393198836623
0.27,0.27,22153.84615384616,351.1182507297242
0.29,0.27,22153.84615384616,348.8780758740567
0.31,0.27,22153.84615384616,345.962128096672
0.33,0.27,22153.84615384616,342.3127822599425
0.35,0.27,22153.84615384616,337.8799204118412
0.37,0.27,22153.84615384616,332.63126987101754
0.39,0.27,22153.84615384616,326.56548789801974
0.01,0.29,22153.84615384616,326.33775790094006
0.03,0.29,22153.84615384616,331.9590667325964
0.05,0.29,22153.84615384616,336.79387996424504
0.07,0.29,22153.84615384616,340.85734953642327
0.09,0.29,22153.84615384616,344.1895829025059
0.11,0.29,22153.84615384616,346.8439019346294
0.13,0.29,22153.84615384616,348.8780758740565
0.15,0.29,22153.84615384616,350.34727914884024
0.17,0.29,22153.84615384616,351.2982875828228
0.19,0.29,22153.84615384616,351.7649294406612
0.21,0.29,22153.84615384616,351.7649294406612
0.23,0.29,22153.84615384616,351.2982875828229
0.25,0.29,22153.84615384616,350.3472791488403
0.27,0.29,22153.84615384616,348.8780758740567
0.29,0.29,22153.84615384616,346.8439019346296
0.31,0.29,22153.84615384616,344.189582902506
0.33,0.29,22153.84615384616,340.8573495364234
0.35,0.29,22153.84615384616,336.79387996424515
0.37,0.29,22153.84615384616,331.9590667325965
0.39,0.29,22153.84615384616,326.33775790094006
0.01,0.31,22153.84615384616,326.0358804837629
0.03,0.31,22153.84615384616,331.0700732588821
0.05,0.31,22153.84615384616,335.3623956118949
0.07,0.31,22153.84615384616,338.94592372737367
0.09,0.31,22153.84615384616,341.8696892394694
0.11,0.31,22153.84615384616,344.1895829025059
0.13,0.31,22153.84615384616,345.9621280966718
0.15,0.31,22153.84615384616,347.23943813658764
0.17,0.31,22153.84615384616,348.06487687708835
0.19,0.31,22153.84615384616,348.4694989378597
0.21,0.31,22153.84615384616,348.46949893785967
0.23,0.31,22153.84615384616,348.06487687708835
0.25,0.31,22153.84615384616,347.2394381365877
0.27,0.31,22153.84615384616,345.9621280966719
0.29,0.31,22153.84615384616,344.189582902506
0.31,0.31,22153.84615384616,341.86968923946955
0.33,0.31,22153.84615384616,338.9459237273738
0.35,0.31,22153.84615384616,335.3623956118951
0.37,0.31,22153.84615384616,331.0700732588822
0.39,0.31,22153.84615384616,326.0358804837629
0.01,0.33,22153.84615384616,325.6483570520506
0.03,0.33,22153.84615384616,329.93310120379635
0.05,0.33,22153.84615384616,333.5407108933832
0.07,0.33,22153.84615384616,336.5258054891225
0.09,0.33,22153.84615384616,338.94592372737367
0.11,0.33,22153.84615384616,340.85734953642327
0.13,0.33,22153.84615384616,342.3127822599424
0.15,0.33,22153.84615384616,343.3588860317786
0.17,0.33,22153.84615384616,344.03367707564223
0.19,0.33,22153.84615384616,344.3640863329605
0.21,0.33,22153.84615384616,344.3640863329604
0.23,0.33,22153.84615384616,344.0336770756422
0.25,0.33,22153.84615384616,343.35888603177864
0.27,0.33,22153.84615384616,342.3127822599425
0.29,0.33,22153.84615384616,340.8573495364234
0.31,0.33,22153.84615384616,338.9459237273738
0.33,0.33,22153.84615384616,336.52580548912266
0.35,0.33,22153.84615384616,333.54071089338333
0.37,0.33,22153.84615384616,329.93310120379647
0.39,0.33,22153.84615384616,325.6483570520506
0.01,0.35,22153.84615384616,325.15934574248985
0.03,0.35,22153.84615384616,328.5085731169053
0.05,0.35,22153.84615384616,331.27680829012473
0.07,0.35,22153.84615384616,333.5407108933832
0.09,0.35,22153.84615384616,335.3623956118949
0.11,0.35,22153.84615384616,336.79387996424504
0.13,0.35,22153.84615384616,337.8799204118411
0.15,0.35,22153.84615384616,338.65845437010046
0.17,0.35,22153.84615384616,339.1597117444469
0.19,0.35,22153.84615384616,339.4048734530216
0.21,0.35,22153.84615384616,339.40487345302154
0.23,0.35,22153.84615384616,339.1597117444469
0.25,0.35,22153.84615384616,338.65845437010046
0.27,0.35,22153.84615384616,337.8799204118411
0.29,0.35,22153.84615384616,336.79387996424515
0.31,0.35,22153.84615384616,335.3623956118951
0.33,0.35,22153.84615384616,333.54071089338333
0.35,0.35,22153.84615384616,331.2768082901249
0.37,0.35,22153.84615384616,328.50857311690544
0.39,0.35,22153.84615384616,325.1593457424899
0.01,0.37,22153.84615384616,324.54225633737155
0.03,0.37,22153.84615384616,326.74108643270654
0.05,0.37,22153.84615384616,328.5085731169053
0.07,0.37,22153.84615384616,329.9331012037963
0.09,0.37,22153.84615384616,331.070073258882
0.11,0.37,22153.84615384616,331.95906673259634
0.13,0.37,22153.84615384616,332.6312698710174
0.15,0.37,22153.84615384616,333.11199242025606
0.17,0.37,22153.84615384616,333.42098821665274
0.19,0.37,22153.84615384616,333.57196363667293
0.21,0.37,22153.84615384616,333.571963636673
0.23,0.37,22153.84615384616,333.42098821665274
0.25,0.37,22153.84615384616,333.11199242025606
0.27,0.37,22153.84615384616,332.6312698710175
0.29,0.37,22153.84615384616,331.95906673259645
0.31,0.37,22153.84615384616,331.0700732588822
0.33,0.37,22153.84615384616,329.9331012037965
0.35,0.37,22153.84615384616,328.50857311690544
0.37,0.37,22153.84615384616,326.7410864327066
0.39,0.37,22153.84615384616,324.5422563373716
0.01,0.39,22153.84615384616,323.73719940489235
0.03,0.39,22153.84615384616,324.54225633737155
0.05,0.39,22153.84615384616,325.15934574248985
0.07,0.39,22153.84615384616,325.6483570520506
0.09,0.39,22153.84615384616,326.0358804837629
0.11,0.39,22153.84615384616,326.33775790093995
0.13,0.39,22153.84615384616,326.5654878980197
0.15,0.39,22153.84615384616,326.72808398789675
0.17,0.39,22153.84615384616,326.83247856399504
0.19,0.39,22153.84615384616,326.88345094820573
0.21,0.39,22153.84615384616,326.88345094820573
0.23,0.39,22153.84615384616,326.83247856399504
0.25,0.39,22153.84615384616,326.72808398789675
0.27,0.39,22153.84615384616,326.56548789801974
0.29,0.39,22153.84615384616,326.33775790094006
0.31,0.39,22153.84615384616,326.035880483763
0.33,0.39,22153.84615384616,325.64835705205064
0.35,0.39,22153.84615384616,325.1593457424899
0.37,0.39,22153.84615384616,324.5422563373716
0.39,0.39,22153.84615384616,323.7371994048924
0.01,0.01,24000.0,323.69566945522826
0.03,0.01,24000.0,324.4545171108141
0.05,0.01,24000.0,325.04464923715835
0.07,0.01,24000.0,325.5193546680469
0.09,0.01,24000.0,325.9014398293029
0.11,0.01,24000.0,326.2038085355946
0.13,0.01,24000.0,326.4354076570193
0.15,0.01,24000.0,326.603041968035
0.17,0.01,24000.0,326.71185643224493
0.19,0.01,24000.0,326.7653664870124
0.21,0.01,24000.0,326.7653664870124
0.23,0.01,24000.0,326.71185643224493
0.25,0.01,24000.0,326.60304196803503
0.27,0.01,24000.0,326.43540765701937
0.29,0.01,24000.0,326.20380853559465
0.31,0.01,24000.0,325.90143982930294
0.33,0.01,24000.0,325.5193546680469
0.35,0.01,24000.0,325.04464923715835
0.37,0.01,24000.0,324.4545171108141
0.39,0.01,24000.0,323.69566945522826
0.01,0.03,24000.0,324.4545171108141
0.03,0.03,24000.0,326.5367716761091
0.05,0.03,24000.0,328.2317748553605
0.07,0.03,24000.0,329.6171570675594
0.09,0.03,24000.0,330.7395082298107
0.11,0.03,24000.0,331.6305496813019
0.13,0.03,24000.0,332.3143225198135
0.15,0.03,24000.0,332.8098492918277
0.17,0.03,24000.0,333.1317635530824
0.19,0.03,24000.0,333.2901408956359
0.21,0.03,24000.0,333.2901408956359
0.23,0.03,24000.0,333.13176355308246
0.25,0.03,24000.0,332.80984929182773
0.27,0.03,24000.0,332.3143225198135
0.29,0.03,24000.0,331.63054968130194
0.31,0.03,24000.0,330.73950822981067
0.33,0.03,24000.0,329.61715706755933
0.35,0.03,24000.0,328.2317748553605
0.37,0.03,24000.0,326.5367716761091
0.39,0.03,24000.0,324.4545171108141
0.01,0.05,24000.0,325.04464923715835
0.03,0.05,24000.0,328.2317748553605
0.05,0.05,24000.0,330.89656825285124
0.07,0.05,24000.0,333.1047155312468
0.09,0.05,24000.0,334.90690617408507
0.11,0.05,24000.0,336.3438446375986
0.13,0.05,24000.0,337.4495304762323
0.15,0.05,24000.0,338.2522679610745
0.17,0.05,24000.0,338.77438365297
0.19,0.05,24000.0,339.03143626681987
0.21,0.05,24000.0,339.03143626681987
0.23,0.05,24000.0,338.7743836529701
0.25,0.05,24000.0,338.2522679610746
0.27,0.05,24000.0,337.4495304762324
0.29,0.05,24000.0,336.34384463759864
0.31,0.05,24000.0,334.90690617408507
0.33,0.05,24000.0,333.1047155312468
0.35,0.05,24000.0,330.8965682528512
0.37,0.05,24000.0,328.23177485536047
0.39,0.05,24000.0,325.04464923715835
0.01,0.07,24000.0,325.51935466804684
0.03,0.07,24000.0,329.61715706755933
0.05,0.07,24000.0,333.1047155312469
0.07,0.07,24000.0,336.0264941093479
0.09,0.07,24000.0,338.4273775853476
0.11,0.07,24000.0,340.3500630895392
0.13,0.07,24000.0,341.83387103456266
0.15,0.07,24000.0,342.9133033656504
0.17,0.07,24000.0,343.61633300335177
0.19,0.07,24000.0,343.9627264013992
0.21,0.07,24000.0,343.9627264013992
0.23,0.07,24000.0,343.6163330033517
0.25,0.07,24000.0,342.91330336565045
0.27,0.07,24000.0,341.8338710345628
0.29,0.07,24000.0,340.3500630895392
0.31,0.07,24000.0,338.42737758534764
0.33,0.07,24000.0,336.0264941093478
0.35,0.07,24000.0,333.1047155312468
0.37,0.07,24000.0,329.6171570675593
0.39,0.07,24000.0,325.5193546680469
0.01,0.09,24000.0,325.90143982930294
0.03,0.09,24000.0,330.73950822981067
0.05,0.09,24000.0,334.9069061740851
0.07,0.09,24000.0,338.4273775853477
0.09,0.09,24000.0,341.336717317814
0.11,0.09,24000.0,343.67579349422056
0.13,0.09,24000.0,345.4859645148454
0.15,0.09,24000.0,346.80539597606446
0.17,0.09,24000.0,347.665872623237
0.19,0.09,24000.0,348.09017035931896
0.21,0.09,24000.0,348.09017035931896
0.23,0.09,24000.0,347.6658726232371
0.25,0.09,24000.0,346.8053959760645
0.27,0.09,24000.0,345.48596451484553
0.29,0.09,24000.0,343.67579349422067
0.31,0.09,24000.0,341.3367173178141
0.33,0.09,24000.0,338.4273775853477
0.35,0.09,24000.0,334.90690617408507
0.37,0.09,24000.0,330.73950822981067
0.39,0.09,24000.0,325.9014398293029
0.01,0.11,24000.0,326.2038085355946
0.03,0.11,24000.0,331.6305496813019
0.05,0.11,24000.0,336.34384463759864
0.07,0.11,24000.0,340.3500630895393
0.09,0.11,24000.0,343.67579349422067
0.11,0.11,24000.0,346.3584730202427
0.13,0.11,24000.0,348.4395608205049
0.15,0.11,24000.0,349.9591013036935
0.17,0.11,24000.0,350.95125909513325
0.19,0.11,24000.0,351.4408302054526
0.21,0.11,24000.0,351.4408302054526
0.23,0.11,24000.0,350.95125909513325
0.25,0.11,24000.0,349.9591013036936
0.27,0.11,24000.0,348.439560820505
0.29,0.11,24000.0,346.35847302024274
0.31,0.11,24000.0,343.6757934942207
0.33,0.11,24000.0,340.3500630895392
0.35,0.11,24000.0,336.34384463759864
0.37,0.11,24000.0,331.6305496813019
0.39,0.11,24000.0,326.2038085355946
0.01,0.13,24000.0,326.4354076570193
0.03,0.13,24000.0,332.31432251981346
0.05,0.13,24000.0,337.44953047623244
0.07,0.13,24000.0,341.8338710345628
0.09,0.13,24000.0,345.4859645148455
0.11,0.13,24000.0,348.43956082050494
0.13,0.13,24000.0,350.7352908821574
0.15,0.13,24000.0,352.4139633858438
0.17,0.13,24000.0,353.5111116241884
0.19,0.13,24000.0,354.0528066509272
0.21,0.13,24000.0,354.05280665092715
0.23,0.13,24000.0,353.5111116241884
0.25,0.13,24000.0,352.41396338584383
0.27,0.13,24000.0,350.73529088215747
0.29,0.13,24000.0,348.439560820505
0.31,0.13,24000.0,345.4859645148456
0.33,0.13,24000.0,341.8338710345628
0.35,0.13,24000.0,337.4495304762323
0.37,0.13,24000.0,332.31432251981346
0.39,0.13,24000.0,326.4354076570193
0.01,0.15,24000.0,326.603041968035
0.03,0.15,24000.0,332.80984929182773
0.05,0.15,24000.0,338.25226796107466
0.07,0.15,24000.0,342.9133033656505
0.09,0.15,24000.0,346.8053959760645
0.11,0.15,24000.0,349.9591013036936
0.13,0.15,24000.0,352.4139633858437
0.15,0.15,24000.0,354.21095661965194
0.17,0.15,24000.0,355.38633123866043
0.19,0.15,24000.0,355.9669110607353
0.21,0.15,24000.0,355.9669110607353
0.23,0.15,24000.0,355.38633123866043
0.25,0.15,24000.0,354.210956619652
0.27,0.15,24000.0,352.41396338584383
0.29,0.15,24000.0,349.9591013036936
0.31,0.15,24000.0,346.8053959760646
0.33,0.15,24000.0,342.91330336565045
0.35,0.15,24000.0,338.2522679610746
0.37,0.15,24000.0,332.8098492918277
0.39,0.15,24000.0,326.603041968035
0.01,0.17,24000.0,326.71185643224493
0.03,0.17,24000.0,333.13176355308246
0.05,0.17,24000.0,338.77438365297
0.07,0.17,24000.0,343.61633300335177
0.09,0.17,24000.0,347.665872623237
0.11,0.17,24000.0,350.95125909513325
0.13,0.17,24000.0,353.51111162418835
0.15,0.17,24000.0,355.38633123866043
0.17,0.17,24000.0,356.613501685675
0.19,0.17,24000.0,357.2198514046525
0.21,0.17,24000.0,357.21985140465256
0.23,0.17,24000.0,356.61350168567503
0.25,0.17,24000.0,355.38633123866043
0.27,0.17,24000.0,353.51111162418846
0.29,0.17,24000.0,350.9512590951333
0.31,0.17,24000.0,347.6658726232371
0.33,0.17,24000.0,343.6163330033518
0.35,0.17,24000.0,338.77438365297
0.37,0.17,24000.0,333.1317635530824
0.39,0.17,24000.0,326.7118564322449
0.01,0.19,24000.0,326.7653664870124
0.03,0.19,24000.0,333.2901408956359
0.05,0.19,24000.0,339.03143626681987
0.07,0.19,24000.0,343.96272640139915
0.09,0.19,24000.0,348.0901703593189
0.11,0.19,24000.0,351.4408302054526
0.13,0.19,24000.0,354.0528066509272
0.15,0.19,24000.0,355.96691106073536
0.17,0.19,24000.0,357.21985140465256
0.19,0.19,24000.0,357.8390293721018
0.21,0.19,24000.0,357.8390293721018
0.23,0.19,24000.0,357.2198514046525
0.25,0.19,24000.0,355.96691106073536
0.27,0.19,24000.0,354.0528066509272
0.29,0.19,24000.0,351.4408302054527
0.31,0.19,24000.0,348.090170359319
0.33,0.19,24000.0,343.9627264013992
0.35,0.19,24000.0,339.03143626681987
0.37,0.19,24000.0,333.29014089563583
0.39,0.19,24000.0,326.7653664870124
0.01,0.21,24000.0,326.7653664870124
0.03,0.21,24000.0,333.2901408956359
0.05,0.21,24000.0,339.03143626681987
0.07,0.21,24000.0,343.9627264013992
0.09,0.21,24000.0,348.0901703593189
0.11,0.21,24000.0,351.4408302054526
0.13,0.21,24000.0,354.0528066509272
0.15,0.21,24000.0,355.96691106073536
0.17,0.21,24000.0,357.21985140465256
0.19,0.21,24000.0,357.8390293721018
0.21,0.21,24000.0,357.8390293721018
0.23,0.21,24000.0,357.21985140465256
0.25,0.21,24000.0,355.96691106073536
0.27,0.21,24000.0,354.0528066509272
0.29,0.21,24000.0,351.4408302054527
0.31,0.21,24000.0,348.090170359319
0.33,0.21,24000.0,343.9627264013992
0.35,0.21,24000.0,339.0314362668199
0.37,0.21,24000.0,333.2901408956359
0.39,0.21,24000.0,326.7653664870124
0.01,0.23,24000.0,326.711856432245
0.03,0.23,24000.0,333.1317635530825
0.05,0.23,24000.0,338.7743836529701
0.07,0.23,24000.0,343.6163330033518
0.09,0.23,24000.0,347.6658726232371
0.11,0.23,24000.0,350.95125909513325
0.13,0.23,24000.0,353.51111162418846
0.15,0.23,24000.0,355.38633123866043
0.17,0.23,24000.0,356.61350168567503
0.19,0.23,24000.0,357.21985140465256
0.21,0.23,24000.0,357.21985140465256
0.23,0.23,24000.0,356.613501685675
0.25,0.23,24000.0,355.38633123866043
0.27,0.23,24000.0,353.5111116241884
0.29,0.23,24000.0,350.95125909513325
0.31,0.23,24000.0,347.6658726232371
0.33,0.23,24000.0,343.6163330033518
0.35,0.23,24000.0,338.7743836529701
0.37,0.23,24000.0,333.13176355308246
0.39,0.23,24000.0,326.71185643224493
0.01,0.25,24000.0,326.60304196803503
0.03,0.25,24000.0,332.80984929182773
0.05,0.25,24000.0,338.25226796107466
0.07,0.25,24000.0,342.9133033656505
0.09,0.25,24000.0,346.8053959760645
0.11,0.25,24000.0,349.9591013036936
0.13,0.25,24000.0,352.41396338584383
0.15,0.25,24000.0,354.21095661965194
0.17,0.25,24000.0,355.38633123866043
0.19,0.25,24000.0,355.9669110607353
0.21,0.25,24000.0,355.9669110607353
0.23,0.25,24000.0,355.38633123866043
0.25,0.25,24000.0,354.21095661965194
0.27,0.25,24000.0,352.4139633858438
0.29,0.25,24000.0,349.9591013036936
0.31,0.25,24000.0,346.8053959760646
0.33,0.25,24000.0,342.91330336565056
0.35,0.25,24000.0,338.25226796107466
0.37,0.25,24000.0,332.80984929182773
0.39,0.25,24000.0,326.603041968035
0.01,0.27,24000.0,326.43540765701937
0.03,0.27,24000.0,332.3143225198135
0.05,0.27,24000.0,337.44953047623244
0.07,0.27,24000.0,341.8338710345628
0.09,0.27,24000.0,345.48596451484553
0.11,0.27,24000.0,348.43956082050494
0.13,0.27,24000.0,350.73529088215747
0.15,0.27,24000.0,352.4139633858437
0.17,0.27,24000.0,353.5111116241884
0.19,0.27,24000.0,354.05280665092715
0.21,0.27,24000.0,354.05280665092715
0.23,0.27,24000.0,353.5111116241884
0.25,0.27,24000.0,352.41396338584383
0.27,0.27,24000.0,350.73529088215747
0.29,0.27,24000.0,348.439560820505
0.31,0.27,24000.0,345.4859645148456
0.33,0.27,24000.0,341.8338710345628
0.35,0.27,24000.0,337.4495304762325
0.37,0.27,24000.0,332.3143225198136
0.39,0.27,24000.0,326.43540765701937
0.01,0.29,24000.0,326.2038085355946
0.03,0.29,24000.0,331.63054968130194
0.05,0.29,24000.0,336.3438446375987
0.07,0.29,24000.0,340.3500630895392
0.09,0.29,24000.0,343.67579349422067
0.11,0.29,24000.0,346.35847302024274
0.13,0.29,24000.0,348.43956082050494
0.15,0.29,24000.0,349.9591013036935
0.17,0.29,24000.0,350.95125909513325
0.19,0.29,24000.0,351.4408302054526
0.21,0.29,24000.0,351.44083020545264
0.23,0.29,24000.0,350.9512590951333
0.25,0.29,24000.0,349.9591013036936
0.27,0.29,24000.0,348.439560820505
0.29,0.29,24000.0,346.3584730202428
0.31,0.29,24000.0,343.67579349422067
0.33,0.29,24000.0,340.3500630895393
0.35,0.29,24000.0,336.3438446375987
0.37,0.29,24000.0,331.63054968130194
0.39,0.29,24000.0,326.20380853559465
0.01,0.31,24000.0,325.90143982930294
0.03,0.31,24000.0,330.7395082298107
0.05,0.31,24000.0,334.90690617408507
0.07,0.31,24000.0,338.4273775853477
0.09,0.31,24000.0,341.336717317814
0.11,0.31,24000.0,343.67579349422067
0.13,0.31,24000.0,345.4859645148455
0.15,0.31,24000.0,346.8053959760645
0.17,0.31,24000.0,347.6658726232371
0.19,0.31,24000.0,348.09017035931896
0.21,0.31,24000.0,348.09017035931896
0.23,0.31,24000.0,347.665872623237
0.25,0.31,24000.0,346.8053959760645
0.27,0.31,24000.0,345.48596451484553
0.29,0.31,24000.0,343.67579349422067
0.31,0.31,24000.0,341.3367173178141
0.33,0.31,24000.0,338.4273775853477
0.35,0.31,24000.0,334.9069061740851
0.37,0.31,24000.0,330.7395082298108
0.39,0.31,24000.0,325.9014398293029
0.01,0.33,24000.0,325.5193546680469
0.03,0.33,24000.0,329.61715706755933
0.05,0.33,24000.0,333.1047155312468
0.07,0.33,24000.0,336.0264941093479
0.09,0.33,24000.0,338.4273775853477
0.11,0.33,24000.0,340.3500630895393
0.13,0.33,24000.0,341.8338710345627
0.15,0.33,24000.0,342.91330336565045
0.17,0.33,24000.0,343.61633300335177
0.19,0.33,24000.0,343.9627264013992
0.21,0.33,24000.0,343.96272640139915
0.23,0.33,24000.0,343.6163330033517
0.25,0.33,24000.0,342.9133033656505
0.27,0.33,24000.0,341.8338710345628
0.29,0.33,24000.0,340.3500630895392
0.31,0.33,24000.0,338.4273775853477
0.33,0.33,24000.0,336.02649410934794
0.35,0.33,24000.0,333.1047155312468
0.37,0.33,24000.0,329.61715706755933
0.39,0.33,24000.0,325.5193546680469
0.01,0.35,24000.0,325.04464923715835
0.03,0.35,24000.0,328.2317748553605
0.05,0.35,24000.0,330.8965682528512
0.07,0.35,24000.0,333.1047155312468
0.09,0.35,24000.0,334.9069061740851
0.11,0.35,24000.0,336.34384463759864
0.13,0.35,24000.0,337.44953047623244
0.15,0.35,24000.0,338.25226796107466
0.17,0.35,24000.0,338.7743836529701
0.19,0.35,24000.0,339.03143626681987
0.21,0.35,24000.0,339.03143626681987
0.23,0.35,24000.0,338.77438365297
0.25,0.35,24000.0,338.2522679610746
0.27,0.35,24000.0,337.44953047623244
0.29,0.35,24000.0,336.3438446375987
0.31,0.35,24000.0,334.9069061740852
0.33,0.35,24000.0,333.1047155312469
0.35,0.35,24000.0,330.89656825285124
0.37,0.35,24000.0,328.2317748553605
0.39,0.35,24000.0,325.04464923715835
0.01,0.37,24000.0,324.4545171108141
0.03,0.37,24000.0,326.5367716761091
0.05,0.37,24000.0,328.23177485536047
0.07,0.37,24000.0,329.61715706755933
0.09,0.37,24000.0,330.7395082298107
0.11,0.37,24000.0,331.63054968130194
0.13,0.37,24000.0,332.3143225198135
0.15,0.37,24000.0,332.80984929182773
0.17,0.37,24000.0,333.13176355308246
0.19,0.37,24000.0,333.2901408956359
0.21,0.37,24000.0,333.29014089563583
0.23,0.37,24000.0,333.13176355308246
0.25,0.37,24000.0,332.80984929182773
0.27,0.37,24000.0,332.3143225198135
0.29,0.37,24000.0,331.6305496813019
0.31,0.37,24000.0,330.7395082298108
0.33,0.37,24000.0,329.6171570675594
0.35,0.37,24000.0,328.2317748553606
0.37,0.37,24000.0,326.53677167610914
0.39,0.37,24000.0,324.4545171108142
0.01,0.39,24000.0,323.69566945522826
0.03,0.39,24000.0,324.4545171108141
0.05,0.39,24000.0,325.04464923715835
0.07,0.39,24000.0,325.51935466804684
0.09,0.39,24000.0,325.90143982930294
0.11,0.39,24000.0,326.2038085355946
0.13,0.39,24000.0,326.4354076570193
0.15,0.39,24000.0,326.603041968035
0.17,0.39,24000.0,326.71185643224493
0.19,0.39,24000.0,326.7653664870124
0.21,0.39,24000.0,326.7653664870124
0.23,0.39,24000.0,326.71185643224493
0.25,0.39,24000.0,326.603041968035
0.27,0.39,24000.0,326.4354076570193
0.29,0.39,24000.0,326.2038085355946
0.31,0.39,24000.0,325.9014398293029
0.33,0.39,24000.0,325.5193546680469
0.35,0.39,24000.0,325.04464923715835
0.37,0.39,24000.0,324.4545171108142
0.39,0.39,24000.0,323.6956694552283
0.01,0.01,25846.153846153848,323.6579967213178
0.03,0.01,25846.153846153848,324.37236323105554
0.05,0.01,25846.153846153848,324.93407911992784
0.07,0.01,25846.153846153848,325.39102086668254
0.09,0.01,25846.153846153848,325.7630156915863
0.11,0.01,25846.153846153848,326.06072632941726
0.13,0.01,25846.153846153848,326.29118474260764
0.15,0.01,25846.153846153848,326.4595499566559
0.17,0.01,25846.153846153848,326.56963900986625
0.19,0.01,25846.153846153848,326.62402945272487
0.21,0.01,25846.153846153848,326.62402945272487
0.23,0.01,25846.153846153848,326.56963900986625
0.25,0.01,25846.153846153848,326.459549956656
0.27,0.01,25846.153846153848,326.2911847426077
0.29,0.01,25846.153846153848,326.0607263294173
0.31,0.01,25846.153846153848,325.7630156915864
0.33,0.01,25846.153846153848,325.39102086668254
0.35,0.01,25846.153846153848,324.93407911992784
0.37,0.01,25846.153846153848,324.37236323105554
0.39,0.01,25846.153846153848,323.6579967213178
0.01,0.03,25846.153846153848,324.37236323105554
0.03,0.03,25846.153846153848,326.33961483820616
0.05,0.03,25846.153846153848,327.9564863042018
0.07,0.03,25846.153846153848,329.2919411994273
0.09,0.03,25846.153846153848,330.38572126719407
0.11,0.03,25846.153846153848,331.2635824530778
0.13,0.03,25846.153846153848,331.94420417106
0.15,0.03,25846.153846153848,332.44192035380064
0.17,0.03,25846.153846153848,332.76755744355177
0.19,0.03,25846.153846153848,332.9284955294032
0.21,0.03,25846.153846153848,332.9284955294032
0.23,0.03,25846.153846153848,332.7675574435518
0.25,0.03,25846.153846153848,332.4419203538007
0.27,0.03,25846.153846153848,331.94420417106
0.29,0.03,25846.153846153848,331.26358245307785
0.31,0.03,25846.153846153848,330.3857212671941
0.33,0.03,25846.153846153848,329.2919411994273
0.35,0.03,25846.153846153848,327.9564863042018
0.37,0.03,25846.153846153848,326.33961483820616
0.39,0.03,25846.153846153848,324.37236323105554
0.01,0.05,25846.153846153848,324.93407911992784
0.03,0.05,25846.153846153848,327.9564863042018
0.05,0.05,25846.153846153848,330.5058611863164
0.07,0.05,25846.153846153848,332.6392652422775
0.09,0.05,25846.153846153848,334.398632156959
0.11,0.05,25846.153846153848,335.81611366271284
0.13,0.05,25846.153846153848,336.91763636074177
0.15,0.05,25846.153846153848,337.7243049614413
0.17,0.05,25846.153846153848,338.2525547799113
0.19,0.05,25846.153846153848,338.5137610102442
0.21,0.05,25846.153846153848,338.5137610102442
0.23,0.05,25846.153846153848,338.2525547799113
0.25,0.05,25846.153846153848,337.72430496144136
0.27,0.05,25846.153846153848,336.9176363607418
0.29,0.05,25846.153846153848,335.8161136627129
0.31,0.05,25846.153846153848,334.398632156959
0.33,0.05,25846.153846153848,332.6392652422776
0.35,0.05,25846.153846153848,330.5058611863164
0.37,0.05,25846.153846153848,327.9564863042018
0.39,0.05,25846.153846153848,324.93407911992784
0.01,0.07,25846.153846153848,325.39102086668254
0.03,0.07,25846.153846153848,329.2919411994273
0.05,0.07,25846.153846153848,332.6392652422775
0.07,0.07,25846.153846153848,335.4697381638234
0.09,0.07,25846.153846153848,337.8186748880125
0.11,0.07,25846.153846153848,339.7185349920687
0.13,0.07,25846.153846153848,341.1985845991133
0.15,0.07,25846.153846153848,342.2842060654628
0.17,0.07,25846.153846153848,342.9958570272641
0.19,0.07,25846.153846153848,343.34795234835514
0.21,0.07,25846.153846153848,343.34795234835514
0.23,0.07,25846.153846153848,342.9958570272641
0.25,0.07,25846.153846153848,342.28420606546285
0.27,0.07,25846.153846153848,341.1985845991134
0.29,0.07,25846.153846153848,339.7185349920688
0.31,0.07,25846.153846153848,337.81867488801254
0.33,0.07,25846.153846153848,335.4697381638235
0.35,0.07,25846.153846153848,332.6392652422776
0.37,0.07,25846.153846153848,329.2919411994273
0.39,0.07,25846.153846153848,325.39102086668254
0.01,0.09,25846.153846153848,325.7630156915863
0.03,0.09,25846.153846153848,330.3857212671941
0.05,0.09,25846.153846153848,334.3986321569591
0.07,0.09,25846.153846153848,337.8186748880126
0.09,0.09,25846.153846153848,340.6717473106952
0.11,0.09,25846.153846153848,342.9874180735188
0.13,0.09,25846.153846153848,344.79562180793823
0.15,0.09,25846.153846153848,346.1240223384553
0.17,0.09,25846.153846153848,346.995698729534
0.19,0.09,25846.153846153848,347.4272130389724
0.21,0.09,25846.153846153848,347.42721303897247
0.23,0.09,25846.153846153848,346.995698729534
0.25,0.09,25846.153846153848,346.12402233845535
0.27,0.09,25846.153846153848,344.79562180793823
0.29,0.09,25846.153846153848,342.9874180735188
0.31,0.09,25846.153846153848,340.6717473106952
0.33,0.09,25846.153846153848,337.8186748880126
0.35,0.09,25846.153846153848,334.3986321569591
0.37,0.09,25846.153846153848,330.38572126719407
0.39,0.09,25846.153846153848,325.7630156915863
0.01,0.11,25846.153846153848,326.06072632941726
0.03,0.11,25846.153846153848,331.26358245307785
0.05,0.11,25846.153846153848,335.81611366271284
0.07,0.11,25846.153846153848,339.7185349920688
0.09,0.11,25846.153846153848,342.9874180735188
0.11,0.11,25846.153846153848,345.6482548674546
0.13,0.11,25846.153846153848,347.7301785120395
0.15,0.11,25846.153846153848,349.26178859318907
0.17,0.11,25846.153846153848,350.26771914583395
0.19,0.11,25846.153846153848,350.765950934554
0.21,0.11,25846.153846153848,350.765950934554
0.23,0.11,25846.153846153848,350.267719145834
0.25,0.11,25846.153846153848,349.2617885931891
0.27,0.11,25846.153846153848,347.7301785120395
0.29,0.11,25846.153846153848,345.6482548674547
0.31,0.11,25846.153846153848,342.9874180735188
0.33,0.11,25846.153846153848,339.7185349920688
0.35,0.11,25846.153846153848,335.8161136627129
0.37,0.11,25846.153846153848,331.2635824530778
0.39,0.11,25846.153846153848,326.0607263294172
0.01,0.13,25846.153846153848,326.2911847426077
0.03,0.13,25846.153846153848,331.94420417106
0.05,0.13,25846.153846153848,336.9176363607419
0.07,0.13,25846.153846153848,341.1985845991135
0.09,0.13,25846.153846153848,344.79562180793823
0.11,0.13,25846.153846153848,347.7301785120395
0.13,0.13,25846.153846153848,350.0299961688906
0.15,0.13,25846.153846153848,351.7238313458328
0.17,0.13,25846.153846153848,352.8371476135656
0.19,0.13,25846.153846153848,353.3888049639545
0.21,0.13,25846.153846153848,353.3888049639545
0.23,0.13,25846.153846153848,352.83714761356566
0.25,0.13,25846.153846153848,351.7238313458328
0.27,0.13,25846.153846153848,350.02999616889053
0.29,0.13,25846.153846153848,347.7301785120395
0.31,0.13,25846.153846153848,344.79562180793823
0.33,0.13,25846.153846153848,341.1985845991134
0.35,0.13,25846.153846153848,336.91763636074177
0.37,0.13,25846.153846153848,331.94420417106
0.39,0.13,25846.153846153848,326.29118474260764
0.01,0.15,25846.153846153848,326.4595499566559
0.03,0.15,25846.153846153848,332.44192035380075
0.05,0.15,25846.153846153848,337.7243049614414
0.07,0.15,25846.153846153848,342.2842060654629
0.09,0.15,25846.153846153848,346.1240223384554
0.11,0.15,25846.153846153848,349.2617885931891
0.13,0.15,25846.153846153848,351.7238313458328
0.15,0.15,25846.153846153848,353.5387079574894
0.17,0.15,25846.153846153848,354.73226968120593
0.19,0.15,25846.153846153848,355.3238856065466
0.21,0.15,25846.153846153848,355.3238856065466
0.23,0.15,25846.153846153848,354.73226968120593
0.25,0.15,25846.153846153848,353.5387079574893
0.27,0.15,25846.153846153848,351.7238313458328
0.29,0.15,25846.153846153848,349.2617885931891
0.31,0.15,25846.153846153848,346.12402233845535
0.33,0.15,25846.153846153848,342.28420606546285
0.35,0.15,25846.153846153848,337.72430496144136
0.37,0.15,25846.153846153848,332.44192035380064
0.39,0.15,25846.153846153848,326.4595499566559
0.01,0.17,25846.153846153848,326.5696390098663
0.03,0.17,25846.153846153848,332.7675574435519
0.05,0.17,25846.153846153848,338.25255477991146
0.07,0.17,25846.153846153848,342.9958570272641
0.09,0.17,25846.153846153848,346.99569872953407
0.11,0.17,25846.153846153848,350.267719145834
0.13,0.17,25846.153846153848,352.83714761356566
0.15,0.17,25846.153846153848,354.73226968120593
0.17,0.17,25846.153846153848,355.9790879215801
0.19,0.17,25846.153846153848,356.5972400688023
0.21,0.17,25846.153846153848,356.5972400688023
0.23,0.17,25846.153846153848,355.9790879215802
0.25,0.17,25846.153846153848,354.73226968120593
0.27,0.17,25846.153846153848,352.8371476135657
0.29,0.17,25846.153846153848,350.26771914583406
0.31,0.17,25846.153846153848,346.99569872953407
0.33,0.17,25846.153846153848,342.9958570272641
0.35,0.17,25846.153846153848,338.2525547799113
0.37,0.17,25846.153846153848,332.76755744355177
0.39,0.17,25846.153846153848,326.5696390098662
0.01,0.19,25846.153846153848,326.6240294527249
0.03,0.19,25846.153846153848,332.9284955294033
0.05,0.19,25846.153846153848,338.5137610102444
0.07,0.19,25846.153846153848,343.3479523483552
0.09,0.19,25846.153846153848,347.42721303897247
0.11,0.19,25846.153846153848,350.765950934554
0.13,0.19,25846.153846153848,353.3888049639545
0.15,0.19,25846.153846153848,355.32388560654664
0.17,0.19,25846.153846153848,356.5972400688023
0.19,0.19,25846.153846153848,357.2286195078746
0.21,0.19,25846.153846153848,357.2286195078746
0.23,0.19,25846.153846153848,356.5972400688023
0.25,0.19,25846.153846153848,355.3238856065466
0.27,0.19,25846.153846153848,353.38880496395456
0.29,0.19,25846.153846153848,350.76595093455404
0.31,0.19,25846.153846153848,347.42721303897247
0.33,0.19,25846.153846153848,343.3479523483552
0.35,0.19,25846.153846153848,338.5137610102442
0.37,0.19,25846.153846153848,332.9284955294032
0.39,0.19,25846.153846153848,326.62402945272487
0.01,0.21,25846.153846153848,326.6240294527249
0.03,0.21,25846.153846153848,332.9284955294033
0.05,0.21,25846.153846153848,338.5137610102443
0.07,0.21,25846.153846153848,343.34795234835525
0.09,0.21,25846.153846153848,347.42721303897247
0.11,0.21,25846.153846153848,350.76595093455404
0.13,0.21,25846.153846153848,353.3888049639545
0.15,0.21,25846.153846153848,355.32388560654664
0.17,0.21,25846.153846153848,356.5972400688024
0.19,0.21,25846.153846153848,357.22861950787467
0.21,0.21,25846.153846153848,357.22861950787467
0.23,0.21,25846.153846153848,356.5972400688023
0.25,0.21,25846.153846153848,355.32388560654664
0.27,0.21,25846.153846153848,353.3888049639545
0.29,0.21,25846.153846153848,350.765950934554
0.31,0.21,25846.153846153848,347.42721303897247
0.33,0.21,25846.153846153848,343.3479523483552
0.35,0.21,25846.153846153848,338.51376101024425
0.37,0.21,25846.153846153848,332.9284955294032
0.39,0.21,25846.153846153848,326.62402945272487
0.01,0.23,25846.153846153848,326.5696390098663
0.03,0.23,25846.153846153848,332.7675574435519
0.05,0.23,25846.153846153848,338.2525547799114
0.07,0.23,25846.153846153848,342.9958570272641
0.09,0.23,25846.153846153848,346.99569872953407
0.11,0.23,25846.153846153848,350.267719145834
0.13,0.23,25846.153846153848,352.83714761356566
0.15,0.23,25846.153846153848,354.732269681206
0.17,0.23,25846.153846153848,355.97908792158023
0.19,0.23,25846.153846153848,356.5972400688024
0.21,0.23,25846.153846153848,356.5972400688024
0.23,0.23,25846.153846153848,355.97908792158023
0.25,0.23,25846.153846153848,354.73226968120593
0.27,0.23,25846.153846153848,352.83714761356566
0.29,0.23,25846.153846153848,350.267719145834
0.31,0.23,25846.153846153848,346.99569872953407
0.33,0.23,25846.153846153848,342.9958570272641
0.35,0.23,25846.153846153848,338.2525547799114
0.37,0.23,25846.153846153848,332.76755744355177
0.39,0.23,25846.153846153848,326.5696390098662
0.01,0.25,25846.153846153848,326.459549956656
0.03,0.25,25846.153846153848,332.44192035380075
0.05,0.25,25846.153846153848,337.72430496144136
0.07,0.25,25846.153846153848,342.28420606546285
0.09,0.25,25846.153846153848,346.1240223384553
0.11,0.25,25846.153846153848,349.2617885931891
0.13,0.25,25846.153846153848,351.7238313458328
0.15,0.25,25846.153846153848,353.5387079574894
0.17,0.25,25846.153846153848,354.732269681206
0.19,0.25,25846.153846153848,355.32388560654664
0.21,0.25,25846.153846153848,355.32388560654664
0.23,0.25,25846.153846153848,354.732269681206
0.25,0.25,25846.153846153848,353.5387079574894
0.27,0.25,25846.153846153848,351.7238313458328
0.29,0.25,25846.153846153848,349.2617885931891
0.31,0.25,25846.153846153848,346.12402233845535
0.33,0.25,25846.153846153848,342.28420606546285
0.35,0.25,25846.153846153848,337.7243049614414
0.37,0.25,25846.153846153848,332.4419203538007
0.39,0.25,25846.153846153848,326.4595499566559
0.01,0.27,25846.153846153848,326.29118474260764
0.03,0.27,25846.153846153848,331.94420417106
0.05,0.27,25846.153846153848,336.9176363607419
0.07,0.27,25846.153846153848,341.1985845991134
0.09,0.27,25846.153846153848,344.7956218079382
0.11,0.27,25846.153846153848,347.73017851203946
0.13,0.27,25846.153846153848,350.02999616889053
0.15,0.27,25846.153846153848,351.7238313458328
0.17,0.27,25846.153846153848,352.83714761356566
0.19,0.27,25846.153846153848,353.3888049639545
0.21,0.27,25846.153846153848,353.3888049639545
0.23,0.27,25846.153846153848,352.83714761356566
0.25,0.27,25846.153846153848,351.7238313458329
0.27,0.27,25846.153846153848,350.0299961688906
0.29,0.27,25846.153846153848,347.7301785120395
0.31,0.27,25846.153846153848,344.7956218079383
0.33,0.27,25846.153846153848,341.1985845991134
0.35,0.27,25846.153846153848,336.9176363607418
0.37,0.27,25846.153846153848,331.94420417106
0.39,0.27,25846.153846153848,326.29118474260764
0.01,0.29,25846.153846153848,326.0607263294173
0.03,0.29,25846.153846153848,331.2635824530779
0.05,0.29,25846.153846153848,335.8161136627129
0.07,0.29,25846.153846153848,339.71853499206884
0.09,0.29,25846.153846153848,342.9874180735188
0.11,0.29,25846.153846153848,345.6482548674547
0.13,0.29,25846.153846153848,347.73017851203946
0.15,0.29,25846.153846153848,349.2617885931891
0.17,0.29,25846.153846153848,350.267719145834
0.19,0.29,25846.153846153848,350.765950934554
0.21,0.29,25846.153846153848,350.765950934554
0.23,0.29,25846.153846153848,350.267719145834
0.25,0.29,25846.153846153848,349.2617885931891
0.27,0.29,25846.153846153848,347.7301785120395
0.29,0.29,25846.153846153848,345.64825486745474
0.31,0.29,25846.153846153848,342.9874180735189
0.33,0.29,25846.153846153848,339.71853499206884
0.35,0.29,25846.153846153848,335.8161136627129
0.37,0.29,25846.153846153848,331.26358245307785
0.39,0.29,25846.153846153848,326.06072632941726
0.01,0.31,25846.153846153848,325.7630156915864
0.03,0.31,25846.153846153848,330.3857212671941
0.05,0.31,25846.153846153848,334.3986321569591
0.07,0.31,25846.153846153848,337.8186748880126
0.09,0.31,25846.153846153848,340.6717473106953
0.11,0.31,25846.153846153848,342.9874180735188
0.13,0.31,25846.153846153848,344.79562180793823
0.15,0.31,25846.153846153848,346.12402233845535
0.17,0.31,25846.153846153848,346.99569872953407
0.19,0.31,25846.153846153848,347.42721303897247
0.21,0.31,25846.153846153848,347.42721303897247
0.23,0.31,25846.153846153848,346.995698729534
0.25,0.31,25846.153846153848,346.12402233845535
0.27,0.31,25846.153846153848,344.79562180793823
0.29,0.31,25846.153846153848,342.9874180735189
0.31,0.31,25846.153846153848,340.6717473106953
0.33,0.31,25846.153846153848,337.81867488801265
0.35,0.31,25846.153846153848,334.3986321569591
0.37,0.31,25846.153846153848,330.3857212671941
0.39,0.31,25846.153846153848,325.7630156915863
0.01,0.33,25846.153846153848,325.3910208666826
0.03,0.33,25846.153846153848,329.2919411994273
0.05,0.33,25846.153846153848,332.6392652422776
0.07,0.33,25846.153846153848,335.46973816382354
0.09,0.33,25846.153846153848,337.8186748880126
0.11,0.33,25846.153846153848,339.71853499206884
0.13,0.33,25846.153846153848,341.1985845991134
0.15,0.33,25846.153846153848,342.2842060654629
0.17,0.33,25846.153846153848,342.9958570272642
0.19,0.33,25846.153846153848,343.34795234835525
0.21,0.33,25846.153846153848,343.3479523483552
0.23,0.33,25846.153846153848,342.9958570272641
0.25,0.33,25846.153846153848,342.28420606546285
0.27,0.33,25846.153846153848,341.1985845991134
0.29,0.33,25846.153846153848,339.7185349920689
0.31,0.33,25846.153846153848,337.81867488801265
0.33,0.33,25846.153846153848,335.46973816382354
0.35,0.33,25846.153846153848,332.6392652422776
0.37,0.33,25846.153846153848,329.29194119942736
0.39,0.33,25846.153846153848,325.39102086668254
0.01,0.35,25846.153846153848,324.93407911992784
0.03,0.35,25846.153846153848,327.9564863042018
0.05,0.35,25846.153846153848,330.50586118631634
0.07,0.35,25846.153846153848,332.6392652422776
0.09,0.35,25846.153846153848,334.3986321569591
0.11,0.35,25846.153846153848,335.8161136627129
0.13,0.35,25846.153846153848,336.9176363607418
0.15,0.35,25846.153846153848,337.7243049614415
0.17,0.35,25846.153846153848,338.2525547799115
0.19,0.35,25846.153846153848,338.5137610102444
0.21,0.35,25846.153846153848,338.5137610102443
0.23,0.35,25846.153846153848,338.2525547799114
0.25,0.35,25846.153846153848,337.7243049614414
0.27,0.35,25846.153846153848,336.9176363607418
0.29,0.35,25846.153846153848,335.8161136627129
0.31,0.35,25846.153846153848,334.39863215695914
0.33,0.35,25846.153846153848,332.6392652422776
0.35,0.35,25846.153846153848,330.5058611863164
0.37,0.35,25846.153846153848,327.95648630420186
0.39,0.35,25846.153846153848,324.9340791199279
0.01,0.37,25846.153846153848,324.37236323105554
0.03,0.37,25846.153846153848,326.33961483820616
0.05,0.37,25846.153846153848,327.9564863042018
0.07,0.37,25846.153846153848,329.2919411994273
0.09,0.37,25846.153846153848,330.3857212671941
0.11,0.37,25846.153846153848,331.2635824530779
0.13,0.37,25846.153846153848,331.94420417106
0.15,0.37,25846.153846153848,332.44192035380075
0.17,0.37,25846.153846153848,332.7675574435519
0.19,0.37,25846.153846153848,332.9284955294033
0.21,0.37,25846.153846153848,332.9284955294032
0.23,0.37,25846.153846153848,332.7675574435518
0.25,0.37,25846.153846153848,332.44192035380075
0.27,0.37,25846.153846153848,331.94420417106005
0.29,0.37,25846.153846153848,331.26358245307785
0.31,0.37,25846.153846153848,330.3857212671942
0.33,0.37,25846.153846153848,329.29194119942736
0.35,0.37,25846.153846153848,327.95648630420186
0.37,0.37,25846.153846153848,326.3396148382062
0.39,0.37,25846.153846153848,324.37236323105554
0.01,0.39,25846.153846153848,323.6579967213178
0.03,0.39,25846.153846153848,324.37236323105554
0.05,0.39,25846.153846153848,324.93407911992784
0.07,0.39,25846.153846153848,325.39102086668254
0.09,0.39,25846.153846153848,325.7630156915864
0.11,0.39,25846.153846153848,326.06072632941726
0.13,0.39,25846.153846153848,326.2911847426077
0.15,0.39,25846.153846153848,326.4595499566559
0.17,0.39,25846.153846153848,326.56963900986625
0.19,0.39,25846.153846153848,326.62402945272487
0.21,0.39,25846.153846153848,326.62402945272487
0.23,0.39,25846.153846153848,326.56963900986625
0.25,0.39,25846.153846153848,326.4595499566559
0.27,0.39,25846.153846153848,326.29118474260764
0.29,0.39,25846.153846153848,326.06072632941726
0.31,0.39,25846.153846153848,325.7630156915863
0.33,0.39,25846.153846153848,325.39102086668254
0.35,0.39,25846.153846153848,324.9340791199279
0.37,0.39,25846.153846153848,324.37236323105554
0.39,0.39,25846.153846153848,323.65799672131783
0.01,0.01,27692.30769230769,323.6236294488804
0.03,0.01,27692.30769230769,324.2954393565279
0.05,0.01,27692.30769230769,324.8281910897743
0.07,0.01,27692.30769230769,325.2652658965233
0.09,0.01,27692.30769230769,325.6241156080137
0.11,0.01,27692.30769230769,325.9136780786901
0.13,0.01,27692.30769230769,326.13954121642774
0.15,0.01,27692.30769230769,326.3056359008657
0.17,0.01,27692.30769230769,326.41479363976964
0.19,0.01,27692.30769230769,326.46889801692214
0.21,0.01,27692.30769230769,326.46889801692214
0.23,0.01,27692.30769230769,326.4147936397697
0.25,0.01,27692.30769230769,326.3056359008658
0.27,0.01,27692.30769230769,326.13954121642786
0.29,0.01,27692.30769230769,325.9136780786901
0.31,0.01,27692.30769230769,325.62411560801377
0.33,0.01,27692.30769230769,325.26526589652326
0.35,0.01,27692.30769230769,324.8281910897743
0.37,0.01,27692.30769230769,324.2954393565279
0.39,0.01,27692.30769230769,323.6236294488804
0.01,0.03,27692.30769230769,324.2954393565279
0.03,0.03,27692.30769230769,326.1506404562597
0.05,0.03,27692.30769230769,327.6867196522703
0.07,0.03,27692.30769230769,328.9655740516908
0.09,0.03,27692.30769230769,330.02156828633593
0.11,0.03,27692.30769230769,330.8758957409554
0.13,0.03,27692.30769230769,331.54319676967395
0.15,0.03,27692.30769230769,332.03430284043213
0.17,0.03,27692.30769230769,332.35721021203955
0.19,0.03,27692.30769230769,332.5173009746951
0.21,0.03,27692.30769230769,332.5173009746951
0.23,0.03,27692.30769230769,332.3572102120396
0.25,0.03,27692.30769230769,332.03430284043225
0.27,0.03,27692.30769230769,331.54319676967407
0.29,0.03,27692.30769230769,330.87589574095546
0.31,0.03,27692.30769230769,330.021568286336
0.33,0.03,27692.30769230769,328.96557405169085
0.35,0.03,27692.30769230769,327.6867196522703
0.37,0.03,27692.30769230769,326.1506404562597
0.39,0.03,27692.30769230769,324.2954393565279
0.01,0.05,27692.30769230769,324.8281910897743
0.03,0.05,27692.30769230769,327.6867196522703
0.05,0.05,27692.30769230769,330.1141957733473
0.07,0.05,27692.30769230769,332.1608448152703
0.09,0.05,27692.30769230769,333.86184467031217
0.11,0.05,27692.30769230769,335.2428503570034
0.13,0.05,27692.30769230769,336.3237108761128
0.15,0.05,27692.30769230769,337.1201401102421
0.17,0.05,27692.30769230769,337.64417789961493
0.19,0.05,27692.30769230769,337.90408565563564
0.21,0.05,27692.30769230769,337.9040856556357
0.23,0.05,27692.30769230769,337.644177899615
0.25,0.05,27692.30769230769,337.12014011024223
0.27,0.05,27692.30769230769,336.3237108761129
0.29,0.05,27692.30769230769,335.2428503570035
0.31,0.05,27692.30769230769,333.8618446703122
0.33,0.05,27692.30769230769,332.1608448152703
0.35,0.05,27692.30769230769,330.1141957733473
0.37,0.05,27692.30769230769,327.6867196522703
0.39,0.05,27692.30769230769,324.8281910897743
0.01,0.07,27692.30769230769,325.26526589652326
0.03,0.07,27692.30769230769,328.9655740516908
0.05,0.07,27692.30769230769,332.1608448152703
0.07,0.07,27692.30769230769,334.88194888047
0.09,0.07,27692.30769230769,337.1569491576583
0.11,0.07,27692.30769230769,339.01057496522486
0.13,0.07,27692.30769230769,340.4645204307069
0.15,0.07,27692.30769230769,341.5373148150198
0.17,0.07,27692.30769230769,342.24377936394944
0.19,0.07,27692.30769230769,342.594321988032
0.21,0.07,27692.30769230769,342.594321988032
0.23,0.07,27692.30769230769,342.2437793639495
0.25,0.07,27692.30769230769,341.53731481501984
0.27,0.07,27692.30769230769,340.4645204307069
0.29,0.07,27692.30769230769,339.0105749652249
0.31,0.07,27692.30769230769,337.15694915765835
0.33,0.07,27692.30769230769,334.8819488804701
0.35,0.07,27692.30769230769,332.1608448152703
0.37,0.07,27692.30769230769,328.9655740516908
0.39,0.07,27692.30769230769,325.2652658965233
0.01,0.09,27692.30769230769,325.6241156080137
0.03,0.09,27692.30769230769,330.02156828633593
0.05,0.09,27692.30769230769,333.86184467031217
0.07,0.09,27692.30769230769,337.1569491576583
0.09,0.09,27692.30769230769,339.9254037116117
0.11,0.09,27692.30769230769,342.1882803272701
0.13,0.09,27692.30769230769,343.96689571901555
0.15,0.09,27692.30769230769,345.2809848329558
0.17,0.09,27692.30769230769,346.1470563668774
0.19,0.09,27692.30769230769,346.57698651299324
0.21,0.09,27692.30769230769,346.5769865129933
0.23,0.09,27692.30769230769,346.1470563668775
0.25,0.09,27692.30769230769,345.2809848329559
0.27,0.09,27692.30769230769,343.9668957190156
0.29,0.09,27692.30769230769,342.1882803272702
0.31,0.09,27692.30769230769,339.9254037116118
0.33,0.09,27692.30769230769,337.1569491576584
0.35,0.09,27692.30769230769,333.8618446703123
0.37,0.09,27692.30769230769,330.021568286336
0.39,0.09,27692.30769230769,325.62411560801377
0.01,0.11,27692.30769230769,325.9136780786901
0.03,0.11,27692.30769230769,330.8758957409554
0.05,0.11,27692.30769230769,335.2428503570035
0.07,0.11,27692.30769230769,339.0105749652249
0.09,0.11,27692.30769230769,342.1882803272701
0.11,0.11,27692.30769230769,344.79249542692565
0.13,0.11,27692.30769230769,346.8430279736098
0.15,0.11,27692.30769230769,348.3597896610259
0.17,0.11,27692.30769230769,349.36017227990004
0.19,0.11,27692.30769230769,349.8569778971032
0.21,0.11,27692.30769230769,349.8569778971032
0.23,0.11,27692.30769230769,349.3601722799001
0.25,0.11,27692.30769230769,348.359789661026
0.27,0.11,27692.30769230769,346.8430279736099
0.29,0.11,27692.30769230769,344.7924954269257
0.31,0.11,27692.30769230769,342.1882803272702
0.33,0.11,27692.30769230769,339.010574965225
0.35,0.11,27692.30769230769,335.24285035700353
0.37,0.11,27692.30769230769,330.87589574095546
0.39,0.11,27692.30769230769,325.9136780786901
0.01,0.13,27692.30769230769,326.1395412164278
0.03,0.13,27692.30769230769,331.543196769674
0.05,0.13,27692.30769230769,336.32371087611284
0.07,0.13,27692.30769230769,340.4645204307069
0.09,0.13,27692.30769230769,343.9668957190156
0.11,0.13,27692.30769230769,346.8430279736098
0.13,0.13,27692.30769230769,349.1108717411141
0.15,0.13,27692.30769230769,350.78998319505126
0.17,0.13,27692.30769230769,351.89812226676133
0.19,0.13,27692.30769230769,352.4486288850134
0.21,0.13,27692.30769230769,352.4486288850134
0.23,0.13,27692.30769230769,351.89812226676133
0.25,0.13,27692.30769230769,350.78998319505126
0.27,0.13,27692.30769230769,349.1108717411141
0.29,0.13,27692.30769230769,346.8430279736098
0.31,0.13,27692.30769230769,343.96689571901567
0.33,0.13,27692.30769230769,340.464520430707
0.35,0.13,27692.30769230769,336.3237108761129
0.37,0.13,27692.30769230769,331.54319676967407
0.39,0.13,27692.30769230769,326.13954121642774
0.01,0.15,27692.30769230769,326.3056359008657
0.03,0.15,27692.30769230769,332.03430284043213
0.05,0.15,27692.30769230769,337.12014011024223
0.07,0.15,27692.30769230769,341.53731481501984
0.09,0.15,27692.30769230769,345.2809848329559
0.11,0.15,27692.30769230769,348.359789661026
0.13,0.15,27692.30769230769,350.78998319505126
0.15,0.15,27692.30769230769,352.59059515820604
0.17,0.15,27692.30769230769,353.7794739255337
0.19,0.15,27692.30769230769,354.3702453432072
0.21,0.15,27692.30769230769,354.3702453432072
0.23,0.15,27692.30769230769,353.7794739255337
0.25,0.15,27692.30769230769,352.59059515820604
0.27,0.15,27692.30769230769,350.78998319505126
0.29,0.15,27692.30769230769,348.359789661026
0.31,0.15,27692.30769230769,345.28098483295594
0.33,0.15,27692.30769230769,341.5373148150199
0.35,0.15,27692.30769230769,337.12014011024223
0.37,0.15,27692.30769230769,332.0343028404322
0.39,0.15,27692.30769230769,326.3056359008657
0.01,0.17,27692.30769230769,326.4147936397697
0.03,0.17,27692.30769230769,332.35721021203955
0.05,0.17,27692.30769230769,337.64417789961504
0.07,0.17,27692.30769230769,342.2437793639495
0.09,0.17,27692.30769230769,346.14705636687745
0.11,0.17,27692.30769230769,349.3601722799001
0.13,0.17,27692.30769230769,351.89812226676133
0.15,0.17,27692.30769230769,353.7794739255337
0.17,0.17,27692.30769230769,355.0220505125764
0.19,0.17,27692.30769230769,355.63961400909125
0.21,0.17,27692.30769230769,355.63961400909125
0.23,0.17,27692.30769230769,355.0220505125764
0.25,0.17,27692.30769230769,353.7794739255337
0.27,0.17,27692.30769230769,351.8981222667613
0.29,0.17,27692.30769230769,349.36017227990004
0.31,0.17,27692.30769230769,346.1470563668775
0.33,0.17,27692.30769230769,342.2437793639496
0.35,0.17,27692.30769230769,337.644177899615
0.37,0.17,27692.30769230769,332.3572102120395
0.39,0.17,27692.30769230769,326.41479363976964
0.01,0.19,27692.30769230769,326.46889801692225
0.03,0.19,27692.30769230769,332.5173009746952
0.05,0.19,27692.30769230769,337.9040856556357
0.07,0.19,27692.30769230769,342.594321988032
0.09,0.19,27692.30769230769,346.5769865129933
0.11,0.19,27692.30769230769,349.8569778971032
0.13,0.19,27692.30769230769,352.4486288850134
0.15,0.19,27692.30769230769,354.3702453432072
0.17,0.19,27692.30769230769,355.63961400909125
0.19,0.19,27692.30769230769,356.2705490367414
0.21,0.19,27692.30769230769,356.2705490367414
0.23,0.19,27692.30769230769,355.63961400909125
0.25,0.19,27692.30769230769,354.3702453432072
0.27,0.19,27692.30769230769,352.4486288850133
0.29,0.19,27692.30769230769,349.85697789710315
0.31,0.19,27692.30769230769,346.5769865129933
0.33,0.19,27692.30769230769,342.594321988032
0.35,0.19,27692.30769230769,337.9040856556357
0.37,0.19,27692.30769230769,332.51730097469505
0.39,0.19,27692.30769230769,326.46889801692214
0.01,0.21,27692.30769230769,326.4688980169223
0.03,0.21,27692.30769230769,332.5173009746952
0.05,0.21,27692.30769230769,337.9040856556357
0.07,0.21,27692.30769230769,342.59432198803205
0.09,0.21,27692.30769230769,346.57698651299336
0.11,0.21,27692.30769230769,349.8569778971032
0.13,0.21,27692.30769230769,352.4486288850134
0.15,0.21,27692.30769230769,354.3702453432072
0.17,0.21,27692.30769230769,355.6396140090913
0.19,0.21,27692.30769230769,356.2705490367414
0.21,0.21,27692.30769230769,356.27054903674133
0.23,0.21,27692.30769230769,355.63961400909125
0.25,0.21,27692.30769230769,354.3702453432072
0.27,0.21,27692.30769230769,352.44862888501336
0.29,0.21,27692.30769230769,349.85697789710315
0.31,0.21,27692.30769230769,346.5769865129933
0.33,0.21,27692.30769230769,342.59432198803194
0.35,0.21,27692.30769230769,337.90408565563564
0.37,0.21,27692.30769230769,332.51730097469505
0.39,0.21,27692.30769230769,326.46889801692214
0.01,0.23,27692.30769230769,326.4147936397697
0.03,0.23,27692.30769230769,332.3572102120396
0.05,0.23,27692.30769230769,337.64417789961504
0.07,0.23,27692.30769230769,342.2437793639496
0.09,0.23,27692.30769230769,346.1470563668775
0.11,0.23,27692.30769230769,349.3601722799001
0.13,0.23,27692.30769230769,351.89812226676133
0.15,0.23,27692.30769230769,353.7794739255337
0.17,0.23,27692.30769230769,355.0220505125764
0.19,0.23,27692.30769230769,355.63961400909136
0.21,0.23,27692.30769230769,355.6396140090913
0.23,0.23,27692.30769230769,355.0220505125764
0.25,0.23,27692.30769230769,353.7794739255338
0.27,0.23,27692.30769230769,351.89812226676133
0.29,0.23,27692.30769230769,349.3601722799001
0.31,0.23,27692.30769230769,346.1470563668775
0.33,0.23,27692.30769230769,342.24377936394944
0.35,0.23,27692.30769230769,337.64417789961493
0.37,0.23,27692.30769230769,332.3572102120395
0.39,0.23,27692.30769230769,326.41479363976964
0.01,0.25,27692.30769230769,326.3056359008657
0.03,0.25,27692.30769230769,332.0343028404322
0.05,0.25,27692.30769230769,337.1201401102423
0.07,0.25,27692.30769230769,341.5373148150199
0.09,0.25,27692.30769230769,345.28098483295594
0.11,0.25,27692.30769230769,348.359789661026
0.13,0.25,27692.30769230769,350.7899831950513
0.15,0.25,27692.30769230769,352.5905951582061
0.17,0.25,27692.30769230769,353.7794739255337
0.19,0.25,27692.30769230769,354.3702453432072
0.21,0.25,27692.30769230769,354.3702453432072
0.23,0.25,27692.30769230769,353.7794739255337
0.25,0.25,27692.30769230769,352.5905951582061
0.27,0.25,27692.30769230769,350.78998319505126
0.29,0.25,27692.30769230769,348.359789661026
0.31,0.25,27692.30769230769,345.2809848329559
0.33,0.25,27692.30769230769,341.53731481501984
0.35,0.25,27692.30769230769,337.1201401102422
0.37,0.25,27692.30769230769,332.03430284043213
0.39,0.25,27692.30769230769,326.3056359008657
0.01,0.27,27692.30769230769,326.13954121642774
0.03,0.27,27692.30769230769,331.543196769674
0.05,0.27,27692.30769230769,336.3237108761129
0.07,0.27,27692.30769230769,340.46452043070707
0.09,0.27,27692.30769230769,343.96689571901567
0.11,0.27,27692.30769230769,346.8430279736099
0.13,0.27,27692.30769230769,349.1108717411141
0.15,0.27,27692.30769230769,350.78998319505126
0.17,0.27,27692.30769230769,351.8981222667613
0.19,0.27,27692.30769230769,352.4486288850133
0.21,0.27,27692.30769230769,352.44862888501336
0.23,0.27,27692.30769230769,351.89812226676133
0.25,0.27,27692.30769230769,350.7899831950513
0.27,0.27,27692.30769230769,349.1108717411141
0.29,0.27,27692.30769230769,346.8430279736098
0.31,0.27,27692.30769230769,343.9668957190156
0.33,0.27,27692.30769230769,340.4645204307069
0.35,0.27,27692.30769230769,336.32371087611284
0.37,0.27,27692.30769230769,331.54319676967395
0.39,0.27,27692.30769230769,326.13954121642774
0.01,0.29,27692.30769230769,325.9136780786901
0.03,0.29,27692.30769230769,330.8758957409555
0.05,0.29,27692.30769230769,335.2428503570036
0.07,0.29,27692.30769230769,339.010574965225
0.09,0.29,27692.30769230769,342.1882803272702
0.11,0.29,27692.30769230769,344.7924954269257
0.13,0.29,27692.30769230769,346.8430279736098
0.15,0.29,27692.30769230769,348.359789661026
0.17,0.29,27692.30769230769,349.36017227990004
0.19,0.29,27692.30769230769,349.8569778971031
0.21,0.29,27692.30769230769,349.85697789710315
0.23,0.29,27692.30769230769,349.3601722799001
0.25,0.29,27692.30769230769,348.359789661026
0.27,0.29,27692.30769230769,346.8430279736099
0.29,0.29,27692.30769230769,344.7924954269257
0.31,0.29,27692.30769230769,342.1882803272701
0.33,0.29,27692.30769230769,339.0105749652249
0.35,0.29,27692.30769230769,335.2428503570035
0.37,0.29,27692.30769230769,330.87589574095546
0.39,0.29,27692.30769230769,325.9136780786901
0.01,0.31,27692.30769230769,325.62411560801377
0.03,0.31,27692.30769230769,330.02156828633605
0.05,0.31,27692.30769230769,333.8618446703123
0.07,0.31,27692.30769230769,337.1569491576584
0.09,0.31,27692.30769230769,339.9254037116118
0.11,0.31,27692.30769230769,342.1882803272701
0.13,0.31,27692.30769230769,343.9668957190156
0.15,0.31,27692.30769230769,345.2809848329559
0.17,0.31,27692.30769230769,346.1470563668774
0.19,0.31,27692.30769230769,346.57698651299324
0.21,0.31,27692.30769230769,346.5769865129933
0.23,0.31,27692.30769230769,346.1470563668775
0.25,0.31,27692.30769230769,345.28098483295594
0.27,0.31,27692.30769230769,343.96689571901567
0.29,0.31,27692.30769230769,342.1882803272702
0.31,0.31,27692.30769230769,339.92540371161186
0.33,0.31,27692.30769230769,337.15694915765835
0.35,0.31,27692.30769230769,333.8618446703122
0.37,0.31,27692.30769230769,330.02156828633593
0.39,0.31,27692.30769230769,325.62411560801377
0.01,0.33,27692.30769230769,325.2652658965233
0.03,0.33,27692.30769230769,328.96557405169085
0.05,0.33,27692.30769230769,332.1608448152703
0.07,0.33,27692.30769230769,334.8819488804701
0.09,0.33,27692.30769230769,337.15694915765835
0.11,0.33,27692.30769230769,339.0105749652249
0.13,0.33,27692.30769230769,340.464520430707
0.15,0.33,27692.30769230769,341.5373148150199
0.17,0.33,27692.30769230769,342.2437793639495
0.19,0.33,27692.30769230769,342.594321988032
0.21,0.33,27692.30769230769,342.594321988032
0.23,0.33,27692.30769230769,342.2437793639495
0.25,0.33,27692.30769230769,341.5373148150199
0.27,0.33,27692.30769230769,340.464520430707
0.29,0.33,27692.30769230769,339.010574965225
0.31,0.33,27692.30769230769,337.1569491576584
0.33,0.33,27692.30769230769,334.8819488804701
0.35,0.33,27692.30769230769,332.1608448152703
0.37,0.33,27692.30769230769,328.9655740516908
0.39,0.33,27692.30769230769,325.2652658965233
0.01,0.35,27692.30769230769,324.82819108977435
0.03,0.35,27692.30769230769,327.6867196522703
0.05,0.35,27692.30769230769,330.1141957733473
0.07,0.35,27692.30769230769,332.1608448152703
0.09,0.35,27692.30769230769,333.8618446703122
0.11,0.35,27692.30769230769,335.24285035700353
0.13,0.35,27692.30769230769,336.32371087611284
0.15,0.35,27692.30769230769,337.12014011024223
0.17,0.35,27692.30769230769,337.64417789961504
0.19,0.35,27692.30769230769,337.9040856556357
0.21,0.35,27692.30769230769,337.9040856556357
0.23,0.35,27692.30769230769,337.644177899615
0.25,0.35,27692.30769230769,337.12014011024223
0.27,0.35,27692.30769230769,336.3237108761129
0.29,0.35,27692.30769230769,335.2428503570036
0.31,0.35,27692.30769230769,333.8618446703122
0.33,0.35,27692.30769230769,332.1608448152703
0.35,0.35,27692.30769230769,330.1141957733473
0.37,0.35,27692.30769230769,327.6867196522703
0.39,0.35,27692.30769230769,324.8281910897743
0.01,0.37,27692.30769230769,324.2954393565279
0.03,0.37,27692.30769230769,326.1506404562597
0.05,0.37,27692.30769230769,327.68671965227026
0.07,0.37,27692.30769230769,328.9655740516908
0.09,0.37,27692.30769230769,330.02156828633605
0.11,0.37,27692.30769230769,330.8758957409555
0.13,0.37,27692.30769230769,331.543196769674
0.15,0.37,27692.30769230769,332.0343028404322
0.17,0.37,27692.30769230769,332.35721021203955
0.19,0.37,27692.30769230769,332.51730097469505
0.21,0.37,27692.30769230769,332.51730097469505
0.23,0.37,27692.30769230769,332.35721021203955
0.25,0.37,27692.30769230769,332.0343028404322
0.27,0.37,27692.30769230769,331.543196769674
0.29,0.37,27692.30769230769,330.8758957409555
0.31,0.37,27692.30769230769,330.021568286336
0.33,0.37,27692.30769230769,328.96557405169085
0.35,0.37,27692.30769230769,327.68671965227026
0.37,0.37,27692.30769230769,326.1506404562596
0.39,0.37,27692.30769230769,324.2954393565279
0.01,0.39,27692.30769230769,323.6236294488804
0.03,0.39,27692.30769230769,324.2954393565279
0.05,0.39,27692.30769230769,324.8281910897743
0.07,0.39,27692.30769230769,325.26526589652326
0.09,0.39,27692.30769230769,325.62411560801377
0.11,0.39,27692.30769230769,325.9136780786901
0.13,0.39,27692.30769230769,326.13954121642774
0.15,0.39,27692.30769230769,326.3056359008657
0.17,0.39,27692.30769230769,326.4147936397697
0.19,0.39,27692.30769230769,326.46889801692214
0.21,0.39,27692.30769230769,326.46889801692214
0.23,0.39,27692.30769230769,326.4147936397697
0.25,0.39,27692.30769230769,326.3056359008657
0.27,0.39,27692.30769230769,326.13954121642774
0.29,0.39,27692.30769230769,325.9136780786901
0.31,0.39,27692.30769230769,325.62411560801377
0.33,0.39,27692.30769230769,325.26526589652326
0.35,0.39,27692.30769230769,324.8281910897743
0.37,0.39,27692.30769230769,324.2954393565279
0.39,0.39,27692.30769230769,323.6236294488804
0.01,0.01,29538.46153846154,323.59214362852043
0.03,0.01,29538.46153846154,324.2234324053536
0.05,0.01,29538.46153846154,324.72730709403754
0.07,0.01,29538.46153846154,325.1433750688644
0.09,0.01,29538.46153846154,325.48717377667583
0.11,0.01,29538.46153846154,325.7663025233236
0.13,0.01,29538.46153846154,325.98525407969174
0.15,0.01,29538.46153846154,326.1470391607049
0.17,0.01,29538.46153846154,326.2537556419551
0.19,0.01,29538.46153846154,326.3067723559737
0.21,0.01,29538.46153846154,326.3067723559737
0.23,0.01,29538.46153846154,326.2537556419551
0.25,0.01,29538.46153846154,326.1470391607049
0.27,0.01,29538.46153846154,325.9852540796918
0.29,0.01,29538.46153846154,325.76630252332365
0.31,0.01,29538.46153846154,325.48717377667583
0.33,0.01,29538.46153846154,325.1433750688644
0.35,0.01,29538.46153846154,324.72730709403754
0.37,0.01,29538.46153846154,324.2234324053536
0.39,0.01,29538.46153846154,323.59214362852043
0.01,0.03,29538.46153846154,324.2234324053536
0.03,0.03,29538.46153846154,325.9704519700924
0.05,0.03,29538.46153846154,327.4251779716212
0.07,0.03,29538.46153846154,328.64369110062927
0.09,0.03,29538.46153846154,329.6560977152504
0.11,0.03,29538.46153846154,330.48007927934043
0.13,0.03,29538.46153846154,331.12721913456767
0.15,0.03,29538.46153846154,331.60572245746994
0.17,0.03,29538.46153846154,331.9214745354217
0.19,0.03,29538.46153846154,332.0783718218643
0.21,0.03,29538.46153846154,332.0783718218643
0.23,0.03,29538.46153846154,331.92147453542174
0.25,0.03,29538.46153846154,331.60572245747
0.27,0.03,29538.46153846154,331.1272191345678
0.29,0.03,29538.46153846154,330.4800792793405
0.31,0.03,29538.46153846154,329.6560977152505
0.33,0.03,29538.46153846154,328.64369110062927
0.35,0.03,29538.46153846154,327.4251779716212
0.37,0.03,29538.46153846154,325.9704519700924
0.39,0.03,29538.46153846154,324.2234324053536
0.01,0.05,29538.46153846154,324.72730709403754
0.03,0.05,29538.46153846154,327.4251779716212
0.05,0.05,29538.46153846154,329.7281667714444
0.07,0.05,29538.46153846154,331.681047451862
0.09,0.05,29538.46153846154,333.3137602382715
0.11,0.05,29538.46153846154,334.647007144607
0.13,0.05,29538.46153846154,335.6960469235093
0.15,0.05,29538.46153846154,336.4725436207744
0.17,0.05,29538.46153846154,336.9852458609935
0.19,0.05,29538.46153846154,337.2400884786905
0.21,0.05,29538.46153846154,337.2400884786905
0.23,0.05,29538.46153846154,336.9852458609936
0.25,0.05,29538.46153846154,336.4725436207744
0.27,0.05,29538.46153846154,335.69604692350936
0.29,0.05,29538.46153846154,334.6470071446072
0.31,0.05,29538.46153846154,333.31376023827164
0.33,0.05,29538.46153846154,331.6810474518619
0.35,0.05,29538.46153846154,329.7281667714444
0.37,0.05,29538.46153846154,327.4251779716212
0.39,0.05,29538.46153846154,324.72730709403754
0.01,0.07,29538.46153846154,325.1433750688644
0.03,0.07,29538.46153846154,328.64369110062927
0.05,0.07,29538.46153846154,331.681047451862
0.07,0.07,29538.46153846154,334.2818543620058
0.09,0.07,29538.46153846154,336.468682392187
0.11,0.07,29538.46153846154,338.260420755818
0.13,0.07,29538.46153846154,339.67305170254286
0.15,0.07,29538.46153846154,340.71994051668486
0.17,0.07,29538.46153846154,341.4116653716163
0.19,0.07,29538.46153846154,341.75562030678475
0.21,0.07,29538.46153846154,341.7556203067847
0.23,0.07,29538.46153846154,341.4116653716164
0.25,0.07,29538.46153846154,340.7199405166849
0.27,0.07,29538.46153846154,339.6730517025429
0.29,0.07,29538.46153846154,338.260420755818
0.31,0.07,29538.46153846154,336.468682392187
0.33,0.07,29538.46153846154,334.2818543620058
0.35,0.07,29538.46153846154,331.681047451862
0.37,0.07,29538.46153846154,328.64369110062927
0.39,0.07,29538.46153846154,325.1433750688644
0.01,0.09,29538.46153846154,325.48717377667583
0.03,0.09,29538.46153846154,329.65609771525044
0.05,0.09,29538.46153846154,333.3137602382716
0.07,0.09,29538.46153846154,336.468682392187
0.09,0.09,29538.46153846154,339.1339275400108
0.11,0.09,29538.46153846154,341.32419508713747
0.13,0.09,29538.46153846154,343.0542997367261
0.15,0.09,29538.46153846154,344.337976973245
0.17,0.09,29538.46153846154,345.1867574930657
0.19,0.09,29538.46153846154,345.60896564464235
0.21,0.09,29538.46153846154,345.6089656446423
0.23,0.09,29538.46153846154,345.1867574930657
0.25,0.09,29538.46153846154,344.337976973245
0.27,0.09,29538.46153846154,343.05429973672614
0.29,0.09,29538.46153846154,341.32419508713747
0.31,0.09,29538.46153846154,339.13392754001086
0.33,0.09,29538.46153846154,336.468682392187
0.35,0.09,29538.46153846154,333.31376023827164
0.37,0.09,29538.46153846154,329.65609771525044
0.39,0.09,29538.46153846154,325.48717377667583
0.01,0.11,29538.46153846154,325.7663025233236
0.03,0.11,29538.46153846154,330.48007927934043
0.05,0.11,29538.46153846154,334.6470071446072
0.07,0.11,29538.46153846154,338.260420755818
0.09,0.11,29538.46153846154,341.32419508713747
0.11,0.11,29538.46153846154,343.84816982232906
0.13,0.11,29538.46153846154,345.8451056428217
0.15,0.11,29538.46153846154,347.32830770527625
0.17,0.11,29538.46153846154,348.30964258421807
0.19,0.11,29538.46153846154,348.7979550020953
0.21,0.11,29538.46153846154,348.7979550020953
0.23,0.11,29538.46153846154,348.309642584218
0.25,0.11,29538.46153846154,347.3283077052763
0.27,0.11,29538.46153846154,345.8451056428217
0.29,0.11,29538.46153846154,343.8481698223291
0.31,0.11,29538.46153846154,341.3241950871374
0.33,0.11,29538.46153846154,338.2604207558181
0.35,0.11,29538.46153846154,334.6470071446072
0.37,0.11,29538.46153846154,330.4800792793405
0.39,0.11,29538.46153846154,325.7663025233236
0.01,0.13,29538.46153846154,325.9852540796918
0.03,0.13,29538.46153846154,331.1272191345677
0.05,0.13,29538.46153846154,335.69604692350936
0.07,0.13,29538.46153846154,339.6730517025429
0.09,0.13,29538.46153846154,343.05429973672614
0.11,0.13,29538.46153846154,345.8451056428217
0.13,0.13,29538.46153846154,348.05600910790133
0.15,0.13,29538.46153846154,349.69953320893285
0.17,0.13,29538.46153846154,350.78752051108256
0.19,0.13,29538.46153846154,351.3290599233909
0.21,0.13,29538.46153846154,351.32905992339096
0.23,0.13,29538.46153846154,350.7875205110827
0.25,0.13,29538.46153846154,349.6995332089329
0.27,0.13,29538.46153846154,348.05600910790133
0.29,0.13,29538.46153846154,345.8451056428217
0.31,0.13,29538.46153846154,343.05429973672614
0.33,0.13,29538.46153846154,339.67305170254303
0.35,0.13,29538.46153846154,335.6960469235094
0.37,0.13,29538.46153846154,331.1272191345678
0.39,0.13,29538.46153846154,325.9852540796918
0.01,0.15,29538.46153846154,326.1470391607049
0.03,0.15,29538.46153846154,331.60572245746994
0.05,0.15,29538.46153846154,336.47254362077445
0.07,0.15,29538.46153846154,340.7199405166849
0.09,0.15,29538.46153846154,344.337976973245
0.11,0.15,29538.46153846154,347.3283077052763
0.13,0.15,29538.46153846154,349.6995332089329
0.15,0.15,29538.46153846154,351.4633645898694
0.17,0.15,29538.46153846154,352.6314661912953
0.19,0.15,29538.46153846154,353.2130114298154
0.21,0.15,29538.46153846154,353.2130114298154
0.23,0.15,29538.46153846154,352.63146619129526
0.25,0.15,29538.46153846154,351.46336458986946
0.27,0.15,29538.46153846154,349.6995332089329
0.29,0.15,29538.46153846154,347.3283077052764
0.31,0.15,29538.46153846154,344.3379769732451
0.33,0.15,29538.46153846154,340.71994051668497
0.35,0.15,29538.46153846154,336.47254362077445
0.37,0.15,29538.46153846154,331.60572245747
0.39,0.15,29538.46153846154,326.1470391607049
0.01,0.17,29538.46153846154,326.2537556419551
0.03,0.17,29538.46153846154,331.9214745354218
0.05,0.17,29538.46153846154,336.9852458609936
0.07,0.17,29538.46153846154,341.4116653716164
0.09,0.17,29538.46153846154,345.1867574930657
0.11,0.17,29538.46153846154,348.30964258421807
0.13,0.17,29538.46153846154,350.7875205110826
0.15,0.17,29538.46153846154,352.63146619129526
0.17,0.17,29538.46153846154,353.85295434020327
0.19,0.17,29538.46153846154,354.4611694767101
0.21,0.17,29538.46153846154,354.4611694767101
0.23,0.17,29538.46153846154,353.85295434020327
0.25,0.17,29538.46153846154,352.63146619129526
0.27,0.17,29538.46153846154,350.7875205110826
0.29,0.17,29538.46153846154,348.30964258421807
0.31,0.17,29538.46153846154,345.1867574930658
0.33,0.17,29538.46153846154,341.4116653716164
0.35,0.17,29538.46153846154,336.9852458609936
0.37,0.17,29538.46153846154,331.9214745354218
0.39,0.17,29538.46153846154,326.2537556419551
0.01,0.19,29538.46153846154,326.3067723559737
0.03,0.19,29538.46153846154,332.07837182186444
0.05,0.19,29538.46153846154,337.2400884786905
0.07,0.19,29538.46153846154,341.75562030678475
0.09,0.19,29538.46153846154,345.60896564464235
0.11,0.19,29538.46153846154,348.7979550020953
0.13,0.19,29538.46153846154,351.32905992339096
0.15,0.19,29538.46153846154,353.21301142981537
0.17,0.19,29538.46153846154,354.4611694767101
0.19,0.19,29538.46153846154,355.08271105820984
0.21,0.19,29538.46153846154,355.08271105820984
0.23,0.19,29538.46153846154,354.4611694767101
0.25,0.19,29538.46153846154,353.21301142981537
0.27,0.19,29538.46153846154,351.3290599233909
0.29,0.19,29538.46153846154,348.7979550020953
0.31,0.19,29538.46153846154,345.60896564464235
0.33,0.19,29538.46153846154,341.75562030678475
0.35,0.19,29538.46153846154,337.2400884786905
0.37,0.19,29538.46153846154,332.0783718218643
0.39,0.19,29538.46153846154,326.3067723559737
0.01,0.21,29538.46153846154,326.3067723559737
0.03,0.21,29538.46153846154,332.07837182186444
0.05,0.21,29538.46153846154,337.2400884786905
0.07,0.21,29538.46153846154,341.75562030678475
0.09,0.21,29538.46153846154,345.60896564464235
0.11,0.21,29538.46153846154,348.7979550020953
0.13,0.21,29538.46153846154,351.32905992339096
0.15,0.21,29538.46153846154,353.2130114298153
0.17,0.21,29538.46153846154,354.4611694767101
0.19,0.21,29538.46153846154,355.0827110582098
0.21,0.21,29538.46153846154,355.0827110582098
0.23,0.21,29538.46153846154,354.4611694767101
0.25,0.21,29538.46153846154,353.21301142981537
0.27,0.21,29538.46153846154,351.3290599233909
0.29,0.21,29538.46153846154,348.7979550020953
0.31,0.21,29538.46153846154,345.6089656446423
0.33,0.21,29538.46153846154,341.75562030678475
0.35,0.21,29538.46153846154,337.2400884786905
0.37,0.21,29538.46153846154,332.0783718218643
0.39,0.21,29538.46153846154,326.3067723559737
0.01,0.23,29538.46153846154,326.25375564195514
0.03,0.23,29538.46153846154,331.92147453542174
0.05,0.23,29538.46153846154,336.9852458609936
0.07,0.23,29538.46153846154,341.41166537161644
0.09,0.23,29538.46153846154,345.1867574930658
0.11,0.23,29538.46153846154,348.3096425842181
0.13,0.23,29538.46153846154,350.7875205110827
0.15,0.23,29538.46153846154,352.63146619129526
0.17,0.23,29538.46153846154,353.8529543402032
0.19,0.23,29538.46153846154,354.4611694767101
0.21,0.23,29538.46153846154,354.4611694767101
0.23,0.23,29538.46153846154,353.85295434020327
0.25,0.23,29538.46153846154,352.6314661912953
0.27,0.23,29538.46153846154,350.7875205110826
0.29,0.23,29538.46153846154,348.30964258421807
0.31,0.23,29538.46153846154,345.1867574930658
0.33,0.23,29538.46153846154,341.4116653716164
0.35,0.23,29538.46153846154,336.9852458609936
0.37,0.23,29538.46153846154,331.92147453542174
0.39,0.23,29538.46153846154,326.2537556419551
0.01,0.25,29538.46153846154,326.1470391607049
0.03,0.25,29538.46153846154,331.60572245747
0.05,0.25,29538.46153846154,336.47254362077445
0.07,0.25,29538.46153846154,340.71994051668497
0.09,0.25,29538.46153846154,344.3379769732451
0.11,0.25,29538.46153846154,347.3283077052764
0.13,0.25,29538.46153846154,349.69953320893296
0.15,0.25,29538.46153846154,351.46336458986946
0.17,0.25,29538.46153846154,352.6314661912953
0.19,0.25,29538.46153846154,353.2130114298154
0.21,0.25,29538.46153846154,353.2130114298154
0.23,0.25,29538.46153846154,352.63146619129526
0.25,0.25,29538.46153846154,351.46336458986946
0.27,0.25,29538.46153846154,349.6995332089329
0.29,0.25,29538.46153846154,347.3283077052763
0.31,0.25,29538.46153846154,344.3379769732451
0.33,0.25,29538.46153846154,340.7199405166849
0.35,0.25,29538.46153846154,336.4725436207744
0.37,0.25,29538.46153846154,331.60572245746994
0.39,0.25,29538.46153846154,326.1470391607049
0.01,0.27,29538.46153846154,325.9852540796918
0.03,0.27,29538.46153846154,331.1272191345678
0.05,0.27,29538.46153846154,335.69604692350947
0.07,0.27,29538.46153846154,339.67305170254303
0.09,0.27,29538.46153846154,343.0542997367262
0.11,0.27,29538.46153846154,345.8451056428218
0.13,0.27,29538.46153846154,348.05600910790133
0.15,0.27,29538.46153846154,349.69953320893296
0.17,0.27,29538.46153846154,350.7875205110827
0.19,0.27,29538.46153846154,351.32905992339096
0.21,0.27,29538.46153846154,351.32905992339096
0.23,0.27,29538.46153846154,350.7875205110826
0.25,0.27,29538.46153846154,349.6995332089329
0.27,0.27,29538.46153846154,348.05600910790133
0.29,0.27,29538.46153846154,345.8451056428217
0.31,0.27,29538.46153846154,343.05429973672614
0.33,0.27,29538.46153846154,339.6730517025429
0.35,0.27,29538.46153846154,335.6960469235093
0.37,0.27,29538.46153846154,331.1272191345677
0.39,0.27,29538.46153846154,325.9852540796918
0.01,0.29,29538.46153846154,325.76630252332365
0.03,0.29,29538.46153846154,330.4800792793405
0.05,0.29,29538.46153846154,334.6470071446072
0.07,0.29,29538.46153846154,338.2604207558181
0.09,0.29,29538.46153846154,341.32419508713747
0.11,0.29,29538.46153846154,343.8481698223292
0.13,0.29,29538.46153846154,345.8451056428217
0.15,0.29,29538.46153846154,347.3283077052764
0.17,0.29,29538.46153846154,348.3096425842181
0.19,0.29,29538.46153846154,348.79795500209536
0.21,0.29,29538.46153846154,348.79795500209536
0.23,0.29,29538.46153846154,348.30964258421807
0.25,0.29,29538.46153846154,347.3283077052764
0.27,0.29,29538.46153846154,345.8451056428218
0.29,0.29,29538.46153846154,343.8481698223291
0.31,0.29,29538.46153846154,341.32419508713747
0.33,0.29,29538.46153846154,338.2604207558181
0.35,0.29,29538.46153846154,334.6470071446071
0.37,0.29,29538.46153846154,330.48007927934043
0.39,0.29,29538.46153846154,325.7663025233236
0.01,0.31,29538.46153846154,325.48717377667583
0.03,0.31,29538.46153846154,329.6560977152505
0.05,0.31,29538.46153846154,333.31376023827164
0.07,0.31,29538.46153846154,336.468682392187
0.09,0.31,29538.46153846154,339.1339275400109
0.11,0.31,29538.46153846154,341.32419508713747
0.13,0.31,29538.46153846154,343.0542997367262
0.15,0.31,29538.46153846154,344.33797697324513
0.17,0.31,29538.46153846154,345.18675749306584
0.19,0.31,29538.46153846154,345.6089656446424
0.21,0.31,29538.46153846154,345.6089656446424
0.23,0.31,29538.46153846154,345.18675749306584
0.25,0.31,29538.46153846154,344.33797697324513
0.27,0.31,29538.46153846154,343.0542997367262
0.29,0.31,29538.46153846154,341.3241950871375
0.31,0.31,29538.46153846154,339.13392754001086
0.33,0.31,29538.46153846154,336.46868239218696
0.35,0.31,29538.46153846154,333.3137602382715
0.37,0.31,29538.46153846154,329.6560977152504
0.39,0.31,29538.46153846154,325.48717377667583
0.01,0.33,29538.46153846154,325.14337506886443
0.03,0.33,29538.46153846154,328.64369110062927
0.05,0.33,29538.46153846154,331.681047451862
0.07,0.33,29538.46153846154,334.28185436200584
0.09,0.33,29538.46153846154,336.468682392187
0.11,0.33,29538.46153846154,338.2604207558181
0.13,0.33,29538.46153846154,339.67305170254303
0.15,0.33,29538.46153846154,340.719940516685
0.17,0.33,29538.46153846154,341.4116653716165
0.19,0.33,29538.46153846154,341.75562030678486
0.21,0.33,29538.46153846154,341.75562030678486
0.23,0.33,29538.46153846154,341.41166537161644
0.25,0.33,29538.46153846154,340.719940516685
0.27,0.33,29538.46153846154,339.67305170254303
0.29,0.33,29538.46153846154,338.26042075581813
0.31,0.33,29538.46153846154,336.468682392187
0.33,0.33,29538.46153846154,334.28185436200573
0.35,0.33,29538.46153846154,331.6810474518619
0.37,0.33,29538.46153846154,328.6436911006292
0.39,0.33,29538.46153846154,325.1433750688644
0.01,0.35,29538.46153846154,324.72730709403754
0.03,0.35,29538.46153846154,327.4251779716212
0.05,0.35,29538.46153846154,329.7281667714444
0.07,0.35,29538.46153846154,331.681047451862
0.09,0.35,29538.46153846154,333.31376023827164
0.11,0.35,29538.46153846154,334.6470071446072
0.13,0.35,29538.46153846154,335.6960469235094
0.15,0.35,29538.46153846154,336.47254362077445
0.17,0.35,29538.46153846154,336.98524586099364
0.19,0.35,29538.46153846154,337.2400884786906
0.21,0.35,29538.46153846154,337.2400884786906
0.23,0.35,29538.46153846154,336.9852458609936
0.25,0.35,29538.46153846154,336.4725436207745
0.27,0.35,29538.46153846154,335.6960469235094
0.29,0.35,29538.46153846154,334.6470071446072
0.31,0.35,29538.46153846154,333.3137602382716
0.33,0.35,29538.46153846154,331.6810474518619
0.35,0.35,29538.46153846154,329.7281667714443
0.37,0.35,29538.46153846154,327.4251779716212
0.39,0.35,29538.46153846154,324.7273070940375
0.01,0.37,29538.46153846154,324.2234324053536
0.03,0.37,29538.46153846154,325.9704519700925
0.05,0.37,29538.46153846154,327.4251779716212
0.07,0.37,29538.46153846154,328.6436911006293
0.09,0.37,29538.46153846154,329.65609771525044
0.11,0.37,29538.46153846154,330.48007927934043
0.13,0.37,29538.46153846154,331.1272191345678
0.15,0.37,29538.46153846154,331.60572245747
0.17,0.37,29538.46153846154,331.92147453542185
0.19,0.37,29538.46153846154,332.07837182186444
0.21,0.37,29538.46153846154,332.07837182186444
0.23,0.37,29538.46153846154,331.9214745354218
0.25,0.37,29538.46153846154,331.60572245747
0.27,0.37,29538.46153846154,331.12721913456784
0.29,0.37,29538.46153846154,330.4800792793405
0.31,0.37,29538.46153846154,329.65609771525044
0.33,0.37,29538.46153846154,328.64369110062927
0.35,0.37,29538.46153846154,327.4251779716212
0.37,0.37,29538.46153846154,325.9704519700924
0.39,0.37,29538.46153846154,324.22343240535355
0.01,0.39,29538.46153846154,323.59214362852043
0.03,0.39,29538.46153846154,324.2234324053536
0.05,0.39,29538.46153846154,324.72730709403754
0.07,0.39,29538.46153846154,325.14337506886443
0.09,0.39,29538.46153846154,325.48717377667583
0.11,0.39,29538.46153846154,325.7663025233236
0.13,0.39,29538.46153846154,325.98525407969186
0.15,0.39,29538.46153846154,326.1470391607049
0.17,0.39,29538.46153846154,326.25375564195514
0.19,0.39,29538.46153846154,326.3067723559738
0.21,0.39,29538.46153846154,326.3067723559737
0.23,0.39,29538.46153846154,326.2537556419551
0.25,0.39,29538.46153846154,326.1470391607049
0.27,0.39,29538.46153846154,325.98525407969186
0.29,0.39,29538.46153846154,325.7663025233236
0.31,0.39,29538.46153846154,325.4871737766759
0.33,0.39,29538.46153846154,325.14337506886443
0.35,0.39,29538.46153846154,324.72730709403754
0.37,0.39,29538.46153846154,324.2234324053536
0.39,0.39,29538.46153846154,323.59214362852043
0.01,0.01,31384.615384615387,323.5632067556214
0.03,0.01,31384.615384615387,324.15606444769776
0.05,0.01,31384.615384615387,324.6315920378768
0.07,0.01,31384.615384615387,325.02619834896825
0.09,0.01,31384.615384615387,325.3538631415521
0.11,0.01,31384.615384615387,325.6211392788504
0.13,0.01,31384.615384615387,325.8316846125922
0.15,0.01,31384.615384615387,325.98781745867564
0.17,0.01,31384.615384615387,326.09108732057285
0.19,0.01,31384.615384615387,326.1424795994336
0.21,0.01,31384.615384615387,326.1424795994336
0.23,0.01,31384.615384615387,326.09108732057285
0.25,0.01,31384.615384615387,325.9878174586757
0.27,0.01,31384.615384615387,325.83168461259226
0.29,0.01,31384.615384615387,325.6211392788505
0.31,0.01,31384.615384615387,325.3538631415521
0.33,0.01,31384.615384615387,325.02619834896825
0.35,0.01,31384.615384615387,324.6315920378768
0.37,0.01,31384.615384615387,324.15606444769776
0.39,0.01,31384.615384615387,323.56320675562137
0.01,0.03,31384.615384615387,324.1560644476977
0.03,0.03,31384.615384615387,325.79937180851954
0.05,0.03,31384.615384615387,327.173661331634
0.07,0.03,31384.615384615387,328.3301857976461
0.09,0.03,31384.615384615387,329.2956542172968
0.11,0.03,31384.615384615387,330.0850302823132
0.13,0.03,31384.615384615387,330.70757411349786
0.15,0.03,31384.615384615387,331.16951409868545
0.17,0.03,31384.615384615387,331.47515464673955
0.19,0.03,31384.615384615387,331.6272826806881
0.21,0.03,31384.615384615387,331.6272826806881
0.23,0.03,31384.615384615387,331.47515464673955
0.25,0.03,31384.615384615387,331.1695140986855
0.27,0.03,31384.615384615387,330.7075741134979
0.29,0.03,31384.615384615387,330.08503028231326
0.31,0.03,31384.615384615387,329.2956542172968
0.33,0.03,31384.615384615387,328.3301857976461
0.35,0.03,31384.615384615387,327.173661331634
0.37,0.03,31384.615384615387,325.7993718085196
0.39,0.03,31384.615384615387,324.15606444769776
0.01,0.05,31384.615384615387,324.6315920378768
0.03,0.05,31384.615384615387,327.173661331634
0.05,0.05,31384.615384615387,329.3523347944489
0.07,0.05,31384.615384615387,331.2080173263232
0.09,0.05,31384.615384615387,332.7665746132856
0.11,0.05,31384.615384615387,334.04492394056086
0.13,0.05,31384.615384615387,335.0548494877733
0.15,0.05,31384.615384615387,335.8049643626816
0.17,0.05,31384.615384615387,336.3015439398706
0.19,0.05,31384.615384615387,336.5487771264882
0.21,0.05,31384.615384615387,336.5487771264882
0.23,0.05,31384.615384615387,336.30154393987067
0.25,0.05,31384.615384615387,335.80496436268163
0.27,0.05,31384.615384615387,335.05484948777337
0.29,0.05,31384.615384615387,334.044923940561
0.31,0.05,31384.615384615387,332.76657461328574
0.33,0.05,31384.615384615387,331.2080173263232
0.35,0.05,31384.615384615387,329.3523347944489
0.37,0.05,31384.615384615387,327.173661331634
0.39,0.05,31384.615384615387,324.6315920378768
0.01,0.07,31384.615384615387,325.02619834896825
0.03,0.07,31384.615384615387,328.3301857976461
0.05,0.07,31384.615384615387,331.2080173263232
0.07,0.07,31384.615384615387,333.6827327547197
0.09,0.07,31384.615384615387,335.7727551243508
0.11,0.07,31384.615384615387,337.4925681612454
0.13,0.07,31384.615384615387,338.8538453316668
0.15,0.07,31384.615384615387,339.8660547607471
0.17,0.07,31384.615384615387,340.53657115260177
0.19,0.07,31384.615384615387,340.87051257200466
0.21,0.07,31384.615384615387,340.87051257200466
0.23,0.07,31384.615384615387,340.5365711526018
0.25,0.07,31384.615384615387,339.86605476074715
0.27,0.07,31384.615384615387,338.85384533166695
0.29,0.07,31384.615384615387,337.4925681612456
0.31,0.07,31384.615384615387,335.772755124351
0.33,0.07,31384.615384615387,333.68273275471984
0.35,0.07,31384.615384615387,331.2080173263232
0.37,0.07,31384.615384615387,328.3301857976461
0.39,0.07,31384.615384615387,325.02619834896825
0.01,0.09,31384.615384615387,325.3538631415521
0.03,0.09,31384.615384615387,329.2956542172968
0.05,0.09,31384.615384615387,332.7665746132856
0.07,0.09,31384.615384615387,335.7727551243508
0.09,0.09,31384.615384615387,338.3232647465825
0.11,0.09,31384.615384615387,340.428049713235
0.13,0.09,31384.615384615387,342.0970300227311
0.15,0.09,31384.615384615387,343.339400776733
0.17,0.09,31384.615384615387,344.16291337460126
0.19,0.09,31384.615384615387,344.5731906479753
0.21,0.09,31384.615384615387,344.5731906479753
0.23,0.09,31384.615384615387,344.1629133746013
0.25,0.09,31384.615384615387,343.3394007767331
0.27,0.09,31384.615384615387,342.09703002273125
0.29,0.09,31384.615384615387,340.4280497132352
0.31,0.09,31384.615384615387,338.32326474658265
0.33,0.09,31384.615384615387,335.77275512435097
0.35,0.09,31384.615384615387,332.76657461328574
0.37,0.09,31384.615384615387,329.2956542172968
0.39,0.09,31384.615384615387,325.3538631415522
0.01,0.11,31384.615384615387,325.6211392788505
0.03,0.11,31384.615384615387,330.08503028231326
0.05,0.11,31384.615384615387,334.04492394056086
0.07,0.11,31384.615384615387,337.4925681612454
0.09,0.11,31384.615384615387,340.428049713235
0.11,0.11,31384.615384615387,342.85626236639195
0.13,0.11,31384.615384615387,344.7846643990724
0.15,0.11,31384.615384615387,346.2215428455459
0.17,0.11,31384.615384615387,347.1745442448304
0.19,0.11,31384.615384615387,347.6494810124144
0.21,0.11,31384.615384615387,347.6494810124144
0.23,0.11,31384.615384615387,347.1745442448305
0.25,0.11,31384.615384615387,346.221542845546
0.27,0.11,31384.615384615387,344.78466439907254
0.29,0.11,31384.615384615387,342.8562623663922
0.31,0.11,31384.615384615387,340.4280497132352
0.33,0.11,31384.615384615387,337.4925681612456
0.35,0.11,31384.615384615387,334.044923940561
0.37,0.11,31384.615384615387,330.0850302823133
0.39,0.11,31384.615384615387,325.6211392788505
0.01,0.13,31384.615384615387,325.83168461259226
0.03,0.13,31384.615384615387,330.7075741134979
0.05,0.13,31384.615384615387,335.0548494877733
0.07,0.13,31384.615384615387,338.85384533166683
0.09,0.13,31384.615384615387,342.0970300227311
0.11,0.13,31384.615384615387,344.7846643990724
0.13,0.13,31384.615384615387,346.9217045627224
0.15,0.13,31384.615384615387,348.5153097528789
0.17,0.13,31384.615384615387,349.57277623071064
0.19,0.13,31384.615384615387,350.0999126873044
0.21,0.13,31384.615384615387,350.0999126873044
0.23,0.13,31384.615384615387,349.5727762307107
0.25,0.13,31384.615384615387,348.51530975287903
0.27,0.13,31384.615384615387,346.92170456272254
0.29,0.13,31384.615384615387,344.78466439907254
0.31,0.13,31384.615384615387,342.09703002273125
0.33,0.13,31384.615384615387,338.85384533166695
0.35,0.13,31384.615384615387,335.0548494877734
0.37,0.13,31384.615384615387,330.707574113498
0.39,0.13,31384.615384615387,325.83168461259226
0.01,0.15,31384.615384615387,325.9878174586757
0.03,0.15,31384.615384615387,331.1695140986856
0.05,0.15,31384.615384615387,335.80496436268163
0.07,0.15,31384.615384615387,339.86605476074715
0.09,0.15,31384.615384615387,343.33940077673304
0.11,0.15,31384.615384615387,346.2215428455459
0.13,0.15,31384.615384615387,348.5153097528789
0.15,0.15,31384.615384615387,350.22680950737185
0.17,0.15,31384.615384615387,351.36293064699504
0.19,0.15,31384.615384615387,351.9293904261014
0.21,0.15,31384.615384615387,351.9293904261014
0.23,0.15,31384.615384615387,351.36293064699504
0.25,0.15,31384.615384615387,350.22680950737185
0.27,0.15,31384.615384615387,348.515309752879
0.29,0.15,31384.615384615387,346.221542845546
0.31,0.15,31384.615384615387,343.3394007767331
0.33,0.15,31384.615384615387,339.86605476074715
0.35,0.15,31384.615384615387,335.8049643626817
0.37,0.15,31384.615384615387,331.1695140986855
0.39,0.15,31384.615384615387,325.9878174586757
0.01,0.17,31384.615384615387,326.0910873205729
0.03,0.17,31384.615384615387,331.47515464673967
0.05,0.17,31384.615384615387,336.30154393987067
0.07,0.17,31384.615384615387,340.5365711526019
0.09,0.17,31384.615384615387,344.16291337460126
0.11,0.17,31384.615384615387,347.1745442448304
0.13,0.17,31384.615384615387,349.57277623071064
0.15,0.17,31384.615384615387,351.362930646995
0.17,0.17,31384.615384615387,352.5515604853558
0.19,0.17,31384.615384615387,353.1442815860874
0.21,0.17,31384.615384615387,353.1442815860874
0.23,0.17,31384.615384615387,352.5515604853559
0.25,0.17,31384.615384615387,351.36293064699504
0.27,0.17,31384.615384615387,349.57277623071064
0.29,0.17,31384.615384615387,347.17454424483043
0.31,0.17,31384.615384615387,344.1629133746013
0.33,0.17,31384.615384615387,340.5365711526019
0.35,0.17,31384.615384615387,336.30154393987067
0.37,0.17,31384.615384615387,331.4751546467396
0.39,0.17,31384.615384615387,326.09108732057285
0.01,0.19,31384.615384615387,326.14247959943367
0.03,0.19,31384.615384615387,331.6272826806882
0.05,0.19,31384.615384615387,336.54877712648835
0.07,0.19,31384.615384615387,340.8705125720047
0.09,0.19,31384.615384615387,344.5731906479753
0.11,0.19,31384.615384615387,347.6494810124144
0.13,0.19,31384.615384615387,350.0999126873044
0.15,0.19,31384.615384615387,351.9293904261013
0.17,0.19,31384.615384615387,353.14428158608735
0.19,0.19,31384.615384615387,353.7501396561425
0.21,0.19,31384.615384615387,353.7501396561425
0.23,0.19,31384.615384615387,353.1442815860875
0.25,0.19,31384.615384615387,351.9293904261014
0.27,0.19,31384.615384615387,350.0999126873044
0.29,0.19,31384.615384615387,347.64948101241447
0.31,0.19,31384.615384615387,344.57319064797537
0.33,0.19,31384.615384615387,340.8705125720047
0.35,0.19,31384.615384615387,336.54877712648823
0.37,0.19,31384.615384615387,331.6272826806881
0.39,0.19,31384.615384615387,326.1424795994336
0.01,0.21,31384.615384615387,326.14247959943367
0.03,0.21,31384.615384615387,331.62728268068827
0.05,0.21,31384.615384615387,336.5487771264883
0.07,0.21,31384.615384615387,340.8705125720047
0.09,0.21,31384.615384615387,344.57319064797537
0.11,0.21,31384.615384615387,347.6494810124144
0.13,0.21,31384.615384615387,350.0999126873044
0.15,0.21,31384.615384615387,351.9293904261013
0.17,0.21,31384.615384615387,353.14428158608735
0.19,0.21,31384.615384615387,353.7501396561425
0.21,0.21,31384.615384615387,353.7501396561425
0.23,0.21,31384.615384615387,353.14428158608746
0.25,0.21,31384.615384615387,351.9293904261014
0.27,0.21,31384.615384615387,350.0999126873044
0.29,0.21,31384.615384615387,347.64948101241447
0.31,0.21,31384.615384615387,344.5731906479753
0.33,0.21,31384.615384615387,340.8705125720047
0.35,0.21,31384.615384615387,336.54877712648823
0.37,0.21,31384.615384615387,331.6272826806881
0.39,0.21,31384.615384615387,326.1424795994336
0.01,0.23,31384.615384615387,326.0910873205729
0.03,0.23,31384.615384615387,331.47515464673967
0.05,0.23,31384.615384615387,336.3015439398707
0.07,0.23,31384.615384615387,340.5365711526019
0.09,0.23,31384.615384615387,344.1629133746013
0.11,0.23,31384.615384615387,347.17454424483043
0.13,0.23,31384.615384615387,349.57277623071064
0.15,0.23,31384.615384615387,351.362930646995
0.17,0.23,31384.615384615387,352.5515604853558
0.19,0.23,31384.615384615387,353.1442815860874
0.21,0.23,31384.615384615387,353.1442815860874
0.23,0.23,31384.615384615387,352.5515604853559
0.25,0.23,31384.615384615387,351.36293064699504
0.27,0.23,31384.615384615387,349.5727762307107
0.29,0.23,31384.615384615387,347.1745442448305
0.31,0.23,31384.615384615387,344.1629133746013
0.33,0.23,31384.615384615387,340.5365711526019
0.35,0.23,31384.615384615387,336.30154393987067
0.37,0.23,31384.615384615387,331.47515464673955
0.39,0.23,31384.615384615387,326.09108732057285
0.01,0.25,31384.615384615387,325.9878174586757
0.03,0.25,31384.615384615387,331.1695140986856
0.05,0.25,31384.615384615387,335.80496436268174
0.07,0.25,31384.615384615387,339.86605476074726
0.09,0.25,31384.615384615387,343.3394007767332
0.11,0.25,31384.615384615387,346.221542845546
0.13,0.25,31384.615384615387,348.515309752879
0.15,0.25,31384.615384615387,350.2268095073719
0.17,0.25,31384.615384615387,351.36293064699504
0.19,0.25,31384.615384615387,351.9293904261014
0.21,0.25,31384.615384615387,351.92939042610146
0.23,0.25,31384.615384615387,351.36293064699504
0.25,0.25,31384.615384615387,350.2268095073719
0.27,0.25,31384.615384615387,348.51530975287903
0.29,0.25,31384.615384615387,346.221542845546
0.31,0.25,31384.615384615387,343.3394007767331
0.33,0.25,31384.615384615387,339.86605476074715
0.35,0.25,31384.615384615387,335.8049643626816
0.37,0.25,31384.615384615387,331.1695140986855
0.39,0.25,31384.615384615387,325.9878174586757
0.01,0.27,31384.615384615387,325.83168461259226
0.03,0.27,31384.615384615387,330.707574113498
0.05,0.27,31384.615384615387,335.05484948777354
0.07,0.27,31384.615384615387,338.853845331667
0.09,0.27,31384.615384615387,342.09703002273125
0.11,0.27,31384.615384615387,344.78466439907254
0.13,0.27,31384.615384615387,346.9217045627225
0.15,0.27,31384.615384615387,348.515309752879
0.17,0.27,31384.615384615387,349.5727762307107
0.19,0.27,31384.615384615387,350.0999126873045
0.21,0.27,31384.615384615387,350.0999126873044
0.23,0.27,31384.615384615387,349.5727762307107
0.25,0.27,31384.615384615387,348.51530975287903
0.27,0.27,31384.615384615387,346.92170456272254
0.29,0.27,31384.615384615387,344.78466439907254
0.31,0.27,31384.615384615387,342.09703002273125
0.33,0.27,31384.615384615387,338.8538453316669
0.35,0.27,31384.615384615387,335.0548494877733
0.37,0.27,31384.615384615387,330.70757411349786
0.39,0.27,31384.615384615387,325.83168461259226
0.01,0.29,31384.615384615387,325.6211392788505
0.03,0.29,31384.615384615387,330.08503028231337
0.05,0.29,31384.615384615387,334.04492394056103
0.07,0.29,31384.615384615387,337.49256816124563
0.09,0.29,31384.615384615387,340.4280497132353
0.11,0.29,31384.615384615387,342.85626236639223
0.13,0.29,31384.615384615387,344.78466439907254
0.15,0.29,31384.615384615387,346.221542845546
0.17,0.29,31384.615384615387,347.17454424483043
0.19,0.29,31384.615384615387,347.6494810124144
0.21,0.29,31384.615384615387,347.6494810124144
0.23,0.29,31384.615384615387,347.1745442448304
0.25,0.29,31384.615384615387,346.221542845546
0.27,0.29,31384.615384615387,344.78466439907254
0.29,0.29,31384.615384615387,342.8562623663921
0.31,0.29,31384.615384615387,340.4280497132352
0.33,0.29,31384.615384615387,337.49256816124546
0.35,0.29,31384.615384615387,334.04492394056086
0.37,0.29,31384.615384615387,330.08503028231326
0.39,0.29,31384.615384615387,325.6211392788505
0.01,0.31,31384.615384615387,325.3538631415522
0.03,0.31,31384.615384615387,329.29565421729694
0.05,0.31,31384.615384615387,332.7665746132858
0.07,0.31,31384.615384615387,335.7727551243511
0.09,0.31,31384.615384615387,338.3232647465828
0.11,0.31,31384.615384615387,340.4280497132353
0.13,0.31,31384.615384615387,342.0970300227313
0.15,0.31,31384.615384615387,343.3394007767331
0.17,0.31,31384.615384615387,344.1629133746013
0.19,0.31,31384.615384615387,344.57319064797537
0.21,0.31,31384.615384615387,344.5731906479753
0.23,0.31,31384.615384615387,344.1629133746013
0.25,0.31,31384.615384615387,343.33940077673304
0.27,0.31,31384.615384615387,342.0970300227312
0.29,0.31,31384.615384615387,340.4280497132351
0.31,0.31,31384.615384615387,338.3232647465826
0.33,0.31,31384.615384615387,335.77275512435085
0.35,0.31,31384.615384615387,332.7665746132856
0.37,0.31,31384.615384615387,329.2956542172968
0.39,0.31,31384.615384615387,325.3538631415522
0.01,0.33,31384.615384615387,325.0261983489683
0.03,0.33,31384.615384615387,328.3301857976461
0.05,0.33,31384.615384615387,331.2080173263233
0.07,0.33,31384.615384615387,333.68273275471984
0.09,0.33,31384.615384615387,335.7727551243511
0.11,0.33,31384.615384615387,337.49256816124563
0.13,0.33,31384.615384615387,338.85384533166695
0.15,0.33,31384.615384615387,339.8660547607472
0.17,0.33,31384.615384615387,340.5365711526019
0.19,0.33,31384.615384615387,340.8705125720047
0.21,0.33,31384.615384615387,340.8705125720047
0.23,0.33,31384.615384615387,340.5365711526018
0.25,0.33,31384.615384615387,339.8660547607472
0.27,0.33,31384.615384615387,338.8538453316669
0.29,0.33,31384.615384615387,337.4925681612455
0.31,0.33,31384.615384615387,335.7727551243509
0.33,0.33,31384.615384615387,333.6827327547197
0.35,0.33,31384.615384615387,331.2080173263232
0.37,0.33,31384.615384615387,328.33018579764604
0.39,0.33,31384.615384615387,325.02619834896825
0.01,0.35,31384.615384615387,324.6315920378768
0.03,0.35,31384.615384615387,327.173661331634
0.05,0.35,31384.615384615387,329.352334794449
0.07,0.35,31384.615384615387,331.2080173263232
0.09,0.35,31384.615384615387,332.7665746132858
0.11,0.35,31384.615384615387,334.04492394056103
0.13,0.35,31384.615384615387,335.0548494877735
0.15,0.35,31384.615384615387,335.8049643626817
0.17,0.35,31384.615384615387,336.30154393987067
0.19,0.35,31384.615384615387,336.5487771264883
0.21,0.35,31384.615384615387,336.5487771264883
0.23,0.35,31384.615384615387,336.30154393987067
0.25,0.35,31384.615384615387,335.8049643626817
0.27,0.35,31384.615384615387,335.0548494877735
0.29,0.35,31384.615384615387,334.044923940561
0.31,0.35,31384.615384615387,332.7665746132857
0.33,0.35,31384.615384615387,331.2080173263232
0.35,0.35,31384.615384615387,329.3523347944489
0.37,0.35,31384.615384615387,327.173661331634
0.39,0.35,31384.615384615387,324.6315920378768
0.01,0.37,31384.615384615387,324.15606444769776
0.03,0.37,31384.615384615387,325.7993718085196
0.05,0.37,31384.615384615387,327.173661331634
0.07,0.37,31384.615384615387,328.3301857976461
0.09,0.37,31384.615384615387,329.2956542172969
0.11,0.37,31384.615384615387,330.0850302823133
0.13,0.37,31384.615384615387,330.7075741134979
0.15,0.37,31384.615384615387,331.1695140986855
0.17,0.37,31384.615384615387,331.4751546467396
0.19,0.37,31384.615384615387,331.6272826806881
0.21,0.37,31384.615384615387,331.6272826806881
0.23,0.37,31384.615384615387,331.47515464673955
0.25,0.37,31384.615384615387,331.1695140986855
0.27,0.37,31384.615384615387,330.7075741134979
0.29,0.37,31384.615384615387,330.08503028231326
0.31,0.37,31384.615384615387,329.2956542172968
0.33,0.37,31384.615384615387,328.3301857976461
0.35,0.37,31384.615384615387,327.173661331634
0.37,0.37,31384.615384615387,325.7993718085196
0.39,0.37,31384.615384615387,324.15606444769776
0.01,0.39,31384.615384615387,323.5632067556215
0.03,0.39,31384.615384615387,324.15606444769776
0.05,0.39,31384.615384615387,324.6315920378768
0.07,0.39,31384.615384615387,325.0261983489683
0.09,0.39,31384.615384615387,325.3538631415522
0.11,0.39,31384.615384615387,325.6211392788505
0.13,0.39,31384.615384615387,325.83168461259226
0.15,0.39,31384.615384615387,325.9878174586757
0.17,0.39,31384.615384615387,326.09108732057285
0.19,0.39,31384.615384615387,326.14247959943367
0.21,0.39,31384.615384615387,326.14247959943367
0.23,0.39,31384.615384615387,326.09108732057285
0.25,0.39,31384.615384615387,325.9878174586757
0.27,0.39,31384.615384615387,325.83168461259226
0.29,0.39,31384.615384615387,325.6211392788505
0.31,0.39,31384.615384615387,325.3538631415522
0.33,0.39,31384.615384615387,325.0261983489683
0.35,0.39,31384.615384615387,324.6315920378768
0.37,0.39,31384.615384615387,324.15606444769776
0.39,0.39,31384.615384615387,323.5632067556214
0.01,0.01,33230.769230769234,323.5365510022244
0.03,0.01,33230.769230769234,324.0930807553977
0.05,0.01,33230.769230769234,324.5410958065453
0.07,0.01,33230.769230769234,324.9142702632286
0.09,0.01,33230.769230769234,325.225305168239
0.11,0.01,33230.769230769234,325.47992995210285
0.13,0.01,33230.769230769234,325.6811632684922
0.15,0.01,33230.769230769234,325.8308007367153
0.17,0.01,33230.769230769234,325.9299806408393
0.19,0.01,33230.769230769234,325.9794017501268
0.21,0.01,33230.769230769234,325.9794017501268
0.23,0.01,33230.769230769234,325.9299806408393
0.25,0.01,33230.769230769234,325.83080073671533
0.27,0.01,33230.769230769234,325.6811632684922
0.29,0.01,33230.769230769234,325.47992995210285
0.31,0.01,33230.769230769234,325.225305168239
0.33,0.01,33230.769230769234,324.9142702632286
0.35,0.01,33230.769230769234,324.54109580654534
0.37,0.01,33230.769230769234,324.0930807553977
0.39,0.01,33230.769230769234,323.5365510022244
0.01,0.03,33230.769230769234,324.0930807553977
0.03,0.03,33230.769230769234,325.6375158678936
0.05,0.03,33230.769230769234,326.9333148372289
0.07,0.03,33230.769230769234,328.0276909565433
0.09,0.03,33230.769230769234,328.9446243832226
0.11,0.03,33230.769230769234,329.6969665658346
0.13,0.03,33230.769230769234,330.29220723984605
0.15,0.03,33230.769230769234,330.7350832607597
0.17,0.03,33230.769230769234,331.0287117941306
0.19,0.03,33230.769230769234,331.1750483164354
0.21,0.03,33230.769230769234,331.1750483164354
0.23,0.03,33230.769230769234,331.0287117941305
0.25,0.03,33230.769230769234,330.7350832607597
0.27,0.03,33230.769230769234,330.29220723984605
0.29,0.03,33230.769230769234,329.6969665658346
0.31,0.03,33230.769230769234,328.9446243832227
0.33,0.03,33230.769230769234,328.0276909565433
0.35,0.03,33230.769230769234,326.9333148372289
0.37,0.03,33230.769230769234,325.6375158678936
0.39,0.03,33230.769230769234,324.0930807553977
0.01,0.05,33230.769230769234,324.5410958065453
0.03,0.05,33230.769230769234,326.9333148372289
0.05,0.05,33230.769230769234,328.9897885581102
0.07,0.05,33230.769230769234,330.7474034243705
0.09,0.05,33230.769230769234,332.2288478382312
0.11,0.05,33230.769230769234,333.4481451035716
0.13,0.05,33230.769230769234,334.4144483294284
0.15,0.05,33230.769230769234,335.13406994580805
0.17,0.05,33230.769230769234,335.6114232218288
0.19,0.05,33230.769230769234,335.8493832587961
0.21,0.05,33230.769230769234,335.8493832587961
0.23,0.05,33230.769230769234,335.6114232218288
0.25,0.05,33230.769230769234,335.1340699458081
0.27,0.05,33230.769230769234,334.4144483294284
0.29,0.05,33230.769230769234,333.4481451035717
0.31,0.05,33230.769230769234,332.22884783823133
0.33,0.05,33230.769230769234,330.74740342437053
0.35,0.05,33230.769230769234,328.98978855811026
0.37,0.05,33230.769230769234,326.9333148372289
0.39,0.05,33230.769230769234,324.54109580654534
0.01,0.07,33230.769230769234,324.9142702632286
0.03,0.07,33230.769230769234,328.02769095654327
0.05,0.07,33230.769230769234,330.7474034243705
0.07,0.07,33230.769230769234,333.0939184749043
0.09,0.07,33230.769230769234,335.08254391445166
0.11,0.07,33230.769230769234,336.7244535825768
0.13,0.07,33230.769230769234,338.0280785871553
0.15,0.07,33230.769230769234,338.9999484213044
0.17,0.07,33230.769230769234,339.6450177363756
0.19,0.07,33230.769230769234,339.96668285211763
0.21,0.07,33230.769230769234,339.96668285211763
0.23,0.07,33230.769230769234,339.6450177363756
0.25,0.07,33230.769230769234,338.99994842130434
0.27,0.07,33230.769230769234,338.0280785871553
0.29,0.07,33230.769230769234,336.72445358257687
0.31,0.07,33230.769230769234,335.0825439144518
0.33,0.07,33230.769230769234,333.0939184749044
0.35,0.07,33230.769230769234,330.74740342437053
0.37,0.07,33230.769230769234,328.0276909565433
0.39,0.07,33230.769230769234,324.9142702632286
0.01,0.09,33230.769230769234,325.225305168239
0.03,0.09,33230.769230769234,328.9446243832226
0.05,0.09,33230.769230769234,332.2288478382312
0.07,0.09,33230.769230769234,335.08254391445166
0.09,0.09,33230.769230769234,337.51190776948295
0.11,0.09,33230.769230769234,339.52337339823254
0.13,0.09,33230.769230769234,341.1231961410664
0.15,0.09,33230.769230769234,342.3171446167023
0.17,0.09,33230.769230769234,343.11010351861404
0.19,0.09,33230.769230769234,343.5056399159685
0.21,0.09,33230.769230769234,343.5056399159685
0.23,0.09,33230.769230769234,343.110103518614
0.25,0.09,33230.769230769234,342.3171446167023
0.27,0.09,33230.769230769234,341.1231961410664
0.29,0.09,33230.769230769234,339.52337339823254
0.31,0.09,33230.769230769234,337.511907769483
0.33,0.09,33230.769230769234,335.0825439144518
0.35,0.09,33230.769230769234,332.2288478382313
0.37,0.09,33230.769230769234,328.9446243832227
0.39,0.09,33230.769230769234,325.225305168239
0.01,0.11,33230.769230769234,325.4799299521028
0.03,0.11,33230.769230769234,329.6969665658346
0.05,0.11,33230.769230769234,333.4481451035716
0.07,0.11,33230.769230769234,336.7244535825768
0.09,0.11,33230.769230769234,339.5233733982325
0.11,0.11,33230.769230769234,341.84619476663806
0.13,0.11,33230.769230769234,343.6964193008129
0.15,0.11,33230.769230769234,345.0785404776446
0.17,0.11,33230.769230769234,345.99698947141314
0.19,0.11,33230.769230769234,346.4552572475304
0.21,0.11,33230.769230769234,346.4552572475304
0.23,0.11,33230.769230769234,345.99698947141314
0.25,0.11,33230.769230769234,345.0785404776446
0.27,0.11,33230.769230769234,343.696419300813
0.29,0.11,33230.769230769234,341.8461947666381
0.31,0.11,33230.769230769234,339.52337339823254
0.33,0.11,33230.769230769234,336.7244535825768
0.35,0.11,33230.769230769234,333.4481451035717
0.37,0.11,33230.769230769234,329.6969665658346
0.39,0.11,33230.769230769234,325.47992995210285
0.01,0.13,33230.769230769234,325.6811632684922
0.03,0.13,33230.769230769234,330.29220723984605
0.05,0.13,33230.769230769234,334.41444832942835
0.07,0.13,33230.769230769234,338.0280785871553
0.09,0.13,33230.769230769234,341.1231961410663
0.11,0.13,33230.769230769234,343.6964193008129
0.13,0.13,33230.769230769234,345.74854472749973
0.15,0.13,33230.769230769234,347.2826673413214
0.17,0.13,33230.769230769234,348.3026039899863
0.19,0.13,33230.769230769234,348.8116378501158
0.21,0.13,33230.769230769234,348.8116378501158
0.23,0.13,33230.769230769234,348.3026039899863
0.25,0.13,33230.769230769234,347.2826673413214
0.27,0.13,33230.769230769234,345.74854472749973
0.29,0.13,33230.769230769234,343.696419300813
0.31,0.13,33230.769230769234,341.1231961410664
0.33,0.13,33230.769230769234,338.0280785871553
0.35,0.13,33230.769230769234,334.4144483294284
0.37,0.13,33230.769230769234,330.29220723984605
0.39,0.13,33230.769230769234,325.6811632684922
0.01,0.15,33230.769230769234,325.83080073671533
0.03,0.15,33230.769230769234,330.7350832607597
0.05,0.15,33230.769230769234,335.13406994580805
0.07,0.15,33230.769230769234,338.9999484213044
0.09,0.15,33230.769230769234,342.3171446167023
0.11,0.15,33230.769230769234,345.0785404776446
0.13,0.15,33230.769230769234,347.2826673413214
0.15,0.15,33230.769230769234,348.9313773320592
0.17,0.15,33230.769230769234,350.0278895142639
0.19,0.15,33230.769230769234,350.5752473636141
0.21,0.15,33230.769230769234,350.5752473636141
0.23,0.15,33230.769230769234,350.0278895142639
0.25,0.15,33230.769230769234,348.9313773320592
0.27,0.15,33230.769230769234,347.28266734132137
0.29,0.15,33230.769230769234,345.0785404776446
0.31,0.15,33230.769230769234,342.3171446167023
0.33,0.15,33230.769230769234,338.99994842130434
0.35,0.15,33230.769230769234,335.13406994580805
0.37,0.15,33230.769230769234,330.7350832607597
0.39,0.15,33230.769230769234,325.8308007367153
0.01,0.17,33230.769230769234,325.9299806408393
0.03,0.17,33230.769230769234,331.0287117941305
0.05,0.17,33230.769230769234,335.6114232218288
0.07,0.17,33230.769230769234,339.6450177363756
0.09,0.17,33230.769230769234,343.110103518614
0.11,0.17,33230.769230769234,345.9969894714131
0.13,0.17,33230.769230769234,348.3026039899863
0.15,0.17,33230.769230769234,350.0278895142639
0.17,0.17,33230.769230769234,351.17560630461577
0.19,0.17,33230.769230769234,351.7485997401571
0.21,0.17,33230.769230769234,351.74859974015715
0.23,0.17,33230.769230769234,351.1756063046158
0.25,0.17,33230.769230769234,350.0278895142639
0.27,0.17,33230.769230769234,348.30260398998627
0.29,0.17,33230.769230769234,345.99698947141314
0.31,0.17,33230.769230769234,343.11010351861404
0.33,0.17,33230.769230769234,339.6450177363756
0.35,0.17,33230.769230769234,335.6114232218288
0.37,0.17,33230.769230769234,331.0287117941305
0.39,0.17,33230.769230769234,325.92998064083923
0.01,0.19,33230.769230769234,325.9794017501267
0.03,0.19,33230.769230769234,331.1750483164354
0.05,0.19,33230.769230769234,335.8493832587961
0.07,0.19,33230.769230769234,339.9666828521176
0.09,0.19,33230.769230769234,343.5056399159685
0.11,0.19,33230.769230769234,346.4552572475304
0.13,0.19,33230.769230769234,348.81163785011574
0.15,0.19,33230.769230769234,350.57524736361404
0.17,0.19,33230.769230769234,351.74859974015703
0.19,0.19,33230.769230769234,352.3344302834256
0.21,0.19,33230.769230769234,352.33443028342566
0.23,0.19,33230.769230769234,351.74859974015715
0.25,0.19,33230.769230769234,350.5752473636141
0.27,0.19,33230.769230769234,348.8116378501158
0.29,0.19,33230.769230769234,346.4552572475304
0.31,0.19,33230.769230769234,343.5056399159685
0.33,0.19,33230.769230769234,339.96668285211763
0.35,0.19,33230.769230769234,335.8493832587961
0.37,0.19,33230.769230769234,331.1750483164354
0.39,0.19,33230.769230769234,325.9794017501267
0.01,0.21,33230.769230769234,325.9794017501268
0.03,0.21,33230.769230769234,331.17504831643544
0.05,0.21,33230.769230769234,335.8493832587961
0.07,0.21,33230.769230769234,339.9666828521176
0.09,0.21,33230.769230769234,343.50563991596846
0.11,0.21,33230.769230769234,346.4552572475304
0.13,0.21,33230.769230769234,348.81163785011574
0.15,0.21,33230.769230769234,350.57524736361404
0.17,0.21,33230.769230769234,351.74859974015703
0.19,0.21,33230.769230769234,352.3344302834256
0.21,0.21,33230.769230769234,352.33443028342566
0.23,0.21,33230.769230769234,351.74859974015715
0.25,0.21,33230.769230769234,350.5752473636141
0.27,0.21,33230.769230769234,348.81163785011586
0.29,0.21,33230.769230769234,346.4552572475305
0.31,0.21,33230.769230769234,343.5056399159686
0.33,0.21,33230.769230769234,339.9666828521177
0.35,0.21,33230.769230769234,335.8493832587961
0.37,0.21,33230.769230769234,331.1750483164354
0.39,0.21,33230.769230769234,325.9794017501267
0.01,0.23,33230.769230769234,325.92998064083923
0.03,0.23,33230.769230769234,331.0287117941305
0.05,0.23,33230.769230769234,335.6114232218288
0.07,0.23,33230.769230769234,339.6450177363756
0.09,0.23,33230.769230769234,343.110103518614
0.11,0.23,33230.769230769234,345.9969894714131
0.13,0.23,33230.769230769234,348.30260398998627
0.15,0.23,33230.769230769234,350.0278895142638
0.17,0.23,33230.769230769234,351.1756063046157
0.19,0.23,33230.769230769234,351.74859974015703
0.21,0.23,33230.769230769234,351.7485997401571
0.23,0.23,33230.769230769234,351.17560630461577
0.25,0.23,33230.769230769234,350.0278895142639
0.27,0.23,33230.769230769234,348.3026039899863
0.29,0.23,33230.769230769234,345.9969894714132
0.31,0.23,33230.769230769234,343.11010351861404
0.33,0.23,33230.769230769234,339.6450177363756
0.35,0.23,33230.769230769234,335.61142322182883
0.37,0.23,33230.769230769234,331.0287117941305
0.39,0.23,33230.769230769234,325.92998064083923
0.01,0.25,33230.769230769234,325.83080073671533
0.03,0.25,33230.769230769234,330.7350832607597
0.05,0.25,33230.769230769234,335.1340699458081
0.07,0.25,33230.769230769234,338.9999484213044
0.09,0.25,33230.769230769234,342.3171446167023
0.11,0.25,33230.769230769234,345.07854047764454
0.13,0.25,33230.769230769234,347.28266734132137
0.15,0.25,33230.769230769234,348.93137733205907
0.17,0.25,33230.769230769234,350.0278895142638
0.19,0.25,33230.769230769234,350.57524736361404
0.21,0.25,33230.769230769234,350.57524736361404
0.23,0.25,33230.769230769234,350.0278895142639
0.25,0.25,33230.769230769234,348.9313773320592
0.27,0.25,33230.769230769234,347.2826673413214
0.29,0.25,33230.769230769234,345.07854047764465
0.31,0.25,33230.769230769234,342.3171446167024
0.33,0.25,33230.769230769234,338.99994842130434
0.35,0.25,33230.769230769234,335.1340699458081
0.37,0.25,33230.769230769234,330.7350832607597
0.39,0.25,33230.769230769234,325.8308007367153
0.01,0.27,33230.769230769234,325.6811632684922
0.03,0.27,33230.769230769234,330.29220723984605
0.05,0.27,33230.769230769234,334.41444832942847
0.07,0.27,33230.769230769234,338.02807858715533
0.09,0.27,33230.769230769234,341.1231961410664
0.11,0.27,33230.769230769234,343.696419300813
0.13,0.27,33230.769230769234,345.74854472749973
0.15,0.27,33230.769230769234,347.28266734132137
0.17,0.27,33230.769230769234,348.30260398998627
0.19,0.27,33230.769230769234,348.81163785011574
0.21,0.27,33230.769230769234,348.8116378501158
0.23,0.27,33230.769230769234,348.3026039899863
0.25,0.27,33230.769230769234,347.2826673413214
0.27,0.27,33230.769230769234,345.74854472749973
0.29,0.27,33230.769230769234,343.696419300813
0.31,0.27,33230.769230769234,341.1231961410664
0.33,0.27,33230.769230769234,338.0280785871553
0.35,0.27,33230.769230769234,334.4144483294284
0.37,0.27,33230.769230769234,330.29220723984605
0.39,0.27,33230.769230769234,325.6811632684922
0.01,0.29,33230.769230769234,325.47992995210285
0.03,0.29,33230.769230769234,329.69696656583466
0.05,0.29,33230.769230769234,333.44814510357173
0.07,0.29,33230.769230769234,336.72445358257687
0.09,0.29,33230.769230769234,339.5233733982326
0.11,0.29,33230.769230769234,341.8461947666381
0.13,0.29,33230.769230769234,343.696419300813
0.15,0.29,33230.769230769234,345.0785404776446
0.17,0.29,33230.769230769234,345.99698947141314
0.19,0.29,33230.769230769234,346.4552572475304
0.21,0.29,33230.769230769234,346.4552572475304
0.23,0.29,33230.769230769234,345.99698947141314
0.25,0.29,33230.769230769234,345.0785404776446
0.27,0.29,33230.769230769234,343.69641930081303
0.29,0.29,33230.769230769234,341.8461947666381
0.31,0.29,33230.769230769234,339.52337339823254
0.33,0.29,33230.769230769234,336.7244535825768
0.35,0.29,33230.769230769234,333.4481451035716
0.37,0.29,33230.769230769234,329.6969665658346
0.39,0.29,33230.769230769234,325.47992995210285
0.01,0.31,33230.769230769234,325.225305168239
0.03,0.31,33230.769230769234,328.9446243832228
0.05,0.31,33230.769230769234,332.2288478382314
0.07,0.31,33230.769230769234,335.08254391445183
0.09,0.31,33230.769230769234,337.51190776948306
0.11,0.31,33230.769230769234,339.5233733982326
0.13,0.31,33230.769230769234,341.1231961410664
0.15,0.31,33230.769230769234,342.3171446167024
0.17,0.31,33230.769230769234,343.11010351861404
0.19,0.31,33230.769230769234,343.5056399159685
0.21,0.31,33230.769230769234,343.5056399159685
0.23,0.31,33230.769230769234,343.110103518614
0.25,0.31,33230.769230769234,342.3171446167023
0.27,0.31,33230.769230769234,341.1231961410664
0.29,0.31,33230.769230769234,339.52337339823254
0.31,0.31,33230.769230769234,337.51190776948295
0.33,0.31,33230.769230769234,335.08254391445166
0.35,0.31,33230.769230769234,332.2288478382312
0.37,0.31,33230.769230769234,328.9446243832226
0.39,0.31,33230.769230769234,325.22530516823895
0.01,0.33,33230.769230769234,324.9142702632288
0.03,0.33,33230.769230769234,328.02769095654344
0.05,0.33,33230.769230769234,330.7474034243706
0.07,0.33,33230.769230769234,333.0939184749045
0.09,0.33,33230.769230769234,335.08254391445183
0.11,0.33,33230.769230769234,336.7244535825769
0.13,0.33,33230.769230769234,338.0280785871554
0.15,0.33,33230.769230769234,338.99994842130445
0.17,0.33,33230.769230769234,339.6450177363756
0.19,0.33,33230.769230769234,339.96668285211763
0.21,0.33,33230.769230769234,339.96668285211763
0.23,0.33,33230.769230769234,339.6450177363756
0.25,0.33,33230.769230769234,338.9999484213044
0.27,0.33,33230.769230769234,338.0280785871553
0.29,0.33,33230.769230769234,336.7244535825768
0.31,0.33,33230.769230769234,335.0825439144517
0.33,0.33,33230.769230769234,333.09391847490434
0.35,0.33,33230.769230769234,330.7474034243705
0.37,0.33,33230.769230769234,328.02769095654327
0.39,0.33,33230.769230769234,324.9142702632286
0.01,0.35,33230.769230769234,324.54109580654534
0.03,0.35,33230.769230769234,326.933314837229
0.05,0.35,33230.769230769234,328.9897885581104
0.07,0.35,33230.769230769234,330.7474034243706
0.09,0.35,33230.769230769234,332.2288478382314
0.11,0.35,33230.769230769234,333.4481451035718
0.13,0.35,33230.769230769234,334.4144483294285
0.15,0.35,33230.769230769234,335.13406994580816
0.17,0.35,33230.769230769234,335.61142322182883
0.19,0.35,33230.769230769234,335.8493832587961
0.21,0.35,33230.769230769234,335.8493832587961
0.23,0.35,33230.769230769234,335.6114232218288
0.25,0.35,33230.769230769234,335.1340699458081
0.27,0.35,33230.769230769234,334.41444832942847
0.29,0.35,33230.769230769234,333.4481451035717
0.31,0.35,33230.769230769234,332.2288478382313
0.33,0.35,33230.769230769234,330.7474034243705
0.35,0.35,33230.769230769234,328.98978855811026
0.37,0.35,33230.769230769234,326.9333148372289
0.39,0.35,33230.769230769234,324.54109580654534
0.01,0.37,33230.769230769234,324.0930807553977
0.03,0.37,33230.769230769234,325.6375158678936
0.05,0.37,33230.769230769234,326.933314837229
0.07,0.37,33230.769230769234,328.0276909565434
0.09,0.37,33230.769230769234,328.9446243832227
0.11,0.37,33230.769230769234,329.69696656583466
0.13,0.37,33230.769230769234,330.2922072398461
0.15,0.37,33230.769230769234,330.7350832607598
0.17,0.37,33230.769230769234,331.0287117941306
0.19,0.37,33230.769230769234,331.1750483164354
0.21,0.37,33230.769230769234,331.1750483164354
0.23,0.37,33230.769230769234,331.0287117941306
0.25,0.37,33230.769230769234,330.7350832607597
0.27,0.37,33230.769230769234,330.2922072398461
0.29,0.37,33230.769230769234,329.69696656583466
0.31,0.37,33230.769230769234,328.9446243832227
0.33,0.37,33230.769230769234,328.0276909565433
0.35,0.37,33230.769230769234,326.9333148372289
0.37,0.37,33230.769230769234,325.6375158678936
0.39,0.37,33230.769230769234,324.0930807553977
0.01,0.39,33230.769230769234,323.5365510022244
0.03,0.39,33230.769230769234,324.0930807553977
0.05,0.39,33230.769230769234,324.54109580654534
0.07,0.39,33230.769230769234,324.9142702632288
0.09,0.39,33230.769230769234,325.225305168239
0.11,0.39,33230.769230769234,325.47992995210285
0.13,0.39,33230.769230769234,325.68116326849224
0.15,0.39,33230.769230769234,325.8308007367153
0.17,0.39,33230.769230769234,325.9299806408393
0.19,0.39,33230.769230769234,325.9794017501268
0.21,0.39,33230.769230769234,325.9794017501268
0.23,0.39,33230.769230769234,325.9299806408393
0.25,0.39,33230.769230769234,325.83080073671533
0.27,0.39,33230.769230769234,325.6811632684922
0.29,0.39,33230.769230769234,325.47992995210285
0.31,0.39,33230.769230769234,325.225305168239
0.33,0.39,33230.769230769234,324.9142702632288
0.35,0.39,33230.769230769234,324.54109580654534
0.37,0.39,33230.769230769234,324.0930807553977
0.39,0.39,33230.769230769234,323.5365510022244
0.01,0.01,35076.92307692308,323.5119544870291
0.03,0.01,35076.92307692308,324.0342405526159
0.05,0.01,35076.92307692308,324.4557810001894
0.07,0.01,35076.92307692308,324.80789254383666
0.09,0.01,35076.92307692308,325.10221764825934
0.11,0.01,35076.92307692308,325.34383408595266
0.13,0.01,35076.92307692308,325.53526986412186
0.15,0.01,35076.92307692308,325.6779255493458
0.17,0.01,35076.92307692308,325.7726307527085
0.19,0.01,35076.92307692308,325.8198696985357
0.21,0.01,35076.92307692308,325.8198696985356
0.23,0.01,35076.92307692308,325.77263075270844
0.25,0.01,35076.92307692308,325.67792554934573
0.27,0.01,35076.92307692308,325.53526986412186
0.29,0.01,35076.92307692308,325.3438340859526
0.31,0.01,35076.92307692308,325.10221764825934
0.33,0.01,35076.92307692308,324.80789254383666
0.35,0.01,35076.92307692308,324.4557810001894
0.37,0.01,35076.92307692308,324.0342405526159
0.39,0.01,35076.92307692308,323.5119544870291
0.01,0.03,35076.92307692308,324.0342405526159
0.03,0.03,35076.92307692308,325.4848418762075
0.05,0.03,35076.92307692308,326.70479670569426
0.07,0.03,35076.92307692308,327.73791181857416
0.09,0.03,35076.92307692308,328.6059613915889
0.11,0.03,35076.92307692308,329.3201500016793
0.13,0.03,35076.92307692308,329.8866171346867
0.15,0.03,35076.92307692308,330.3089741263993
0.17,0.03,35076.92307692308,330.5894462245317
0.19,0.03,35076.92307692308,330.72936531602926
0.21,0.03,35076.92307692308,330.7293653160292
0.23,0.03,35076.92307692308,330.5894462245317
0.25,0.03,35076.92307692308,330.3089741263992
0.27,0.03,35076.92307692308,329.8866171346866
0.29,0.03,35076.92307692308,329.3201500016792
0.31,0.03,35076.92307692308,328.605961391589
0.33,0.03,35076.92307692308,327.7379118185742
0.35,0.03,35076.92307692308,326.7047967056943
0.37,0.03,35076.92307692308,325.4848418762075
0.39,0.03,35076.92307692308,324.0342405526159
0.01,0.05,35076.92307692308,324.4557810001894
0.03,0.05,35076.92307692308,326.70479670569426
0.05,0.05,35076.92307692308,328.6425313047455
0.07,0.05,35076.92307692308,330.3030234727348
0.09,0.05,35076.92307692308,331.7064800311586
0.11,0.05,35076.92307692308,332.8647139292399
0.13,0.05,35076.92307692308,333.78489007324004
0.15,0.05,35076.92307692308,334.47158904889244
0.17,0.05,35076.92307692308,334.9278235027832
0.19,0.05,35076.92307692308,335.1554800469468
0.21,0.05,35076.92307692308,335.1554800469468
0.23,0.05,35076.92307692308,334.9278235027832
0.25,0.05,35076.92307692308,334.47158904889244
0.27,0.05,35076.92307692308,333.78489007324
0.29,0.05,35076.92307692308,332.8647139292399
0.31,0.05,35076.92307692308,331.7064800311586
0.33,0.05,35076.92307692308,330.3030234727348
0.35,0.05,35076.92307692308,328.6425313047455
0.37,0.05,35076.92307692308,326.70479670569426
0.39,0.05,35076.92307692308,324.4557810001894
0.01,0.07,35076.92307692308,324.80789254383666
0.03,0.07,35076.92307692308,327.7379118185741
0.05,0.07,35076.92307692308,330.3030234727347
0.07,0.07,35076.92307692308,332.5218580909328
0.09,0.07,35076.92307692308,334.40740272866753
0.11,0.07,35076.92307692308,335.9683623573546
0.13,0.07,35076.92307692308,337.21074217679944
0.15,0.07,35076.92307692308,338.1388649726371
0.17,0.07,35076.92307692308,338.7558620909327
0.19,0.07,35076.92307692308,339.06382941929627
0.21,0.07,35076.92307692308,339.0638294192963
0.23,0.07,35076.92307692308,338.75586209093274
0.25,0.07,35076.92307692308,338.1388649726372
0.27,0.07,35076.92307692308,337.2107421767995
0.29,0.07,35076.92307692308,335.9683623573546
0.31,0.07,35076.92307692308,334.4074027286676
0.33,0.07,35076.92307692308,332.5218580909328
0.35,0.07,35076.92307692308,330.3030234727348
0.37,0.07,35076.92307692308,327.73791181857416
0.39,0.07,35076.92307692308,324.80789254383666
0.01,0.09,35076.92307692308,325.10221764825934
0.03,0.09,35076.92307692308,328.6059613915889
0.05,0.09,35076.92307692308,331.7064800311585
0.07,0.09,35076.92307692308,334.40740272866753
0.09,0.09,35076.92307692308,336.712908576894
0.11,0.09,35076.92307692308,338.62687383500645
0.13,0.09,35076.92307692308,340.1528366121541
0.15,0.09,35076.92307692308,341.29399690317
0.17,0.09,35076.92307692308,342.0530749543775
0.19,0.09,35076.92307692308,342.4320785198807
0.21,0.09,35076.92307692308,342.4320785198807
0.23,0.09,35076.92307692308,342.0530749543776
0.25,0.09,35076.92307692308,341.29399690317
0.27,0.09,35076.92307692308,340.1528366121541
0.29,0.09,35076.92307692308,338.6268738350065
0.31,0.09,35076.92307692308,336.712908576894
0.33,0.09,35076.92307692308,334.4074027286676
0.35,0.09,35076.92307692308,331.7064800311586
0.37,0.09,35076.92307692308,328.6059613915889
0.39,0.09,35076.92307692308,325.1022176482594
0.01,0.11,35076.92307692308,325.3438340859526
0.03,0.11,35076.92307692308,329.3201500016792
0.05,0.11,35076.92307692308,332.86471392923977
0.07,0.11,35076.92307692308,335.9683623573545
0.09,0.11,35076.92307692308,338.62687383500645
0.11,0.11,35076.92307692308,340.83897119459294
0.13,0.11,35076.92307692308,342.6052432610932
0.15,0.11,35076.92307692308,343.9273418179095
0.17,0.11,35076.92307692308,344.8072641670895
0.19,0.11,35076.92307692308,345.2467328092335
0.21,0.11,35076.92307692308,345.2467328092335
0.23,0.11,35076.92307692308,344.8072641670896
0.25,0.11,35076.92307692308,343.9273418179095
0.27,0.11,35076.92307692308,342.6052432610932
0.29,0.11,35076.92307692308,340.838971194593
0.31,0.11,35076.92307692308,338.62687383500645
0.33,0.11,35076.92307692308,335.9683623573546
0.35,0.11,35076.92307692308,332.8647139292399
0.37,0.11,35076.92307692308,329.3201500016793
0.39,0.11,35076.92307692308,325.34383408595266
0.01,0.13,35076.92307692308,325.5352698641218
0.03,0.13,35076.92307692308,329.8866171346866
0.05,0.13,35076.92307692308,333.78489007324
0.07,0.13,35076.92307692308,337.2107421767994
0.09,0.13,35076.92307692308,340.15283661215403
0.11,0.13,35076.92307692308,342.6052432610932
0.13,0.13,35076.92307692308,344.5657121256172
0.15,0.13,35076.92307692308,346.03429319622313
0.17,0.13,35076.92307692308,347.01216247769
0.19,0.13,35076.92307692308,347.5006713882028
0.21,0.13,35076.92307692308,347.5006713882028
0.23,0.13,35076.92307692308,347.01216247769
0.25,0.13,35076.92307692308,346.0342931962232
0.27,0.13,35076.92307692308,344.5657121256172
0.29,0.13,35076.92307692308,342.6052432610932
0.31,0.13,35076.92307692308,340.1528366121541
0.33,0.13,35076.92307692308,337.21074217679944
0.35,0.13,35076.92307692308,333.78489007324
0.37,0.13,35076.92307692308,329.8866171346867
0.39,0.13,35076.92307692308,325.53526986412186
0.01,0.15,35076.92307692308,325.6779255493457
0.03,0.15,35076.92307692308,330.3089741263992
0.05,0.15,35076.92307692308,334.4715890488924
0.07,0.15,35076.92307692308,338.1388649726372
0.09,0.15,35076.92307692308,341.29399690317
0.11,0.15,35076.92307692308,343.9273418179095
0.13,0.15,35076.92307692308,346.03429319622313
0.15,0.15,35076.92307692308,347.61351260423714
0.17,0.15,35076.92307692308,348.6654270786242
0.19,0.15,35076.92307692308,349.19102784657355
0.21,0.15,35076.92307692308,349.1910278465736
0.23,0.15,35076.92307692308,348.6654270786243
0.25,0.15,35076.92307692308,347.61351260423714
0.27,0.15,35076.92307692308,346.0342931962232
0.29,0.15,35076.92307692308,343.9273418179095
0.31,0.15,35076.92307692308,341.29399690317
0.33,0.15,35076.92307692308,338.1388649726371
0.35,0.15,35076.92307692308,334.4715890488924
0.37,0.15,35076.92307692308,330.3089741263992
0.39,0.15,35076.92307692308,325.67792554934573
0.01,0.17,35076.92307692308,325.77263075270844
0.03,0.17,35076.92307692308,330.5894462245316
0.05,0.17,35076.92307692308,334.9278235027831
0.07,0.17,35076.92307692308,338.75586209093274
0.09,0.17,35076.92307692308,342.0530749543776
0.11,0.17,35076.92307692308,344.8072641670895
0.13,0.17,35076.92307692308,347.01216247769
0.15,0.17,35076.92307692308,348.66542707862425
0.17,0.17,35076.92307692308,349.766926902684
0.19,0.17,35076.92307692308,350.3173755087852
0.21,0.17,35076.92307692308,350.31737550878523
0.23,0.17,35076.92307692308,349.7669269026841
0.25,0.17,35076.92307692308,348.66542707862425
0.27,0.17,35076.92307692308,347.0121624776899
0.29,0.17,35076.92307692308,344.8072641670895
0.31,0.17,35076.92307692308,342.0530749543776
0.33,0.17,35076.92307692308,338.7558620909327
0.35,0.17,35076.92307692308,334.9278235027832
0.37,0.17,35076.92307692308,330.5894462245317
0.39,0.17,35076.92307692308,325.77263075270844
0.01,0.19,35076.92307692308,325.8198696985356
0.03,0.19,35076.92307692308,330.7293653160292
0.05,0.19,35076.92307692308,335.1554800469468
0.07,0.19,35076.92307692308,339.0638294192963
0.09,0.19,35076.92307692308,342.43207851988075
0.11,0.19,35076.92307692308,345.2467328092335
0.13,0.19,35076.92307692308,347.5006713882027
0.15,0.19,35076.92307692308,349.19102784657355
0.17,0.19,35076.92307692308,350.3173755087851
0.19,0.19,35076.92307692308,350.8802782540675
0.21,0.19,35076.92307692308,350.88027825406755
0.23,0.19,35076.92307692308,350.31737550878523
0.25,0.19,35076.92307692308,349.1910278465736
0.27,0.19,35076.92307692308,347.5006713882027
0.29,0.19,35076.92307692308,345.2467328092335
0.31,0.19,35076.92307692308,342.43207851988075
0.33,0.19,35076.92307692308,339.0638294192963
0.35,0.19,35076.92307692308,335.1554800469468
0.37,0.19,35076.92307692308,330.72936531602926
0.39,0.19,35076.92307692308,325.8198696985356
0.01,0.21,35076.92307692308,325.8198696985356
0.03,0.21,35076.92307692308,330.7293653160293
0.05,0.21,35076.92307692308,335.1554800469468
0.07,0.21,35076.92307692308,339.0638294192963
0.09,0.21,35076.92307692308,342.4320785198807
0.11,0.21,35076.92307692308,345.24673280923355
0.13,0.21,35076.92307692308,347.5006713882028
0.15,0.21,35076.92307692308,349.1910278465736
0.17,0.21,35076.92307692308,350.3173755087852
0.19,0.21,35076.92307692308,350.88027825406755
0.21,0.21,35076.92307692308,350.88027825406755
0.23,0.21,35076.92307692308,350.31737550878523
0.25,0.21,35076.92307692308,349.1910278465736
0.27,0.21,35076.92307692308,347.5006713882028
0.29,0.21,35076.92307692308,345.24673280923355
0.31,0.21,35076.92307692308,342.43207851988075
0.33,0.21,35076.92307692308,339.0638294192964
0.35,0.21,35076.92307692308,335.1554800469468
0.37,0.21,35076.92307692308,330.72936531602926
0.39,0.21,35076.92307692308,325.8198696985356
0.01,0.23,35076.92307692308,325.77263075270844
0.03,0.23,35076.92307692308,330.5894462245317
0.05,0.23,35076.92307692308,334.9278235027832
0.07,0.23,35076.92307692308,338.7558620909327
0.09,0.23,35076.92307692308,342.0530749543776
0.11,0.23,35076.92307692308,344.8072641670896
0.13,0.23,35076.92307692308,347.01216247769
0.15,0.23,35076.92307692308,348.66542707862425
0.17,0.23,35076.92307692308,349.766926902684
0.19,0.23,35076.92307692308,350.3173755087852
0.21,0.23,35076.92307692308,350.31737550878523
0.23,0.23,35076.92307692308,349.7669269026841
0.25,0.23,35076.92307692308,348.66542707862425
0.27,0.23,35076.92307692308,347.01216247769
0.29,0.23,35076.92307692308,344.8072641670896
0.31,0.23,35076.92307692308,342.0530749543777
0.33,0.23,35076.92307692308,338.75586209093274
0.35,0.23,35076.92307692308,334.9278235027832
0.37,0.23,35076.92307692308,330.5894462245316
0.39,0.23,35076.92307692308,325.7726307527084
0.01,0.25,35076.92307692308,325.67792554934573
0.03,0.25,35076.92307692308,330.3089741263992
0.05,0.25,35076.92307692308,334.47158904889244
0.07,0.25,35076.92307692308,338.1388649726372
0.09,0.25,35076.92307692308,341.29399690317
0.11,0.25,35076.92307692308,343.9273418179096
0.13,0.25,35076.92307692308,346.0342931962232
0.15,0.25,35076.92307692308,347.61351260423714
0.17,0.25,35076.92307692308,348.6654270786242
0.19,0.25,35076.92307692308,349.1910278465736
0.21,0.25,35076.92307692308,349.1910278465736
0.23,0.25,35076.92307692308,348.66542707862425
0.25,0.25,35076.92307692308,347.61351260423714
0.27,0.25,35076.92307692308,346.0342931962232
0.29,0.25,35076.92307692308,343.9273418179096
0.31,0.25,35076.92307692308,341.29399690317007
0.33,0.25,35076.92307692308,338.1388649726372
0.35,0.25,35076.92307692308,334.47158904889244
0.37,0.25,35076.92307692308,330.3089741263992
0.39,0.25,35076.92307692308,325.6779255493457
0.01,0.27,35076.92307692308,325.5352698641219
0.03,0.27,35076.92307692308,329.8866171346868
0.05,0.27,35076.92307692308,333.78489007324004
0.07,0.27,35076.92307692308,337.21074217679944
0.09,0.27,35076.92307692308,340.1528366121541
0.11,0.27,35076.92307692308,342.6052432610932
0.13,0.27,35076.92307692308,344.5657121256172
0.15,0.27,35076.92307692308,346.0342931962232
0.17,0.27,35076.92307692308,347.01216247769
0.19,0.27,35076.92307692308,347.5006713882028
0.21,0.27,35076.92307692308,347.5006713882028
0.23,0.27,35076.92307692308,347.01216247769
0.25,0.27,35076.92307692308,346.0342931962232
0.27,0.27,35076.92307692308,344.5657121256172
0.29,0.27,35076.92307692308,342.6052432610932
0.31,0.27,35076.92307692308,340.1528366121541
0.33,0.27,35076.92307692308,337.2107421767995
0.35,0.27,35076.92307692308,333.78489007324004
0.37,0.27,35076.92307692308,329.8866171346866
0.39,0.27,35076.92307692308,325.5352698641218
0.01,0.29,35076.92307692308,325.34383408595266
0.03,0.29,35076.92307692308,329.32015000167934
0.05,0.29,35076.92307692308,332.86471392923994
0.07,0.29,35076.92307692308,335.9683623573546
0.09,0.29,35076.92307692308,338.62687383500656
0.11,0.29,35076.92307692308,340.838971194593
0.13,0.29,35076.92307692308,342.6052432610933
0.15,0.29,35076.92307692308,343.9273418179096
0.17,0.29,35076.92307692308,344.8072641670896
0.19,0.29,35076.92307692308,345.2467328092336
0.21,0.29,35076.92307692308,345.24673280923355
0.23,0.29,35076.92307692308,344.8072641670895
0.25,0.29,35076.92307692308,343.9273418179095
0.27,0.29,35076.92307692308,342.6052432610932
0.29,0.29,35076.92307692308,340.838971194593
0.31,0.29,35076.92307692308,338.6268738350065
0.33,0.29,35076.92307692308,335.9683623573545
0.35,0.29,35076.92307692308,332.8647139292398
0.37,0.29,35076.92307692308,329.3201500016792
0.39,0.29,35076.92307692308,325.34383408595266
0.01,0.31,35076.92307692308,325.1022176482594
0.03,0.31,35076.92307692308,328.60596139158906
0.05,0.31,35076.92307692308,331.7064800311587
0.07,0.31,35076.92307692308,334.40740272866765
0.09,0.31,35076.92307692308,336.71290857689405
0.11,0.31,35076.92307692308,338.6268738350065
0.13,0.31,35076.92307692308,340.15283661215415
0.15,0.31,35076.92307692308,341.29399690317007
0.17,0.31,35076.92307692308,342.0530749543777
0.19,0.31,35076.92307692308,342.43207851988075
0.21,0.31,35076.92307692308,342.43207851988075
0.23,0.31,35076.92307692308,342.0530749543776
0.25,0.31,35076.92307692308,341.29399690317
0.27,0.31,35076.92307692308,340.15283661215415
0.29,0.31,35076.92307692308,338.62687383500656
0.31,0.31,35076.92307692308,336.71290857689405
0.33,0.31,35076.92307692308,334.4074027286676
0.35,0.31,35076.92307692308,331.7064800311585
0.37,0.31,35076.92307692308,328.6059613915889
0.39,0.31,35076.92307692308,325.1022176482594
0.01,0.33,35076.92307692308,324.8078925438367
0.03,0.33,35076.92307692308,327.7379118185743
0.05,0.33,35076.92307692308,330.3030234727349
0.07,0.33,35076.92307692308,332.52185809093294
0.09,0.33,35076.92307692308,334.40740272866765
0.11,0.33,35076.92307692308,335.9683623573546
0.13,0.33,35076.92307692308,337.2107421767996
0.15,0.33,35076.92307692308,338.13886497263724
0.17,0.33,35076.92307692308,338.7558620909328
0.19,0.33,35076.92307692308,339.0638294192964
0.21,0.33,35076.92307692308,339.0638294192964
0.23,0.33,35076.92307692308,338.75586209093274
0.25,0.33,35076.92307692308,338.1388649726371
0.27,0.33,35076.92307692308,337.21074217679944
0.29,0.33,35076.92307692308,335.96836235735464
0.31,0.33,35076.92307692308,334.40740272866765
0.33,0.33,35076.92307692308,332.5218580909329
0.35,0.33,35076.92307692308,330.3030234727348
0.37,0.33,35076.92307692308,327.73791181857416
0.39,0.33,35076.92307692308,324.80789254383666
0.01,0.35,35076.92307692308,324.4557810001894
0.03,0.35,35076.92307692308,326.7047967056943
0.05,0.35,35076.92307692308,328.64253130474555
0.07,0.35,35076.92307692308,330.3030234727349
0.09,0.35,35076.92307692308,331.70648003115866
0.11,0.35,35076.92307692308,332.86471392924
0.13,0.35,35076.92307692308,333.7848900732401
0.15,0.35,35076.92307692308,334.4715890488925
0.17,0.35,35076.92307692308,334.92782350278327
0.19,0.35,35076.92307692308,335.1554800469469
0.21,0.35,35076.92307692308,335.1554800469469
0.23,0.35,35076.92307692308,334.9278235027832
0.25,0.35,35076.92307692308,334.47158904889244
0.27,0.35,35076.92307692308,333.78489007324004
0.29,0.35,35076.92307692308,332.8647139292399
0.31,0.35,35076.92307692308,331.70648003115866
0.33,0.35,35076.92307692308,330.3030234727348
0.35,0.35,35076.92307692308,328.64253130474555
0.37,0.35,35076.92307692308,326.7047967056944
0.39,0.35,35076.92307692308,324.4557810001894
0.01,0.37,35076.92307692308,324.0342405526159
0.03,0.37,35076.92307692308,325.4848418762075
0.05,0.37,35076.92307692308,326.7047967056943
0.07,0.37,35076.92307692308,327.7379118185743
0.09,0.37,35076.92307692308,328.60596139158906
0.11,0.37,35076.92307692308,329.32015000167934
0.13,0.37,35076.92307692308,329.8866171346868
0.15,0.37,35076.92307692308,330.3089741263993
0.17,0.37,35076.92307692308,330.58944622453174
0.19,0.37,35076.92307692308,330.72936531602926
0.21,0.37,35076.92307692308,330.72936531602926
0.23,0.37,35076.92307692308,330.5894462245317
0.25,0.37,35076.92307692308,330.3089741263993
0.27,0.37,35076.92307692308,329.8866171346867
0.29,0.37,35076.92307692308,329.3201500016793
0.31,0.37,35076.92307692308,328.60596139158906
0.33,0.37,35076.92307692308,327.7379118185742
0.35,0.37,35076.92307692308,326.7047967056943
0.37,0.37,35076.92307692308,325.4848418762075
0.39,0.37,35076.92307692308,324.03424055261587
0.01,0.39,35076.92307692308,323.5119544870291
0.03,0.39,35076.92307692308,324.0342405526159
0.05,0.39,35076.92307692308,324.4557810001894
0.07,0.39,35076.92307692308,324.8078925438367
0.09,0.39,35076.92307692308,325.1022176482594
0.11,0.39,35076.92307692308,325.34383408595266
0.13,0.39,35076.92307692308,325.535269864122
0.15,0.39,35076.92307692308,325.67792554934573
0.17,0.39,35076.92307692308,325.77263075270844
0.19,0.39,35076.92307692308,325.8198696985356
0.21,0.39,35076.92307692308,325.8198696985356
0.23,0.39,35076.92307692308,325.7726307527084
0.25,0.39,35076.92307692308,325.67792554934573
0.27,0.39,35076.92307692308,325.5352698641219
0.29,0.39,35076.92307692308,325.34383408595266
0.31,0.39,35076.92307692308,325.1022176482594
0.33,0.39,35076.92307692308,324.8078925438367
0.35,0.39,35076.92307692308,324.4557810001894
0.37,0.39,35076.92307692308,324.03424055261587
0.39,0.39,35076.92307692308,323.5119544870291
0.01,0.01,36923.07692307692,323.4892286297993
0.03,0.01,36923.07692307692,323.97931168811
0.05,0.01,36923.07692307692,324.3755441279127
0.07,0.01,36923.07692307692,324.7071946513443
0.09,0.01,36923.07692307692,324.9850222092062
0.11,0.01,36923.07692307692,325.2135862682647
0.13,0.01,36923.07692307692,325.3950379113404
0.15,0.01,36923.07692307692,325.53047959100394
0.17,0.01,36923.07692307692,325.6205097400432
0.19,0.01,36923.07692307692,325.6654523424506
0.21,0.01,36923.07692307692,325.6654523424506
0.23,0.01,36923.07692307692,325.62050974004313
0.25,0.01,36923.07692307692,325.5304795910039
0.27,0.01,36923.07692307692,325.3950379113404
0.29,0.01,36923.07692307692,325.21358626826463
0.31,0.01,36923.07692307692,324.9850222092062
0.33,0.01,36923.07692307692,324.7071946513444
0.35,0.01,36923.07692307692,324.3755441279127
0.37,0.01,36923.07692307692,323.97931168811004
0.39,0.01,36923.07692307692,323.48922862979936
0.01,0.03,36923.07692307692,323.97931168811
0.03,0.03,36923.07692307692,325.3411864241515
0.05,0.03,36923.07692307692,326.4884012580198
0.07,0.03,36923.07692307692,327.4618674549796
0.09,0.03,36923.07692307692,328.2815646637425
0.11,0.03,36923.07692307692,328.9574106983074
0.13,0.03,36923.07692307692,329.4945166684568
0.15,0.03,36923.07692307692,329.8956470786748
0.17,0.03,36923.07692307692,330.1623592103983
0.19,0.03,36923.07692307692,330.2955185535639
0.21,0.03,36923.07692307692,330.2955185535639
0.23,0.03,36923.07692307692,330.1623592103983
0.25,0.03,36923.07692307692,329.8956470786747
0.27,0.03,36923.07692307692,329.49451666845675
0.29,0.03,36923.07692307692,328.9574106983074
0.31,0.03,36923.07692307692,328.2815646637425
0.33,0.03,36923.07692307692,327.46186745497965
0.35,0.03,36923.07692307692,326.48840125801985
0.37,0.03,36923.07692307692,325.3411864241515
0.39,0.03,36923.07692307692,323.97931168811004
0.01,0.05,36923.07692307692,324.3755441279127
0.03,0.05,36923.07692307692,326.4884012580198
0.05,0.05,36923.07692307692,328.3117606675957
0.07,0.05,36923.07692307692,329.8773431751596
0.09,0.05,36923.07692307692,331.20341549988024
0.11,0.05,36923.07692307692,332.3001077525894
0.13,0.05,36923.07692307692,333.1730901231069
0.15,0.05,36923.07692307692,333.8256464863676
0.17,0.05,36923.07692307692,334.2597409841374
0.19,0.05,36923.07692307692,334.4765195035011
0.21,0.05,36923.07692307692,334.4765195035011
0.23,0.05,36923.07692307692,334.2597409841373
0.25,0.05,36923.07692307692,333.82564648636753
0.27,0.05,36923.07692307692,333.1730901231068
0.29,0.05,36923.07692307692,332.3001077525894
0.31,0.05,36923.07692307692,331.20341549988024
0.33,0.05,36923.07692307692,329.8773431751596
0.35,0.05,36923.07692307692,328.3117606675957
0.37,0.05,36923.07692307692,326.4884012580198
0.39,0.05,36923.07692307692,324.3755441279127
0.01,0.07,36923.07692307692,324.7071946513443
0.03,0.07,36923.07692307692,327.4618674549796
0.05,0.07,36923.07692307692,329.8773431751596
0.07,0.07,36923.07692307692,331.97087111277114
0.09,0.07,36923.07692307692,333.7537297772772
0.11,0.07,36923.07692307692,335.2328033413824
0.13,0.07,36923.07692307692,336.4122999819297
0.15,0.07,36923.07692307692,337.29489920557137
0.17,0.07,36923.07692307692,337.88236808189515
0.19,0.07,36923.07692307692,338.17582591683
0.21,0.07,36923.07692307692,338.17582591683
0.23,0.07,36923.07692307692,337.88236808189515
0.25,0.07,36923.07692307692,337.29489920557137
0.27,0.07,36923.07692307692,336.4122999819297
0.29,0.07,36923.07692307692,335.2328033413824
0.31,0.07,36923.07692307692,333.7537297772773
0.33,0.07,36923.07692307692,331.9708711127712
0.35,0.07,36923.07692307692,329.87734317515964
0.37,0.07,36923.07692307692,327.4618674549796
0.39,0.07,36923.07692307692,324.7071946513444
0.01,0.09,36923.07692307692,324.98502220920614
0.03,0.09,36923.07692307692,328.2815646637425
0.05,0.09,36923.07692307692,331.2034154998802
0.07,0.09,36923.07692307692,333.7537297772773
0.09,0.09,36923.07692307692,335.9353262833265
0.11,0.09,36923.07692307692,337.75025936663747
0.13,0.09,36923.07692307692,339.2000831990776
0.15,0.09,36923.07692307692,340.2860944930984
0.17,0.09,36923.07692307692,341.00939426447087
0.19,0.09,36923.07692307692,341.3708165536461
0.21,0.09,36923.07692307692,341.3708165536461
0.23,0.09,36923.07692307692,341.00939426447087
0.25,0.09,36923.07692307692,340.28609449309835
0.27,0.09,36923.07692307692,339.20008319907765
0.29,0.09,36923.07692307692,337.7502593666375
0.31,0.09,36923.07692307692,335.9353262833265
0.33,0.09,36923.07692307692,333.75372977727733
0.35,0.09,36923.07692307692,331.2034154998803
0.37,0.09,36923.07692307692,328.28156466374253
0.39,0.09,36923.07692307692,324.9850222092062
0.01,0.11,36923.07692307692,325.21358626826463
0.03,0.11,36923.07692307692,328.9574106983074
0.05,0.11,36923.07692307692,332.3001077525893
0.07,0.11,36923.07692307692,335.2328033413824
0.09,0.11,36923.07692307692,337.75025936663747
0.11,0.11,36923.07692307692,339.84943166801656
0.13,0.11,36923.07692307692,341.5288088943691
0.15,0.11,36923.07692307692,342.787945359789
0.17,0.11,36923.07692307692,343.62701708967
0.19,0.11,36923.07692307692,344.0464122427286
0.21,0.11,36923.07692307692,344.0464122427286
0.23,0.11,36923.07692307692,343.62701708966995
0.25,0.11,36923.07692307692,342.787945359789
0.27,0.11,36923.07692307692,341.52880889436915
0.29,0.11,36923.07692307692,339.84943166801656
0.31,0.11,36923.07692307692,337.7502593666375
0.33,0.11,36923.07692307692,335.23280334138246
0.35,0.11,36923.07692307692,332.30010775258944
0.37,0.11,36923.07692307692,328.9574106983074
0.39,0.11,36923.07692307692,325.2135862682647
0.01,0.13,36923.07692307692,325.3950379113404
0.03,0.13,36923.07692307692,329.4945166684568
0.05,0.13,36923.07692307692,333.1730901231068
0.07,0.13,36923.07692307692,336.41229998192966
0.09,0.13,36923.07692307692,339.20008319907754
0.11,0.13,36923.07692307692,341.5288088943691
0.13,0.13,36923.07692307692,343.39405187932323
0.15,0.13,36923.07692307692,344.79362051990427
0.17,0.13,36923.07692307692,345.72671334161805
0.19,0.13,36923.07692307692,346.193220816019
0.21,0.13,36923.07692307692,346.193220816019
0.23,0.13,36923.07692307692,345.72671334161817
0.25,0.13,36923.07692307692,344.79362051990427
0.27,0.13,36923.07692307692,343.39405187932323
0.29,0.13,36923.07692307692,341.52880889436915
0.31,0.13,36923.07692307692,339.20008319907765
0.33,0.13,36923.07692307692,336.4122999819297
0.35,0.13,36923.07692307692,333.1730901231069
0.37,0.13,36923.07692307692,329.4945166684568
0.39,0.13,36923.07692307692,325.3950379113404
0.01,0.15,36923.07692307692,325.5304795910039
0.03,0.15,36923.07692307692,329.8956470786747
0.05,0.15,36923.07692307692,333.82564648636753
0.07,0.15,36923.07692307692,337.2948992055713
0.09,0.15,36923.07692307692,340.28609449309835
0.11,0.15,36923.07692307692,342.787945359789
0.13,0.15,36923.07692307692,344.79362051990427
0.15,0.15,36923.07692307692,346.29943624342394
0.17,0.15,36923.07692307692,347.3037270797417
0.19,0.15,36923.07692307692,347.8059290184007
0.21,0.15,36923.07692307692,347.8059290184007
0.23,0.15,36923.07692307692,347.30372707974175
0.25,0.15,36923.07692307692,346.29943624342394
0.27,0.15,36923.07692307692,344.79362051990427
0.29,0.15,36923.07692307692,342.7879453597889
0.31,0.15,36923.07692307692,340.28609449309835
0.33,0.15,36923.07692307692,337.2948992055713
0.35,0.15,36923.07692307692,333.8256464863675
0.37,0.15,36923.07692307692,329.89564707867464
0.39,0.15,36923.07692307692,325.53047959100394
0.01,0.17,36923.07692307692,325.62050974004313
0.03,0.17,36923.07692307692,330.1623592103983
0.05,0.17,36923.07692307692,334.2597409841373
0.07,0.17,36923.07692307692,337.8823680818951
0.09,0.17,36923.07692307692,341.00939426447087
0.11,0.17,36923.07692307692,343.62701708966995
0.13,0.17,36923.07692307692,345.72671334161805
0.15,0.17,36923.07692307692,347.3037270797417
0.17,0.17,36923.07692307692,348.35575864369844
0.19,0.17,36923.07692307692,348.8819035971616
0.21,0.17,36923.07692307692,348.8819035971617
0.23,0.17,36923.07692307692,348.3557586436985
0.25,0.17,36923.07692307692,347.3037270797417
0.27,0.17,36923.07692307692,345.72671334161805
0.29,0.17,36923.07692307692,343.62701708966995
0.31,0.17,36923.07692307692,341.0093942644708
0.33,0.17,36923.07692307692,337.88236808189504
0.35,0.17,36923.07692307692,334.2597409841373
0.37,0.17,36923.07692307692,330.16235921039834
0.39,0.17,36923.07692307692,325.6205097400432
0.01,0.19,36923.07692307692,325.66545234245064
0.03,0.19,36923.07692307692,330.29551855356385
0.05,0.19,36923.07692307692,334.47651950350104
0.07,0.19,36923.07692307692,338.17582591683
0.09,0.19,36923.07692307692,341.3708165536461
0.11,0.19,36923.07692307692,344.0464122427286
0.13,0.19,36923.07692307692,346.19322081601894
0.15,0.19,36923.07692307692,347.80592901840066
0.17,0.19,36923.07692307692,348.8819035971616
0.19,0.19,36923.07692307692,349.4200590387974
0.21,0.19,36923.07692307692,349.42005903879743
0.23,0.19,36923.07692307692,348.8819035971617
0.25,0.19,36923.07692307692,347.8059290184007
0.27,0.19,36923.07692307692,346.19322081601894
0.29,0.19,36923.07692307692,344.04641224272854
0.31,0.19,36923.07692307692,341.370816553646
0.33,0.19,36923.07692307692,338.17582591682987
0.35,0.19,36923.07692307692,334.4765195035011
0.37,0.19,36923.07692307692,330.295518553564
0.39,0.19,36923.07692307692,325.66545234245064
0.01,0.21,36923.07692307692,325.66545234245064
0.03,0.21,36923.07692307692,330.2955185535639
0.05,0.21,36923.07692307692,334.4765195035011
0.07,0.21,36923.07692307692,338.17582591683
0.09,0.21,36923.07692307692,341.3708165536461
0.11,0.21,36923.07692307692,344.0464122427286
0.13,0.21,36923.07692307692,346.19322081601894
0.15,0.21,36923.07692307692,347.8059290184007
0.17,0.21,36923.07692307692,348.8819035971617
0.19,0.21,36923.07692307692,349.42005903879743
0.21,0.21,36923.07692307692,349.42005903879743
0.23,0.21,36923.07692307692,348.8819035971617
0.25,0.21,36923.07692307692,347.8059290184007
0.27,0.21,36923.07692307692,346.19322081601894
0.29,0.21,36923.07692307692,344.04641224272854
0.31,0.21,36923.07692307692,341.370816553646
0.33,0.21,36923.07692307692,338.17582591682987
0.35,0.21,36923.07692307692,334.47651950350104
0.37,0.21,36923.07692307692,330.2955185535639
0.39,0.21,36923.07692307692,325.66545234245064
0.01,0.23,36923.07692307692,325.6205097400432
0.03,0.23,36923.07692307692,330.1623592103983
0.05,0.23,36923.07692307692,334.25974098413747
0.07,0.23,36923.07692307692,337.88236808189515
0.09,0.23,36923.07692307692,341.00939426447087
0.11,0.23,36923.07692307692,343.62701708967
0.13,0.23,36923.07692307692,345.7267133416181
0.15,0.23,36923.07692307692,347.3037270797417
0.17,0.23,36923.07692307692,348.3557586436985
0.19,0.23,36923.07692307692,348.8819035971617
0.21,0.23,36923.07692307692,348.8819035971617
0.23,0.23,36923.07692307692,348.3557586436985
0.25,0.23,36923.07692307692,347.3037270797417
0.27,0.23,36923.07692307692,345.7267133416181
0.29,0.23,36923.07692307692,343.62701708966995
0.31,0.23,36923.07692307692,341.0093942644708
0.33,0.23,36923.07692307692,337.88236808189504
0.35,0.23,36923.07692307692,334.2597409841373
0.37,0.23,36923.07692307692,330.1623592103983
0.39,0.23,36923.07692307692,325.6205097400432
0.01,0.25,36923.07692307692,325.53047959100394
0.03,0.25,36923.07692307692,329.8956470786748
0.05,0.25,36923.07692307692,333.82564648636765
0.07,0.25,36923.07692307692,337.2948992055714
0.09,0.25,36923.07692307692,340.28609449309846
0.11,0.25,36923.07692307692,342.78794535978903
0.13,0.25,36923.07692307692,344.7936205199043
0.15,0.25,36923.07692307692,346.29943624342394
0.17,0.25,36923.07692307692,347.3037270797417
0.19,0.25,36923.07692307692,347.8059290184007
0.21,0.25,36923.07692307692,347.8059290184007
0.23,0.25,36923.07692307692,347.3037270797417
0.25,0.25,36923.07692307692,346.29943624342394
0.27,0.25,36923.07692307692,344.7936205199043
0.29,0.25,36923.07692307692,342.787945359789
0.31,0.25,36923.07692307692,340.28609449309835
0.33,0.25,36923.07692307692,337.2948992055713
0.35,0.25,36923.07692307692,333.82564648636753
0.37,0.25,36923.07692307692,329.89564707867464
0.39,0.25,36923.07692307692,325.53047959100394
0.01,0.27,36923.07692307692,325.39503791134047
0.03,0.27,36923.07692307692,329.49451666845687
0.05,0.27,36923.07692307692,333.17309012310693
0.07,0.27,36923.07692307692,336.4122999819298
0.09,0.27,36923.07692307692,339.2000831990777
0.11,0.27,36923.07692307692,341.52880889436915
0.13,0.27,36923.07692307692,343.3940518793233
0.15,0.27,36923.07692307692,344.79362051990427
0.17,0.27,36923.07692307692,345.72671334161805
0.19,0.27,36923.07692307692,346.19322081601894
0.21,0.27,36923.07692307692,346.1932208160189
0.23,0.27,36923.07692307692,345.72671334161805
0.25,0.27,36923.07692307692,344.79362051990427
0.27,0.27,36923.07692307692,343.39405187932323
0.29,0.27,36923.07692307692,341.52880889436915
0.31,0.27,36923.07692307692,339.20008319907765
0.33,0.27,36923.07692307692,336.4122999819297
0.35,0.27,36923.07692307692,333.1730901231069
0.37,0.27,36923.07692307692,329.4945166684568
0.39,0.27,36923.07692307692,325.39503791134047
0.01,0.29,36923.07692307692,325.2135862682647
0.03,0.29,36923.07692307692,328.9574106983075
0.05,0.29,36923.07692307692,332.3001077525895
0.07,0.29,36923.07692307692,335.2328033413825
0.09,0.29,36923.07692307692,337.75025936663764
0.11,0.29,36923.07692307692,339.8494316680167
0.13,0.29,36923.07692307692,341.52880889436915
0.15,0.29,36923.07692307692,342.7879453597889
0.17,0.29,36923.07692307692,343.62701708966995
0.19,0.29,36923.07692307692,344.04641224272854
0.21,0.29,36923.07692307692,344.04641224272854
0.23,0.29,36923.07692307692,343.62701708966995
0.25,0.29,36923.07692307692,342.7879453597889
0.27,0.29,36923.07692307692,341.5288088943691
0.29,0.29,36923.07692307692,339.8494316680166
0.31,0.29,36923.07692307692,337.7502593666376
0.33,0.29,36923.07692307692,335.23280334138246
0.35,0.29,36923.07692307692,332.30010775258944
0.37,0.29,36923.07692307692,328.9574106983074
0.39,0.29,36923.07692307692,325.2135862682647
0.01,0.31,36923.07692307692,324.9850222092062
0.03,0.31,36923.07692307692,328.2815646637426
0.05,0.31,36923.07692307692,331.20341549988035
0.07,0.31,36923.07692307692,333.75372977727733
0.09,0.31,36923.07692307692,335.93532628332656
0.11,0.31,36923.07692307692,337.7502593666375
0.13,0.31,36923.07692307692,339.20008319907765
0.15,0.31,36923.07692307692,340.28609449309835
0.17,0.31,36923.07692307692,341.00939426447087
0.19,0.31,36923.07692307692,341.370816553646
0.21,0.31,36923.07692307692,341.370816553646
0.23,0.31,36923.07692307692,341.0093942644708
0.25,0.31,36923.07692307692,340.28609449309835
0.27,0.31,36923.07692307692,339.2000831990776
0.29,0.31,36923.07692307692,337.7502593666375
0.31,0.31,36923.07692307692,335.93532628332656
0.33,0.31,36923.07692307692,333.75372977727733
0.35,0.31,36923.07692307692,331.2034154998803
0.37,0.31,36923.07692307692,328.28156466374253
0.39,0.31,36923.07692307692,324.9850222092062
0.01,0.33,36923.07692307692,324.7071946513444
0.03,0.33,36923.07692307692,327.4618674549797
0.05,0.33,36923.07692307692,329.87734317515964
0.07,0.33,36923.07692307692,331.97087111277125
0.09,0.33,36923.07692307692,333.75372977727733
0.11,0.33,36923.07692307692,335.23280334138246
0.13,0.33,36923.07692307692,336.4122999819297
0.15,0.33,36923.07692307692,337.2948992055713
0.17,0.33,36923.07692307692,337.88236808189515
0.19,0.33,36923.07692307692,338.1758259168299
0.21,0.33,36923.07692307692,338.1758259168299
0.23,0.33,36923.07692307692,337.8823680818951
0.25,0.33,36923.07692307692,337.29489920557126
0.27,0.33,36923.07692307692,336.4122999819297
0.29,0.33,36923.07692307692,335.23280334138246
0.31,0.33,36923.07692307692,333.7537297772773
0.33,0.33,36923.07692307692,331.97087111277125
0.35,0.33,36923.07692307692,329.87734317515964
0.37,0.33,36923.07692307692,327.46186745497965
0.39,0.33,36923.07692307692,324.7071946513444
0.01,0.35,36923.07692307692,324.3755441279127
0.03,0.35,36923.07692307692,326.48840125801985
0.05,0.35,36923.07692307692,328.31176066759576
0.07,0.35,36923.07692307692,329.87734317515964
0.09,0.35,36923.07692307692,331.2034154998803
0.11,0.35,36923.07692307692,332.3001077525894
0.13,0.35,36923.07692307692,333.1730901231069
0.15,0.35,36923.07692307692,333.8256464863676
0.17,0.35,36923.07692307692,334.2597409841374
0.19,0.35,36923.07692307692,334.4765195035011
0.21,0.35,36923.07692307692,334.4765195035011
0.23,0.35,36923.07692307692,334.2597409841374
0.25,0.35,36923.07692307692,333.82564648636753
0.27,0.35,36923.07692307692,333.1730901231069
0.29,0.35,36923.07692307692,332.30010775258944
0.31,0.35,36923.07692307692,331.20341549988024
0.33,0.35,36923.07692307692,329.8773431751596
0.35,0.35,36923.07692307692,328.31176066759576
0.37,0.35,36923.07692307692,326.4884012580198
0.39,0.35,36923.07692307692,324.3755441279127
0.01,0.37,36923.07692307692,323.97931168811004
0.03,0.37,36923.07692307692,325.34118642415154
0.05,0.37,36923.07692307692,326.48840125801985
0.07,0.37,36923.07692307692,327.46186745497965
0.09,0.37,36923.07692307692,328.28156466374253
0.11,0.37,36923.07692307692,328.95741069830746
0.13,0.37,36923.07692307692,329.49451666845687
0.15,0.37,36923.07692307692,329.8956470786748
0.17,0.37,36923.07692307692,330.16235921039834
0.19,0.37,36923.07692307692,330.295518553564
0.21,0.37,36923.07692307692,330.2955185535639
0.23,0.37,36923.07692307692,330.16235921039834
0.25,0.37,36923.07692307692,329.8956470786747
0.27,0.37,36923.07692307692,329.4945166684568
0.29,0.37,36923.07692307692,328.95741069830746
0.31,0.37,36923.07692307692,328.28156466374253
0.33,0.37,36923.07692307692,327.46186745497965
0.35,0.37,36923.07692307692,326.48840125801985
0.37,0.37,36923.07692307692,325.34118642415143
0.39,0.37,36923.07692307692,323.97931168811
0.01,0.39,36923.07692307692,323.4892286297994
0.03,0.39,36923.07692307692,323.97931168811004
0.05,0.39,36923.07692307692,324.37554412791275
0.07,0.39,36923.07692307692,324.7071946513444
0.09,0.39,36923.07692307692,324.9850222092062
0.11,0.39,36923.07692307692,325.2135862682647
0.13,0.39,36923.07692307692,325.39503791134047
0.15,0.39,36923.07692307692,325.53047959100394
0.17,0.39,36923.07692307692,325.62050974004325
0.19,0.39,36923.07692307692,325.66545234245064
0.21,0.39,36923.07692307692,325.66545234245064
0.23,0.39,36923.07692307692,325.6205097400432
0.25,0.39,36923.07692307692,325.53047959100394
0.27,0.39,36923.07692307692,325.3950379113404
0.29,0.39,36923.07692307692,325.2135862682647
0.31,0.39,36923.07692307692,324.9850222092062
0.33,0.39,36923.07692307692,324.7071946513444
0.35,0.39,36923.07692307692,324.3755441279127
0.37,0.39,36923.07692307692,323.97931168811
0.39,0.39,36923.07692307692,323.48922862979936
0.01,0.01,38769.23076923077,323.46820970215447
0.03,0.01,38769.23076923077,323.9280683231769
0.05,0.01,38769.23076923077,324.30023284750786
0.07,0.01,38769.23076923077,324.61217949302784
0.09,0.01,38769.23076923077,324.8739238689825
0.11,0.01,38769.23076923077,325.0896113557345
0.13,0.01,38769.23076923077,325.2611038178705
0.15,0.01,38769.23076923077,325.38927984959594
0.17,0.01,38769.23076923077,325.4745658462796
0.19,0.01,38769.23076923077,325.5171669051928
0.21,0.01,38769.23076923077,325.5171669051928
0.23,0.01,38769.23076923077,325.4745658462795
0.25,0.01,38769.23076923077,325.38927984959594
0.27,0.01,38769.23076923077,325.2611038178705
0.29,0.01,38769.23076923077,325.0896113557344
0.31,0.01,38769.23076923077,324.8739238689825
0.33,0.01,38769.23076923077,324.6121794930279
0.35,0.01,38769.23076923077,324.30023284750786
0.37,0.01,38769.23076923077,323.9280683231769
0.39,0.01,38769.23076923077,323.46820970215447
0.01,0.03,38769.23076923077,323.9280683231769
0.03,0.03,38769.23076923077,325.20629544607885
0.05,0.03,38769.23076923077,326.28415267005704
0.07,0.03,38769.23076923077,327.20007039824696
0.09,0.03,38769.23076923077,327.97255918117645
0.11,0.03,38769.23076923077,328.61053029201446
0.13,0.03,38769.23076923077,329.1183147348766
0.15,0.03,38769.23076923077,329.4980441322094
0.17,0.03,38769.23076923077,329.7507792620979
0.19,0.03,38769.23076923077,329.877039370914
0.21,0.03,38769.23076923077,329.877039370914
0.23,0.03,38769.23076923077,329.75077926209786
0.25,0.03,38769.23076923077,329.4980441322094
0.27,0.03,38769.23076923077,329.1183147348766
0.29,0.03,38769.23076923077,328.61053029201446
0.31,0.03,38769.23076923077,327.97255918117645
0.33,0.03,38769.23076923077,327.200070398247
0.35,0.03,38769.23076923077,326.28415267005704
0.37,0.03,38769.23076923077,325.20629544607885
0.39,0.03,38769.23076923077,323.9280683231769
0.01,0.05,38769.23076923077,324.30023284750786
0.03,0.05,38769.23076923077,326.28415267005704
0.05,0.05,38769.23076923077,327.9980775167625
0.07,0.05,38769.23076923077,329.47182973726643
0.09,0.05,38769.23076923077,330.7221585260607
0.11,0.05,38769.23076923077,331.7579198645095
0.13,0.05,38769.23076923077,332.58367021542665
0.15,0.05,38769.23076923077,333.2017320756871
0.17,0.05,38769.23076923077,333.61329215608527
0.19,0.05,38769.23076923077,333.81894622981747
0.21,0.05,38769.23076923077,333.8189462298174
0.23,0.05,38769.23076923077,333.6132921560852
0.25,0.05,38769.23076923077,333.20173207568706
0.27,0.05,38769.23076923077,332.5836702154266
0.29,0.05,38769.23076923077,331.7579198645095
0.31,0.05,38769.23076923077,330.7221585260607
0.33,0.05,38769.23076923077,329.4718297372665
0.35,0.05,38769.23076923077,327.9980775167625
0.37,0.05,38769.23076923077,326.28415267005704
0.39,0.05,38769.23076923077,324.30023284750786
0.01,0.07,38769.23076923077,324.61217949302784
0.03,0.07,38769.23076923077,327.20007039824696
0.05,0.07,38769.23076923077,329.47182973726643
0.07,0.07,38769.23076923077,331.4437077131275
0.09,0.07,38769.23076923077,333.1257459433023
0.11,0.07,38769.23076923077,334.52350833263284
0.13,0.07,38769.23076923077,335.6398925822116
0.15,0.07,38769.23076923077,336.47637136558143
0.17,0.07,38769.23076923077,337.0337033438467
0.19,0.07,38769.23076923077,337.3122824330446
0.21,0.07,38769.23076923077,337.3122824330446
0.23,0.07,38769.23076923077,337.03370334384664
0.25,0.07,38769.23076923077,336.4763713655814
0.27,0.07,38769.23076923077,335.6398925822116
0.29,0.07,38769.23076923077,334.52350833263284
0.31,0.07,38769.23076923077,333.1257459433024
0.33,0.07,38769.23076923077,331.4437077131276
0.35,0.07,38769.23076923077,329.47182973726655
0.37,0.07,38769.23076923077,327.20007039824696
0.39,0.07,38769.23076923077,324.61217949302784
0.01,0.09,38769.23076923077,324.8739238689825
0.03,0.09,38769.23076923077,327.97255918117645
0.05,0.09,38769.23076923077,330.72215852606064
0.07,0.09,38769.23076923077,333.1257459433024
0.09,0.09,38769.23076923077,335.18527966999534
0.11,0.09,38769.23076923077,336.9015596683664
0.13,0.09,38769.23076923077,338.2747254013252
0.15,0.09,38769.23076923077,339.3046888508284
0.17,0.09,38769.23076923077,339.9913578310084
0.19,0.09,38769.23076923077,340.3346944638204
0.21,0.09,38769.23076923077,340.3346944638204
0.23,0.09,38769.23076923077,339.99135783100826
0.25,0.09,38769.23076923077,339.3046888508284
0.27,0.09,38769.23076923077,338.2747254013252
0.29,0.09,38769.23076923077,336.9015596683665
0.31,0.09,38769.23076923077,335.1852796699954
0.33,0.09,38769.23076923077,333.12574594330243
0.35,0.09,38769.23076923077,330.72215852606075
0.37,0.09,38769.23076923077,327.9725591811765
0.39,0.09,38769.23076923077,324.8739238689825
0.01,0.11,38769.23076923077,325.08961135573446
0.03,0.11,38769.23076923077,328.61053029201446
0.05,0.11,38769.23076923077,331.75791986450946
0.07,0.11,38769.23076923077,334.52350833263284
0.09,0.11,38769.23076923077,336.9015596683665
0.11,0.11,38769.23076923077,338.88788023191285
0.13,0.11,38769.23076923077,340.47949198175604
0.15,0.11,38769.23076923077,341.6744356045269
0.17,0.11,38769.23076923077,342.47154839522614
0.19,0.11,38769.23076923077,342.8702270252289
0.21,0.11,38769.23076923077,342.8702270252289
0.23,0.11,38769.23076923077,342.4715483952261
0.25,0.11,38769.23076923077,341.6744356045269
0.27,0.11,38769.23076923077,340.479491981756
0.29,0.11,38769.23076923077,338.8878802319128
0.31,0.11,38769.23076923077,336.90155966836653
0.33,0.11,38769.23076923077,334.5235083326329
0.35,0.11,38769.23076923077,331.7579198645095
0.37,0.11,38769.23076923077,328.61053029201446
0.39,0.11,38769.23076923077,325.08961135573446
0.01,0.13,38769.23076923077,325.2611038178705
0.03,0.13,38769.23076923077,329.11831473487666
0.05,0.13,38769.23076923077,332.58367021542665
0.07,0.13,38769.23076923077,335.6398925822116
0.09,0.13,38769.23076923077,338.2747254013251
0.11,0.13,38769.23076923077,340.47949198175604
0.13,0.13,38769.23076923077,342.2482744151893
0.15,0.13,38769.23076923077,343.5772736448824
0.17,0.13,38769.23076923077,344.46423720071715
0.19,0.13,38769.23076923077,344.9079695410624
0.21,0.13,38769.23076923077,344.9079695410624
0.23,0.13,38769.23076923077,344.4642372007171
0.25,0.13,38769.23076923077,343.5772736448823
0.27,0.13,38769.23076923077,342.24827441518926
0.29,0.13,38769.23076923077,340.4794919817559
0.31,0.13,38769.23076923077,338.2747254013251
0.33,0.13,38769.23076923077,335.6398925822116
0.35,0.13,38769.23076923077,332.58367021542665
0.37,0.13,38769.23076923077,329.11831473487666
0.39,0.13,38769.23076923077,325.2611038178706
0.01,0.15,38769.23076923077,325.389279849596
0.03,0.15,38769.23076923077,329.49804413220943
0.05,0.15,38769.23076923077,333.2017320756872
0.07,0.15,38769.23076923077,336.4763713655814
0.09,0.15,38769.23076923077,339.3046888508284
0.11,0.15,38769.23076923077,341.6744356045269
0.13,0.15,38769.23076923077,343.5772736448824
0.15,0.15,38769.23076923077,345.0078449406057
0.17,0.15,38769.23076923077,345.9629502796677
0.19,0.15,38769.23076923077,346.44086895695267
0.21,0.15,38769.23076923077,346.4408689569526
0.23,0.15,38769.23076923077,345.9629502796677
0.25,0.15,38769.23076923077,345.0078449406057
0.27,0.15,38769.23076923077,343.5772736448823
0.29,0.15,38769.23076923077,341.6744356045268
0.31,0.15,38769.23076923077,339.3046888508283
0.33,0.15,38769.23076923077,336.4763713655814
0.35,0.15,38769.23076923077,333.2017320756871
0.37,0.15,38769.23076923077,329.49804413220943
0.39,0.15,38769.23076923077,325.38927984959594
0.01,0.17,38769.23076923077,325.4745658462796
0.03,0.17,38769.23076923077,329.7507792620979
0.05,0.17,38769.23076923077,333.6132921560853
0.07,0.17,38769.23076923077,337.03370334384664
0.09,0.17,38769.23076923077,339.99135783100826
0.11,0.17,38769.23076923077,342.4715483952261
0.13,0.17,38769.23076923077,344.4642372007171
0.15,0.17,38769.23076923077,345.96295027966767
0.17,0.17,38769.23076923077,346.96379927926284
0.19,0.17,38769.23076923077,347.4646758392424
0.21,0.17,38769.23076923077,347.4646758392424
0.23,0.17,38769.23076923077,346.96379927926284
0.25,0.17,38769.23076923077,345.96295027966767
0.27,0.17,38769.23076923077,344.46423720071704
0.29,0.17,38769.23076923077,342.4715483952261
0.31,0.17,38769.23076923077,339.9913578310082
0.33,0.17,38769.23076923077,337.03370334384664
0.35,0.17,38769.23076923077,333.6132921560853
0.37,0.17,38769.23076923077,329.7507792620979
0.39,0.17,38769.23076923077,325.4745658462796
0.01,0.19,38769.23076923077,325.5171669051928
0.03,0.19,38769.23076923077,329.8770393709141
0.05,0.19,38769.23076923077,333.8189462298174
0.07,0.19,38769.23076923077,337.3122824330446
0.09,0.19,38769.23076923077,340.3346944638204
0.11,0.19,38769.23076923077,342.8702270252289
0.13,0.19,38769.23076923077,344.9079695410624
0.15,0.19,38769.23076923077,346.44086895695267
0.17,0.19,38769.23076923077,347.4646758392424
0.19,0.19,38769.23076923077,347.9770770546161
0.21,0.19,38769.23076923077,347.9770770546161
0.23,0.19,38769.23076923077,347.46467583924243
0.25,0.19,38769.23076923077,346.4408689569526
0.27,0.19,38769.23076923077,344.9079695410624
0.29,0.19,38769.23076923077,342.8702270252289
0.31,0.19,38769.23076923077,340.3346944638203
0.33,0.19,38769.23076923077,337.3122824330445
0.35,0.19,38769.23076923077,333.8189462298174
0.37,0.19,38769.23076923077,329.877039370914
0.39,0.19,38769.23076923077,325.5171669051928
0.01,0.21,38769.23076923077,325.5171669051928
0.03,0.21,38769.23076923077,329.8770393709141
0.05,0.21,38769.23076923077,333.81894622981747
0.07,0.21,38769.23076923077,337.3122824330446
0.09,0.21,38769.23076923077,340.3346944638204
0.11,0.21,38769.23076923077,342.8702270252289
0.13,0.21,38769.23076923077,344.9079695410624
0.15,0.21,38769.23076923077,346.4408689569526
0.17,0.21,38769.23076923077,347.4646758392424
0.19,0.21,38769.23076923077,347.9770770546161
0.21,0.21,38769.23076923077,347.9770770546161
0.23,0.21,38769.23076923077,347.4646758392424
0.25,0.21,38769.23076923077,346.44086895695267
0.27,0.21,38769.23076923077,344.9079695410624
0.29,0.21,38769.23076923077,342.87022702522887
0.31,0.21,38769.23076923077,340.3346944638203
0.33,0.21,38769.23076923077,337.3122824330445
0.35,0.21,38769.23076923077,333.8189462298174
0.37,0.21,38769.23076923077,329.877039370914
0.39,0.21,38769.23076923077,325.5171669051928
0.01,0.23,38769.23076923077,325.4745658462796
0.03,0.23,38769.23076923077,329.7507792620979
0.05,0.23,38769.23076923077,333.6132921560853
0.07,0.23,38769.23076923077,337.03370334384675
0.09,0.23,38769.23076923077,339.9913578310083
0.11,0.23,38769.23076923077,342.47154839522614
0.13,0.23,38769.23076923077,344.4642372007171
0.15,0.23,38769.23076923077,345.96295027966767
0.17,0.23,38769.23076923077,346.9637992792628
0.19,0.23,38769.23076923077,347.4646758392424
0.21,0.23,38769.23076923077,347.4646758392424
0.23,0.23,38769.23076923077,346.96379927926284
0.25,0.23,38769.23076923077,345.96295027966767
0.27,0.23,38769.23076923077,344.46423720071704
0.29,0.23,38769.23076923077,342.4715483952261
0.31,0.23,38769.23076923077,339.99135783100826
0.33,0.23,38769.23076923077,337.0337033438467
0.35,0.23,38769.23076923077,333.6132921560853
0.37,0.23,38769.23076923077,329.7507792620979
0.39,0.23,38769.23076923077,325.4745658462796
0.01,0.25,38769.23076923077,325.389279849596
0.03,0.25,38769.23076923077,329.49804413220943
0.05,0.25,38769.23076923077,333.2017320756872
0.07,0.25,38769.23076923077,336.4763713655815
0.09,0.25,38769.23076923077,339.3046888508285
0.11,0.25,38769.23076923077,341.67443560452693
0.13,0.25,38769.23076923077,343.5772736448824
0.15,0.25,38769.23076923077,345.00784494060565
0.17,0.25,38769.23076923077,345.96295027966767
0.19,0.25,38769.23076923077,346.44086895695256
0.21,0.25,38769.23076923077,346.44086895695256
0.23,0.25,38769.23076923077,345.96295027966767
0.25,0.25,38769.23076923077,345.00784494060565
0.27,0.25,38769.23076923077,343.57727364488227
0.29,0.25,38769.23076923077,341.6744356045268
0.31,0.25,38769.23076923077,339.3046888508284
0.33,0.25,38769.23076923077,336.47637136558143
0.35,0.25,38769.23076923077,333.2017320756872
0.37,0.25,38769.23076923077,329.4980441322094
0.39,0.25,38769.23076923077,325.38927984959594
0.01,0.27,38769.23076923077,325.2611038178705
0.03,0.27,38769.23076923077,329.1183147348767
0.05,0.27,38769.23076923077,332.5836702154268
0.07,0.27,38769.23076923077,335.6398925822117
0.09,0.27,38769.23076923077,338.27472540132527
0.11,0.27,38769.23076923077,340.4794919817561
0.13,0.27,38769.23076923077,342.2482744151893
0.15,0.27,38769.23076923077,343.5772736448823
0.17,0.27,38769.23076923077,344.46423720071704
0.19,0.27,38769.23076923077,344.9079695410624
0.21,0.27,38769.23076923077,344.9079695410624
0.23,0.27,38769.23076923077,344.4642372007171
0.25,0.27,38769.23076923077,343.5772736448823
0.27,0.27,38769.23076923077,342.24827441518926
0.29,0.27,38769.23076923077,340.479491981756
0.31,0.27,38769.23076923077,338.2747254013252
0.33,0.27,38769.23076923077,335.63989258221164
0.35,0.27,38769.23076923077,332.5836702154267
0.37,0.27,38769.23076923077,329.11831473487666
0.39,0.27,38769.23076923077,325.2611038178705
0.01,0.29,38769.23076923077,325.08961135573446
0.03,0.29,38769.23076923077,328.6105302920146
0.05,0.29,38769.23076923077,331.75791986450963
0.07,0.29,38769.23076923077,334.523508332633
0.09,0.29,38769.23076923077,336.90155966836664
0.11,0.29,38769.23076923077,338.8878802319129
0.13,0.29,38769.23076923077,340.47949198175604
0.15,0.29,38769.23076923077,341.6744356045269
0.17,0.29,38769.23076923077,342.4715483952261
0.19,0.29,38769.23076923077,342.87022702522887
0.21,0.29,38769.23076923077,342.8702270252289
0.23,0.29,38769.23076923077,342.4715483952261
0.25,0.29,38769.23076923077,341.6744356045268
0.27,0.29,38769.23076923077,340.479491981756
0.29,0.29,38769.23076923077,338.88788023191285
0.31,0.29,38769.23076923077,336.90155966836653
0.33,0.29,38769.23076923077,334.52350833263296
0.35,0.29,38769.23076923077,331.75791986450963
0.37,0.29,38769.23076923077,328.6105302920145
0.39,0.29,38769.23076923077,325.08961135573446
0.01,0.31,38769.23076923077,324.8739238689825
0.03,0.31,38769.23076923077,327.97255918117656
0.05,0.31,38769.23076923077,330.72215852606087
0.07,0.31,38769.23076923077,333.12574594330255
0.09,0.31,38769.23076923077,335.18527966999545
0.11,0.31,38769.23076923077,336.9015596683666
0.13,0.31,38769.23076923077,338.2747254013252
0.15,0.31,38769.23076923077,339.3046888508284
0.17,0.31,38769.23076923077,339.99135783100826
0.19,0.31,38769.23076923077,340.3346944638204
0.21,0.31,38769.23076923077,340.3346944638204
0.23,0.31,38769.23076923077,339.99135783100826
0.25,0.31,38769.23076923077,339.3046888508284
0.27,0.31,38769.23076923077,338.2747254013252
0.29,0.31,38769.23076923077,336.90155966836653
0.31,0.31,38769.23076923077,335.1852796699954
0.33,0.31,38769.23076923077,333.1257459433025
0.35,0.31,38769.23076923077,330.7221585260608
0.37,0.31,38769.23076923077,327.97255918117656
0.39,0.31,38769.23076923077,324.8739238689825
0.01,0.33,38769.23076923077,324.6121794930279
0.03,0.33,38769.23076923077,327.2000703982471
0.05,0.33,38769.23076923077,329.47182973726666
0.07,0.33,38769.23076923077,331.4437077131277
0.09,0.33,38769.23076923077,333.12574594330255
0.11,0.33,38769.23076923077,334.5235083326329
0.13,0.33,38769.23076923077,335.6398925822116
0.15,0.33,38769.23076923077,336.4763713655814
0.17,0.33,38769.23076923077,337.03370334384664
0.19,0.33,38769.23076923077,337.3122824330446
0.21,0.33,38769.23076923077,337.3122824330446
0.23,0.33,38769.23076923077,337.0337033438467
0.25,0.33,38769.23076923077,336.4763713655814
0.27,0.33,38769.23076923077,335.6398925822116
0.29,0.33,38769.23076923077,334.52350833263296
0.31,0.33,38769.23076923077,333.1257459433025
0.33,0.33,38769.23076923077,331.4437077131277
0.35,0.33,38769.23076923077,329.4718297372666
0.37,0.33,38769.23076923077,327.200070398247
0.39,0.33,38769.23076923077,324.6121794930279
0.01,0.35,38769.23076923077,324.30023284750786
0.03,0.35,38769.23076923077,326.28415267005704
0.05,0.35,38769.23076923077,327.99807751676263
0.07,0.35,38769.23076923077,329.4718297372666
0.09,0.35,38769.23076923077,330.7221585260608
0.11,0.35,38769.23076923077,331.7579198645096
0.13,0.35,38769.23076923077,332.58367021542665
0.15,0.35,38769.23076923077,333.2017320756871
0.17,0.35,38769.23076923077,333.61329215608527
0.19,0.35,38769.23076923077,333.8189462298174
0.21,0.35,38769.23076923077,333.8189462298174
0.23,0.35,38769.23076923077,333.6132921560853
0.25,0.35,38769.23076923077,333.2017320756871
0.27,0.35,38769.23076923077,332.5836702154267
0.29,0.35,38769.23076923077,331.7579198645096
0.31,0.35,38769.23076923077,330.72215852606075
0.33,0.35,38769.23076923077,329.47182973726655
0.35,0.35,38769.23076923077,327.9980775167626
0.37,0.35,38769.23076923077,326.28415267005704
0.39,0.35,38769.23076923077,324.30023284750786
0.01,0.37,38769.23076923077,323.9280683231769
0.03,0.37,38769.23076923077,325.2062954460789
0.05,0.37,38769.23076923077,326.2841526700571
0.07,0.37,38769.23076923077,327.200070398247
0.09,0.37,38769.23076923077,327.97255918117656
0.11,0.37,38769.23076923077,328.6105302920145
0.13,0.37,38769.23076923077,329.11831473487666
0.15,0.37,38769.23076923077,329.4980441322094
0.17,0.37,38769.23076923077,329.75077926209786
0.19,0.37,38769.23076923077,329.877039370914
0.21,0.37,38769.23076923077,329.877039370914
0.23,0.37,38769.23076923077,329.75077926209786
0.25,0.37,38769.23076923077,329.4980441322094
0.27,0.37,38769.23076923077,329.11831473487666
0.29,0.37,38769.23076923077,328.6105302920145
0.31,0.37,38769.23076923077,327.9725591811765
0.33,0.37,38769.23076923077,327.200070398247
0.35,0.37,38769.23076923077,326.28415267005704
0.37,0.37,38769.23076923077,325.2062954460789
0.39,0.37,38769.23076923077,323.9280683231769
0.01,0.39,38769.23076923077,323.46820970215447
0.03,0.39,38769.23076923077,323.9280683231769
0.05,0.39,38769.23076923077,324.30023284750786
0.07,0.39,38769.23076923077,324.6121794930279
0.09,0.39,38769.23076923077,324.8739238689825
0.11,0.39,38769.23076923077,325.0896113557345
0.13,0.39,38769.23076923077,325.2611038178706
0.15,0.39,38769.23076923077,325.389279849596
0.17,0.39,38769.23076923077,325.4745658462796
0.19,0.39,38769.23076923077,325.5171669051928
0.21,0.39,38769.23076923077,325.5171669051928
0.23,0.39,38769.23076923077,325.4745658462795
0.25,0.39,38769.23076923077,325.38927984959594
0.27,0.39,38769.23076923077,325.2611038178705
0.29,0.39,38769.23076923077,325.0896113557345
0.31,0.39,38769.23076923077,324.8739238689825
0.33,0.39,38769.23076923077,324.6121794930279
0.35,0.39,38769.23076923077,324.30023284750786
0.37,0.39,38769.23076923077,323.9280683231769
0.39,0.39,38769.23076923077,323.46820970215447
0.01,0.01,40615.38461538462,323.44875323324675
0.03,0.01,40615.38461538462,323.88029057909586
0.05,0.01,40615.38461538462,324.22966025504513
0.07,0.01,40615.38461538462,324.522758510239
0.09,0.01,40615.38461538462,324.768970541612
0.11,0.01,40615.38461538462,324.9721095432436
0.13,0.01,40615.38461538462,325.13381619949587
0.15,0.01,40615.38461538462,325.25480251690306
0.17,0.01,40615.38461538462,325.3353683485787
0.19,0.01,40615.38461538462,325.37563167860816
0.21,0.01,40615.38461538462,325.37563167860816
0.23,0.01,40615.38461538462,325.3353683485787
0.25,0.01,40615.38461538462,325.25480251690306
0.27,0.01,40615.38461538462,325.13381619949587
0.29,0.01,40615.38461538462,324.9721095432437
0.31,0.01,40615.38461538462,324.768970541612
0.33,0.01,40615.38461538462,324.5227585102391
0.35,0.01,40615.38461538462,324.22966025504513
0.37,0.01,40615.38461538462,323.88029057909586
0.39,0.01,40615.38461538462,323.44875323324675
0.01,0.03,40615.38461538462,323.8802905790958
0.03,0.03,40615.38461538462,325.07984979536513
0.05,0.03,40615.38461538462,326.09187779570817
0.07,0.03,40615.38461538462,326.95266227000684
0.09,0.03,40615.38461538462,327.6795031850709
0.11,0.03,40615.38461538462,328.2805242706275
0.13,0.03,40615.38461538462,328.7594689046275
0.15,0.03,40615.38461538462,329.1180011209348
0.17,0.03,40615.38461538462,329.35681746874303
0.19,0.03,40615.38461538462,329.4761835842269
0.21,0.03,40615.38461538462,329.4761835842268
0.23,0.03,40615.38461538462,329.356817468743
0.25,0.03,40615.38461538462,329.1180011209348
0.27,0.03,40615.38461538462,328.7594689046275
0.29,0.03,40615.38461538462,328.28052427062755
0.31,0.03,40615.38461538462,327.679503185071
0.33,0.03,40615.38461538462,326.9526622700069
0.35,0.03,40615.38461538462,326.0918777957082
0.37,0.03,40615.38461538462,325.07984979536525
0.39,0.03,40615.38461538462,323.88029057909586
0.01,0.05,40615.38461538462,324.22966025504513
0.03,0.05,40615.38461538462,326.0918777957081
0.05,0.05,40615.38461538462,327.7016443275104
0.07,0.05,40615.38461538462,329.0872160962565
0.09,0.05,40615.38461538462,330.26415511515137
0.11,0.05,40615.38461538462,331.2403607106633
0.13,0.05,40615.38461538462,332.0195709105115
0.15,0.05,40615.38461538462,332.6034066460765
0.17,0.05,40615.38461538462,332.9924872792831
0.19,0.05,40615.38461538462,333.18700624648886
0.21,0.05,40615.38461538462,333.1870062464888
0.23,0.05,40615.38461538462,332.9924872792831
0.25,0.05,40615.38461538462,332.60340664607645
0.27,0.05,40615.38461538462,332.0195709105115
0.29,0.05,40615.38461538462,331.24036071066337
0.31,0.05,40615.38461538462,330.2641551151514
0.33,0.05,40615.38461538462,329.0872160962565
0.35,0.05,40615.38461538462,327.70164432751045
0.37,0.05,40615.38461538462,326.0918777957082
0.39,0.05,40615.38461538462,324.22966025504513
0.01,0.07,40615.38461538462,324.52275851023904
0.03,0.07,40615.38461538462,326.95266227000684
0.05,0.07,40615.38461538462,329.08721609625644
0.07,0.07,40615.38461538462,330.9419623050408
0.09,0.07,40615.38461538462,332.5260683872333
0.11,0.07,40615.38461538462,333.8441647839188
0.13,0.07,40615.38461538462,334.89821606834965
0.15,0.07,40615.38461538462,335.6888275378972
0.17,0.07,40615.38461538462,336.2160268282424
0.19,0.07,40615.38461538462,336.4796785511714
0.21,0.07,40615.38461538462,336.4796785511714
0.23,0.07,40615.38461538462,336.2160268282424
0.25,0.07,40615.38461538462,335.6888275378972
0.27,0.07,40615.38461538462,334.89821606834965
0.29,0.07,40615.38461538462,333.8441647839188
0.31,0.07,40615.38461538462,332.5260683872334
0.33,0.07,40615.38461538462,330.9419623050409
0.35,0.07,40615.38461538462,329.0872160962566
0.37,0.07,40615.38461538462,326.9526622700069
0.39,0.07,40615.38461538462,324.52275851023904
0.01,0.09,40615.38461538462,324.768970541612
0.03,0.09,40615.38461538462,327.6795031850709
0.05,0.09,40615.38461538462,330.26415511515137
0.07,0.09,40615.38461538462,332.5260683872333
0.09,0.09,40615.38461538462,334.46671955984255
0.11,0.09,40615.38461538462,336.0860912935747
0.13,0.09,40615.38461538462,337.3833505898733
0.15,0.09,40615.38461538462,338.35742987724564
0.17,0.09,40615.38461538462,339.007377945392
0.19,0.09,40615.38461538462,339.332522333144
0.21,0.09,40615.38461538462,339.332522333144
0.23,0.09,40615.38461538462,339.007377945392
0.25,0.09,40615.38461538462,338.3574298772456
0.27,0.09,40615.38461538462,337.3833505898733
0.29,0.09,40615.38461538462,336.0860912935747
0.31,0.09,40615.38461538462,334.4667195598426
0.33,0.09,40615.38461538462,332.5260683872333
0.35,0.09,40615.38461538462,330.2641551151514
0.37,0.09,40615.38461538462,327.679503185071
0.39,0.09,40615.38461538462,324.768970541612
0.01,0.11,40615.38461538462,324.9721095432437
0.03,0.11,40615.38461538462,328.28052427062755
0.05,0.11,40615.38461538462,331.2403607106633
0.07,0.11,40615.38461538462,333.8441647839188
0.09,0.11,40615.38461538462,336.0860912935747
0.11,0.11,40615.38461538462,337.96127195468483
0.13,0.11,40615.38461538462,339.46575551431454
0.15,0.11,40615.38461538462,340.5965274923285
0.17,0.11,40615.38461538462,341.351467385521
0.19,0.11,40615.38461538462,341.7292519720055
0.21,0.11,40615.38461538462,341.7292519720055
0.23,0.11,40615.38461538462,341.351467385521
0.25,0.11,40615.38461538462,340.59652749232845
0.27,0.11,40615.38461538462,339.46575551431454
0.29,0.11,40615.38461538462,337.96127195468483
0.31,0.11,40615.38461538462,336.0860912935747
0.33,0.11,40615.38461538462,333.8441647839188
0.35,0.11,40615.38461538462,331.2403607106633
0.37,0.11,40615.38461538462,328.2805242706275
0.39,0.11,40615.38461538462,324.9721095432436
0.01,0.13,40615.38461538462,325.13381619949587
0.03,0.13,40615.38461538462,328.7594689046276
0.05,0.13,40615.38461538462,332.01957091051145
0.07,0.13,40615.38461538462,334.89821606834965
0.09,0.13,40615.38461538462,337.3833505898733
0.11,0.13,40615.38461538462,339.46575551431454
0.13,0.13,40615.38461538462,341.138553490972
0.15,0.13,40615.38461538462,342.396838453162
0.17,0.13,40615.38461538462,343.2373250135379
0.19,0.13,40615.38461538462,343.6580305882063
0.21,0.13,40615.38461538462,343.6580305882063
0.23,0.13,40615.38461538462,343.2373250135378
0.25,0.13,40615.38461538462,342.39683845316193
0.27,0.13,40615.38461538462,341.138553490972
0.29,0.13,40615.38461538462,339.46575551431454
0.31,0.13,40615.38461538462,337.38335058987326
0.33,0.13,40615.38461538462,334.8982160683496
0.35,0.13,40615.38461538462,332.0195709105115
0.37,0.13,40615.38461538462,328.7594689046275
0.39,0.13,40615.38461538462,325.13381619949587
0.01,0.15,40615.38461538462,325.2548025169031
0.03,0.15,40615.38461538462,329.1180011209348
0.05,0.15,40615.38461538462,332.6034066460765
0.07,0.15,40615.38461538462,335.6888275378973
0.09,0.15,40615.38461538462,338.3574298772456
0.11,0.15,40615.38461538462,340.5965274923285
0.13,0.15,40615.38461538462,342.396838453162
0.15,0.15,40615.38461538462,343.75186208216286
0.17,0.15,40615.38461538462,344.65731128039414
0.19,0.15,40615.38461538462,345.11062817275297
0.21,0.15,40615.38461538462,345.1106281727529
0.23,0.15,40615.38461538462,344.6573112803941
0.25,0.15,40615.38461538462,343.7518620821628
0.27,0.15,40615.38461538462,342.3968384531619
0.29,0.15,40615.38461538462,340.59652749232845
0.31,0.15,40615.38461538462,338.3574298772456
0.33,0.15,40615.38461538462,335.6888275378973
0.35,0.15,40615.38461538462,332.6034066460765
0.37,0.15,40615.38461538462,329.1180011209348
0.39,0.15,40615.38461538462,325.25480251690306
0.01,0.17,40615.38461538462,325.33536834857875
0.03,0.17,40615.38461538462,329.3568174687431
0.05,0.17,40615.38461538462,332.9924872792832
0.07,0.17,40615.38461538462,336.2160268282425
0.09,0.17,40615.38461538462,339.0073779453921
0.11,0.17,40615.38461538462,341.351467385521
0.13,0.17,40615.38461538462,343.2373250135379
0.15,0.17,40615.38461538462,344.6573112803941
0.17,0.17,40615.38461538462,345.6064135534754
0.19,0.17,40615.38461538462,346.08165280315245
0.21,0.17,40615.38461538462,346.0816528031524
0.23,0.17,40615.38461538462,345.6064135534754
0.25,0.17,40615.38461538462,344.657311280394
0.27,0.17,40615.38461538462,343.23732501353777
0.29,0.17,40615.38461538462,341.351467385521
0.31,0.17,40615.38461538462,339.007377945392
0.33,0.17,40615.38461538462,336.21602682824243
0.35,0.17,40615.38461538462,332.9924872792832
0.37,0.17,40615.38461538462,329.35681746874303
0.39,0.17,40615.38461538462,325.33536834857875
0.01,0.19,40615.38461538462,325.3756316786082
0.03,0.19,40615.38461538462,329.476183584227
0.05,0.19,40615.38461538462,333.1870062464889
0.07,0.19,40615.38461538462,336.4796785511715
0.09,0.19,40615.38461538462,339.33252233314414
0.11,0.19,40615.38461538462,341.7292519720055
0.13,0.19,40615.38461538462,343.6580305882063
0.15,0.19,40615.38461538462,345.1106281727529
0.17,0.19,40615.38461538462,346.0816528031524
0.19,0.19,40615.38461538462,346.56790385788275
0.21,0.19,40615.38461538462,346.5679038578828
0.23,0.19,40615.38461538462,346.0816528031524
0.25,0.19,40615.38461538462,345.1106281727529
0.27,0.19,40615.38461538462,343.65803058820626
0.29,0.19,40615.38461538462,341.7292519720055
0.31,0.19,40615.38461538462,339.3325223331441
0.33,0.19,40615.38461538462,336.47967855117145
0.35,0.19,40615.38461538462,333.18700624648886
0.37,0.19,40615.38461538462,329.4761835842269
0.39,0.19,40615.38461538462,325.37563167860816
0.01,0.21,40615.38461538462,325.3756316786082
0.03,0.21,40615.38461538462,329.47618358422693
0.05,0.21,40615.38461538462,333.187006246489
0.07,0.21,40615.38461538462,336.4796785511715
0.09,0.21,40615.38461538462,339.3325223331441
0.11,0.21,40615.38461538462,341.7292519720055
0.13,0.21,40615.38461538462,343.65803058820626
0.15,0.21,40615.38461538462,345.11062817275285
0.17,0.21,40615.38461538462,346.0816528031524
0.19,0.21,40615.38461538462,346.56790385788275
0.21,0.21,40615.38461538462,346.56790385788275
0.23,0.21,40615.38461538462,346.08165280315245
0.25,0.21,40615.38461538462,345.11062817275297
0.27,0.21,40615.38461538462,343.6580305882063
0.29,0.21,40615.38461538462,341.7292519720055
0.31,0.21,40615.38461538462,339.3325223331441
0.33,0.21,40615.38461538462,336.47967855117145
0.35,0.21,40615.38461538462,333.18700624648886
0.37,0.21,40615.38461538462,329.4761835842269
0.39,0.21,40615.38461538462,325.3756316786082
0.01,0.23,40615.38461538462,325.3353683485788
0.03,0.23,40615.38461538462,329.35681746874315
0.05,0.23,40615.38461538462,332.99248727928324
0.07,0.23,40615.38461538462,336.2160268282425
0.09,0.23,40615.38461538462,339.007377945392
0.11,0.23,40615.38461538462,341.35146738552106
0.13,0.23,40615.38461538462,343.2373250135378
0.15,0.23,40615.38461538462,344.657311280394
0.17,0.23,40615.38461538462,345.60641355347536
0.19,0.23,40615.38461538462,346.0816528031524
0.21,0.23,40615.38461538462,346.0816528031524
0.23,0.23,40615.38461538462,345.6064135534754
0.25,0.23,40615.38461538462,344.6573112803941
0.27,0.23,40615.38461538462,343.2373250135378
0.29,0.23,40615.38461538462,341.351467385521
0.31,0.23,40615.38461538462,339.007377945392
0.33,0.23,40615.38461538462,336.21602682824243
0.35,0.23,40615.38461538462,332.9924872792832
0.37,0.23,40615.38461538462,329.35681746874303
0.39,0.23,40615.38461538462,325.3353683485787
0.01,0.25,40615.38461538462,325.25480251690306
0.03,0.25,40615.38461538462,329.1180011209348
0.05,0.25,40615.38461538462,332.60340664607645
0.07,0.25,40615.38461538462,335.6888275378973
0.09,0.25,40615.38461538462,338.35742987724564
0.11,0.25,40615.38461538462,340.5965274923285
0.13,0.25,40615.38461538462,342.396838453162
0.15,0.25,40615.38461538462,343.7518620821628
0.17,0.25,40615.38461538462,344.657311280394
0.19,0.25,40615.38461538462,345.11062817275285
0.21,0.25,40615.38461538462,345.1106281727529
0.23,0.25,40615.38461538462,344.657311280394
0.25,0.25,40615.38461538462,343.7518620821628
0.27,0.25,40615.38461538462,342.39683845316193
0.29,0.25,40615.38461538462,340.59652749232845
0.31,0.25,40615.38461538462,338.3574298772456
0.33,0.25,40615.38461538462,335.68882753789734
0.35,0.25,40615.38461538462,332.60340664607656
0.37,0.25,40615.38461538462,329.1180011209348
0.39,0.25,40615.38461538462,325.25480251690306
0.01,0.27,40615.38461538462,325.13381619949587
0.03,0.27,40615.38461538462,328.7594689046276
0.05,0.27,40615.38461538462,332.0195709105115
0.07,0.27,40615.38461538462,334.8982160683497
0.09,0.27,40615.38461538462,337.3833505898734
0.11,0.27,40615.38461538462,339.4657555143146
0.13,0.27,40615.38461538462,341.1385534909721
0.15,0.27,40615.38461538462,342.39683845316193
0.17,0.27,40615.38461538462,343.23732501353777
0.19,0.27,40615.38461538462,343.65803058820626
0.21,0.27,40615.38461538462,343.6580305882063
0.23,0.27,40615.38461538462,343.2373250135378
0.25,0.27,40615.38461538462,342.396838453162
0.27,0.27,40615.38461538462,341.138553490972
0.29,0.27,40615.38461538462,339.46575551431454
0.31,0.27,40615.38461538462,337.3833505898733
0.33,0.27,40615.38461538462,334.89821606834965
0.35,0.27,40615.38461538462,332.0195709105116
0.37,0.27,40615.38461538462,328.7594689046276
0.39,0.27,40615.38461538462,325.13381619949587
0.01,0.29,40615.38461538462,324.9721095432437
0.03,0.29,40615.38461538462,328.2805242706276
0.05,0.29,40615.38461538462,331.24036071066337
0.07,0.29,40615.38461538462,333.84416478391887
0.09,0.29,40615.38461538462,336.0860912935748
0.11,0.29,40615.38461538462,337.9612719546849
0.13,0.29,40615.38461538462,339.46575551431454
0.15,0.29,40615.38461538462,340.59652749232845
0.17,0.29,40615.38461538462,341.35146738552095
0.19,0.29,40615.38461538462,341.7292519720055
0.21,0.29,40615.38461538462,341.7292519720056
0.23,0.29,40615.38461538462,341.35146738552106
0.25,0.29,40615.38461538462,340.5965274923285
0.27,0.29,40615.38461538462,339.4657555143146
0.29,0.29,40615.38461538462,337.96127195468483
0.31,0.29,40615.38461538462,336.0860912935747
0.33,0.29,40615.38461538462,333.8441647839188
0.35,0.29,40615.38461538462,331.24036071066337
0.37,0.29,40615.38461538462,328.2805242706276
0.39,0.29,40615.38461538462,324.9721095432437
0.01,0.31,40615.38461538462,324.7689705416121
0.03,0.31,40615.38461538462,327.67950318507104
0.05,0.31,40615.38461538462,330.26415511515154
0.07,0.31,40615.38461538462,332.52606838723347
0.09,0.31,40615.38461538462,334.4667195598426
0.11,0.31,40615.38461538462,336.0860912935748
0.13,0.31,40615.38461538462,337.3833505898733
0.15,0.31,40615.38461538462,338.35742987724564
0.17,0.31,40615.38461538462,339.007377945392
0.19,0.31,40615.38461538462,339.33252233314414
0.21,0.31,40615.38461538462,339.33252233314414
0.23,0.31,40615.38461538462,339.0073779453921
0.25,0.31,40615.38461538462,338.35742987724564
0.27,0.31,40615.38461538462,337.3833505898734
0.29,0.31,40615.38461538462,336.0860912935748
0.31,0.31,40615.38461538462,334.46671955984255
0.33,0.31,40615.38461538462,332.5260683872334
0.35,0.31,40615.38461538462,330.2641551151515
0.37,0.31,40615.38461538462,327.679503185071
0.39,0.31,40615.38461538462,324.768970541612
0.01,0.33,40615.38461538462,324.5227585102391
0.03,0.33,40615.38461538462,326.9526622700069
0.05,0.33,40615.38461538462,329.08721609625667
0.07,0.33,40615.38461538462,330.94196230504093
0.09,0.33,40615.38461538462,332.5260683872334
0.11,0.33,40615.38461538462,333.8441647839188
0.13,0.33,40615.38461538462,334.89821606834965
0.15,0.33,40615.38461538462,335.6888275378973
0.17,0.33,40615.38461538462,336.21602682824243
0.19,0.33,40615.38461538462,336.4796785511715
0.21,0.33,40615.38461538462,336.47967855117145
0.23,0.33,40615.38461538462,336.2160268282425
0.25,0.33,40615.38461538462,335.68882753789734
0.27,0.33,40615.38461538462,334.8982160683497
0.29,0.33,40615.38461538462,333.84416478391887
0.31,0.33,40615.38461538462,332.5260683872334
0.33,0.33,40615.38461538462,330.9419623050409
0.35,0.33,40615.38461538462,329.0872160962565
0.37,0.33,40615.38461538462,326.9526622700069
0.39,0.33,40615.38461538462,324.5227585102391
0.01,0.35,40615.38461538462,324.22966025504513
0.03,0.35,40615.38461538462,326.0918777957083
0.05,0.35,40615.38461538462,327.7016443275105
0.07,0.35,40615.38461538462,329.08721609625667
0.09,0.35,40615.38461538462,330.2641551151515
0.11,0.35,40615.38461538462,331.2403607106633
0.13,0.35,40615.38461538462,332.0195709105115
0.15,0.35,40615.38461538462,332.60340664607645
0.17,0.35,40615.38461538462,332.9924872792831
0.19,0.35,40615.38461538462,333.18700624648886
0.21,0.35,40615.38461538462,333.18700624648886
0.23,0.35,40615.38461538462,332.9924872792832
0.25,0.35,40615.38461538462,332.60340664607645
0.27,0.35,40615.38461538462,332.0195709105116
0.29,0.35,40615.38461538462,331.24036071066337
0.31,0.35,40615.38461538462,330.2641551151515
0.33,0.35,40615.38461538462,329.0872160962565
0.35,0.35,40615.38461538462,327.70164432751045
0.37,0.35,40615.38461538462,326.0918777957082
0.39,0.35,40615.38461538462,324.22966025504513
0.01,0.37,40615.38461538462,323.88029057909586
0.03,0.37,40615.38461538462,325.07984979536525
0.05,0.37,40615.38461538462,326.0918777957083
0.07,0.37,40615.38461538462,326.952662270007
0.09,0.37,40615.38461538462,327.67950318507104
0.11,0.37,40615.38461538462,328.28052427062755
0.13,0.37,40615.38461538462,328.7594689046276
0.15,0.37,40615.38461538462,329.1180011209348
0.17,0.37,40615.38461538462,329.356817468743
0.19,0.37,40615.38461538462,329.4761835842268
0.21,0.37,40615.38461538462,329.4761835842268
0.23,0.37,40615.38461538462,329.35681746874303
0.25,0.37,40615.38461538462,329.1180011209348
0.27,0.37,40615.38461538462,328.7594689046276
0.29,0.37,40615.38461538462,328.28052427062755
0.31,0.37,40615.38461538462,327.679503185071
0.33,0.37,40615.38461538462,326.9526622700069
0.35,0.37,40615.38461538462,326.0918777957082
0.37,0.37,40615.38461538462,325.0798497953652
0.39,0.37,40615.38461538462,323.8802905790958
0.01,0.39,40615.38461538462,323.44875323324675
0.03,0.39,40615.38461538462,323.88029057909586
0.05,0.39,40615.38461538462,324.22966025504513
0.07,0.39,40615.38461538462,324.52275851023904
0.09,0.39,40615.38461538462,324.768970541612
0.11,0.39,40615.38461538462,324.9721095432436
0.13,0.39,40615.38461538462,325.13381619949587
0.15,0.39,40615.38461538462,325.25480251690306
0.17,0.39,40615.38461538462,325.3353683485787
0.19,0.39,40615.38461538462,325.37563167860816
0.21,0.39,40615.38461538462,325.37563167860816
0.23,0.39,40615.38461538462,325.3353683485787
0.25,0.39,40615.38461538462,325.25480251690306
0.27,0.39,40615.38461538462,325.13381619949587
0.29,0.39,40615.38461538462,324.9721095432437
0.31,0.39,40615.38461538462,324.768970541612
0.33,0.39,40615.38461538462,324.5227585102391
0.35,0.39,40615.38461538462,324.22966025504513
0.37,0.39,40615.38461538462,323.8802905790958
0.39,0.39,40615.38461538462,323.44875323324675
0.01,0.01,42461.53846153846,323.4307301639004
0.03,0.01,42461.53846153846,323.8357650299542
0.05,0.01,42461.53846153846,324.16361639814903
0.07,0.01,42461.53846153846,324.438778464842
0.09,0.01,42461.53846153846,324.67009750826526
0.11,0.01,42461.53846153846,324.8611191753668
0.13,0.01,42461.53846153846,325.0133159671043
0.15,0.01,42461.53846153846,325.12727768236783
0.17,0.01,42461.53846153846,325.20321282729924
0.19,0.01,42461.53846153846,325.24117684293793
0.21,0.01,42461.53846153846,325.24117684293793
0.23,0.01,42461.53846153846,325.2032128272993
0.25,0.01,42461.53846153846,325.12727768236783
0.27,0.01,42461.53846153846,325.01331596710423
0.29,0.01,42461.53846153846,324.86111917536687
0.31,0.01,42461.53846153846,324.67009750826526
0.33,0.01,42461.53846153846,324.438778464842
0.35,0.01,42461.53846153846,324.16361639814903
0.37,0.01,42461.53846153846,323.8357650299542
0.39,0.01,42461.53846153846,323.4307301639004
0.01,0.03,42461.53846153846,323.8357650299542
0.03,0.03,42461.53846153846,324.96148612849504
0.05,0.03,42461.53846153846,325.9112625311137
0.07,0.03,42461.53846153846,326.7195163360104
0.09,0.03,42461.53846153846,327.4025430439808
0.11,0.03,42461.53846153846,327.9678504990197
0.13,0.03,42461.53846153846,328.418744166955
0.15,0.03,42461.53846153846,328.7565487266803
0.17,0.03,42461.53846153846,328.9816990671918
0.19,0.03,42461.53846153846,329.09427905933137
0.21,0.03,42461.53846153846,329.09427905933137
0.23,0.03,42461.53846153846,328.9816990671918
0.25,0.03,42461.53846153846,328.75654872668025
0.27,0.03,42461.53846153846,328.4187441669549
0.29,0.03,42461.53846153846,327.96785049901973
0.31,0.03,42461.53846153846,327.4025430439809
0.33,0.03,42461.53846153846,326.7195163360105
0.35,0.03,42461.53846153846,325.9112625311138
0.37,0.03,42461.53846153846,324.96148612849504
0.39,0.03,42461.53846153846,323.83576502995413
0.01,0.05,42461.53846153846,324.16361639814903
0.03,0.05,42461.53846153846,325.9112625311137
0.05,0.05,42461.53846153846,327.4223055107478
0.07,0.05,42461.53846153846,328.7236991766793
0.09,0.05,42461.53846153846,329.83007677580946
0.11,0.05,42461.53846153846,330.74862783111234
0.13,0.05,42461.53846153846,331.48250125101583
0.15,0.05,42461.53846153846,332.0328183250675
0.17,0.05,42461.53846153846,332.3997945595152
0.19,0.05,42461.53846153846,332.5833361983375
0.21,0.05,42461.53846153846,332.5833361983375
0.23,0.05,42461.53846153846,332.3997945595152
0.25,0.05,42461.53846153846,332.03281832506747
0.27,0.05,42461.53846153846,331.4825012510158
0.29,0.05,42461.53846153846,330.7486278311124
0.31,0.05,42461.53846153846,329.8300767758096
0.33,0.05,42461.53846153846,328.7236991766794
0.35,0.05,42461.53846153846,327.42230551074783
0.37,0.05,42461.53846153846,325.9112625311137
0.39,0.05,42461.53846153846,324.163616398149
0.01,0.07,42461.53846153846,324.438778464842
0.03,0.07,42461.53846153846,326.7195163360104
0.05,0.07,42461.53846153846,328.7236991766793
0.07,0.07,42461.53846153846,330.46638174186745
0.09,0.07,42461.53846153846,331.95613547000926
0.11,0.07,42461.53846153846,333.19695586660305
0.13,0.07,42461.53846153846,334.1901671358414
0.15,0.07,42461.53846153846,334.9357716756304
0.17,0.07,42461.53846153846,335.433282916984
0.19,0.07,42461.53846153846,335.6821897959511
0.21,0.07,42461.53846153846,335.6821897959511
0.23,0.07,42461.53846153846,335.433282916984
0.25,0.07,42461.53846153846,334.9357716756304
0.27,0.07,42461.53846153846,334.1901671358414
0.29,0.07,42461.53846153846,333.19695586660305
0.31,0.07,42461.53846153846,331.9561354700093
0.33,0.07,42461.53846153846,330.4663817418676
0.35,0.07,42461.53846153846,328.7236991766794
0.37,0.07,42461.53846153846,326.7195163360105
0.39,0.07,42461.53846153846,324.438778464842
0.01,0.09,42461.53846153846,324.67009750826526
0.03,0.09,42461.53846153846,327.4025430439808
0.05,0.09,42461.53846153846,329.83007677580946
0.07,0.09,42461.53846153846,331.95613547000926
0.09,0.09,42461.53846153846,333.7819989598147
0.11,0.09,42461.53846153846,335.3071680070356
0.13,0.09,42461.53846153846,336.53018028406063
0.15,0.09,42461.53846153846,337.44930531780244
0.17,0.09,42461.53846153846,338.06299534161127
0.19,0.09,42461.53846153846,338.37013033867686
0.21,0.09,42461.53846153846,338.3701303386769
0.23,0.09,42461.53846153846,338.06299534161127
0.25,0.09,42461.53846153846,337.44930531780244
0.27,0.09,42461.53846153846,336.5301802840607
0.29,0.09,42461.53846153846,335.3071680070356
0.31,0.09,42461.53846153846,333.7819989598148
0.33,0.09,42461.53846153846,331.9561354700093
0.35,0.09,42461.53846153846,329.8300767758096
0.37,0.09,42461.53846153846,327.40254304398087
0.39,0.09,42461.53846153846,324.67009750826526
0.01,0.11,42461.53846153846,324.8611191753668
0.03,0.11,42461.53846153846,327.9678504990197
0.05,0.11,42461.53846153846,330.74862783111234
0.07,0.11,42461.53846153846,333.196955866603
0.09,0.11,42461.53846153846,335.3071680070356
0.11,0.11,42461.53846153846,337.07408433712806
0.13,0.11,42461.53846153846,338.4931636658972
0.15,0.11,42461.53846153846,339.5606958661213
0.17,0.11,42461.53846153846,340.2739032637294
0.19,0.11,42461.53846153846,340.6309579731651
0.21,0.11,42461.53846153846,340.63095797316504
0.23,0.11,42461.53846153846,340.2739032637294
0.25,0.11,42461.53846153846,339.5606958661213
0.27,0.11,42461.53846153846,338.4931636658972
0.29,0.11,42461.53846153846,337.0740843371281
0.31,0.11,42461.53846153846,335.3071680070356
0.33,0.11,42461.53846153846,333.19695586660305
0.35,0.11,42461.53846153846,330.74862783111234
0.37,0.11,42461.53846153846,327.96785049901973
0.39,0.11,42461.53846153846,324.8611191753668
0.01,0.13,42461.53846153846,325.01331596710423
0.03,0.13,42461.53846153846,328.4187441669549
0.05,0.13,42461.53846153846,331.4825012510158
0.07,0.13,42461.53846153846,334.19016713584136
0.09,0.13,42461.53846153846,336.53018028406063
0.11,0.13,42461.53846153846,338.4931636658972
0.13,0.13,42461.53846153846,340.0716953440454
0.15,0.13,42461.53846153846,341.2601559928011
0.17,0.13,42461.53846153846,342.054558709478
0.19,0.13,42461.53846153846,342.4523719876038
0.21,0.13,42461.53846153846,342.4523719876038
0.23,0.13,42461.53846153846,342.054558709478
0.25,0.13,42461.53846153846,341.2601559928011
0.27,0.13,42461.53846153846,340.0716953440454
0.29,0.13,42461.53846153846,338.4931636658972
0.31,0.13,42461.53846153846,336.53018028406063
0.33,0.13,42461.53846153846,334.1901671358414
0.35,0.13,42461.53846153846,331.4825012510158
0.37,0.13,42461.53846153846,328.4187441669549
0.39,0.13,42461.53846153846,325.01331596710423
0.01,0.15,42461.53846153846,325.12727768236783
0.03,0.15,42461.53846153846,328.7565487266803
0.05,0.15,42461.53846153846,332.03281832506747
0.07,0.15,42461.53846153846,334.9357716756304
0.09,0.15,42461.53846153846,337.44930531780244
0.11,0.15,42461.53846153846,339.5606958661213
0.13,0.15,42461.53846153846,341.26015599280106
0.15,0.15,42461.53846153846,342.5404619518925
0.17,0.15,42461.53846153846,343.3965934928661
0.19,0.15,42461.53846153846,343.82541110604114
0.21,0.15,42461.53846153846,343.82541110604114
0.23,0.15,42461.53846153846,343.39659349286603
0.25,0.15,42461.53846153846,342.5404619518925
0.27,0.15,42461.53846153846,341.2601559928011
0.29,0.15,42461.53846153846,339.5606958661213
0.31,0.15,42461.53846153846,337.44930531780244
0.33,0.15,42461.53846153846,334.93577167563046
0.35,0.15,42461.53846153846,332.03281832506747
0.37,0.15,42461.53846153846,328.75654872668025
0.39,0.15,42461.53846153846,325.12727768236783
0.01,0.17,42461.53846153846,325.20321282729924
0.03,0.17,42461.53846153846,328.98169906719187
0.05,0.17,42461.53846153846,332.3997945595152
0.07,0.17,42461.53846153846,335.433282916984
0.09,0.17,42461.53846153846,338.06299534161127
0.11,0.17,42461.53846153846,340.2739032637293
0.13,0.17,42461.53846153846,342.0545587094779
0.15,0.17,42461.53846153846,343.39659349286603
0.17,0.17,42461.53846153846,344.29424115788913
0.19,0.17,42461.53846153846,344.7439192934596
0.21,0.17,42461.53846153846,344.7439192934596
0.23,0.17,42461.53846153846,344.29424115788913
0.25,0.17,42461.53846153846,343.39659349286603
0.27,0.17,42461.53846153846,342.054558709478
0.29,0.17,42461.53846153846,340.27390326372944
0.31,0.17,42461.53846153846,338.06299534161127
0.33,0.17,42461.53846153846,335.433282916984
0.35,0.17,42461.53846153846,332.3997945595152
0.37,0.17,42461.53846153846,328.9816990671918
0.39,0.17,42461.53846153846,325.2032128272993
0.01,0.19,42461.53846153846,325.24117684293793
0.03,0.19,42461.53846153846,329.0942790593314
0.05,0.19,42461.53846153846,332.5833361983375
0.07,0.19,42461.53846153846,335.6821897959511
0.09,0.19,42461.53846153846,338.3701303386768
0.11,0.19,42461.53846153846,340.630957973165
0.13,0.19,42461.53846153846,342.45237198760367
0.15,0.19,42461.53846153846,343.8254111060411
0.17,0.19,42461.53846153846,344.7439192934596
0.19,0.19,42461.53846153846,345.2040816521243
0.21,0.19,42461.53846153846,345.2040816521242
0.23,0.19,42461.53846153846,344.7439192934596
0.25,0.19,42461.53846153846,343.82541110604114
0.27,0.19,42461.53846153846,342.4523719876038
0.29,0.19,42461.53846153846,340.6309579731651
0.31,0.19,42461.53846153846,338.37013033867686
0.33,0.19,42461.53846153846,335.68218979595105
0.35,0.19,42461.53846153846,332.58333619833746
0.37,0.19,42461.53846153846,329.09427905933137
0.39,0.19,42461.53846153846,325.24117684293793
0.01,0.21,42461.53846153846,325.24117684293793
0.03,0.21,42461.53846153846,329.0942790593314
0.05,0.21,42461.53846153846,332.5833361983375
0.07,0.21,42461.53846153846,335.6821897959511
0.09,0.21,42461.53846153846,338.3701303386768
0.11,0.21,42461.53846153846,340.630957973165
0.13,0.21,42461.53846153846,342.4523719876037
0.15,0.21,42461.53846153846,343.8254111060411
0.17,0.21,42461.53846153846,344.7439192934596
0.19,0.21,42461.53846153846,345.2040816521242
0.21,0.21,42461.53846153846,345.2040816521242
0.23,0.21,42461.53846153846,344.7439192934596
0.25,0.21,42461.53846153846,343.8254111060412
0.27,0.21,42461.53846153846,342.4523719876038
0.29,0.21,42461.53846153846,340.63095797316504
0.31,0.21,42461.53846153846,338.3701303386768
0.33,0.21,42461.53846153846,335.68218979595105
0.35,0.21,42461.53846153846,332.5833361983375
0.37,0.21,42461.53846153846,329.09427905933137
0.39,0.21,42461.53846153846,325.241176842938
0.01,0.23,42461.53846153846,325.2032128272993
0.03,0.23,42461.53846153846,328.98169906719187
0.05,0.23,42461.53846153846,332.3997945595152
0.07,0.23,42461.53846153846,335.43328291698407
0.09,0.23,42461.53846153846,338.06299534161127
0.11,0.23,42461.53846153846,340.2739032637293
0.13,0.23,42461.53846153846,342.054558709478
0.15,0.23,42461.53846153846,343.396593492866
0.17,0.23,42461.53846153846,344.2942411578891
0.19,0.23,42461.53846153846,344.7439192934595
0.21,0.23,42461.53846153846,344.7439192934596
0.23,0.23,42461.53846153846,344.2942411578892
0.25,0.23,42461.53846153846,343.3965934928661
0.27,0.23,42461.53846153846,342.054558709478
0.29,0.23,42461.53846153846,340.2739032637293
0.31,0.23,42461.53846153846,338.06299534161127
0.33,0.23,42461.53846153846,335.433282916984
0.35,0.23,42461.53846153846,332.3997945595152
0.37,0.23,42461.53846153846,328.9816990671918
0.39,0.23,42461.53846153846,325.2032128272993
0.01,0.25,42461.53846153846,325.12727768236783
0.03,0.25,42461.53846153846,328.75654872668025
0.05,0.25,42461.53846153846,332.03281832506747
0.07,0.25,42461.53846153846,334.93577167563046
0.09,0.25,42461.53846153846,337.44930531780244
0.11,0.25,42461.53846153846,339.56069586612125
0.13,0.25,42461.53846153846,341.26015599280106
0.15,0.25,42461.53846153846,342.5404619518925
0.17,0.25,42461.53846153846,343.39659349286603
0.19,0.25,42461.53846153846,343.82541110604114
0.21,0.25,42461.53846153846,343.8254111060412
0.23,0.25,42461.53846153846,343.3965934928661
0.25,0.25,42461.53846153846,342.5404619518925
0.27,0.25,42461.53846153846,341.26015599280106
0.29,0.25,42461.53846153846,339.56069586612125
0.31,0.25,42461.53846153846,337.44930531780244
0.33,0.25,42461.53846153846,334.93577167563046
0.35,0.25,42461.53846153846,332.0328183250675
0.37,0.25,42461.53846153846,328.7565487266803
0.39,0.25,42461.53846153846,325.12727768236783
0.01,0.27,42461.53846153846,325.01331596710423
0.03,0.27,42461.53846153846,328.418744166955
0.05,0.27,42461.53846153846,331.48250125101583
0.07,0.27,42461.53846153846,334.1901671358414
0.09,0.27,42461.53846153846,336.53018028406063
0.11,0.27,42461.53846153846,338.4931636658972
0.13,0.27,42461.53846153846,340.07169534404534
0.15,0.27,42461.53846153846,341.26015599280106
0.17,0.27,42461.53846153846,342.0545587094779
0.19,0.27,42461.53846153846,342.4523719876038
0.21,0.27,42461.53846153846,342.4523719876038
0.23,0.27,42461.53846153846,342.054558709478
0.25,0.27,42461.53846153846,341.26015599280106
0.27,0.27,42461.53846153846,340.0716953440454
0.29,0.27,42461.53846153846,338.4931636658972
0.31,0.27,42461.53846153846,336.5301802840607
0.33,0.27,42461.53846153846,334.1901671358415
0.35,0.27,42461.53846153846,331.48250125101583
0.37,0.27,42461.53846153846,328.418744166955
0.39,0.27,42461.53846153846,325.0133159671043
0.01,0.29,42461.53846153846,324.86111917536687
0.03,0.29,42461.53846153846,327.9678504990197
0.05,0.29,42461.53846153846,330.7486278311124
0.07,0.29,42461.53846153846,333.1969558666031
0.09,0.29,42461.53846153846,335.3071680070356
0.11,0.29,42461.53846153846,337.07408433712806
0.13,0.29,42461.53846153846,338.4931636658972
0.15,0.29,42461.53846153846,339.56069586612125
0.17,0.29,42461.53846153846,340.27390326372927
0.19,0.29,42461.53846153846,340.630957973165
0.21,0.29,42461.53846153846,340.630957973165
0.23,0.29,42461.53846153846,340.2739032637293
0.25,0.29,42461.53846153846,339.56069586612125
0.27,0.29,42461.53846153846,338.4931636658972
0.29,0.29,42461.53846153846,337.0740843371281
0.31,0.29,42461.53846153846,335.30716800703567
0.33,0.29,42461.53846153846,333.1969558666031
0.35,0.29,42461.53846153846,330.7486278311124
0.37,0.29,42461.53846153846,327.96785049901973
0.39,0.29,42461.53846153846,324.86111917536687
0.01,0.31,42461.53846153846,324.67009750826526
0.03,0.31,42461.53846153846,327.4025430439808
0.05,0.31,42461.53846153846,329.8300767758095
0.07,0.31,42461.53846153846,331.9561354700094
0.09,0.31,42461.53846153846,333.7819989598148
0.11,0.31,42461.53846153846,335.3071680070356
0.13,0.31,42461.53846153846,336.53018028406063
0.15,0.31,42461.53846153846,337.4493053178024
0.17,0.31,42461.53846153846,338.0629953416112
0.19,0.31,42461.53846153846,338.3701303386768
0.21,0.31,42461.53846153846,338.3701303386768
0.23,0.31,42461.53846153846,338.0629953416112
0.25,0.31,42461.53846153846,337.44930531780244
0.27,0.31,42461.53846153846,336.5301802840607
0.29,0.31,42461.53846153846,335.3071680070356
0.31,0.31,42461.53846153846,333.7819989598148
0.33,0.31,42461.53846153846,331.9561354700094
0.35,0.31,42461.53846153846,329.8300767758096
0.37,0.31,42461.53846153846,327.4025430439809
0.39,0.31,42461.53846153846,324.67009750826526
0.01,0.33,42461.53846153846,324.438778464842
0.03,0.33,42461.53846153846,326.7195163360105
0.05,0.33,42461.53846153846,328.7236991766795
0.07,0.33,42461.53846153846,330.4663817418676
0.09,0.33,42461.53846153846,331.9561354700093
0.11,0.33,42461.53846153846,333.19695586660305
0.13,0.33,42461.53846153846,334.19016713584136
0.15,0.33,42461.53846153846,334.9357716756304
0.17,0.33,42461.53846153846,335.433282916984
0.19,0.33,42461.53846153846,335.68218979595105
0.21,0.33,42461.53846153846,335.68218979595105
0.23,0.33,42461.53846153846,335.433282916984
0.25,0.33,42461.53846153846,334.9357716756304
0.27,0.33,42461.53846153846,334.1901671358415
0.29,0.33,42461.53846153846,333.1969558666031
0.31,0.33,42461.53846153846,331.9561354700094
0.33,0.33,42461.53846153846,330.4663817418676
0.35,0.33,42461.53846153846,328.7236991766794
0.37,0.33,42461.53846153846,326.7195163360105
0.39,0.33,42461.53846153846,324.438778464842
0.01,0.35,42461.53846153846,324.16361639814903
0.03,0.35,42461.53846153846,325.9112625311138
0.05,0.35,42461.53846153846,327.4223055107479
0.07,0.35,42461.53846153846,328.7236991766795
0.09,0.35,42461.53846153846,329.8300767758096
0.11,0.35,42461.53846153846,330.74862783111234
0.13,0.35,42461.53846153846,331.4825012510158
0.15,0.35,42461.53846153846,332.03281832506747
0.17,0.35,42461.53846153846,332.3997945595152
0.19,0.35,42461.53846153846,332.58333619833746
0.21,0.35,42461.53846153846,332.58333619833746
0.23,0.35,42461.53846153846,332.3997945595152
0.25,0.35,42461.53846153846,332.03281832506747
0.27,0.35,42461.53846153846,331.4825012510158
0.29,0.35,42461.53846153846,330.7486278311124
0.31,0.35,42461.53846153846,329.8300767758096
0.33,0.35,42461.53846153846,328.7236991766794
0.35,0.35,42461.53846153846,327.42230551074783
0.37,0.35,42461.53846153846,325.9112625311138
0.39,0.35,42461.53846153846,324.16361639814903
0.01,0.37,42461.53846153846,323.8357650299542
0.03,0.37,42461.53846153846,324.96148612849504
0.05,0.37,42461.53846153846,325.9112625311138
0.07,0.37,42461.53846153846,326.7195163360105
0.09,0.37,42461.53846153846,327.4025430439809
0.11,0.37,42461.53846153846,327.96785049901973
0.13,0.37,42461.53846153846,328.4187441669549
0.15,0.37,42461.53846153846,328.75654872668025
0.17,0.37,42461.53846153846,328.98169906719176
0.19,0.37,42461.53846153846,329.09427905933137
0.21,0.37,42461.53846153846,329.09427905933137
0.23,0.37,42461.53846153846,328.98169906719176
0.25,0.37,42461.53846153846,328.7565487266802
0.27,0.37,42461.53846153846,328.4187441669549
0.29,0.37,42461.53846153846,327.96785049901973
0.31,0.37,42461.53846153846,327.40254304398087
0.33,0.37,42461.53846153846,326.7195163360105
0.35,0.37,42461.53846153846,325.9112625311138
0.37,0.37,42461.53846153846,324.9614861284951
0.39,0.37,42461.53846153846,323.8357650299542
0.01,0.39,42461.53846153846,323.4307301639004
0.03,0.39,42461.53846153846,323.8357650299542
0.05,0.39,42461.53846153846,324.163616398149
0.07,0.39,42461.53846153846,324.438778464842
0.09,0.39,42461.53846153846,324.67009750826526
0.11,0.39,42461.53846153846,324.8611191753668
0.13,0.39,42461.53846153846,325.01331596710423
0.15,0.39,42461.53846153846,325.12727768236783
0.17,0.39,42461.53846153846,325.2032128272993
0.19,0.39,42461.53846153846,325.24117684293793
0.21,0.39,42461.53846153846,325.241176842938
0.23,0.39,42461.53846153846,325.2032128272993
0.25,0.39,42461.53846153846,325.12727768236783
0.27,0.39,42461.53846153846,325.01331596710423
0.29,0.39,42461.53846153846,324.86111917536687
0.31,0.39,42461.53846153846,324.67009750826526
0.33,0.39,42461.53846153846,324.438778464842
0.35,0.39,42461.53846153846,324.16361639814903
0.37,0.39,42461.53846153846,323.8357650299542
0.39,0.39,42461.53846153846,323.4307301639004
0.01,0.01,44307.69230769231,323.4140242350172
0.03,0.01,44307.69230769231,323.79428563714924
0.05,0.01,44307.69230769231,324.10187753220896
0.07,0.01,44307.69230769231,324.3600419738748
0.09,0.01,44307.69230769231,324.57716083530914
0.11,0.01,44307.69230769231,324.7565633952853
0.13,0.01,44307.69230769231,324.89959534600155
0.15,0.01,44307.69230769231,325.0067587537717
0.17,0.01,44307.69230769231,325.0781980882194
0.19,0.01,44307.69230769231,325.1139253169075
0.21,0.01,44307.69230769231,325.11392531690745
0.23,0.01,44307.69230769231,325.0781980882193
0.25,0.01,44307.69230769231,325.0067587537717
0.27,0.01,44307.69230769231,324.89959534600155
0.29,0.01,44307.69230769231,324.7565633952853
0.31,0.01,44307.69230769231,324.57716083530914
0.33,0.01,44307.69230769231,324.3600419738748
0.35,0.01,44307.69230769231,324.10187753220896
0.37,0.01,44307.69230769231,323.79428563714924
0.39,0.01,44307.69230769231,323.4140242350172
0.01,0.03,44307.69230769231,323.79428563714924
0.03,0.03,44307.69230769231,324.85081382388364
0.05,0.03,44307.69230769231,325.7418954690623
0.07,0.03,44307.69230769231,326.5003153211557
0.09,0.03,44307.69230769231,327.1415292717352
0.11,0.03,44307.69230769231,327.67256405020925
0.13,0.03,44307.69230769231,328.09640381593056
0.15,0.03,44307.69230769231,328.4141335563124
0.17,0.03,44307.69230769231,328.6260062361883
0.19,0.03,44307.69230769231,328.73197986049325
0.21,0.03,44307.69230769231,328.73197986049325
0.23,0.03,44307.69230769231,328.62600623618823
0.25,0.03,44307.69230769231,328.4141335563123
0.27,0.03,44307.69230769231,328.09640381593056
0.29,0.03,44307.69230769231,327.6725640502093
0.31,0.03,44307.69230769231,327.14152927173524
0.33,0.03,44307.69230769231,326.50031532115577
0.35,0.03,44307.69230769231,325.74189546906234
0.37,0.03,44307.69230769231,324.85081382388364
0.39,0.03,44307.69230769231,323.7942856371492
0.01,0.05,44307.69230769231,324.10187753220896
0.03,0.05,44307.69230769231,325.7418954690623
0.05,0.05,44307.69230769231,327.1596790954311
0.07,0.05,44307.69230769231,328.38108927071227
0.09,0.05,44307.69230769231,329.4200325518656
0.11,0.05,44307.69230769231,330.28318046801337
0.13,0.05,44307.69230769231,330.97327086330995
0.15,0.05,44307.69230769231,331.4910824295168
0.17,0.05,44307.69230769231,331.8365542508094
0.19,0.05,44307.69230769231,332.00939529657086
0.21,0.05,44307.69230769231,332.00939529657086
0.23,0.05,44307.69230769231,331.83655425080934
0.25,0.05,44307.69230769231,331.4910824295168
0.27,0.05,44307.69230769231,330.97327086330995
0.29,0.05,44307.69230769231,330.2831804680134
0.31,0.05,44307.69230769231,329.4200325518657
0.33,0.05,44307.69230769231,328.3810892707124
0.35,0.05,44307.69230769231,327.1596790954311
0.37,0.05,44307.69230769231,325.7418954690623
0.39,0.05,44307.69230769231,324.1018775322089
0.01,0.07,44307.69230769231,324.3600419738748
0.03,0.07,44307.69230769231,326.5003153211557
0.05,0.07,44307.69230769231,328.3810892707122
0.07,0.07,44307.69230769231,330.0170961547732
0.09,0.07,44307.69230769231,331.41652336424806
0.11,0.07,44307.69230769231,332.58296108381296
0.13,0.07,44307.69230769231,333.5173198506053
0.15,0.07,44307.69230769231,334.2192050806364
0.17,0.07,44307.69230769231,334.68778552522974
0.19,0.07,44307.69230769231,334.9222949213419
0.21,0.07,44307.69230769231,334.922294921342
0.23,0.07,44307.69230769231,334.6877855252297
0.25,0.07,44307.69230769231,334.2192050806364
0.27,0.07,44307.69230769231,333.5173198506053
0.29,0.07,44307.69230769231,332.582961083813
0.31,0.07,44307.69230769231,331.4165233642482
0.33,0.07,44307.69230769231,330.0170961547733
0.35,0.07,44307.69230769231,328.3810892707123
0.37,0.07,44307.69230769231,326.5003153211557
0.39,0.07,44307.69230769231,324.3600419738748
0.01,0.09,44307.69230769231,324.57716083530914
0.03,0.09,44307.69230769231,327.1415292717352
0.05,0.09,44307.69230769231,329.4200325518656
0.07,0.09,44307.69230769231,331.41652336424806
0.09,0.09,44307.69230769231,333.13229667508466
0.11,0.09,44307.69230769231,334.5666271291449
0.13,0.09,44307.69230769231,335.71768831588287
0.15,0.09,44307.69230769231,336.583333788082
0.17,0.09,44307.69230769231,337.16162512540546
0.19,0.09,44307.69230769231,337.4511420608205
0.21,0.09,44307.69230769231,337.4511420608205
0.23,0.09,44307.69230769231,337.1616251254054
0.25,0.09,44307.69230769231,336.583333788082
0.27,0.09,44307.69230769231,335.71768831588287
0.29,0.09,44307.69230769231,334.56662712914493
0.31,0.09,44307.69230769231,333.1322966750847
0.33,0.09,44307.69230769231,331.4165233642481
0.35,0.09,44307.69230769231,329.42003255186563
0.37,0.09,44307.69230769231,327.14152927173524
0.39,0.09,44307.69230769231,324.57716083530914
0.01,0.11,44307.69230769231,324.7565633952853
0.03,0.11,44307.69230769231,327.67256405020925
0.05,0.11,44307.69230769231,330.2831804680133
0.07,0.11,44307.69230769231,332.58296108381285
0.09,0.11,44307.69230769231,334.5666271291448
0.11,0.11,44307.69230769231,336.2289621585937
0.13,0.11,44307.69230769231,337.5651311182755
0.15,0.11,44307.69230769231,338.5710091360127
0.17,0.11,44307.69230769231,339.24339799619725
0.19,0.11,44307.69230769231,339.58013537068626
0.21,0.11,44307.69230769231,339.58013537068626
0.23,0.11,44307.69230769231,339.24339799619725
0.25,0.11,44307.69230769231,338.5710091360127
0.27,0.11,44307.69230769231,337.5651311182756
0.29,0.11,44307.69230769231,336.2289621585938
0.31,0.11,44307.69230769231,334.5666271291449
0.33,0.11,44307.69230769231,332.58296108381296
0.35,0.11,44307.69230769231,330.28318046801337
0.37,0.11,44307.69230769231,327.6725640502093
0.39,0.11,44307.69230769231,324.7565633952853
0.01,0.13,44307.69230769231,324.89959534600155
0.03,0.13,44307.69230769231,328.09640381593056
0.05,0.13,44307.69230769231,330.97327086330995
0.07,0.13,44307.69230769231,333.51731985060525
0.09,0.13,44307.69230769231,335.7176883158828
0.11,0.13,44307.69230769231,337.5651311182755
0.13,0.13,44307.69230769231,339.05200225565574
0.15,0.13,44307.69230769231,340.1722774295313
0.17,0.13,44307.69230769231,340.9215298833747
0.19,0.13,44307.69230769231,341.29686820635027
0.21,0.13,44307.69230769231,341.29686820635027
0.23,0.13,44307.69230769231,340.9215298833747
0.25,0.13,44307.69230769231,340.1722774295313
0.27,0.13,44307.69230769231,339.0520022556558
0.29,0.13,44307.69230769231,337.5651311182756
0.31,0.13,44307.69230769231,335.7176883158828
0.33,0.13,44307.69230769231,333.51731985060525
0.35,0.13,44307.69230769231,330.9732708633099
0.37,0.13,44307.69230769231,328.09640381593056
0.39,0.13,44307.69230769231,324.89959534600155
0.01,0.15,44307.69230769231,325.0067587537717
0.03,0.15,44307.69230769231,328.4141335563123
0.05,0.15,44307.69230769231,331.4910824295168
0.07,0.15,44307.69230769231,334.2192050806363
0.09,0.15,44307.69230769231,336.5833337880819
0.11,0.15,44307.69230769231,338.57100913601266
0.13,0.15,44307.69230769231,340.1722774295312
0.15,0.15,44307.69230769231,341.37952098530417
0.17,0.15,44307.69230769231,342.18726721138034
0.19,0.15,44307.69230769231,342.5919984118774
0.21,0.15,44307.69230769231,342.5919984118774
0.23,0.15,44307.69230769231,342.18726721138034
0.25,0.15,44307.69230769231,341.3795209853041
0.27,0.15,44307.69230769231,340.1722774295313
0.29,0.15,44307.69230769231,338.5710091360127
0.31,0.15,44307.69230769231,336.5833337880819
0.33,0.15,44307.69230769231,334.2192050806364
0.35,0.15,44307.69230769231,331.4910824295168
0.37,0.15,44307.69230769231,328.4141335563123
0.39,0.15,44307.69230769231,325.0067587537717
0.01,0.17,44307.69230769231,325.0781980882194
0.03,0.17,44307.69230769231,328.62600623618823
0.05,0.17,44307.69230769231,331.83655425080934
0.07,0.17,44307.69230769231,334.6877855252297
0.09,0.17,44307.69230769231,337.1616251254054
0.11,0.17,44307.69230769231,339.24339799619725
0.13,0.17,44307.69230769231,340.9215298833747
0.15,0.17,44307.69230769231,342.18726721138034
0.17,0.17,44307.69230769231,343.0343835011478
0.19,0.17,44307.69230769231,343.4589062123257
0.21,0.17,44307.69230769231,343.45890621232576
0.23,0.17,44307.69230769231,343.0343835011477
0.25,0.17,44307.69230769231,342.1872672113803
0.27,0.17,44307.69230769231,340.9215298833747
0.29,0.17,44307.69230769231,339.2433979961972
0.31,0.17,44307.69230769231,337.1616251254054
0.33,0.17,44307.69230769231,334.6877855252297
0.35,0.17,44307.69230769231,331.8365542508093
0.37,0.17,44307.69230769231,328.62600623618823
0.39,0.17,44307.69230769231,325.0781980882194
0.01,0.19,44307.69230769231,325.1139253169075
0.03,0.19,44307.69230769231,328.73197986049325
0.05,0.19,44307.69230769231,332.00939529657086
0.07,0.19,44307.69230769231,334.922294921342
0.09,0.19,44307.69230769231,337.4511420608205
0.11,0.19,44307.69230769231,339.5801353706862
0.13,0.19,44307.69230769231,341.29686820635027
0.15,0.19,44307.69230769231,342.59199841187746
0.17,0.19,44307.69230769231,343.45890621232576
0.19,0.19,44307.69230769231,343.89338064852626
0.21,0.19,44307.69230769231,343.89338064852626
0.23,0.19,44307.69230769231,343.4589062123257
0.25,0.19,44307.69230769231,342.5919984118774
0.27,0.19,44307.69230769231,341.2968682063502
0.29,0.19,44307.69230769231,339.5801353706862
0.31,0.19,44307.69230769231,337.4511420608204
0.33,0.19,44307.69230769231,334.9222949213419
0.35,0.19,44307.69230769231,332.0093952965708
0.37,0.19,44307.69230769231,328.73197986049325
0.39,0.19,44307.69230769231,325.1139253169075
0.01,0.21,44307.69230769231,325.1139253169075
0.03,0.21,44307.69230769231,328.73197986049325
0.05,0.21,44307.69230769231,332.00939529657086
0.07,0.21,44307.69230769231,334.922294921342
0.09,0.21,44307.69230769231,337.4511420608205
0.11,0.21,44307.69230769231,339.58013537068626
0.13,0.21,44307.69230769231,341.29686820635027
0.15,0.21,44307.69230769231,342.5919984118774
0.17,0.21,44307.69230769231,343.45890621232576
0.19,0.21,44307.69230769231,343.89338064852626
0.21,0.21,44307.69230769231,343.89338064852626
0.23,0.21,44307.69230769231,343.4589062123257
0.25,0.21,44307.69230769231,342.59199841187734
0.27,0.21,44307.69230769231,341.2968682063502
0.29,0.21,44307.69230769231,339.58013537068626
0.31,0.21,44307.69230769231,337.4511420608205
0.33,0.21,44307.69230769231,334.92229492134186
0.35,0.21,44307.69230769231,332.0093952965708
0.37,0.21,44307.69230769231,328.73197986049325
0.39,0.21,44307.69230769231,325.1139253169075
0.01,0.23,44307.69230769231,325.0781980882194
0.03,0.23,44307.69230769231,328.62600623618823
0.05,0.23,44307.69230769231,331.8365542508094
0.07,0.23,44307.69230769231,334.6877855252297
0.09,0.23,44307.69230769231,337.1616251254054
0.11,0.23,44307.69230769231,339.24339799619725
0.13,0.23,44307.69230769231,340.9215298833747
0.15,0.23,44307.69230769231,342.1872672113803
0.17,0.23,44307.69230769231,343.0343835011477
0.19,0.23,44307.69230769231,343.4589062123257
0.21,0.23,44307.69230769231,343.4589062123257
0.23,0.23,44307.69230769231,343.0343835011477
0.25,0.23,44307.69230769231,342.1872672113803
0.27,0.23,44307.69230769231,340.9215298833747
0.29,0.23,44307.69230769231,339.24339799619725
0.31,0.23,44307.69230769231,337.1616251254054
0.33,0.23,44307.69230769231,334.6877855252297
0.35,0.23,44307.69230769231,331.8365542508093
0.37,0.23,44307.69230769231,328.62600623618823
0.39,0.23,44307.69230769231,325.0781980882194
0.01,0.25,44307.69230769231,325.0067587537717
0.03,0.25,44307.69230769231,328.4141335563124
0.05,0.25,44307.69230769231,331.4910824295168
0.07,0.25,44307.69230769231,334.2192050806364
0.09,0.25,44307.69230769231,336.583333788082
0.11,0.25,44307.69230769231,338.57100913601266
0.13,0.25,44307.69230769231,340.1722774295312
0.15,0.25,44307.69230769231,341.3795209853041
0.17,0.25,44307.69230769231,342.1872672113803
0.19,0.25,44307.69230769231,342.59199841187734
0.21,0.25,44307.69230769231,342.59199841187734
0.23,0.25,44307.69230769231,342.1872672113803
0.25,0.25,44307.69230769231,341.3795209853041
0.27,0.25,44307.69230769231,340.1722774295312
0.29,0.25,44307.69230769231,338.57100913601266
0.31,0.25,44307.69230769231,336.583333788082
0.33,0.25,44307.69230769231,334.2192050806364
0.35,0.25,44307.69230769231,331.49108242951684
0.37,0.25,44307.69230769231,328.4141335563124
0.39,0.25,44307.69230769231,325.0067587537717
0.01,0.27,44307.69230769231,324.89959534600155
0.03,0.27,44307.69230769231,328.09640381593056
0.05,0.27,44307.69230769231,330.97327086330995
0.07,0.27,44307.69230769231,333.5173198506053
0.09,0.27,44307.69230769231,335.7176883158828
0.11,0.27,44307.69230769231,337.5651311182754
0.13,0.27,44307.69230769231,339.0520022556556
0.15,0.27,44307.69230769231,340.1722774295312
0.17,0.27,44307.69230769231,340.92152988337466
0.19,0.27,44307.69230769231,341.2968682063502
0.21,0.27,44307.69230769231,341.2968682063502
0.23,0.27,44307.69230769231,340.92152988337466
0.25,0.27,44307.69230769231,340.1722774295312
0.27,0.27,44307.69230769231,339.05200225565574
0.29,0.27,44307.69230769231,337.5651311182756
0.31,0.27,44307.69230769231,335.71768831588287
0.33,0.27,44307.69230769231,333.5173198506053
0.35,0.27,44307.69230769231,330.97327086331
0.37,0.27,44307.69230769231,328.0964038159306
0.39,0.27,44307.69230769231,324.8995953460016
0.01,0.29,44307.69230769231,324.7565633952853
0.03,0.29,44307.69230769231,327.67256405020925
0.05,0.29,44307.69230769231,330.28318046801337
0.07,0.29,44307.69230769231,332.5829610838129
0.09,0.29,44307.69230769231,334.5666271291448
0.11,0.29,44307.69230769231,336.2289621585936
0.13,0.29,44307.69230769231,337.5651311182754
0.15,0.29,44307.69230769231,338.57100913601266
0.17,0.29,44307.69230769231,339.2433979961972
0.19,0.29,44307.69230769231,339.5801353706862
0.21,0.29,44307.69230769231,339.5801353706862
0.23,0.29,44307.69230769231,339.24339799619725
0.25,0.29,44307.69230769231,338.57100913601266
0.27,0.29,44307.69230769231,337.5651311182755
0.29,0.29,44307.69230769231,336.2289621585938
0.31,0.29,44307.69230769231,334.56662712914493
0.33,0.29,44307.69230769231,332.58296108381296
0.35,0.29,44307.69230769231,330.2831804680134
0.37,0.29,44307.69230769231,327.6725640502093
0.39,0.29,44307.69230769231,324.7565633952853
0.01,0.31,44307.69230769231,324.57716083530914
0.03,0.31,44307.69230769231,327.1415292717351
0.05,0.31,44307.69230769231,329.4200325518656
0.07,0.31,44307.69230769231,331.4165233642481
0.09,0.31,44307.69230769231,333.13229667508466
0.11,0.31,44307.69230769231,334.5666271291448
0.13,0.31,44307.69230769231,335.7176883158828
0.15,0.31,44307.69230769231,336.5833337880819
0.17,0.31,44307.69230769231,337.1616251254054
0.19,0.31,44307.69230769231,337.4511420608205
0.21,0.31,44307.69230769231,337.4511420608204
0.23,0.31,44307.69230769231,337.1616251254053
0.25,0.31,44307.69230769231,336.583333788082
0.27,0.31,44307.69230769231,335.71768831588287
0.29,0.31,44307.69230769231,334.56662712914493
0.31,0.31,44307.69230769231,333.1322966750847
0.33,0.31,44307.69230769231,331.4165233642482
0.35,0.31,44307.69230769231,329.4200325518657
0.37,0.31,44307.69230769231,327.14152927173524
0.39,0.31,44307.69230769231,324.57716083530914
0.01,0.33,44307.69230769231,324.3600419738748
0.03,0.33,44307.69230769231,326.50031532115577
0.05,0.33,44307.69230769231,328.38108927071227
0.07,0.33,44307.69230769231,330.0170961547732
0.09,0.33,44307.69230769231,331.41652336424806
0.11,0.33,44307.69230769231,332.5829610838129
0.13,0.33,44307.69230769231,333.51731985060525
0.15,0.33,44307.69230769231,334.2192050806364
0.17,0.33,44307.69230769231,334.6877855252297
0.19,0.33,44307.69230769231,334.922294921342
0.21,0.33,44307.69230769231,334.9222949213419
0.23,0.33,44307.69230769231,334.6877855252297
0.25,0.33,44307.69230769231,334.2192050806364
0.27,0.33,44307.69230769231,333.5173198506053
0.29,0.33,44307.69230769231,332.58296108381296
0.31,0.33,44307.69230769231,331.41652336424823
0.33,0.33,44307.69230769231,330.0170961547733
0.35,0.33,44307.69230769231,328.3810892707124
0.37,0.33,44307.69230769231,326.5003153211558
0.39,0.33,44307.69230769231,324.3600419738748
0.01,0.35,44307.69230769231,324.10187753220896
0.03,0.35,44307.69230769231,325.74189546906234
0.05,0.35,44307.69230769231,327.1596790954312
0.07,0.35,44307.69230769231,328.38108927071227
0.09,0.35,44307.69230769231,329.4200325518656
0.11,0.35,44307.69230769231,330.2831804680133
0.13,0.35,44307.69230769231,330.97327086330995
0.15,0.35,44307.69230769231,331.4910824295168
0.17,0.35,44307.69230769231,331.8365542508093
0.19,0.35,44307.69230769231,332.0093952965708
0.21,0.35,44307.69230769231,332.0093952965708
0.23,0.35,44307.69230769231,331.8365542508093
0.25,0.35,44307.69230769231,331.4910824295168
0.27,0.35,44307.69230769231,330.97327086330995
0.29,0.35,44307.69230769231,330.28318046801337
0.31,0.35,44307.69230769231,329.4200325518657
0.33,0.35,44307.69230769231,328.3810892707124
0.35,0.35,44307.69230769231,327.1596790954312
0.37,0.35,44307.69230769231,325.74189546906234
0.39,0.35,44307.69230769231,324.10187753220896
0.01,0.37,44307.69230769231,323.79428563714924
0.03,0.37,44307.69230769231,324.85081382388364
0.05,0.37,44307.69230769231,325.74189546906234
0.07,0.37,44307.69230769231,326.50031532115577
0.09,0.37,44307.69230769231,327.1415292717352
0.11,0.37,44307.69230769231,327.6725640502092
0.13,0.37,44307.69230769231,328.09640381593056
0.15,0.37,44307.69230769231,328.4141335563123
0.17,0.37,44307.69230769231,328.62600623618823
0.19,0.37,44307.69230769231,328.7319798604932
0.21,0.37,44307.69230769231,328.7319798604932
0.23,0.37,44307.69230769231,328.62600623618823
0.25,0.37,44307.69230769231,328.4141335563123
0.27,0.37,44307.69230769231,328.09640381593056
0.29,0.37,44307.69230769231,327.67256405020925
0.31,0.37,44307.69230769231,327.14152927173524
0.33,0.37,44307.69230769231,326.50031532115577
0.35,0.37,44307.69230769231,325.74189546906234
0.37,0.37,44307.69230769231,324.8508138238837
0.39,0.37,44307.69230769231,323.79428563714924
0.01,0.39,44307.69230769231,323.4140242350172
0.03,0.39,44307.69230769231,323.79428563714924
0.05,0.39,44307.69230769231,324.1018775322089
0.07,0.39,44307.69230769231,324.3600419738748
0.09,0.39,44307.69230769231,324.5771608353091
0.11,0.39,44307.69230769231,324.75656339528524
0.13,0.39,44307.69230769231,324.89959534600155
0.15,0.39,44307.69230769231,325.0067587537717
0.17,0.39,44307.69230769231,325.0781980882194
0.19,0.39,44307.69230769231,325.1139253169075
0.21,0.39,44307.69230769231,325.1139253169075
0.23,0.39,44307.69230769231,325.0781980882194
0.25,0.39,44307.69230769231,325.0067587537717
0.27,0.39,44307.69230769231,324.89959534600155
0.29,0.39,44307.69230769231,324.7565633952853
0.31,0.39,44307.69230769231,324.57716083530914
0.33,0.39,44307.69230769231,324.3600419738748
0.35,0.39,44307.69230769231,324.10187753220896
0.37,0.39,44307.69230769231,323.79428563714924
0.39,0.39,44307.69230769231,323.4140242350172
0.01,0.01,46153.84615384616,323.3985300852245
0.03,0.01,46153.84615384616,323.75565463274575
0.05,0.01,46153.84615384616,324.0442132733783
0.07,0.01,46153.84615384616,324.2863230202013
0.09,0.01,46153.84615384616,324.48996232252347
0.11,0.01,46153.84615384616,324.6582846989057
0.13,0.01,46153.84615384616,324.79254134806416
0.15,0.01,46153.84615384616,324.8931733873283
0.17,0.01,46153.84615384616,324.9602824505522
0.19,0.01,46153.84615384616,324.99385184465865
0.21,0.01,46153.84615384616,324.9938518446586
0.23,0.01,46153.84615384616,324.9602824505522
0.25,0.01,46153.84615384616,324.8931733873284
0.27,0.01,46153.84615384616,324.7925413480642
0.29,0.01,46153.84615384616,324.65828469890573
0.31,0.01,46153.84615384616,324.48996232252347
0.33,0.01,46153.84615384616,324.28632302020134
0.35,0.01,46153.84615384616,324.0442132733783
0.37,0.01,46153.84615384616,323.7556546327458
0.39,0.01,46153.84615384616,323.3985300852245
0.01,0.03,46153.84615384616,323.75565463274575
0.03,0.03,46153.84615384616,324.7474281878805
0.05,0.03,46153.84615384616,325.58330123600325
0.07,0.03,46153.84615384616,326.29461010597095
0.09,0.03,46153.84615384616,326.8961032832298
0.11,0.03,46153.84615384616,327.39443222577137
0.13,0.03,46153.84615384616,327.79235054633176
0.15,0.03,46153.84615384616,328.09078095462945
0.17,0.03,46153.84615384616,328.2898564702421
0.19,0.03,46153.84615384616,328.3894527411564
0.21,0.03,46153.84615384616,328.3894527411564
0.23,0.03,46153.84615384616,328.2898564702421
0.25,0.03,46153.84615384616,328.0907809546295
0.27,0.03,46153.84615384616,327.7923505463319
0.29,0.03,46153.84615384616,327.3944322257714
0.31,0.03,46153.84615384616,326.89610328322993
0.33,0.03,46153.84615384616,326.294610105971
0.35,0.03,46153.84615384616,325.5833012360033
0.37,0.03,46153.84615384616,324.7474281878805
0.39,0.03,46153.84615384616,323.75565463274575
0.01,0.05,46153.84615384616,324.0442132733783
0.03,0.05,46153.84615384616,325.5833012360033
0.05,0.05,46153.84615384616,326.91322615679354
0.07,0.05,46153.84615384616,328.0589223715557
0.09,0.05,46153.84615384616,329.033727535224
0.11,0.05,46153.84615384616,329.84394385677854
0.13,0.05,46153.84615384616,330.49203604532744
0.15,0.05,46153.84615384616,330.9785621211787
0.17,0.05,46153.84615384616,331.30328396660104
0.19,0.05,46153.84615384616,331.4657834570242
0.21,0.05,46153.84615384616,331.46578345702414
0.23,0.05,46153.84615384616,331.30328396660104
0.25,0.05,46153.84615384616,330.9785621211787
0.27,0.05,46153.84615384616,330.49203604532744
0.29,0.05,46153.84615384616,329.84394385677854
0.31,0.05,46153.84615384616,329.03372753522405
0.33,0.05,46153.84615384616,328.05892237155587
0.35,0.05,46153.84615384616,326.9132261567936
0.37,0.05,46153.84615384616,325.5833012360033
0.39,0.05,46153.84615384616,324.0442132733783
0.01,0.07,46153.84615384616,324.28632302020134
0.03,0.07,46153.84615384616,326.29461010597095
0.05,0.07,46153.84615384616,328.0589223715558
0.07,0.07,46153.84615384616,329.5937919363295
0.09,0.07,46153.84615384616,330.90718249297805
0.11,0.07,46153.84615384616,332.0024544845968
0.13,0.07,46153.84615384616,332.88027957207834
0.15,0.07,46153.84615384616,333.540026005974
0.17,0.07,46153.84615384616,333.9806500985499
0.19,0.07,46153.84615384616,334.2012247053217
0.21,0.07,46153.84615384616,334.2012247053217
0.23,0.07,46153.84615384616,333.98065009855
0.25,0.07,46153.84615384616,333.540026005974
0.27,0.07,46153.84615384616,332.88027957207834
0.29,0.07,46153.84615384616,332.00245448459685
0.31,0.07,46153.84615384616,330.90718249297817
0.33,0.07,46153.84615384616,329.5937919363296
0.35,0.07,46153.84615384616,328.05892237155587
0.37,0.07,46153.84615384616,326.294610105971
0.39,0.07,46153.84615384616,324.28632302020134
0.01,0.09,46153.84615384616,324.48996232252347
0.03,0.09,46153.84615384616,326.8961032832298
0.05,0.09,46153.84615384616,329.033727535224
0.07,0.09,46153.84615384616,330.90718249297805
0.09,0.09,46153.84615384616,332.5179331760113
0.11,0.09,46153.84615384616,333.86522134859206
0.13,0.09,46153.84615384616,334.94706025627414
0.15,0.09,46153.84615384616,335.7610791358944
0.17,0.09,46153.84615384616,336.30510985488627
0.19,0.09,46153.84615384616,336.57754756838995
0.21,0.09,46153.84615384616,336.57754756838995
0.23,0.09,46153.84615384616,336.3051098548863
0.25,0.09,46153.84615384616,335.7610791358944
0.27,0.09,46153.84615384616,334.9470602562743
0.29,0.09,46153.84615384616,333.8652213485922
0.31,0.09,46153.84615384616,332.51793317601147
0.33,0.09,46153.84615384616,330.9071824929781
0.35,0.09,46153.84615384616,329.033727535224
0.37,0.09,46153.84615384616,326.8961032832299
0.39,0.09,46153.84615384616,324.48996232252347
0.01,0.11,46153.84615384616,324.65828469890573
0.03,0.11,46153.84615384616,327.39443222577137
0.05,0.11,46153.84615384616,329.84394385677854
0.07,0.11,46153.84615384616,332.00245448459674
0.09,0.11,46153.84615384616,333.86522134859206
0.11,0.11,46153.84615384616,335.4271973202393
0.13,0.11,46153.84615384616,336.683480326712
0.15,0.11,46153.84615384616,337.62974889347896
0.17,0.11,46153.84615384616,338.26256960227823
0.19,0.11,46153.84615384616,338.5795797331717
0.21,0.11,46153.84615384616,338.5795797331717
0.23,0.11,46153.84615384616,338.26256960227823
0.25,0.11,46153.84615384616,337.629748893479
0.27,0.11,46153.84615384616,336.6834803267121
0.29,0.11,46153.84615384616,335.4271973202395
0.31,0.11,46153.84615384616,333.8652213485922
0.33,0.11,46153.84615384616,332.0024544845968
0.35,0.11,46153.84615384616,329.84394385677854
0.37,0.11,46153.84615384616,327.39443222577137
0.39,0.11,46153.84615384616,324.6582846989057
0.01,0.13,46153.84615384616,324.7925413480642
0.03,0.13,46153.84615384616,327.7923505463318
0.05,0.13,46153.84615384616,330.49203604532744
0.07,0.13,46153.84615384616,332.8802795720783
0.09,0.13,46153.84615384616,334.94706025627414
0.11,0.13,46153.84615384616,336.683480326712
0.13,0.13,46153.84615384616,338.0819149467024
0.15,0.13,46153.84615384616,339.1361744537484
0.17,0.13,46153.84615384616,339.8415975814736
0.19,0.13,46153.84615384616,340.19508224609865
0.21,0.13,46153.84615384616,340.19508224609865
0.23,0.13,46153.84615384616,339.84159758147354
0.25,0.13,46153.84615384616,339.1361744537484
0.27,0.13,46153.84615384616,338.0819149467024
0.29,0.13,46153.84615384616,336.6834803267121
0.31,0.13,46153.84615384616,334.9470602562742
0.33,0.13,46153.84615384616,332.8802795720783
0.35,0.13,46153.84615384616,330.4920360453274
0.37,0.13,46153.84615384616,327.79235054633176
0.39,0.13,46153.84615384616,324.79254134806416
0.01,0.15,46153.84615384616,324.8931733873284
0.03,0.15,46153.84615384616,328.09078095462945
0.05,0.15,46153.84615384616,330.97856212117864
0.07,0.15,46153.84615384616,333.5400260059739
0.09,0.15,46153.84615384616,335.7610791358944
0.11,0.15,46153.84615384616,337.629748893479
0.13,0.15,46153.84615384616,339.1361744537485
0.15,0.15,46153.84615384616,340.2726002406337
0.17,0.15,46153.84615384616,341.03332205774944
0.19,0.15,46153.84615384616,341.4146049773998
0.21,0.15,46153.84615384616,341.41460497739973
0.23,0.15,46153.84615384616,341.0333220577494
0.25,0.15,46153.84615384616,340.27260024063366
0.27,0.15,46153.84615384616,339.1361744537484
0.29,0.15,46153.84615384616,337.629748893479
0.31,0.15,46153.84615384616,335.7610791358944
0.33,0.15,46153.84615384616,333.5400260059739
0.35,0.15,46153.84615384616,330.9785621211786
0.37,0.15,46153.84615384616,328.0907809546294
0.39,0.15,46153.84615384616,324.89317338732826
0.01,0.17,46153.84615384616,324.9602824505522
0.03,0.17,46153.84615384616,328.2898564702421
0.05,0.17,46153.84615384616,331.30328396660104
0.07,0.17,46153.84615384616,333.9806500985499
0.09,0.17,46153.84615384616,336.3051098548863
0.11,0.17,46153.84615384616,338.26256960227823
0.13,0.17,46153.84615384616,339.84159758147365
0.15,0.17,46153.84615384616,341.0333220577495
0.17,0.17,46153.84615384616,341.83128775646856
0.19,0.17,46153.84615384616,342.23130096279226
0.21,0.17,46153.84615384616,342.23130096279226
0.23,0.17,46153.84615384616,341.83128775646844
0.25,0.17,46153.84615384616,341.0333220577494
0.27,0.17,46153.84615384616,339.84159758147354
0.29,0.17,46153.84615384616,338.26256960227823
0.31,0.17,46153.84615384616,336.30510985488627
0.33,0.17,46153.84615384616,333.98065009854986
0.35,0.17,46153.84615384616,331.303283966601
0.37,0.17,46153.84615384616,328.28985647024206
0.39,0.17,46153.84615384616,324.9602824505522
0.01,0.19,46153.84615384616,324.9938518446586
0.03,0.19,46153.84615384616,328.3894527411564
0.05,0.19,46153.84615384616,331.46578345702414
0.07,0.19,46153.84615384616,334.20122470532164
0.09,0.19,46153.84615384616,336.57754756838995
0.11,0.19,46153.84615384616,338.5795797331717
0.13,0.19,46153.84615384616,340.1950822460988
0.15,0.19,46153.84615384616,341.4146049773998
0.17,0.19,46153.84615384616,342.23130096279226
0.19,0.19,46153.84615384616,342.6407361974939
0.21,0.19,46153.84615384616,342.6407361974939
0.23,0.19,46153.84615384616,342.2313009627922
0.25,0.19,46153.84615384616,341.4146049773997
0.27,0.19,46153.84615384616,340.19508224609865
0.29,0.19,46153.84615384616,338.57957973317167
0.31,0.19,46153.84615384616,336.5775475683899
0.33,0.19,46153.84615384616,334.20122470532164
0.35,0.19,46153.84615384616,331.4657834570241
0.37,0.19,46153.84615384616,328.3894527411564
0.39,0.19,46153.84615384616,324.9938518446586
0.01,0.21,46153.84615384616,324.9938518446586
0.03,0.21,46153.84615384616,328.3894527411564
0.05,0.21,46153.84615384616,331.46578345702414
0.07,0.21,46153.84615384616,334.2012247053217
0.09,0.21,46153.84615384616,336.57754756838995
0.11,0.21,46153.84615384616,338.5795797331717
0.13,0.21,46153.84615384616,340.1950822460988
0.15,0.21,46153.84615384616,341.4146049773998
0.17,0.21,46153.84615384616,342.23130096279226
0.19,0.21,46153.84615384616,342.6407361974939
0.21,0.21,46153.84615384616,342.6407361974939
0.23,0.21,46153.84615384616,342.2313009627922
0.25,0.21,46153.84615384616,341.4146049773997
0.27,0.21,46153.84615384616,340.19508224609865
0.29,0.21,46153.84615384616,338.57957973317167
0.31,0.21,46153.84615384616,336.5775475683899
0.33,0.21,46153.84615384616,334.20122470532164
0.35,0.21,46153.84615384616,331.4657834570241
0.37,0.21,46153.84615384616,328.3894527411564
0.39,0.21,46153.84615384616,324.9938518446586
0.01,0.23,46153.84615384616,324.9602824505522
0.03,0.23,46153.84615384616,328.2898564702421
0.05,0.23,46153.84615384616,331.3032839666011
0.07,0.23,46153.84615384616,333.98065009855
0.09,0.23,46153.84615384616,336.3051098548864
0.11,0.23,46153.84615384616,338.2625696022783
0.13,0.23,46153.84615384616,339.84159758147365
0.15,0.23,46153.84615384616,341.03332205774944
0.17,0.23,46153.84615384616,341.8312877564685
0.19,0.23,46153.84615384616,342.23130096279226
0.21,0.23,46153.84615384616,342.23130096279226
0.23,0.23,46153.84615384616,341.83128775646844
0.25,0.23,46153.84615384616,341.03332205774933
0.27,0.23,46153.84615384616,339.84159758147354
0.29,0.23,46153.84615384616,338.2625696022782
0.31,0.23,46153.84615384616,336.30510985488627
0.33,0.23,46153.84615384616,333.9806500985499
0.35,0.23,46153.84615384616,331.303283966601
0.37,0.23,46153.84615384616,328.28985647024206
0.39,0.23,46153.84615384616,324.96028245055214
0.01,0.25,46153.84615384616,324.8931733873283
0.03,0.25,46153.84615384616,328.0907809546295
0.05,0.25,46153.84615384616,330.97856212117875
0.07,0.25,46153.84615384616,333.540026005974
0.09,0.25,46153.84615384616,335.7610791358944
0.11,0.25,46153.84615384616,337.629748893479
0.13,0.25,46153.84615384616,339.1361744537484
0.15,0.25,46153.84615384616,340.2726002406337
0.17,0.25,46153.84615384616,341.0333220577494
0.19,0.25,46153.84615384616,341.41460497739973
0.21,0.25,46153.84615384616,341.41460497739973
0.23,0.25,46153.84615384616,341.0333220577494
0.25,0.25,46153.84615384616,340.27260024063366
0.27,0.25,46153.84615384616,339.1361744537484
0.29,0.25,46153.84615384616,337.62974889347896
0.31,0.25,46153.84615384616,335.7610791358944
0.33,0.25,46153.84615384616,333.5400260059739
0.35,0.25,46153.84615384616,330.97856212117864
0.37,0.25,46153.84615384616,328.0907809546294
0.39,0.25,46153.84615384616,324.89317338732826
0.01,0.27,46153.84615384616,324.7925413480642
0.03,0.27,46153.84615384616,327.7923505463319
0.05,0.27,46153.84615384616,330.49203604532744
0.07,0.27,46153.84615384616,332.88027957207834
0.09,0.27,46153.84615384616,334.9470602562742
0.11,0.27,46153.84615384616,336.683480326712
0.13,0.27,46153.84615384616,338.0819149467024
0.15,0.27,46153.84615384616,339.1361744537484
0.17,0.27,46153.84615384616,339.84159758147354
0.19,0.27,46153.84615384616,340.19508224609865
0.21,0.27,46153.84615384616,340.1950822460987
0.23,0.27,46153.84615384616,339.84159758147354
0.25,0.27,46153.84615384616,339.1361744537484
0.27,0.27,46153.84615384616,338.08191494670234
0.29,0.27,46153.84615384616,336.683480326712
0.31,0.27,46153.84615384616,334.94706025627414
0.33,0.27,46153.84615384616,332.8802795720783
0.35,0.27,46153.84615384616,330.49203604532744
0.37,0.27,46153.84615384616,327.7923505463318
0.39,0.27,46153.84615384616,324.79254134806416
0.01,0.29,46153.84615384616,324.65828469890573
0.03,0.29,46153.84615384616,327.39443222577137
0.05,0.29,46153.84615384616,329.8439438567785
0.07,0.29,46153.84615384616,332.00245448459674
0.09,0.29,46153.84615384616,333.86522134859206
0.11,0.29,46153.84615384616,335.4271973202393
0.13,0.29,46153.84615384616,336.683480326712
0.15,0.29,46153.84615384616,337.62974889347896
0.17,0.29,46153.84615384616,338.26256960227823
0.19,0.29,46153.84615384616,338.5795797331717
0.21,0.29,46153.84615384616,338.5795797331717
0.23,0.29,46153.84615384616,338.26256960227823
0.25,0.29,46153.84615384616,337.62974889347896
0.27,0.29,46153.84615384616,336.683480326712
0.29,0.29,46153.84615384616,335.4271973202393
0.31,0.29,46153.84615384616,333.86522134859206
0.33,0.29,46153.84615384616,332.00245448459674
0.35,0.29,46153.84615384616,329.84394385677854
0.37,0.29,46153.84615384616,327.39443222577137
0.39,0.29,46153.84615384616,324.65828469890573
0.01,0.31,46153.84615384616,324.48996232252347
0.03,0.31,46153.84615384616,326.8961032832298
0.05,0.31,46153.84615384616,329.03372753522393
0.07,0.31,46153.84615384616,330.907182492978
0.09,0.31,46153.84615384616,332.5179331760113
0.11,0.31,46153.84615384616,333.865221348592
0.13,0.31,46153.84615384616,334.9470602562741
0.15,0.31,46153.84615384616,335.7610791358944
0.17,0.31,46153.84615384616,336.3051098548863
0.19,0.31,46153.84615384616,336.5775475683899
0.21,0.31,46153.84615384616,336.57754756838995
0.23,0.31,46153.84615384616,336.3051098548863
0.25,0.31,46153.84615384616,335.7610791358944
0.27,0.31,46153.84615384616,334.94706025627414
0.29,0.31,46153.84615384616,333.865221348592
0.31,0.31,46153.84615384616,332.5179331760114
0.33,0.31,46153.84615384616,330.90718249297805
0.35,0.31,46153.84615384616,329.033727535224
0.37,0.31,46153.84615384616,326.8961032832299
0.39,0.31,46153.84615384616,324.48996232252347
0.01,0.33,46153.84615384616,324.2863230202013
0.03,0.33,46153.84615384616,326.29461010597095
0.05,0.33,46153.84615384616,328.0589223715557
0.07,0.33,46153.84615384616,329.59379193632947
0.09,0.33,46153.84615384616,330.907182492978
0.11,0.33,46153.84615384616,332.0024544845966
0.13,0.33,46153.84615384616,332.8802795720783
0.15,0.33,46153.84615384616,333.5400260059739
0.17,0.33,46153.84615384616,333.9806500985499
0.19,0.33,46153.84615384616,334.2012247053217
0.21,0.33,46153.84615384616,334.2012247053217
0.23,0.33,46153.84615384616,333.9806500985499
0.25,0.33,46153.84615384616,333.5400260059739
0.27,0.33,46153.84615384616,332.8802795720783
0.29,0.33,46153.84615384616,332.00245448459674
0.31,0.33,46153.84615384616,330.90718249297805
0.33,0.33,46153.84615384616,329.5937919363295
0.35,0.33,46153.84615384616,328.0589223715557
0.37,0.33,46153.84615384616,326.29461010597095
0.39,0.33,46153.84615384616,324.28632302020134
0.01,0.35,46153.84615384616,324.0442132733783
0.03,0.35,46153.84615384616,325.58330123600325
0.05,0.35,46153.84615384616,326.9132261567935
0.07,0.35,46153.84615384616,328.0589223715557
0.09,0.35,46153.84615384616,329.0337275352239
0.11,0.35,46153.84615384616,329.8439438567784
0.13,0.35,46153.84615384616,330.4920360453274
0.15,0.35,46153.84615384616,330.97856212117864
0.17,0.35,46153.84615384616,331.30328396660104
0.19,0.35,46153.84615384616,331.46578345702414
0.21,0.35,46153.84615384616,331.4657834570241
0.23,0.35,46153.84615384616,331.30328396660104
0.25,0.35,46153.84615384616,330.9785621211786
0.27,0.35,46153.84615384616,330.4920360453274
0.29,0.35,46153.84615384616,329.8439438567785
0.31,0.35,46153.84615384616,329.033727535224
0.33,0.35,46153.84615384616,328.0589223715558
0.35,0.35,46153.84615384616,326.91322615679354
0.37,0.35,46153.84615384616,325.58330123600336
0.39,0.35,46153.84615384616,324.0442132733783
0.01,0.37,46153.84615384616,323.75565463274575
0.03,0.37,46153.84615384616,324.7474281878804
0.05,0.37,46153.84615384616,325.58330123600325
0.07,0.37,46153.84615384616,326.2946101059709
0.09,0.37,46153.84615384616,326.8961032832298
0.11,0.37,46153.84615384616,327.3944322257713
0.13,0.37,46153.84615384616,327.7923505463317
0.15,0.37,46153.84615384616,328.0907809546294
0.17,0.37,46153.84615384616,328.28985647024206
0.19,0.37,46153.84615384616,328.38945274115633
0.21,0.37,46153.84615384616,328.38945274115633
0.23,0.37,46153.84615384616,328.28985647024206
0.25,0.37,46153.84615384616,328.0907809546294
0.27,0.37,46153.84615384616,327.79235054633176
0.29,0.37,46153.84615384616,327.3944322257713
0.31,0.37,46153.84615384616,326.8961032832299
0.33,0.37,46153.84615384616,326.29461010597095
0.35,0.37,46153.84615384616,325.5833012360033
0.37,0.37,46153.84615384616,324.74742818788053
0.39,0.37,46153.84615384616,323.7556546327458
0.01,0.39,46153.84615384616,323.3985300852245
0.03,0.39,46153.84615384616,323.75565463274575
0.05,0.39,46153.84615384616,324.0442132733783
0.07,0.39,46153.84615384616,324.28632302020134
0.09,0.39,46153.84615384616,324.48996232252347
0.11,0.39,46153.84615384616,324.6582846989057
0.13,0.39,46153.84615384616,324.79254134806416
0.15,0.39,46153.84615384616,324.89317338732826
0.17,0.39,46153.84615384616,324.9602824505522
0.19,0.39,46153.84615384616,324.9938518446586
0.21,0.39,46153.84615384616,324.9938518446586
0.23,0.39,46153.84615384616,324.9602824505522
0.25,0.39,46153.84615384616,324.89317338732826
0.27,0.39,46153.84615384616,324.79254134806416
0.29,0.39,46153.84615384616,324.65828469890573
0.31,0.39,46153.84615384616,324.48996232252347
0.33,0.39,46153.84615384616,324.2863230202013
0.35,0.39,46153.84615384616,324.0442132733783
0.37,0.39,46153.84615384616,323.7556546327458
0.39,0.39,46153.84615384616,323.39853008522454
0.01,0.01,48000.0,323.3841518287256
0.03,0.01,48000.0,323.71968323162
0.05,0.01,48000.0,323.9903920219299
0.07,0.01,48000.0,324.2173785891803
0.09,0.01,48000.0,324.4082680958106
0.11,0.01,48000.0,324.5660705569068
0.13,0.01,48000.0,324.69196788106615
0.15,0.01,48000.0,324.7863609967002
0.17,0.01,48000.0,324.8493251219608
0.19,0.01,48000.0,324.88082638612207
0.21,0.01,48000.0,324.88082638612207
0.23,0.01,48000.0,324.8493251219609
0.25,0.01,48000.0,324.78636099670024
0.27,0.01,48000.0,324.69196788106615
0.29,0.01,48000.0,324.5660705569068
0.31,0.01,48000.0,324.4082680958106
0.33,0.01,48000.0,324.2173785891804
0.35,0.01,48000.0,323.99039202192995
0.37,0.01,48000.0,323.71968323162
0.39,0.01,48000.0,323.38415182872563
0.01,0.03,48000.0,323.71968323162
0.03,0.03,48000.0,324.650920543535
0.05,0.03,48000.0,325.4349657159209
0.07,0.03,48000.0,326.1018638411314
0.09,0.03,48000.0,326.66576224700776
0.11,0.03,48000.0,327.133020157393
0.13,0.03,48000.0,327.5062310884796
0.15,0.03,48000.0,327.78621541899065
0.17,0.03,48000.0,327.97303426328824
0.19,0.03,48000.0,328.0665146937126
0.21,0.03,48000.0,328.0665146937126
0.23,0.03,48000.0,327.9730342632883
0.25,0.03,48000.0,327.78621541899065
0.27,0.03,48000.0,327.50623108847964
0.29,0.03,48000.0,327.13302015739305
0.31,0.03,48000.0,326.6657622470078
0.33,0.03,48000.0,326.1018638411315
0.35,0.03,48000.0,325.4349657159209
0.37,0.03,48000.0,324.65092054353505
0.39,0.03,48000.0,323.71968323162
0.01,0.05,48000.0,323.9903920219299
0.03,0.05,48000.0,325.4349657159209
0.05,0.05,48000.0,326.6823031611889
0.07,0.05,48000.0,327.7565445478006
0.09,0.05,48000.0,328.67058149909263
0.11,0.05,48000.0,329.43046162751705
0.13,0.05,48000.0,330.03848284644954
0.15,0.05,48000.0,330.4950767558727
0.17,0.05,48000.0,330.7999049977504
0.19,0.05,48000.0,330.9524769489911
0.21,0.05,48000.0,330.9524769489911
0.23,0.05,48000.0,330.7999049977504
0.25,0.05,48000.0,330.4950767558727
0.27,0.05,48000.0,330.0384828464496
0.29,0.05,48000.0,329.43046162751705
0.31,0.05,48000.0,328.6705814990927
0.33,0.05,48000.0,327.7565445478007
0.35,0.05,48000.0,326.68230316118894
0.37,0.05,48000.0,325.4349657159209
0.39,0.05,48000.0,323.99039202192995
0.01,0.07,48000.0,324.2173785891803
0.03,0.07,48000.0,326.1018638411314
0.05,0.07,48000.0,327.7565445478006
0.07,0.07,48000.0,329.19584147700755
0.09,0.07,48000.0,330.4276145309389
0.11,0.07,48000.0,331.45512748818
0.13,0.07,48000.0,332.2789469418868
0.15,0.07,48000.0,332.8983272874211
0.17,0.07,48000.0,333.3121150434655
0.19,0.07,48000.0,333.5192957015966
0.21,0.07,48000.0,333.5192957015966
0.23,0.07,48000.0,333.3121150434655
0.25,0.07,48000.0,332.8983272874211
0.27,0.07,48000.0,332.27894694188683
0.29,0.07,48000.0,331.45512748818004
0.31,0.07,48000.0,330.42761453093897
0.33,0.07,48000.0,329.1958414770076
0.35,0.07,48000.0,327.7565445478006
0.37,0.07,48000.0,326.10186384113143
0.39,0.07,48000.0,324.2173785891803
0.01,0.09,48000.0,324.40826809581057
0.03,0.09,48000.0,326.66576224700776
0.05,0.09,48000.0,328.67058149909263
0.07,0.09,48000.0,330.4276145309389
0.09,0.09,48000.0,331.93860698809374
0.11,0.09,48000.0,333.202911765634
0.13,0.09,48000.0,334.21853677273003
0.15,0.09,48000.0,334.9830345869566
0.17,0.09,48000.0,335.49413238161065
0.19,0.09,48000.0,335.7501310683218
0.21,0.09,48000.0,335.7501310683218
0.23,0.09,48000.0,335.49413238161065
0.25,0.09,48000.0,334.98303458695665
0.27,0.09,48000.0,334.21853677273003
0.29,0.09,48000.0,333.2029117656341
0.31,0.09,48000.0,331.9386069880938
0.33,0.09,48000.0,330.427614530939
0.35,0.09,48000.0,328.6705814990927
0.37,0.09,48000.0,326.66576224700776
0.39,0.09,48000.0,324.40826809581057
0.01,0.11,48000.0,324.5660705569068
0.03,0.11,48000.0,327.13302015739305
0.05,0.11,48000.0,329.43046162751705
0.07,0.11,48000.0,331.45512748818
0.09,0.11,48000.0,333.202911765634
0.11,0.11,48000.0,334.6690879038477
0.13,0.11,48000.0,335.8488585847916
0.15,0.11,48000.0,336.73787363671966
0.17,0.11,48000.0,337.3326085327345
0.19,0.11,48000.0,337.6306050329104
0.21,0.11,48000.0,337.63060503291047
0.23,0.11,48000.0,337.33260853273464
0.25,0.11,48000.0,336.7378736367197
0.27,0.11,48000.0,335.8488585847916
0.29,0.11,48000.0,334.6690879038478
0.31,0.11,48000.0,333.20291176563404
0.33,0.11,48000.0,331.45512748818004
0.35,0.11,48000.0,329.43046162751705
0.37,0.11,48000.0,327.133020157393
0.39,0.11,48000.0,324.5660705569068
0.01,0.13,48000.0,324.69196788106615
0.03,0.13,48000.0,327.5062310884796
0.05,0.13,48000.0,330.0384828464496
0.07,0.13,48000.0,332.27894694188683
0.09,0.13,48000.0,334.21853677273
0.11,0.13,48000.0,335.8488585847916
0.13,0.13,48000.0,337.16249381017536
0.15,0.13,48000.0,338.15327177821
0.17,0.13,48000.0,338.81645650503447
0.19,0.13,48000.0,339.1488521646013
0.21,0.13,48000.0,339.1488521646014
0.23,0.13,48000.0,338.8164565050345
0.25,0.13,48000.0,338.15327177821007
0.27,0.13,48000.0,337.1624938101754
0.29,0.13,48000.0,335.8488585847916
0.31,0.13,48000.0,334.21853677273
0.33,0.13,48000.0,332.2789469418868
0.35,0.13,48000.0,330.0384828464496
0.37,0.13,48000.0,327.5062310884795
0.39,0.13,48000.0,324.6919678810661
0.01,0.15,48000.0,324.78636099670024
0.03,0.15,48000.0,327.7862154189906
0.05,0.15,48000.0,330.4950767558727
0.07,0.15,48000.0,332.8983272874211
0.09,0.15,48000.0,334.9830345869566
0.11,0.15,48000.0,336.73787363671966
0.13,0.15,48000.0,338.15327177821
0.15,0.15,48000.0,339.2215325387358
0.17,0.15,48000.0,339.93689203273533
0.19,0.15,48000.0,340.29552437827743
0.21,0.15,48000.0,340.2955243782774
0.23,0.15,48000.0,339.93689203273533
0.25,0.15,48000.0,339.2215325387358
0.27,0.15,48000.0,338.15327177821
0.29,0.15,48000.0,336.73787363671966
0.31,0.15,48000.0,334.9830345869566
0.33,0.15,48000.0,332.89832728742107
0.35,0.15,48000.0,330.4950767558727
0.37,0.15,48000.0,327.7862154189906
0.39,0.15,48000.0,324.7863609967002
0.01,0.17,48000.0,324.8493251219609
0.03,0.17,48000.0,327.97303426328824
0.05,0.17,48000.0,330.79990499775033
0.07,0.17,48000.0,333.3121150434655
0.09,0.17,48000.0,335.49413238161065
0.11,0.17,48000.0,337.3326085327346
0.13,0.17,48000.0,338.8164565050346
0.15,0.17,48000.0,339.93689203273533
0.17,0.17,48000.0,340.68741124775704
0.19,0.17,48000.0,341.0637319357038
0.21,0.17,48000.0,341.0637319357038
0.23,0.17,48000.0,340.687411247757
0.25,0.17,48000.0,339.9368920327353
0.27,0.17,48000.0,338.81645650503447
0.29,0.17,48000.0,337.3326085327345
0.31,0.17,48000.0,335.49413238161065
0.33,0.17,48000.0,333.31211504346544
0.35,0.17,48000.0,330.79990499775033
0.37,0.17,48000.0,327.97303426328824
0.39,0.17,48000.0,324.8493251219608
0.01,0.19,48000.0,324.88082638612207
0.03,0.19,48000.0,328.0665146937126
0.05,0.19,48000.0,330.9524769489911
0.07,0.19,48000.0,333.51929570159666
0.09,0.19,48000.0,335.7501310683218
0.11,0.19,48000.0,337.63060503291047
0.13,0.19,48000.0,339.1488521646014
0.15,0.19,48000.0,340.2955243782774
0.17,0.19,48000.0,341.06373193570374
0.19,0.19,48000.0,341.4489537147263
0.21,0.19,48000.0,341.4489537147263
0.23,0.19,48000.0,341.06373193570374
0.25,0.19,48000.0,340.2955243782774
0.27,0.19,48000.0,339.1488521646013
0.29,0.19,48000.0,337.6306050329104
0.31,0.19,48000.0,335.7501310683217
0.33,0.19,48000.0,333.51929570159655
0.35,0.19,48000.0,330.95247694899103
0.37,0.19,48000.0,328.0665146937126
0.39,0.19,48000.0,324.88082638612207
0.01,0.21,48000.0,324.88082638612207
0.03,0.21,48000.0,328.0665146937126
0.05,0.21,48000.0,330.9524769489911
0.07,0.21,48000.0,333.51929570159666
0.09,0.21,48000.0,335.7501310683219
0.11,0.21,48000.0,337.63060503291047
0.13,0.21,48000.0,339.1488521646013
0.15,0.21,48000.0,340.2955243782773
0.17,0.21,48000.0,341.0637319357037
0.19,0.21,48000.0,341.4489537147263
0.21,0.21,48000.0,341.4489537147263
0.23,0.21,48000.0,341.06373193570374
0.25,0.21,48000.0,340.2955243782774
0.27,0.21,48000.0,339.1488521646013
0.29,0.21,48000.0,337.63060503291035
0.31,0.21,48000.0,335.7501310683217
0.33,0.21,48000.0,333.51929570159655
0.35,0.21,48000.0,330.95247694899103
0.37,0.21,48000.0,328.0665146937126
0.39,0.21,48000.0,324.88082638612207
0.01,0.23,48000.0,324.8493251219608
0.03,0.23,48000.0,327.97303426328824
0.05,0.23,48000.0,330.7999049977504
0.07,0.23,48000.0,333.31211504346544
0.09,0.23,48000.0,335.49413238161065
0.11,0.23,48000.0,337.3326085327346
0.13,0.23,48000.0,338.81645650503447
0.15,0.23,48000.0,339.9368920327353
0.17,0.23,48000.0,340.6874112477569
0.19,0.23,48000.0,341.0637319357037
0.21,0.23,48000.0,341.0637319357037
0.23,0.23,48000.0,340.687411247757
0.25,0.23,48000.0,339.9368920327353
0.27,0.23,48000.0,338.8164565050345
0.29,0.23,48000.0,337.3326085327345
0.31,0.23,48000.0,335.4941323816106
0.33,0.23,48000.0,333.31211504346544
0.35,0.23,48000.0,330.79990499775033
0.37,0.23,48000.0,327.97303426328824
0.39,0.23,48000.0,324.8493251219608
0.01,0.25,48000.0,324.7863609967002
0.03,0.25,48000.0,327.7862154189906
0.05,0.25,48000.0,330.4950767558727
0.07,0.25,48000.0,332.89832728742107
0.09,0.25,48000.0,334.9830345869566
0.11,0.25,48000.0,336.73787363671966
0.13,0.25,48000.0,338.15327177821
0.15,0.25,48000.0,339.22153253873574
0.17,0.25,48000.0,339.9368920327352
0.19,0.25,48000.0,340.29552437827726
0.21,0.25,48000.0,340.29552437827726
0.23,0.25,48000.0,339.9368920327352
0.25,0.25,48000.0,339.2215325387358
0.27,0.25,48000.0,338.15327177821007
0.29,0.25,48000.0,336.73787363671966
0.31,0.25,48000.0,334.98303458695653
0.33,0.25,48000.0,332.898327287421
0.35,0.25,48000.0,330.4950767558726
0.37,0.25,48000.0,327.78621541899054
0.39,0.25,48000.0,324.7863609967002
0.01,0.27,48000.0,324.6919678810661
0.03,0.27,48000.0,327.5062310884795
0.05,0.27,48000.0,330.03848284644954
0.07,0.27,48000.0,332.27894694188683
0.09,0.27,48000.0,334.21853677273
0.11,0.27,48000.0,335.8488585847916
0.13,0.27,48000.0,337.1624938101753
0.15,0.27,48000.0,338.15327177821
0.17,0.27,48000.0,338.81645650503447
0.19,0.27,48000.0,339.1488521646013
0.21,0.27,48000.0,339.1488521646013
0.23,0.27,48000.0,338.8164565050345
0.25,0.27,48000.0,338.15327177821
0.27,0.27,48000.0,337.16249381017536
0.29,0.27,48000.0,335.8488585847916
0.31,0.27,48000.0,334.21853677273
0.33,0.27,48000.0,332.2789469418868
0.35,0.27,48000.0,330.03848284644954
0.37,0.27,48000.0,327.5062310884795
0.39,0.27,48000.0,324.6919678810661
0.01,0.29,48000.0,324.5660705569068
0.03,0.29,48000.0,327.133020157393
0.05,0.29,48000.0,329.430461627517
0.07,0.29,48000.0,331.4551274881799
0.09,0.29,48000.0,333.2029117656339
0.11,0.29,48000.0,334.6690879038477
0.13,0.29,48000.0,335.8488585847915
0.15,0.29,48000.0,336.73787363671954
0.17,0.29,48000.0,337.33260853273447
0.19,0.29,48000.0,337.6306050329104
0.21,0.29,48000.0,337.6306050329104
0.23,0.29,48000.0,337.3326085327346
0.25,0.29,48000.0,336.73787363671966
0.27,0.29,48000.0,335.8488585847916
0.29,0.29,48000.0,334.6690879038477
0.31,0.29,48000.0,333.20291176563404
0.33,0.29,48000.0,331.45512748818
0.35,0.29,48000.0,329.43046162751705
0.37,0.29,48000.0,327.133020157393
0.39,0.29,48000.0,324.5660705569068
0.01,0.31,48000.0,324.40826809581057
0.03,0.31,48000.0,326.66576224700776
0.05,0.31,48000.0,328.67058149909263
0.07,0.31,48000.0,330.42761453093885
0.09,0.31,48000.0,331.93860698809374
0.11,0.31,48000.0,333.202911765634
0.13,0.31,48000.0,334.2185367727299
0.15,0.31,48000.0,334.98303458695653
0.17,0.31,48000.0,335.4941323816106
0.19,0.31,48000.0,335.75013106832176
0.21,0.31,48000.0,335.7501310683218
0.23,0.31,48000.0,335.4941323816107
0.25,0.31,48000.0,334.9830345869566
0.27,0.31,48000.0,334.2185367727299
0.29,0.31,48000.0,333.202911765634
0.31,0.31,48000.0,331.93860698809374
0.33,0.31,48000.0,330.42761453093897
0.35,0.31,48000.0,328.6705814990927
0.37,0.31,48000.0,326.66576224700776
0.39,0.31,48000.0,324.40826809581057
0.01,0.33,48000.0,324.2173785891803
0.03,0.33,48000.0,326.1018638411314
0.05,0.33,48000.0,327.75654454780056
0.07,0.33,48000.0,329.1958414770075
0.09,0.33,48000.0,330.42761453093885
0.11,0.33,48000.0,331.4551274881799
0.13,0.33,48000.0,332.2789469418867
0.15,0.33,48000.0,332.89832728742107
0.17,0.33,48000.0,333.31211504346544
0.19,0.33,48000.0,333.5192957015966
0.21,0.33,48000.0,333.5192957015966
0.23,0.33,48000.0,333.3121150434655
0.25,0.33,48000.0,332.89832728742107
0.27,0.33,48000.0,332.2789469418867
0.29,0.33,48000.0,331.4551274881799
0.31,0.33,48000.0,330.4276145309389
0.33,0.33,48000.0,329.19584147700755
0.35,0.33,48000.0,327.7565445478006
0.37,0.33,48000.0,326.1018638411314
0.39,0.33,48000.0,324.2173785891803
0.01,0.35,48000.0,323.9903920219299
0.03,0.35,48000.0,325.43496571592084
0.05,0.35,48000.0,326.6823031611888
0.07,0.35,48000.0,327.7565445478005
0.09,0.35,48000.0,328.6705814990926
0.11,0.35,48000.0,329.430461627517
0.13,0.35,48000.0,330.03848284644954
0.15,0.35,48000.0,330.4950767558726
0.17,0.35,48000.0,330.79990499775033
0.19,0.35,48000.0,330.95247694899103
0.21,0.35,48000.0,330.95247694899103
0.23,0.35,48000.0,330.79990499775033
0.25,0.35,48000.0,330.4950767558726
0.27,0.35,48000.0,330.03848284644954
0.29,0.35,48000.0,329.430461627517
0.31,0.35,48000.0,328.67058149909263
0.33,0.35,48000.0,327.7565445478006
0.35,0.35,48000.0,326.6823031611889
0.37,0.35,48000.0,325.4349657159209
0.39,0.35,48000.0,323.9903920219299
0.01,0.37,48000.0,323.71968323162
0.03,0.37,48000.0,324.65092054353494
0.05,0.37,48000.0,325.43496571592084
0.07,0.37,48000.0,326.1018638411313
0.09,0.37,48000.0,326.66576224700776
0.11,0.37,48000.0,327.133020157393
0.13,0.37,48000.0,327.5062310884795
0.15,0.37,48000.0,327.7862154189906
0.17,0.37,48000.0,327.97303426328824
0.19,0.37,48000.0,328.0665146937126
0.21,0.37,48000.0,328.0665146937126
0.23,0.37,48000.0,327.97303426328824
0.25,0.37,48000.0,327.78621541899054
0.27,0.37,48000.0,327.5062310884795
0.29,0.37,48000.0,327.133020157393
0.31,0.37,48000.0,326.66576224700776
0.33,0.37,48000.0,326.1018638411314
0.35,0.37,48000.0,325.4349657159209
0.37,0.37,48000.0,324.65092054353505
0.39,0.37,48000.0,323.71968323162
0.01,0.39,48000.0,323.3841518287256
0.03,0.39,48000.0,323.71968323162
0.05,0.39,48000.0,323.9903920219299
0.07,0.39,48000.0,324.21737858918027
0.09,0.39,48000.0,324.40826809581057
0.11,0.39,48000.0,324.5660705569068
0.13,0.39,48000.0,324.69196788106615
0.15,0.39,48000.0,324.7863609967002
0.17,0.39,48000.0,324.8493251219608
0.19,0.39,48000.0,324.88082638612207
0.21,0.39,48000.0,324.88082638612207
0.23,0.39,48000.0,324.8493251219608
0.25,0.39,48000.0,324.7863609967002
0.27,0.39,48000.0,324.6919678810661
0.29,0.39,48000.0,324.5660705569068
0.31,0.39,48000.0,324.40826809581057
0.33,0.39,48000.0,324.2173785891803
0.35,0.39,48000.0,323.9903920219299
0.37,0.39,48000.0,323.71968323162
0.39,0.39,48000.0,323.3841518287256
0.01,0.01,49846.15384615384,323.3708019451576
0.03,0.01,49846.15384615384,323.6861921118756
0.05,0.01,49846.15384615384,323.9401849696702
0.07,0.01,49846.15384615384,324.1529573063445
0.09,0.01,49846.15384615384,324.3318224011404
0.11,0.01,49846.15384615384,324.4796723930748
0.13,0.01,49846.15384615384,324.59763949044475
0.15,0.01,49846.15384615384,324.6861004452126
0.17,0.01,49846.15384615384,324.74511671152726
0.19,0.01,49846.15384615384,324.77464609801143
0.21,0.01,49846.15384615384,324.7746460980115
0.23,0.01,49846.15384615384,324.74511671152726
0.25,0.01,49846.15384615384,324.6861004452126
0.27,0.01,49846.15384615384,324.59763949044475
0.29,0.01,49846.15384615384,324.4796723930748
0.31,0.01,49846.15384615384,324.3318224011404
0.33,0.01,49846.15384615384,324.1529573063445
0.35,0.01,49846.15384615384,323.94018496967027
0.37,0.01,49846.15384615384,323.6861921118756
0.39,0.01,49846.15384615384,323.3708019451576
0.01,0.03,49846.15384615384,323.6861921118756
0.03,0.03,49846.15384615384,324.5608857438985
0.05,0.03,49846.15384615384,325.2963549150493
0.07,0.03,49846.15384615384,325.9214849216268
0.09,0.03,49846.15384615384,326.4499074749146
0.11,0.03,49846.15384615384,326.8877545489571
0.13,0.03,49846.15384615384,327.2375139751318
0.15,0.03,49846.15384615384,327.49994995377
0.17,0.03,49846.15384615384,327.67508871704325
0.19,0.03,49846.15384615384,327.7627348475949
0.21,0.03,49846.15384615384,327.7627348475949
0.23,0.03,49846.15384615384,327.67508871704325
0.25,0.03,49846.15384615384,327.49994995376994
0.27,0.03,49846.15384615384,327.2375139751318
0.29,0.03,49846.15384615384,326.8877545489572
0.31,0.03,49846.15384615384,326.44990747491465
0.33,0.03,49846.15384615384,325.92148492162687
0.35,0.03,49846.15384615384,325.2963549150494
0.37,0.03,49846.15384615384,324.5608857438986
0.39,0.03,49846.15384615384,323.68619211187564
0.01,0.05,49846.15384615384,323.9401849696702
0.03,0.05,49846.15384615384,325.2963549150493
0.05,0.05,49846.15384615384,326.4662011935348
0.07,0.05,49846.15384615384,327.47317515661786
0.09,0.05,49846.15384615384,328.32981767667
0.11,0.05,49846.15384615384,329.0420096913497
0.13,0.05,49846.15384615384,329.6119636866436
0.15,0.05,49846.15384615384,330.0400571729805
0.17,0.05,49846.15384615384,330.32591084909416
0.19,0.05,49846.15384615384,330.4690038011546
0.21,0.05,49846.15384615384,330.46900380115454
0.23,0.05,49846.15384615384,330.3259108490941
0.25,0.05,49846.15384615384,330.0400571729805
0.27,0.05,49846.15384615384,329.6119636866437
0.29,0.05,49846.15384615384,329.0420096913498
0.31,0.05,49846.15384615384,328.32981767667013
0.33,0.05,49846.15384615384,327.473175156618
0.35,0.05,49846.15384615384,326.4662011935349
0.37,0.05,49846.15384615384,325.2963549150494
0.39,0.05,49846.15384615384,323.94018496967027
0.01,0.07,49846.15384615384,324.1529573063445
0.03,0.07,49846.15384615384,325.9214849216268
0.05,0.07,49846.15384615384,327.4731751566179
0.07,0.07,49846.15384615384,328.8224004324407
0.09,0.07,49846.15384615384,329.97700509231214
0.11,0.07,49846.15384615384,330.94025583466106
0.13,0.07,49846.15384615384,331.71271554316235
0.15,0.07,49846.15384615384,332.29361904803727
0.17,0.07,49846.15384615384,332.68178211994444
0.19,0.07,49846.15384615384,332.87615977983813
0.21,0.07,49846.15384615384,332.87615977983813
0.23,0.07,49846.15384615384,332.68178211994444
0.25,0.07,49846.15384615384,332.29361904803727
0.27,0.07,49846.15384615384,331.7127155431624
0.29,0.07,49846.15384615384,330.9402558346612
0.31,0.07,49846.15384615384,329.9770050923122
0.33,0.07,49846.15384615384,328.8224004324408
0.35,0.07,49846.15384615384,327.473175156618
0.37,0.07,49846.15384615384,325.92148492162687
0.39,0.07,49846.15384615384,324.15295730634443
0.01,0.09,49846.15384615384,324.3318224011404
0.03,0.09,49846.15384615384,326.4499074749146
0.05,0.09,49846.15384615384,328.3298176766701
0.07,0.09,49846.15384615384,329.9770050923122
0.09,0.09,49846.15384615384,331.3935720670464
0.11,0.09,49846.15384615384,332.5790878711924
0.13,0.09,49846.15384615384,333.53167140813895
0.15,0.09,49846.15384615384,334.24891113371234
0.17,0.09,49846.15384615384,334.72852575419245
0.19,0.09,49846.15384615384,334.96879190532434
0.21,0.09,49846.15384615384,334.9687919053243
0.23,0.09,49846.15384615384,334.7285257541924
0.25,0.09,49846.15384615384,334.24891113371234
0.27,0.09,49846.15384615384,333.531671408139
0.29,0.09,49846.15384615384,332.5790878711924
0.31,0.09,49846.15384615384,331.3935720670465
0.33,0.09,49846.15384615384,329.97700509231225
0.35,0.09,49846.15384615384,328.3298176766701
0.37,0.09,49846.15384615384,326.44990747491465
0.39,0.09,49846.15384615384,324.3318224011404
0.01,0.11,49846.15384615384,324.4796723930748
0.03,0.11,49846.15384615384,326.8877545489572
0.05,0.11,49846.15384615384,329.04200969134973
0.07,0.11,49846.15384615384,330.9402558346611
0.09,0.11,49846.15384615384,332.5790878711924
0.11,0.11,49846.15384615384,333.95420806135985
0.13,0.11,49846.15384615384,335.0610517875971
0.15,0.11,49846.15384615384,335.895367827012
0.17,0.11,49846.15384615384,336.4536514206059
0.19,0.11,49846.15384615384,336.733430099088
0.21,0.11,49846.15384615384,336.7334300990879
0.23,0.11,49846.15384615384,336.453651420606
0.25,0.11,49846.15384615384,335.8953678270121
0.27,0.11,49846.15384615384,335.0610517875971
0.29,0.11,49846.15384615384,333.9542080613599
0.31,0.11,49846.15384615384,332.5790878711924
0.33,0.11,49846.15384615384,330.9402558346612
0.35,0.11,49846.15384615384,329.0420096913498
0.37,0.11,49846.15384615384,326.8877545489571
0.39,0.11,49846.15384615384,324.47967239307474
0.01,0.13,49846.15384615384,324.59763949044475
0.03,0.13,49846.15384615384,327.2375139751318
0.05,0.13,49846.15384615384,329.61196368664366
0.07,0.13,49846.15384615384,331.71271554316235
0.09,0.13,49846.15384615384,333.53167140813895
0.11,0.13,49846.15384615384,335.061051787597
0.13,0.13,49846.15384615384,336.29378149988094
0.15,0.13,49846.15384615384,337.22384877762744
0.17,0.13,49846.15384615384,337.8465658656184
0.19,0.13,49846.15384615384,338.1587338976176
0.21,0.13,49846.15384615384,338.15873389761765
0.23,0.13,49846.15384615384,337.8465658656184
0.25,0.13,49846.15384615384,337.22384877762744
0.27,0.13,49846.15384615384,336.293781499881
0.29,0.13,49846.15384615384,335.0610517875971
0.31,0.13,49846.15384615384,333.53167140813895
0.33,0.13,49846.15384615384,331.71271554316235
0.35,0.13,49846.15384615384,329.61196368664366
0.37,0.13,49846.15384615384,327.2375139751317
0.39,0.13,49846.15384615384,324.5976394904447
0.01,0.15,49846.15384615384,324.6861004452126
0.03,0.15,49846.15384615384,327.49994995376994
0.05,0.15,49846.15384615384,330.0400571729805
0.07,0.15,49846.15384615384,332.2936190480372
0.09,0.15,49846.15384615384,334.24891113371234
0.11,0.15,49846.15384615384,335.895367827012
0.13,0.15,49846.15384615384,337.2238487776275
0.15,0.15,49846.15384615384,338.2268659668211
0.17,0.15,49846.15384615384,338.89872810365347
0.19,0.15,49846.15384615384,339.2356163636832
0.21,0.15,49846.15384615384,339.2356163636832
0.23,0.15,49846.15384615384,338.89872810365347
0.25,0.15,49846.15384615384,338.22686596682115
0.27,0.15,49846.15384615384,337.22384877762744
0.29,0.15,49846.15384615384,335.895367827012
0.31,0.15,49846.15384615384,334.2489111337123
0.33,0.15,49846.15384615384,332.2936190480372
0.35,0.15,49846.15384615384,330.0400571729804
0.37,0.15,49846.15384615384,327.4999499537699
0.39,0.15,49846.15384615384,324.6861004452126
0.01,0.17,49846.15384615384,324.74511671152726
0.03,0.17,49846.15384615384,327.67508871704325
0.05,0.17,49846.15384615384,330.3259108490941
0.07,0.17,49846.15384615384,332.6817821199444
0.09,0.17,49846.15384615384,334.72852575419245
0.11,0.17,49846.15384615384,336.4536514206059
0.13,0.17,49846.15384615384,337.8465658656184
0.15,0.17,49846.15384615384,338.8987281036535
0.17,0.17,49846.15384615384,339.60372435169205
0.19,0.17,49846.15384615384,339.9572869191144
0.21,0.17,49846.15384615384,339.95728691911444
0.23,0.17,49846.15384615384,339.60372435169205
0.25,0.17,49846.15384615384,338.8987281036535
0.27,0.17,49846.15384615384,337.84656586561846
0.29,0.17,49846.15384615384,336.4536514206059
0.31,0.17,49846.15384615384,334.72852575419233
0.33,0.17,49846.15384615384,332.6817821199444
0.35,0.17,49846.15384615384,330.32591084909404
0.37,0.17,49846.15384615384,327.6750887170432
0.39,0.17,49846.15384615384,324.74511671152726
0.01,0.19,49846.15384615384,324.7746460980115
0.03,0.19,49846.15384615384,327.7627348475949
0.05,0.19,49846.15384615384,330.4690038011546
0.07,0.19,49846.15384615384,332.87615977983813
0.09,0.19,49846.15384615384,334.9687919053243
0.11,0.19,49846.15384615384,336.7334300990879
0.13,0.19,49846.15384615384,338.1587338976176
0.15,0.19,49846.15384615384,339.2356163636832
0.17,0.19,49846.15384615384,339.9572869191144
0.19,0.19,49846.15384615384,340.3192428992605
0.21,0.19,49846.15384615384,340.31924289926053
0.23,0.19,49846.15384615384,339.9572869191144
0.25,0.19,49846.15384615384,339.2356163636833
0.27,0.19,49846.15384615384,338.1587338976176
0.29,0.19,49846.15384615384,336.73343009908785
0.31,0.19,49846.15384615384,334.9687919053242
0.33,0.19,49846.15384615384,332.876159779838
0.35,0.19,49846.15384615384,330.4690038011545
0.37,0.19,49846.15384615384,327.76273484759486
0.39,0.19,49846.15384615384,324.7746460980115
0.01,0.21,49846.15384615384,324.7746460980115
0.03,0.21,49846.15384615384,327.7627348475949
0.05,0.21,49846.15384615384,330.46900380115454
0.07,0.21,49846.15384615384,332.8761597798381
0.09,0.21,49846.15384615384,334.9687919053243
0.11,0.21,49846.15384615384,336.7334300990879
0.13,0.21,49846.15384615384,338.1587338976176
0.15,0.21,49846.15384615384,339.2356163636833
0.17,0.21,49846.15384615384,339.9572869191144
0.19,0.21,49846.15384615384,340.3192428992605
0.21,0.21,49846.15384615384,340.31924289926053
0.23,0.21,49846.15384615384,339.9572869191144
0.25,0.21,49846.15384615384,339.2356163636833
0.27,0.21,49846.15384615384,338.1587338976176
0.29,0.21,49846.15384615384,336.73343009908785
0.31,0.21,49846.15384615384,334.9687919053242
0.33,0.21,49846.15384615384,332.876159779838
0.35,0.21,49846.15384615384,330.4690038011545
0.37,0.21,49846.15384615384,327.76273484759486
0.39,0.21,49846.15384615384,324.7746460980115
0.01,0.23,49846.15384615384,324.74511671152726
0.03,0.23,49846.15384615384,327.6750887170432
0.05,0.23,49846.15384615384,330.3259108490941
0.07,0.23,49846.15384615384,332.6817821199444
0.09,0.23,49846.15384615384,334.7285257541924
0.11,0.23,49846.15384615384,336.45365142060587
0.13,0.23,49846.15384615384,337.8465658656184
0.15,0.23,49846.15384615384,338.8987281036535
0.17,0.23,49846.15384615384,339.60372435169205
0.19,0.23,49846.15384615384,339.9572869191144
0.21,0.23,49846.15384615384,339.9572869191144
0.23,0.23,49846.15384615384,339.60372435169205
0.25,0.23,49846.15384615384,338.8987281036535
0.27,0.23,49846.15384615384,337.84656586561846
0.29,0.23,49846.15384615384,336.4536514206059
0.31,0.23,49846.15384615384,334.7285257541924
0.33,0.23,49846.15384615384,332.6817821199444
0.35,0.23,49846.15384615384,330.32591084909404
0.37,0.23,49846.15384615384,327.6750887170432
0.39,0.23,49846.15384615384,324.74511671152726
0.01,0.25,49846.15384615384,324.6861004452126
0.03,0.25,49846.15384615384,327.4999499537699
0.05,0.25,49846.15384615384,330.0400571729805
0.07,0.25,49846.15384615384,332.2936190480372
0.09,0.25,49846.15384615384,334.2489111337123
0.11,0.25,49846.15384615384,335.895367827012
0.13,0.25,49846.15384615384,337.22384877762744
0.15,0.25,49846.15384615384,338.22686596682115
0.17,0.25,49846.15384615384,338.8987281036535
0.19,0.25,49846.15384615384,339.2356163636832
0.21,0.25,49846.15384615384,339.2356163636832
0.23,0.25,49846.15384615384,338.8987281036536
0.25,0.25,49846.15384615384,338.2268659668212
0.27,0.25,49846.15384615384,337.2238487776275
0.29,0.25,49846.15384615384,335.8953678270121
0.31,0.25,49846.15384615384,334.2489111337124
0.33,0.25,49846.15384615384,332.2936190480372
0.35,0.25,49846.15384615384,330.0400571729805
0.37,0.25,49846.15384615384,327.4999499537699
0.39,0.25,49846.15384615384,324.6861004452126
0.01,0.27,49846.15384615384,324.5976394904447
0.03,0.27,49846.15384615384,327.2375139751317
0.05,0.27,49846.15384615384,329.61196368664366
0.07,0.27,49846.15384615384,331.71271554316235
0.09,0.27,49846.15384615384,333.5316714081389
0.11,0.27,49846.15384615384,335.061051787597
0.13,0.27,49846.15384615384,336.2937814998809
0.15,0.27,49846.15384615384,337.22384877762744
0.17,0.27,49846.15384615384,337.8465658656184
0.19,0.27,49846.15384615384,338.1587338976176
0.21,0.27,49846.15384615384,338.1587338976176
0.23,0.27,49846.15384615384,337.84656586561846
0.25,0.27,49846.15384615384,337.22384877762755
0.27,0.27,49846.15384615384,336.29378149988094
0.29,0.27,49846.15384615384,335.061051787597
0.31,0.27,49846.15384615384,333.53167140813895
0.33,0.27,49846.15384615384,331.71271554316235
0.35,0.27,49846.15384615384,329.6119636866436
0.37,0.27,49846.15384615384,327.2375139751317
0.39,0.27,49846.15384615384,324.59763949044475
0.01,0.29,49846.15384615384,324.4796723930748
0.03,0.29,49846.15384615384,326.8877545489571
0.05,0.29,49846.15384615384,329.04200969134973
0.07,0.29,49846.15384615384,330.9402558346611
0.09,0.29,49846.15384615384,332.5790878711924
0.11,0.29,49846.15384615384,333.95420806135985
0.13,0.29,49846.15384615384,335.061051787597
0.15,0.29,49846.15384615384,335.895367827012
0.17,0.29,49846.15384615384,336.45365142060587
0.19,0.29,49846.15384615384,336.7334300990879
0.21,0.29,49846.15384615384,336.7334300990879
0.23,0.29,49846.15384615384,336.453651420606
0.25,0.29,49846.15384615384,335.8953678270121
0.27,0.29,49846.15384615384,335.0610517875971
0.29,0.29,49846.15384615384,333.9542080613598
0.31,0.29,49846.15384615384,332.5790878711924
0.33,0.29,49846.15384615384,330.94025583466106
0.35,0.29,49846.15384615384,329.04200969134973
0.37,0.29,49846.15384615384,326.8877545489571
0.39,0.29,49846.15384615384,324.4796723930748
0.01,0.31,49846.15384615384,324.33182240114047
0.03,0.31,49846.15384615384,326.4499074749147
0.05,0.31,49846.15384615384,328.3298176766701
0.07,0.31,49846.15384615384,329.97700509231214
0.09,0.31,49846.15384615384,331.3935720670464
0.11,0.31,49846.15384615384,332.5790878711923
0.13,0.31,49846.15384615384,333.5316714081389
0.15,0.31,49846.15384615384,334.2489111337123
0.17,0.31,49846.15384615384,334.7285257541924
0.19,0.31,49846.15384615384,334.9687919053243
0.21,0.31,49846.15384615384,334.96879190532434
0.23,0.31,49846.15384615384,334.72852575419245
0.25,0.31,49846.15384615384,334.24891113371234
0.27,0.31,49846.15384615384,333.53167140813895
0.29,0.31,49846.15384615384,332.5790878711923
0.31,0.31,49846.15384615384,331.3935720670464
0.33,0.31,49846.15384615384,329.9770050923122
0.35,0.31,49846.15384615384,328.3298176766701
0.37,0.31,49846.15384615384,326.44990747491465
0.39,0.31,49846.15384615384,324.3318224011404
0.01,0.33,49846.15384615384,324.1529573063445
0.03,0.33,49846.15384615384,325.92148492162687
0.05,0.33,49846.15384615384,327.4731751566179
0.07,0.33,49846.15384615384,328.8224004324407
0.09,0.33,49846.15384615384,329.97700509231214
0.11,0.33,49846.15384615384,330.940255834661
0.13,0.33,49846.15384615384,331.7127155431623
0.15,0.33,49846.15384615384,332.2936190480372
0.17,0.33,49846.15384615384,332.6817821199444
0.19,0.33,49846.15384615384,332.8761597798381
0.21,0.33,49846.15384615384,332.8761597798381
0.23,0.33,49846.15384615384,332.68178211994444
0.25,0.33,49846.15384615384,332.2936190480372
0.27,0.33,49846.15384615384,331.7127155431623
0.29,0.33,49846.15384615384,330.940255834661
0.31,0.33,49846.15384615384,329.97700509231214
0.33,0.33,49846.15384615384,328.8224004324407
0.35,0.33,49846.15384615384,327.4731751566179
0.37,0.33,49846.15384615384,325.9214849216268
0.39,0.33,49846.15384615384,324.15295730634443
0.01,0.35,49846.15384615384,323.9401849696703
0.03,0.35,49846.15384615384,325.2963549150494
0.05,0.35,49846.15384615384,326.4662011935348
0.07,0.35,49846.15384615384,327.47317515661786
0.09,0.35,49846.15384615384,328.32981767667
0.11,0.35,49846.15384615384,329.0420096913497
0.13,0.35,49846.15384615384,329.6119636866436
0.15,0.35,49846.15384615384,330.0400571729804
0.17,0.35,49846.15384615384,330.3259108490941
0.19,0.35,49846.15384615384,330.46900380115454
0.21,0.35,49846.15384615384,330.46900380115454
0.23,0.35,49846.15384615384,330.3259108490941
0.25,0.35,49846.15384615384,330.0400571729804
0.27,0.35,49846.15384615384,329.61196368664355
0.29,0.35,49846.15384615384,329.0420096913497
0.31,0.35,49846.15384615384,328.32981767667
0.33,0.35,49846.15384615384,327.47317515661786
0.35,0.35,49846.15384615384,326.4662011935348
0.37,0.35,49846.15384615384,325.29635491504933
0.39,0.35,49846.15384615384,323.94018496967027
0.01,0.37,49846.15384615384,323.68619211187564
0.03,0.37,49846.15384615384,324.5608857438986
0.05,0.37,49846.15384615384,325.29635491504933
0.07,0.37,49846.15384615384,325.9214849216268
0.09,0.37,49846.15384615384,326.4499074749146
0.11,0.37,49846.15384615384,326.88775454895705
0.13,0.37,49846.15384615384,327.2375139751317
0.15,0.37,49846.15384615384,327.4999499537699
0.17,0.37,49846.15384615384,327.6750887170432
0.19,0.37,49846.15384615384,327.76273484759486
0.21,0.37,49846.15384615384,327.76273484759486
0.23,0.37,49846.15384615384,327.6750887170432
0.25,0.37,49846.15384615384,327.4999499537699
0.27,0.37,49846.15384615384,327.2375139751317
0.29,0.37,49846.15384615384,326.8877545489571
0.31,0.37,49846.15384615384,326.44990747491465
0.33,0.37,49846.15384615384,325.9214849216268
0.35,0.37,49846.15384615384,325.29635491504933
0.37,0.37,49846.15384615384,324.5608857438985
0.39,0.37,49846.15384615384,323.6861921118756
0.01,0.39,49846.15384615384,323.37080194515767
0.03,0.39,49846.15384615384,323.68619211187564
0.05,0.39,49846.15384615384,323.94018496967027
0.07,0.39,49846.15384615384,324.15295730634443
0.09,0.39,49846.15384615384,324.3318224011404
0.11,0.39,49846.15384615384,324.47967239307474
0.13,0.39,49846.15384615384,324.5976394904447
0.15,0.39,49846.15384615384,324.6861004452126
0.17,0.39,49846.15384615384,324.74511671152726
0.19,0.39,49846.15384615384,324.7746460980115
0.21,0.39,49846.15384615384,324.7746460980115
0.23,0.39,49846.15384615384,324.74511671152726
0.25,0.39,49846.15384615384,324.6861004452126
0.27,0.39,49846.15384615384,324.5976394904447
0.29,0.39,49846.15384615384,324.4796723930748
0.31,0.39,49846.15384615384,324.3318224011404
0.33,0.39,49846.15384615384,324.15295730634443
0.35,0.39,49846.15384615384,323.9401849696702
0.37,0.39,49846.15384615384,323.6861921118756
0.39,0.39,49846.15384615384,323.3708019451576
0.01,0.01,51692.307692307695,323.358400379497
0.03,0.01,51692.307692307695,323.65501166508267
0.05,0.01,51692.307692307695,323.89336897821
0.07,0.01,51692.307692307695,324.092805771666
0.09,0.01,51692.307692307695,324.2603577802156
0.11,0.01,51692.307692307695,324.3988196119
0.13,0.01,51692.307692307695,324.50928891641183
0.15,0.01,51692.307692307695,324.59213052308564
0.17,0.01,51692.307692307695,324.64740178820426
0.19,0.01,51692.307692307695,324.67505897416106
0.21,0.01,51692.307692307695,324.67505897416106
0.23,0.01,51692.307692307695,324.64740178820426
0.25,0.01,51692.307692307695,324.59213052308564
0.27,0.01,51692.307692307695,324.5092889164118
0.29,0.01,51692.307692307695,324.3988196119
0.31,0.01,51692.307692307695,324.2603577802156
0.33,0.01,51692.307692307695,324.09280577166606
0.35,0.01,51692.307692307695,323.89336897821005
0.37,0.01,51692.307692307695,323.65501166508267
0.39,0.01,51692.307692307695,323.358400379497
0.01,0.03,51692.307692307695,323.65501166508267
0.03,0.03,51692.307692307695,324.47692761540014
0.05,0.03,51692.307692307695,325.1669288907169
0.07,0.03,51692.307692307695,325.7528514736828
0.09,0.03,51692.307692307695,326.2478804261485
0.11,0.03,51692.307692307695,326.65797112368205
0.13,0.03,51692.307692307695,326.98554741671404
0.15,0.03,51692.307692307695,327.23135254275564
0.17,0.03,51692.307692307695,327.3954061268575
0.19,0.03,51692.307692307695,327.4775102290228
0.21,0.03,51692.307692307695,327.4775102290228
0.23,0.03,51692.307692307695,327.39540612685755
0.25,0.03,51692.307692307695,327.23135254275564
0.27,0.03,51692.307692307695,326.98554741671404
0.29,0.03,51692.307692307695,326.657971123682
0.31,0.03,51692.307692307695,326.2478804261485
0.33,0.03,51692.307692307695,325.7528514736829
0.35,0.03,51692.307692307695,325.166928890717
0.37,0.03,51692.307692307695,324.4769276154002
0.39,0.03,51692.307692307695,323.65501166508267
0.01,0.05,51692.307692307695,323.89336897821005
0.03,0.05,51692.307692307695,325.1669288907169
0.05,0.05,51692.307692307695,326.2641751490136
0.07,0.05,51692.307692307695,327.20795403976456
0.09,0.05,51692.307692307695,328.0105291336381
0.11,0.05,51692.307692307695,328.67768141713765
0.13,0.05,51692.307692307695,329.2115995289052
0.15,0.05,51692.307692307695,329.6126618033556
0.17,0.05,51692.307692307695,329.88049322180626
0.19,0.05,51692.307692307695,330.01457490007107
0.21,0.05,51692.307692307695,330.01457490007107
0.23,0.05,51692.307692307695,329.8804932218063
0.25,0.05,51692.307692307695,329.6126618033556
0.27,0.05,51692.307692307695,329.21159952890514
0.29,0.05,51692.307692307695,328.67768141713765
0.31,0.05,51692.307692307695,328.01052913363816
0.33,0.05,51692.307692307695,327.2079540397646
0.35,0.05,51692.307692307695,326.2641751490136
0.37,0.05,51692.307692307695,325.166928890717
0.39,0.05,51692.307692307695,323.89336897821005
0.01,0.07,51692.307692307695,324.09280577166606
0.03,0.07,51692.307692307695,325.7528514736828
0.05,0.07,51692.307692307695,327.2079540397645
0.07,0.07,51692.307692307695,328.4724805588666
0.09,0.07,51692.307692307695,329.554323250319
0.11,0.07,51692.307692307695,330.4568249076284
0.13,0.07,51692.307692307695,331.18062033139546
0.15,0.07,51692.307692307695,331.72499595885245
0.17,0.07,51692.307692307695,332.08879699011715
0.19,0.07,51692.307692307695,332.2709915430206
0.21,0.07,51692.307692307695,332.2709915430206
0.23,0.07,51692.307692307695,332.08879699011715
0.25,0.07,51692.307692307695,331.72499595885245
0.27,0.07,51692.307692307695,331.1806203313955
0.29,0.07,51692.307692307695,330.4568249076284
0.31,0.07,51692.307692307695,329.55432325031904
0.33,0.07,51692.307692307695,328.4724805588667
0.35,0.07,51692.307692307695,327.2079540397646
0.37,0.07,51692.307692307695,325.7528514736829
0.39,0.07,51692.307692307695,324.09280577166606
0.01,0.09,51692.307692307695,324.2603577802156
0.03,0.09,51692.307692307695,326.2478804261485
0.05,0.09,51692.307692307695,328.0105291336381
0.07,0.09,51692.307692307695,329.55432325031893
0.09,0.09,51692.307692307695,330.8817711253247
0.11,0.09,51692.307692307695,331.99273313763234
0.13,0.09,51692.307692307695,332.8855248085107
0.15,0.09,51692.307692307695,333.5578549538092
0.17,0.09,51692.307692307695,334.0075069349361
0.19,0.09,51692.307692307695,334.23278668308023
0.21,0.09,51692.307692307695,334.23278668308023
0.23,0.09,51692.307692307695,334.0075069349361
0.25,0.09,51692.307692307695,333.5578549538092
0.27,0.09,51692.307692307695,332.8855248085107
0.29,0.09,51692.307692307695,331.99273313763234
0.31,0.09,51692.307692307695,330.8817711253248
0.33,0.09,51692.307692307695,329.55432325031904
0.35,0.09,51692.307692307695,328.01052913363816
0.37,0.09,51692.307692307695,326.2478804261486
0.39,0.09,51692.307692307695,324.2603577802156
0.01,0.11,51692.307692307695,324.3988196119
0.03,0.11,51692.307692307695,326.65797112368205
0.05,0.11,51692.307692307695,328.6776814171376
0.07,0.11,51692.307692307695,330.45682490762835
0.09,0.11,51692.307692307695,331.99273313763234
0.11,0.11,51692.307692307695,333.2816116001793
0.13,0.11,51692.307692307695,334.3192214698112
0.15,0.11,51692.307692307695,335.10150586428847
0.17,0.11,51692.307692307695,335.6250639160214
0.19,0.11,51692.307692307695,335.8874711563641
0.21,0.11,51692.307692307695,335.8874711563641
0.23,0.11,51692.307692307695,335.6250639160214
0.25,0.11,51692.307692307695,335.1015058642886
0.27,0.11,51692.307692307695,334.3192214698112
0.29,0.11,51692.307692307695,333.2816116001793
0.31,0.11,51692.307692307695,331.9927331376323
0.33,0.11,51692.307692307695,330.45682490762835
0.35,0.11,51692.307692307695,328.6776814171376
0.37,0.11,51692.307692307695,326.657971123682
0.39,0.11,51692.307692307695,324.3988196119
0.01,0.13,51692.307692307695,324.50928891641183
0.03,0.13,51692.307692307695,326.98554741671404
0.05,0.13,51692.307692307695,329.2115995289052
0.07,0.13,51692.307692307695,331.18062033139546
0.09,0.13,51692.307692307695,332.8855248085107
0.11,0.13,51692.307692307695,334.3192214698112
0.13,0.13,51692.307692307695,335.47507740830025
0.15,0.13,51692.307692307695,336.34734396917
0.17,0.13,51692.307692307695,336.9314748020138
0.19,0.13,51692.307692307695,337.22433742781493
0.21,0.13,51692.307692307695,337.22433742781493
0.23,0.13,51692.307692307695,336.9314748020138
0.25,0.13,51692.307692307695,336.34734396917
0.27,0.13,51692.307692307695,335.4750774083003
0.29,0.13,51692.307692307695,334.3192214698112
0.31,0.13,51692.307692307695,332.88552480851064
0.33,0.13,51692.307692307695,331.1806203313954
0.35,0.13,51692.307692307695,329.2115995289051
0.37,0.13,51692.307692307695,326.985547416714
0.39,0.13,51692.307692307695,324.5092889164118
0.01,0.15,51692.307692307695,324.59213052308564
0.03,0.15,51692.307692307695,327.23135254275564
0.05,0.15,51692.307692307695,329.6126618033556
0.07,0.15,51692.307692307695,331.7249959588524
0.09,0.15,51692.307692307695,333.5578549538092
0.11,0.15,51692.307692307695,335.10150586428847
0.13,0.15,51692.307692307695,336.3473439691699
0.15,0.15,51692.307692307695,337.2882006954369
0.17,0.15,51692.307692307695,337.9185575280697
0.19,0.15,51692.307692307695,338.23467772089066
0.21,0.15,51692.307692307695,338.2346777208907
0.23,0.15,51692.307692307695,337.9185575280697
0.25,0.15,51692.307692307695,337.28820069543696
0.27,0.15,51692.307692307695,336.34734396917
0.29,0.15,51692.307692307695,335.10150586428847
0.31,0.15,51692.307692307695,333.5578549538091
0.33,0.15,51692.307692307695,331.72499595885233
0.35,0.15,51692.307692307695,329.61266180335554
0.37,0.15,51692.307692307695,327.2313525427556
0.39,0.15,51692.307692307695,324.59213052308564
0.01,0.17,51692.307692307695,324.64740178820426
0.03,0.17,51692.307692307695,327.3954061268575
0.05,0.17,51692.307692307695,329.8804932218062
0.07,0.17,51692.307692307695,332.0887969901171
0.09,0.17,51692.307692307695,334.00750693493603
0.11,0.17,51692.307692307695,335.62506391602136
0.13,0.17,51692.307692307695,336.9314748020137
0.15,0.17,51692.307692307695,337.91855752806964
0.17,0.17,51692.307692307695,338.58009337901314
0.19,0.17,51692.307692307695,338.9119080466696
0.21,0.17,51692.307692307695,338.9119080466696
0.23,0.17,51692.307692307695,338.5800933790132
0.25,0.17,51692.307692307695,337.9185575280697
0.27,0.17,51692.307692307695,336.9314748020138
0.29,0.17,51692.307692307695,335.6250639160214
0.31,0.17,51692.307692307695,334.007506934936
0.33,0.17,51692.307692307695,332.088796990117
0.35,0.17,51692.307692307695,329.88049322180615
0.37,0.17,51692.307692307695,327.39540612685744
0.39,0.17,51692.307692307695,324.64740178820426
0.01,0.19,51692.307692307695,324.67505897416106
0.03,0.19,51692.307692307695,327.4775102290227
0.05,0.19,51692.307692307695,330.0145749000709
0.07,0.19,51692.307692307695,332.27099154302056
0.09,0.19,51692.307692307695,334.2327866830802
0.11,0.19,51692.307692307695,335.8874711563641
0.13,0.19,51692.307692307695,337.2243374278149
0.15,0.19,51692.307692307695,338.2346777208906
0.17,0.19,51692.307692307695,338.9119080466695
0.19,0.19,51692.307692307695,339.25162501186685
0.21,0.19,51692.307692307695,339.2516250118669
0.23,0.19,51692.307692307695,338.9119080466696
0.25,0.19,51692.307692307695,338.2346777208907
0.27,0.19,51692.307692307695,337.22433742781493
0.29,0.19,51692.307692307695,335.88747115636403
0.31,0.19,51692.307692307695,334.2327866830802
0.33,0.19,51692.307692307695,332.27099154302044
0.35,0.19,51692.307692307695,330.0145749000709
0.37,0.19,51692.307692307695,327.4775102290227
0.39,0.19,51692.307692307695,324.67505897416106
0.01,0.21,51692.307692307695,324.675058974161
0.03,0.21,51692.307692307695,327.4775102290228
0.05,0.21,51692.307692307695,330.0145749000709
0.07,0.21,51692.307692307695,332.27099154302056
0.09,0.21,51692.307692307695,334.2327866830802
0.11,0.21,51692.307692307695,335.8874711563641
0.13,0.21,51692.307692307695,337.2243374278149
0.15,0.21,51692.307692307695,338.2346777208906
0.17,0.21,51692.307692307695,338.9119080466695
0.19,0.21,51692.307692307695,339.25162501186685
0.21,0.21,51692.307692307695,339.2516250118669
0.23,0.21,51692.307692307695,338.9119080466696
0.25,0.21,51692.307692307695,338.2346777208908
0.27,0.21,51692.307692307695,337.224337427815
0.29,0.21,51692.307692307695,335.8874711563641
0.31,0.21,51692.307692307695,334.2327866830802
0.33,0.21,51692.307692307695,332.27099154302044
0.35,0.21,51692.307692307695,330.0145749000709
0.37,0.21,51692.307692307695,327.4775102290227
0.39,0.21,51692.307692307695,324.67505897416106
0.01,0.23,51692.307692307695,324.64740178820426
0.03,0.23,51692.307692307695,327.3954061268575
0.05,0.23,51692.307692307695,329.88049322180626
0.07,0.23,51692.307692307695,332.0887969901171
0.09,0.23,51692.307692307695,334.00750693493603
0.11,0.23,51692.307692307695,335.62506391602136
0.13,0.23,51692.307692307695,336.93147480201367
0.15,0.23,51692.307692307695,337.91855752806964
0.17,0.23,51692.307692307695,338.5800933790132
0.19,0.23,51692.307692307695,338.9119080466696
0.21,0.23,51692.307692307695,338.9119080466696
0.23,0.23,51692.307692307695,338.58009337901325
0.25,0.23,51692.307692307695,337.9185575280697
0.27,0.23,51692.307692307695,336.9314748020138
0.29,0.23,51692.307692307695,335.6250639160214
0.31,0.23,51692.307692307695,334.00750693493603
0.33,0.23,51692.307692307695,332.08879699011703
0.35,0.23,51692.307692307695,329.8804932218062
0.37,0.23,51692.307692307695,327.3954061268575
0.39,0.23,51692.307692307695,324.64740178820426
0.01,0.25,51692.307692307695,324.59213052308564
0.03,0.25,51692.307692307695,327.2313525427556
0.05,0.25,51692.307692307695,329.6126618033556
0.07,0.25,51692.307692307695,331.7249959588524
0.09,0.25,51692.307692307695,333.5578549538091
0.11,0.25,51692.307692307695,335.10150586428847
0.13,0.25,51692.307692307695,336.3473439691699
0.15,0.25,51692.307692307695,337.28820069543684
0.17,0.25,51692.307692307695,337.9185575280697
0.19,0.25,51692.307692307695,338.2346777208907
0.21,0.25,51692.307692307695,338.2346777208907
0.23,0.25,51692.307692307695,337.9185575280697
0.25,0.25,51692.307692307695,337.2882006954369
0.27,0.25,51692.307692307695,336.34734396917
0.29,0.25,51692.307692307695,335.1015058642885
0.31,0.25,51692.307692307695,333.5578549538092
0.33,0.25,51692.307692307695,331.7249959588524
0.35,0.25,51692.307692307695,329.61266180335554
0.37,0.25,51692.307692307695,327.2313525427556
0.39,0.25,51692.307692307695,324.59213052308564
0.01,0.27,51692.307692307695,324.5092889164118
0.03,0.27,51692.307692307695,326.985547416714
0.05,0.27,51692.307692307695,329.21159952890514
0.07,0.27,51692.307692307695,331.18062033139546
0.09,0.27,51692.307692307695,332.88552480851064
0.11,0.27,51692.307692307695,334.3192214698112
0.13,0.27,51692.307692307695,335.47507740830025
0.15,0.27,51692.307692307695,336.34734396917
0.17,0.27,51692.307692307695,336.9314748020138
0.19,0.27,51692.307692307695,337.224337427815
0.21,0.27,51692.307692307695,337.224337427815
0.23,0.27,51692.307692307695,336.9314748020138
0.25,0.27,51692.307692307695,336.34734396917
0.27,0.27,51692.307692307695,335.47507740830025
0.29,0.27,51692.307692307695,334.3192214698112
0.31,0.27,51692.307692307695,332.8855248085107
0.33,0.27,51692.307692307695,331.1806203313954
0.35,0.27,51692.307692307695,329.21159952890514
0.37,0.27,51692.307692307695,326.985547416714
0.39,0.27,51692.307692307695,324.5092889164118
0.01,0.29,51692.307692307695,324.3988196119
0.03,0.29,51692.307692307695,326.657971123682
0.05,0.29,51692.307692307695,328.6776814171376
0.07,0.29,51692.307692307695,330.45682490762835
0.09,0.29,51692.307692307695,331.99273313763234
0.11,0.29,51692.307692307695,333.28161160017925
0.13,0.29,51692.307692307695,334.3192214698112
0.15,0.29,51692.307692307695,335.10150586428847
0.17,0.29,51692.307692307695,335.62506391602136
0.19,0.29,51692.307692307695,335.88747115636414
0.21,0.29,51692.307692307695,335.88747115636414
0.23,0.29,51692.307692307695,335.6250639160215
0.25,0.29,51692.307692307695,335.1015058642885
0.27,0.29,51692.307692307695,334.3192214698112
0.29,0.29,51692.307692307695,333.28161160017925
0.31,0.29,51692.307692307695,331.99273313763234
0.33,0.29,51692.307692307695,330.45682490762835
0.35,0.29,51692.307692307695,328.6776814171376
0.37,0.29,51692.307692307695,326.657971123682
0.39,0.29,51692.307692307695,324.3988196119
0.01,0.31,51692.307692307695,324.2603577802156
0.03,0.31,51692.307692307695,326.2478804261486
0.05,0.31,51692.307692307695,328.01052913363816
0.07,0.31,51692.307692307695,329.554323250319
0.09,0.31,51692.307692307695,330.88177112532475
0.11,0.31,51692.307692307695,331.99273313763234
0.13,0.31,51692.307692307695,332.8855248085107
0.15,0.31,51692.307692307695,333.5578549538092
0.17,0.31,51692.307692307695,334.0075069349361
0.19,0.31,51692.307692307695,334.23278668308023
0.21,0.31,51692.307692307695,334.2327866830803
0.23,0.31,51692.307692307695,334.00750693493615
0.25,0.31,51692.307692307695,333.5578549538092
0.27,0.31,51692.307692307695,332.8855248085107
0.29,0.31,51692.307692307695,331.9927331376323
0.31,0.31,51692.307692307695,330.88177112532475
0.33,0.31,51692.307692307695,329.55432325031893
0.35,0.31,51692.307692307695,328.0105291336381
0.37,0.31,51692.307692307695,326.2478804261485
0.39,0.31,51692.307692307695,324.26035778021554
0.01,0.33,51692.307692307695,324.0928057716661
0.03,0.33,51692.307692307695,325.75285147368294
0.05,0.33,51692.307692307695,327.2079540397646
0.07,0.33,51692.307692307695,328.4724805588666
0.09,0.33,51692.307692307695,329.554323250319
0.11,0.33,51692.307692307695,330.45682490762835
0.13,0.33,51692.307692307695,331.1806203313954
0.15,0.33,51692.307692307695,331.7249959588524
0.17,0.33,51692.307692307695,332.08879699011715
0.19,0.33,51692.307692307695,332.2709915430206
0.21,0.33,51692.307692307695,332.2709915430206
0.23,0.33,51692.307692307695,332.08879699011715
0.25,0.33,51692.307692307695,331.7249959588524
0.27,0.33,51692.307692307695,331.18062033139546
0.29,0.33,51692.307692307695,330.45682490762835
0.31,0.33,51692.307692307695,329.55432325031893
0.33,0.33,51692.307692307695,328.4724805588666
0.35,0.33,51692.307692307695,327.2079540397645
0.37,0.33,51692.307692307695,325.7528514736828
0.39,0.33,51692.307692307695,324.09280577166606
0.01,0.35,51692.307692307695,323.89336897821005
0.03,0.35,51692.307692307695,325.166928890717
0.05,0.35,51692.307692307695,326.2641751490136
0.07,0.35,51692.307692307695,327.20795403976456
0.09,0.35,51692.307692307695,328.01052913363816
0.11,0.35,51692.307692307695,328.6776814171376
0.13,0.35,51692.307692307695,329.2115995289051
0.15,0.35,51692.307692307695,329.6126618033556
0.17,0.35,51692.307692307695,329.8804932218063
0.19,0.35,51692.307692307695,330.01457490007107
0.21,0.35,51692.307692307695,330.01457490007107
0.23,0.35,51692.307692307695,329.88049322180626
0.25,0.35,51692.307692307695,329.61266180335554
0.27,0.35,51692.307692307695,329.21159952890514
0.29,0.35,51692.307692307695,328.6776814171376
0.31,0.35,51692.307692307695,328.0105291336381
0.33,0.35,51692.307692307695,327.20795403976456
0.35,0.35,51692.307692307695,326.2641751490135
0.37,0.35,51692.307692307695,325.1669288907169
0.39,0.35,51692.307692307695,323.89336897821005
0.01,0.37,51692.307692307695,323.65501166508267
0.03,0.37,51692.307692307695,324.4769276154002
0.05,0.37,51692.307692307695,325.166928890717
0.07,0.37,51692.307692307695,325.7528514736828
0.09,0.37,51692.307692307695,326.2478804261485
0.11,0.37,51692.307692307695,326.657971123682
0.13,0.37,51692.307692307695,326.9855474167139
0.15,0.37,51692.307692307695,327.2313525427556
0.17,0.37,51692.307692307695,327.39540612685755
0.19,0.37,51692.307692307695,327.4775102290228
0.21,0.37,51692.307692307695,327.4775102290228
0.23,0.37,51692.307692307695,327.39540612685755
0.25,0.37,51692.307692307695,327.2313525427556
0.27,0.37,51692.307692307695,326.985547416714
0.29,0.37,51692.307692307695,326.657971123682
0.31,0.37,51692.307692307695,326.2478804261485
0.33,0.37,51692.307692307695,325.7528514736828
0.35,0.37,51692.307692307695,325.1669288907169
0.37,0.37,51692.307692307695,324.47692761540014
0.39,0.37,51692.307692307695,323.65501166508267
0.01,0.39,51692.307692307695,323.358400379497
0.03,0.39,51692.307692307695,323.65501166508267
0.05,0.39,51692.307692307695,323.89336897821005
0.07,0.39,51692.307692307695,324.09280577166606
0.09,0.39,51692.307692307695,324.26035778021554
0.11,0.39,51692.307692307695,324.3988196119
0.13,0.39,51692.307692307695,324.5092889164118
0.15,0.39,51692.307692307695,324.59213052308564
0.17,0.39,51692.307692307695,324.6474017882043
0.19,0.39,51692.307692307695,324.6750589741611
0.21,0.39,51692.307692307695,324.6750589741611
0.23,0.39,51692.307692307695,324.6474017882043
0.25,0.39,51692.307692307695,324.59213052308564
0.27,0.39,51692.307692307695,324.50928891641183
0.29,0.39,51692.307692307695,324.3988196119
0.31,0.39,51692.307692307695,324.26035778021554
0.33,0.39,51692.307692307695,324.09280577166606
0.35,0.39,51692.307692307695,323.89336897821005
0.37,0.39,51692.307692307695,323.65501166508267
0.39,0.39,51692.307692307695,323.358400379497
0.01,0.01,53538.46153846154,323.346873789159
0.03,0.01,53538.46153846154,323.62598204603813
0.05,0.01,53538.46153846154,323.8497285753164
0.07,0.01,53538.46153846154,324.03667313692864
0.09,0.01,53538.46153846154,324.19360252134675
0.11,0.01,53538.46153846154,324.3232299299091
0.13,0.01,53538.46153846154,324.4266300620547
0.15,0.01,53538.46153846154,324.50416509464134
0.17,0.01,53538.46153846154,324.55589557963714
0.19,0.01,53538.46153846154,324.5817813504211
0.21,0.01,53538.46153846154,324.5817813504211
0.23,0.01,53538.46153846154,324.55589557963714
0.25,0.01,53538.46153846154,324.5041650946413
0.27,0.01,53538.46153846154,324.4266300620547
0.29,0.01,53538.46153846154,324.323229929909
0.31,0.01,53538.46153846154,324.19360252134675
0.33,0.01,53538.46153846154,324.03667313692864
0.35,0.01,53538.46153846154,323.8497285753164
0.37,0.01,53538.46153846154,323.6259820460382
0.39,0.01,53538.46153846154,323.346873789159
0.01,0.03,53538.46153846154,323.62598204603813
0.03,0.03,53538.46153846154,324.3986627741402
0.05,0.03,53538.46153846154,325.0461518830308
0.07,0.03,53538.46153846154,325.5953293942454
0.09,0.03,53538.46153846154,326.05898938677893
0.11,0.03,53538.46153846154,326.4429498874909
0.13,0.03,53538.46153846154,326.7496023814913
0.15,0.03,53538.46153846154,326.9796956679264
0.17,0.03,53538.46153846154,327.13326407535345
0.19,0.03,53538.46153846154,327.210122228477
0.21,0.03,53538.46153846154,327.210122228477
0.23,0.03,53538.46153846154,327.1332640753534
0.25,0.03,53538.46153846154,326.9796956679264
0.27,0.03,53538.46153846154,326.7496023814913
0.29,0.03,53538.46153846154,326.4429498874909
0.31,0.03,53538.46153846154,326.058989386779
0.33,0.03,53538.46153846154,325.59532939424537
0.35,0.03,53538.46153846154,325.0461518830308
0.37,0.03,53538.46153846154,324.39866277414023
0.39,0.03,53538.46153846154,323.6259820460382
0.01,0.05,53538.46153846154,323.8497285753164
0.03,0.05,53538.46153846154,325.0461518830308
0.05,0.05,53538.46153846154,326.0754652747707
0.07,0.05,53538.46153846154,326.95997659901155
0.09,0.05,53538.46153846154,327.711728287902
0.11,0.05,53538.46153846154,328.3364513227338
0.13,0.05,53538.46153846154,328.8363563770829
0.15,0.05,53538.46153846154,329.2118636632996
0.17,0.05,53538.46153846154,329.46263644142
0.19,0.05,53538.46153846154,329.5881822686396
0.21,0.05,53538.46153846154,329.5881822686396
0.23,0.05,53538.46153846154,329.46263644142
0.25,0.05,53538.46153846154,329.2118636632996
0.27,0.05,53538.46153846154,328.8363563770829
0.29,0.05,53538.46153846154,328.33645132273386
0.31,0.05,53538.46153846154,327.7117282879021
0.33,0.05,53538.46153846154,326.9599765990116
0.35,0.05,53538.46153846154,326.0754652747707
0.37,0.05,53538.46153846154,325.0461518830308
0.39,0.05,53538.46153846154,323.8497285753164
0.01,0.07,53538.46153846154,324.0366731369286
0.03,0.07,53538.46153846154,325.59532939424537
0.05,0.07,53538.46153846154,326.95997659901155
0.07,0.07,53538.46153846154,328.14500413092304
0.09,0.07,53538.46153846154,329.15839614325176
0.11,0.07,53538.46153846154,330.0036238898888
0.13,0.07,53538.46153846154,330.6814493096608
0.15,0.07,53538.46153846154,331.19126319328143
0.17,0.07,53538.46153846154,331.5319852497097
0.19,0.07,53538.46153846154,331.7026295675373
0.21,0.07,53538.46153846154,331.7026295675374
0.23,0.07,53538.46153846154,331.5319852497097
0.25,0.07,53538.46153846154,331.19126319328143
0.27,0.07,53538.46153846154,330.6814493096608
0.29,0.07,53538.46153846154,330.0036238898888
0.31,0.07,53538.46153846154,329.1583961432518
0.33,0.07,53538.46153846154,328.14500413092304
0.35,0.07,53538.46153846154,326.9599765990116
0.37,0.07,53538.46153846154,325.5953293942454
0.39,0.07,53538.46153846154,324.03667313692864
0.01,0.09,53538.46153846154,324.1936025213467
0.03,0.09,53538.46153846154,326.058989386779
0.05,0.09,53538.46153846154,327.7117282879021
0.07,0.09,53538.46153846154,329.15839614325176
0.09,0.09,53538.46153846154,330.4019359246555
0.11,0.09,53538.46153846154,331.442549887504
0.13,0.09,53538.46153846154,332.2788114401609
0.15,0.09,53538.46153846154,332.9086118384908
0.17,0.09,53538.46153846154,333.32985368296613
0.19,0.09,53538.46153846154,333.54091257203027
0.21,0.09,53538.46153846154,333.54091257203027
0.23,0.09,53538.46153846154,333.32985368296613
0.25,0.09,53538.46153846154,332.90861183849086
0.27,0.09,53538.46153846154,332.2788114401609
0.29,0.09,53538.46153846154,331.442549887504
0.31,0.09,53538.46153846154,330.40193592465545
0.33,0.09,53538.46153846154,329.15839614325176
0.35,0.09,53538.46153846154,327.7117282879021
0.37,0.09,53538.46153846154,326.058989386779
0.39,0.09,53538.46153846154,324.19360252134675
0.01,0.11,53538.46153846154,324.323229929909
0.03,0.11,53538.46153846154,326.4429498874909
0.05,0.11,53538.46153846154,328.3364513227338
0.07,0.11,53538.46153846154,330.0036238898888
0.09,0.11,53538.46153846154,331.442549887504
0.11,0.11,53538.46153846154,332.6499859367428
0.13,0.11,53538.46153846154,333.6220844342967
0.15,0.11,53538.46153846154,334.3550524279324
0.17,0.11,53538.46153846154,334.8456555452904
0.19,0.11,53538.46153846154,335.09156415926634
0.21,0.11,53538.46153846154,335.09156415926634
0.23,0.11,53538.46153846154,334.8456555452904
0.25,0.11,53538.46153846154,334.35505242793243
0.27,0.11,53538.46153846154,333.6220844342968
0.29,0.11,53538.46153846154,332.64998593674284
0.31,0.11,53538.46153846154,331.442549887504
0.33,0.11,53538.46153846154,330.0036238898888
0.35,0.11,53538.46153846154,328.33645132273386
0.37,0.11,53538.46153846154,326.4429498874909
0.39,0.11,53538.46153846154,324.323229929909
0.01,0.13,53538.46153846154,324.4266300620547
0.03,0.13,53538.46153846154,326.7496023814913
0.05,0.13,53538.46153846154,328.83635637708284
0.07,0.13,53538.46153846154,330.6814493096607
0.09,0.13,53538.46153846154,332.27881144016084
0.11,0.13,53538.46153846154,333.6220844342967
0.13,0.13,53538.46153846154,334.70514617994303
0.15,0.13,53538.46153846154,335.5225867327964
0.17,0.13,53538.46153846154,336.07007032346354
0.19,0.13,53538.46153846154,336.3445830679041
0.21,0.13,53538.46153846154,336.3445830679041
0.23,0.13,53538.46153846154,336.0700703234636
0.25,0.13,53538.46153846154,335.5225867327964
0.27,0.13,53538.46153846154,334.7051461799431
0.29,0.13,53538.46153846154,333.6220844342968
0.31,0.13,53538.46153846154,332.2788114401609
0.33,0.13,53538.46153846154,330.6814493096607
0.35,0.13,53538.46153846154,328.83635637708284
0.37,0.13,53538.46153846154,326.74960238149123
0.39,0.13,53538.46153846154,324.42663006205464
0.01,0.15,53538.46153846154,324.5041650946413
0.03,0.15,53538.46153846154,326.9796956679265
0.05,0.15,53538.46153846154,329.2118636632996
0.07,0.15,53538.46153846154,331.19126319328143
0.09,0.15,53538.46153846154,332.9086118384908
0.11,0.15,53538.46153846154,334.35505242793243
0.13,0.15,53538.46153846154,335.5225867327964
0.15,0.15,53538.46153846154,336.40444583122394
0.17,0.15,53538.46153846154,336.9953582384245
0.19,0.15,53538.46153846154,337.2917256617189
0.21,0.15,53538.46153846154,337.29172566171883
0.23,0.15,53538.46153846154,336.99535823842444
0.25,0.15,53538.46153846154,336.40444583122394
0.27,0.15,53538.46153846154,335.52258673279647
0.29,0.15,53538.46153846154,334.35505242793243
0.31,0.15,53538.46153846154,332.9086118384908
0.33,0.15,53538.46153846154,331.1912631932814
0.35,0.15,53538.46153846154,329.21186366329954
0.37,0.15,53538.46153846154,326.9796956679264
0.39,0.15,53538.46153846154,324.5041650946413
0.01,0.17,53538.46153846154,324.55589557963714
0.03,0.17,53538.46153846154,327.13326407535345
0.05,0.17,53538.46153846154,329.4626364414199
0.07,0.17,53538.46153846154,331.5319852497097
0.09,0.17,53538.46153846154,333.3298536829661
0.11,0.17,53538.46153846154,334.8456555452903
0.13,0.17,53538.46153846154,336.07007032346354
0.15,0.17,53538.46153846154,336.99535823842444
0.17,0.17,53538.46153846154,337.6155733776167
0.19,0.17,53538.46153846154,337.92669404984974
0.21,0.17,53538.46153846154,337.92669404984974
0.23,0.17,53538.46153846154,337.61557337761667
0.25,0.17,53538.46153846154,336.99535823842444
0.27,0.17,53538.46153846154,336.0700703234636
0.29,0.17,53538.46153846154,334.8456555452904
0.31,0.17,53538.46153846154,333.3298536829661
0.33,0.17,53538.46153846154,331.53198524970963
0.35,0.17,53538.46153846154,329.4626364414198
0.37,0.17,53538.46153846154,327.1332640753534
0.39,0.17,53538.46153846154,324.55589557963714
0.01,0.19,53538.46153846154,324.5817813504211
0.03,0.19,53538.46153846154,327.210122228477
0.05,0.19,53538.46153846154,329.5881822686396
0.07,0.19,53538.46153846154,331.7026295675373
0.09,0.19,53538.46153846154,333.54091257203027
0.11,0.19,53538.46153846154,335.0915641592663
0.13,0.19,53538.46153846154,336.34458306790407
0.15,0.19,53538.46153846154,337.29172566171883
0.17,0.19,53538.46153846154,337.92669404984974
0.19,0.19,53538.46153846154,338.24524480182487
0.21,0.19,53538.46153846154,338.24524480182487
0.23,0.19,53538.46153846154,337.9266940498498
0.25,0.19,53538.46153846154,337.2917256617189
0.27,0.19,53538.46153846154,336.3445830679041
0.29,0.19,53538.46153846154,335.0915641592663
0.31,0.19,53538.46153846154,333.5409125720302
0.33,0.19,53538.46153846154,331.7026295675372
0.35,0.19,53538.46153846154,329.58818226863946
0.37,0.19,53538.46153846154,327.21012222847696
0.39,0.19,53538.46153846154,324.5817813504211
0.01,0.21,53538.46153846154,324.58178135042107
0.03,0.21,53538.46153846154,327.210122228477
0.05,0.21,53538.46153846154,329.5881822686395
0.07,0.21,53538.46153846154,331.7026295675374
0.09,0.21,53538.46153846154,333.5409125720302
0.11,0.21,53538.46153846154,335.09156415926634
0.13,0.21,53538.46153846154,336.34458306790407
0.15,0.21,53538.46153846154,337.29172566171883
0.17,0.21,53538.46153846154,337.9266940498498
0.19,0.21,53538.46153846154,338.2452448018248
0.21,0.21,53538.46153846154,338.24524480182487
0.23,0.21,53538.46153846154,337.92669404984986
0.25,0.21,53538.46153846154,337.2917256617189
0.27,0.21,53538.46153846154,336.3445830679041
0.29,0.21,53538.46153846154,335.0915641592663
0.31,0.21,53538.46153846154,333.5409125720302
0.33,0.21,53538.46153846154,331.7026295675372
0.35,0.21,53538.46153846154,329.58818226863946
0.37,0.21,53538.46153846154,327.21012222847696
0.39,0.21,53538.46153846154,324.5817813504211
0.01,0.23,53538.46153846154,324.55589557963714
0.03,0.23,53538.46153846154,327.1332640753534
0.05,0.23,53538.46153846154,329.46263644142
0.07,0.23,53538.46153846154,331.5319852497097
0.09,0.23,53538.46153846154,333.3298536829661
0.11,0.23,53538.46153846154,334.8456555452903
0.13,0.23,53538.46153846154,336.07007032346354
0.15,0.23,53538.46153846154,336.9953582384245
0.17,0.23,53538.46153846154,337.6155733776168
0.19,0.23,53538.46153846154,337.92669404984986
0.21,0.23,53538.46153846154,337.92669404984986
0.23,0.23,53538.46153846154,337.6155733776167
0.25,0.23,53538.46153846154,336.9953582384245
0.27,0.23,53538.46153846154,336.0700703234636
0.29,0.23,53538.46153846154,334.8456555452904
0.31,0.23,53538.46153846154,333.32985368296613
0.33,0.23,53538.46153846154,331.5319852497097
0.35,0.23,53538.46153846154,329.4626364414198
0.37,0.23,53538.46153846154,327.1332640753534
0.39,0.23,53538.46153846154,324.55589557963714
0.01,0.25,53538.46153846154,324.50416509464134
0.03,0.25,53538.46153846154,326.9796956679264
0.05,0.25,53538.46153846154,329.2118636632996
0.07,0.25,53538.46153846154,331.19126319328143
0.09,0.25,53538.46153846154,332.90861183849074
0.11,0.25,53538.46153846154,334.3550524279324
0.13,0.25,53538.46153846154,335.5225867327964
0.15,0.25,53538.46153846154,336.40444583122394
0.17,0.25,53538.46153846154,336.99535823842456
0.19,0.25,53538.46153846154,337.29172566171894
0.21,0.25,53538.46153846154,337.29172566171894
0.23,0.25,53538.46153846154,336.9953582384245
0.25,0.25,53538.46153846154,336.404445831224
0.27,0.25,53538.46153846154,335.5225867327964
0.29,0.25,53538.46153846154,334.3550524279325
0.31,0.25,53538.46153846154,332.9086118384908
0.33,0.25,53538.46153846154,331.19126319328143
0.35,0.25,53538.46153846154,329.21186366329954
0.37,0.25,53538.46153846154,326.9796956679264
0.39,0.25,53538.46153846154,324.5041650946412
0.01,0.27,53538.46153846154,324.4266300620547
0.03,0.27,53538.46153846154,326.74960238149123
0.05,0.27,53538.46153846154,328.83635637708284
0.07,0.27,53538.46153846154,330.6814493096607
0.09,0.27,53538.46153846154,332.2788114401608
0.11,0.27,53538.46153846154,333.62208443429665
0.13,0.27,53538.46153846154,334.70514617994303
0.15,0.27,53538.46153846154,335.5225867327964
0.17,0.27,53538.46153846154,336.0700703234636
0.19,0.27,53538.46153846154,336.3445830679041
0.21,0.27,53538.46153846154,336.3445830679041
0.23,0.27,53538.46153846154,336.0700703234636
0.25,0.27,53538.46153846154,335.5225867327964
0.27,0.27,53538.46153846154,334.7051461799431
0.29,0.27,53538.46153846154,333.6220844342968
0.31,0.27,53538.46153846154,332.2788114401609
0.33,0.27,53538.46153846154,330.6814493096607
0.35,0.27,53538.46153846154,328.83635637708284
0.37,0.27,53538.46153846154,326.7496023814912
0.39,0.27,53538.46153846154,324.42663006205464
0.01,0.29,53538.46153846154,324.323229929909
0.03,0.29,53538.46153846154,326.4429498874909
0.05,0.29,53538.46153846154,328.3364513227337
0.07,0.29,53538.46153846154,330.0036238898887
0.09,0.29,53538.46153846154,331.4425498875039
0.11,0.29,53538.46153846154,332.64998593674267
0.13,0.29,53538.46153846154,333.62208443429665
0.15,0.29,53538.46153846154,334.3550524279324
0.17,0.29,53538.46153846154,334.8456555452904
0.19,0.29,53538.46153846154,335.0915641592663
0.21,0.29,53538.46153846154,335.0915641592663
0.23,0.29,53538.46153846154,334.8456555452904
0.25,0.29,53538.46153846154,334.35505242793243
0.27,0.29,53538.46153846154,333.6220844342967
0.29,0.29,53538.46153846154,332.64998593674284
0.31,0.29,53538.46153846154,331.442549887504
0.33,0.29,53538.46153846154,330.0036238898888
0.35,0.29,53538.46153846154,328.3364513227338
0.37,0.29,53538.46153846154,326.4429498874909
0.39,0.29,53538.46153846154,324.323229929909
0.01,0.31,53538.46153846154,324.19360252134675
0.03,0.31,53538.46153846154,326.058989386779
0.05,0.31,53538.46153846154,327.711728287902
0.07,0.31,53538.46153846154,329.1583961432517
0.09,0.31,53538.46153846154,330.4019359246554
0.11,0.31,53538.46153846154,331.4425498875039
0.13,0.31,53538.46153846154,332.27881144016084
0.15,0.31,53538.46153846154,332.90861183849074
0.17,0.31,53538.46153846154,333.329853682966
0.19,0.31,53538.46153846154,333.5409125720302
0.21,0.31,53538.46153846154,333.5409125720302
0.23,0.31,53538.46153846154,333.32985368296613
0.25,0.31,53538.46153846154,332.90861183849074
0.27,0.31,53538.46153846154,332.27881144016084
0.29,0.31,53538.46153846154,331.442549887504
0.31,0.31,53538.46153846154,330.4019359246555
0.33,0.31,53538.46153846154,329.15839614325176
0.35,0.31,53538.46153846154,327.7117282879021
0.37,0.31,53538.46153846154,326.058989386779
0.39,0.31,53538.46153846154,324.1936025213467
0.01,0.33,53538.46153846154,324.0366731369287
0.03,0.33,53538.46153846154,325.5953293942454
0.05,0.33,53538.46153846154,326.95997659901155
0.07,0.33,53538.46153846154,328.1450041309229
0.09,0.33,53538.46153846154,329.1583961432517
0.11,0.33,53538.46153846154,330.0036238898886
0.13,0.33,53538.46153846154,330.6814493096606
0.15,0.33,53538.46153846154,331.1912631932813
0.17,0.33,53538.46153846154,331.5319852497097
0.19,0.33,53538.46153846154,331.70262956753726
0.21,0.33,53538.46153846154,331.7026295675373
0.23,0.33,53538.46153846154,331.5319852497097
0.25,0.33,53538.46153846154,331.1912631932814
0.27,0.33,53538.46153846154,330.68144930966065
0.29,0.33,53538.46153846154,330.0036238898887
0.31,0.33,53538.46153846154,329.15839614325176
0.33,0.33,53538.46153846154,328.14500413092304
0.35,0.33,53538.46153846154,326.95997659901155
0.37,0.33,53538.46153846154,325.59532939424537
0.39,0.33,53538.46153846154,324.03667313692864
0.01,0.35,53538.46153846154,323.8497285753164
0.03,0.35,53538.46153846154,325.0461518830308
0.05,0.35,53538.46153846154,326.07546527477064
0.07,0.35,53538.46153846154,326.95997659901155
0.09,0.35,53538.46153846154,327.711728287902
0.11,0.35,53538.46153846154,328.3364513227337
0.13,0.35,53538.46153846154,328.83635637708284
0.15,0.35,53538.46153846154,329.21186366329954
0.17,0.35,53538.46153846154,329.4626364414198
0.19,0.35,53538.46153846154,329.58818226863946
0.21,0.35,53538.46153846154,329.5881822686395
0.23,0.35,53538.46153846154,329.4626364414199
0.25,0.35,53538.46153846154,329.21186366329954
0.27,0.35,53538.46153846154,328.83635637708284
0.29,0.35,53538.46153846154,328.3364513227338
0.31,0.35,53538.46153846154,327.711728287902
0.33,0.35,53538.46153846154,326.9599765990116
0.35,0.35,53538.46153846154,326.07546527477064
0.37,0.35,53538.46153846154,325.0461518830308
0.39,0.35,53538.46153846154,323.8497285753164
0.01,0.37,53538.46153846154,323.6259820460382
0.03,0.37,53538.46153846154,324.39866277414023
0.05,0.37,53538.46153846154,325.0461518830308
0.07,0.37,53538.46153846154,325.59532939424537
0.09,0.37,53538.46153846154,326.05898938677893
0.11,0.37,53538.46153846154,326.4429498874909
0.13,0.37,53538.46153846154,326.74960238149123
0.15,0.37,53538.46153846154,326.9796956679264
0.17,0.37,53538.46153846154,327.13326407535334
0.19,0.37,53538.46153846154,327.21012222847696
0.21,0.37,53538.46153846154,327.21012222847696
0.23,0.37,53538.46153846154,327.13326407535334
0.25,0.37,53538.46153846154,326.9796956679264
0.27,0.37,53538.46153846154,326.74960238149123
0.29,0.37,53538.46153846154,326.4429498874909
0.31,0.37,53538.46153846154,326.058989386779
0.33,0.37,53538.46153846154,325.59532939424537
0.35,0.37,53538.46153846154,325.0461518830308
0.37,0.37,53538.46153846154,324.39866277414023
0.39,0.37,53538.46153846154,323.6259820460382
0.01,0.39,53538.46153846154,323.346873789159
0.03,0.39,53538.46153846154,323.62598204603813
0.05,0.39,53538.46153846154,323.8497285753164
0.07,0.39,53538.46153846154,324.03667313692864
0.09,0.39,53538.46153846154,324.1936025213467
0.11,0.39,53538.46153846154,324.323229929909
0.13,0.39,53538.46153846154,324.42663006205464
0.15,0.39,53538.46153846154,324.5041650946413
0.17,0.39,53538.46153846154,324.55589557963714
0.19,0.39,53538.46153846154,324.5817813504211
0.21,0.39,53538.46153846154,324.58178135042107
0.23,0.39,53538.46153846154,324.55589557963714
0.25,0.39,53538.46153846154,324.5041650946413
0.27,0.39,53538.46153846154,324.42663006205464
0.29,0.39,53538.46153846154,324.323229929909
0.31,0.39,53538.46153846154,324.19360252134675
0.33,0.39,53538.46153846154,324.03667313692864
0.35,0.39,53538.46153846154,323.8497285753164
0.37,0.39,53538.46153846154,323.6259820460382
0.39,0.39,53538.46153846154,323.346873789159
0.01,0.01,55384.61538461538,323.33615490963814
0.03,0.01,55384.61538461538,323.5989530769277
0.05,0.01,55384.61538461538,323.8090572906796
0.07,0.01,55384.61538461538,323.98431436760137
0.09,0.01,55384.61538461538,324.13128607666727
0.11,0.01,55384.61538461538,324.25261695788566
0.13,0.01,55384.61538461538,324.34936755892613
0.15,0.01,55384.61538461538,324.4219043033092
0.17,0.01,55384.61538461538,324.4702963444382
0.19,0.01,55384.61538461538,324.49451088327737
0.21,0.01,55384.61538461538,324.49451088327737
0.23,0.01,55384.61538461538,324.4702963444382
0.25,0.01,55384.61538461538,324.4219043033092
0.27,0.01,55384.61538461538,324.3493675589261
0.29,0.01,55384.61538461538,324.25261695788566
0.31,0.01,55384.61538461538,324.13128607666727
0.33,0.01,55384.61538461538,323.98431436760137
0.35,0.01,55384.61538461538,323.8090572906796
0.37,0.01,55384.61538461538,323.5989530769277
0.39,0.01,55384.61538461538,323.33615490963814
0.01,0.03,55384.61538461538,323.5989530769277
0.03,0.03,55384.61538461538,324.32572321058456
0.05,0.03,55384.61538461538,324.9334995737825
0.07,0.03,55384.61538461538,325.4482855304726
0.09,0.03,55384.61538461538,325.8825291490075
0.11,0.03,55384.61538461538,326.2419412797981
0.13,0.03,55384.61538461538,326.52890464521926
0.15,0.03,55384.61538461538,326.7441932196659
0.17,0.03,55384.61538461538,326.8878717965273
0.19,0.03,55384.61538461538,326.9597787569568
0.21,0.03,55384.61538461538,326.9597787569568
0.23,0.03,55384.61538461538,326.88787179652724
0.25,0.03,55384.61538461538,326.7441932196658
0.27,0.03,55384.61538461538,326.52890464521926
0.29,0.03,55384.61538461538,326.2419412797981
0.31,0.03,55384.61538461538,325.8825291490075
0.33,0.03,55384.61538461538,325.4482855304726
0.35,0.03,55384.61538461538,324.93349957378246
0.37,0.03,55384.61538461538,324.32572321058456
0.39,0.03,55384.61538461538,323.5989530769277
0.01,0.05,55384.61538461538,323.8090572906796
0.03,0.05,55384.61538461538,324.93349957378246
0.05,0.05,55384.61538461538,325.8993129263029
0.07,0.05,55384.61538461538,326.7283197277389
0.09,0.05,55384.61538461538,327.4323837525471
0.11,0.05,55384.61538461538,328.0172226504107
0.13,0.05,55384.61538461538,328.48510256346765
0.15,0.05,55384.61538461538,328.8365156080049
0.17,0.05,55384.61538461538,329.0711883552856
0.19,0.05,55384.61538461538,329.1886728873512
0.21,0.05,55384.61538461538,329.1886728873512
0.23,0.05,55384.61538461538,329.0711883552856
0.25,0.05,55384.61538461538,328.83651560800496
0.27,0.05,55384.61538461538,328.48510256346765
0.29,0.05,55384.61538461538,328.0172226504108
0.31,0.05,55384.61538461538,327.43238375254714
0.33,0.05,55384.61538461538,326.7283197277389
0.35,0.05,55384.61538461538,325.8993129263029
0.37,0.05,55384.61538461538,324.93349957378246
0.39,0.05,55384.61538461538,323.8090572906797
0.01,0.07,55384.61538461538,323.9843143676013
0.03,0.07,55384.61538461538,325.4482855304726
0.05,0.07,55384.61538461538,326.7283197277389
0.07,0.07,55384.61538461538,327.8388444766912
0.09,0.07,55384.61538461538,328.7879648288347
0.11,0.07,55384.61538461538,329.5793164991749
0.13,0.07,55384.61538461538,330.213827626846
0.15,0.07,55384.61538461538,330.6910314301615
0.17,0.07,55384.61538461538,331.00995513266804
0.19,0.07,55384.61538461538,331.16968309031824
0.21,0.07,55384.61538461538,331.16968309031824
0.23,0.07,55384.61538461538,331.0099551326681
0.25,0.07,55384.61538461538,330.6910314301616
0.27,0.07,55384.61538461538,330.21382762684607
0.29,0.07,55384.61538461538,329.57931649917504
0.31,0.07,55384.61538461538,328.7879648288347
0.33,0.07,55384.61538461538,327.8388444766912
0.35,0.07,55384.61538461538,326.728319727739
0.37,0.07,55384.61538461538,325.4482855304727
0.39,0.07,55384.61538461538,323.98431436760137
0.01,0.09,55384.61538461538,324.1312860766672
0.03,0.09,55384.61538461538,325.8825291490075
0.05,0.09,55384.61538461538,327.4323837525471
0.07,0.09,55384.61538461538,328.7879648288347
0.09,0.09,55384.61538461538,329.9526627068492
0.11,0.09,55384.61538461538,330.9270535275895
0.13,0.09,55384.61538461538,331.7100105853898
0.15,0.09,55384.61538461538,332.2996518013641
0.17,0.09,55384.61538461538,332.6940387476306
0.19,0.09,55384.61538461538,332.89164645035885
0.21,0.09,55384.61538461538,332.89164645035885
0.23,0.09,55384.61538461538,332.69403874763066
0.25,0.09,55384.61538461538,332.2996518013642
0.27,0.09,55384.61538461538,331.71001058538985
0.29,0.09,55384.61538461538,330.9270535275896
0.31,0.09,55384.61538461538,329.9526627068492
0.33,0.09,55384.61538461538,328.7879648288347
0.35,0.09,55384.61538461538,327.43238375254714
0.37,0.09,55384.61538461538,325.88252914900755
0.39,0.09,55384.61538461538,324.13128607666727
0.01,0.11,55384.61538461538,324.25261695788566
0.03,0.11,55384.61538461538,326.2419412797981
0.05,0.11,55384.61538461538,328.0172226504107
0.07,0.11,55384.61538461538,329.5793164991749
0.09,0.11,55384.61538461538,330.9270535275895
0.11,0.11,55384.61538461538,332.0577686879665
0.13,0.11,55384.61538461538,332.9680491483211
0.15,0.11,55384.61538461538,333.65441488965166
0.17,0.11,55384.61538461538,334.11384336976334
0.19,0.11,55384.61538461538,334.3441342471924
0.21,0.11,55384.61538461538,334.3441342471924
0.23,0.11,55384.61538461538,334.1138433697634
0.25,0.11,55384.61538461538,333.6544148896517
0.27,0.11,55384.61538461538,332.9680491483211
0.29,0.11,55384.61538461538,332.0577686879665
0.31,0.11,55384.61538461538,330.9270535275895
0.33,0.11,55384.61538461538,329.579316499175
0.35,0.11,55384.61538461538,328.0172226504108
0.37,0.11,55384.61538461538,326.24194127979814
0.39,0.11,55384.61538461538,324.25261695788566
0.01,0.13,55384.61538461538,324.3493675589261
0.03,0.13,55384.61538461538,326.5289046452192
0.05,0.13,55384.61538461538,328.48510256346765
0.07,0.13,55384.61538461538,330.213827626846
0.09,0.13,55384.61538461538,331.71001058538985
0.11,0.13,55384.61538461538,332.9680491483211
0.13,0.13,55384.61538461538,333.98237649355417
0.15,0.13,55384.61538461538,334.7479741346906
0.17,0.13,55384.61538461538,335.26076677181425
0.19,0.13,55384.61538461538,335.5178974282987
0.21,0.13,55384.61538461538,335.5178974282987
0.23,0.13,55384.61538461538,335.2607667718142
0.25,0.13,55384.61538461538,334.74797413469054
0.27,0.13,55384.61538461538,333.9823764935541
0.29,0.13,55384.61538461538,332.96804914832103
0.31,0.13,55384.61538461538,331.7100105853898
0.33,0.13,55384.61538461538,330.213827626846
0.35,0.13,55384.61538461538,328.4851025634676
0.37,0.13,55384.61538461538,326.52890464521926
0.39,0.13,55384.61538461538,324.3493675589261
0.01,0.15,55384.61538461538,324.42190430330913
0.03,0.15,55384.61538461538,326.7441932196658
0.05,0.15,55384.61538461538,328.8365156080049
0.07,0.15,55384.61538461538,330.6910314301615
0.09,0.15,55384.61538461538,332.2996518013641
0.11,0.15,55384.61538461538,333.6544148896517
0.13,0.15,55384.61538461538,334.7479741346906
0.15,0.15,55384.61538461538,335.57401586125576
0.17,0.15,55384.61538461538,336.1275690077828
0.19,0.15,55384.61538461538,336.405215044058
0.21,0.15,55384.61538461538,336.405215044058
0.23,0.15,55384.61538461538,336.1275690077828
0.25,0.15,55384.61538461538,335.57401586125576
0.27,0.15,55384.61538461538,334.74797413469054
0.29,0.15,55384.61538461538,333.6544148896517
0.31,0.15,55384.61538461538,332.2996518013641
0.33,0.15,55384.61538461538,330.69103143016144
0.35,0.15,55384.61538461538,328.83651560800485
0.37,0.15,55384.61538461538,326.74419321966576
0.39,0.15,55384.61538461538,324.42190430330913
0.01,0.17,55384.61538461538,324.47029634443817
0.03,0.17,55384.61538461538,326.8878717965272
0.05,0.17,55384.61538461538,329.0711883552855
0.07,0.17,55384.61538461538,331.00995513266804
0.09,0.17,55384.61538461538,332.69403874763066
0.11,0.17,55384.61538461538,334.1138433697634
0.13,0.17,55384.61538461538,335.26076677181425
0.15,0.17,55384.61538461538,336.1275690077828
0.17,0.17,55384.61538461538,336.7086327598672
0.19,0.17,55384.61538461538,337.0001323166477
0.21,0.17,55384.61538461538,337.0001323166477
0.23,0.17,55384.61538461538,336.7086327598671
0.25,0.17,55384.61538461538,336.1275690077828
0.27,0.17,55384.61538461538,335.26076677181425
0.29,0.17,55384.61538461538,334.11384336976334
0.31,0.17,55384.61538461538,332.6940387476306
0.33,0.17,55384.61538461538,331.00995513266804
0.35,0.17,55384.61538461538,329.07118835528547
0.37,0.17,55384.61538461538,326.8878717965272
0.39,0.17,55384.61538461538,324.47029634443817
0.01,0.19,55384.61538461538,324.4945108832773
0.03,0.19,55384.61538461538,326.95977875695667
0.05,0.19,55384.61538461538,329.18867288735106
0.07,0.19,55384.61538461538,331.16968309031813
0.09,0.19,55384.61538461538,332.89164645035885
0.11,0.19,55384.61538461538,334.34413424719247
0.13,0.19,55384.61538461538,335.51789742829874
0.15,0.19,55384.61538461538,336.405215044058
0.17,0.19,55384.61538461538,337.0001323166477
0.19,0.19,55384.61538461538,337.29861018738166
0.21,0.19,55384.61538461538,337.29861018738166
0.23,0.19,55384.61538461538,337.0001323166477
0.25,0.19,55384.61538461538,336.4052150440579
0.27,0.19,55384.61538461538,335.5178974282987
0.29,0.19,55384.61538461538,334.3441342471924
0.31,0.19,55384.61538461538,332.8916464503588
0.33,0.19,55384.61538461538,331.16968309031813
0.35,0.19,55384.61538461538,329.18867288735106
0.37,0.19,55384.61538461538,326.9597787569566
0.39,0.19,55384.61538461538,324.4945108832773
0.01,0.21,55384.61538461538,324.4945108832773
0.03,0.21,55384.61538461538,326.95977875695667
0.05,0.21,55384.61538461538,329.18867288735106
0.07,0.21,55384.61538461538,331.1696830903182
0.09,0.21,55384.61538461538,332.8916464503588
0.11,0.21,55384.61538461538,334.3441342471924
0.13,0.21,55384.61538461538,335.51789742829874
0.15,0.21,55384.61538461538,336.405215044058
0.17,0.21,55384.61538461538,337.0001323166477
0.19,0.21,55384.61538461538,337.29861018738166
0.21,0.21,55384.61538461538,337.29861018738166
0.23,0.21,55384.61538461538,337.0001323166477
0.25,0.21,55384.61538461538,336.4052150440579
0.27,0.21,55384.61538461538,335.5178974282987
0.29,0.21,55384.61538461538,334.3441342471924
0.31,0.21,55384.61538461538,332.89164645035885
0.33,0.21,55384.61538461538,331.16968309031813
0.35,0.21,55384.61538461538,329.18867288735106
0.37,0.21,55384.61538461538,326.95977875695667
0.39,0.21,55384.61538461538,324.4945108832773
0.01,0.23,55384.61538461538,324.4702963444381
0.03,0.23,55384.61538461538,326.8878717965271
0.05,0.23,55384.61538461538,329.07118835528547
0.07,0.23,55384.61538461538,331.00995513266804
0.09,0.23,55384.61538461538,332.69403874763054
0.11,0.23,55384.61538461538,334.11384336976334
0.13,0.23,55384.61538461538,335.2607667718142
0.15,0.23,55384.61538461538,336.1275690077828
0.17,0.23,55384.61538461538,336.7086327598672
0.19,0.23,55384.61538461538,337.0001323166477
0.21,0.23,55384.61538461538,337.0001323166477
0.23,0.23,55384.61538461538,336.7086327598671
0.25,0.23,55384.61538461538,336.1275690077827
0.27,0.23,55384.61538461538,335.26076677181425
0.29,0.23,55384.61538461538,334.11384336976334
0.31,0.23,55384.61538461538,332.6940387476306
0.33,0.23,55384.61538461538,331.00995513266804
0.35,0.23,55384.61538461538,329.07118835528547
0.37,0.23,55384.61538461538,326.8878717965272
0.39,0.23,55384.61538461538,324.47029634443817
0.01,0.25,55384.61538461538,324.42190430330913
0.03,0.25,55384.61538461538,326.74419321966576
0.05,0.25,55384.61538461538,328.83651560800485
0.07,0.25,55384.61538461538,330.6910314301615
0.09,0.25,55384.61538461538,332.2996518013641
0.11,0.25,55384.61538461538,333.65441488965166
0.13,0.25,55384.61538461538,334.74797413469054
0.15,0.25,55384.61538461538,335.57401586125576
0.17,0.25,55384.61538461538,336.1275690077828
0.19,0.25,55384.61538461538,336.405215044058
0.21,0.25,55384.61538461538,336.4052150440579
0.23,0.25,55384.61538461538,336.1275690077827
0.25,0.25,55384.61538461538,335.57401586125576
0.27,0.25,55384.61538461538,334.74797413469054
0.29,0.25,55384.61538461538,333.65441488965166
0.31,0.25,55384.61538461538,332.2996518013642
0.33,0.25,55384.61538461538,330.6910314301615
0.35,0.25,55384.61538461538,328.8365156080049
0.37,0.25,55384.61538461538,326.74419321966576
0.39,0.25,55384.61538461538,324.4219043033091
0.01,0.27,55384.61538461538,324.34936755892613
0.03,0.27,55384.61538461538,326.52890464521926
0.05,0.27,55384.61538461538,328.4851025634676
0.07,0.27,55384.61538461538,330.213827626846
0.09,0.27,55384.61538461538,331.71001058538974
0.11,0.27,55384.61538461538,332.96804914832103
0.13,0.27,55384.61538461538,333.9823764935541
0.15,0.27,55384.61538461538,334.7479741346906
0.17,0.27,55384.61538461538,335.2607667718143
0.19,0.27,55384.61538461538,335.5178974282988
0.21,0.27,55384.61538461538,335.51789742829874
0.23,0.27,55384.61538461538,335.26076677181425
0.25,0.27,55384.61538461538,334.7479741346906
0.27,0.27,55384.61538461538,333.98237649355417
0.29,0.27,55384.61538461538,332.96804914832103
0.31,0.27,55384.61538461538,331.71001058538985
0.33,0.27,55384.61538461538,330.21382762684607
0.35,0.27,55384.61538461538,328.4851025634676
0.37,0.27,55384.61538461538,326.5289046452192
0.39,0.27,55384.61538461538,324.34936755892613
0.01,0.29,55384.61538461538,324.25261695788566
0.03,0.29,55384.61538461538,326.24194127979814
0.05,0.29,55384.61538461538,328.0172226504107
0.07,0.29,55384.61538461538,329.57931649917487
0.09,0.29,55384.61538461538,330.9270535275894
0.11,0.29,55384.61538461538,332.0577686879664
0.13,0.29,55384.61538461538,332.96804914832103
0.15,0.29,55384.61538461538,333.6544148896517
0.17,0.29,55384.61538461538,334.1138433697634
0.19,0.29,55384.61538461538,334.34413424719247
0.21,0.29,55384.61538461538,334.34413424719247
0.23,0.29,55384.61538461538,334.1138433697634
0.25,0.29,55384.61538461538,333.6544148896517
0.27,0.29,55384.61538461538,332.96804914832103
0.29,0.29,55384.61538461538,332.0577686879665
0.31,0.29,55384.61538461538,330.9270535275895
0.33,0.29,55384.61538461538,329.5793164991749
0.35,0.29,55384.61538461538,328.0172226504107
0.37,0.29,55384.61538461538,326.2419412797981
0.39,0.29,55384.61538461538,324.25261695788566
0.01,0.31,55384.61538461538,324.13128607666727
0.03,0.31,55384.61538461538,325.8825291490075
0.05,0.31,55384.61538461538,327.432383752547
0.07,0.31,55384.61538461538,328.78796482883456
0.09,0.31,55384.61538461538,329.9526627068491
0.11,0.31,55384.61538461538,330.92705352758946
0.13,0.31,55384.61538461538,331.7100105853898
0.15,0.31,55384.61538461538,332.2996518013641
0.17,0.31,55384.61538461538,332.69403874763054
0.19,0.31,55384.61538461538,332.8916464503588
0.21,0.31,55384.61538461538,332.89164645035885
0.23,0.31,55384.61538461538,332.6940387476306
0.25,0.31,55384.61538461538,332.2996518013642
0.27,0.31,55384.61538461538,331.71001058538985
0.29,0.31,55384.61538461538,330.9270535275895
0.31,0.31,55384.61538461538,329.9526627068492
0.33,0.31,55384.61538461538,328.7879648288346
0.35,0.31,55384.61538461538,327.432383752547
0.37,0.31,55384.61538461538,325.8825291490075
0.39,0.31,55384.61538461538,324.13128607666727
0.01,0.33,55384.61538461538,323.98431436760137
0.03,0.33,55384.61538461538,325.4482855304726
0.05,0.33,55384.61538461538,326.7283197277389
0.07,0.33,55384.61538461538,327.83884447669107
0.09,0.33,55384.61538461538,328.78796482883456
0.11,0.33,55384.61538461538,329.57931649917487
0.13,0.33,55384.61538461538,330.213827626846
0.15,0.33,55384.61538461538,330.69103143016144
0.17,0.33,55384.61538461538,331.00995513266804
0.19,0.33,55384.61538461538,331.1696830903182
0.21,0.33,55384.61538461538,331.1696830903182
0.23,0.33,55384.61538461538,331.00995513266804
0.25,0.33,55384.61538461538,330.6910314301616
0.27,0.33,55384.61538461538,330.21382762684607
0.29,0.33,55384.61538461538,329.5793164991749
0.31,0.33,55384.61538461538,328.7879648288346
0.33,0.33,55384.61538461538,327.8388444766911
0.35,0.33,55384.61538461538,326.7283197277389
0.37,0.33,55384.61538461538,325.4482855304726
0.39,0.33,55384.61538461538,323.98431436760137
0.01,0.35,55384.61538461538,323.8090572906796
0.03,0.35,55384.61538461538,324.93349957378246
0.05,0.35,55384.61538461538,325.89931292630285
0.07,0.35,55384.61538461538,326.7283197277389
0.09,0.35,55384.61538461538,327.43238375254697
0.11,0.35,55384.61538461538,328.01722265041064
0.13,0.35,55384.61538461538,328.48510256346754
0.15,0.35,55384.61538461538,328.83651560800485
0.17,0.35,55384.61538461538,329.07118835528547
0.19,0.35,55384.61538461538,329.18867288735106
0.21,0.35,55384.61538461538,329.1886728873511
0.23,0.35,55384.61538461538,329.0711883552855
0.25,0.35,55384.61538461538,328.8365156080049
0.27,0.35,55384.61538461538,328.48510256346765
0.29,0.35,55384.61538461538,328.0172226504107
0.31,0.35,55384.61538461538,327.432383752547
0.33,0.35,55384.61538461538,326.7283197277389
0.35,0.35,55384.61538461538,325.89931292630285
0.37,0.35,55384.61538461538,324.93349957378246
0.39,0.35,55384.61538461538,323.8090572906796
0.01,0.37,55384.61538461538,323.5989530769277
0.03,0.37,55384.61538461538,324.32572321058456
0.05,0.37,55384.61538461538,324.93349957378246
0.07,0.37,55384.61538461538,325.4482855304726
0.09,0.37,55384.61538461538,325.88252914900744
0.11,0.37,55384.61538461538,326.241941279798
0.13,0.37,55384.61538461538,326.5289046452192
0.15,0.37,55384.61538461538,326.7441932196658
0.17,0.37,55384.61538461538,326.8878717965272
0.19,0.37,55384.61538461538,326.95977875695667
0.21,0.37,55384.61538461538,326.95977875695667
0.23,0.37,55384.61538461538,326.8878717965272
0.25,0.37,55384.61538461538,326.7441932196659
0.27,0.37,55384.61538461538,326.5289046452193
0.29,0.37,55384.61538461538,326.2419412797981
0.31,0.37,55384.61538461538,325.8825291490075
0.33,0.37,55384.61538461538,325.4482855304726
0.35,0.37,55384.61538461538,324.93349957378246
0.37,0.37,55384.61538461538,324.3257232105845
0.39,0.37,55384.61538461538,323.5989530769277
0.01,0.39,55384.61538461538,323.33615490963814
0.03,0.39,55384.61538461538,323.5989530769277
0.05,0.39,55384.61538461538,323.8090572906796
0.07,0.39,55384.61538461538,323.98431436760137
0.09,0.39,55384.61538461538,324.1312860766672
0.11,0.39,55384.61538461538,324.25261695788566
0.13,0.39,55384.61538461538,324.3493675589261
0.15,0.39,55384.61538461538,324.42190430330913
0.17,0.39,55384.61538461538,324.47029634443817
0.19,0.39,55384.61538461538,324.4945108832773
0.21,0.39,55384.61538461538,324.4945108832773
0.23,0.39,55384.61538461538,324.47029634443817
0.25,0.39,55384.61538461538,324.42190430330913
0.27,0.39,55384.61538461538,324.3493675589261
0.29,0.39,55384.61538461538,324.25261695788566
0.31,0.39,55384.61538461538,324.13128607666727
0.33,0.39,55384.61538461538,323.98431436760137
0.35,0.39,55384.61538461538,323.8090572906796
0.37,0.39,55384.61538461538,323.5989530769277
0.39,0.39,55384.61538461538,323.33615490963814
0.01,0.01,57230.769230769234,323.3261819492571
0.03,0.01,57230.769230769234,323.5737839521801
0.05,0.01,57230.769230769234,323.77115839894964
0.07,0.01,57230.769230769234,323.9354924212175
0.09,0.01,57230.769230769234,324.0731428613631
0.11,0.01,57230.769230769234,324.18669563497747
0.13,0.01,57230.769230769234,324.27720370210807
0.15,0.01,57230.769230769234,324.34504274882823
0.17,0.01,57230.769230769234,324.39029443437107
0.19,0.01,57230.769230769234,324.4129360718915
0.21,0.01,57230.769230769234,324.4129360718915
0.23,0.01,57230.769230769234,324.390294434371
0.25,0.01,57230.769230769234,324.34504274882823
0.27,0.01,57230.769230769234,324.27720370210807
0.29,0.01,57230.769230769234,324.1866956349775
0.31,0.01,57230.769230769234,324.07314286136307
0.33,0.01,57230.769230769234,323.9354924212174
0.35,0.01,57230.769230769234,323.77115839894964
0.37,0.01,57230.769230769234,323.5737839521801
0.39,0.01,57230.769230769234,323.32618194925703
0.01,0.03,57230.769230769234,323.5737839521801
0.03,0.03,57230.769230769234,324.25775780224046
0.05,0.03,57230.769230769234,324.82846402528844
0.07,0.03,57230.769230769234,325.311097047706
0.09,0.03,57230.769230769234,325.71779528156645
0.11,0.03,57230.769230769234,326.05418534512035
0.13,0.03,57230.769230769234,326.32265844053217
0.15,0.03,57230.769230769234,326.52402784070455
0.17,0.03,57230.769230769234,326.65840014704986
0.19,0.03,57230.769230769234,326.72564558110986
0.21,0.03,57230.769230769234,326.72564558110986
0.23,0.03,57230.769230769234,326.6584001470498
0.25,0.03,57230.769230769234,326.5240278407046
0.27,0.03,57230.769230769234,326.3226584405322
0.29,0.03,57230.769230769234,326.05418534512035
0.31,0.03,57230.769230769234,325.7177952815664
0.33,0.03,57230.769230769234,325.311097047706
0.35,0.03,57230.769230769234,324.82846402528844
0.37,0.03,57230.769230769234,324.25775780224046
0.39,0.03,57230.769230769234,323.5737839521801
0.01,0.05,57230.769230769234,323.77115839894964
0.03,0.05,57230.769230769234,324.82846402528844
0.05,0.05,57230.769230769234,325.7349717949992
0.07,0.05,57230.769230769234,326.51206068749985
0.09,0.05,57230.769230769234,327.17144747656863
0.11,0.05,57230.769230769234,327.71886267070755
0.13,0.05,57230.769230769234,328.1566514588917
0.15,0.05,57230.769230769234,328.48539912617576
0.17,0.05,57230.769230769234,328.7049134425927
0.19,0.05,57230.769230769234,328.81480404106475
0.21,0.05,57230.769230769234,328.81480404106475
0.23,0.05,57230.769230769234,328.7049134425927
0.25,0.05,57230.769230769234,328.4853991261759
0.27,0.05,57230.769230769234,328.15665145889176
0.29,0.05,57230.769230769234,327.71886267070755
0.31,0.05,57230.769230769234,327.17144747656863
0.33,0.05,57230.769230769234,326.51206068749985
0.35,0.05,57230.769230769234,325.73497179499924
0.37,0.05,57230.769230769234,324.82846402528844
0.39,0.05,57230.769230769234,323.77115839894964
0.01,0.07,57230.769230769234,323.9354924212174
0.03,0.07,57230.769230769234,325.311097047706
0.05,0.07,57230.769230769234,326.5120606874998
0.07,0.07,57230.769230769234,327.5528558849771
0.09,0.07,57230.769230769234,328.4417258467733
0.11,0.07,57230.769230769234,329.18249392418574
0.13,0.07,57230.769230769234,329.7762807572815
0.15,0.07,57230.769230769234,330.2227884099793
0.17,0.07,57230.769230769234,330.5211749912462
0.19,0.07,57230.769230769234,330.67061255444474
0.21,0.07,57230.769230769234,330.67061255444474
0.23,0.07,57230.769230769234,330.5211749912462
0.25,0.07,57230.769230769234,330.2227884099793
0.27,0.07,57230.769230769234,329.7762807572815
0.29,0.07,57230.769230769234,329.1824939241858
0.31,0.07,57230.769230769234,328.4417258467733
0.33,0.07,57230.769230769234,327.55285588497713
0.35,0.07,57230.769230769234,326.51206068749985
0.37,0.07,57230.769230769234,325.311097047706
0.39,0.07,57230.769230769234,323.9354924212174
0.01,0.09,57230.769230769234,324.07314286136307
0.03,0.09,57230.769230769234,325.7177952815664
0.05,0.09,57230.769230769234,327.17144747656863
0.07,0.09,57230.769230769234,328.4417258467733
0.09,0.09,57230.769230769234,329.5324687154009
0.11,0.09,57230.769230769234,330.4446435104361
0.13,0.09,57230.769230769234,331.17745022163007
0.15,0.09,57230.769230769234,331.7292634749068
0.17,0.09,57230.769230769234,332.0983316824392
0.19,0.09,57230.769230769234,332.2832505505159
0.21,0.09,57230.769230769234,332.28325055051585
0.23,0.09,57230.769230769234,332.0983316824392
0.25,0.09,57230.769230769234,331.7292634749068
0.27,0.09,57230.769230769234,331.17745022163007
0.29,0.09,57230.769230769234,330.4446435104362
0.31,0.09,57230.769230769234,329.53246871540097
0.33,0.09,57230.769230769234,328.4417258467733
0.35,0.09,57230.769230769234,327.17144747656863
0.37,0.09,57230.769230769234,325.7177952815664
0.39,0.09,57230.769230769234,324.07314286136307
0.01,0.11,57230.769230769234,324.18669563497747
0.03,0.11,57230.769230769234,326.05418534512035
0.05,0.11,57230.769230769234,327.7188626707075
0.07,0.11,57230.769230769234,329.18249392418574
0.09,0.11,57230.769230769234,330.4446435104361
0.11,0.11,57230.769230769234,331.5032358775499
0.13,0.11,57230.769230769234,332.3553192879324
0.15,0.11,57230.769230769234,332.9977592989288
0.17,0.11,57230.769230769234,333.42777672444515
0.19,0.11,57230.769230769234,333.6433249997404
0.21,0.11,57230.769230769234,333.6433249997404
0.23,0.11,57230.769230769234,333.42777672444515
0.25,0.11,57230.769230769234,332.9977592989288
0.27,0.11,57230.769230769234,332.3553192879324
0.29,0.11,57230.769230769234,331.50323587755
0.31,0.11,57230.769230769234,330.4446435104362
0.33,0.11,57230.769230769234,329.1824939241858
0.35,0.11,57230.769230769234,327.71886267070755
0.37,0.11,57230.769230769234,326.05418534512035
0.39,0.11,57230.769230769234,324.1866956349775
0.01,0.13,57230.769230769234,324.277203702108
0.03,0.13,57230.769230769234,326.32265844053217
0.05,0.13,57230.769230769234,328.1566514588917
0.07,0.13,57230.769230769234,329.7762807572814
0.09,0.13,57230.769230769234,331.17745022163
0.11,0.13,57230.769230769234,332.35531928793233
0.13,0.13,57230.769230769234,333.3049020170888
0.15,0.13,57230.769230769234,334.0216059613362
0.17,0.13,57230.769230769234,334.5016507418845
0.19,0.13,57230.769230769234,334.74236343332404
0.21,0.13,57230.769230769234,334.74236343332404
0.23,0.13,57230.769230769234,334.5016507418845
0.25,0.13,57230.769230769234,334.0216059613362
0.27,0.13,57230.769230769234,333.3049020170888
0.29,0.13,57230.769230769234,332.3553192879324
0.31,0.13,57230.769230769234,331.17745022163
0.33,0.13,57230.769230769234,329.7762807572814
0.35,0.13,57230.769230769234,328.1566514588917
0.37,0.13,57230.769230769234,326.32265844053217
0.39,0.13,57230.769230769234,324.27720370210807
0.01,0.15,57230.769230769234,324.3450427488282
0.03,0.15,57230.769230769234,326.5240278407045
0.05,0.15,57230.769230769234,328.48539912617576
0.07,0.15,57230.769230769234,330.2227884099792
0.09,0.15,57230.769230769234,331.7292634749067
0.11,0.15,57230.769230769234,332.9977592989287
0.13,0.15,57230.769230769234,334.0216059613362
0.15,0.15,57230.769230769234,334.79498105557303
0.17,0.15,57230.769230769234,335.31325062813613
0.19,0.15,57230.769230769234,335.57320509987767
0.21,0.15,57230.769230769234,335.57320509987767
0.23,0.15,57230.769230769234,335.3132506281362
0.25,0.15,57230.769230769234,334.7949810555731
0.27,0.15,57230.769230769234,334.0216059613362
0.29,0.15,57230.769230769234,332.9977592989288
0.31,0.15,57230.769230769234,331.7292634749068
0.33,0.15,57230.769230769234,330.2227884099792
0.35,0.15,57230.769230769234,328.48539912617576
0.37,0.15,57230.769230769234,326.5240278407045
0.39,0.15,57230.769230769234,324.3450427488282
0.01,0.17,57230.769230769234,324.390294434371
0.03,0.17,57230.769230769234,326.6584001470498
0.05,0.17,57230.769230769234,328.70491344259267
0.07,0.17,57230.769230769234,330.5211749912461
0.09,0.17,57230.769230769234,332.0983316824392
0.11,0.17,57230.769230769234,333.4277767244452
0.13,0.17,57230.769230769234,334.5016507418845
0.15,0.17,57230.769230769234,335.31325062813613
0.17,0.17,57230.769230769234,335.857325869113
0.19,0.17,57230.769230769234,336.13027731995186
0.21,0.17,57230.769230769234,336.13027731995186
0.23,0.17,57230.769230769234,335.857325869113
0.25,0.17,57230.769230769234,335.31325062813613
0.27,0.17,57230.769230769234,334.50165074188453
0.29,0.17,57230.769230769234,333.42777672444515
0.31,0.17,57230.769230769234,332.0983316824392
0.33,0.17,57230.769230769234,330.5211749912461
0.35,0.17,57230.769230769234,328.7049134425926
0.37,0.17,57230.769230769234,326.65840014704975
0.39,0.17,57230.769230769234,324.390294434371
0.01,0.19,57230.769230769234,324.4129360718915
0.03,0.19,57230.769230769234,326.7256455811098
0.05,0.19,57230.769230769234,328.81480404106463
0.07,0.19,57230.769230769234,330.67061255444474
0.09,0.19,57230.769230769234,332.28325055051585
0.11,0.19,57230.769230769234,333.6433249997404
0.13,0.19,57230.769230769234,334.7423634333241
0.15,0.19,57230.769230769234,335.57320509987767
0.17,0.19,57230.769230769234,336.13027731995186
0.19,0.19,57230.769230769234,336.409776705008
0.21,0.19,57230.769230769234,336.409776705008
0.23,0.19,57230.769230769234,336.13027731995186
0.25,0.19,57230.769230769234,335.57320509987755
0.27,0.19,57230.769230769234,334.74236343332404
0.29,0.19,57230.769230769234,333.64332499974034
0.31,0.19,57230.769230769234,332.2832505505159
0.33,0.19,57230.769230769234,330.6706125544447
0.35,0.19,57230.769230769234,328.81480404106463
0.37,0.19,57230.769230769234,326.7256455811098
0.39,0.19,57230.769230769234,324.4129360718915
0.01,0.21,57230.769230769234,324.4129360718915
0.03,0.21,57230.769230769234,326.7256455811098
0.05,0.21,57230.769230769234,328.81480404106463
0.07,0.21,57230.769230769234,330.67061255444474
0.09,0.21,57230.769230769234,332.28325055051585
0.11,0.21,57230.769230769234,333.64332499974034
0.13,0.21,57230.769230769234,334.74236343332404
0.15,0.21,57230.769230769234,335.5732050998776
0.17,0.21,57230.769230769234,336.13027731995186
0.19,0.21,57230.769230769234,336.409776705008
0.21,0.21,57230.769230769234,336.409776705008
0.23,0.21,57230.769230769234,336.1302773199518
0.25,0.21,57230.769230769234,335.5732050998776
0.27,0.21,57230.769230769234,334.7423634333241
0.29,0.21,57230.769230769234,333.6433249997404
0.31,0.21,57230.769230769234,332.2832505505159
0.33,0.21,57230.769230769234,330.6706125544447
0.35,0.21,57230.769230769234,328.8148040410647
0.37,0.21,57230.769230769234,326.7256455811098
0.39,0.21,57230.769230769234,324.4129360718915
0.01,0.23,57230.769230769234,324.390294434371
0.03,0.23,57230.769230769234,326.6584001470498
0.05,0.23,57230.769230769234,328.7049134425926
0.07,0.23,57230.769230769234,330.52117499124614
0.09,0.23,57230.769230769234,332.0983316824392
0.11,0.23,57230.769230769234,333.4277767244451
0.13,0.23,57230.769230769234,334.5016507418845
0.15,0.23,57230.769230769234,335.3132506281362
0.17,0.23,57230.769230769234,335.85732586911297
0.19,0.23,57230.769230769234,336.1302773199518
0.21,0.23,57230.769230769234,336.1302773199518
0.23,0.23,57230.769230769234,335.85732586911297
0.25,0.23,57230.769230769234,335.3132506281362
0.27,0.23,57230.769230769234,334.50165074188453
0.29,0.23,57230.769230769234,333.4277767244452
0.31,0.23,57230.769230769234,332.09833168243915
0.33,0.23,57230.769230769234,330.52117499124614
0.35,0.23,57230.769230769234,328.70491344259267
0.37,0.23,57230.769230769234,326.65840014704975
0.39,0.23,57230.769230769234,324.390294434371
0.01,0.25,57230.769230769234,324.34504274882823
0.03,0.25,57230.769230769234,326.5240278407045
0.05,0.25,57230.769230769234,328.48539912617576
0.07,0.25,57230.769230769234,330.2227884099792
0.09,0.25,57230.769230769234,331.7292634749068
0.11,0.25,57230.769230769234,332.99775929892866
0.13,0.25,57230.769230769234,334.0216059613361
0.15,0.25,57230.769230769234,334.794981055573
0.17,0.25,57230.769230769234,335.31325062813613
0.19,0.25,57230.769230769234,335.5732050998776
0.21,0.25,57230.769230769234,335.5732050998776
0.23,0.25,57230.769230769234,335.3132506281362
0.25,0.25,57230.769230769234,334.7949810555731
0.27,0.25,57230.769230769234,334.02160596133626
0.29,0.25,57230.769230769234,332.9977592989288
0.31,0.25,57230.769230769234,331.7292634749068
0.33,0.25,57230.769230769234,330.2227884099793
0.35,0.25,57230.769230769234,328.48539912617576
0.37,0.25,57230.769230769234,326.5240278407045
0.39,0.25,57230.769230769234,324.3450427488282
0.01,0.27,57230.769230769234,324.27720370210807
0.03,0.27,57230.769230769234,326.32265844053217
0.05,0.27,57230.769230769234,328.15665145889176
0.07,0.27,57230.769230769234,329.7762807572815
0.09,0.27,57230.769230769234,331.17745022163007
0.11,0.27,57230.769230769234,332.3553192879323
0.13,0.27,57230.769230769234,333.30490201708875
0.15,0.27,57230.769230769234,334.0216059613361
0.17,0.27,57230.769230769234,334.5016507418844
0.19,0.27,57230.769230769234,334.74236343332404
0.21,0.27,57230.769230769234,334.74236343332404
0.23,0.27,57230.769230769234,334.5016507418845
0.25,0.27,57230.769230769234,334.02160596133626
0.27,0.27,57230.769230769234,333.30490201708886
0.29,0.27,57230.769230769234,332.3553192879324
0.31,0.27,57230.769230769234,331.1774502216301
0.33,0.27,57230.769230769234,329.77628075728154
0.35,0.27,57230.769230769234,328.15665145889176
0.37,0.27,57230.769230769234,326.32265844053217
0.39,0.27,57230.769230769234,324.27720370210807
0.01,0.29,57230.769230769234,324.18669563497747
0.03,0.29,57230.769230769234,326.05418534512035
0.05,0.29,57230.769230769234,327.7188626707075
0.07,0.29,57230.769230769234,329.18249392418574
0.09,0.29,57230.769230769234,330.4446435104361
0.11,0.29,57230.769230769234,331.50323587754986
0.13,0.29,57230.769230769234,332.3553192879323
0.15,0.29,57230.769230769234,332.99775929892866
0.17,0.29,57230.769230769234,333.42777672444515
0.19,0.29,57230.769230769234,333.6433249997404
0.21,0.29,57230.769230769234,333.6433249997404
0.23,0.29,57230.769230769234,333.42777672444515
0.25,0.29,57230.769230769234,332.9977592989288
0.27,0.29,57230.769230769234,332.35531928793233
0.29,0.29,57230.769230769234,331.50323587755
0.31,0.29,57230.769230769234,330.4446435104361
0.33,0.29,57230.769230769234,329.18249392418585
0.35,0.29,57230.769230769234,327.71886267070755
0.37,0.29,57230.769230769234,326.05418534512035
0.39,0.29,57230.769230769234,324.18669563497747
0.01,0.31,57230.769230769234,324.0731428613631
0.03,0.31,57230.769230769234,325.7177952815664
0.05,0.31,57230.769230769234,327.1714474765686
0.07,0.31,57230.769230769234,328.4417258467733
0.09,0.31,57230.769230769234,329.53246871540085
0.11,0.31,57230.769230769234,330.4446435104361
0.13,0.31,57230.769230769234,331.17745022162995
0.15,0.31,57230.769230769234,331.7292634749067
0.17,0.31,57230.769230769234,332.0983316824392
0.19,0.31,57230.769230769234,332.283250550516
0.21,0.31,57230.769230769234,332.283250550516
0.23,0.31,57230.769230769234,332.09833168243927
0.25,0.31,57230.769230769234,331.7292634749068
0.27,0.31,57230.769230769234,331.17745022163
0.29,0.31,57230.769230769234,330.4446435104362
0.31,0.31,57230.769230769234,329.53246871540097
0.33,0.31,57230.769230769234,328.4417258467733
0.35,0.31,57230.769230769234,327.17144747656863
0.37,0.31,57230.769230769234,325.7177952815664
0.39,0.31,57230.769230769234,324.0731428613631
0.01,0.33,57230.769230769234,323.9354924212174
0.03,0.33,57230.769230769234,325.311097047706
0.05,0.33,57230.769230769234,326.51206068749974
0.07,0.33,57230.769230769234,327.552855884977
0.09,0.33,57230.769230769234,328.4417258467732
0.11,0.33,57230.769230769234,329.1824939241857
0.13,0.33,57230.769230769234,329.7762807572814
0.15,0.33,57230.769230769234,330.2227884099792
0.17,0.33,57230.769230769234,330.5211749912462
0.19,0.33,57230.769230769234,330.67061255444474
0.21,0.33,57230.769230769234,330.6706125544448
0.23,0.33,57230.769230769234,330.5211749912462
0.25,0.33,57230.769230769234,330.2227884099792
0.27,0.33,57230.769230769234,329.7762807572815
0.29,0.33,57230.769230769234,329.1824939241858
0.31,0.33,57230.769230769234,328.4417258467733
0.33,0.33,57230.769230769234,327.55285588497713
0.35,0.33,57230.769230769234,326.5120606874998
0.37,0.33,57230.769230769234,325.311097047706
0.39,0.33,57230.769230769234,323.9354924212175
0.01,0.35,57230.769230769234,323.77115839894964
0.03,0.35,57230.769230769234,324.82846402528844
0.05,0.35,57230.769230769234,325.7349717949992
0.07,0.35,57230.769230769234,326.5120606874998
0.09,0.35,57230.769230769234,327.1714474765685
0.11,0.35,57230.769230769234,327.7188626707075
0.13,0.35,57230.769230769234,328.1566514588917
0.15,0.35,57230.769230769234,328.48539912617576
0.17,0.35,57230.769230769234,328.70491344259267
0.19,0.35,57230.769230769234,328.81480404106463
0.21,0.35,57230.769230769234,328.81480404106463
0.23,0.35,57230.769230769234,328.70491344259267
0.25,0.35,57230.769230769234,328.4853991261758
0.27,0.35,57230.769230769234,328.15665145889176
0.29,0.35,57230.769230769234,327.71886267070755
0.31,0.35,57230.769230769234,327.17144747656863
0.33,0.35,57230.769230769234,326.51206068749985
0.35,0.35,57230.769230769234,325.7349717949992
0.37,0.35,57230.769230769234,324.82846402528844
0.39,0.35,57230.769230769234,323.7711583989497
0.01,0.37,57230.769230769234,323.5737839521802
0.03,0.37,57230.769230769234,324.25775780224046
0.05,0.37,57230.769230769234,324.8284640252884
0.07,0.37,57230.769230769234,325.311097047706
0.09,0.37,57230.769230769234,325.71779528156634
0.11,0.37,57230.769230769234,326.0541853451203
0.13,0.37,57230.769230769234,326.3226584405321
0.15,0.37,57230.769230769234,326.5240278407045
0.17,0.37,57230.769230769234,326.65840014704975
0.19,0.37,57230.769230769234,326.72564558110975
0.21,0.37,57230.769230769234,326.72564558110975
0.23,0.37,57230.769230769234,326.6584001470498
0.25,0.37,57230.769230769234,326.52402784070455
0.27,0.37,57230.769230769234,326.32265844053217
0.29,0.37,57230.769230769234,326.05418534512035
0.31,0.37,57230.769230769234,325.71779528156645
0.33,0.37,57230.769230769234,325.311097047706
0.35,0.37,57230.769230769234,324.82846402528844
0.37,0.37,57230.769230769234,324.25775780224046
0.39,0.37,57230.769230769234,323.5737839521802
0.01,0.39,57230.769230769234,323.3261819492571
0.03,0.39,57230.769230769234,323.5737839521801
0.05,0.39,57230.769230769234,323.77115839894964
0.07,0.39,57230.769230769234,323.9354924212174
0.09,0.39,57230.769230769234,324.07314286136307
0.11,0.39,57230.769230769234,324.1866956349774
0.13,0.39,57230.769230769234,324.277203702108
0.15,0.39,57230.769230769234,324.3450427488282
0.17,0.39,57230.769230769234,324.390294434371
0.19,0.39,57230.769230769234,324.41293607189147
0.21,0.39,57230.769230769234,324.4129360718915
0.23,0.39,57230.769230769234,324.390294434371
0.25,0.39,57230.769230769234,324.34504274882823
0.27,0.39,57230.769230769234,324.27720370210807
0.29,0.39,57230.769230769234,324.1866956349775
0.31,0.39,57230.769230769234,324.0731428613631
0.33,0.39,57230.769230769234,323.9354924212174
0.35,0.39,57230.769230769234,323.7711583989497
0.37,0.39,57230.769230769234,323.5737839521802
0.39,0.39,57230.769230769234,323.3261819492571
0.01,0.01,59076.92307692308,323.31689815541586
0.03,0.01,59076.92307692308,323.5503430036446
0.05,0.01,59076.92307692308,323.73584543299705
0.07,0.01,59076.92307692308,323.8899798220419
0.09,0.01,59076.92307692308,324.01891504265063
0.11,0.01,59076.92307692308,324.1251862517444
0.13,0.01,59076.92307692308,324.20984361147833
0.15,0.01,59076.92307692308,324.2732755931868
0.17,0.01,59076.92307692308,324.3155790745268
0.19,0.01,59076.92307692308,324.3367433889631
0.21,0.01,59076.92307692308,324.3367433889631
0.23,0.01,59076.92307692308,324.3155790745268
0.25,0.01,59076.92307692308,324.2732755931868
0.27,0.01,59076.92307692308,324.20984361147833
0.29,0.01,59076.92307692308,324.1251862517444
0.31,0.01,59076.92307692308,324.01891504265063
0.33,0.01,59076.92307692308,323.8899798220418
0.35,0.01,59076.92307692308,323.735845432997
0.37,0.01,59076.92307692308,323.55034300364457
0.39,0.01,59076.92307692308,323.31689815541586
0.01,0.03,59076.92307692308,323.5503430036446
0.03,0.03,59076.92307692308,324.1944333265121
0.05,0.03,59076.92307692308,324.73055718289083
0.07,0.03,59076.92307692308,325.18315822166363
0.09,0.03,59076.92307692308,325.56409460721574
0.11,0.03,59076.92307692308,325.8789259216815
0.13,0.03,59076.92307692308,326.1300640514847
0.15,0.03,59076.92307692308,326.318371339035
0.17,0.03,59076.92307692308,326.44400402706856
0.19,0.03,59076.92307692308,326.5068697873378
0.21,0.03,59076.92307692308,326.50686978733773
0.23,0.03,59076.92307692308,326.4440040270685
0.25,0.03,59076.92307692308,326.31837133903497
0.27,0.03,59076.92307692308,326.1300640514847
0.29,0.03,59076.92307692308,325.8789259216815
0.31,0.03,59076.92307692308,325.5640946072157
0.33,0.03,59076.92307692308,325.1831582216636
0.35,0.03,59076.92307692308,324.7305571828908
0.37,0.03,59076.92307692308,324.1944333265121
0.39,0.03,59076.92307692308,323.5503430036446
0.01,0.05,59076.92307692308,323.73584543299705
0.03,0.05,59076.92307692308,324.73055718289083
0.05,0.05,59076.92307692308,325.5817160263001
0.07,0.05,59076.92307692308,326.31029094118327
0.09,0.05,59076.92307692308,326.92787482029
0.11,0.05,59076.92307692308,327.44022896671066
0.13,0.05,59076.92307692308,327.8497934159196
0.15,0.05,59076.92307692308,328.15726094624733
0.17,0.05,59076.92307692308,328.3625327341575
0.19,0.05,59076.92307692308,328.4652849581228
0.21,0.05,59076.92307692308,328.4652849581228
0.23,0.05,59076.92307692308,328.36253273415747
0.25,0.05,59076.92307692308,328.1572609462473
0.27,0.05,59076.92307692308,327.8497934159195
0.29,0.05,59076.92307692308,327.44022896671066
0.31,0.05,59076.92307692308,326.92787482029
0.33,0.05,59076.92307692308,326.3102909411832
0.35,0.05,59076.92307692308,325.58171602630006
0.37,0.05,59076.92307692308,324.73055718289083
0.39,0.05,59076.92307692308,323.73584543299705
0.01,0.07,59076.92307692308,323.8899798220418
0.03,0.07,59076.92307692308,325.18315822166363
0.05,0.07,59076.92307692308,326.31029094118327
0.07,0.07,59076.92307692308,327.28589572950216
0.09,0.07,59076.92307692308,328.118362191866
0.11,0.07,59076.92307692308,328.81171449158126
0.13,0.07,59076.92307692308,329.36728203456687
0.15,0.07,59076.92307692308,329.78495292231406
0.17,0.07,59076.92307692308,330.064031856948
0.19,0.07,59076.92307692308,330.20379053963615
0.21,0.07,59076.92307692308,330.20379053963615
0.23,0.07,59076.92307692308,330.064031856948
0.25,0.07,59076.92307692308,329.784952922314
0.27,0.07,59076.92307692308,329.3672820345668
0.29,0.07,59076.92307692308,328.81171449158126
0.31,0.07,59076.92307692308,328.118362191866
0.33,0.07,59076.92307692308,327.28589572950216
0.35,0.07,59076.92307692308,326.3102909411832
0.37,0.07,59076.92307692308,325.18315822166363
0.39,0.07,59076.92307692308,323.8899798220418
0.01,0.09,59076.92307692308,324.01891504265063
0.03,0.09,59076.92307692308,325.56409460721574
0.05,0.09,59076.92307692308,326.92787482029
0.07,0.09,59076.92307692308,328.1183621918659
0.09,0.09,59076.92307692308,329.13983458089683
0.11,0.09,59076.92307692308,329.99365681140813
0.13,0.09,59076.92307692308,330.6793704692729
0.15,0.09,59076.92307692308,331.19562570430656
0.17,0.09,59076.92307692308,331.5408761971397
0.19,0.09,59076.92307692308,331.71385279051555
0.21,0.09,59076.92307692308,331.71385279051555
0.23,0.09,59076.92307692308,331.54087619713965
0.25,0.09,59076.92307692308,331.19562570430656
0.27,0.09,59076.92307692308,330.6793704692729
0.29,0.09,59076.92307692308,329.99365681140813
0.31,0.09,59076.92307692308,329.1398345808969
0.33,0.09,59076.92307692308,328.118362191866
0.35,0.09,59076.92307692308,326.92787482029
0.37,0.09,59076.92307692308,325.5640946072157
0.39,0.09,59076.92307692308,324.01891504265063
0.01,0.11,59076.92307692308,324.1251862517444
0.03,0.11,59076.92307692308,325.8789259216815
0.05,0.11,59076.92307692308,327.4402289667106
0.07,0.11,59076.92307692308,328.81171449158114
0.09,0.11,59076.92307692308,329.9936568114081
0.11,0.11,59076.92307692308,330.9845687172145
0.13,0.11,59076.92307692308,331.78197241318725
0.15,0.11,59076.92307692308,332.3830987414722
0.17,0.11,59076.92307692308,332.7854324064068
0.19,0.11,59076.92307692308,332.9870971546078
0.21,0.11,59076.92307692308,332.9870971546078
0.23,0.11,59076.92307692308,332.7854324064067
0.25,0.11,59076.92307692308,332.38309874147217
0.27,0.11,59076.92307692308,331.78197241318725
0.29,0.11,59076.92307692308,330.98456871721453
0.31,0.11,59076.92307692308,329.9936568114082
0.33,0.11,59076.92307692308,328.81171449158126
0.35,0.11,59076.92307692308,327.44022896671066
0.37,0.11,59076.92307692308,325.8789259216815
0.39,0.11,59076.92307692308,324.1251862517444
0.01,0.13,59076.92307692308,324.2098436114784
0.03,0.13,59076.92307692308,326.1300640514847
0.05,0.13,59076.92307692308,327.8497934159195
0.07,0.13,59076.92307692308,329.3672820345668
0.09,0.13,59076.92307692308,330.6793704692729
0.11,0.13,59076.92307692308,331.7819724131872
0.13,0.13,59076.92307692308,332.67069363732685
0.15,0.13,59076.92307692308,333.3413879532593
0.17,0.13,59076.92307692308,333.79059206326184
0.19,0.13,59076.92307692308,334.015835303072
0.21,0.13,59076.92307692308,334.015835303072
0.23,0.13,59076.92307692308,333.7905920632618
0.25,0.13,59076.92307692308,333.34138795325924
0.27,0.13,59076.92307692308,332.6706936373269
0.29,0.13,59076.92307692308,331.78197241318736
0.31,0.13,59076.92307692308,330.67937046927307
0.33,0.13,59076.92307692308,329.36728203456687
0.35,0.13,59076.92307692308,327.8497934159196
0.37,0.13,59076.92307692308,326.1300640514846
0.39,0.13,59076.92307692308,324.20984361147833
0.01,0.15,59076.92307692308,324.2732755931867
0.03,0.15,59076.92307692308,326.31837133903497
0.05,0.15,59076.92307692308,328.1572609462472
0.07,0.15,59076.92307692308,329.78495292231395
0.09,0.15,59076.92307692308,331.19562570430645
0.11,0.15,59076.92307692308,332.38309874147217
0.13,0.15,59076.92307692308,333.34138795325924
0.15,0.15,59076.92307692308,334.06518275238267
0.17,0.15,59076.92307692308,334.55020967000064
0.19,0.15,59076.92307692308,334.7934875667062
0.21,0.15,59076.92307692308,334.79348756670623
0.23,0.15,59076.92307692308,334.55020967000064
0.25,0.15,59076.92307692308,334.06518275238267
0.27,0.15,59076.92307692308,333.3413879532593
0.29,0.15,59076.92307692308,332.3830987414723
0.31,0.15,59076.92307692308,331.1956257043067
0.33,0.15,59076.92307692308,329.78495292231406
0.35,0.15,59076.92307692308,328.15726094624733
0.37,0.15,59076.92307692308,326.31837133903497
0.39,0.15,59076.92307692308,324.2732755931868
0.01,0.17,59076.92307692308,324.3155790745268
0.03,0.17,59076.92307692308,326.4440040270685
0.05,0.17,59076.92307692308,328.3625327341574
0.07,0.17,59076.92307692308,330.0640318569479
0.09,0.17,59076.92307692308,331.5408761971396
0.11,0.17,59076.92307692308,332.7854324064067
0.13,0.17,59076.92307692308,333.7905920632618
0.15,0.17,59076.92307692308,334.55020967000064
0.17,0.17,59076.92307692308,335.0594257166757
0.19,0.17,59076.92307692308,335.31488798368616
0.21,0.17,59076.92307692308,335.3148879836862
0.23,0.17,59076.92307692308,335.0594257166758
0.25,0.17,59076.92307692308,334.55020967000064
0.27,0.17,59076.92307692308,333.79059206326184
0.29,0.17,59076.92307692308,332.7854324064068
0.31,0.17,59076.92307692308,331.54087619713977
0.33,0.17,59076.92307692308,330.064031856948
0.35,0.17,59076.92307692308,328.3625327341574
0.37,0.17,59076.92307692308,326.44400402706844
0.39,0.17,59076.92307692308,324.3155790745268
0.01,0.19,59076.92307692308,324.3367433889632
0.03,0.19,59076.92307692308,326.5068697873377
0.05,0.19,59076.92307692308,328.4652849581227
0.07,0.19,59076.92307692308,330.20379053963615
0.09,0.19,59076.92307692308,331.71385279051555
0.11,0.19,59076.92307692308,332.98709715460774
0.13,0.19,59076.92307692308,334.015835303072
0.15,0.19,59076.92307692308,334.7934875667062
0.17,0.19,59076.92307692308,335.31488798368616
0.19,0.19,59076.92307692308,335.5764896362121
0.21,0.19,59076.92307692308,335.5764896362121
0.23,0.19,59076.92307692308,335.3148879836862
0.25,0.19,59076.92307692308,334.79348756670623
0.27,0.19,59076.92307692308,334.015835303072
0.29,0.19,59076.92307692308,332.98709715460785
0.31,0.19,59076.92307692308,331.7138527905156
0.33,0.19,59076.92307692308,330.20379053963615
0.35,0.19,59076.92307692308,328.4652849581227
0.37,0.19,59076.92307692308,326.5068697873377
0.39,0.19,59076.92307692308,324.3367433889631
0.01,0.21,59076.92307692308,324.3367433889632
0.03,0.21,59076.92307692308,326.5068697873377
0.05,0.21,59076.92307692308,328.4652849581228
0.07,0.21,59076.92307692308,330.20379053963615
0.09,0.21,59076.92307692308,331.71385279051555
0.11,0.21,59076.92307692308,332.98709715460774
0.13,0.21,59076.92307692308,334.0158353030719
0.15,0.21,59076.92307692308,334.7934875667062
0.17,0.21,59076.92307692308,335.31488798368616
0.19,0.21,59076.92307692308,335.5764896362121
0.21,0.21,59076.92307692308,335.57648963621205
0.23,0.21,59076.92307692308,335.3148879836862
0.25,0.21,59076.92307692308,334.79348756670623
0.27,0.21,59076.92307692308,334.015835303072
0.29,0.21,59076.92307692308,332.98709715460785
0.31,0.21,59076.92307692308,331.71385279051555
0.33,0.21,59076.92307692308,330.20379053963615
0.35,0.21,59076.92307692308,328.4652849581227
0.37,0.21,59076.92307692308,326.5068697873377
0.39,0.21,59076.92307692308,324.3367433889631
0.01,0.23,59076.92307692308,324.3155790745268
0.03,0.23,59076.92307692308,326.4440040270685
0.05,0.23,59076.92307692308,328.36253273415747
0.07,0.23,59076.92307692308,330.064031856948
0.09,0.23,59076.92307692308,331.54087619713965
0.11,0.23,59076.92307692308,332.78543240640664
0.13,0.23,59076.92307692308,333.7905920632618
0.15,0.23,59076.92307692308,334.5502096700006
0.17,0.23,59076.92307692308,335.0594257166757
0.19,0.23,59076.92307692308,335.3148879836861
0.21,0.23,59076.92307692308,335.31488798368616
0.23,0.23,59076.92307692308,335.0594257166757
0.25,0.23,59076.92307692308,334.5502096700006
0.27,0.23,59076.92307692308,333.79059206326184
0.29,0.23,59076.92307692308,332.7854324064068
0.31,0.23,59076.92307692308,331.54087619713965
0.33,0.23,59076.92307692308,330.064031856948
0.35,0.23,59076.92307692308,328.3625327341574
0.37,0.23,59076.92307692308,326.4440040270685
0.39,0.23,59076.92307692308,324.3155790745268
0.01,0.25,59076.92307692308,324.2732755931868
0.03,0.25,59076.92307692308,326.31837133903497
0.05,0.25,59076.92307692308,328.1572609462473
0.07,0.25,59076.92307692308,329.784952922314
0.09,0.25,59076.92307692308,331.19562570430656
0.11,0.25,59076.92307692308,332.3830987414721
0.13,0.25,59076.92307692308,333.3413879532592
0.15,0.25,59076.92307692308,334.0651827523826
0.17,0.25,59076.92307692308,334.5502096700006
0.19,0.25,59076.92307692308,334.7934875667061
0.21,0.25,59076.92307692308,334.7934875667062
0.23,0.25,59076.92307692308,334.5502096700006
0.25,0.25,59076.92307692308,334.0651827523826
0.27,0.25,59076.92307692308,333.34138795325924
0.29,0.25,59076.92307692308,332.3830987414722
0.31,0.25,59076.92307692308,331.19562570430656
0.33,0.25,59076.92307692308,329.784952922314
0.35,0.25,59076.92307692308,328.1572609462473
0.37,0.25,59076.92307692308,326.318371339035
0.39,0.25,59076.92307692308,324.2732755931868
0.01,0.27,59076.92307692308,324.2098436114784
0.03,0.27,59076.92307692308,326.1300640514847
0.05,0.27,59076.92307692308,327.8497934159196
0.07,0.27,59076.92307692308,329.3672820345668
0.09,0.27,59076.92307692308,330.6793704692729
0.11,0.27,59076.92307692308,331.78197241318725
0.13,0.27,59076.92307692308,332.67069363732685
0.15,0.27,59076.92307692308,333.34138795325924
0.17,0.27,59076.92307692308,333.7905920632618
0.19,0.27,59076.92307692308,334.015835303072
0.21,0.27,59076.92307692308,334.0158353030719
0.23,0.27,59076.92307692308,333.7905920632617
0.25,0.27,59076.92307692308,333.34138795325924
0.27,0.27,59076.92307692308,332.67069363732685
0.29,0.27,59076.92307692308,331.78197241318725
0.31,0.27,59076.92307692308,330.6793704692729
0.33,0.27,59076.92307692308,329.3672820345668
0.35,0.27,59076.92307692308,327.8497934159195
0.37,0.27,59076.92307692308,326.1300640514847
0.39,0.27,59076.92307692308,324.2098436114784
0.01,0.29,59076.92307692308,324.1251862517444
0.03,0.29,59076.92307692308,325.8789259216815
0.05,0.29,59076.92307692308,327.4402289667106
0.07,0.29,59076.92307692308,328.8117144915812
0.09,0.29,59076.92307692308,329.99365681140813
0.11,0.29,59076.92307692308,330.98456871721453
0.13,0.29,59076.92307692308,331.78197241318725
0.15,0.29,59076.92307692308,332.3830987414722
0.17,0.29,59076.92307692308,332.7854324064068
0.19,0.29,59076.92307692308,332.98709715460785
0.21,0.29,59076.92307692308,332.9870971546078
0.23,0.29,59076.92307692308,332.7854324064067
0.25,0.29,59076.92307692308,332.38309874147217
0.27,0.29,59076.92307692308,331.78197241318725
0.29,0.29,59076.92307692308,330.9845687172145
0.31,0.29,59076.92307692308,329.99365681140813
0.33,0.29,59076.92307692308,328.81171449158126
0.35,0.29,59076.92307692308,327.44022896671066
0.37,0.29,59076.92307692308,325.8789259216815
0.39,0.29,59076.92307692308,324.1251862517444
0.01,0.31,59076.92307692308,324.01891504265063
0.03,0.31,59076.92307692308,325.5640946072157
0.05,0.31,59076.92307692308,326.9278748202899
0.07,0.31,59076.92307692308,328.1183621918659
0.09,0.31,59076.92307692308,329.13983458089683
0.11,0.31,59076.92307692308,329.99365681140813
0.13,0.31,59076.92307692308,330.6793704692729
0.15,0.31,59076.92307692308,331.1956257043065
0.17,0.31,59076.92307692308,331.54087619713965
0.19,0.31,59076.92307692308,331.71385279051555
0.21,0.31,59076.92307692308,331.71385279051555
0.23,0.31,59076.92307692308,331.54087619713965
0.25,0.31,59076.92307692308,331.1956257043065
0.27,0.31,59076.92307692308,330.6793704692729
0.29,0.31,59076.92307692308,329.99365681140813
0.31,0.31,59076.92307692308,329.1398345808969
0.33,0.31,59076.92307692308,328.118362191866
0.35,0.31,59076.92307692308,326.92787482029
0.37,0.31,59076.92307692308,325.56409460721574
0.39,0.31,59076.92307692308,324.01891504265063
0.01,0.33,59076.92307692308,323.8899798220418
0.03,0.33,59076.92307692308,325.18315822166363
0.05,0.33,59076.92307692308,326.3102909411832
0.07,0.33,59076.92307692308,327.28589572950204
0.09,0.33,59076.92307692308,328.11836219186586
0.11,0.33,59076.92307692308,328.81171449158114
0.13,0.33,59076.92307692308,329.3672820345668
0.15,0.33,59076.92307692308,329.78495292231395
0.17,0.33,59076.92307692308,330.0640318569479
0.19,0.33,59076.92307692308,330.2037905396361
0.21,0.33,59076.92307692308,330.20379053963615
0.23,0.33,59076.92307692308,330.064031856948
0.25,0.33,59076.92307692308,329.78495292231395
0.27,0.33,59076.92307692308,329.3672820345668
0.29,0.33,59076.92307692308,328.8117144915812
0.31,0.33,59076.92307692308,328.118362191866
0.33,0.33,59076.92307692308,327.28589572950216
0.35,0.33,59076.92307692308,326.3102909411832
0.37,0.33,59076.92307692308,325.1831582216636
0.39,0.33,59076.92307692308,323.8899798220418
0.01,0.35,59076.92307692308,323.73584543299705
0.03,0.35,59076.92307692308,324.73055718289083
0.05,0.35,59076.92307692308,325.58171602630006
0.07,0.35,59076.92307692308,326.31029094118315
0.09,0.35,59076.92307692308,326.9278748202899
0.11,0.35,59076.92307692308,327.4402289667106
0.13,0.35,59076.92307692308,327.8497934159194
0.15,0.35,59076.92307692308,328.1572609462472
0.17,0.35,59076.92307692308,328.36253273415736
0.19,0.35,59076.92307692308,328.46528495812265
0.21,0.35,59076.92307692308,328.4652849581227
0.23,0.35,59076.92307692308,328.36253273415747
0.25,0.35,59076.92307692308,328.1572609462473
0.27,0.35,59076.92307692308,327.8497934159195
0.29,0.35,59076.92307692308,327.44022896671066
0.31,0.35,59076.92307692308,326.92787482029
0.33,0.35,59076.92307692308,326.31029094118327
0.35,0.35,59076.92307692308,325.58171602630006
0.37,0.35,59076.92307692308,324.73055718289083
0.39,0.35,59076.92307692308,323.73584543299705
0.01,0.37,59076.92307692308,323.5503430036446
0.03,0.37,59076.92307692308,324.1944333265121
0.05,0.37,59076.92307692308,324.73055718289083
0.07,0.37,59076.92307692308,325.1831582216636
0.09,0.37,59076.92307692308,325.5640946072156
0.11,0.37,59076.92307692308,325.87892592168146
0.13,0.37,59076.92307692308,326.1300640514846
0.15,0.37,59076.92307692308,326.3183713390349
0.17,0.37,59076.92307692308,326.44400402706844
0.19,0.37,59076.92307692308,326.5068697873376
0.21,0.37,59076.92307692308,326.5068697873377
0.23,0.37,59076.92307692308,326.4440040270685
0.25,0.37,59076.92307692308,326.3183713390349
0.27,0.37,59076.92307692308,326.1300640514847
0.29,0.37,59076.92307692308,325.8789259216815
0.31,0.37,59076.92307692308,325.5640946072157
0.33,0.37,59076.92307692308,325.1831582216636
0.35,0.37,59076.92307692308,324.73055718289083
0.37,0.37,59076.92307692308,324.1944333265121
0.39,0.37,59076.92307692308,323.5503430036446
0.01,0.39,59076.92307692308,323.31689815541586
0.03,0.39,59076.92307692308,323.5503430036446
0.05,0.39,59076.92307692308,323.73584543299705
0.07,0.39,59076.92307692308,323.8899798220418
0.09,0.39,59076.92307692308,324.01891504265063
0.11,0.39,59076.92307692308,324.1251862517443
0.13,0.39,59076.92307692308,324.20984361147833
0.15,0.39,59076.92307692308,324.2732755931867
0.17,0.39,59076.92307692308,324.31557907452674
0.19,0.39,59076.92307692308,324.3367433889631
0.21,0.39,59076.92307692308,324.3367433889631
0.23,0.39,59076.92307692308,324.3155790745268
0.25,0.39,59076.92307692308,324.2732755931868
0.27,0.39,59076.92307692308,324.20984361147833
0.29,0.39,59076.92307692308,324.1251862517444
0.31,0.39,59076.92307692308,324.01891504265063
0.33,0.39,59076.92307692308,323.8899798220418
0.35,0.39,59076.92307692308,323.73584543299705
0.37,0.39,59076.92307692308,323.5503430036446
0.39,0.39,59076.92307692308,323.3168981554158
0.01,0.01,60923.07692307692,323.30825133399395
0.03,0.01,60923.07692307692,323.52850727019154
0.05,0.01,60923.07692307692,323.70294227768073
0.07,0.01,60923.07692307692,323.8475595391982
0.09,0.01,60923.07692307692,323.96835433038706
0.11,0.01,60923.07692307692,324.06781717574853
0.13,0.01,60923.07692307692,324.1469988239049
0.15,0.01,60923.07692307692,324.206302874331
0.17,0.01,60923.07692307692,324.24584319302414
0.19,0.01,60923.07692307692,324.26562237910565
0.21,0.01,60923.07692307692,324.2656223791057
0.23,0.01,60923.07692307692,324.24584319302414
0.25,0.01,60923.07692307692,324.20630287433096
0.27,0.01,60923.07692307692,324.1469988239049
0.29,0.01,60923.07692307692,324.06781717574853
0.31,0.01,60923.07692307692,323.9683543303871
0.33,0.01,60923.07692307692,323.8475595391982
0.35,0.01,60923.07692307692,323.7029422776808
0.37,0.01,60923.07692307692,323.52850727019154
0.39,0.01,60923.07692307692,323.308251333994
0.01,0.03,60923.07692307692,323.52850727019154
0.03,0.03,60923.07692307692,324.1354347559289
0.05,0.03,60923.07692307692,324.6393129507975
0.07,0.03,60923.07692307692,325.06388495807994
0.09,0.03,60923.07692307692,325.42075250057127
0.11,0.03,60923.07692307692,325.715420758962
0.13,0.03,60923.07692307692,325.9503305316622
0.15,0.03,60923.07692307692,326.126399564884
0.17,0.03,60923.07692307692,326.2438387983887
0.19,0.03,60923.07692307692,326.30259700172235
0.21,0.03,60923.07692307692,326.30259700172235
0.23,0.03,60923.07692307692,326.2438387983887
0.25,0.03,60923.07692307692,326.126399564884
0.27,0.03,60923.07692307692,325.9503305316622
0.29,0.03,60923.07692307692,325.715420758962
0.31,0.03,60923.07692307692,325.4207525005713
0.33,0.03,60923.07692307692,325.06388495807994
0.35,0.03,60923.07692307692,324.63931295079755
0.37,0.03,60923.07692307692,324.13543475592894
0.39,0.03,60923.07692307692,323.52850727019154
0.01,0.05,60923.07692307692,323.70294227768073
0.03,0.05,60923.07692307692,324.63931295079755
0.05,0.05,60923.07692307692,325.4388456530606
0.07,0.05,60923.07692307692,326.12212585926324
0.09,0.05,60923.07692307692,326.7006389884998
0.11,0.05,60923.07692307692,327.18018860410785
0.13,0.05,60923.07692307692,327.5633192774925
0.15,0.05,60923.07692307692,327.85084013199423
0.17,0.05,60923.07692307692,328.04275346248966
0.19,0.05,60923.07692307692,328.1388077875034
0.21,0.05,60923.07692307692,328.1388077875034
0.23,0.05,60923.07692307692,328.0427534624896
0.25,0.05,60923.07692307692,327.85084013199423
0.27,0.05,60923.07692307692,327.5633192774926
0.29,0.05,60923.07692307692,327.1801886041079
0.31,0.05,60923.07692307692,326.7006389884999
0.33,0.05,60923.07692307692,326.1221258592633
0.35,0.05,60923.07692307692,325.4388456530606
0.37,0.05,60923.07692307692,324.63931295079755
0.39,0.05,60923.07692307692,323.7029422776808
0.01,0.07,60923.07692307692,323.8475595391982
0.03,0.07,60923.07692307692,325.06388495807994
0.05,0.07,60923.07692307692,326.1221258592633
0.07,0.07,60923.07692307692,327.0368404128808
0.09,0.07,60923.07692307692,327.81656599119367
0.11,0.07,60923.07692307692,328.4655330063132
0.13,0.07,60923.07692307692,328.9852880511816
0.15,0.07,60923.07692307692,329.3759151934578
0.17,0.07,60923.07692307692,329.6368753711762
0.19,0.07,60923.07692307692,329.767547530994
0.21,0.07,60923.07692307692,329.767547530994
0.23,0.07,60923.07692307692,329.6368753711762
0.25,0.07,60923.07692307692,329.37591519345784
0.27,0.07,60923.07692307692,328.9852880511816
0.29,0.07,60923.07692307692,328.46553300631325
0.31,0.07,60923.07692307692,327.81656599119384
0.33,0.07,60923.07692307692,327.0368404128809
0.35,0.07,60923.07692307692,326.1221258592633
0.37,0.07,60923.07692307692,325.06388495808
0.39,0.07,60923.07692307692,323.8475595391982
0.01,0.09,60923.07692307692,323.96835433038706
0.03,0.09,60923.07692307692,325.42075250057127
0.05,0.09,60923.07692307692,326.7006389884998
0.07,0.09,60923.07692307692,327.8165659911937
0.09,0.09,60923.07692307692,328.77323572196906
0.11,0.09,60923.07692307692,329.5724078685632
0.13,0.09,60923.07692307692,330.2139712465526
0.15,0.09,60923.07692307692,330.69686152827654
0.17,0.09,60923.07692307692,331.0197486211675
0.19,0.09,60923.07692307692,331.18150755993963
0.21,0.09,60923.07692307692,331.1815075599396
0.23,0.09,60923.07692307692,331.0197486211675
0.25,0.09,60923.07692307692,330.69686152827666
0.27,0.09,60923.07692307692,330.21397124655266
0.29,0.09,60923.07692307692,329.5724078685633
0.31,0.09,60923.07692307692,328.7732357219692
0.33,0.09,60923.07692307692,327.81656599119384
0.35,0.09,60923.07692307692,326.7006389884999
0.37,0.09,60923.07692307692,325.4207525005713
0.39,0.09,60923.07692307692,323.9683543303871
0.01,0.11,60923.07692307692,324.06781717574853
0.03,0.11,60923.07692307692,325.715420758962
0.05,0.11,60923.07692307692,327.18018860410785
0.07,0.11,60923.07692307692,328.4655330063132
0.09,0.11,60923.07692307692,329.5724078685632
0.11,0.11,60923.07692307692,330.4999038302471
0.13,0.11,60923.07692307692,331.2460194332677
0.15,0.11,60923.07692307692,331.80836035667784
0.17,0.11,60923.07692307692,332.1846870330437
0.19,0.11,60923.07692307692,332.37330372998457
0.21,0.11,60923.07692307692,332.37330372998457
0.23,0.11,60923.07692307692,332.18468703304376
0.25,0.11,60923.07692307692,331.8083603566779
0.27,0.11,60923.07692307692,331.2460194332678
0.29,0.11,60923.07692307692,330.4999038302472
0.31,0.11,60923.07692307692,329.5724078685633
0.33,0.11,60923.07692307692,328.4655330063133
0.35,0.11,60923.07692307692,327.180188604108
0.37,0.11,60923.07692307692,325.71542075896207
0.39,0.11,60923.07692307692,324.06781717574853
0.01,0.13,60923.07692307692,324.1469988239049
0.03,0.13,60923.07692307692,325.9503305316622
0.05,0.13,60923.07692307692,327.5633192774925
0.07,0.13,60923.07692307692,328.9852880511816
0.09,0.13,60923.07692307692,330.21397124655255
0.11,0.13,60923.07692307692,331.24601943326763
0.13,0.13,60923.07692307692,332.07762949398045
0.15,0.13,60923.07692307692,332.7051104534368
0.17,0.13,60923.07692307692,333.12532853061094
0.19,0.13,60923.07692307692,333.3360264286238
0.21,0.13,60923.07692307692,333.3360264286238
0.23,0.13,60923.07692307692,333.125328530611
0.25,0.13,60923.07692307692,332.7051104534369
0.27,0.13,60923.07692307692,332.0776294939806
0.29,0.13,60923.07692307692,331.2460194332678
0.31,0.13,60923.07692307692,330.2139712465527
0.33,0.13,60923.07692307692,328.98528805118167
0.35,0.13,60923.07692307692,327.5633192774926
0.37,0.13,60923.07692307692,325.9503305316622
0.39,0.13,60923.07692307692,324.1469988239049
0.01,0.15,60923.07692307692,324.206302874331
0.03,0.15,60923.07692307692,326.126399564884
0.05,0.15,60923.07692307692,327.85084013199423
0.07,0.15,60923.07692307692,329.3759151934578
0.09,0.15,60923.07692307692,330.69686152827654
0.11,0.15,60923.07692307692,331.80836035667784
0.13,0.15,60923.07692307692,332.7051104534367
0.15,0.15,60923.07692307692,333.3823214678962
0.17,0.15,60923.07692307692,333.8360932642294
0.19,0.15,60923.07692307692,334.06368491722264
0.21,0.15,60923.07692307692,334.06368491722264
0.23,0.15,60923.07692307692,333.8360932642294
0.25,0.15,60923.07692307692,333.3823214678963
0.27,0.15,60923.07692307692,332.7051104534369
0.29,0.15,60923.07692307692,331.80836035667795
0.31,0.15,60923.07692307692,330.6968615282766
0.33,0.15,60923.07692307692,329.37591519345784
0.35,0.15,60923.07692307692,327.8508401319943
0.37,0.15,60923.07692307692,326.1263995648841
0.39,0.15,60923.07692307692,324.206302874331
0.01,0.17,60923.07692307692,324.24584319302414
0.03,0.17,60923.07692307692,326.2438387983887
0.05,0.17,60923.07692307692,328.0427534624896
0.07,0.17,60923.07692307692,329.63687537117613
0.09,0.17,60923.07692307692,331.01974862116737
0.11,0.17,60923.07692307692,332.18468703304364
0.13,0.17,60923.07692307692,333.12532853061083
0.15,0.17,60923.07692307692,333.8360932642294
0.17,0.17,60923.07692307692,334.31252584615544
0.19,0.17,60923.07692307692,334.5515332054538
0.21,0.17,60923.07692307692,334.5515332054538
0.23,0.17,60923.07692307692,334.3125258461555
0.25,0.17,60923.07692307692,333.8360932642295
0.27,0.17,60923.07692307692,333.12532853061106
0.29,0.17,60923.07692307692,332.1846870330438
0.31,0.17,60923.07692307692,331.01974862116754
0.33,0.17,60923.07692307692,329.63687537117625
0.35,0.17,60923.07692307692,328.04275346248966
0.37,0.17,60923.07692307692,326.2438387983887
0.39,0.17,60923.07692307692,324.24584319302414
0.01,0.19,60923.07692307692,324.2656223791057
0.03,0.19,60923.07692307692,326.30259700172235
0.05,0.19,60923.07692307692,328.1388077875034
0.07,0.19,60923.07692307692,329.7675475309939
0.09,0.19,60923.07692307692,331.1815075599395
0.11,0.19,60923.07692307692,332.37330372998446
0.13,0.19,60923.07692307692,333.33602642862377
0.15,0.19,60923.07692307692,334.0636849172226
0.17,0.19,60923.07692307692,334.5515332054538
0.19,0.19,60923.07692307692,334.7962932964752
0.21,0.19,60923.07692307692,334.7962932964752
0.23,0.19,60923.07692307692,334.5515332054538
0.25,0.19,60923.07692307692,334.06368491722264
0.27,0.19,60923.07692307692,333.33602642862394
0.29,0.19,60923.07692307692,332.3733037299847
0.31,0.19,60923.07692307692,331.18150755993975
0.33,0.19,60923.07692307692,329.767547530994
0.35,0.19,60923.07692307692,328.1388077875034
0.37,0.19,60923.07692307692,326.3025970017224
0.39,0.19,60923.07692307692,324.26562237910565
0.01,0.21,60923.07692307692,324.26562237910565
0.03,0.21,60923.07692307692,326.30259700172235
0.05,0.21,60923.07692307692,328.13880778750337
0.07,0.21,60923.07692307692,329.7675475309939
0.09,0.21,60923.07692307692,331.1815075599396
0.11,0.21,60923.07692307692,332.3733037299845
0.13,0.21,60923.07692307692,333.33602642862377
0.15,0.21,60923.07692307692,334.0636849172226
0.17,0.21,60923.07692307692,334.5515332054538
0.19,0.21,60923.07692307692,334.79629329647514
0.21,0.21,60923.07692307692,334.7962932964752
0.23,0.21,60923.07692307692,334.5515332054538
0.25,0.21,60923.07692307692,334.0636849172227
0.27,0.21,60923.07692307692,333.3360264286239
0.29,0.21,60923.07692307692,332.3733037299847
0.31,0.21,60923.07692307692,331.1815075599397
0.33,0.21,60923.07692307692,329.767547530994
0.35,0.21,60923.07692307692,328.1388077875034
0.37,0.21,60923.07692307692,326.30259700172235
0.39,0.21,60923.07692307692,324.26562237910565
0.01,0.23,60923.07692307692,324.2458431930241
0.03,0.23,60923.07692307692,326.24383879838865
0.05,0.23,60923.07692307692,328.0427534624896
0.07,0.23,60923.07692307692,329.63687537117613
0.09,0.23,60923.07692307692,331.0197486211674
0.11,0.23,60923.07692307692,332.18468703304364
0.13,0.23,60923.07692307692,333.1253285306109
0.15,0.23,60923.07692307692,333.83609326422936
0.17,0.23,60923.07692307692,334.3125258461555
0.19,0.23,60923.07692307692,334.5515332054538
0.21,0.23,60923.07692307692,334.5515332054538
0.23,0.23,60923.07692307692,334.31252584615544
0.25,0.23,60923.07692307692,333.8360932642294
0.27,0.23,60923.07692307692,333.125328530611
0.29,0.23,60923.07692307692,332.18468703304376
0.31,0.23,60923.07692307692,331.0197486211675
0.33,0.23,60923.07692307692,329.63687537117625
0.35,0.23,60923.07692307692,328.0427534624896
0.37,0.23,60923.07692307692,326.2438387983887
0.39,0.23,60923.07692307692,324.2458431930241
0.01,0.25,60923.07692307692,324.206302874331
0.03,0.25,60923.07692307692,326.126399564884
0.05,0.25,60923.07692307692,327.85084013199423
0.07,0.25,60923.07692307692,329.3759151934578
0.09,0.25,60923.07692307692,330.6968615282765
0.11,0.25,60923.07692307692,331.8083603566778
0.13,0.25,60923.07692307692,332.70511045343665
0.15,0.25,60923.07692307692,333.38232146789613
0.17,0.25,60923.07692307692,333.8360932642294
0.19,0.25,60923.07692307692,334.06368491722264
0.21,0.25,60923.07692307692,334.06368491722264
0.23,0.25,60923.07692307692,333.83609326422936
0.25,0.25,60923.07692307692,333.3823214678962
0.27,0.25,60923.07692307692,332.7051104534368
0.29,0.25,60923.07692307692,331.8083603566779
0.31,0.25,60923.07692307692,330.6968615282766
0.33,0.25,60923.07692307692,329.37591519345784
0.35,0.25,60923.07692307692,327.8508401319943
0.37,0.25,60923.07692307692,326.126399564884
0.39,0.25,60923.07692307692,324.206302874331
0.01,0.27,60923.07692307692,324.14699882390494
0.03,0.27,60923.07692307692,325.95033053166225
0.05,0.27,60923.07692307692,327.5633192774925
0.07,0.27,60923.07692307692,328.9852880511816
0.09,0.27,60923.07692307692,330.2139712465526
0.11,0.27,60923.07692307692,331.2460194332677
0.13,0.27,60923.07692307692,332.0776294939805
0.15,0.27,60923.07692307692,332.7051104534368
0.17,0.27,60923.07692307692,333.12532853061094
0.19,0.27,60923.07692307692,333.3360264286238
0.21,0.27,60923.07692307692,333.3360264286238
0.23,0.27,60923.07692307692,333.12532853061094
0.25,0.27,60923.07692307692,332.7051104534368
0.27,0.27,60923.07692307692,332.07762949398057
0.29,0.27,60923.07692307692,331.24601943326775
0.31,0.27,60923.07692307692,330.21397124655266
0.33,0.27,60923.07692307692,328.9852880511816
0.35,0.27,60923.07692307692,327.5633192774925
0.37,0.27,60923.07692307692,325.95033053166225
0.39,0.27,60923.07692307692,324.14699882390494
0.01,0.29,60923.07692307692,324.06781717574853
0.03,0.29,60923.07692307692,325.71542075896207
0.05,0.29,60923.07692307692,327.180188604108
0.07,0.29,60923.07692307692,328.46553300631325
0.09,0.29,60923.07692307692,329.57240786856323
0.11,0.29,60923.07692307692,330.49990383024715
0.13,0.29,60923.07692307692,331.2460194332677
0.15,0.29,60923.07692307692,331.80836035667784
0.17,0.29,60923.07692307692,332.18468703304376
0.19,0.29,60923.07692307692,332.3733037299846
0.21,0.29,60923.07692307692,332.37330372998457
0.23,0.29,60923.07692307692,332.1846870330437
0.25,0.29,60923.07692307692,331.80836035667784
0.27,0.29,60923.07692307692,331.2460194332677
0.29,0.29,60923.07692307692,330.49990383024715
0.31,0.29,60923.07692307692,329.57240786856323
0.33,0.29,60923.07692307692,328.4655330063132
0.35,0.29,60923.07692307692,327.1801886041079
0.37,0.29,60923.07692307692,325.71542075896207
0.39,0.29,60923.07692307692,324.06781717574853
0.01,0.31,60923.07692307692,323.9683543303871
0.03,0.31,60923.07692307692,325.4207525005713
0.05,0.31,60923.07692307692,326.7006389884999
0.07,0.31,60923.07692307692,327.8165659911938
0.09,0.31,60923.07692307692,328.7732357219691
0.11,0.31,60923.07692307692,329.5724078685632
0.13,0.31,60923.07692307692,330.21397124655255
0.15,0.31,60923.07692307692,330.6968615282765
0.17,0.31,60923.07692307692,331.0197486211674
0.19,0.31,60923.07692307692,331.18150755993963
0.21,0.31,60923.07692307692,331.18150755993963
0.23,0.31,60923.07692307692,331.0197486211674
0.25,0.31,60923.07692307692,330.6968615282765
0.27,0.31,60923.07692307692,330.2139712465526
0.29,0.31,60923.07692307692,329.57240786856323
0.31,0.31,60923.07692307692,328.7732357219691
0.33,0.31,60923.07692307692,327.8165659911937
0.35,0.31,60923.07692307692,326.7006389884998
0.37,0.31,60923.07692307692,325.4207525005712
0.39,0.31,60923.07692307692,323.96835433038706
0.01,0.33,60923.07692307692,323.8475595391982
0.03,0.33,60923.07692307692,325.06388495808
0.05,0.33,60923.07692307692,326.1221258592633
0.07,0.33,60923.07692307692,327.03684041288085
0.09,0.33,60923.07692307692,327.8165659911937
0.11,0.33,60923.07692307692,328.4655330063132
0.13,0.33,60923.07692307692,328.9852880511815
0.15,0.33,60923.07692307692,329.37591519345773
0.17,0.33,60923.07692307692,329.63687537117613
0.19,0.33,60923.07692307692,329.7675475309939
0.21,0.33,60923.07692307692,329.767547530994
0.23,0.33,60923.07692307692,329.63687537117613
0.25,0.33,60923.07692307692,329.37591519345773
0.27,0.33,60923.07692307692,328.9852880511816
0.29,0.33,60923.07692307692,328.4655330063132
0.31,0.33,60923.07692307692,327.8165659911938
0.33,0.33,60923.07692307692,327.03684041288085
0.35,0.33,60923.07692307692,326.12212585926324
0.37,0.33,60923.07692307692,325.0638849580799
0.39,0.33,60923.07692307692,323.84755953919813
0.01,0.35,60923.07692307692,323.70294227768073
0.03,0.35,60923.07692307692,324.63931295079755
0.05,0.35,60923.07692307692,325.4388456530606
0.07,0.35,60923.07692307692,326.1221258592633
0.09,0.35,60923.07692307692,326.70063898849986
0.11,0.35,60923.07692307692,327.18018860410785
0.13,0.35,60923.07692307692,327.5633192774925
0.15,0.35,60923.07692307692,327.85084013199423
0.17,0.35,60923.07692307692,328.04275346248954
0.19,0.35,60923.07692307692,328.13880778750337
0.21,0.35,60923.07692307692,328.13880778750337
0.23,0.35,60923.07692307692,328.0427534624896
0.25,0.35,60923.07692307692,327.85084013199423
0.27,0.35,60923.07692307692,327.5633192774925
0.29,0.35,60923.07692307692,327.1801886041079
0.31,0.35,60923.07692307692,326.70063898849986
0.33,0.35,60923.07692307692,326.12212585926324
0.35,0.35,60923.07692307692,325.4388456530606
0.37,0.35,60923.07692307692,324.63931295079755
0.39,0.35,60923.07692307692,323.70294227768073
0.01,0.37,60923.07692307692,323.52850727019154
0.03,0.37,60923.07692307692,324.13543475592894
0.05,0.37,60923.07692307692,324.63931295079755
0.07,0.37,60923.07692307692,325.06388495807994
0.09,0.37,60923.07692307692,325.42075250057127
0.11,0.37,60923.07692307692,325.715420758962
0.13,0.37,60923.07692307692,325.9503305316622
0.15,0.37,60923.07692307692,326.126399564884
0.17,0.37,60923.07692307692,326.2438387983887
0.19,0.37,60923.07692307692,326.3025970017224
0.21,0.37,60923.07692307692,326.30259700172235
0.23,0.37,60923.07692307692,326.2438387983887
0.25,0.37,60923.07692307692,326.126399564884
0.27,0.37,60923.07692307692,325.9503305316622
0.29,0.37,60923.07692307692,325.71542075896207
0.31,0.37,60923.07692307692,325.42075250057127
0.33,0.37,60923.07692307692,325.0638849580799
0.35,0.37,60923.07692307692,324.63931295079755
0.37,0.37,60923.07692307692,324.1354347559289
0.39,0.37,60923.07692307692,323.5285072701916
0.01,0.39,60923.07692307692,323.308251333994
0.03,0.39,60923.07692307692,323.52850727019154
0.05,0.39,60923.07692307692,323.7029422776808
0.07,0.39,60923.07692307692,323.8475595391982
0.09,0.39,60923.07692307692,323.9683543303871
0.11,0.39,60923.07692307692,324.06781717574853
0.13,0.39,60923.07692307692,324.1469988239049
0.15,0.39,60923.07692307692,324.206302874331
0.17,0.39,60923.07692307692,324.24584319302414
0.19,0.39,60923.07692307692,324.26562237910565
0.21,0.39,60923.07692307692,324.26562237910565
0.23,0.39,60923.07692307692,324.2458431930241
0.25,0.39,60923.07692307692,324.206302874331
0.27,0.39,60923.07692307692,324.1469988239049
0.29,0.39,60923.07692307692,324.06781717574853
0.31,0.39,60923.07692307692,323.96835433038706
0.33,0.39,60923.07692307692,323.84755953919813
0.35,0.39,60923.07692307692,323.70294227768073
0.37,0.39,60923.07692307692,323.5285072701916
0.39,0.39,60923.07692307692,323.308251333994
0.01,0.01,62769.23076923077,323.3001934596583
0.03,0.01,62769.23076923077,323.5081620868262
0.05,0.01,62769.23076923077,323.672283114507
0.07,0.01,62769.23076923077,323.80802550093443
0.09,0.01,62769.23076923077,323.9212231708489
0.11,0.01,62769.23076923077,324.01432675072243
0.13,0.01,62769.23076923077,324.0883898513117
0.15,0.01,62769.23076923077,324.1438326155074
0.17,0.01,62769.23076923077,324.1807869258032
0.19,0.01,62769.23076923077,324.19926936990083
0.21,0.01,62769.23076923077,324.19926936990083
0.23,0.01,62769.23076923077,324.18078692580315
0.25,0.01,62769.23076923077,324.1438326155074
0.27,0.01,62769.23076923077,324.08838985131166
0.29,0.01,62769.23076923077,324.0143267507225
0.31,0.01,62769.23076923077,323.9212231708489
0.33,0.01,62769.23076923077,323.8080255009344
0.35,0.01,62769.23076923077,323.672283114507
0.37,0.01,62769.23076923077,323.50816208682613
0.39,0.01,62769.23076923077,323.3001934596583
0.01,0.03,62769.23076923077,323.5081620868262
0.03,0.03,62769.23076923077,324.0804652350588
0.05,0.03,62769.23076923077,324.55428840602264
0.07,0.03,62769.23076923077,324.9527177937492
0.09,0.03,62769.23076923077,325.287117966396
0.11,0.03,62769.23076923077,325.5629487301064
0.13,0.03,62769.23076923077,325.7826848995744
0.15,0.03,62769.23076923077,325.94730326019027
0.17,0.03,62769.23076923077,326.05707231837226
0.19,0.03,62769.23076923077,326.11198404110434
0.21,0.03,62769.23076923077,326.11198404110434
0.23,0.03,62769.23076923077,326.05707231837226
0.25,0.03,62769.23076923077,325.94730326019027
0.27,0.03,62769.23076923077,325.7826848995744
0.29,0.03,62769.23076923077,325.56294873010654
0.31,0.03,62769.23076923077,325.28711796639607
0.33,0.03,62769.23076923077,324.9527177937491
0.35,0.03,62769.23076923077,324.55428840602264
0.37,0.03,62769.23076923077,324.08046523505874
0.39,0.03,62769.23076923077,323.5081620868262
0.01,0.05,62769.23076923077,323.672283114507
0.03,0.05,62769.23076923077,324.5542884060227
0.05,0.05,62769.23076923077,325.3056901956446
0.07,0.05,62769.23076923077,325.94671147261465
0.09,0.05,62769.23076923077,326.4887413375549
0.11,0.05,62769.23076923077,326.9376320399185
0.13,0.05,62769.23076923077,327.29603760790513
0.15,0.05,62769.23076923077,327.5648880730542
0.17,0.05,62769.23076923077,327.74429102342054
0.19,0.05,62769.23076923077,327.8340705861977
0.21,0.05,62769.23076923077,327.8340705861977
0.23,0.05,62769.23076923077,327.74429102342054
0.25,0.05,62769.23076923077,327.5648880730542
0.27,0.05,62769.23076923077,327.2960376079052
0.29,0.05,62769.23076923077,326.9376320399186
0.31,0.05,62769.23076923077,326.488741337555
0.33,0.05,62769.23076923077,325.94671147261465
0.35,0.05,62769.23076923077,325.3056901956446
0.37,0.05,62769.23076923077,324.55428840602264
0.39,0.05,62769.23076923077,323.672283114507
0.01,0.07,62769.23076923077,323.8080255009344
0.03,0.07,62769.23076923077,324.9527177937492
0.05,0.07,62769.23076923077,325.9467114726147
0.07,0.07,62769.23076923077,326.8045967617192
0.09,0.07,62769.23076923077,327.5350549922145
0.11,0.07,62769.23076923077,328.1425223312896
0.13,0.07,62769.23076923077,328.62876489972723
0.15,0.07,62769.23076923077,328.994066982677
0.17,0.07,62769.23076923077,329.23805062793696
0.19,0.07,62769.23076923077,329.36020618896134
0.21,0.07,62769.23076923077,329.3602061889613
0.23,0.07,62769.23076923077,329.23805062793696
0.25,0.07,62769.23076923077,328.994066982677
0.27,0.07,62769.23076923077,328.6287648997273
0.29,0.07,62769.23076923077,328.1425223312897
0.31,0.07,62769.23076923077,327.53505499221467
0.33,0.07,62769.23076923077,326.8045967617192
0.35,0.07,62769.23076923077,325.94671147261465
0.37,0.07,62769.23076923077,324.9527177937492
0.39,0.07,62769.23076923077,323.8080255009344
0.01,0.09,62769.23076923077,323.9212231708489
0.03,0.09,62769.23076923077,325.28711796639607
0.05,0.09,62769.23076923077,326.4887413375549
0.07,0.09,62769.23076923077,327.5350549922145
0.09,0.09,62769.23076923077,328.4311654683174
0.11,0.09,62769.23076923077,329.1792182619318
0.13,0.09,62769.23076923077,329.77944791130363
0.15,0.09,62769.23076923077,330.2310787319158
0.17,0.09,62769.23076923077,330.5330019470196
0.19,0.09,62769.23076923077,330.6842415749369
0.21,0.09,62769.23076923077,330.6842415749369
0.23,0.09,62769.23076923077,330.5330019470196
0.25,0.09,62769.23076923077,330.23107873191583
0.27,0.09,62769.23076923077,329.7794479113037
0.29,0.09,62769.23076923077,329.1792182619319
0.31,0.09,62769.23076923077,328.4311654683175
0.33,0.09,62769.23076923077,327.5350549922146
0.35,0.09,62769.23076923077,326.4887413375549
0.37,0.09,62769.23076923077,325.28711796639607
0.39,0.09,62769.23076923077,323.921223170849
0.01,0.11,62769.23076923077,324.01432675072243
0.03,0.11,62769.23076923077,325.56294873010654
0.05,0.11,62769.23076923077,326.9376320399185
0.07,0.11,62769.23076923077,328.1425223312896
0.09,0.11,62769.23076923077,329.17921826193174
0.11,0.11,62769.23076923077,330.04737086021385
0.13,0.11,62769.23076923077,330.7454493867625
0.15,0.11,62769.23076923077,331.2714360050752
0.17,0.11,62769.23076923077,331.6233718853504
0.19,0.11,62769.23076923077,331.79974703280857
0.21,0.11,62769.23076923077,331.7997470328086
0.23,0.11,62769.23076923077,331.6233718853505
0.25,0.11,62769.23076923077,331.2714360050753
0.27,0.11,62769.23076923077,330.74544938676263
0.29,0.11,62769.23076923077,330.047370860214
0.31,0.11,62769.23076923077,329.1792182619319
0.33,0.11,62769.23076923077,328.1425223312897
0.35,0.11,62769.23076923077,326.9376320399186
0.37,0.11,62769.23076923077,325.56294873010654
0.39,0.11,62769.23076923077,324.01432675072255
0.01,0.13,62769.23076923077,324.08838985131166
0.03,0.13,62769.23076923077,325.78268489957446
0.05,0.13,62769.23076923077,327.2960376079052
0.07,0.13,62769.23076923077,328.6287648997273
0.09,0.13,62769.23076923077,329.77944791130363
0.11,0.13,62769.23076923077,330.7454493867625
0.13,0.13,62769.23076923077,331.5235479898004
0.15,0.13,62769.23076923077,332.1105081554788
0.17,0.13,62769.23076923077,332.50353042364003
0.19,0.13,62769.23076923077,332.7005763638608
0.21,0.13,62769.23076923077,332.7005763638608
0.23,0.13,62769.23076923077,332.5035304236401
0.25,0.13,62769.23076923077,332.1105081554789
0.27,0.13,62769.23076923077,331.52354798980053
0.29,0.13,62769.23076923077,330.7454493867627
0.31,0.13,62769.23076923077,329.77944791130375
0.33,0.13,62769.23076923077,328.62876489972734
0.35,0.13,62769.23076923077,327.2960376079052
0.37,0.13,62769.23076923077,325.78268489957446
0.39,0.13,62769.23076923077,324.0883898513117
0.01,0.15,62769.23076923077,324.14383261550734
0.03,0.15,62769.23076923077,325.9473032601903
0.05,0.15,62769.23076923077,327.5648880730542
0.07,0.15,62769.23076923077,328.994066982677
0.09,0.15,62769.23076923077,330.2310787319158
0.11,0.15,62769.23076923077,331.2714360050752
0.13,0.15,62769.23076923077,332.1105081554788
0.15,0.15,62769.23076923077,332.7440240649411
0.17,0.15,62769.23076923077,333.16846151949346
0.19,0.15,62769.23076923077,333.38132549400336
0.21,0.15,62769.23076923077,333.3813254940034
0.23,0.15,62769.23076923077,333.1684615194936
0.25,0.15,62769.23076923077,332.7440240649412
0.27,0.15,62769.23076923077,332.1105081554789
0.29,0.15,62769.23076923077,331.2714360050754
0.31,0.15,62769.23076923077,330.23107873191583
0.33,0.15,62769.23076923077,328.99406698267705
0.35,0.15,62769.23076923077,327.5648880730542
0.37,0.15,62769.23076923077,325.94730326019027
0.39,0.15,62769.23076923077,324.14383261550734
0.01,0.17,62769.23076923077,324.1807869258032
0.03,0.17,62769.23076923077,326.05707231837226
0.05,0.17,62769.23076923077,327.7442910234206
0.07,0.17,62769.23076923077,329.23805062793696
0.09,0.17,62769.23076923077,330.5330019470196
0.11,0.17,62769.23076923077,331.6233718853504
0.13,0.17,62769.23076923077,332.50353042364
0.15,0.17,62769.23076923077,333.1684615194934
0.17,0.17,62769.23076923077,333.6141183329795
0.19,0.17,62769.23076923077,333.8376727446509
0.21,0.17,62769.23076923077,333.8376727446509
0.23,0.17,62769.23076923077,333.6141183329796
0.25,0.17,62769.23076923077,333.1684615194935
0.27,0.17,62769.23076923077,332.5035304236401
0.29,0.17,62769.23076923077,331.62337188535054
0.31,0.17,62769.23076923077,330.53300194701967
0.33,0.17,62769.23076923077,329.238050627937
0.35,0.17,62769.23076923077,327.74429102342054
0.37,0.17,62769.23076923077,326.05707231837226
0.39,0.17,62769.23076923077,324.18078692580315
0.01,0.19,62769.23076923077,324.1992693699009
0.03,0.19,62769.23076923077,326.11198404110434
0.05,0.19,62769.23076923077,327.8340705861977
0.07,0.19,62769.23076923077,329.36020618896134
0.09,0.19,62769.23076923077,330.6842415749369
0.11,0.19,62769.23076923077,331.79974703280857
0.13,0.19,62769.23076923077,332.7005763638608
0.15,0.19,62769.23076923077,333.3813254940033
0.17,0.19,62769.23076923077,333.83767274465083
0.19,0.19,62769.23076923077,334.0666148999676
0.21,0.19,62769.23076923077,334.0666148999676
0.23,0.19,62769.23076923077,333.83767274465094
0.25,0.19,62769.23076923077,333.3813254940034
0.27,0.19,62769.23076923077,332.7005763638609
0.29,0.19,62769.23076923077,331.7997470328087
0.31,0.19,62769.23076923077,330.684241574937
0.33,0.19,62769.23076923077,329.36020618896146
0.35,0.19,62769.23076923077,327.8340705861977
0.37,0.19,62769.23076923077,326.11198404110434
0.39,0.19,62769.23076923077,324.19926936990083
0.01,0.21,62769.23076923077,324.1992693699009
0.03,0.21,62769.23076923077,326.11198404110434
0.05,0.21,62769.23076923077,327.8340705861977
0.07,0.21,62769.23076923077,329.3602061889613
0.09,0.21,62769.23076923077,330.6842415749369
0.11,0.21,62769.23076923077,331.79974703280857
0.13,0.21,62769.23076923077,332.7005763638608
0.15,0.21,62769.23076923077,333.3813254940033
0.17,0.21,62769.23076923077,333.83767274465083
0.19,0.21,62769.23076923077,334.06661489996753
0.21,0.21,62769.23076923077,334.06661489996753
0.23,0.21,62769.23076923077,333.8376727446509
0.25,0.21,62769.23076923077,333.3813254940034
0.27,0.21,62769.23076923077,332.7005763638609
0.29,0.21,62769.23076923077,331.7997470328086
0.31,0.21,62769.23076923077,330.684241574937
0.33,0.21,62769.23076923077,329.3602061889614
0.35,0.21,62769.23076923077,327.8340705861977
0.37,0.21,62769.23076923077,326.11198404110434
0.39,0.21,62769.23076923077,324.19926936990083
0.01,0.23,62769.23076923077,324.1807869258031
0.03,0.23,62769.23076923077,326.0570723183722
0.05,0.23,62769.23076923077,327.74429102342054
0.07,0.23,62769.23076923077,329.23805062793696
0.09,0.23,62769.23076923077,330.5330019470196
0.11,0.23,62769.23076923077,331.6233718853504
0.13,0.23,62769.23076923077,332.50353042364
0.15,0.23,62769.23076923077,333.1684615194934
0.17,0.23,62769.23076923077,333.6141183329796
0.19,0.23,62769.23076923077,333.8376727446509
0.21,0.23,62769.23076923077,333.8376727446509
0.23,0.23,62769.23076923077,333.6141183329796
0.25,0.23,62769.23076923077,333.1684615194935
0.27,0.23,62769.23076923077,332.50353042364003
0.29,0.23,62769.23076923077,331.6233718853504
0.31,0.23,62769.23076923077,330.53300194701967
0.33,0.23,62769.23076923077,329.238050627937
0.35,0.23,62769.23076923077,327.7442910234206
0.37,0.23,62769.23076923077,326.05707231837226
0.39,0.23,62769.23076923077,324.18078692580315
0.01,0.25,62769.23076923077,324.1438326155074
0.03,0.25,62769.23076923077,325.9473032601903
0.05,0.25,62769.23076923077,327.5648880730542
0.07,0.25,62769.23076923077,328.994066982677
0.09,0.25,62769.23076923077,330.2310787319158
0.11,0.25,62769.23076923077,331.2714360050752
0.13,0.25,62769.23076923077,332.1105081554787
0.15,0.25,62769.23076923077,332.7440240649411
0.17,0.25,62769.23076923077,333.16846151949346
0.19,0.25,62769.23076923077,333.3813254940034
0.21,0.25,62769.23076923077,333.3813254940034
0.23,0.25,62769.23076923077,333.1684615194935
0.25,0.25,62769.23076923077,332.7440240649412
0.27,0.25,62769.23076923077,332.1105081554789
0.29,0.25,62769.23076923077,331.2714360050753
0.31,0.25,62769.23076923077,330.23107873191583
0.33,0.25,62769.23076923077,328.99406698267705
0.35,0.25,62769.23076923077,327.5648880730542
0.37,0.25,62769.23076923077,325.94730326019027
0.39,0.25,62769.23076923077,324.1438326155074
0.01,0.27,62769.23076923077,324.0883898513118
0.03,0.27,62769.23076923077,325.78268489957446
0.05,0.27,62769.23076923077,327.2960376079052
0.07,0.27,62769.23076923077,328.6287648997273
0.09,0.27,62769.23076923077,329.77944791130363
0.11,0.27,62769.23076923077,330.7454493867625
0.13,0.27,62769.23076923077,331.5235479898004
0.15,0.27,62769.23076923077,332.1105081554788
0.17,0.27,62769.23076923077,332.5035304236401
0.19,0.27,62769.23076923077,332.7005763638609
0.21,0.27,62769.23076923077,332.7005763638609
0.23,0.27,62769.23076923077,332.5035304236401
0.25,0.27,62769.23076923077,332.1105081554789
0.27,0.27,62769.23076923077,331.5235479898005
0.29,0.27,62769.23076923077,330.74544938676263
0.31,0.27,62769.23076923077,329.7794479113037
0.33,0.27,62769.23076923077,328.6287648997273
0.35,0.27,62769.23076923077,327.29603760790513
0.37,0.27,62769.23076923077,325.7826848995744
0.39,0.27,62769.23076923077,324.0883898513117
0.01,0.29,62769.23076923077,324.0143267507225
0.03,0.29,62769.23076923077,325.56294873010654
0.05,0.29,62769.23076923077,326.9376320399186
0.07,0.29,62769.23076923077,328.1425223312896
0.09,0.29,62769.23076923077,329.17921826193185
0.11,0.29,62769.23076923077,330.0473708602139
0.13,0.29,62769.23076923077,330.7454493867625
0.15,0.29,62769.23076923077,331.27143600507526
0.17,0.29,62769.23076923077,331.6233718853505
0.19,0.29,62769.23076923077,331.7997470328086
0.21,0.29,62769.23076923077,331.79974703280857
0.23,0.29,62769.23076923077,331.6233718853505
0.25,0.29,62769.23076923077,331.27143600507526
0.27,0.29,62769.23076923077,330.7454493867626
0.29,0.29,62769.23076923077,330.047370860214
0.31,0.29,62769.23076923077,329.17921826193185
0.33,0.29,62769.23076923077,328.1425223312896
0.35,0.29,62769.23076923077,326.9376320399186
0.37,0.29,62769.23076923077,325.56294873010654
0.39,0.29,62769.23076923077,324.0143267507225
0.01,0.31,62769.23076923077,323.921223170849
0.03,0.31,62769.23076923077,325.28711796639607
0.05,0.31,62769.23076923077,326.488741337555
0.07,0.31,62769.23076923077,327.53505499221467
0.09,0.31,62769.23076923077,328.4311654683175
0.11,0.31,62769.23076923077,329.17921826193185
0.13,0.31,62769.23076923077,329.77944791130363
0.15,0.31,62769.23076923077,330.2310787319158
0.17,0.31,62769.23076923077,330.5330019470196
0.19,0.31,62769.23076923077,330.6842415749369
0.21,0.31,62769.23076923077,330.6842415749369
0.23,0.31,62769.23076923077,330.5330019470196
0.25,0.31,62769.23076923077,330.23107873191583
0.27,0.31,62769.23076923077,329.7794479113037
0.29,0.31,62769.23076923077,329.17921826193185
0.31,0.31,62769.23076923077,328.43116546831743
0.33,0.31,62769.23076923077,327.5350549922146
0.35,0.31,62769.23076923077,326.4887413375549
0.37,0.31,62769.23076923077,325.287117966396
0.39,0.31,62769.23076923077,323.9212231708489
0.01,0.33,62769.23076923077,323.80802550093443
0.03,0.33,62769.23076923077,324.95271779374923
0.05,0.33,62769.23076923077,325.9467114726147
0.07,0.33,62769.23076923077,326.80459676171927
0.09,0.33,62769.23076923077,327.5350549922146
0.11,0.33,62769.23076923077,328.1425223312896
0.13,0.33,62769.23076923077,328.62876489972723
0.15,0.33,62769.23076923077,328.99406698267694
0.17,0.33,62769.23076923077,329.23805062793696
0.19,0.33,62769.23076923077,329.36020618896134
0.21,0.33,62769.23076923077,329.36020618896134
0.23,0.33,62769.23076923077,329.23805062793696
0.25,0.33,62769.23076923077,328.99406698267705
0.27,0.33,62769.23076923077,328.6287648997273
0.29,0.33,62769.23076923077,328.1425223312896
0.31,0.33,62769.23076923077,327.5350549922146
0.33,0.33,62769.23076923077,326.80459676171927
0.35,0.33,62769.23076923077,325.94671147261465
0.37,0.33,62769.23076923077,324.9527177937491
0.39,0.33,62769.23076923077,323.8080255009344
0.01,0.35,62769.23076923077,323.6722831145071
0.03,0.35,62769.23076923077,324.5542884060227
0.05,0.35,62769.23076923077,325.3056901956447
0.07,0.35,62769.23076923077,325.9467114726147
0.09,0.35,62769.23076923077,326.488741337555
0.11,0.35,62769.23076923077,326.9376320399185
0.13,0.35,62769.23076923077,327.29603760790513
0.15,0.35,62769.23076923077,327.56488807305414
0.17,0.35,62769.23076923077,327.74429102342054
0.19,0.35,62769.23076923077,327.8340705861977
0.21,0.35,62769.23076923077,327.8340705861977
0.23,0.35,62769.23076923077,327.74429102342054
0.25,0.35,62769.23076923077,327.5648880730542
0.27,0.35,62769.23076923077,327.2960376079052
0.29,0.35,62769.23076923077,326.9376320399186
0.31,0.35,62769.23076923077,326.4887413375549
0.33,0.35,62769.23076923077,325.94671147261465
0.35,0.35,62769.23076923077,325.3056901956446
0.37,0.35,62769.23076923077,324.55428840602264
0.39,0.35,62769.23076923077,323.6722831145071
0.01,0.37,62769.23076923077,323.5081620868262
0.03,0.37,62769.23076923077,324.0804652350588
0.05,0.37,62769.23076923077,324.5542884060227
0.07,0.37,62769.23076923077,324.9527177937492
0.09,0.37,62769.23076923077,325.287117966396
0.11,0.37,62769.23076923077,325.5629487301065
0.13,0.37,62769.23076923077,325.7826848995744
0.15,0.37,62769.23076923077,325.94730326019027
0.17,0.37,62769.23076923077,326.0570723183722
0.19,0.37,62769.23076923077,326.11198404110434
0.21,0.37,62769.23076923077,326.11198404110434
0.23,0.37,62769.23076923077,326.05707231837226
0.25,0.37,62769.23076923077,325.9473032601903
0.27,0.37,62769.23076923077,325.78268489957446
0.29,0.37,62769.23076923077,325.56294873010654
0.31,0.37,62769.23076923077,325.287117966396
0.33,0.37,62769.23076923077,324.9527177937492
0.35,0.37,62769.23076923077,324.55428840602264
0.37,0.37,62769.23076923077,324.0804652350588
0.39,0.37,62769.23076923077,323.5081620868262
0.01,0.39,62769.23076923077,323.3001934596583
0.03,0.39,62769.23076923077,323.5081620868262
0.05,0.39,62769.23076923077,323.6722831145071
0.07,0.39,62769.23076923077,323.8080255009344
0.09,0.39,62769.23076923077,323.9212231708489
0.11,0.39,62769.23076923077,324.01432675072243
0.13,0.39,62769.23076923077,324.08838985131166
0.15,0.39,62769.23076923077,324.1438326155074
0.17,0.39,62769.23076923077,324.1807869258031
0.19,0.39,62769.23076923077,324.1992693699009
0.21,0.39,62769.23076923077,324.1992693699009
0.23,0.39,62769.23076923077,324.18078692580315
0.25,0.39,62769.23076923077,324.1438326155074
0.27,0.39,62769.23076923077,324.0883898513117
0.29,0.39,62769.23076923077,324.01432675072255
0.31,0.39,62769.23076923077,323.9212231708489
0.33,0.39,62769.23076923077,323.8080255009344
0.35,0.39,62769.23076923077,323.6722831145071
0.37,0.39,62769.23076923077,323.5081620868262
0.39,0.39,62769.23076923077,323.3001934596583
0.01,0.01,64615.38461538462,323.2926803200903
0.03,0.01,64615.38461538462,323.48920064898294
0.05,0.01,64615.38461538462,323.6437122160665
0.07,0.01,64615.38461538462,323.771182797018
0.09,0.01,64615.38461538462,323.8772954516422
0.11,0.01,64615.38461538462,323.96446453157245
0.13,0.01,64615.38461538462,324.0337479155705
0.15,0.01,64615.38461538462,324.0855829809111
0.17,0.01,64615.38461538462,324.12012007523174
0.19,0.01,64615.38461538462,324.1373900888499
0.21,0.01,64615.38461538462,324.1373900888499
0.23,0.01,64615.38461538462,324.12012007523174
0.25,0.01,64615.38461538462,324.0855829809111
0.27,0.01,64615.38461538462,324.0337479155705
0.29,0.01,64615.38461538462,323.96446453157256
0.31,0.01,64615.38461538462,323.8772954516422
0.33,0.01,64615.38461538462,323.77118279701807
0.35,0.01,64615.38461538462,323.6437122160665
0.37,0.01,64615.38461538462,323.48920064898294
0.39,0.01,64615.38461538462,323.2926803200903
0.01,0.03,64615.38461538462,323.48920064898294
0.03,0.03,64615.38461538462,324.0292457769192
0.05,0.03,64615.38461538462,324.475064326669
0.07,0.03,64615.38461538462,324.8491237158418
0.09,0.03,64615.38461538462,325.162567002044
0.11,0.03,64615.38461538462,325.4208148035737
0.13,0.03,64615.38461538462,325.6263786192287
0.15,0.03,64615.38461538462,325.7802958051952
0.17,0.03,64615.38461538462,325.8828935964104
0.19,0.03,64615.38461538462,325.934208044649
0.21,0.03,64615.38461538462,325.934208044649
0.23,0.03,64615.38461538462,325.88289359641044
0.25,0.03,64615.38461538462,325.78029580519524
0.27,0.03,64615.38461538462,325.6263786192288
0.29,0.03,64615.38461538462,325.4208148035738
0.31,0.03,64615.38461538462,325.16256700204406
0.33,0.03,64615.38461538462,324.8491237158418
0.35,0.03,64615.38461538462,324.47506432666904
0.37,0.03,64615.38461538462,324.0292457769192
0.39,0.03,64615.38461538462,323.48920064898294
0.01,0.05,64615.38461538462,323.6437122160665
0.03,0.05,64615.38461538462,324.47506432666904
0.05,0.05,64615.38461538462,325.18161084788346
0.07,0.05,64615.38461538462,325.7832289608841
0.09,0.05,64615.38461538462,326.2912185207973
0.11,0.05,64615.38461538462,326.7114829968455
0.13,0.05,64615.38461538462,327.0467871059995
0.15,0.05,64615.38461538462,327.2981830188031
0.17,0.05,64615.38461538462,327.46588503018575
0.19,0.05,64615.38461538462,327.5497941659885
0.21,0.05,64615.38461538462,327.5497941659885
0.23,0.05,64615.38461538462,327.4658850301858
0.25,0.05,64615.38461538462,327.29818301880323
0.27,0.05,64615.38461538462,327.04678710599967
0.29,0.05,64615.38461538462,326.71148299684563
0.31,0.05,64615.38461538462,326.2912185207974
0.33,0.05,64615.38461538462,325.7832289608841
0.35,0.05,64615.38461538462,325.18161084788346
0.37,0.05,64615.38461538462,324.47506432666904
0.39,0.05,64615.38461538462,323.64371221606655
0.01,0.07,64615.38461538462,323.771182797018
0.03,0.07,64615.38461538462,324.8491237158418
0.05,0.07,64615.38461538462,325.7832289608841
0.07,0.07,64615.38461538462,326.5881099403225
0.09,0.07,64615.38461538462,327.2725843089576
0.11,0.07,64615.38461538462,327.8412890117154
0.13,0.07,64615.38461538462,328.2962073763975
0.15,0.07,64615.38461538462,328.63782376148055
0.17,0.07,64615.38461538462,328.8659224805653
0.19,0.07,64615.38461538462,328.98010676381523
0.21,0.07,64615.38461538462,328.98010676381523
0.23,0.07,64615.38461538462,328.86592248056536
0.25,0.07,64615.38461538462,328.63782376148066
0.27,0.07,64615.38461538462,328.29620737639766
0.29,0.07,64615.38461538462,327.8412890117156
0.31,0.07,64615.38461538462,327.2725843089577
0.33,0.07,64615.38461538462,326.58810994032257
0.35,0.07,64615.38461538462,325.7832289608841
0.37,0.07,64615.38461538462,324.8491237158418
0.39,0.07,64615.38461538462,323.771182797018
0.01,0.09,64615.38461538462,323.8772954516422
0.03,0.09,64615.38461538462,325.16256700204394
0.05,0.09,64615.38461538462,326.29121852079726
0.07,0.09,64615.38461538462,327.2725843089575
0.09,0.09,64615.38461538462,328.1121518300425
0.11,0.09,64615.38461538462,328.81243850163173
0.13,0.09,64615.38461538462,329.37401764787137
0.15,0.09,64615.38461538462,329.79640004115
0.17,0.09,64615.38461538462,330.07869874008026
0.19,0.09,64615.38461538462,330.22008820011274
0.21,0.09,64615.38461538462,330.2200882001128
0.23,0.09,64615.38461538462,330.0786987400803
0.25,0.09,64615.38461538462,329.7964000411501
0.27,0.09,64615.38461538462,329.37401764787154
0.29,0.09,64615.38461538462,328.8124385016319
0.31,0.09,64615.38461538462,328.11215183004265
0.33,0.09,64615.38461538462,327.2725843089576
0.35,0.09,64615.38461538462,326.2912185207973
0.37,0.09,64615.38461538462,325.16256700204394
0.39,0.09,64615.38461538462,323.8772954516422
0.01,0.11,64615.38461538462,323.9644645315725
0.03,0.11,64615.38461538462,325.42081480357376
0.05,0.11,64615.38461538462,326.7114829968455
0.07,0.11,64615.38461538462,327.8412890117154
0.09,0.11,64615.38461538462,328.8124385016317
0.11,0.11,64615.38461538462,329.6251203557143
0.13,0.11,64615.38461538462,330.2782628802053
0.15,0.11,64615.38461538462,330.7702202889528
0.17,0.11,64615.38461538462,331.0993141895454
0.19,0.11,64615.38461538462,331.2642216343244
0.21,0.11,64615.38461538462,331.2642216343244
0.23,0.11,64615.38461538462,331.0993141895456
0.25,0.11,64615.38461538462,330.77022028895306
0.27,0.11,64615.38461538462,330.27826288020555
0.29,0.11,64615.38461538462,329.62512035571444
0.31,0.11,64615.38461538462,328.81243850163185
0.33,0.11,64615.38461538462,327.8412890117155
0.35,0.11,64615.38461538462,326.71148299684563
0.37,0.11,64615.38461538462,325.4208148035738
0.39,0.11,64615.38461538462,323.9644645315725
0.01,0.13,64615.38461538462,324.0337479155705
0.03,0.13,64615.38461538462,325.6263786192288
0.05,0.13,64615.38461538462,327.0467871059996
0.07,0.13,64615.38461538462,328.29620737639755
0.09,0.13,64615.38461538462,329.37401764787137
0.11,0.13,64615.38461538462,330.2782628802053
0.13,0.13,64615.38461538462,331.0062876238985
0.15,0.13,64615.38461538462,331.5553051984337
0.17,0.13,64615.38461538462,331.92284934030494
0.19,0.13,64615.38461538462,332.1071015988994
0.21,0.13,64615.38461538462,332.1071015988994
0.23,0.13,64615.38461538462,331.92284934030505
0.25,0.13,64615.38461538462,331.5553051984339
0.27,0.13,64615.38461538462,331.00628762389874
0.29,0.13,64615.38461538462,330.2782628802055
0.31,0.13,64615.38461538462,329.37401764787154
0.33,0.13,64615.38461538462,328.2962073763976
0.35,0.13,64615.38461538462,327.0467871059996
0.37,0.13,64615.38461538462,325.6263786192288
0.39,0.13,64615.38461538462,324.0337479155705
0.01,0.15,64615.38461538462,324.0855829809111
0.03,0.15,64615.38461538462,325.78029580519524
0.05,0.15,64615.38461538462,327.2981830188031
0.07,0.15,64615.38461538462,328.63782376148055
0.09,0.15,64615.38461538462,329.79640004115004
0.11,0.15,64615.38461538462,330.7702202889528
0.13,0.15,64615.38461538462,331.5553051984337
0.15,0.15,64615.38461538462,332.1478946566281
0.17,0.15,64615.38461538462,332.5448425483373
0.19,0.15,64615.38461538462,332.7439006737326
0.21,0.15,64615.38461538462,332.7439006737326
0.23,0.15,64615.38461538462,332.5448425483374
0.25,0.15,64615.38461538462,332.1478946566283
0.27,0.15,64615.38461538462,331.5553051984339
0.29,0.15,64615.38461538462,330.770220288953
0.31,0.15,64615.38461538462,329.7964000411501
0.33,0.15,64615.38461538462,328.6378237614806
0.35,0.15,64615.38461538462,327.2981830188032
0.37,0.15,64615.38461538462,325.78029580519524
0.39,0.15,64615.38461538462,324.0855829809111
0.01,0.17,64615.38461538462,324.12012007523174
0.03,0.17,64615.38461538462,325.8828935964104
0.05,0.17,64615.38461538462,327.46588503018575
0.07,0.17,64615.38461538462,328.86592248056536
0.09,0.17,64615.38461538462,330.07869874008026
0.11,0.17,64615.38461538462,331.09931418954545
0.13,0.17,64615.38461538462,331.92284934030494
0.15,0.17,64615.38461538462,332.5448425483372
0.17,0.17,64615.38461538462,332.96165320192785
0.19,0.17,64615.38461538462,333.17071891675977
0.21,0.17,64615.38461538462,333.17071891675977
0.23,0.17,64615.38461538462,332.961653201928
0.25,0.17,64615.38461538462,332.54484254833733
0.27,0.17,64615.38461538462,331.92284934030505
0.29,0.17,64615.38461538462,331.0993141895455
0.31,0.17,64615.38461538462,330.0786987400804
0.33,0.17,64615.38461538462,328.8659224805654
0.35,0.17,64615.38461538462,327.4658850301858
0.37,0.17,64615.38461538462,325.88289359641044
0.39,0.17,64615.38461538462,324.1201200752317
0.01,0.19,64615.38461538462,324.1373900888499
0.03,0.19,64615.38461538462,325.934208044649
0.05,0.19,64615.38461538462,327.5497941659885
0.07,0.19,64615.38461538462,328.98010676381523
0.09,0.19,64615.38461538462,330.22008820011274
0.11,0.19,64615.38461538462,331.26422163432426
0.13,0.19,64615.38461538462,332.10710159889936
0.15,0.19,64615.38461538462,332.7439006737325
0.17,0.19,64615.38461538462,333.1707189167597
0.19,0.19,64615.38461538462,333.3848286019891
0.21,0.19,64615.38461538462,333.3848286019891
0.23,0.19,64615.38461538462,333.17071891675977
0.25,0.19,64615.38461538462,332.74390067373264
0.27,0.19,64615.38461538462,332.1071015988995
0.29,0.19,64615.38461538462,331.2642216343244
0.31,0.19,64615.38461538462,330.22008820011285
0.33,0.19,64615.38461538462,328.9801067638153
0.35,0.19,64615.38461538462,327.54979416598854
0.37,0.19,64615.38461538462,325.93420804464904
0.39,0.19,64615.38461538462,324.1373900888499
0.01,0.21,64615.38461538462,324.1373900888499
0.03,0.21,64615.38461538462,325.934208044649
0.05,0.21,64615.38461538462,327.5497941659885
0.07,0.21,64615.38461538462,328.98010676381523
0.09,0.21,64615.38461538462,330.22008820011274
0.11,0.21,64615.38461538462,331.26422163432426
0.13,0.21,64615.38461538462,332.10710159889936
0.15,0.21,64615.38461538462,332.7439006737325
0.17,0.21,64615.38461538462,333.1707189167597
0.19,0.21,64615.38461538462,333.3848286019891
0.21,0.21,64615.38461538462,333.3848286019891
0.23,0.21,64615.38461538462,333.17071891675977
0.25,0.21,64615.38461538462,332.7439006737326
0.27,0.21,64615.38461538462,332.1071015988994
0.29,0.21,64615.38461538462,331.2642216343244
0.31,0.21,64615.38461538462,330.22008820011285
0.33,0.21,64615.38461538462,328.98010676381523
0.35,0.21,64615.38461538462,327.54979416598854
0.37,0.21,64615.38461538462,325.934208044649
0.39,0.21,64615.38461538462,324.1373900888499
0.01,0.23,64615.38461538462,324.1201200752317
0.03,0.23,64615.38461538462,325.8828935964104
0.05,0.23,64615.38461538462,327.4658850301858
0.07,0.23,64615.38461538462,328.8659224805654
0.09,0.23,64615.38461538462,330.0786987400803
0.11,0.23,64615.38461538462,331.09931418954545
0.13,0.23,64615.38461538462,331.92284934030494
0.15,0.23,64615.38461538462,332.5448425483373
0.17,0.23,64615.38461538462,332.9616532019279
0.19,0.23,64615.38461538462,333.17071891675977
0.21,0.23,64615.38461538462,333.17071891675977
0.23,0.23,64615.38461538462,332.961653201928
0.25,0.23,64615.38461538462,332.5448425483373
0.27,0.23,64615.38461538462,331.922849340305
0.29,0.23,64615.38461538462,331.0993141895455
0.31,0.23,64615.38461538462,330.0786987400804
0.33,0.23,64615.38461538462,328.86592248056536
0.35,0.23,64615.38461538462,327.4658850301858
0.37,0.23,64615.38461538462,325.8828935964104
0.39,0.23,64615.38461538462,324.12012007523174
0.01,0.25,64615.38461538462,324.0855829809111
0.03,0.25,64615.38461538462,325.78029580519524
0.05,0.25,64615.38461538462,327.2981830188032
0.07,0.25,64615.38461538462,328.6378237614806
0.09,0.25,64615.38461538462,329.79640004115004
0.11,0.25,64615.38461538462,330.7702202889529
0.13,0.25,64615.38461538462,331.55530519843376
0.15,0.25,64615.38461538462,332.1478946566282
0.17,0.25,64615.38461538462,332.5448425483373
0.19,0.25,64615.38461538462,332.7439006737326
0.21,0.25,64615.38461538462,332.7439006737326
0.23,0.25,64615.38461538462,332.54484254833733
0.25,0.25,64615.38461538462,332.14789465662824
0.27,0.25,64615.38461538462,331.55530519843387
0.29,0.25,64615.38461538462,330.770220288953
0.31,0.25,64615.38461538462,329.7964000411501
0.33,0.25,64615.38461538462,328.6378237614806
0.35,0.25,64615.38461538462,327.2981830188032
0.37,0.25,64615.38461538462,325.78029580519524
0.39,0.25,64615.38461538462,324.0855829809111
0.01,0.27,64615.38461538462,324.03374791557053
0.03,0.27,64615.38461538462,325.6263786192288
0.05,0.27,64615.38461538462,327.0467871059996
0.07,0.27,64615.38461538462,328.29620737639755
0.09,0.27,64615.38461538462,329.3740176478714
0.11,0.27,64615.38461538462,330.2782628802054
0.13,0.27,64615.38461538462,331.0062876238986
0.15,0.27,64615.38461538462,331.5553051984338
0.17,0.27,64615.38461538462,331.92284934030494
0.19,0.27,64615.38461538462,332.1071015988994
0.21,0.27,64615.38461538462,332.1071015988995
0.23,0.27,64615.38461538462,331.922849340305
0.25,0.27,64615.38461538462,331.55530519843387
0.27,0.27,64615.38461538462,331.0062876238987
0.29,0.27,64615.38461538462,330.2782628802055
0.31,0.27,64615.38461538462,329.3740176478715
0.33,0.27,64615.38461538462,328.2962073763976
0.35,0.27,64615.38461538462,327.0467871059996
0.37,0.27,64615.38461538462,325.6263786192288
0.39,0.27,64615.38461538462,324.03374791557053
0.01,0.29,64615.38461538462,323.96446453157256
0.03,0.29,64615.38461538462,325.4208148035738
0.05,0.29,64615.38461538462,326.7114829968456
0.07,0.29,64615.38461538462,327.84128901171545
0.09,0.29,64615.38461538462,328.8124385016318
0.11,0.29,64615.38461538462,329.6251203557144
0.13,0.29,64615.38461538462,330.2782628802054
0.15,0.29,64615.38461538462,330.77022028895294
0.17,0.29,64615.38461538462,331.09931418954545
0.19,0.29,64615.38461538462,331.2642216343244
0.21,0.29,64615.38461538462,331.2642216343244
0.23,0.29,64615.38461538462,331.0993141895455
0.25,0.29,64615.38461538462,330.77022028895294
0.27,0.29,64615.38461538462,330.2782628802055
0.29,0.29,64615.38461538462,329.6251203557144
0.31,0.29,64615.38461538462,328.81243850163185
0.33,0.29,64615.38461538462,327.8412890117155
0.35,0.29,64615.38461538462,326.7114829968456
0.37,0.29,64615.38461538462,325.4208148035738
0.39,0.29,64615.38461538462,323.9644645315725
0.01,0.31,64615.38461538462,323.8772954516422
0.03,0.31,64615.38461538462,325.162567002044
0.05,0.31,64615.38461538462,326.2912185207973
0.07,0.31,64615.38461538462,327.2725843089576
0.09,0.31,64615.38461538462,328.1121518300426
0.11,0.31,64615.38461538462,328.8124385016318
0.13,0.31,64615.38461538462,329.3740176478714
0.15,0.31,64615.38461538462,329.79640004115004
0.17,0.31,64615.38461538462,330.0786987400803
0.19,0.31,64615.38461538462,330.22008820011274
0.21,0.31,64615.38461538462,330.2200882001128
0.23,0.31,64615.38461538462,330.07869874008026
0.25,0.31,64615.38461538462,329.7964000411501
0.27,0.31,64615.38461538462,329.3740176478715
0.29,0.31,64615.38461538462,328.8124385016318
0.31,0.31,64615.38461538462,328.1121518300426
0.33,0.31,64615.38461538462,327.2725843089576
0.35,0.31,64615.38461538462,326.2912185207973
0.37,0.31,64615.38461538462,325.162567002044
0.39,0.31,64615.38461538462,323.8772954516422
0.01,0.33,64615.38461538462,323.77118279701807
0.03,0.33,64615.38461538462,324.8491237158418
0.05,0.33,64615.38461538462,325.7832289608841
0.07,0.33,64615.38461538462,326.58810994032257
0.09,0.33,64615.38461538462,327.2725843089576
0.11,0.33,64615.38461538462,327.8412890117154
0.13,0.33,64615.38461538462,328.2962073763975
0.15,0.33,64615.38461538462,328.63782376148055
0.17,0.33,64615.38461538462,328.86592248056536
0.19,0.33,64615.38461538462,328.98010676381523
0.21,0.33,64615.38461538462,328.98010676381523
0.23,0.33,64615.38461538462,328.8659224805653
0.25,0.33,64615.38461538462,328.6378237614806
0.27,0.33,64615.38461538462,328.2962073763976
0.29,0.33,64615.38461538462,327.84128901171545
0.31,0.33,64615.38461538462,327.2725843089576
0.33,0.33,64615.38461538462,326.58810994032257
0.35,0.33,64615.38461538462,325.7832289608842
0.37,0.33,64615.38461538462,324.8491237158418
0.39,0.33,64615.38461538462,323.77118279701807
0.01,0.35,64615.38461538462,323.64371221606655
0.03,0.35,64615.38461538462,324.47506432666904
0.05,0.35,64615.38461538462,325.18161084788346
0.07,0.35,64615.38461538462,325.7832289608841
0.09,0.35,64615.38461538462,326.29121852079726
0.11,0.35,64615.38461538462,326.71148299684546
0.13,0.35,64615.38461538462,327.0467871059995
0.15,0.35,64615.38461538462,327.29818301880306
0.17,0.35,64615.38461538462,327.4658850301857
0.19,0.35,64615.38461538462,327.5497941659885
0.21,0.35,64615.38461538462,327.5497941659885
0.23,0.35,64615.38461538462,327.46588503018575
0.25,0.35,64615.38461538462,327.2981830188032
0.27,0.35,64615.38461538462,327.0467871059996
0.29,0.35,64615.38461538462,326.7114829968456
0.31,0.35,64615.38461538462,326.2912185207973
0.33,0.35,64615.38461538462,325.7832289608841
0.35,0.35,64615.38461538462,325.1816108478835
0.37,0.35,64615.38461538462,324.47506432666904
0.39,0.35,64615.38461538462,323.64371221606655
0.01,0.37,64615.38461538462,323.48920064898294
0.03,0.37,64615.38461538462,324.0292457769192
0.05,0.37,64615.38461538462,324.47506432666904
0.07,0.37,64615.38461538462,324.84912371584176
0.09,0.37,64615.38461538462,325.16256700204394
0.11,0.37,64615.38461538462,325.42081480357365
0.13,0.37,64615.38461538462,325.6263786192287
0.15,0.37,64615.38461538462,325.7802958051952
0.17,0.37,64615.38461538462,325.8828935964103
0.19,0.37,64615.38461538462,325.934208044649
0.21,0.37,64615.38461538462,325.934208044649
0.23,0.37,64615.38461538462,325.8828935964104
0.25,0.37,64615.38461538462,325.78029580519524
0.27,0.37,64615.38461538462,325.6263786192288
0.29,0.37,64615.38461538462,325.4208148035738
0.31,0.37,64615.38461538462,325.162567002044
0.33,0.37,64615.38461538462,324.8491237158418
0.35,0.37,64615.38461538462,324.4750643266691
0.37,0.37,64615.38461538462,324.02924577691925
0.39,0.37,64615.38461538462,323.48920064898294
0.01,0.39,64615.38461538462,323.2926803200903
0.03,0.39,64615.38461538462,323.48920064898294
0.05,0.39,64615.38461538462,323.6437122160665
0.07,0.39,64615.38461538462,323.771182797018
0.09,0.39,64615.38461538462,323.8772954516422
0.11,0.39,64615.38461538462,323.96446453157245
0.13,0.39,64615.38461538462,324.0337479155704
0.15,0.39,64615.38461538462,324.0855829809111
0.17,0.39,64615.38461538462,324.12012007523174
0.19,0.39,64615.38461538462,324.13739008884994
0.21,0.39,64615.38461538462,324.13739008884994
0.23,0.39,64615.38461538462,324.12012007523174
0.25,0.39,64615.38461538462,324.0855829809112
0.27,0.39,64615.38461538462,324.0337479155705
0.29,0.39,64615.38461538462,323.9644645315725
0.31,0.39,64615.38461538462,323.8772954516422
0.33,0.39,64615.38461538462,323.77118279701807
0.35,0.39,64615.38461538462,323.64371221606655
0.37,0.39,64615.38461538462,323.489200648983
0.39,0.39,64615.38461538462,323.2926803200903
0.01,0.01,66461.53846153847,323.28567119396405
0.03,0.01,66461.53846153847,323.4715235691047
0.05,0.01,66461.53846153847,323.61708363831184
0.07,0.01,66461.53846153847,323.73684765587944
0.09,0.01,66461.53846153847,323.8363568458065
0.11,0.01,66461.53846153847,323.91799202382714
0.13,0.01,66461.53846153847,323.9828160653099
0.15,0.01,66461.53846153847,324.0312837125145
0.17,0.01,66461.53846153847,324.06356377842854
0.19,0.01,66461.53846153847,324.0797014529992
0.21,0.01,66461.53846153847,324.0797014529992
0.23,0.01,66461.53846153847,324.06356377842854
0.25,0.01,66461.53846153847,324.0312837125145
0.27,0.01,66461.53846153847,323.98281606531
0.29,0.01,66461.53846153847,323.91799202382714
0.31,0.01,66461.53846153847,323.83635684580656
0.33,0.01,66461.53846153847,323.73684765587944
0.35,0.01,66461.53846153847,323.61708363831184
0.37,0.01,66461.53846153847,323.4715235691047
0.39,0.01,66461.53846153847,323.28567119396405
0.01,0.03,66461.53846153847,323.4715235691047
0.03,0.03,66461.53846153847,323.9815147634679
0.05,0.03,66461.53846153847,324.4012452178509
0.07,0.03,66461.53846153847,324.75259710018247
0.09,0.03,66461.53846153847,325.04650466885016
0.11,0.03,66461.53846153847,325.2883533192676
0.13,0.03,66461.53846153847,325.48069201895566
0.15,0.03,66461.53846153847,325.624618602966
0.17,0.03,66461.53846153847,325.720518875623
0.19,0.03,66461.53846153847,325.76847292048313
0.21,0.03,66461.53846153847,325.76847292048313
0.23,0.03,66461.53846153847,325.72051887562304
0.25,0.03,66461.53846153847,325.62461860296605
0.27,0.03,66461.53846153847,325.4806920189557
0.29,0.03,66461.53846153847,325.2883533192676
0.31,0.03,66461.53846153847,325.0465046688503
0.33,0.03,66461.53846153847,324.7525971001825
0.35,0.03,66461.53846153847,324.40124521785094
0.37,0.03,66461.53846153847,323.9815147634679
0.39,0.03,66461.53846153847,323.4715235691047
0.01,0.05,66461.53846153847,323.61708363831184
0.03,0.05,66461.53846153847,324.40124521785094
0.05,0.05,66461.53846153847,325.0660016071894
0.07,0.05,66461.53846153847,325.63089743373934
0.09,0.05,66461.53846153847,326.1071472358259
0.11,0.05,66461.53846153847,326.50070526471336
0.13,0.05,66461.53846153847,326.81444533801533
0.15,0.05,66461.53846153847,327.0495404355454
0.17,0.05,66461.53846153847,327.20631084004924
0.19,0.05,66461.53846153847,327.28473423133084
0.21,0.05,66461.53846153847,327.28473423133084
0.23,0.05,66461.53846153847,327.2063108400493
0.25,0.05,66461.53846153847,327.0495404355455
0.27,0.05,66461.53846153847,326.8144453380154
0.29,0.05,66461.53846153847,326.5007052647135
0.31,0.05,66461.53846153847,326.10714723582606
0.33,0.05,66461.53846153847,325.63089743373945
0.35,0.05,66461.53846153847,325.0660016071894
0.37,0.05,66461.53846153847,324.40124521785094
0.39,0.05,66461.53846153847,323.61708363831184
0.01,0.07,66461.53846153847,323.7368476558795
0.03,0.07,66461.53846153847,324.7525971001825
0.05,0.07,66461.53846153847,325.63089743373945
0.07,0.07,66461.53846153847,326.38636872186544
0.09,0.07,66461.53846153847,327.0279545513773
0.11,0.07,66461.53846153847,327.56048434075865
0.13,0.07,66461.53846153847,327.98615278298485
0.15,0.07,66461.53846153847,328.3056408053212
0.17,0.07,66461.53846153847,328.5188932771087
0.19,0.07,66461.53846153847,328.62562568889206
0.21,0.07,66461.53846153847,328.62562568889206
0.23,0.07,66461.53846153847,328.5188932771088
0.25,0.07,66461.53846153847,328.30564080532133
0.27,0.07,66461.53846153847,327.986152782985
0.29,0.07,66461.53846153847,327.5604843407588
0.31,0.07,66461.53846153847,327.0279545513775
0.33,0.07,66461.53846153847,326.3863687218655
0.35,0.07,66461.53846153847,325.63089743373945
0.37,0.07,66461.53846153847,324.75259710018247
0.39,0.07,66461.53846153847,323.73684765587944
0.01,0.09,66461.53846153847,323.83635684580656
0.03,0.09,66461.53846153847,325.0465046688502
0.05,0.09,66461.53846153847,326.10714723582595
0.07,0.09,66461.53846153847,327.0279545513774
0.09,0.09,66461.53846153847,327.81476939995537
0.11,0.09,66461.53846153847,328.4704637510536
0.13,0.09,66461.53846153847,328.9959387229336
0.15,0.09,66461.53846153847,329.3909853210753
0.17,0.09,66461.53846153847,329.6549354437012
0.19,0.09,66461.53846153847,329.78711285159613
0.21,0.09,66461.53846153847,329.78711285159613
0.23,0.09,66461.53846153847,329.6549354437013
0.25,0.09,66461.53846153847,329.39098532107533
0.27,0.09,66461.53846153847,328.9959387229337
0.29,0.09,66461.53846153847,328.47046375105367
0.31,0.09,66461.53846153847,327.8147693999554
0.33,0.09,66461.53846153847,327.0279545513775
0.35,0.09,66461.53846153847,326.107147235826
0.37,0.09,66461.53846153847,325.0465046688502
0.39,0.09,66461.53846153847,323.83635684580656
0.01,0.11,66461.53846153847,323.91799202382714
0.03,0.11,66461.53846153847,325.2883533192676
0.05,0.11,66461.53846153847,326.5007052647134
0.07,0.11,66461.53846153847,327.56048434075865
0.09,0.11,66461.53846153847,328.4704637510536
0.11,0.11,66461.53846153847,329.23134415724206
0.13,0.11,66461.53846153847,329.8424967590702
0.15,0.11,66461.53846153847,330.3026387782757
0.17,0.11,66461.53846153847,330.6103678825211
0.19,0.11,66461.53846153847,330.7645464575331
0.21,0.11,66461.53846153847,330.7645464575331
0.23,0.11,66461.53846153847,330.61036788252113
0.25,0.11,66461.53846153847,330.3026387782758
0.27,0.11,66461.53846153847,329.8424967590703
0.29,0.11,66461.53846153847,329.2313441572421
0.31,0.11,66461.53846153847,328.47046375105367
0.33,0.11,66461.53846153847,327.5604843407587
0.35,0.11,66461.53846153847,326.5007052647135
0.37,0.11,66461.53846153847,325.2883533192676
0.39,0.11,66461.53846153847,323.91799202382714
0.01,0.13,66461.53846153847,323.9828160653099
0.03,0.13,66461.53846153847,325.48069201895566
0.05,0.13,66461.53846153847,326.81444533801533
0.07,0.13,66461.53846153847,327.98615278298485
0.09,0.13,66461.53846153847,328.9959387229336
0.11,0.13,66461.53846153847,329.8424967590701
0.13,0.13,66461.53846153847,330.5237166126699
0.15,0.13,66461.53846153847,331.0372488829186
0.17,0.13,66461.53846153847,331.38095483331745
0.19,0.13,66461.53846153847,331.5532337154482
0.21,0.13,66461.53846153847,331.5532337154482
0.23,0.13,66461.53846153847,331.3809548333175
0.25,0.13,66461.53846153847,331.0372488829188
0.27,0.13,66461.53846153847,330.52371661267
0.29,0.13,66461.53846153847,329.84249675907023
0.31,0.13,66461.53846153847,328.99593872293366
0.33,0.13,66461.53846153847,327.98615278298496
0.35,0.13,66461.53846153847,326.8144453380154
0.37,0.13,66461.53846153847,325.4806920189557
0.39,0.13,66461.53846153847,323.9828160653099
0.01,0.15,66461.53846153847,324.0312837125145
0.03,0.15,66461.53846153847,325.62461860296594
0.05,0.15,66461.53846153847,327.0495404355454
0.07,0.15,66461.53846153847,328.3056408053212
0.09,0.15,66461.53846153847,329.3909853210752
0.11,0.15,66461.53846153847,330.30263877827565
0.13,0.15,66461.53846153847,331.0372488829186
0.15,0.15,66461.53846153847,331.59155285491033
0.17,0.15,66461.53846153847,331.96277394377
0.19,0.15,66461.53846153847,332.1489080215087
0.21,0.15,66461.53846153847,332.14890802150865
0.23,0.15,66461.53846153847,331.96277394377
0.25,0.15,66461.53846153847,331.59155285491045
0.27,0.15,66461.53846153847,331.0372488829188
0.29,0.15,66461.53846153847,330.3026387782758
0.31,0.15,66461.53846153847,329.39098532107533
0.33,0.15,66461.53846153847,328.3056408053213
0.35,0.15,66461.53846153847,327.04954043554545
0.37,0.15,66461.53846153847,325.62461860296594
0.39,0.15,66461.53846153847,324.0312837125145
0.01,0.17,66461.53846153847,324.06356377842854
0.03,0.17,66461.53846153847,325.720518875623
0.05,0.17,66461.53846153847,327.20631084004924
0.07,0.17,66461.53846153847,328.51889327710865
0.09,0.17,66461.53846153847,329.6549354437011
0.11,0.17,66461.53846153847,330.6103678825209
0.13,0.17,66461.53846153847,331.3809548333174
0.15,0.17,66461.53846153847,331.96277394376995
0.17,0.17,66461.53846153847,332.3525833480011
0.19,0.17,66461.53846153847,332.5480833035273
0.21,0.17,66461.53846153847,332.5480833035273
0.23,0.17,66461.53846153847,332.3525833480011
0.25,0.17,66461.53846153847,331.96277394376995
0.27,0.17,66461.53846153847,331.3809548333176
0.29,0.17,66461.53846153847,330.61036788252113
0.31,0.17,66461.53846153847,329.6549354437013
0.33,0.17,66461.53846153847,328.5188932771088
0.35,0.17,66461.53846153847,327.20631084004924
0.37,0.17,66461.53846153847,325.720518875623
0.39,0.17,66461.53846153847,324.0635637784285
0.01,0.19,66461.53846153847,324.0797014529992
0.03,0.19,66461.53846153847,325.76847292048313
0.05,0.19,66461.53846153847,327.2847342313308
0.07,0.19,66461.53846153847,328.62562568889194
0.09,0.19,66461.53846153847,329.787112851596
0.11,0.19,66461.53846153847,330.7645464575329
0.13,0.19,66461.53846153847,331.55323371544813
0.15,0.19,66461.53846153847,332.14890802150865
0.17,0.19,66461.53846153847,332.5480833035273
0.19,0.19,66461.53846153847,332.74830405602927
0.21,0.19,66461.53846153847,332.74830405602927
0.23,0.19,66461.53846153847,332.5480833035273
0.25,0.19,66461.53846153847,332.1489080215087
0.27,0.19,66461.53846153847,331.55323371544824
0.29,0.19,66461.53846153847,330.7645464575332
0.31,0.19,66461.53846153847,329.7871128515962
0.33,0.19,66461.53846153847,328.62562568889206
0.35,0.19,66461.53846153847,327.2847342313308
0.37,0.19,66461.53846153847,325.7684729204831
0.39,0.19,66461.53846153847,324.0797014529991
0.01,0.21,66461.53846153847,324.0797014529992
0.03,0.21,66461.53846153847,325.76847292048313
0.05,0.21,66461.53846153847,327.2847342313308
0.07,0.21,66461.53846153847,328.625625688892
0.09,0.21,66461.53846153847,329.787112851596
0.11,0.21,66461.53846153847,330.76454645753296
0.13,0.21,66461.53846153847,331.55323371544813
0.15,0.21,66461.53846153847,332.14890802150865
0.17,0.21,66461.53846153847,332.5480833035273
0.19,0.21,66461.53846153847,332.7483040560293
0.21,0.21,66461.53846153847,332.74830405602927
0.23,0.21,66461.53846153847,332.5480833035273
0.25,0.21,66461.53846153847,332.14890802150865
0.27,0.21,66461.53846153847,331.5532337154482
0.29,0.21,66461.53846153847,330.7645464575332
0.31,0.21,66461.53846153847,329.7871128515962
0.33,0.21,66461.53846153847,328.62562568889206
0.35,0.21,66461.53846153847,327.2847342313308
0.37,0.21,66461.53846153847,325.76847292048313
0.39,0.21,66461.53846153847,324.0797014529991
0.01,0.23,66461.53846153847,324.06356377842854
0.03,0.23,66461.53846153847,325.720518875623
0.05,0.23,66461.53846153847,327.2063108400493
0.07,0.23,66461.53846153847,328.5188932771087
0.09,0.23,66461.53846153847,329.6549354437012
0.11,0.23,66461.53846153847,330.610367882521
0.13,0.23,66461.53846153847,331.38095483331745
0.15,0.23,66461.53846153847,331.96277394376995
0.17,0.23,66461.53846153847,332.3525833480011
0.19,0.23,66461.53846153847,332.5480833035272
0.21,0.23,66461.53846153847,332.5480833035272
0.23,0.23,66461.53846153847,332.3525833480011
0.25,0.23,66461.53846153847,331.96277394376995
0.27,0.23,66461.53846153847,331.3809548333175
0.29,0.23,66461.53846153847,330.61036788252113
0.31,0.23,66461.53846153847,329.6549354437012
0.33,0.23,66461.53846153847,328.5188932771087
0.35,0.23,66461.53846153847,327.20631084004924
0.37,0.23,66461.53846153847,325.720518875623
0.39,0.23,66461.53846153847,324.0635637784285
0.01,0.25,66461.53846153847,324.0312837125145
0.03,0.25,66461.53846153847,325.624618602966
0.05,0.25,66461.53846153847,327.0495404355454
0.07,0.25,66461.53846153847,328.3056408053212
0.09,0.25,66461.53846153847,329.3909853210753
0.11,0.25,66461.53846153847,330.3026387782757
0.13,0.25,66461.53846153847,331.03724888291873
0.15,0.25,66461.53846153847,331.5915528549104
0.17,0.25,66461.53846153847,331.96277394377
0.19,0.25,66461.53846153847,332.14890802150865
0.21,0.25,66461.53846153847,332.14890802150865
0.23,0.25,66461.53846153847,331.96277394376995
0.25,0.25,66461.53846153847,331.5915528549104
0.27,0.25,66461.53846153847,331.0372488829188
0.29,0.25,66461.53846153847,330.3026387782758
0.31,0.25,66461.53846153847,329.3909853210753
0.33,0.25,66461.53846153847,328.3056408053212
0.35,0.25,66461.53846153847,327.0495404355454
0.37,0.25,66461.53846153847,325.624618602966
0.39,0.25,66461.53846153847,324.0312837125145
0.01,0.27,66461.53846153847,323.9828160653099
0.03,0.27,66461.53846153847,325.48069201895566
0.05,0.27,66461.53846153847,326.8144453380153
0.07,0.27,66461.53846153847,327.9861527829849
0.09,0.27,66461.53846153847,328.9959387229336
0.11,0.27,66461.53846153847,329.8424967590702
0.13,0.27,66461.53846153847,330.52371661267
0.15,0.27,66461.53846153847,331.0372488829188
0.17,0.27,66461.53846153847,331.38095483331745
0.19,0.27,66461.53846153847,331.5532337154482
0.21,0.27,66461.53846153847,331.5532337154482
0.23,0.27,66461.53846153847,331.3809548333175
0.25,0.27,66461.53846153847,331.0372488829188
0.27,0.27,66461.53846153847,330.52371661267006
0.29,0.27,66461.53846153847,329.84249675907023
0.31,0.27,66461.53846153847,328.9959387229336
0.33,0.27,66461.53846153847,327.9861527829849
0.35,0.27,66461.53846153847,326.8144453380153
0.37,0.27,66461.53846153847,325.48069201895566
0.39,0.27,66461.53846153847,323.9828160653099
0.01,0.29,66461.53846153847,323.91799202382714
0.03,0.29,66461.53846153847,325.2883533192676
0.05,0.29,66461.53846153847,326.50070526471336
0.07,0.29,66461.53846153847,327.56048434075865
0.09,0.29,66461.53846153847,328.4704637510536
0.11,0.29,66461.53846153847,329.2313441572421
0.13,0.29,66461.53846153847,329.84249675907023
0.15,0.29,66461.53846153847,330.3026387782757
0.17,0.29,66461.53846153847,330.610367882521
0.19,0.29,66461.53846153847,330.764546457533
0.21,0.29,66461.53846153847,330.7645464575331
0.23,0.29,66461.53846153847,330.6103678825211
0.25,0.29,66461.53846153847,330.30263877827576
0.27,0.29,66461.53846153847,329.84249675907023
0.29,0.29,66461.53846153847,329.2313441572421
0.31,0.29,66461.53846153847,328.47046375105367
0.33,0.29,66461.53846153847,327.56048434075865
0.35,0.29,66461.53846153847,326.5007052647134
0.37,0.29,66461.53846153847,325.2883533192676
0.39,0.29,66461.53846153847,323.91799202382714
0.01,0.31,66461.53846153847,323.83635684580656
0.03,0.31,66461.53846153847,325.04650466885016
0.05,0.31,66461.53846153847,326.1071472358259
0.07,0.31,66461.53846153847,327.0279545513774
0.09,0.31,66461.53846153847,327.81476939995537
0.11,0.31,66461.53846153847,328.4704637510536
0.13,0.31,66461.53846153847,328.9959387229336
0.15,0.31,66461.53846153847,329.3909853210752
0.17,0.31,66461.53846153847,329.6549354437012
0.19,0.31,66461.53846153847,329.7871128515961
0.21,0.31,66461.53846153847,329.78711285159613
0.23,0.31,66461.53846153847,329.6549354437013
0.25,0.31,66461.53846153847,329.39098532107533
0.27,0.31,66461.53846153847,328.99593872293366
0.29,0.31,66461.53846153847,328.47046375105367
0.31,0.31,66461.53846153847,327.8147693999554
0.33,0.31,66461.53846153847,327.0279545513774
0.35,0.31,66461.53846153847,326.10714723582595
0.37,0.31,66461.53846153847,325.0465046688502
0.39,0.31,66461.53846153847,323.8363568458065
0.01,0.33,66461.53846153847,323.73684765587944
0.03,0.33,66461.53846153847,324.75259710018247
0.05,0.33,66461.53846153847,325.6308974337394
0.07,0.33,66461.53846153847,326.38636872186544
0.09,0.33,66461.53846153847,327.0279545513774
0.11,0.33,66461.53846153847,327.56048434075865
0.13,0.33,66461.53846153847,327.98615278298485
0.15,0.33,66461.53846153847,328.3056408053212
0.17,0.33,66461.53846153847,328.5188932771086
0.19,0.33,66461.53846153847,328.625625688892
0.21,0.33,66461.53846153847,328.625625688892
0.23,0.33,66461.53846153847,328.5188932771087
0.25,0.33,66461.53846153847,328.3056408053212
0.27,0.33,66461.53846153847,327.9861527829849
0.29,0.33,66461.53846153847,327.56048434075865
0.31,0.33,66461.53846153847,327.0279545513774
0.33,0.33,66461.53846153847,326.38636872186544
0.35,0.33,66461.53846153847,325.6308974337394
0.37,0.33,66461.53846153847,324.75259710018247
0.39,0.33,66461.53846153847,323.73684765587944
0.01,0.35,66461.53846153847,323.6170836383119
0.03,0.35,66461.53846153847,324.40124521785094
0.05,0.35,66461.53846153847,325.0660016071893
0.07,0.35,66461.53846153847,325.6308974337394
0.09,0.35,66461.53846153847,326.1071472358259
0.11,0.35,66461.53846153847,326.5007052647133
0.13,0.35,66461.53846153847,326.8144453380153
0.15,0.35,66461.53846153847,327.04954043554534
0.17,0.35,66461.53846153847,327.2063108400492
0.19,0.35,66461.53846153847,327.2847342313308
0.21,0.35,66461.53846153847,327.2847342313308
0.23,0.35,66461.53846153847,327.20631084004924
0.25,0.35,66461.53846153847,327.04954043554545
0.27,0.35,66461.53846153847,326.81444533801533
0.29,0.35,66461.53846153847,326.50070526471336
0.31,0.35,66461.53846153847,326.10714723582595
0.33,0.35,66461.53846153847,325.6308974337394
0.35,0.35,66461.53846153847,325.0660016071894
0.37,0.35,66461.53846153847,324.40124521785094
0.39,0.35,66461.53846153847,323.6170836383119
0.01,0.37,66461.53846153847,323.4715235691047
0.03,0.37,66461.53846153847,323.98151476346794
0.05,0.37,66461.53846153847,324.40124521785094
0.07,0.37,66461.53846153847,324.75259710018247
0.09,0.37,66461.53846153847,325.04650466885016
0.11,0.37,66461.53846153847,325.2883533192676
0.13,0.37,66461.53846153847,325.4806920189556
0.15,0.37,66461.53846153847,325.62461860296594
0.17,0.37,66461.53846153847,325.72051887562293
0.19,0.37,66461.53846153847,325.7684729204831
0.21,0.37,66461.53846153847,325.76847292048313
0.23,0.37,66461.53846153847,325.720518875623
0.25,0.37,66461.53846153847,325.624618602966
0.27,0.37,66461.53846153847,325.48069201895566
0.29,0.37,66461.53846153847,325.2883533192676
0.31,0.37,66461.53846153847,325.0465046688502
0.33,0.37,66461.53846153847,324.75259710018247
0.35,0.37,66461.53846153847,324.40124521785094
0.37,0.37,66461.53846153847,323.98151476346794
0.39,0.37,66461.53846153847,323.4715235691048
0.01,0.39,66461.53846153847,323.2856711939641
0.03,0.39,66461.53846153847,323.4715235691047
0.05,0.39,66461.53846153847,323.61708363831184
0.07,0.39,66461.53846153847,323.73684765587944
0.09,0.39,66461.53846153847,323.83635684580656
0.11,0.39,66461.53846153847,323.91799202382714
0.13,0.39,66461.53846153847,323.9828160653099
0.15,0.39,66461.53846153847,324.0312837125145
0.17,0.39,66461.53846153847,324.0635637784285
0.19,0.39,66461.53846153847,324.0797014529992
0.21,0.39,66461.53846153847,324.0797014529992
0.23,0.39,66461.53846153847,324.06356377842854
0.25,0.39,66461.53846153847,324.0312837125145
0.27,0.39,66461.53846153847,323.9828160653099
0.29,0.39,66461.53846153847,323.91799202382714
0.31,0.39,66461.53846153847,323.8363568458065
0.33,0.39,66461.53846153847,323.73684765587944
0.35,0.39,66461.53846153847,323.61708363831184
0.37,0.39,66461.53846153847,323.4715235691047
0.39,0.39,66461.53846153847,323.2856711939641
0.01,0.01,68307.69230769231,323.27912855918447
0.03,0.01,68307.69230769231,323.45503843561505
0.05,0.01,68307.69230769231,323.59226084463904
0.07,0.01,68307.69230769231,323.70484725982783
0.09,0.01,68307.69230769231,323.7982048899224
0.11,0.01,68307.69230769231,323.8746830531329
0.13,0.01,68307.69230769231,323.9353498279333
0.15,0.01,68307.69230769231,323.9806770239565
0.17,0.01,68307.69230769231,324.01085157712794
0.19,0.01,68307.69230769231,324.0259327313057
0.21,0.01,68307.69230769231,324.0259327313057
0.23,0.01,68307.69230769231,324.01085157712794
0.25,0.01,68307.69230769231,323.9806770239565
0.27,0.01,68307.69230769231,323.9353498279333
0.29,0.01,68307.69230769231,323.8746830531329
0.31,0.01,68307.69230769231,323.7982048899224
0.33,0.01,68307.69230769231,323.70484725982783
0.35,0.01,68307.69230769231,323.59226084463904
0.37,0.01,68307.69230769231,323.45503843561505
0.39,0.01,68307.69230769231,323.27912855918447
0.01,0.03,68307.69230769231,323.45503843561505
0.03,0.03,68307.69230769231,323.9370273132311
0.05,0.03,68307.69230769231,324.33245897413195
0.07,0.03,68307.69230769231,324.6626599968299
0.09,0.03,68307.69230769231,324.9383661952959
0.11,0.03,68307.69230769231,325.1649299836836
0.13,0.03,68307.69230769231,325.34493714511774
0.15,0.03,68307.69230769231,325.47954466526244
0.17,0.03,68307.69230769231,325.5691957502384
0.19,0.03,68307.69230769231,325.61401374214097
0.21,0.03,68307.69230769231,325.614013742141
0.23,0.03,68307.69230769231,325.56919575023846
0.25,0.03,68307.69230769231,325.4795446652625
0.27,0.03,68307.69230769231,325.3449371451178
0.29,0.03,68307.69230769231,325.16492998368363
0.31,0.03,68307.69230769231,324.93836619529594
0.33,0.03,68307.69230769231,324.66265999683
0.35,0.03,68307.69230769231,324.33245897413195
0.37,0.03,68307.69230769231,323.9370273132311
0.39,0.03,68307.69230769231,323.45503843561505
0.01,0.05,68307.69230769231,323.5922608446391
0.03,0.05,68307.69230769231,324.33245897413195
0.05,0.05,68307.69230769231,324.9582896218354
0.07,0.05,68307.69230769231,325.48897542996554
0.09,0.05,68307.69230769231,325.93564715608585
0.11,0.05,68307.69230769231,326.3043071627485
0.13,0.05,68307.69230769231,326.597934658426
0.15,0.05,68307.69230769231,326.81782016436296
0.17,0.05,68307.69230769231,326.9643876074024
0.19,0.05,68307.69230769231,327.037689901744
0.21,0.05,68307.69230769231,327.037689901744
0.23,0.05,68307.69230769231,326.96438760740244
0.25,0.05,68307.69230769231,326.81782016436296
0.27,0.05,68307.69230769231,326.5979346584261
0.29,0.05,68307.69230769231,326.30430716274856
0.31,0.05,68307.69230769231,325.9356471560859
0.33,0.05,68307.69230769231,325.48897542996554
0.35,0.05,68307.69230769231,324.9582896218354
0.37,0.05,68307.69230769231,324.33245897413195
0.39,0.05,68307.69230769231,323.59226084463904
0.01,0.07,68307.69230769231,323.7048472598279
0.03,0.07,68307.69230769231,324.66265999683
0.05,0.07,68307.69230769231,325.48897542996554
0.07,0.07,68307.69230769231,326.1984087574397
0.09,0.07,68307.69230769231,326.8000171976618
0.11,0.07,68307.69230769231,327.2988119348704
0.13,0.07,68307.69230769231,327.69719058000254
0.15,0.07,68307.69230769231,327.99602459889456
0.17,0.07,68307.69230769231,328.19541552961584
0.19,0.07,68307.69230769231,328.2951889113557
0.21,0.07,68307.69230769231,328.2951889113557
0.23,0.07,68307.69230769231,328.1954155296159
0.25,0.07,68307.69230769231,327.9960245988947
0.27,0.07,68307.69230769231,327.6971905800027
0.29,0.07,68307.69230769231,327.2988119348705
0.31,0.07,68307.69230769231,326.8000171976619
0.33,0.07,68307.69230769231,326.1984087574398
0.35,0.07,68307.69230769231,325.48897542996554
0.37,0.07,68307.69230769231,324.6626599968299
0.39,0.07,68307.69230769231,323.70484725982783
0.01,0.09,68307.69230769231,323.79820488992243
0.03,0.09,68307.69230769231,324.93836619529594
0.05,0.09,68307.69230769231,325.9356471560859
0.07,0.09,68307.69230769231,326.80001719766176
0.09,0.09,68307.69230769231,327.53764752683054
0.11,0.09,68307.69230769231,328.1517448850221
0.13,0.09,68307.69230769231,328.64352424012014
0.15,0.09,68307.69230769231,329.01304759277053
0.17,0.09,68307.69230769231,329.25986002310907
0.19,0.09,68307.69230769231,329.38343149113973
0.21,0.09,68307.69230769231,329.38343149113973
0.23,0.09,68307.69230769231,329.2598600231091
0.25,0.09,68307.69230769231,329.0130475927706
0.27,0.09,68307.69230769231,328.64352424012026
0.29,0.09,68307.69230769231,328.1517448850222
0.31,0.09,68307.69230769231,327.5376475268306
0.33,0.09,68307.69230769231,326.8000171976619
0.35,0.09,68307.69230769231,325.9356471560859
0.37,0.09,68307.69230769231,324.93836619529594
0.39,0.09,68307.69230769231,323.79820488992243
0.01,0.11,68307.69230769231,323.8746830531329
0.03,0.11,68307.69230769231,325.16492998368363
0.05,0.11,68307.69230769231,326.3043071627485
0.07,0.11,68307.69230769231,327.29881193487046
0.09,0.11,68307.69230769231,328.15174488502214
0.11,0.11,68307.69230769231,328.86428999580164
0.13,0.11,68307.69230769231,329.4362419913631
0.15,0.11,68307.69230769231,329.86666863843584
0.17,0.11,68307.69230769231,330.1544362084553
0.19,0.11,68307.69230769231,330.2985884012422
0.21,0.11,68307.69230769231,330.2985884012423
0.23,0.11,68307.69230769231,330.1544362084553
0.25,0.11,68307.69230769231,329.8666686384359
0.27,0.11,68307.69230769231,329.43624199136326
0.29,0.11,68307.69230769231,328.86428999580176
0.31,0.11,68307.69230769231,328.1517448850222
0.33,0.11,68307.69230769231,327.2988119348705
0.35,0.11,68307.69230769231,326.3043071627486
0.37,0.11,68307.69230769231,325.16492998368363
0.39,0.11,68307.69230769231,323.8746830531329
0.01,0.13,68307.69230769231,323.9353498279333
0.03,0.13,68307.69230769231,325.3449371451177
0.05,0.13,68307.69230769231,326.597934658426
0.07,0.13,68307.69230769231,327.6971905800026
0.09,0.13,68307.69230769231,328.6435242401202
0.11,0.13,68307.69230769231,329.43624199136315
0.13,0.13,68307.69230769231,330.07375458297673
0.15,0.13,68307.69230769231,330.5541345361326
0.17,0.13,68307.69230769231,330.87556154642834
0.19,0.13,68307.69230769231,331.036647707123
0.21,0.13,68307.69230769231,331.036647707123
0.23,0.13,68307.69230769231,330.87556154642834
0.25,0.13,68307.69230769231,330.55413453613266
0.27,0.13,68307.69230769231,330.07375458297673
0.29,0.13,68307.69230769231,329.43624199136326
0.31,0.13,68307.69230769231,328.64352424012026
0.33,0.13,68307.69230769231,327.6971905800027
0.35,0.13,68307.69230769231,326.5979346584261
0.37,0.13,68307.69230769231,325.34493714511774
0.39,0.13,68307.69230769231,323.9353498279333
0.01,0.15,68307.69230769231,323.98067702395645
0.03,0.15,68307.69230769231,325.4795446652624
0.05,0.15,68307.69230769231,326.81782016436296
0.07,0.15,68307.69230769231,327.99602459889456
0.09,0.15,68307.69230769231,329.01304759277053
0.11,0.15,68307.69230769231,329.8666686384359
0.13,0.15,68307.69230769231,330.5541345361326
0.15,0.15,68307.69230769231,331.0726621550028
0.17,0.15,68307.69230769231,331.41983368026155
0.19,0.15,68307.69230769231,331.59388350276464
0.21,0.15,68307.69230769231,331.5938835027647
0.23,0.15,68307.69230769231,331.4198336802616
0.25,0.15,68307.69230769231,331.0726621550027
0.27,0.15,68307.69230769231,330.5541345361326
0.29,0.15,68307.69230769231,329.86666863843595
0.31,0.15,68307.69230769231,329.0130475927706
0.33,0.15,68307.69230769231,327.9960245988947
0.35,0.15,68307.69230769231,326.81782016436296
0.37,0.15,68307.69230769231,325.47954466526244
0.39,0.15,68307.69230769231,323.98067702395645
0.01,0.17,68307.69230769231,324.01085157712794
0.03,0.17,68307.69230769231,325.5691957502384
0.05,0.17,68307.69230769231,326.9643876074024
0.07,0.17,68307.69230769231,328.19541552961584
0.09,0.17,68307.69230769231,329.259860023109
0.11,0.17,68307.69230769231,330.15443620845525
0.13,0.17,68307.69230769231,330.87556154642834
0.15,0.17,68307.69230769231,331.41983368026155
0.17,0.17,68307.69230769231,331.78439812691005
0.19,0.17,68307.69230769231,331.96721174376665
0.21,0.17,68307.69230769231,331.96721174376665
0.23,0.17,68307.69230769231,331.78439812691005
0.25,0.17,68307.69230769231,331.41983368026155
0.27,0.17,68307.69230769231,330.87556154642834
0.29,0.17,68307.69230769231,330.15443620845537
0.31,0.17,68307.69230769231,329.2598600231091
0.33,0.17,68307.69230769231,328.1954155296159
0.35,0.17,68307.69230769231,326.9643876074024
0.37,0.17,68307.69230769231,325.5691957502384
0.39,0.17,68307.69230769231,324.01085157712794
0.01,0.19,68307.69230769231,324.0259327313057
0.03,0.19,68307.69230769231,325.61401374214097
0.05,0.19,68307.69230769231,327.037689901744
0.07,0.19,68307.69230769231,328.29518891135564
0.09,0.19,68307.69230769231,329.3834314911397
0.11,0.19,68307.69230769231,330.2985884012422
0.13,0.19,68307.69230769231,331.036647707123
0.15,0.19,68307.69230769231,331.5938835027647
0.17,0.19,68307.69230769231,331.9672117437666
0.19,0.19,68307.69230769231,332.1544428510707
0.21,0.19,68307.69230769231,332.1544428510707
0.23,0.19,68307.69230769231,331.9672117437666
0.25,0.19,68307.69230769231,331.59388350276464
0.27,0.19,68307.69230769231,331.036647707123
0.29,0.19,68307.69230769231,330.2985884012423
0.31,0.19,68307.69230769231,329.3834314911398
0.33,0.19,68307.69230769231,328.2951889113557
0.35,0.19,68307.69230769231,327.037689901744
0.37,0.19,68307.69230769231,325.61401374214097
0.39,0.19,68307.69230769231,324.0259327313057
0.01,0.21,68307.69230769231,324.0259327313057
0.03,0.21,68307.69230769231,325.614013742141
0.05,0.21,68307.69230769231,327.037689901744
0.07,0.21,68307.69230769231,328.2951889113557
0.09,0.21,68307.69230769231,329.3834314911397
0.11,0.21,68307.69230769231,330.29858840124217
0.13,0.21,68307.69230769231,331.03664770712294
0.15,0.21,68307.69230769231,331.59388350276464
0.17,0.21,68307.69230769231,331.96721174376654
0.19,0.21,68307.69230769231,332.15444285107066
0.21,0.21,68307.69230769231,332.1544428510707
0.23,0.21,68307.69230769231,331.9672117437666
0.25,0.21,68307.69230769231,331.5938835027647
0.27,0.21,68307.69230769231,331.036647707123
0.29,0.21,68307.69230769231,330.29858840124234
0.31,0.21,68307.69230769231,329.38343149113985
0.33,0.21,68307.69230769231,328.2951889113558
0.35,0.21,68307.69230769231,327.037689901744
0.37,0.21,68307.69230769231,325.61401374214097
0.39,0.21,68307.69230769231,324.0259327313057
0.01,0.23,68307.69230769231,324.01085157712794
0.03,0.23,68307.69230769231,325.5691957502384
0.05,0.23,68307.69230769231,326.9643876074024
0.07,0.23,68307.69230769231,328.1954155296158
0.09,0.23,68307.69230769231,329.259860023109
0.11,0.23,68307.69230769231,330.15443620845525
0.13,0.23,68307.69230769231,330.8755615464283
0.15,0.23,68307.69230769231,331.41983368026155
0.17,0.23,68307.69230769231,331.78439812691
0.19,0.23,68307.69230769231,331.9672117437666
0.21,0.23,68307.69230769231,331.9672117437666
0.23,0.23,68307.69230769231,331.7843981269101
0.25,0.23,68307.69230769231,331.4198336802616
0.27,0.23,68307.69230769231,330.8755615464284
0.29,0.23,68307.69230769231,330.1544362084554
0.31,0.23,68307.69230769231,329.2598600231091
0.33,0.23,68307.69230769231,328.1954155296159
0.35,0.23,68307.69230769231,326.9643876074024
0.37,0.23,68307.69230769231,325.56919575023846
0.39,0.23,68307.69230769231,324.010851577128
0.01,0.25,68307.69230769231,323.98067702395645
0.03,0.25,68307.69230769231,325.47954466526244
0.05,0.25,68307.69230769231,326.81782016436296
0.07,0.25,68307.69230769231,327.99602459889456
0.09,0.25,68307.69230769231,329.0130475927705
0.11,0.25,68307.69230769231,329.86666863843584
0.13,0.25,68307.69230769231,330.5541345361325
0.15,0.25,68307.69230769231,331.0726621550027
0.17,0.25,68307.69230769231,331.41983368026155
0.19,0.25,68307.69230769231,331.59388350276464
0.21,0.25,68307.69230769231,331.5938835027647
0.23,0.25,68307.69230769231,331.4198336802616
0.25,0.25,68307.69230769231,331.0726621550028
0.27,0.25,68307.69230769231,330.55413453613266
0.29,0.25,68307.69230769231,329.86666863843595
0.31,0.25,68307.69230769231,329.0130475927706
0.33,0.25,68307.69230769231,327.9960245988947
0.35,0.25,68307.69230769231,326.81782016436296
0.37,0.25,68307.69230769231,325.47954466526244
0.39,0.25,68307.69230769231,323.9806770239565
0.01,0.27,68307.69230769231,323.9353498279333
0.03,0.27,68307.69230769231,325.3449371451177
0.05,0.27,68307.69230769231,326.597934658426
0.07,0.27,68307.69230769231,327.6971905800026
0.09,0.27,68307.69230769231,328.6435242401202
0.11,0.27,68307.69230769231,329.4362419913632
0.13,0.27,68307.69230769231,330.07375458297673
0.15,0.27,68307.69230769231,330.5541345361326
0.17,0.27,68307.69230769231,330.8755615464283
0.19,0.27,68307.69230769231,331.036647707123
0.21,0.27,68307.69230769231,331.036647707123
0.23,0.27,68307.69230769231,330.8755615464284
0.25,0.27,68307.69230769231,330.55413453613266
0.27,0.27,68307.69230769231,330.07375458297673
0.29,0.27,68307.69230769231,329.4362419913632
0.31,0.27,68307.69230769231,328.64352424012026
0.33,0.27,68307.69230769231,327.6971905800026
0.35,0.27,68307.69230769231,326.597934658426
0.37,0.27,68307.69230769231,325.34493714511774
0.39,0.27,68307.69230769231,323.9353498279333
0.01,0.29,68307.69230769231,323.8746830531329
0.03,0.29,68307.69230769231,325.1649299836835
0.05,0.29,68307.69230769231,326.3043071627485
0.07,0.29,68307.69230769231,327.29881193487046
0.09,0.29,68307.69230769231,328.1517448850221
0.11,0.29,68307.69230769231,328.8642899958017
0.13,0.29,68307.69230769231,329.4362419913632
0.15,0.29,68307.69230769231,329.8666686384359
0.17,0.29,68307.69230769231,330.15443620845525
0.19,0.29,68307.69230769231,330.2985884012422
0.21,0.29,68307.69230769231,330.2985884012422
0.23,0.29,68307.69230769231,330.1544362084553
0.25,0.29,68307.69230769231,329.86666863843595
0.27,0.29,68307.69230769231,329.43624199136326
0.29,0.29,68307.69230769231,328.8642899958017
0.31,0.29,68307.69230769231,328.15174488502214
0.33,0.29,68307.69230769231,327.29881193487046
0.35,0.29,68307.69230769231,326.3043071627485
0.37,0.29,68307.69230769231,325.1649299836836
0.39,0.29,68307.69230769231,323.8746830531329
0.01,0.31,68307.69230769231,323.7982048899224
0.03,0.31,68307.69230769231,324.9383661952959
0.05,0.31,68307.69230769231,325.93564715608585
0.07,0.31,68307.69230769231,326.80001719766176
0.09,0.31,68307.69230769231,327.5376475268305
0.11,0.31,68307.69230769231,328.15174488502214
0.13,0.31,68307.69230769231,328.64352424012026
0.15,0.31,68307.69230769231,329.01304759277053
0.17,0.31,68307.69230769231,329.259860023109
0.19,0.31,68307.69230769231,329.38343149113973
0.21,0.31,68307.69230769231,329.38343149113973
0.23,0.31,68307.69230769231,329.25986002310907
0.25,0.31,68307.69230769231,329.0130475927706
0.27,0.31,68307.69230769231,328.64352424012026
0.29,0.31,68307.69230769231,328.1517448850222
0.31,0.31,68307.69230769231,327.5376475268306
0.33,0.31,68307.69230769231,326.8000171976618
0.35,0.31,68307.69230769231,325.9356471560859
0.37,0.31,68307.69230769231,324.93836619529594
0.39,0.31,68307.69230769231,323.79820488992243
0.01,0.33,68307.69230769231,323.70484725982783
0.03,0.33,68307.69230769231,324.6626599968299
0.05,0.33,68307.69230769231,325.48897542996554
0.07,0.33,68307.69230769231,326.19840875743967
0.09,0.33,68307.69230769231,326.80001719766176
0.11,0.33,68307.69230769231,327.2988119348704
0.13,0.33,68307.69230769231,327.6971905800026
0.15,0.33,68307.69230769231,327.99602459889456
0.17,0.33,68307.69230769231,328.19541552961584
0.19,0.33,68307.69230769231,328.2951889113557
0.21,0.33,68307.69230769231,328.2951889113557
0.23,0.33,68307.69230769231,328.19541552961584
0.25,0.33,68307.69230769231,327.9960245988946
0.27,0.33,68307.69230769231,327.69719058000265
0.29,0.33,68307.69230769231,327.29881193487046
0.31,0.33,68307.69230769231,326.8000171976618
0.33,0.33,68307.69230769231,326.19840875743967
0.35,0.33,68307.69230769231,325.48897542996554
0.37,0.33,68307.69230769231,324.66265999683
0.39,0.33,68307.69230769231,323.7048472598279
0.01,0.35,68307.69230769231,323.59226084463904
0.03,0.35,68307.69230769231,324.33245897413195
0.05,0.35,68307.69230769231,324.9582896218353
0.07,0.35,68307.69230769231,325.4889754299655
0.09,0.35,68307.69230769231,325.9356471560858
0.11,0.35,68307.69230769231,326.30430716274844
0.13,0.35,68307.69230769231,326.597934658426
0.15,0.35,68307.69230769231,326.81782016436296
0.17,0.35,68307.69230769231,326.9643876074024
0.19,0.35,68307.69230769231,327.037689901744
0.21,0.35,68307.69230769231,327.037689901744
0.23,0.35,68307.69230769231,326.9643876074024
0.25,0.35,68307.69230769231,326.81782016436296
0.27,0.35,68307.69230769231,326.597934658426
0.29,0.35,68307.69230769231,326.3043071627485
0.31,0.35,68307.69230769231,325.9356471560859
0.33,0.35,68307.69230769231,325.4889754299655
0.35,0.35,68307.69230769231,324.9582896218354
0.37,0.35,68307.69230769231,324.33245897413195
0.39,0.35,68307.69230769231,323.5922608446391
0.01,0.37,68307.69230769231,323.45503843561505
0.03,0.37,68307.69230769231,323.93702731323106
0.05,0.37,68307.69230769231,324.33245897413195
0.07,0.37,68307.69230769231,324.6626599968299
0.09,0.37,68307.69230769231,324.9383661952959
0.11,0.37,68307.69230769231,325.1649299836835
0.13,0.37,68307.69230769231,325.34493714511774
0.15,0.37,68307.69230769231,325.47954466526244
0.17,0.37,68307.69230769231,325.5691957502384
0.19,0.37,68307.69230769231,325.61401374214097
0.21,0.37,68307.69230769231,325.61401374214097
0.23,0.37,68307.69230769231,325.5691957502384
0.25,0.37,68307.69230769231,325.4795446652625
0.27,0.37,68307.69230769231,325.34493714511774
0.29,0.37,68307.69230769231,325.1649299836836
0.31,0.37,68307.69230769231,324.9383661952959
0.33,0.37,68307.69230769231,324.6626599968299
0.35,0.37,68307.69230769231,324.33245897413195
0.37,0.37,68307.69230769231,323.9370273132312
0.39,0.37,68307.69230769231,323.4550384356152
0.01,0.39,68307.69230769231,323.2791285591844
0.03,0.39,68307.69230769231,323.45503843561505
0.05,0.39,68307.69230769231,323.59226084463904
0.07,0.39,68307.69230769231,323.70484725982783
0.09,0.39,68307.69230769231,323.79820488992243
0.11,0.39,68307.69230769231,323.8746830531329
0.13,0.39,68307.69230769231,323.9353498279333
0.15,0.39,68307.69230769231,323.9806770239565
0.17,0.39,68307.69230769231,324.01085157712794
0.19,0.39,68307.69230769231,324.0259327313058
0.21,0.39,68307.69230769231,324.0259327313057
0.23,0.39,68307.69230769231,324.01085157712794
0.25,0.39,68307.69230769231,323.9806770239565
0.27,0.39,68307.69230769231,323.9353498279333
0.29,0.39,68307.69230769231,323.8746830531329
0.31,0.39,68307.69230769231,323.7982048899224
0.33,0.39,68307.69230769231,323.70484725982783
0.35,0.39,68307.69230769231,323.59226084463904
0.37,0.39,68307.69230769231,323.45503843561505
0.39,0.39,68307.69230769231,323.2791285591845
0.01,0.01,70153.84615384616,323.27301782803875
0.03,0.01,70153.84615384616,323.4396593810523
0.05,0.01,70153.84615384616,323.56911628675
0.07,0.01,70153.84615384616,323.6750194457691
0.09,0.01,70153.84615384616,323.7626488677358
0.11,0.01,70153.84615384616,323.8343238598744
0.13,0.01,70153.84615384616,323.89111751312214
0.15,0.01,70153.84615384616,323.9335180850693
0.17,0.01,70153.84615384616,323.96173003487326
0.19,0.01,70153.84615384616,323.97582623184
0.21,0.01,70153.84615384616,323.97582623184
0.23,0.01,70153.84615384616,323.9617300348732
0.25,0.01,70153.84615384616,323.9335180850693
0.27,0.01,70153.84615384616,323.8911175131221
0.29,0.01,70153.84615384616,323.8343238598744
0.31,0.01,70153.84615384616,323.7626488677357
0.33,0.01,70153.84615384616,323.6750194457691
0.35,0.01,70153.84615384616,323.56911628675
0.37,0.01,70153.84615384616,323.4396593810523
0.39,0.01,70153.84615384616,323.27301782803875
0.01,0.03,70153.84615384616,323.4396593810523
0.03,0.03,70153.84615384616,323.895554562944
0.05,0.03,70153.84615384616,324.26835628336573
0.07,0.03,70153.84615384616,324.5788619363793
0.09,0.03,70153.84615384616,324.837617357797
0.11,0.03,70153.84615384616,325.0499429002719
0.13,0.03,70153.84615384616,325.21845942992184
0.15,0.03,70153.84615384616,325.34438083025555
0.17,0.03,70153.84615384616,325.42820578529984
0.19,0.03,70153.84615384616,325.47009958012615
0.21,0.03,70153.84615384616,325.47009958012615
0.23,0.03,70153.84615384616,325.4282057852999
0.25,0.03,70153.84615384616,325.34438083025555
0.27,0.03,70153.84615384616,325.2184594299219
0.29,0.03,70153.84615384616,325.0499429002719
0.31,0.03,70153.84615384616,324.837617357797
0.33,0.03,70153.84615384616,324.5788619363793
0.35,0.03,70153.84615384616,324.26835628336573
0.37,0.03,70153.84615384616,323.895554562944
0.39,0.03,70153.84615384616,323.4396593810523
0.01,0.05,70153.84615384616,323.56911628675
0.03,0.05,70153.84615384616,324.26835628336573
0.05,0.05,70153.84615384616,324.8579349630968
0.07,0.05,70153.84615384616,325.356761458762
0.09,0.05,70153.84615384616,325.77588249221213
0.11,0.05,70153.84615384616,326.1213442246115
0.13,0.05,70153.84615384616,326.39622598439524
0.15,0.05,70153.84615384616,326.601931129352
0.17,0.05,70153.84615384616,326.7389836721768
0.19,0.05,70153.84615384616,326.8075094580357
0.21,0.05,70153.84615384616,326.8075094580357
0.23,0.05,70153.84615384616,326.7389836721768
0.25,0.05,70153.84615384616,326.60193112935207
0.27,0.05,70153.84615384616,326.39622598439524
0.29,0.05,70153.84615384616,326.1213442246115
0.31,0.05,70153.84615384616,325.7758824922122
0.33,0.05,70153.84615384616,325.35676145876204
0.35,0.05,70153.84615384616,324.8579349630968
0.37,0.05,70153.84615384616,324.2683562833657
0.39,0.05,70153.84615384616,323.56911628675
0.01,0.07,70153.84615384616,323.6750194457691
0.03,0.07,70153.84615384616,324.5788619363793
0.05,0.07,70153.84615384616,325.35676145876204
0.07,0.07,70153.84615384616,326.0233143331328
0.09,0.07,70153.84615384616,326.58767786886006
0.11,0.07,70153.84615384616,327.05503263932087
0.13,0.07,70153.84615384616,327.4279688541561
0.15,0.07,70153.84615384616,327.70754063348323
0.17,0.07,70153.84615384616,327.8940006765607
0.19,0.07,70153.84615384616,327.98728116133145
0.21,0.07,70153.84615384616,327.9872811613315
0.23,0.07,70153.84615384616,327.8940006765607
0.25,0.07,70153.84615384616,327.70754063348323
0.27,0.07,70153.84615384616,327.4279688541561
0.29,0.07,70153.84615384616,327.0550326393209
0.31,0.07,70153.84615384616,326.5876778688601
0.33,0.07,70153.84615384616,326.0233143331328
0.35,0.07,70153.84615384616,325.35676145876204
0.37,0.07,70153.84615384616,324.57886193637927
0.39,0.07,70153.84615384616,323.67501944576907
0.01,0.09,70153.84615384616,323.7626488677358
0.03,0.09,70153.84615384616,324.83761735779706
0.05,0.09,70153.84615384616,325.7758824922122
0.07,0.09,70153.84615384616,326.58767786886006
0.09,0.09,70153.84615384616,327.2794756342496
0.11,0.09,70153.84615384616,327.85479596087464
0.13,0.09,70153.84615384616,328.3151516503075
0.15,0.09,70153.84615384616,328.66086426942
0.17,0.09,70153.84615384616,328.89168444968413
0.19,0.09,70153.84615384616,329.0072237645807
0.21,0.09,70153.84615384616,329.00722376458066
0.23,0.09,70153.84615384616,328.8916844496842
0.25,0.09,70153.84615384616,328.66086426942
0.27,0.09,70153.84615384616,328.3151516503075
0.29,0.09,70153.84615384616,327.8547959608747
0.31,0.09,70153.84615384616,327.27947563424965
0.33,0.09,70153.84615384616,326.58767786886017
0.35,0.09,70153.84615384616,325.7758824922122
0.37,0.09,70153.84615384616,324.837617357797
0.39,0.09,70153.84615384616,323.7626488677357
0.01,0.11,70153.84615384616,323.8343238598744
0.03,0.11,70153.84615384616,325.049942900272
0.05,0.11,70153.84615384616,326.1213442246115
0.07,0.11,70153.84615384616,327.0550326393209
0.09,0.11,70153.84615384616,327.8547959608747
0.11,0.11,70153.84615384616,328.5222716225431
0.13,0.11,70153.84615384616,329.05765629446904
0.15,0.11,70153.84615384616,329.460353360041
0.17,0.11,70153.84615384616,329.72948796514646
0.19,0.11,70153.84615384616,329.86427938006506
0.21,0.11,70153.84615384616,329.86427938006506
0.23,0.11,70153.84615384616,329.7294879651465
0.25,0.11,70153.84615384616,329.46035336004104
0.27,0.11,70153.84615384616,329.05765629446904
0.29,0.11,70153.84615384616,328.5222716225431
0.31,0.11,70153.84615384616,327.8547959608747
0.33,0.11,70153.84615384616,327.055032639321
0.35,0.11,70153.84615384616,326.1213442246116
0.37,0.11,70153.84615384616,325.049942900272
0.39,0.11,70153.84615384616,323.8343238598744
0.01,0.13,70153.84615384616,323.8911175131221
0.03,0.13,70153.84615384616,325.2184594299219
0.05,0.13,70153.84615384616,326.39622598439524
0.07,0.13,70153.84615384616,327.42796885415606
0.09,0.13,70153.84615384616,328.3151516503074
0.11,0.13,70153.84615384616,329.05765629446904
0.13,0.13,70153.84615384616,329.6543881071824
0.15,0.13,70153.84615384616,330.1038234864799
0.17,0.13,70153.84615384616,330.40444894442413
0.19,0.13,70153.84615384616,330.5550826270137
0.21,0.13,70153.84615384616,330.5550826270137
0.23,0.13,70153.84615384616,330.40444894442413
0.25,0.13,70153.84615384616,330.1038234864799
0.27,0.13,70153.84615384616,329.6543881071824
0.29,0.13,70153.84615384616,329.0576562944691
0.31,0.13,70153.84615384616,328.3151516503075
0.33,0.13,70153.84615384616,327.4279688541562
0.35,0.13,70153.84615384616,326.3962259843953
0.37,0.13,70153.84615384616,325.2184594299219
0.39,0.13,70153.84615384616,323.89111751312214
0.01,0.15,70153.84615384616,323.9335180850693
0.03,0.15,70153.84615384616,325.34438083025555
0.05,0.15,70153.84615384616,326.601931129352
0.07,0.15,70153.84615384616,327.7075406334832
0.09,0.15,70153.84615384616,328.66086426942
0.11,0.15,70153.84615384616,329.460353360041
0.13,0.15,70153.84615384616,330.1038234864799
0.15,0.15,70153.84615384616,330.5889506244102
0.17,0.15,70153.84615384616,330.913662752686
0.19,0.15,70153.84615384616,331.07642514059216
0.21,0.15,70153.84615384616,331.07642514059216
0.23,0.15,70153.84615384616,330.913662752686
0.25,0.15,70153.84615384616,330.5889506244101
0.27,0.15,70153.84615384616,330.1038234864798
0.29,0.15,70153.84615384616,329.46035336004104
0.31,0.15,70153.84615384616,328.66086426942
0.33,0.15,70153.84615384616,327.7075406334833
0.35,0.15,70153.84615384616,326.601931129352
0.37,0.15,70153.84615384616,325.34438083025555
0.39,0.15,70153.84615384616,323.9335180850693
0.01,0.17,70153.84615384616,323.96173003487326
0.03,0.17,70153.84615384616,325.42820578529984
0.05,0.17,70153.84615384616,326.73898367217674
0.07,0.17,70153.84615384616,327.89400067656067
0.09,0.17,70153.84615384616,328.89168444968413
0.11,0.17,70153.84615384616,329.7294879651464
0.13,0.17,70153.84615384616,330.4044489444241
0.15,0.17,70153.84615384616,330.913662752686
0.17,0.17,70153.84615384616,331.2546480814622
0.19,0.17,70153.84615384616,331.42561014933665
0.21,0.17,70153.84615384616,331.4256101493366
0.23,0.17,70153.84615384616,331.2546480814622
0.25,0.17,70153.84615384616,330.9136627526859
0.27,0.17,70153.84615384616,330.4044489444241
0.29,0.17,70153.84615384616,329.7294879651465
0.31,0.17,70153.84615384616,328.8916844496842
0.33,0.17,70153.84615384616,327.8940006765608
0.35,0.17,70153.84615384616,326.73898367217686
0.37,0.17,70153.84615384616,325.42820578529984
0.39,0.17,70153.84615384616,323.96173003487326
0.01,0.19,70153.84615384616,323.97582623184
0.03,0.19,70153.84615384616,325.47009958012615
0.05,0.19,70153.84615384616,326.80750945803567
0.07,0.19,70153.84615384616,327.98728116133145
0.09,0.19,70153.84615384616,329.00722376458066
0.11,0.19,70153.84615384616,329.864279380065
0.13,0.19,70153.84615384616,330.5550826270136
0.15,0.19,70153.84615384616,331.0764251405921
0.17,0.19,70153.84615384616,331.4256101493366
0.19,0.19,70153.84615384616,331.60070545402124
0.21,0.19,70153.84615384616,331.6007054540213
0.23,0.19,70153.84615384616,331.4256101493366
0.25,0.19,70153.84615384616,331.0764251405921
0.27,0.19,70153.84615384616,330.55508262701363
0.29,0.19,70153.84615384616,329.864279380065
0.31,0.19,70153.84615384616,329.0072237645808
0.33,0.19,70153.84615384616,327.9872811613316
0.35,0.19,70153.84615384616,326.8075094580358
0.37,0.19,70153.84615384616,325.4700995801262
0.39,0.19,70153.84615384616,323.97582623184
0.01,0.21,70153.84615384616,323.97582623184
0.03,0.21,70153.84615384616,325.47009958012615
0.05,0.21,70153.84615384616,326.8075094580357
0.07,0.21,70153.84615384616,327.98728116133145
0.09,0.21,70153.84615384616,329.00722376458066
0.11,0.21,70153.84615384616,329.86427938006494
0.13,0.21,70153.84615384616,330.5550826270136
0.15,0.21,70153.84615384616,331.0764251405921
0.17,0.21,70153.84615384616,331.42561014933653
0.19,0.21,70153.84615384616,331.60070545402124
0.21,0.21,70153.84615384616,331.6007054540213
0.23,0.21,70153.84615384616,331.4256101493366
0.25,0.21,70153.84615384616,331.0764251405921
0.27,0.21,70153.84615384616,330.55508262701363
0.29,0.21,70153.84615384616,329.86427938006506
0.31,0.21,70153.84615384616,329.0072237645808
0.33,0.21,70153.84615384616,327.9872811613316
0.35,0.21,70153.84615384616,326.8075094580358
0.37,0.21,70153.84615384616,325.4700995801262
0.39,0.21,70153.84615384616,323.97582623184
0.01,0.23,70153.84615384616,323.9617300348732
0.03,0.23,70153.84615384616,325.42820578529984
0.05,0.23,70153.84615384616,326.73898367217686
0.07,0.23,70153.84615384616,327.8940006765607
0.09,0.23,70153.84615384616,328.89168444968413
0.11,0.23,70153.84615384616,329.7294879651464
0.13,0.23,70153.84615384616,330.404448944424
0.15,0.23,70153.84615384616,330.9136627526859
0.17,0.23,70153.84615384616,331.25464808146216
0.19,0.23,70153.84615384616,331.4256101493366
0.21,0.23,70153.84615384616,331.4256101493366
0.23,0.23,70153.84615384616,331.2546480814622
0.25,0.23,70153.84615384616,330.9136627526859
0.27,0.23,70153.84615384616,330.40444894442413
0.29,0.23,70153.84615384616,329.7294879651465
0.31,0.23,70153.84615384616,328.8916844496842
0.33,0.23,70153.84615384616,327.8940006765608
0.35,0.23,70153.84615384616,326.73898367217686
0.37,0.23,70153.84615384616,325.4282057852999
0.39,0.23,70153.84615384616,323.96173003487326
0.01,0.25,70153.84615384616,323.9335180850693
0.03,0.25,70153.84615384616,325.34438083025555
0.05,0.25,70153.84615384616,326.601931129352
0.07,0.25,70153.84615384616,327.70754063348323
0.09,0.25,70153.84615384616,328.66086426942
0.11,0.25,70153.84615384616,329.460353360041
0.13,0.25,70153.84615384616,330.1038234864798
0.15,0.25,70153.84615384616,330.5889506244101
0.17,0.25,70153.84615384616,330.9136627526859
0.19,0.25,70153.84615384616,331.0764251405921
0.21,0.25,70153.84615384616,331.0764251405921
0.23,0.25,70153.84615384616,330.9136627526859
0.25,0.25,70153.84615384616,330.5889506244101
0.27,0.25,70153.84615384616,330.1038234864798
0.29,0.25,70153.84615384616,329.46035336004104
0.31,0.25,70153.84615384616,328.66086426942
0.33,0.25,70153.84615384616,327.7075406334833
0.35,0.25,70153.84615384616,326.601931129352
0.37,0.25,70153.84615384616,325.3443808302555
0.39,0.25,70153.84615384616,323.9335180850693
0.01,0.27,70153.84615384616,323.8911175131221
0.03,0.27,70153.84615384616,325.2184594299219
0.05,0.27,70153.84615384616,326.3962259843953
0.07,0.27,70153.84615384616,327.4279688541561
0.09,0.27,70153.84615384616,328.3151516503074
0.11,0.27,70153.84615384616,329.057656294469
0.13,0.27,70153.84615384616,329.6543881071824
0.15,0.27,70153.84615384616,330.1038234864798
0.17,0.27,70153.84615384616,330.40444894442413
0.19,0.27,70153.84615384616,330.5550826270136
0.21,0.27,70153.84615384616,330.55508262701363
0.23,0.27,70153.84615384616,330.40444894442413
0.25,0.27,70153.84615384616,330.1038234864798
0.27,0.27,70153.84615384616,329.6543881071824
0.29,0.27,70153.84615384616,329.0576562944691
0.31,0.27,70153.84615384616,328.31515165030754
0.33,0.27,70153.84615384616,327.4279688541562
0.35,0.27,70153.84615384616,326.39622598439524
0.37,0.27,70153.84615384616,325.2184594299219
0.39,0.27,70153.84615384616,323.8911175131221
0.01,0.29,70153.84615384616,323.8343238598744
0.03,0.29,70153.84615384616,325.049942900272
0.05,0.29,70153.84615384616,326.1213442246115
0.07,0.29,70153.84615384616,327.0550326393209
0.09,0.29,70153.84615384616,327.85479596087464
0.11,0.29,70153.84615384616,328.522271622543
0.13,0.29,70153.84615384616,329.05765629446904
0.15,0.29,70153.84615384616,329.460353360041
0.17,0.29,70153.84615384616,329.72948796514646
0.19,0.29,70153.84615384616,329.864279380065
0.21,0.29,70153.84615384616,329.86427938006506
0.23,0.29,70153.84615384616,329.7294879651465
0.25,0.29,70153.84615384616,329.46035336004104
0.27,0.29,70153.84615384616,329.0576562944691
0.29,0.29,70153.84615384616,328.5222716225431
0.31,0.29,70153.84615384616,327.8547959608747
0.33,0.29,70153.84615384616,327.055032639321
0.35,0.29,70153.84615384616,326.1213442246115
0.37,0.29,70153.84615384616,325.049942900272
0.39,0.29,70153.84615384616,323.8343238598744
0.01,0.31,70153.84615384616,323.7626488677357
0.03,0.31,70153.84615384616,324.837617357797
0.05,0.31,70153.84615384616,325.77588249221213
0.07,0.31,70153.84615384616,326.58767786886006
0.09,0.31,70153.84615384616,327.27947563424954
0.11,0.31,70153.84615384616,327.85479596087464
0.13,0.31,70153.84615384616,328.3151516503075
0.15,0.31,70153.84615384616,328.66086426942
0.17,0.31,70153.84615384616,328.8916844496842
0.19,0.31,70153.84615384616,329.00722376458066
0.21,0.31,70153.84615384616,329.00722376458066
0.23,0.31,70153.84615384616,328.8916844496842
0.25,0.31,70153.84615384616,328.66086426942
0.27,0.31,70153.84615384616,328.3151516503075
0.29,0.31,70153.84615384616,327.8547959608747
0.31,0.31,70153.84615384616,327.27947563424965
0.33,0.31,70153.84615384616,326.5876778688601
0.35,0.31,70153.84615384616,325.77588249221225
0.37,0.31,70153.84615384616,324.837617357797
0.39,0.31,70153.84615384616,323.7626488677357
0.01,0.33,70153.84615384616,323.67501944576907
0.03,0.33,70153.84615384616,324.57886193637927
0.05,0.33,70153.84615384616,325.356761458762
0.07,0.33,70153.84615384616,326.0233143331327
0.09,0.33,70153.84615384616,326.58767786886
0.11,0.33,70153.84615384616,327.05503263932087
0.13,0.33,70153.84615384616,327.4279688541561
0.15,0.33,70153.84615384616,327.70754063348323
0.17,0.33,70153.84615384616,327.8940006765607
0.19,0.33,70153.84615384616,327.98728116133145
0.21,0.33,70153.84615384616,327.98728116133145
0.23,0.33,70153.84615384616,327.8940006765607
0.25,0.33,70153.84615384616,327.7075406334833
0.27,0.33,70153.84615384616,327.4279688541562
0.29,0.33,70153.84615384616,327.0550326393209
0.31,0.33,70153.84615384616,326.5876778688601
0.33,0.33,70153.84615384616,326.0233143331328
0.35,0.33,70153.84615384616,325.3567614587621
0.37,0.33,70153.84615384616,324.5788619363793
0.39,0.33,70153.84615384616,323.67501944576907
0.01,0.35,70153.84615384616,323.56911628675
0.03,0.35,70153.84615384616,324.26835628336573
0.05,0.35,70153.84615384616,324.8579349630968
0.07,0.35,70153.84615384616,325.356761458762
0.09,0.35,70153.84615384616,325.7758824922121
0.11,0.35,70153.84615384616,326.12134422461145
0.13,0.35,70153.84615384616,326.39622598439524
0.15,0.35,70153.84615384616,326.601931129352
0.17,0.35,70153.84615384616,326.7389836721768
0.19,0.35,70153.84615384616,326.80750945803567
0.21,0.35,70153.84615384616,326.80750945803567
0.23,0.35,70153.84615384616,326.7389836721768
0.25,0.35,70153.84615384616,326.60193112935207
0.27,0.35,70153.84615384616,326.3962259843953
0.29,0.35,70153.84615384616,326.1213442246115
0.31,0.35,70153.84615384616,325.7758824922122
0.33,0.35,70153.84615384616,325.35676145876204
0.35,0.35,70153.84615384616,324.85793496309685
0.37,0.35,70153.84615384616,324.26835628336573
0.39,0.35,70153.84615384616,323.56911628675
0.01,0.37,70153.84615384616,323.4396593810523
0.03,0.37,70153.84615384616,323.895554562944
0.05,0.37,70153.84615384616,324.2683562833657
0.07,0.37,70153.84615384616,324.5788619363792
0.09,0.37,70153.84615384616,324.83761735779694
0.11,0.37,70153.84615384616,325.04994290027184
0.13,0.37,70153.84615384616,325.21845942992184
0.15,0.37,70153.84615384616,325.3443808302555
0.17,0.37,70153.84615384616,325.42820578529984
0.19,0.37,70153.84615384616,325.47009958012615
0.21,0.37,70153.84615384616,325.47009958012615
0.23,0.37,70153.84615384616,325.4282057852998
0.25,0.37,70153.84615384616,325.34438083025555
0.27,0.37,70153.84615384616,325.2184594299219
0.29,0.37,70153.84615384616,325.0499429002719
0.31,0.37,70153.84615384616,324.837617357797
0.33,0.37,70153.84615384616,324.57886193637927
0.35,0.37,70153.84615384616,324.26835628336573
0.37,0.37,70153.84615384616,323.895554562944
0.39,0.37,70153.84615384616,323.4396593810523
0.01,0.39,70153.84615384616,323.27301782803875
0.03,0.39,70153.84615384616,323.4396593810523
0.05,0.39,70153.84615384616,323.5691162867498
0.07,0.39,70153.84615384616,323.67501944576907
0.09,0.39,70153.84615384616,323.7626488677357
0.11,0.39,70153.84615384616,323.8343238598744
0.13,0.39,70153.84615384616,323.89111751312214
0.15,0.39,70153.84615384616,323.9335180850693
0.17,0.39,70153.84615384616,323.9617300348732
0.19,0.39,70153.84615384616,323.97582623184
0.21,0.39,70153.84615384616,323.97582623184
0.23,0.39,70153.84615384616,323.9617300348732
0.25,0.39,70153.84615384616,323.9335180850693
0.27,0.39,70153.84615384616,323.8911175131221
0.29,0.39,70153.84615384616,323.8343238598744
0.31,0.39,70153.84615384616,323.7626488677357
0.33,0.39,70153.84615384616,323.67501944576907
0.35,0.39,70153.84615384616,323.56911628675
0.37,0.39,70153.84615384616,323.4396593810523
0.39,0.39,70153.84615384616,323.2730178280387
0.01,0.01,72000.0,323.2673071063423
0.03,0.01,72000.0,323.4253066639404
0.05,0.01,72000.0,323.5475309607618
0.07,0.01,72000.0,323.64721232712014
0.09,0.01,72000.0,323.72950955352155
0.11,0.01,72000.0,323.79671299129603
0.13,0.01,72000.0,323.849900256551
0.15,0.01,72000.0,323.88957519912367
0.17,0.01,72000.0,323.91595901305027
0.19,0.01,72000.0,323.9291376302124
0.21,0.01,72000.0,323.9291376302124
0.23,0.01,72000.0,323.91595901305027
0.25,0.01,72000.0,323.88957519912367
0.27,0.01,72000.0,323.849900256551
0.29,0.01,72000.0,323.79671299129603
0.31,0.01,72000.0,323.7295095535215
0.33,0.01,72000.0,323.6472123271201
0.35,0.01,72000.0,323.5475309607618
0.37,0.01,72000.0,323.4253066639403
0.39,0.01,72000.0,323.2673071063423
0.01,0.03,72000.0,323.4253066639403
0.03,0.03,72000.0,323.8568828980132
0.05,0.03,72000.0,324.2086098511313
0.07,0.03,72000.0,324.50077938886886
0.09,0.03,72000.0,324.7437543268265
0.11,0.03,72000.0,324.94282287705056
0.13,0.03,72000.0,325.10063846409673
0.15,0.03,72000.0,325.2184689425548
0.17,0.03,72000.0,325.296865997147
0.19,0.03,72000.0,325.3360351414961
0.21,0.03,72000.0,325.3360351414961
0.23,0.03,72000.0,325.29686599714705
0.25,0.03,72000.0,325.21846894255486
0.27,0.03,72000.0,325.1006384640968
0.29,0.03,72000.0,324.94282287705056
0.31,0.03,72000.0,324.7437543268265
0.33,0.03,72000.0,324.50077938886886
0.35,0.03,72000.0,324.2086098511313
0.37,0.03,72000.0,323.8568828980132
0.39,0.03,72000.0,323.4253066639403
0.01,0.05,72000.0,323.5475309607618
0.03,0.05,72000.0,324.2086098511313
0.05,0.05,72000.0,324.7644299803321
0.07,0.05,72000.0,325.2335938312372
0.09,0.05,72000.0,325.627062524716
0.11,0.05,72000.0,325.9509205379955
0.13,0.05,72000.0,326.2083409361568
0.15,0.05,72000.0,326.4008341738967
0.17,0.05,72000.0,326.5290199071995
0.19,0.05,72000.0,326.5930939597073
0.21,0.05,72000.0,326.59309395970735
0.23,0.05,72000.0,326.5290199071995
0.25,0.05,72000.0,326.4008341738967
0.27,0.05,72000.0,326.2083409361568
0.29,0.05,72000.0,325.9509205379955
0.31,0.05,72000.0,325.627062524716
0.33,0.05,72000.0,325.2335938312373
0.35,0.05,72000.0,324.7644299803321
0.37,0.05,72000.0,324.20860985113126
0.39,0.05,72000.0,323.54753096076183
0.01,0.07,72000.0,323.6472123271201
0.03,0.07,72000.0,324.50077938886886
0.05,0.07,72000.0,325.2335938312372
0.07,0.07,72000.0,325.8602189912627
0.09,0.07,72000.0,326.3898980131619
0.11,0.07,72000.0,326.8279673966039
0.13,0.07,72000.0,327.1771983439888
0.15,0.07,72000.0,327.43881843010263
0.17,0.07,72000.0,327.61322483529347
0.19,0.07,72000.0,327.70045208883187
0.21,0.07,72000.0,327.7004520888319
0.23,0.07,72000.0,327.61322483529347
0.25,0.07,72000.0,327.4388184301026
0.27,0.07,72000.0,327.1771983439888
0.29,0.07,72000.0,326.8279673966039
0.31,0.07,72000.0,326.38989801316194
0.33,0.07,72000.0,325.86021899126274
0.35,0.07,72000.0,325.2335938312373
0.37,0.07,72000.0,324.5007793888688
0.39,0.07,72000.0,323.6472123271201
0.01,0.09,72000.0,323.72950955352155
0.03,0.09,72000.0,324.74375432682643
0.05,0.09,72000.0,325.627062524716
0.07,0.09,72000.0,326.3898980131618
0.09,0.09,72000.0,327.0390063597959
0.11,0.09,72000.0,327.5781989358582
0.13,0.09,72000.0,328.0092689909951
0.15,0.09,72000.0,328.3327846980444
0.17,0.09,72000.0,328.54869319100146
0.19,0.09,72000.0,328.656741990761
0.21,0.09,72000.0,328.656741990761
0.23,0.09,72000.0,328.54869319100146
0.25,0.09,72000.0,328.33278469804435
0.27,0.09,72000.0,328.0092689909952
0.29,0.09,72000.0,327.57819893585827
0.31,0.09,72000.0,327.039006359796
0.33,0.09,72000.0,326.3898980131619
0.35,0.09,72000.0,325.627062524716
0.37,0.09,72000.0,324.74375432682643
0.39,0.09,72000.0,323.7295095535215
0.01,0.11,72000.0,323.79671299129603
0.03,0.11,72000.0,324.9428228770505
0.05,0.11,72000.0,325.95092053799544
0.07,0.11,72000.0,326.82796739660387
0.09,0.11,72000.0,327.57819893585827
0.11,0.11,72000.0,328.20367549176206
0.13,0.11,72000.0,328.7049726936505
0.15,0.11,72000.0,329.081812912659
0.17,0.11,72000.0,329.3335688153724
0.19,0.11,72000.0,329.4596282436908
0.21,0.11,72000.0,329.4596282436908
0.23,0.11,72000.0,329.3335688153725
0.25,0.11,72000.0,329.081812912659
0.27,0.11,72000.0,328.70497269365046
0.29,0.11,72000.0,328.2036754917621
0.31,0.11,72000.0,327.5781989358583
0.33,0.11,72000.0,326.82796739660387
0.35,0.11,72000.0,325.95092053799544
0.37,0.11,72000.0,324.9428228770505
0.39,0.11,72000.0,323.796712991296
0.01,0.13,72000.0,323.84990025655094
0.03,0.13,72000.0,325.10063846409673
0.05,0.13,72000.0,326.2083409361567
0.07,0.13,72000.0,327.1771983439887
0.09,0.13,72000.0,328.0092689909951
0.11,0.13,72000.0,328.70497269365046
0.13,0.13,72000.0,329.2636814567443
0.15,0.13,72000.0,329.6842556756014
0.17,0.13,72000.0,329.96547527016014
0.19,0.13,72000.0,330.1063562500474
0.21,0.13,72000.0,330.10635625004744
0.23,0.13,72000.0,329.9654752701602
0.25,0.13,72000.0,329.6842556756014
0.27,0.13,72000.0,329.26368145674434
0.29,0.13,72000.0,328.7049726936505
0.31,0.13,72000.0,328.0092689909952
0.33,0.13,72000.0,327.1771983439888
0.35,0.13,72000.0,326.2083409361567
0.37,0.13,72000.0,325.1006384640967
0.39,0.13,72000.0,323.8499002565509
0.01,0.15,72000.0,323.88957519912367
0.03,0.15,72000.0,325.2184689425548
0.05,0.15,72000.0,326.40083417389667
0.07,0.15,72000.0,327.4388184301025
0.09,0.15,72000.0,328.3327846980443
0.11,0.15,72000.0,329.08181291265896
0.13,0.15,72000.0,329.6842556756013
0.15,0.15,72000.0,330.1382255892804
0.17,0.15,72000.0,330.4419813609952
0.19,0.15,72000.0,330.5942099853451
0.21,0.15,72000.0,330.5942099853451
0.23,0.15,72000.0,330.4419813609952
0.25,0.15,72000.0,330.1382255892804
0.27,0.15,72000.0,329.6842556756014
0.29,0.15,72000.0,329.081812912659
0.31,0.15,72000.0,328.3327846980444
0.33,0.15,72000.0,327.43881843010263
0.35,0.15,72000.0,326.40083417389667
0.37,0.15,72000.0,325.2184689425548
0.39,0.15,72000.0,323.8895751991236
0.01,0.17,72000.0,323.9159590130502
0.03,0.17,72000.0,325.296865997147
0.05,0.17,72000.0,326.52901990719937
0.07,0.17,72000.0,327.6132248352934
0.09,0.17,72000.0,328.54869319100135
0.11,0.17,72000.0,329.3335688153724
0.13,0.17,72000.0,329.9654752701601
0.15,0.17,72000.0,330.4419813609952
0.17,0.17,72000.0,330.7609627332717
0.19,0.17,72000.0,330.9208631381734
0.21,0.17,72000.0,330.92086313817344
0.23,0.17,72000.0,330.7609627332717
0.25,0.17,72000.0,330.4419813609952
0.27,0.17,72000.0,329.96547527016014
0.29,0.17,72000.0,329.3335688153725
0.31,0.17,72000.0,328.5486931910015
0.33,0.17,72000.0,327.6132248352935
0.35,0.17,72000.0,326.5290199071994
0.37,0.17,72000.0,325.296865997147
0.39,0.17,72000.0,323.9159590130502
0.01,0.19,72000.0,323.9291376302123
0.03,0.19,72000.0,325.3360351414961
0.05,0.19,72000.0,326.5930939597073
0.07,0.19,72000.0,327.70045208883187
0.09,0.19,72000.0,328.65674199076096
0.11,0.19,72000.0,329.4596282436907
0.13,0.19,72000.0,330.1063562500474
0.15,0.19,72000.0,330.5942099853451
0.17,0.19,72000.0,330.92086313817344
0.19,0.19,72000.0,331.0846307133035
0.21,0.19,72000.0,331.0846307133035
0.23,0.19,72000.0,330.92086313817344
0.25,0.19,72000.0,330.5942099853451
0.27,0.19,72000.0,330.10635625004744
0.29,0.19,72000.0,329.4596282436908
0.31,0.19,72000.0,328.65674199076113
0.33,0.19,72000.0,327.7004520888319
0.35,0.19,72000.0,326.59309395970735
0.37,0.19,72000.0,325.3360351414961
0.39,0.19,72000.0,323.9291376302124
0.01,0.21,72000.0,323.9291376302124
0.03,0.21,72000.0,325.3360351414961
0.05,0.21,72000.0,326.5930939597073
0.07,0.21,72000.0,327.70045208883187
0.09,0.21,72000.0,328.65674199076096
0.11,0.21,72000.0,329.45962824369064
0.13,0.21,72000.0,330.1063562500474
0.15,0.21,72000.0,330.59420998534506
0.17,0.21,72000.0,330.9208631381734
0.19,0.21,72000.0,331.0846307133035
0.21,0.21,72000.0,331.0846307133036
0.23,0.21,72000.0,330.92086313817344
0.25,0.21,72000.0,330.5942099853451
0.27,0.21,72000.0,330.10635625004744
0.29,0.21,72000.0,329.4596282436908
0.31,0.21,72000.0,328.6567419907611
0.33,0.21,72000.0,327.7004520888319
0.35,0.21,72000.0,326.59309395970735
0.37,0.21,72000.0,325.3360351414961
0.39,0.21,72000.0,323.9291376302124
0.01,0.23,72000.0,323.91595901305027
0.03,0.23,72000.0,325.296865997147
0.05,0.23,72000.0,326.5290199071994
0.07,0.23,72000.0,327.6132248352934
0.09,0.23,72000.0,328.5486931910014
0.11,0.23,72000.0,329.3335688153724
0.13,0.23,72000.0,329.96547527016014
0.15,0.23,72000.0,330.4419813609952
0.17,0.23,72000.0,330.7609627332717
0.19,0.23,72000.0,330.92086313817344
0.21,0.23,72000.0,330.92086313817344
0.23,0.23,72000.0,330.7609627332718
0.25,0.23,72000.0,330.4419813609952
0.27,0.23,72000.0,329.9654752701602
0.29,0.23,72000.0,329.3335688153725
0.31,0.23,72000.0,328.5486931910015
0.33,0.23,72000.0,327.6132248352935
0.35,0.23,72000.0,326.5290199071995
0.37,0.23,72000.0,325.29686599714705
0.39,0.23,72000.0,323.9159590130502
0.01,0.25,72000.0,323.88957519912367
0.03,0.25,72000.0,325.21846894255486
0.05,0.25,72000.0,326.4008341738967
0.07,0.25,72000.0,327.4388184301026
0.09,0.25,72000.0,328.3327846980444
0.11,0.25,72000.0,329.081812912659
0.13,0.25,72000.0,329.6842556756014
0.15,0.25,72000.0,330.13822558928035
0.17,0.25,72000.0,330.4419813609952
0.19,0.25,72000.0,330.5942099853451
0.21,0.25,72000.0,330.5942099853451
0.23,0.25,72000.0,330.4419813609952
0.25,0.25,72000.0,330.1382255892804
0.27,0.25,72000.0,329.6842556756014
0.29,0.25,72000.0,329.0818129126591
0.31,0.25,72000.0,328.3327846980444
0.33,0.25,72000.0,327.43881843010263
0.35,0.25,72000.0,326.4008341738967
0.37,0.25,72000.0,325.2184689425548
0.39,0.25,72000.0,323.88957519912367
0.01,0.27,72000.0,323.84990025655094
0.03,0.27,72000.0,325.10063846409673
0.05,0.27,72000.0,326.2083409361568
0.07,0.27,72000.0,327.1771983439887
0.09,0.27,72000.0,328.0092689909952
0.11,0.27,72000.0,328.7049726936505
0.13,0.27,72000.0,329.26368145674434
0.15,0.27,72000.0,329.68425567560143
0.17,0.27,72000.0,329.9654752701602
0.19,0.27,72000.0,330.10635625004744
0.21,0.27,72000.0,330.10635625004744
0.23,0.27,72000.0,329.9654752701602
0.25,0.27,72000.0,329.68425567560143
0.27,0.27,72000.0,329.2636814567444
0.29,0.27,72000.0,328.70497269365063
0.31,0.27,72000.0,328.0092689909952
0.33,0.27,72000.0,327.17719834398883
0.35,0.27,72000.0,326.2083409361568
0.37,0.27,72000.0,325.10063846409673
0.39,0.27,72000.0,323.84990025655094
0.01,0.29,72000.0,323.796712991296
0.03,0.29,72000.0,324.9428228770505
0.05,0.29,72000.0,325.95092053799544
0.07,0.29,72000.0,326.82796739660387
0.09,0.29,72000.0,327.57819893585827
0.11,0.29,72000.0,328.20367549176206
0.13,0.29,72000.0,328.7049726936505
0.15,0.29,72000.0,329.081812912659
0.17,0.29,72000.0,329.3335688153725
0.19,0.29,72000.0,329.4596282436907
0.21,0.29,72000.0,329.4596282436908
0.23,0.29,72000.0,329.33356881537253
0.25,0.29,72000.0,329.0818129126591
0.27,0.29,72000.0,328.70497269365063
0.29,0.29,72000.0,328.20367549176217
0.31,0.29,72000.0,327.5781989358583
0.33,0.29,72000.0,326.8279673966039
0.35,0.29,72000.0,325.9509205379955
0.37,0.29,72000.0,324.9428228770505
0.39,0.29,72000.0,323.796712991296
0.01,0.31,72000.0,323.7295095535215
0.03,0.31,72000.0,324.74375432682643
0.05,0.31,72000.0,325.62706252471594
0.07,0.31,72000.0,326.3898980131618
0.09,0.31,72000.0,327.0390063597959
0.11,0.31,72000.0,327.5781989358582
0.13,0.31,72000.0,328.0092689909951
0.15,0.31,72000.0,328.3327846980444
0.17,0.31,72000.0,328.5486931910015
0.19,0.31,72000.0,328.6567419907611
0.21,0.31,72000.0,328.6567419907611
0.23,0.31,72000.0,328.5486931910015
0.25,0.31,72000.0,328.33278469804446
0.27,0.31,72000.0,328.0092689909952
0.29,0.31,72000.0,327.5781989358584
0.31,0.31,72000.0,327.039006359796
0.33,0.31,72000.0,326.3898980131619
0.35,0.31,72000.0,325.627062524716
0.37,0.31,72000.0,324.74375432682643
0.39,0.31,72000.0,323.7295095535215
0.01,0.33,72000.0,323.6472123271201
0.03,0.33,72000.0,324.5007793888688
0.05,0.33,72000.0,325.2335938312372
0.07,0.33,72000.0,325.8602189912626
0.09,0.33,72000.0,326.3898980131618
0.11,0.33,72000.0,326.8279673966038
0.13,0.33,72000.0,327.1771983439887
0.15,0.33,72000.0,327.4388184301026
0.17,0.33,72000.0,327.61322483529347
0.19,0.33,72000.0,327.7004520888319
0.21,0.33,72000.0,327.7004520888319
0.23,0.33,72000.0,327.6132248352935
0.25,0.33,72000.0,327.4388184301027
0.27,0.33,72000.0,327.17719834398883
0.29,0.33,72000.0,326.827967396604
0.31,0.33,72000.0,326.38989801316194
0.33,0.33,72000.0,325.8602189912627
0.35,0.33,72000.0,325.2335938312372
0.37,0.33,72000.0,324.5007793888688
0.39,0.33,72000.0,323.64721232712003
0.01,0.35,72000.0,323.5475309607618
0.03,0.35,72000.0,324.2086098511313
0.05,0.35,72000.0,324.7644299803321
0.07,0.35,72000.0,325.2335938312372
0.09,0.35,72000.0,325.62706252471594
0.11,0.35,72000.0,325.95092053799544
0.13,0.35,72000.0,326.2083409361567
0.15,0.35,72000.0,326.40083417389667
0.17,0.35,72000.0,326.5290199071995
0.19,0.35,72000.0,326.59309395970735
0.21,0.35,72000.0,326.5930939597073
0.23,0.35,72000.0,326.5290199071995
0.25,0.35,72000.0,326.4008341738968
0.27,0.35,72000.0,326.2083409361568
0.29,0.35,72000.0,325.9509205379955
0.31,0.35,72000.0,325.62706252471605
0.33,0.35,72000.0,325.2335938312372
0.35,0.35,72000.0,324.7644299803321
0.37,0.35,72000.0,324.20860985113126
0.39,0.35,72000.0,323.5475309607618
0.01,0.37,72000.0,323.4253066639404
0.03,0.37,72000.0,323.8568828980132
0.05,0.37,72000.0,324.2086098511313
0.07,0.37,72000.0,324.5007793888688
0.09,0.37,72000.0,324.74375432682643
0.11,0.37,72000.0,324.9428228770505
0.13,0.37,72000.0,325.10063846409673
0.15,0.37,72000.0,325.2184689425548
0.17,0.37,72000.0,325.296865997147
0.19,0.37,72000.0,325.3360351414961
0.21,0.37,72000.0,325.3360351414961
0.23,0.37,72000.0,325.296865997147
0.25,0.37,72000.0,325.2184689425548
0.27,0.37,72000.0,325.1006384640968
0.29,0.37,72000.0,324.94282287705056
0.31,0.37,72000.0,324.7437543268265
0.33,0.37,72000.0,324.5007793888688
0.35,0.37,72000.0,324.20860985113126
0.37,0.37,72000.0,323.8568828980132
0.39,0.37,72000.0,323.4253066639403
0.01,0.39,72000.0,323.2673071063423
0.03,0.39,72000.0,323.4253066639404
0.05,0.39,72000.0,323.54753096076183
0.07,0.39,72000.0,323.6472123271201
0.09,0.39,72000.0,323.7295095535215
0.11,0.39,72000.0,323.796712991296
0.13,0.39,72000.0,323.84990025655094
0.15,0.39,72000.0,323.88957519912367
0.17,0.39,72000.0,323.91595901305027
0.19,0.39,72000.0,323.9291376302124
0.21,0.39,72000.0,323.9291376302124
0.23,0.39,72000.0,323.9159590130502
0.25,0.39,72000.0,323.88957519912367
0.27,0.39,72000.0,323.84990025655094
0.29,0.39,72000.0,323.796712991296
0.31,0.39,72000.0,323.7295095535215
0.33,0.39,72000.0,323.6472123271201
0.35,0.39,72000.0,323.5475309607618
0.37,0.39,72000.0,323.4253066639403
0.39,0.39,72000.0,323.26730710634234
