x,y,time,T
0.01,0.01,0.0,310.0
0.03,0.01,0.0,310.0
0.05,0.01,0.0,310.0
0.07,0.01,0.0,310.0
0.09,0.01,0.0,310.0
0.11,0.01,0.0,310.0
0.13,0.01,0.0,310.0
0.15,0.01,0.0,310.0
0.17,0.01,0.0,310.0
0.19,0.01,0.0,310.0
0.21,0.01,0.0,310.0
0.23,0.01,0.0,310.0
0.25,0.01,0.0,310.0
0.27,0.01,0.0,310.0
0.29,0.01,0.0,310.0
0.31,0.01,0.0,310.0
0.33,0.01,0.0,310.0
0.35,0.01,0.0,310.0
0.37,0.01,0.0,310.0
0.39,0.01,0.0,310.0
0.01,0.03,0.0,310.0
0.03,0.03,0.0,310.0
0.05,0.03,0.0,310.0
0.07,0.03,0.0,310.0
0.09,0.03,0.0,310.0
0.11,0.03,0.0,310.0
0.13,0.03,0.0,310.0
0.15,0.03,0.0,310.0
0.17,0.03,0.0,310.0
0.19,0.03,0.0,310.0
0.21,0.03,0.0,310.0
0.23,0.03,0.0,310.0
0.25,0.03,0.0,310.0
0.27,0.03,0.0,310.0
0.29,0.03,0.0,310.0
0.31,0.03,0.0,310.0
0.33,0.03,0.0,310.0
0.35,0.03,0.0,310.0
0.37,0.03,0.0,310.0
0.39,0.03,0.0,310.0
0.01,0.05,0.0,310.0
0.03,0.05,0.0,310.0
0.05,0.05,0.0,310.0
0.07,0.05,0.0,310.0
0.09,0.05,0.0,310.0
0.11,0.05,0.0,310.0
0.13,0.05,0.0,310.0
0.15,0.05,0.0,310.0
0.17,0.05,0.0,310.0
0.19,0.05,0.0,310.0
0.21,0.05,0.0,310.0
0.23,0.05,0.0,310.0
0.25,0.05,0.0,310.0
0.27,0.05,0.0,310.0
0.29,0.05,0.0,310.0
0.31,0.05,0.0,310.0
0.33,0.05,0.0,310.0
0.35,0.05,0.0,310.0
0.37,0.05,0.0,310.0
0.39,0.05,0.0,310.0
0.01,0.07,0.0,310.0
0.03,0.07,0.0,310.0
0.05,0.07,0.0,310.0
0.07,0.07,0.0,310.0
0.09,0.07,0.0,310.0
0.11,0.07,0.0,310.0
0.13,0.07,0.0,310.0
0.15,0.07,0.0,310.0
0.17,0.07,0.0,310.0
0.19,0.07,0.0,310.0
0.21,0.07,0.0,310.0
0.23,0.07,0.0,310.0
0.25,0.07,0.0,310.0
0.27,0.07,0.0,310.0
0.29,0.07,0.0,310.0
0.31,0.07,0.0,310.0
0.33,0.07,0.0,310.0
0.35,0.07,0.0,310.0
0.37,0.07,0.0,310.0
0.39,0.07,0.0,310.0
0.01,0.09,0.0,310.0
0.03,0.09,0.0,310.0
0.05,0.09,0.0,310.0
0.07,0.09,0.0,310.0
0.09,0.09,0.0,310.0
0.11,0.09,0.0,310.0
0.13,0.09,0.0,310.0
0.15,0.09,0.0,310.0
0.17,0.09,0.0,310.0
0.19,0.09,0.0,310.0
0.21,0.09,0.0,310.0
0.23,0.09,0.0,310.0
0.25,0.09,0.0,310.0
0.27,0.09,0.0,310.0
0.29,0.09,0.0,310.0
0.31,0.09,0.0,310.0
0.33,0.09,0.0,310.0
0.35,0.09,0.0,310.0
0.37,0.09,0.0,310.0
0.39,0.09,0.0,310.0
0.01,0.11,0.0,310.0
0.03,0.11,0.0,310.0
0.05,0.11,0.0,310.0
0.07,0.11,0.0,310.0
0.09,0.11,0.0,310.0
0.11,0.11,0.0,310.0
0.13,0.11,0.0,310.0
0.15,0.11,0.0,310.0
0.17,0.11,0.0,310.0
0.19,0.11,0.0,310.0
0.21,0.11,0.0,310.0
0.23,0.11,0.0,310.0
0.25,0.11,0.0,310.0
0.27,0.11,0.0,310.0
0.29,0.11,0.0,310.0
0.31,0.11,0.0,310.0
0.33,0.11,0.0,310.0
0.35,0.11,0.0,310.0
0.37,0.11,0.0,310.0
0.39,0.11,0.0,310.0
0.01,0.13,0.0,310.0
0.03,0.13,0.0,310.0
0.05,0.13,0.0,310.0
0.07,0.13,0.0,310.0
0.09,0.13,0.0,310.0
0.11,0.13,0.0,310.0
0.13,0.13,0.0,310.0
0.15,0.13,0.0,310.0
0.17,0.13,0.0,310.0
0.19,0.13,0.0,310.0
0.21,0.13,0.0,310.0
0.23,0.13,0.0,310.0
0.25,0.13,0.0,310.0
0.27,0.13,0.0,310.0
0.29,0.13,0.0,310.0
0.31,0.13,0.0,310.0
0.33,0.13,0.0,310.0
0.35,0.13,0.0,310.0
0.37,0.13,0.0,310.0
0.39,0.13,0.0,310.0
0.01,0.15,0.0,310.0
0.03,0.15,0.0,310.0
0.05,0.15,0.0,310.0
0.07,0.15,0.0,310.0
0.09,0.15,0.0,310.0
0.11,0.15,0.0,310.0
0.13,0.15,0.0,310.0
0.15,0.15,0.0,310.0
0.17,0.15,0.0,310.0
0.19,0.15,0.0,310.0
0.21,0.15,0.0,310.0
0.23,0.15,0.0,310.0
0.25,0.15,0.0,310.0
0.27,0.15,0.0,310.0
0.29,0.15,0.0,310.0
0.31,0.15,0.0,310.0
0.33,0.15,0.0,310.0
0.35,0.15,0.0,310.0
0.37,0.15,0.0,310.0
0.39,0.15,0.0,310.0
0.01,0.17,0.0,310.0
0.03,0.17,0.0,310.0
0.05,0.17,0.0,310.0
0.07,0.17,0.0,310.0
0.09,0.17,0.0,310.0
0.11,0.17,0.0,310.0
0.13,0.17,0.0,310.0
0.15,0.17,0.0,310.0
0.17,0.17,0.0,310.0
0.19,0.17,0.0,310.0
0.21,0.17,0.0,310.0
0.23,0.17,0.0,310.0
0.25,0.17,0.0,310.0
0.27,0.17,0.0,310.0
0.29,0.17,0.0,310.0
0.31,0.17,0.0,310.0
0.33,0.17,0.0,310.0
0.35,0.17,0.0,310.0
0.37,0.17,0.0,310.0
0.39,0.17,0.0,310.0
0.01,0.19,0.0,310.0
0.03,0.19,0.0,310.0
0.05,0.19,0.0,310.0
0.07,0.19,0.0,310.0
0.09,0.19,0.0,310.0
0.11,0.19,0.0,310.0
0.13,0.19,0.0,310.0
0.15,0.19,0.0,310.0
0.17,0.19,0.0,310.0
0.19,0.19,0.0,310.0
0.21,0.19,0.0,310.0
0.23,0.19,0.0,310.0
0.25,0.19,0.0,310.0
0.27,0.19,0.0,310.0
0.29,0.19,0.0,310.0
0.31,0.19,0.0,310.0
0.33,0.19,0.0,310.0
0.35,0.19,0.0,310.0
0.37,0.19,0.0,310.0
0.39,0.19,0.0,310.0
0.01,0.21,0.0,310.0
0.03,0.21,0.0,310.0
0.05,0.21,0.0,310.0
0.07,0.21,0.0,310.0
0.09,0.21,0.0,310.0
0.11,0.21,0.0,310.0
0.13,0.21,0.0,310.0
0.15,0.21,0.0,310.0
0.17,0.21,0.0,310.0
0.19,0.21,0.0,310.0
0.21,0.21,0.0,310.0
0.23,0.21,0.0,310.0
0.25,0.21,0.0,310.0
0.27,0.21,0.0,310.0
0.29,0.21,0.0,310.0
0.31,0.21,0.0,310.0
0.33,0.21,0.0,310.0
0.35,0.21,0.0,310.0
0.37,0.21,0.0,310.0
0.39,0.21,0.0,310.0
0.01,0.23,0.0,310.0
0.03,0.23,0.0,310.0
0.05,0.23,0.0,310.0
0.07,0.23,0.0,310.0
0.09,0.23,0.0,310.0
0.11,0.23,0.0,310.0
0.13,0.23,0.0,310.0
0.15,0.23,0.0,310.0
0.17,0.23,0.0,310.0
0.19,0.23,0.0,310.0
0.21,0.23,0.0,310.0
0.23,0.23,0.0,310.0
0.25,0.23,0.0,310.0
0.27,0.23,0.0,310.0
0.29,0.23,0.0,310.0
0.31,0.23,0.0,310.0
0.33,0.23,0.0,310.0
0.35,0.23,0.0,310.0
0.37,0.23,0.0,310.0
0.39,0.23,0.0,310.0
0.01,0.25,0.0,310.0
0.03,0.25,0.0,310.0
0.05,0.25,0.0,310.0
0.07,0.25,0.0,310.0
0.09,0.25,0.0,310.0
0.11,0.25,0.0,310.0
0.13,0.25,0.0,310.0
0.15,0.25,0.0,310.0
0.17,0.25,0.0,310.0
0.19,0.25,0.0,310.0
0.21,0.25,0.0,310.0
0.23,0.25,0.0,310.0
0.25,0.25,0.0,310.0
0.27,0.25,0.0,310.0
0.29,0.25,0.0,310.0
0.31,0.25,0.0,310.0
0.33,0.25,0.0,310.0
0.35,0.25,0.0,310.0
0.37,0.25,0.0,310.0
0.39,0.25,0.0,310.0
0.01,0.27,0.0,310.0
0.03,0.27,0.0,310.0
0.05,0.27,0.0,310.0
0.07,0.27,0.0,310.0
0.09,0.27,0.0,310.0
0.11,0.27,0.0,310.0
0.13,0.27,0.0,310.0
0.15,0.27,0.0,310.0
0.17,0.27,0.0,310.0
0.19,0.27,0.0,310.0
0.21,0.27,0.0,310.0
0.23,0.27,0.0,310.0
0.25,0.27,0.0,310.0
0.27,0.27,0.0,310.0
0.29,0.27,0.0,310.0
0.31,0.27,0.0,310.0
0.33,0.27,0.0,310.0
0.35,0.27,0.0,310.0
0.37,0.27,0.0,310.0
0.39,0.27,0.0,310.0
0.01,0.29,0.0,310.0
0.03,0.29,0.0,310.0
0.05,0.29,0.0,310.0
0.07,0.29,0.0,310.0
0.09,0.29,0.0,310.0
0.11,0.29,0.0,310.0
0.13,0.29,0.0,310.0
0.15,0.29,0.0,310.0
0.17,0.29,0.0,310.0
0.19,0.29,0.0,310.0
0.21,0.29,0.0,310.0
0.23,0.29,0.0,310.0
0.25,0.29,0.0,310.0
0.27,0.29,0.0,310.0
0.29,0.29,0.0,310.0
0.31,0.29,0.0,310.0
0.33,0.29,0.0,310.0
0.35,0.29,0.0,310.0
0.37,0.29,0.0,310.0
0.39,0.29,0.0,310.0
0.01,0.31,0.0,310.0
0.03,0.31,0.0,310.0
0.05,0.31,0.0,310.0
0.07,0.31,0.0,310.0
0.09,0.31,0.0,310.0
0.11,0.31,0.0,310.0
0.13,0.31,0.0,310.0
0.15,0.31,0.0,310.0
0.17,0.31,0.0,310.0
0.19,0.31,0.0,310.0
0.21,0.31,0.0,310.0
0.23,0.31,0.0,310.0
0.25,0.31,0.0,310.0
0.27,0.31,0.0,310.0
0.29,0.31,0.0,310.0
0.31,0.31,0.0,310.0
0.33,0.31,0.0,310.0
0.35,0.31,0.0,310.0
0.37,0.31,0.0,310.0
0.39,0.31,0.0,310.0
0.01,0.33,0.0,310.0
0.03,0.33,0.0,310.0
0.05,0.33,0.0,310.0
0.07,0.33,0.0,310.0
0.09,0.33,0.0,310.0
0.11,0.33,0.0,310.0
0.13,0.33,0.0,310.0
0.15,0.33,0.0,310.0
0.17,0.33,0.0,310.0
0.19,0.33,0.0,310.0
0.21,0.33,0.0,310.0
0.23,0.33,0.0,310.0
0.25,0.33,0.0,310.0
0.27,0.33,0.0,310.0
0.29,0.33,0.0,310.0
0.31,0.33,0.0,310.0
0.33,0.33,0.0,310.0
0.35,0.33,0.0,310.0
0.37,0.33,0.0,310.0
0.39,0.33,0.0,310.0
0.01,0.35,0.0,310.0
0.03,0.35,0.0,310.0
0.05,0.35,0.0,310.0
0.07,0.35,0.0,310.0
0.09,0.35,0.0,310.0
0.11,0.35,0.0,310.0
0.13,0.35,0.0,310.0
0.15,0.35,0.0,310.0
0.17,0.35,0.0,310.0
0.19,0.35,0.0,310.0
0.21,0.35,0.0,310.0
0.23,0.35,0.0,310.0
0.25,0.35,0.0,310.0
0.27,0.35,0.0,310.0
0.29,0.35,0.0,310.0
0.31,0.35,0.0,310.0
0.33,0.35,0.0,310.0
0.35,0.35,0.0,310.0
0.37,0.35,0.0,310.0
0.39,0.35,0.0,310.0
0.01,0.37,0.0,310.0
0.03,0.37,0.0,310.0
0.05,0.37,0.0,310.0
0.07,0.37,0.0,310.0
0.09,0.37,0.0,310.0
0.11,0.37,0.0,310.0
0.13,0.37,0.0,310.0
0.15,0.37,0.0,310.0
0.17,0.37,0.0,310.0
0.19,0.37,0.0,310.0
0.21,0.37,0.0,310.0
0.23,0.37,0.0,310.0
0.25,0.37,0.0,310.0
0.27,0.37,0.0,310.0
0.29,0.37,0.0,310.0
0.31,0.37,0.0,310.0
0.33,0.37,0.0,310.0
0.35,0.37,0.0,310.0
0.37,0.37,0.0,310.0
0.39,0.37,0.0,310.0
0.01,0.39,0.0,310.0
0.03,0.39,0.0,310.0
0.05,0.39,0.0,310.0
0.07,0.39,0.0,310.0
0.09,0.39,0.0,310.0
0.11,0.39,0.0,310.0
0.13,0.39,0.0,310.0
0.15,0.39,0.0,310.0
0.17,0.39,0.0,310.0
0.19,0.39,0.0,310.0
0.21,0.39,0.0,310.0
0.23,0.39,0.0,310.0
0.25,0.39,0.0,310.0
0.27,0.39,0.0,310.0
0.29,0.39,0.0,310.0
0.31,0.39,0.0,310.0
0.33,0.39,0.0,310.0
0.35,0.39,0.0,310.0
0.37,0.39,0.0,310.0
0.39,0.39,0.0,310.0
0.01,0.01,1846.1538461538464,322.2467318581564
0.03,0.01,1846.1538461538464,321.49422020998
0.05,0.01,1846.1538461538464,321.13142726988724
0.07,0.01,1846.1538461538464,320.9409689934972
0.09,0.01,1846.1538461538464,320.83630762275953
0.11,0.01,1846.1538461538464,320.7774344558607
0.13,0.01,1846.1538461538464,320.7440331710425
0.15,0.01,1846.1538461538464,320.72525630496943
0.17,0.01,1846.1538461538464,320.7152255639692
0.19,0.01,1846.1538461538464,320.7108692552995
0.21,0.01,1846.1538461538464,320.7108692552995
0.23,0.01,1846.1538461538464,320.7152255639692
0.25,0.01,1846.1538461538464,320.72525630496943
0.27,0.01,1846.1538461538464,320.7440331710425
0.29,0.01,1846.1538461538464,320.7774344558607
0.31,0.01,1846.1538461538464,320.83630762275953
0.33,0.01,1846.1538461538464,320.9409689934972
0.35,0.01,1846.1538461538464,321.1314272698873
0.37,0.01,1846.1538461538464,321.49422020998
0.39,0.01,1846.1538461538464,322.24673185815647
0.01,0.03,1846.1538461538464,321.49422020998
0.03,0.03,1846.1538461538464,319.74865602721053
0.05,0.03,1846.1538461538464,318.804273556403
0.07,0.03,1846.1538461538464,318.280911862681
0.09,0.03,1846.1538461538464,317.98576497606587
0.11,0.03,1846.1538461538464,317.8175518680491
0.13,0.03,1846.1538461538464,317.7214381608404
0.15,0.03,1846.1538461538464,317.66718705708047
0.17,0.03,1846.1538461538464,317.6381371470384
0.19,0.03,1846.1538461538464,317.6255049862341
0.21,0.03,1846.1538461538464,317.62550498623403
0.23,0.03,1846.1538461538464,317.6381371470384
0.25,0.03,1846.1538461538464,317.6671870570805
0.27,0.03,1846.1538461538464,317.7214381608404
0.29,0.03,1846.1538461538464,317.8175518680492
0.31,0.03,1846.1538461538464,317.98576497606587
0.33,0.03,1846.1538461538464,318.2809118626811
0.35,0.03,1846.1538461538464,318.804273556403
0.37,0.03,1846.1538461538464,319.7486560272106
0.39,0.03,1846.1538461538464,321.49422020998
0.01,0.05,1846.1538461538464,321.13142726988724
0.03,0.05,1846.1538461538464,318.80427355640296
0.05,0.05,1846.1538461538464,317.4662960826088
0.07,0.05,1846.1538461538464,316.6956536628032
0.09,0.05,1846.1538461538464,316.2505529129556
0.11,0.05,1846.1538461538464,315.9930947377637
0.13,0.05,1846.1538461538464,315.84461417495373
0.15,0.05,1846.1538461538464,315.76030856998426
0.17,0.05,1846.1538461538464,315.71499902825207
0.19,0.05,1846.1538461538464,315.6952561946758
0.21,0.05,1846.1538461538464,315.6952561946758
0.23,0.05,1846.1538461538464,315.714999028252
0.25,0.05,1846.1538461538464,315.76030856998426
0.27,0.05,1846.1538461538464,315.84461417495373
0.29,0.05,1846.1538461538464,315.9930947377637
0.31,0.05,1846.1538461538464,316.2505529129555
0.33,0.05,1846.1538461538464,316.6956536628032
0.35,0.05,1846.1538461538464,317.4662960826088
0.37,0.05,1846.1538461538464,318.804273556403
0.39,0.05,1846.1538461538464,321.13142726988724
0.01,0.07,1846.1538461538464,320.9409689934971
0.03,0.07,1846.1538461538464,318.280911862681
0.05,0.07,1846.1538461538464,316.6956536628031
0.07,0.07,1846.1538461538464,315.75785508334263
0.09,0.07,1846.1538461538464,315.2058755859203
0.11,0.07,1846.1538461538464,314.8823925837414
0.13,0.07,1846.1538461538464,314.69414866790464
0.15,0.07,1846.1538461538464,314.586607465647
0.17,0.07,1846.1538461538464,314.5285760532604
0.19,0.07,1846.1538461538464,314.5032309514371
0.21,0.07,1846.1538461538464,314.5032309514371
0.23,0.07,1846.1538461538464,314.5285760532604
0.25,0.07,1846.1538461538464,314.586607465647
0.27,0.07,1846.1538461538464,314.6941486679047
0.29,0.07,1846.1538461538464,314.8823925837414
0.31,0.07,1846.1538461538464,315.20587558592035
0.33,0.07,1846.1538461538464,315.75785508334263
0.35,0.07,1846.1538461538464,316.6956536628032
0.37,0.07,1846.1538461538464,318.280911862681
0.39,0.07,1846.1538461538464,320.9409689934971
0.01,0.09,1846.1538461538464,320.83630762275953
0.03,0.09,1846.1538461538464,317.9857649760658
0.05,0.09,1846.1538461538464,316.2505529129555
0.07,0.09,1846.1538461538464,315.2058755859203
0.09,0.09,1846.1538461538464,314.5825714011129
0.11,0.09,1846.1538461538464,314.2135427881114
0.13,0.09,1846.1538461538464,313.99716864307464
0.15,0.09,1846.1538461538464,313.8728779634228
0.17,0.09,1846.1538461538464,313.80555378355905
0.19,0.09,1846.1538461538464,313.7760836788218
0.21,0.09,1846.1538461538464,313.7760836788218
0.23,0.09,1846.1538461538464,313.80555378355905
0.25,0.09,1846.1538461538464,313.8728779634228
0.27,0.09,1846.1538461538464,313.9971686430747
0.29,0.09,1846.1538461538464,314.21354278811145
0.31,0.09,1846.1538461538464,314.5825714011129
0.33,0.09,1846.1538461538464,315.20587558592035
0.35,0.09,1846.1538461538464,316.2505529129556
0.37,0.09,1846.1538461538464,317.98576497606587
0.39,0.09,1846.1538461538464,320.83630762275953
0.01,0.11,1846.1538461538464,320.7774344558607
0.03,0.11,1846.1538461538464,317.8175518680492
0.05,0.11,1846.1538461538464,315.9930947377637
0.07,0.11,1846.1538461538464,314.8823925837414
0.09,0.11,1846.1538461538464,314.2135427881114
0.11,0.11,1846.1538461538464,313.8146058871468
0.13,0.11,1846.1538461538464,313.5793306491762
0.15,0.11,1846.1538461538464,313.44357875455614
0.17,0.11,1846.1538461538464,313.3698094932043
0.19,0.11,1846.1538461538464,313.3374543429531
0.21,0.11,1846.1538461538464,313.3374543429531
0.23,0.11,1846.1538461538464,313.3698094932043
0.25,0.11,1846.1538461538464,313.44357875455614
0.27,0.11,1846.1538461538464,313.57933064917626
0.29,0.11,1846.1538461538464,313.81460588714685
0.31,0.11,1846.1538461538464,314.21354278811145
0.33,0.11,1846.1538461538464,314.8823925837414
0.35,0.11,1846.1538461538464,315.9930947377638
0.37,0.11,1846.1538461538464,317.8175518680491
0.39,0.11,1846.1538461538464,320.7774344558607
0.01,0.13,1846.1538461538464,320.7440331710425
0.03,0.13,1846.1538461538464,317.7214381608404
0.05,0.13,1846.1538461538464,315.8446141749537
0.07,0.13,1846.1538461538464,314.69414866790464
0.09,0.13,1846.1538461538464,313.9971686430747
0.11,0.13,1846.1538461538464,313.57933064917626
0.13,0.13,1846.1538461538464,313.3318677843356
0.15,0.13,1846.1538461538464,313.1886002331999
0.17,0.13,1846.1538461538464,313.1105497325527
0.19,0.13,1846.1538461538464,313.076262323649
0.21,0.13,1846.1538461538464,313.076262323649
0.23,0.13,1846.1538461538464,313.1105497325527
0.25,0.13,1846.1538461538464,313.18860023319985
0.27,0.13,1846.1538461538464,313.3318677843356
0.29,0.13,1846.1538461538464,313.57933064917626
0.31,0.13,1846.1538461538464,313.9971686430747
0.33,0.13,1846.1538461538464,314.6941486679047
0.35,0.13,1846.1538461538464,315.8446141749537
0.37,0.13,1846.1538461538464,317.7214381608405
0.39,0.13,1846.1538461538464,320.7440331710425
0.01,0.15,1846.1538461538464,320.72525630496943
0.03,0.15,1846.1538461538464,317.66718705708047
0.05,0.15,1846.1538461538464,315.76030856998426
0.07,0.15,1846.1538461538464,314.5866074656469
0.09,0.15,1846.1538461538464,313.8728779634228
0.11,0.15,1846.1538461538464,313.44357875455614
0.13,0.15,1846.1538461538464,313.1886002331999
0.15,0.15,1846.1538461538464,313.0406298588668
0.17,0.15,1846.1538461538464,312.9598694371033
0.19,0.15,1846.1538461538464,312.92434981840125
0.21,0.15,1846.1538461538464,312.92434981840125
0.23,0.15,1846.1538461538464,312.9598694371033
0.25,0.15,1846.1538461538464,313.04062985886674
0.27,0.15,1846.1538461538464,313.18860023319985
0.29,0.15,1846.1538461538464,313.44357875455614
0.31,0.15,1846.1538461538464,313.8728779634228
0.33,0.15,1846.1538461538464,314.586607465647
0.35,0.15,1846.1538461538464,315.76030856998426
0.37,0.15,1846.1538461538464,317.66718705708047
0.39,0.15,1846.1538461538464,320.72525630496943
0.01,0.17,1846.1538461538464,320.7152255639692
0.03,0.17,1846.1538461538464,317.6381371470384
0.05,0.17,1846.1538461538464,315.714999028252
0.07,0.17,1846.1538461538464,314.52857605326034
0.09,0.17,1846.1538461538464,313.805553783559
0.11,0.17,1846.1538461538464,313.3698094932043
0.13,0.17,1846.1538461538464,313.1105497325527
0.15,0.17,1846.1538461538464,312.9598694371033
0.17,0.17,1846.1538461538464,312.87753302617693
0.19,0.17,1846.1538461538464,312.8412924789732
0.21,0.17,1846.1538461538464,312.8412924789732
0.23,0.17,1846.1538461538464,312.8775330261769
0.25,0.17,1846.1538461538464,312.95986943710324
0.27,0.17,1846.1538461538464,313.11054973255267
0.29,0.17,1846.1538461538464,313.3698094932043
0.31,0.17,1846.1538461538464,313.805553783559
0.33,0.17,1846.1538461538464,314.52857605326034
0.35,0.17,1846.1538461538464,315.71499902825195
0.37,0.17,1846.1538461538464,317.6381371470384
0.39,0.17,1846.1538461538464,320.7152255639692
0.01,0.19,1846.1538461538464,320.71086925529954
0.03,0.19,1846.1538461538464,317.6255049862341
0.05,0.19,1846.1538461538464,315.6952561946757
0.07,0.19,1846.1538461538464,314.50323095143705
0.09,0.19,1846.1538461538464,313.7760836788217
0.11,0.19,1846.1538461538464,313.33745434295304
0.13,0.19,1846.1538461538464,313.07626232364896
0.15,0.19,1846.1538461538464,312.92434981840125
0.17,0.19,1846.1538461538464,312.8412924789732
0.19,0.19,1846.1538461538464,312.8047208432831
0.21,0.19,1846.1538461538464,312.8047208432831
0.23,0.19,1846.1538461538464,312.8412924789732
0.25,0.19,1846.1538461538464,312.9243498184012
0.27,0.19,1846.1538461538464,313.0762623236489
0.29,0.19,1846.1538461538464,313.3374543429531
0.31,0.19,1846.1538461538464,313.7760836788217
0.33,0.19,1846.1538461538464,314.50323095143705
0.35,0.19,1846.1538461538464,315.6952561946757
0.37,0.19,1846.1538461538464,317.62550498623403
0.39,0.19,1846.1538461538464,320.7108692552995
0.01,0.21,1846.1538461538464,320.71086925529954
0.03,0.21,1846.1538461538464,317.6255049862341
0.05,0.21,1846.1538461538464,315.6952561946758
0.07,0.21,1846.1538461538464,314.5032309514371
0.09,0.21,1846.1538461538464,313.7760836788218
0.11,0.21,1846.1538461538464,313.33745434295304
0.13,0.21,1846.1538461538464,313.07626232364896
0.15,0.21,1846.1538461538464,312.92434981840125
0.17,0.21,1846.1538461538464,312.8412924789732
0.19,0.21,1846.1538461538464,312.8047208432831
0.21,0.21,1846.1538461538464,312.8047208432831
0.23,0.21,1846.1538461538464,312.8412924789732
0.25,0.21,1846.1538461538464,312.9243498184012
0.27,0.21,1846.1538461538464,313.0762623236489
0.29,0.21,1846.1538461538464,313.33745434295304
0.31,0.21,1846.1538461538464,313.7760836788217
0.33,0.21,1846.1538461538464,314.50323095143705
0.35,0.21,1846.1538461538464,315.6952561946757
0.37,0.21,1846.1538461538464,317.62550498623403
0.39,0.21,1846.1538461538464,320.7108692552995
0.01,0.23,1846.1538461538464,320.7152255639692
0.03,0.23,1846.1538461538464,317.63813714703844
0.05,0.23,1846.1538461538464,315.71499902825207
0.07,0.23,1846.1538461538464,314.5285760532604
0.09,0.23,1846.1538461538464,313.80555378355905
0.11,0.23,1846.1538461538464,313.3698094932043
0.13,0.23,1846.1538461538464,313.1105497325528
0.15,0.23,1846.1538461538464,312.9598694371033
0.17,0.23,1846.1538461538464,312.87753302617693
0.19,0.23,1846.1538461538464,312.84129247897323
0.21,0.23,1846.1538461538464,312.84129247897323
0.23,0.23,1846.1538461538464,312.8775330261769
0.25,0.23,1846.1538461538464,312.95986943710324
0.27,0.23,1846.1538461538464,313.11054973255267
0.29,0.23,1846.1538461538464,313.3698094932043
0.31,0.23,1846.1538461538464,313.805553783559
0.33,0.23,1846.1538461538464,314.5285760532604
0.35,0.23,1846.1538461538464,315.714999028252
0.37,0.23,1846.1538461538464,317.6381371470384
0.39,0.23,1846.1538461538464,320.7152255639692
0.01,0.25,1846.1538461538464,320.72525630496943
0.03,0.25,1846.1538461538464,317.6671870570805
0.05,0.25,1846.1538461538464,315.7603085699843
0.07,0.25,1846.1538461538464,314.586607465647
0.09,0.25,1846.1538461538464,313.87287796342287
0.11,0.25,1846.1538461538464,313.4435787545562
0.13,0.25,1846.1538461538464,313.1886002332
0.15,0.25,1846.1538461538464,313.0406298588669
0.17,0.25,1846.1538461538464,312.9598694371033
0.19,0.25,1846.1538461538464,312.9243498184012
0.21,0.25,1846.1538461538464,312.9243498184012
0.23,0.25,1846.1538461538464,312.95986943710324
0.25,0.25,1846.1538461538464,313.04062985886674
0.27,0.25,1846.1538461538464,313.18860023319985
0.29,0.25,1846.1538461538464,313.4435787545561
0.31,0.25,1846.1538461538464,313.8728779634228
0.33,0.25,1846.1538461538464,314.586607465647
0.35,0.25,1846.1538461538464,315.7603085699843
0.37,0.25,1846.1538461538464,317.6671870570805
0.39,0.25,1846.1538461538464,320.7252563049695
0.01,0.27,1846.1538461538464,320.7440331710425
0.03,0.27,1846.1538461538464,317.7214381608405
0.05,0.27,1846.1538461538464,315.8446141749538
0.07,0.27,1846.1538461538464,314.6941486679047
0.09,0.27,1846.1538461538464,313.9971686430748
0.11,0.27,1846.1538461538464,313.57933064917626
0.13,0.27,1846.1538461538464,313.33186778433566
0.15,0.27,1846.1538461538464,313.1886002332
0.17,0.27,1846.1538461538464,313.1105497325528
0.19,0.27,1846.1538461538464,313.07626232364896
0.21,0.27,1846.1538461538464,313.0762623236489
0.23,0.27,1846.1538461538464,313.1105497325527
0.25,0.27,1846.1538461538464,313.18860023319985
0.27,0.27,1846.1538461538464,313.3318677843356
0.29,0.27,1846.1538461538464,313.57933064917626
0.31,0.27,1846.1538461538464,313.9971686430747
0.33,0.27,1846.1538461538464,314.69414866790464
0.35,0.27,1846.1538461538464,315.84461417495373
0.37,0.27,1846.1538461538464,317.7214381608404
0.39,0.27,1846.1538461538464,320.7440331710425
0.01,0.29,1846.1538461538464,320.7774344558607
0.03,0.29,1846.1538461538464,317.8175518680492
0.05,0.29,1846.1538461538464,315.9930947377637
0.07,0.29,1846.1538461538464,314.8823925837414
0.09,0.29,1846.1538461538464,314.21354278811145
0.11,0.29,1846.1538461538464,313.81460588714685
0.13,0.29,1846.1538461538464,313.5793306491763
0.15,0.29,1846.1538461538464,313.44357875455614
0.17,0.29,1846.1538461538464,313.36980949320434
0.19,0.29,1846.1538461538464,313.33745434295304
0.21,0.29,1846.1538461538464,313.33745434295304
0.23,0.29,1846.1538461538464,313.36980949320423
0.25,0.29,1846.1538461538464,313.4435787545561
0.27,0.29,1846.1538461538464,313.5793306491762
0.29,0.29,1846.1538461538464,313.8146058871468
0.31,0.29,1846.1538461538464,314.2135427881114
0.33,0.29,1846.1538461538464,314.8823925837414
0.35,0.29,1846.1538461538464,315.9930947377637
0.37,0.29,1846.1538461538464,317.8175518680491
0.39,0.29,1846.1538461538464,320.7774344558607
0.01,0.31,1846.1538461538464,320.83630762275953
0.03,0.31,1846.1538461538464,317.98576497606587
0.05,0.31,1846.1538461538464,316.2505529129555
0.07,0.31,1846.1538461538464,315.20587558592035
0.09,0.31,1846.1538461538464,314.58257140111294
0.11,0.31,1846.1538461538464,314.21354278811145
0.13,0.31,1846.1538461538464,313.9971686430748
0.15,0.31,1846.1538461538464,313.87287796342287
0.17,0.31,1846.1538461538464,313.80555378355905
0.19,0.31,1846.1538461538464,313.7760836788217
0.21,0.31,1846.1538461538464,313.7760836788217
0.23,0.31,1846.1538461538464,313.805553783559
0.25,0.31,1846.1538461538464,313.8728779634228
0.27,0.31,1846.1538461538464,313.9971686430747
0.29,0.31,1846.1538461538464,314.2135427881114
0.31,0.31,1846.1538461538464,314.5825714011129
0.33,0.31,1846.1538461538464,315.20587558592035
0.35,0.31,1846.1538461538464,316.2505529129555
0.37,0.31,1846.1538461538464,317.98576497606587
0.39,0.31,1846.1538461538464,320.83630762275953
0.01,0.33,1846.1538461538464,320.9409689934971
0.03,0.33,1846.1538461538464,318.280911862681
0.05,0.33,1846.1538461538464,316.6956536628032
0.07,0.33,1846.1538461538464,315.75785508334263
0.09,0.33,1846.1538461538464,315.20587558592035
0.11,0.33,1846.1538461538464,314.8823925837415
0.13,0.33,1846.1538461538464,314.6941486679047
0.15,0.33,1846.1538461538464,314.586607465647
0.17,0.33,1846.1538461538464,314.52857605326045
0.19,0.33,1846.1538461538464,314.5032309514371
0.21,0.33,1846.1538461538464,314.5032309514371
0.23,0.33,1846.1538461538464,314.52857605326034
0.25,0.33,1846.1538461538464,314.586607465647
0.27,0.33,1846.1538461538464,314.69414866790464
0.29,0.33,1846.1538461538464,314.8823925837414
0.31,0.33,1846.1538461538464,315.2058755859203
0.33,0.33,1846.1538461538464,315.7578550833426
0.35,0.33,1846.1538461538464,316.6956536628031
0.37,0.33,1846.1538461538464,318.28091186268097
0.39,0.33,1846.1538461538464,320.9409689934971
0.01,0.35,1846.1538461538464,321.13142726988724
0.03,0.35,1846.1538461538464,318.80427355640296
0.05,0.35,1846.1538461538464,317.4662960826088
0.07,0.35,1846.1538461538464,316.6956536628032
0.09,0.35,1846.1538461538464,316.2505529129556
0.11,0.35,1846.1538461538464,315.9930947377638
0.13,0.35,1846.1538461538464,315.84461417495373
0.15,0.35,1846.1538461538464,315.7603085699843
0.17,0.35,1846.1538461538464,315.7149990282521
0.19,0.35,1846.1538461538464,315.6952561946758
0.21,0.35,1846.1538461538464,315.6952561946758
0.23,0.35,1846.1538461538464,315.71499902825207
0.25,0.35,1846.1538461538464,315.76030856998426
0.27,0.35,1846.1538461538464,315.8446141749537
0.29,0.35,1846.1538461538464,315.99309473776367
0.31,0.35,1846.1538461538464,316.2505529129555
0.33,0.35,1846.1538461538464,316.6956536628031
0.35,0.35,1846.1538461538464,317.4662960826087
0.37,0.35,1846.1538461538464,318.80427355640296
0.39,0.35,1846.1538461538464,321.13142726988724
0.01,0.37,1846.1538461538464,321.49422020998
0.03,0.37,1846.1538461538464,319.74865602721053
0.05,0.37,1846.1538461538464,318.804273556403
0.07,0.37,1846.1538461538464,318.280911862681
0.09,0.37,1846.1538461538464,317.9857649760658
0.11,0.37,1846.1538461538464,317.8175518680491
0.13,0.37,1846.1538461538464,317.7214381608404
0.15,0.37,1846.1538461538464,317.6671870570805
0.17,0.37,1846.1538461538464,317.63813714703844
0.19,0.37,1846.1538461538464,317.62550498623415
0.21,0.37,1846.1538461538464,317.6255049862341
0.23,0.37,1846.1538461538464,317.63813714703844
0.25,0.37,1846.1538461538464,317.6671870570805
0.27,0.37,1846.1538461538464,317.7214381608404
0.29,0.37,1846.1538461538464,317.8175518680491
0.31,0.37,1846.1538461538464,317.9857649760658
0.33,0.37,1846.1538461538464,318.28091186268097
0.35,0.37,1846.1538461538464,318.80427355640296
0.37,0.37,1846.1538461538464,319.74865602721053
0.39,0.37,1846.1538461538464,321.49422020998
0.01,0.39,1846.1538461538464,322.24673185815647
0.03,0.39,1846.1538461538464,321.49422020998
0.05,0.39,1846.1538461538464,321.13142726988724
0.07,0.39,1846.1538461538464,320.9409689934971
0.09,0.39,1846.1538461538464,320.8363076227595
0.11,0.39,1846.1538461538464,320.7774344558607
0.13,0.39,1846.1538461538464,320.7440331710425
0.15,0.39,1846.1538461538464,320.7252563049695
0.17,0.39,1846.1538461538464,320.7152255639693
0.19,0.39,1846.1538461538464,320.71086925529954
0.21,0.39,1846.1538461538464,320.71086925529954
0.23,0.39,1846.1538461538464,320.7152255639692
0.25,0.39,1846.1538461538464,320.72525630496943
0.27,0.39,1846.1538461538464,320.7440331710425
0.29,0.39,1846.1538461538464,320.7774344558607
0.31,0.39,1846.1538461538464,320.8363076227595
0.33,0.39,1846.1538461538464,320.9409689934971
0.35,0.39,1846.1538461538464,321.13142726988724
0.37,0.39,1846.1538461538464,321.49422020998
0.39,0.39,1846.1538461538464,322.2467318581564
0.01,0.01,3692.307692307693,324.32222519240173
0.03,0.01,3692.307692307693,324.9200108666846
0.05,0.01,3692.307692307693,325.0257132645105
0.07,0.01,3692.307692307693,324.99241021962
0.09,0.01,3692.307692307693,324.9294938063543
0.11,0.01,3692.307692307693,324.87107619933107
0.13,0.01,3692.307692307693,324.82601590200545
0.15,0.01,3692.307692307693,324.7947677594412
0.17,0.01,3692.307692307693,324.775507161864
0.19,0.01,3692.307692307693,324.7663976828903
0.21,0.01,3692.307692307693,324.7663976828904
0.23,0.01,3692.307692307693,324.775507161864
0.25,0.01,3692.307692307693,324.7947677594412
0.27,0.01,3692.307692307693,324.8260159020054
0.29,0.01,3692.307692307693,324.87107619933107
0.31,0.01,3692.307692307693,324.9294938063543
0.33,0.01,3692.307692307693,324.99241021962
0.35,0.01,3692.307692307693,325.0257132645105
0.37,0.01,3692.307692307693,324.9200108666846
0.39,0.01,3692.307692307693,324.32222519240173
0.01,0.03,3692.307692307693,324.9200108666846
0.03,0.03,3692.307692307693,325.9952666674233
0.05,0.03,3692.307692307693,326.15836704719175
0.07,0.03,3692.307692307693,326.02534481907765
0.09,0.03,3692.307692307693,325.830308402864
0.11,0.03,3692.307692307693,325.6545788186207
0.13,0.03,3692.307692307693,325.51993123038034
0.15,0.03,3692.307692307693,325.4266941205149
0.17,0.03,3692.307692307693,325.3692316157711
0.19,0.03,3692.307692307693,325.342049877834
0.21,0.03,3692.307692307693,325.342049877834
0.23,0.03,3692.307692307693,325.3692316157712
0.25,0.03,3692.307692307693,325.426694120515
0.27,0.03,3692.307692307693,325.51993123038034
0.29,0.03,3692.307692307693,325.6545788186206
0.31,0.03,3692.307692307693,325.8303084028639
0.33,0.03,3692.307692307693,326.02534481907765
0.35,0.03,3692.307692307693,326.15836704719175
0.37,0.03,3692.307692307693,325.9952666674234
0.39,0.03,3692.307692307693,324.9200108666846
0.01,0.05,3692.307692307693,325.0257132645105
0.03,0.05,3692.307692307693,326.1583670471917
0.05,0.05,3692.307692307693,326.24323728245906
0.07,0.05,3692.307692307693,325.976252241872
0.09,0.05,3692.307692307693,325.6454316447354
0.11,0.05,3692.307692307693,325.3560141355045
0.13,0.05,3692.307692307693,325.13591600189505
0.15,0.05,3692.307692307693,324.9837638874649
0.17,0.05,3692.307692307693,324.889991121516
0.19,0.05,3692.307692307693,324.8456188848002
0.21,0.05,3692.307692307693,324.8456188848002
0.23,0.05,3692.307692307693,324.88999112151595
0.25,0.05,3692.307692307693,324.9837638874649
0.27,0.05,3692.307692307693,325.135916001895
0.29,0.05,3692.307692307693,325.35601413550444
0.31,0.05,3692.307692307693,325.64543164473537
0.33,0.05,3692.307692307693,325.976252241872
0.35,0.05,3692.307692307693,326.2432372824591
0.37,0.05,3692.307692307693,326.15836704719175
0.39,0.05,3692.307692307693,325.0257132645105
0.01,0.07,3692.307692307693,324.99241021962
0.03,0.07,3692.307692307693,326.0253448190776
0.05,0.07,3692.307692307693,325.9762522418719
0.07,0.07,3692.307692307693,325.5673393285325
0.09,0.07,3692.307692307693,325.1087566032465
0.11,0.07,3692.307692307693,324.7162444499512
0.13,0.07,3692.307692307693,324.41948437413254
0.15,0.07,3692.307692307693,324.2145598053436
0.17,0.07,3692.307692307693,324.0882213261517
0.19,0.07,3692.307692307693,324.02840837171544
0.21,0.07,3692.307692307693,324.02840837171544
0.23,0.07,3692.307692307693,324.0882213261517
0.25,0.07,3692.307692307693,324.2145598053435
0.27,0.07,3692.307692307693,324.4194843741326
0.29,0.07,3692.307692307693,324.7162444499512
0.31,0.07,3692.307692307693,325.1087566032465
0.33,0.07,3692.307692307693,325.56733932853257
0.35,0.07,3692.307692307693,325.976252241872
0.37,0.07,3692.307692307693,326.02534481907765
0.39,0.07,3692.307692307693,324.99241021962007
0.01,0.09,3692.307692307693,324.92949380635423
0.03,0.09,3692.307692307693,325.8303084028639
0.05,0.09,3692.307692307693,325.64543164473537
0.07,0.09,3692.307692307693,325.10875660324643
0.09,0.09,3692.307692307693,324.5405146154462
0.11,0.09,3692.307692307693,324.06100349965374
0.13,0.09,3692.307692307693,323.6998038974254
0.15,0.09,3692.307692307693,323.4504664039734
0.17,0.09,3692.307692307693,323.29664839662115
0.19,0.09,3692.307692307693,323.22377768521307
0.21,0.09,3692.307692307693,323.22377768521307
0.23,0.09,3692.307692307693,323.2966483966211
0.25,0.09,3692.307692307693,323.4504664039734
0.27,0.09,3692.307692307693,323.69980389742545
0.29,0.09,3692.307692307693,324.06100349965374
0.31,0.09,3692.307692307693,324.5405146154462
0.33,0.09,3692.307692307693,325.1087566032465
0.35,0.09,3692.307692307693,325.6454316447354
0.37,0.09,3692.307692307693,325.830308402864
0.39,0.09,3692.307692307693,324.9294938063543
0.01,0.11,3692.307692307693,324.87107619933107
0.03,0.11,3692.307692307693,325.6545788186206
0.05,0.11,3692.307692307693,325.3560141355045
0.07,0.11,3692.307692307693,324.7162444499512
0.09,0.11,3692.307692307693,324.06100349965374
0.11,0.11,3692.307692307693,323.51281978269463
0.13,0.11,3692.307692307693,323.100708083435
0.15,0.11,3692.307692307693,322.8161637849957
0.17,0.11,3692.307692307693,322.6404829326081
0.19,0.11,3692.307692307693,322.55719569761607
0.21,0.11,3692.307692307693,322.55719569761607
0.23,0.11,3692.307692307693,322.64048293260805
0.25,0.11,3692.307692307693,322.8161637849957
0.27,0.11,3692.307692307693,323.10070808343505
0.29,0.11,3692.307692307693,323.5128197826947
0.31,0.11,3692.307692307693,324.06100349965374
0.33,0.11,3692.307692307693,324.7162444499512
0.35,0.11,3692.307692307693,325.3560141355045
0.37,0.11,3692.307692307693,325.6545788186207
0.39,0.11,3692.307692307693,324.87107619933107
0.01,0.13,3692.307692307693,324.8260159020054
0.03,0.13,3692.307692307693,325.51993123038034
0.05,0.13,3692.307692307693,325.135916001895
0.07,0.13,3692.307692307693,324.41948437413254
0.09,0.13,3692.307692307693,323.6998038974254
0.11,0.13,3692.307692307693,323.100708083435
0.13,0.13,3692.307692307693,322.6507174667484
0.15,0.13,3692.307692307693,322.3398624945459
0.17,0.13,3692.307692307693,322.14777631566665
0.19,0.13,3692.307692307693,322.0566506558766
0.21,0.13,3692.307692307693,322.0566506558765
0.23,0.13,3692.307692307693,322.14777631566665
0.25,0.13,3692.307692307693,322.3398624945459
0.27,0.13,3692.307692307693,322.6507174667484
0.29,0.13,3692.307692307693,323.100708083435
0.31,0.13,3692.307692307693,323.6998038974254
0.33,0.13,3692.307692307693,324.4194843741326
0.35,0.13,3692.307692307693,325.13591600189505
0.37,0.13,3692.307692307693,325.51993123038034
0.39,0.13,3692.307692307693,324.8260159020054
0.01,0.15,3692.307692307693,324.7947677594412
0.03,0.15,3692.307692307693,325.4266941205149
0.05,0.15,3692.307692307693,324.9837638874649
0.07,0.15,3692.307692307693,324.2145598053435
0.09,0.15,3692.307692307693,323.45046640397334
0.11,0.15,3692.307692307693,322.8161637849957
0.13,0.15,3692.307692307693,322.3398624945459
0.15,0.15,3692.307692307693,322.01064784137003
0.17,0.15,3692.307692307693,321.8070685578152
0.19,0.15,3692.307692307693,321.7104368440619
0.21,0.15,3692.307692307693,321.7104368440619
0.23,0.15,3692.307692307693,321.8070685578152
0.25,0.15,3692.307692307693,322.01064784137003
0.27,0.15,3692.307692307693,322.3398624945459
0.29,0.15,3692.307692307693,322.8161637849957
0.31,0.15,3692.307692307693,323.45046640397334
0.33,0.15,3692.307692307693,324.2145598053436
0.35,0.15,3692.307692307693,324.9837638874649
0.37,0.15,3692.307692307693,325.4266941205149
0.39,0.15,3692.307692307693,324.7947677594412
0.01,0.17,3692.307692307693,324.775507161864
0.03,0.17,3692.307692307693,325.3692316157711
0.05,0.17,3692.307692307693,324.889991121516
0.07,0.17,3692.307692307693,324.0882213261517
0.09,0.17,3692.307692307693,323.2966483966211
0.11,0.17,3692.307692307693,322.64048293260805
0.13,0.17,3692.307692307693,322.14777631566665
0.15,0.17,3692.307692307693,321.8070685578152
0.17,0.17,3692.307692307693,321.5962707977136
0.19,0.17,3692.307692307693,321.4961732824575
0.21,0.17,3692.307692307693,321.49617328245745
0.23,0.17,3692.307692307693,321.5962707977136
0.25,0.17,3692.307692307693,321.8070685578152
0.27,0.17,3692.307692307693,322.1477763156666
0.29,0.17,3692.307692307693,322.640482932608
0.31,0.17,3692.307692307693,323.29664839662104
0.33,0.17,3692.307692307693,324.08822132615165
0.35,0.17,3692.307692307693,324.8899911215159
0.37,0.17,3692.307692307693,325.36923161577107
0.39,0.17,3692.307692307693,324.775507161864
0.01,0.19,3692.307692307693,324.7663976828903
0.03,0.19,3692.307692307693,325.3420498778339
0.05,0.19,3692.307692307693,324.8456188848002
0.07,0.19,3692.307692307693,324.0284083717154
0.09,0.19,3692.307692307693,323.223777685213
0.11,0.19,3692.307692307693,322.55719569761607
0.13,0.19,3692.307692307693,322.05665065587647
0.15,0.19,3692.307692307693,321.7104368440619
0.17,0.19,3692.307692307693,321.4961732824575
0.19,0.19,3692.307692307693,321.3944093158239
0.21,0.19,3692.307692307693,321.3944093158239
0.23,0.19,3692.307692307693,321.4961732824575
0.25,0.19,3692.307692307693,321.7104368440619
0.27,0.19,3692.307692307693,322.05665065587647
0.29,0.19,3692.307692307693,322.557195697616
0.31,0.19,3692.307692307693,323.2237776852129
0.33,0.19,3692.307692307693,324.02840837171533
0.35,0.19,3692.307692307693,324.84561888480016
0.37,0.19,3692.307692307693,325.3420498778339
0.39,0.19,3692.307692307693,324.7663976828903
0.01,0.21,3692.307692307693,324.7663976828903
0.03,0.21,3692.307692307693,325.342049877834
0.05,0.21,3692.307692307693,324.8456188848002
0.07,0.21,3692.307692307693,324.0284083717154
0.09,0.21,3692.307692307693,323.223777685213
0.11,0.21,3692.307692307693,322.55719569761607
0.13,0.21,3692.307692307693,322.0566506558765
0.15,0.21,3692.307692307693,321.710436844062
0.17,0.21,3692.307692307693,321.4961732824575
0.19,0.21,3692.307692307693,321.3944093158239
0.21,0.21,3692.307692307693,321.3944093158239
0.23,0.21,3692.307692307693,321.49617328245745
0.25,0.21,3692.307692307693,321.71043684406186
0.27,0.21,3692.307692307693,322.0566506558764
0.29,0.21,3692.307692307693,322.55719569761595
0.31,0.21,3692.307692307693,323.2237776852129
0.33,0.21,3692.307692307693,324.02840837171533
0.35,0.21,3692.307692307693,324.84561888480016
0.37,0.21,3692.307692307693,325.3420498778339
0.39,0.21,3692.307692307693,324.7663976828903
0.01,0.23,3692.307692307693,324.775507161864
0.03,0.23,3692.307692307693,325.3692316157711
0.05,0.23,3692.307692307693,324.88999112151595
0.07,0.23,3692.307692307693,324.0882213261517
0.09,0.23,3692.307692307693,323.2966483966211
0.11,0.23,3692.307692307693,322.6404829326081
0.13,0.23,3692.307692307693,322.1477763156667
0.15,0.23,3692.307692307693,321.8070685578153
0.17,0.23,3692.307692307693,321.59627079771366
0.19,0.23,3692.307692307693,321.4961732824575
0.21,0.23,3692.307692307693,321.4961732824575
0.23,0.23,3692.307692307693,321.5962707977136
0.25,0.23,3692.307692307693,321.8070685578152
0.27,0.23,3692.307692307693,322.14777631566653
0.29,0.23,3692.307692307693,322.64048293260794
0.31,0.23,3692.307692307693,323.29664839662104
0.33,0.23,3692.307692307693,324.08822132615165
0.35,0.23,3692.307692307693,324.889991121516
0.37,0.23,3692.307692307693,325.3692316157711
0.39,0.23,3692.307692307693,324.775507161864
0.01,0.25,3692.307692307693,324.7947677594412
0.03,0.25,3692.307692307693,325.4266941205149
0.05,0.25,3692.307692307693,324.98376388746493
0.07,0.25,3692.307692307693,324.2145598053435
0.09,0.25,3692.307692307693,323.45046640397334
0.11,0.25,3692.307692307693,322.8161637849957
0.13,0.25,3692.307692307693,322.339862494546
0.15,0.25,3692.307692307693,322.0106478413701
0.17,0.25,3692.307692307693,321.8070685578153
0.19,0.25,3692.307692307693,321.7104368440619
0.21,0.25,3692.307692307693,321.71043684406186
0.23,0.25,3692.307692307693,321.8070685578152
0.25,0.25,3692.307692307693,322.0106478413699
0.27,0.25,3692.307692307693,322.33986249454586
0.29,0.25,3692.307692307693,322.81616378499564
0.31,0.25,3692.307692307693,323.4504664039733
0.33,0.25,3692.307692307693,324.2145598053435
0.35,0.25,3692.307692307693,324.9837638874649
0.37,0.25,3692.307692307693,325.4266941205149
0.39,0.25,3692.307692307693,324.7947677594411
0.01,0.27,3692.307692307693,324.8260159020054
0.03,0.27,3692.307692307693,325.5199312303804
0.05,0.27,3692.307692307693,325.13591600189505
0.07,0.27,3692.307692307693,324.4194843741326
0.09,0.27,3692.307692307693,323.6998038974254
0.11,0.27,3692.307692307693,323.10070808343505
0.13,0.27,3692.307692307693,322.65071746674846
0.15,0.27,3692.307692307693,322.339862494546
0.17,0.27,3692.307692307693,322.14777631566665
0.19,0.27,3692.307692307693,322.05665065587647
0.21,0.27,3692.307692307693,322.05665065587647
0.23,0.27,3692.307692307693,322.14777631566653
0.25,0.27,3692.307692307693,322.33986249454586
0.27,0.27,3692.307692307693,322.65071746674835
0.29,0.27,3692.307692307693,323.1007080834349
0.31,0.27,3692.307692307693,323.69980389742534
0.33,0.27,3692.307692307693,324.41948437413254
0.35,0.27,3692.307692307693,325.13591600189505
0.37,0.27,3692.307692307693,325.51993123038034
0.39,0.27,3692.307692307693,324.8260159020054
0.01,0.29,3692.307692307693,324.87107619933107
0.03,0.29,3692.307692307693,325.6545788186207
0.05,0.29,3692.307692307693,325.3560141355045
0.07,0.29,3692.307692307693,324.7162444499512
0.09,0.29,3692.307692307693,324.0610034996538
0.11,0.29,3692.307692307693,323.5128197826947
0.13,0.29,3692.307692307693,323.10070808343505
0.15,0.29,3692.307692307693,322.8161637849957
0.17,0.29,3692.307692307693,322.64048293260805
0.19,0.29,3692.307692307693,322.557195697616
0.21,0.29,3692.307692307693,322.557195697616
0.23,0.29,3692.307692307693,322.640482932608
0.25,0.29,3692.307692307693,322.8161637849957
0.27,0.29,3692.307692307693,323.100708083435
0.29,0.29,3692.307692307693,323.5128197826946
0.31,0.29,3692.307692307693,324.06100349965374
0.33,0.29,3692.307692307693,324.7162444499512
0.35,0.29,3692.307692307693,325.3560141355045
0.37,0.29,3692.307692307693,325.6545788186207
0.39,0.29,3692.307692307693,324.87107619933107
0.01,0.31,3692.307692307693,324.9294938063543
0.03,0.31,3692.307692307693,325.830308402864
0.05,0.31,3692.307692307693,325.6454316447354
0.07,0.31,3692.307692307693,325.1087566032465
0.09,0.31,3692.307692307693,324.5405146154463
0.11,0.31,3692.307692307693,324.0610034996538
0.13,0.31,3692.307692307693,323.69980389742545
0.15,0.31,3692.307692307693,323.4504664039734
0.17,0.31,3692.307692307693,323.2966483966211
0.19,0.31,3692.307692307693,323.223777685213
0.21,0.31,3692.307692307693,323.223777685213
0.23,0.31,3692.307692307693,323.29664839662104
0.25,0.31,3692.307692307693,323.45046640397334
0.27,0.31,3692.307692307693,323.6998038974254
0.29,0.31,3692.307692307693,324.06100349965374
0.31,0.31,3692.307692307693,324.5405146154462
0.33,0.31,3692.307692307693,325.1087566032465
0.35,0.31,3692.307692307693,325.64543164473537
0.37,0.31,3692.307692307693,325.8303084028639
0.39,0.31,3692.307692307693,324.9294938063543
0.01,0.33,3692.307692307693,324.99241021962
0.03,0.33,3692.307692307693,326.02534481907765
0.05,0.33,3692.307692307693,325.976252241872
0.07,0.33,3692.307692307693,325.56733932853257
0.09,0.33,3692.307692307693,325.10875660324655
0.11,0.33,3692.307692307693,324.71624444995126
0.13,0.33,3692.307692307693,324.4194843741326
0.15,0.33,3692.307692307693,324.21455980534364
0.17,0.33,3692.307692307693,324.08822132615177
0.19,0.33,3692.307692307693,324.0284083717155
0.21,0.33,3692.307692307693,324.0284083717155
0.23,0.33,3692.307692307693,324.0882213261517
0.25,0.33,3692.307692307693,324.2145598053436
0.27,0.33,3692.307692307693,324.41948437413254
0.29,0.33,3692.307692307693,324.7162444499512
0.31,0.33,3692.307692307693,325.1087566032465
0.33,0.33,3692.307692307693,325.5673393285325
0.35,0.33,3692.307692307693,325.9762522418719
0.37,0.33,3692.307692307693,326.02534481907765
0.39,0.33,3692.307692307693,324.99241021962
0.01,0.35,3692.307692307693,325.0257132645105
0.03,0.35,3692.307692307693,326.15836704719175
0.05,0.35,3692.307692307693,326.2432372824591
0.07,0.35,3692.307692307693,325.97625224187203
0.09,0.35,3692.307692307693,325.6454316447355
0.11,0.35,3692.307692307693,325.3560141355045
0.13,0.35,3692.307692307693,325.13591600189505
0.15,0.35,3692.307692307693,324.98376388746493
0.17,0.35,3692.307692307693,324.88999112151606
0.19,0.35,3692.307692307693,324.8456188848003
0.21,0.35,3692.307692307693,324.8456188848003
0.23,0.35,3692.307692307693,324.889991121516
0.25,0.35,3692.307692307693,324.98376388746493
0.27,0.35,3692.307692307693,325.13591600189505
0.29,0.35,3692.307692307693,325.3560141355045
0.31,0.35,3692.307692307693,325.6454316447354
0.33,0.35,3692.307692307693,325.9762522418719
0.35,0.35,3692.307692307693,326.24323728245906
0.37,0.35,3692.307692307693,326.1583670471917
0.39,0.35,3692.307692307693,325.0257132645105
0.01,0.37,3692.307692307693,324.9200108666846
0.03,0.37,3692.307692307693,325.9952666674234
0.05,0.37,3692.307692307693,326.15836704719175
0.07,0.37,3692.307692307693,326.02534481907765
0.09,0.37,3692.307692307693,325.830308402864
0.11,0.37,3692.307692307693,325.6545788186207
0.13,0.37,3692.307692307693,325.51993123038034
0.15,0.37,3692.307692307693,325.426694120515
0.17,0.37,3692.307692307693,325.3692316157712
0.19,0.37,3692.307692307693,325.34204987783403
0.21,0.37,3692.307692307693,325.34204987783403
0.23,0.37,3692.307692307693,325.3692316157712
0.25,0.37,3692.307692307693,325.426694120515
0.27,0.37,3692.307692307693,325.51993123038034
0.29,0.37,3692.307692307693,325.6545788186207
0.31,0.37,3692.307692307693,325.8303084028639
0.33,0.37,3692.307692307693,326.02534481907765
0.35,0.37,3692.307692307693,326.1583670471917
0.37,0.37,3692.307692307693,325.9952666674233
0.39,0.37,3692.307692307693,324.9200108666846
0.01,0.39,3692.307692307693,324.32222519240173
0.03,0.39,3692.307692307693,324.9200108666846
0.05,0.39,3692.307692307693,325.0257132645105
0.07,0.39,3692.307692307693,324.99241021962
0.09,0.39,3692.307692307693,324.9294938063543
0.11,0.39,3692.307692307693,324.87107619933107
0.13,0.39,3692.307692307693,324.8260159020054
0.15,0.39,3692.307692307693,324.7947677594412
0.17,0.39,3692.307692307693,324.7755071618641
0.19,0.39,3692.307692307693,324.7663976828904
0.21,0.39,3692.307692307693,324.7663976828904
0.23,0.39,3692.307692307693,324.775507161864
0.25,0.39,3692.307692307693,324.7947677594411
0.27,0.39,3692.307692307693,324.8260159020054
0.29,0.39,3692.307692307693,324.87107619933107
0.31,0.39,3692.307692307693,324.92949380635423
0.33,0.39,3692.307692307693,324.99241021962
0.35,0.39,3692.307692307693,325.0257132645105
0.37,0.39,3692.307692307693,324.9200108666846
0.39,0.39,3692.307692307693,324.32222519240173
0.01,0.01,5538.461538461539,324.6123451170496
0.03,0.01,5538.461538461539,325.8367859810772
0.05,0.01,5538.461538461539,326.3739156367978
0.07,0.01,5538.461538461539,326.6021407895707
0.09,0.01,5538.461538461539,326.6867691469963
0.11,0.01,5538.461538461539,326.7066124046948
0.13,0.01,5538.461538461539,326.7003548088825
0.15,0.01,5538.461538461539,326.68679788748966
0.17,0.01,5538.461538461539,326.6747383213153
0.19,0.01,5538.461538461539,326.6680115853005
0.21,0.01,5538.461538461539,326.6680115853005
0.23,0.01,5538.461538461539,326.6747383213153
0.25,0.01,5538.461538461539,326.68679788748966
0.27,0.01,5538.461538461539,326.7003548088825
0.29,0.01,5538.461538461539,326.7066124046948
0.31,0.01,5538.461538461539,326.6867691469963
0.33,0.01,5538.461538461539,326.6021407895707
0.35,0.01,5538.461538461539,326.37391563679785
0.37,0.01,5538.461538461539,325.83678598107724
0.39,0.01,5538.461538461539,324.6123451170496
0.01,0.03,5538.461538461539,325.8367859810772
0.03,0.03,5538.461538461539,328.6273734207225
0.05,0.03,5538.461538461539,329.9869620479398
0.07,0.03,5538.461538461539,330.59376875548594
0.09,0.03,5538.461538461539,330.8224739503786
0.11,0.03,5538.461538461539,330.8739459205861
0.13,0.03,5538.461538461539,330.85284077026427
0.15,0.03,5538.461538461539,330.8116909885734
0.17,0.03,5538.461538461539,330.77554288179846
0.19,0.03,5538.461538461539,330.75544647042966
0.21,0.03,5538.461538461539,330.7554464704297
0.23,0.03,5538.461538461539,330.77554288179846
0.25,0.03,5538.461538461539,330.8116909885734
0.27,0.03,5538.461538461539,330.8528407702643
0.29,0.03,5538.461538461539,330.8739459205861
0.31,0.03,5538.461538461539,330.82247395037854
0.33,0.03,5538.461538461539,330.59376875548594
0.35,0.03,5538.461538461539,329.98696204793987
0.37,0.03,5538.461538461539,328.6273734207225
0.39,0.03,5538.461538461539,325.8367859810772
0.01,0.05,5538.461538461539,326.3739156367978
0.03,0.05,5538.461538461539,329.9869620479398
0.05,0.05,5538.461538461539,331.8366248092587
0.07,0.05,5538.461538461539,332.68373818656727
0.09,0.05,5538.461538461539,333.00173308014666
0.11,0.05,5538.461538461539,333.06445850570594
0.13,0.05,5538.461538461539,333.021772435195
0.15,0.05,5538.461538461539,332.9513566324832
0.17,0.05,5538.461538461539,332.89104594342723
0.19,0.05,5538.461538461539,332.8577669579379
0.21,0.05,5538.461538461539,332.8577669579379
0.23,0.05,5538.461538461539,332.89104594342723
0.25,0.05,5538.461538461539,332.9513566324832
0.27,0.05,5538.461538461539,333.021772435195
0.29,0.05,5538.461538461539,333.0644585057059
0.31,0.05,5538.461538461539,333.0017330801465
0.33,0.05,5538.461538461539,332.68373818656727
0.35,0.05,5538.461538461539,331.8366248092587
0.37,0.05,5538.461538461539,329.9869620479398
0.39,0.05,5538.461538461539,326.3739156367978
0.01,0.07,5538.461538461539,326.6021407895707
0.03,0.07,5538.461538461539,330.5937687554859
0.05,0.07,5538.461538461539,332.6837381865672
0.07,0.07,5538.461538461539,333.6478415211758
0.09,0.07,5538.461538461539,333.999876277781
0.11,0.07,5538.461538461539,334.05159184821736
0.13,0.07,5538.461538461539,333.9797580569604
0.15,0.07,5538.461538461539,333.8783978153656
0.17,0.07,5538.461538461539,333.7941382088158
0.19,0.07,5538.461538461539,333.74808721765845
0.21,0.07,5538.461538461539,333.74808721765845
0.23,0.07,5538.461538461539,333.7941382088158
0.25,0.07,5538.461538461539,333.8783978153656
0.27,0.07,5538.461538461539,333.9797580569604
0.29,0.07,5538.461538461539,334.0515918482173
0.31,0.07,5538.461538461539,333.9998762777809
0.33,0.07,5538.461538461539,333.6478415211758
0.35,0.07,5538.461538461539,332.6837381865672
0.37,0.07,5538.461538461539,330.59376875548594
0.39,0.07,5538.461538461539,326.6021407895707
0.01,0.09,5538.461538461539,326.6867691469963
0.03,0.09,5538.461538461539,330.8224739503785
0.05,0.09,5538.461538461539,333.0017330801465
0.07,0.09,5538.461538461539,333.9998762777809
0.09,0.09,5538.461538461539,334.3461730874224
0.11,0.09,5538.461538461539,334.37067634985937
0.13,0.09,5538.461538461539,334.2648455265038
0.15,0.09,5538.461538461539,334.13233484799207
0.17,0.09,5538.461538461539,334.02520378864574
0.19,0.09,5538.461538461539,333.96720802142823
0.21,0.09,5538.461538461539,333.96720802142823
0.23,0.09,5538.461538461539,334.0252037886458
0.25,0.09,5538.461538461539,334.1323348479921
0.27,0.09,5538.461538461539,334.26484552650385
0.29,0.09,5538.461538461539,334.3706763498593
0.31,0.09,5538.461538461539,334.3461730874223
0.33,0.09,5538.461538461539,333.9998762777809
0.35,0.09,5538.461538461539,333.0017330801465
0.37,0.09,5538.461538461539,330.82247395037854
0.39,0.09,5538.461538461539,326.6867691469963
0.01,0.11,5538.461538461539,326.7066124046948
0.03,0.11,5538.461538461539,330.8739459205861
0.05,0.11,5538.461538461539,333.06445850570583
0.07,0.11,5538.461538461539,334.05159184821724
0.09,0.11,5538.461538461539,334.3706763498593
0.11,0.11,5538.461538461539,334.3604365574574
0.13,0.11,5538.461538461539,334.2199861365129
0.15,0.11,5538.461538461539,334.058292447391
0.17,0.11,5538.461538461539,333.9305031170453
0.19,0.11,5538.461538461539,333.86188947400655
0.21,0.11,5538.461538461539,333.86188947400655
0.23,0.11,5538.461538461539,333.9305031170453
0.25,0.11,5538.461538461539,334.05829244739107
0.27,0.11,5538.461538461539,334.2199861365129
0.29,0.11,5538.461538461539,334.3604365574574
0.31,0.11,5538.461538461539,334.37067634985925
0.33,0.11,5538.461538461539,334.05159184821724
0.35,0.11,5538.461538461539,333.0644585057059
0.37,0.11,5538.461538461539,330.8739459205861
0.39,0.11,5538.461538461539,326.70661240469485
0.01,0.13,5538.461538461539,326.7003548088825
0.03,0.13,5538.461538461539,330.85284077026427
0.05,0.13,5538.461538461539,333.0217724351949
0.07,0.13,5538.461538461539,333.97975805696035
0.09,0.13,5538.461538461539,334.26484552650373
0.11,0.13,5538.461538461539,334.2199861365129
0.13,0.13,5538.461538461539,334.04822713608746
0.15,0.13,5538.461538461539,333.8613488248896
0.17,0.13,5538.461538461539,333.71614433845065
0.19,0.13,5538.461538461539,333.6386776246844
0.21,0.13,5538.461538461539,333.6386776246844
0.23,0.13,5538.461538461539,333.7161443384507
0.25,0.13,5538.461538461539,333.8613488248896
0.27,0.13,5538.461538461539,334.04822713608746
0.29,0.13,5538.461538461539,334.21998613651283
0.31,0.13,5538.461538461539,334.26484552650373
0.33,0.13,5538.461538461539,333.9797580569604
0.35,0.13,5538.461538461539,333.021772435195
0.37,0.13,5538.461538461539,330.8528407702643
0.39,0.13,5538.461538461539,326.7003548088825
0.01,0.15,5538.461538461539,326.6867978874897
0.03,0.15,5538.461538461539,330.81169098857333
0.05,0.15,5538.461538461539,332.9513566324831
0.07,0.15,5538.461538461539,333.8783978153654
0.09,0.15,5538.461538461539,334.132334847992
0.11,0.15,5538.461538461539,334.058292447391
0.13,0.15,5538.461538461539,333.86134882488955
0.15,0.15,5538.461538461539,333.65473579961144
0.17,0.15,5538.461538461539,333.49607840503626
0.19,0.15,5538.461538461539,333.41182094298
0.21,0.15,5538.461538461539,333.41182094298006
0.23,0.15,5538.461538461539,333.4960784050363
0.25,0.15,5538.461538461539,333.65473579961144
0.27,0.15,5538.461538461539,333.86134882488955
0.29,0.15,5538.461538461539,334.058292447391
0.31,0.15,5538.461538461539,334.132334847992
0.33,0.15,5538.461538461539,333.8783978153655
0.35,0.15,5538.461538461539,332.9513566324832
0.37,0.15,5538.461538461539,330.81169098857345
0.39,0.15,5538.461538461539,326.6867978874897
0.01,0.17,5538.461538461539,326.6747383213154
0.03,0.17,5538.461538461539,330.77554288179846
0.05,0.17,5538.461538461539,332.8910459434272
0.07,0.17,5538.461538461539,333.7941382088157
0.09,0.17,5538.461538461539,334.0252037886457
0.11,0.17,5538.461538461539,333.93050311704525
0.13,0.17,5538.461538461539,333.71614433845065
0.15,0.17,5538.461538461539,333.49607840503626
0.17,0.17,5538.461538461539,333.3283256552655
0.19,0.17,5538.461538461539,333.23949635458484
0.21,0.17,5538.461538461539,333.2394963545849
0.23,0.17,5538.461538461539,333.3283256552656
0.25,0.17,5538.461538461539,333.49607840503626
0.27,0.17,5538.461538461539,333.71614433845065
0.29,0.17,5538.461538461539,333.9305031170453
0.31,0.17,5538.461538461539,334.02520378864574
0.33,0.17,5538.461538461539,333.7941382088158
0.35,0.17,5538.461538461539,332.89104594342723
0.37,0.17,5538.461538461539,330.77554288179846
0.39,0.17,5538.461538461539,326.6747383213154
0.01,0.19,5538.461538461539,326.6680115853004
0.03,0.19,5538.461538461539,330.75544647042955
0.05,0.19,5538.461538461539,332.8577669579378
0.07,0.19,5538.461538461539,333.74808721765834
0.09,0.19,5538.461538461539,333.9672080214281
0.11,0.19,5538.461538461539,333.8618894740065
0.13,0.19,5538.461538461539,333.6386776246844
0.15,0.19,5538.461538461539,333.41182094298006
0.17,0.19,5538.461538461539,333.23949635458484
0.19,0.19,5538.461538461539,333.14837403878704
0.21,0.19,5538.461538461539,333.1483740387871
0.23,0.19,5538.461538461539,333.23949635458484
0.25,0.19,5538.461538461539,333.41182094298
0.27,0.19,5538.461538461539,333.6386776246844
0.29,0.19,5538.461538461539,333.8618894740065
0.31,0.19,5538.461538461539,333.9672080214282
0.33,0.19,5538.461538461539,333.74808721765834
0.35,0.19,5538.461538461539,332.8577669579378
0.37,0.19,5538.461538461539,330.7554464704296
0.39,0.19,5538.461538461539,326.66801158530046
0.01,0.21,5538.461538461539,326.6680115853004
0.03,0.21,5538.461538461539,330.7554464704296
0.05,0.21,5538.461538461539,332.8577669579378
0.07,0.21,5538.461538461539,333.74808721765834
0.09,0.21,5538.461538461539,333.9672080214281
0.11,0.21,5538.461538461539,333.8618894740065
0.13,0.21,5538.461538461539,333.6386776246844
0.15,0.21,5538.461538461539,333.41182094298006
0.17,0.21,5538.461538461539,333.2394963545849
0.19,0.21,5538.461538461539,333.1483740387871
0.21,0.21,5538.461538461539,333.1483740387871
0.23,0.21,5538.461538461539,333.23949635458484
0.25,0.21,5538.461538461539,333.41182094298
0.27,0.21,5538.461538461539,333.6386776246844
0.29,0.21,5538.461538461539,333.8618894740065
0.31,0.21,5538.461538461539,333.9672080214281
0.33,0.21,5538.461538461539,333.74808721765834
0.35,0.21,5538.461538461539,332.8577669579378
0.37,0.21,5538.461538461539,330.7554464704296
0.39,0.21,5538.461538461539,326.6680115853004
0.01,0.23,5538.461538461539,326.6747383213153
0.03,0.23,5538.461538461539,330.7755428817984
0.05,0.23,5538.461538461539,332.8910459434272
0.07,0.23,5538.461538461539,333.7941382088157
0.09,0.23,5538.461538461539,334.0252037886457
0.11,0.23,5538.461538461539,333.9305031170453
0.13,0.23,5538.461538461539,333.7161443384507
0.15,0.23,5538.461538461539,333.4960784050364
0.17,0.23,5538.461538461539,333.3283256552656
0.19,0.23,5538.461538461539,333.2394963545849
0.21,0.23,5538.461538461539,333.2394963545849
0.23,0.23,5538.461538461539,333.3283256552655
0.25,0.23,5538.461538461539,333.49607840503626
0.27,0.23,5538.461538461539,333.71614433845065
0.29,0.23,5538.461538461539,333.93050311704525
0.31,0.23,5538.461538461539,334.0252037886457
0.33,0.23,5538.461538461539,333.7941382088157
0.35,0.23,5538.461538461539,332.8910459434272
0.37,0.23,5538.461538461539,330.77554288179846
0.39,0.23,5538.461538461539,326.6747383213153
0.01,0.25,5538.461538461539,326.68679788748966
0.03,0.25,5538.461538461539,330.8116909885734
0.05,0.25,5538.461538461539,332.9513566324832
0.07,0.25,5538.461538461539,333.8783978153655
0.09,0.25,5538.461538461539,334.132334847992
0.11,0.25,5538.461538461539,334.058292447391
0.13,0.25,5538.461538461539,333.8613488248896
0.15,0.25,5538.461538461539,333.6547357996115
0.17,0.25,5538.461538461539,333.4960784050364
0.19,0.25,5538.461538461539,333.41182094298006
0.21,0.25,5538.461538461539,333.41182094298006
0.23,0.25,5538.461538461539,333.4960784050362
0.25,0.25,5538.461538461539,333.6547357996113
0.27,0.25,5538.461538461539,333.86134882488955
0.29,0.25,5538.461538461539,334.0582924473909
0.31,0.25,5538.461538461539,334.132334847992
0.33,0.25,5538.461538461539,333.8783978153654
0.35,0.25,5538.461538461539,332.9513566324831
0.37,0.25,5538.461538461539,330.8116909885734
0.39,0.25,5538.461538461539,326.68679788748966
0.01,0.27,5538.461538461539,326.7003548088825
0.03,0.27,5538.461538461539,330.85284077026427
0.05,0.27,5538.461538461539,333.0217724351949
0.07,0.27,5538.461538461539,333.9797580569604
0.09,0.27,5538.461538461539,334.26484552650373
0.11,0.27,5538.461538461539,334.21998613651283
0.13,0.27,5538.461538461539,334.04822713608746
0.15,0.27,5538.461538461539,333.86134882488955
0.17,0.27,5538.461538461539,333.71614433845065
0.19,0.27,5538.461538461539,333.6386776246844
0.21,0.27,5538.461538461539,333.6386776246844
0.23,0.27,5538.461538461539,333.71614433845065
0.25,0.27,5538.461538461539,333.8613488248895
0.27,0.27,5538.461538461539,334.0482271360874
0.29,0.27,5538.461538461539,334.21998613651283
0.31,0.27,5538.461538461539,334.26484552650373
0.33,0.27,5538.461538461539,333.97975805696035
0.35,0.27,5538.461538461539,333.021772435195
0.37,0.27,5538.461538461539,330.8528407702643
0.39,0.27,5538.461538461539,326.7003548088825
0.01,0.29,5538.461538461539,326.7066124046948
0.03,0.29,5538.461538461539,330.8739459205861
0.05,0.29,5538.461538461539,333.06445850570583
0.07,0.29,5538.461538461539,334.05159184821724
0.09,0.29,5538.461538461539,334.3706763498593
0.11,0.29,5538.461538461539,334.3604365574574
0.13,0.29,5538.461538461539,334.2199861365129
0.15,0.29,5538.461538461539,334.058292447391
0.17,0.29,5538.461538461539,333.93050311704525
0.19,0.29,5538.461538461539,333.8618894740065
0.21,0.29,5538.461538461539,333.8618894740065
0.23,0.29,5538.461538461539,333.93050311704525
0.25,0.29,5538.461538461539,334.058292447391
0.27,0.29,5538.461538461539,334.21998613651283
0.29,0.29,5538.461538461539,334.3604365574574
0.31,0.29,5538.461538461539,334.37067634985925
0.33,0.29,5538.461538461539,334.0515918482173
0.35,0.29,5538.461538461539,333.06445850570594
0.37,0.29,5538.461538461539,330.8739459205861
0.39,0.29,5538.461538461539,326.7066124046948
0.01,0.31,5538.461538461539,326.6867691469963
0.03,0.31,5538.461538461539,330.82247395037854
0.05,0.31,5538.461538461539,333.0017330801466
0.07,0.31,5538.461538461539,333.99987627778097
0.09,0.31,5538.461538461539,334.3461730874224
0.11,0.31,5538.461538461539,334.3706763498593
0.13,0.31,5538.461538461539,334.26484552650385
0.15,0.31,5538.461538461539,334.13233484799207
0.17,0.31,5538.461538461539,334.0252037886457
0.19,0.31,5538.461538461539,333.9672080214281
0.21,0.31,5538.461538461539,333.9672080214282
0.23,0.31,5538.461538461539,334.0252037886457
0.25,0.31,5538.461538461539,334.13233484799207
0.27,0.31,5538.461538461539,334.26484552650373
0.29,0.31,5538.461538461539,334.37067634985925
0.31,0.31,5538.461538461539,334.3461730874223
0.33,0.31,5538.461538461539,333.9998762777809
0.35,0.31,5538.461538461539,333.0017330801465
0.37,0.31,5538.461538461539,330.82247395037854
0.39,0.31,5538.461538461539,326.6867691469963
0.01,0.33,5538.461538461539,326.6021407895707
0.03,0.33,5538.461538461539,330.59376875548594
0.05,0.33,5538.461538461539,332.68373818656727
0.07,0.33,5538.461538461539,333.64784152117585
0.09,0.33,5538.461538461539,333.99987627778097
0.11,0.33,5538.461538461539,334.0515918482173
0.13,0.33,5538.461538461539,333.9797580569604
0.15,0.33,5538.461538461539,333.8783978153656
0.17,0.33,5538.461538461539,333.7941382088157
0.19,0.33,5538.461538461539,333.74808721765834
0.21,0.33,5538.461538461539,333.74808721765834
0.23,0.33,5538.461538461539,333.7941382088157
0.25,0.33,5538.461538461539,333.8783978153655
0.27,0.33,5538.461538461539,333.97975805696035
0.29,0.33,5538.461538461539,334.05159184821724
0.31,0.33,5538.461538461539,333.9998762777809
0.33,0.33,5538.461538461539,333.6478415211758
0.35,0.33,5538.461538461539,332.6837381865672
0.37,0.33,5538.461538461539,330.59376875548594
0.39,0.33,5538.461538461539,326.6021407895707
0.01,0.35,5538.461538461539,326.3739156367978
0.03,0.35,5538.461538461539,329.98696204793987
0.05,0.35,5538.461538461539,331.8366248092587
0.07,0.35,5538.461538461539,332.6837381865673
0.09,0.35,5538.461538461539,333.0017330801465
0.11,0.35,5538.461538461539,333.06445850570594
0.13,0.35,5538.461538461539,333.021772435195
0.15,0.35,5538.461538461539,332.9513566324832
0.17,0.35,5538.461538461539,332.8910459434272
0.19,0.35,5538.461538461539,332.8577669579378
0.21,0.35,5538.461538461539,332.8577669579378
0.23,0.35,5538.461538461539,332.89104594342723
0.25,0.35,5538.461538461539,332.9513566324832
0.27,0.35,5538.461538461539,333.0217724351949
0.29,0.35,5538.461538461539,333.06445850570583
0.31,0.35,5538.461538461539,333.0017330801465
0.33,0.35,5538.461538461539,332.6837381865672
0.35,0.35,5538.461538461539,331.83662480925864
0.37,0.35,5538.461538461539,329.9869620479398
0.39,0.35,5538.461538461539,326.3739156367978
0.01,0.37,5538.461538461539,325.83678598107724
0.03,0.37,5538.461538461539,328.6273734207225
0.05,0.37,5538.461538461539,329.9869620479398
0.07,0.37,5538.461538461539,330.59376875548594
0.09,0.37,5538.461538461539,330.82247395037854
0.11,0.37,5538.461538461539,330.8739459205861
0.13,0.37,5538.461538461539,330.8528407702643
0.15,0.37,5538.461538461539,330.81169098857345
0.17,0.37,5538.461538461539,330.7755428817985
0.19,0.37,5538.461538461539,330.7554464704297
0.21,0.37,5538.461538461539,330.75544647042966
0.23,0.37,5538.461538461539,330.77554288179846
0.25,0.37,5538.461538461539,330.8116909885734
0.27,0.37,5538.461538461539,330.85284077026427
0.29,0.37,5538.461538461539,330.8739459205861
0.31,0.37,5538.461538461539,330.8224739503785
0.33,0.37,5538.461538461539,330.5937687554859
0.35,0.37,5538.461538461539,329.9869620479398
0.37,0.37,5538.461538461539,328.6273734207225
0.39,0.37,5538.461538461539,325.83678598107724
0.01,0.39,5538.461538461539,324.6123451170496
0.03,0.39,5538.461538461539,325.83678598107724
0.05,0.39,5538.461538461539,326.3739156367978
0.07,0.39,5538.461538461539,326.6021407895707
0.09,0.39,5538.461538461539,326.6867691469963
0.11,0.39,5538.461538461539,326.7066124046948
0.13,0.39,5538.461538461539,326.7003548088825
0.15,0.39,5538.461538461539,326.6867978874897
0.17,0.39,5538.461538461539,326.6747383213154
0.19,0.39,5538.461538461539,326.6680115853005
0.21,0.39,5538.461538461539,326.6680115853005
0.23,0.39,5538.461538461539,326.6747383213153
0.25,0.39,5538.461538461539,326.68679788748966
0.27,0.39,5538.461538461539,326.7003548088825
0.29,0.39,5538.461538461539,326.7066124046948
0.31,0.39,5538.461538461539,326.6867691469963
0.33,0.39,5538.461538461539,326.6021407895707
0.35,0.39,5538.461538461539,326.3739156367978
0.37,0.39,5538.461538461539,325.83678598107724
0.39,0.39,5538.461538461539,324.6123451170496
0.01,0.01,7384.615384615385,324.53603267300986
0.03,0.01,7384.615384615385,325.9411648723371
0.05,0.01,7384.615384615385,326.71286571639786
0.07,0.01,7384.615384615385,327.14243416590955
0.09,0.01,7384.615384615385,327.37624566270614
0.11,0.01,7384.615384615385,327.4977427754567
0.13,0.01,7384.615384615385,327.55657902907353
0.15,0.01,7384.615384615385,327.5822800234609
0.17,0.01,7384.615384615385,327.5919250920455
0.19,0.01,7384.615384615385,327.5947418880531
0.21,0.01,7384.615384615385,327.5947418880531
0.23,0.01,7384.615384615385,327.5919250920455
0.25,0.01,7384.615384615385,327.5822800234609
0.27,0.01,7384.615384615385,327.55657902907353
0.29,0.01,7384.615384615385,327.49774277545674
0.31,0.01,7384.615384615385,327.3762456627062
0.33,0.01,7384.615384615385,327.14243416590955
0.35,0.01,7384.615384615385,326.7128657163979
0.37,0.01,7384.615384615385,325.94116487233714
0.39,0.01,7384.615384615385,324.53603267300986
0.01,0.03,7384.615384615385,325.9411648723371
0.03,0.03,7384.615384615385,329.38765005876706
0.05,0.03,7384.615384615385,331.4516891434013
0.07,0.03,7384.615384615385,332.64743349315364
0.09,0.03,7384.615384615385,333.31172837631067
0.11,0.03,7384.615384615385,333.6610306316845
0.13,0.03,7384.615384615385,333.8314770732152
0.15,0.03,7384.615384615385,333.9063344137978
0.17,0.03,7384.615384615385,333.93454771518066
0.19,0.03,7384.615384615385,333.94281868537144
0.21,0.03,7384.615384615385,333.94281868537144
0.23,0.03,7384.615384615385,333.93454771518066
0.25,0.03,7384.615384615385,333.9063344137979
0.27,0.03,7384.615384615385,333.8314770732152
0.29,0.03,7384.615384615385,333.6610306316846
0.31,0.03,7384.615384615385,333.31172837631067
0.33,0.03,7384.615384615385,332.64743349315364
0.35,0.03,7384.615384615385,331.4516891434014
0.37,0.03,7384.615384615385,329.3876500587671
0.39,0.03,7384.615384615385,325.94116487233714
0.01,0.05,7384.615384615385,326.71286571639786
0.03,0.05,7384.615384615385,331.4516891434013
0.05,0.05,7384.615384615385,334.42808300050496
0.07,0.05,7384.615384615385,336.2053977422595
0.09,0.05,7384.615384615385,337.2123460956025
0.11,0.05,7384.615384615385,337.7486275046864
0.13,0.05,7384.615384615385,338.01236776602246
0.15,0.05,7384.615384615385,338.12859774303683
0.17,0.05,7384.615384615385,338.1723368194784
0.19,0.05,7384.615384615385,338.1850680078423
0.21,0.05,7384.615384615385,338.1850680078423
0.23,0.05,7384.615384615385,338.1723368194784
0.25,0.05,7384.615384615385,338.1285977430369
0.27,0.05,7384.615384615385,338.0123677660224
0.29,0.05,7384.615384615385,337.74862750468645
0.31,0.05,7384.615384615385,337.2123460956025
0.33,0.05,7384.615384615385,336.2053977422595
0.35,0.05,7384.615384615385,334.42808300050496
0.37,0.05,7384.615384615385,331.4516891434014
0.39,0.05,7384.615384615385,326.71286571639786
0.01,0.07,7384.615384615385,327.14243416590955
0.03,0.07,7384.615384615385,332.64743349315364
0.05,0.07,7384.615384615385,336.20539774225955
0.07,0.07,7384.615384615385,338.3759016720924
0.09,0.07,7384.615384615385,339.62456911473384
0.11,0.07,7384.615384615385,340.2963104235833
0.13,0.07,7384.615384615385,340.6282963746586
0.15,0.07,7384.615384615385,340.7743997510878
0.17,0.07,7384.615384615385,340.8287891578926
0.19,0.07,7384.615384615385,340.8442569463137
0.21,0.07,7384.615384615385,340.8442569463137
0.23,0.07,7384.615384615385,340.8287891578926
0.25,0.07,7384.615384615385,340.7743997510878
0.27,0.07,7384.615384615385,340.62829637465853
0.29,0.07,7384.615384615385,340.2963104235833
0.31,0.07,7384.615384615385,339.6245691147338
0.33,0.07,7384.615384615385,338.3759016720924
0.35,0.07,7384.615384615385,336.20539774225944
0.37,0.07,7384.615384615385,332.64743349315364
0.39,0.07,7384.615384615385,327.14243416590955
0.01,0.09,7384.615384615385,327.3762456627062
0.03,0.09,7384.615384615385,333.31172837631067
0.05,0.09,7384.615384615385,337.2123460956026
0.07,0.09,7384.615384615385,339.62456911473384
0.09,0.09,7384.615384615385,341.0263645094875
0.11,0.09,7384.615384615385,341.7850203654804
0.13,0.09,7384.615384615385,342.16023823239203
0.15,0.09,7384.615384615385,342.3241607267303
0.17,0.09,7384.615384615385,342.3838759968441
0.19,0.09,7384.615384615385,342.4001379258143
0.21,0.09,7384.615384615385,342.40013792581425
0.23,0.09,7384.615384615385,342.3838759968441
0.25,0.09,7384.615384615385,342.3241607267303
0.27,0.09,7384.615384615385,342.16023823239203
0.29,0.09,7384.615384615385,341.7850203654803
0.31,0.09,7384.615384615385,341.0263645094874
0.33,0.09,7384.615384615385,339.6245691147338
0.35,0.09,7384.615384615385,337.21234609560247
0.37,0.09,7384.615384615385,333.3117283763106
0.39,0.09,7384.615384615385,327.37624566270614
0.01,0.11,7384.615384615385,327.49774277545674
0.03,0.11,7384.615384615385,333.6610306316845
0.05,0.11,7384.615384615385,337.7486275046864
0.07,0.11,7384.615384615385,340.2963104235833
0.09,0.11,7384.615384615385,341.7850203654804
0.11,0.11,7384.615384615385,342.5924190933195
0.13,0.11,7384.615384615385,342.990448487946
0.15,0.11,7384.615384615385,343.16211310986995
0.17,0.11,7384.615384615385,343.22265964117776
0.19,0.11,7384.615384615385,343.2380781564471
0.21,0.11,7384.615384615385,343.2380781564471
0.23,0.11,7384.615384615385,343.22265964117776
0.25,0.11,7384.615384615385,343.1621131098699
0.27,0.11,7384.615384615385,342.9904484879459
0.29,0.11,7384.615384615385,342.5924190933194
0.31,0.11,7384.615384615385,341.7850203654803
0.33,0.11,7384.615384615385,340.2963104235833
0.35,0.11,7384.615384615385,337.7486275046864
0.37,0.11,7384.615384615385,333.66103063168447
0.39,0.11,7384.615384615385,327.4977427754567
0.01,0.13,7384.615384615385,327.55657902907353
0.03,0.13,7384.615384615385,333.8314770732151
0.05,0.13,7384.615384615385,338.0123677660224
0.07,0.13,7384.615384615385,340.6282963746586
0.09,0.13,7384.615384615385,342.16023823239203
0.11,0.13,7384.615384615385,342.990448487946
0.13,0.13,7384.615384615385,343.3972493489926
0.15,0.13,7384.615384615385,343.5698027298073
0.17,0.13,7384.615384615385,343.6282406705925
0.19,0.13,7384.615384615385,343.6418057325643
0.21,0.13,7384.615384615385,343.6418057325643
0.23,0.13,7384.615384615385,343.62824067059245
0.25,0.13,7384.615384615385,343.56980272980724
0.27,0.13,7384.615384615385,343.39724934899255
0.29,0.13,7384.615384615385,342.9904484879459
0.31,0.13,7384.615384615385,342.16023823239203
0.33,0.13,7384.615384615385,340.6282963746586
0.35,0.13,7384.615384615385,338.01236776602246
0.37,0.13,7384.615384615385,333.8314770732152
0.39,0.13,7384.615384615385,327.55657902907353
0.01,0.15,7384.615384615385,327.5822800234609
0.03,0.15,7384.615384615385,333.90633441379777
0.05,0.15,7384.615384615385,338.1285977430368
0.07,0.15,7384.615384615385,340.7743997510878
0.09,0.15,7384.615384615385,342.3241607267303
0.11,0.15,7384.615384615385,343.16211310986984
0.13,0.15,7384.615384615385,343.56980272980724
0.15,0.15,7384.615384615385,343.7397398587147
0.17,0.15,7384.615384615385,343.79484034303226
0.19,0.15,7384.615384615385,343.8062583674351
0.21,0.15,7384.615384615385,343.8062583674351
0.23,0.15,7384.615384615385,343.7948403430322
0.25,0.15,7384.615384615385,343.7397398587146
0.27,0.15,7384.615384615385,343.5698027298072
0.29,0.15,7384.615384615385,343.1621131098698
0.31,0.15,7384.615384615385,342.32416072673027
0.33,0.15,7384.615384615385,340.7743997510878
0.35,0.15,7384.615384615385,338.12859774303683
0.37,0.15,7384.615384615385,333.9063344137978
0.39,0.15,7384.615384615385,327.5822800234609
0.01,0.17,7384.615384615385,327.5919250920455
0.03,0.17,7384.615384615385,333.93454771518054
0.05,0.17,7384.615384615385,338.1723368194783
0.07,0.17,7384.615384615385,340.8287891578925
0.09,0.17,7384.615384615385,342.3838759968441
0.11,0.17,7384.615384615385,343.2226596411777
0.13,0.17,7384.615384615385,343.62824067059245
0.15,0.17,7384.615384615385,343.7948403430322
0.17,0.17,7384.615384615385,343.84684919600056
0.19,0.17,7384.615384615385,343.85645834041367
0.21,0.17,7384.615384615385,343.8564583404136
0.23,0.17,7384.615384615385,343.8468491960006
0.25,0.17,7384.615384615385,343.7948403430322
0.27,0.17,7384.615384615385,343.6282406705924
0.29,0.17,7384.615384615385,343.22265964117764
0.31,0.17,7384.615384615385,342.3838759968441
0.33,0.17,7384.615384615385,340.8287891578926
0.35,0.17,7384.615384615385,338.17233681947835
0.37,0.17,7384.615384615385,333.9345477151806
0.39,0.17,7384.615384615385,327.5919250920455
0.01,0.19,7384.615384615385,327.594741888053
0.03,0.19,7384.615384615385,333.9428186853714
0.05,0.19,7384.615384615385,338.18506800784223
0.07,0.19,7384.615384615385,340.84425694631364
0.09,0.19,7384.615384615385,342.4001379258142
0.11,0.19,7384.615384615385,343.23807815644705
0.13,0.19,7384.615384615385,343.6418057325642
0.15,0.19,7384.615384615385,343.80625836743496
0.17,0.19,7384.615384615385,343.8564583404136
0.19,0.19,7384.615384615385,343.865047654864
0.21,0.19,7384.615384615385,343.865047654864
0.23,0.19,7384.615384615385,343.8564583404136
0.25,0.19,7384.615384615385,343.806258367435
0.27,0.19,7384.615384615385,343.6418057325642
0.29,0.19,7384.615384615385,343.23807815644705
0.31,0.19,7384.615384615385,342.40013792581425
0.33,0.19,7384.615384615385,340.8442569463137
0.35,0.19,7384.615384615385,338.1850680078423
0.37,0.19,7384.615384615385,333.94281868537144
0.39,0.19,7384.615384615385,327.5947418880531
0.01,0.21,7384.615384615385,327.5947418880531
0.03,0.21,7384.615384615385,333.9428186853714
0.05,0.21,7384.615384615385,338.18506800784223
0.07,0.21,7384.615384615385,340.84425694631364
0.09,0.21,7384.615384615385,342.40013792581414
0.11,0.21,7384.615384615385,343.23807815644705
0.13,0.21,7384.615384615385,343.6418057325642
0.15,0.21,7384.615384615385,343.80625836743496
0.17,0.21,7384.615384615385,343.8564583404136
0.19,0.21,7384.615384615385,343.865047654864
0.21,0.21,7384.615384615385,343.865047654864
0.23,0.21,7384.615384615385,343.8564583404136
0.25,0.21,7384.615384615385,343.806258367435
0.27,0.21,7384.615384615385,343.6418057325642
0.29,0.21,7384.615384615385,343.23807815644705
0.31,0.21,7384.615384615385,342.4001379258142
0.33,0.21,7384.615384615385,340.8442569463137
0.35,0.21,7384.615384615385,338.18506800784223
0.37,0.21,7384.615384615385,333.9428186853714
0.39,0.21,7384.615384615385,327.594741888053
0.01,0.23,7384.615384615385,327.5919250920455
0.03,0.23,7384.615384615385,333.93454771518054
0.05,0.23,7384.615384615385,338.17233681947835
0.07,0.23,7384.615384615385,340.8287891578925
0.09,0.23,7384.615384615385,342.3838759968441
0.11,0.23,7384.615384615385,343.22265964117764
0.13,0.23,7384.615384615385,343.6282406705924
0.15,0.23,7384.615384615385,343.7948403430322
0.17,0.23,7384.615384615385,343.84684919600056
0.19,0.23,7384.615384615385,343.85645834041355
0.21,0.23,7384.615384615385,343.8564583404136
0.23,0.23,7384.615384615385,343.8468491960006
0.25,0.23,7384.615384615385,343.7948403430322
0.27,0.23,7384.615384615385,343.6282406705924
0.29,0.23,7384.615384615385,343.22265964117764
0.31,0.23,7384.615384615385,342.3838759968441
0.33,0.23,7384.615384615385,340.82878915789246
0.35,0.23,7384.615384615385,338.17233681947835
0.37,0.23,7384.615384615385,333.9345477151806
0.39,0.23,7384.615384615385,327.5919250920455
0.01,0.25,7384.615384615385,327.5822800234609
0.03,0.25,7384.615384615385,333.9063344137978
0.05,0.25,7384.615384615385,338.1285977430368
0.07,0.25,7384.615384615385,340.7743997510878
0.09,0.25,7384.615384615385,342.32416072673027
0.11,0.25,7384.615384615385,343.16211310986984
0.13,0.25,7384.615384615385,343.5698027298073
0.15,0.25,7384.615384615385,343.7397398587147
0.17,0.25,7384.615384615385,343.7948403430322
0.19,0.25,7384.615384615385,343.806258367435
0.21,0.25,7384.615384615385,343.806258367435
0.23,0.25,7384.615384615385,343.7948403430322
0.25,0.25,7384.615384615385,343.7397398587146
0.27,0.25,7384.615384615385,343.56980272980724
0.29,0.25,7384.615384615385,343.16211310986984
0.31,0.25,7384.615384615385,342.3241607267302
0.33,0.25,7384.615384615385,340.77439975108774
0.35,0.25,7384.615384615385,338.1285977430368
0.37,0.25,7384.615384615385,333.9063344137978
0.39,0.25,7384.615384615385,327.5822800234609
0.01,0.27,7384.615384615385,327.5565790290736
0.03,0.27,7384.615384615385,333.8314770732152
0.05,0.27,7384.615384615385,338.01236776602235
0.07,0.27,7384.615384615385,340.62829637465853
0.09,0.27,7384.615384615385,342.16023823239203
0.11,0.27,7384.615384615385,342.990448487946
0.13,0.27,7384.615384615385,343.39724934899255
0.15,0.27,7384.615384615385,343.5698027298073
0.17,0.27,7384.615384615385,343.62824067059245
0.19,0.27,7384.615384615385,343.6418057325642
0.21,0.27,7384.615384615385,343.64180573256425
0.23,0.27,7384.615384615385,343.6282406705924
0.25,0.27,7384.615384615385,343.56980272980724
0.27,0.27,7384.615384615385,343.39724934899255
0.29,0.27,7384.615384615385,342.9904484879459
0.31,0.27,7384.615384615385,342.160238232392
0.33,0.27,7384.615384615385,340.62829637465853
0.35,0.27,7384.615384615385,338.01236776602235
0.37,0.27,7384.615384615385,333.8314770732152
0.39,0.27,7384.615384615385,327.55657902907353
0.01,0.29,7384.615384615385,327.49774277545674
0.03,0.29,7384.615384615385,333.6610306316846
0.05,0.29,7384.615384615385,337.7486275046864
0.07,0.29,7384.615384615385,340.2963104235833
0.09,0.29,7384.615384615385,341.7850203654804
0.11,0.29,7384.615384615385,342.59241909331945
0.13,0.29,7384.615384615385,342.990448487946
0.15,0.29,7384.615384615385,343.1621131098699
0.17,0.29,7384.615384615385,343.2226596411777
0.19,0.29,7384.615384615385,343.23807815644705
0.21,0.29,7384.615384615385,343.23807815644705
0.23,0.29,7384.615384615385,343.2226596411777
0.25,0.29,7384.615384615385,343.1621131098699
0.27,0.29,7384.615384615385,342.990448487946
0.29,0.29,7384.615384615385,342.59241909331945
0.31,0.29,7384.615384615385,341.7850203654804
0.33,0.29,7384.615384615385,340.2963104235833
0.35,0.29,7384.615384615385,337.74862750468634
0.37,0.29,7384.615384615385,333.6610306316845
0.39,0.29,7384.615384615385,327.49774277545674
0.01,0.31,7384.615384615385,327.3762456627062
0.03,0.31,7384.615384615385,333.3117283763107
0.05,0.31,7384.615384615385,337.2123460956025
0.07,0.31,7384.615384615385,339.6245691147338
0.09,0.31,7384.615384615385,341.02636450948745
0.11,0.31,7384.615384615385,341.7850203654804
0.13,0.31,7384.615384615385,342.16023823239203
0.15,0.31,7384.615384615385,342.3241607267304
0.17,0.31,7384.615384615385,342.3838759968441
0.19,0.31,7384.615384615385,342.4001379258142
0.21,0.31,7384.615384615385,342.40013792581425
0.23,0.31,7384.615384615385,342.3838759968441
0.25,0.31,7384.615384615385,342.3241607267303
0.27,0.31,7384.615384615385,342.1602382323921
0.29,0.31,7384.615384615385,341.7850203654804
0.31,0.31,7384.615384615385,341.02636450948734
0.33,0.31,7384.615384615385,339.62456911473373
0.35,0.31,7384.615384615385,337.21234609560247
0.37,0.31,7384.615384615385,333.31172837631067
0.39,0.31,7384.615384615385,327.3762456627062
0.01,0.33,7384.615384615385,327.14243416590955
0.03,0.33,7384.615384615385,332.64743349315364
0.05,0.33,7384.615384615385,336.20539774225955
0.07,0.33,7384.615384615385,338.3759016720924
0.09,0.33,7384.615384615385,339.6245691147338
0.11,0.33,7384.615384615385,340.2963104235833
0.13,0.33,7384.615384615385,340.62829637465865
0.15,0.33,7384.615384615385,340.77439975108786
0.17,0.33,7384.615384615385,340.8287891578926
0.19,0.33,7384.615384615385,340.8442569463137
0.21,0.33,7384.615384615385,340.8442569463137
0.23,0.33,7384.615384615385,340.8287891578926
0.25,0.33,7384.615384615385,340.77439975108786
0.27,0.33,7384.615384615385,340.6282963746586
0.29,0.33,7384.615384615385,340.2963104235833
0.31,0.33,7384.615384615385,339.62456911473373
0.33,0.33,7384.615384615385,338.3759016720923
0.35,0.33,7384.615384615385,336.20539774225944
0.37,0.33,7384.615384615385,332.6474334931536
0.39,0.33,7384.615384615385,327.14243416590955
0.01,0.35,7384.615384615385,326.71286571639786
0.03,0.35,7384.615384615385,331.4516891434014
0.05,0.35,7384.615384615385,334.42808300050496
0.07,0.35,7384.615384615385,336.2053977422595
0.09,0.35,7384.615384615385,337.2123460956025
0.11,0.35,7384.615384615385,337.74862750468645
0.13,0.35,7384.615384615385,338.01236776602246
0.15,0.35,7384.615384615385,338.12859774303683
0.17,0.35,7384.615384615385,338.1723368194784
0.19,0.35,7384.615384615385,338.1850680078423
0.21,0.35,7384.615384615385,338.1850680078423
0.23,0.35,7384.615384615385,338.17233681947835
0.25,0.35,7384.615384615385,338.1285977430368
0.27,0.35,7384.615384615385,338.0123677660224
0.29,0.35,7384.615384615385,337.7486275046864
0.31,0.35,7384.615384615385,337.21234609560247
0.33,0.35,7384.615384615385,336.20539774225944
0.35,0.35,7384.615384615385,334.42808300050496
0.37,0.35,7384.615384615385,331.4516891434013
0.39,0.35,7384.615384615385,326.71286571639786
0.01,0.37,7384.615384615385,325.9411648723371
0.03,0.37,7384.615384615385,329.3876500587671
0.05,0.37,7384.615384615385,331.4516891434014
0.07,0.37,7384.615384615385,332.64743349315364
0.09,0.37,7384.615384615385,333.31172837631067
0.11,0.37,7384.615384615385,333.6610306316846
0.13,0.37,7384.615384615385,333.8314770732152
0.15,0.37,7384.615384615385,333.9063344137979
0.17,0.37,7384.615384615385,333.93454771518066
0.19,0.37,7384.615384615385,333.94281868537144
0.21,0.37,7384.615384615385,333.94281868537144
0.23,0.37,7384.615384615385,333.9345477151806
0.25,0.37,7384.615384615385,333.9063344137978
0.27,0.37,7384.615384615385,333.8314770732151
0.29,0.37,7384.615384615385,333.6610306316845
0.31,0.37,7384.615384615385,333.31172837631067
0.33,0.37,7384.615384615385,332.6474334931536
0.35,0.37,7384.615384615385,331.4516891434013
0.37,0.37,7384.615384615385,329.38765005876706
0.39,0.37,7384.615384615385,325.94116487233714
0.01,0.39,7384.615384615385,324.53603267300986
0.03,0.39,7384.615384615385,325.94116487233714
0.05,0.39,7384.615384615385,326.71286571639786
0.07,0.39,7384.615384615385,327.14243416590955
0.09,0.39,7384.615384615385,327.3762456627062
0.11,0.39,7384.615384615385,327.49774277545674
0.13,0.39,7384.615384615385,327.55657902907353
0.15,0.39,7384.615384615385,327.5822800234609
0.17,0.39,7384.615384615385,327.5919250920456
0.19,0.39,7384.615384615385,327.5947418880531
0.21,0.39,7384.615384615385,327.5947418880531
0.23,0.39,7384.615384615385,327.5919250920455
0.25,0.39,7384.615384615385,327.5822800234609
0.27,0.39,7384.615384615385,327.55657902907353
0.29,0.39,7384.615384615385,327.49774277545674
0.31,0.39,7384.615384615385,327.3762456627062
0.33,0.39,7384.615384615385,327.14243416590955
0.35,0.39,7384.615384615385,326.71286571639786
0.37,0.39,7384.615384615385,325.94116487233714
0.39,0.39,7384.615384615385,324.53603267300986
0.01,0.01,9230.76923076923,324.39302002642864
0.03,0.01,9230.76923076923,325.7925697134714
0.05,0.01,9230.76923076923,326.65859713764644
0.07,0.01,9230.76923076923,327.2064650155864
0.09,0.01,9230.76923076923,327.5497050864053
0.11,0.01,9230.76923076923,327.75967409568085
0.13,0.01,9230.76923076923,327.8840032569541
0.15,0.01,9230.76923076923,327.9544694918215
0.17,0.01,9230.76923076923,327.9915242271266
0.19,0.01,9230.76923076923,328.0072563717809
0.21,0.01,9230.76923076923,328.0072563717809
0.23,0.01,9230.76923076923,327.9915242271266
0.25,0.01,9230.76923076923,327.9544694918215
0.27,0.01,9230.76923076923,327.8840032569541
0.29,0.01,9230.76923076923,327.75967409568085
0.31,0.01,9230.76923076923,327.54970508640537
0.33,0.01,9230.76923076923,327.2064650155864
0.35,0.01,9230.76923076923,326.65859713764644
0.37,0.01,9230.76923076923,325.7925697134714
0.39,0.01,9230.76923076923,324.39302002642864
0.01,0.03,9230.76923076923,325.7925697134713
0.03,0.03,9230.76923076923,329.3610167804756
0.05,0.03,9230.76923076923,331.7368069530221
0.07,0.03,9230.76923076923,333.2875588466876
0.09,0.03,9230.76923076923,334.2742190307713
0.11,0.03,9230.76923076923,334.88324547496785
0.13,0.03,9230.76923076923,335.2460677199128
0.15,0.03,9230.76923076923,335.4526352129077
0.17,0.03,9230.76923076923,335.5616301939754
0.19,0.03,9230.76923076923,335.6080107096717
0.21,0.03,9230.76923076923,335.6080107096717
0.23,0.03,9230.76923076923,335.5616301939754
0.25,0.03,9230.76923076923,335.4526352129077
0.27,0.03,9230.76923076923,335.2460677199128
0.29,0.03,9230.76923076923,334.883245474968
0.31,0.03,9230.76923076923,334.2742190307714
0.33,0.03,9230.76923076923,333.28755884668766
0.35,0.03,9230.76923076923,331.7368069530221
0.37,0.03,9230.76923076923,329.3610167804756
0.39,0.03,9230.76923076923,325.7925697134714
0.01,0.05,9230.76923076923,326.65859713764644
0.03,0.05,9230.76923076923,331.7368069530221
0.05,0.05,9230.76923076923,335.2618906374659
0.07,0.05,9230.76923076923,337.62213869599555
0.09,0.05,9230.76923076923,339.1487230705841
0.11,0.05,9230.76923076923,340.10180390856
0.13,0.05,9230.76923076923,340.6743696440165
0.15,0.05,9230.76923076923,341.00244764084454
0.17,0.05,9230.76923076923,341.1763969635792
0.19,0.05,9230.76923076923,341.2506526546201
0.21,0.05,9230.76923076923,341.2506526546201
0.23,0.05,9230.76923076923,341.1763969635792
0.25,0.05,9230.76923076923,341.0024476408445
0.27,0.05,9230.76923076923,340.67436964401656
0.29,0.05,9230.76923076923,340.10180390856004
0.31,0.05,9230.76923076923,339.1487230705841
0.33,0.05,9230.76923076923,337.6221386959956
0.35,0.05,9230.76923076923,335.2618906374659
0.37,0.05,9230.76923076923,331.7368069530221
0.39,0.05,9230.76923076923,326.65859713764644
0.01,0.07,9230.76923076923,327.2064650155864
0.03,0.07,9230.76923076923,333.28755884668766
0.05,0.07,9230.76923076923,337.6221386959956
0.07,0.07,9230.76923076923,340.581400574173
0.09,0.07,9230.76923076923,342.52325759270843
0.11,0.07,9230.76923076923,343.7489834799831
0.13,0.07,9230.76923076923,344.49165383575456
0.15,0.07,9230.76923076923,344.92005639971813
0.17,0.07,9230.76923076923,345.14835029445305
0.19,0.07,9230.76923076923,345.2461257761025
0.21,0.07,9230.76923076923,345.2461257761024
0.23,0.07,9230.76923076923,345.14835029445294
0.25,0.07,9230.76923076923,344.9200563997181
0.27,0.07,9230.76923076923,344.4916538357545
0.29,0.07,9230.76923076923,343.74898347998305
0.31,0.07,9230.76923076923,342.5232575927084
0.33,0.07,9230.76923076923,340.58140057417296
0.35,0.07,9230.76923076923,337.62213869599555
0.37,0.07,9230.76923076923,333.28755884668766
0.39,0.07,9230.76923076923,327.2064650155864
0.01,0.09,9230.76923076923,327.54970508640537
0.03,0.09,9230.76923076923,334.27421903077146
0.05,0.09,9230.76923076923,339.14872307058414
0.07,0.09,9230.76923076923,342.52325759270843
0.09,0.09,9230.76923076923,344.76286596965224
0.11,0.09,9230.76923076923,346.18960193720807
0.13,0.09,9230.76923076923,347.06052221218926
0.15,0.09,9230.76923076923,347.565892821745
0.17,0.09,9230.76923076923,347.8364130611051
0.19,0.09,9230.76923076923,347.95260885855475
0.21,0.09,9230.76923076923,347.95260885855475
0.23,0.09,9230.76923076923,347.836413061105
0.25,0.09,9230.76923076923,347.56589282174497
0.27,0.09,9230.76923076923,347.06052221218914
0.29,0.09,9230.76923076923,346.18960193720795
0.31,0.09,9230.76923076923,344.76286596965224
0.33,0.09,9230.76923076923,342.5232575927083
0.35,0.09,9230.76923076923,339.148723070584
0.37,0.09,9230.76923076923,334.2742190307713
0.39,0.09,9230.76923076923,327.54970508640537
0.01,0.11,9230.76923076923,327.75967409568085
0.03,0.11,9230.76923076923,334.883245474968
0.05,0.11,9230.76923076923,340.10180390856
0.07,0.11,9230.76923076923,343.74898347998305
0.09,0.11,9230.76923076923,346.18960193720807
0.11,0.11,9230.76923076923,347.75533457657224
0.13,0.11,9230.76923076923,348.71669097625545
0.15,0.11,9230.76923076923,349.27716009962666
0.17,0.11,9230.76923076923,349.57823249433835
0.19,0.11,9230.76923076923,349.70784089998205
0.21,0.11,9230.76923076923,349.707840899982
0.23,0.11,9230.76923076923,349.57823249433835
0.25,0.11,9230.76923076923,349.2771600996266
0.27,0.11,9230.76923076923,348.7166909762553
0.29,0.11,9230.76923076923,347.75533457657207
0.31,0.11,9230.76923076923,346.189601937208
0.33,0.11,9230.76923076923,343.748983479983
0.35,0.11,9230.76923076923,340.10180390856
0.37,0.11,9230.76923076923,334.8832454749679
0.39,0.11,9230.76923076923,327.75967409568085
0.01,0.13,9230.76923076923,327.8840032569541
0.03,0.13,9230.76923076923,335.2460677199128
0.05,0.13,9230.76923076923,340.6743696440165
0.07,0.13,9230.76923076923,344.49165383575456
0.09,0.13,9230.76923076923,347.06052221218926
0.11,0.13,9230.76923076923,348.71669097625545
0.13,0.13,9230.76923076923,349.737826130485
0.15,0.13,9230.76923076923,350.3351449525089
0.17,0.13,9230.76923076923,350.65680862726407
0.19,0.13,9230.76923076923,350.7954944811308
0.21,0.13,9230.76923076923,350.7954944811308
0.23,0.13,9230.76923076923,350.65680862726407
0.25,0.13,9230.76923076923,350.33514495250887
0.27,0.13,9230.76923076923,349.7378261304849
0.29,0.13,9230.76923076923,348.7166909762553
0.31,0.13,9230.76923076923,347.0605222121892
0.33,0.13,9230.76923076923,344.49165383575445
0.35,0.13,9230.76923076923,340.67436964401645
0.37,0.13,9230.76923076923,335.2460677199128
0.39,0.13,9230.76923076923,327.8840032569541
0.01,0.15,9230.76923076923,327.9544694918215
0.03,0.15,9230.76923076923,335.4526352129077
0.05,0.15,9230.76923076923,341.0024476408445
0.07,0.15,9230.76923076923,344.92005639971813
0.09,0.15,9230.76923076923,347.565892821745
0.11,0.15,9230.76923076923,349.2771600996267
0.13,0.15,9230.76923076923,350.335144952509
0.15,0.15,9230.76923076923,350.95536070942444
0.17,0.15,9230.76923076923,351.28987535155045
0.19,0.15,9230.76923076923,351.4342362440026
0.21,0.15,9230.76923076923,351.4342362440026
0.23,0.15,9230.76923076923,351.28987535155045
0.25,0.15,9230.76923076923,350.9553607094244
0.27,0.15,9230.76923076923,350.33514495250887
0.29,0.15,9230.76923076923,349.2771600996266
0.31,0.15,9230.76923076923,347.56589282174497
0.33,0.15,9230.76923076923,344.9200563997181
0.35,0.15,9230.76923076923,341.0024476408445
0.37,0.15,9230.76923076923,335.4526352129077
0.39,0.15,9230.76923076923,327.9544694918216
0.01,0.17,9230.76923076923,327.9915242271266
0.03,0.17,9230.76923076923,335.5616301939754
0.05,0.17,9230.76923076923,341.1763969635792
0.07,0.17,9230.76923076923,345.148350294453
0.09,0.17,9230.76923076923,347.8364130611051
0.11,0.17,9230.76923076923,349.57823249433835
0.13,0.17,9230.76923076923,350.65680862726407
0.15,0.17,9230.76923076923,351.28987535155045
0.17,0.17,9230.76923076923,351.6316127206493
0.19,0.17,9230.76923076923,351.77916195621947
0.21,0.17,9230.76923076923,351.7791619562194
0.23,0.17,9230.76923076923,351.6316127206493
0.25,0.17,9230.76923076923,351.28987535155045
0.27,0.17,9230.76923076923,350.656808627264
0.29,0.17,9230.76923076923,349.5782324943383
0.31,0.17,9230.76923076923,347.836413061105
0.33,0.17,9230.76923076923,345.14835029445294
0.35,0.17,9230.76923076923,341.1763969635792
0.37,0.17,9230.76923076923,335.5616301939754
0.39,0.17,9230.76923076923,327.9915242271266
0.01,0.19,9230.76923076923,328.00725637178084
0.03,0.19,9230.76923076923,335.60801070967165
0.05,0.19,9230.76923076923,341.25065265462007
0.07,0.19,9230.76923076923,345.2461257761024
0.09,0.19,9230.76923076923,347.95260885855464
0.11,0.19,9230.76923076923,349.707840899982
0.13,0.19,9230.76923076923,350.7954944811308
0.15,0.19,9230.76923076923,351.4342362440026
0.17,0.19,9230.76923076923,351.77916195621947
0.19,0.19,9230.76923076923,351.92811667583373
0.21,0.19,9230.76923076923,351.92811667583373
0.23,0.19,9230.76923076923,351.7791619562194
0.25,0.19,9230.76923076923,351.43423624400253
0.27,0.19,9230.76923076923,350.7954944811308
0.29,0.19,9230.76923076923,349.707840899982
0.31,0.19,9230.76923076923,347.95260885855475
0.33,0.19,9230.76923076923,345.2461257761024
0.35,0.19,9230.76923076923,341.2506526546201
0.37,0.19,9230.76923076923,335.60801070967165
0.39,0.19,9230.76923076923,328.0072563717809
0.01,0.21,9230.76923076923,328.0072563717809
0.03,0.21,9230.76923076923,335.60801070967165
0.05,0.21,9230.76923076923,341.25065265462007
0.07,0.21,9230.76923076923,345.2461257761024
0.09,0.21,9230.76923076923,347.9526088585547
0.11,0.21,9230.76923076923,349.707840899982
0.13,0.21,9230.76923076923,350.7954944811308
0.15,0.21,9230.76923076923,351.4342362440026
0.17,0.21,9230.76923076923,351.77916195621947
0.19,0.21,9230.76923076923,351.92811667583373
0.21,0.21,9230.76923076923,351.9281166758337
0.23,0.21,9230.76923076923,351.7791619562194
0.25,0.21,9230.76923076923,351.43423624400253
0.27,0.21,9230.76923076923,350.7954944811308
0.29,0.21,9230.76923076923,349.707840899982
0.31,0.21,9230.76923076923,347.9526088585547
0.33,0.21,9230.76923076923,345.2461257761024
0.35,0.21,9230.76923076923,341.2506526546201
0.37,0.21,9230.76923076923,335.60801070967165
0.39,0.21,9230.76923076923,328.0072563717809
0.01,0.23,9230.76923076923,327.99152422712666
0.03,0.23,9230.76923076923,335.5616301939754
0.05,0.23,9230.76923076923,341.1763969635791
0.07,0.23,9230.76923076923,345.14835029445294
0.09,0.23,9230.76923076923,347.836413061105
0.11,0.23,9230.76923076923,349.57823249433835
0.13,0.23,9230.76923076923,350.65680862726407
0.15,0.23,9230.76923076923,351.2898753515505
0.17,0.23,9230.76923076923,351.6316127206493
0.19,0.23,9230.76923076923,351.7791619562194
0.21,0.23,9230.76923076923,351.7791619562194
0.23,0.23,9230.76923076923,351.6316127206493
0.25,0.23,9230.76923076923,351.28987535155045
0.27,0.23,9230.76923076923,350.656808627264
0.29,0.23,9230.76923076923,349.57823249433835
0.31,0.23,9230.76923076923,347.83641306110496
0.33,0.23,9230.76923076923,345.14835029445294
0.35,0.23,9230.76923076923,341.1763969635792
0.37,0.23,9230.76923076923,335.56163019397536
0.39,0.23,9230.76923076923,327.9915242271266
0.01,0.25,9230.76923076923,327.9544694918216
0.03,0.25,9230.76923076923,335.4526352129077
0.05,0.25,9230.76923076923,341.0024476408445
0.07,0.25,9230.76923076923,344.9200563997181
0.09,0.25,9230.76923076923,347.565892821745
0.11,0.25,9230.76923076923,349.27716009962666
0.13,0.25,9230.76923076923,350.3351449525089
0.15,0.25,9230.76923076923,350.95536070942444
0.17,0.25,9230.76923076923,351.28987535155045
0.19,0.25,9230.76923076923,351.4342362440026
0.21,0.25,9230.76923076923,351.43423624400253
0.23,0.25,9230.76923076923,351.28987535155045
0.25,0.25,9230.76923076923,350.95536070942444
0.27,0.25,9230.76923076923,350.33514495250887
0.29,0.25,9230.76923076923,349.2771600996266
0.31,0.25,9230.76923076923,347.5658928217449
0.33,0.25,9230.76923076923,344.9200563997181
0.35,0.25,9230.76923076923,341.0024476408445
0.37,0.25,9230.76923076923,335.4526352129077
0.39,0.25,9230.76923076923,327.9544694918216
0.01,0.27,9230.76923076923,327.88400325695414
0.03,0.27,9230.76923076923,335.2460677199128
0.05,0.27,9230.76923076923,340.6743696440165
0.07,0.27,9230.76923076923,344.49165383575445
0.09,0.27,9230.76923076923,347.0605222121892
0.11,0.27,9230.76923076923,348.71669097625534
0.13,0.27,9230.76923076923,349.73782613048496
0.15,0.27,9230.76923076923,350.3351449525089
0.17,0.27,9230.76923076923,350.6568086272641
0.19,0.27,9230.76923076923,350.7954944811308
0.21,0.27,9230.76923076923,350.7954944811308
0.23,0.27,9230.76923076923,350.6568086272641
0.25,0.27,9230.76923076923,350.335144952509
0.27,0.27,9230.76923076923,349.73782613048496
0.29,0.27,9230.76923076923,348.71669097625534
0.31,0.27,9230.76923076923,347.0605222121892
0.33,0.27,9230.76923076923,344.49165383575445
0.35,0.27,9230.76923076923,340.67436964401645
0.37,0.27,9230.76923076923,335.2460677199128
0.39,0.27,9230.76923076923,327.8840032569541
0.01,0.29,9230.76923076923,327.75967409568085
0.03,0.29,9230.76923076923,334.883245474968
0.05,0.29,9230.76923076923,340.10180390856
0.07,0.29,9230.76923076923,343.74898347998305
0.09,0.29,9230.76923076923,346.18960193720807
0.11,0.29,9230.76923076923,347.7553345765722
0.13,0.29,9230.76923076923,348.7166909762554
0.15,0.29,9230.76923076923,349.27716009962666
0.17,0.29,9230.76923076923,349.5782324943384
0.19,0.29,9230.76923076923,349.707840899982
0.21,0.29,9230.76923076923,349.70784089998205
0.23,0.29,9230.76923076923,349.57823249433847
0.25,0.29,9230.76923076923,349.2771600996267
0.27,0.29,9230.76923076923,348.7166909762554
0.29,0.29,9230.76923076923,347.7553345765722
0.31,0.29,9230.76923076923,346.189601937208
0.33,0.29,9230.76923076923,343.748983479983
0.35,0.29,9230.76923076923,340.10180390856
0.37,0.29,9230.76923076923,334.8832454749679
0.39,0.29,9230.76923076923,327.75967409568085
0.01,0.31,9230.76923076923,327.54970508640537
0.03,0.31,9230.76923076923,334.2742190307714
0.05,0.31,9230.76923076923,339.14872307058414
0.07,0.31,9230.76923076923,342.52325759270843
0.09,0.31,9230.76923076923,344.76286596965224
0.11,0.31,9230.76923076923,346.18960193720807
0.13,0.31,9230.76923076923,347.06052221218926
0.15,0.31,9230.76923076923,347.565892821745
0.17,0.31,9230.76923076923,347.8364130611051
0.19,0.31,9230.76923076923,347.9526088585547
0.21,0.31,9230.76923076923,347.95260885855475
0.23,0.31,9230.76923076923,347.83641306110513
0.25,0.31,9230.76923076923,347.5658928217451
0.27,0.31,9230.76923076923,347.0605222121892
0.29,0.31,9230.76923076923,346.18960193720807
0.31,0.31,9230.76923076923,344.76286596965224
0.33,0.31,9230.76923076923,342.5232575927083
0.35,0.31,9230.76923076923,339.1487230705841
0.37,0.31,9230.76923076923,334.2742190307714
0.39,0.31,9230.76923076923,327.54970508640537
0.01,0.33,9230.76923076923,327.2064650155864
0.03,0.33,9230.76923076923,333.28755884668766
0.05,0.33,9230.76923076923,337.62213869599566
0.07,0.33,9230.76923076923,340.581400574173
0.09,0.33,9230.76923076923,342.52325759270843
0.11,0.33,9230.76923076923,343.74898347998305
0.13,0.33,9230.76923076923,344.4916538357545
0.15,0.33,9230.76923076923,344.92005639971813
0.17,0.33,9230.76923076923,345.14835029445305
0.19,0.33,9230.76923076923,345.2461257761025
0.21,0.33,9230.76923076923,345.2461257761024
0.23,0.33,9230.76923076923,345.148350294453
0.25,0.33,9230.76923076923,344.92005639971813
0.27,0.33,9230.76923076923,344.49165383575456
0.29,0.33,9230.76923076923,343.74898347998305
0.31,0.33,9230.76923076923,342.5232575927084
0.33,0.33,9230.76923076923,340.581400574173
0.35,0.33,9230.76923076923,337.62213869599566
0.37,0.33,9230.76923076923,333.28755884668766
0.39,0.33,9230.76923076923,327.2064650155864
0.01,0.35,9230.76923076923,326.65859713764644
0.03,0.35,9230.76923076923,331.7368069530221
0.05,0.35,9230.76923076923,335.261890637466
0.07,0.35,9230.76923076923,337.62213869599566
0.09,0.35,9230.76923076923,339.14872307058414
0.11,0.35,9230.76923076923,340.10180390856004
0.13,0.35,9230.76923076923,340.67436964401656
0.15,0.35,9230.76923076923,341.00244764084454
0.17,0.35,9230.76923076923,341.17639696357924
0.19,0.35,9230.76923076923,341.2506526546202
0.21,0.35,9230.76923076923,341.2506526546202
0.23,0.35,9230.76923076923,341.1763969635792
0.25,0.35,9230.76923076923,341.0024476408445
0.27,0.35,9230.76923076923,340.6743696440165
0.29,0.35,9230.76923076923,340.10180390856
0.31,0.35,9230.76923076923,339.1487230705841
0.33,0.35,9230.76923076923,337.6221386959956
0.35,0.35,9230.76923076923,335.261890637466
0.37,0.35,9230.76923076923,331.7368069530221
0.39,0.35,9230.76923076923,326.65859713764644
0.01,0.37,9230.76923076923,325.7925697134714
0.03,0.37,9230.76923076923,329.3610167804756
0.05,0.37,9230.76923076923,331.7368069530221
0.07,0.37,9230.76923076923,333.28755884668766
0.09,0.37,9230.76923076923,334.2742190307714
0.11,0.37,9230.76923076923,334.883245474968
0.13,0.37,9230.76923076923,335.2460677199128
0.15,0.37,9230.76923076923,335.4526352129077
0.17,0.37,9230.76923076923,335.5616301939754
0.19,0.37,9230.76923076923,335.60801070967165
0.21,0.37,9230.76923076923,335.6080107096717
0.23,0.37,9230.76923076923,335.5616301939754
0.25,0.37,9230.76923076923,335.4526352129077
0.27,0.37,9230.76923076923,335.2460677199128
0.29,0.37,9230.76923076923,334.8832454749679
0.31,0.37,9230.76923076923,334.2742190307714
0.33,0.37,9230.76923076923,333.28755884668766
0.35,0.37,9230.76923076923,331.7368069530221
0.37,0.37,9230.76923076923,329.3610167804756
0.39,0.37,9230.76923076923,325.7925697134714
0.01,0.39,9230.76923076923,324.39302002642864
0.03,0.39,9230.76923076923,325.7925697134714
0.05,0.39,9230.76923076923,326.65859713764644
0.07,0.39,9230.76923076923,327.2064650155864
0.09,0.39,9230.76923076923,327.54970508640537
0.11,0.39,9230.76923076923,327.7596740956809
0.13,0.39,9230.76923076923,327.8840032569541
0.15,0.39,9230.76923076923,327.9544694918216
0.17,0.39,9230.76923076923,327.9915242271266
0.19,0.39,9230.76923076923,328.0072563717809
0.21,0.39,9230.76923076923,328.0072563717809
0.23,0.39,9230.76923076923,327.9915242271266
0.25,0.39,9230.76923076923,327.9544694918216
0.27,0.39,9230.76923076923,327.8840032569541
0.29,0.39,9230.76923076923,327.75967409568085
0.31,0.39,9230.76923076923,327.54970508640537
0.33,0.39,9230.76923076923,327.2064650155864
0.35,0.39,9230.76923076923,326.65859713764644
0.37,0.39,9230.76923076923,325.7925697134714
0.39,0.39,9230.76923076923,324.39302002642864
0.01,0.01,11076.923076923078,324.2524833212639
0.03,0.01,11076.923076923078,325.5777336720224
0.05,0.01,11076.923076923078,326.46077164619487
0.07,0.01,11076.923076923078,327.0648546859986
0.09,0.01,11076.923076923078,327.47568792122144
0.11,0.01,11076.923076923078,327.7496979060317
0.13,0.01,11076.923076923078,327.92733915137313
0.15,0.01,11076.923076923078,328.0377253908486
0.17,0.01,11076.923076923078,328.1009393061761
0.19,0.01,11076.923076923078,328.1295350125845
0.21,0.01,11076.923076923078,328.1295350125845
0.23,0.01,11076.923076923078,328.1009393061761
0.25,0.01,11076.923076923078,328.0377253908486
0.27,0.01,11076.923076923078,327.9273391513731
0.29,0.01,11076.923076923078,327.74969790603166
0.31,0.01,11076.923076923078,327.4756879212214
0.33,0.01,11076.923076923078,327.06485468599857
0.35,0.01,11076.923076923078,326.46077164619487
0.37,0.01,11076.923076923078,325.5777336720224
0.39,0.01,11076.923076923078,324.2524833212639
0.01,0.03,11076.923076923078,325.5777336720224
0.03,0.03,11076.923076923078,329.0379419224019
0.05,0.03,11076.923076923078,331.49715208204805
0.07,0.03,11076.923076923078,333.2235532274605
0.09,0.03,11076.923076923078,334.4119276912858
0.11,0.03,11076.923076923078,335.20991689795574
0.13,0.03,11076.923076923078,335.7295575019341
0.15,0.03,11076.923076923078,336.053489720427
0.17,0.03,11076.923076923078,336.23941490747063
0.19,0.03,11076.923076923078,336.3236396236743
0.21,0.03,11076.923076923078,336.3236396236743
0.23,0.03,11076.923076923078,336.23941490747063
0.25,0.03,11076.923076923078,336.05348972042697
0.27,0.03,11076.923076923078,335.7295575019341
0.29,0.03,11076.923076923078,335.2099168979558
0.31,0.03,11076.923076923078,334.41192769128577
0.33,0.03,11076.923076923078,333.22355322746046
0.35,0.03,11076.923076923078,331.497152082048
0.37,0.03,11076.923076923078,329.0379419224019
0.39,0.03,11076.923076923078,325.5777336720224
0.01,0.05,11076.923076923078,326.46077164619487
0.03,0.05,11076.923076923078,331.49715208204805
0.05,0.05,11076.923076923078,335.21237773947365
0.07,0.05,11076.923076923078,337.8774071094121
0.09,0.05,11076.923076923078,339.7365588377536
0.11,0.05,11076.923076923078,340.9962296048108
0.13,0.05,11076.923076923078,341.82183606428123
0.15,0.05,11076.923076923078,342.3389919053062
0.17,0.05,11076.923076923078,342.63686279147424
0.19,0.05,11076.923076923078,342.7720949383776
0.21,0.05,11076.923076923078,342.7720949383777
0.23,0.05,11076.923076923078,342.6368627914743
0.25,0.05,11076.923076923078,342.33899190530616
0.27,0.05,11076.923076923078,341.8218360642813
0.29,0.05,11076.923076923078,340.9962296048109
0.31,0.05,11076.923076923078,339.7365588377536
0.33,0.05,11076.923076923078,337.87740710941216
0.35,0.05,11076.923076923078,335.2123777394736
0.37,0.05,11076.923076923078,331.497152082048
0.39,0.05,11076.923076923078,326.46077164619487
0.01,0.07,11076.923076923078,327.0648546859986
0.03,0.07,11076.923076923078,333.22355322746057
0.05,0.07,11076.923076923078,337.87740710941216
0.07,0.07,11076.923076923078,341.2727532779537
0.09,0.07,11076.923076923078,343.6703961445692
0.11,0.07,11076.923076923078,345.3097377352573
0.13,0.07,11076.923076923078,346.3917163524573
0.15,0.07,11076.923076923078,347.0731377826923
0.17,0.07,11076.923076923078,347.46719513490905
0.19,0.07,11076.923076923078,347.6465464620667
0.21,0.07,11076.923076923078,347.6465464620667
0.23,0.07,11076.923076923078,347.467195134909
0.25,0.07,11076.923076923078,347.07313778269224
0.27,0.07,11076.923076923078,346.3917163524573
0.29,0.07,11076.923076923078,345.30973773525733
0.31,0.07,11076.923076923078,343.6703961445691
0.33,0.07,11076.923076923078,341.2727532779537
0.35,0.07,11076.923076923078,337.8774071094121
0.37,0.07,11076.923076923078,333.22355322746046
0.39,0.07,11076.923076923078,327.06485468599857
0.01,0.09,11076.923076923078,327.47568792122144
0.03,0.09,11076.923076923078,334.4119276912858
0.05,0.09,11076.923076923078,339.73655883775365
0.07,0.09,11076.923076923078,343.6703961445692
0.09,0.09,11076.923076923078,346.4762061965146
0.11,0.09,11076.923076923078,348.41010675142775
0.13,0.09,11076.923076923078,349.6948353537058
0.15,0.09,11076.923076923078,350.5081726477849
0.17,0.09,11076.923076923078,350.98036449093405
0.19,0.09,11076.923076923078,351.1958142990609
0.21,0.09,11076.923076923078,351.1958142990609
0.23,0.09,11076.923076923078,350.980364490934
0.25,0.09,11076.923076923078,350.5081726477848
0.27,0.09,11076.923076923078,349.69483535370574
0.29,0.09,11076.923076923078,348.4101067514277
0.31,0.09,11076.923076923078,346.4762061965146
0.33,0.09,11076.923076923078,343.6703961445691
0.35,0.09,11076.923076923078,339.73655883775353
0.37,0.09,11076.923076923078,334.4119276912857
0.39,0.09,11076.923076923078,327.4756879212213
0.01,0.11,11076.923076923078,327.74969790603166
0.03,0.11,11076.923076923078,335.20991689795574
0.05,0.11,11076.923076923078,340.9962296048108
0.07,0.11,11076.923076923078,345.3097377352573
0.09,0.11,11076.923076923078,348.41010675142775
0.11,0.11,11076.923076923078,350.5610699983964
0.13,0.11,11076.923076923078,351.99791770821474
0.15,0.11,11076.923076923078,352.9117019773339
0.17,0.11,11076.923076923078,353.4440592598337
0.19,0.11,11076.923076923078,353.68750355852
0.21,0.11,11076.923076923078,353.68750355852006
0.23,0.11,11076.923076923078,353.4440592598337
0.25,0.11,11076.923076923078,352.91170197733385
0.27,0.11,11076.923076923078,351.9979177082147
0.29,0.11,11076.923076923078,350.5610699983964
0.31,0.11,11076.923076923078,348.4101067514277
0.33,0.11,11076.923076923078,345.3097377352572
0.35,0.11,11076.923076923078,340.9962296048108
0.37,0.11,11076.923076923078,335.20991689795574
0.39,0.11,11076.923076923078,327.74969790603166
0.01,0.13,11076.923076923078,327.927339151373
0.03,0.13,11076.923076923078,335.729557501934
0.05,0.13,11076.923076923078,341.82183606428123
0.07,0.13,11076.923076923078,346.39171635245725
0.09,0.13,11076.923076923078,349.6948353537058
0.11,0.13,11076.923076923078,351.99791770821474
0.13,0.13,11076.923076923078,353.5430845854678
0.15,0.13,11076.923076923078,354.5293547997072
0.17,0.13,11076.923076923078,355.1055753701205
0.19,0.13,11076.923076923078,355.3695618728031
0.21,0.13,11076.923076923078,355.3695618728032
0.23,0.13,11076.923076923078,355.1055753701205
0.25,0.13,11076.923076923078,354.5293547997072
0.27,0.13,11076.923076923078,353.5430845854678
0.29,0.13,11076.923076923078,351.9979177082147
0.31,0.13,11076.923076923078,349.69483535370574
0.33,0.13,11076.923076923078,346.39171635245725
0.35,0.13,11076.923076923078,341.8218360642812
0.37,0.13,11076.923076923078,335.72955750193404
0.39,0.13,11076.923076923078,327.9273391513731
0.01,0.15,11076.923076923078,328.0377253908485
0.03,0.15,11076.923076923078,336.0534897204269
0.05,0.15,11076.923076923078,342.33899190530616
0.07,0.15,11076.923076923078,347.07313778269224
0.09,0.15,11076.923076923078,350.5081726477848
0.11,0.15,11076.923076923078,352.9117019773339
0.13,0.15,11076.923076923078,354.5293547997073
0.15,0.15,11076.923076923078,355.56468303143106
0.17,0.15,11076.923076923078,356.17084945731955
0.19,0.15,11076.923076923078,356.4489382549421
0.21,0.15,11076.923076923078,356.4489382549421
0.23,0.15,11076.923076923078,356.17084945731955
0.25,0.15,11076.923076923078,355.564683031431
0.27,0.15,11076.923076923078,354.5293547997072
0.29,0.15,11076.923076923078,352.91170197733385
0.31,0.15,11076.923076923078,350.5081726477848
0.33,0.15,11076.923076923078,347.07313778269224
0.35,0.15,11076.923076923078,342.3389919053062
0.37,0.15,11076.923076923078,336.05348972042697
0.39,0.15,11076.923076923078,328.0377253908486
0.01,0.17,11076.923076923078,328.10093930617603
0.03,0.17,11076.923076923078,336.2394149074706
0.05,0.17,11076.923076923078,342.63686279147424
0.07,0.17,11076.923076923078,347.46719513490893
0.09,0.17,11076.923076923078,350.980364490934
0.11,0.17,11076.923076923078,353.4440592598337
0.13,0.17,11076.923076923078,355.10557537012056
0.15,0.17,11076.923076923078,356.17084945731955
0.17,0.17,11076.923076923078,356.7954185621227
0.19,0.17,11076.923076923078,357.08221084438907
0.21,0.17,11076.923076923078,357.082210844389
0.23,0.17,11076.923076923078,356.7954185621227
0.25,0.17,11076.923076923078,356.17084945731955
0.27,0.17,11076.923076923078,355.1055753701205
0.29,0.17,11076.923076923078,353.4440592598337
0.31,0.17,11076.923076923078,350.98036449093405
0.33,0.17,11076.923076923078,347.467195134909
0.35,0.17,11076.923076923078,342.63686279147424
0.37,0.17,11076.923076923078,336.23941490747063
0.39,0.17,11076.923076923078,328.10093930617603
0.01,0.19,11076.923076923078,328.1295350125844
0.03,0.19,11076.923076923078,336.3236396236742
0.05,0.19,11076.923076923078,342.7720949383775
0.07,0.19,11076.923076923078,347.6465464620665
0.09,0.19,11076.923076923078,351.1958142990608
0.11,0.19,11076.923076923078,353.68750355852
0.13,0.19,11076.923076923078,355.3695618728031
0.15,0.19,11076.923076923078,356.4489382549421
0.17,0.19,11076.923076923078,357.0822108443891
0.19,0.19,11076.923076923078,357.3731306470449
0.21,0.19,11076.923076923078,357.37313064704483
0.23,0.19,11076.923076923078,357.08221084438907
0.25,0.19,11076.923076923078,356.4489382549421
0.27,0.19,11076.923076923078,355.3695618728031
0.29,0.19,11076.923076923078,353.68750355852
0.31,0.19,11076.923076923078,351.1958142990609
0.33,0.19,11076.923076923078,347.64654646206657
0.35,0.19,11076.923076923078,342.7720949383776
0.37,0.19,11076.923076923078,336.3236396236742
0.39,0.19,11076.923076923078,328.1295350125844
0.01,0.21,11076.923076923078,328.1295350125844
0.03,0.21,11076.923076923078,336.3236396236741
0.05,0.21,11076.923076923078,342.7720949383775
0.07,0.21,11076.923076923078,347.6465464620665
0.09,0.21,11076.923076923078,351.1958142990608
0.11,0.21,11076.923076923078,353.68750355852
0.13,0.21,11076.923076923078,355.3695618728031
0.15,0.21,11076.923076923078,356.44893825494216
0.17,0.21,11076.923076923078,357.0822108443891
0.19,0.21,11076.923076923078,357.3731306470449
0.21,0.21,11076.923076923078,357.37313064704483
0.23,0.21,11076.923076923078,357.08221084438907
0.25,0.21,11076.923076923078,356.4489382549421
0.27,0.21,11076.923076923078,355.3695618728031
0.29,0.21,11076.923076923078,353.68750355852
0.31,0.21,11076.923076923078,351.1958142990608
0.33,0.21,11076.923076923078,347.64654646206657
0.35,0.21,11076.923076923078,342.7720949383775
0.37,0.21,11076.923076923078,336.3236396236742
0.39,0.21,11076.923076923078,328.1295350125844
0.01,0.23,11076.923076923078,328.10093930617603
0.03,0.23,11076.923076923078,336.2394149074706
0.05,0.23,11076.923076923078,342.6368627914742
0.07,0.23,11076.923076923078,347.4671951349089
0.09,0.23,11076.923076923078,350.98036449093394
0.11,0.23,11076.923076923078,353.44405925983364
0.13,0.23,11076.923076923078,355.1055753701205
0.15,0.23,11076.923076923078,356.17084945731955
0.17,0.23,11076.923076923078,356.79541856212273
0.19,0.23,11076.923076923078,357.0822108443892
0.21,0.23,11076.923076923078,357.0822108443891
0.23,0.23,11076.923076923078,356.79541856212273
0.25,0.23,11076.923076923078,356.1708494573196
0.27,0.23,11076.923076923078,355.1055753701205
0.29,0.23,11076.923076923078,353.4440592598337
0.31,0.23,11076.923076923078,350.980364490934
0.33,0.23,11076.923076923078,347.46719513490893
0.35,0.23,11076.923076923078,342.6368627914742
0.37,0.23,11076.923076923078,336.2394149074705
0.39,0.23,11076.923076923078,328.10093930617603
0.01,0.25,11076.923076923078,328.0377253908485
0.03,0.25,11076.923076923078,336.05348972042697
0.05,0.25,11076.923076923078,342.33899190530616
0.07,0.25,11076.923076923078,347.0731377826922
0.09,0.25,11076.923076923078,350.5081726477848
0.11,0.25,11076.923076923078,352.91170197733385
0.13,0.25,11076.923076923078,354.5293547997072
0.15,0.25,11076.923076923078,355.564683031431
0.17,0.25,11076.923076923078,356.17084945731966
0.19,0.25,11076.923076923078,356.4489382549422
0.21,0.25,11076.923076923078,356.44893825494216
0.23,0.25,11076.923076923078,356.1708494573196
0.25,0.25,11076.923076923078,355.5646830314311
0.27,0.25,11076.923076923078,354.52935479970733
0.29,0.25,11076.923076923078,352.911701977334
0.31,0.25,11076.923076923078,350.5081726477849
0.33,0.25,11076.923076923078,347.07313778269224
0.35,0.25,11076.923076923078,342.33899190530616
0.37,0.25,11076.923076923078,336.0534897204269
0.39,0.25,11076.923076923078,328.0377253908485
0.01,0.27,11076.923076923078,327.9273391513731
0.03,0.27,11076.923076923078,335.7295575019341
0.05,0.27,11076.923076923078,341.82183606428123
0.07,0.27,11076.923076923078,346.3917163524572
0.09,0.27,11076.923076923078,349.69483535370574
0.11,0.27,11076.923076923078,351.9979177082147
0.13,0.27,11076.923076923078,353.5430845854678
0.15,0.27,11076.923076923078,354.5293547997073
0.17,0.27,11076.923076923078,355.10557537012056
0.19,0.27,11076.923076923078,355.3695618728033
0.21,0.27,11076.923076923078,355.3695618728032
0.23,0.27,11076.923076923078,355.1055753701206
0.25,0.27,11076.923076923078,354.52935479970733
0.27,0.27,11076.923076923078,353.54308458546785
0.29,0.27,11076.923076923078,351.99791770821474
0.31,0.27,11076.923076923078,349.69483535370586
0.33,0.27,11076.923076923078,346.3917163524573
0.35,0.27,11076.923076923078,341.82183606428123
0.37,0.27,11076.923076923078,335.72955750193404
0.39,0.27,11076.923076923078,327.9273391513731
0.01,0.29,11076.923076923078,327.74969790603166
0.03,0.29,11076.923076923078,335.2099168979558
0.05,0.29,11076.923076923078,340.9962296048109
0.07,0.29,11076.923076923078,345.3097377352573
0.09,0.29,11076.923076923078,348.41010675142775
0.11,0.29,11076.923076923078,350.5610699983964
0.13,0.29,11076.923076923078,351.99791770821474
0.15,0.29,11076.923076923078,352.911701977334
0.17,0.29,11076.923076923078,353.4440592598338
0.19,0.29,11076.923076923078,353.6875035585202
0.21,0.29,11076.923076923078,353.6875035585202
0.23,0.29,11076.923076923078,353.4440592598338
0.25,0.29,11076.923076923078,352.911701977334
0.27,0.29,11076.923076923078,351.99791770821474
0.29,0.29,11076.923076923078,350.5610699983965
0.31,0.29,11076.923076923078,348.41010675142775
0.33,0.29,11076.923076923078,345.3097377352573
0.35,0.29,11076.923076923078,340.9962296048108
0.37,0.29,11076.923076923078,335.2099168979558
0.39,0.29,11076.923076923078,327.74969790603166
0.01,0.31,11076.923076923078,327.47568792122144
0.03,0.31,11076.923076923078,334.4119276912858
0.05,0.31,11076.923076923078,339.73655883775365
0.07,0.31,11076.923076923078,343.6703961445692
0.09,0.31,11076.923076923078,346.4762061965147
0.11,0.31,11076.923076923078,348.4101067514278
0.13,0.31,11076.923076923078,349.69483535370586
0.15,0.31,11076.923076923078,350.5081726477849
0.17,0.31,11076.923076923078,350.98036449093416
0.19,0.31,11076.923076923078,351.19581429906094
0.21,0.31,11076.923076923078,351.19581429906094
0.23,0.31,11076.923076923078,350.98036449093405
0.25,0.31,11076.923076923078,350.5081726477849
0.27,0.31,11076.923076923078,349.6948353537058
0.29,0.31,11076.923076923078,348.41010675142775
0.31,0.31,11076.923076923078,346.4762061965146
0.33,0.31,11076.923076923078,343.6703961445691
0.35,0.31,11076.923076923078,339.73655883775365
0.37,0.31,11076.923076923078,334.4119276912858
0.39,0.31,11076.923076923078,327.47568792122144
0.01,0.33,11076.923076923078,327.06485468599857
0.03,0.33,11076.923076923078,333.2235532274605
0.05,0.33,11076.923076923078,337.87740710941216
0.07,0.33,11076.923076923078,341.27275327795377
0.09,0.33,11076.923076923078,343.6703961445692
0.11,0.33,11076.923076923078,345.30973773525733
0.13,0.33,11076.923076923078,346.3917163524573
0.15,0.33,11076.923076923078,347.0731377826923
0.17,0.33,11076.923076923078,347.46719513490905
0.19,0.33,11076.923076923078,347.6465464620667
0.21,0.33,11076.923076923078,347.6465464620666
0.23,0.33,11076.923076923078,347.46719513490905
0.25,0.33,11076.923076923078,347.0731377826923
0.27,0.33,11076.923076923078,346.3917163524573
0.29,0.33,11076.923076923078,345.30973773525733
0.31,0.33,11076.923076923078,343.6703961445692
0.33,0.33,11076.923076923078,341.27275327795377
0.35,0.33,11076.923076923078,337.8774071094122
0.37,0.33,11076.923076923078,333.22355322746057
0.39,0.33,11076.923076923078,327.0648546859986
0.01,0.35,11076.923076923078,326.46077164619487
0.03,0.35,11076.923076923078,331.49715208204805
0.05,0.35,11076.923076923078,335.2123777394737
0.07,0.35,11076.923076923078,337.8774071094122
0.09,0.35,11076.923076923078,339.73655883775365
0.11,0.35,11076.923076923078,340.9962296048109
0.13,0.35,11076.923076923078,341.8218360642813
0.15,0.35,11076.923076923078,342.3389919053063
0.17,0.35,11076.923076923078,342.6368627914743
0.19,0.35,11076.923076923078,342.7720949383776
0.21,0.35,11076.923076923078,342.7720949383776
0.23,0.35,11076.923076923078,342.6368627914743
0.25,0.35,11076.923076923078,342.3389919053063
0.27,0.35,11076.923076923078,341.82183606428134
0.29,0.35,11076.923076923078,340.9962296048108
0.31,0.35,11076.923076923078,339.73655883775353
0.33,0.35,11076.923076923078,337.87740710941216
0.35,0.35,11076.923076923078,335.2123777394737
0.37,0.35,11076.923076923078,331.4971520820481
0.39,0.35,11076.923076923078,326.46077164619487
0.01,0.37,11076.923076923078,325.5777336720224
0.03,0.37,11076.923076923078,329.0379419224019
0.05,0.37,11076.923076923078,331.4971520820481
0.07,0.37,11076.923076923078,333.22355322746057
0.09,0.37,11076.923076923078,334.4119276912858
0.11,0.37,11076.923076923078,335.20991689795585
0.13,0.37,11076.923076923078,335.7295575019341
0.15,0.37,11076.923076923078,336.05348972042697
0.17,0.37,11076.923076923078,336.2394149074706
0.19,0.37,11076.923076923078,336.32363962367424
0.21,0.37,11076.923076923078,336.32363962367424
0.23,0.37,11076.923076923078,336.23941490747063
0.25,0.37,11076.923076923078,336.053489720427
0.27,0.37,11076.923076923078,335.7295575019341
0.29,0.37,11076.923076923078,335.2099168979558
0.31,0.37,11076.923076923078,334.4119276912858
0.33,0.37,11076.923076923078,333.2235532274605
0.35,0.37,11076.923076923078,331.4971520820481
0.37,0.37,11076.923076923078,329.037941922402
0.39,0.37,11076.923076923078,325.5777336720225
0.01,0.39,11076.923076923078,324.2524833212639
0.03,0.39,11076.923076923078,325.5777336720224
0.05,0.39,11076.923076923078,326.46077164619487
0.07,0.39,11076.923076923078,327.0648546859986
0.09,0.39,11076.923076923078,327.47568792122144
0.11,0.39,11076.923076923078,327.74969790603166
0.13,0.39,11076.923076923078,327.9273391513731
0.15,0.39,11076.923076923078,328.0377253908486
0.17,0.39,11076.923076923078,328.10093930617603
0.19,0.39,11076.923076923078,328.1295350125844
0.21,0.39,11076.923076923078,328.1295350125844
0.23,0.39,11076.923076923078,328.10093930617603
0.25,0.39,11076.923076923078,328.0377253908486
0.27,0.39,11076.923076923078,327.92733915137313
0.29,0.39,11076.923076923078,327.7496979060317
0.31,0.39,11076.923076923078,327.47568792122144
0.33,0.39,11076.923076923078,327.0648546859986
0.35,0.39,11076.923076923078,326.4607716461949
0.37,0.39,11076.923076923078,325.5777336720225
0.39,0.39,11076.923076923078,324.2524833212639
0.01,0.01,12923.076923076924,324.129275096493
0.03,0.01,12923.076923076924,325.3595350748799
0.05,0.01,12923.076923076924,326.2210023657313
0.07,0.01,12923.076923076924,326.84217434310443
0.09,0.01,12923.076923076924,327.2884106270832
0.11,0.01,12923.076923076924,327.6031948487177
0.13,0.01,12923.076923076924,327.81898491325524
0.15,0.01,12923.076923076924,327.9603319451761
0.17,0.01,12923.076923076924,328.04498935222443
0.19,0.01,12923.076923076924,328.0844844277641
0.21,0.01,12923.076923076924,328.0844844277641
0.23,0.01,12923.076923076924,328.04498935222443
0.25,0.01,12923.076923076924,327.9603319451761
0.27,0.01,12923.076923076924,327.8189849132553
0.29,0.01,12923.076923076924,327.6031948487178
0.31,0.01,12923.076923076924,327.28841062708324
0.33,0.01,12923.076923076924,326.8421743431045
0.35,0.01,12923.076923076924,326.2210023657313
0.37,0.01,12923.076923076924,325.3595350748799
0.39,0.01,12923.076923076924,324.1292750964931
0.01,0.03,12923.076923076924,325.3595350748799
0.03,0.03,12923.076923076924,328.62298959060627
0.05,0.03,12923.076923076924,331.04635466949514
0.07,0.03,12923.076923076924,332.8333156061336
0.09,0.03,12923.076923076924,334.12982202319176
0.11,0.03,12923.076923076924,335.04926334238564
0.13,0.03,12923.076923076924,335.6816581579954
0.15,0.03,12923.076923076924,336.0968415233229
0.17,0.03,12923.076923076924,336.34590236419746
0.19,0.03,12923.076923076924,336.4622071342066
0.21,0.03,12923.076923076924,336.4622071342066
0.23,0.03,12923.076923076924,336.3459023641974
0.25,0.03,12923.076923076924,336.0968415233229
0.27,0.03,12923.076923076924,335.68165815799546
0.29,0.03,12923.076923076924,335.04926334238564
0.31,0.03,12923.076923076924,334.1298220231918
0.33,0.03,12923.076923076924,332.8333156061336
0.35,0.03,12923.076923076924,331.04635466949514
0.37,0.03,12923.076923076924,328.62298959060627
0.39,0.03,12923.076923076924,325.3595350748799
0.01,0.05,12923.076923076924,326.2210023657313
0.03,0.05,12923.076923076924,331.04635466949514
0.05,0.05,12923.076923076924,334.7537108228573
0.07,0.05,12923.076923076924,337.5395832000855
0.09,0.05,12923.076923076924,339.58353207461465
0.11,0.05,12923.076923076924,341.04349218158626
0.13,0.05,12923.076923076924,342.05267602802513
0.15,0.05,12923.076923076924,342.71761407313016
0.17,0.05,12923.076923076924,343.1175040282607
0.19,0.05,12923.076923076924,343.30452718249313
0.21,0.05,12923.076923076924,343.3045271824931
0.23,0.05,12923.076923076924,343.1175040282607
0.25,0.05,12923.076923076924,342.71761407313016
0.27,0.05,12923.076923076924,342.0526760280252
0.29,0.05,12923.076923076924,341.04349218158626
0.31,0.05,12923.076923076924,339.5835320746147
0.33,0.05,12923.076923076924,337.5395832000855
0.35,0.05,12923.076923076924,334.7537108228572
0.37,0.05,12923.076923076924,331.0463546694952
0.39,0.05,12923.076923076924,326.2210023657313
0.01,0.07,12923.076923076924,326.8421743431045
0.03,0.07,12923.076923076924,332.8333156061337
0.05,0.07,12923.076923076924,337.5395832000854
0.07,0.07,12923.076923076924,341.12939761753745
0.09,0.07,12923.076923076924,343.7905300979085
0.11,0.07,12923.076923076924,345.7054865980123
0.13,0.07,12923.076923076924,347.0365017415677
0.15,0.07,12923.076923076924,347.9171217754343
0.17,0.07,12923.076923076924,348.44829148417125
0.19,0.07,12923.076923076924,348.6971628012828
0.21,0.07,12923.076923076924,348.6971628012828
0.23,0.07,12923.076923076924,348.4482914841712
0.25,0.07,12923.076923076924,347.9171217754342
0.27,0.07,12923.076923076924,347.0365017415677
0.29,0.07,12923.076923076924,345.70548659801227
0.31,0.07,12923.076923076924,343.7905300979085
0.33,0.07,12923.076923076924,341.12939761753745
0.35,0.07,12923.076923076924,337.5395832000855
0.37,0.07,12923.076923076924,332.8333156061337
0.39,0.07,12923.076923076924,326.8421743431045
0.01,0.09,12923.076923076924,327.28841062708324
0.03,0.09,12923.076923076924,334.1298220231918
0.05,0.09,12923.076923076924,339.5835320746147
0.07,0.09,12923.076923076924,343.7905300979086
0.09,0.09,12923.076923076924,346.936197681737
0.11,0.09,12923.076923076924,349.21506375358774
0.13,0.09,12923.076923076924,350.8073901723548
0.15,0.09,12923.076923076924,351.8652178929631
0.17,0.09,12923.076923076924,352.50518745549977
0.19,0.09,12923.076923076924,352.80559096144526
0.21,0.09,12923.076923076924,352.80559096144526
0.23,0.09,12923.076923076924,352.50518745549977
0.25,0.09,12923.076923076924,351.865217892963
0.27,0.09,12923.076923076924,350.8073901723547
0.29,0.09,12923.076923076924,349.2150637535877
0.31,0.09,12923.076923076924,346.9361976817369
0.33,0.09,12923.076923076924,343.7905300979086
0.35,0.09,12923.076923076924,339.5835320746147
0.37,0.09,12923.076923076924,334.1298220231918
0.39,0.09,12923.076923076924,327.28841062708324
0.01,0.11,12923.076923076924,327.6031948487178
0.03,0.11,12923.076923076924,335.04926334238564
0.05,0.11,12923.076923076924,341.0434921815863
0.07,0.11,12923.076923076924,345.7054865980123
0.09,0.11,12923.076923076924,349.21506375358774
0.11,0.11,12923.076923076924,351.7718281682289
0.13,0.11,12923.076923076924,353.5665575367745
0.15,0.11,12923.076923076924,354.7632359484179
0.17,0.11,12923.076923076924,355.4891923348622
0.19,0.11,12923.076923076924,355.8305419209564
0.21,0.11,12923.076923076924,355.8305419209564
0.23,0.11,12923.076923076924,355.4891923348622
0.25,0.11,12923.076923076924,354.76323594841784
0.27,0.11,12923.076923076924,353.56655753677444
0.29,0.11,12923.076923076924,351.7718281682288
0.31,0.11,12923.076923076924,349.21506375358774
0.33,0.11,12923.076923076924,345.7054865980123
0.35,0.11,12923.076923076924,341.04349218158626
0.37,0.11,12923.076923076924,335.04926334238564
0.39,0.11,12923.076923076924,327.6031948487177
0.01,0.13,12923.076923076924,327.81898491325524
0.03,0.13,12923.076923076924,335.6816581579954
0.05,0.13,12923.076923076924,342.05267602802513
0.07,0.13,12923.076923076924,347.0365017415677
0.09,0.13,12923.076923076924,350.8073901723548
0.11,0.13,12923.076923076924,353.5665575367745
0.13,0.13,12923.076923076924,355.51056990538854
0.15,0.13,12923.076923076924,356.81073587500737
0.17,0.13,12923.076923076924,357.6012900150979
0.19,0.13,12923.076923076924,357.973554117704
0.21,0.13,12923.076923076924,357.973554117704
0.23,0.13,12923.076923076924,357.6012900150979
0.25,0.13,12923.076923076924,356.81073587500737
0.27,0.13,12923.076923076924,355.5105699053885
0.29,0.13,12923.076923076924,353.5665575367745
0.31,0.13,12923.076923076924,350.8073901723548
0.33,0.13,12923.076923076924,347.03650174156775
0.35,0.13,12923.076923076924,342.05267602802513
0.37,0.13,12923.076923076924,335.68165815799546
0.39,0.13,12923.076923076924,327.8189849132553
0.01,0.15,12923.076923076924,327.9603319451761
0.03,0.15,12923.076923076924,336.0968415233229
0.05,0.15,12923.076923076924,342.71761407313016
0.07,0.15,12923.076923076924,347.9171217754343
0.09,0.15,12923.076923076924,351.8652178929631
0.11,0.15,12923.076923076924,354.7632359484179
0.13,0.15,12923.076923076924,356.81073587500737
0.15,0.15,12923.076923076924,358.1832810287661
0.17,0.15,12923.076923076924,359.0193222794916
0.19,0.15,12923.076923076924,359.41344857251585
0.21,0.15,12923.076923076924,359.4134485725159
0.23,0.15,12923.076923076924,359.0193222794916
0.25,0.15,12923.076923076924,358.1832810287661
0.27,0.15,12923.076923076924,356.8107358750073
0.29,0.15,12923.076923076924,354.76323594841784
0.31,0.15,12923.076923076924,351.8652178929631
0.33,0.15,12923.076923076924,347.9171217754343
0.35,0.15,12923.076923076924,342.7176140731302
0.37,0.15,12923.076923076924,336.0968415233229
0.39,0.15,12923.076923076924,327.9603319451761
0.01,0.17,12923.076923076924,328.04498935222443
0.03,0.17,12923.076923076924,336.34590236419746
0.05,0.17,12923.076923076924,343.1175040282607
0.07,0.17,12923.076923076924,348.4482914841712
0.09,0.17,12923.076923076924,352.50518745549977
0.11,0.17,12923.076923076924,355.48919233486214
0.13,0.17,12923.076923076924,357.601290015098
0.15,0.17,12923.076923076924,359.0193222794916
0.17,0.17,12923.076923076924,359.8840998577828
0.19,0.17,12923.076923076924,360.2920832898865
0.21,0.17,12923.076923076924,360.2920832898866
0.23,0.17,12923.076923076924,359.8840998577828
0.25,0.17,12923.076923076924,359.0193222794916
0.27,0.17,12923.076923076924,357.6012900150979
0.29,0.17,12923.076923076924,355.48919233486214
0.31,0.17,12923.076923076924,352.50518745549977
0.33,0.17,12923.076923076924,348.4482914841712
0.35,0.17,12923.076923076924,343.11750402826067
0.37,0.17,12923.076923076924,336.34590236419746
0.39,0.17,12923.076923076924,328.04498935222443
0.01,0.19,12923.076923076924,328.0844844277642
0.03,0.19,12923.076923076924,336.4622071342066
0.05,0.19,12923.076923076924,343.3045271824931
0.07,0.19,12923.076923076924,348.6971628012828
0.09,0.19,12923.076923076924,352.80559096144526
0.11,0.19,12923.076923076924,355.8305419209564
0.13,0.19,12923.076923076924,357.973554117704
0.15,0.19,12923.076923076924,359.41344857251585
0.17,0.19,12923.076923076924,360.2920832898865
0.19,0.19,12923.076923076924,360.7067629091407
0.21,0.19,12923.076923076924,360.7067629091408
0.23,0.19,12923.076923076924,360.2920832898865
0.25,0.19,12923.076923076924,359.41344857251585
0.27,0.19,12923.076923076924,357.973554117704
0.29,0.19,12923.076923076924,355.8305419209564
0.31,0.19,12923.076923076924,352.80559096144526
0.33,0.19,12923.076923076924,348.6971628012828
0.35,0.19,12923.076923076924,343.3045271824931
0.37,0.19,12923.076923076924,336.4622071342066
0.39,0.19,12923.076923076924,328.0844844277642
0.01,0.21,12923.076923076924,328.0844844277641
0.03,0.21,12923.076923076924,336.4622071342066
0.05,0.21,12923.076923076924,343.3045271824931
0.07,0.21,12923.076923076924,348.6971628012828
0.09,0.21,12923.076923076924,352.80559096144526
0.11,0.21,12923.076923076924,355.8305419209564
0.13,0.21,12923.076923076924,357.973554117704
0.15,0.21,12923.076923076924,359.41344857251585
0.17,0.21,12923.076923076924,360.2920832898865
0.19,0.21,12923.076923076924,360.7067629091408
0.21,0.21,12923.076923076924,360.7067629091408
0.23,0.21,12923.076923076924,360.2920832898865
0.25,0.21,12923.076923076924,359.41344857251585
0.27,0.21,12923.076923076924,357.973554117704
0.29,0.21,12923.076923076924,355.8305419209564
0.31,0.21,12923.076923076924,352.80559096144526
0.33,0.21,12923.076923076924,348.6971628012828
0.35,0.21,12923.076923076924,343.3045271824931
0.37,0.21,12923.076923076924,336.46220713420666
0.39,0.21,12923.076923076924,328.0844844277642
0.01,0.23,12923.076923076924,328.04498935222443
0.03,0.23,12923.076923076924,336.3459023641974
0.05,0.23,12923.076923076924,343.1175040282606
0.07,0.23,12923.076923076924,348.4482914841712
0.09,0.23,12923.076923076924,352.50518745549977
0.11,0.23,12923.076923076924,355.4891923348621
0.13,0.23,12923.076923076924,357.6012900150979
0.15,0.23,12923.076923076924,359.0193222794916
0.17,0.23,12923.076923076924,359.88409985778287
0.19,0.23,12923.076923076924,360.2920832898866
0.21,0.23,12923.076923076924,360.2920832898866
0.23,0.23,12923.076923076924,359.88409985778287
0.25,0.23,12923.076923076924,359.0193222794916
0.27,0.23,12923.076923076924,357.6012900150979
0.29,0.23,12923.076923076924,355.48919233486214
0.31,0.23,12923.076923076924,352.5051874554998
0.33,0.23,12923.076923076924,348.44829148417125
0.35,0.23,12923.076923076924,343.1175040282607
0.37,0.23,12923.076923076924,336.34590236419746
0.39,0.23,12923.076923076924,328.04498935222443
0.01,0.25,12923.076923076924,327.9603319451761
0.03,0.25,12923.076923076924,336.0968415233229
0.05,0.25,12923.076923076924,342.7176140731301
0.07,0.25,12923.076923076924,347.9171217754342
0.09,0.25,12923.076923076924,351.8652178929631
0.11,0.25,12923.076923076924,354.76323594841784
0.13,0.25,12923.076923076924,356.81073587500737
0.15,0.25,12923.076923076924,358.18328102876615
0.17,0.25,12923.076923076924,359.0193222794917
0.19,0.25,12923.076923076924,359.413448572516
0.21,0.25,12923.076923076924,359.413448572516
0.23,0.25,12923.076923076924,359.01932227949163
0.25,0.25,12923.076923076924,358.18328102876615
0.27,0.25,12923.076923076924,356.81073587500737
0.29,0.25,12923.076923076924,354.763235948418
0.31,0.25,12923.076923076924,351.8652178929632
0.33,0.25,12923.076923076924,347.91712177543434
0.35,0.25,12923.076923076924,342.71761407313016
0.37,0.25,12923.076923076924,336.0968415233229
0.39,0.25,12923.076923076924,327.96033194517616
0.01,0.27,12923.076923076924,327.8189849132553
0.03,0.27,12923.076923076924,335.6816581579954
0.05,0.27,12923.076923076924,342.05267602802513
0.07,0.27,12923.076923076924,347.0365017415677
0.09,0.27,12923.076923076924,350.8073901723548
0.11,0.27,12923.076923076924,353.56655753677444
0.13,0.27,12923.076923076924,355.51056990538854
0.15,0.27,12923.076923076924,356.8107358750074
0.17,0.27,12923.076923076924,357.601290015098
0.19,0.27,12923.076923076924,357.97355411770417
0.21,0.27,12923.076923076924,357.9735541177041
0.23,0.27,12923.076923076924,357.601290015098
0.25,0.27,12923.076923076924,356.81073587500737
0.27,0.27,12923.076923076924,355.5105699053885
0.29,0.27,12923.076923076924,353.5665575367745
0.31,0.27,12923.076923076924,350.8073901723548
0.33,0.27,12923.076923076924,347.0365017415678
0.35,0.27,12923.076923076924,342.0526760280252
0.37,0.27,12923.076923076924,335.68165815799546
0.39,0.27,12923.076923076924,327.8189849132553
0.01,0.29,12923.076923076924,327.6031948487177
0.03,0.29,12923.076923076924,335.04926334238564
0.05,0.29,12923.076923076924,341.04349218158626
0.07,0.29,12923.076923076924,345.70548659801227
0.09,0.29,12923.076923076924,349.2150637535877
0.11,0.29,12923.076923076924,351.77182816822886
0.13,0.29,12923.076923076924,353.5665575367745
0.15,0.29,12923.076923076924,354.763235948418
0.17,0.29,12923.076923076924,355.4891923348623
0.19,0.29,12923.076923076924,355.8305419209566
0.21,0.29,12923.076923076924,355.83054192095653
0.23,0.29,12923.076923076924,355.48919233486225
0.25,0.29,12923.076923076924,354.7632359484179
0.27,0.29,12923.076923076924,353.5665575367745
0.29,0.29,12923.076923076924,351.7718281682289
0.31,0.29,12923.076923076924,349.2150637535877
0.33,0.29,12923.076923076924,345.7054865980123
0.35,0.29,12923.076923076924,341.0434921815864
0.37,0.29,12923.076923076924,335.0492633423857
0.39,0.29,12923.076923076924,327.6031948487178
0.01,0.31,12923.076923076924,327.28841062708324
0.03,0.31,12923.076923076924,334.1298220231918
0.05,0.31,12923.076923076924,339.5835320746147
0.07,0.31,12923.076923076924,343.7905300979085
0.09,0.31,12923.076923076924,346.936197681737
0.11,0.31,12923.076923076924,349.21506375358774
0.13,0.31,12923.076923076924,350.80739017235487
0.15,0.31,12923.076923076924,351.8652178929632
0.17,0.31,12923.076923076924,352.5051874554998
0.19,0.31,12923.076923076924,352.8055909614453
0.21,0.31,12923.076923076924,352.8055909614453
0.23,0.31,12923.076923076924,352.5051874554998
0.25,0.31,12923.076923076924,351.8652178929631
0.27,0.31,12923.076923076924,350.8073901723548
0.29,0.31,12923.076923076924,349.21506375358774
0.31,0.31,12923.076923076924,346.936197681737
0.33,0.31,12923.076923076924,343.7905300979086
0.35,0.31,12923.076923076924,339.5835320746148
0.37,0.31,12923.076923076924,334.1298220231919
0.39,0.31,12923.076923076924,327.28841062708324
0.01,0.33,12923.076923076924,326.8421743431045
0.03,0.33,12923.076923076924,332.8333156061337
0.05,0.33,12923.076923076924,337.5395832000855
0.07,0.33,12923.076923076924,341.1293976175375
0.09,0.33,12923.076923076924,343.7905300979086
0.11,0.33,12923.076923076924,345.7054865980123
0.13,0.33,12923.076923076924,347.03650174156775
0.15,0.33,12923.076923076924,347.91712177543434
0.17,0.33,12923.076923076924,348.4482914841713
0.19,0.33,12923.076923076924,348.69716280128284
0.21,0.33,12923.076923076924,348.69716280128284
0.23,0.33,12923.076923076924,348.4482914841713
0.25,0.33,12923.076923076924,347.91712177543434
0.27,0.33,12923.076923076924,347.03650174156775
0.29,0.33,12923.076923076924,345.7054865980124
0.31,0.33,12923.076923076924,343.79053009790863
0.33,0.33,12923.076923076924,341.1293976175376
0.35,0.33,12923.076923076924,337.5395832000856
0.37,0.33,12923.076923076924,332.83331560613374
0.39,0.33,12923.076923076924,326.8421743431045
0.01,0.35,12923.076923076924,326.2210023657313
0.03,0.35,12923.076923076924,331.0463546694952
0.05,0.35,12923.076923076924,334.75371082285733
0.07,0.35,12923.076923076924,337.5395832000855
0.09,0.35,12923.076923076924,339.5835320746147
0.11,0.35,12923.076923076924,341.0434921815863
0.13,0.35,12923.076923076924,342.0526760280252
0.15,0.35,12923.076923076924,342.7176140731302
0.17,0.35,12923.076923076924,343.1175040282607
0.19,0.35,12923.076923076924,343.30452718249313
0.21,0.35,12923.076923076924,343.30452718249313
0.23,0.35,12923.076923076924,343.1175040282607
0.25,0.35,12923.076923076924,342.71761407313016
0.27,0.35,12923.076923076924,342.0526760280252
0.29,0.35,12923.076923076924,341.0434921815863
0.31,0.35,12923.076923076924,339.5835320746148
0.33,0.35,12923.076923076924,337.5395832000856
0.35,0.35,12923.076923076924,334.75371082285733
0.37,0.35,12923.076923076924,331.04635466949526
0.39,0.35,12923.076923076924,326.2210023657314
0.01,0.37,12923.076923076924,325.3595350748799
0.03,0.37,12923.076923076924,328.6229895906063
0.05,0.37,12923.076923076924,331.0463546694952
0.07,0.37,12923.076923076924,332.83331560613374
0.09,0.37,12923.076923076924,334.1298220231919
0.11,0.37,12923.076923076924,335.0492633423857
0.13,0.37,12923.076923076924,335.68165815799546
0.15,0.37,12923.076923076924,336.0968415233229
0.17,0.37,12923.076923076924,336.3459023641974
0.19,0.37,12923.076923076924,336.46220713420666
0.21,0.37,12923.076923076924,336.46220713420666
0.23,0.37,12923.076923076924,336.34590236419746
0.25,0.37,12923.076923076924,336.0968415233229
0.27,0.37,12923.076923076924,335.68165815799546
0.29,0.37,12923.076923076924,335.0492633423857
0.31,0.37,12923.076923076924,334.1298220231918
0.33,0.37,12923.076923076924,332.83331560613374
0.35,0.37,12923.076923076924,331.0463546694952
0.37,0.37,12923.076923076924,328.6229895906063
0.39,0.37,12923.076923076924,325.35953507487994
0.01,0.39,12923.076923076924,324.129275096493
0.03,0.39,12923.076923076924,325.3595350748799
0.05,0.39,12923.076923076924,326.2210023657314
0.07,0.39,12923.076923076924,326.8421743431045
0.09,0.39,12923.076923076924,327.28841062708324
0.11,0.39,12923.076923076924,327.6031948487178
0.13,0.39,12923.076923076924,327.81898491325524
0.15,0.39,12923.076923076924,327.96033194517616
0.17,0.39,12923.076923076924,328.04498935222443
0.19,0.39,12923.076923076924,328.0844844277642
0.21,0.39,12923.076923076924,328.0844844277642
0.23,0.39,12923.076923076924,328.04498935222443
0.25,0.39,12923.076923076924,327.9603319451761
0.27,0.39,12923.076923076924,327.81898491325524
0.29,0.39,12923.076923076924,327.6031948487177
0.31,0.39,12923.076923076924,327.28841062708324
0.33,0.39,12923.076923076924,326.84217434310455
0.35,0.39,12923.076923076924,326.2210023657314
0.37,0.39,12923.076923076924,325.35953507487994
0.39,0.39,12923.076923076924,324.1292750964931
0.01,0.01,14769.23076923077,324.0244258250931
0.03,0.01,14769.23076923077,325.1580128521581
0.05,0.01,14769.23076923077,325.980109308482
0.07,0.01,14769.23076923077,326.5954335410138
0.09,0.01,14769.23076923077,327.05497574162274
0.11,0.01,14769.23076923077,327.3921550987647
0.13,0.01,14769.23076923077,327.6323231534565
0.15,0.01,14769.23076923077,327.7952436039117
0.17,0.01,14769.23076923077,327.89566577195893
0.19,0.01,14769.23076923077,327.9434192896255
0.21,0.01,14769.23076923077,327.9434192896255
0.23,0.01,14769.23076923077,327.89566577195893
0.25,0.01,14769.23076923077,327.79524360391173
0.27,0.01,14769.23076923077,327.6323231534566
0.29,0.01,14769.23076923077,327.3921550987648
0.31,0.01,14769.23076923077,327.0549757416228
0.33,0.01,14769.23076923077,326.5954335410138
0.35,0.01,14769.23076923077,325.980109308482
0.37,0.01,14769.23076923077,325.1580128521581
0.39,0.01,14769.23076923077,324.0244258250931
0.01,0.03,14769.23076923077,325.1580128521581
0.03,0.03,14769.23076923077,328.1987844663899
0.05,0.03,14769.23076923077,330.5279884633142
0.07,0.03,14769.23076923077,332.30673863482
0.09,0.03,14769.23076923077,333.64650737307704
0.11,0.03,14769.23076923077,334.6337897964272
0.13,0.03,14769.23076923077,335.33883598417844
0.15,0.03,14769.23076923077,335.81792790083114
0.17,0.03,14769.23076923077,336.1135702329845
0.19,0.03,14769.23076923077,336.2542503060555
0.21,0.03,14769.23076923077,336.2542503060555
0.23,0.03,14769.23076923077,336.1135702329845
0.25,0.03,14769.23076923077,335.81792790083114
0.27,0.03,14769.23076923077,335.3388359841785
0.29,0.03,14769.23076923077,334.6337897964272
0.31,0.03,14769.23076923077,333.64650737307704
0.33,0.03,14769.23076923077,332.3067386348199
0.35,0.03,14769.23076923077,330.5279884633142
0.37,0.03,14769.23076923077,328.1987844663899
0.39,0.03,14769.23076923077,325.1580128521581
0.01,0.05,14769.23076923077,325.980109308482
0.03,0.05,14769.23076923077,330.5279884633142
0.05,0.05,14769.23076923077,334.1242512503727
0.07,0.05,14769.23076923077,336.9177862975384
0.09,0.05,14769.23076923077,339.0423150825212
0.11,0.05,14769.23076923077,340.61722010372205
0.13,0.05,14769.23076923077,341.7463458246401
0.15,0.05,14769.23076923077,342.51570243005466
0.17,0.05,14769.23076923077,342.99134236083626
0.19,0.05,14769.23076923077,343.21792078205823
0.21,0.05,14769.23076923077,343.2179207820582
0.23,0.05,14769.23076923077,342.99134236083626
0.25,0.05,14769.23076923077,342.5157024300546
0.27,0.05,14769.23076923077,341.7463458246401
0.29,0.05,14769.23076923077,340.617220103722
0.31,0.05,14769.23076923077,339.04231508252127
0.33,0.05,14769.23076923077,336.91778629753844
0.35,0.05,14769.23076923077,334.12425125037265
0.37,0.05,14769.23076923077,330.5279884633142
0.39,0.05,14769.23076923077,325.980109308482
0.01,0.07,14769.23076923077,326.59543354101373
0.03,0.07,14769.23076923077,332.30673863482
0.05,0.07,14769.23076923077,336.91778629753844
0.07,0.07,14769.23076923077,340.54839487843685
0.09,0.07,14769.23076923077,343.3344381072802
0.11,0.07,14769.23076923077,345.412541253115
0.13,0.07,14769.23076923077,346.90903064906684
0.15,0.07,14769.23076923077,347.9319560621959
0.17,0.07,14769.23076923077,348.5657599196443
0.19,0.07,14769.23076923077,348.8680810377602
0.21,0.07,14769.23076923077,348.86808103776013
0.23,0.07,14769.23076923077,348.5657599196442
0.25,0.07,14769.23076923077,347.93195606219587
0.27,0.07,14769.23076923077,346.90903064906684
0.29,0.07,14769.23076923077,345.41254125311497
0.31,0.07,14769.23076923077,343.3344381072802
0.33,0.07,14769.23076923077,340.54839487843685
0.35,0.07,14769.23076923077,336.91778629753844
0.37,0.07,14769.23076923077,332.30673863482
0.39,0.07,14769.23076923077,326.5954335410138
0.01,0.09,14769.23076923077,327.0549757416228
0.03,0.09,14769.23076923077,333.64650737307704
0.05,0.09,14769.23076923077,339.04231508252127
0.07,0.09,14769.23076923077,343.3344381072802
0.09,0.09,14769.23076923077,346.6530439523144
0.11,0.09,14769.23076923077,349.142395491969
0.13,0.09,14769.23076923077,350.9427089178245
0.15,0.09,14769.23076923077,352.17726090329364
0.17,0.09,14769.23076923077,352.9439276809076
0.19,0.09,14769.23076923077,353.3101259575239
0.21,0.09,14769.23076923077,353.3101259575239
0.23,0.09,14769.23076923077,352.94392768090745
0.25,0.09,14769.23076923077,352.1772609032936
0.27,0.09,14769.23076923077,350.9427089178244
0.29,0.09,14769.23076923077,349.1423954919689
0.31,0.09,14769.23076923077,346.6530439523144
0.33,0.09,14769.23076923077,343.3344381072802
0.35,0.09,14769.23076923077,339.04231508252127
0.37,0.09,14769.23076923077,333.6465073730771
0.39,0.09,14769.23076923077,327.0549757416228
0.01,0.11,14769.23076923077,327.3921550987648
0.03,0.11,14769.23076923077,334.6337897964272
0.05,0.11,14769.23076923077,340.61722010372205
0.07,0.11,14769.23076923077,345.412541253115
0.09,0.11,14769.23076923077,349.142395491969
0.11,0.11,14769.23076923077,351.95355212275143
0.13,0.11,14769.23076923077,353.99426435067784
0.15,0.11,14769.23076923077,355.39775048534625
0.17,0.11,14769.23076923077,356.27116549330185
0.19,0.11,14769.23076923077,356.6888897544845
0.21,0.11,14769.23076923077,356.6888897544844
0.23,0.11,14769.23076923077,356.2711654933018
0.25,0.11,14769.23076923077,355.39775048534614
0.27,0.11,14769.23076923077,353.9942643506778
0.29,0.11,14769.23076923077,351.9535521227514
0.31,0.11,14769.23076923077,349.1423954919689
0.33,0.11,14769.23076923077,345.41254125311497
0.35,0.11,14769.23076923077,340.617220103722
0.37,0.11,14769.23076923077,334.63378979642715
0.39,0.11,14769.23076923077,327.3921550987648
0.01,0.13,14769.23076923077,327.6323231534565
0.03,0.13,14769.23076923077,335.33883598417844
0.05,0.13,14769.23076923077,341.7463458246401
0.07,0.13,14769.23076923077,346.90903064906684
0.09,0.13,14769.23076923077,350.9427089178245
0.11,0.13,14769.23076923077,353.9942643506779
0.13,0.13,14769.23076923077,356.2163151668589
0.15,0.13,14769.23076923077,357.74825144166647
0.17,0.13,14769.23076923077,358.70331703857374
0.19,0.13,14769.23076923077,359.1605985322435
0.21,0.13,14769.23076923077,359.1605985322435
0.23,0.13,14769.23076923077,358.70331703857374
0.25,0.13,14769.23076923077,357.7482514416664
0.27,0.13,14769.23076923077,356.21631516685886
0.29,0.13,14769.23076923077,353.99426435067784
0.31,0.13,14769.23076923077,350.94270891782446
0.33,0.13,14769.23076923077,346.90903064906684
0.35,0.13,14769.23076923077,341.7463458246401
0.37,0.13,14769.23076923077,335.3388359841785
0.39,0.13,14769.23076923077,327.63232315345664
0.01,0.15,14769.23076923077,327.7952436039117
0.03,0.15,14769.23076923077,335.8179279008311
0.05,0.15,14769.23076923077,342.51570243005466
0.07,0.15,14769.23076923077,347.93195606219587
0.09,0.15,14769.23076923077,352.17726090329364
0.11,0.15,14769.23076923077,355.39775048534625
0.13,0.15,14769.23076923077,357.74825144166647
0.15,0.15,14769.23076923077,359.3717835809102
0.17,0.15,14769.23076923077,360.3853675316818
0.19,0.15,14769.23076923077,360.8710889481227
0.21,0.15,14769.23076923077,360.8710889481228
0.23,0.15,14769.23076923077,360.3853675316819
0.25,0.15,14769.23076923077,359.3717835809102
0.27,0.15,14769.23076923077,357.74825144166647
0.29,0.15,14769.23076923077,355.39775048534625
0.31,0.15,14769.23076923077,352.17726090329364
0.33,0.15,14769.23076923077,347.9319560621959
0.35,0.15,14769.23076923077,342.51570243005466
0.37,0.15,14769.23076923077,335.8179279008312
0.39,0.15,14769.23076923077,327.79524360391173
0.01,0.17,14769.23076923077,327.89566577195893
0.03,0.17,14769.23076923077,336.11357023298456
0.05,0.17,14769.23076923077,342.99134236083626
0.07,0.17,14769.23076923077,348.5657599196442
0.09,0.17,14769.23076923077,352.9439276809075
0.11,0.17,14769.23076923077,356.27116549330185
0.13,0.17,14769.23076923077,358.70331703857374
0.15,0.17,14769.23076923077,360.3853675316819
0.17,0.17,14769.23076923077,361.4364816869498
0.19,0.17,14769.23076923077,361.9404869680809
0.21,0.17,14769.23076923077,361.94048696808096
0.23,0.17,14769.23076923077,361.4364816869498
0.25,0.17,14769.23076923077,360.3853675316819
0.27,0.17,14769.23076923077,358.7033170385738
0.29,0.17,14769.23076923077,356.27116549330185
0.31,0.17,14769.23076923077,352.9439276809076
0.33,0.17,14769.23076923077,348.5657599196443
0.35,0.17,14769.23076923077,342.99134236083626
0.37,0.17,14769.23076923077,336.1135702329846
0.39,0.17,14769.23076923077,327.89566577195893
0.01,0.19,14769.23076923077,327.9434192896255
0.03,0.19,14769.23076923077,336.2542503060555
0.05,0.19,14769.23076923077,343.2179207820582
0.07,0.19,14769.23076923077,348.8680810377602
0.09,0.19,14769.23076923077,353.31012595752395
0.11,0.19,14769.23076923077,356.6888897544845
0.13,0.19,14769.23076923077,359.1605985322435
0.15,0.19,14769.23076923077,360.8710889481227
0.17,0.19,14769.23076923077,361.94048696808096
0.19,0.19,14769.23076923077,362.4534133225465
0.21,0.19,14769.23076923077,362.4534133225465
0.23,0.19,14769.23076923077,361.9404869680809
0.25,0.19,14769.23076923077,360.8710889481227
0.27,0.19,14769.23076923077,359.1605985322436
0.29,0.19,14769.23076923077,356.6888897544846
0.31,0.19,14769.23076923077,353.31012595752406
0.33,0.19,14769.23076923077,348.86808103776025
0.35,0.19,14769.23076923077,343.21792078205823
0.37,0.19,14769.23076923077,336.2542503060556
0.39,0.19,14769.23076923077,327.9434192896255
0.01,0.21,14769.23076923077,327.9434192896255
0.03,0.21,14769.23076923077,336.25425030605555
0.05,0.21,14769.23076923077,343.2179207820582
0.07,0.21,14769.23076923077,348.86808103776013
0.09,0.21,14769.23076923077,353.31012595752395
0.11,0.21,14769.23076923077,356.68888975448453
0.13,0.21,14769.23076923077,359.1605985322435
0.15,0.21,14769.23076923077,360.8710889481228
0.17,0.21,14769.23076923077,361.94048696808096
0.19,0.21,14769.23076923077,362.4534133225465
0.21,0.21,14769.23076923077,362.4534133225465
0.23,0.21,14769.23076923077,361.9404869680809
0.25,0.21,14769.23076923077,360.8710889481227
0.27,0.21,14769.23076923077,359.1605985322436
0.29,0.21,14769.23076923077,356.6888897544846
0.31,0.21,14769.23076923077,353.310125957524
0.33,0.21,14769.23076923077,348.8680810377602
0.35,0.21,14769.23076923077,343.21792078205823
0.37,0.21,14769.23076923077,336.25425030605555
0.39,0.21,14769.23076923077,327.9434192896255
0.01,0.23,14769.23076923077,327.89566577195893
0.03,0.23,14769.23076923077,336.1135702329845
0.05,0.23,14769.23076923077,342.9913423608362
0.07,0.23,14769.23076923077,348.5657599196442
0.09,0.23,14769.23076923077,352.9439276809076
0.11,0.23,14769.23076923077,356.27116549330185
0.13,0.23,14769.23076923077,358.70331703857374
0.15,0.23,14769.23076923077,360.38536753168194
0.17,0.23,14769.23076923077,361.43648168695
0.19,0.23,14769.23076923077,361.9404869680811
0.21,0.23,14769.23076923077,361.940486968081
0.23,0.23,14769.23076923077,361.43648168695
0.25,0.23,14769.23076923077,360.3853675316819
0.27,0.23,14769.23076923077,358.7033170385738
0.29,0.23,14769.23076923077,356.2711654933019
0.31,0.23,14769.23076923077,352.9439276809076
0.33,0.23,14769.23076923077,348.56575991964434
0.35,0.23,14769.23076923077,342.9913423608363
0.37,0.23,14769.23076923077,336.11357023298456
0.39,0.23,14769.23076923077,327.89566577195893
0.01,0.25,14769.23076923077,327.79524360391173
0.03,0.25,14769.23076923077,335.817927900831
0.05,0.25,14769.23076923077,342.51570243005455
0.07,0.25,14769.23076923077,347.93195606219587
0.09,0.25,14769.23076923077,352.1772609032936
0.11,0.25,14769.23076923077,355.39775048534625
0.13,0.25,14769.23076923077,357.7482514416665
0.15,0.25,14769.23076923077,359.37178358091035
0.17,0.25,14769.23076923077,360.385367531682
0.19,0.25,14769.23076923077,360.87108894812286
0.21,0.25,14769.23076923077,360.87108894812286
0.23,0.25,14769.23076923077,360.385367531682
0.25,0.25,14769.23076923077,359.3717835809103
0.27,0.25,14769.23076923077,357.7482514416665
0.29,0.25,14769.23076923077,355.3977504853463
0.31,0.25,14769.23076923077,352.17726090329364
0.33,0.25,14769.23076923077,347.931956062196
0.35,0.25,14769.23076923077,342.51570243005466
0.37,0.25,14769.23076923077,335.8179279008312
0.39,0.25,14769.23076923077,327.7952436039118
0.01,0.27,14769.23076923077,327.6323231534565
0.03,0.27,14769.23076923077,335.33883598417844
0.05,0.27,14769.23076923077,341.74634582464
0.07,0.27,14769.23076923077,346.9090306490668
0.09,0.27,14769.23076923077,350.9427089178244
0.11,0.27,14769.23076923077,353.99426435067784
0.13,0.27,14769.23076923077,356.21631516685886
0.15,0.27,14769.23076923077,357.7482514416666
0.17,0.27,14769.23076923077,358.7033170385739
0.19,0.27,14769.23076923077,359.1605985322437
0.21,0.27,14769.23076923077,359.1605985322437
0.23,0.27,14769.23076923077,358.7033170385739
0.25,0.27,14769.23076923077,357.7482514416666
0.27,0.27,14769.23076923077,356.2163151668589
0.29,0.27,14769.23076923077,353.99426435067784
0.31,0.27,14769.23076923077,350.94270891782446
0.33,0.27,14769.23076923077,346.9090306490669
0.35,0.27,14769.23076923077,341.7463458246402
0.37,0.27,14769.23076923077,335.33883598417856
0.39,0.27,14769.23076923077,327.63232315345664
0.01,0.29,14769.23076923077,327.3921550987647
0.03,0.29,14769.23076923077,334.63378979642715
0.05,0.29,14769.23076923077,340.61722010372193
0.07,0.29,14769.23076923077,345.4125412531149
0.09,0.29,14769.23076923077,349.1423954919689
0.11,0.29,14769.23076923077,351.95355212275143
0.13,0.29,14769.23076923077,353.9942643506779
0.15,0.29,14769.23076923077,355.3977504853463
0.17,0.29,14769.23076923077,356.271165493302
0.19,0.29,14769.23076923077,356.68888975448465
0.21,0.29,14769.23076923077,356.68888975448465
0.23,0.29,14769.23076923077,356.271165493302
0.25,0.29,14769.23076923077,355.3977504853463
0.27,0.29,14769.23076923077,353.9942643506779
0.29,0.29,14769.23076923077,351.95355212275143
0.31,0.29,14769.23076923077,349.1423954919689
0.33,0.29,14769.23076923077,345.412541253115
0.35,0.29,14769.23076923077,340.6172201037221
0.37,0.29,14769.23076923077,334.6337897964272
0.39,0.29,14769.23076923077,327.3921550987647
0.01,0.31,14769.23076923077,327.05497574162274
0.03,0.31,14769.23076923077,333.646507373077
0.05,0.31,14769.23076923077,339.0423150825212
0.07,0.31,14769.23076923077,343.3344381072802
0.09,0.31,14769.23076923077,346.6530439523144
0.11,0.31,14769.23076923077,349.1423954919689
0.13,0.31,14769.23076923077,350.9427089178245
0.15,0.31,14769.23076923077,352.1772609032937
0.17,0.31,14769.23076923077,352.9439276809077
0.19,0.31,14769.23076923077,353.31012595752406
0.21,0.31,14769.23076923077,353.31012595752406
0.23,0.31,14769.23076923077,352.9439276809076
0.25,0.31,14769.23076923077,352.1772609032937
0.27,0.31,14769.23076923077,350.9427089178246
0.29,0.31,14769.23076923077,349.14239549196907
0.31,0.31,14769.23076923077,346.6530439523144
0.33,0.31,14769.23076923077,343.3344381072803
0.35,0.31,14769.23076923077,339.0423150825213
0.37,0.31,14769.23076923077,333.64650737307704
0.39,0.31,14769.23076923077,327.05497574162274
0.01,0.33,14769.23076923077,326.59543354101373
0.03,0.33,14769.23076923077,332.3067386348199
0.05,0.33,14769.23076923077,336.91778629753844
0.07,0.33,14769.23076923077,340.54839487843685
0.09,0.33,14769.23076923077,343.3344381072802
0.11,0.33,14769.23076923077,345.41254125311497
0.13,0.33,14769.23076923077,346.9090306490669
0.15,0.33,14769.23076923077,347.931956062196
0.17,0.33,14769.23076923077,348.5657599196444
0.19,0.33,14769.23076923077,348.8680810377604
0.21,0.33,14769.23076923077,348.8680810377603
0.23,0.33,14769.23076923077,348.56575991964434
0.25,0.33,14769.23076923077,347.931956062196
0.27,0.33,14769.23076923077,346.9090306490669
0.29,0.33,14769.23076923077,345.412541253115
0.31,0.33,14769.23076923077,343.3344381072803
0.33,0.33,14769.23076923077,340.54839487843697
0.35,0.33,14769.23076923077,336.9177862975385
0.37,0.33,14769.23076923077,332.30673863482
0.39,0.33,14769.23076923077,326.59543354101373
0.01,0.35,14769.23076923077,325.980109308482
0.03,0.35,14769.23076923077,330.5279884633143
0.05,0.35,14769.23076923077,334.1242512503727
0.07,0.35,14769.23076923077,336.9177862975385
0.09,0.35,14769.23076923077,339.04231508252127
0.11,0.35,14769.23076923077,340.6172201037221
0.13,0.35,14769.23076923077,341.7463458246402
0.15,0.35,14769.23076923077,342.5157024300547
0.17,0.35,14769.23076923077,342.9913423608364
0.19,0.35,14769.23076923077,343.21792078205834
0.21,0.35,14769.23076923077,343.2179207820583
0.23,0.35,14769.23076923077,342.9913423608363
0.25,0.35,14769.23076923077,342.51570243005466
0.27,0.35,14769.23076923077,341.7463458246402
0.29,0.35,14769.23076923077,340.6172201037221
0.31,0.35,14769.23076923077,339.0423150825213
0.33,0.35,14769.23076923077,336.9177862975385
0.35,0.35,14769.23076923077,334.1242512503727
0.37,0.35,14769.23076923077,330.5279884633143
0.39,0.35,14769.23076923077,325.980109308482
0.01,0.37,14769.23076923077,325.1580128521581
0.03,0.37,14769.23076923077,328.1987844663899
0.05,0.37,14769.23076923077,330.5279884633143
0.07,0.37,14769.23076923077,332.3067386348201
0.09,0.37,14769.23076923077,333.6465073730771
0.11,0.37,14769.23076923077,334.63378979642727
0.13,0.37,14769.23076923077,335.33883598417856
0.15,0.37,14769.23076923077,335.8179279008312
0.17,0.37,14769.23076923077,336.1135702329846
0.19,0.37,14769.23076923077,336.2542503060556
0.21,0.37,14769.23076923077,336.2542503060556
0.23,0.37,14769.23076923077,336.1135702329846
0.25,0.37,14769.23076923077,335.81792790083114
0.27,0.37,14769.23076923077,335.3388359841785
0.29,0.37,14769.23076923077,334.6337897964272
0.31,0.37,14769.23076923077,333.64650737307704
0.33,0.37,14769.23076923077,332.30673863482
0.35,0.37,14769.23076923077,330.5279884633143
0.37,0.37,14769.23076923077,328.19878446638995
0.39,0.37,14769.23076923077,325.1580128521581
0.01,0.39,14769.23076923077,324.02442582509303
0.03,0.39,14769.23076923077,325.1580128521581
0.05,0.39,14769.23076923077,325.980109308482
0.07,0.39,14769.23076923077,326.5954335410138
0.09,0.39,14769.23076923077,327.0549757416228
0.11,0.39,14769.23076923077,327.3921550987648
0.13,0.39,14769.23076923077,327.6323231534566
0.15,0.39,14769.23076923077,327.79524360391173
0.17,0.39,14769.23076923077,327.895665771959
0.19,0.39,14769.23076923077,327.9434192896255
0.21,0.39,14769.23076923077,327.9434192896255
0.23,0.39,14769.23076923077,327.89566577195893
0.25,0.39,14769.23076923077,327.79524360391173
0.27,0.39,14769.23076923077,327.6323231534566
0.29,0.39,14769.23076923077,327.3921550987647
0.31,0.39,14769.23076923077,327.0549757416228
0.33,0.39,14769.23076923077,326.5954335410138
0.35,0.39,14769.23076923077,325.980109308482
0.37,0.39,14769.23076923077,325.1580128521581
0.39,0.39,14769.23076923077,324.0244258250931
0.01,0.01,16615.384615384617,323.93560511510424
0.03,0.01,16615.384615384617,324.9779424405375
0.05,0.01,16615.384615384617,325.75351300699106
0.07,0.01,16615.384615384617,326.35013033392585
0.09,0.01,16615.384615384617,326.8085967577685
0.11,0.01,16615.384615384617,327.1547976209992
0.13,0.01,16615.384615384617,327.4083036492623
0.15,0.01,16615.384615384617,327.5845937050135
0.17,0.01,16615.384615384617,327.69544757665403
0.19,0.01,16615.384615384617,327.74885388903783
0.21,0.01,16615.384615384617,327.74885388903783
0.23,0.01,16615.384615384617,327.6954475766541
0.25,0.01,16615.384615384617,327.5845937050136
0.27,0.01,16615.384615384617,327.40830364926234
0.29,0.01,16615.384615384617,327.15479762099926
0.31,0.01,16615.384615384617,326.8085967577685
0.33,0.01,16615.384615384617,326.3501303339259
0.35,0.01,16615.384615384617,325.75351300699106
0.37,0.01,16615.384615384617,324.9779424405376
0.39,0.01,16615.384615384617,323.93560511510424
0.01,0.03,16615.384615384617,324.9779424405375
0.03,0.03,16615.384615384617,327.7969004280298
0.05,0.03,16615.384615384617,330.0059352586249
0.07,0.03,16615.384615384617,331.73702044907014
0.09,0.03,16615.384615384617,333.0773488102975
0.11,0.03,16615.384615384617,334.09318094512844
0.13,0.03,16615.384615384617,334.8385739074863
0.15,0.03,16615.384615384617,335.3576052989554
0.17,0.03,16615.384615384617,335.6842545783691
0.19,0.03,16615.384615384617,335.8417008816444
0.21,0.03,16615.384615384617,335.8417008816444
0.23,0.03,16615.384615384617,335.6842545783691
0.25,0.03,16615.384615384617,335.35760529895543
0.27,0.03,16615.384615384617,334.8385739074864
0.29,0.03,16615.384615384617,334.0931809451285
0.31,0.03,16615.384615384617,333.0773488102975
0.33,0.03,16615.384615384617,331.73702044907014
0.35,0.03,16615.384615384617,330.0059352586249
0.37,0.03,16615.384615384617,327.7969004280298
0.39,0.03,16615.384615384617,324.9779424405375
0.01,0.05,16615.384615384617,325.75351300699106
0.03,0.05,16615.384615384617,330.00593525862496
0.05,0.05,16615.384615384617,333.44045073893994
0.07,0.05,16615.384615384617,336.1745482423943
0.09,0.05,16615.384615384617,338.3097912605995
0.11,0.05,16615.384615384617,339.9363291066504
0.13,0.05,16615.384615384617,341.1336930530736
0.15,0.05,16615.384615384617,341.9692214941072
0.17,0.05,16615.384615384617,342.49579060867245
0.19,0.05,16615.384615384617,342.7498030818496
0.21,0.05,16615.384615384617,342.7498030818496
0.23,0.05,16615.384615384617,342.4957906086724
0.25,0.05,16615.384615384617,341.9692214941072
0.27,0.05,16615.384615384617,341.1336930530735
0.29,0.05,16615.384615384617,339.9363291066504
0.31,0.05,16615.384615384617,338.30979126059947
0.33,0.05,16615.384615384617,336.17454824239434
0.35,0.05,16615.384615384617,333.44045073893994
0.37,0.05,16615.384615384617,330.0059352586249
0.39,0.05,16615.384615384617,325.75351300699106
0.01,0.07,16615.384615384617,326.35013033392585
0.03,0.07,16615.384615384617,331.7370204490702
0.05,0.07,16615.384615384617,336.17454824239434
0.07,0.07,16615.384615384617,339.7515670644916
0.09,0.07,16615.384615384617,342.56759260929005
0.11,0.07,16615.384615384617,344.7241446068728
0.13,0.07,16615.384615384617,346.3174595011228
0.15,0.07,16615.384615384617,347.4320948281289
0.17,0.07,16615.384615384617,348.13575315295753
0.19,0.07,16615.384615384617,348.47552674911816
0.21,0.07,16615.384615384617,348.47552674911816
0.23,0.07,16615.384615384617,348.1357531529575
0.25,0.07,16615.384615384617,347.4320948281289
0.27,0.07,16615.384615384617,346.3174595011227
0.29,0.07,16615.384615384617,344.7241446068728
0.31,0.07,16615.384615384617,342.56759260929
0.33,0.07,16615.384615384617,339.75156706449155
0.35,0.07,16615.384615384617,336.1745482423942
0.37,0.07,16615.384615384617,331.73702044907014
0.39,0.07,16615.384615384617,326.3501303339259
0.01,0.09,16615.384615384617,326.8085967577685
0.03,0.09,16615.384615384617,333.0773488102975
0.05,0.09,16615.384615384617,338.3097912605995
0.07,0.09,16615.384615384617,342.56759260929005
0.09,0.09,16615.384615384617,345.9422210875033
0.11,0.09,16615.384615384617,348.5391355566778
0.13,0.09,16615.384615384617,350.46459568999944
0.15,0.09,16615.384615384617,351.8150355403076
0.17,0.09,16615.384615384617,352.66905297563926
0.19,0.09,16615.384615384617,353.0818577820889
0.21,0.09,16615.384615384617,353.08185778208883
0.23,0.09,16615.384615384617,352.6690529756392
0.25,0.09,16615.384615384617,351.8150355403075
0.27,0.09,16615.384615384617,350.4645956899994
0.29,0.09,16615.384615384617,348.53913555667776
0.31,0.09,16615.384615384617,345.94222108750324
0.33,0.09,16615.384615384617,342.56759260929
0.35,0.09,16615.384615384617,338.30979126059947
0.37,0.09,16615.384615384617,333.0773488102975
0.39,0.09,16615.384615384617,326.8085967577685
0.01,0.11,16615.384615384617,327.1547976209992
0.03,0.11,16615.384615384617,334.09318094512844
0.05,0.11,16615.384615384617,339.9363291066503
0.07,0.11,16615.384615384617,344.7241446068728
0.09,0.11,16615.384615384617,348.5391355566779
0.11,0.11,16615.384615384617,351.48696572682144
0.13,0.11,16615.384615384617,353.6794538283299
0.15,0.11,16615.384615384617,355.220775027697
0.17,0.11,16615.384615384617,356.1971074249249
0.19,0.11,16615.384615384617,356.66949893896475
0.21,0.11,16615.384615384617,356.6694989389647
0.23,0.11,16615.384615384617,356.1971074249248
0.25,0.11,16615.384615384617,355.22077502769696
0.27,0.11,16615.384615384617,353.6794538283298
0.29,0.11,16615.384615384617,351.4869657268213
0.31,0.11,16615.384615384617,348.5391355566777
0.33,0.11,16615.384615384617,344.7241446068727
0.35,0.11,16615.384615384617,339.9363291066504
0.37,0.11,16615.384615384617,334.09318094512844
0.39,0.11,16615.384615384617,327.1547976209992
0.01,0.13,16615.384615384617,327.40830364926234
0.03,0.13,16615.384615384617,334.83857390748625
0.05,0.13,16615.384615384617,341.1336930530735
0.07,0.13,16615.384615384617,346.3174595011228
0.09,0.13,16615.384615384617,350.4645956899995
0.11,0.13,16615.384615384617,353.67945382832994
0.13,0.13,16615.384615384617,356.0766853861501
0.15,0.13,16615.384615384617,357.765262692932
0.17,0.13,16615.384615384617,358.83637985617395
0.19,0.13,16615.384615384617,359.35507352981256
0.21,0.13,16615.384615384617,359.3550735298125
0.23,0.13,16615.384615384617,358.8363798561739
0.25,0.13,16615.384615384617,357.765262692932
0.27,0.13,16615.384615384617,356.07668538615
0.29,0.13,16615.384615384617,353.6794538283298
0.31,0.13,16615.384615384617,350.4645956899994
0.33,0.13,16615.384615384617,346.3174595011227
0.35,0.13,16615.384615384617,341.1336930530736
0.37,0.13,16615.384615384617,334.8385739074863
0.39,0.13,16615.384615384617,327.40830364926234
0.01,0.15,16615.384615384617,327.5845937050135
0.03,0.15,16615.384615384617,335.3576052989554
0.05,0.15,16615.384615384617,341.9692214941072
0.07,0.15,16615.384615384617,347.4320948281289
0.09,0.15,16615.384615384617,351.8150355403076
0.11,0.15,16615.384615384617,355.2207750276971
0.13,0.15,16615.384615384617,357.765262692932
0.15,0.15,16615.384615384617,359.5602863360457
0.17,0.15,16615.384615384617,360.7001789760108
0.19,0.15,16615.384615384617,361.2525477547723
0.21,0.15,16615.384615384617,361.2525477547723
0.23,0.15,16615.384615384617,360.7001789760107
0.25,0.15,16615.384615384617,359.56028633604564
0.27,0.15,16615.384615384617,357.765262692932
0.29,0.15,16615.384615384617,355.2207750276971
0.31,0.15,16615.384615384617,351.8150355403076
0.33,0.15,16615.384615384617,347.432094828129
0.35,0.15,16615.384615384617,341.9692214941073
0.37,0.15,16615.384615384617,335.35760529895543
0.39,0.15,16615.384615384617,327.5845937050136
0.01,0.17,16615.384615384617,327.6954475766541
0.03,0.17,16615.384615384617,335.6842545783691
0.05,0.17,16615.384615384617,342.49579060867245
0.07,0.17,16615.384615384617,348.1357531529575
0.09,0.17,16615.384615384617,352.6690529756392
0.11,0.17,16615.384615384617,356.19710742492487
0.13,0.17,16615.384615384617,358.8363798561739
0.15,0.17,16615.384615384617,360.7001789760108
0.17,0.17,16615.384615384617,361.8846344927936
0.19,0.17,16615.384615384617,362.4588616905737
0.21,0.17,16615.384615384617,362.45886169057366
0.23,0.17,16615.384615384617,361.8846344927935
0.25,0.17,16615.384615384617,360.7001789760107
0.27,0.17,16615.384615384617,358.8363798561739
0.29,0.17,16615.384615384617,356.1971074249249
0.31,0.17,16615.384615384617,352.66905297563926
0.33,0.17,16615.384615384617,348.1357531529576
0.35,0.17,16615.384615384617,342.49579060867245
0.37,0.17,16615.384615384617,335.6842545783692
0.39,0.17,16615.384615384617,327.69544757665415
0.01,0.19,16615.384615384617,327.74885388903783
0.03,0.19,16615.384615384617,335.84170088164444
0.05,0.19,16615.384615384617,342.7498030818496
0.07,0.19,16615.384615384617,348.47552674911816
0.09,0.19,16615.384615384617,353.08185778208883
0.11,0.19,16615.384615384617,356.6694989389647
0.13,0.19,16615.384615384617,359.35507352981256
0.15,0.19,16615.384615384617,361.2525477547724
0.17,0.19,16615.384615384617,362.4588616905737
0.19,0.19,16615.384615384617,363.043822502977
0.21,0.19,16615.384615384617,363.0438225029771
0.23,0.19,16615.384615384617,362.4588616905737
0.25,0.19,16615.384615384617,361.2525477547723
0.27,0.19,16615.384615384617,359.35507352981256
0.29,0.19,16615.384615384617,356.66949893896475
0.31,0.19,16615.384615384617,353.0818577820889
0.33,0.19,16615.384615384617,348.4755267491183
0.35,0.19,16615.384615384617,342.74980308184973
0.37,0.19,16615.384615384617,335.84170088164456
0.39,0.19,16615.384615384617,327.7488538890379
0.01,0.21,16615.384615384617,327.74885388903783
0.03,0.21,16615.384615384617,335.84170088164444
0.05,0.21,16615.384615384617,342.7498030818496
0.07,0.21,16615.384615384617,348.4755267491182
0.09,0.21,16615.384615384617,353.08185778208883
0.11,0.21,16615.384615384617,356.6694989389647
0.13,0.21,16615.384615384617,359.35507352981256
0.15,0.21,16615.384615384617,361.2525477547724
0.17,0.21,16615.384615384617,362.4588616905737
0.19,0.21,16615.384615384617,363.043822502977
0.21,0.21,16615.384615384617,363.043822502977
0.23,0.21,16615.384615384617,362.4588616905737
0.25,0.21,16615.384615384617,361.2525477547724
0.27,0.21,16615.384615384617,359.35507352981256
0.29,0.21,16615.384615384617,356.66949893896475
0.31,0.21,16615.384615384617,353.0818577820889
0.33,0.21,16615.384615384617,348.4755267491183
0.35,0.21,16615.384615384617,342.7498030818498
0.37,0.21,16615.384615384617,335.84170088164456
0.39,0.21,16615.384615384617,327.7488538890379
0.01,0.23,16615.384615384617,327.6954475766541
0.03,0.23,16615.384615384617,335.6842545783692
0.05,0.23,16615.384615384617,342.4957906086724
0.07,0.23,16615.384615384617,348.13575315295753
0.09,0.23,16615.384615384617,352.6690529756392
0.11,0.23,16615.384615384617,356.1971074249249
0.13,0.23,16615.384615384617,358.836379856174
0.15,0.23,16615.384615384617,360.7001789760108
0.17,0.23,16615.384615384617,361.8846344927936
0.19,0.23,16615.384615384617,362.45886169057377
0.21,0.23,16615.384615384617,362.45886169057377
0.23,0.23,16615.384615384617,361.8846344927936
0.25,0.23,16615.384615384617,360.7001789760107
0.27,0.23,16615.384615384617,358.83637985617395
0.29,0.23,16615.384615384617,356.1971074249249
0.31,0.23,16615.384615384617,352.66905297563926
0.33,0.23,16615.384615384617,348.13575315295765
0.35,0.23,16615.384615384617,342.4957906086725
0.37,0.23,16615.384615384617,335.68425457836923
0.39,0.23,16615.384615384617,327.69544757665415
0.01,0.25,16615.384615384617,327.5845937050136
0.03,0.25,16615.384615384617,335.3576052989554
0.05,0.25,16615.384615384617,341.9692214941072
0.07,0.25,16615.384615384617,347.43209482812887
0.09,0.25,16615.384615384617,351.8150355403075
0.11,0.25,16615.384615384617,355.2207750276972
0.13,0.25,16615.384615384617,357.76526269293214
0.15,0.25,16615.384615384617,359.5602863360458
0.17,0.25,16615.384615384617,360.7001789760108
0.19,0.25,16615.384615384617,361.2525477547724
0.21,0.25,16615.384615384617,361.2525477547724
0.23,0.25,16615.384615384617,360.7001789760108
0.25,0.25,16615.384615384617,359.5602863360457
0.27,0.25,16615.384615384617,357.7652626929321
0.29,0.25,16615.384615384617,355.2207750276972
0.31,0.25,16615.384615384617,351.8150355403076
0.33,0.25,16615.384615384617,347.432094828129
0.35,0.25,16615.384615384617,341.96922149410733
0.37,0.25,16615.384615384617,335.3576052989555
0.39,0.25,16615.384615384617,327.5845937050136
0.01,0.27,16615.384615384617,327.4083036492623
0.03,0.27,16615.384615384617,334.83857390748625
0.05,0.27,16615.384615384617,341.13369305307344
0.07,0.27,16615.384615384617,346.31745950112264
0.09,0.27,16615.384615384617,350.4645956899994
0.11,0.27,16615.384615384617,353.67945382832994
0.13,0.27,16615.384615384617,356.07668538615013
0.15,0.27,16615.384615384617,357.76526269293214
0.17,0.27,16615.384615384617,358.836379856174
0.19,0.27,16615.384615384617,359.3550735298126
0.21,0.27,16615.384615384617,359.3550735298126
0.23,0.27,16615.384615384617,358.836379856174
0.25,0.27,16615.384615384617,357.7652626929321
0.27,0.27,16615.384615384617,356.0766853861501
0.29,0.27,16615.384615384617,353.67945382832994
0.31,0.27,16615.384615384617,350.46459568999944
0.33,0.27,16615.384615384617,346.3174595011228
0.35,0.27,16615.384615384617,341.1336930530736
0.37,0.27,16615.384615384617,334.8385739074863
0.39,0.27,16615.384615384617,327.40830364926234
0.01,0.29,16615.384615384617,327.1547976209992
0.03,0.29,16615.384615384617,334.0931809451284
0.05,0.29,16615.384615384617,339.93632910665025
0.07,0.29,16615.384615384617,344.7241446068727
0.09,0.29,16615.384615384617,348.5391355566777
0.11,0.29,16615.384615384617,351.48696572682144
0.13,0.29,16615.384615384617,353.67945382833
0.15,0.29,16615.384615384617,355.2207750276972
0.17,0.29,16615.384615384617,356.1971074249249
0.19,0.29,16615.384615384617,356.6694989389648
0.21,0.29,16615.384615384617,356.66949893896475
0.23,0.29,16615.384615384617,356.1971074249249
0.25,0.29,16615.384615384617,355.2207750276972
0.27,0.29,16615.384615384617,353.6794538283299
0.29,0.29,16615.384615384617,351.4869657268214
0.31,0.29,16615.384615384617,348.53913555667776
0.33,0.29,16615.384615384617,344.7241446068728
0.35,0.29,16615.384615384617,339.9363291066503
0.37,0.29,16615.384615384617,334.09318094512844
0.39,0.29,16615.384615384617,327.1547976209992
0.01,0.31,16615.384615384617,326.80859675776844
0.03,0.31,16615.384615384617,333.07734881029745
0.05,0.31,16615.384615384617,338.3097912605993
0.07,0.31,16615.384615384617,342.56759260928993
0.09,0.31,16615.384615384617,345.9422210875032
0.11,0.31,16615.384615384617,348.5391355566778
0.13,0.31,16615.384615384617,350.4645956899995
0.15,0.31,16615.384615384617,351.8150355403076
0.17,0.31,16615.384615384617,352.6690529756393
0.19,0.31,16615.384615384617,353.081857782089
0.21,0.31,16615.384615384617,353.08185778208895
0.23,0.31,16615.384615384617,352.66905297563926
0.25,0.31,16615.384615384617,351.8150355403075
0.27,0.31,16615.384615384617,350.46459568999944
0.29,0.31,16615.384615384617,348.53913555667776
0.31,0.31,16615.384615384617,345.9422210875032
0.33,0.31,16615.384615384617,342.56759260929
0.35,0.31,16615.384615384617,338.3097912605994
0.37,0.31,16615.384615384617,333.0773488102975
0.39,0.31,16615.384615384617,326.8085967577685
0.01,0.33,16615.384615384617,326.3501303339258
0.03,0.33,16615.384615384617,331.7370204490701
0.05,0.33,16615.384615384617,336.1745482423942
0.07,0.33,16615.384615384617,339.7515670644915
0.09,0.33,16615.384615384617,342.56759260929
0.11,0.33,16615.384615384617,344.7241446068728
0.13,0.33,16615.384615384617,346.3174595011228
0.15,0.33,16615.384615384617,347.43209482812904
0.17,0.33,16615.384615384617,348.1357531529576
0.19,0.33,16615.384615384617,348.4755267491184
0.21,0.33,16615.384615384617,348.4755267491184
0.23,0.33,16615.384615384617,348.1357531529576
0.25,0.33,16615.384615384617,347.4320948281289
0.27,0.33,16615.384615384617,346.3174595011228
0.29,0.33,16615.384615384617,344.7241446068728
0.31,0.33,16615.384615384617,342.56759260929
0.33,0.33,16615.384615384617,339.7515670644915
0.35,0.33,16615.384615384617,336.1745482423943
0.37,0.33,16615.384615384617,331.73702044907014
0.39,0.33,16615.384615384617,326.35013033392585
0.01,0.35,16615.384615384617,325.75351300699106
0.03,0.35,16615.384615384617,330.00593525862485
0.05,0.35,16615.384615384617,333.4404507389399
0.07,0.35,16615.384615384617,336.1745482423942
0.09,0.35,16615.384615384617,338.30979126059947
0.11,0.35,16615.384615384617,339.9363291066504
0.13,0.35,16615.384615384617,341.1336930530736
0.15,0.35,16615.384615384617,341.96922149410733
0.17,0.35,16615.384615384617,342.4957906086725
0.19,0.35,16615.384615384617,342.7498030818498
0.21,0.35,16615.384615384617,342.74980308184985
0.23,0.35,16615.384615384617,342.4957906086725
0.25,0.35,16615.384615384617,341.9692214941073
0.27,0.35,16615.384615384617,341.1336930530736
0.29,0.35,16615.384615384617,339.9363291066504
0.31,0.35,16615.384615384617,338.30979126059947
0.33,0.35,16615.384615384617,336.1745482423942
0.35,0.35,16615.384615384617,333.44045073893994
0.37,0.35,16615.384615384617,330.0059352586249
0.39,0.35,16615.384615384617,325.75351300699106
0.01,0.37,16615.384615384617,324.9779424405375
0.03,0.37,16615.384615384617,327.79690042802974
0.05,0.37,16615.384615384617,330.00593525862485
0.07,0.37,16615.384615384617,331.73702044907014
0.09,0.37,16615.384615384617,333.0773488102975
0.11,0.37,16615.384615384617,334.09318094512844
0.13,0.37,16615.384615384617,334.8385739074863
0.15,0.37,16615.384615384617,335.35760529895543
0.17,0.37,16615.384615384617,335.68425457836923
0.19,0.37,16615.384615384617,335.8417008816446
0.21,0.37,16615.384615384617,335.8417008816446
0.23,0.37,16615.384615384617,335.6842545783693
0.25,0.37,16615.384615384617,335.3576052989555
0.27,0.37,16615.384615384617,334.8385739074863
0.29,0.37,16615.384615384617,334.09318094512844
0.31,0.37,16615.384615384617,333.0773488102975
0.33,0.37,16615.384615384617,331.73702044907014
0.35,0.37,16615.384615384617,330.0059352586249
0.37,0.37,16615.384615384617,327.7969004280298
0.39,0.37,16615.384615384617,324.9779424405375
0.01,0.39,16615.384615384617,323.93560511510424
0.03,0.39,16615.384615384617,324.9779424405375
0.05,0.39,16615.384615384617,325.75351300699106
0.07,0.39,16615.384615384617,326.35013033392585
0.09,0.39,16615.384615384617,326.8085967577685
0.11,0.39,16615.384615384617,327.1547976209992
0.13,0.39,16615.384615384617,327.40830364926234
0.15,0.39,16615.384615384617,327.5845937050136
0.17,0.39,16615.384615384617,327.69544757665415
0.19,0.39,16615.384615384617,327.7488538890379
0.21,0.39,16615.384615384617,327.7488538890379
0.23,0.39,16615.384615384617,327.69544757665415
0.25,0.39,16615.384615384617,327.5845937050136
0.27,0.39,16615.384615384617,327.40830364926234
0.29,0.39,16615.384615384617,327.1547976209992
0.31,0.39,16615.384615384617,326.8085967577685
0.33,0.39,16615.384615384617,326.35013033392585
0.35,0.39,16615.384615384617,325.75351300699106
0.37,0.39,16615.384615384617,324.9779424405375
0.39,0.39,16615.384615384617,323.93560511510424
0.01,0.01,18461.53846153846,323.86001522201906
0.03,0.01,18461.53846153846,324.8187371995453
0.05,0.01,18461.53846153846,325.5459629127145
0.07,0.01,18461.53846153846,326.1170178427732
0.09,0.01,18461.53846153846,326.565350464767
0.11,0.01,18461.53846153846,326.9112639654953
0.13,0.01,18461.53846153846,327.1698121837756
0.15,0.01,18461.53846153846,327.3529138379409
0.17,0.01,18461.53846153846,327.46972874396965
0.19,0.01,18461.53846153846,327.5265358234992
0.21,0.01,18461.53846153846,327.5265358234992
0.23,0.01,18461.53846153846,327.46972874396965
0.25,0.01,18461.53846153846,327.35291383794083
0.27,0.01,18461.53846153846,327.1698121837756
0.29,0.01,18461.53846153846,326.9112639654953
0.31,0.01,18461.53846153846,326.56535046476694
0.33,0.01,18461.53846153846,326.1170178427731
0.35,0.01,18461.53846153846,325.54596291271446
0.37,0.01,18461.53846153846,324.8187371995453
0.39,0.01,18461.53846153846,323.86001522201906
0.01,0.03,18461.53846153846,324.8187371995453
0.03,0.03,18461.53846153846,327.4275455583215
0.05,0.03,18461.53846153846,329.50720356717795
0.07,0.03,18461.53846153846,331.16892179520056
0.09,0.03,18461.53846153846,332.48256387384805
0.11,0.03,18461.53846153846,333.49937348661206
0.13,0.03,18461.53846153846,334.26069525851574
0.15,0.03,18461.53846153846,334.8004185857921
0.17,0.03,18461.53846153846,335.1449712230124
0.19,0.03,18461.53846153846,335.31258691007747
0.21,0.03,18461.53846153846,335.31258691007747
0.23,0.03,18461.53846153846,335.1449712230124
0.25,0.03,18461.53846153846,334.80041858579204
0.27,0.03,18461.53846153846,334.2606952585157
0.29,0.03,18461.53846153846,333.499373486612
0.31,0.03,18461.53846153846,332.482563873848
0.33,0.03,18461.53846153846,331.16892179520045
0.35,0.03,18461.53846153846,329.50720356717784
0.37,0.03,18461.53846153846,327.42754555832147
0.39,0.03,18461.53846153846,324.8187371995453
0.01,0.05,18461.53846153846,325.5459629127145
0.03,0.05,18461.53846153846,329.50720356717795
0.05,0.05,18461.53846153846,332.75791559132057
0.07,0.05,18461.53846153846,335.3941051582149
0.09,0.05,18461.53846153846,337.4945942193274
0.11,0.05,18461.53846153846,339.1277590691324
0.13,0.05,18461.53846153846,340.35390345806803
0.15,0.05,18461.53846153846,341.22465712004833
0.17,0.05,18461.53846153846,341.7811410072566
0.19,0.05,18461.53846153846,342.0520207894764
0.21,0.05,18461.53846153846,342.0520207894764
0.23,0.05,18461.53846153846,341.78114100725656
0.25,0.05,18461.53846153846,341.2246571200483
0.27,0.05,18461.53846153846,340.353903458068
0.29,0.05,18461.53846153846,339.1277590691323
0.31,0.05,18461.53846153846,337.49459421932727
0.33,0.05,18461.53846153846,335.39410515821487
0.35,0.05,18461.53846153846,332.7579155913204
0.37,0.05,18461.53846153846,329.5072035671779
0.39,0.05,18461.53846153846,325.54596291271446
0.01,0.07,18461.53846153846,326.11701784277324
0.03,0.07,18461.53846153846,331.1689217952006
0.05,0.07,18461.53846153846,335.394105158215
0.07,0.07,18461.53846153846,338.8611148179042
0.09,0.07,18461.53846153846,341.6439270667917
0.11,0.07,18461.53846153846,343.81778397755284
0.13,0.07,18461.53846153846,345.4549192845526
0.15,0.07,18461.53846153846,346.61994065021565
0.17,0.07,18461.53846153846,347.3654815589457
0.19,0.07,18461.53846153846,347.7286642731498
0.21,0.07,18461.53846153846,347.7286642731497
0.23,0.07,18461.53846153846,347.3654815589457
0.25,0.07,18461.53846153846,346.6199406502156
0.27,0.07,18461.53846153846,345.45491928455255
0.29,0.07,18461.53846153846,343.8177839775527
0.31,0.07,18461.53846153846,341.64392706679155
0.33,0.07,18461.53846153846,338.861114817904
0.35,0.07,18461.53846153846,335.39410515821487
0.37,0.07,18461.53846153846,331.1689217952005
0.39,0.07,18461.53846153846,326.1170178427732
0.01,0.09,18461.53846153846,326.565350464767
0.03,0.09,18461.53846153846,332.4825638738481
0.05,0.09,18461.53846153846,337.49459421932744
0.07,0.09,18461.53846153846,341.6439270667917
0.09,0.09,18461.53846153846,344.9949553356227
0.11,0.09,18461.53846153846,347.62392684283884
0.13,0.09,18461.53846153846,349.60977286389533
0.15,0.09,18461.53846153846,351.0259102908984
0.17,0.09,18461.53846153846,351.9334159325841
0.19,0.09,18461.53846153846,352.37585435963905
0.21,0.09,18461.53846153846,352.37585435963905
0.23,0.09,18461.53846153846,351.9334159325841
0.25,0.09,18461.53846153846,351.0259102908983
0.27,0.09,18461.53846153846,349.6097728638952
0.29,0.09,18461.53846153846,347.6239268428388
0.31,0.09,18461.53846153846,344.99495533562254
0.33,0.09,18461.53846153846,341.64392706679155
0.35,0.09,18461.53846153846,337.4945942193273
0.37,0.09,18461.53846153846,332.48256387384805
0.39,0.09,18461.53846153846,326.56535046476694
0.01,0.11,18461.53846153846,326.9112639654953
0.03,0.11,18461.53846153846,333.499373486612
0.05,0.11,18461.53846153846,339.1277590691324
0.07,0.11,18461.53846153846,343.8177839775529
0.09,0.11,18461.53846153846,347.6239268428389
0.11,0.11,18461.53846153846,350.620734991325
0.13,0.11,18461.53846153846,352.8904630480057
0.15,0.11,18461.53846153846,354.512155572839
0.17,0.11,18461.53846153846,355.552750929622
0.19,0.11,18461.53846153846,356.0604642998185
0.21,0.11,18461.53846153846,356.06046429981853
0.23,0.11,18461.53846153846,355.55275092962205
0.25,0.11,18461.53846153846,354.512155572839
0.27,0.11,18461.53846153846,352.89046304800564
0.29,0.11,18461.53846153846,350.62073499132487
0.31,0.11,18461.53846153846,347.6239268428388
0.33,0.11,18461.53846153846,343.8177839775528
0.35,0.11,18461.53846153846,339.1277590691324
0.37,0.11,18461.53846153846,333.49937348661206
0.39,0.11,18461.53846153846,326.9112639654953
0.01,0.13,18461.53846153846,327.16981218377555
0.03,0.13,18461.53846153846,334.2606952585157
0.05,0.13,18461.53846153846,340.35390345806803
0.07,0.13,18461.53846153846,345.45491928455266
0.09,0.13,18461.53846153846,349.60977286389533
0.11,0.13,18461.53846153846,352.89046304800576
0.13,0.13,18461.53846153846,355.38061999413486
0.15,0.13,18461.53846153846,357.16269197946
0.17,0.13,18461.53846153846,358.307488129083
0.19,0.13,18461.53846153846,358.86641473423924
0.21,0.13,18461.53846153846,358.86641473423924
0.23,0.13,18461.53846153846,358.30748812908297
0.25,0.13,18461.53846153846,357.16269197946
0.27,0.13,18461.53846153846,355.3806199941348
0.29,0.13,18461.53846153846,352.8904630480057
0.31,0.13,18461.53846153846,349.6097728638953
0.33,0.13,18461.53846153846,345.45491928455255
0.35,0.13,18461.53846153846,340.3539034580681
0.37,0.13,18461.53846153846,334.2606952585158
0.39,0.13,18461.53846153846,327.1698121837756
0.01,0.15,18461.53846153846,327.35291383794083
0.03,0.15,18461.53846153846,334.8004185857921
0.05,0.15,18461.53846153846,341.22465712004833
0.07,0.15,18461.53846153846,346.61994065021565
0.09,0.15,18461.53846153846,351.0259102908984
0.11,0.15,18461.53846153846,354.51215557283905
0.13,0.15,18461.53846153846,357.1626919794601
0.15,0.15,18461.53846153846,359.0619101192209
0.17,0.15,18461.53846153846,360.2830371099952
0.19,0.15,18461.53846153846,360.87954532147785
0.21,0.15,18461.53846153846,360.8795453214778
0.23,0.15,18461.53846153846,360.2830371099952
0.25,0.15,18461.53846153846,359.0619101192209
0.27,0.15,18461.53846153846,357.1626919794601
0.29,0.15,18461.53846153846,354.512155572839
0.31,0.15,18461.53846153846,351.0259102908984
0.33,0.15,18461.53846153846,346.61994065021565
0.35,0.15,18461.53846153846,341.2246571200484
0.37,0.15,18461.53846153846,334.80041858579216
0.39,0.15,18461.53846153846,327.3529138379409
0.01,0.17,18461.53846153846,327.46972874396965
0.03,0.17,18461.53846153846,335.1449712230124
0.05,0.17,18461.53846153846,341.78114100725656
0.07,0.17,18461.53846153846,347.3654815589457
0.09,0.17,18461.53846153846,351.9334159325842
0.11,0.17,18461.53846153846,355.55275092962205
0.13,0.17,18461.53846153846,358.307488129083
0.15,0.17,18461.53846153846,360.2830371099952
0.17,0.17,18461.53846153846,361.5540071569762
0.19,0.17,18461.53846153846,362.1750882078477
0.21,0.17,18461.53846153846,362.1750882078477
0.23,0.17,18461.53846153846,361.5540071569762
0.25,0.17,18461.53846153846,360.28303710999523
0.27,0.17,18461.53846153846,358.307488129083
0.29,0.17,18461.53846153846,355.55275092962205
0.31,0.17,18461.53846153846,351.9334159325842
0.33,0.17,18461.53846153846,347.36548155894576
0.35,0.17,18461.53846153846,341.7811410072567
0.37,0.17,18461.53846153846,335.1449712230125
0.39,0.17,18461.53846153846,327.4697287439697
0.01,0.19,18461.53846153846,327.5265358234992
0.03,0.19,18461.53846153846,335.3125869100775
0.05,0.19,18461.53846153846,342.0520207894764
0.07,0.19,18461.53846153846,347.7286642731498
0.09,0.19,18461.53846153846,352.375854359639
0.11,0.19,18461.53846153846,356.0604642998185
0.13,0.19,18461.53846153846,358.8664147342393
0.15,0.19,18461.53846153846,360.87954532147785
0.17,0.19,18461.53846153846,362.1750882078477
0.19,0.19,18461.53846153846,362.8082937367518
0.21,0.19,18461.53846153846,362.8082937367519
0.23,0.19,18461.53846153846,362.1750882078478
0.25,0.19,18461.53846153846,360.8795453214779
0.27,0.19,18461.53846153846,358.86641473423936
0.29,0.19,18461.53846153846,356.0604642998186
0.31,0.19,18461.53846153846,352.3758543596391
0.33,0.19,18461.53846153846,347.72866427314983
0.35,0.19,18461.53846153846,342.05202078947644
0.37,0.19,18461.53846153846,335.31258691007764
0.39,0.19,18461.53846153846,327.5265358234993
0.01,0.21,18461.53846153846,327.5265358234992
0.03,0.21,18461.53846153846,335.3125869100775
0.05,0.21,18461.53846153846,342.0520207894764
0.07,0.21,18461.53846153846,347.7286642731498
0.09,0.21,18461.53846153846,352.37585435963905
0.11,0.21,18461.53846153846,356.06046429981853
0.13,0.21,18461.53846153846,358.8664147342393
0.15,0.21,18461.53846153846,360.87954532147785
0.17,0.21,18461.53846153846,362.1750882078477
0.19,0.21,18461.53846153846,362.8082937367519
0.21,0.21,18461.53846153846,362.8082937367519
0.23,0.21,18461.53846153846,362.1750882078478
0.25,0.21,18461.53846153846,360.879545321478
0.27,0.21,18461.53846153846,358.86641473423936
0.29,0.21,18461.53846153846,356.06046429981865
0.31,0.21,18461.53846153846,352.3758543596392
0.33,0.21,18461.53846153846,347.72866427314983
0.35,0.21,18461.53846153846,342.05202078947644
0.37,0.21,18461.53846153846,335.31258691007764
0.39,0.21,18461.53846153846,327.5265358234993
0.01,0.23,18461.53846153846,327.46972874396965
0.03,0.23,18461.53846153846,335.1449712230124
0.05,0.23,18461.53846153846,341.78114100725656
0.07,0.23,18461.53846153846,347.3654815589457
0.09,0.23,18461.53846153846,351.9334159325842
0.11,0.23,18461.53846153846,355.55275092962205
0.13,0.23,18461.53846153846,358.3074881290831
0.15,0.23,18461.53846153846,360.28303710999523
0.17,0.23,18461.53846153846,361.5540071569762
0.19,0.23,18461.53846153846,362.1750882078478
0.21,0.23,18461.53846153846,362.1750882078478
0.23,0.23,18461.53846153846,361.5540071569762
0.25,0.23,18461.53846153846,360.2830371099953
0.27,0.23,18461.53846153846,358.3074881290831
0.29,0.23,18461.53846153846,355.55275092962216
0.31,0.23,18461.53846153846,351.93341593258424
0.33,0.23,18461.53846153846,347.3654815589458
0.35,0.23,18461.53846153846,341.7811410072567
0.37,0.23,18461.53846153846,335.1449712230125
0.39,0.23,18461.53846153846,327.4697287439697
0.01,0.25,18461.53846153846,327.35291383794083
0.03,0.25,18461.53846153846,334.8004185857921
0.05,0.25,18461.53846153846,341.2246571200483
0.07,0.25,18461.53846153846,346.6199406502156
0.09,0.25,18461.53846153846,351.0259102908984
0.11,0.25,18461.53846153846,354.5121555728392
0.13,0.25,18461.53846153846,357.1626919794602
0.15,0.25,18461.53846153846,359.061910119221
0.17,0.25,18461.53846153846,360.2830371099953
0.19,0.25,18461.53846153846,360.8795453214779
0.21,0.25,18461.53846153846,360.8795453214779
0.23,0.25,18461.53846153846,360.28303710999523
0.25,0.25,18461.53846153846,359.061910119221
0.27,0.25,18461.53846153846,357.1626919794602
0.29,0.25,18461.53846153846,354.5121555728391
0.31,0.25,18461.53846153846,351.0259102908985
0.33,0.25,18461.53846153846,346.6199406502157
0.35,0.25,18461.53846153846,341.22465712004833
0.37,0.25,18461.53846153846,334.8004185857921
0.39,0.25,18461.53846153846,327.35291383794083
0.01,0.27,18461.53846153846,327.1698121837756
0.03,0.27,18461.53846153846,334.26069525851574
0.05,0.27,18461.53846153846,340.353903458068
0.07,0.27,18461.53846153846,345.45491928455255
0.09,0.27,18461.53846153846,349.60977286389533
0.11,0.27,18461.53846153846,352.8904630480058
0.13,0.27,18461.53846153846,355.380619994135
0.15,0.27,18461.53846153846,357.1626919794602
0.17,0.27,18461.53846153846,358.3074881290831
0.19,0.27,18461.53846153846,358.86641473423936
0.21,0.27,18461.53846153846,358.86641473423936
0.23,0.27,18461.53846153846,358.3074881290831
0.25,0.27,18461.53846153846,357.16269197946013
0.27,0.27,18461.53846153846,355.38061999413486
0.29,0.27,18461.53846153846,352.8904630480058
0.31,0.27,18461.53846153846,349.6097728638954
0.33,0.27,18461.53846153846,345.45491928455266
0.35,0.27,18461.53846153846,340.35390345806803
0.37,0.27,18461.53846153846,334.26069525851574
0.39,0.27,18461.53846153846,327.1698121837756
0.01,0.29,18461.53846153846,326.9112639654953
0.03,0.29,18461.53846153846,333.49937348661206
0.05,0.29,18461.53846153846,339.1277590691324
0.07,0.29,18461.53846153846,343.8177839775528
0.09,0.29,18461.53846153846,347.6239268428389
0.11,0.29,18461.53846153846,350.6207349913251
0.13,0.29,18461.53846153846,352.8904630480058
0.15,0.29,18461.53846153846,354.5121555728392
0.17,0.29,18461.53846153846,355.55275092962216
0.19,0.29,18461.53846153846,356.06046429981865
0.21,0.29,18461.53846153846,356.0604642998186
0.23,0.29,18461.53846153846,355.5527509296221
0.25,0.29,18461.53846153846,354.51215557283905
0.27,0.29,18461.53846153846,352.89046304800576
0.29,0.29,18461.53846153846,350.620734991325
0.31,0.29,18461.53846153846,347.62392684283896
0.33,0.29,18461.53846153846,343.8177839775529
0.35,0.29,18461.53846153846,339.1277590691324
0.37,0.29,18461.53846153846,333.49937348661206
0.39,0.29,18461.53846153846,326.9112639654953
0.01,0.31,18461.53846153846,326.56535046476694
0.03,0.31,18461.53846153846,332.482563873848
0.05,0.31,18461.53846153846,337.4945942193273
0.07,0.31,18461.53846153846,341.64392706679166
0.09,0.31,18461.53846153846,344.99495533562265
0.11,0.31,18461.53846153846,347.62392684283896
0.13,0.31,18461.53846153846,349.60977286389544
0.15,0.31,18461.53846153846,351.02591029089854
0.17,0.31,18461.53846153846,351.9334159325843
0.19,0.31,18461.53846153846,352.3758543596392
0.21,0.31,18461.53846153846,352.3758543596392
0.23,0.31,18461.53846153846,351.9334159325842
0.25,0.31,18461.53846153846,351.0259102908984
0.27,0.31,18461.53846153846,349.60977286389533
0.29,0.31,18461.53846153846,347.6239268428389
0.31,0.31,18461.53846153846,344.9949553356227
0.33,0.31,18461.53846153846,341.6439270667917
0.35,0.31,18461.53846153846,337.4945942193273
0.37,0.31,18461.53846153846,332.482563873848
0.39,0.31,18461.53846153846,326.56535046476694
0.01,0.33,18461.53846153846,326.1170178427731
0.03,0.33,18461.53846153846,331.16892179520045
0.05,0.33,18461.53846153846,335.39410515821487
0.07,0.33,18461.53846153846,338.8611148179041
0.09,0.33,18461.53846153846,341.64392706679166
0.11,0.33,18461.53846153846,343.8177839775529
0.13,0.33,18461.53846153846,345.4549192845527
0.15,0.33,18461.53846153846,346.61994065021577
0.17,0.33,18461.53846153846,347.3654815589458
0.19,0.33,18461.53846153846,347.7286642731499
0.21,0.33,18461.53846153846,347.7286642731499
0.23,0.33,18461.53846153846,347.36548155894576
0.25,0.33,18461.53846153846,346.6199406502157
0.27,0.33,18461.53846153846,345.45491928455266
0.29,0.33,18461.53846153846,343.8177839775529
0.31,0.33,18461.53846153846,341.6439270667917
0.33,0.33,18461.53846153846,338.86111481790414
0.35,0.33,18461.53846153846,335.39410515821487
0.37,0.33,18461.53846153846,331.1689217952005
0.39,0.33,18461.53846153846,326.1170178427732
0.01,0.35,18461.53846153846,325.54596291271446
0.03,0.35,18461.53846153846,329.50720356717784
0.05,0.35,18461.53846153846,332.7579155913204
0.07,0.35,18461.53846153846,335.3941051582148
0.09,0.35,18461.53846153846,337.4945942193274
0.11,0.35,18461.53846153846,339.1277590691324
0.13,0.35,18461.53846153846,340.3539034580681
0.15,0.35,18461.53846153846,341.22465712004845
0.17,0.35,18461.53846153846,341.7811410072567
0.19,0.35,18461.53846153846,342.05202078947644
0.21,0.35,18461.53846153846,342.05202078947644
0.23,0.35,18461.53846153846,341.7811410072567
0.25,0.35,18461.53846153846,341.22465712004833
0.27,0.35,18461.53846153846,340.3539034580681
0.29,0.35,18461.53846153846,339.1277590691324
0.31,0.35,18461.53846153846,337.4945942193274
0.33,0.35,18461.53846153846,335.39410515821487
0.35,0.35,18461.53846153846,332.7579155913205
0.37,0.35,18461.53846153846,329.5072035671779
0.39,0.35,18461.53846153846,325.5459629127145
0.01,0.37,18461.53846153846,324.8187371995453
0.03,0.37,18461.53846153846,327.4275455583214
0.05,0.37,18461.53846153846,329.50720356717784
0.07,0.37,18461.53846153846,331.16892179520045
0.09,0.37,18461.53846153846,332.48256387384805
0.11,0.37,18461.53846153846,333.49937348661206
0.13,0.37,18461.53846153846,334.2606952585158
0.15,0.37,18461.53846153846,334.80041858579216
0.17,0.37,18461.53846153846,335.1449712230125
0.19,0.37,18461.53846153846,335.3125869100776
0.21,0.37,18461.53846153846,335.3125869100776
0.23,0.37,18461.53846153846,335.1449712230125
0.25,0.37,18461.53846153846,334.80041858579216
0.27,0.37,18461.53846153846,334.2606952585158
0.29,0.37,18461.53846153846,333.49937348661206
0.31,0.37,18461.53846153846,332.48256387384805
0.33,0.37,18461.53846153846,331.1689217952005
0.35,0.37,18461.53846153846,329.50720356717784
0.37,0.37,18461.53846153846,327.42754555832147
0.39,0.37,18461.53846153846,324.8187371995453
0.01,0.39,18461.53846153846,323.86001522201906
0.03,0.39,18461.53846153846,324.8187371995453
0.05,0.39,18461.53846153846,325.54596291271446
0.07,0.39,18461.53846153846,326.1170178427732
0.09,0.39,18461.53846153846,326.565350464767
0.11,0.39,18461.53846153846,326.9112639654953
0.13,0.39,18461.53846153846,327.1698121837756
0.15,0.39,18461.53846153846,327.35291383794083
0.17,0.39,18461.53846153846,327.4697287439697
0.19,0.39,18461.53846153846,327.5265358234993
0.21,0.39,18461.53846153846,327.5265358234992
0.23,0.39,18461.53846153846,327.46972874396965
0.25,0.39,18461.53846153846,327.3529138379409
0.27,0.39,18461.53846153846,327.1698121837756
0.29,0.39,18461.53846153846,326.9112639654953
0.31,0.39,18461.53846153846,326.56535046476694
0.33,0.39,18461.53846153846,326.1170178427732
0.35,0.39,18461.53846153846,325.5459629127145
0.37,0.39,18461.53846153846,324.8187371995453
0.39,0.39,18461.53846153846,323.86001522201906
0.01,0.01,20307.69230769231,323.7951679355561
0.03,0.01,20307.69230769231,324.6781380529013
0.05,0.01,20307.69230769231,325.35781432242754
0.07,0.01,20307.69230769231,325.8999788041544
0.09,0.01,20307.69230769231,326.33265302688096
0.11,0.01,20307.69230769231,326.6719972624908
0.13,0.01,20307.69230769231,326.9296029032048
0.15,0.01,20307.69230769231,327.11454648801066
0.17,0.01,20307.69230769231,327.23381239593704
0.19,0.01,20307.69230769231,327.2922131963186
0.21,0.01,20307.69230769231,327.2922131963186
0.23,0.01,20307.69230769231,327.23381239593704
0.25,0.01,20307.69230769231,327.1145464880107
0.27,0.01,20307.69230769231,326.9296029032048
0.29,0.01,20307.69230769231,326.67199726249083
0.31,0.01,20307.69230769231,326.33265302688096
0.33,0.01,20307.69230769231,325.8999788041544
0.35,0.01,20307.69230769231,325.35781432242754
0.37,0.01,20307.69230769231,324.6781380529013
0.39,0.01,20307.69230769231,323.7951679355561
0.01,0.03,20307.69230769231,324.6781380529013
0.03,0.03,20307.69230769231,327.0921220619598
0.05,0.03,20307.69230769231,329.0418174677796
0.07,0.03,20307.69230769231,330.6230757325506
0.09,0.03,20307.69230769231,331.8931565455718
0.11,0.03,20307.69230769231,332.8921724092952
0.13,0.03,20307.69230769231,333.6516946387571
0.15,0.03,20307.69230769231,334.19744936131303
0.17,0.03,20307.69230769231,334.5495724275532
0.19,0.03,20307.69230769231,334.72204319192207
0.21,0.03,20307.69230769231,334.722043191922
0.23,0.03,20307.69230769231,334.5495724275532
0.25,0.03,20307.69230769231,334.19744936131303
0.27,0.03,20307.69230769231,333.6516946387571
0.29,0.03,20307.69230769231,332.8921724092952
0.31,0.03,20307.69230769231,331.8931565455718
0.33,0.03,20307.69230769231,330.6230757325506
0.35,0.03,20307.69230769231,329.04181746777954
0.37,0.03,20307.69230769231,327.0921220619598
0.39,0.03,20307.69230769231,324.6781380529013
0.01,0.05,20307.69230769231,325.3578143224276
0.03,0.05,20307.69230769231,329.04181746777954
0.05,0.05,20307.69230769231,332.10212155523766
0.07,0.05,20307.69230769231,334.61948184831544
0.09,0.05,20307.69230769231,336.65640723679746
0.11,0.05,20307.69230769231,338.2651368529902
0.13,0.05,20307.69230769231,339.4911233301237
0.15,0.05,20307.69230769231,340.37333621008884
0.17,0.05,20307.69230769231,340.94304538307864
0.19,0.05,20307.69230769231,341.2222244080058
0.21,0.05,20307.69230769231,341.2222244080058
0.23,0.05,20307.69230769231,340.94304538307864
0.25,0.05,20307.69230769231,340.3733362100888
0.27,0.05,20307.69230769231,339.4911233301236
0.29,0.05,20307.69230769231,338.26513685299017
0.31,0.05,20307.69230769231,336.6564072367974
0.33,0.05,20307.69230769231,334.6194818483154
0.35,0.05,20307.69230769231,332.10212155523766
0.37,0.05,20307.69230769231,329.04181746777954
0.39,0.05,20307.69230769231,325.3578143224276
0.01,0.07,20307.69230769231,325.89997880415444
0.03,0.07,20307.69230769231,330.62307573255066
0.05,0.07,20307.69230769231,334.61948184831544
0.07,0.07,20307.69230769231,337.94401563505335
0.09,0.07,20307.69230769231,340.65255113008493
0.11,0.07,20307.69230769231,342.8008305490061
0.13,0.07,20307.69230769231,344.44244052687554
0.15,0.07,20307.69230769231,345.6257959201617
0.17,0.07,20307.69230769231,346.3908109296617
0.19,0.07,20307.69230769231,346.76592445481674
0.21,0.07,20307.69230769231,346.7659244548167
0.23,0.07,20307.69230769231,346.39081092966177
0.25,0.07,20307.69230769231,345.6257959201617
0.27,0.07,20307.69230769231,344.4424405268755
0.29,0.07,20307.69230769231,342.800830549006
0.31,0.07,20307.69230769231,340.6525511300848
0.33,0.07,20307.69230769231,337.94401563505323
0.35,0.07,20307.69230769231,334.6194818483154
0.37,0.07,20307.69230769231,330.6230757325506
0.39,0.07,20307.69230769231,325.89997880415444
0.01,0.09,20307.69230769231,326.33265302688096
0.03,0.09,20307.69230769231,331.8931565455718
0.05,0.09,20307.69230769231,336.65640723679746
0.07,0.09,20307.69230769231,340.65255113008493
0.09,0.09,20307.69230769231,343.9269619401226
0.11,0.09,20307.69230769231,346.53415901398125
0.13,0.09,20307.69230769231,348.5317090304693
0.15,0.09,20307.69230769231,349.9742054276482
0.17,0.09,20307.69230769231,350.9078215422478
0.19,0.09,20307.69230769231,351.36590273543885
0.21,0.09,20307.69230769231,351.36590273543885
0.23,0.09,20307.69230769231,350.90782154224786
0.25,0.09,20307.69230769231,349.9742054276482
0.27,0.09,20307.69230769231,348.5317090304692
0.29,0.09,20307.69230769231,346.5341590139811
0.31,0.09,20307.69230769231,343.92696194012245
0.33,0.09,20307.69230769231,340.6525511300848
0.35,0.09,20307.69230769231,336.6564072367974
0.37,0.09,20307.69230769231,331.8931565455718
0.39,0.09,20307.69230769231,326.33265302688096
0.01,0.11,20307.69230769231,326.6719972624908
0.03,0.11,20307.69230769231,332.8921724092952
0.05,0.11,20307.69230769231,338.2651368529902
0.07,0.11,20307.69230769231,342.8008305490061
0.09,0.11,20307.69230769231,346.53415901398125
0.11,0.11,20307.69230769231,349.5164534087491
0.13,0.11,20307.69230769231,351.80671341025
0.15,0.11,20307.69230769231,353.46328259491827
0.17,0.11,20307.69230769231,354.53661100466724
0.19,0.11,20307.69230769231,355.0635687151206
0.21,0.11,20307.69230769231,355.0635687151206
0.23,0.11,20307.69230769231,354.53661100466724
0.25,0.11,20307.69230769231,353.4632825949183
0.27,0.11,20307.69230769231,351.80671341025
0.29,0.11,20307.69230769231,349.51645340874904
0.31,0.11,20307.69230769231,346.53415901398114
0.33,0.11,20307.69230769231,342.80083054900604
0.35,0.11,20307.69230769231,338.26513685299017
0.37,0.11,20307.69230769231,332.89217240929514
0.39,0.11,20307.69230769231,326.6719972624908
0.01,0.13,20307.69230769231,326.92960290320485
0.03,0.13,20307.69230769231,333.6516946387571
0.05,0.13,20307.69230769231,339.4911233301236
0.07,0.13,20307.69230769231,344.44244052687554
0.09,0.13,20307.69230769231,348.53170903046924
0.11,0.13,20307.69230769231,351.8067134102499
0.13,0.13,20307.69230769231,354.3265487775104
0.15,0.13,20307.69230769231,356.15167503498606
0.17,0.13,20307.69230769231,357.3353151779408
0.19,0.13,20307.69230769231,357.916744940984
0.21,0.13,20307.69230769231,357.916744940984
0.23,0.13,20307.69230769231,357.33531517794086
0.25,0.13,20307.69230769231,356.15167503498606
0.27,0.13,20307.69230769231,354.3265487775104
0.29,0.13,20307.69230769231,351.8067134102499
0.31,0.13,20307.69230769231,348.53170903046924
0.33,0.13,20307.69230769231,344.4424405268755
0.35,0.13,20307.69230769231,339.4911233301236
0.37,0.13,20307.69230769231,333.651694638757
0.39,0.13,20307.69230769231,326.9296029032048
0.01,0.15,20307.69230769231,327.1145464880107
0.03,0.15,20307.69230769231,334.19744936131303
0.05,0.15,20307.69230769231,340.3733362100888
0.07,0.15,20307.69230769231,345.6257959201617
0.09,0.15,20307.69230769231,349.9742054276482
0.11,0.15,20307.69230769231,353.46328259491827
0.13,0.15,20307.69230769231,356.15167503498606
0.15,0.15,20307.69230769231,358.10094548643855
0.17,0.15,20307.69230769231,359.36601571003933
0.19,0.15,20307.69230769231,359.9877108206255
0.21,0.15,20307.69230769231,359.9877108206256
0.23,0.15,20307.69230769231,359.3660157100394
0.25,0.15,20307.69230769231,358.1009454864386
0.27,0.15,20307.69230769231,356.1516750349861
0.29,0.15,20307.69230769231,353.4632825949183
0.31,0.15,20307.69230769231,349.9742054276482
0.33,0.15,20307.69230769231,345.6257959201617
0.35,0.15,20307.69230769231,340.3733362100888
0.37,0.15,20307.69230769231,334.197449361313
0.39,0.15,20307.69230769231,327.1145464880107
0.01,0.17,20307.69230769231,327.23381239593704
0.03,0.17,20307.69230769231,334.5495724275531
0.05,0.17,20307.69230769231,340.94304538307864
0.07,0.17,20307.69230769231,346.39081092966177
0.09,0.17,20307.69230769231,350.9078215422478
0.11,0.17,20307.69230769231,354.53661100466724
0.13,0.17,20307.69230769231,357.3353151779408
0.15,0.17,20307.69230769231,359.36601571003933
0.17,0.17,20307.69230769231,360.68458770839874
0.19,0.17,20307.69230769231,361.3327652375021
0.21,0.17,20307.69230769231,361.3327652375021
0.23,0.17,20307.69230769231,360.68458770839874
0.25,0.17,20307.69230769231,359.36601571003933
0.27,0.17,20307.69230769231,357.33531517794086
0.29,0.17,20307.69230769231,354.5366110046673
0.31,0.17,20307.69230769231,350.90782154224786
0.33,0.17,20307.69230769231,346.39081092966177
0.35,0.17,20307.69230769231,340.94304538307864
0.37,0.17,20307.69230769231,334.5495724275532
0.39,0.17,20307.69230769231,327.2338123959371
0.01,0.19,20307.69230769231,327.2922131963186
0.03,0.19,20307.69230769231,334.722043191922
0.05,0.19,20307.69230769231,341.22222440800573
0.07,0.19,20307.69230769231,346.7659244548167
0.09,0.19,20307.69230769231,351.36590273543885
0.11,0.19,20307.69230769231,355.0635687151206
0.13,0.19,20307.69230769231,357.916744940984
0.15,0.19,20307.69230769231,359.9877108206255
0.17,0.19,20307.69230769231,361.3327652375021
0.19,0.19,20307.69230769231,361.99405931509614
0.21,0.19,20307.69230769231,361.9940593150962
0.23,0.19,20307.69230769231,361.3327652375021
0.25,0.19,20307.69230769231,359.9877108206256
0.27,0.19,20307.69230769231,357.916744940984
0.29,0.19,20307.69230769231,355.06356871512065
0.31,0.19,20307.69230769231,351.3659027354389
0.33,0.19,20307.69230769231,346.76592445481674
0.35,0.19,20307.69230769231,341.2222244080058
0.37,0.19,20307.69230769231,334.7220431919221
0.39,0.19,20307.69230769231,327.29221319631864
0.01,0.21,20307.69230769231,327.2922131963186
0.03,0.21,20307.69230769231,334.722043191922
0.05,0.21,20307.69230769231,341.2222244080058
0.07,0.21,20307.69230769231,346.7659244548167
0.09,0.21,20307.69230769231,351.3659027354389
0.11,0.21,20307.69230769231,355.06356871512065
0.13,0.21,20307.69230769231,357.916744940984
0.15,0.21,20307.69230769231,359.9877108206255
0.17,0.21,20307.69230769231,361.3327652375021
0.19,0.21,20307.69230769231,361.99405931509614
0.21,0.21,20307.69230769231,361.9940593150962
0.23,0.21,20307.69230769231,361.3327652375021
0.25,0.21,20307.69230769231,359.9877108206255
0.27,0.21,20307.69230769231,357.916744940984
0.29,0.21,20307.69230769231,355.0635687151206
0.31,0.21,20307.69230769231,351.3659027354389
0.33,0.21,20307.69230769231,346.76592445481674
0.35,0.21,20307.69230769231,341.22222440800573
0.37,0.21,20307.69230769231,334.72204319192207
0.39,0.21,20307.69230769231,327.29221319631864
0.01,0.23,20307.69230769231,327.23381239593704
0.03,0.23,20307.69230769231,334.5495724275531
0.05,0.23,20307.69230769231,340.94304538307864
0.07,0.23,20307.69230769231,346.39081092966177
0.09,0.23,20307.69230769231,350.90782154224786
0.11,0.23,20307.69230769231,354.5366110046673
0.13,0.23,20307.69230769231,357.3353151779408
0.15,0.23,20307.69230769231,359.3660157100393
0.17,0.23,20307.69230769231,360.68458770839874
0.19,0.23,20307.69230769231,361.3327652375021
0.21,0.23,20307.69230769231,361.3327652375021
0.23,0.23,20307.69230769231,360.68458770839874
0.25,0.23,20307.69230769231,359.3660157100393
0.27,0.23,20307.69230769231,357.3353151779408
0.29,0.23,20307.69230769231,354.53661100466724
0.31,0.23,20307.69230769231,350.9078215422478
0.33,0.23,20307.69230769231,346.3908109296617
0.35,0.23,20307.69230769231,340.9430453830786
0.37,0.23,20307.69230769231,334.5495724275532
0.39,0.23,20307.69230769231,327.23381239593704
0.01,0.25,20307.69230769231,327.11454648801066
0.03,0.25,20307.69230769231,334.19744936131303
0.05,0.25,20307.69230769231,340.3733362100888
0.07,0.25,20307.69230769231,345.6257959201617
0.09,0.25,20307.69230769231,349.97420542764826
0.11,0.25,20307.69230769231,353.46328259491827
0.13,0.25,20307.69230769231,356.151675034986
0.15,0.25,20307.69230769231,358.10094548643855
0.17,0.25,20307.69230769231,359.3660157100393
0.19,0.25,20307.69230769231,359.9877108206255
0.21,0.25,20307.69230769231,359.9877108206255
0.23,0.25,20307.69230769231,359.3660157100393
0.25,0.25,20307.69230769231,358.10094548643855
0.27,0.25,20307.69230769231,356.151675034986
0.29,0.25,20307.69230769231,353.4632825949182
0.31,0.25,20307.69230769231,349.9742054276482
0.33,0.25,20307.69230769231,345.6257959201618
0.35,0.25,20307.69230769231,340.3733362100888
0.37,0.25,20307.69230769231,334.19744936131303
0.39,0.25,20307.69230769231,327.11454648801066
0.01,0.27,20307.69230769231,326.9296029032048
0.03,0.27,20307.69230769231,333.651694638757
0.05,0.27,20307.69230769231,339.4911233301236
0.07,0.27,20307.69230769231,344.44244052687554
0.09,0.27,20307.69230769231,348.53170903046924
0.11,0.27,20307.69230769231,351.80671341025
0.13,0.27,20307.69230769231,354.3265487775104
0.15,0.27,20307.69230769231,356.151675034986
0.17,0.27,20307.69230769231,357.33531517794074
0.19,0.27,20307.69230769231,357.916744940984
0.21,0.27,20307.69230769231,357.916744940984
0.23,0.27,20307.69230769231,357.3353151779408
0.25,0.27,20307.69230769231,356.151675034986
0.27,0.27,20307.69230769231,354.32654877751025
0.29,0.27,20307.69230769231,351.80671341024987
0.31,0.27,20307.69230769231,348.53170903046924
0.33,0.27,20307.69230769231,344.44244052687554
0.35,0.27,20307.69230769231,339.4911233301236
0.37,0.27,20307.69230769231,333.6516946387571
0.39,0.27,20307.69230769231,326.9296029032048
0.01,0.29,20307.69230769231,326.67199726249083
0.03,0.29,20307.69230769231,332.8921724092952
0.05,0.29,20307.69230769231,338.2651368529902
0.07,0.29,20307.69230769231,342.8008305490061
0.09,0.29,20307.69230769231,346.5341590139812
0.11,0.29,20307.69230769231,349.51645340874904
0.13,0.29,20307.69230769231,351.8067134102499
0.15,0.29,20307.69230769231,353.4632825949183
0.17,0.29,20307.69230769231,354.53661100466724
0.19,0.29,20307.69230769231,355.06356871512054
0.21,0.29,20307.69230769231,355.0635687151206
0.23,0.29,20307.69230769231,354.53661100466724
0.25,0.29,20307.69230769231,353.4632825949182
0.27,0.29,20307.69230769231,351.80671341024987
0.29,0.29,20307.69230769231,349.51645340874904
0.31,0.29,20307.69230769231,346.5341590139812
0.33,0.29,20307.69230769231,342.8008305490061
0.35,0.29,20307.69230769231,338.26513685299017
0.37,0.29,20307.69230769231,332.8921724092952
0.39,0.29,20307.69230769231,326.67199726249083
0.01,0.31,20307.69230769231,326.33265302688096
0.03,0.31,20307.69230769231,331.89315654557174
0.05,0.31,20307.69230769231,336.6564072367974
0.07,0.31,20307.69230769231,340.6525511300849
0.09,0.31,20307.69230769231,343.9269619401226
0.11,0.31,20307.69230769231,346.5341590139812
0.13,0.31,20307.69230769231,348.5317090304693
0.15,0.31,20307.69230769231,349.97420542764826
0.17,0.31,20307.69230769231,350.90782154224786
0.19,0.31,20307.69230769231,351.36590273543885
0.21,0.31,20307.69230769231,351.3659027354389
0.23,0.31,20307.69230769231,350.90782154224786
0.25,0.31,20307.69230769231,349.9742054276482
0.27,0.31,20307.69230769231,348.5317090304692
0.29,0.31,20307.69230769231,346.53415901398114
0.31,0.31,20307.69230769231,343.9269619401226
0.33,0.31,20307.69230769231,340.65255113008493
0.35,0.31,20307.69230769231,336.6564072367974
0.37,0.31,20307.69230769231,331.8931565455718
0.39,0.31,20307.69230769231,326.33265302688096
0.01,0.33,20307.69230769231,325.8999788041544
0.03,0.33,20307.69230769231,330.6230757325506
0.05,0.33,20307.69230769231,334.6194818483154
0.07,0.33,20307.69230769231,337.94401563505323
0.09,0.33,20307.69230769231,340.6525511300849
0.11,0.33,20307.69230769231,342.8008305490061
0.13,0.33,20307.69230769231,344.44244052687566
0.15,0.33,20307.69230769231,345.62579592016186
0.17,0.33,20307.69230769231,346.3908109296618
0.19,0.33,20307.69230769231,346.7659244548168
0.21,0.33,20307.69230769231,346.76592445481674
0.23,0.33,20307.69230769231,346.39081092966177
0.25,0.33,20307.69230769231,345.6257959201617
0.27,0.33,20307.69230769231,344.4424405268755
0.29,0.33,20307.69230769231,342.8008305490061
0.31,0.33,20307.69230769231,340.65255113008493
0.33,0.33,20307.69230769231,337.94401563505335
0.35,0.33,20307.69230769231,334.6194818483155
0.37,0.33,20307.69230769231,330.62307573255066
0.39,0.33,20307.69230769231,325.89997880415444
0.01,0.35,20307.69230769231,325.35781432242754
0.03,0.35,20307.69230769231,329.0418174677795
0.05,0.35,20307.69230769231,332.1021215552376
0.07,0.35,20307.69230769231,334.61948184831533
0.09,0.35,20307.69230769231,336.6564072367973
0.11,0.35,20307.69230769231,338.2651368529902
0.13,0.35,20307.69230769231,339.49112333012374
0.15,0.35,20307.69230769231,340.37333621008884
0.17,0.35,20307.69230769231,340.9430453830787
0.19,0.35,20307.69230769231,341.2222244080058
0.21,0.35,20307.69230769231,341.2222244080058
0.23,0.35,20307.69230769231,340.94304538307864
0.25,0.35,20307.69230769231,340.3733362100887
0.27,0.35,20307.69230769231,339.4911233301236
0.29,0.35,20307.69230769231,338.26513685299017
0.31,0.35,20307.69230769231,336.65640723679746
0.33,0.35,20307.69230769231,334.6194818483155
0.35,0.35,20307.69230769231,332.1021215552377
0.37,0.35,20307.69230769231,329.0418174677796
0.39,0.35,20307.69230769231,325.3578143224276
0.01,0.37,20307.69230769231,324.6781380529013
0.03,0.37,20307.69230769231,327.09212206195974
0.05,0.37,20307.69230769231,329.0418174677795
0.07,0.37,20307.69230769231,330.62307573255055
0.09,0.37,20307.69230769231,331.89315654557174
0.11,0.37,20307.69230769231,332.89217240929526
0.13,0.37,20307.69230769231,333.65169463875714
0.15,0.37,20307.69230769231,334.1974493613131
0.17,0.37,20307.69230769231,334.5495724275532
0.19,0.37,20307.69230769231,334.72204319192207
0.21,0.37,20307.69230769231,334.722043191922
0.23,0.37,20307.69230769231,334.5495724275532
0.25,0.37,20307.69230769231,334.197449361313
0.27,0.37,20307.69230769231,333.651694638757
0.29,0.37,20307.69230769231,332.8921724092952
0.31,0.37,20307.69230769231,331.89315654557186
0.33,0.37,20307.69230769231,330.62307573255066
0.35,0.37,20307.69230769231,329.0418174677796
0.37,0.37,20307.69230769231,327.09212206195986
0.39,0.37,20307.69230769231,324.6781380529014
0.01,0.39,20307.69230769231,323.7951679355561
0.03,0.39,20307.69230769231,324.6781380529013
0.05,0.39,20307.69230769231,325.35781432242754
0.07,0.39,20307.69230769231,325.8999788041544
0.09,0.39,20307.69230769231,326.332653026881
0.11,0.39,20307.69230769231,326.67199726249083
0.13,0.39,20307.69230769231,326.92960290320485
0.15,0.39,20307.69230769231,327.1145464880107
0.17,0.39,20307.69230769231,327.23381239593704
0.19,0.39,20307.69230769231,327.29221319631864
0.21,0.39,20307.69230769231,327.2922131963186
0.23,0.39,20307.69230769231,327.23381239593704
0.25,0.39,20307.69230769231,327.11454648801066
0.27,0.39,20307.69230769231,326.9296029032048
0.29,0.39,20307.69230769231,326.67199726249083
0.31,0.39,20307.69230769231,326.33265302688096
0.33,0.39,20307.69230769231,325.89997880415444
0.35,0.39,20307.69230769231,325.3578143224276
0.37,0.39,20307.69230769231,324.6781380529014
0.39,0.39,20307.69230769231,323.7951679355562
0.01,0.01,22153.84615384616,323.7390336970932
0.03,0.01,22153.84615384616,324.5535941693075
0.05,0.01,22153.84615384616,325.1877421009968
0.07,0.01,22153.84615384616,325.6997554048598
0.09,0.01,22153.84615384616,326.1135612147541
0.11,0.01,22153.84615384616,326.4422247739841
0.13,0.01,22153.84615384616,326.6947070169167
0.15,0.01,22153.84615384616,326.87786756331275
0.17,0.01,22153.84615384616,326.99694855587325
0.19,0.01,22153.84615384616,327.0555625202998
0.21,0.01,22153.84615384616,327.0555625202998
0.23,0.01,22153.84615384616,326.9969485558732
0.25,0.01,22153.84615384616,326.8778675633127
0.27,0.01,22153.84615384616,326.69470701691665
0.29,0.01,22153.84615384616,326.44222477398404
0.31,0.01,22153.84615384616,326.1135612147541
0.33,0.01,22153.84615384616,325.6997554048598
0.35,0.01,22153.84615384616,325.1877421009968
0.37,0.01,22153.84615384616,324.5535941693075
0.39,0.01,22153.84615384616,323.7390336970932
0.01,0.03,22153.84615384616,324.5535941693075
0.03,0.03,22153.84615384616,326.78861738086374
0.05,0.03,22153.84615384616,328.61209126808416
0.07,0.03,22153.84615384616,330.10812905702124
0.09,0.03,22153.84615384616,331.3246411937299
0.11,0.03,22153.84615384616,332.2934558972121
0.13,0.03,22153.84615384616,333.0387096633533
0.15,0.03,22153.84615384616,333.5797440295396
0.17,0.03,22153.84615384616,333.9316413233755
0.19,0.03,22153.84615384616,334.10488952352705
0.21,0.03,22153.84615384616,334.104889523527
0.23,0.03,22153.84615384616,333.9316413233755
0.25,0.03,22153.84615384616,333.5797440295395
0.27,0.03,22153.84615384616,333.0387096633532
0.29,0.03,22153.84615384616,332.293455897212
0.31,0.03,22153.84615384616,331.3246411937298
0.33,0.03,22153.84615384616,330.1081290570212
0.35,0.03,22153.84615384616,328.6120912680841
0.37,0.03,22153.84615384616,326.78861738086374
0.39,0.03,22153.84615384616,324.5535941693075
0.01,0.05,22153.84615384616,325.1877421009968
0.03,0.05,22153.84615384616,328.6120912680841
0.05,0.05,22153.84615384616,331.48366899816244
0.07,0.05,22153.84615384616,333.872031856926
0.09,0.05,22153.84615384616,335.8278026060476
0.11,0.05,22153.84615384616,337.3912525787632
0.13,0.05,22153.84615384616,338.5965106750217
0.15,0.05,22153.84615384616,339.47260294237344
0.17,0.05,22153.84615384616,340.04285005380234
0.19,0.05,22153.84615384616,340.3237080144155
0.21,0.05,22153.84615384616,340.3237080144155
0.23,0.05,22153.84615384616,340.0428500538023
0.25,0.05,22153.84615384616,339.4726029423733
0.27,0.05,22153.84615384616,338.5965106750215
0.29,0.05,22153.84615384616,337.391252578763
0.31,0.05,22153.84615384616,335.8278026060476
0.33,0.05,22153.84615384616,333.8720318569258
0.35,0.05,22153.84615384616,331.4836689981624
0.37,0.05,22153.84615384616,328.6120912680841
0.39,0.05,22153.84615384616,325.1877421009968
0.01,0.07,22153.84615384616,325.6997554048598
0.03,0.07,22153.84615384616,330.1081290570212
0.05,0.07,22153.84615384616,333.8720318569259
0.07,0.07,22153.84615384616,337.0367300681958
0.09,0.07,22153.84615384616,339.645132115475
0.11,0.07,22153.84615384616,341.73855311954355
0.13,0.07,22153.84615384616,343.35631587441003
0.15,0.07,22153.84615384616,344.53405102774593
0.17,0.07,22153.84615384616,345.3013497372353
0.19,0.07,22153.84615384616,345.6794496790402
0.21,0.07,22153.84615384616,345.67944967904015
0.23,0.07,22153.84615384616,345.3013497372352
0.25,0.07,22153.84615384616,344.53405102774593
0.27,0.07,22153.84615384616,343.35631587441
0.29,0.07,22153.84615384616,341.7385531195435
0.31,0.07,22153.84615384616,339.6451321154749
0.33,0.07,22153.84615384616,337.0367300681957
0.35,0.07,22153.84615384616,333.8720318569258
0.37,0.07,22153.84615384616,330.1081290570212
0.39,0.07,22153.84615384616,325.6997554048598
0.01,0.09,22153.84615384616,326.1135612147541
0.03,0.09,22153.84615384616,331.3246411937299
0.05,0.09,22153.84615384616,335.8278026060476
0.07,0.09,22153.84615384616,339.6451321154749
0.09,0.09,22153.84615384616,342.8085768470679
0.11,0.09,22153.84615384616,345.35659575034407
0.13,0.09,22153.84615384616,347.33034964857666
0.15,0.09,22153.84615384616,348.7694867119872
0.17,0.09,22153.84615384616,349.7080088999473
0.19,0.09,22153.84615384616,350.1707326146166
0.21,0.09,22153.84615384616,350.1707326146166
0.23,0.09,22153.84615384616,349.70800889994723
0.25,0.09,22153.84615384616,348.7694867119872
0.27,0.09,22153.84615384616,347.33034964857666
0.29,0.09,22153.84615384616,345.35659575034407
0.31,0.09,22153.84615384616,342.80857684706785
0.33,0.09,22153.84615384616,339.6451321154749
0.35,0.09,22153.84615384616,335.8278026060475
0.37,0.09,22153.84615384616,331.32464119372986
0.39,0.09,22153.84615384616,326.1135612147541
0.01,0.11,22153.84615384616,326.44222477398404
0.03,0.11,22153.84615384616,332.293455897212
0.05,0.11,22153.84615384616,337.39125257876304
0.07,0.11,22153.84615384616,341.73855311954344
0.09,0.11,22153.84615384616,345.356595750344
0.11,0.11,22153.84615384616,348.279547356701
0.13,0.11,22153.84615384616,350.5484764518359
0.15,0.11,22153.84615384616,352.2051982969608
0.17,0.11,22153.84615384616,353.2866143419008
0.19,0.11,22153.84615384616,353.82006635404724
0.21,0.11,22153.84615384616,353.82006635404724
0.23,0.11,22153.84615384616,353.2866143419008
0.25,0.11,22153.84615384616,352.2051982969609
0.27,0.11,22153.84615384616,350.548476451836
0.29,0.11,22153.84615384616,348.2795473567011
0.31,0.11,22153.84615384616,345.35659575034407
0.33,0.11,22153.84615384616,341.73855311954344
0.35,0.11,22153.84615384616,337.391252578763
0.37,0.11,22153.84615384616,332.293455897212
0.39,0.11,22153.84615384616,326.4422247739841
0.01,0.13,22153.84615384616,326.69470701691665
0.03,0.13,22153.84615384616,333.0387096633532
0.05,0.13,22153.84615384616,338.5965106750216
0.07,0.13,22153.84615384616,343.3563158744099
0.09,0.13,22153.84615384616,347.33034964857654
0.11,0.13,22153.84615384616,350.5484764518358
0.13,0.13,22153.84615384616,353.050798851672
0.15,0.13,22153.84615384616,354.8801309954752
0.17,0.13,22153.84615384616,356.0751649078824
0.19,0.13,22153.84615384616,356.664930231555
0.21,0.13,22153.84615384616,356.664930231555
0.23,0.13,22153.84615384616,356.0751649078824
0.25,0.13,22153.84615384616,354.8801309954753
0.27,0.13,22153.84615384616,353.0507988516721
0.29,0.13,22153.84615384616,350.54847645183594
0.31,0.13,22153.84615384616,347.33034964857666
0.33,0.13,22153.84615384616,343.35631587441
0.35,0.13,22153.84615384616,338.5965106750216
0.37,0.13,22153.84615384616,333.0387096633532
0.39,0.13,22153.84615384616,326.6947070169167
0.01,0.15,22153.84615384616,326.8778675633127
0.03,0.15,22153.84615384616,333.57974402953954
0.05,0.15,22153.84615384616,339.4726029423734
0.07,0.15,22153.84615384616,344.5340510277459
0.09,0.15,22153.84615384616,348.76948671198704
0.11,0.15,22153.84615384616,352.2051982969607
0.13,0.15,22153.84615384616,354.8801309954752
0.15,0.15,22153.84615384616,356.8374515080656
0.17,0.15,22153.84615384616,358.1168876985471
0.19,0.15,22153.84615384616,358.7485322821411
0.21,0.15,22153.84615384616,358.74853228214107
0.23,0.15,22153.84615384616,358.11688769854715
0.25,0.15,22153.84615384616,356.8374515080656
0.27,0.15,22153.84615384616,354.8801309954753
0.29,0.15,22153.84615384616,352.2051982969608
0.31,0.15,22153.84615384616,348.7694867119871
0.33,0.15,22153.84615384616,344.53405102774593
0.35,0.15,22153.84615384616,339.47260294237344
0.37,0.15,22153.84615384616,333.5797440295396
0.39,0.15,22153.84615384616,326.87786756331275
0.01,0.17,22153.84615384616,326.99694855587325
0.03,0.17,22153.84615384616,333.9316413233755
0.05,0.17,22153.84615384616,340.04285005380234
0.07,0.17,22153.84615384616,345.3013497372352
0.09,0.17,22153.84615384616,349.7080088999472
0.11,0.17,22153.84615384616,353.2866143419007
0.13,0.17,22153.84615384616,356.0751649078824
0.15,0.17,22153.84615384616,358.1168876985471
0.17,0.17,22153.84615384616,359.4520582142628
0.19,0.17,22153.84615384616,360.11137995699755
0.21,0.17,22153.84615384616,360.1113799569976
0.23,0.17,22153.84615384616,359.4520582142629
0.25,0.17,22153.84615384616,358.11688769854715
0.27,0.17,22153.84615384616,356.0751649078825
0.29,0.17,22153.84615384616,353.2866143419009
0.31,0.17,22153.84615384616,349.7080088999473
0.33,0.17,22153.84615384616,345.3013497372353
0.35,0.17,22153.84615384616,340.0428500538024
0.37,0.17,22153.84615384616,333.9316413233755
0.39,0.17,22153.84615384616,326.99694855587325
0.01,0.19,22153.84615384616,327.05556252029976
0.03,0.19,22153.84615384616,334.10488952352705
0.05,0.19,22153.84615384616,340.3237080144156
0.07,0.19,22153.84615384616,345.67944967904026
0.09,0.19,22153.84615384616,350.1707326146166
0.11,0.19,22153.84615384616,353.8200663540471
0.13,0.19,22153.84615384616,356.66493023155493
0.15,0.19,22153.84615384616,358.74853228214107
0.17,0.19,22153.84615384616,360.11137995699755
0.19,0.19,22153.84615384616,360.78445275952936
0.21,0.19,22153.84615384616,360.78445275952936
0.23,0.19,22153.84615384616,360.1113799569976
0.25,0.19,22153.84615384616,358.74853228214107
0.27,0.19,22153.84615384616,356.66493023155505
0.29,0.19,22153.84615384616,353.82006635404724
0.31,0.19,22153.84615384616,350.1707326146166
0.33,0.19,22153.84615384616,345.67944967904026
0.35,0.19,22153.84615384616,340.3237080144156
0.37,0.19,22153.84615384616,334.10488952352705
0.39,0.19,22153.84615384616,327.0555625202998
0.01,0.21,22153.84615384616,327.0555625202998
0.03,0.21,22153.84615384616,334.10488952352705
0.05,0.21,22153.84615384616,340.3237080144156
0.07,0.21,22153.84615384616,345.67944967904026
0.09,0.21,22153.84615384616,350.1707326146166
0.11,0.21,22153.84615384616,353.8200663540472
0.13,0.21,22153.84615384616,356.66493023155493
0.15,0.21,22153.84615384616,358.74853228214107
0.17,0.21,22153.84615384616,360.1113799569976
0.19,0.21,22153.84615384616,360.78445275952936
0.21,0.21,22153.84615384616,360.78445275952936
0.23,0.21,22153.84615384616,360.11137995699767
0.25,0.21,22153.84615384616,358.7485322821411
0.27,0.21,22153.84615384616,356.66493023155505
0.29,0.21,22153.84615384616,353.82006635404724
0.31,0.21,22153.84615384616,350.1707326146165
0.33,0.21,22153.84615384616,345.67944967904026
0.35,0.21,22153.84615384616,340.3237080144156
0.37,0.21,22153.84615384616,334.10488952352705
0.39,0.21,22153.84615384616,327.0555625202998
0.01,0.23,22153.84615384616,326.99694855587325
0.03,0.23,22153.84615384616,333.9316413233755
0.05,0.23,22153.84615384616,340.0428500538024
0.07,0.23,22153.84615384616,345.3013497372353
0.09,0.23,22153.84615384616,349.70800889994723
0.11,0.23,22153.84615384616,353.2866143419008
0.13,0.23,22153.84615384616,356.0751649078824
0.15,0.23,22153.84615384616,358.1168876985471
0.17,0.23,22153.84615384616,359.4520582142628
0.19,0.23,22153.84615384616,360.11137995699755
0.21,0.23,22153.84615384616,360.1113799569976
0.23,0.23,22153.84615384616,359.4520582142629
0.25,0.23,22153.84615384616,358.11688769854715
0.27,0.23,22153.84615384616,356.0751649078824
0.29,0.23,22153.84615384616,353.2866143419008
0.31,0.23,22153.84615384616,349.70800889994723
0.33,0.23,22153.84615384616,345.3013497372353
0.35,0.23,22153.84615384616,340.0428500538024
0.37,0.23,22153.84615384616,333.9316413233756
0.39,0.23,22153.84615384616,326.99694855587325
0.01,0.25,22153.84615384616,326.8778675633127
0.03,0.25,22153.84615384616,333.5797440295396
0.05,0.25,22153.84615384616,339.47260294237344
0.07,0.25,22153.84615384616,344.53405102774593
0.09,0.25,22153.84615384616,348.7694867119872
0.11,0.25,22153.84615384616,352.2051982969608
0.13,0.25,22153.84615384616,354.8801309954752
0.15,0.25,22153.84615384616,356.8374515080656
0.17,0.25,22153.84615384616,358.1168876985471
0.19,0.25,22153.84615384616,358.748532282141
0.21,0.25,22153.84615384616,358.748532282141
0.23,0.25,22153.84615384616,358.1168876985471
0.25,0.25,22153.84615384616,356.8374515080656
0.27,0.25,22153.84615384616,354.88013099547527
0.29,0.25,22153.84615384616,352.2051982969608
0.31,0.25,22153.84615384616,348.7694867119872
0.33,0.25,22153.84615384616,344.53405102774593
0.35,0.25,22153.84615384616,339.47260294237344
0.37,0.25,22153.84615384616,333.5797440295396
0.39,0.25,22153.84615384616,326.87786756331275
0.01,0.27,22153.84615384616,326.69470701691665
0.03,0.27,22153.84615384616,333.0387096633532
0.05,0.27,22153.84615384616,338.5965106750216
0.07,0.27,22153.84615384616,343.35631587441
0.09,0.27,22153.84615384616,347.33034964857666
0.11,0.27,22153.84615384616,350.5484764518359
0.13,0.27,22153.84615384616,353.050798851672
0.15,0.27,22153.84615384616,354.8801309954752
0.17,0.27,22153.84615384616,356.0751649078824
0.19,0.27,22153.84615384616,356.6649302315549
0.21,0.27,22153.84615384616,356.66493023155493
0.23,0.27,22153.84615384616,356.0751649078823
0.25,0.27,22153.84615384616,354.8801309954752
0.27,0.27,22153.84615384616,353.050798851672
0.29,0.27,22153.84615384616,350.5484764518359
0.31,0.27,22153.84615384616,347.33034964857666
0.33,0.27,22153.84615384616,343.35631587441
0.35,0.27,22153.84615384616,338.59651067502165
0.37,0.27,22153.84615384616,333.03870966335325
0.39,0.27,22153.84615384616,326.6947070169167
0.01,0.29,22153.84615384616,326.4422247739841
0.03,0.29,22153.84615384616,332.293455897212
0.05,0.29,22153.84615384616,337.391252578763
0.07,0.29,22153.84615384616,341.7385531195435
0.09,0.29,22153.84615384616,345.356595750344
0.11,0.29,22153.84615384616,348.279547356701
0.13,0.29,22153.84615384616,350.5484764518359
0.15,0.29,22153.84615384616,352.2051982969608
0.17,0.29,22153.84615384616,353.2866143419008
0.19,0.29,22153.84615384616,353.8200663540471
0.21,0.29,22153.84615384616,353.8200663540471
0.23,0.29,22153.84615384616,353.2866143419007
0.25,0.29,22153.84615384616,352.2051982969607
0.27,0.29,22153.84615384616,350.5484764518358
0.29,0.29,22153.84615384616,348.27954735670096
0.31,0.29,22153.84615384616,345.356595750344
0.33,0.29,22153.84615384616,341.73855311954355
0.35,0.29,22153.84615384616,337.3912525787631
0.37,0.29,22153.84615384616,332.2934558972121
0.39,0.29,22153.84615384616,326.4422247739841
0.01,0.31,22153.84615384616,326.1135612147541
0.03,0.31,22153.84615384616,331.32464119372986
0.05,0.31,22153.84615384616,335.8278026060475
0.07,0.31,22153.84615384616,339.6451321154749
0.09,0.31,22153.84615384616,342.8085768470679
0.11,0.31,22153.84615384616,345.356595750344
0.13,0.31,22153.84615384616,347.33034964857666
0.15,0.31,22153.84615384616,348.7694867119871
0.17,0.31,22153.84615384616,349.7080088999472
0.19,0.31,22153.84615384616,350.1707326146165
0.21,0.31,22153.84615384616,350.1707326146165
0.23,0.31,22153.84615384616,349.7080088999471
0.25,0.31,22153.84615384616,348.76948671198704
0.27,0.31,22153.84615384616,347.3303496485766
0.29,0.31,22153.84615384616,345.356595750344
0.31,0.31,22153.84615384616,342.8085768470679
0.33,0.31,22153.84615384616,339.6451321154749
0.35,0.31,22153.84615384616,335.8278026060476
0.37,0.31,22153.84615384616,331.32464119372986
0.39,0.31,22153.84615384616,326.1135612147541
0.01,0.33,22153.84615384616,325.6997554048598
0.03,0.33,22153.84615384616,330.1081290570211
0.05,0.33,22153.84615384616,333.8720318569258
0.07,0.33,22153.84615384616,337.03673006819577
0.09,0.33,22153.84615384616,339.6451321154749
0.11,0.33,22153.84615384616,341.7385531195435
0.13,0.33,22153.84615384616,343.35631587441003
0.15,0.33,22153.84615384616,344.53405102774593
0.17,0.33,22153.84615384616,345.3013497372353
0.19,0.33,22153.84615384616,345.6794496790402
0.21,0.33,22153.84615384616,345.6794496790402
0.23,0.33,22153.84615384616,345.3013497372352
0.25,0.33,22153.84615384616,344.5340510277459
0.27,0.33,22153.84615384616,343.3563158744099
0.29,0.33,22153.84615384616,341.7385531195435
0.31,0.33,22153.84615384616,339.6451321154749
0.33,0.33,22153.84615384616,337.0367300681958
0.35,0.33,22153.84615384616,333.87203185692584
0.37,0.33,22153.84615384616,330.1081290570212
0.39,0.33,22153.84615384616,325.6997554048598
0.01,0.35,22153.84615384616,325.1877421009968
0.03,0.35,22153.84615384616,328.61209126808404
0.05,0.35,22153.84615384616,331.4836689981624
0.07,0.35,22153.84615384616,333.87203185692584
0.09,0.35,22153.84615384616,335.8278026060476
0.11,0.35,22153.84615384616,337.3912525787631
0.13,0.35,22153.84615384616,338.59651067502165
0.15,0.35,22153.84615384616,339.47260294237344
0.17,0.35,22153.84615384616,340.0428500538024
0.19,0.35,22153.84615384616,340.3237080144156
0.21,0.35,22153.84615384616,340.3237080144155
0.23,0.35,22153.84615384616,340.0428500538023
0.25,0.35,22153.84615384616,339.4726029423733
0.27,0.35,22153.84615384616,338.59651067502153
0.29,0.35,22153.84615384616,337.39125257876304
0.31,0.35,22153.84615384616,335.8278026060476
0.33,0.35,22153.84615384616,333.8720318569259
0.35,0.35,22153.84615384616,331.4836689981624
0.37,0.35,22153.84615384616,328.61209126808416
0.39,0.35,22153.84615384616,325.1877421009968
0.01,0.37,22153.84615384616,324.5535941693075
0.03,0.37,22153.84615384616,326.7886173808637
0.05,0.37,22153.84615384616,328.61209126808404
0.07,0.37,22153.84615384616,330.1081290570211
0.09,0.37,22153.84615384616,331.32464119372986
0.11,0.37,22153.84615384616,332.2934558972121
0.13,0.37,22153.84615384616,333.03870966335325
0.15,0.37,22153.84615384616,333.57974402953965
0.17,0.37,22153.84615384616,333.93164132337563
0.19,0.37,22153.84615384616,334.10488952352705
0.21,0.37,22153.84615384616,334.104889523527
0.23,0.37,22153.84615384616,333.9316413233755
0.25,0.37,22153.84615384616,333.5797440295396
0.27,0.37,22153.84615384616,333.0387096633532
0.29,0.37,22153.84615384616,332.293455897212
0.31,0.37,22153.84615384616,331.32464119372986
0.33,0.37,22153.84615384616,330.1081290570212
0.35,0.37,22153.84615384616,328.61209126808416
0.37,0.37,22153.84615384616,326.78861738086374
0.39,0.37,22153.84615384616,324.5535941693075
0.01,0.39,22153.84615384616,323.7390336970932
0.03,0.39,22153.84615384616,324.5535941693075
0.05,0.39,22153.84615384616,325.1877421009968
0.07,0.39,22153.84615384616,325.6997554048598
0.09,0.39,22153.84615384616,326.1135612147541
0.11,0.39,22153.84615384616,326.4422247739841
0.13,0.39,22153.84615384616,326.6947070169167
0.15,0.39,22153.84615384616,326.8778675633128
0.17,0.39,22153.84615384616,326.99694855587325
0.19,0.39,22153.84615384616,327.0555625202998
0.21,0.39,22153.84615384616,327.0555625202998
0.23,0.39,22153.84615384616,326.99694855587325
0.25,0.39,22153.84615384616,326.87786756331275
0.27,0.39,22153.84615384616,326.69470701691665
0.29,0.39,22153.84615384616,326.4422247739841
0.31,0.39,22153.84615384616,326.1135612147541
0.33,0.39,22153.84615384616,325.6997554048598
0.35,0.39,22153.84615384616,325.1877421009968
0.37,0.39,22153.84615384616,324.5535941693075
0.39,0.39,22153.84615384616,323.73903369709325
0.01,0.01,24000.0,323.690008075335
0.03,0.01,24000.0,324.4427512097645
0.05,0.01,24000.0,325.03391063126014
0.07,0.01,24000.0,325.5157231288723
0.09,0.01,24000.0,325.9089631791132
0.11,0.01,24000.0,326.2243646206491
0.13,0.01,24000.0,326.4688979543582
0.15,0.01,24000.0,326.64771835718847
0.17,0.01,24000.0,326.7647046490029
0.19,0.01,24000.0,326.822516326441
0.21,0.01,24000.0,326.822516326441
0.23,0.01,24000.0,326.76470464900285
0.25,0.01,24000.0,326.64771835718847
0.27,0.01,24000.0,326.4688979543582
0.29,0.01,24000.0,326.22436462064906
0.31,0.01,24000.0,325.9089631791131
0.33,0.01,24000.0,325.5157231288723
0.35,0.01,24000.0,325.0339106312601
0.37,0.01,24000.0,324.4427512097645
0.39,0.01,24000.0,323.690008075335
0.01,0.03,24000.0,324.4427512097645
0.03,0.03,24000.0,326.51392210146145
0.05,0.03,24000.0,328.2169824301022
0.07,0.03,24000.0,329.6268259180907
0.09,0.03,24000.0,330.7842985578144
0.11,0.03,24000.0,331.7150265174345
0.13,0.03,24000.0,332.4375212741241
0.15,0.03,24000.0,332.96620676118675
0.17,0.03,24000.0,333.3122015597276
0.19,0.03,24000.0,333.48321415141646
0.21,0.03,24000.0,333.48321415141646
0.23,0.03,24000.0,333.31220155972755
0.25,0.03,24000.0,332.96620676118664
0.27,0.03,24000.0,332.437521274124
0.29,0.03,24000.0,331.7150265174345
0.31,0.03,24000.0,330.78429855781434
0.33,0.03,24000.0,329.62682591809056
0.35,0.03,24000.0,328.21698243010206
0.37,0.03,24000.0,326.51392210146145
0.39,0.03,24000.0,324.4427512097645
0.01,0.05,24000.0,325.03391063126014
0.03,0.05,24000.0,328.2169824301021
0.05,0.05,24000.0,330.9058793370652
0.07,0.05,24000.0,333.1616904343728
0.09,0.05,24000.0,335.02624865889936
0.11,0.05,24000.0,336.53092630532666
0.13,0.05,24000.0,337.70128410726727
0.15,0.05,24000.0,338.558668339161
0.17,0.05,24000.0,339.12014187850235
0.19,0.05,24000.0,339.3977509077215
0.21,0.05,24000.0,339.3977509077215
0.23,0.05,24000.0,339.1201418785023
0.25,0.05,24000.0,338.5586683391609
0.27,0.05,24000.0,337.7012841072672
0.29,0.05,24000.0,336.53092630532666
0.31,0.05,24000.0,335.02624865889936
0.33,0.05,24000.0,333.1616904343728
0.35,0.05,24000.0,330.9058793370651
0.37,0.05,24000.0,328.21698243010206
0.39,0.05,24000.0,325.0339106312601
0.01,0.07,24000.0,325.5157231288723
0.03,0.07,24000.0,329.6268259180906
0.05,0.07,24000.0,333.1616904343728
0.07,0.07,24000.0,336.1587658814468
0.09,0.07,24000.0,338.65158566950635
0.11,0.07,24000.0,340.6708020087402
0.13,0.07,24000.0,342.2449368332173
0.15,0.07,24000.0,343.39971296218965
0.17,0.07,24000.0,344.15655857995114
0.19,0.07,24000.0,344.530927951398
0.21,0.07,24000.0,344.5309279513979
0.23,0.07,24000.0,344.1565585799511
0.25,0.07,24000.0,343.39971296218965
0.27,0.07,24000.0,342.2449368332173
0.29,0.07,24000.0,340.6708020087402
0.31,0.07,24000.0,338.6515856695063
0.33,0.07,24000.0,336.1587658814468
0.35,0.07,24000.0,333.1616904343728
0.37,0.07,24000.0,329.62682591809056
0.39,0.07,24000.0,325.51572312887225
0.01,0.09,24000.0,325.9089631791131
0.03,0.09,24000.0,330.7842985578144
0.05,0.09,24000.0,335.0262486588994
0.07,0.09,24000.0,338.6515856695063
0.09,0.09,24000.0,341.6827475264546
0.11,0.09,24000.0,344.1463766588968
0.13,0.09,24000.0,346.07119256438864
0.15,0.09,24000.0,347.4852154860319
0.17,0.09,24000.0,348.4127757324049
0.19,0.09,24000.0,348.871803803303
0.21,0.09,24000.0,348.871803803303
0.23,0.09,24000.0,348.41277573240484
0.25,0.09,24000.0,347.4852154860319
0.27,0.09,24000.0,346.0711925643887
0.29,0.09,24000.0,344.1463766588968
0.31,0.09,24000.0,341.68274752645465
0.33,0.09,24000.0,338.6515856695063
0.35,0.09,24000.0,335.0262486588993
0.37,0.09,24000.0,330.7842985578143
0.39,0.09,24000.0,325.908963179113
0.01,0.11,24000.0,326.22436462064906
0.03,0.11,24000.0,331.7150265174345
0.05,0.11,24000.0,336.53092630532666
0.07,0.11,24000.0,340.6708020087402
0.09,0.11,24000.0,344.1463766588968
0.11,0.11,24000.0,346.9792243315666
0.13,0.11,24000.0,349.1967876049633
0.15,0.11,24000.0,350.8279701311296
0.17,0.11,24000.0,351.8988546480101
0.19,0.11,24000.0,352.4290498054765
0.21,0.11,24000.0,352.4290498054765
0.23,0.11,24000.0,351.8988546480101
0.25,0.11,24000.0,350.82797013112963
0.27,0.11,24000.0,349.1967876049634
0.29,0.11,24000.0,346.9792243315667
0.31,0.11,24000.0,344.1463766588968
0.33,0.11,24000.0,340.67080200874017
0.35,0.11,24000.0,336.5309263053266
0.37,0.11,24000.0,331.71502651743447
0.39,0.11,24000.0,326.22436462064906
0.01,0.13,24000.0,326.46889795435817
0.03,0.13,24000.0,332.43752127412404
0.05,0.13,24000.0,337.7012841072672
0.07,0.13,24000.0,342.2449368332172
0.09,0.13,24000.0,346.0711925643886
0.11,0.13,24000.0,349.1967876049633
0.13,0.13,24000.0,351.6473592297784
0.15,0.13,24000.0,353.4518844704551
0.17,0.13,24000.0,354.6374000283077
0.19,0.13,24000.0,355.2245799999237
0.21,0.13,24000.0,355.2245799999238
0.23,0.13,24000.0,354.6374000283077
0.25,0.13,24000.0,353.4518844704552
0.27,0.13,24000.0,351.64735922977843
0.29,0.13,24000.0,349.19678760496333
0.31,0.13,24000.0,346.07119256438864
0.33,0.13,24000.0,342.24493683321725
0.35,0.13,24000.0,337.7012841072672
0.37,0.13,24000.0,332.437521274124
0.39,0.13,24000.0,326.46889795435817
0.01,0.15,24000.0,326.6477183571884
0.03,0.15,24000.0,332.96620676118664
0.05,0.15,24000.0,338.5586683391609
0.07,0.15,24000.0,343.3997129621895
0.09,0.15,24000.0,347.4852154860318
0.11,0.15,24000.0,350.8279701311295
0.13,0.15,24000.0,353.4518844704551
0.15,0.15,24000.0,355.38565322296733
0.17,0.15,24000.0,356.656771705815
0.19,0.15,24000.0,357.2865458152783
0.21,0.15,24000.0,357.2865458152783
0.23,0.15,24000.0,356.65677170581506
0.25,0.15,24000.0,355.38565322296745
0.27,0.15,24000.0,353.45188447045524
0.29,0.15,24000.0,350.8279701311297
0.31,0.15,24000.0,347.4852154860319
0.33,0.15,24000.0,343.3997129621896
0.35,0.15,24000.0,338.55866833916093
0.37,0.15,24000.0,332.96620676118664
0.39,0.15,24000.0,326.64771835718847
0.01,0.17,24000.0,326.7647046490029
0.03,0.17,24000.0,333.31220155972755
0.05,0.17,24000.0,339.1201418785023
0.07,0.17,24000.0,344.156558579951
0.09,0.17,24000.0,348.4127757324047
0.11,0.17,24000.0,351.89885464801
0.13,0.17,24000.0,354.63740002830764
0.15,0.17,24000.0,356.656771705815
0.17,0.17,24000.0,357.9846525016227
0.19,0.17,24000.0,358.6426894770749
0.21,0.17,24000.0,358.642689477075
0.23,0.17,24000.0,357.9846525016228
0.25,0.17,24000.0,356.6567717058151
0.27,0.17,24000.0,354.6374000283078
0.29,0.17,24000.0,351.8988546480102
0.31,0.17,24000.0,348.41277573240484
0.33,0.17,24000.0,344.1565585799511
0.35,0.17,24000.0,339.1201418785023
0.37,0.17,24000.0,333.31220155972755
0.39,0.17,24000.0,326.76470464900285
0.01,0.19,24000.0,326.822516326441
0.03,0.19,24000.0,333.48321415141646
0.05,0.19,24000.0,339.39775090772144
0.07,0.19,24000.0,344.5309279513979
0.09,0.19,24000.0,348.87180380330284
0.11,0.19,24000.0,352.4290498054763
0.13,0.19,24000.0,355.22457999992366
0.15,0.19,24000.0,357.2865458152782
0.17,0.19,24000.0,358.6426894770749
0.19,0.19,24000.0,359.3148047706437
0.21,0.19,24000.0,359.3148047706437
0.23,0.19,24000.0,358.6426894770749
0.25,0.19,24000.0,357.28654581527826
0.27,0.19,24000.0,355.2245799999238
0.29,0.19,24000.0,352.4290498054765
0.31,0.19,24000.0,348.871803803303
0.33,0.19,24000.0,344.5309279513979
0.35,0.19,24000.0,339.39775090772144
0.37,0.19,24000.0,333.4832141514164
0.39,0.19,24000.0,326.822516326441
0.01,0.21,24000.0,326.822516326441
0.03,0.21,24000.0,333.48321415141646
0.05,0.21,24000.0,339.39775090772144
0.07,0.21,24000.0,344.5309279513979
0.09,0.21,24000.0,348.8718038033029
0.11,0.21,24000.0,352.4290498054763
0.13,0.21,24000.0,355.2245799999237
0.15,0.21,24000.0,357.2865458152782
0.17,0.21,24000.0,358.6426894770749
0.19,0.21,24000.0,359.31480477064366
0.21,0.21,24000.0,359.3148047706437
0.23,0.21,24000.0,358.6426894770749
0.25,0.21,24000.0,357.28654581527826
0.27,0.21,24000.0,355.2245799999238
0.29,0.21,24000.0,352.4290498054765
0.31,0.21,24000.0,348.871803803303
0.33,0.21,24000.0,344.530927951398
0.35,0.21,24000.0,339.3977509077215
0.37,0.21,24000.0,333.48321415141646
0.39,0.21,24000.0,326.822516326441
0.01,0.23,24000.0,326.76470464900285
0.03,0.23,24000.0,333.31220155972755
0.05,0.23,24000.0,339.1201418785023
0.07,0.23,24000.0,344.1565585799511
0.09,0.23,24000.0,348.4127757324048
0.11,0.23,24000.0,351.89885464801006
0.13,0.23,24000.0,354.6374000283077
0.15,0.23,24000.0,356.656771705815
0.17,0.23,24000.0,357.9846525016227
0.19,0.23,24000.0,358.6426894770749
0.21,0.23,24000.0,358.6426894770749
0.23,0.23,24000.0,357.98465250162275
0.25,0.23,24000.0,356.6567717058151
0.27,0.23,24000.0,354.6374000283078
0.29,0.23,24000.0,351.8988546480101
0.31,0.23,24000.0,348.41277573240484
0.33,0.23,24000.0,344.15655857995114
0.35,0.23,24000.0,339.12014187850235
0.37,0.23,24000.0,333.31220155972755
0.39,0.23,24000.0,326.7647046490029
0.01,0.25,24000.0,326.6477183571884
0.03,0.25,24000.0,332.9662067611866
0.05,0.25,24000.0,338.55866833916093
0.07,0.25,24000.0,343.39971296218954
0.09,0.25,24000.0,347.48521548603185
0.11,0.25,24000.0,350.8279701311295
0.13,0.25,24000.0,353.4518844704551
0.15,0.25,24000.0,355.38565322296733
0.17,0.25,24000.0,356.656771705815
0.19,0.25,24000.0,357.28654581527815
0.21,0.25,24000.0,357.28654581527815
0.23,0.25,24000.0,356.656771705815
0.25,0.25,24000.0,355.3856532229674
0.27,0.25,24000.0,353.4518844704551
0.29,0.25,24000.0,350.8279701311296
0.31,0.25,24000.0,347.4852154860319
0.33,0.25,24000.0,343.39971296218965
0.35,0.25,24000.0,338.558668339161
0.37,0.25,24000.0,332.9662067611867
0.39,0.25,24000.0,326.64771835718847
0.01,0.27,24000.0,326.4688979543581
0.03,0.27,24000.0,332.437521274124
0.05,0.27,24000.0,337.7012841072672
0.07,0.27,24000.0,342.24493683321725
0.09,0.27,24000.0,346.07119256438864
0.11,0.27,24000.0,349.1967876049632
0.13,0.27,24000.0,351.6473592297783
0.15,0.27,24000.0,353.4518844704551
0.17,0.27,24000.0,354.6374000283077
0.19,0.27,24000.0,355.2245799999236
0.21,0.27,24000.0,355.2245799999236
0.23,0.27,24000.0,354.6374000283077
0.25,0.27,24000.0,353.4518844704551
0.27,0.27,24000.0,351.6473592297784
0.29,0.27,24000.0,349.1967876049633
0.31,0.27,24000.0,346.07119256438864
0.33,0.27,24000.0,342.2449368332173
0.35,0.27,24000.0,337.70128410726727
0.37,0.27,24000.0,332.4375212741241
0.39,0.27,24000.0,326.46889795435817
0.01,0.29,24000.0,326.224364620649
0.03,0.29,24000.0,331.71502651743447
0.05,0.29,24000.0,336.5309263053266
0.07,0.29,24000.0,340.67080200874017
0.09,0.29,24000.0,344.1463766588968
0.11,0.29,24000.0,346.97922433156657
0.13,0.29,24000.0,349.1967876049632
0.15,0.29,24000.0,350.8279701311295
0.17,0.29,24000.0,351.89885464801006
0.19,0.29,24000.0,352.4290498054763
0.21,0.29,24000.0,352.4290498054763
0.23,0.29,24000.0,351.89885464801
0.25,0.29,24000.0,350.8279701311295
0.27,0.29,24000.0,349.1967876049633
0.29,0.29,24000.0,346.97922433156657
0.31,0.29,24000.0,344.1463766588968
0.33,0.29,24000.0,340.6708020087403
0.35,0.29,24000.0,336.5309263053267
0.37,0.29,24000.0,331.7150265174345
0.39,0.29,24000.0,326.22436462064906
0.01,0.31,24000.0,325.908963179113
0.03,0.31,24000.0,330.7842985578143
0.05,0.31,24000.0,335.0262486588993
0.07,0.31,24000.0,338.65158566950623
0.09,0.31,24000.0,341.6827475264546
0.11,0.31,24000.0,344.1463766588968
0.13,0.31,24000.0,346.0711925643886
0.15,0.31,24000.0,347.4852154860318
0.17,0.31,24000.0,348.4127757324048
0.19,0.31,24000.0,348.8718038033029
0.21,0.31,24000.0,348.8718038033029
0.23,0.31,24000.0,348.4127757324047
0.25,0.31,24000.0,347.4852154860318
0.27,0.31,24000.0,346.07119256438864
0.29,0.31,24000.0,344.1463766588968
0.31,0.31,24000.0,341.68274752645465
0.33,0.31,24000.0,338.6515856695063
0.35,0.31,24000.0,335.0262486588994
0.37,0.31,24000.0,330.78429855781434
0.39,0.31,24000.0,325.9089631791131
0.01,0.33,24000.0,325.51572312887225
0.03,0.33,24000.0,329.62682591809056
0.05,0.33,24000.0,333.1616904343727
0.07,0.33,24000.0,336.15876588144675
0.09,0.33,24000.0,338.6515856695063
0.11,0.33,24000.0,340.67080200874017
0.13,0.33,24000.0,342.24493683321725
0.15,0.33,24000.0,343.3997129621896
0.17,0.33,24000.0,344.1565585799511
0.19,0.33,24000.0,344.53092795139787
0.21,0.33,24000.0,344.53092795139787
0.23,0.33,24000.0,344.156558579951
0.25,0.33,24000.0,343.3997129621896
0.27,0.33,24000.0,342.24493683321725
0.29,0.33,24000.0,340.6708020087402
0.31,0.33,24000.0,338.65158566950635
0.33,0.33,24000.0,336.15876588144687
0.35,0.33,24000.0,333.1616904343729
0.37,0.33,24000.0,329.6268259180906
0.39,0.33,24000.0,325.51572312887225
0.01,0.35,24000.0,325.0339106312601
0.03,0.35,24000.0,328.21698243010206
0.05,0.35,24000.0,330.9058793370651
0.07,0.35,24000.0,333.1616904343728
0.09,0.35,24000.0,335.0262486588993
0.11,0.35,24000.0,336.53092630532666
0.13,0.35,24000.0,337.7012841072672
0.15,0.35,24000.0,338.55866833916093
0.17,0.35,24000.0,339.1201418785023
0.19,0.35,24000.0,339.3977509077215
0.21,0.35,24000.0,339.39775090772144
0.23,0.35,24000.0,339.1201418785023
0.25,0.35,24000.0,338.5586683391609
0.27,0.35,24000.0,337.7012841072672
0.29,0.35,24000.0,336.53092630532666
0.31,0.35,24000.0,335.0262486588994
0.33,0.35,24000.0,333.1616904343728
0.35,0.35,24000.0,330.9058793370652
0.37,0.35,24000.0,328.2169824301021
0.39,0.35,24000.0,325.0339106312601
0.01,0.37,24000.0,324.4427512097645
0.03,0.37,24000.0,326.51392210146145
0.05,0.37,24000.0,328.21698243010206
0.07,0.37,24000.0,329.62682591809056
0.09,0.37,24000.0,330.7842985578143
0.11,0.37,24000.0,331.71502651743447
0.13,0.37,24000.0,332.43752127412404
0.15,0.37,24000.0,332.96620676118664
0.17,0.37,24000.0,333.3122015597276
0.19,0.37,24000.0,333.48321415141646
0.21,0.37,24000.0,333.48321415141646
0.23,0.37,24000.0,333.31220155972755
0.25,0.37,24000.0,332.9662067611867
0.27,0.37,24000.0,332.43752127412404
0.29,0.37,24000.0,331.7150265174345
0.31,0.37,24000.0,330.78429855781434
0.33,0.37,24000.0,329.6268259180906
0.35,0.37,24000.0,328.2169824301022
0.37,0.37,24000.0,326.5139221014615
0.39,0.37,24000.0,324.4427512097645
0.01,0.39,24000.0,323.690008075335
0.03,0.39,24000.0,324.4427512097645
0.05,0.39,24000.0,325.0339106312601
0.07,0.39,24000.0,325.51572312887225
0.09,0.39,24000.0,325.908963179113
0.11,0.39,24000.0,326.224364620649
0.13,0.39,24000.0,326.4688979543581
0.15,0.39,24000.0,326.6477183571884
0.17,0.39,24000.0,326.76470464900285
0.19,0.39,24000.0,326.822516326441
0.21,0.39,24000.0,326.822516326441
0.23,0.39,24000.0,326.7647046490029
0.25,0.39,24000.0,326.64771835718847
0.27,0.39,24000.0,326.46889795435817
0.29,0.39,24000.0,326.22436462064906
0.31,0.39,24000.0,325.908963179113
0.33,0.39,24000.0,325.51572312887225
0.35,0.39,24000.0,325.0339106312601
0.37,0.39,24000.0,324.4427512097645
0.39,0.39,24000.0,323.690008075335
0.01,0.01,25846.153846153848,323.6468354734779
0.03,0.01,25846.153846153848,324.3435899208515
0.05,0.01,25846.153846153848,324.89446200935026
0.07,0.01,25846.153846153848,325.3467302051169
0.09,0.01,25846.153846153848,325.71869690791107
0.11,0.01,25846.153846153848,326.0193247766613
0.13,0.01,25846.153846153848,326.25408067213453
0.15,0.01,25846.153846153848,326.42682202871435
0.17,0.01,25846.153846153848,326.5403778051715
0.19,0.01,25846.153846153848,326.5966661415129
0.21,0.01,25846.153846153848,326.59666614151297
0.23,0.01,25846.153846153848,326.5403778051715
0.25,0.01,25846.153846153848,326.42682202871435
0.27,0.01,25846.153846153848,326.2540806721346
0.29,0.01,25846.153846153848,326.01932477666134
0.31,0.01,25846.153846153848,325.7186969079111
0.33,0.01,25846.153846153848,325.3467302051169
0.35,0.01,25846.153846153848,324.89446200935026
0.37,0.01,25846.153846153848,324.3435899208515
0.39,0.01,25846.153846153848,323.6468354734779
0.01,0.03,25846.153846153848,324.3435899208515
0.03,0.03,25846.153846153848,326.2648017080897
0.05,0.03,25846.153846153848,327.85413252279096
0.07,0.03,25846.153846153848,329.17906997366435
0.09,0.03,25846.153846153848,330.2750325705481
0.11,0.03,25846.153846153848,331.1629745380314
0.13,0.03,25846.153846153848,331.85716485368977
0.15,0.03,25846.153846153848,332.36827964800034
0.17,0.03,25846.153846153848,332.70437955105325
0.19,0.03,25846.153846153848,332.87100635201926
0.21,0.03,25846.153846153848,332.87100635201926
0.23,0.03,25846.153846153848,332.7043795510533
0.25,0.03,25846.153846153848,332.3682796480003
0.27,0.03,25846.153846153848,331.8571648536897
0.29,0.03,25846.153846153848,331.1629745380314
0.31,0.03,25846.153846153848,330.2750325705481
0.33,0.03,25846.153846153848,329.1790699736643
0.35,0.03,25846.153846153848,327.85413252279096
0.37,0.03,25846.153846153848,326.2648017080897
0.39,0.03,25846.153846153848,324.3435899208515
0.01,0.05,25846.153846153848,324.89446200935026
0.03,0.05,25846.153846153848,327.85413252279096
0.05,0.05,25846.153846153848,330.3685957440177
0.07,0.05,25846.153846153848,332.49237899379943
0.09,0.05,25846.153846153848,334.260729491294
0.11,0.05,25846.153846153848,335.69838364298124
0.13,0.05,25846.153846153848,336.8244534134839
0.15,0.05,25846.153846153848,337.654424467879
0.17,0.05,25846.153846153848,338.2005190004994
0.19,0.05,25846.153846153848,338.47133459182885
0.21,0.05,25846.153846153848,338.47133459182885
0.23,0.05,25846.153846153848,338.2005190004994
0.25,0.05,25846.153846153848,337.6544244678789
0.27,0.05,25846.153846153848,336.82445341348387
0.29,0.05,25846.153846153848,335.6983836429813
0.31,0.05,25846.153846153848,334.26072949129394
0.33,0.05,25846.153846153848,332.49237899379943
0.35,0.05,25846.153846153848,330.3685957440177
0.37,0.05,25846.153846153848,327.85413252279096
0.39,0.05,25846.153846153848,324.89446200935026
0.01,0.07,25846.153846153848,325.3467302051169
0.03,0.07,25846.153846153848,329.17906997366435
0.05,0.07,25846.153846153848,332.49237899379943
0.07,0.07,25846.153846153848,335.32013777163183
0.09,0.07,25846.153846153848,337.68905125004824
0.11,0.07,25846.153846153848,339.6218994061042
0.13,0.07,25846.153846153848,341.1390892629309
0.15,0.07,25846.153846153848,342.2587695260979
0.17,0.07,25846.153846153848,342.9960334569766
0.19,0.07,25846.153846153848,343.3617949568521
0.21,0.07,25846.153846153848,343.3617949568521
0.23,0.07,25846.153846153848,342.9960334569766
0.25,0.07,25846.153846153848,342.2587695260979
0.27,0.07,25846.153846153848,341.1390892629309
0.29,0.07,25846.153846153848,339.6218994061042
0.31,0.07,25846.153846153848,337.68905125004824
0.33,0.07,25846.153846153848,335.32013777163183
0.35,0.07,25846.153846153848,332.49237899379943
0.37,0.07,25846.153846153848,329.1790699736643
0.39,0.07,25846.153846153848,325.3467302051169
0.01,0.09,25846.153846153848,325.7186969079111
0.03,0.09,25846.153846153848,330.2750325705481
0.05,0.09,25846.153846153848,334.26072949129394
0.07,0.09,25846.153846153848,337.68905125004824
0.09,0.09,25846.153846153848,340.57570252517047
0.11,0.09,25846.153846153848,342.93867559002405
0.13,0.09,25846.153846153848,344.7973516808352
0.15,0.09,25846.153846153848,346.17084260967795
0.17,0.09,25846.153846153848,347.0759460585726
0.19,0.09,25846.153846153848,347.5251638473077
0.21,0.09,25846.153846153848,347.5251638473077
0.23,0.09,25846.153846153848,347.0759460585725
0.25,0.09,25846.153846153848,346.17084260967795
0.27,0.09,25846.153846153848,344.7973516808352
0.29,0.09,25846.153846153848,342.9386755900241
0.31,0.09,25846.153846153848,340.57570252517047
0.33,0.09,25846.153846153848,337.68905125004824
0.35,0.09,25846.153846153848,334.260729491294
0.37,0.09,25846.153846153848,330.2750325705481
0.39,0.09,25846.153846153848,325.71869690791107
0.01,0.11,25846.153846153848,326.01932477666134
0.03,0.11,25846.153846153848,331.1629745380314
0.05,0.11,25846.153846153848,335.69838364298124
0.07,0.11,25846.153846153848,339.6218994061041
0.09,0.11,25846.153846153848,342.93867559002405
0.11,0.11,25846.153846153848,345.6611270508874
0.13,0.11,25846.153846153848,347.8064705028034
0.15,0.11,25846.153846153848,349.3936933323573
0.17,0.11,25846.153846153848,350.44042147576084
0.19,0.11,25846.153846153848,350.9601412814754
0.21,0.11,25846.153846153848,350.96014128147533
0.23,0.11,25846.153846153848,350.4404214757608
0.25,0.11,25846.153846153848,349.3936933323572
0.27,0.11,25846.153846153848,347.80647050280334
0.29,0.11,25846.153846153848,345.66112705088744
0.31,0.11,25846.153846153848,342.93867559002405
0.33,0.11,25846.153846153848,339.6218994061042
0.35,0.11,25846.153846153848,335.69838364298124
0.37,0.11,25846.153846153848,331.1629745380314
0.39,0.11,25846.153846153848,326.0193247766613
0.01,0.13,25846.153846153848,326.2540806721346
0.03,0.13,25846.153846153848,331.8571648536897
0.05,0.13,25846.153846153848,336.8244534134838
0.07,0.13,25846.153846153848,341.13908926293084
0.09,0.13,25846.153846153848,344.79735168083505
0.11,0.13,25846.153846153848,347.80647050280334
0.13,0.13,25846.153846153848,350.18122212509974
0.15,0.13,25846.153846153848,351.9399300389654
0.17,0.13,25846.153846153848,353.1004889132089
0.19,0.13,25846.153846153848,353.6769320590187
0.21,0.13,25846.153846153848,353.6769320590187
0.23,0.13,25846.153846153848,353.1004889132089
0.25,0.13,25846.153846153848,351.9399300389654
0.27,0.13,25846.153846153848,350.18122212509974
0.29,0.13,25846.153846153848,347.8064705028034
0.31,0.13,25846.153846153848,344.7973516808351
0.33,0.13,25846.153846153848,341.1390892629309
0.35,0.13,25846.153846153848,336.82445341348387
0.37,0.13,25846.153846153848,331.8571648536897
0.39,0.13,25846.153846153848,326.2540806721346
0.01,0.15,25846.153846153848,326.42682202871435
0.03,0.15,25846.153846153848,332.3682796480002
0.05,0.15,25846.153846153848,337.65442446787887
0.07,0.15,25846.153846153848,342.2587695260978
0.09,0.15,25846.153846153848,346.17084260967783
0.11,0.15,25846.153846153848,349.3936933323572
0.13,0.15,25846.153846153848,351.9399300389653
0.15,0.15,25846.153846153848,353.82708041696446
0.17,0.15,25846.153846153848,355.07301713574867
0.19,0.15,25846.153846153848,355.692039889076
0.21,0.15,25846.153846153848,355.69203988907594
0.23,0.15,25846.153846153848,355.07301713574867
0.25,0.15,25846.153846153848,353.82708041696446
0.27,0.15,25846.153846153848,351.9399300389654
0.29,0.15,25846.153846153848,349.3936933323572
0.31,0.15,25846.153846153848,346.1708426096779
0.33,0.15,25846.153846153848,342.25876952609786
0.35,0.15,25846.153846153848,337.6544244678789
0.37,0.15,25846.153846153848,332.3682796480002
0.39,0.15,25846.153846153848,326.42682202871435
0.01,0.17,25846.153846153848,326.5403778051715
0.03,0.17,25846.153846153848,332.7043795510532
0.05,0.17,25846.153846153848,338.2005190004993
0.07,0.17,25846.153846153848,342.9960334569764
0.09,0.17,25846.153846153848,347.0759460585724
0.11,0.17,25846.153846153848,350.4404214757607
0.13,0.17,25846.153846153848,353.10048891320884
0.15,0.17,25846.153846153848,355.0730171357486
0.17,0.17,25846.153846153848,356.37576216543084
0.19,0.17,25846.153846153848,357.02313305228296
0.21,0.17,25846.153846153848,357.023133052283
0.23,0.17,25846.153846153848,356.37576216543096
0.25,0.17,25846.153846153848,355.0730171357487
0.27,0.17,25846.153846153848,353.1004889132089
0.29,0.17,25846.153846153848,350.4404214757608
0.31,0.17,25846.153846153848,347.0759460585725
0.33,0.17,25846.153846153848,342.99603345697653
0.35,0.17,25846.153846153848,338.20051900049936
0.37,0.17,25846.153846153848,332.7043795510532
0.39,0.17,25846.153846153848,326.5403778051715
0.01,0.19,25846.153846153848,326.5966661415129
0.03,0.19,25846.153846153848,332.8710063520192
0.05,0.19,25846.153846153848,338.47133459182874
0.07,0.19,25846.153846153848,343.36179495685195
0.09,0.19,25846.153846153848,347.5251638473075
0.11,0.19,25846.153846153848,350.9601412814752
0.13,0.19,25846.153846153848,353.67693205901867
0.15,0.19,25846.153846153848,355.6920398890759
0.17,0.19,25846.153846153848,357.0231330522829
0.19,0.19,25846.153846153848,357.68465506619674
0.21,0.19,25846.153846153848,357.68465506619674
0.23,0.19,25846.153846153848,357.02313305228296
0.25,0.19,25846.153846153848,355.69203988907594
0.27,0.19,25846.153846153848,353.67693205901867
0.29,0.19,25846.153846153848,350.9601412814753
0.31,0.19,25846.153846153848,347.5251638473076
0.33,0.19,25846.153846153848,343.36179495685207
0.35,0.19,25846.153846153848,338.4713345918288
0.37,0.19,25846.153846153848,332.8710063520192
0.39,0.19,25846.153846153848,326.5966661415129
0.01,0.21,25846.153846153848,326.5966661415129
0.03,0.21,25846.153846153848,332.8710063520192
0.05,0.21,25846.153846153848,338.47133459182874
0.07,0.21,25846.153846153848,343.36179495685195
0.09,0.21,25846.153846153848,347.5251638473075
0.11,0.21,25846.153846153848,350.9601412814752
0.13,0.21,25846.153846153848,353.67693205901867
0.15,0.21,25846.153846153848,355.69203988907583
0.17,0.21,25846.153846153848,357.02313305228284
0.19,0.21,25846.153846153848,357.68465506619674
0.21,0.21,25846.153846153848,357.68465506619674
0.23,0.21,25846.153846153848,357.0231330522829
0.25,0.21,25846.153846153848,355.69203988907594
0.27,0.21,25846.153846153848,353.6769320590187
0.29,0.21,25846.153846153848,350.9601412814753
0.31,0.21,25846.153846153848,347.5251638473076
0.33,0.21,25846.153846153848,343.3617949568521
0.35,0.21,25846.153846153848,338.4713345918288
0.37,0.21,25846.153846153848,332.8710063520192
0.39,0.21,25846.153846153848,326.5966661415129
0.01,0.23,25846.153846153848,326.54037780517143
0.03,0.23,25846.153846153848,332.7043795510532
0.05,0.23,25846.153846153848,338.2005190004993
0.07,0.23,25846.153846153848,342.9960334569764
0.09,0.23,25846.153846153848,347.0759460585724
0.11,0.23,25846.153846153848,350.4404214757607
0.13,0.23,25846.153846153848,353.10048891320884
0.15,0.23,25846.153846153848,355.0730171357486
0.17,0.23,25846.153846153848,356.3757621654308
0.19,0.23,25846.153846153848,357.0231330522829
0.21,0.23,25846.153846153848,357.02313305228284
0.23,0.23,25846.153846153848,356.3757621654308
0.25,0.23,25846.153846153848,355.0730171357486
0.27,0.23,25846.153846153848,353.1004889132089
0.29,0.23,25846.153846153848,350.4404214757608
0.31,0.23,25846.153846153848,347.0759460585725
0.33,0.23,25846.153846153848,342.99603345697653
0.35,0.23,25846.153846153848,338.20051900049936
0.37,0.23,25846.153846153848,332.70437955105325
0.39,0.23,25846.153846153848,326.5403778051715
0.01,0.25,25846.153846153848,326.4268220287143
0.03,0.25,25846.153846153848,332.3682796480002
0.05,0.25,25846.153846153848,337.65442446787887
0.07,0.25,25846.153846153848,342.2587695260977
0.09,0.25,25846.153846153848,346.17084260967783
0.11,0.25,25846.153846153848,349.39369333235715
0.13,0.25,25846.153846153848,351.9399300389653
0.15,0.25,25846.153846153848,353.8270804169644
0.17,0.25,25846.153846153848,355.0730171357486
0.19,0.25,25846.153846153848,355.6920398890759
0.21,0.25,25846.153846153848,355.6920398890759
0.23,0.25,25846.153846153848,355.0730171357486
0.25,0.25,25846.153846153848,353.8270804169644
0.27,0.25,25846.153846153848,351.9399300389653
0.29,0.25,25846.153846153848,349.3936933323572
0.31,0.25,25846.153846153848,346.1708426096779
0.33,0.25,25846.153846153848,342.2587695260979
0.35,0.25,25846.153846153848,337.654424467879
0.37,0.25,25846.153846153848,332.36827964800034
0.39,0.25,25846.153846153848,326.42682202871435
0.01,0.27,25846.153846153848,326.25408067213453
0.03,0.27,25846.153846153848,331.85716485368965
0.05,0.27,25846.153846153848,336.8244534134838
0.07,0.27,25846.153846153848,341.13908926293084
0.09,0.27,25846.153846153848,344.7973516808351
0.11,0.27,25846.153846153848,347.8064705028033
0.13,0.27,25846.153846153848,350.1812221250997
0.15,0.27,25846.153846153848,351.9399300389653
0.17,0.27,25846.153846153848,353.1004889132088
0.19,0.27,25846.153846153848,353.6769320590186
0.21,0.27,25846.153846153848,353.6769320590186
0.23,0.27,25846.153846153848,353.1004889132088
0.25,0.27,25846.153846153848,351.9399300389653
0.27,0.27,25846.153846153848,350.18122212509974
0.29,0.27,25846.153846153848,347.80647050280334
0.31,0.27,25846.153846153848,344.7973516808352
0.33,0.27,25846.153846153848,341.139089262931
0.35,0.27,25846.153846153848,336.824453413484
0.37,0.27,25846.153846153848,331.85716485368977
0.39,0.27,25846.153846153848,326.2540806721346
0.01,0.29,25846.153846153848,326.0193247766613
0.03,0.29,25846.153846153848,331.1629745380314
0.05,0.29,25846.153846153848,335.69838364298124
0.07,0.29,25846.153846153848,339.6218994061042
0.09,0.29,25846.153846153848,342.93867559002405
0.11,0.29,25846.153846153848,345.6611270508874
0.13,0.29,25846.153846153848,347.8064705028033
0.15,0.29,25846.153846153848,349.39369333235715
0.17,0.29,25846.153846153848,350.4404214757607
0.19,0.29,25846.153846153848,350.9601412814752
0.21,0.29,25846.153846153848,350.9601412814752
0.23,0.29,25846.153846153848,350.4404214757607
0.25,0.29,25846.153846153848,349.39369333235715
0.27,0.29,25846.153846153848,347.8064705028033
0.29,0.29,25846.153846153848,345.6611270508874
0.31,0.29,25846.153846153848,342.9386755900241
0.33,0.29,25846.153846153848,339.6218994061042
0.35,0.29,25846.153846153848,335.6983836429813
0.37,0.29,25846.153846153848,331.16297453803145
0.39,0.29,25846.153846153848,326.0193247766613
0.01,0.31,25846.153846153848,325.7186969079111
0.03,0.31,25846.153846153848,330.2750325705481
0.05,0.31,25846.153846153848,334.26072949129394
0.07,0.31,25846.153846153848,337.6890512500482
0.09,0.31,25846.153846153848,340.5757025251704
0.11,0.31,25846.153846153848,342.93867559002405
0.13,0.31,25846.153846153848,344.79735168083505
0.15,0.31,25846.153846153848,346.17084260967783
0.17,0.31,25846.153846153848,347.0759460585724
0.19,0.31,25846.153846153848,347.5251638473075
0.21,0.31,25846.153846153848,347.5251638473075
0.23,0.31,25846.153846153848,347.0759460585724
0.25,0.31,25846.153846153848,346.17084260967783
0.27,0.31,25846.153846153848,344.7973516808351
0.29,0.31,25846.153846153848,342.93867559002405
0.31,0.31,25846.153846153848,340.57570252517047
0.33,0.31,25846.153846153848,337.68905125004824
0.35,0.31,25846.153846153848,334.26072949129406
0.37,0.31,25846.153846153848,330.2750325705481
0.39,0.31,25846.153846153848,325.7186969079111
0.01,0.33,25846.153846153848,325.3467302051169
0.03,0.33,25846.153846153848,329.1790699736643
0.05,0.33,25846.153846153848,332.4923789937994
0.07,0.33,25846.153846153848,335.3201377716318
0.09,0.33,25846.153846153848,337.6890512500481
0.11,0.33,25846.153846153848,339.6218994061041
0.13,0.33,25846.153846153848,341.13908926293084
0.15,0.33,25846.153846153848,342.2587695260978
0.17,0.33,25846.153846153848,342.9960334569765
0.19,0.33,25846.153846153848,343.36179495685195
0.21,0.33,25846.153846153848,343.36179495685195
0.23,0.33,25846.153846153848,342.9960334569765
0.25,0.33,25846.153846153848,342.2587695260978
0.27,0.33,25846.153846153848,341.1390892629309
0.29,0.33,25846.153846153848,339.6218994061041
0.31,0.33,25846.153846153848,337.68905125004824
0.33,0.33,25846.153846153848,335.3201377716319
0.35,0.33,25846.153846153848,332.4923789937995
0.37,0.33,25846.153846153848,329.17906997366435
0.39,0.33,25846.153846153848,325.3467302051169
0.01,0.35,25846.153846153848,324.89446200935026
0.03,0.35,25846.153846153848,327.85413252279096
0.05,0.35,25846.153846153848,330.3685957440177
0.07,0.35,25846.153846153848,332.4923789937994
0.09,0.35,25846.153846153848,334.26072949129394
0.11,0.35,25846.153846153848,335.69838364298124
0.13,0.35,25846.153846153848,336.82445341348387
0.15,0.35,25846.153846153848,337.6544244678789
0.17,0.35,25846.153846153848,338.2005190004993
0.19,0.35,25846.153846153848,338.47133459182874
0.21,0.35,25846.153846153848,338.47133459182874
0.23,0.35,25846.153846153848,338.2005190004993
0.25,0.35,25846.153846153848,337.6544244678789
0.27,0.35,25846.153846153848,336.8244534134838
0.29,0.35,25846.153846153848,335.69838364298124
0.31,0.35,25846.153846153848,334.26072949129394
0.33,0.35,25846.153846153848,332.49237899379943
0.35,0.35,25846.153846153848,330.36859574401774
0.37,0.35,25846.153846153848,327.854132522791
0.39,0.35,25846.153846153848,324.89446200935026
0.01,0.37,25846.153846153848,324.3435899208516
0.03,0.37,25846.153846153848,326.2648017080897
0.05,0.37,25846.153846153848,327.85413252279096
0.07,0.37,25846.153846153848,329.1790699736643
0.09,0.37,25846.153846153848,330.2750325705481
0.11,0.37,25846.153846153848,331.1629745380314
0.13,0.37,25846.153846153848,331.8571648536897
0.15,0.37,25846.153846153848,332.3682796480002
0.17,0.37,25846.153846153848,332.7043795510532
0.19,0.37,25846.153846153848,332.8710063520192
0.21,0.37,25846.153846153848,332.8710063520192
0.23,0.37,25846.153846153848,332.7043795510532
0.25,0.37,25846.153846153848,332.3682796480003
0.27,0.37,25846.153846153848,331.8571648536897
0.29,0.37,25846.153846153848,331.16297453803134
0.31,0.37,25846.153846153848,330.2750325705481
0.33,0.37,25846.153846153848,329.1790699736643
0.35,0.37,25846.153846153848,327.854132522791
0.37,0.37,25846.153846153848,326.2648017080897
0.39,0.37,25846.153846153848,324.3435899208515
0.01,0.39,25846.153846153848,323.64683547347795
0.03,0.39,25846.153846153848,324.3435899208516
0.05,0.39,25846.153846153848,324.89446200935026
0.07,0.39,25846.153846153848,325.3467302051169
0.09,0.39,25846.153846153848,325.71869690791107
0.11,0.39,25846.153846153848,326.0193247766613
0.13,0.39,25846.153846153848,326.2540806721346
0.15,0.39,25846.153846153848,326.42682202871435
0.17,0.39,25846.153846153848,326.5403778051715
0.19,0.39,25846.153846153848,326.5966661415129
0.21,0.39,25846.153846153848,326.5966661415129
0.23,0.39,25846.153846153848,326.5403778051715
0.25,0.39,25846.153846153848,326.4268220287143
0.27,0.39,25846.153846153848,326.25408067213453
0.29,0.39,25846.153846153848,326.0193247766613
0.31,0.39,25846.153846153848,325.71869690791107
0.33,0.39,25846.153846153848,325.3467302051169
0.35,0.39,25846.153846153848,324.89446200935026
0.37,0.39,25846.153846153848,324.3435899208515
0.39,0.39,25846.153846153848,323.64683547347795
0.01,0.01,27692.30769230769,323.60853344702264
0.03,0.01,27692.30769230769,324.2544311574589
0.05,0.01,27692.30769230769,324.76770111963464
0.07,0.01,27692.30769230769,325.19148654660995
0.09,0.01,27692.30769230769,325.54212008226307
0.11,0.01,27692.30769230769,325.8272078845351
0.13,0.01,27692.30769230769,326.0510818043097
0.15,0.01,27692.30769230769,326.21661847569
0.17,0.01,27692.30769230769,326.32584814909154
0.19,0.01,27692.30769230769,326.38012112360053
0.21,0.01,27692.30769230769,326.38012112360053
0.23,0.01,27692.30769230769,326.32584814909154
0.25,0.01,27692.30769230769,326.21661847569004
0.27,0.01,27692.30769230769,326.05108180430966
0.29,0.01,27692.30769230769,325.8272078845351
0.31,0.01,27692.30769230769,325.54212008226307
0.33,0.01,27692.30769230769,325.1914865466099
0.35,0.01,27692.30769230769,324.76770111963464
0.37,0.01,27692.30769230769,324.25443115745884
0.39,0.01,27692.30769230769,323.60853344702264
0.01,0.03,27692.30769230769,324.25443115745884
0.03,0.03,27692.30769230769,326.03827230359724
0.05,0.03,27692.30769230769,327.5208083715728
0.07,0.03,27692.30769230769,328.7634664927409
0.09,0.03,27692.30769230769,329.79743375431474
0.11,0.03,27692.30769230769,330.64012496100463
0.13,0.03,27692.30769230769,331.3026167210196
0.15,0.03,27692.30769230769,331.7927524207505
0.17,0.03,27692.30769230769,332.1162632664854
0.19,0.03,27692.30769230769,332.2770285842811
0.21,0.03,27692.30769230769,332.2770285842811
0.23,0.03,27692.30769230769,332.1162632664854
0.25,0.03,27692.30769230769,331.7927524207505
0.27,0.03,27692.30769230769,331.3026167210196
0.29,0.03,27692.30769230769,330.6401249610047
0.31,0.03,27692.30769230769,329.79743375431474
0.33,0.03,27692.30769230769,328.7634664927409
0.35,0.03,27692.30769230769,327.52080837157274
0.37,0.03,27692.30769230769,326.0382723035972
0.39,0.03,27692.30769230769,324.2544311574589
0.01,0.05,27692.30769230769,324.7677011196347
0.03,0.05,27692.30769230769,327.52080837157285
0.05,0.05,27692.30769230769,329.8700860141335
0.07,0.05,27692.30769230769,331.86487200616256
0.09,0.05,27692.30769230769,333.5354242031396
0.11,0.05,27692.30769230769,334.90152040314416
0.13,0.05,27692.30769230769,335.97744146535666
0.15,0.05,27692.30769230769,336.7742439789391
0.17,0.05,27692.30769230769,337.3004564408735
0.19,0.05,27692.30769230769,337.56202381386544
0.21,0.05,27692.30769230769,337.56202381386544
0.23,0.05,27692.30769230769,337.3004564408735
0.25,0.05,27692.30769230769,336.77424397893907
0.27,0.05,27692.30769230769,335.9774414653566
0.29,0.05,27692.30769230769,334.9015204031442
0.31,0.05,27692.30769230769,333.5354242031396
0.33,0.05,27692.30769230769,331.86487200616256
0.35,0.05,27692.30769230769,329.8700860141335
0.37,0.05,27692.30769230769,327.5208083715728
0.39,0.05,27692.30769230769,324.76770111963464
0.01,0.07,27692.30769230769,325.19148654660995
0.03,0.07,27692.30769230769,328.7634664927409
0.05,0.07,27692.30769230769,331.8648720061625
0.07,0.07,27692.30769230769,334.5255014111101
0.09,0.07,27692.30769230769,336.76706361674087
0.11,0.07,27692.30769230769,338.6065404193601
0.13,0.07,27692.30769230769,340.05828666503606
0.15,0.07,27692.30769230769,341.1347270376986
0.17,0.07,27692.30769230769,341.8461112219008
0.19,0.07,27692.30769230769,342.19985053128903
0.21,0.07,27692.30769230769,342.19985053128903
0.23,0.07,27692.30769230769,341.8461112219008
0.25,0.07,27692.30769230769,341.1347270376986
0.27,0.07,27692.30769230769,340.05828666503606
0.29,0.07,27692.30769230769,338.60654041936016
0.31,0.07,27692.30769230769,336.76706361674087
0.33,0.07,27692.30769230769,334.52550141111004
0.35,0.07,27692.30769230769,331.8648720061625
0.37,0.07,27692.30769230769,328.76346649274086
0.39,0.07,27692.30769230769,325.1914865466099
0.01,0.09,27692.30769230769,325.542120082263
0.03,0.09,27692.30769230769,329.79743375431474
0.05,0.09,27692.30769230769,333.53542420313954
0.07,0.09,27692.30769230769,336.7670636167408
0.09,0.09,27692.30769230769,339.5033136020579
0.11,0.09,27692.30769230769,341.7558790292759
0.13,0.09,27692.30769230769,343.53720238574647
0.15,0.09,27692.30769230769,344.8596605259995
0.17,0.09,27692.30769230769,345.73427881379814
0.19,0.09,27692.30769230769,346.1693580226176
0.21,0.09,27692.30769230769,346.1693580226176
0.23,0.09,27692.30769230769,345.734278813798
0.25,0.09,27692.30769230769,344.85966052599946
0.27,0.09,27692.30769230769,343.53720238574647
0.29,0.09,27692.30769230769,341.75587902927595
0.31,0.09,27692.30769230769,339.503313602058
0.33,0.09,27692.30769230769,336.76706361674087
0.35,0.09,27692.30769230769,333.5354242031396
0.37,0.09,27692.30769230769,329.79743375431474
0.39,0.09,27692.30769230769,325.54212008226307
0.01,0.11,27692.30769230769,325.8272078845351
0.03,0.11,27692.30769230769,330.64012496100463
0.05,0.11,27692.30769230769,334.9015204031441
0.07,0.11,27692.30769230769,338.60654041936004
0.09,0.11,27692.30769230769,341.75587902927583
0.11,0.11,27692.30769230769,344.3553660034688
0.13,0.11,27692.30769230769,346.4146397729334
0.15,0.11,27692.30769230769,347.9451848616601
0.17,0.11,27692.30769230769,348.9581311946148
0.19,0.11,27692.30769230769,349.4622123007685
0.21,0.11,27692.30769230769,349.4622123007685
0.23,0.11,27692.30769230769,348.95813119461474
0.25,0.11,27692.30769230769,347.9451848616601
0.27,0.11,27692.30769230769,346.41463977293336
0.29,0.11,27692.30769230769,344.3553660034688
0.31,0.11,27692.30769230769,341.75587902927595
0.33,0.11,27692.30769230769,338.60654041936016
0.35,0.11,27692.30769230769,334.90152040314416
0.37,0.11,27692.30769230769,330.6401249610047
0.39,0.11,27692.30769230769,325.8272078845351
0.01,0.13,27692.30769230769,326.05108180430966
0.03,0.13,27692.30769230769,331.30261672101955
0.05,0.13,27692.30769230769,335.9774414653565
0.07,0.13,27692.30769230769,340.05828666503595
0.09,0.13,27692.30769230769,343.53720238574635
0.11,0.13,27692.30769230769,346.4146397729333
0.13,0.13,27692.30769230769,348.69733919032643
0.15,0.13,27692.30769230769,350.3955547605519
0.17,0.13,27692.30769230769,351.5201424229303
0.19,0.13,27692.30769230769,352.0799649330606
0.21,0.13,27692.30769230769,352.07996493306064
0.23,0.13,27692.30769230769,351.5201424229303
0.25,0.13,27692.30769230769,350.3955547605519
0.27,0.13,27692.30769230769,348.69733919032643
0.29,0.13,27692.30769230769,346.4146397729334
0.31,0.13,27692.30769230769,343.53720238574647
0.33,0.13,27692.30769230769,340.05828666503606
0.35,0.13,27692.30769230769,335.9774414653566
0.37,0.13,27692.30769230769,331.30261672101966
0.39,0.13,27692.30769230769,326.0510818043098
0.01,0.15,27692.30769230769,326.21661847569
0.03,0.15,27692.30769230769,331.7927524207504
0.05,0.15,27692.30769230769,336.77424397893896
0.07,0.15,27692.30769230769,341.1347270376985
0.09,0.15,27692.30769230769,344.85966052599935
0.11,0.15,27692.30769230769,347.94518486166004
0.13,0.15,27692.30769230769,350.3955547605518
0.15,0.15,27692.30769230769,352.2198301134629
0.17,0.15,27692.30769230769,353.4284597429394
0.19,0.15,27692.30769230769,354.0302746569869
0.21,0.15,27692.30769230769,354.0302746569869
0.23,0.15,27692.30769230769,353.42845974293954
0.25,0.15,27692.30769230769,352.219830113463
0.27,0.15,27692.30769230769,350.3955547605519
0.29,0.15,27692.30769230769,347.94518486166004
0.31,0.15,27692.30769230769,344.8596605259994
0.33,0.15,27692.30769230769,341.1347270376985
0.35,0.15,27692.30769230769,336.774243978939
0.37,0.15,27692.30769230769,331.7927524207505
0.39,0.15,27692.30769230769,326.21661847569004
0.01,0.17,27692.30769230769,326.32584814909154
0.03,0.17,27692.30769230769,332.1162632664853
0.05,0.17,27692.30769230769,337.3004564408734
0.07,0.17,27692.30769230769,341.8461112219006
0.09,0.17,27692.30769230769,345.7342788137979
0.11,0.17,27692.30769230769,348.95813119461457
0.13,0.17,27692.30769230769,351.5201424229302
0.15,0.17,27692.30769230769,353.42845974293937
0.17,0.17,27692.30769230769,354.6931691171416
0.19,0.17,27692.30769230769,355.3230197429966
0.21,0.17,27692.30769230769,355.3230197429967
0.23,0.17,27692.30769230769,354.6931691171417
0.25,0.17,27692.30769230769,353.4284597429395
0.27,0.17,27692.30769230769,351.5201424229303
0.29,0.17,27692.30769230769,348.9581311946147
0.31,0.17,27692.30769230769,345.734278813798
0.33,0.17,27692.30769230769,341.8461112219007
0.35,0.17,27692.30769230769,337.3004564408734
0.37,0.17,27692.30769230769,332.11626326648536
0.39,0.17,27692.30769230769,326.32584814909154
0.01,0.19,27692.30769230769,326.3801211236005
0.03,0.19,27692.30769230769,332.27702858428097
0.05,0.19,27692.30769230769,337.5620238138653
0.07,0.19,27692.30769230769,342.1998505312888
0.09,0.19,27692.30769230769,346.16935802261736
0.11,0.19,27692.30769230769,349.4622123007684
0.13,0.19,27692.30769230769,352.07996493306047
0.15,0.19,27692.30769230769,354.0302746569868
0.17,0.19,27692.30769230769,355.3230197429966
0.19,0.19,27692.30769230769,355.9668906043688
0.21,0.19,27692.30769230769,355.96689060436887
0.23,0.19,27692.30769230769,355.3230197429967
0.25,0.19,27692.30769230769,354.0302746569869
0.27,0.19,27692.30769230769,352.0799649330606
0.29,0.19,27692.30769230769,349.4622123007684
0.31,0.19,27692.30769230769,346.1693580226176
0.33,0.19,27692.30769230769,342.1998505312889
0.35,0.19,27692.30769230769,337.5620238138654
0.37,0.19,27692.30769230769,332.277028584281
0.39,0.19,27692.30769230769,326.3801211236005
0.01,0.21,27692.30769230769,326.3801211236005
0.03,0.21,27692.30769230769,332.27702858428097
0.05,0.21,27692.30769230769,337.5620238138653
0.07,0.21,27692.30769230769,342.1998505312888
0.09,0.21,27692.30769230769,346.16935802261736
0.11,0.21,27692.30769230769,349.4622123007684
0.13,0.21,27692.30769230769,352.07996493306047
0.15,0.21,27692.30769230769,354.0302746569867
0.17,0.21,27692.30769230769,355.32301974299656
0.19,0.21,27692.30769230769,355.9668906043688
0.21,0.21,27692.30769230769,355.96689060436887
0.23,0.21,27692.30769230769,355.3230197429967
0.25,0.21,27692.30769230769,354.0302746569869
0.27,0.21,27692.30769230769,352.0799649330606
0.29,0.21,27692.30769230769,349.4622123007684
0.31,0.21,27692.30769230769,346.1693580226176
0.33,0.21,27692.30769230769,342.1998505312889
0.35,0.21,27692.30769230769,337.5620238138654
0.37,0.21,27692.30769230769,332.27702858428097
0.39,0.21,27692.30769230769,326.3801211236005
0.01,0.23,27692.30769230769,326.3258481490915
0.03,0.23,27692.30769230769,332.1162632664853
0.05,0.23,27692.30769230769,337.30045644087335
0.07,0.23,27692.30769230769,341.8461112219006
0.09,0.23,27692.30769230769,345.7342788137979
0.11,0.23,27692.30769230769,348.95813119461457
0.13,0.23,27692.30769230769,351.5201424229301
0.15,0.23,27692.30769230769,353.4284597429393
0.17,0.23,27692.30769230769,354.6931691171415
0.19,0.23,27692.30769230769,355.32301974299656
0.21,0.23,27692.30769230769,355.3230197429966
0.23,0.23,27692.30769230769,354.6931691171416
0.25,0.23,27692.30769230769,353.4284597429394
0.27,0.23,27692.30769230769,351.52014242293023
0.29,0.23,27692.30769230769,348.9581311946146
0.31,0.23,27692.30769230769,345.734278813798
0.33,0.23,27692.30769230769,341.8461112219007
0.35,0.23,27692.30769230769,337.3004564408734
0.37,0.23,27692.30769230769,332.11626326648536
0.39,0.23,27692.30769230769,326.3258481490915
0.01,0.25,27692.30769230769,326.21661847569
0.03,0.25,27692.30769230769,331.7927524207504
0.05,0.25,27692.30769230769,336.7742439789389
0.07,0.25,27692.30769230769,341.1347270376985
0.09,0.25,27692.30769230769,344.85966052599935
0.11,0.25,27692.30769230769,347.94518486166
0.13,0.25,27692.30769230769,350.39555476055176
0.15,0.25,27692.30769230769,352.2198301134629
0.17,0.25,27692.30769230769,353.42845974293937
0.19,0.25,27692.30769230769,354.0302746569868
0.21,0.25,27692.30769230769,354.0302746569868
0.23,0.25,27692.30769230769,353.42845974293937
0.25,0.25,27692.30769230769,352.2198301134629
0.27,0.25,27692.30769230769,350.3955547605518
0.29,0.25,27692.30769230769,347.94518486166004
0.31,0.25,27692.30769230769,344.8596605259994
0.33,0.25,27692.30769230769,341.1347270376985
0.35,0.25,27692.30769230769,336.77424397893896
0.37,0.25,27692.30769230769,331.79275242075045
0.39,0.25,27692.30769230769,326.21661847569004
0.01,0.27,27692.30769230769,326.05108180430966
0.03,0.27,27692.30769230769,331.30261672101955
0.05,0.27,27692.30769230769,335.9774414653566
0.07,0.27,27692.30769230769,340.05828666503595
0.09,0.27,27692.30769230769,343.5372023857464
0.11,0.27,27692.30769230769,346.4146397729333
0.13,0.27,27692.30769230769,348.69733919032643
0.15,0.27,27692.30769230769,350.3955547605518
0.17,0.27,27692.30769230769,351.5201424229302
0.19,0.27,27692.30769230769,352.07996493306047
0.21,0.27,27692.30769230769,352.07996493306047
0.23,0.27,27692.30769230769,351.5201424229302
0.25,0.27,27692.30769230769,350.3955547605518
0.27,0.27,27692.30769230769,348.69733919032643
0.29,0.27,27692.30769230769,346.41463977293336
0.31,0.27,27692.30769230769,343.53720238574647
0.33,0.27,27692.30769230769,340.058286665036
0.35,0.27,27692.30769230769,335.9774414653566
0.37,0.27,27692.30769230769,331.3026167210196
0.39,0.27,27692.30769230769,326.0510818043097
0.01,0.29,27692.30769230769,325.8272078845351
0.03,0.29,27692.30769230769,330.6401249610047
0.05,0.29,27692.30769230769,334.9015204031442
0.07,0.29,27692.30769230769,338.6065404193601
0.09,0.29,27692.30769230769,341.75587902927583
0.11,0.29,27692.30769230769,344.3553660034688
0.13,0.29,27692.30769230769,346.4146397729333
0.15,0.29,27692.30769230769,347.94518486166
0.17,0.29,27692.30769230769,348.9581311946146
0.19,0.29,27692.30769230769,349.4622123007684
0.21,0.29,27692.30769230769,349.4622123007684
0.23,0.29,27692.30769230769,348.9581311946146
0.25,0.29,27692.30769230769,347.94518486166004
0.27,0.29,27692.30769230769,346.41463977293336
0.29,0.29,27692.30769230769,344.3553660034688
0.31,0.29,27692.30769230769,341.7558790292759
0.33,0.29,27692.30769230769,338.6065404193601
0.35,0.29,27692.30769230769,334.90152040314416
0.37,0.29,27692.30769230769,330.6401249610047
0.39,0.29,27692.30769230769,325.8272078845351
0.01,0.31,27692.30769230769,325.54212008226307
0.03,0.31,27692.30769230769,329.79743375431474
0.05,0.31,27692.30769230769,333.53542420313966
0.07,0.31,27692.30769230769,336.76706361674087
0.09,0.31,27692.30769230769,339.5033136020579
0.11,0.31,27692.30769230769,341.75587902927583
0.13,0.31,27692.30769230769,343.5372023857464
0.15,0.31,27692.30769230769,344.85966052599935
0.17,0.31,27692.30769230769,345.734278813798
0.19,0.31,27692.30769230769,346.1693580226174
0.21,0.31,27692.30769230769,346.1693580226174
0.23,0.31,27692.30769230769,345.7342788137979
0.25,0.31,27692.30769230769,344.8596605259994
0.27,0.31,27692.30769230769,343.5372023857464
0.29,0.31,27692.30769230769,341.7558790292759
0.31,0.31,27692.30769230769,339.5033136020579
0.33,0.31,27692.30769230769,336.7670636167408
0.35,0.31,27692.30769230769,333.5354242031396
0.37,0.31,27692.30769230769,329.79743375431474
0.39,0.31,27692.30769230769,325.54212008226307
0.01,0.33,27692.30769230769,325.1914865466099
0.03,0.33,27692.30769230769,328.7634664927409
0.05,0.33,27692.30769230769,331.86487200616256
0.07,0.33,27692.30769230769,334.5255014111101
0.09,0.33,27692.30769230769,336.7670636167408
0.11,0.33,27692.30769230769,338.6065404193601
0.13,0.33,27692.30769230769,340.058286665036
0.15,0.33,27692.30769230769,341.1347270376985
0.17,0.33,27692.30769230769,341.8461112219007
0.19,0.33,27692.30769230769,342.19985053128886
0.21,0.33,27692.30769230769,342.1998505312888
0.23,0.33,27692.30769230769,341.8461112219007
0.25,0.33,27692.30769230769,341.1347270376985
0.27,0.33,27692.30769230769,340.058286665036
0.29,0.33,27692.30769230769,338.6065404193601
0.31,0.33,27692.30769230769,336.7670636167408
0.33,0.33,27692.30769230769,334.5255014111101
0.35,0.33,27692.30769230769,331.8648720061625
0.37,0.33,27692.30769230769,328.76346649274086
0.39,0.33,27692.30769230769,325.1914865466099
0.01,0.35,27692.30769230769,324.76770111963464
0.03,0.35,27692.30769230769,327.5208083715728
0.05,0.35,27692.30769230769,329.87008601413345
0.07,0.35,27692.30769230769,331.8648720061625
0.09,0.35,27692.30769230769,333.5354242031396
0.11,0.35,27692.30769230769,334.90152040314416
0.13,0.35,27692.30769230769,335.9774414653566
0.15,0.35,27692.30769230769,336.77424397893896
0.17,0.35,27692.30769230769,337.30045644087335
0.19,0.35,27692.30769230769,337.5620238138653
0.21,0.35,27692.30769230769,337.5620238138653
0.23,0.35,27692.30769230769,337.3004564408734
0.25,0.35,27692.30769230769,336.77424397893896
0.27,0.35,27692.30769230769,335.9774414653565
0.29,0.35,27692.30769230769,334.9015204031441
0.31,0.35,27692.30769230769,333.53542420313954
0.33,0.35,27692.30769230769,331.8648720061625
0.35,0.35,27692.30769230769,329.8700860141335
0.37,0.35,27692.30769230769,327.5208083715728
0.39,0.35,27692.30769230769,324.76770111963464
0.01,0.37,27692.30769230769,324.25443115745884
0.03,0.37,27692.30769230769,326.03827230359724
0.05,0.37,27692.30769230769,327.52080837157274
0.07,0.37,27692.30769230769,328.76346649274086
0.09,0.37,27692.30769230769,329.7974337543147
0.11,0.37,27692.30769230769,330.6401249610047
0.13,0.37,27692.30769230769,331.3026167210196
0.15,0.37,27692.30769230769,331.79275242075045
0.17,0.37,27692.30769230769,332.1162632664853
0.19,0.37,27692.30769230769,332.27702858428097
0.21,0.37,27692.30769230769,332.27702858428097
0.23,0.37,27692.30769230769,332.1162632664853
0.25,0.37,27692.30769230769,331.79275242075045
0.27,0.37,27692.30769230769,331.3026167210196
0.29,0.37,27692.30769230769,330.64012496100463
0.31,0.37,27692.30769230769,329.7974337543147
0.33,0.37,27692.30769230769,328.7634664927409
0.35,0.37,27692.30769230769,327.5208083715728
0.37,0.37,27692.30769230769,326.03827230359724
0.39,0.37,27692.30769230769,324.2544311574589
0.01,0.39,27692.30769230769,323.60853344702264
0.03,0.39,27692.30769230769,324.2544311574589
0.05,0.39,27692.30769230769,324.76770111963464
0.07,0.39,27692.30769230769,325.1914865466099
0.09,0.39,27692.30769230769,325.54212008226307
0.11,0.39,27692.30769230769,325.8272078845351
0.13,0.39,27692.30769230769,326.05108180430966
0.15,0.39,27692.30769230769,326.21661847569004
0.17,0.39,27692.30769230769,326.3258481490915
0.19,0.39,27692.30769230769,326.3801211236005
0.21,0.39,27692.30769230769,326.3801211236005
0.23,0.39,27692.30769230769,326.3258481490915
0.25,0.39,27692.30769230769,326.21661847569
0.27,0.39,27692.30769230769,326.05108180430966
0.29,0.39,27692.30769230769,325.8272078845351
0.31,0.39,27692.30769230769,325.54212008226307
0.33,0.39,27692.30769230769,325.1914865466099
0.35,0.39,27692.30769230769,324.76770111963464
0.37,0.39,27692.30769230769,324.2544311574589
0.39,0.39,27692.30769230769,323.60853344702264
0.01,0.01,29538.46153846154,323.5743293382271
0.03,0.01,29538.46153846154,324.1738951415553
0.05,0.01,29538.46153846154,324.6521477680535
0.07,0.01,29538.46153846154,325.048735059286
0.09,0.01,29538.46153846154,325.3783977656994
0.11,0.01,29538.46153846154,325.6476953661404
0.13,0.01,29538.46153846154,325.8601036204727
0.15,0.01,29538.46153846154,326.01776277130875
0.17,0.01,29538.46153846154,326.1221017133758
0.19,0.01,29538.46153846154,326.1740413650952
0.21,0.01,29538.46153846154,326.17404136509526
0.23,0.01,29538.46153846154,326.12210171337586
0.25,0.01,29538.46153846154,326.0177627713088
0.27,0.01,29538.46153846154,325.8601036204728
0.29,0.01,29538.46153846154,325.64769536614045
0.31,0.01,29538.46153846154,325.3783977656995
0.33,0.01,29538.46153846154,325.04873505928606
0.35,0.01,29538.46153846154,324.65214776805345
0.37,0.01,29538.46153846154,324.17389514155525
0.39,0.01,29538.46153846154,323.574329338227
0.01,0.03,29538.46153846154,324.1738951415553
0.03,0.03,29538.46153846154,325.83171465245096
0.05,0.03,29538.46153846154,327.21431703499763
0.07,0.03,29538.46153846154,328.3780935041601
0.09,0.03,29538.46153846154,329.3508893331734
0.11,0.03,29538.46153846154,330.14742475970365
0.13,0.03,29538.46153846154,330.7763801550016
0.15,0.03,29538.46153846154,331.24347387883535
0.17,0.03,29538.46153846154,331.55268199240976
0.19,0.03,29538.46153846154,331.7066250005667
0.21,0.03,29538.46153846154,331.7066250005667
0.23,0.03,29538.46153846154,331.5526819924098
0.25,0.03,29538.46153846154,331.2434738788354
0.27,0.03,29538.46153846154,330.7763801550016
0.29,0.03,29538.46153846154,330.14742475970377
0.31,0.03,29538.46153846154,329.35088933317354
0.33,0.03,29538.46153846154,328.3780935041601
0.35,0.03,29538.46153846154,327.2143170349976
0.37,0.03,29538.46153846154,325.8317146524509
0.39,0.03,29538.46153846154,324.17389514155525
0.01,0.05,29538.46153846154,324.6521477680535
0.03,0.05,29538.46153846154,327.21431703499763
0.05,0.05,29538.46153846154,329.40798826843763
0.07,0.05,29538.46153846154,331.2783259694819
0.09,0.05,29538.46153846154,332.85177317605576
0.11,0.05,29538.46153846154,334.1443994289754
0.13,0.05,29538.46153846154,335.16688482129666
0.15,0.05,29538.46153846154,335.9269691289606
0.17,0.05,29538.46153846154,336.43039589742307
0.19,0.05,29538.46153846154,336.68109802694704
0.21,0.05,29538.46153846154,336.68109802694704
0.23,0.05,29538.46153846154,336.4303958974231
0.25,0.05,29538.46153846154,335.92696912896065
0.27,0.05,29538.46153846154,335.16688482129666
0.29,0.05,29538.46153846154,334.1443994289755
0.31,0.05,29538.46153846154,332.8517731760558
0.33,0.05,29538.46153846154,331.2783259694819
0.35,0.05,29538.46153846154,329.40798826843763
0.37,0.05,29538.46153846154,327.2143170349976
0.39,0.05,29538.46153846154,324.6521477680535
0.01,0.07,29538.46153846154,325.04873505928606
0.03,0.07,29538.46153846154,328.3780935041602
0.05,0.07,29538.46153846154,331.2783259694819
0.07,0.07,29538.46153846154,333.77646789087913
0.09,0.07,29538.46153846154,335.890568158711
0.11,0.07,29538.46153846154,337.63335744459005
0.13,0.07,29538.46153846154,339.0147139846547
0.15,0.07,29538.46153846154,340.0427841722812
0.17,0.07,29538.46153846154,340.7241632171289
0.19,0.07,29538.46153846154,341.06360053303973
0.21,0.07,29538.46153846154,341.06360053303973
0.23,0.07,29538.46153846154,340.7241632171289
0.25,0.07,29538.46153846154,340.0427841722812
0.27,0.07,29538.46153846154,339.0147139846547
0.29,0.07,29538.46153846154,337.63335744459005
0.31,0.07,29538.46153846154,335.890568158711
0.33,0.07,29538.46153846154,333.77646789087913
0.35,0.07,29538.46153846154,331.27832596948184
0.37,0.07,29538.46153846154,328.3780935041601
0.39,0.07,29538.46153846154,325.04873505928606
0.01,0.09,29538.46153846154,325.3783977656995
0.03,0.09,29538.46153846154,329.3508893331735
0.05,0.09,29538.46153846154,332.85177317605576
0.07,0.09,29538.46153846154,335.890568158711
0.09,0.09,29538.46153846154,338.47493457854694
0.11,0.09,29538.46153846154,340.6120556516635
0.13,0.09,29538.46153846154,342.3092771247479
0.15,0.09,29538.46153846154,343.57395014728024
0.17,0.09,29538.46153846154,344.4127411762712
0.19,0.09,29538.46153846154,344.8307517525497
0.21,0.09,29538.46153846154,344.8307517525497
0.23,0.09,29538.46153846154,344.41274117627114
0.25,0.09,29538.46153846154,343.5739501472802
0.27,0.09,29538.46153846154,342.30927712474784
0.29,0.09,29538.46153846154,340.61205565166347
0.31,0.09,29538.46153846154,338.4749345785469
0.33,0.09,29538.46153846154,335.890568158711
0.35,0.09,29538.46153846154,332.85177317605576
0.37,0.09,29538.46153846154,329.3508893331735
0.39,0.09,29538.46153846154,325.3783977656995
0.01,0.11,29538.46153846154,325.6476953661405
0.03,0.11,29538.46153846154,330.1474247597037
0.05,0.11,29538.46153846154,334.14439942897536
0.07,0.11,29538.46153846154,337.63335744458993
0.09,0.11,29538.46153846154,340.61205565166347
0.11,0.11,29538.46153846154,343.08166784291484
0.13,0.11,29538.46153846154,345.04629734976953
0.15,0.11,29538.46153846154,346.51183601599524
0.17,0.11,29538.46153846154,347.48450328370245
0.19,0.11,29538.46153846154,347.9694057447777
0.21,0.11,29538.46153846154,347.96940574477776
0.23,0.11,29538.46153846154,347.48450328370245
0.25,0.11,29538.46153846154,346.5118360159952
0.27,0.11,29538.46153846154,345.0462973497694
0.29,0.11,29538.46153846154,343.0816678429148
0.31,0.11,29538.46153846154,340.61205565166347
0.33,0.11,29538.46153846154,337.63335744459
0.35,0.11,29538.46153846154,334.14439942897536
0.37,0.11,29538.46153846154,330.1474247597037
0.39,0.11,29538.46153846154,325.6476953661404
0.01,0.13,29538.46153846154,325.8601036204728
0.03,0.13,29538.46153846154,330.7763801550017
0.05,0.13,29538.46153846154,335.1668848212966
0.07,0.13,29538.46153846154,339.01471398465463
0.09,0.13,29538.46153846154,342.3092771247478
0.11,0.13,29538.46153846154,345.0462973497694
0.13,0.13,29538.46153846154,347.22666993005544
0.15,0.13,29538.46153846154,348.8546372069524
0.17,0.13,29538.46153846154,349.9357282879579
0.19,0.13,29538.46153846154,350.4748524103713
0.21,0.13,29538.46153846154,350.4748524103713
0.23,0.13,29538.46153846154,349.93572828795794
0.25,0.13,29538.46153846154,348.8546372069524
0.27,0.13,29538.46153846154,347.22666993005544
0.29,0.13,29538.46153846154,345.0462973497694
0.31,0.13,29538.46153846154,342.30927712474784
0.33,0.13,29538.46153846154,339.01471398465463
0.35,0.13,29538.46153846154,335.1668848212966
0.37,0.13,29538.46153846154,330.7763801550017
0.39,0.13,29538.46153846154,325.8601036204728
0.01,0.15,29538.46153846154,326.01776277130875
0.03,0.15,29538.46153846154,331.24347387883535
0.05,0.15,29538.46153846154,335.92696912896054
0.07,0.15,29538.46153846154,340.0427841722811
0.09,0.15,29538.46153846154,343.57395014728013
0.11,0.15,29538.46153846154,346.5118360159951
0.13,0.15,29538.46153846154,348.8546372069524
0.15,0.15,29538.46153846154,350.6051057796184
0.17,0.15,29538.46153846154,351.7680661168378
0.19,0.15,29538.46153846154,352.3481606124316
0.21,0.15,29538.46153846154,352.3481606124315
0.23,0.15,29538.46153846154,351.7680661168379
0.25,0.15,29538.46153846154,350.60510577961844
0.27,0.15,29538.46153846154,348.8546372069524
0.29,0.15,29538.46153846154,346.5118360159952
0.31,0.15,29538.46153846154,343.5739501472802
0.33,0.15,29538.46153846154,340.0427841722811
0.35,0.15,29538.46153846154,335.9269691289606
0.37,0.15,29538.46153846154,331.2434738788354
0.39,0.15,29538.46153846154,326.0177627713088
0.01,0.17,29538.46153846154,326.1221017133758
0.03,0.17,29538.46153846154,331.5526819924097
0.05,0.17,29538.46153846154,336.430395897423
0.07,0.17,29538.46153846154,340.7241632171288
0.09,0.17,29538.46153846154,344.4127411762711
0.11,0.17,29538.46153846154,347.4845032837024
0.13,0.17,29538.46153846154,349.93572828795783
0.15,0.17,29538.46153846154,351.7680661168378
0.17,0.17,29538.46153846154,352.98578674599355
0.19,0.17,29538.46153846154,353.59329887441413
0.21,0.17,29538.46153846154,353.59329887441413
0.23,0.17,29538.46153846154,352.98578674599355
0.25,0.17,29538.46153846154,351.7680661168379
0.27,0.17,29538.46153846154,349.9357282879579
0.29,0.17,29538.46153846154,347.4845032837024
0.31,0.17,29538.46153846154,344.4127411762711
0.33,0.17,29538.46153846154,340.7241632171289
0.35,0.17,29538.46153846154,336.43039589742307
0.37,0.17,29538.46153846154,331.55268199240976
0.39,0.17,29538.46153846154,326.12210171337586
0.01,0.19,29538.46153846154,326.1740413650952
0.03,0.19,29538.46153846154,331.7066250005666
0.05,0.19,29538.46153846154,336.6810980269469
0.07,0.19,29538.46153846154,341.0636005330396
0.09,0.19,29538.46153846154,344.8307517525496
0.11,0.19,29538.46153846154,347.96940574477765
0.13,0.19,29538.46153846154,350.4748524103712
0.15,0.19,29538.46153846154,352.34816061243146
0.17,0.19,29538.46153846154,353.5932988744141
0.19,0.19,29538.46153846154,354.2145426403693
0.21,0.19,29538.46153846154,354.21454264036936
0.23,0.19,29538.46153846154,353.59329887441413
0.25,0.19,29538.46153846154,352.3481606124315
0.27,0.19,29538.46153846154,350.4748524103712
0.29,0.19,29538.46153846154,347.96940574477765
0.31,0.19,29538.46153846154,344.8307517525496
0.33,0.19,29538.46153846154,341.0636005330396
0.35,0.19,29538.46153846154,336.681098026947
0.37,0.19,29538.46153846154,331.70662500056665
0.39,0.19,29538.46153846154,326.1740413650952
0.01,0.21,29538.46153846154,326.1740413650952
0.03,0.21,29538.46153846154,331.70662500056665
0.05,0.21,29538.46153846154,336.6810980269469
0.07,0.21,29538.46153846154,341.0636005330396
0.09,0.21,29538.46153846154,344.83075175254965
0.11,0.21,29538.46153846154,347.9694057447776
0.13,0.21,29538.46153846154,350.4748524103712
0.15,0.21,29538.46153846154,352.34816061243146
0.17,0.21,29538.46153846154,353.593298874414
0.19,0.21,29538.46153846154,354.21454264036925
0.21,0.21,29538.46153846154,354.2145426403693
0.23,0.21,29538.46153846154,353.5932988744141
0.25,0.21,29538.46153846154,352.3481606124316
0.27,0.21,29538.46153846154,350.4748524103713
0.29,0.21,29538.46153846154,347.96940574477765
0.31,0.21,29538.46153846154,344.8307517525496
0.33,0.21,29538.46153846154,341.0636005330396
0.35,0.21,29538.46153846154,336.681098026947
0.37,0.21,29538.46153846154,331.70662500056665
0.39,0.21,29538.46153846154,326.1740413650952
0.01,0.23,29538.46153846154,326.1221017133758
0.03,0.23,29538.46153846154,331.5526819924097
0.05,0.23,29538.46153846154,336.4303958974229
0.07,0.23,29538.46153846154,340.7241632171288
0.09,0.23,29538.46153846154,344.4127411762711
0.11,0.23,29538.46153846154,347.4845032837024
0.13,0.23,29538.46153846154,349.9357282879578
0.15,0.23,29538.46153846154,351.7680661168377
0.17,0.23,29538.46153846154,352.98578674599344
0.19,0.23,29538.46153846154,353.593298874414
0.21,0.23,29538.46153846154,353.5932988744141
0.23,0.23,29538.46153846154,352.9857867459935
0.25,0.23,29538.46153846154,351.7680661168378
0.27,0.23,29538.46153846154,349.9357282879579
0.29,0.23,29538.46153846154,347.4845032837024
0.31,0.23,29538.46153846154,344.4127411762711
0.33,0.23,29538.46153846154,340.7241632171288
0.35,0.23,29538.46153846154,336.43039589742307
0.37,0.23,29538.46153846154,331.55268199240976
0.39,0.23,29538.46153846154,326.12210171337586
0.01,0.25,29538.46153846154,326.01776277130875
0.03,0.25,29538.46153846154,331.24347387883535
0.05,0.25,29538.46153846154,335.92696912896054
0.07,0.25,29538.46153846154,340.0427841722811
0.09,0.25,29538.46153846154,343.57395014728013
0.11,0.25,29538.46153846154,346.5118360159951
0.13,0.25,29538.46153846154,348.85463720695225
0.15,0.25,29538.46153846154,350.60510577961827
0.17,0.25,29538.46153846154,351.76806611683776
0.19,0.25,29538.46153846154,352.34816061243146
0.21,0.25,29538.46153846154,352.34816061243146
0.23,0.25,29538.46153846154,351.7680661168378
0.25,0.25,29538.46153846154,350.6051057796183
0.27,0.25,29538.46153846154,348.8546372069524
0.29,0.25,29538.46153846154,346.5118360159952
0.31,0.25,29538.46153846154,343.5739501472802
0.33,0.25,29538.46153846154,340.0427841722812
0.35,0.25,29538.46153846154,335.9269691289606
0.37,0.25,29538.46153846154,331.2434738788354
0.39,0.25,29538.46153846154,326.0177627713088
0.01,0.27,29538.46153846154,325.8601036204727
0.03,0.27,29538.46153846154,330.7763801550016
0.05,0.27,29538.46153846154,335.1668848212966
0.07,0.27,29538.46153846154,339.0147139846546
0.09,0.27,29538.46153846154,342.3092771247478
0.11,0.27,29538.46153846154,345.04629734976936
0.13,0.27,29538.46153846154,347.2266699300553
0.15,0.27,29538.46153846154,348.8546372069523
0.17,0.27,29538.46153846154,349.93572828795783
0.19,0.27,29538.46153846154,350.4748524103712
0.21,0.27,29538.46153846154,350.4748524103712
0.23,0.27,29538.46153846154,349.93572828795783
0.25,0.27,29538.46153846154,348.8546372069523
0.27,0.27,29538.46153846154,347.2266699300554
0.29,0.27,29538.46153846154,345.0462973497694
0.31,0.27,29538.46153846154,342.3092771247478
0.33,0.27,29538.46153846154,339.01471398465463
0.35,0.27,29538.46153846154,335.1668848212966
0.37,0.27,29538.46153846154,330.7763801550016
0.39,0.27,29538.46153846154,325.8601036204728
0.01,0.29,29538.46153846154,325.64769536614045
0.03,0.29,29538.46153846154,330.14742475970377
0.05,0.29,29538.46153846154,334.1443994289754
0.07,0.29,29538.46153846154,337.63335744459005
0.09,0.29,29538.46153846154,340.61205565166347
0.11,0.29,29538.46153846154,343.0816678429147
0.13,0.29,29538.46153846154,345.0462973497694
0.15,0.29,29538.46153846154,346.5118360159951
0.17,0.29,29538.46153846154,347.48450328370234
0.19,0.29,29538.46153846154,347.96940574477765
0.21,0.29,29538.46153846154,347.96940574477765
0.23,0.29,29538.46153846154,347.4845032837024
0.25,0.29,29538.46153846154,346.5118360159952
0.27,0.29,29538.46153846154,345.0462973497694
0.29,0.29,29538.46153846154,343.0816678429148
0.31,0.29,29538.46153846154,340.61205565166347
0.33,0.29,29538.46153846154,337.63335744459005
0.35,0.29,29538.46153846154,334.1443994289754
0.37,0.29,29538.46153846154,330.1474247597037
0.39,0.29,29538.46153846154,325.64769536614045
0.01,0.31,29538.46153846154,325.37839776569945
0.03,0.31,29538.46153846154,329.3508893331735
0.05,0.31,29538.46153846154,332.8517731760558
0.07,0.31,29538.46153846154,335.89056815871106
0.09,0.31,29538.46153846154,338.47493457854694
0.11,0.31,29538.46153846154,340.61205565166347
0.13,0.31,29538.46153846154,342.3092771247478
0.15,0.31,29538.46153846154,343.5739501472801
0.17,0.31,29538.46153846154,344.412741176271
0.19,0.31,29538.46153846154,344.8307517525496
0.21,0.31,29538.46153846154,344.83075175254965
0.23,0.31,29538.46153846154,344.4127411762711
0.25,0.31,29538.46153846154,343.57395014728013
0.27,0.31,29538.46153846154,342.3092771247478
0.29,0.31,29538.46153846154,340.61205565166347
0.31,0.31,29538.46153846154,338.47493457854694
0.33,0.31,29538.46153846154,335.89056815871106
0.35,0.31,29538.46153846154,332.8517731760558
0.37,0.31,29538.46153846154,329.35088933317354
0.39,0.31,29538.46153846154,325.3783977656995
0.01,0.33,29538.46153846154,325.04873505928606
0.03,0.33,29538.46153846154,328.3780935041602
0.05,0.33,29538.46153846154,331.2783259694819
0.07,0.33,29538.46153846154,333.77646789087913
0.09,0.33,29538.46153846154,335.89056815871106
0.11,0.33,29538.46153846154,337.63335744459
0.13,0.33,29538.46153846154,339.01471398465463
0.15,0.33,29538.46153846154,340.042784172281
0.17,0.33,29538.46153846154,340.7241632171288
0.19,0.33,29538.46153846154,341.0636005330396
0.21,0.33,29538.46153846154,341.0636005330396
0.23,0.33,29538.46153846154,340.7241632171288
0.25,0.33,29538.46153846154,340.042784172281
0.27,0.33,29538.46153846154,339.0147139846546
0.29,0.33,29538.46153846154,337.63335744459
0.31,0.33,29538.46153846154,335.89056815871106
0.33,0.33,29538.46153846154,333.7764678908792
0.35,0.33,29538.46153846154,331.2783259694819
0.37,0.33,29538.46153846154,328.37809350416023
0.39,0.33,29538.46153846154,325.04873505928606
0.01,0.35,29538.46153846154,324.6521477680535
0.03,0.35,29538.46153846154,327.21431703499763
0.05,0.35,29538.46153846154,329.4079882684377
0.07,0.35,29538.46153846154,331.2783259694819
0.09,0.35,29538.46153846154,332.8517731760558
0.11,0.35,29538.46153846154,334.1443994289754
0.13,0.35,29538.46153846154,335.16688482129666
0.15,0.35,29538.46153846154,335.92696912896054
0.17,0.35,29538.46153846154,336.4303958974229
0.19,0.35,29538.46153846154,336.68109802694687
0.21,0.35,29538.46153846154,336.68109802694687
0.23,0.35,29538.46153846154,336.430395897423
0.25,0.35,29538.46153846154,335.92696912896054
0.27,0.35,29538.46153846154,335.1668848212966
0.29,0.35,29538.46153846154,334.14439942897536
0.31,0.35,29538.46153846154,332.8517731760558
0.33,0.35,29538.46153846154,331.2783259694819
0.35,0.35,29538.46153846154,329.4079882684377
0.37,0.35,29538.46153846154,327.2143170349977
0.39,0.35,29538.46153846154,324.6521477680535
0.01,0.37,29538.46153846154,324.17389514155525
0.03,0.37,29538.46153846154,325.83171465245096
0.05,0.37,29538.46153846154,327.2143170349977
0.07,0.37,29538.46153846154,328.3780935041602
0.09,0.37,29538.46153846154,329.3508893331735
0.11,0.37,29538.46153846154,330.1474247597037
0.13,0.37,29538.46153846154,330.7763801550016
0.15,0.37,29538.46153846154,331.24347387883535
0.17,0.37,29538.46153846154,331.5526819924097
0.19,0.37,29538.46153846154,331.70662500056665
0.21,0.37,29538.46153846154,331.70662500056665
0.23,0.37,29538.46153846154,331.5526819924097
0.25,0.37,29538.46153846154,331.24347387883535
0.27,0.37,29538.46153846154,330.7763801550016
0.29,0.37,29538.46153846154,330.1474247597037
0.31,0.37,29538.46153846154,329.3508893331735
0.33,0.37,29538.46153846154,328.3780935041602
0.35,0.37,29538.46153846154,327.21431703499763
0.37,0.37,29538.46153846154,325.83171465245096
0.39,0.37,29538.46153846154,324.1738951415553
0.01,0.39,29538.46153846154,323.574329338227
0.03,0.39,29538.46153846154,324.1738951415553
0.05,0.39,29538.46153846154,324.6521477680536
0.07,0.39,29538.46153846154,325.04873505928606
0.09,0.39,29538.46153846154,325.37839776569945
0.11,0.39,29538.46153846154,325.6476953661404
0.13,0.39,29538.46153846154,325.8601036204727
0.15,0.39,29538.46153846154,326.01776277130875
0.17,0.39,29538.46153846154,326.1221017133758
0.19,0.39,29538.46153846154,326.1740413650952
0.21,0.39,29538.46153846154,326.1740413650952
0.23,0.39,29538.46153846154,326.1221017133758
0.25,0.39,29538.46153846154,326.01776277130875
0.27,0.39,29538.46153846154,325.8601036204727
0.29,0.39,29538.46153846154,325.6476953661404
0.31,0.39,29538.46153846154,325.3783977656995
0.33,0.39,29538.46153846154,325.04873505928606
0.35,0.39,29538.46153846154,324.6521477680535
0.37,0.39,29538.46153846154,324.1738951415553
0.39,0.39,29538.46153846154,323.5743293382271
0.01,0.01,31384.615384615387,323.54361055576584
0.03,0.01,31384.615384615387,324.10085037293084
0.05,0.01,31384.615384615387,324.5465333141331
0.07,0.01,31384.615384615387,324.9173187870273
0.09,0.01,31384.615384615387,325.226644679158
0.11,0.01,31384.615384615387,325.48025734147177
0.13,0.01,31384.615384615387,325.6809876768251
0.15,0.01,31384.615384615387,325.83042685054824
0.17,0.01,31384.615384615387,325.92955558306454
0.19,0.01,31384.615384615387,325.9789740195568
0.21,0.01,31384.615384615387,325.9789740195568
0.23,0.01,31384.615384615387,325.9295555830646
0.25,0.01,31384.615384615387,325.8304268505483
0.27,0.01,31384.615384615387,325.6809876768252
0.29,0.01,31384.615384615387,325.4802573414718
0.31,0.01,31384.615384615387,325.226644679158
0.33,0.01,31384.615384615387,324.9173187870273
0.35,0.01,31384.615384615387,324.54653331413306
0.37,0.01,31384.615384615387,324.1008503729308
0.39,0.01,31384.615384615387,323.54361055576584
0.01,0.03,31384.615384615387,324.10085037293084
0.03,0.03,31384.615384615387,325.64287796519443
0.05,0.03,31384.615384615387,326.93217045399547
0.07,0.03,31384.615384615387,328.02088014882787
0.09,0.03,31384.615384615387,328.934182612233
0.11,0.03,31384.615384615387,329.68473854227443
0.13,0.03,31384.615384615387,330.2794356264641
0.15,0.03,31384.615384615387,330.7224108135041
0.17,0.03,31384.615384615387,331.0163319327753
0.19,0.03,31384.615384615387,331.162878145393
0.21,0.03,31384.615384615387,331.162878145393
0.23,0.03,31384.615384615387,331.0163319327753
0.25,0.03,31384.615384615387,330.7224108135042
0.27,0.03,31384.615384615387,330.27943562646414
0.29,0.03,31384.615384615387,329.6847385422745
0.31,0.03,31384.615384615387,328.93418261223303
0.33,0.03,31384.615384615387,328.0208801488278
0.35,0.03,31384.615384615387,326.9321704539954
0.37,0.03,31384.615384615387,325.6428779651944
0.39,0.03,31384.615384615387,324.1008503729308
0.01,0.05,31384.615384615387,324.5465333141331
0.03,0.05,31384.615384615387,326.93217045399547
0.05,0.05,31384.615384615387,328.9797715437392
0.07,0.05,31384.615384615387,330.73109722207806
0.09,0.05,31384.615384615387,332.20965182319253
0.11,0.05,31384.615384615387,333.42873403489006
0.13,0.05,31384.615384615387,334.39635758171084
0.15,0.05,31384.615384615387,335.1178027400156
0.17,0.05,31384.615384615387,335.59673821483915
0.19,0.05,31384.615384615387,335.8355908705366
0.21,0.05,31384.615384615387,335.8355908705366
0.23,0.05,31384.615384615387,335.59673821483915
0.25,0.05,31384.615384615387,335.1178027400156
0.27,0.05,31384.615384615387,334.39635758171084
0.29,0.05,31384.615384615387,333.42873403489006
0.31,0.05,31384.615384615387,332.20965182319253
0.33,0.05,31384.615384615387,330.731097222078
0.35,0.05,31384.615384615387,328.9797715437391
0.37,0.05,31384.615384615387,326.9321704539954
0.39,0.05,31384.615384615387,324.54653331413306
0.01,0.07,31384.615384615387,324.91731878702734
0.03,0.07,31384.615384615387,328.0208801488279
0.05,0.07,31384.615384615387,330.73109722207806
0.07,0.07,31384.615384615387,333.0729141331353
0.09,0.07,31384.615384615387,335.0617047121367
0.11,0.07,31384.615384615387,336.70710665487144
0.13,0.07,31384.615384615387,338.01572133577
0.15,0.07,31384.615384615387,338.99253605038297
0.17,0.07,31384.615384615387,339.6414254670613
0.19,0.07,31384.615384615387,339.9651448595176
0.21,0.07,31384.615384615387,339.9651448595176
0.23,0.07,31384.615384615387,339.6414254670613
0.25,0.07,31384.615384615387,338.992536050383
0.27,0.07,31384.615384615387,338.01572133577
0.29,0.07,31384.615384615387,336.7071066548714
0.31,0.07,31384.615384615387,335.06170471213665
0.33,0.07,31384.615384615387,333.07291413313527
0.35,0.07,31384.615384615387,330.731097222078
0.37,0.07,31384.615384615387,328.0208801488278
0.39,0.07,31384.615384615387,324.9173187870272
0.01,0.09,31384.615384615387,325.226644679158
0.03,0.09,31384.615384615387,328.93418261223303
0.05,0.09,31384.615384615387,332.20965182319253
0.07,0.09,31384.615384615387,335.0617047121367
0.09,0.09,31384.615384615387,337.49575342638025
0.11,0.09,31384.615384615387,339.5157812473541
0.13,0.09,31384.615384615387,341.125444540401
0.15,0.09,31384.615384615387,342.3283984246316
0.17,0.09,31384.615384615387,343.1280668237796
0.19,0.09,31384.615384615387,343.5271525883852
0.21,0.09,31384.615384615387,343.52715258838526
0.23,0.09,31384.615384615387,343.1280668237796
0.25,0.09,31384.615384615387,342.3283984246316
0.27,0.09,31384.615384615387,341.12544454040096
0.29,0.09,31384.615384615387,339.5157812473541
0.31,0.09,31384.615384615387,337.49575342638025
0.33,0.09,31384.615384615387,335.06170471213665
0.35,0.09,31384.615384615387,332.2096518231925
0.37,0.09,31384.615384615387,328.934182612233
0.39,0.09,31384.615384615387,325.226644679158
0.01,0.11,31384.615384615387,325.48025734147177
0.03,0.11,31384.615384615387,329.6847385422745
0.05,0.11,31384.615384615387,333.42873403489006
0.07,0.11,31384.615384615387,336.70710665487144
0.09,0.11,31384.615384615387,339.51578124735414
0.11,0.11,31384.615384615387,341.8527210899473
0.13,0.11,31384.615384615387,343.7180613586009
0.15,0.11,31384.615384615387,345.1135946938275
0.17,0.11,31384.615384615387,346.0418895286381
0.19,0.11,31384.615384615387,346.50533068051175
0.21,0.11,31384.615384615387,346.5053306805118
0.23,0.11,31384.615384615387,346.0418895286381
0.25,0.11,31384.615384615387,345.1135946938275
0.27,0.11,31384.615384615387,343.7180613586009
0.29,0.11,31384.615384615387,341.8527210899473
0.31,0.11,31384.615384615387,339.51578124735414
0.33,0.11,31384.615384615387,336.70710665487144
0.35,0.11,31384.615384615387,333.42873403489
0.37,0.11,31384.615384615387,329.6847385422744
0.39,0.11,31384.615384615387,325.4802573414717
0.01,0.13,31384.615384615387,325.6809876768252
0.03,0.13,31384.615384615387,330.2794356264642
0.05,0.13,31384.615384615387,334.39635758171084
0.07,0.13,31384.615384615387,338.0157213357701
0.09,0.13,31384.615384615387,341.125444540401
0.11,0.13,31384.615384615387,343.7180613586009
0.13,0.13,31384.615384615387,345.79030850178697
0.15,0.13,31384.615384615387,347.3420328895861
0.17,0.13,31384.615384615387,348.3748038752195
0.19,0.13,31384.615384615387,348.89056114773484
0.21,0.13,31384.615384615387,348.89056114773484
0.23,0.13,31384.615384615387,348.3748038752195
0.25,0.13,31384.615384615387,347.3420328895861
0.27,0.13,31384.615384615387,345.79030850178697
0.29,0.13,31384.615384615387,343.7180613586009
0.31,0.13,31384.615384615387,341.125444540401
0.33,0.13,31384.615384615387,338.0157213357701
0.35,0.13,31384.615384615387,334.39635758171084
0.37,0.13,31384.615384615387,330.27943562646414
0.39,0.13,31384.615384615387,325.6809876768252
0.01,0.15,31384.615384615387,325.8304268505483
0.03,0.15,31384.615384615387,330.7224108135041
0.05,0.15,31384.615384615387,335.1178027400155
0.07,0.15,31384.615384615387,338.99253605038297
0.09,0.15,31384.615384615387,342.3283984246315
0.11,0.15,31384.615384615387,345.11359469382745
0.13,0.15,31384.615384615387,347.34203288958605
0.15,0.15,31384.615384615387,349.0118608345086
0.17,0.15,31384.615384615387,350.12372183512986
0.19,0.15,31384.615384615387,350.679109496552
0.21,0.15,31384.615384615387,350.67910949655203
0.23,0.15,31384.615384615387,350.1237218351299
0.25,0.15,31384.615384615387,349.01186083450864
0.27,0.15,31384.615384615387,347.3420328895861
0.29,0.15,31384.615384615387,345.1135946938275
0.31,0.15,31384.615384615387,342.3283984246316
0.33,0.15,31384.615384615387,338.99253605038297
0.35,0.15,31384.615384615387,335.1178027400155
0.37,0.15,31384.615384615387,330.7224108135041
0.39,0.15,31384.615384615387,325.8304268505483
0.01,0.17,31384.615384615387,325.9295555830646
0.03,0.17,31384.615384615387,331.0163319327753
0.05,0.17,31384.615384615387,335.59673821483915
0.07,0.17,31384.615384615387,339.6414254670613
0.09,0.17,31384.615384615387,343.12806682377953
0.11,0.17,31384.615384615387,346.041889528638
0.13,0.17,31384.615384615387,348.3748038752194
0.15,0.17,31384.615384615387,350.12372183512986
0.17,0.17,31384.615384615387,351.2885893859949
0.19,0.17,31384.615384615387,351.8705501115027
0.21,0.17,31384.615384615387,351.8705501115027
0.23,0.17,31384.615384615387,351.2885893859949
0.25,0.17,31384.615384615387,350.12372183512986
0.27,0.17,31384.615384615387,348.37480387521947
0.29,0.17,31384.615384615387,346.041889528638
0.31,0.17,31384.615384615387,343.1280668237796
0.33,0.17,31384.615384615387,339.64142546706125
0.35,0.17,31384.615384615387,335.5967382148391
0.37,0.17,31384.615384615387,331.01633193277524
0.39,0.17,31384.615384615387,325.9295555830646
0.01,0.19,31384.615384615387,325.97897401955686
0.03,0.19,31384.615384615387,331.1628781453929
0.05,0.19,31384.615384615387,335.8355908705366
0.07,0.19,31384.615384615387,339.9651448595176
0.09,0.19,31384.615384615387,343.52715258838515
0.11,0.19,31384.615384615387,346.50533068051163
0.13,0.19,31384.615384615387,348.8905611477348
0.15,0.19,31384.615384615387,350.679109496552
0.17,0.19,31384.615384615387,351.87055011150267
0.19,0.19,31384.615384615387,352.46583610070513
0.21,0.19,31384.615384615387,352.46583610070513
0.23,0.19,31384.615384615387,351.87055011150267
0.25,0.19,31384.615384615387,350.679109496552
0.27,0.19,31384.615384615387,348.8905611477348
0.29,0.19,31384.615384615387,346.50533068051163
0.31,0.19,31384.615384615387,343.5271525883852
0.33,0.19,31384.615384615387,339.9651448595175
0.35,0.19,31384.615384615387,335.8355908705365
0.37,0.19,31384.615384615387,331.16287814539294
0.39,0.19,31384.615384615387,325.97897401955686
0.01,0.21,31384.615384615387,325.97897401955686
0.03,0.21,31384.615384615387,331.1628781453929
0.05,0.21,31384.615384615387,335.8355908705365
0.07,0.21,31384.615384615387,339.9651448595175
0.09,0.21,31384.615384615387,343.52715258838515
0.11,0.21,31384.615384615387,346.50533068051163
0.13,0.21,31384.615384615387,348.8905611477348
0.15,0.21,31384.615384615387,350.679109496552
0.17,0.21,31384.615384615387,351.87055011150267
0.19,0.21,31384.615384615387,352.46583610070513
0.21,0.21,31384.615384615387,352.4658361007051
0.23,0.21,31384.615384615387,351.87055011150267
0.25,0.21,31384.615384615387,350.679109496552
0.27,0.21,31384.615384615387,348.8905611477348
0.29,0.21,31384.615384615387,346.50533068051163
0.31,0.21,31384.615384615387,343.5271525883852
0.33,0.21,31384.615384615387,339.9651448595176
0.35,0.21,31384.615384615387,335.8355908705366
0.37,0.21,31384.615384615387,331.16287814539294
0.39,0.21,31384.615384615387,325.97897401955686
0.01,0.23,31384.615384615387,325.9295555830646
0.03,0.23,31384.615384615387,331.01633193277524
0.05,0.23,31384.615384615387,335.5967382148391
0.07,0.23,31384.615384615387,339.64142546706125
0.09,0.23,31384.615384615387,343.12806682377953
0.11,0.23,31384.615384615387,346.041889528638
0.13,0.23,31384.615384615387,348.3748038752194
0.15,0.23,31384.615384615387,350.12372183512974
0.17,0.23,31384.615384615387,351.28858938599484
0.19,0.23,31384.615384615387,351.87055011150267
0.21,0.23,31384.615384615387,351.87055011150267
0.23,0.23,31384.615384615387,351.28858938599484
0.25,0.23,31384.615384615387,350.12372183512986
0.27,0.23,31384.615384615387,348.37480387521947
0.29,0.23,31384.615384615387,346.0418895286381
0.31,0.23,31384.615384615387,343.1280668237796
0.33,0.23,31384.615384615387,339.6414254670613
0.35,0.23,31384.615384615387,335.59673821483915
0.37,0.23,31384.615384615387,331.0163319327753
0.39,0.23,31384.615384615387,325.9295555830646
0.01,0.25,31384.615384615387,325.83042685054824
0.03,0.25,31384.615384615387,330.7224108135041
0.05,0.25,31384.615384615387,335.1178027400155
0.07,0.25,31384.615384615387,338.992536050383
0.09,0.25,31384.615384615387,342.3283984246316
0.11,0.25,31384.615384615387,345.11359469382745
0.13,0.25,31384.615384615387,347.342032889586
0.15,0.25,31384.615384615387,349.01186083450847
0.17,0.25,31384.615384615387,350.1237218351298
0.19,0.25,31384.615384615387,350.6791094965519
0.21,0.25,31384.615384615387,350.6791094965519
0.23,0.25,31384.615384615387,350.1237218351298
0.25,0.25,31384.615384615387,349.0118608345085
0.27,0.25,31384.615384615387,347.34203288958605
0.29,0.25,31384.615384615387,345.1135946938275
0.31,0.25,31384.615384615387,342.3283984246316
0.33,0.25,31384.615384615387,338.992536050383
0.35,0.25,31384.615384615387,335.1178027400156
0.37,0.25,31384.615384615387,330.7224108135041
0.39,0.25,31384.615384615387,325.8304268505483
0.01,0.27,31384.615384615387,325.6809876768252
0.03,0.27,31384.615384615387,330.27943562646414
0.05,0.27,31384.615384615387,334.39635758171084
0.07,0.27,31384.615384615387,338.01572133577
0.09,0.27,31384.615384615387,341.125444540401
0.11,0.27,31384.615384615387,343.7180613586009
0.13,0.27,31384.615384615387,345.7903085017869
0.15,0.27,31384.615384615387,347.342032889586
0.17,0.27,31384.615384615387,348.3748038752194
0.19,0.27,31384.615384615387,348.8905611477348
0.21,0.27,31384.615384615387,348.8905611477347
0.23,0.27,31384.615384615387,348.37480387521936
0.25,0.27,31384.615384615387,347.342032889586
0.27,0.27,31384.615384615387,345.7903085017869
0.29,0.27,31384.615384615387,343.7180613586009
0.31,0.27,31384.615384615387,341.1254445404011
0.33,0.27,31384.615384615387,338.0157213357701
0.35,0.27,31384.615384615387,334.39635758171084
0.37,0.27,31384.615384615387,330.2794356264641
0.39,0.27,31384.615384615387,325.6809876768252
0.01,0.29,31384.615384615387,325.48025734147177
0.03,0.29,31384.615384615387,329.6847385422745
0.05,0.29,31384.615384615387,333.42873403489006
0.07,0.29,31384.615384615387,336.70710665487144
0.09,0.29,31384.615384615387,339.5157812473541
0.11,0.29,31384.615384615387,341.8527210899473
0.13,0.29,31384.615384615387,343.7180613586009
0.15,0.29,31384.615384615387,345.11359469382745
0.17,0.29,31384.615384615387,346.041889528638
0.19,0.29,31384.615384615387,346.50533068051163
0.21,0.29,31384.615384615387,346.5053306805116
0.23,0.29,31384.615384615387,346.041889528638
0.25,0.29,31384.615384615387,345.11359469382745
0.27,0.29,31384.615384615387,343.7180613586009
0.29,0.29,31384.615384615387,341.8527210899473
0.31,0.29,31384.615384615387,339.51578124735414
0.33,0.29,31384.615384615387,336.7071066548715
0.35,0.29,31384.615384615387,333.42873403489006
0.37,0.29,31384.615384615387,329.6847385422745
0.39,0.29,31384.615384615387,325.48025734147177
0.01,0.31,31384.615384615387,325.226644679158
0.03,0.31,31384.615384615387,328.93418261223303
0.05,0.31,31384.615384615387,332.20965182319253
0.07,0.31,31384.615384615387,335.0617047121367
0.09,0.31,31384.615384615387,337.49575342638025
0.11,0.31,31384.615384615387,339.5157812473541
0.13,0.31,31384.615384615387,341.12544454040096
0.15,0.31,31384.615384615387,342.3283984246315
0.17,0.31,31384.615384615387,343.12806682377953
0.19,0.31,31384.615384615387,343.5271525883852
0.21,0.31,31384.615384615387,343.52715258838515
0.23,0.31,31384.615384615387,343.1280668237796
0.25,0.31,31384.615384615387,342.3283984246315
0.27,0.31,31384.615384615387,341.125444540401
0.29,0.31,31384.615384615387,339.51578124735414
0.31,0.31,31384.615384615387,337.49575342638025
0.33,0.31,31384.615384615387,335.0617047121367
0.35,0.31,31384.615384615387,332.20965182319253
0.37,0.31,31384.615384615387,328.93418261223303
0.39,0.31,31384.615384615387,325.226644679158
0.01,0.33,31384.615384615387,324.9173187870273
0.03,0.33,31384.615384615387,328.02088014882787
0.05,0.33,31384.615384615387,330.731097222078
0.07,0.33,31384.615384615387,333.07291413313527
0.09,0.33,31384.615384615387,335.06170471213665
0.11,0.33,31384.615384615387,336.70710665487144
0.13,0.33,31384.615384615387,338.01572133577
0.15,0.33,31384.615384615387,338.99253605038297
0.17,0.33,31384.615384615387,339.6414254670612
0.19,0.33,31384.615384615387,339.9651448595175
0.21,0.33,31384.615384615387,339.9651448595175
0.23,0.33,31384.615384615387,339.64142546706125
0.25,0.33,31384.615384615387,338.99253605038297
0.27,0.33,31384.615384615387,338.0157213357701
0.29,0.33,31384.615384615387,336.7071066548715
0.31,0.33,31384.615384615387,335.0617047121367
0.33,0.33,31384.615384615387,333.0729141331353
0.35,0.33,31384.615384615387,330.73109722207806
0.37,0.33,31384.615384615387,328.02088014882787
0.39,0.33,31384.615384615387,324.9173187870273
0.01,0.35,31384.615384615387,324.5465333141331
0.03,0.35,31384.615384615387,326.93217045399547
0.05,0.35,31384.615384615387,328.9797715437392
0.07,0.35,31384.615384615387,330.7310972220781
0.09,0.35,31384.615384615387,332.2096518231926
0.11,0.35,31384.615384615387,333.4287340348901
0.13,0.35,31384.615384615387,334.39635758171084
0.15,0.35,31384.615384615387,335.1178027400155
0.17,0.35,31384.615384615387,335.5967382148391
0.19,0.35,31384.615384615387,335.8355908705365
0.21,0.35,31384.615384615387,335.8355908705365
0.23,0.35,31384.615384615387,335.59673821483915
0.25,0.35,31384.615384615387,335.1178027400155
0.27,0.35,31384.615384615387,334.39635758171084
0.29,0.35,31384.615384615387,333.42873403489006
0.31,0.35,31384.615384615387,332.20965182319253
0.33,0.35,31384.615384615387,330.73109722207806
0.35,0.35,31384.615384615387,328.9797715437392
0.37,0.35,31384.615384615387,326.93217045399547
0.39,0.35,31384.615384615387,324.5465333141331
0.01,0.37,31384.615384615387,324.10085037293084
0.03,0.37,31384.615384615387,325.64287796519443
0.05,0.37,31384.615384615387,326.93217045399547
0.07,0.37,31384.615384615387,328.0208801488279
0.09,0.37,31384.615384615387,328.934182612233
0.11,0.37,31384.615384615387,329.6847385422745
0.13,0.37,31384.615384615387,330.27943562646414
0.15,0.37,31384.615384615387,330.7224108135042
0.17,0.37,31384.615384615387,331.0163319327753
0.19,0.37,31384.615384615387,331.1628781453929
0.21,0.37,31384.615384615387,331.1628781453929
0.23,0.37,31384.615384615387,331.0163319327753
0.25,0.37,31384.615384615387,330.7224108135041
0.27,0.37,31384.615384615387,330.2794356264641
0.29,0.37,31384.615384615387,329.68473854227443
0.31,0.37,31384.615384615387,328.934182612233
0.33,0.37,31384.615384615387,328.0208801488278
0.35,0.37,31384.615384615387,326.93217045399547
0.37,0.37,31384.615384615387,325.64287796519443
0.39,0.37,31384.615384615387,324.10085037293084
0.01,0.39,31384.615384615387,323.54361055576584
0.03,0.39,31384.615384615387,324.10085037293084
0.05,0.39,31384.615384615387,324.5465333141331
0.07,0.39,31384.615384615387,324.9173187870273
0.09,0.39,31384.615384615387,325.226644679158
0.11,0.39,31384.615384615387,325.48025734147177
0.13,0.39,31384.615384615387,325.6809876768252
0.15,0.39,31384.615384615387,325.8304268505483
0.17,0.39,31384.615384615387,325.92955558306454
0.19,0.39,31384.615384615387,325.9789740195568
0.21,0.39,31384.615384615387,325.9789740195568
0.23,0.39,31384.615384615387,325.9295555830646
0.25,0.39,31384.615384615387,325.83042685054824
0.27,0.39,31384.615384615387,325.6809876768251
0.29,0.39,31384.615384615387,325.4802573414717
0.31,0.39,31384.615384615387,325.226644679158
0.33,0.39,31384.615384615387,324.9173187870273
0.35,0.39,31384.615384615387,324.5465333141331
0.37,0.39,31384.615384615387,324.10085037293084
0.39,0.39,31384.615384615387,323.54361055576584
0.01,0.01,33230.769230769234,323.5158865437351
0.03,0.01,33230.769230769234,324.03436544072963
0.05,0.01,33230.769230769234,324.4497766940827
0.07,0.01,33230.769230769234,324.79619927815384
0.09,0.01,33230.769230769234,325.08599252755926
0.11,0.01,33230.769230769234,325.3242671551774
0.13,0.01,33230.769230769234,325.5133694453186
0.15,0.01,33230.769230769234,325.65448451103265
0.17,0.01,33230.769230769234,325.7482628383958
0.19,0.01,33230.769230769234,325.79506802494376
0.21,0.01,33230.769230769234,325.79506802494376
0.23,0.01,33230.769230769234,325.74826283839576
0.25,0.01,33230.769230769234,325.65448451103265
0.27,0.01,33230.769230769234,325.5133694453186
0.29,0.01,33230.769230769234,325.3242671551774
0.31,0.01,33230.769230769234,325.0859925275592
0.33,0.01,33230.769230769234,324.79619927815384
0.35,0.01,33230.769230769234,324.44977669408274
0.37,0.01,33230.769230769234,324.0343654407297
0.39,0.01,33230.769230769234,323.5158865437351
0.01,0.03,33230.769230769234,324.03436544072963
0.03,0.03,33230.769230769234,325.4698417227386
0.05,0.03,33230.769230769234,326.6721333578366
0.07,0.03,33230.769230769234,327.68978477867205
0.09,0.03,33230.769230769234,328.54581647844066
0.11,0.03,33230.769230769234,329.25131018076365
0.13,0.03,33230.769230769234,329.81181880539054
0.15,0.03,33230.769230769234,330.2303136606143
0.17,0.03,33230.769230769234,330.5084991845471
0.19,0.03,33230.769230769234,330.64735997657624
0.21,0.03,33230.769230769234,330.64735997657624
0.23,0.03,33230.769230769234,330.5084991845471
0.25,0.03,33230.769230769234,330.2303136606143
0.27,0.03,33230.769230769234,329.8118188053905
0.29,0.03,33230.769230769234,329.2513101807636
0.31,0.03,33230.769230769234,328.5458164784406
0.33,0.03,33230.769230769234,327.68978477867205
0.35,0.03,33230.769230769234,326.6721333578367
0.37,0.03,33230.769230769234,325.4698417227386
0.39,0.03,33230.769230769234,324.03436544072963
0.01,0.05,33230.769230769234,324.44977669408274
0.03,0.05,33230.769230769234,326.6721333578366
0.05,0.05,33230.769230769234,328.58295043739406
0.07,0.05,33230.769230769234,330.2211787765322
0.09,0.05,33230.769230769234,331.6080450472812
0.11,0.05,33230.769230769234,332.7547833728081
0.13,0.05,33230.769230769234,333.66745038039227
0.15,0.05,33230.769230769234,334.34952415997753
0.17,0.05,33230.769230769234,334.80314830408486
0.19,0.05,33230.769230769234,335.0296384213467
0.21,0.05,33230.769230769234,335.0296384213467
0.23,0.05,33230.769230769234,334.80314830408486
0.25,0.05,33230.769230769234,334.3495241599776
0.27,0.05,33230.769230769234,333.66745038039227
0.29,0.05,33230.769230769234,332.7547833728081
0.31,0.05,33230.769230769234,331.6080450472812
0.33,0.05,33230.769230769234,330.22117877653227
0.35,0.05,33230.769230769234,328.58295043739406
0.37,0.05,33230.769230769234,326.6721333578366
0.39,0.05,33230.769230769234,324.44977669408274
0.01,0.07,33230.769230769234,324.79619927815384
0.03,0.07,33230.769230769234,327.6897847786721
0.05,0.07,33230.769230769234,330.22117877653227
0.07,0.07,33230.769230769234,332.4137333549453
0.09,0.07,33230.769230769234,334.2808797991113
0.11,0.07,33230.769230769234,335.83003239293345
0.13,0.07,33230.769230769234,337.06542737752096
0.15,0.07,33230.769230769234,337.98975374041373
0.17,0.07,33230.769230769234,338.60489153461776
0.19,0.07,33230.769230769234,338.9121251908361
0.21,0.07,33230.769230769234,338.9121251908361
0.23,0.07,33230.769230769234,338.60489153461776
0.25,0.07,33230.769230769234,337.98975374041373
0.27,0.07,33230.769230769234,337.0654273775209
0.29,0.07,33230.769230769234,335.83003239293345
0.31,0.07,33230.769230769234,334.2808797991113
0.33,0.07,33230.769230769234,332.41373335494524
0.35,0.07,33230.769230769234,330.2211787765322
0.37,0.07,33230.769230769234,327.689784778672
0.39,0.07,33230.769230769234,324.7961992781538
0.01,0.09,33230.769230769234,325.08599252755926
0.03,0.09,33230.769230769234,328.54581647844066
0.05,0.09,33230.769230769234,331.6080450472812
0.07,0.09,33230.769230769234,334.28087979911135
0.09,0.09,33230.769230769234,336.5682584033676
0.11,0.09,33230.769230769234,338.4719545025493
0.13,0.09,33230.769230769234,339.99300656142066
0.15,0.09,33230.769230769234,341.1324000397058
0.17,0.09,33230.769230769234,341.891187946462
0.19,0.09,33230.769230769234,342.27030488741445
0.21,0.09,33230.769230769234,342.27030488741445
0.23,0.09,33230.769230769234,341.891187946462
0.25,0.09,33230.769230769234,341.1324000397057
0.27,0.09,33230.769230769234,339.99300656142054
0.29,0.09,33230.769230769234,338.4719545025492
0.31,0.09,33230.769230769234,336.5682584033675
0.33,0.09,33230.769230769234,334.28087979911123
0.35,0.09,33230.769230769234,331.6080450472812
0.37,0.09,33230.769230769234,328.5458164784406
0.39,0.09,33230.769230769234,325.08599252755926
0.01,0.11,33230.769230769234,325.3242671551774
0.03,0.11,33230.769230769234,329.2513101807636
0.05,0.11,33230.769230769234,332.75478337280816
0.07,0.11,33230.769230769234,335.8300323929335
0.09,0.11,33230.769230769234,338.4719545025493
0.11,0.11,33230.769230769234,340.6763846549509
0.13,0.11,33230.769230769234,342.44068567813963
0.15,0.11,33230.769230769234,343.763708210996
0.17,0.11,33230.769230769234,344.6453575048104
0.19,0.11,33230.769230769234,345.0860129811855
0.21,0.11,33230.769230769234,345.0860129811855
0.23,0.11,33230.769230769234,344.6453575048103
0.25,0.11,33230.769230769234,343.76370821099584
0.27,0.11,33230.769230769234,342.4406856781396
0.29,0.11,33230.769230769234,340.6763846549508
0.31,0.11,33230.769230769234,338.47195450254924
0.33,0.11,33230.769230769234,335.83003239293345
0.35,0.11,33230.769230769234,332.7547833728081
0.37,0.11,33230.769230769234,329.2513101807636
0.39,0.11,33230.769230769234,325.3242671551774
0.01,0.13,33230.769230769234,325.5133694453186
0.03,0.13,33230.769230769234,329.8118188053905
0.05,0.13,33230.769230769234,333.6674503803923
0.07,0.13,33230.769230769234,337.06542737752096
0.09,0.13,33230.769230769234,339.99300656142066
0.11,0.13,33230.769230769234,342.44068567813963
0.13,0.13,33230.769230769234,344.40233322720763
0.15,0.13,33230.769230769234,345.8746577009256
0.17,0.13,33230.769230769234,346.8563454906721
0.19,0.13,33230.769230769234,347.34714907655393
0.21,0.13,33230.769230769234,347.34714907655393
0.23,0.13,33230.769230769234,346.8563454906721
0.25,0.13,33230.769230769234,345.8746577009255
0.27,0.13,33230.769230769234,344.4023332272076
0.29,0.13,33230.769230769234,342.4406856781396
0.31,0.13,33230.769230769234,339.9930065614206
0.33,0.13,33230.769230769234,337.06542737752096
0.35,0.13,33230.769230769234,333.66745038039227
0.37,0.13,33230.769230769234,329.8118188053905
0.39,0.13,33230.769230769234,325.5133694453186
0.01,0.15,33230.769230769234,325.65448451103265
0.03,0.15,33230.769230769234,330.2303136606143
0.05,0.15,33230.769230769234,334.3495241599776
0.07,0.15,33230.769230769234,337.98975374041373
0.09,0.15,33230.769230769234,341.1324000397058
0.11,0.15,33230.769230769234,343.7637082109959
0.13,0.15,33230.769230769234,345.8746577009255
0.15,0.15,33230.769230769234,347.4601210864131
0.17,0.15,33230.769230769234,348.5177015636775
0.19,0.15,33230.769230769234,349.046573893844
0.21,0.15,33230.769230769234,349.046573893844
0.23,0.15,33230.769230769234,348.5177015636775
0.25,0.15,33230.769230769234,347.4601210864131
0.27,0.15,33230.769230769234,345.8746577009256
0.29,0.15,33230.769230769234,343.7637082109959
0.31,0.15,33230.769230769234,341.1324000397057
0.33,0.15,33230.769230769234,337.9897537404137
0.35,0.15,33230.769230769234,334.34952415997753
0.37,0.15,33230.769230769234,330.2303136606143
0.39,0.15,33230.769230769234,325.65448451103265
0.01,0.17,33230.769230769234,325.74826283839576
0.03,0.17,33230.769230769234,330.50849918454696
0.05,0.17,33230.769230769234,334.80314830408486
0.07,0.17,33230.769230769234,338.60489153461776
0.09,0.17,33230.769230769234,341.891187946462
0.11,0.17,33230.769230769234,344.6453575048103
0.13,0.17,33230.769230769234,346.856345490672
0.15,0.17,33230.769230769234,348.51770156367746
0.17,0.17,33230.769230769234,349.6262301743266
0.19,0.17,33230.769230769234,350.180670507703
0.21,0.17,33230.769230769234,350.180670507703
0.23,0.17,33230.769230769234,349.6262301743267
0.25,0.17,33230.769230769234,348.51770156367746
0.27,0.17,33230.769230769234,346.8563454906721
0.29,0.17,33230.769230769234,344.6453575048104
0.31,0.17,33230.769230769234,341.891187946462
0.33,0.17,33230.769230769234,338.6048915346177
0.35,0.17,33230.769230769234,334.8031483040848
0.37,0.17,33230.769230769234,330.508499184547
0.39,0.17,33230.769230769234,325.7482628383958
0.01,0.19,33230.769230769234,325.7950680249437
0.03,0.19,33230.769230769234,330.6473599765761
0.05,0.19,33230.769230769234,335.02963842134665
0.07,0.19,33230.769230769234,338.9121251908361
0.09,0.19,33230.769230769234,342.2703048874144
0.11,0.19,33230.769230769234,345.08601298118543
0.13,0.19,33230.769230769234,347.3471490765539
0.15,0.19,33230.769230769234,349.04657389384386
0.17,0.19,33230.769230769234,350.18067050770287
0.19,0.19,33230.769230769234,350.7479454892639
0.21,0.19,33230.769230769234,350.74794548926394
0.23,0.19,33230.769230769234,350.180670507703
0.25,0.19,33230.769230769234,349.04657389384386
0.27,0.19,33230.769230769234,347.3471490765539
0.29,0.19,33230.769230769234,345.08601298118543
0.31,0.19,33230.769230769234,342.2703048874144
0.33,0.19,33230.769230769234,338.9121251908361
0.35,0.19,33230.769230769234,335.02963842134665
0.37,0.19,33230.769230769234,330.6473599765762
0.39,0.19,33230.769230769234,325.79506802494376
0.01,0.21,33230.769230769234,325.7950680249437
0.03,0.21,33230.769230769234,330.6473599765761
0.05,0.21,33230.769230769234,335.0296384213466
0.07,0.21,33230.769230769234,338.91212519083604
0.09,0.21,33230.769230769234,342.27030488741434
0.11,0.21,33230.769230769234,345.0860129811854
0.13,0.21,33230.769230769234,347.3471490765538
0.15,0.21,33230.769230769234,349.04657389384386
0.17,0.21,33230.769230769234,350.18067050770287
0.19,0.21,33230.769230769234,350.7479454892639
0.21,0.21,33230.769230769234,350.7479454892639
0.23,0.21,33230.769230769234,350.1806705077029
0.25,0.21,33230.769230769234,349.0465738938438
0.27,0.21,33230.769230769234,347.3471490765539
0.29,0.21,33230.769230769234,345.0860129811854
0.31,0.21,33230.769230769234,342.27030488741434
0.33,0.21,33230.769230769234,338.91212519083604
0.35,0.21,33230.769230769234,335.02963842134665
0.37,0.21,33230.769230769234,330.6473599765762
0.39,0.21,33230.769230769234,325.79506802494376
0.01,0.23,33230.769230769234,325.74826283839576
0.03,0.23,33230.769230769234,330.50849918454696
0.05,0.23,33230.769230769234,334.80314830408474
0.07,0.23,33230.769230769234,338.60489153461765
0.09,0.23,33230.769230769234,341.8911879464619
0.11,0.23,33230.769230769234,344.6453575048103
0.13,0.23,33230.769230769234,346.856345490672
0.15,0.23,33230.769230769234,348.5177015636774
0.17,0.23,33230.769230769234,349.62623017432657
0.19,0.23,33230.769230769234,350.18067050770287
0.21,0.23,33230.769230769234,350.18067050770287
0.23,0.23,33230.769230769234,349.62623017432657
0.25,0.23,33230.769230769234,348.5177015636774
0.27,0.23,33230.769230769234,346.856345490672
0.29,0.23,33230.769230769234,344.6453575048103
0.31,0.23,33230.769230769234,341.8911879464619
0.33,0.23,33230.769230769234,338.60489153461765
0.35,0.23,33230.769230769234,334.80314830408474
0.37,0.23,33230.769230769234,330.508499184547
0.39,0.23,33230.769230769234,325.74826283839576
0.01,0.25,33230.769230769234,325.65448451103265
0.03,0.25,33230.769230769234,330.2303136606142
0.05,0.25,33230.769230769234,334.3495241599774
0.07,0.25,33230.769230769234,337.9897537404136
0.09,0.25,33230.769230769234,341.1324000397056
0.11,0.25,33230.769230769234,343.7637082109958
0.13,0.25,33230.769230769234,345.87465770092547
0.15,0.25,33230.769230769234,347.4601210864131
0.17,0.25,33230.769230769234,348.5177015636774
0.19,0.25,33230.769230769234,349.0465738938438
0.21,0.25,33230.769230769234,349.04657389384386
0.23,0.25,33230.769230769234,348.5177015636774
0.25,0.25,33230.769230769234,347.460121086413
0.27,0.25,33230.769230769234,345.8746577009255
0.29,0.25,33230.769230769234,343.76370821099584
0.31,0.25,33230.769230769234,341.13240003970566
0.33,0.25,33230.769230769234,337.9897537404136
0.35,0.25,33230.769230769234,334.3495241599775
0.37,0.25,33230.769230769234,330.2303136606143
0.39,0.25,33230.769230769234,325.65448451103265
0.01,0.27,33230.769230769234,325.5133694453186
0.03,0.27,33230.769230769234,329.81181880539043
0.05,0.27,33230.769230769234,333.6674503803921
0.07,0.27,33230.769230769234,337.06542737752085
0.09,0.27,33230.769230769234,339.9930065614205
0.11,0.27,33230.769230769234,342.44068567813946
0.13,0.27,33230.769230769234,344.4023332272075
0.15,0.27,33230.769230769234,345.8746577009255
0.17,0.27,33230.769230769234,346.856345490672
0.19,0.27,33230.769230769234,347.3471490765538
0.21,0.27,33230.769230769234,347.3471490765538
0.23,0.27,33230.769230769234,346.856345490672
0.25,0.27,33230.769230769234,345.87465770092547
0.27,0.27,33230.769230769234,344.4023332272075
0.29,0.27,33230.769230769234,342.4406856781395
0.31,0.27,33230.769230769234,339.9930065614205
0.33,0.27,33230.769230769234,337.0654273775209
0.35,0.27,33230.769230769234,333.6674503803922
0.37,0.27,33230.769230769234,329.8118188053905
0.39,0.27,33230.769230769234,325.5133694453186
0.01,0.29,33230.769230769234,325.32426715517744
0.03,0.29,33230.769230769234,329.25131018076365
0.05,0.29,33230.769230769234,332.7547833728081
0.07,0.29,33230.769230769234,335.8300323929335
0.09,0.29,33230.769230769234,338.4719545025492
0.11,0.29,33230.769230769234,340.6763846549508
0.13,0.29,33230.769230769234,342.4406856781395
0.15,0.29,33230.769230769234,343.76370821099584
0.17,0.29,33230.769230769234,344.6453575048103
0.19,0.29,33230.769230769234,345.0860129811854
0.21,0.29,33230.769230769234,345.08601298118543
0.23,0.29,33230.769230769234,344.6453575048103
0.25,0.29,33230.769230769234,343.76370821099584
0.27,0.29,33230.769230769234,342.4406856781396
0.29,0.29,33230.769230769234,340.6763846549508
0.31,0.29,33230.769230769234,338.4719545025492
0.33,0.29,33230.769230769234,335.83003239293345
0.35,0.29,33230.769230769234,332.75478337280816
0.37,0.29,33230.769230769234,329.2513101807636
0.39,0.29,33230.769230769234,325.3242671551774
0.01,0.31,33230.769230769234,325.0859925275593
0.03,0.31,33230.769230769234,328.5458164784407
0.05,0.31,33230.769230769234,331.60804504728134
0.07,0.31,33230.769230769234,334.28087979911135
0.09,0.31,33230.769230769234,336.5682584033675
0.11,0.31,33230.769230769234,338.4719545025492
0.13,0.31,33230.769230769234,339.99300656142054
0.15,0.31,33230.769230769234,341.1324000397057
0.17,0.31,33230.769230769234,341.891187946462
0.19,0.31,33230.769230769234,342.27030488741445
0.21,0.31,33230.769230769234,342.2703048874144
0.23,0.31,33230.769230769234,341.891187946462
0.25,0.31,33230.769230769234,341.13240003970566
0.27,0.31,33230.769230769234,339.9930065614206
0.29,0.31,33230.769230769234,338.47195450254924
0.31,0.31,33230.769230769234,336.5682584033675
0.33,0.31,33230.769230769234,334.2808797991113
0.35,0.31,33230.769230769234,331.6080450472813
0.37,0.31,33230.769230769234,328.54581647844066
0.39,0.31,33230.769230769234,325.0859925275593
0.01,0.33,33230.769230769234,324.7961992781539
0.03,0.33,33230.769230769234,327.6897847786721
0.05,0.33,33230.769230769234,330.2211787765323
0.07,0.33,33230.769230769234,332.4137333549454
0.09,0.33,33230.769230769234,334.2808797991113
0.11,0.33,33230.769230769234,335.83003239293345
0.13,0.33,33230.769230769234,337.0654273775209
0.15,0.33,33230.769230769234,337.98975374041373
0.17,0.33,33230.769230769234,338.60489153461776
0.19,0.33,33230.769230769234,338.9121251908361
0.21,0.33,33230.769230769234,338.9121251908361
0.23,0.33,33230.769230769234,338.6048915346177
0.25,0.33,33230.769230769234,337.9897537404137
0.27,0.33,33230.769230769234,337.06542737752096
0.29,0.33,33230.769230769234,335.8300323929335
0.31,0.33,33230.769230769234,334.28087979911135
0.33,0.33,33230.769230769234,332.4137333549453
0.35,0.33,33230.769230769234,330.22117877653227
0.37,0.33,33230.769230769234,327.6897847786721
0.39,0.33,33230.769230769234,324.79619927815384
0.01,0.35,33230.769230769234,324.44977669408274
0.03,0.35,33230.769230769234,326.6721333578367
0.05,0.35,33230.769230769234,328.5829504373941
0.07,0.35,33230.769230769234,330.2211787765323
0.09,0.35,33230.769230769234,331.60804504728134
0.11,0.35,33230.769230769234,332.75478337280816
0.13,0.35,33230.769230769234,333.66745038039227
0.15,0.35,33230.769230769234,334.34952415997753
0.17,0.35,33230.769230769234,334.80314830408486
0.19,0.35,33230.769230769234,335.0296384213467
0.21,0.35,33230.769230769234,335.0296384213467
0.23,0.35,33230.769230769234,334.8031483040848
0.25,0.35,33230.769230769234,334.34952415997753
0.27,0.35,33230.769230769234,333.66745038039227
0.29,0.35,33230.769230769234,332.75478337280816
0.31,0.35,33230.769230769234,331.6080450472813
0.33,0.35,33230.769230769234,330.22117877653227
0.35,0.35,33230.769230769234,328.5829504373941
0.37,0.35,33230.769230769234,326.67213335783674
0.39,0.35,33230.769230769234,324.44977669408274
0.01,0.37,33230.769230769234,324.0343654407297
0.03,0.37,33230.769230769234,325.4698417227386
0.05,0.37,33230.769230769234,326.6721333578367
0.07,0.37,33230.769230769234,327.6897847786721
0.09,0.37,33230.769230769234,328.5458164784407
0.11,0.37,33230.769230769234,329.25131018076365
0.13,0.37,33230.769230769234,329.81181880539054
0.15,0.37,33230.769230769234,330.2303136606143
0.17,0.37,33230.769230769234,330.5084991845471
0.19,0.37,33230.769230769234,330.64735997657624
0.21,0.37,33230.769230769234,330.64735997657624
0.23,0.37,33230.769230769234,330.5084991845471
0.25,0.37,33230.769230769234,330.2303136606143
0.27,0.37,33230.769230769234,329.8118188053905
0.29,0.37,33230.769230769234,329.25131018076365
0.31,0.37,33230.769230769234,328.54581647844066
0.33,0.37,33230.769230769234,327.68978477867205
0.35,0.37,33230.769230769234,326.6721333578367
0.37,0.37,33230.769230769234,325.4698417227386
0.39,0.37,33230.769230769234,324.0343654407297
0.01,0.39,33230.769230769234,323.5158865437351
0.03,0.39,33230.769230769234,324.0343654407297
0.05,0.39,33230.769230769234,324.44977669408274
0.07,0.39,33230.769230769234,324.79619927815384
0.09,0.39,33230.769230769234,325.08599252755926
0.11,0.39,33230.769230769234,325.32426715517744
0.13,0.39,33230.769230769234,325.5133694453186
0.15,0.39,33230.769230769234,325.6544845110327
0.17,0.39,33230.769230769234,325.74826283839576
0.19,0.39,33230.769230769234,325.79506802494376
0.21,0.39,33230.769230769234,325.79506802494376
0.23,0.39,33230.769230769234,325.74826283839576
0.25,0.39,33230.769230769234,325.65448451103265
0.27,0.39,33230.769230769234,325.5133694453186
0.29,0.39,33230.769230769234,325.32426715517744
0.31,0.39,33230.769230769234,325.08599252755926
0.33,0.39,33230.769230769234,324.79619927815384
0.35,0.39,33230.769230769234,324.44977669408274
0.37,0.39,33230.769230769234,324.0343654407297
0.39,0.39,33230.769230769234,323.5158865437352
0.01,0.01,35076.92307692308,323.4907601292539
0.03,0.01,35076.92307692308,323.97366814183243
0.05,0.01,35076.92307692308,324.3609555120044
0.07,0.01,35076.92307692308,324.6844535372815
0.09,0.01,35076.92307692308,324.9556192701778
0.11,0.01,35076.92307692308,325.17906363838733
0.13,0.01,35076.92307692308,325.35677007662144
0.15,0.01,35076.92307692308,325.48962658985414
0.17,0.01,35076.92307692308,325.5780437273462
0.19,0.01,35076.92307692308,325.6222133385205
0.21,0.01,35076.92307692308,325.6222133385205
0.23,0.01,35076.92307692308,325.57804372734626
0.25,0.01,35076.92307692308,325.48962658985425
0.27,0.01,35076.92307692308,325.3567700766215
0.29,0.01,35076.92307692308,325.17906363838733
0.31,0.01,35076.92307692308,324.9556192701778
0.33,0.01,35076.92307692308,324.6844535372815
0.35,0.01,35076.92307692308,324.3609555120044
0.37,0.01,35076.92307692308,323.97366814183243
0.39,0.01,35076.92307692308,323.4907601292539
0.01,0.03,35076.92307692308,323.97366814183243
0.03,0.03,35076.92307692308,325.31096621491525
0.05,0.03,35076.92307692308,326.4322197374339
0.07,0.03,35076.92307692308,327.3828721378265
0.09,0.03,35076.92307692308,328.18418741277844
0.11,0.03,35076.92307692308,328.84603410402804
0.13,0.03,35076.92307692308,329.3729781071856
0.15,0.03,35076.92307692308,329.7671421441073
0.17,0.03,35076.92307692308,330.02953174686394
0.19,0.03,35076.92307692308,330.1606271988537
0.21,0.03,35076.92307692308,330.1606271988537
0.23,0.03,35076.92307692308,330.02953174686394
0.25,0.03,35076.92307692308,329.76714214410737
0.27,0.03,35076.92307692308,329.37297810718565
0.29,0.03,35076.92307692308,328.8460341040281
0.31,0.03,35076.92307692308,328.1841874127785
0.33,0.03,35076.92307692308,327.3828721378266
0.35,0.03,35076.92307692308,326.4322197374339
0.37,0.03,35076.92307692308,325.31096621491525
0.39,0.03,35076.92307692308,323.97366814183243
0.01,0.05,35076.92307692308,324.36095551200447
0.03,0.05,35076.92307692308,326.4322197374339
0.05,0.05,35076.92307692308,328.21517652653114
0.07,0.05,35076.92307692308,329.7464323940416
0.09,0.05,35076.92307692308,331.0454397487994
0.11,0.05,35076.92307692308,332.1219024091154
0.13,0.05,35076.92307692308,332.9804581131831
0.15,0.05,35076.92307692308,333.6232847964582
0.17,0.05,35076.92307692308,334.0514236508904
0.19,0.05,35076.92307692308,334.2653842856198
0.21,0.05,35076.92307692308,334.2653842856198
0.23,0.05,35076.92307692308,334.05142365089046
0.25,0.05,35076.92307692308,333.62328479645834
0.27,0.05,35076.92307692308,332.9804581131832
0.29,0.05,35076.92307692308,332.1219024091155
0.31,0.05,35076.92307692308,331.0454397487994
0.33,0.05,35076.92307692308,329.7464323940417
0.35,0.05,35076.92307692308,328.2151765265312
0.37,0.05,35076.92307692308,326.4322197374339
0.39,0.05,35076.92307692308,324.36095551200447
0.01,0.07,35076.92307692308,324.6844535372816
0.03,0.07,35076.92307692308,327.3828721378266
0.05,0.07,35076.92307692308,329.7464323940416
0.07,0.07,35076.92307692308,331.7972702944633
0.09,0.07,35076.92307692308,333.54742273879344
0.11,0.07,35076.92307692308,335.0027346928475
0.13,0.07,35076.92307692308,336.16576888826245
0.15,0.07,35076.92307692308,337.0375747801775
0.17,0.07,35076.92307692308,337.61859774605546
0.19,0.07,35076.92307692308,337.909057479271
0.21,0.07,35076.92307692308,337.909057479271
0.23,0.07,35076.92307692308,337.6185977460555
0.25,0.07,35076.92307692308,337.03757478017764
0.27,0.07,35076.92307692308,336.16576888826256
0.29,0.07,35076.92307692308,335.00273469284764
0.31,0.07,35076.92307692308,333.5474227387936
0.33,0.07,35076.92307692308,331.7972702944633
0.35,0.07,35076.92307692308,329.7464323940417
0.37,0.07,35076.92307692308,327.3828721378266
0.39,0.07,35076.92307692308,324.6844535372816
0.01,0.09,35076.92307692308,324.9556192701778
0.03,0.09,35076.92307692308,328.18418741277844
0.05,0.09,35076.92307692308,331.0454397487994
0.07,0.09,35076.92307692308,333.5474227387935
0.09,0.09,35076.92307692308,335.69316943902163
0.11,0.09,35076.92307692308,337.48298565892446
0.13,0.09,35076.92307692308,338.9161050958672
0.15,0.09,35076.92307692308,339.9916309704726
0.17,0.09,35076.92307692308,340.7089200191161
0.19,0.09,35076.92307692308,341.06762980611234
0.21,0.09,35076.92307692308,341.06762980611234
0.23,0.09,35076.92307692308,340.70892001911614
0.25,0.09,35076.92307692308,339.99163097047267
0.27,0.09,35076.92307692308,338.9161050958672
0.29,0.09,35076.92307692308,337.4829856589245
0.31,0.09,35076.92307692308,335.69316943902163
0.33,0.09,35076.92307692308,333.54742273879344
0.35,0.09,35076.92307692308,331.0454397487994
0.37,0.09,35076.92307692308,328.1841874127785
0.39,0.09,35076.92307692308,324.95561927017786
0.01,0.11,35076.92307692308,325.1790636383873
0.03,0.11,35076.92307692308,328.846034104028
0.05,0.11,35076.92307692308,332.1219024091155
0.07,0.11,35076.92307692308,335.0027346928476
0.09,0.11,35076.92307692308,337.4829856589245
0.11,0.11,35076.92307692308,339.5571704671377
0.13,0.11,35076.92307692308,341.22078801996145
0.15,0.11,35076.92307692308,342.4706371366274
0.17,0.11,35076.92307692308,343.3047271839011
0.19,0.11,35076.92307692308,343.72199257851906
0.21,0.11,35076.92307692308,343.721992578519
0.23,0.11,35076.92307692308,343.3047271839011
0.25,0.11,35076.92307692308,342.4706371366273
0.27,0.11,35076.92307692308,341.22078801996145
0.29,0.11,35076.92307692308,339.55717046713767
0.31,0.11,35076.92307692308,337.48298565892446
0.33,0.11,35076.92307692308,335.0027346928475
0.35,0.11,35076.92307692308,332.1219024091155
0.37,0.11,35076.92307692308,328.84603410402804
0.39,0.11,35076.92307692308,325.17906363838733
0.01,0.13,35076.92307692308,325.35677007662144
0.03,0.13,35076.92307692308,329.3729781071856
0.05,0.13,35076.92307692308,332.98045811318315
0.07,0.13,35076.92307692308,336.16576888826256
0.09,0.13,35076.92307692308,338.9161050958672
0.11,0.13,35076.92307692308,341.22078801996145
0.13,0.13,35076.92307692308,343.071799571497
0.15,0.13,35076.92307692308,344.4636793444657
0.17,0.13,35076.92307692308,345.3930699628684
0.19,0.13,35076.92307692308,345.8581509613088
0.21,0.13,35076.92307692308,345.8581509613088
0.23,0.13,35076.92307692308,345.3930699628684
0.25,0.13,35076.92307692308,344.4636793444656
0.27,0.13,35076.92307692308,343.071799571497
0.29,0.13,35076.92307692308,341.2207880199614
0.31,0.13,35076.92307692308,338.91610509586707
0.33,0.13,35076.92307692308,336.16576888826245
0.35,0.13,35076.92307692308,332.98045811318315
0.37,0.13,35076.92307692308,329.3729781071856
0.39,0.13,35076.92307692308,325.3567700766215
0.01,0.15,35076.92307692308,325.4896265898542
0.03,0.15,35076.92307692308,329.7671421441073
0.05,0.15,35076.92307692308,333.6232847964582
0.07,0.15,35076.92307692308,337.0375747801776
0.09,0.15,35076.92307692308,339.9916309704726
0.11,0.15,35076.92307692308,342.47063713662726
0.13,0.15,35076.92307692308,344.4636793444656
0.15,0.15,35076.92307692308,345.963382389426
0.17,0.15,35076.92307692308,346.9652010879106
0.19,0.15,35076.92307692308,347.4666450322028
0.21,0.15,35076.92307692308,347.46664503220285
0.23,0.15,35076.92307692308,346.96520108791066
0.25,0.15,35076.92307692308,345.96338238942604
0.27,0.15,35076.92307692308,344.4636793444657
0.29,0.15,35076.92307692308,342.47063713662726
0.31,0.15,35076.92307692308,339.99163097047256
0.33,0.15,35076.92307692308,337.0375747801776
0.35,0.15,35076.92307692308,333.6232847964582
0.37,0.15,35076.92307692308,329.7671421441073
0.39,0.15,35076.92307692308,325.48962658985425
0.01,0.17,35076.92307692308,325.57804372734626
0.03,0.17,35076.92307692308,330.0295317468639
0.05,0.17,35076.92307692308,334.0514236508904
0.07,0.17,35076.92307692308,337.61859774605546
0.09,0.17,35076.92307692308,340.708920019116
0.11,0.17,35076.92307692308,343.30472718390104
0.13,0.17,35076.92307692308,345.3930699628684
0.15,0.17,35076.92307692308,346.9652010879106
0.17,0.17,35076.92307692308,348.01570955802214
0.19,0.17,35076.92307692308,348.54160959824947
0.21,0.17,35076.92307692308,348.54160959824947
0.23,0.17,35076.92307692308,348.0157095580222
0.25,0.17,35076.92307692308,346.96520108791066
0.27,0.17,35076.92307692308,345.3930699628684
0.29,0.17,35076.92307692308,343.30472718390104
0.31,0.17,35076.92307692308,340.7089200191161
0.33,0.17,35076.92307692308,337.6185977460554
0.35,0.17,35076.92307692308,334.0514236508904
0.37,0.17,35076.92307692308,330.02953174686394
0.39,0.17,35076.92307692308,325.57804372734626
0.01,0.19,35076.92307692308,325.6222133385205
0.03,0.19,35076.92307692308,330.16062719885366
0.05,0.19,35076.92307692308,334.26538428561975
0.07,0.19,35076.92307692308,337.9090574792709
0.09,0.19,35076.92307692308,341.0676298061122
0.11,0.19,35076.92307692308,343.7219925785189
0.13,0.19,35076.92307692308,345.85815096130875
0.15,0.19,35076.92307692308,347.4666450322028
0.17,0.19,35076.92307692308,348.54160959824947
0.19,0.19,35076.92307692308,349.07979685398226
0.21,0.19,35076.92307692308,349.0797968539822
0.23,0.19,35076.92307692308,348.54160959824947
0.25,0.19,35076.92307692308,347.4666450322029
0.27,0.19,35076.92307692308,345.85815096130887
0.29,0.19,35076.92307692308,343.721992578519
0.31,0.19,35076.92307692308,341.0676298061123
0.33,0.19,35076.92307692308,337.9090574792709
0.35,0.19,35076.92307692308,334.26538428561975
0.37,0.19,35076.92307692308,330.1606271988537
0.39,0.19,35076.92307692308,325.62221333852057
0.01,0.21,35076.92307692308,325.6222133385205
0.03,0.21,35076.92307692308,330.16062719885366
0.05,0.21,35076.92307692308,334.26538428561975
0.07,0.21,35076.92307692308,337.9090574792709
0.09,0.21,35076.92307692308,341.0676298061122
0.11,0.21,35076.92307692308,343.7219925785189
0.13,0.21,35076.92307692308,345.85815096130875
0.15,0.21,35076.92307692308,347.46664503220273
0.17,0.21,35076.92307692308,348.54160959824947
0.19,0.21,35076.92307692308,349.07979685398226
0.21,0.21,35076.92307692308,349.0797968539822
0.23,0.21,35076.92307692308,348.54160959824947
0.25,0.21,35076.92307692308,347.46664503220285
0.27,0.21,35076.92307692308,345.8581509613088
0.29,0.21,35076.92307692308,343.721992578519
0.31,0.21,35076.92307692308,341.0676298061123
0.33,0.21,35076.92307692308,337.9090574792709
0.35,0.21,35076.92307692308,334.2653842856198
0.37,0.21,35076.92307692308,330.1606271988537
0.39,0.21,35076.92307692308,325.62221333852057
0.01,0.23,35076.92307692308,325.5780437273462
0.03,0.23,35076.92307692308,330.0295317468639
0.05,0.23,35076.92307692308,334.0514236508904
0.07,0.23,35076.92307692308,337.61859774605546
0.09,0.23,35076.92307692308,340.70892001911614
0.11,0.23,35076.92307692308,343.3047271839011
0.13,0.23,35076.92307692308,345.3930699628684
0.15,0.23,35076.92307692308,346.9652010879105
0.17,0.23,35076.92307692308,348.0157095580221
0.19,0.23,35076.92307692308,348.5416095982494
0.21,0.23,35076.92307692308,348.5416095982494
0.23,0.23,35076.92307692308,348.01570955802214
0.25,0.23,35076.92307692308,346.96520108791054
0.27,0.23,35076.92307692308,345.3930699628684
0.29,0.23,35076.92307692308,343.3047271839011
0.31,0.23,35076.92307692308,340.7089200191161
0.33,0.23,35076.92307692308,337.6185977460554
0.35,0.23,35076.92307692308,334.0514236508904
0.37,0.23,35076.92307692308,330.02953174686394
0.39,0.23,35076.92307692308,325.57804372734626
0.01,0.25,35076.92307692308,325.4896265898542
0.03,0.25,35076.92307692308,329.7671421441073
0.05,0.25,35076.92307692308,333.6232847964583
0.07,0.25,35076.92307692308,337.03757478017764
0.09,0.25,35076.92307692308,339.99163097047267
0.11,0.25,35076.92307692308,342.4706371366273
0.13,0.25,35076.92307692308,344.4636793444656
0.15,0.25,35076.92307692308,345.963382389426
0.17,0.25,35076.92307692308,346.9652010879105
0.19,0.25,35076.92307692308,347.46664503220273
0.21,0.25,35076.92307692308,347.46664503220273
0.23,0.25,35076.92307692308,346.96520108791054
0.25,0.25,35076.92307692308,345.963382389426
0.27,0.25,35076.92307692308,344.4636793444656
0.29,0.25,35076.92307692308,342.47063713662726
0.31,0.25,35076.92307692308,339.9916309704726
0.33,0.25,35076.92307692308,337.0375747801775
0.35,0.25,35076.92307692308,333.6232847964582
0.37,0.25,35076.92307692308,329.7671421441073
0.39,0.25,35076.92307692308,325.4896265898542
0.01,0.27,35076.92307692308,325.35677007662144
0.03,0.27,35076.92307692308,329.3729781071856
0.05,0.27,35076.92307692308,332.9804581131832
0.07,0.27,35076.92307692308,336.16576888826256
0.09,0.27,35076.92307692308,338.91610509586724
0.11,0.27,35076.92307692308,341.2207880199615
0.13,0.27,35076.92307692308,343.0717995714971
0.15,0.27,35076.92307692308,344.4636793444656
0.17,0.27,35076.92307692308,345.3930699628683
0.19,0.27,35076.92307692308,345.85815096130875
0.21,0.27,35076.92307692308,345.85815096130875
0.23,0.27,35076.92307692308,345.3930699628684
0.25,0.27,35076.92307692308,344.4636793444656
0.27,0.27,35076.92307692308,343.071799571497
0.29,0.27,35076.92307692308,341.22078801996145
0.31,0.27,35076.92307692308,338.9161050958672
0.33,0.27,35076.92307692308,336.16576888826245
0.35,0.27,35076.92307692308,332.9804581131831
0.37,0.27,35076.92307692308,329.3729781071856
0.39,0.27,35076.92307692308,325.35677007662144
0.01,0.29,35076.92307692308,325.17906363838733
0.03,0.29,35076.92307692308,328.84603410402804
0.05,0.29,35076.92307692308,332.1219024091155
0.07,0.29,35076.92307692308,335.00273469284764
0.09,0.29,35076.92307692308,337.4829856589246
0.11,0.29,35076.92307692308,339.5571704671378
0.13,0.29,35076.92307692308,341.2207880199615
0.15,0.29,35076.92307692308,342.4706371366273
0.17,0.29,35076.92307692308,343.30472718390104
0.19,0.29,35076.92307692308,343.7219925785189
0.21,0.29,35076.92307692308,343.721992578519
0.23,0.29,35076.92307692308,343.3047271839011
0.25,0.29,35076.92307692308,342.4706371366273
0.27,0.29,35076.92307692308,341.2207880199615
0.29,0.29,35076.92307692308,339.5571704671377
0.31,0.29,35076.92307692308,337.4829856589245
0.33,0.29,35076.92307692308,335.0027346928475
0.35,0.29,35076.92307692308,332.1219024091154
0.37,0.29,35076.92307692308,328.846034104028
0.39,0.29,35076.92307692308,325.1790636383873
0.01,0.31,35076.92307692308,324.9556192701778
0.03,0.31,35076.92307692308,328.1841874127785
0.05,0.31,35076.92307692308,331.0454397487995
0.07,0.31,35076.92307692308,333.5474227387936
0.09,0.31,35076.92307692308,335.6931694390217
0.11,0.31,35076.92307692308,337.4829856589246
0.13,0.31,35076.92307692308,338.91610509586724
0.15,0.31,35076.92307692308,339.9916309704726
0.17,0.31,35076.92307692308,340.7089200191161
0.19,0.31,35076.92307692308,341.0676298061123
0.21,0.31,35076.92307692308,341.0676298061123
0.23,0.31,35076.92307692308,340.70892001911614
0.25,0.31,35076.92307692308,339.9916309704726
0.27,0.31,35076.92307692308,338.9161050958672
0.29,0.31,35076.92307692308,337.4829856589245
0.31,0.31,35076.92307692308,335.69316943902163
0.33,0.31,35076.92307692308,333.54742273879344
0.35,0.31,35076.92307692308,331.0454397487994
0.37,0.31,35076.92307692308,328.18418741277844
0.39,0.31,35076.92307692308,324.9556192701778
0.01,0.33,35076.92307692308,324.6844535372816
0.03,0.33,35076.92307692308,327.38287213782667
0.05,0.33,35076.92307692308,329.7464323940417
0.07,0.33,35076.92307692308,331.79727029446343
0.09,0.33,35076.92307692308,333.5474227387936
0.11,0.33,35076.92307692308,335.00273469284764
0.13,0.33,35076.92307692308,336.16576888826256
0.15,0.33,35076.92307692308,337.0375747801776
0.17,0.33,35076.92307692308,337.6185977460554
0.19,0.33,35076.92307692308,337.9090574792709
0.21,0.33,35076.92307692308,337.909057479271
0.23,0.33,35076.92307692308,337.61859774605546
0.25,0.33,35076.92307692308,337.03757478017764
0.27,0.33,35076.92307692308,336.1657688882626
0.29,0.33,35076.92307692308,335.00273469284764
0.31,0.33,35076.92307692308,333.5474227387935
0.33,0.33,35076.92307692308,331.7972702944633
0.35,0.33,35076.92307692308,329.7464323940416
0.37,0.33,35076.92307692308,327.3828721378266
0.39,0.33,35076.92307692308,324.6844535372815
0.01,0.35,35076.92307692308,324.36095551200447
0.03,0.35,35076.92307692308,326.432219737434
0.05,0.35,35076.92307692308,328.21517652653125
0.07,0.35,35076.92307692308,329.7464323940417
0.09,0.35,35076.92307692308,331.0454397487995
0.11,0.35,35076.92307692308,332.1219024091155
0.13,0.35,35076.92307692308,332.98045811318315
0.15,0.35,35076.92307692308,333.6232847964583
0.17,0.35,35076.92307692308,334.0514236508904
0.19,0.35,35076.92307692308,334.2653842856198
0.21,0.35,35076.92307692308,334.2653842856198
0.23,0.35,35076.92307692308,334.05142365089046
0.25,0.35,35076.92307692308,333.6232847964584
0.27,0.35,35076.92307692308,332.98045811318326
0.29,0.35,35076.92307692308,332.1219024091155
0.31,0.35,35076.92307692308,331.0454397487994
0.33,0.35,35076.92307692308,329.7464323940417
0.35,0.35,35076.92307692308,328.2151765265312
0.37,0.35,35076.92307692308,326.4322197374339
0.39,0.35,35076.92307692308,324.36095551200447
0.01,0.37,35076.92307692308,323.9736681418325
0.03,0.37,35076.92307692308,325.3109662149153
0.05,0.37,35076.92307692308,326.4322197374339
0.07,0.37,35076.92307692308,327.3828721378266
0.09,0.37,35076.92307692308,328.1841874127785
0.11,0.37,35076.92307692308,328.84603410402804
0.13,0.37,35076.92307692308,329.3729781071856
0.15,0.37,35076.92307692308,329.76714214410737
0.17,0.37,35076.92307692308,330.02953174686394
0.19,0.37,35076.92307692308,330.1606271988538
0.21,0.37,35076.92307692308,330.1606271988538
0.23,0.37,35076.92307692308,330.029531746864
0.25,0.37,35076.92307692308,329.7671421441074
0.27,0.37,35076.92307692308,329.37297810718565
0.29,0.37,35076.92307692308,328.8460341040281
0.31,0.37,35076.92307692308,328.1841874127785
0.33,0.37,35076.92307692308,327.3828721378266
0.35,0.37,35076.92307692308,326.4322197374339
0.37,0.37,35076.92307692308,325.3109662149153
0.39,0.37,35076.92307692308,323.9736681418325
0.01,0.39,35076.92307692308,323.49076012925394
0.03,0.39,35076.92307692308,323.9736681418325
0.05,0.39,35076.92307692308,324.36095551200447
0.07,0.39,35076.92307692308,324.6844535372815
0.09,0.39,35076.92307692308,324.9556192701778
0.11,0.39,35076.92307692308,325.17906363838733
0.13,0.39,35076.92307692308,325.3567700766215
0.15,0.39,35076.92307692308,325.48962658985425
0.17,0.39,35076.92307692308,325.57804372734626
0.19,0.39,35076.92307692308,325.62221333852057
0.21,0.39,35076.92307692308,325.62221333852057
0.23,0.39,35076.92307692308,325.57804372734626
0.25,0.39,35076.92307692308,325.4896265898542
0.27,0.39,35076.92307692308,325.3567700766215
0.29,0.39,35076.92307692308,325.17906363838733
0.31,0.39,35076.92307692308,324.9556192701778
0.33,0.39,35076.92307692308,324.6844535372816
0.35,0.39,35076.92307692308,324.36095551200447
0.37,0.39,35076.92307692308,323.9736681418325
0.39,0.39,35076.92307692308,323.49076012925394
0.01,0.01,36923.07692307692,323.46790608578584
0.03,0.01,36923.07692307692,323.9181125060621
0.05,0.01,36923.07692307692,324.2792787021384
0.07,0.01,36923.07692307692,324.5812627704614
0.09,0.01,36923.07692307692,324.83475950508955
0.11,0.01,36923.07692307692,325.0439846728975
0.13,0.01,36923.07692307692,325.2106515302031
0.15,0.01,36923.07692307692,325.33543380002783
0.17,0.01,36923.07692307692,325.4185709306134
0.19,0.01,36923.07692307692,325.46013257874256
0.21,0.01,36923.07692307692,325.46013257874256
0.23,0.01,36923.07692307692,325.4185709306133
0.25,0.01,36923.07692307692,325.3354338000279
0.27,0.01,36923.07692307692,325.21065153020305
0.29,0.01,36923.07692307692,325.0439846728975
0.31,0.01,36923.07692307692,324.83475950508955
0.33,0.01,36923.07692307692,324.5812627704614
0.35,0.01,36923.07692307692,324.2792787021384
0.37,0.01,36923.07692307692,323.91811250606213
0.39,0.01,36923.07692307692,323.46790608578584
0.01,0.03,36923.07692307692,323.9181125060621
0.03,0.03,36923.07692307692,325.1648446957283
0.05,0.03,36923.07692307692,326.2106693144308
0.07,0.03,36923.07692307692,327.0983408031781
0.09,0.03,36923.07692307692,327.8476783032211
0.11,0.03,36923.07692307692,328.4676169245902
0.13,0.03,36923.07692307692,328.96199978073093
0.15,0.03,36923.07692307692,329.3323421986367
0.17,0.03,36923.07692307692,329.5791527125096
0.19,0.03,36923.07692307692,329.70255303175367
0.21,0.03,36923.07692307692,329.70255303175367
0.23,0.03,36923.07692307692,329.5791527125096
0.25,0.03,36923.07692307692,329.33234219863675
0.27,0.03,36923.07692307692,328.96199978073093
0.29,0.03,36923.07692307692,328.4676169245902
0.31,0.03,36923.07692307692,327.8476783032212
0.33,0.03,36923.07692307692,327.0983408031782
0.35,0.03,36923.07692307692,326.2106693144308
0.37,0.03,36923.07692307692,325.1648446957282
0.39,0.03,36923.07692307692,323.9181125060621
0.01,0.05,36923.07692307692,324.2792787021384
0.03,0.05,36923.07692307692,326.21066931443085
0.05,0.05,36923.07692307692,327.8742694997424
0.07,0.05,36923.07692307692,329.3047104369604
0.09,0.05,36923.07692307692,330.5200563778408
0.11,0.05,36923.07692307692,331.5288860707808
0.13,0.05,36923.07692307692,332.33482649863447
0.15,0.05,36923.07692307692,332.9391376217865
0.17,0.05,36923.07692307692,333.34208154736586
0.19,0.05,36923.07692307692,333.5435963081404
0.21,0.05,36923.07692307692,333.5435963081404
0.23,0.05,36923.07692307692,333.3420815473659
0.25,0.05,36923.07692307692,332.93913762178653
0.27,0.05,36923.07692307692,332.33482649863447
0.29,0.05,36923.07692307692,331.52888607078086
0.31,0.05,36923.07692307692,330.52005637784083
0.33,0.05,36923.07692307692,329.3047104369604
0.35,0.05,36923.07692307692,327.87426949974247
0.37,0.05,36923.07692307692,326.2106693144308
0.39,0.05,36923.07692307692,324.2792787021384
0.01,0.07,36923.07692307692,324.5812627704614
0.03,0.07,36923.07692307692,327.09834080317813
0.05,0.07,36923.07692307692,329.3047104369604
0.07,0.07,36923.07692307692,331.22157705097186
0.09,0.07,36923.07692307692,332.85999483455834
0.11,0.07,36923.07692307692,334.22473165829217
0.13,0.07,36923.07692307692,335.317200284327
0.15,0.07,36923.07692307692,336.13731263026386
0.17,0.07,36923.07692307692,336.6845086470952
0.19,0.07,36923.07692307692,336.958256066469
0.21,0.07,36923.07692307692,336.958256066469
0.23,0.07,36923.07692307692,336.6845086470952
0.25,0.07,36923.07692307692,336.1373126302639
0.27,0.07,36923.07692307692,335.31720028432704
0.29,0.07,36923.07692307692,334.22473165829217
0.31,0.07,36923.07692307692,332.85999483455834
0.33,0.07,36923.07692307692,331.22157705097186
0.35,0.07,36923.07692307692,329.3047104369604
0.37,0.07,36923.07692307692,327.09834080317813
0.39,0.07,36923.07692307692,324.5812627704615
0.01,0.09,36923.07692307692,324.83475950508955
0.03,0.09,36923.07692307692,327.8476783032211
0.05,0.09,36923.07692307692,330.5200563778408
0.07,0.09,36923.07692307692,332.85999483455834
0.09,0.09,36923.07692307692,334.87004153883345
0.11,0.09,36923.07692307692,336.5495890924287
0.13,0.09,36923.07692307692,337.8966812827529
0.15,0.09,36923.07692307692,338.9091399205646
0.17,0.09,36923.07692307692,339.5851439547164
0.19,0.09,36923.07692307692,339.92345340835845
0.21,0.09,36923.07692307692,339.92345340835845
0.23,0.09,36923.07692307692,339.58514395471644
0.25,0.09,36923.07692307692,338.9091399205646
0.27,0.09,36923.07692307692,337.896681282753
0.29,0.09,36923.07692307692,336.5495890924287
0.31,0.09,36923.07692307692,334.87004153883345
0.33,0.09,36923.07692307692,332.8599948345583
0.35,0.09,36923.07692307692,330.5200563778408
0.37,0.09,36923.07692307692,327.8476783032211
0.39,0.09,36923.07692307692,324.83475950508955
0.01,0.11,36923.07692307692,325.0439846728975
0.03,0.11,36923.07692307692,328.4676169245902
0.05,0.11,36923.07692307692,331.5288860707808
0.07,0.11,36923.07692307692,334.2247316582921
0.09,0.11,36923.07692307692,336.5495890924287
0.11,0.11,36923.07692307692,338.4972554376868
0.13,0.11,36923.07692307692,340.06205237006304
0.15,0.11,36923.07692307692,341.2394072417797
0.17,0.11,36923.07692307692,342.026024774784
0.19,0.11,36923.07692307692,342.4198286965471
0.21,0.11,36923.07692307692,342.41982869654703
0.23,0.11,36923.07692307692,342.026024774784
0.25,0.11,36923.07692307692,341.23940724177976
0.27,0.11,36923.07692307692,340.06205237006304
0.29,0.11,36923.07692307692,338.4972554376868
0.31,0.11,36923.07692307692,336.5495890924286
0.33,0.11,36923.07692307692,334.2247316582921
0.35,0.11,36923.07692307692,331.52888607078086
0.37,0.11,36923.07692307692,328.4676169245902
0.39,0.11,36923.07692307692,325.0439846728975
0.01,0.13,36923.07692307692,325.21065153020305
0.03,0.13,36923.07692307692,328.9619997807309
0.05,0.13,36923.07692307692,332.3348264986344
0.07,0.13,36923.07692307692,335.317200284327
0.09,0.13,36923.07692307692,337.89668128275287
0.11,0.13,36923.07692307692,340.06205237006304
0.13,0.13,36923.07692307692,341.80415110804665
0.15,0.13,36923.07692307692,343.11609048183993
0.17,0.13,36923.07692307692,343.9931176093013
0.19,0.13,36923.07692307692,344.43231653999635
0.21,0.13,36923.07692307692,344.43231653999635
0.23,0.13,36923.07692307692,343.9931176093013
0.25,0.13,36923.07692307692,343.11609048183993
0.27,0.13,36923.07692307692,341.80415110804665
0.29,0.13,36923.07692307692,340.062052370063
0.31,0.13,36923.07692307692,337.8966812827528
0.33,0.13,36923.07692307692,335.31720028432693
0.35,0.13,36923.07692307692,332.33482649863447
0.37,0.13,36923.07692307692,328.9619997807309
0.39,0.13,36923.07692307692,325.21065153020305
0.01,0.15,36923.07692307692,325.33543380002783
0.03,0.15,36923.07692307692,329.3323421986367
0.05,0.15,36923.07692307692,332.9391376217865
0.07,0.15,36923.07692307692,336.13731263026386
0.09,0.15,36923.07692307692,338.9091399205645
0.11,0.15,36923.07692307692,341.23940724177965
0.13,0.15,36923.07692307692,343.1160904818399
0.15,0.15,36923.07692307692,344.5303545640914
0.17,0.15,36923.07692307692,345.4761962539823
0.19,0.15,36923.07692307692,345.94996932133427
0.21,0.15,36923.07692307692,345.94996932133427
0.23,0.15,36923.07692307692,345.4761962539824
0.25,0.15,36923.07692307692,344.5303545640915
0.27,0.15,36923.07692307692,343.1160904818399
0.29,0.15,36923.07692307692,341.2394072417796
0.31,0.15,36923.07692307692,338.9091399205644
0.33,0.15,36923.07692307692,336.1373126302638
0.35,0.15,36923.07692307692,332.9391376217865
0.37,0.15,36923.07692307692,329.3323421986367
0.39,0.15,36923.07692307692,325.3354338000279
0.01,0.17,36923.07692307692,325.4185709306134
0.03,0.17,36923.07692307692,329.5791527125096
0.05,0.17,36923.07692307692,333.3420815473659
0.07,0.17,36923.07692307692,336.6845086470952
0.09,0.17,36923.07692307692,339.5851439547164
0.11,0.17,36923.07692307692,342.0260247747839
0.13,0.17,36923.07692307692,343.99311760930124
0.15,0.17,36923.07692307692,345.47619625398227
0.17,0.17,36923.07692307692,346.4683523066
0.19,0.17,36923.07692307692,346.96540539715045
0.21,0.17,36923.07692307692,346.96540539715045
0.23,0.17,36923.07692307692,346.4683523066001
0.25,0.17,36923.07692307692,345.4761962539824
0.27,0.17,36923.07692307692,343.99311760930124
0.29,0.17,36923.07692307692,342.0260247747839
0.31,0.17,36923.07692307692,339.5851439547164
0.33,0.17,36923.07692307692,336.6845086470951
0.35,0.17,36923.07692307692,333.3420815473658
0.37,0.17,36923.07692307692,329.5791527125096
0.39,0.17,36923.07692307692,325.4185709306134
0.01,0.19,36923.07692307692,325.46013257874256
0.03,0.19,36923.07692307692,329.70255303175367
0.05,0.19,36923.07692307692,333.5435963081404
0.07,0.19,36923.07692307692,336.95825606646906
0.09,0.19,36923.07692307692,339.9234534083584
0.11,0.19,36923.07692307692,342.41982869654703
0.13,0.19,36923.07692307692,344.4323165399963
0.15,0.19,36923.07692307692,345.94996932133427
0.17,0.19,36923.07692307692,346.96540539715045
0.19,0.19,36923.07692307692,347.47416338641034
0.21,0.19,36923.07692307692,347.4741633864104
0.23,0.19,36923.07692307692,346.96540539715045
0.25,0.19,36923.07692307692,345.9499693213343
0.27,0.19,36923.07692307692,344.43231653999635
0.29,0.19,36923.07692307692,342.41982869654703
0.31,0.19,36923.07692307692,339.92345340835834
0.33,0.19,36923.07692307692,336.95825606646895
0.35,0.19,36923.07692307692,333.5435963081404
0.37,0.19,36923.07692307692,329.7025530317536
0.39,0.19,36923.07692307692,325.46013257874256
0.01,0.21,36923.07692307692,325.46013257874256
0.03,0.21,36923.07692307692,329.7025530317536
0.05,0.21,36923.07692307692,333.5435963081404
0.07,0.21,36923.07692307692,336.958256066469
0.09,0.21,36923.07692307692,339.92345340835834
0.11,0.21,36923.07692307692,342.419828696547
0.13,0.21,36923.07692307692,344.4323165399963
0.15,0.21,36923.07692307692,345.94996932133427
0.17,0.21,36923.07692307692,346.96540539715045
0.19,0.21,36923.07692307692,347.47416338641034
0.21,0.21,36923.07692307692,347.4741633864104
0.23,0.21,36923.07692307692,346.96540539715045
0.25,0.21,36923.07692307692,345.9499693213343
0.27,0.21,36923.07692307692,344.43231653999635
0.29,0.21,36923.07692307692,342.41982869654703
0.31,0.21,36923.07692307692,339.92345340835834
0.33,0.21,36923.07692307692,336.95825606646895
0.35,0.21,36923.07692307692,333.5435963081404
0.37,0.21,36923.07692307692,329.7025530317536
0.39,0.21,36923.07692307692,325.46013257874256
0.01,0.23,36923.07692307692,325.4185709306134
0.03,0.23,36923.07692307692,329.57915271250954
0.05,0.23,36923.07692307692,333.3420815473658
0.07,0.23,36923.07692307692,336.6845086470952
0.09,0.23,36923.07692307692,339.5851439547164
0.11,0.23,36923.07692307692,342.0260247747839
0.13,0.23,36923.07692307692,343.99311760930124
0.15,0.23,36923.07692307692,345.47619625398227
0.17,0.23,36923.07692307692,346.4683523066
0.19,0.23,36923.07692307692,346.96540539715045
0.21,0.23,36923.07692307692,346.96540539715045
0.23,0.23,36923.07692307692,346.4683523066001
0.25,0.23,36923.07692307692,345.4761962539823
0.27,0.23,36923.07692307692,343.9931176093013
0.29,0.23,36923.07692307692,342.0260247747839
0.31,0.23,36923.07692307692,339.5851439547163
0.33,0.23,36923.07692307692,336.684508647095
0.35,0.23,36923.07692307692,333.3420815473658
0.37,0.23,36923.07692307692,329.5791527125096
0.39,0.23,36923.07692307692,325.4185709306133
0.01,0.25,36923.07692307692,325.3354338000279
0.03,0.25,36923.07692307692,329.33234219863675
0.05,0.25,36923.07692307692,332.9391376217864
0.07,0.25,36923.07692307692,336.13731263026386
0.09,0.25,36923.07692307692,338.90913992056454
0.11,0.25,36923.07692307692,341.23940724177965
0.13,0.25,36923.07692307692,343.1160904818399
0.15,0.25,36923.07692307692,344.5303545640914
0.17,0.25,36923.07692307692,345.4761962539823
0.19,0.25,36923.07692307692,345.94996932133427
0.21,0.25,36923.07692307692,345.94996932133427
0.23,0.25,36923.07692307692,345.4761962539823
0.25,0.25,36923.07692307692,344.53035456409145
0.27,0.25,36923.07692307692,343.11609048183993
0.29,0.25,36923.07692307692,341.23940724177965
0.31,0.25,36923.07692307692,338.9091399205644
0.33,0.25,36923.07692307692,336.1373126302637
0.35,0.25,36923.07692307692,332.9391376217864
0.37,0.25,36923.07692307692,329.3323421986367
0.39,0.25,36923.07692307692,325.33543380002783
0.01,0.27,36923.07692307692,325.21065153020305
0.03,0.27,36923.07692307692,328.9619997807309
0.05,0.27,36923.07692307692,332.3348264986344
0.07,0.27,36923.07692307692,335.317200284327
0.09,0.27,36923.07692307692,337.89668128275287
0.11,0.27,36923.07692307692,340.062052370063
0.13,0.27,36923.07692307692,341.80415110804665
0.15,0.27,36923.07692307692,343.1160904818399
0.17,0.27,36923.07692307692,343.99311760930124
0.19,0.27,36923.07692307692,344.43231653999635
0.21,0.27,36923.07692307692,344.43231653999635
0.23,0.27,36923.07692307692,343.99311760930124
0.25,0.27,36923.07692307692,343.1160904818399
0.27,0.27,36923.07692307692,341.80415110804665
0.29,0.27,36923.07692307692,340.062052370063
0.31,0.27,36923.07692307692,337.8966812827528
0.33,0.27,36923.07692307692,335.31720028432693
0.35,0.27,36923.07692307692,332.3348264986344
0.37,0.27,36923.07692307692,328.9619997807309
0.39,0.27,36923.07692307692,325.21065153020305
0.01,0.29,36923.07692307692,325.0439846728975
0.03,0.29,36923.07692307692,328.4676169245902
0.05,0.29,36923.07692307692,331.52888607078086
0.07,0.29,36923.07692307692,334.2247316582921
0.09,0.29,36923.07692307692,336.5495890924286
0.11,0.29,36923.07692307692,338.4972554376868
0.13,0.29,36923.07692307692,340.062052370063
0.15,0.29,36923.07692307692,341.2394072417797
0.17,0.29,36923.07692307692,342.02602477478393
0.19,0.29,36923.07692307692,342.41982869654703
0.21,0.29,36923.07692307692,342.41982869654703
0.23,0.29,36923.07692307692,342.02602477478393
0.25,0.29,36923.07692307692,341.23940724177965
0.27,0.29,36923.07692307692,340.0620523700631
0.29,0.29,36923.07692307692,338.4972554376868
0.31,0.29,36923.07692307692,336.5495890924287
0.33,0.29,36923.07692307692,334.2247316582921
0.35,0.29,36923.07692307692,331.5288860707808
0.37,0.29,36923.07692307692,328.4676169245902
0.39,0.29,36923.07692307692,325.04398467289747
0.01,0.31,36923.07692307692,324.83475950508955
0.03,0.31,36923.07692307692,327.8476783032212
0.05,0.31,36923.07692307692,330.5200563778408
0.07,0.31,36923.07692307692,332.85999483455834
0.09,0.31,36923.07692307692,334.8700415388334
0.11,0.31,36923.07692307692,336.5495890924287
0.13,0.31,36923.07692307692,337.89668128275287
0.15,0.31,36923.07692307692,338.90913992056454
0.17,0.31,36923.07692307692,339.5851439547164
0.19,0.31,36923.07692307692,339.92345340835845
0.21,0.31,36923.07692307692,339.9234534083584
0.23,0.31,36923.07692307692,339.5851439547164
0.25,0.31,36923.07692307692,338.90913992056454
0.27,0.31,36923.07692307692,337.8966812827529
0.29,0.31,36923.07692307692,336.5495890924287
0.31,0.31,36923.07692307692,334.8700415388335
0.33,0.31,36923.07692307692,332.85999483455834
0.35,0.31,36923.07692307692,330.52005637784083
0.37,0.31,36923.07692307692,327.8476783032212
0.39,0.31,36923.07692307692,324.83475950508955
0.01,0.33,36923.07692307692,324.5812627704614
0.03,0.33,36923.07692307692,327.0983408031782
0.05,0.33,36923.07692307692,329.3047104369605
0.07,0.33,36923.07692307692,331.2215770509719
0.09,0.33,36923.07692307692,332.8599948345584
0.11,0.33,36923.07692307692,334.2247316582921
0.13,0.33,36923.07692307692,335.317200284327
0.15,0.33,36923.07692307692,336.13731263026386
0.17,0.33,36923.07692307692,336.6845086470952
0.19,0.33,36923.07692307692,336.95825606646906
0.21,0.33,36923.07692307692,336.95825606646906
0.23,0.33,36923.07692307692,336.6845086470952
0.25,0.33,36923.07692307692,336.13731263026386
0.27,0.33,36923.07692307692,335.317200284327
0.29,0.33,36923.07692307692,334.22473165829217
0.31,0.33,36923.07692307692,332.8599948345584
0.33,0.33,36923.07692307692,331.22157705097186
0.35,0.33,36923.07692307692,329.3047104369604
0.37,0.33,36923.07692307692,327.09834080317813
0.39,0.33,36923.07692307692,324.5812627704614
0.01,0.35,36923.07692307692,324.2792787021384
0.03,0.35,36923.07692307692,326.21066931443085
0.05,0.35,36923.07692307692,327.8742694997425
0.07,0.35,36923.07692307692,329.3047104369605
0.09,0.35,36923.07692307692,330.52005637784083
0.11,0.35,36923.07692307692,331.52888607078086
0.13,0.35,36923.07692307692,332.33482649863447
0.15,0.35,36923.07692307692,332.93913762178653
0.17,0.35,36923.07692307692,333.342081547366
0.19,0.35,36923.07692307692,333.5435963081405
0.21,0.35,36923.07692307692,333.5435963081404
0.23,0.35,36923.07692307692,333.34208154736586
0.25,0.35,36923.07692307692,332.93913762178653
0.27,0.35,36923.07692307692,332.33482649863447
0.29,0.35,36923.07692307692,331.52888607078086
0.31,0.35,36923.07692307692,330.52005637784083
0.33,0.35,36923.07692307692,329.3047104369605
0.35,0.35,36923.07692307692,327.87426949974247
0.37,0.35,36923.07692307692,326.2106693144308
0.39,0.35,36923.07692307692,324.2792787021384
0.01,0.37,36923.07692307692,323.9181125060621
0.03,0.37,36923.07692307692,325.1648446957283
0.05,0.37,36923.07692307692,326.21066931443085
0.07,0.37,36923.07692307692,327.0983408031782
0.09,0.37,36923.07692307692,327.8476783032212
0.11,0.37,36923.07692307692,328.4676169245902
0.13,0.37,36923.07692307692,328.96199978073093
0.15,0.37,36923.07692307692,329.3323421986368
0.17,0.37,36923.07692307692,329.57915271250965
0.19,0.37,36923.07692307692,329.7025530317537
0.21,0.37,36923.07692307692,329.70255303175367
0.23,0.37,36923.07692307692,329.5791527125096
0.25,0.37,36923.07692307692,329.33234219863675
0.27,0.37,36923.07692307692,328.96199978073093
0.29,0.37,36923.07692307692,328.46761692459023
0.31,0.37,36923.07692307692,327.8476783032212
0.33,0.37,36923.07692307692,327.09834080317813
0.35,0.37,36923.07692307692,326.2106693144308
0.37,0.37,36923.07692307692,325.1648446957283
0.39,0.37,36923.07692307692,323.9181125060621
0.01,0.39,36923.07692307692,323.46790608578584
0.03,0.39,36923.07692307692,323.91811250606213
0.05,0.39,36923.07692307692,324.2792787021384
0.07,0.39,36923.07692307692,324.5812627704615
0.09,0.39,36923.07692307692,324.83475950508955
0.11,0.39,36923.07692307692,325.0439846728976
0.13,0.39,36923.07692307692,325.2106515302031
0.15,0.39,36923.07692307692,325.33543380002794
0.17,0.39,36923.07692307692,325.4185709306134
0.19,0.39,36923.07692307692,325.4601325787426
0.21,0.39,36923.07692307692,325.46013257874256
0.23,0.39,36923.07692307692,325.4185709306133
0.25,0.39,36923.07692307692,325.3354338000279
0.27,0.39,36923.07692307692,325.2106515302031
0.29,0.39,36923.07692307692,325.0439846728976
0.31,0.39,36923.07692307692,324.83475950508955
0.33,0.39,36923.07692307692,324.5812627704614
0.35,0.39,36923.07692307692,324.2792787021384
0.37,0.39,36923.07692307692,323.9181125060621
0.39,0.39,36923.07692307692,323.4679060857858
0.01,0.01,38769.23076923077,323.4470549442557
0.03,0.01,38769.23076923077,323.86715264271834
0.05,0.01,38769.23076923077,324.2040627717832
0.07,0.01,38769.23076923077,324.4858988281861
0.09,0.01,38769.23076923077,324.7227056208519
0.11,0.01,38769.23076923077,324.9183847457136
0.13,0.01,38769.23076923077,325.07444986928493
0.15,0.01,38769.23076923077,325.1914232776062
0.17,0.01,38769.23076923077,325.2694255914073
0.19,0.01,38769.23076923077,325.30844198052904
0.21,0.01,38769.23076923077,325.30844198052904
0.23,0.01,38769.23076923077,325.26942559140736
0.25,0.01,38769.23076923077,325.19142327760625
0.27,0.01,38769.23076923077,325.074449869285
0.29,0.01,38769.23076923077,324.91838474571364
0.31,0.01,38769.23076923077,324.722705620852
0.33,0.01,38769.23076923077,324.4858988281862
0.35,0.01,38769.23076923077,324.2040627717832
0.37,0.01,38769.23076923077,323.8671526427184
0.39,0.01,38769.23076923077,323.4470549442557
0.01,0.03,38769.23076923077,323.86715264271834
0.03,0.03,38769.23076923077,325.03026146851414
0.05,0.03,38769.23076923077,326.0059182879446
0.07,0.03,38769.23076923077,326.83452676615843
0.09,0.03,38769.23076923077,327.5347068007196
0.11,0.03,38769.23076923077,328.11467478562025
0.13,0.03,38769.23076923077,328.57775183692735
0.15,0.03,38769.23076923077,328.9250289113895
0.17,0.03,38769.23076923077,329.156671039438
0.19,0.03,38769.23076923077,329.2725524121238
0.21,0.03,38769.23076923077,329.2725524121238
0.23,0.03,38769.23076923077,329.156671039438
0.25,0.03,38769.23076923077,328.9250289113895
0.27,0.03,38769.23076923077,328.57775183692735
0.29,0.03,38769.23076923077,328.11467478562025
0.31,0.03,38769.23076923077,327.5347068007196
0.33,0.03,38769.23076923077,326.8345267661585
0.35,0.03,38769.23076923077,326.00591828794467
0.37,0.03,38769.23076923077,325.03026146851414
0.39,0.03,38769.23076923077,323.86715264271834
0.01,0.05,38769.23076923077,324.2040627717832
0.03,0.05,38769.23076923077,326.0059182879446
0.05,0.05,38769.23076923077,327.5582197419838
0.07,0.05,38769.23076923077,328.8939181182659
0.09,0.05,38769.23076923077,330.02998719719096
0.11,0.05,38769.23076923077,330.97418843843974
0.13,0.05,38769.23076923077,331.7294471311397
0.15,0.05,38769.23076923077,332.29639522686546
0.17,0.05,38769.23076923077,332.6747618563384
0.19,0.05,38769.23076923077,332.86409245552164
0.21,0.05,38769.23076923077,332.8640924555217
0.23,0.05,38769.23076923077,332.6747618563385
0.25,0.05,38769.23076923077,332.2963952268655
0.27,0.05,38769.23076923077,331.7294471311398
0.29,0.05,38769.23076923077,330.9741884384398
0.31,0.05,38769.23076923077,330.029987197191
0.33,0.05,38769.23076923077,328.893918118266
0.35,0.05,38769.23076923077,327.5582197419838
0.37,0.05,38769.23076923077,326.0059182879446
0.39,0.05,38769.23076923077,324.2040627717832
0.01,0.07,38769.23076923077,324.48589882818607
0.03,0.07,38769.23076923077,326.8345267661584
0.05,0.07,38769.23076923077,328.89391811826584
0.07,0.07,38769.23076923077,330.6845653467821
0.09,0.07,38769.23076923077,332.216849362556
0.11,0.07,38769.23076923077,333.494830862461
0.13,0.07,38769.23076923077,334.51916776188284
0.15,0.07,38769.23076923077,335.28901528609833
0.17,0.07,38769.23076923077,335.80313518537986
0.19,0.07,38769.23076923077,336.0604825602282
0.21,0.07,38769.23076923077,336.0604825602282
0.23,0.07,38769.23076923077,335.8031351853799
0.25,0.07,38769.23076923077,335.28901528609845
0.27,0.07,38769.23076923077,334.5191677618829
0.29,0.07,38769.23076923077,333.4948308624611
0.31,0.07,38769.23076923077,332.21684936255605
0.33,0.07,38769.23076923077,330.6845653467822
0.35,0.07,38769.23076923077,328.8939181182659
0.37,0.07,38769.23076923077,326.83452676615843
0.39,0.07,38769.23076923077,324.4858988281862
0.01,0.09,38769.23076923077,324.7227056208519
0.03,0.09,38769.23076923077,327.53470680071945
0.05,0.09,38769.23076923077,330.0299871971909
0.07,0.09,38769.23076923077,332.21684936255593
0.09,0.09,38769.23076923077,334.0976631839754
0.11,0.09,38769.23076923077,335.6713210638944
0.13,0.09,38769.23076923077,336.9351396878859
0.15,0.09,38769.23076923077,337.88611539438244
0.17,0.09,38769.23076923077,338.5216452477586
0.19,0.09,38769.23076923077,338.8398828014305
0.21,0.09,38769.23076923077,338.8398828014305
0.23,0.09,38769.23076923077,338.52164524775867
0.25,0.09,38769.23076923077,337.88611539438244
0.27,0.09,38769.23076923077,336.935139687886
0.29,0.09,38769.23076923077,335.6713210638944
0.31,0.09,38769.23076923077,334.09766318397544
0.33,0.09,38769.23076923077,332.216849362556
0.35,0.09,38769.23076923077,330.029987197191
0.37,0.09,38769.23076923077,327.5347068007196
0.39,0.09,38769.23076923077,324.7227056208519
0.01,0.11,38769.23076923077,324.9183847457136
0.03,0.11,38769.23076923077,328.1146747856202
0.05,0.11,38769.23076923077,330.97418843843974
0.07,0.11,38769.23076923077,333.49483086246096
0.09,0.11,38769.23076923077,335.6713210638944
0.11,0.11,38769.23076923077,337.49718289323965
0.13,0.11,38769.23076923077,338.9660767824224
0.15,0.11,38769.23076923077,340.0725752087983
0.17,0.11,38769.23076923077,340.8125304997722
0.19,0.11,38769.23076923077,341.18318959500976
0.21,0.11,38769.23076923077,341.18318959500976
0.23,0.11,38769.23076923077,340.8125304997722
0.25,0.11,38769.23076923077,340.0725752087984
0.27,0.11,38769.23076923077,338.9660767824224
0.29,0.11,38769.23076923077,337.49718289323965
0.31,0.11,38769.23076923077,335.6713210638944
0.33,0.11,38769.23076923077,333.4948308624611
0.35,0.11,38769.23076923077,330.97418843843985
0.37,0.11,38769.23076923077,328.1146747856203
0.39,0.11,38769.23076923077,324.91838474571364
0.01,0.13,38769.23076923077,325.07444986928493
0.03,0.13,38769.23076923077,328.5777518369273
0.05,0.13,38769.23076923077,331.7294471311397
0.07,0.13,38769.23076923077,334.5191677618829
0.09,0.13,38769.23076923077,336.935139687886
0.11,0.13,38769.23076923077,338.9660767824224
0.13,0.13,38769.23076923077,340.602229459987
0.15,0.13,38769.23076923077,341.83584819195875
0.17,0.13,38769.23076923077,342.66128131571224
0.19,0.13,38769.23076923077,343.0748852775188
0.21,0.13,38769.23076923077,343.0748852775188
0.23,0.13,38769.23076923077,342.66128131571224
0.25,0.13,38769.23076923077,341.8358481919588
0.27,0.13,38769.23076923077,340.602229459987
0.29,0.13,38769.23076923077,338.9660767824224
0.31,0.13,38769.23076923077,336.935139687886
0.33,0.13,38769.23076923077,334.5191677618829
0.35,0.13,38769.23076923077,331.7294471311398
0.37,0.13,38769.23076923077,328.57775183692735
0.39,0.13,38769.23076923077,325.074449869285
0.01,0.15,38769.23076923077,325.1914232776062
0.03,0.15,38769.23076923077,328.92502891138946
0.05,0.15,38769.23076923077,332.29639522686546
0.07,0.15,38769.23076923077,335.2890152860984
0.09,0.15,38769.23076923077,337.8861153943825
0.11,0.15,38769.23076923077,340.0725752087984
0.13,0.15,38769.23076923077,341.8358481919588
0.15,0.15,38769.23076923077,343.1662386923745
0.17,0.15,38769.23076923077,344.05681519061574
0.19,0.15,38769.23076923077,344.5031688178237
0.21,0.15,38769.23076923077,344.5031688178237
0.23,0.15,38769.23076923077,344.05681519061574
0.25,0.15,38769.23076923077,343.1662386923745
0.27,0.15,38769.23076923077,341.83584819195875
0.29,0.15,38769.23076923077,340.0725752087983
0.31,0.15,38769.23076923077,337.88611539438244
0.33,0.15,38769.23076923077,335.2890152860984
0.35,0.15,38769.23076923077,332.2963952268655
0.37,0.15,38769.23076923077,328.9250289113895
0.39,0.15,38769.23076923077,325.19142327760625
0.01,0.17,38769.23076923077,325.2694255914073
0.03,0.17,38769.23076923077,329.156671039438
0.05,0.17,38769.23076923077,332.6747618563384
0.07,0.17,38769.23076923077,335.8031351853799
0.09,0.17,38769.23076923077,338.5216452477586
0.11,0.17,38769.23076923077,340.8125304997722
0.13,0.17,38769.23076923077,342.66128131571224
0.15,0.17,38769.23076923077,344.05681519061574
0.17,0.17,38769.23076923077,344.9912779874422
0.19,0.17,38769.23076923077,345.459704706826
0.21,0.17,38769.23076923077,345.459704706826
0.23,0.17,38769.23076923077,344.99127798744206
0.25,0.17,38769.23076923077,344.05681519061574
0.27,0.17,38769.23076923077,342.6612813157122
0.29,0.17,38769.23076923077,340.8125304997721
0.31,0.17,38769.23076923077,338.5216452477586
0.33,0.17,38769.23076923077,335.80313518537986
0.35,0.17,38769.23076923077,332.6747618563384
0.37,0.17,38769.23076923077,329.1566710394379
0.39,0.17,38769.23076923077,325.2694255914073
0.01,0.19,38769.23076923077,325.30844198052904
0.03,0.19,38769.23076923077,329.2725524121237
0.05,0.19,38769.23076923077,332.8640924555216
0.07,0.19,38769.23076923077,336.06048256022814
0.09,0.19,38769.23076923077,338.8398828014305
0.11,0.19,38769.23076923077,341.1831895950098
0.13,0.19,38769.23076923077,343.07488527751883
0.15,0.19,38769.23076923077,344.50316881782373
0.17,0.19,38769.23076923077,345.459704706826
0.19,0.19,38769.23076923077,345.9392363199632
0.21,0.19,38769.23076923077,345.9392363199632
0.23,0.19,38769.23076923077,345.459704706826
0.25,0.19,38769.23076923077,344.5031688178237
0.27,0.19,38769.23076923077,343.0748852775187
0.29,0.19,38769.23076923077,341.18318959500976
0.31,0.19,38769.23076923077,338.83988280143046
0.33,0.19,38769.23076923077,336.06048256022814
0.35,0.19,38769.23076923077,332.8640924555216
0.37,0.19,38769.23076923077,329.2725524121237
0.39,0.19,38769.23076923077,325.30844198052904
0.01,0.21,38769.23076923077,325.30844198052904
0.03,0.21,38769.23076923077,329.2725524121237
0.05,0.21,38769.23076923077,332.8640924555216
0.07,0.21,38769.23076923077,336.06048256022814
0.09,0.21,38769.23076923077,338.83988280143046
0.11,0.21,38769.23076923077,341.18318959500976
0.13,0.21,38769.23076923077,343.07488527751883
0.15,0.21,38769.23076923077,344.50316881782373
0.17,0.21,38769.23076923077,345.459704706826
0.19,0.21,38769.23076923077,345.9392363199632
0.21,0.21,38769.23076923077,345.9392363199632
0.23,0.21,38769.23076923077,345.459704706826
0.25,0.21,38769.23076923077,344.5031688178236
0.27,0.21,38769.23076923077,343.0748852775187
0.29,0.21,38769.23076923077,341.1831895950097
0.31,0.21,38769.23076923077,338.8398828014304
0.33,0.21,38769.23076923077,336.0604825602281
0.35,0.21,38769.23076923077,332.8640924555215
0.37,0.21,38769.23076923077,329.2725524121237
0.39,0.21,38769.23076923077,325.30844198052904
0.01,0.23,38769.23076923077,325.2694255914073
0.03,0.23,38769.23076923077,329.1566710394379
0.05,0.23,38769.23076923077,332.6747618563384
0.07,0.23,38769.23076923077,335.80313518537986
0.09,0.23,38769.23076923077,338.5216452477586
0.11,0.23,38769.23076923077,340.8125304997721
0.13,0.23,38769.23076923077,342.66128131571224
0.15,0.23,38769.23076923077,344.05681519061574
0.17,0.23,38769.23076923077,344.99127798744206
0.19,0.23,38769.23076923077,345.4597047068259
0.21,0.23,38769.23076923077,345.459704706826
0.23,0.23,38769.23076923077,344.991277987442
0.25,0.23,38769.23076923077,344.0568151906156
0.27,0.23,38769.23076923077,342.66128131571213
0.29,0.23,38769.23076923077,340.8125304997721
0.31,0.23,38769.23076923077,338.52164524775844
0.33,0.23,38769.23076923077,335.80313518537974
0.35,0.23,38769.23076923077,332.6747618563383
0.37,0.23,38769.23076923077,329.1566710394379
0.39,0.23,38769.23076923077,325.2694255914073
0.01,0.25,38769.23076923077,325.19142327760625
0.03,0.25,38769.23076923077,328.9250289113895
0.05,0.25,38769.23076923077,332.29639522686546
0.07,0.25,38769.23076923077,335.2890152860984
0.09,0.25,38769.23076923077,337.88611539438244
0.11,0.25,38769.23076923077,340.0725752087983
0.13,0.25,38769.23076923077,341.83584819195875
0.15,0.25,38769.23076923077,343.1662386923745
0.17,0.25,38769.23076923077,344.0568151906157
0.19,0.25,38769.23076923077,344.5031688178237
0.21,0.25,38769.23076923077,344.5031688178237
0.23,0.25,38769.23076923077,344.0568151906156
0.25,0.25,38769.23076923077,343.1662386923744
0.27,0.25,38769.23076923077,341.83584819195863
0.29,0.25,38769.23076923077,340.0725752087982
0.31,0.25,38769.23076923077,337.8861153943824
0.33,0.25,38769.23076923077,335.2890152860982
0.35,0.25,38769.23076923077,332.2963952268654
0.37,0.25,38769.23076923077,328.92502891138946
0.39,0.25,38769.23076923077,325.1914232776062
0.01,0.27,38769.23076923077,325.07444986928493
0.03,0.27,38769.23076923077,328.5777518369273
0.05,0.27,38769.23076923077,331.7294471311397
0.07,0.27,38769.23076923077,334.5191677618829
0.09,0.27,38769.23076923077,336.935139687886
0.11,0.27,38769.23076923077,338.9660767824224
0.13,0.27,38769.23076923077,340.6022294599869
0.15,0.27,38769.23076923077,341.83584819195875
0.17,0.27,38769.23076923077,342.6612813157122
0.19,0.27,38769.23076923077,343.0748852775188
0.21,0.27,38769.23076923077,343.07488527751883
0.23,0.27,38769.23076923077,342.66128131571213
0.25,0.27,38769.23076923077,341.8358481919587
0.27,0.27,38769.23076923077,340.6022294599869
0.29,0.27,38769.23076923077,338.96607678242225
0.31,0.27,38769.23076923077,336.93513968788585
0.33,0.27,38769.23076923077,334.5191677618828
0.35,0.27,38769.23076923077,331.7294471311397
0.37,0.27,38769.23076923077,328.5777518369273
0.39,0.27,38769.23076923077,325.07444986928493
0.01,0.29,38769.23076923077,324.9183847457136
0.03,0.29,38769.23076923077,328.1146747856202
0.05,0.29,38769.23076923077,330.97418843843974
0.07,0.29,38769.23076923077,333.49483086246096
0.09,0.29,38769.23076923077,335.6713210638944
0.11,0.29,38769.23076923077,337.49718289323965
0.13,0.29,38769.23076923077,338.9660767824224
0.15,0.29,38769.23076923077,340.0725752087984
0.17,0.29,38769.23076923077,340.8125304997721
0.19,0.29,38769.23076923077,341.18318959500976
0.21,0.29,38769.23076923077,341.18318959500976
0.23,0.29,38769.23076923077,340.8125304997721
0.25,0.29,38769.23076923077,340.0725752087983
0.27,0.29,38769.23076923077,338.9660767824223
0.29,0.29,38769.23076923077,337.49718289323965
0.31,0.29,38769.23076923077,335.6713210638943
0.33,0.29,38769.23076923077,333.49483086246096
0.35,0.29,38769.23076923077,330.97418843843974
0.37,0.29,38769.23076923077,328.11467478562025
0.39,0.29,38769.23076923077,324.91838474571364
0.01,0.31,38769.23076923077,324.7227056208519
0.03,0.31,38769.23076923077,327.5347068007195
0.05,0.31,38769.23076923077,330.0299871971909
0.07,0.31,38769.23076923077,332.21684936255593
0.09,0.31,38769.23076923077,334.0976631839754
0.11,0.31,38769.23076923077,335.6713210638944
0.13,0.31,38769.23076923077,336.935139687886
0.15,0.31,38769.23076923077,337.8861153943825
0.17,0.31,38769.23076923077,338.52164524775867
0.19,0.31,38769.23076923077,338.8398828014306
0.21,0.31,38769.23076923077,338.8398828014306
0.23,0.31,38769.23076923077,338.5216452477586
0.25,0.31,38769.23076923077,337.88611539438244
0.27,0.31,38769.23076923077,336.935139687886
0.29,0.31,38769.23076923077,335.6713210638944
0.31,0.31,38769.23076923077,334.0976631839754
0.33,0.31,38769.23076923077,332.216849362556
0.35,0.31,38769.23076923077,330.029987197191
0.37,0.31,38769.23076923077,327.5347068007196
0.39,0.31,38769.23076923077,324.7227056208519
0.01,0.33,38769.23076923077,324.48589882818607
0.03,0.33,38769.23076923077,326.83452676615843
0.05,0.33,38769.23076923077,328.89391811826584
0.07,0.33,38769.23076923077,330.6845653467821
0.09,0.33,38769.23076923077,332.216849362556
0.11,0.33,38769.23076923077,333.494830862461
0.13,0.33,38769.23076923077,334.5191677618829
0.15,0.33,38769.23076923077,335.28901528609845
0.17,0.33,38769.23076923077,335.80313518538
0.19,0.33,38769.23076923077,336.06048256022825
0.21,0.33,38769.23076923077,336.06048256022825
0.23,0.33,38769.23076923077,335.8031351853799
0.25,0.33,38769.23076923077,335.2890152860984
0.27,0.33,38769.23076923077,334.5191677618829
0.29,0.33,38769.23076923077,333.4948308624611
0.31,0.33,38769.23076923077,332.21684936255605
0.33,0.33,38769.23076923077,330.6845653467822
0.35,0.33,38769.23076923077,328.893918118266
0.37,0.33,38769.23076923077,326.8345267661585
0.39,0.33,38769.23076923077,324.4858988281862
0.01,0.35,38769.23076923077,324.2040627717832
0.03,0.35,38769.23076923077,326.0059182879446
0.05,0.35,38769.23076923077,327.5582197419837
0.07,0.35,38769.23076923077,328.8939181182659
0.09,0.35,38769.23076923077,330.02998719719096
0.11,0.35,38769.23076923077,330.9741884384398
0.13,0.35,38769.23076923077,331.7294471311398
0.15,0.35,38769.23076923077,332.2963952268655
0.17,0.35,38769.23076923077,332.67476185633853
0.19,0.35,38769.23076923077,332.8640924555217
0.21,0.35,38769.23076923077,332.86409245552164
0.23,0.35,38769.23076923077,332.6747618563385
0.25,0.35,38769.23076923077,332.2963952268655
0.27,0.35,38769.23076923077,331.7294471311398
0.29,0.35,38769.23076923077,330.9741884384398
0.31,0.35,38769.23076923077,330.029987197191
0.33,0.35,38769.23076923077,328.893918118266
0.35,0.35,38769.23076923077,327.55821974198386
0.37,0.35,38769.23076923077,326.00591828794467
0.39,0.35,38769.23076923077,324.2040627717832
0.01,0.37,38769.23076923077,323.86715264271834
0.03,0.37,38769.23076923077,325.0302614685142
0.05,0.37,38769.23076923077,326.00591828794467
0.07,0.37,38769.23076923077,326.83452676615843
0.09,0.37,38769.23076923077,327.5347068007195
0.11,0.37,38769.23076923077,328.1146747856202
0.13,0.37,38769.23076923077,328.57775183692735
0.15,0.37,38769.23076923077,328.9250289113895
0.17,0.37,38769.23076923077,329.15667103943804
0.19,0.37,38769.23076923077,329.27255241212384
0.21,0.37,38769.23076923077,329.2725524121238
0.23,0.37,38769.23076923077,329.156671039438
0.25,0.37,38769.23076923077,328.9250289113895
0.27,0.37,38769.23076923077,328.57775183692735
0.29,0.37,38769.23076923077,328.11467478562025
0.31,0.37,38769.23076923077,327.5347068007196
0.33,0.37,38769.23076923077,326.8345267661585
0.35,0.37,38769.23076923077,326.00591828794467
0.37,0.37,38769.23076923077,325.0302614685142
0.39,0.37,38769.23076923077,323.86715264271834
0.01,0.39,38769.23076923077,323.4470549442557
0.03,0.39,38769.23076923077,323.86715264271834
0.05,0.39,38769.23076923077,324.2040627717832
0.07,0.39,38769.23076923077,324.4858988281861
0.09,0.39,38769.23076923077,324.7227056208519
0.11,0.39,38769.23076923077,324.9183847457136
0.13,0.39,38769.23076923077,325.07444986928493
0.15,0.39,38769.23076923077,325.19142327760625
0.17,0.39,38769.23076923077,325.26942559140736
0.19,0.39,38769.23076923077,325.3084419805291
0.21,0.39,38769.23076923077,325.3084419805291
0.23,0.39,38769.23076923077,325.26942559140736
0.25,0.39,38769.23076923077,325.1914232776063
0.27,0.39,38769.23076923077,325.074449869285
0.29,0.39,38769.23076923077,324.91838474571364
0.31,0.39,38769.23076923077,324.722705620852
0.33,0.39,38769.23076923077,324.4858988281862
0.35,0.39,38769.23076923077,324.2040627717832
0.37,0.39,38769.23076923077,323.86715264271834
0.39,0.39,38769.23076923077,323.4470549442557
0.01,0.01,40615.38461538462,323.4279809394118
0.03,0.01,40615.38461538462,323.82032254101506
0.05,0.01,40615.38461538462,324.13471238198497
0.07,0.01,40615.38461538462,324.39771137612144
0.09,0.01,40615.38461538462,324.6188051085058
0.11,0.01,40615.38461538462,324.8016439601581
0.13,0.01,40615.38461538462,324.94759577669976
0.15,0.01,40615.38461538462,325.0570789696269
0.17,0.01,40615.38461538462,325.1301348677932
0.19,0.01,40615.38461538462,325.1666927018133
0.21,0.01,40615.38461538462,325.1666927018133
0.23,0.01,40615.38461538462,325.1301348677931
0.25,0.01,40615.38461538462,325.05707896962684
0.27,0.01,40615.38461538462,324.94759577669976
0.29,0.01,40615.38461538462,324.8016439601581
0.31,0.01,40615.38461538462,324.6188051085058
0.33,0.01,40615.38461538462,324.39771137612144
0.35,0.01,40615.38461538462,324.13471238198497
0.37,0.01,40615.38461538462,323.82032254101506
0.39,0.01,40615.38461538462,323.4279809394118
0.01,0.03,40615.38461538462,323.82032254101506
0.03,0.03,40615.38461538462,324.9061573955815
0.05,0.03,40615.38461538462,325.81657123177223
0.07,0.03,40615.38461538462,326.58989688338755
0.09,0.03,40615.38461538462,327.24374985915307
0.11,0.03,40615.38461538462,327.7857930326703
0.13,0.03,40615.38461538462,328.2189779361159
0.15,0.03,40615.38461538462,328.5441096127188
0.17,0.03,40615.38461538462,328.76112576894724
0.19,0.03,40615.38461538462,328.86973726496484
0.21,0.03,40615.38461538462,328.8697372649648
0.23,0.03,40615.38461538462,328.7611257689471
0.25,0.03,40615.38461538462,328.5441096127187
0.27,0.03,40615.38461538462,328.21897793611595
0.29,0.03,40615.38461538462,327.7857930326704
0.31,0.03,40615.38461538462,327.2437498591531
0.33,0.03,40615.38461538462,326.58989688338755
0.35,0.03,40615.38461538462,325.8165712317723
0.37,0.03,40615.38461538462,324.9061573955815
0.39,0.03,40615.38461538462,323.82032254101506
0.01,0.05,40615.38461538462,324.13471238198497
0.03,0.05,40615.38461538462,325.8165712317722
0.05,0.05,40615.38461538462,327.2651789787077
0.07,0.05,40615.38461538462,328.512044114732
0.09,0.05,40615.38461538462,329.57328024048087
0.11,0.05,40615.38461538462,330.45606523547474
0.13,0.05,40615.38461538462,331.16285613563423
0.15,0.05,40615.38461538462,331.69387600667983
0.17,0.05,40615.38461538462,332.048507410146
0.19,0.05,40615.38461538462,332.22603906440537
0.21,0.05,40615.38461538462,332.2260390644053
0.23,0.05,40615.38461538462,332.048507410146
0.25,0.05,40615.38461538462,331.69387600667983
0.27,0.05,40615.38461538462,331.16285613563434
0.29,0.05,40615.38461538462,330.4560652354748
0.31,0.05,40615.38461538462,329.573280240481
0.33,0.05,40615.38461538462,328.512044114732
0.35,0.05,40615.38461538462,327.2651789787078
0.37,0.05,40615.38461538462,325.8165712317723
0.39,0.05,40615.38461538462,324.13471238198497
0.01,0.07,40615.38461538462,324.39771137612144
0.03,0.07,40615.38461538462,326.5898968833875
0.05,0.07,40615.38461538462,328.512044114732
0.07,0.07,40615.38461538462,330.1840986610068
0.09,0.07,40615.38461538462,331.616000243925
0.11,0.07,40615.38461538462,332.81137943416394
0.13,0.07,40615.38461538462,333.7704362049846
0.15,0.07,40615.38461538462,334.49185654675284
0.17,0.07,40615.38461538462,334.97397202417886
0.19,0.07,40615.38461538462,335.2154070897422
0.21,0.07,40615.38461538462,335.21540708974214
0.23,0.07,40615.38461538462,334.9739720241788
0.25,0.07,40615.38461538462,334.49185654675284
0.27,0.07,40615.38461538462,333.7704362049847
0.29,0.07,40615.38461538462,332.811379434164
0.31,0.07,40615.38461538462,331.61600024392504
0.33,0.07,40615.38461538462,330.1840986610068
0.35,0.07,40615.38461538462,328.512044114732
0.37,0.07,40615.38461538462,326.58989688338755
0.39,0.07,40615.38461538462,324.39771137612144
0.01,0.09,40615.38461538462,324.6188051085058
0.03,0.09,40615.38461538462,327.24374985915307
0.05,0.09,40615.38461538462,329.5732802404809
0.07,0.09,40615.38461538462,331.61600024392504
0.09,0.09,40615.38461538462,333.37432459720407
0.11,0.09,40615.38461538462,334.8469509552573
0.13,0.09,40615.38461538462,336.03081511295267
0.15,0.09,40615.38461538462,336.9224317565186
0.17,0.09,40615.38461538462,337.51871636777673
0.19,0.09,40615.38461538462,337.81743771647893
0.21,0.09,40615.38461538462,337.8174377164789
0.23,0.09,40615.38461538462,337.51871636777673
0.25,0.09,40615.38461538462,336.9224317565187
0.27,0.09,40615.38461538462,336.0308151129527
0.29,0.09,40615.38461538462,334.84695095525734
0.31,0.09,40615.38461538462,333.37432459720407
0.33,0.09,40615.38461538462,331.61600024392504
0.35,0.09,40615.38461538462,329.5732802404809
0.37,0.09,40615.38461538462,327.2437498591531
0.39,0.09,40615.38461538462,324.6188051085058
0.01,0.11,40615.38461538462,324.8016439601581
0.03,0.11,40615.38461538462,327.7857930326703
0.05,0.11,40615.38461538462,330.45606523547474
0.07,0.11,40615.38461538462,332.811379434164
0.09,0.11,40615.38461538462,334.8469509552573
0.11,0.11,40615.38461538462,336.5563560989938
0.13,0.11,40615.38461538462,337.93297873586994
0.15,0.11,40615.38461538462,338.9709258369454
0.17,0.11,40615.38461538462,339.6655406904196
0.19,0.11,40615.38461538462,340.013648168765
0.21,0.11,40615.38461538462,340.01364816876503
0.23,0.11,40615.38461538462,339.6655406904197
0.25,0.11,40615.38461538462,338.9709258369455
0.27,0.11,40615.38461538462,337.93297873587
0.29,0.11,40615.38461538462,336.5563560989938
0.31,0.11,40615.38461538462,334.8469509552572
0.33,0.11,40615.38461538462,332.811379434164
0.35,0.11,40615.38461538462,330.45606523547474
0.37,0.11,40615.38461538462,327.7857930326704
0.39,0.11,40615.38461538462,324.8016439601581
0.01,0.13,40615.38461538462,324.94759577669976
0.03,0.13,40615.38461538462,328.2189779361159
0.05,0.13,40615.38461538462,331.16285613563423
0.07,0.13,40615.38461538462,333.77043620498466
0.09,0.13,40615.38461538462,336.03081511295267
0.11,0.13,40615.38461538462,337.9329787358699
0.13,0.13,40615.38461538462,339.4670048064405
0.15,0.13,40615.38461538462,340.62470641570025
0.17,0.13,40615.38461538462,341.39991061118326
0.19,0.13,40615.38461538462,341.7885273103085
0.21,0.13,40615.38461538462,341.7885273103085
0.23,0.13,40615.38461538462,341.3999106111833
0.25,0.13,40615.38461538462,340.6247064157004
0.27,0.13,40615.38461538462,339.46700480644057
0.29,0.13,40615.38461538462,337.93297873586994
0.31,0.13,40615.38461538462,336.03081511295267
0.33,0.13,40615.38461538462,333.77043620498466
0.35,0.13,40615.38461538462,331.1628561356343
0.37,0.13,40615.38461538462,328.21897793611595
0.39,0.13,40615.38461538462,324.9475957766998
0.01,0.15,40615.38461538462,325.05707896962684
0.03,0.15,40615.38461538462,328.5441096127187
0.05,0.15,40615.38461538462,331.6938760066798
0.07,0.15,40615.38461538462,334.4918565467528
0.09,0.15,40615.38461538462,336.9224317565186
0.11,0.15,40615.38461538462,338.9709258369454
0.13,0.15,40615.38461538462,340.62470641570025
0.15,0.15,40615.38461538462,341.87366900274355
0.17,0.15,40615.38461538462,342.7103567631818
0.19,0.15,40615.38461538462,343.1298989919641
0.21,0.15,40615.38461538462,343.12989899196407
0.23,0.15,40615.38461538462,342.7103567631818
0.25,0.15,40615.38461538462,341.8736690027436
0.27,0.15,40615.38461538462,340.6247064157003
0.29,0.15,40615.38461538462,338.9709258369454
0.31,0.15,40615.38461538462,336.9224317565186
0.33,0.15,40615.38461538462,334.4918565467528
0.35,0.15,40615.38461538462,331.69387600667983
0.37,0.15,40615.38461538462,328.5441096127187
0.39,0.15,40615.38461538462,325.05707896962684
0.01,0.17,40615.38461538462,325.1301348677932
0.03,0.17,40615.38461538462,328.7611257689472
0.05,0.17,40615.38461538462,332.048507410146
0.07,0.17,40615.38461538462,334.97397202417875
0.09,0.17,40615.38461538462,337.5187163677766
0.11,0.17,40615.38461538462,339.6655406904196
0.13,0.17,40615.38461538462,341.3999106111832
0.15,0.17,40615.38461538462,342.7103567631818
0.17,0.17,40615.38461538462,343.5884992019531
0.19,0.17,40615.38461538462,344.0289022443844
0.21,0.17,40615.38461538462,344.0289022443843
0.23,0.17,40615.38461538462,343.588499201953
0.25,0.17,40615.38461538462,342.7103567631818
0.27,0.17,40615.38461538462,341.3999106111832
0.29,0.17,40615.38461538462,339.6655406904196
0.31,0.17,40615.38461538462,337.5187163677767
0.33,0.17,40615.38461538462,334.9739720241788
0.35,0.17,40615.38461538462,332.048507410146
0.37,0.17,40615.38461538462,328.7611257689472
0.39,0.17,40615.38461538462,325.1301348677931
0.01,0.19,40615.38461538462,325.1666927018133
0.03,0.19,40615.38461538462,328.8697372649647
0.05,0.19,40615.38461538462,332.22603906440526
0.07,0.19,40615.38461538462,335.21540708974214
0.09,0.19,40615.38461538462,337.8174377164789
0.11,0.19,40615.38461538462,340.013648168765
0.13,0.19,40615.38461538462,341.7885273103085
0.15,0.19,40615.38461538462,343.1298989919641
0.17,0.19,40615.38461538462,344.0289022443844
0.19,0.19,40615.38461538462,344.4798057166999
0.21,0.19,40615.38461538462,344.4798057166999
0.23,0.19,40615.38461538462,344.0289022443843
0.25,0.19,40615.38461538462,343.12989899196407
0.27,0.19,40615.38461538462,341.78852731030844
0.29,0.19,40615.38461538462,340.01364816876503
0.31,0.19,40615.38461538462,337.81743771647893
0.33,0.19,40615.38461538462,335.2154070897422
0.35,0.19,40615.38461538462,332.2260390644053
0.37,0.19,40615.38461538462,328.8697372649648
0.39,0.19,40615.38461538462,325.1666927018133
0.01,0.21,40615.38461538462,325.1666927018133
0.03,0.21,40615.38461538462,328.8697372649647
0.05,0.21,40615.38461538462,332.22603906440526
0.07,0.21,40615.38461538462,335.21540708974214
0.09,0.21,40615.38461538462,337.8174377164789
0.11,0.21,40615.38461538462,340.013648168765
0.13,0.21,40615.38461538462,341.78852731030844
0.15,0.21,40615.38461538462,343.1298989919641
0.17,0.21,40615.38461538462,344.0289022443843
0.19,0.21,40615.38461538462,344.4798057166999
0.21,0.21,40615.38461538462,344.4798057166999
0.23,0.21,40615.38461538462,344.02890224438426
0.25,0.21,40615.38461538462,343.12989899196407
0.27,0.21,40615.38461538462,341.78852731030844
0.29,0.21,40615.38461538462,340.013648168765
0.31,0.21,40615.38461538462,337.8174377164789
0.33,0.21,40615.38461538462,335.21540708974214
0.35,0.21,40615.38461538462,332.2260390644053
0.37,0.21,40615.38461538462,328.8697372649648
0.39,0.21,40615.38461538462,325.1666927018133
0.01,0.23,40615.38461538462,325.1301348677932
0.03,0.23,40615.38461538462,328.7611257689472
0.05,0.23,40615.38461538462,332.0485074101459
0.07,0.23,40615.38461538462,334.9739720241788
0.09,0.23,40615.38461538462,337.5187163677767
0.11,0.23,40615.38461538462,339.6655406904196
0.13,0.23,40615.38461538462,341.39991061118326
0.15,0.23,40615.38461538462,342.7103567631817
0.17,0.23,40615.38461538462,343.588499201953
0.19,0.23,40615.38461538462,344.02890224438426
0.21,0.23,40615.38461538462,344.02890224438426
0.23,0.23,40615.38461538462,343.58849920195297
0.25,0.23,40615.38461538462,342.71035676318166
0.27,0.23,40615.38461538462,341.39991061118315
0.29,0.23,40615.38461538462,339.6655406904196
0.31,0.23,40615.38461538462,337.5187163677767
0.33,0.23,40615.38461538462,334.9739720241788
0.35,0.23,40615.38461538462,332.048507410146
0.37,0.23,40615.38461538462,328.7611257689472
0.39,0.23,40615.38461538462,325.13013486779306
0.01,0.25,40615.38461538462,325.0570789696269
0.03,0.25,40615.38461538462,328.5441096127188
0.05,0.25,40615.38461538462,331.6938760066798
0.07,0.25,40615.38461538462,334.49185654675284
0.09,0.25,40615.38461538462,336.9224317565187
0.11,0.25,40615.38461538462,338.9709258369454
0.13,0.25,40615.38461538462,340.62470641570025
0.15,0.25,40615.38461538462,341.87366900274355
0.17,0.25,40615.38461538462,342.7103567631818
0.19,0.25,40615.38461538462,343.1298989919641
0.21,0.25,40615.38461538462,343.12989899196407
0.23,0.25,40615.38461538462,342.71035676318166
0.25,0.25,40615.38461538462,341.87366900274344
0.27,0.25,40615.38461538462,340.6247064157002
0.29,0.25,40615.38461538462,338.9709258369454
0.31,0.25,40615.38461538462,336.9224317565186
0.33,0.25,40615.38461538462,334.4918565467528
0.35,0.25,40615.38461538462,331.6938760066798
0.37,0.25,40615.38461538462,328.5441096127188
0.39,0.25,40615.38461538462,325.05707896962684
0.01,0.27,40615.38461538462,324.94759577669976
0.03,0.27,40615.38461538462,328.2189779361159
0.05,0.27,40615.38461538462,331.16285613563423
0.07,0.27,40615.38461538462,333.77043620498466
0.09,0.27,40615.38461538462,336.03081511295267
0.11,0.27,40615.38461538462,337.93297873586994
0.13,0.27,40615.38461538462,339.46700480644046
0.15,0.27,40615.38461538462,340.62470641570025
0.17,0.27,40615.38461538462,341.3999106111832
0.19,0.27,40615.38461538462,341.7885273103085
0.21,0.27,40615.38461538462,341.7885273103085
0.23,0.27,40615.38461538462,341.3999106111832
0.25,0.27,40615.38461538462,340.6247064157003
0.27,0.27,40615.38461538462,339.46700480644046
0.29,0.27,40615.38461538462,337.9329787358699
0.31,0.27,40615.38461538462,336.03081511295267
0.33,0.27,40615.38461538462,333.7704362049847
0.35,0.27,40615.38461538462,331.16285613563423
0.37,0.27,40615.38461538462,328.2189779361159
0.39,0.27,40615.38461538462,324.94759577669976
0.01,0.29,40615.38461538462,324.8016439601582
0.03,0.29,40615.38461538462,327.7857930326703
0.05,0.29,40615.38461538462,330.45606523547474
0.07,0.29,40615.38461538462,332.811379434164
0.09,0.29,40615.38461538462,334.8469509552573
0.11,0.29,40615.38461538462,336.5563560989938
0.13,0.29,40615.38461538462,337.93297873586994
0.15,0.29,40615.38461538462,338.97092583694547
0.17,0.29,40615.38461538462,339.6655406904197
0.19,0.29,40615.38461538462,340.01364816876503
0.21,0.29,40615.38461538462,340.01364816876503
0.23,0.29,40615.38461538462,339.6655406904197
0.25,0.29,40615.38461538462,338.97092583694547
0.27,0.29,40615.38461538462,337.93297873586994
0.29,0.29,40615.38461538462,336.55635609899383
0.31,0.29,40615.38461538462,334.84695095525734
0.33,0.29,40615.38461538462,332.81137943416405
0.35,0.29,40615.38461538462,330.45606523547474
0.37,0.29,40615.38461538462,327.7857930326703
0.39,0.29,40615.38461538462,324.8016439601581
0.01,0.31,40615.38461538462,324.6188051085058
0.03,0.31,40615.38461538462,327.24374985915307
0.05,0.31,40615.38461538462,329.5732802404809
0.07,0.31,40615.38461538462,331.61600024392504
0.09,0.31,40615.38461538462,333.37432459720407
0.11,0.31,40615.38461538462,334.8469509552573
0.13,0.31,40615.38461538462,336.0308151129527
0.15,0.31,40615.38461538462,336.92243175651873
0.17,0.31,40615.38461538462,337.51871636777673
0.19,0.31,40615.38461538462,337.817437716479
0.21,0.31,40615.38461538462,337.817437716479
0.23,0.31,40615.38461538462,337.5187163677768
0.25,0.31,40615.38461538462,336.92243175651873
0.27,0.31,40615.38461538462,336.0308151129527
0.29,0.31,40615.38461538462,334.84695095525734
0.31,0.31,40615.38461538462,333.3743245972042
0.33,0.31,40615.38461538462,331.6160002439252
0.35,0.31,40615.38461538462,329.57328024048104
0.37,0.31,40615.38461538462,327.2437498591532
0.39,0.31,40615.38461538462,324.6188051085058
0.01,0.33,40615.38461538462,324.39771137612144
0.03,0.33,40615.38461538462,326.58989688338755
0.05,0.33,40615.38461538462,328.512044114732
0.07,0.33,40615.38461538462,330.1840986610068
0.09,0.33,40615.38461538462,331.61600024392504
0.11,0.33,40615.38461538462,332.81137943416405
0.13,0.33,40615.38461538462,333.7704362049847
0.15,0.33,40615.38461538462,334.4918565467529
0.17,0.33,40615.38461538462,334.97397202417886
0.19,0.33,40615.38461538462,335.21540708974226
0.21,0.33,40615.38461538462,335.21540708974226
0.23,0.33,40615.38461538462,334.973972024179
0.25,0.33,40615.38461538462,334.49185654675296
0.27,0.33,40615.38461538462,333.77043620498483
0.29,0.33,40615.38461538462,332.8113794341641
0.31,0.33,40615.38461538462,331.6160002439252
0.33,0.33,40615.38461538462,330.1840986610069
0.35,0.33,40615.38461538462,328.5120441147321
0.37,0.33,40615.38461538462,326.5898968833876
0.39,0.33,40615.38461538462,324.39771137612144
0.01,0.35,40615.38461538462,324.13471238198497
0.03,0.35,40615.38461538462,325.81657123177223
0.05,0.35,40615.38461538462,327.2651789787078
0.07,0.35,40615.38461538462,328.512044114732
0.09,0.35,40615.38461538462,329.573280240481
0.11,0.35,40615.38461538462,330.4560652354748
0.13,0.35,40615.38461538462,331.16285613563434
0.15,0.35,40615.38461538462,331.6938760066799
0.17,0.35,40615.38461538462,332.048507410146
0.19,0.35,40615.38461538462,332.2260390644054
0.21,0.35,40615.38461538462,332.22603906440537
0.23,0.35,40615.38461538462,332.04850741014604
0.25,0.35,40615.38461538462,331.69387600667994
0.27,0.35,40615.38461538462,331.1628561356344
0.29,0.35,40615.38461538462,330.45606523547485
0.31,0.35,40615.38461538462,329.57328024048104
0.33,0.35,40615.38461538462,328.512044114732
0.35,0.35,40615.38461538462,327.26517897870787
0.37,0.35,40615.38461538462,325.8165712317723
0.39,0.35,40615.38461538462,324.13471238198497
0.01,0.37,40615.38461538462,323.82032254101506
0.03,0.37,40615.38461538462,324.9061573955815
0.05,0.37,40615.38461538462,325.81657123177223
0.07,0.37,40615.38461538462,326.58989688338755
0.09,0.37,40615.38461538462,327.2437498591531
0.11,0.37,40615.38461538462,327.7857930326704
0.13,0.37,40615.38461538462,328.218977936116
0.15,0.37,40615.38461538462,328.54410961271884
0.17,0.37,40615.38461538462,328.76112576894724
0.19,0.37,40615.38461538462,328.8697372649649
0.21,0.37,40615.38461538462,328.8697372649649
0.23,0.37,40615.38461538462,328.7611257689473
0.25,0.37,40615.38461538462,328.54410961271884
0.27,0.37,40615.38461538462,328.218977936116
0.29,0.37,40615.38461538462,327.7857930326704
0.31,0.37,40615.38461538462,327.2437498591532
0.33,0.37,40615.38461538462,326.5898968833876
0.35,0.37,40615.38461538462,325.8165712317723
0.37,0.37,40615.38461538462,324.9061573955815
0.39,0.37,40615.38461538462,323.82032254101506
0.01,0.39,40615.38461538462,323.42798093941184
0.03,0.39,40615.38461538462,323.82032254101506
0.05,0.39,40615.38461538462,324.13471238198497
0.07,0.39,40615.38461538462,324.39771137612144
0.09,0.39,40615.38461538462,324.6188051085058
0.11,0.39,40615.38461538462,324.8016439601581
0.13,0.39,40615.38461538462,324.94759577669976
0.15,0.39,40615.38461538462,325.0570789696269
0.17,0.39,40615.38461538462,325.1301348677932
0.19,0.39,40615.38461538462,325.16669270181336
0.21,0.39,40615.38461538462,325.1666927018134
0.23,0.39,40615.38461538462,325.13013486779323
0.25,0.39,40615.38461538462,325.0570789696269
0.27,0.39,40615.38461538462,324.9475957766998
0.29,0.39,40615.38461538462,324.8016439601581
0.31,0.39,40615.38461538462,324.6188051085058
0.33,0.39,40615.38461538462,324.39771137612144
0.35,0.39,40615.38461538462,324.13471238198497
0.37,0.39,40615.38461538462,323.82032254101506
0.39,0.39,40615.38461538462,323.4279809394118
0.01,0.01,42461.53846153846,323.41049286573707
0.03,0.01,42461.53846153846,323.77722039167816
0.05,0.01,42461.53846153846,324.07070468126153
0.07,0.01,42461.53846153846,324.3161165721235
0.09,0.01,42461.53846153846,324.5224563294926
0.11,0.01,42461.53846153846,324.69317221502007
0.13,0.01,42461.53846153846,324.82952716543184
0.15,0.01,42461.53846153846,324.93187158453577
0.17,0.01,42461.53846153846,325.0001972657483
0.19,0.01,42461.53846153846,325.0343989952975
0.21,0.01,42461.53846153846,325.03439899529747
0.23,0.01,42461.53846153846,325.0001972657483
0.25,0.01,42461.53846153846,324.9318715845357
0.27,0.01,42461.53846153846,324.82952716543184
0.29,0.01,42461.53846153846,324.69317221502
0.31,0.01,42461.53846153846,324.52245632949257
0.33,0.01,42461.53846153846,324.3161165721235
0.35,0.01,42461.53846153846,324.0707046812615
0.37,0.01,42461.53846153846,323.77722039167816
0.39,0.01,42461.53846153846,323.410492865737
0.01,0.03,42461.53846153846,323.77722039167816
0.03,0.03,42461.53846153846,324.79160205014165
0.05,0.03,42461.53846153846,325.6413762910977
0.07,0.03,42461.53846153846,326.3630385000606
0.09,0.03,42461.53846153846,326.9733552354848
0.11,0.03,42461.53846153846,327.4795630945092
0.13,0.03,42461.53846153846,327.88435945480654
0.15,0.03,42461.53846153846,328.1883677482749
0.17,0.03,42461.53846153846,328.3913858384158
0.19,0.03,42461.53846153846,328.49302470899784
0.21,0.03,42461.53846153846,328.4930247089978
0.23,0.03,42461.53846153846,328.3913858384158
0.25,0.03,42461.53846153846,328.18836774827486
0.27,0.03,42461.53846153846,327.88435945480654
0.29,0.03,42461.53846153846,327.4795630945092
0.31,0.03,42461.53846153846,326.9733552354848
0.33,0.03,42461.53846153846,326.36303850006067
0.35,0.03,42461.53846153846,325.6413762910977
0.37,0.03,42461.53846153846,324.7916020501416
0.39,0.03,42461.53846153846,323.77722039167816
0.01,0.05,42461.53846153846,324.07070468126153
0.03,0.05,42461.53846153846,325.6413762910977
0.05,0.05,42461.53846153846,326.9934466498008
0.07,0.05,42461.53846153846,328.1571742129979
0.09,0.05,42461.53846153846,329.1479908540134
0.11,0.05,42461.53846153846,329.97266797338096
0.13,0.05,42461.53846153846,330.633369944614
0.15,0.05,42461.53846153846,331.130075671085
0.17,0.05,42461.53846153846,331.4619615128385
0.19,0.05,42461.53846153846,331.6281619915248
0.21,0.05,42461.53846153846,331.62816199152473
0.23,0.05,42461.53846153846,331.46196151283846
0.25,0.05,42461.53846153846,331.130075671085
0.27,0.05,42461.53846153846,330.633369944614
0.29,0.05,42461.53846153846,329.97266797338096
0.31,0.05,42461.53846153846,329.1479908540135
0.33,0.05,42461.53846153846,328.157174212998
0.35,0.05,42461.53846153846,326.99344664980083
0.37,0.05,42461.53846153846,325.6413762910977
0.39,0.05,42461.53846153846,324.0707046812616
0.01,0.07,42461.53846153846,324.3161165721236
0.03,0.07,42461.53846153846,326.3630385000606
0.05,0.07,42461.53846153846,328.1571742129979
0.07,0.07,42461.53846153846,329.71804862952973
0.09,0.07,42461.53846153846,331.0553334103702
0.11,0.07,42461.53846153846,332.1724352204519
0.13,0.07,42461.53846153846,333.06931777978576
0.15,0.07,42461.53846153846,333.7444134088823
0.17,0.07,42461.53846153846,334.1958102179468
0.19,0.07,42461.53846153846,334.4219394469009
0.21,0.07,42461.53846153846,334.4219394469009
0.23,0.07,42461.53846153846,334.1958102179468
0.25,0.07,42461.53846153846,333.74441340888234
0.27,0.07,42461.53846153846,333.0693177797858
0.29,0.07,42461.53846153846,332.17243522045203
0.31,0.07,42461.53846153846,331.05533341037034
0.33,0.07,42461.53846153846,329.71804862952985
0.35,0.07,42461.53846153846,328.15717421299803
0.37,0.07,42461.53846153846,326.36303850006067
0.39,0.07,42461.53846153846,324.3161165721236
0.01,0.09,42461.53846153846,324.52245632949257
0.03,0.09,42461.53846153846,326.9733552354848
0.05,0.09,42461.53846153846,329.1479908540134
0.07,0.09,42461.53846153846,331.0553334103702
0.09,0.09,42461.53846153846,332.69800142105674
0.11,0.09,42461.53846153846,334.0747213067249
0.13,0.09,42461.53846153846,335.1823047479573
0.15,0.09,42461.53846153846,336.0170420366285
0.17,0.09,42461.53846153846,336.5755931415952
0.19,0.09,42461.53846153846,336.8555096202452
0.21,0.09,42461.53846153846,336.8555096202452
0.23,0.09,42461.53846153846,336.5755931415952
0.25,0.09,42461.53846153846,336.01704203662854
0.27,0.09,42461.53846153846,335.1823047479574
0.29,0.09,42461.53846153846,334.07472130672494
0.31,0.09,42461.53846153846,332.6980014210568
0.33,0.09,42461.53846153846,331.05533341037034
0.35,0.09,42461.53846153846,329.1479908540135
0.37,0.09,42461.53846153846,326.9733552354849
0.39,0.09,42461.53846153846,324.5224563294926
0.01,0.11,42461.53846153846,324.69317221502
0.03,0.11,42461.53846153846,327.4795630945092
0.05,0.11,42461.53846153846,329.97266797338096
0.07,0.11,42461.53846153846,332.172435220452
0.09,0.11,42461.53846153846,334.07472130672494
0.11,0.11,42461.53846153846,335.67338983212613
0.13,0.11,42461.53846153846,336.96183187370985
0.15,0.11,42461.53846153846,337.9339797377017
0.17,0.11,42461.53846153846,338.5849261625561
0.19,0.11,42461.53846153846,338.9112666701701
0.21,0.11,42461.53846153846,338.9112666701701
0.23,0.11,42461.53846153846,338.5849261625562
0.25,0.11,42461.53846153846,337.93397973770175
0.27,0.11,42461.53846153846,336.96183187371
0.29,0.11,42461.53846153846,335.6733898321262
0.31,0.11,42461.53846153846,334.074721306725
0.33,0.11,42461.53846153846,332.17243522045203
0.35,0.11,42461.53846153846,329.972667973381
0.37,0.11,42461.53846153846,327.4795630945093
0.39,0.11,42461.53846153846,324.69317221502007
0.01,0.13,42461.53846153846,324.82952716543184
0.03,0.13,42461.53846153846,327.88435945480654
0.05,0.13,42461.53846153846,330.63336994461395
0.07,0.13,42461.53846153846,333.0693177797857
0.09,0.13,42461.53846153846,335.1823047479573
0.11,0.13,42461.53846153846,336.96183187370985
0.13,0.13,42461.53846153846,338.39810873598327
0.15,0.13,42461.53846153846,339.48282824359774
0.17,0.13,42461.53846153846,340.2095804003278
0.19,0.13,42461.53846153846,340.57404143811857
0.21,0.13,42461.53846153846,340.57404143811857
0.23,0.13,42461.53846153846,340.2095804003279
0.25,0.13,42461.53846153846,339.4828282435978
0.27,0.13,42461.53846153846,338.3981087359833
0.29,0.13,42461.53846153846,336.9618318737099
0.31,0.13,42461.53846153846,335.1823047479574
0.33,0.13,42461.53846153846,333.06931777978576
0.35,0.13,42461.53846153846,330.633369944614
0.37,0.13,42461.53846153846,327.8843594548066
0.39,0.13,42461.53846153846,324.82952716543184
0.01,0.15,42461.53846153846,324.9318715845357
0.03,0.15,42461.53846153846,328.1883677482748
0.05,0.15,42461.53846153846,331.13007567108497
0.07,0.15,42461.53846153846,333.7444134088822
0.09,0.15,42461.53846153846,336.0170420366284
0.11,0.15,42461.53846153846,337.9339797377017
0.13,0.15,42461.53846153846,339.48282824359774
0.15,0.15,42461.53846153846,340.6534110567415
0.17,0.15,42461.53846153846,341.4380495495716
0.19,0.15,42461.53846153846,341.8316391424336
0.21,0.15,42461.53846153846,341.8316391424336
0.23,0.15,42461.53846153846,341.4380495495716
0.25,0.15,42461.53846153846,340.65341105674145
0.27,0.15,42461.53846153846,339.48282824359774
0.29,0.15,42461.53846153846,337.9339797377017
0.31,0.15,42461.53846153846,336.01704203662854
0.33,0.15,42461.53846153846,333.7444134088823
0.35,0.15,42461.53846153846,331.130075671085
0.37,0.15,42461.53846153846,328.18836774827486
0.39,0.15,42461.53846153846,324.9318715845357
0.01,0.17,42461.53846153846,325.0001972657482
0.03,0.17,42461.53846153846,328.39138583841566
0.05,0.17,42461.53846153846,331.46196151283834
0.07,0.17,42461.53846153846,334.1958102179467
0.09,0.17,42461.53846153846,336.5755931415951
0.11,0.17,42461.53846153846,338.5849261625561
0.13,0.17,42461.53846153846,340.20958040032787
0.15,0.17,42461.53846153846,341.4380495495716
0.17,0.17,42461.53846153846,342.26174424501835
0.19,0.17,42461.53846153846,342.67499618345323
0.21,0.17,42461.53846153846,342.67499618345323
0.23,0.17,42461.53846153846,342.26174424501835
0.25,0.17,42461.53846153846,341.4380495495715
0.27,0.17,42461.53846153846,340.20958040032787
0.29,0.17,42461.53846153846,338.5849261625561
0.31,0.17,42461.53846153846,336.5755931415952
0.33,0.17,42461.53846153846,334.1958102179468
0.35,0.17,42461.53846153846,331.46196151283846
0.37,0.17,42461.53846153846,328.3913858384157
0.39,0.17,42461.53846153846,325.0001972657482
0.01,0.19,42461.53846153846,325.0343989952974
0.03,0.19,42461.53846153846,328.4930247089977
0.05,0.19,42461.53846153846,331.6281619915246
0.07,0.19,42461.53846153846,334.4219394469008
0.09,0.19,42461.53846153846,336.8555096202452
0.11,0.19,42461.53846153846,338.91126667017016
0.13,0.19,42461.53846153846,340.5740414381186
0.15,0.19,42461.53846153846,341.8316391424336
0.17,0.19,42461.53846153846,342.67499618345323
0.19,0.19,42461.53846153846,343.09814960895426
0.21,0.19,42461.53846153846,343.0981496089542
0.23,0.19,42461.53846153846,342.6749961834532
0.25,0.19,42461.53846153846,341.8316391424336
0.27,0.19,42461.53846153846,340.5740414381186
0.29,0.19,42461.53846153846,338.91126667017016
0.31,0.19,42461.53846153846,336.85550962024524
0.33,0.19,42461.53846153846,334.4219394469009
0.35,0.19,42461.53846153846,331.6281619915247
0.37,0.19,42461.53846153846,328.4930247089978
0.39,0.19,42461.53846153846,325.03439899529747
0.01,0.21,42461.53846153846,325.0343989952974
0.03,0.21,42461.53846153846,328.49302470899767
0.05,0.21,42461.53846153846,331.6281619915246
0.07,0.21,42461.53846153846,334.42193944690086
0.09,0.21,42461.53846153846,336.85550962024524
0.11,0.21,42461.53846153846,338.91126667017016
0.13,0.21,42461.53846153846,340.5740414381186
0.15,0.21,42461.53846153846,341.8316391424336
0.17,0.21,42461.53846153846,342.67499618345323
0.19,0.21,42461.53846153846,343.09814960895426
0.21,0.21,42461.53846153846,343.0981496089542
0.23,0.21,42461.53846153846,342.6749961834532
0.25,0.21,42461.53846153846,341.8316391424336
0.27,0.21,42461.53846153846,340.57404143811857
0.29,0.21,42461.53846153846,338.9112666701701
0.31,0.21,42461.53846153846,336.8555096202452
0.33,0.21,42461.53846153846,334.4219394469009
0.35,0.21,42461.53846153846,331.6281619915247
0.37,0.21,42461.53846153846,328.4930247089978
0.39,0.21,42461.53846153846,325.03439899529747
0.01,0.23,42461.53846153846,325.0001972657482
0.03,0.23,42461.53846153846,328.39138583841566
0.05,0.23,42461.53846153846,331.46196151283834
0.07,0.23,42461.53846153846,334.1958102179468
0.09,0.23,42461.53846153846,336.5755931415952
0.11,0.23,42461.53846153846,338.58492616255614
0.13,0.23,42461.53846153846,340.2095804003279
0.15,0.23,42461.53846153846,341.4380495495716
0.17,0.23,42461.53846153846,342.26174424501835
0.19,0.23,42461.53846153846,342.67499618345323
0.21,0.23,42461.53846153846,342.67499618345323
0.23,0.23,42461.53846153846,342.2617442450183
0.25,0.23,42461.53846153846,341.4380495495715
0.27,0.23,42461.53846153846,340.2095804003278
0.29,0.23,42461.53846153846,338.58492616255603
0.31,0.23,42461.53846153846,336.5755931415951
0.33,0.23,42461.53846153846,334.1958102179468
0.35,0.23,42461.53846153846,331.4619615128384
0.37,0.23,42461.53846153846,328.3913858384157
0.39,0.23,42461.53846153846,325.0001972657482
0.01,0.25,42461.53846153846,324.93187158453566
0.03,0.25,42461.53846153846,328.1883677482748
0.05,0.25,42461.53846153846,331.13007567108497
0.07,0.25,42461.53846153846,333.7444134088823
0.09,0.25,42461.53846153846,336.0170420366285
0.11,0.25,42461.53846153846,337.93397973770175
0.13,0.25,42461.53846153846,339.48282824359774
0.15,0.25,42461.53846153846,340.65341105674145
0.17,0.25,42461.53846153846,341.4380495495716
0.19,0.25,42461.53846153846,341.83163914243363
0.21,0.25,42461.53846153846,341.8316391424336
0.23,0.25,42461.53846153846,341.4380495495715
0.25,0.25,42461.53846153846,340.65341105674145
0.27,0.25,42461.53846153846,339.4828282435977
0.29,0.25,42461.53846153846,337.9339797377017
0.31,0.25,42461.53846153846,336.0170420366285
0.33,0.25,42461.53846153846,333.7444134088823
0.35,0.25,42461.53846153846,331.130075671085
0.37,0.25,42461.53846153846,328.18836774827486
0.39,0.25,42461.53846153846,324.9318715845357
0.01,0.27,42461.53846153846,324.8295271654318
0.03,0.27,42461.53846153846,327.8843594548065
0.05,0.27,42461.53846153846,330.63336994461395
0.07,0.27,42461.53846153846,333.0693177797857
0.09,0.27,42461.53846153846,335.18230474795735
0.11,0.27,42461.53846153846,336.9618318737099
0.13,0.27,42461.53846153846,338.39810873598327
0.15,0.27,42461.53846153846,339.48282824359774
0.17,0.27,42461.53846153846,340.2095804003279
0.19,0.27,42461.53846153846,340.5740414381187
0.21,0.27,42461.53846153846,340.5740414381186
0.23,0.27,42461.53846153846,340.20958040032787
0.25,0.27,42461.53846153846,339.48282824359774
0.27,0.27,42461.53846153846,338.39810873598327
0.29,0.27,42461.53846153846,336.9618318737099
0.31,0.27,42461.53846153846,335.18230474795735
0.33,0.27,42461.53846153846,333.06931777978576
0.35,0.27,42461.53846153846,330.633369944614
0.37,0.27,42461.53846153846,327.8843594548065
0.39,0.27,42461.53846153846,324.8295271654318
0.01,0.29,42461.53846153846,324.69317221502
0.03,0.29,42461.53846153846,327.4795630945092
0.05,0.29,42461.53846153846,329.9726679733809
0.07,0.29,42461.53846153846,332.172435220452
0.09,0.29,42461.53846153846,334.07472130672494
0.11,0.29,42461.53846153846,335.67338983212613
0.13,0.29,42461.53846153846,336.9618318737099
0.15,0.29,42461.53846153846,337.9339797377018
0.17,0.29,42461.53846153846,338.5849261625562
0.19,0.29,42461.53846153846,338.9112666701702
0.21,0.29,42461.53846153846,338.91126667017016
0.23,0.29,42461.53846153846,338.5849261625562
0.25,0.29,42461.53846153846,337.93397973770175
0.27,0.29,42461.53846153846,336.96183187371
0.29,0.29,42461.53846153846,335.67338983212625
0.31,0.29,42461.53846153846,334.074721306725
0.33,0.29,42461.53846153846,332.1724352204521
0.35,0.29,42461.53846153846,329.972667973381
0.37,0.29,42461.53846153846,327.4795630945092
0.39,0.29,42461.53846153846,324.69317221502007
0.01,0.31,42461.53846153846,324.52245632949257
0.03,0.31,42461.53846153846,326.9733552354848
0.05,0.31,42461.53846153846,329.1479908540134
0.07,0.31,42461.53846153846,331.0553334103703
0.09,0.31,42461.53846153846,332.6980014210568
0.11,0.31,42461.53846153846,334.07472130672494
0.13,0.31,42461.53846153846,335.18230474795735
0.15,0.31,42461.53846153846,336.0170420366286
0.17,0.31,42461.53846153846,336.5755931415953
0.19,0.31,42461.53846153846,336.8555096202453
0.21,0.31,42461.53846153846,336.8555096202453
0.23,0.31,42461.53846153846,336.5755931415953
0.25,0.31,42461.53846153846,336.0170420366286
0.27,0.31,42461.53846153846,335.1823047479574
0.29,0.31,42461.53846153846,334.074721306725
0.31,0.31,42461.53846153846,332.69800142105686
0.33,0.31,42461.53846153846,331.0553334103704
0.35,0.31,42461.53846153846,329.1479908540135
0.37,0.31,42461.53846153846,326.97335523548486
0.39,0.31,42461.53846153846,324.5224563294926
0.01,0.33,42461.53846153846,324.3161165721235
0.03,0.33,42461.53846153846,326.3630385000606
0.05,0.33,42461.53846153846,328.1571742129979
0.07,0.33,42461.53846153846,329.7180486295298
0.09,0.33,42461.53846153846,331.0553334103703
0.11,0.33,42461.53846153846,332.172435220452
0.13,0.33,42461.53846153846,333.06931777978576
0.15,0.33,42461.53846153846,333.74441340888234
0.17,0.33,42461.53846153846,334.1958102179468
0.19,0.33,42461.53846153846,334.421939446901
0.21,0.33,42461.53846153846,334.421939446901
0.23,0.33,42461.53846153846,334.19581021794687
0.25,0.33,42461.53846153846,333.7444134088824
0.27,0.33,42461.53846153846,333.0693177797859
0.29,0.33,42461.53846153846,332.1724352204521
0.31,0.33,42461.53846153846,331.0553334103704
0.33,0.33,42461.53846153846,329.7180486295299
0.35,0.33,42461.53846153846,328.15717421299803
0.37,0.33,42461.53846153846,326.36303850006067
0.39,0.33,42461.53846153846,324.3161165721236
0.01,0.35,42461.53846153846,324.07070468126153
0.03,0.35,42461.53846153846,325.64137629109763
0.05,0.35,42461.53846153846,326.99344664980083
0.07,0.35,42461.53846153846,328.157174212998
0.09,0.35,42461.53846153846,329.14799085401347
0.11,0.35,42461.53846153846,329.97266797338096
0.13,0.35,42461.53846153846,330.633369944614
0.15,0.35,42461.53846153846,331.1300756710851
0.17,0.35,42461.53846153846,331.4619615128385
0.19,0.35,42461.53846153846,331.6281619915248
0.21,0.35,42461.53846153846,331.6281619915248
0.23,0.35,42461.53846153846,331.4619615128385
0.25,0.35,42461.53846153846,331.1300756710851
0.27,0.35,42461.53846153846,330.63336994461406
0.29,0.35,42461.53846153846,329.9726679733811
0.31,0.35,42461.53846153846,329.1479908540136
0.33,0.35,42461.53846153846,328.1571742129981
0.35,0.35,42461.53846153846,326.9934466498009
0.37,0.35,42461.53846153846,325.64137629109774
0.39,0.35,42461.53846153846,324.07070468126153
0.01,0.37,42461.53846153846,323.77722039167816
0.03,0.37,42461.53846153846,324.7916020501416
0.05,0.37,42461.53846153846,325.64137629109763
0.07,0.37,42461.53846153846,326.3630385000606
0.09,0.37,42461.53846153846,326.9733552354848
0.11,0.37,42461.53846153846,327.4795630945092
0.13,0.37,42461.53846153846,327.88435945480654
0.15,0.37,42461.53846153846,328.1883677482749
0.17,0.37,42461.53846153846,328.39138583841583
0.19,0.37,42461.53846153846,328.49302470899784
0.21,0.37,42461.53846153846,328.49302470899784
0.23,0.37,42461.53846153846,328.39138583841583
0.25,0.37,42461.53846153846,328.18836774827486
0.27,0.37,42461.53846153846,327.88435945480654
0.29,0.37,42461.53846153846,327.4795630945092
0.31,0.37,42461.53846153846,326.9733552354849
0.33,0.37,42461.53846153846,326.36303850006067
0.35,0.37,42461.53846153846,325.64137629109774
0.37,0.37,42461.53846153846,324.79160205014165
0.39,0.37,42461.53846153846,323.77722039167816
0.01,0.39,42461.53846153846,323.410492865737
0.03,0.39,42461.53846153846,323.77722039167816
0.05,0.39,42461.53846153846,324.07070468126153
0.07,0.39,42461.53846153846,324.3161165721235
0.09,0.39,42461.53846153846,324.52245632949257
0.11,0.39,42461.53846153846,324.69317221502
0.13,0.39,42461.53846153846,324.82952716543184
0.15,0.39,42461.53846153846,324.9318715845357
0.17,0.39,42461.53846153846,325.0001972657483
0.19,0.39,42461.53846153846,325.03439899529747
0.21,0.39,42461.53846153846,325.0343989952975
0.23,0.39,42461.53846153846,325.0001972657483
0.25,0.39,42461.53846153846,324.9318715845357
0.27,0.39,42461.53846153846,324.82952716543184
0.29,0.39,42461.53846153846,324.69317221502007
0.31,0.39,42461.53846153846,324.5224563294926
0.33,0.39,42461.53846153846,324.3161165721235
0.35,0.39,42461.53846153846,324.07070468126153
0.37,0.39,42461.53846153846,323.77722039167816
0.39,0.39,42461.53846153846,323.41049286573707
0.01,0.01,44307.69230769231,323.3944271453457
0.03,0.01,44307.69230769231,323.7374964861773
0.05,0.01,44307.69230769231,324.01157687637607
0.07,0.01,44307.69230769231,324.24058754779435
0.09,0.01,44307.69230769231,324.4331040162366
0.11,0.01,44307.69230769231,324.5924107985582
0.13,0.01,44307.69230769231,324.7196969739545
0.15,0.01,44307.69230769231,324.8152718461016
0.17,0.01,44307.69230769231,324.87909992765674
0.19,0.01,44307.69230769231,324.91105763487144
0.21,0.01,44307.69230769231,324.9110576348714
0.23,0.01,44307.69230769231,324.87909992765674
0.25,0.01,44307.69230769231,324.8152718461016
0.27,0.01,44307.69230769231,324.7196969739545
0.29,0.01,44307.69230769231,324.5924107985581
0.31,0.01,44307.69230769231,324.4331040162366
0.33,0.01,44307.69230769231,324.2405875477944
0.35,0.01,44307.69230769231,324.01157687637607
0.37,0.01,44307.69230769231,323.7374964861773
0.39,0.01,44307.69230769231,323.3944271453457
0.01,0.03,44307.69230769231,323.7374964861773
0.03,0.03,44307.69230769231,324.6857716016198
0.05,0.03,44307.69230769231,325.47920433155
0.07,0.03,44307.69230769231,326.1526484172221
0.09,0.03,44307.69230769231,326.72214603183386
0.11,0.03,44307.69230769231,327.19460549118776
0.13,0.03,44307.69230769231,327.57255709010616
0.15,0.03,44307.69230769231,327.856520760607
0.17,0.03,44307.69230769231,328.0462199555162
0.19,0.03,44307.69230769231,328.1412132751647
0.21,0.03,44307.69230769231,328.1412132751647
0.23,0.03,44307.69230769231,328.0462199555162
0.25,0.03,44307.69230769231,327.85652076060694
0.27,0.03,44307.69230769231,327.57255709010616
0.29,0.03,44307.69230769231,327.1946054911877
0.31,0.03,44307.69230769231,326.7221460318339
0.33,0.03,44307.69230769231,326.1526484172221
0.35,0.03,44307.69230769231,325.4792043315499
0.37,0.03,44307.69230769231,324.68577160161976
0.39,0.03,44307.69230769231,323.7374964861773
0.01,0.05,44307.69230769231,324.01157687637607
0.03,0.05,44307.69230769231,325.47920433155
0.05,0.05,44307.69230769231,326.7414557699315
0.07,0.05,44307.69230769231,327.8274960736593
0.09,0.05,44307.69230769231,328.75221367095253
0.11,0.05,44307.69230769231,329.52210712840144
0.13,0.05,44307.69230769231,330.1391794018976
0.15,0.05,44307.69230769231,330.60328818223974
0.17,0.05,44307.69230769231,330.91350854837503
0.19,0.05,44307.69230769231,331.0688976003027
0.21,0.05,44307.69230769231,331.06889760030265
0.23,0.05,44307.69230769231,330.913508548375
0.25,0.05,44307.69230769231,330.60328818223974
0.27,0.05,44307.69230769231,330.1391794018976
0.29,0.05,44307.69230769231,329.52210712840144
0.31,0.05,44307.69230769231,328.7522136709525
0.33,0.05,44307.69230769231,327.82749607365923
0.35,0.05,44307.69230769231,326.7414557699314
0.37,0.05,44307.69230769231,325.4792043315499
0.39,0.05,44307.69230769231,324.01157687637607
0.01,0.07,44307.69230769231,324.2405875477944
0.03,0.07,44307.69230769231,326.1526484172221
0.05,0.07,44307.69230769231,327.8274960736593
0.07,0.07,44307.69230769231,329.2843299461246
0.09,0.07,44307.69230769231,330.53268155101614
0.11,0.07,44307.69230769231,331.57588567431213
0.13,0.07,44307.69230769231,332.4138338042848
0.15,0.07,44307.69230769231,333.04486485184947
0.17,0.07,44307.69230769231,333.4669628972358
0.19,0.07,44307.69230769231,333.6784689183022
0.21,0.07,44307.69230769231,333.6784689183022
0.23,0.07,44307.69230769231,333.4669628972358
0.25,0.07,44307.69230769231,333.04486485184947
0.27,0.07,44307.69230769231,332.4138338042849
0.29,0.07,44307.69230769231,331.57588567431213
0.31,0.07,44307.69230769231,330.53268155101614
0.33,0.07,44307.69230769231,329.28432994612456
0.35,0.07,44307.69230769231,327.8274960736593
0.37,0.07,44307.69230769231,326.15264841722205
0.39,0.07,44307.69230769231,324.2405875477944
0.01,0.09,44307.69230769231,324.4331040162366
0.03,0.09,44307.69230769231,326.72214603183386
0.05,0.09,44307.69230769231,328.7522136709525
0.07,0.09,44307.69230769231,330.5326815510161
0.09,0.09,44307.69230769231,332.06648238605453
0.11,0.09,44307.69230769231,333.35253231885906
0.13,0.09,44307.69230769231,334.3877070760224
0.15,0.09,44307.69230769231,335.1682630832962
0.17,0.09,44307.69230769231,335.6907734017062
0.19,0.09,44307.69230769231,335.95269792021804
0.21,0.09,44307.69230769231,335.95269792021804
0.23,0.09,44307.69230769231,335.6907734017062
0.25,0.09,44307.69230769231,335.1682630832962
0.27,0.09,44307.69230769231,334.3877070760225
0.29,0.09,44307.69230769231,333.35253231885906
0.31,0.09,44307.69230769231,332.06648238605453
0.33,0.09,44307.69230769231,330.5326815510161
0.35,0.09,44307.69230769231,328.7522136709525
0.37,0.09,44307.69230769231,326.7221460318339
0.39,0.09,44307.69230769231,324.4331040162366
0.01,0.11,44307.69230769231,324.5924107985581
0.03,0.11,44307.69230769231,327.1946054911877
0.05,0.11,44307.69230769231,329.5221071284014
0.07,0.11,44307.69230769231,331.5758856743121
0.09,0.11,44307.69230769231,333.352532318859
0.11,0.11,44307.69230769231,334.8463635585377
0.13,0.11,44307.69230769231,336.0509839333849
0.15,0.11,44307.69230769231,336.96036580076014
0.17,0.11,44307.69230769231,337.5695439523004
0.19,0.11,44307.69230769231,337.87502896440185
0.21,0.11,44307.69230769231,337.8750289644019
0.23,0.11,44307.69230769231,337.5695439523004
0.25,0.11,44307.69230769231,336.96036580076014
0.27,0.11,44307.69230769231,336.0509839333849
0.29,0.11,44307.69230769231,334.84636355853775
0.31,0.11,44307.69230769231,333.3525323188591
0.33,0.11,44307.69230769231,331.5758856743122
0.35,0.11,44307.69230769231,329.5221071284015
0.37,0.11,44307.69230769231,327.19460549118776
0.39,0.11,44307.69230769231,324.5924107985581
0.01,0.13,44307.69230769231,324.71969697395446
0.03,0.13,44307.69230769231,327.5725570901061
0.05,0.13,44307.69230769231,330.1391794018975
0.07,0.13,44307.69230769231,332.4138338042848
0.09,0.13,44307.69230769231,334.3877070760224
0.11,0.13,44307.69230769231,336.0509839333849
0.13,0.13,44307.69230769231,337.3942257729935
0.15,0.13,44307.69230769231,338.40923893959666
0.17,0.13,44307.69230769231,339.08958805082347
0.19,0.13,44307.69230769231,339.43087517248824
0.21,0.13,44307.69230769231,339.4308751724882
0.23,0.13,44307.69230769231,339.0895880508234
0.25,0.13,44307.69230769231,338.4092389395966
0.27,0.13,44307.69230769231,337.3942257729934
0.29,0.13,44307.69230769231,336.0509839333849
0.31,0.13,44307.69230769231,334.3877070760225
0.33,0.13,44307.69230769231,332.4138338042849
0.35,0.13,44307.69230769231,330.1391794018976
0.37,0.13,44307.69230769231,327.57255709010616
0.39,0.13,44307.69230769231,324.7196969739545
0.01,0.15,44307.69230769231,324.8152718461016
0.03,0.15,44307.69230769231,327.8565207606069
0.05,0.15,44307.69230769231,330.6032881822397
0.07,0.15,44307.69230769231,333.04486485184947
0.09,0.15,44307.69230769231,335.1682630832961
0.11,0.15,44307.69230769231,336.9603658007601
0.13,0.15,44307.69230769231,338.4092389395966
0.15,0.15,44307.69230769231,339.5048816762244
0.17,0.15,44307.69230769231,340.2396195182196
0.19,0.15,44307.69230769231,340.6082849021956
0.21,0.15,44307.69230769231,340.6082849021956
0.23,0.15,44307.69230769231,340.2396195182196
0.25,0.15,44307.69230769231,339.5048816762244
0.27,0.15,44307.69230769231,338.40923893959666
0.29,0.15,44307.69230769231,336.9603658007601
0.31,0.15,44307.69230769231,335.1682630832962
0.33,0.15,44307.69230769231,333.04486485184947
0.35,0.15,44307.69230769231,330.60328818223974
0.37,0.15,44307.69230769231,327.85652076060694
0.39,0.15,44307.69230769231,324.8152718461016
0.01,0.17,44307.69230769231,324.87909992765674
0.03,0.17,44307.69230769231,328.04621995551616
0.05,0.17,44307.69230769231,330.9135085483749
0.07,0.17,44307.69230769231,333.46696289723576
0.09,0.17,44307.69230769231,335.6907734017061
0.11,0.17,44307.69230769231,337.5695439523003
0.13,0.17,44307.69230769231,339.08958805082347
0.15,0.17,44307.69230769231,340.2396195182196
0.17,0.17,44307.69230769231,341.0110750304604
0.19,0.17,44307.69230769231,341.3982321661532
0.21,0.17,44307.69230769231,341.39823216615315
0.23,0.17,44307.69230769231,341.0110750304604
0.25,0.17,44307.69230769231,340.2396195182196
0.27,0.17,44307.69230769231,339.0895880508234
0.29,0.17,44307.69230769231,337.5695439523004
0.31,0.17,44307.69230769231,335.6907734017062
0.33,0.17,44307.69230769231,333.4669628972358
0.35,0.17,44307.69230769231,330.91350854837503
0.37,0.17,44307.69230769231,328.0462199555162
0.39,0.17,44307.69230769231,324.87909992765674
0.01,0.19,44307.69230769231,324.9110576348714
0.03,0.19,44307.69230769231,328.1412132751646
0.05,0.19,44307.69230769231,331.0688976003026
0.07,0.19,44307.69230769231,333.67846891830203
0.09,0.19,44307.69230769231,335.952697920218
0.11,0.19,44307.69230769231,337.8750289644019
0.13,0.19,44307.69230769231,339.43087517248824
0.15,0.19,44307.69230769231,340.6082849021956
0.17,0.19,44307.69230769231,341.39823216615315
0.19,0.19,44307.69230769231,341.79470473060803
0.21,0.19,44307.69230769231,341.794704730608
0.23,0.19,44307.69230769231,341.39823216615315
0.25,0.19,44307.69230769231,340.6082849021956
0.27,0.19,44307.69230769231,339.43087517248824
0.29,0.19,44307.69230769231,337.8750289644019
0.31,0.19,44307.69230769231,335.95269792021804
0.33,0.19,44307.69230769231,333.67846891830214
0.35,0.19,44307.69230769231,331.06889760030265
0.37,0.19,44307.69230769231,328.14121327516466
0.39,0.19,44307.69230769231,324.9110576348714
0.01,0.21,44307.69230769231,324.9110576348714
0.03,0.21,44307.69230769231,328.1412132751646
0.05,0.21,44307.69230769231,331.0688976003026
0.07,0.21,44307.69230769231,333.6784689183021
0.09,0.21,44307.69230769231,335.952697920218
0.11,0.21,44307.69230769231,337.8750289644019
0.13,0.21,44307.69230769231,339.43087517248824
0.15,0.21,44307.69230769231,340.6082849021955
0.17,0.21,44307.69230769231,341.39823216615315
0.19,0.21,44307.69230769231,341.794704730608
0.21,0.21,44307.69230769231,341.794704730608
0.23,0.21,44307.69230769231,341.3982321661532
0.25,0.21,44307.69230769231,340.6082849021956
0.27,0.21,44307.69230769231,339.43087517248824
0.29,0.21,44307.69230769231,337.8750289644019
0.31,0.21,44307.69230769231,335.95269792021804
0.33,0.21,44307.69230769231,333.67846891830214
0.35,0.21,44307.69230769231,331.0688976003026
0.37,0.21,44307.69230769231,328.1412132751646
0.39,0.21,44307.69230769231,324.9110576348714
0.01,0.23,44307.69230769231,324.87909992765674
0.03,0.23,44307.69230769231,328.0462199555161
0.05,0.23,44307.69230769231,330.9135085483749
0.07,0.23,44307.69230769231,333.4669628972357
0.09,0.23,44307.69230769231,335.69077340170617
0.11,0.23,44307.69230769231,337.5695439523003
0.13,0.23,44307.69230769231,339.08958805082347
0.15,0.23,44307.69230769231,340.2396195182197
0.17,0.23,44307.69230769231,341.01107503046035
0.19,0.23,44307.69230769231,341.39823216615315
0.21,0.23,44307.69230769231,341.39823216615315
0.23,0.23,44307.69230769231,341.0110750304604
0.25,0.23,44307.69230769231,340.2396195182197
0.27,0.23,44307.69230769231,339.0895880508234
0.29,0.23,44307.69230769231,337.5695439523003
0.31,0.23,44307.69230769231,335.69077340170617
0.33,0.23,44307.69230769231,333.4669628972357
0.35,0.23,44307.69230769231,330.9135085483749
0.37,0.23,44307.69230769231,328.04621995551616
0.39,0.23,44307.69230769231,324.8790999276567
0.01,0.25,44307.69230769231,324.81527184610155
0.03,0.25,44307.69230769231,327.8565207606069
0.05,0.25,44307.69230769231,330.6032881822396
0.07,0.25,44307.69230769231,333.0448648518494
0.09,0.25,44307.69230769231,335.1682630832961
0.11,0.25,44307.69230769231,336.9603658007601
0.13,0.25,44307.69230769231,338.40923893959666
0.15,0.25,44307.69230769231,339.5048816762244
0.17,0.25,44307.69230769231,340.2396195182196
0.19,0.25,44307.69230769231,340.6082849021956
0.21,0.25,44307.69230769231,340.6082849021955
0.23,0.25,44307.69230769231,340.2396195182197
0.25,0.25,44307.69230769231,339.5048816762244
0.27,0.25,44307.69230769231,338.4092389395966
0.29,0.25,44307.69230769231,336.9603658007601
0.31,0.25,44307.69230769231,335.1682630832961
0.33,0.25,44307.69230769231,333.04486485184947
0.35,0.25,44307.69230769231,330.6032881822397
0.37,0.25,44307.69230769231,327.85652076060694
0.39,0.25,44307.69230769231,324.8152718461016
0.01,0.27,44307.69230769231,324.71969697395446
0.03,0.27,44307.69230769231,327.5725570901061
0.05,0.27,44307.69230769231,330.1391794018974
0.07,0.27,44307.69230769231,332.4138338042848
0.09,0.27,44307.69230769231,334.3877070760224
0.11,0.27,44307.69230769231,336.0509839333848
0.13,0.27,44307.69230769231,337.3942257729935
0.15,0.27,44307.69230769231,338.40923893959666
0.17,0.27,44307.69230769231,339.08958805082347
0.19,0.27,44307.69230769231,339.43087517248824
0.21,0.27,44307.69230769231,339.43087517248824
0.23,0.27,44307.69230769231,339.08958805082347
0.25,0.27,44307.69230769231,338.40923893959666
0.27,0.27,44307.69230769231,337.39422577299337
0.29,0.27,44307.69230769231,336.0509839333848
0.31,0.27,44307.69230769231,334.3877070760224
0.33,0.27,44307.69230769231,332.4138338042848
0.35,0.27,44307.69230769231,330.13917940189754
0.37,0.27,44307.69230769231,327.5725570901061
0.39,0.27,44307.69230769231,324.71969697395446
0.01,0.29,44307.69230769231,324.5924107985581
0.03,0.29,44307.69230769231,327.19460549118764
0.05,0.29,44307.69230769231,329.52210712840133
0.07,0.29,44307.69230769231,331.575885674312
0.09,0.29,44307.69230769231,333.352532318859
0.11,0.29,44307.69230769231,334.8463635585377
0.13,0.29,44307.69230769231,336.0509839333849
0.15,0.29,44307.69230769231,336.96036580076014
0.17,0.29,44307.69230769231,337.5695439523004
0.19,0.29,44307.69230769231,337.875028964402
0.21,0.29,44307.69230769231,337.875028964402
0.23,0.29,44307.69230769231,337.5695439523004
0.25,0.29,44307.69230769231,336.9603658007601
0.27,0.29,44307.69230769231,336.0509839333848
0.29,0.29,44307.69230769231,334.8463635585377
0.31,0.29,44307.69230769231,333.35253231885906
0.33,0.29,44307.69230769231,331.57588567431213
0.35,0.29,44307.69230769231,329.52210712840144
0.37,0.29,44307.69230769231,327.1946054911877
0.39,0.29,44307.69230769231,324.5924107985582
0.01,0.31,44307.69230769231,324.4331040162366
0.03,0.31,44307.69230769231,326.72214603183386
0.05,0.31,44307.69230769231,328.7522136709525
0.07,0.31,44307.69230769231,330.5326815510161
0.09,0.31,44307.69230769231,332.06648238605453
0.11,0.31,44307.69230769231,333.35253231885906
0.13,0.31,44307.69230769231,334.3877070760225
0.15,0.31,44307.69230769231,335.16826308329627
0.17,0.31,44307.69230769231,335.6907734017063
0.19,0.31,44307.69230769231,335.9526979202181
0.21,0.31,44307.69230769231,335.9526979202181
0.23,0.31,44307.69230769231,335.6907734017063
0.25,0.31,44307.69230769231,335.16826308329627
0.27,0.31,44307.69230769231,334.3877070760224
0.29,0.31,44307.69230769231,333.35253231885906
0.31,0.31,44307.69230769231,332.06648238605453
0.33,0.31,44307.69230769231,330.5326815510162
0.35,0.31,44307.69230769231,328.7522136709525
0.37,0.31,44307.69230769231,326.72214603183386
0.39,0.31,44307.69230769231,324.4331040162366
0.01,0.33,44307.69230769231,324.2405875477944
0.03,0.33,44307.69230769231,326.1526484172221
0.05,0.33,44307.69230769231,327.8274960736593
0.07,0.33,44307.69230769231,329.28432994612456
0.09,0.33,44307.69230769231,330.5326815510161
0.11,0.33,44307.69230769231,331.5758856743121
0.13,0.33,44307.69230769231,332.4138338042849
0.15,0.33,44307.69230769231,333.0448648518495
0.17,0.33,44307.69230769231,333.4669628972359
0.19,0.33,44307.69230769231,333.6784689183022
0.21,0.33,44307.69230769231,333.6784689183022
0.23,0.33,44307.69230769231,333.466962897236
0.25,0.33,44307.69230769231,333.0448648518496
0.27,0.33,44307.69230769231,332.4138338042849
0.29,0.33,44307.69230769231,331.57588567431213
0.31,0.33,44307.69230769231,330.5326815510162
0.33,0.33,44307.69230769231,329.28432994612467
0.35,0.33,44307.69230769231,327.82749607365935
0.37,0.33,44307.69230769231,326.1526484172221
0.39,0.33,44307.69230769231,324.24058754779435
0.01,0.35,44307.69230769231,324.01157687637607
0.03,0.35,44307.69230769231,325.47920433155
0.05,0.35,44307.69230769231,326.74145576993146
0.07,0.35,44307.69230769231,327.8274960736593
0.09,0.35,44307.69230769231,328.7522136709525
0.11,0.35,44307.69230769231,329.5221071284014
0.13,0.35,44307.69230769231,330.13917940189754
0.15,0.35,44307.69230769231,330.60328818223974
0.17,0.35,44307.69230769231,330.91350854837503
0.19,0.35,44307.69230769231,331.0688976003027
0.21,0.35,44307.69230769231,331.0688976003027
0.23,0.35,44307.69230769231,330.9135085483751
0.25,0.35,44307.69230769231,330.6032881822398
0.27,0.35,44307.69230769231,330.1391794018976
0.29,0.35,44307.69230769231,329.5221071284015
0.31,0.35,44307.69230769231,328.75221367095253
0.33,0.35,44307.69230769231,327.82749607365935
0.35,0.35,44307.69230769231,326.7414557699315
0.37,0.35,44307.69230769231,325.4792043315499
0.39,0.35,44307.69230769231,324.01157687637607
0.01,0.37,44307.69230769231,323.7374964861773
0.03,0.37,44307.69230769231,324.6857716016198
0.05,0.37,44307.69230769231,325.47920433155
0.07,0.37,44307.69230769231,326.1526484172221
0.09,0.37,44307.69230769231,326.72214603183386
0.11,0.37,44307.69230769231,327.1946054911877
0.13,0.37,44307.69230769231,327.5725570901061
0.15,0.37,44307.69230769231,327.85652076060694
0.17,0.37,44307.69230769231,328.0462199555162
0.19,0.37,44307.69230769231,328.1412132751647
0.21,0.37,44307.69230769231,328.1412132751647
0.23,0.37,44307.69230769231,328.0462199555162
0.25,0.37,44307.69230769231,327.856520760607
0.27,0.37,44307.69230769231,327.57255709010616
0.29,0.37,44307.69230769231,327.19460549118776
0.31,0.37,44307.69230769231,326.7221460318339
0.33,0.37,44307.69230769231,326.1526484172221
0.35,0.37,44307.69230769231,325.47920433155
0.37,0.37,44307.69230769231,324.6857716016198
0.39,0.37,44307.69230769231,323.7374964861773
0.01,0.39,44307.69230769231,323.3944271453457
0.03,0.39,44307.69230769231,323.7374964861773
0.05,0.39,44307.69230769231,324.01157687637607
0.07,0.39,44307.69230769231,324.2405875477944
0.09,0.39,44307.69230769231,324.4331040162366
0.11,0.39,44307.69230769231,324.5924107985581
0.13,0.39,44307.69230769231,324.71969697395446
0.15,0.39,44307.69230769231,324.8152718461016
0.17,0.39,44307.69230769231,324.87909992765674
0.19,0.39,44307.69230769231,324.91105763487144
0.21,0.39,44307.69230769231,324.9110576348714
0.23,0.39,44307.69230769231,324.87909992765674
0.25,0.39,44307.69230769231,324.8152718461016
0.27,0.39,44307.69230769231,324.7196969739545
0.29,0.39,44307.69230769231,324.5924107985582
0.31,0.39,44307.69230769231,324.4331040162366
0.33,0.39,44307.69230769231,324.2405875477944
0.35,0.39,44307.69230769231,324.01157687637607
0.37,0.39,44307.69230769231,323.7374964861773
0.39,0.39,44307.69230769231,323.3944271453457
0.01,0.01,46153.84615384616,323.3796425330734
0.03,0.01,46153.84615384616,323.700843854048
0.05,0.01,46153.84615384616,323.9569164153438
0.07,0.01,46153.84615384616,324.1706465700989
0.09,0.01,46153.84615384616,324.350235023587
0.11,0.01,46153.84615384616,324.49883258410625
0.13,0.01,46153.84615384616,324.6175779397955
0.15,0.01,46153.84615384616,324.7067593313312
0.17,0.01,46153.84615384616,324.7663304923136
0.19,0.01,46153.84615384616,324.79616138277925
0.21,0.01,46153.84615384616,324.79616138277925
0.23,0.01,46153.84615384616,324.7663304923136
0.25,0.01,46153.84615384616,324.7067593313312
0.27,0.01,46153.84615384616,324.6175779397955
0.29,0.01,46153.84615384616,324.49883258410625
0.31,0.01,46153.84615384616,324.350235023587
0.33,0.01,46153.84615384616,324.17064657009894
0.35,0.01,46153.84615384616,323.9569164153438
0.37,0.01,46153.84615384616,323.700843854048
0.39,0.01,46153.84615384616,323.3796425330734
0.01,0.03,46153.84615384616,323.700843854048
0.03,0.03,46153.84615384616,324.5879313525698
0.05,0.03,46153.84615384616,325.3290318048793
0.07,0.03,46153.84615384616,325.9575225340448
0.09,0.03,46153.84615384616,326.48882153679546
0.11,0.03,46153.84615384616,326.9295841953649
0.13,0.03,46153.84615384616,327.2822389968294
0.15,0.03,46153.84615384616,327.5472603862423
0.17,0.03,46153.84615384616,327.7243459077698
0.19,0.03,46153.84615384616,327.8130370009941
0.21,0.03,46153.84615384616,327.8130370009941
0.23,0.03,46153.84615384616,327.7243459077699
0.25,0.03,46153.84615384616,327.5472603862424
0.27,0.03,46153.84615384616,327.2822389968294
0.29,0.03,46153.84615384616,326.9295841953649
0.31,0.03,46153.84615384616,326.48882153679546
0.33,0.03,46153.84615384616,325.95752253404487
0.35,0.03,46153.84615384616,325.3290318048793
0.37,0.03,46153.84615384616,324.58793135256974
0.39,0.03,46153.84615384616,323.70084385404795
0.01,0.05,46153.84615384616,323.9569164153438
0.03,0.05,46153.84615384616,325.3290318048793
0.05,0.05,46153.84615384616,326.5077598271882
0.07,0.05,46153.84615384616,327.52129940776933
0.09,0.05,46153.84615384616,328.3841025035252
0.11,0.05,46153.84615384616,329.1024950129293
0.13,0.05,46153.84615384616,329.67841566723604
0.15,0.05,46153.84615384616,330.1116918103477
0.17,0.05,46153.84615384616,330.4013748959678
0.19,0.05,46153.84615384616,330.5465015443237
0.21,0.05,46153.84615384616,330.54650154432375
0.23,0.05,46153.84615384616,330.40137489596793
0.25,0.05,46153.84615384616,330.11169181034774
0.27,0.05,46153.84615384616,329.67841566723604
0.29,0.05,46153.84615384616,329.1024950129293
0.31,0.05,46153.84615384616,328.3841025035252
0.33,0.05,46153.84615384616,327.52129940776933
0.35,0.05,46153.84615384616,326.5077598271882
0.37,0.05,46153.84615384616,325.32903180487926
0.39,0.05,46153.84615384616,323.95691641534376
0.01,0.07,46153.84615384616,324.17064657009894
0.03,0.07,46153.84615384616,325.95752253404487
0.05,0.07,46153.84615384616,327.52129940776933
0.07,0.07,46153.84615384616,328.8809220357579
0.09,0.07,46153.84615384616,330.0458749010103
0.11,0.07,46153.84615384616,331.01953137498674
0.13,0.07,46153.84615384616,331.80183048681334
0.15,0.07,46153.84615384616,332.39113547526745
0.17,0.07,46153.84615384616,332.78542935690564
0.19,0.07,46153.84615384616,332.9830391678477
0.21,0.07,46153.84615384616,332.9830391678477
0.23,0.07,46153.84615384616,332.7854293569057
0.25,0.07,46153.84615384616,332.3911354752676
0.27,0.07,46153.84615384616,331.8018304868134
0.29,0.07,46153.84615384616,331.01953137498674
0.31,0.07,46153.84615384616,330.0458749010103
0.33,0.07,46153.84615384616,328.8809220357579
0.35,0.07,46153.84615384616,327.52129940776933
0.37,0.07,46153.84615384616,325.9575225340448
0.39,0.07,46153.84615384616,324.1706465700989
0.01,0.09,46153.84615384616,324.350235023587
0.03,0.09,46153.84615384616,326.4888215367954
0.05,0.09,46153.84615384616,328.3841025035251
0.07,0.09,46153.84615384616,330.0458749010103
0.09,0.09,46153.84615384616,331.4774590879056
0.11,0.09,46153.84615384616,332.6780740742651
0.13,0.09,46153.84615384616,333.6447951536212
0.15,0.09,46153.84615384616,334.37398403712444
0.17,0.09,46153.84615384616,334.86225110035843
0.19,0.09,46153.84615384616,335.1070575686242
0.21,0.09,46153.84615384616,335.10705756862427
0.23,0.09,46153.84615384616,334.8622511003585
0.25,0.09,46153.84615384616,334.37398403712456
0.27,0.09,46153.84615384616,333.6447951536212
0.29,0.09,46153.84615384616,332.6780740742652
0.31,0.09,46153.84615384616,331.47745908790563
0.33,0.09,46153.84615384616,330.0458749010103
0.35,0.09,46153.84615384616,328.3841025035251
0.37,0.09,46153.84615384616,326.48882153679546
0.39,0.09,46153.84615384616,324.35023502358706
0.01,0.11,46153.84615384616,324.49883258410625
0.03,0.11,46153.84615384616,326.92958419536484
0.05,0.11,46153.84615384616,329.1024950129292
0.07,0.11,46153.84615384616,331.01953137498674
0.09,0.11,46153.84615384616,332.6780740742652
0.11,0.11,46153.84615384616,334.07300528978845
0.13,0.11,46153.84615384616,335.1982897992926
0.15,0.11,46153.84615384616,336.04809602583106
0.17,0.11,46153.84615384616,336.61754241671724
0.19,0.11,46153.84615384616,336.90316150614285
0.21,0.11,46153.84615384616,336.9031615061429
0.23,0.11,46153.84615384616,336.6175424167173
0.25,0.11,46153.84615384616,336.0480960258311
0.27,0.11,46153.84615384616,335.19828979929264
0.29,0.11,46153.84615384616,334.07300528978857
0.31,0.11,46153.84615384616,332.6780740742652
0.33,0.11,46153.84615384616,331.01953137498674
0.35,0.11,46153.84615384616,329.10249501292924
0.37,0.11,46153.84615384616,326.9295841953649
0.39,0.11,46153.84615384616,324.49883258410625
0.01,0.13,46153.84615384616,324.6175779397955
0.03,0.13,46153.84615384616,327.2822389968293
0.05,0.13,46153.84615384616,329.678415667236
0.07,0.13,46153.84615384616,331.80183048681334
0.09,0.13,46153.84615384616,333.64479515362115
0.11,0.13,46153.84615384616,335.1982897992926
0.13,0.13,46153.84615384616,336.4533826797688
0.15,0.13,46153.84615384616,337.40216264276205
0.17,0.13,46153.84615384616,338.0383242715104
0.19,0.13,46153.84615384616,338.35751349310675
0.21,0.13,46153.84615384616,338.3575134931068
0.23,0.13,46153.84615384616,338.0383242715104
0.25,0.13,46153.84615384616,337.40216264276205
0.27,0.13,46153.84615384616,336.4533826797688
0.29,0.13,46153.84615384616,335.19828979929264
0.31,0.13,46153.84615384616,333.64479515362126
0.33,0.13,46153.84615384616,331.8018304868134
0.35,0.13,46153.84615384616,329.67841566723604
0.37,0.13,46153.84615384616,327.2822389968294
0.39,0.13,46153.84615384616,324.6175779397955
0.01,0.15,46153.84615384616,324.7067593313312
0.03,0.15,46153.84615384616,327.5472603862422
0.05,0.15,46153.84615384616,330.1116918103476
0.07,0.15,46153.84615384616,332.39113547526745
0.09,0.15,46153.84615384616,334.3739840371245
0.11,0.15,46153.84615384616,336.04809602583106
0.13,0.15,46153.84615384616,337.4021626427621
0.15,0.15,46153.84615384616,338.42653747039685
0.17,0.15,46153.84615384616,339.1137157826226
0.19,0.15,46153.84615384616,339.4585934268683
0.21,0.15,46153.84615384616,339.4585934268683
0.23,0.15,46153.84615384616,339.1137157826226
0.25,0.15,46153.84615384616,338.42653747039685
0.27,0.15,46153.84615384616,337.40216264276205
0.29,0.15,46153.84615384616,336.04809602583106
0.31,0.15,46153.84615384616,334.37398403712456
0.33,0.15,46153.84615384616,332.3911354752676
0.35,0.15,46153.84615384616,330.1116918103477
0.37,0.15,46153.84615384616,327.5472603862424
0.39,0.15,46153.84615384616,324.7067593313313
0.01,0.17,46153.84615384616,324.7663304923136
0.03,0.17,46153.84615384616,327.7243459077697
0.05,0.17,46153.84615384616,330.40137489596776
0.07,0.17,46153.84615384616,332.78542935690564
0.09,0.17,46153.84615384616,334.8622511003585
0.11,0.17,46153.84615384616,336.6175424167173
0.13,0.17,46153.84615384616,338.0383242715104
0.15,0.17,46153.84615384616,339.11371578262253
0.17,0.17,46153.84615384616,339.8353521637497
0.19,0.17,46153.84615384616,340.1975888717078
0.21,0.17,46153.84615384616,340.1975888717078
0.23,0.17,46153.84615384616,339.83535216374975
0.25,0.17,46153.84615384616,339.1137157826226
0.27,0.17,46153.84615384616,338.0383242715104
0.29,0.17,46153.84615384616,336.6175424167173
0.31,0.17,46153.84615384616,334.8622511003585
0.33,0.17,46153.84615384616,332.7854293569057
0.35,0.17,46153.84615384616,330.4013748959679
0.37,0.17,46153.84615384616,327.7243459077698
0.39,0.17,46153.84615384616,324.7663304923136
0.01,0.19,46153.84615384616,324.7961613827792
0.03,0.19,46153.84615384616,327.81303700099403
0.05,0.19,46153.84615384616,330.5465015443236
0.07,0.19,46153.84615384616,332.9830391678476
0.09,0.19,46153.84615384616,335.10705756862416
0.11,0.19,46153.84615384616,336.90316150614296
0.13,0.19,46153.84615384616,338.35751349310686
0.15,0.19,46153.84615384616,339.4585934268682
0.17,0.19,46153.84615384616,340.1975888717077
0.19,0.19,46153.84615384616,340.56857311990467
0.21,0.19,46153.84615384616,340.5685731199047
0.23,0.19,46153.84615384616,340.1975888717078
0.25,0.19,46153.84615384616,339.4585934268682
0.27,0.19,46153.84615384616,338.35751349310675
0.29,0.19,46153.84615384616,336.90316150614285
0.31,0.19,46153.84615384616,335.1070575686242
0.33,0.19,46153.84615384616,332.98303916784766
0.35,0.19,46153.84615384616,330.5465015443237
0.37,0.19,46153.84615384616,327.8130370009941
0.39,0.19,46153.84615384616,324.79616138277925
0.01,0.21,46153.84615384616,324.7961613827792
0.03,0.21,46153.84615384616,327.81303700099403
0.05,0.21,46153.84615384616,330.54650154432363
0.07,0.21,46153.84615384616,332.9830391678476
0.09,0.21,46153.84615384616,335.10705756862416
0.11,0.21,46153.84615384616,336.90316150614296
0.13,0.21,46153.84615384616,338.35751349310686
0.15,0.21,46153.84615384616,339.4585934268683
0.17,0.21,46153.84615384616,340.1975888717078
0.19,0.21,46153.84615384616,340.56857311990467
0.21,0.21,46153.84615384616,340.5685731199047
0.23,0.21,46153.84615384616,340.19758887170786
0.25,0.21,46153.84615384616,339.4585934268682
0.27,0.21,46153.84615384616,338.35751349310675
0.29,0.21,46153.84615384616,336.90316150614285
0.31,0.21,46153.84615384616,335.10705756862416
0.33,0.21,46153.84615384616,332.98303916784766
0.35,0.21,46153.84615384616,330.5465015443237
0.37,0.21,46153.84615384616,327.8130370009941
0.39,0.21,46153.84615384616,324.7961613827792
0.01,0.23,46153.84615384616,324.7663304923136
0.03,0.23,46153.84615384616,327.72434590776976
0.05,0.23,46153.84615384616,330.4013748959678
0.07,0.23,46153.84615384616,332.78542935690564
0.09,0.23,46153.84615384616,334.8622511003585
0.11,0.23,46153.84615384616,336.61754241671736
0.13,0.23,46153.84615384616,338.0383242715104
0.15,0.23,46153.84615384616,339.1137157826226
0.17,0.23,46153.84615384616,339.83535216374975
0.19,0.23,46153.84615384616,340.1975888717078
0.21,0.23,46153.84615384616,340.1975888717078
0.23,0.23,46153.84615384616,339.83535216374975
0.25,0.23,46153.84615384616,339.1137157826226
0.27,0.23,46153.84615384616,338.0383242715103
0.29,0.23,46153.84615384616,336.6175424167172
0.31,0.23,46153.84615384616,334.8622511003584
0.33,0.23,46153.84615384616,332.7854293569056
0.35,0.23,46153.84615384616,330.4013748959678
0.37,0.23,46153.84615384616,327.7243459077698
0.39,0.23,46153.84615384616,324.7663304923136
0.01,0.25,46153.84615384616,324.7067593313312
0.03,0.25,46153.84615384616,327.5472603862423
0.05,0.25,46153.84615384616,330.1116918103476
0.07,0.25,46153.84615384616,332.39113547526745
0.09,0.25,46153.84615384616,334.37398403712456
0.11,0.25,46153.84615384616,336.0480960258311
0.13,0.25,46153.84615384616,337.4021626427621
0.15,0.25,46153.84615384616,338.4265374703969
0.17,0.25,46153.84615384616,339.1137157826226
0.19,0.25,46153.84615384616,339.4585934268683
0.21,0.25,46153.84615384616,339.4585934268683
0.23,0.25,46153.84615384616,339.11371578262265
0.25,0.25,46153.84615384616,338.4265374703969
0.27,0.25,46153.84615384616,337.40216264276205
0.29,0.25,46153.84615384616,336.04809602583106
0.31,0.25,46153.84615384616,334.37398403712444
0.33,0.25,46153.84615384616,332.3911354752674
0.35,0.25,46153.84615384616,330.1116918103476
0.37,0.25,46153.84615384616,327.5472603862423
0.39,0.25,46153.84615384616,324.7067593313312
0.01,0.27,46153.84615384616,324.6175779397955
0.03,0.27,46153.84615384616,327.28223899682934
0.05,0.27,46153.84615384616,329.678415667236
0.07,0.27,46153.84615384616,331.80183048681334
0.09,0.27,46153.84615384616,333.6447951536212
0.11,0.27,46153.84615384616,335.19828979929264
0.13,0.27,46153.84615384616,336.4533826797689
0.15,0.27,46153.84615384616,337.4021626427621
0.17,0.27,46153.84615384616,338.0383242715104
0.19,0.27,46153.84615384616,338.3575134931068
0.21,0.27,46153.84615384616,338.3575134931068
0.23,0.27,46153.84615384616,338.0383242715104
0.25,0.27,46153.84615384616,337.4021626427621
0.27,0.27,46153.84615384616,336.4533826797689
0.29,0.27,46153.84615384616,335.19828979929264
0.31,0.27,46153.84615384616,333.6447951536212
0.33,0.27,46153.84615384616,331.8018304868134
0.35,0.27,46153.84615384616,329.678415667236
0.37,0.27,46153.84615384616,327.28223899682934
0.39,0.27,46153.84615384616,324.6175779397955
0.01,0.29,46153.84615384616,324.49883258410625
0.03,0.29,46153.84615384616,326.92958419536484
0.05,0.29,46153.84615384616,329.10249501292924
0.07,0.29,46153.84615384616,331.0195313749867
0.09,0.29,46153.84615384616,332.6780740742651
0.11,0.29,46153.84615384616,334.07300528978857
0.13,0.29,46153.84615384616,335.19828979929264
0.15,0.29,46153.84615384616,336.0480960258312
0.17,0.29,46153.84615384616,336.61754241671736
0.19,0.29,46153.84615384616,336.9031615061429
0.21,0.29,46153.84615384616,336.9031615061429
0.23,0.29,46153.84615384616,336.61754241671736
0.25,0.29,46153.84615384616,336.0480960258312
0.27,0.29,46153.84615384616,335.1982897992927
0.29,0.29,46153.84615384616,334.0730052897886
0.31,0.29,46153.84615384616,332.6780740742652
0.33,0.29,46153.84615384616,331.0195313749868
0.35,0.29,46153.84615384616,329.10249501292924
0.37,0.29,46153.84615384616,326.9295841953649
0.39,0.29,46153.84615384616,324.4988325841063
0.01,0.31,46153.84615384616,324.35023502358706
0.03,0.31,46153.84615384616,326.48882153679546
0.05,0.31,46153.84615384616,328.38410250352524
0.07,0.31,46153.84615384616,330.0458749010103
0.09,0.31,46153.84615384616,331.4774590879056
0.11,0.31,46153.84615384616,332.6780740742652
0.13,0.31,46153.84615384616,333.64479515362126
0.15,0.31,46153.84615384616,334.3739840371246
0.17,0.31,46153.84615384616,334.8622511003586
0.19,0.31,46153.84615384616,335.10705756862427
0.21,0.31,46153.84615384616,335.10705756862427
0.23,0.31,46153.84615384616,334.8622511003585
0.25,0.31,46153.84615384616,334.3739840371246
0.27,0.31,46153.84615384616,333.6447951536213
0.29,0.31,46153.84615384616,332.6780740742653
0.31,0.31,46153.84615384616,331.47745908790563
0.33,0.31,46153.84615384616,330.04587490101034
0.35,0.31,46153.84615384616,328.38410250352524
0.37,0.31,46153.84615384616,326.48882153679546
0.39,0.31,46153.84615384616,324.350235023587
0.01,0.33,46153.84615384616,324.17064657009894
0.03,0.33,46153.84615384616,325.95752253404487
0.05,0.33,46153.84615384616,327.5212994077694
0.07,0.33,46153.84615384616,328.880922035758
0.09,0.33,46153.84615384616,330.0458749010103
0.11,0.33,46153.84615384616,331.0195313749868
0.13,0.33,46153.84615384616,331.80183048681346
0.15,0.33,46153.84615384616,332.3911354752676
0.17,0.33,46153.84615384616,332.7854293569058
0.19,0.33,46153.84615384616,332.9830391678478
0.21,0.33,46153.84615384616,332.9830391678477
0.23,0.33,46153.84615384616,332.7854293569058
0.25,0.33,46153.84615384616,332.3911354752676
0.27,0.33,46153.84615384616,331.80183048681346
0.29,0.33,46153.84615384616,331.01953137498685
0.31,0.33,46153.84615384616,330.04587490101034
0.33,0.33,46153.84615384616,328.88092203575803
0.35,0.33,46153.84615384616,327.5212994077694
0.37,0.33,46153.84615384616,325.9575225340448
0.39,0.33,46153.84615384616,324.1706465700989
0.01,0.35,46153.84615384616,323.9569164153438
0.03,0.35,46153.84615384616,325.3290318048793
0.05,0.35,46153.84615384616,326.50775982718824
0.07,0.35,46153.84615384616,327.5212994077694
0.09,0.35,46153.84615384616,328.38410250352524
0.11,0.35,46153.84615384616,329.1024950129293
0.13,0.35,46153.84615384616,329.6784156672361
0.15,0.35,46153.84615384616,330.11169181034774
0.17,0.35,46153.84615384616,330.401374895968
0.19,0.35,46153.84615384616,330.5465015443238
0.21,0.35,46153.84615384616,330.54650154432375
0.23,0.35,46153.84615384616,330.40137489596793
0.25,0.35,46153.84615384616,330.11169181034774
0.27,0.35,46153.84615384616,329.6784156672361
0.29,0.35,46153.84615384616,329.1024950129293
0.31,0.35,46153.84615384616,328.38410250352524
0.33,0.35,46153.84615384616,327.5212994077694
0.35,0.35,46153.84615384616,326.5077598271881
0.37,0.35,46153.84615384616,325.32903180487926
0.39,0.35,46153.84615384616,323.95691641534376
0.01,0.37,46153.84615384616,323.700843854048
0.03,0.37,46153.84615384616,324.5879313525698
0.05,0.37,46153.84615384616,325.3290318048793
0.07,0.37,46153.84615384616,325.95752253404487
0.09,0.37,46153.84615384616,326.48882153679546
0.11,0.37,46153.84615384616,326.9295841953649
0.13,0.37,46153.84615384616,327.2822389968294
0.15,0.37,46153.84615384616,327.5472603862424
0.17,0.37,46153.84615384616,327.72434590777
0.19,0.37,46153.84615384616,327.81303700099414
0.21,0.37,46153.84615384616,327.81303700099414
0.23,0.37,46153.84615384616,327.7243459077698
0.25,0.37,46153.84615384616,327.5472603862424
0.27,0.37,46153.84615384616,327.2822389968294
0.29,0.37,46153.84615384616,326.9295841953649
0.31,0.37,46153.84615384616,326.48882153679546
0.33,0.37,46153.84615384616,325.95752253404487
0.35,0.37,46153.84615384616,325.32903180487926
0.37,0.37,46153.84615384616,324.58793135256974
0.39,0.37,46153.84615384616,323.70084385404795
0.01,0.39,46153.84615384616,323.3796425330734
0.03,0.39,46153.84615384616,323.700843854048
0.05,0.39,46153.84615384616,323.9569164153438
0.07,0.39,46153.84615384616,324.17064657009894
0.09,0.39,46153.84615384616,324.350235023587
0.11,0.39,46153.84615384616,324.49883258410625
0.13,0.39,46153.84615384616,324.6175779397956
0.15,0.39,46153.84615384616,324.7067593313313
0.17,0.39,46153.84615384616,324.7663304923136
0.19,0.39,46153.84615384616,324.79616138277925
0.21,0.39,46153.84615384616,324.79616138277925
0.23,0.39,46153.84615384616,324.7663304923136
0.25,0.39,46153.84615384616,324.7067593313312
0.27,0.39,46153.84615384616,324.6175779397955
0.29,0.39,46153.84615384616,324.4988325841063
0.31,0.39,46153.84615384616,324.350235023587
0.33,0.39,46153.84615384616,324.1706465700989
0.35,0.39,46153.84615384616,323.95691641534376
0.37,0.39,46153.84615384616,323.70084385404795
0.39,0.39,46153.84615384616,323.37964253307337
0.01,0.01,48000.0,323.36601604012367
0.03,0.01,48000.0,323.6669909837047
0.05,0.01,48000.0,323.9063532290054
0.07,0.01,48000.0,324.1058586409493
0.09,0.01,48000.0,324.27337451705944
0.11,0.01,48000.0,324.41194147784535
0.13,0.01,48000.0,324.5226654384428
0.15,0.01,48000.0,324.6058283405515
0.17,0.01,48000.0,324.6613852293489
0.19,0.01,48000.0,324.68920833154635
0.21,0.01,48000.0,324.68920833154635
0.23,0.01,48000.0,324.6613852293489
0.25,0.01,48000.0,324.6058283405515
0.27,0.01,48000.0,324.5226654384428
0.29,0.01,48000.0,324.41194147784535
0.31,0.01,48000.0,324.27337451705944
0.33,0.01,48000.0,324.10585864094924
0.35,0.01,48000.0,323.90635322900533
0.37,0.01,48000.0,323.66699098370475
0.39,0.01,48000.0,323.36601604012367
0.01,0.03,48000.0,323.6669909837047
0.03,0.03,48000.0,324.49742194882657
0.05,0.03,48000.0,325.18992680260897
0.07,0.03,48000.0,325.7765466260477
0.09,0.03,48000.0,326.2721561194411
0.11,0.03,48000.0,326.68321547721786
0.13,0.03,48000.0,327.01209986861267
0.15,0.03,48000.0,327.2592808326465
0.17,0.03,48000.0,327.42446551197247
0.19,0.03,48000.0,327.50720398543
0.21,0.03,48000.0,327.50720398543
0.23,0.03,48000.0,327.42446551197247
0.25,0.03,48000.0,327.2592808326465
0.27,0.03,48000.0,327.01209986861267
0.29,0.03,48000.0,326.68321547721786
0.31,0.03,48000.0,326.27215611944104
0.33,0.03,48000.0,325.77654662604766
0.35,0.03,48000.0,325.1899268026089
0.37,0.03,48000.0,324.49742194882657
0.39,0.03,48000.0,323.6669909837047
0.01,0.05,48000.0,323.90635322900533
0.03,0.05,48000.0,325.18992680260897
0.05,0.05,48000.0,326.29102122470425
0.07,0.05,48000.0,327.23697383635147
0.09,0.05,48000.0,328.04188259045503
0.11,0.05,48000.0,328.71197502461973
0.13,0.05,48000.0,329.2491966618289
0.15,0.05,48000.0,329.6534107220387
0.17,0.05,48000.0,329.9237017358849
0.19,0.05,48000.0,330.0591275289788
0.21,0.05,48000.0,330.0591275289788
0.23,0.05,48000.0,329.92370173588495
0.25,0.05,48000.0,329.6534107220387
0.27,0.05,48000.0,329.24919666182893
0.29,0.05,48000.0,328.7119750246198
0.31,0.05,48000.0,328.0418825904551
0.33,0.05,48000.0,327.23697383635147
0.35,0.05,48000.0,326.29102122470425
0.37,0.05,48000.0,325.18992680260897
0.39,0.05,48000.0,323.9063532290054
0.01,0.07,48000.0,324.10585864094924
0.03,0.07,48000.0,325.77654662604766
0.05,0.07,48000.0,327.2369738363514
0.07,0.07,48000.0,328.50588238457897
0.09,0.07,48000.0,329.5927759794845
0.11,0.07,48000.0,330.50114512989427
0.13,0.07,48000.0,331.2310622176322
0.15,0.07,48000.0,331.7809998722211
0.17,0.07,48000.0,332.1490149532823
0.19,0.07,48000.0,332.3334763504417
0.21,0.07,48000.0,332.3334763504417
0.23,0.07,48000.0,332.14901495328235
0.25,0.07,48000.0,331.78099987222123
0.27,0.07,48000.0,331.2310622176323
0.29,0.07,48000.0,330.5011451298943
0.31,0.07,48000.0,329.59277597948454
0.33,0.07,48000.0,328.505882384579
0.35,0.07,48000.0,327.23697383635147
0.37,0.07,48000.0,325.77654662604766
0.39,0.07,48000.0,324.10585864094924
0.01,0.09,48000.0,324.27337451705944
0.03,0.09,48000.0,326.27215611944104
0.05,0.09,48000.0,328.04188259045503
0.07,0.09,48000.0,329.5927759794845
0.09,0.09,48000.0,330.9285895999088
0.11,0.09,48000.0,332.0489219387041
0.13,0.09,48000.0,332.9511430211662
0.15,0.09,48000.0,333.63181949136964
0.17,0.09,48000.0,334.08768904998584
0.19,0.09,48000.0,334.31628213288064
0.21,0.09,48000.0,334.31628213288064
0.23,0.09,48000.0,334.0876890499859
0.25,0.09,48000.0,333.6318194913697
0.27,0.09,48000.0,332.9511430211663
0.29,0.09,48000.0,332.0489219387041
0.31,0.09,48000.0,330.9285895999089
0.33,0.09,48000.0,329.5927759794845
0.35,0.09,48000.0,328.0418825904551
0.37,0.09,48000.0,326.2721561194411
0.39,0.09,48000.0,324.27337451705944
0.01,0.11,48000.0,324.41194147784535
0.03,0.11,48000.0,326.6832154772178
0.05,0.11,48000.0,328.7119750246197
0.07,0.11,48000.0,330.5011451298942
0.09,0.11,48000.0,332.0489219387041
0.11,0.11,48000.0,333.3508258802589
0.13,0.11,48000.0,334.4012831662866
0.15,0.11,48000.0,335.1947691245882
0.17,0.11,48000.0,335.72658808431044
0.19,0.11,48000.0,335.9933724191386
0.21,0.11,48000.0,335.9933724191386
0.23,0.11,48000.0,335.7265880843105
0.25,0.11,48000.0,335.1947691245883
0.27,0.11,48000.0,334.40128316628665
0.29,0.11,48000.0,333.350825880259
0.31,0.11,48000.0,332.0489219387041
0.33,0.11,48000.0,330.50114512989427
0.35,0.11,48000.0,328.7119750246197
0.37,0.11,48000.0,326.6832154772178
0.39,0.11,48000.0,324.41194147784535
0.01,0.13,48000.0,324.5226654384428
0.03,0.13,48000.0,327.0120998686126
0.05,0.13,48000.0,329.2491966618288
0.07,0.13,48000.0,331.23106221763214
0.09,0.13,48000.0,332.9511430211663
0.11,0.13,48000.0,334.4012831662866
0.13,0.13,48000.0,335.5731630592279
0.15,0.13,48000.0,336.4592733917077
0.17,0.13,48000.0,337.0535505248364
0.19,0.13,48000.0,337.35177010529105
0.21,0.13,48000.0,337.35177010529105
0.23,0.13,48000.0,337.0535505248365
0.25,0.13,48000.0,336.45927339170777
0.27,0.13,48000.0,335.573163059228
0.29,0.13,48000.0,334.40128316628665
0.31,0.13,48000.0,332.9511430211664
0.33,0.13,48000.0,331.23106221763226
0.35,0.13,48000.0,329.2491966618288
0.37,0.13,48000.0,327.0120998686126
0.39,0.13,48000.0,324.5226654384428
0.01,0.15,48000.0,324.6058283405515
0.03,0.15,48000.0,327.2592808326464
0.05,0.15,48000.0,329.6534107220386
0.07,0.15,48000.0,331.78099987222106
0.09,0.15,48000.0,333.63181949136964
0.11,0.15,48000.0,335.1947691245882
0.13,0.15,48000.0,336.45927339170777
0.15,0.15,48000.0,337.41616584984166
0.17,0.15,48000.0,338.058230483149
0.19,0.15,48000.0,338.3805183923554
0.21,0.15,48000.0,338.3805183923554
0.23,0.15,48000.0,338.05823048314903
0.25,0.15,48000.0,337.41616584984166
0.27,0.15,48000.0,336.45927339170777
0.29,0.15,48000.0,335.1947691245882
0.31,0.15,48000.0,333.6318194913697
0.33,0.15,48000.0,331.7809998722211
0.35,0.15,48000.0,329.65341072203864
0.37,0.15,48000.0,327.2592808326464
0.39,0.15,48000.0,324.6058283405515
0.01,0.17,48000.0,324.66138522934887
0.03,0.17,48000.0,327.4244655119724
0.05,0.17,48000.0,329.92370173588483
0.07,0.17,48000.0,332.1490149532822
0.09,0.17,48000.0,334.08768904998584
0.11,0.17,48000.0,335.7265880843105
0.13,0.17,48000.0,337.05355052483645
0.15,0.17,48000.0,338.05823048314903
0.17,0.17,48000.0,338.73258540598465
0.19,0.17,48000.0,339.0711444720372
0.21,0.17,48000.0,339.0711444720372
0.23,0.17,48000.0,338.73258540598465
0.25,0.17,48000.0,338.058230483149
0.27,0.17,48000.0,337.05355052483645
0.29,0.17,48000.0,335.72658808431044
0.31,0.17,48000.0,334.08768904998584
0.33,0.17,48000.0,332.14901495328223
0.35,0.17,48000.0,329.92370173588483
0.37,0.17,48000.0,327.4244655119724
0.39,0.17,48000.0,324.6613852293489
0.01,0.19,48000.0,324.6892083315463
0.03,0.19,48000.0,327.50720398542984
0.05,0.19,48000.0,330.0591275289787
0.07,0.19,48000.0,332.3334763504416
0.09,0.19,48000.0,334.31628213288064
0.11,0.19,48000.0,335.99337241913867
0.13,0.19,48000.0,337.3517701052912
0.15,0.19,48000.0,338.3805183923554
0.17,0.19,48000.0,339.0711444720372
0.19,0.19,48000.0,339.4179050132068
0.21,0.19,48000.0,339.4179050132068
0.23,0.19,48000.0,339.0711444720372
0.25,0.19,48000.0,338.3805183923554
0.27,0.19,48000.0,337.3517701052911
0.29,0.19,48000.0,335.9933724191385
0.31,0.19,48000.0,334.31628213288053
0.33,0.19,48000.0,332.3334763504416
0.35,0.19,48000.0,330.0591275289788
0.37,0.19,48000.0,327.50720398542995
0.39,0.19,48000.0,324.68920833154635
0.01,0.21,48000.0,324.6892083315463
0.03,0.21,48000.0,327.50720398542984
0.05,0.21,48000.0,330.0591275289787
0.07,0.21,48000.0,332.3334763504416
0.09,0.21,48000.0,334.3162821328806
0.11,0.21,48000.0,335.99337241913867
0.13,0.21,48000.0,337.3517701052912
0.15,0.21,48000.0,338.38051839235544
0.17,0.21,48000.0,339.0711444720372
0.19,0.21,48000.0,339.4179050132068
0.21,0.21,48000.0,339.4179050132068
0.23,0.21,48000.0,339.07114447203725
0.25,0.21,48000.0,338.3805183923554
0.27,0.21,48000.0,337.35177010529105
0.29,0.21,48000.0,335.9933724191385
0.31,0.21,48000.0,334.31628213288053
0.33,0.21,48000.0,332.3334763504415
0.35,0.21,48000.0,330.0591275289787
0.37,0.21,48000.0,327.5072039854299
0.39,0.21,48000.0,324.68920833154635
0.01,0.23,48000.0,324.66138522934887
0.03,0.23,48000.0,327.4244655119724
0.05,0.23,48000.0,329.92370173588483
0.07,0.23,48000.0,332.14901495328223
0.09,0.23,48000.0,334.08768904998584
0.11,0.23,48000.0,335.7265880843105
0.13,0.23,48000.0,337.05355052483645
0.15,0.23,48000.0,338.05823048314903
0.17,0.23,48000.0,338.73258540598465
0.19,0.23,48000.0,339.0711444720372
0.21,0.23,48000.0,339.0711444720372
0.23,0.23,48000.0,338.7325854059847
0.25,0.23,48000.0,338.05823048314903
0.27,0.23,48000.0,337.0535505248364
0.29,0.23,48000.0,335.7265880843104
0.31,0.23,48000.0,334.0876890499858
0.33,0.23,48000.0,332.1490149532821
0.35,0.23,48000.0,329.9237017358848
0.37,0.23,48000.0,327.4244655119724
0.39,0.23,48000.0,324.66138522934887
0.01,0.25,48000.0,324.6058283405515
0.03,0.25,48000.0,327.2592808326464
0.05,0.25,48000.0,329.6534107220386
0.07,0.25,48000.0,331.78099987222106
0.09,0.25,48000.0,333.63181949136964
0.11,0.25,48000.0,335.1947691245882
0.13,0.25,48000.0,336.45927339170777
0.15,0.25,48000.0,337.4161658498417
0.17,0.25,48000.0,338.05823048314903
0.19,0.25,48000.0,338.38051839235544
0.21,0.25,48000.0,338.38051839235544
0.23,0.25,48000.0,338.05823048314903
0.25,0.25,48000.0,337.4161658498417
0.27,0.25,48000.0,336.45927339170777
0.29,0.25,48000.0,335.1947691245882
0.31,0.25,48000.0,333.63181949136964
0.33,0.25,48000.0,331.780999872221
0.35,0.25,48000.0,329.6534107220386
0.37,0.25,48000.0,327.2592808326464
0.39,0.25,48000.0,324.6058283405515
0.01,0.27,48000.0,324.5226654384428
0.03,0.27,48000.0,327.0120998686125
0.05,0.27,48000.0,329.2491966618288
0.07,0.27,48000.0,331.2310622176322
0.09,0.27,48000.0,332.9511430211663
0.11,0.27,48000.0,334.40128316628665
0.13,0.27,48000.0,335.573163059228
0.15,0.27,48000.0,336.4592733917078
0.17,0.27,48000.0,337.05355052483645
0.19,0.27,48000.0,337.3517701052912
0.21,0.27,48000.0,337.3517701052912
0.23,0.27,48000.0,337.0535505248365
0.25,0.27,48000.0,336.4592733917078
0.27,0.27,48000.0,335.5731630592279
0.29,0.27,48000.0,334.4012831662866
0.31,0.27,48000.0,332.9511430211663
0.33,0.27,48000.0,331.23106221763226
0.35,0.27,48000.0,329.2491966618288
0.37,0.27,48000.0,327.0120998686125
0.39,0.27,48000.0,324.5226654384428
0.01,0.29,48000.0,324.41194147784535
0.03,0.29,48000.0,326.68321547721786
0.05,0.29,48000.0,328.71197502461973
0.07,0.29,48000.0,330.5011451298942
0.09,0.29,48000.0,332.0489219387041
0.11,0.29,48000.0,333.350825880259
0.13,0.29,48000.0,334.40128316628665
0.15,0.29,48000.0,335.1947691245883
0.17,0.29,48000.0,335.7265880843105
0.19,0.29,48000.0,335.9933724191387
0.21,0.29,48000.0,335.9933724191387
0.23,0.29,48000.0,335.7265880843105
0.25,0.29,48000.0,335.1947691245882
0.27,0.29,48000.0,334.4012831662866
0.29,0.29,48000.0,333.35082588025904
0.31,0.29,48000.0,332.0489219387041
0.33,0.29,48000.0,330.5011451298943
0.35,0.29,48000.0,328.71197502461973
0.37,0.29,48000.0,326.6832154772178
0.39,0.29,48000.0,324.41194147784535
0.01,0.31,48000.0,324.27337451705944
0.03,0.31,48000.0,326.2721561194411
0.05,0.31,48000.0,328.0418825904551
0.07,0.31,48000.0,329.5927759794845
0.09,0.31,48000.0,330.92858959990883
0.11,0.31,48000.0,332.0489219387041
0.13,0.31,48000.0,332.9511430211664
0.15,0.31,48000.0,333.6318194913697
0.17,0.31,48000.0,334.0876890499859
0.19,0.31,48000.0,334.3162821328807
0.21,0.31,48000.0,334.3162821328808
0.23,0.31,48000.0,334.0876890499859
0.25,0.31,48000.0,333.6318194913697
0.27,0.31,48000.0,332.9511430211664
0.29,0.31,48000.0,332.0489219387041
0.31,0.31,48000.0,330.92858959990883
0.33,0.31,48000.0,329.59277597948454
0.35,0.31,48000.0,328.0418825904551
0.37,0.31,48000.0,326.27215611944104
0.39,0.31,48000.0,324.27337451705944
0.01,0.33,48000.0,324.1058586409493
0.03,0.33,48000.0,325.7765466260477
0.05,0.33,48000.0,327.2369738363515
0.07,0.33,48000.0,328.50588238457897
0.09,0.33,48000.0,329.59277597948454
0.11,0.33,48000.0,330.5011451298943
0.13,0.33,48000.0,331.2310622176323
0.15,0.33,48000.0,331.7809998722212
0.17,0.33,48000.0,332.14901495328235
0.19,0.33,48000.0,332.33347635044174
0.21,0.33,48000.0,332.33347635044174
0.23,0.33,48000.0,332.1490149532823
0.25,0.33,48000.0,331.7809998722211
0.27,0.33,48000.0,331.2310622176323
0.29,0.33,48000.0,330.5011451298943
0.31,0.33,48000.0,329.59277597948454
0.33,0.33,48000.0,328.505882384579
0.35,0.33,48000.0,327.2369738363515
0.37,0.33,48000.0,325.77654662604766
0.39,0.33,48000.0,324.10585864094924
0.01,0.35,48000.0,323.9063532290054
0.03,0.35,48000.0,325.18992680260897
0.05,0.35,48000.0,326.2910212247043
0.07,0.35,48000.0,327.2369738363515
0.09,0.35,48000.0,328.0418825904551
0.11,0.35,48000.0,328.71197502461985
0.13,0.35,48000.0,329.24919666182893
0.15,0.35,48000.0,329.6534107220387
0.17,0.35,48000.0,329.92370173588495
0.19,0.35,48000.0,330.0591275289789
0.21,0.35,48000.0,330.0591275289788
0.23,0.35,48000.0,329.92370173588495
0.25,0.35,48000.0,329.6534107220387
0.27,0.35,48000.0,329.24919666182893
0.29,0.35,48000.0,328.7119750246198
0.31,0.35,48000.0,328.04188259045515
0.33,0.35,48000.0,327.2369738363515
0.35,0.35,48000.0,326.29102122470425
0.37,0.35,48000.0,325.18992680260897
0.39,0.35,48000.0,323.9063532290054
0.01,0.37,48000.0,323.66699098370475
0.03,0.37,48000.0,324.49742194882657
0.05,0.37,48000.0,325.18992680260897
0.07,0.37,48000.0,325.7765466260477
0.09,0.37,48000.0,326.2721561194411
0.11,0.37,48000.0,326.68321547721786
0.13,0.37,48000.0,327.01209986861267
0.15,0.37,48000.0,327.25928083264654
0.17,0.37,48000.0,327.4244655119725
0.19,0.37,48000.0,327.50720398542995
0.21,0.37,48000.0,327.50720398542995
0.23,0.37,48000.0,327.42446551197247
0.25,0.37,48000.0,327.2592808326465
0.27,0.37,48000.0,327.01209986861267
0.29,0.37,48000.0,326.68321547721786
0.31,0.37,48000.0,326.2721561194411
0.33,0.37,48000.0,325.7765466260477
0.35,0.37,48000.0,325.18992680260897
0.37,0.37,48000.0,324.4974219488265
0.39,0.37,48000.0,323.6669909837047
0.01,0.39,48000.0,323.36601604012367
0.03,0.39,48000.0,323.66699098370475
0.05,0.39,48000.0,323.9063532290054
0.07,0.39,48000.0,324.10585864094924
0.09,0.39,48000.0,324.27337451705944
0.11,0.39,48000.0,324.41194147784535
0.13,0.39,48000.0,324.52266543844286
0.15,0.39,48000.0,324.6058283405516
0.17,0.39,48000.0,324.6613852293489
0.19,0.39,48000.0,324.68920833154635
0.21,0.39,48000.0,324.68920833154635
0.23,0.39,48000.0,324.6613852293489
0.25,0.39,48000.0,324.6058283405515
0.27,0.39,48000.0,324.52266543844286
0.29,0.39,48000.0,324.4119414778454
0.31,0.39,48000.0,324.27337451705944
0.33,0.39,48000.0,324.10585864094924
0.35,0.39,48000.0,323.90635322900533
0.37,0.39,48000.0,323.6669909837047
0.39,0.39,48000.0,323.3660160401236
0.01,0.01,49846.15384615384,323.35343976871275
0.03,0.01,49846.15384615384,323.6356961240613
0.05,0.01,49846.15384615384,323.85955357176914
0.07,0.01,49846.15384615384,324.0458262731622
0.09,0.01,49846.15384615384,324.2020826257641
0.11,0.01,49846.15384615384,324.3312714724519
0.13,0.01,49846.15384615384,324.43447905604813
0.15,0.01,49846.15384615384,324.51199173439267
0.17,0.01,49846.15384615384,324.56377457396246
0.19,0.01,49846.15384615384,324.5897083460396
0.21,0.01,49846.15384615384,324.5897083460396
0.23,0.01,49846.15384615384,324.56377457396246
0.25,0.01,49846.15384615384,324.51199173439267
0.27,0.01,49846.15384615384,324.43447905604813
0.29,0.01,49846.15384615384,324.3312714724518
0.31,0.01,49846.15384615384,324.20208262576404
0.33,0.01,49846.15384615384,324.04582627316216
0.35,0.01,49846.15384615384,323.85955357176914
0.37,0.01,49846.15384615384,323.6356961240613
0.39,0.01,49846.15384615384,323.35343976871275
0.01,0.03,49846.15384615384,323.63569612406127
0.03,0.03,49846.15384615384,324.41364844476624
0.05,0.03,49846.15384615384,325.0610377160713
0.07,0.03,49846.15384615384,325.60868831488926
0.09,0.03,49846.15384615384,326.0709971118597
0.11,0.03,49846.15384615384,326.4542731399094
0.13,0.03,49846.15384615384,326.76087379880806
0.15,0.03,49846.15384615384,326.9912984519993
0.17,0.03,49846.15384615384,327.1452893792119
0.19,0.03,49846.15384615384,327.2224238700616
0.21,0.03,49846.15384615384,327.2224238700616
0.23,0.03,49846.15384615384,327.145289379212
0.25,0.03,49846.15384615384,326.99129845199934
0.27,0.03,49846.15384615384,326.76087379880806
0.29,0.03,49846.15384615384,326.45427313990933
0.31,0.03,49846.15384615384,326.07099711185964
0.33,0.03,49846.15384615384,325.60868831488915
0.35,0.03,49846.15384615384,325.06103771607127
0.37,0.03,49846.15384615384,324.41364844476624
0.39,0.03,49846.15384615384,323.63569612406127
0.01,0.05,49846.15384615384,323.8595535717691
0.03,0.05,49846.15384615384,325.06103771607127
0.05,0.05,49846.15384615384,326.09000128925925
0.07,0.05,49846.15384615384,326.97300561594943
0.09,0.05,49846.15384615384,327.72385787431745
0.11,0.05,49846.15384615384,328.3487415466413
0.13,0.05,49846.15384615384,328.84965983365925
0.15,0.05,49846.15384615384,329.2265591344564
0.17,0.05,49846.15384615384,329.4785976705464
0.19,0.05,49846.15384615384,329.60488443770976
0.21,0.05,49846.15384615384,329.6048844377098
0.23,0.05,49846.15384615384,329.4785976705465
0.25,0.05,49846.15384615384,329.22655913445647
0.27,0.05,49846.15384615384,328.8496598336593
0.29,0.05,49846.15384615384,328.3487415466413
0.31,0.05,49846.15384615384,327.72385787431733
0.33,0.05,49846.15384615384,326.9730056159494
0.35,0.05,49846.15384615384,326.09000128925925
0.37,0.05,49846.15384615384,325.06103771607127
0.39,0.05,49846.15384615384,323.85955357176914
0.01,0.07,49846.15384615384,324.04582627316216
0.03,0.07,49846.15384615384,325.60868831488915
0.05,0.07,49846.15384615384,326.97300561594943
0.07,0.07,49846.15384615384,328.1573544594824
0.09,0.07,49846.15384615384,329.1713033185946
0.11,0.07,49846.15384615384,330.0185138907308
0.13,0.07,49846.15384615384,330.69925167231554
0.15,0.07,49846.15384615384,331.2121586652422
0.17,0.07,49846.15384615384,331.5554189147811
0.19,0.07,49846.15384615384,331.72748316814483
0.21,0.07,49846.15384615384,331.72748316814483
0.23,0.07,49846.15384615384,331.5554189147812
0.25,0.07,49846.15384615384,331.2121586652423
0.27,0.07,49846.15384615384,330.69925167231565
0.29,0.07,49846.15384615384,330.0185138907308
0.31,0.07,49846.15384615384,329.17130331859465
0.33,0.07,49846.15384615384,328.15735445948235
0.35,0.07,49846.15384615384,326.97300561594943
0.37,0.07,49846.15384615384,325.6086883148892
0.39,0.07,49846.15384615384,324.04582627316216
0.01,0.09,49846.15384615384,324.20208262576404
0.03,0.09,49846.15384615384,326.0709971118597
0.05,0.09,49846.15384615384,327.72385787431733
0.07,0.09,49846.15384615384,329.1713033185946
0.09,0.09,49846.15384615384,330.4175436637292
0.11,0.09,49846.15384615384,331.46260561015333
0.13,0.09,49846.15384615384,332.3042181870864
0.15,0.09,49846.15384615384,332.9392222960158
0.17,0.09,49846.15384615384,333.36454665469927
0.19,0.09,49846.15384615384,333.5778394198307
0.21,0.09,49846.15384615384,333.5778394198307
0.23,0.09,49846.15384615384,333.3645466546994
0.25,0.09,49846.15384615384,332.93922229601594
0.27,0.09,49846.15384615384,332.30421818708646
0.29,0.09,49846.15384615384,331.46260561015333
0.31,0.09,49846.15384615384,330.41754366372925
0.33,0.09,49846.15384615384,329.17130331859465
0.35,0.09,49846.15384615384,327.7238578743174
0.37,0.09,49846.15384615384,326.0709971118597
0.39,0.09,49846.15384615384,324.20208262576404
0.01,0.11,49846.15384615384,324.3312714724518
0.03,0.11,49846.15384615384,326.45427313990933
0.05,0.11,49846.15384615384,328.3487415466413
0.07,0.11,49846.15384615384,330.0185138907307
0.09,0.11,49846.15384615384,331.4626056101533
0.11,0.11,49846.15384615384,332.677217415174
0.13,0.11,49846.15384615384,333.65730330487696
0.15,0.11,49846.15384615384,334.3977216664596
0.17,0.11,49846.15384615384,334.8940346136672
0.19,0.11,49846.15384615384,335.1430298457015
0.21,0.11,49846.15384615384,335.1430298457015
0.23,0.11,49846.15384615384,334.89403461366726
0.25,0.11,49846.15384615384,334.3977216664597
0.27,0.11,49846.15384615384,333.65730330487696
0.29,0.11,49846.15384615384,332.677217415174
0.31,0.11,49846.15384615384,331.46260561015333
0.33,0.11,49846.15384615384,330.0185138907308
0.35,0.11,49846.15384615384,328.3487415466413
0.37,0.11,49846.15384615384,326.4542731399094
0.39,0.11,49846.15384615384,324.3312714724518
0.01,0.13,49846.15384615384,324.43447905604813
0.03,0.13,49846.15384615384,326.76087379880806
0.05,0.13,49846.15384615384,328.84965983365925
0.07,0.13,49846.15384615384,330.6992516723156
0.09,0.13,49846.15384615384,332.3042181870864
0.11,0.13,49846.15384615384,333.65730330487696
0.13,0.13,49846.15384615384,334.75086686944064
0.15,0.13,49846.15384615384,335.5778825635268
0.17,0.13,49846.15384615384,336.13260677420834
0.19,0.13,49846.15384615384,336.41100586721245
0.21,0.13,49846.15384615384,336.41100586721245
0.23,0.13,49846.15384615384,336.1326067742084
0.25,0.13,49846.15384615384,335.5778825635269
0.27,0.13,49846.15384615384,334.75086686944064
0.29,0.13,49846.15384615384,333.65730330487696
0.31,0.13,49846.15384615384,332.30421818708646
0.33,0.13,49846.15384615384,330.6992516723156
0.35,0.13,49846.15384615384,328.8496598336593
0.37,0.13,49846.15384615384,326.7608737988081
0.39,0.13,49846.15384615384,324.43447905604813
0.01,0.15,49846.15384615384,324.5119917343927
0.03,0.15,49846.15384615384,326.99129845199934
0.05,0.15,49846.15384615384,329.22655913445647
0.07,0.15,49846.15384615384,331.2121586652422
0.09,0.15,49846.15384615384,332.9392222960159
0.11,0.15,49846.15384615384,334.39772166645963
0.13,0.15,49846.15384615384,335.5778825635268
0.15,0.15,49846.15384615384,336.47110323362034
0.17,0.15,49846.15384615384,337.07053929150175
0.19,0.15,49846.15384615384,337.37146220243744
0.21,0.15,49846.15384615384,337.37146220243744
0.23,0.15,49846.15384615384,337.07053929150175
0.25,0.15,49846.15384615384,336.47110323362034
0.27,0.15,49846.15384615384,335.5778825635269
0.29,0.15,49846.15384615384,334.39772166645963
0.31,0.15,49846.15384615384,332.9392222960159
0.33,0.15,49846.15384615384,331.2121586652422
0.35,0.15,49846.15384615384,329.22655913445647
0.37,0.15,49846.15384615384,326.9912984519994
0.39,0.15,49846.15384615384,324.5119917343927
0.01,0.17,49846.15384615384,324.5637745739625
0.03,0.17,49846.15384615384,327.1452893792119
0.05,0.17,49846.15384615384,329.47859767054643
0.07,0.17,49846.15384615384,331.5554189147811
0.09,0.17,49846.15384615384,333.36454665469927
0.11,0.17,49846.15384615384,334.8940346136672
0.13,0.17,49846.15384615384,336.1326067742083
0.15,0.17,49846.15384615384,337.0705392915017
0.17,0.17,49846.15384615384,337.70019786017804
0.19,0.17,49846.15384615384,338.01635323144706
0.21,0.17,49846.15384615384,338.016353231447
0.23,0.17,49846.15384615384,337.70019786017804
0.25,0.17,49846.15384615384,337.07053929150175
0.27,0.17,49846.15384615384,336.13260677420834
0.29,0.17,49846.15384615384,334.8940346136672
0.31,0.17,49846.15384615384,333.3645466546993
0.33,0.17,49846.15384615384,331.5554189147811
0.35,0.17,49846.15384615384,329.47859767054643
0.37,0.17,49846.15384615384,327.145289379212
0.39,0.17,49846.15384615384,324.56377457396246
0.01,0.19,49846.15384615384,324.5897083460396
0.03,0.19,49846.15384615384,327.2224238700615
0.05,0.19,49846.15384615384,329.60488443770976
0.07,0.19,49846.15384615384,331.7274831681448
0.09,0.19,49846.15384615384,333.57783941983064
0.11,0.19,49846.15384615384,335.14302984570145
0.13,0.19,49846.15384615384,336.4110058672124
0.15,0.19,49846.15384615384,337.37146220243744
0.17,0.19,49846.15384615384,338.01635323144706
0.19,0.19,49846.15384615384,338.3401882218756
0.21,0.19,49846.15384615384,338.3401882218756
0.23,0.19,49846.15384615384,338.016353231447
0.25,0.19,49846.15384615384,337.37146220243744
0.27,0.19,49846.15384615384,336.41100586721245
0.29,0.19,49846.15384615384,335.14302984570145
0.31,0.19,49846.15384615384,333.57783941983064
0.33,0.19,49846.15384615384,331.7274831681448
0.35,0.19,49846.15384615384,329.6048844377098
0.37,0.19,49846.15384615384,327.2224238700615
0.39,0.19,49846.15384615384,324.5897083460396
0.01,0.21,49846.15384615384,324.5897083460396
0.03,0.21,49846.15384615384,327.2224238700615
0.05,0.21,49846.15384615384,329.60488443770976
0.07,0.21,49846.15384615384,331.7274831681447
0.09,0.21,49846.15384615384,333.57783941983064
0.11,0.21,49846.15384615384,335.14302984570145
0.13,0.21,49846.15384615384,336.41100586721234
0.15,0.21,49846.15384615384,337.37146220243744
0.17,0.21,49846.15384615384,338.01635323144706
0.19,0.21,49846.15384615384,338.3401882218756
0.21,0.21,49846.15384615384,338.3401882218756
0.23,0.21,49846.15384615384,338.01635323144706
0.25,0.21,49846.15384615384,337.37146220243744
0.27,0.21,49846.15384615384,336.4110058672124
0.29,0.21,49846.15384615384,335.14302984570145
0.31,0.21,49846.15384615384,333.57783941983064
0.33,0.21,49846.15384615384,331.7274831681447
0.35,0.21,49846.15384615384,329.60488443770976
0.37,0.21,49846.15384615384,327.2224238700615
0.39,0.21,49846.15384615384,324.5897083460396
0.01,0.23,49846.15384615384,324.5637745739625
0.03,0.23,49846.15384615384,327.1452893792119
0.05,0.23,49846.15384615384,329.47859767054643
0.07,0.23,49846.15384615384,331.5554189147811
0.09,0.23,49846.15384615384,333.36454665469927
0.11,0.23,49846.15384615384,334.89403461366726
0.13,0.23,49846.15384615384,336.13260677420834
0.15,0.23,49846.15384615384,337.0705392915017
0.17,0.23,49846.15384615384,337.7001978601781
0.19,0.23,49846.15384615384,338.0163532314471
0.21,0.23,49846.15384615384,338.0163532314471
0.23,0.23,49846.15384615384,337.7001978601781
0.25,0.23,49846.15384615384,337.0705392915017
0.27,0.23,49846.15384615384,336.13260677420834
0.29,0.23,49846.15384615384,334.8940346136672
0.31,0.23,49846.15384615384,333.36454665469927
0.33,0.23,49846.15384615384,331.55541891478106
0.35,0.23,49846.15384615384,329.47859767054643
0.37,0.23,49846.15384615384,327.1452893792119
0.39,0.23,49846.15384615384,324.56377457396246
0.01,0.25,49846.15384615384,324.5119917343927
0.03,0.25,49846.15384615384,326.99129845199934
0.05,0.25,49846.15384615384,329.2265591344564
0.07,0.25,49846.15384615384,331.2121586652422
0.09,0.25,49846.15384615384,332.9392222960158
0.11,0.25,49846.15384615384,334.3977216664597
0.13,0.25,49846.15384615384,335.5778825635268
0.15,0.25,49846.15384615384,336.47110323362034
0.17,0.25,49846.15384615384,337.0705392915018
0.19,0.25,49846.15384615384,337.3714622024375
0.21,0.25,49846.15384615384,337.3714622024375
0.23,0.25,49846.15384615384,337.07053929150175
0.25,0.25,49846.15384615384,336.47110323362034
0.27,0.25,49846.15384615384,335.5778825635268
0.29,0.25,49846.15384615384,334.39772166645963
0.31,0.25,49846.15384615384,332.9392222960158
0.33,0.25,49846.15384615384,331.21215866524216
0.35,0.25,49846.15384615384,329.2265591344564
0.37,0.25,49846.15384615384,326.99129845199934
0.39,0.25,49846.15384615384,324.51199173439267
0.01,0.27,49846.15384615384,324.43447905604813
0.03,0.27,49846.15384615384,326.76087379880806
0.05,0.27,49846.15384615384,328.84965983365925
0.07,0.27,49846.15384615384,330.6992516723156
0.09,0.27,49846.15384615384,332.30421818708646
0.11,0.27,49846.15384615384,333.65730330487696
0.13,0.27,49846.15384615384,334.75086686944064
0.15,0.27,49846.15384615384,335.5778825635269
0.17,0.27,49846.15384615384,336.13260677420834
0.19,0.27,49846.15384615384,336.41100586721245
0.21,0.27,49846.15384615384,336.41100586721245
0.23,0.27,49846.15384615384,336.13260677420834
0.25,0.27,49846.15384615384,335.5778825635269
0.27,0.27,49846.15384615384,334.75086686944064
0.29,0.27,49846.15384615384,333.657303304877
0.31,0.27,49846.15384615384,332.30421818708646
0.33,0.27,49846.15384615384,330.6992516723156
0.35,0.27,49846.15384615384,328.8496598336592
0.37,0.27,49846.15384615384,326.76087379880806
0.39,0.27,49846.15384615384,324.4344790560481
0.01,0.29,49846.15384615384,324.3312714724518
0.03,0.29,49846.15384615384,326.45427313990933
0.05,0.29,49846.15384615384,328.3487415466413
0.07,0.29,49846.15384615384,330.0185138907308
0.09,0.29,49846.15384615384,331.46260561015333
0.11,0.29,49846.15384615384,332.6772174151741
0.13,0.29,49846.15384615384,333.657303304877
0.15,0.29,49846.15384615384,334.3977216664597
0.17,0.29,49846.15384615384,334.89403461366726
0.19,0.29,49846.15384615384,335.1430298457015
0.21,0.29,49846.15384615384,335.1430298457015
0.23,0.29,49846.15384615384,334.89403461366726
0.25,0.29,49846.15384615384,334.3977216664597
0.27,0.29,49846.15384615384,333.657303304877
0.29,0.29,49846.15384615384,332.6772174151741
0.31,0.29,49846.15384615384,331.4626056101534
0.33,0.29,49846.15384615384,330.0185138907308
0.35,0.29,49846.15384615384,328.3487415466413
0.37,0.29,49846.15384615384,326.4542731399094
0.39,0.29,49846.15384615384,324.3312714724519
0.01,0.31,49846.15384615384,324.2020826257641
0.03,0.31,49846.15384615384,326.0709971118597
0.05,0.31,49846.15384615384,327.7238578743174
0.07,0.31,49846.15384615384,329.17130331859465
0.09,0.31,49846.15384615384,330.4175436637292
0.11,0.31,49846.15384615384,331.46260561015333
0.13,0.31,49846.15384615384,332.30421818708646
0.15,0.31,49846.15384615384,332.9392222960159
0.17,0.31,49846.15384615384,333.3645466546993
0.19,0.31,49846.15384615384,333.5778394198307
0.21,0.31,49846.15384615384,333.57783941983075
0.23,0.31,49846.15384615384,333.3645466546994
0.25,0.31,49846.15384615384,332.9392222960159
0.27,0.31,49846.15384615384,332.3042181870865
0.29,0.31,49846.15384615384,331.4626056101534
0.31,0.31,49846.15384615384,330.41754366372925
0.33,0.31,49846.15384615384,329.17130331859465
0.35,0.31,49846.15384615384,327.7238578743174
0.37,0.31,49846.15384615384,326.0709971118597
0.39,0.31,49846.15384615384,324.20208262576404
0.01,0.33,49846.15384615384,324.04582627316216
0.03,0.33,49846.15384615384,325.6086883148892
0.05,0.33,49846.15384615384,326.9730056159494
0.07,0.33,49846.15384615384,328.15735445948235
0.09,0.33,49846.15384615384,329.1713033185946
0.11,0.33,49846.15384615384,330.0185138907308
0.13,0.33,49846.15384615384,330.6992516723156
0.15,0.33,49846.15384615384,331.21215866524227
0.17,0.33,49846.15384615384,331.5554189147812
0.19,0.33,49846.15384615384,331.7274831681449
0.21,0.33,49846.15384615384,331.7274831681449
0.23,0.33,49846.15384615384,331.5554189147812
0.25,0.33,49846.15384615384,331.21215866524227
0.27,0.33,49846.15384615384,330.6992516723156
0.29,0.33,49846.15384615384,330.0185138907308
0.31,0.33,49846.15384615384,329.1713033185947
0.33,0.33,49846.15384615384,328.1573544594824
0.35,0.33,49846.15384615384,326.9730056159494
0.37,0.33,49846.15384615384,325.60868831488915
0.39,0.33,49846.15384615384,324.04582627316216
0.01,0.35,49846.15384615384,323.85955357176914
0.03,0.35,49846.15384615384,325.0610377160713
0.05,0.35,49846.15384615384,326.0900012892593
0.07,0.35,49846.15384615384,326.9730056159494
0.09,0.35,49846.15384615384,327.72385787431733
0.11,0.35,49846.15384615384,328.3487415466413
0.13,0.35,49846.15384615384,328.84965983365925
0.15,0.35,49846.15384615384,329.22655913445647
0.17,0.35,49846.15384615384,329.4785976705465
0.19,0.35,49846.15384615384,329.60488443770987
0.21,0.35,49846.15384615384,329.60488443770987
0.23,0.35,49846.15384615384,329.4785976705465
0.25,0.35,49846.15384615384,329.2265591344565
0.27,0.35,49846.15384615384,328.8496598336593
0.29,0.35,49846.15384615384,328.3487415466413
0.31,0.35,49846.15384615384,327.7238578743174
0.33,0.35,49846.15384615384,326.9730056159494
0.35,0.35,49846.15384615384,326.09000128925925
0.37,0.35,49846.15384615384,325.06103771607127
0.39,0.35,49846.15384615384,323.8595535717692
0.01,0.37,49846.15384615384,323.6356961240613
0.03,0.37,49846.15384615384,324.4136484447663
0.05,0.37,49846.15384615384,325.06103771607127
0.07,0.37,49846.15384615384,325.6086883148892
0.09,0.37,49846.15384615384,326.0709971118597
0.11,0.37,49846.15384615384,326.45427313990933
0.13,0.37,49846.15384615384,326.76087379880806
0.15,0.37,49846.15384615384,326.9912984519994
0.17,0.37,49846.15384615384,327.145289379212
0.19,0.37,49846.15384615384,327.2224238700616
0.21,0.37,49846.15384615384,327.2224238700616
0.23,0.37,49846.15384615384,327.145289379212
0.25,0.37,49846.15384615384,326.99129845199934
0.27,0.37,49846.15384615384,326.7608737988081
0.29,0.37,49846.15384615384,326.4542731399094
0.31,0.37,49846.15384615384,326.0709971118597
0.33,0.37,49846.15384615384,325.6086883148892
0.35,0.37,49846.15384615384,325.06103771607127
0.37,0.37,49846.15384615384,324.41364844476624
0.39,0.37,49846.15384615384,323.63569612406127
0.01,0.39,49846.15384615384,323.35343976871275
0.03,0.39,49846.15384615384,323.6356961240613
0.05,0.39,49846.15384615384,323.8595535717692
0.07,0.39,49846.15384615384,324.04582627316216
0.09,0.39,49846.15384615384,324.20208262576404
0.11,0.39,49846.15384615384,324.3312714724518
0.13,0.39,49846.15384615384,324.4344790560481
0.15,0.39,49846.15384615384,324.51199173439267
0.17,0.39,49846.15384615384,324.5637745739625
0.19,0.39,49846.15384615384,324.58970834603963
0.21,0.39,49846.15384615384,324.5897083460396
0.23,0.39,49846.15384615384,324.5637745739625
0.25,0.39,49846.15384615384,324.51199173439267
0.27,0.39,49846.15384615384,324.43447905604813
0.29,0.39,49846.15384615384,324.3312714724518
0.31,0.39,49846.15384615384,324.20208262576404
0.33,0.39,49846.15384615384,324.04582627316216
0.35,0.39,49846.15384615384,323.85955357176914
0.37,0.39,49846.15384615384,323.63569612406127
0.39,0.39,49846.15384615384,323.35343976871275
0.01,0.01,51692.307692307695,323.34181844598584
0.03,0.01,51692.307692307695,323.6067428054134
0.05,0.01,51692.307692307695,323.81621511498304
0.07,0.01,51692.307692307695,323.9901852234893
0.09,0.01,51692.307692307695,324.1359515385744
0.11,0.01,51692.307692307695,324.256385515106
0.13,0.01,51692.307692307695,324.35256333170366
0.15,0.01,51692.307692307695,324.42478336918856
0.17,0.01,51692.307692307695,324.47302683588265
0.19,0.01,51692.307692307695,324.49718745429175
0.21,0.01,51692.307692307695,324.49718745429175
0.23,0.01,51692.307692307695,324.47302683588254
0.25,0.01,51692.307692307695,324.4247833691885
0.27,0.01,51692.307692307695,324.3525633317037
0.29,0.01,51692.307692307695,324.256385515106
0.31,0.01,51692.307692307695,324.1359515385743
0.33,0.01,51692.307692307695,323.99018522348933
0.35,0.01,51692.307692307695,323.81621511498304
0.37,0.01,51692.307692307695,323.6067428054134
0.39,0.01,51692.307692307695,323.3418184459859
0.01,0.03,51692.307692307695,323.6067428054134
0.03,0.03,51692.307692307695,324.3360715965473
0.05,0.03,51692.307692307695,324.94158399785897
0.07,0.03,51692.307692307695,325.4529901414318
0.09,0.03,51692.307692307695,325.88426219826647
0.11,0.03,51692.307692307695,326.24159135311214
0.13,0.03,51692.307692307695,326.5273428031283
0.15,0.03,51692.307692307695,326.7420653711776
0.17,0.03,51692.307692307695,326.8855543734369
0.19,0.03,51692.307692307695,326.9574273439256
0.21,0.03,51692.307692307695,326.9574273439255
0.23,0.03,51692.307692307695,326.8855543734368
0.25,0.03,51692.307692307695,326.7420653711776
0.27,0.03,51692.307692307695,326.5273428031283
0.29,0.03,51692.307692307695,326.2415913531121
0.31,0.03,51692.307692307695,325.8842621982664
0.33,0.03,51692.307692307695,325.4529901414318
0.35,0.03,51692.307692307695,324.94158399785897
0.37,0.03,51692.307692307695,324.3360715965473
0.39,0.03,51692.307692307695,323.6067428054134
0.01,0.05,51692.307692307695,323.81621511498304
0.03,0.05,51692.307692307695,324.94158399785897
0.05,0.05,51692.307692307695,325.9035517019748
0.07,0.05,51692.307692307695,326.7279738584873
0.09,0.05,51692.307692307695,327.4284149759159
0.11,0.05,51692.307692307695,328.01105331148705
0.13,0.05,51692.307692307695,328.47798515775645
0.15,0.05,51692.307692307695,328.8292728853435
0.17,0.05,51692.307692307695,329.0641766852437
0.19,0.05,51692.307692307695,329.18187769907394
0.21,0.05,51692.307692307695,329.18187769907394
0.23,0.05,51692.307692307695,329.0641766852437
0.25,0.05,51692.307692307695,328.82927288534347
0.27,0.05,51692.307692307695,328.4779851577564
0.29,0.05,51692.307692307695,328.011053311487
0.31,0.05,51692.307692307695,327.4284149759159
0.33,0.05,51692.307692307695,326.72797385848736
0.35,0.05,51692.307692307695,325.9035517019748
0.37,0.05,51692.307692307695,324.94158399785897
0.39,0.05,51692.307692307695,323.81621511498304
0.01,0.07,51692.307692307695,323.99018522348933
0.03,0.07,51692.307692307695,325.4529901414318
0.05,0.07,51692.307692307695,326.72797385848736
0.07,0.07,51692.307692307695,327.83357203569244
0.09,0.07,51692.307692307695,328.779447489133
0.11,0.07,51692.307692307695,329.56946837587776
0.13,0.07,51692.307692307695,330.2041331190388
0.15,0.07,51692.307692307695,330.68229385510165
0.17,0.07,51692.307692307695,331.00229861639525
0.19,0.07,51692.307692307695,331.1627078873772
0.21,0.07,51692.307692307695,331.1627078873772
0.23,0.07,51692.307692307695,331.00229861639525
0.25,0.07,51692.307692307695,330.6822938551016
0.27,0.07,51692.307692307695,330.2041331190387
0.29,0.07,51692.307692307695,329.56946837587776
0.31,0.07,51692.307692307695,328.779447489133
0.33,0.07,51692.307692307695,327.8335720356925
0.35,0.07,51692.307692307695,326.72797385848736
0.37,0.07,51692.307692307695,325.4529901414318
0.39,0.07,51692.307692307695,323.99018522348933
0.01,0.09,51692.307692307695,324.1359515385744
0.03,0.09,51692.307692307695,325.8842621982664
0.05,0.09,51692.307692307695,327.4284149759159
0.07,0.09,51692.307692307695,328.779447489133
0.09,0.09,51692.307692307695,329.94203469357
0.11,0.09,51692.307692307695,330.91665904797003
0.13,0.09,51692.307692307695,331.70144927163875
0.15,0.09,51692.307692307695,332.29356662838217
0.17,0.09,51692.307692307695,332.6901743476557
0.19,0.09,51692.307692307695,332.8890719338749
0.21,0.09,51692.307692307695,332.88907193387496
0.23,0.09,51692.307692307695,332.6901743476557
0.25,0.09,51692.307692307695,332.29356662838217
0.27,0.09,51692.307692307695,331.7014492716388
0.29,0.09,51692.307692307695,330.91665904797014
0.31,0.09,51692.307692307695,329.94203469357
0.33,0.09,51692.307692307695,328.7794474891331
0.35,0.09,51692.307692307695,327.4284149759159
0.37,0.09,51692.307692307695,325.88426219826647
0.39,0.09,51692.307692307695,324.1359515385744
0.01,0.11,51692.307692307695,324.256385515106
0.03,0.11,51692.307692307695,326.24159135311214
0.05,0.11,51692.307692307695,328.01105331148705
0.07,0.11,51692.307692307695,329.5694683758778
0.09,0.11,51692.307692307695,330.9166590479701
0.11,0.11,51692.307692307695,332.04952528130445
0.13,0.11,51692.307692307695,332.9635886745089
0.15,0.11,51692.307692307695,333.6541402807472
0.17,0.11,51692.307692307695,334.117048618117
0.19,0.11,51692.307692307695,334.34929496614313
0.21,0.11,51692.307692307695,334.34929496614313
0.23,0.11,51692.307692307695,334.117048618117
0.25,0.11,51692.307692307695,333.6541402807472
0.27,0.11,51692.307692307695,332.9635886745089
0.29,0.11,51692.307692307695,332.04952528130445
0.31,0.11,51692.307692307695,330.9166590479701
0.33,0.11,51692.307692307695,329.56946837587776
0.35,0.11,51692.307692307695,328.01105331148705
0.37,0.11,51692.307692307695,326.2415913531122
0.39,0.11,51692.307692307695,324.256385515106
0.01,0.13,51692.307692307695,324.35256333170366
0.03,0.13,51692.307692307695,326.5273428031283
0.05,0.13,51692.307692307695,328.47798515775645
0.07,0.13,51692.307692307695,330.20413311903883
0.09,0.13,51692.307692307695,331.7014492716388
0.11,0.13,51692.307692307695,332.9635886745089
0.13,0.13,51692.307692307695,333.98362899113675
0.15,0.13,51692.307692307695,334.7550788121274
0.17,0.13,51692.307692307695,335.2725670126946
0.19,0.13,51692.307692307695,335.5322925325876
0.21,0.13,51692.307692307695,335.5322925325876
0.23,0.13,51692.307692307695,335.2725670126946
0.25,0.13,51692.307692307695,334.7550788121274
0.27,0.13,51692.307692307695,333.98362899113675
0.29,0.13,51692.307692307695,332.96358867450897
0.31,0.13,51692.307692307695,331.70144927163875
0.33,0.13,51692.307692307695,330.2041331190388
0.35,0.13,51692.307692307695,328.4779851577564
0.37,0.13,51692.307692307695,326.5273428031284
0.39,0.13,51692.307692307695,324.3525633317037
0.01,0.15,51692.307692307695,324.4247833691885
0.03,0.15,51692.307692307695,326.74206537117766
0.05,0.15,51692.307692307695,328.8292728853435
0.07,0.15,51692.307692307695,330.68229385510165
0.09,0.15,51692.307692307695,332.29356662838217
0.11,0.15,51692.307692307695,333.6541402807472
0.13,0.15,51692.307692307695,334.7550788121273
0.15,0.15,51692.307692307695,335.58839860573096
0.17,0.15,51692.307692307695,336.14768213709664
0.19,0.15,51692.307692307695,336.4284657442585
0.21,0.15,51692.307692307695,336.4284657442585
0.23,0.15,51692.307692307695,336.14768213709664
0.25,0.15,51692.307692307695,335.58839860573096
0.27,0.15,51692.307692307695,334.7550788121273
0.29,0.15,51692.307692307695,333.6541402807472
0.31,0.15,51692.307692307695,332.29356662838217
0.33,0.15,51692.307692307695,330.6822938551016
0.35,0.15,51692.307692307695,328.82927288534347
0.37,0.15,51692.307692307695,326.74206537117755
0.39,0.15,51692.307692307695,324.4247833691885
0.01,0.17,51692.307692307695,324.4730268358827
0.03,0.17,51692.307692307695,326.8855543734369
0.05,0.17,51692.307692307695,329.0641766852437
0.07,0.17,51692.307692307695,331.00229861639525
0.09,0.17,51692.307692307695,332.6901743476557
0.11,0.17,51692.307692307695,334.117048618117
0.13,0.17,51692.307692307695,335.2725670126945
0.15,0.17,51692.307692307695,336.1476821370965
0.17,0.17,51692.307692307695,336.7352249729385
0.19,0.17,51692.307692307695,337.03025410639424
0.21,0.17,51692.307692307695,337.0302541063942
0.23,0.17,51692.307692307695,336.7352249729385
0.25,0.17,51692.307692307695,336.14768213709664
0.27,0.17,51692.307692307695,335.27256701269454
0.29,0.17,51692.307692307695,334.11704861811694
0.31,0.17,51692.307692307695,332.69017434765567
0.33,0.17,51692.307692307695,331.0022986163952
0.35,0.17,51692.307692307695,329.06417668524364
0.37,0.17,51692.307692307695,326.8855543734368
0.39,0.17,51692.307692307695,324.4730268358826
0.01,0.19,51692.307692307695,324.4971874542918
0.03,0.19,51692.307692307695,326.9574273439256
0.05,0.19,51692.307692307695,329.18187769907394
0.07,0.19,51692.307692307695,331.1627078873772
0.09,0.19,51692.307692307695,332.8890719338749
0.11,0.19,51692.307692307695,334.3492949661431
0.13,0.19,51692.307692307695,335.53229253258746
0.15,0.19,51692.307692307695,336.42846574425846
0.17,0.19,51692.307692307695,337.03025410639424
0.19,0.19,51692.307692307695,337.3324666225532
0.21,0.19,51692.307692307695,337.33246662255306
0.23,0.19,51692.307692307695,337.0302541063942
0.25,0.19,51692.307692307695,336.42846574425846
0.27,0.19,51692.307692307695,335.5322925325875
0.29,0.19,51692.307692307695,334.3492949661431
0.31,0.19,51692.307692307695,332.8890719338749
0.33,0.19,51692.307692307695,331.1627078873771
0.35,0.19,51692.307692307695,329.1818776990739
0.37,0.19,51692.307692307695,326.9574273439255
0.39,0.19,51692.307692307695,324.4971874542918
0.01,0.21,51692.307692307695,324.4971874542918
0.03,0.21,51692.307692307695,326.9574273439256
0.05,0.21,51692.307692307695,329.18187769907394
0.07,0.21,51692.307692307695,331.1627078873772
0.09,0.21,51692.307692307695,332.8890719338749
0.11,0.21,51692.307692307695,334.3492949661431
0.13,0.21,51692.307692307695,335.53229253258746
0.15,0.21,51692.307692307695,336.42846574425846
0.17,0.21,51692.307692307695,337.03025410639424
0.19,0.21,51692.307692307695,337.3324666225532
0.21,0.21,51692.307692307695,337.3324666225531
0.23,0.21,51692.307692307695,337.0302541063942
0.25,0.21,51692.307692307695,336.42846574425846
0.27,0.21,51692.307692307695,335.5322925325875
0.29,0.21,51692.307692307695,334.3492949661431
0.31,0.21,51692.307692307695,332.8890719338749
0.33,0.21,51692.307692307695,331.1627078873772
0.35,0.21,51692.307692307695,329.1818776990739
0.37,0.21,51692.307692307695,326.9574273439255
0.39,0.21,51692.307692307695,324.4971874542918
0.01,0.23,51692.307692307695,324.47302683588265
0.03,0.23,51692.307692307695,326.88555437343683
0.05,0.23,51692.307692307695,329.0641766852437
0.07,0.23,51692.307692307695,331.00229861639525
0.09,0.23,51692.307692307695,332.6901743476557
0.11,0.23,51692.307692307695,334.11704861811705
0.13,0.23,51692.307692307695,335.2725670126946
0.15,0.23,51692.307692307695,336.1476821370966
0.17,0.23,51692.307692307695,336.7352249729385
0.19,0.23,51692.307692307695,337.03025410639424
0.21,0.23,51692.307692307695,337.0302541063942
0.23,0.23,51692.307692307695,336.73522497293845
0.25,0.23,51692.307692307695,336.1476821370965
0.27,0.23,51692.307692307695,335.27256701269454
0.29,0.23,51692.307692307695,334.117048618117
0.31,0.23,51692.307692307695,332.6901743476557
0.33,0.23,51692.307692307695,331.0022986163953
0.35,0.23,51692.307692307695,329.0641766852437
0.37,0.23,51692.307692307695,326.88555437343683
0.39,0.23,51692.307692307695,324.4730268358826
0.01,0.25,51692.307692307695,324.4247833691885
0.03,0.25,51692.307692307695,326.7420653711776
0.05,0.25,51692.307692307695,328.8292728853435
0.07,0.25,51692.307692307695,330.68229385510165
0.09,0.25,51692.307692307695,332.29356662838217
0.11,0.25,51692.307692307695,333.6541402807472
0.13,0.25,51692.307692307695,334.7550788121273
0.15,0.25,51692.307692307695,335.58839860573096
0.17,0.25,51692.307692307695,336.1476821370966
0.19,0.25,51692.307692307695,336.4284657442585
0.21,0.25,51692.307692307695,336.4284657442585
0.23,0.25,51692.307692307695,336.1476821370966
0.25,0.25,51692.307692307695,335.58839860573096
0.27,0.25,51692.307692307695,334.7550788121274
0.29,0.25,51692.307692307695,333.6541402807472
0.31,0.25,51692.307692307695,332.2935666283822
0.33,0.25,51692.307692307695,330.68229385510165
0.35,0.25,51692.307692307695,328.8292728853435
0.37,0.25,51692.307692307695,326.74206537117766
0.39,0.25,51692.307692307695,324.4247833691885
0.01,0.27,51692.307692307695,324.3525633317037
0.03,0.27,51692.307692307695,326.5273428031283
0.05,0.27,51692.307692307695,328.47798515775645
0.07,0.27,51692.307692307695,330.2041331190388
0.09,0.27,51692.307692307695,331.70144927163875
0.11,0.27,51692.307692307695,332.9635886745089
0.13,0.27,51692.307692307695,333.9836289911367
0.15,0.27,51692.307692307695,334.7550788121274
0.17,0.27,51692.307692307695,335.27256701269454
0.19,0.27,51692.307692307695,335.5322925325875
0.21,0.27,51692.307692307695,335.5322925325876
0.23,0.27,51692.307692307695,335.27256701269465
0.25,0.27,51692.307692307695,334.7550788121274
0.27,0.27,51692.307692307695,333.98362899113675
0.29,0.27,51692.307692307695,332.96358867450897
0.31,0.27,51692.307692307695,331.7014492716388
0.33,0.27,51692.307692307695,330.20413311903883
0.35,0.27,51692.307692307695,328.47798515775645
0.37,0.27,51692.307692307695,326.5273428031284
0.39,0.27,51692.307692307695,324.3525633317037
0.01,0.29,51692.307692307695,324.256385515106
0.03,0.29,51692.307692307695,326.24159135311214
0.05,0.29,51692.307692307695,328.01105331148705
0.07,0.29,51692.307692307695,329.56946837587776
0.09,0.29,51692.307692307695,330.91665904797003
0.11,0.29,51692.307692307695,332.0495252813044
0.13,0.29,51692.307692307695,332.9635886745089
0.15,0.29,51692.307692307695,333.6541402807472
0.17,0.29,51692.307692307695,334.11704861811705
0.19,0.29,51692.307692307695,334.34929496614313
0.21,0.29,51692.307692307695,334.3492949661432
0.23,0.29,51692.307692307695,334.11704861811705
0.25,0.29,51692.307692307695,333.65414028074724
0.27,0.29,51692.307692307695,332.96358867450897
0.29,0.29,51692.307692307695,332.04952528130445
0.31,0.29,51692.307692307695,330.91665904797014
0.33,0.29,51692.307692307695,329.56946837587776
0.35,0.29,51692.307692307695,328.01105331148705
0.37,0.29,51692.307692307695,326.24159135311214
0.39,0.29,51692.307692307695,324.256385515106
0.01,0.31,51692.307692307695,324.1359515385743
0.03,0.31,51692.307692307695,325.8842621982664
0.05,0.31,51692.307692307695,327.4284149759159
0.07,0.31,51692.307692307695,328.779447489133
0.09,0.31,51692.307692307695,329.94203469356995
0.11,0.31,51692.307692307695,330.91665904797003
0.13,0.31,51692.307692307695,331.70144927163875
0.15,0.31,51692.307692307695,332.29356662838217
0.17,0.31,51692.307692307695,332.6901743476557
0.19,0.31,51692.307692307695,332.88907193387496
0.21,0.31,51692.307692307695,332.88907193387496
0.23,0.31,51692.307692307695,332.6901743476558
0.25,0.31,51692.307692307695,332.2935666283822
0.27,0.31,51692.307692307695,331.7014492716388
0.29,0.31,51692.307692307695,330.9166590479701
0.31,0.31,51692.307692307695,329.94203469357006
0.33,0.31,51692.307692307695,328.7794474891331
0.35,0.31,51692.307692307695,327.4284149759159
0.37,0.31,51692.307692307695,325.88426219826647
0.39,0.31,51692.307692307695,324.1359515385744
0.01,0.33,51692.307692307695,323.9901852234893
0.03,0.33,51692.307692307695,325.45299014143177
0.05,0.33,51692.307692307695,326.7279738584873
0.07,0.33,51692.307692307695,327.83357203569244
0.09,0.33,51692.307692307695,328.77944748913296
0.11,0.33,51692.307692307695,329.56946837587765
0.13,0.33,51692.307692307695,330.2041331190387
0.15,0.33,51692.307692307695,330.68229385510165
0.17,0.33,51692.307692307695,331.0022986163953
0.19,0.33,51692.307692307695,331.1627078873772
0.21,0.33,51692.307692307695,331.1627078873772
0.23,0.33,51692.307692307695,331.0022986163953
0.25,0.33,51692.307692307695,330.68229385510165
0.27,0.33,51692.307692307695,330.2041331190388
0.29,0.33,51692.307692307695,329.56946837587776
0.31,0.33,51692.307692307695,328.779447489133
0.33,0.33,51692.307692307695,327.8335720356925
0.35,0.33,51692.307692307695,326.72797385848736
0.37,0.33,51692.307692307695,325.45299014143177
0.39,0.33,51692.307692307695,323.9901852234893
0.01,0.35,51692.307692307695,323.816215114983
0.03,0.35,51692.307692307695,324.9415839978589
0.05,0.35,51692.307692307695,325.9035517019748
0.07,0.35,51692.307692307695,326.7279738584873
0.09,0.35,51692.307692307695,327.42841497591587
0.11,0.35,51692.307692307695,328.01105331148693
0.13,0.35,51692.307692307695,328.47798515775634
0.15,0.35,51692.307692307695,328.8292728853435
0.17,0.35,51692.307692307695,329.0641766852437
0.19,0.35,51692.307692307695,329.18187769907405
0.21,0.35,51692.307692307695,329.18187769907405
0.23,0.35,51692.307692307695,329.0641766852437
0.25,0.35,51692.307692307695,328.8292728853435
0.27,0.35,51692.307692307695,328.47798515775645
0.29,0.35,51692.307692307695,328.01105331148705
0.31,0.35,51692.307692307695,327.4284149759159
0.33,0.35,51692.307692307695,326.72797385848736
0.35,0.35,51692.307692307695,325.9035517019748
0.37,0.35,51692.307692307695,324.94158399785897
0.39,0.35,51692.307692307695,323.81621511498304
0.01,0.37,51692.307692307695,323.6067428054134
0.03,0.37,51692.307692307695,324.3360715965473
0.05,0.37,51692.307692307695,324.94158399785897
0.07,0.37,51692.307692307695,325.4529901414318
0.09,0.37,51692.307692307695,325.88426219826647
0.11,0.37,51692.307692307695,326.24159135311214
0.13,0.37,51692.307692307695,326.5273428031283
0.15,0.37,51692.307692307695,326.74206537117755
0.17,0.37,51692.307692307695,326.8855543734369
0.19,0.37,51692.307692307695,326.9574273439256
0.21,0.37,51692.307692307695,326.9574273439256
0.23,0.37,51692.307692307695,326.8855543734369
0.25,0.37,51692.307692307695,326.7420653711776
0.27,0.37,51692.307692307695,326.5273428031284
0.29,0.37,51692.307692307695,326.2415913531122
0.31,0.37,51692.307692307695,325.8842621982665
0.33,0.37,51692.307692307695,325.4529901414319
0.35,0.37,51692.307692307695,324.94158399785897
0.37,0.37,51692.307692307695,324.3360715965473
0.39,0.37,51692.307692307695,323.6067428054134
0.01,0.39,51692.307692307695,323.3418184459859
0.03,0.39,51692.307692307695,323.60674280541343
0.05,0.39,51692.307692307695,323.81621511498304
0.07,0.39,51692.307692307695,323.9901852234894
0.09,0.39,51692.307692307695,324.1359515385744
0.11,0.39,51692.307692307695,324.256385515106
0.13,0.39,51692.307692307695,324.3525633317036
0.15,0.39,51692.307692307695,324.4247833691885
0.17,0.39,51692.307692307695,324.47302683588265
0.19,0.39,51692.307692307695,324.4971874542918
0.21,0.39,51692.307692307695,324.4971874542918
0.23,0.39,51692.307692307695,324.4730268358827
0.25,0.39,51692.307692307695,324.4247833691885
0.27,0.39,51692.307692307695,324.3525633317037
0.29,0.39,51692.307692307695,324.25638551510605
0.31,0.39,51692.307692307695,324.1359515385744
0.33,0.39,51692.307692307695,323.9901852234894
0.35,0.39,51692.307692307695,323.81621511498304
0.37,0.39,51692.307692307695,323.6067428054134
0.39,0.39,51692.307692307695,323.34181844598584
0.01,0.01,53538.46153846154,323.3310674005466
0.03,0.01,53538.46153846154,323.5799361715564
0.05,0.01,53538.46153846154,323.7760628883269
0.07,0.01,53538.46153846154,323.9386008699502
0.09,0.01,53538.46153846154,324.0746028755483
0.11,0.01,53538.46153846154,324.18687419123177
0.13,0.01,53538.46153846154,324.27648783936746
0.15,0.01,53538.46153846154,324.3437594473086
0.17,0.01,53538.46153846154,324.38869050630353
0.19,0.01,53538.46153846154,324.41119066736763
0.21,0.01,53538.46153846154,324.41119066736763
0.23,0.01,53538.46153846154,324.38869050630353
0.25,0.01,53538.46153846154,324.34375944730857
0.27,0.01,53538.46153846154,324.27648783936746
0.29,0.01,53538.46153846154,324.1868741912317
0.31,0.01,53538.46153846154,324.0746028755482
0.33,0.01,53538.46153846154,323.9386008699502
0.35,0.01,53538.46153846154,323.77606288832686
0.37,0.01,53538.46153846154,323.5799361715564
0.39,0.01,53538.46153846154,323.3310674005466
0.01,0.03,53538.46153846154,323.5799361715564
0.03,0.03,53538.46153846154,324.2642007069639
0.05,0.03,53538.46153846154,324.83084841797074
0.07,0.03,53538.46153846154,325.3085634324366
0.09,0.03,53538.46153846154,325.7109364412929
0.11,0.03,53538.46153846154,326.0440657211042
0.13,0.03,53538.46153846154,326.3103421404388
0.15,0.03,53538.46153846154,326.5103786462903
0.17,0.03,53538.46153846154,326.644035647413
0.19,0.03,53538.46153846154,326.71097972175835
0.21,0.03,53538.46153846154,326.71097972175835
0.23,0.03,53538.46153846154,326.6440356474129
0.25,0.03,53538.46153846154,326.5103786462903
0.27,0.03,53538.46153846154,326.3103421404388
0.29,0.03,53538.46153846154,326.0440657211041
0.31,0.03,53538.46153846154,325.7109364412929
0.33,0.03,53538.46153846154,325.30856343243653
0.35,0.03,53538.46153846154,324.83084841797074
0.37,0.03,53538.46153846154,324.2642007069639
0.39,0.03,53538.46153846154,323.5799361715564
0.01,0.05,53538.46153846154,323.7760628883269
0.03,0.05,53538.46153846154,324.83084841797074
0.05,0.05,53538.46153846154,325.7306069775557
0.07,0.05,53538.46153846154,326.5005464219278
0.09,0.05,53538.46153846154,327.15402479543815
0.11,0.05,53538.46153846154,327.6972419994084
0.13,0.05,53538.46153846154,328.13241096205144
0.15,0.05,53538.46153846154,328.45973171223227
0.17,0.05,53538.46153846154,328.67858525212614
0.19,0.05,53538.46153846154,328.78823896625056
0.21,0.05,53538.46153846154,328.78823896625056
0.23,0.05,53538.46153846154,328.6785852521261
0.25,0.05,53538.46153846154,328.4597317122322
0.27,0.05,53538.46153846154,328.1324109620514
0.29,0.05,53538.46153846154,327.6972419994084
0.31,0.05,53538.46153846154,327.15402479543815
0.33,0.05,53538.46153846154,326.50054642192777
0.35,0.05,53538.46153846154,325.7306069775557
0.37,0.05,53538.46153846154,324.8308484179707
0.39,0.05,53538.46153846154,323.77606288832686
0.01,0.07,53538.46153846154,323.9386008699502
0.03,0.07,53538.46153846154,325.30856343243653
0.05,0.07,53538.46153846154,326.5005464219278
0.07,0.07,53538.46153846154,327.5328609592748
0.09,0.07,53538.46153846154,328.4152815318087
0.11,0.07,53538.46153846154,329.1519036794602
0.13,0.07,53538.46153846154,329.743483331961
0.15,0.07,53538.46153846154,330.1891088363251
0.17,0.07,53538.46153846154,330.48731635934763
0.19,0.07,53538.46153846154,330.6367947180309
0.21,0.07,53538.46153846154,330.6367947180309
0.23,0.07,53538.46153846154,330.48731635934763
0.25,0.07,53538.46153846154,330.1891088363251
0.27,0.07,53538.46153846154,329.743483331961
0.29,0.07,53538.46153846154,329.15190367946025
0.31,0.07,53538.46153846154,328.4152815318087
0.33,0.07,53538.46153846154,327.5328609592748
0.35,0.07,53538.46153846154,326.5005464219278
0.37,0.07,53538.46153846154,325.30856343243653
0.39,0.07,53538.46153846154,323.9386008699502
0.01,0.09,53538.46153846154,324.0746028755483
0.03,0.09,53538.46153846154,325.7109364412929
0.05,0.09,53538.46153846154,327.15402479543815
0.07,0.09,53538.46153846154,328.4152815318087
0.09,0.09,53538.46153846154,329.4998421161858
0.11,0.09,53538.46153846154,330.408656289652
0.13,0.09,53538.46153846154,331.1402752161475
0.15,0.09,53538.46153846154,331.6922089094001
0.17,0.09,53538.46153846154,332.06188315526646
0.19,0.09,53538.46153846154,332.24727102863534
0.21,0.09,53538.46153846154,332.2472710286354
0.23,0.09,53538.46153846154,332.0618831552665
0.25,0.09,53538.46153846154,331.69220890940016
0.27,0.09,53538.46153846154,331.1402752161476
0.29,0.09,53538.46153846154,330.408656289652
0.31,0.09,53538.46153846154,329.49984211618585
0.33,0.09,53538.46153846154,328.4152815318087
0.35,0.09,53538.46153846154,327.1540247954382
0.37,0.09,53538.46153846154,325.7109364412929
0.39,0.09,53538.46153846154,324.07460287554824
0.01,0.11,53538.46153846154,324.18687419123177
0.03,0.11,53538.46153846154,326.0440657211042
0.05,0.11,53538.46153846154,327.69724199940845
0.07,0.11,53538.46153846154,329.15190367946025
0.09,0.11,53538.46153846154,330.408656289652
0.11,0.11,53538.46153846154,331.4651006970222
0.13,0.11,53538.46153846154,332.31734580130245
0.15,0.11,53538.46153846154,332.9611446935462
0.17,0.11,53538.46153846154,333.3927031056005
0.19,0.11,53538.46153846154,333.6092209412883
0.21,0.11,53538.46153846154,333.6092209412884
0.23,0.11,53538.46153846154,333.39270310560056
0.25,0.11,53538.46153846154,332.9611446935463
0.27,0.11,53538.46153846154,332.31734580130245
0.29,0.11,53538.46153846154,331.46510069702225
0.31,0.11,53538.46153846154,330.408656289652
0.33,0.11,53538.46153846154,329.15190367946025
0.35,0.11,53538.46153846154,327.69724199940845
0.37,0.11,53538.46153846154,326.0440657211042
0.39,0.11,53538.46153846154,324.18687419123177
0.01,0.13,53538.46153846154,324.27648783936746
0.03,0.13,53538.46153846154,326.3103421404388
0.05,0.13,53538.46153846154,328.1324109620515
0.07,0.13,53538.46153846154,329.74348333196104
0.09,0.13,53538.46153846154,331.1402752161476
0.11,0.13,53538.46153846154,332.3173458013025
0.13,0.13,53538.46153846154,333.2685071034382
0.15,0.13,53538.46153846154,333.9878322750781
0.17,0.13,53538.46153846154,334.47035541471354
0.19,0.13,53538.46153846154,334.7125352053847
0.21,0.13,53538.46153846154,334.7125352053848
0.23,0.13,53538.46153846154,334.4703554147136
0.25,0.13,53538.46153846154,333.9878322750782
0.27,0.13,53538.46153846154,333.26850710343825
0.29,0.13,53538.46153846154,332.3173458013025
0.31,0.13,53538.46153846154,331.1402752161476
0.33,0.13,53538.46153846154,329.743483331961
0.35,0.13,53538.46153846154,328.1324109620515
0.37,0.13,53538.46153846154,326.3103421404388
0.39,0.13,53538.46153846154,324.2764878393675
0.01,0.15,53538.46153846154,324.3437594473086
0.03,0.15,53538.46153846154,326.51037864629035
0.05,0.15,53538.46153846154,328.4597317122323
0.07,0.15,53538.46153846154,330.1891088363251
0.09,0.15,53538.46153846154,331.69220890940016
0.11,0.15,53538.46153846154,332.96114469354626
0.13,0.15,53538.46153846154,333.9878322750782
0.15,0.15,53538.46153846154,334.76493581710184
0.17,0.15,53538.46153846154,335.2864986987375
0.19,0.15,53538.46153846154,335.5483508269835
0.21,0.15,53538.46153846154,335.54835082698355
0.23,0.15,53538.46153846154,335.28649869873755
0.25,0.15,53538.46153846154,334.7649358171018
0.27,0.15,53538.46153846154,333.9878322750782
0.29,0.15,53538.46153846154,332.9611446935463
0.31,0.15,53538.46153846154,331.6922089094001
0.33,0.15,53538.46153846154,330.18910883632503
0.35,0.15,53538.46153846154,328.4597317122322
0.37,0.15,53538.46153846154,326.5103786462903
0.39,0.15,53538.46153846154,324.3437594473086
0.01,0.17,53538.46153846154,324.3886905063036
0.03,0.17,53538.46153846154,326.64403564741303
0.05,0.17,53538.46153846154,328.6785852521262
0.07,0.17,53538.46153846154,330.48731635934763
0.09,0.17,53538.46153846154,332.06188315526646
0.11,0.17,53538.46153846154,333.3927031056005
0.13,0.17,53538.46153846154,334.4703554147136
0.15,0.17,53538.46153846154,335.28649869873755
0.17,0.17,53538.46153846154,335.83446409070945
0.19,0.17,53538.46153846154,336.10962770022275
0.21,0.17,53538.46153846154,336.1096277002227
0.23,0.17,53538.46153846154,335.83446409070945
0.25,0.17,53538.46153846154,335.2864986987375
0.27,0.17,53538.46153846154,334.4703554147136
0.29,0.17,53538.46153846154,333.39270310560056
0.31,0.17,53538.46153846154,332.06188315526646
0.33,0.17,53538.46153846154,330.4873163593476
0.35,0.17,53538.46153846154,328.6785852521261
0.37,0.17,53538.46153846154,326.6440356474129
0.39,0.17,53538.46153846154,324.38869050630353
0.01,0.19,53538.46153846154,324.4111906673677
0.03,0.19,53538.46153846154,326.7109797217584
0.05,0.19,53538.46153846154,328.7882389662506
0.07,0.19,53538.46153846154,330.6367947180309
0.09,0.19,53538.46153846154,332.2472710286354
0.11,0.19,53538.46153846154,333.6092209412883
0.13,0.19,53538.46153846154,334.7125352053848
0.15,0.19,53538.46153846154,335.5483508269835
0.17,0.19,53538.46153846154,336.10962770022275
0.19,0.19,53538.46153846154,336.39150474309565
0.21,0.19,53538.46153846154,336.39150474309565
0.23,0.19,53538.46153846154,336.1096277002227
0.25,0.19,53538.46153846154,335.5483508269835
0.27,0.19,53538.46153846154,334.7125352053848
0.29,0.19,53538.46153846154,333.6092209412884
0.31,0.19,53538.46153846154,332.24727102863534
0.33,0.19,53538.46153846154,330.63679471803084
0.35,0.19,53538.46153846154,328.78823896625056
0.37,0.19,53538.46153846154,326.71097972175835
0.39,0.19,53538.46153846154,324.41119066736763
0.01,0.21,53538.46153846154,324.4111906673677
0.03,0.21,53538.46153846154,326.7109797217584
0.05,0.21,53538.46153846154,328.7882389662506
0.07,0.21,53538.46153846154,330.6367947180309
0.09,0.21,53538.46153846154,332.2472710286354
0.11,0.21,53538.46153846154,333.6092209412884
0.13,0.21,53538.46153846154,334.7125352053848
0.15,0.21,53538.46153846154,335.5483508269835
0.17,0.21,53538.46153846154,336.10962770022275
0.19,0.21,53538.46153846154,336.39150474309565
0.21,0.21,53538.46153846154,336.39150474309565
0.23,0.21,53538.46153846154,336.10962770022275
0.25,0.21,53538.46153846154,335.5483508269835
0.27,0.21,53538.46153846154,334.7125352053848
0.29,0.21,53538.46153846154,333.6092209412884
0.31,0.21,53538.46153846154,332.2472710286354
0.33,0.21,53538.46153846154,330.6367947180309
0.35,0.21,53538.46153846154,328.78823896625056
0.37,0.21,53538.46153846154,326.71097972175835
0.39,0.21,53538.46153846154,324.41119066736763
0.01,0.23,53538.46153846154,324.3886905063036
0.03,0.23,53538.46153846154,326.644035647413
0.05,0.23,53538.46153846154,328.6785852521262
0.07,0.23,53538.46153846154,330.4873163593477
0.09,0.23,53538.46153846154,332.0618831552665
0.11,0.23,53538.46153846154,333.39270310560056
0.13,0.23,53538.46153846154,334.4703554147136
0.15,0.23,53538.46153846154,335.28649869873755
0.17,0.23,53538.46153846154,335.83446409070945
0.19,0.23,53538.46153846154,336.10962770022275
0.21,0.23,53538.46153846154,336.10962770022275
0.23,0.23,53538.46153846154,335.83446409070945
0.25,0.23,53538.46153846154,335.2864986987375
0.27,0.23,53538.46153846154,334.47035541471354
0.29,0.23,53538.46153846154,333.39270310560056
0.31,0.23,53538.46153846154,332.0618831552665
0.33,0.23,53538.46153846154,330.48731635934763
0.35,0.23,53538.46153846154,328.67858525212614
0.37,0.23,53538.46153846154,326.644035647413
0.39,0.23,53538.46153846154,324.38869050630353
0.01,0.25,53538.46153846154,324.3437594473086
0.03,0.25,53538.46153846154,326.51037864629035
0.05,0.25,53538.46153846154,328.45973171223227
0.07,0.25,53538.46153846154,330.18910883632515
0.09,0.25,53538.46153846154,331.69220890940016
0.11,0.25,53538.46153846154,332.96114469354626
0.13,0.25,53538.46153846154,333.9878322750781
0.15,0.25,53538.46153846154,334.76493581710184
0.17,0.25,53538.46153846154,335.2864986987375
0.19,0.25,53538.46153846154,335.54835082698344
0.21,0.25,53538.46153846154,335.54835082698344
0.23,0.25,53538.46153846154,335.2864986987375
0.25,0.25,53538.46153846154,334.7649358171018
0.27,0.25,53538.46153846154,333.9878322750781
0.29,0.25,53538.46153846154,332.9611446935463
0.31,0.25,53538.46153846154,331.69220890940016
0.33,0.25,53538.46153846154,330.1891088363251
0.35,0.25,53538.46153846154,328.45973171223227
0.37,0.25,53538.46153846154,326.51037864629035
0.39,0.25,53538.46153846154,324.3437594473086
0.01,0.27,53538.46153846154,324.2764878393675
0.03,0.27,53538.46153846154,326.3103421404389
0.05,0.27,53538.46153846154,328.1324109620515
0.07,0.27,53538.46153846154,329.74348333196104
0.09,0.27,53538.46153846154,331.1402752161476
0.11,0.27,53538.46153846154,332.3173458013025
0.13,0.27,53538.46153846154,333.2685071034382
0.15,0.27,53538.46153846154,333.9878322750782
0.17,0.27,53538.46153846154,334.47035541471354
0.19,0.27,53538.46153846154,334.7125352053847
0.21,0.27,53538.46153846154,334.7125352053847
0.23,0.27,53538.46153846154,334.47035541471354
0.25,0.27,53538.46153846154,333.9878322750781
0.27,0.27,53538.46153846154,333.26850710343825
0.29,0.27,53538.46153846154,332.31734580130257
0.31,0.27,53538.46153846154,331.1402752161476
0.33,0.27,53538.46153846154,329.743483331961
0.35,0.27,53538.46153846154,328.13241096205144
0.37,0.27,53538.46153846154,326.3103421404388
0.39,0.27,53538.46153846154,324.2764878393675
0.01,0.29,53538.46153846154,324.18687419123177
0.03,0.29,53538.46153846154,326.0440657211042
0.05,0.29,53538.46153846154,327.69724199940845
0.07,0.29,53538.46153846154,329.1519036794602
0.09,0.29,53538.46153846154,330.408656289652
0.11,0.29,53538.46153846154,331.4651006970222
0.13,0.29,53538.46153846154,332.31734580130245
0.15,0.29,53538.46153846154,332.9611446935463
0.17,0.29,53538.46153846154,333.39270310560056
0.19,0.29,53538.46153846154,333.6092209412884
0.21,0.29,53538.46153846154,333.6092209412884
0.23,0.29,53538.46153846154,333.39270310560056
0.25,0.29,53538.46153846154,332.96114469354626
0.27,0.29,53538.46153846154,332.31734580130245
0.29,0.29,53538.46153846154,331.46510069702225
0.31,0.29,53538.46153846154,330.408656289652
0.33,0.29,53538.46153846154,329.1519036794602
0.35,0.29,53538.46153846154,327.6972419994084
0.37,0.29,53538.46153846154,326.0440657211042
0.39,0.29,53538.46153846154,324.18687419123177
0.01,0.31,53538.46153846154,324.07460287554824
0.03,0.31,53538.46153846154,325.71093644129286
0.05,0.31,53538.46153846154,327.15402479543815
0.07,0.31,53538.46153846154,328.41528153180866
0.09,0.31,53538.46153846154,329.4998421161858
0.11,0.31,53538.46153846154,330.408656289652
0.13,0.31,53538.46153846154,331.1402752161476
0.15,0.31,53538.46153846154,331.69220890940016
0.17,0.31,53538.46153846154,332.0618831552665
0.19,0.31,53538.46153846154,332.24727102863534
0.21,0.31,53538.46153846154,332.2472710286354
0.23,0.31,53538.46153846154,332.06188315526646
0.25,0.31,53538.46153846154,331.69220890940016
0.27,0.31,53538.46153846154,331.1402752161476
0.29,0.31,53538.46153846154,330.408656289652
0.31,0.31,53538.46153846154,329.49984211618585
0.33,0.31,53538.46153846154,328.4152815318088
0.35,0.31,53538.46153846154,327.1540247954382
0.37,0.31,53538.46153846154,325.7109364412929
0.39,0.31,53538.46153846154,324.07460287554824
0.01,0.33,53538.46153846154,323.9386008699502
0.03,0.33,53538.46153846154,325.30856343243653
0.05,0.33,53538.46153846154,326.5005464219278
0.07,0.33,53538.46153846154,327.5328609592747
0.09,0.33,53538.46153846154,328.41528153180866
0.11,0.33,53538.46153846154,329.1519036794602
0.13,0.33,53538.46153846154,329.74348333196093
0.15,0.33,53538.46153846154,330.18910883632503
0.17,0.33,53538.46153846154,330.48731635934763
0.19,0.33,53538.46153846154,330.6367947180309
0.21,0.33,53538.46153846154,330.6367947180309
0.23,0.33,53538.46153846154,330.48731635934763
0.25,0.33,53538.46153846154,330.1891088363251
0.27,0.33,53538.46153846154,329.743483331961
0.29,0.33,53538.46153846154,329.15190367946025
0.31,0.33,53538.46153846154,328.4152815318087
0.33,0.33,53538.46153846154,327.5328609592748
0.35,0.33,53538.46153846154,326.5005464219279
0.37,0.33,53538.46153846154,325.3085634324366
0.39,0.33,53538.46153846154,323.9386008699502
0.01,0.35,53538.46153846154,323.77606288832686
0.03,0.35,53538.46153846154,324.83084841797074
0.05,0.35,53538.46153846154,325.7306069775557
0.07,0.35,53538.46153846154,326.5005464219278
0.09,0.35,53538.46153846154,327.15402479543815
0.11,0.35,53538.46153846154,327.6972419994084
0.13,0.35,53538.46153846154,328.13241096205144
0.15,0.35,53538.46153846154,328.4597317122322
0.17,0.35,53538.46153846154,328.67858525212614
0.19,0.35,53538.46153846154,328.78823896625056
0.21,0.35,53538.46153846154,328.78823896625056
0.23,0.35,53538.46153846154,328.67858525212614
0.25,0.35,53538.46153846154,328.45973171223227
0.27,0.35,53538.46153846154,328.1324109620515
0.29,0.35,53538.46153846154,327.6972419994085
0.31,0.35,53538.46153846154,327.1540247954382
0.33,0.35,53538.46153846154,326.5005464219279
0.35,0.35,53538.46153846154,325.73060697755574
0.37,0.35,53538.46153846154,324.83084841797074
0.39,0.35,53538.46153846154,323.77606288832686
0.01,0.37,53538.46153846154,323.5799361715564
0.03,0.37,53538.46153846154,324.2642007069639
0.05,0.37,53538.46153846154,324.83084841797074
0.07,0.37,53538.46153846154,325.3085634324366
0.09,0.37,53538.46153846154,325.7109364412929
0.11,0.37,53538.46153846154,326.0440657211042
0.13,0.37,53538.46153846154,326.3103421404388
0.15,0.37,53538.46153846154,326.5103786462903
0.17,0.37,53538.46153846154,326.644035647413
0.19,0.37,53538.46153846154,326.71097972175835
0.21,0.37,53538.46153846154,326.71097972175835
0.23,0.37,53538.46153846154,326.6440356474129
0.25,0.37,53538.46153846154,326.5103786462903
0.27,0.37,53538.46153846154,326.3103421404389
0.29,0.37,53538.46153846154,326.04406572110423
0.31,0.37,53538.46153846154,325.7109364412929
0.33,0.37,53538.46153846154,325.3085634324366
0.35,0.37,53538.46153846154,324.83084841797074
0.37,0.37,53538.46153846154,324.2642007069639
0.39,0.37,53538.46153846154,323.5799361715564
0.01,0.39,53538.46153846154,323.3310674005466
0.03,0.39,53538.46153846154,323.5799361715564
0.05,0.39,53538.46153846154,323.77606288832686
0.07,0.39,53538.46153846154,323.9386008699502
0.09,0.39,53538.46153846154,324.07460287554824
0.11,0.39,53538.46153846154,324.18687419123177
0.13,0.39,53538.46153846154,324.2764878393675
0.15,0.39,53538.46153846154,324.3437594473086
0.17,0.39,53538.46153846154,324.3886905063036
0.19,0.39,53538.46153846154,324.41119066736763
0.21,0.39,53538.46153846154,324.41119066736763
0.23,0.39,53538.46153846154,324.3886905063036
0.25,0.39,53538.46153846154,324.3437594473086
0.27,0.39,53538.46153846154,324.2764878393675
0.29,0.39,53538.46153846154,324.18687419123177
0.31,0.39,53538.46153846154,324.07460287554824
0.33,0.39,53538.46153846154,323.9386008699502
0.35,0.39,53538.46153846154,323.77606288832686
0.37,0.39,53538.46153846154,323.5799361715564
0.39,0.39,53538.46153846154,323.3310674005466
0.01,0.01,55384.61538461538,323.3211110808895
0.03,0.01,55384.61538461538,323.55510020139144
0.05,0.01,55384.61538461538,323.7388461385205
0.07,0.01,55384.61538461538,323.89076534369354
0.09,0.01,55384.61538461538,324.0176855285948
0.11,0.01,55384.61538461538,324.1223545267075
0.13,0.01,55384.61538461538,324.2058470265251
0.15,0.01,55384.61538461538,324.26849930193214
0.17,0.01,55384.61538461538,324.310335758742
0.19,0.01,55384.61538461538,324.33128386490694
0.21,0.01,55384.61538461538,324.33128386490694
0.23,0.01,55384.61538461538,324.310335758742
0.25,0.01,55384.61538461538,324.2684993019322
0.27,0.01,55384.61538461538,324.205847026525
0.29,0.01,55384.61538461538,324.1223545267075
0.31,0.01,55384.61538461538,324.0176855285948
0.33,0.01,55384.61538461538,323.89076534369354
0.35,0.01,55384.61538461538,323.7388461385205
0.37,0.01,55384.61538461538,323.5551002013914
0.39,0.01,55384.61538461538,323.3211110808895
0.01,0.03,55384.61538461538,323.55510020139144
0.03,0.03,55384.61538461538,324.197588020412
0.05,0.03,55384.61538461538,324.7281708231635
0.07,0.03,55384.61538461538,325.1745831246498
0.09,0.03,55384.61538461538,325.55006938182936
0.11,0.03,55384.61538461538,325.86065335989963
0.13,0.03,55384.61538461538,326.10876355448784
0.15,0.03,55384.61538461538,326.2950863732106
0.17,0.03,55384.61538461538,326.4195549164522
0.19,0.03,55384.61538461538,326.4818903776084
0.21,0.03,55384.61538461538,326.48189037760847
0.23,0.03,55384.61538461538,326.4195549164522
0.25,0.03,55384.61538461538,326.2950863732106
0.27,0.03,55384.61538461538,326.10876355448784
0.29,0.03,55384.61538461538,325.8606533598996
0.31,0.03,55384.61538461538,325.55006938182936
0.33,0.03,55384.61538461538,325.1745831246497
0.35,0.03,55384.61538461538,324.7281708231634
0.37,0.03,55384.61538461538,324.1975880204119
0.39,0.03,55384.61538461538,323.5551002013914
0.01,0.05,55384.61538461538,323.7388461385205
0.03,0.05,55384.61538461538,324.7281708231635
0.05,0.05,55384.61538461538,325.57017810411
0.07,0.05,55384.61538461538,326.2894759055853
0.09,0.05,55384.61538461538,326.89924266567624
0.11,0.05,55384.61538461538,327.4057175771839
0.13,0.05,55384.61538461538,327.8112446687838
0.15,0.05,55384.61538461538,328.1161748418666
0.17,0.05,55384.61538461538,328.3200215549988
0.19,0.05,55384.61538461538,328.4221472855772
0.21,0.05,55384.61538461538,328.42214728557724
0.23,0.05,55384.61538461538,328.32002155499885
0.25,0.05,55384.61538461538,328.11617484186667
0.27,0.05,55384.61538461538,327.81124466878384
0.29,0.05,55384.61538461538,327.4057175771839
0.31,0.05,55384.61538461538,326.8992426656762
0.33,0.05,55384.61538461538,326.2894759055852
0.35,0.05,55384.61538461538,325.57017810411
0.37,0.05,55384.61538461538,324.72817082316345
0.39,0.05,55384.61538461538,323.7388461385205
0.01,0.07,55384.61538461538,323.8907653436936
0.03,0.07,55384.61538461538,325.1745831246498
0.05,0.07,55384.61538461538,326.2894759055853
0.07,0.07,55384.61538461538,327.25363931289235
0.09,0.07,55384.61538461538,328.0769674951569
0.11,0.07,55384.61538461538,328.7637933957312
0.13,0.07,55384.61538461538,329.3151434537838
0.15,0.07,55384.61538461538,329.73035712583726
0.17,0.07,55384.61538461538,330.0081732162932
0.19,0.07,55384.61538461538,330.14742038556034
0.21,0.07,55384.61538461538,330.14742038556034
0.23,0.07,55384.61538461538,330.0081732162932
0.25,0.07,55384.61538461538,329.73035712583726
0.27,0.07,55384.61538461538,329.3151434537838
0.29,0.07,55384.61538461538,328.7637933957313
0.31,0.07,55384.61538461538,328.07696749515685
0.33,0.07,55384.61538461538,327.2536393128923
0.35,0.07,55384.61538461538,326.2894759055852
0.37,0.07,55384.61538461538,325.17458312464976
0.39,0.07,55384.61538461538,323.89076534369354
0.01,0.09,55384.61538461538,324.0176855285949
0.03,0.09,55384.61538461538,325.5500693818294
0.05,0.09,55384.61538461538,326.89924266567624
0.07,0.09,55384.61538461538,328.0769674951569
0.09,0.09,55384.61538461538,329.08882672999067
0.11,0.09,55384.61538461538,329.93623690742623
0.13,0.09,55384.61538461538,330.6181808401988
0.15,0.09,55384.61538461538,331.1325322269606
0.17,0.09,55384.61538461538,331.4769956871547
0.19,0.09,55384.61538461538,331.6497313854469
0.21,0.09,55384.61538461538,331.64973138544696
0.23,0.09,55384.61538461538,331.4769956871548
0.25,0.09,55384.61538461538,331.1325322269607
0.27,0.09,55384.61538461538,330.6181808401988
0.29,0.09,55384.61538461538,329.93623690742623
0.31,0.09,55384.61538461538,329.08882672999067
0.33,0.09,55384.61538461538,328.07696749515685
0.35,0.09,55384.61538461538,326.89924266567624
0.37,0.09,55384.61538461538,325.5500693818294
0.39,0.09,55384.61538461538,324.0176855285949
0.01,0.11,55384.61538461538,324.1223545267075
0.03,0.11,55384.61538461538,325.86065335989963
0.05,0.11,55384.61538461538,327.4057175771839
0.07,0.11,55384.61538461538,328.7637933957313
0.09,0.11,55384.61538461538,329.93623690742623
0.11,0.11,55384.61538461538,330.9213387459881
0.13,0.11,55384.61538461538,331.71579968800205
0.15,0.11,55384.61538461538,332.3158488994566
0.17,0.11,55384.61538461538,332.7180465774207
0.19,0.11,55384.61538461538,332.91982621034856
0.21,0.11,55384.61538461538,332.91982621034856
0.23,0.11,55384.61538461538,332.71804657742075
0.25,0.11,55384.61538461538,332.3158488994567
0.27,0.11,55384.61538461538,331.71579968800205
0.29,0.11,55384.61538461538,330.9213387459881
0.31,0.11,55384.61538461538,329.9362369074263
0.33,0.11,55384.61538461538,328.76379339573134
0.35,0.11,55384.61538461538,327.405717577184
0.37,0.11,55384.61538461538,325.8606533598997
0.39,0.11,55384.61538461538,324.1223545267076
0.01,0.13,55384.61538461538,324.2058470265251
0.03,0.13,55384.61538461538,326.1087635544879
0.05,0.13,55384.61538461538,327.8112446687839
0.07,0.13,55384.61538461538,329.3151434537838
0.09,0.13,55384.61538461538,330.6181808401988
0.11,0.13,55384.61538461538,331.71579968800205
0.13,0.13,55384.61538461538,332.6025465219432
0.15,0.13,55384.61538461538,333.27307186203325
0.17,0.13,55384.61538461538,333.7228327538695
0.19,0.13,55384.61538461538,333.9485635820521
0.21,0.13,55384.61538461538,333.94856358205215
0.23,0.13,55384.61538461538,333.7228327538696
0.25,0.13,55384.61538461538,333.27307186203336
0.27,0.13,55384.61538461538,332.6025465219433
0.29,0.13,55384.61538461538,331.7157996880021
0.31,0.13,55384.61538461538,330.6181808401989
0.33,0.13,55384.61538461538,329.31514345378383
0.35,0.13,55384.61538461538,327.8112446687839
0.37,0.13,55384.61538461538,326.1087635544879
0.39,0.13,55384.61538461538,324.2058470265251
0.01,0.15,55384.61538461538,324.26849930193214
0.03,0.15,55384.61538461538,326.29508637321067
0.05,0.15,55384.61538461538,328.1161748418667
0.07,0.15,55384.61538461538,329.7303571258373
0.09,0.15,55384.61538461538,331.1325322269607
0.11,0.15,55384.61538461538,332.3158488994567
0.13,0.15,55384.61538461538,333.2730718620333
0.15,0.15,55384.61538461538,333.9975247020172
0.17,0.15,55384.61538461538,334.48372962582874
0.19,0.15,55384.61538461538,334.72782673297587
0.21,0.15,55384.61538461538,334.72782673297587
0.23,0.15,55384.61538461538,334.4837296258288
0.25,0.15,55384.61538461538,333.99752470201724
0.27,0.15,55384.61538461538,333.27307186203336
0.29,0.15,55384.61538461538,332.31584889945674
0.31,0.15,55384.61538461538,331.13253222696073
0.33,0.15,55384.61538461538,329.7303571258373
0.35,0.15,55384.61538461538,328.1161748418667
0.37,0.15,55384.61538461538,326.29508637321067
0.39,0.15,55384.61538461538,324.2684993019322
0.01,0.17,55384.61538461538,324.310335758742
0.03,0.17,55384.61538461538,326.4195549164522
0.05,0.17,55384.61538461538,328.3200215549989
0.07,0.17,55384.61538461538,330.0081732162932
0.09,0.17,55384.61538461538,331.4769956871548
0.11,0.17,55384.61538461538,332.7180465774207
0.13,0.17,55384.61538461538,333.72283275386945
0.15,0.17,55384.61538461538,334.4837296258287
0.17,0.17,55384.61538461538,334.9945864736635
0.19,0.17,55384.61538461538,335.2511139627937
0.21,0.17,55384.61538461538,335.2511139627937
0.23,0.17,55384.61538461538,334.9945864736636
0.25,0.17,55384.61538461538,334.48372962582874
0.27,0.17,55384.61538461538,333.7228327538696
0.29,0.17,55384.61538461538,332.7180465774208
0.31,0.17,55384.61538461538,331.47699568715484
0.33,0.17,55384.61538461538,330.0081732162932
0.35,0.17,55384.61538461538,328.32002155499885
0.37,0.17,55384.61538461538,326.4195549164522
0.39,0.17,55384.61538461538,324.31033575874204
0.01,0.19,55384.61538461538,324.331283864907
0.03,0.19,55384.61538461538,326.48189037760847
0.05,0.19,55384.61538461538,328.42214728557724
0.07,0.19,55384.61538461538,330.1474203855604
0.09,0.19,55384.61538461538,331.64973138544696
0.11,0.19,55384.61538461538,332.9198262103485
0.13,0.19,55384.61538461538,333.94856358205203
0.15,0.19,55384.61538461538,334.72782673297576
0.17,0.19,55384.61538461538,335.2511139627936
0.19,0.19,55384.61538461538,335.51391133170125
0.21,0.19,55384.61538461538,335.5139113317013
0.23,0.19,55384.61538461538,335.2511139627937
0.25,0.19,55384.61538461538,334.7278267329758
0.27,0.19,55384.61538461538,333.9485635820521
0.29,0.19,55384.61538461538,332.9198262103486
0.31,0.19,55384.61538461538,331.649731385447
0.33,0.19,55384.61538461538,330.14742038556034
0.35,0.19,55384.61538461538,328.42214728557724
0.37,0.19,55384.61538461538,326.48189037760847
0.39,0.19,55384.61538461538,324.33128386490694
0.01,0.21,55384.61538461538,324.33128386490694
0.03,0.21,55384.61538461538,326.48189037760847
0.05,0.21,55384.61538461538,328.42214728557724
0.07,0.21,55384.61538461538,330.14742038556034
0.09,0.21,55384.61538461538,331.6497313854469
0.11,0.21,55384.61538461538,332.9198262103485
0.13,0.21,55384.61538461538,333.94856358205203
0.15,0.21,55384.61538461538,334.72782673297576
0.17,0.21,55384.61538461538,335.2511139627936
0.19,0.21,55384.61538461538,335.5139113317012
0.21,0.21,55384.61538461538,335.51391133170125
0.23,0.21,55384.61538461538,335.2511139627936
0.25,0.21,55384.61538461538,334.7278267329758
0.27,0.21,55384.61538461538,333.9485635820521
0.29,0.21,55384.61538461538,332.91982621034856
0.31,0.21,55384.61538461538,331.649731385447
0.33,0.21,55384.61538461538,330.14742038556034
0.35,0.21,55384.61538461538,328.4221472855773
0.37,0.21,55384.61538461538,326.48189037760847
0.39,0.21,55384.61538461538,324.33128386490694
0.01,0.23,55384.61538461538,324.31033575874204
0.03,0.23,55384.61538461538,326.4195549164522
0.05,0.23,55384.61538461538,328.32002155499885
0.07,0.23,55384.61538461538,330.0081732162932
0.09,0.23,55384.61538461538,331.4769956871548
0.11,0.23,55384.61538461538,332.71804657742075
0.13,0.23,55384.61538461538,333.7228327538695
0.15,0.23,55384.61538461538,334.4837296258287
0.17,0.23,55384.61538461538,334.9945864736634
0.19,0.23,55384.61538461538,335.2511139627936
0.21,0.23,55384.61538461538,335.2511139627936
0.23,0.23,55384.61538461538,334.99458647366345
0.25,0.23,55384.61538461538,334.4837296258287
0.27,0.23,55384.61538461538,333.7228327538695
0.29,0.23,55384.61538461538,332.71804657742075
0.31,0.23,55384.61538461538,331.4769956871548
0.33,0.23,55384.61538461538,330.0081732162932
0.35,0.23,55384.61538461538,328.32002155499885
0.37,0.23,55384.61538461538,326.4195549164522
0.39,0.23,55384.61538461538,324.310335758742
0.01,0.25,55384.61538461538,324.26849930193214
0.03,0.25,55384.61538461538,326.2950863732107
0.05,0.25,55384.61538461538,328.1161748418667
0.07,0.25,55384.61538461538,329.7303571258373
0.09,0.25,55384.61538461538,331.1325322269607
0.11,0.25,55384.61538461538,332.3158488994567
0.13,0.25,55384.61538461538,333.2730718620333
0.15,0.25,55384.61538461538,333.9975247020172
0.17,0.25,55384.61538461538,334.4837296258287
0.19,0.25,55384.61538461538,334.7278267329757
0.21,0.25,55384.61538461538,334.72782673297576
0.23,0.25,55384.61538461538,334.48372962582863
0.25,0.25,55384.61538461538,333.9975247020172
0.27,0.25,55384.61538461538,333.27307186203325
0.29,0.25,55384.61538461538,332.3158488994567
0.31,0.25,55384.61538461538,331.1325322269607
0.33,0.25,55384.61538461538,329.73035712583726
0.35,0.25,55384.61538461538,328.1161748418666
0.37,0.25,55384.61538461538,326.2950863732106
0.39,0.25,55384.61538461538,324.26849930193214
0.01,0.27,55384.61538461538,324.2058470265251
0.03,0.27,55384.61538461538,326.1087635544879
0.05,0.27,55384.61538461538,327.8112446687839
0.07,0.27,55384.61538461538,329.3151434537838
0.09,0.27,55384.61538461538,330.6181808401988
0.11,0.27,55384.61538461538,331.71579968800205
0.13,0.27,55384.61538461538,332.6025465219432
0.15,0.27,55384.61538461538,333.2730718620333
0.17,0.27,55384.61538461538,333.7228327538695
0.19,0.27,55384.61538461538,333.948563582052
0.21,0.27,55384.61538461538,333.94856358205203
0.23,0.27,55384.61538461538,333.72283275386945
0.25,0.27,55384.61538461538,333.27307186203325
0.27,0.27,55384.61538461538,332.6025465219432
0.29,0.27,55384.61538461538,331.71579968800205
0.31,0.27,55384.61538461538,330.6181808401988
0.33,0.27,55384.61538461538,329.3151434537837
0.35,0.27,55384.61538461538,327.81124466878384
0.37,0.27,55384.61538461538,326.1087635544878
0.39,0.27,55384.61538461538,324.2058470265251
0.01,0.29,55384.61538461538,324.1223545267075
0.03,0.29,55384.61538461538,325.86065335989963
0.05,0.29,55384.61538461538,327.4057175771839
0.07,0.29,55384.61538461538,328.7637933957313
0.09,0.29,55384.61538461538,329.93623690742623
0.11,0.29,55384.61538461538,330.92133874598807
0.13,0.29,55384.61538461538,331.715799688002
0.15,0.29,55384.61538461538,332.31584889945674
0.17,0.29,55384.61538461538,332.7180465774207
0.19,0.29,55384.61538461538,332.9198262103485
0.21,0.29,55384.61538461538,332.91982621034845
0.23,0.29,55384.61538461538,332.7180465774207
0.25,0.29,55384.61538461538,332.3158488994567
0.27,0.29,55384.61538461538,331.71579968800205
0.29,0.29,55384.61538461538,330.92133874598807
0.31,0.29,55384.61538461538,329.93623690742623
0.33,0.29,55384.61538461538,328.7637933957312
0.35,0.29,55384.61538461538,327.40571757718385
0.37,0.29,55384.61538461538,325.8606533598996
0.39,0.29,55384.61538461538,324.1223545267075
0.01,0.31,55384.61538461538,324.0176855285948
0.03,0.31,55384.61538461538,325.55006938182936
0.05,0.31,55384.61538461538,326.89924266567624
0.07,0.31,55384.61538461538,328.07696749515685
0.09,0.31,55384.61538461538,329.08882672999067
0.11,0.31,55384.61538461538,329.93623690742623
0.13,0.31,55384.61538461538,330.6181808401988
0.15,0.31,55384.61538461538,331.1325322269607
0.17,0.31,55384.61538461538,331.4769956871548
0.19,0.31,55384.61538461538,331.64973138544696
0.21,0.31,55384.61538461538,331.6497313854469
0.23,0.31,55384.61538461538,331.4769956871547
0.25,0.31,55384.61538461538,331.1325322269606
0.27,0.31,55384.61538461538,330.6181808401988
0.29,0.31,55384.61538461538,329.93623690742623
0.31,0.31,55384.61538461538,329.0888267299907
0.33,0.31,55384.61538461538,328.0769674951569
0.35,0.31,55384.61538461538,326.89924266567624
0.37,0.31,55384.61538461538,325.55006938182936
0.39,0.31,55384.61538461538,324.0176855285948
0.01,0.33,55384.61538461538,323.89076534369354
0.03,0.33,55384.61538461538,325.17458312464976
0.05,0.33,55384.61538461538,326.2894759055852
0.07,0.33,55384.61538461538,327.25363931289223
0.09,0.33,55384.61538461538,328.0769674951568
0.11,0.33,55384.61538461538,328.7637933957312
0.13,0.33,55384.61538461538,329.3151434537838
0.15,0.33,55384.61538461538,329.73035712583726
0.17,0.33,55384.61538461538,330.0081732162932
0.19,0.33,55384.61538461538,330.14742038556034
0.21,0.33,55384.61538461538,330.1474203855603
0.23,0.33,55384.61538461538,330.0081732162932
0.25,0.33,55384.61538461538,329.73035712583726
0.27,0.33,55384.61538461538,329.31514345378383
0.29,0.33,55384.61538461538,328.7637933957313
0.31,0.33,55384.61538461538,328.0769674951569
0.33,0.33,55384.61538461538,327.25363931289235
0.35,0.33,55384.61538461538,326.2894759055853
0.37,0.33,55384.61538461538,325.1745831246498
0.39,0.33,55384.61538461538,323.89076534369354
0.01,0.35,55384.61538461538,323.7388461385205
0.03,0.35,55384.61538461538,324.72817082316345
0.05,0.35,55384.61538461538,325.57017810411
0.07,0.35,55384.61538461538,326.2894759055852
0.09,0.35,55384.61538461538,326.8992426656762
0.11,0.35,55384.61538461538,327.4057175771839
0.13,0.35,55384.61538461538,327.81124466878384
0.15,0.35,55384.61538461538,328.11617484186667
0.17,0.35,55384.61538461538,328.32002155499885
0.19,0.35,55384.61538461538,328.4221472855772
0.21,0.35,55384.61538461538,328.4221472855772
0.23,0.35,55384.61538461538,328.3200215549988
0.25,0.35,55384.61538461538,328.11617484186667
0.27,0.35,55384.61538461538,327.8112446687839
0.29,0.35,55384.61538461538,327.4057175771839
0.31,0.35,55384.61538461538,326.8992426656763
0.33,0.35,55384.61538461538,326.2894759055853
0.35,0.35,55384.61538461538,325.5701781041101
0.37,0.35,55384.61538461538,324.7281708231636
0.39,0.35,55384.61538461538,323.73884613852056
0.01,0.37,55384.61538461538,323.5551002013914
0.03,0.37,55384.61538461538,324.1975880204119
0.05,0.37,55384.61538461538,324.72817082316345
0.07,0.37,55384.61538461538,325.17458312464976
0.09,0.37,55384.61538461538,325.55006938182936
0.11,0.37,55384.61538461538,325.86065335989963
0.13,0.37,55384.61538461538,326.10876355448784
0.15,0.37,55384.61538461538,326.2950863732106
0.17,0.37,55384.61538461538,326.4195549164522
0.19,0.37,55384.61538461538,326.48189037760847
0.21,0.37,55384.61538461538,326.48189037760847
0.23,0.37,55384.61538461538,326.4195549164522
0.25,0.37,55384.61538461538,326.2950863732106
0.27,0.37,55384.61538461538,326.10876355448784
0.29,0.37,55384.61538461538,325.86065335989963
0.31,0.37,55384.61538461538,325.5500693818294
0.33,0.37,55384.61538461538,325.1745831246498
0.35,0.37,55384.61538461538,324.7281708231635
0.37,0.37,55384.61538461538,324.197588020412
0.39,0.37,55384.61538461538,323.55510020139144
0.01,0.39,55384.61538461538,323.3211110808895
0.03,0.39,55384.61538461538,323.5551002013914
0.05,0.39,55384.61538461538,323.7388461385205
0.07,0.39,55384.61538461538,323.89076534369354
0.09,0.39,55384.61538461538,324.0176855285949
0.11,0.39,55384.61538461538,324.1223545267075
0.13,0.39,55384.61538461538,324.2058470265251
0.15,0.39,55384.61538461538,324.26849930193214
0.17,0.39,55384.61538461538,324.31033575874204
0.19,0.39,55384.61538461538,324.33128386490694
0.21,0.39,55384.61538461538,324.33128386490694
0.23,0.39,55384.61538461538,324.310335758742
0.25,0.39,55384.61538461538,324.26849930193214
0.27,0.39,55384.61538461538,324.2058470265251
0.29,0.39,55384.61538461538,324.1223545267075
0.31,0.39,55384.61538461538,324.0176855285948
0.33,0.39,55384.61538461538,323.89076534369354
0.35,0.39,55384.61538461538,323.73884613852056
0.37,0.39,55384.61538461538,323.5551002013914
0.39,0.39,55384.61538461538,323.3211110808895
0.01,0.01,57230.769230769234,323.31188173120125
0.03,0.01,57230.769230769234,323.5320752821443
0.05,0.01,57230.769230769234,323.7043355746023
0.07,0.01,57230.769230769234,323.8463949478095
0.09,0.01,57230.769230769234,323.96487359268764
0.11,0.01,57230.769230769234,324.0624686291589
0.13,0.01,57230.769230769234,324.1402596275472
0.15,0.01,57230.769230769234,324.1986055184503
0.17,0.01,57230.769230769234,324.2375551077748
0.19,0.01,57230.769230769234,324.2570547429389
0.21,0.01,57230.769230769234,324.2570547429389
0.23,0.01,57230.769230769234,324.2375551077748
0.25,0.01,57230.769230769234,324.1986055184503
0.27,0.01,57230.769230769234,324.1402596275472
0.29,0.01,57230.769230769234,324.06246862915884
0.31,0.01,57230.769230769234,323.96487359268764
0.33,0.01,57230.769230769234,323.8463949478095
0.35,0.01,57230.769230769234,323.7043355746023
0.37,0.01,57230.769230769234,323.5320752821443
0.39,0.01,57230.769230769234,323.3118817312013
0.01,0.03,57230.769230769234,323.5320752821443
0.03,0.03,57230.769230769234,324.1358238907508
0.05,0.03,57230.769230769234,324.63294267773057
0.07,0.03,57230.769230769234,325.0502830122724
0.09,0.03,57230.769230769234,325.4007719366257
0.11,0.03,57230.769230769234,325.69037199645726
0.13,0.03,57230.769230769234,325.9215567333648
0.15,0.03,57230.769230769234,326.09509129674296
0.17,0.03,57230.769230769234,326.210985693005
0.19,0.03,57230.769230769234,326.2690188522501
0.21,0.03,57230.769230769234,326.26901885225016
0.23,0.03,57230.769230769234,326.210985693005
0.25,0.03,57230.769230769234,326.0950912967429
0.27,0.03,57230.769230769234,325.9215567333648
0.29,0.03,57230.769230769234,325.6903719964572
0.31,0.03,57230.769230769234,325.4007719366256
0.33,0.03,57230.769230769234,325.0502830122722
0.35,0.03,57230.769230769234,324.6329426777305
0.37,0.03,57230.769230769234,324.1358238907508
0.39,0.03,57230.769230769234,323.5320752821443
0.01,0.05,57230.769230769234,323.7043355746023
0.03,0.05,57230.769230769234,324.63294267773057
0.05,0.05,57230.769230769234,325.4213467726276
0.07,0.05,57230.769230769234,326.0935955065848
0.09,0.05,57230.769230769234,326.66270724351847
0.11,0.05,57230.769230769234,327.134971037737
0.13,0.05,57230.769230769234,327.5128695751024
0.15,0.05,57230.769230769234,327.79691141331887
0.17,0.05,57230.769230769234,327.98674865119415
0.19,0.05,57230.769230769234,328.08184372489825
0.21,0.05,57230.769230769234,328.08184372489825
0.23,0.05,57230.769230769234,327.9867486511941
0.25,0.05,57230.769230769234,327.79691141331887
0.27,0.05,57230.769230769234,327.5128695751024
0.29,0.05,57230.769230769234,327.134971037737
0.31,0.05,57230.769230769234,326.6627072435184
0.33,0.05,57230.769230769234,326.0935955065847
0.35,0.05,57230.769230769234,325.4213467726275
0.37,0.05,57230.769230769234,324.6329426777305
0.39,0.05,57230.769230769234,323.7043355746023
0.01,0.07,57230.769230769234,323.8463949478095
0.03,0.07,57230.769230769234,325.0502830122724
0.05,0.07,57230.769230769234,326.09359550658485
0.07,0.07,57230.769230769234,326.99441623151785
0.09,0.07,57230.769230769234,327.7627599371752
0.11,0.07,57230.769230769234,328.40319877547347
0.13,0.07,57230.769230769234,328.91703396091475
0.15,0.07,57230.769230769234,329.3038625040606
0.17,0.07,57230.769230769234,329.5626330394565
0.19,0.07,57230.769230769234,329.6923202030014
0.21,0.07,57230.769230769234,329.6923202030013
0.23,0.07,57230.769230769234,329.5626330394565
0.25,0.07,57230.769230769234,329.3038625040606
0.27,0.07,57230.769230769234,328.91703396091475
0.29,0.07,57230.769230769234,328.40319877547347
0.31,0.07,57230.769230769234,327.76275993717513
0.33,0.07,57230.769230769234,326.9944162315178
0.35,0.07,57230.769230769234,326.09359550658473
0.37,0.07,57230.769230769234,325.05028301227225
0.39,0.07,57230.769230769234,323.8463949478095
0.01,0.09,57230.769230769234,323.96487359268764
0.03,0.09,57230.769230769234,325.40077193662574
0.05,0.09,57230.769230769234,326.6627072435186
0.07,0.09,57230.769230769234,327.7627599371752
0.09,0.09,57230.769230769234,328.7069407370312
0.11,0.09,57230.769230769234,329.49712359980265
0.13,0.09,57230.769230769234,330.1327220433698
0.15,0.09,57230.769230769234,330.6119782442775
0.17,0.09,57230.769230769234,330.9328830240559
0.19,0.09,57230.769230769234,331.0937905503178
0.21,0.09,57230.769230769234,331.0937905503178
0.23,0.09,57230.769230769234,330.9328830240559
0.25,0.09,57230.769230769234,330.61197824427745
0.27,0.09,57230.769230769234,330.13272204336977
0.29,0.09,57230.769230769234,329.49712359980265
0.31,0.09,57230.769230769234,328.7069407370311
0.33,0.09,57230.769230769234,327.76275993717513
0.35,0.09,57230.769230769234,326.66270724351847
0.37,0.09,57230.769230769234,325.4007719366257
0.39,0.09,57230.769230769234,323.96487359268764
0.01,0.11,57230.769230769234,324.0624686291589
0.03,0.11,57230.769230769234,325.6903719964574
0.05,0.11,57230.769230769234,327.1349710377372
0.07,0.11,57230.769230769234,328.4031987754736
0.09,0.11,57230.769230769234,329.4971235998027
0.11,0.11,57230.769230769234,330.4157054214893
0.13,0.11,57230.769230769234,331.1562302146212
0.15,0.11,57230.769230769234,331.71540572873784
0.17,0.11,57230.769230769234,332.09015362532296
0.19,0.11,57230.769230769234,332.2781482865324
0.21,0.11,57230.769230769234,332.2781482865324
0.23,0.11,57230.769230769234,332.09015362532296
0.25,0.11,57230.769230769234,331.7154057287378
0.27,0.11,57230.769230769234,331.15623021462113
0.29,0.11,57230.769230769234,330.4157054214893
0.31,0.11,57230.769230769234,329.4971235998027
0.33,0.11,57230.769230769234,328.4031987754735
0.35,0.11,57230.769230769234,327.13497103773705
0.37,0.11,57230.769230769234,325.69037199645726
0.39,0.11,57230.769230769234,324.0624686291589
0.01,0.13,57230.769230769234,324.14025962754727
0.03,0.13,57230.769230769234,325.9215567333649
0.05,0.13,57230.769230769234,327.51286957510257
0.07,0.13,57230.769230769234,328.91703396091486
0.09,0.13,57230.769230769234,330.1327220433699
0.11,0.13,57230.769230769234,331.1562302146212
0.13,0.13,57230.769230769234,331.9828275380005
0.15,0.13,57230.769230769234,332.6077420676677
0.17,0.13,57230.769230769234,333.0268601790938
0.19,0.13,57230.769230769234,333.2371994123039
0.21,0.13,57230.769230769234,333.2371994123038
0.23,0.13,57230.769230769234,333.0268601790937
0.25,0.13,57230.769230769234,332.6077420676677
0.27,0.13,57230.769230769234,331.9828275380005
0.29,0.13,57230.769230769234,331.1562302146212
0.31,0.13,57230.769230769234,330.1327220433698
0.33,0.13,57230.769230769234,328.9170339609148
0.35,0.13,57230.769230769234,327.51286957510246
0.37,0.13,57230.769230769234,325.92155673336487
0.39,0.13,57230.769230769234,324.1402596275472
0.01,0.15,57230.769230769234,324.19860551845034
0.03,0.15,57230.769230769234,326.095091296743
0.05,0.15,57230.769230769234,327.796911413319
0.07,0.15,57230.769230769234,329.3038625040608
0.09,0.15,57230.769230769234,330.6119782442776
0.11,0.15,57230.769230769234,331.71540572873784
0.13,0.15,57230.769230769234,332.60774206766763
0.15,0.15,57230.769230769234,333.28296843545104
0.17,0.15,57230.769230769234,333.73609161915687
0.19,0.15,57230.769230769234,333.96356937796253
0.21,0.15,57230.769230769234,333.96356937796253
0.23,0.15,57230.769230769234,333.73609161915687
0.25,0.15,57230.769230769234,333.28296843545104
0.27,0.15,57230.769230769234,332.60774206766763
0.29,0.15,57230.769230769234,331.7154057287378
0.31,0.15,57230.769230769234,330.6119782442775
0.33,0.15,57230.769230769234,329.30386250406065
0.35,0.15,57230.769230769234,327.7969114133189
0.37,0.15,57230.769230769234,326.09509129674296
0.39,0.15,57230.769230769234,324.1986055184503
0.01,0.17,57230.769230769234,324.2375551077748
0.03,0.17,57230.769230769234,326.2109856930051
0.05,0.17,57230.769230769234,327.9867486511942
0.07,0.17,57230.769230769234,329.5626330394566
0.09,0.17,57230.769230769234,330.932883024056
0.11,0.17,57230.769230769234,332.09015362532296
0.13,0.17,57230.769230769234,333.0268601790936
0.15,0.17,57230.769230769234,333.7360916191568
0.17,0.17,57230.769230769234,334.21222063770955
0.19,0.17,57230.769230769234,334.45129989050747
0.21,0.17,57230.769230769234,334.4512998905075
0.23,0.17,57230.769230769234,334.21222063770966
0.25,0.17,57230.769230769234,333.73609161915687
0.27,0.17,57230.769230769234,333.0268601790937
0.29,0.17,57230.769230769234,332.090153625323
0.31,0.17,57230.769230769234,330.932883024056
0.33,0.17,57230.769230769234,329.56263303945656
0.35,0.17,57230.769230769234,327.98674865119415
0.37,0.17,57230.769230769234,326.21098569300506
0.39,0.17,57230.769230769234,324.2375551077748
0.01,0.19,57230.769230769234,324.257054742939
0.03,0.19,57230.769230769234,326.2690188522502
0.05,0.19,57230.769230769234,328.0818437248983
0.07,0.19,57230.769230769234,329.69232020300143
0.09,0.19,57230.769230769234,331.0937905503179
0.11,0.19,57230.769230769234,332.2781482865324
0.13,0.19,57230.769230769234,333.23719941230377
0.15,0.19,57230.769230769234,333.9635693779625
0.17,0.19,57230.769230769234,334.45129989050747
0.19,0.19,57230.769230769234,334.6962315591345
0.21,0.19,57230.769230769234,334.6962315591345
0.23,0.19,57230.769230769234,334.45129989050747
0.25,0.19,57230.769230769234,333.96356937796253
0.27,0.19,57230.769230769234,333.2371994123038
0.29,0.19,57230.769230769234,332.2781482865325
0.31,0.19,57230.769230769234,331.09379055031786
0.33,0.19,57230.769230769234,329.6923202030014
0.35,0.19,57230.769230769234,328.08184372489825
0.37,0.19,57230.769230769234,326.26901885225016
0.39,0.19,57230.769230769234,324.2570547429389
0.01,0.21,57230.769230769234,324.257054742939
0.03,0.21,57230.769230769234,326.2690188522502
0.05,0.21,57230.769230769234,328.0818437248983
0.07,0.21,57230.769230769234,329.6923202030014
0.09,0.21,57230.769230769234,331.09379055031786
0.11,0.21,57230.769230769234,332.2781482865325
0.13,0.21,57230.769230769234,333.23719941230377
0.15,0.21,57230.769230769234,333.9635693779625
0.17,0.21,57230.769230769234,334.45129989050747
0.19,0.21,57230.769230769234,334.6962315591345
0.21,0.21,57230.769230769234,334.69623155913445
0.23,0.21,57230.769230769234,334.4512998905074
0.25,0.21,57230.769230769234,333.96356937796253
0.27,0.21,57230.769230769234,333.2371994123038
0.29,0.21,57230.769230769234,332.2781482865325
0.31,0.21,57230.769230769234,331.09379055031786
0.33,0.21,57230.769230769234,329.69232020300143
0.35,0.21,57230.769230769234,328.08184372489825
0.37,0.21,57230.769230769234,326.26901885225016
0.39,0.21,57230.769230769234,324.2570547429389
0.01,0.23,57230.769230769234,324.2375551077748
0.03,0.23,57230.769230769234,326.21098569300506
0.05,0.23,57230.769230769234,327.98674865119415
0.07,0.23,57230.769230769234,329.56263303945656
0.09,0.23,57230.769230769234,330.9328830240559
0.11,0.23,57230.769230769234,332.09015362532296
0.13,0.23,57230.769230769234,333.02686017909366
0.15,0.23,57230.769230769234,333.7360916191568
0.17,0.23,57230.769230769234,334.2122206377095
0.19,0.23,57230.769230769234,334.4512998905074
0.21,0.23,57230.769230769234,334.4512998905074
0.23,0.23,57230.769230769234,334.2122206377095
0.25,0.23,57230.769230769234,333.73609161915687
0.27,0.23,57230.769230769234,333.02686017909366
0.29,0.23,57230.769230769234,332.09015362532296
0.31,0.23,57230.769230769234,330.932883024056
0.33,0.23,57230.769230769234,329.56263303945656
0.35,0.23,57230.769230769234,327.9867486511941
0.37,0.23,57230.769230769234,326.210985693005
0.39,0.23,57230.769230769234,324.2375551077748
0.01,0.25,57230.769230769234,324.1986055184503
0.03,0.25,57230.769230769234,326.095091296743
0.05,0.25,57230.769230769234,327.7969114133189
0.07,0.25,57230.769230769234,329.3038625040607
0.09,0.25,57230.769230769234,330.6119782442775
0.11,0.25,57230.769230769234,331.71540572873784
0.13,0.25,57230.769230769234,332.6077420676677
0.15,0.25,57230.769230769234,333.282968435451
0.17,0.25,57230.769230769234,333.7360916191568
0.19,0.25,57230.769230769234,333.9635693779624
0.21,0.25,57230.769230769234,333.9635693779625
0.23,0.25,57230.769230769234,333.7360916191568
0.25,0.25,57230.769230769234,333.28296843545104
0.27,0.25,57230.769230769234,332.60774206766763
0.29,0.25,57230.769230769234,331.71540572873784
0.31,0.25,57230.769230769234,330.6119782442776
0.33,0.25,57230.769230769234,329.30386250406065
0.35,0.25,57230.769230769234,327.7969114133189
0.37,0.25,57230.769230769234,326.09509129674296
0.39,0.25,57230.769230769234,324.1986055184502
0.01,0.27,57230.769230769234,324.1402596275472
0.03,0.27,57230.769230769234,325.9215567333649
0.05,0.27,57230.769230769234,327.51286957510246
0.07,0.27,57230.769230769234,328.9170339609148
0.09,0.27,57230.769230769234,330.13272204336977
0.11,0.27,57230.769230769234,331.15623021462113
0.13,0.27,57230.769230769234,331.9828275380005
0.15,0.27,57230.769230769234,332.60774206766763
0.17,0.27,57230.769230769234,333.02686017909366
0.19,0.27,57230.769230769234,333.23719941230377
0.21,0.27,57230.769230769234,333.2371994123037
0.23,0.27,57230.769230769234,333.02686017909366
0.25,0.27,57230.769230769234,332.60774206766763
0.27,0.27,57230.769230769234,331.9828275380005
0.29,0.27,57230.769230769234,331.1562302146212
0.31,0.27,57230.769230769234,330.1327220433698
0.33,0.27,57230.769230769234,328.9170339609148
0.35,0.27,57230.769230769234,327.5128695751025
0.37,0.27,57230.769230769234,325.92155673336487
0.39,0.27,57230.769230769234,324.1402596275472
0.01,0.29,57230.769230769234,324.0624686291589
0.03,0.29,57230.769230769234,325.6903719964573
0.05,0.29,57230.769230769234,327.1349710377371
0.07,0.29,57230.769230769234,328.4031987754735
0.09,0.29,57230.769230769234,329.49712359980265
0.11,0.29,57230.769230769234,330.4157054214893
0.13,0.29,57230.769230769234,331.1562302146211
0.15,0.29,57230.769230769234,331.7154057287378
0.17,0.29,57230.769230769234,332.0901536253229
0.19,0.29,57230.769230769234,332.2781482865324
0.21,0.29,57230.769230769234,332.2781482865324
0.23,0.29,57230.769230769234,332.0901536253229
0.25,0.29,57230.769230769234,331.7154057287378
0.27,0.29,57230.769230769234,331.1562302146212
0.29,0.29,57230.769230769234,330.4157054214893
0.31,0.29,57230.769230769234,329.4971235998027
0.33,0.29,57230.769230769234,328.4031987754736
0.35,0.29,57230.769230769234,327.1349710377371
0.37,0.29,57230.769230769234,325.6903719964573
0.39,0.29,57230.769230769234,324.0624686291589
0.01,0.31,57230.769230769234,323.96487359268764
0.03,0.31,57230.769230769234,325.4007719366257
0.05,0.31,57230.769230769234,326.6627072435185
0.07,0.31,57230.769230769234,327.76275993717513
0.09,0.31,57230.769230769234,328.7069407370312
0.11,0.31,57230.769230769234,329.49712359980265
0.13,0.31,57230.769230769234,330.13272204336977
0.15,0.31,57230.769230769234,330.6119782442775
0.17,0.31,57230.769230769234,330.932883024056
0.19,0.31,57230.769230769234,331.09379055031786
0.21,0.31,57230.769230769234,331.09379055031786
0.23,0.31,57230.769230769234,330.932883024056
0.25,0.31,57230.769230769234,330.6119782442775
0.27,0.31,57230.769230769234,330.1327220433698
0.29,0.31,57230.769230769234,329.4971235998027
0.31,0.31,57230.769230769234,328.7069407370312
0.33,0.31,57230.769230769234,327.7627599371752
0.35,0.31,57230.769230769234,326.6627072435186
0.37,0.31,57230.769230769234,325.40077193662574
0.39,0.31,57230.769230769234,323.96487359268764
0.01,0.33,57230.769230769234,323.8463949478095
0.03,0.33,57230.769230769234,325.0502830122723
0.05,0.33,57230.769230769234,326.09359550658473
0.07,0.33,57230.769230769234,326.9944162315178
0.09,0.33,57230.769230769234,327.76275993717513
0.11,0.33,57230.769230769234,328.4031987754735
0.13,0.33,57230.769230769234,328.91703396091475
0.15,0.33,57230.769230769234,329.30386250406065
0.17,0.33,57230.769230769234,329.5626330394565
0.19,0.33,57230.769230769234,329.69232020300143
0.21,0.33,57230.769230769234,329.69232020300143
0.23,0.33,57230.769230769234,329.56263303945656
0.25,0.33,57230.769230769234,329.3038625040607
0.27,0.33,57230.769230769234,328.9170339609148
0.29,0.33,57230.769230769234,328.4031987754736
0.31,0.33,57230.769230769234,327.7627599371752
0.33,0.33,57230.769230769234,326.99441623151785
0.35,0.33,57230.769230769234,326.09359550658485
0.37,0.33,57230.769230769234,325.0502830122724
0.39,0.33,57230.769230769234,323.8463949478095
0.01,0.35,57230.769230769234,323.7043355746023
0.03,0.35,57230.769230769234,324.6329426777305
0.05,0.35,57230.769230769234,325.4213467726275
0.07,0.35,57230.769230769234,326.0935955065848
0.09,0.35,57230.769230769234,326.66270724351847
0.11,0.35,57230.769230769234,327.13497103773705
0.13,0.35,57230.769230769234,327.51286957510246
0.15,0.35,57230.769230769234,327.7969114133189
0.17,0.35,57230.769230769234,327.98674865119415
0.19,0.35,57230.769230769234,328.08184372489825
0.21,0.35,57230.769230769234,328.08184372489825
0.23,0.35,57230.769230769234,327.9867486511942
0.25,0.35,57230.769230769234,327.7969114133189
0.27,0.35,57230.769230769234,327.51286957510246
0.29,0.35,57230.769230769234,327.1349710377371
0.31,0.35,57230.769230769234,326.6627072435186
0.33,0.35,57230.769230769234,326.09359550658485
0.35,0.35,57230.769230769234,325.42134677262766
0.37,0.35,57230.769230769234,324.6329426777306
0.39,0.35,57230.769230769234,323.70433557460234
0.01,0.37,57230.769230769234,323.5320752821443
0.03,0.37,57230.769230769234,324.1358238907508
0.05,0.37,57230.769230769234,324.6329426777305
0.07,0.37,57230.769230769234,325.0502830122723
0.09,0.37,57230.769230769234,325.4007719366257
0.11,0.37,57230.769230769234,325.69037199645726
0.13,0.37,57230.769230769234,325.92155673336487
0.15,0.37,57230.769230769234,326.09509129674296
0.17,0.37,57230.769230769234,326.2109856930051
0.19,0.37,57230.769230769234,326.2690188522502
0.21,0.37,57230.769230769234,326.2690188522502
0.23,0.37,57230.769230769234,326.21098569300506
0.25,0.37,57230.769230769234,326.09509129674296
0.27,0.37,57230.769230769234,325.92155673336487
0.29,0.37,57230.769230769234,325.6903719964573
0.31,0.37,57230.769230769234,325.40077193662574
0.33,0.37,57230.769230769234,325.0502830122724
0.35,0.37,57230.769230769234,324.6329426777306
0.37,0.37,57230.769230769234,324.13582389075094
0.39,0.37,57230.769230769234,323.5320752821444
0.01,0.39,57230.769230769234,323.31188173120125
0.03,0.39,57230.769230769234,323.5320752821443
0.05,0.39,57230.769230769234,323.7043355746023
0.07,0.39,57230.769230769234,323.8463949478094
0.09,0.39,57230.769230769234,323.96487359268764
0.11,0.39,57230.769230769234,324.06246862915884
0.13,0.39,57230.769230769234,324.1402596275472
0.15,0.39,57230.769230769234,324.1986055184503
0.17,0.39,57230.769230769234,324.2375551077749
0.19,0.39,57230.769230769234,324.25705474293903
0.21,0.39,57230.769230769234,324.257054742939
0.23,0.39,57230.769230769234,324.2375551077748
0.25,0.39,57230.769230769234,324.1986055184503
0.27,0.39,57230.769230769234,324.1402596275472
0.29,0.39,57230.769230769234,324.0624686291589
0.31,0.39,57230.769230769234,323.96487359268764
0.33,0.39,57230.769230769234,323.8463949478095
0.35,0.39,57230.769230769234,323.7043355746023
0.37,0.39,57230.769230769234,323.5320752821443
0.39,0.39,57230.769230769234,323.3118817312013
0.01,0.01,59076.92307692308,323.3033183648617
0.03,0.01,59076.92307692308,323.51071627096746
0.05,0.01,59076.92307692308,323.67232111989614
0.07,0.01,59076.92307692308,323.8052279958548
0.09,0.01,59076.92307692308,323.9158645600801
0.11,0.01,59076.92307692308,324.0068823969426
0.13,0.01,59076.92307692308,324.0793679415441
0.15,0.01,59076.92307692308,324.1337037382099
0.17,0.01,59076.92307692308,324.16996361360947
0.19,0.01,59076.92307692308,324.18811323456566
0.21,0.01,59076.92307692308,324.1881132345656
0.23,0.01,59076.92307692308,324.1699636136094
0.25,0.01,59076.92307692308,324.13370373820976
0.27,0.01,59076.92307692308,324.07936794154404
0.29,0.01,59076.92307692308,324.00688239694256
0.31,0.01,59076.92307692308,323.91586456008
0.33,0.01,59076.92307692308,323.80522799585475
0.35,0.01,59076.92307692308,323.6723211198961
0.37,0.01,59076.92307692308,323.5107162709675
0.39,0.01,59076.92307692308,323.3033183648617
0.01,0.03,59076.92307692308,323.51071627096746
0.03,0.03,59076.92307692308,324.0785328039233
0.05,0.03,59076.92307692308,324.5446024415122
0.07,0.03,59076.92307692308,324.9349515360984
0.09,0.03,59076.92307692308,325.2622133483071
0.11,0.03,59076.92307692308,325.5322985239189
0.13,0.03,59076.92307692308,325.747729610412
0.15,0.03,59076.92307692308,325.9093527130472
0.17,0.03,59076.92307692308,326.01725640483227
0.19,0.03,59076.92307692308,326.07127862552454
0.21,0.03,59076.92307692308,326.07127862552454
0.23,0.03,59076.92307692308,326.0172564048322
0.25,0.03,59076.92307692308,325.9093527130472
0.27,0.03,59076.92307692308,325.7477296104119
0.29,0.03,59076.92307692308,325.5322985239188
0.31,0.03,59076.92307692308,325.262213348307
0.33,0.03,59076.92307692308,324.9349515360984
0.35,0.03,59076.92307692308,324.5446024415122
0.37,0.03,59076.92307692308,324.0785328039233
0.39,0.03,59076.92307692308,323.51071627096746
0.01,0.05,59076.92307692308,323.6723211198961
0.03,0.05,59076.92307692308,324.5446024415122
0.05,0.05,59076.92307692308,325.2832602651035
0.07,0.05,59076.92307692308,325.9118149545371
0.09,0.05,59076.92307692308,326.4431386119096
0.11,0.05,59076.92307692308,326.88357532698643
0.13,0.05,59076.92307692308,327.2357487824966
0.15,0.05,59076.92307692308,327.50032713131543
0.17,0.05,59076.92307692308,327.6771031803421
0.19,0.05,59076.92307692308,327.7656411849998
0.21,0.05,59076.92307692308,327.7656411849998
0.23,0.05,59076.92307692308,327.67710318034216
0.25,0.05,59076.92307692308,327.5003271313154
0.27,0.05,59076.92307692308,327.23574878249656
0.29,0.05,59076.92307692308,326.8835753269864
0.31,0.05,59076.92307692308,326.4431386119095
0.33,0.05,59076.92307692308,325.911814954537
0.35,0.05,59076.92307692308,325.28326026510337
0.37,0.05,59076.92307692308,324.5446024415121
0.39,0.05,59076.92307692308,323.6723211198961
0.01,0.07,59076.92307692308,323.8052279958548
0.03,0.07,59076.92307692308,324.9349515360985
0.05,0.07,59076.92307692308,325.91181495453714
0.07,0.07,59076.92307692308,326.7537898490941
0.09,0.07,59076.92307692308,327.4710072620761
0.11,0.07,59076.92307692308,328.0682742414716
0.13,0.07,59076.92307692308,328.54716451539065
0.15,0.07,59076.92307692308,328.9075327527631
0.17,0.07,59076.92307692308,329.1485391112323
0.19,0.07,59076.92307692308,329.2693062788362
0.21,0.07,59076.92307692308,329.2693062788362
0.23,0.07,59076.92307692308,329.1485391112323
0.25,0.07,59076.92307692308,328.9075327527631
0.27,0.07,59076.92307692308,328.5471645153906
0.29,0.07,59076.92307692308,328.0682742414715
0.31,0.07,59076.92307692308,327.471007262076
0.33,0.07,59076.92307692308,326.75378984909395
0.35,0.07,59076.92307692308,325.911814954537
0.37,0.07,59076.92307692308,324.9349515360984
0.39,0.07,59076.92307692308,323.80522799585475
0.01,0.09,59076.92307692308,323.9158645600801
0.03,0.09,59076.92307692308,325.2622133483071
0.05,0.09,59076.92307692308,326.4431386119096
0.07,0.09,59076.92307692308,327.47100726207617
0.09,0.09,59076.92307692308,328.3522338530478
0.11,0.09,59076.92307692308,329.0891339206001
0.13,0.09,59076.92307692308,329.6815432403195
0.15,0.09,59076.92307692308,330.1280696890767
0.17,0.09,59076.92307692308,330.4269909708676
0.19,0.09,59076.92307692308,330.5768571925594
0.21,0.09,59076.92307692308,330.5768571925593
0.23,0.09,59076.92307692308,330.4269909708676
0.25,0.09,59076.92307692308,330.1280696890767
0.27,0.09,59076.92307692308,329.6815432403195
0.29,0.09,59076.92307692308,329.08913392060003
0.31,0.09,59076.92307692308,328.35223385304766
0.33,0.09,59076.92307692308,327.471007262076
0.35,0.09,59076.92307692308,326.44313861190955
0.37,0.09,59076.92307692308,325.26221334830706
0.39,0.09,59076.92307692308,323.9158645600801
0.01,0.11,59076.92307692308,324.0068823969426
0.03,0.11,59076.92307692308,325.53229852391894
0.05,0.11,59076.92307692308,326.8835753269865
0.07,0.11,59076.92307692308,328.0682742414716
0.09,0.11,59076.92307692308,329.08913392060015
0.11,0.11,59076.92307692308,329.9457564155219
0.13,0.11,59076.92307692308,330.63599796930976
0.15,0.11,59076.92307692308,331.1570388530049
0.17,0.11,59076.92307692308,331.5061615093724
0.19,0.11,59076.92307692308,331.6812827639394
0.21,0.11,59076.92307692308,331.6812827639394
0.23,0.11,59076.92307692308,331.5061615093724
0.25,0.11,59076.92307692308,331.1570388530049
0.27,0.11,59076.92307692308,330.6359979693097
0.29,0.11,59076.92307692308,329.9457564155218
0.31,0.11,59076.92307692308,329.08913392060003
0.33,0.11,59076.92307692308,328.0682742414715
0.35,0.11,59076.92307692308,326.8835753269864
0.37,0.11,59076.92307692308,325.5322985239188
0.39,0.11,59076.92307692308,324.00688239694256
0.01,0.13,59076.92307692308,324.0793679415441
0.03,0.13,59076.92307692308,325.747729610412
0.05,0.13,59076.92307692308,327.2357487824966
0.07,0.13,59076.92307692308,328.5471645153907
0.09,0.13,59076.92307692308,329.6815432403196
0.11,0.13,59076.92307692308,330.63599796930976
0.13,0.13,59076.92307692308,331.40649950754033
0.15,0.13,59076.92307692308,331.98884424358545
0.17,0.13,59076.92307692308,332.37934578038005
0.19,0.13,59076.92307692308,332.5753058702998
0.21,0.13,59076.92307692308,332.57530587029987
0.23,0.13,59076.92307692308,332.37934578038005
0.25,0.13,59076.92307692308,331.9888442435854
0.27,0.13,59076.92307692308,331.4064995075403
0.29,0.13,59076.92307692308,330.6359979693097
0.31,0.13,59076.92307692308,329.68154324031946
0.33,0.13,59076.92307692308,328.54716451539065
0.35,0.13,59076.92307692308,327.23574878249656
0.37,0.13,59076.92307692308,325.7477296104119
0.39,0.13,59076.92307692308,324.0793679415441
0.01,0.15,59076.92307692308,324.1337037382098
0.03,0.15,59076.92307692308,325.9093527130472
0.05,0.15,59076.92307692308,327.50032713131543
0.07,0.15,59076.92307692308,328.90753275276313
0.09,0.15,59076.92307692308,330.1280696890768
0.11,0.15,59076.92307692308,331.15703885300496
0.13,0.15,59076.92307692308,331.98884424358545
0.15,0.15,59076.92307692308,332.6181128169381
0.17,0.15,59076.92307692308,333.0403325986111
0.19,0.15,59076.92307692308,333.2522795910172
0.21,0.15,59076.92307692308,333.2522795910172
0.23,0.15,59076.92307692308,333.0403325986111
0.25,0.15,59076.92307692308,332.6181128169382
0.27,0.15,59076.92307692308,331.9888442435854
0.29,0.15,59076.92307692308,331.15703885300485
0.31,0.15,59076.92307692308,330.1280696890767
0.33,0.15,59076.92307692308,328.90753275276313
0.35,0.15,59076.92307692308,327.50032713131543
0.37,0.15,59076.92307692308,325.9093527130472
0.39,0.15,59076.92307692308,324.1337037382097
0.01,0.17,59076.92307692308,324.16996361360947
0.03,0.17,59076.92307692308,326.01725640483227
0.05,0.17,59076.92307692308,327.67710318034216
0.07,0.17,59076.92307692308,329.1485391112324
0.09,0.17,59076.92307692308,330.4269909708676
0.11,0.17,59076.92307692308,331.5061615093725
0.13,0.17,59076.92307692308,332.37934578038005
0.15,0.17,59076.92307692308,333.04033259861103
0.17,0.17,59076.92307692308,333.4840138245261
0.19,0.17,59076.92307692308,333.70678432575465
0.21,0.17,59076.92307692308,333.7067843257547
0.23,0.17,59076.92307692308,333.4840138245261
0.25,0.17,59076.92307692308,333.04033259861114
0.27,0.17,59076.92307692308,332.37934578038005
0.29,0.17,59076.92307692308,331.5061615093724
0.31,0.17,59076.92307692308,330.4269909708676
0.33,0.17,59076.92307692308,329.1485391112324
0.35,0.17,59076.92307692308,327.67710318034216
0.37,0.17,59076.92307692308,326.0172564048322
0.39,0.17,59076.92307692308,324.16996361360947
0.01,0.19,59076.92307692308,324.18811323456566
0.03,0.19,59076.92307692308,326.07127862552454
0.05,0.19,59076.92307692308,327.7656411849999
0.07,0.19,59076.92307692308,329.26930627883627
0.09,0.19,59076.92307692308,330.5768571925594
0.11,0.19,59076.92307692308,331.68128276393946
0.13,0.19,59076.92307692308,332.5753058702998
0.15,0.19,59076.92307692308,333.2522795910171
0.17,0.19,59076.92307692308,333.7067843257546
0.19,0.19,59076.92307692308,333.9350152601482
0.21,0.19,59076.92307692308,333.9350152601482
0.23,0.19,59076.92307692308,333.7067843257547
0.25,0.19,59076.92307692308,333.2522795910172
0.27,0.19,59076.92307692308,332.5753058702998
0.29,0.19,59076.92307692308,331.68128276393946
0.31,0.19,59076.92307692308,330.5768571925594
0.33,0.19,59076.92307692308,329.2693062788362
0.35,0.19,59076.92307692308,327.7656411849999
0.37,0.19,59076.92307692308,326.0712786255245
0.39,0.19,59076.92307692308,324.18811323456566
0.01,0.21,59076.92307692308,324.18811323456566
0.03,0.21,59076.92307692308,326.07127862552454
0.05,0.21,59076.92307692308,327.7656411849999
0.07,0.21,59076.92307692308,329.2693062788362
0.09,0.21,59076.92307692308,330.5768571925594
0.11,0.21,59076.92307692308,331.68128276393946
0.13,0.21,59076.92307692308,332.57530587029976
0.15,0.21,59076.92307692308,333.2522795910171
0.17,0.21,59076.92307692308,333.7067843257546
0.19,0.21,59076.92307692308,333.9350152601482
0.21,0.21,59076.92307692308,333.9350152601482
0.23,0.21,59076.92307692308,333.70678432575465
0.25,0.21,59076.92307692308,333.2522795910172
0.27,0.21,59076.92307692308,332.5753058702998
0.29,0.21,59076.92307692308,331.6812827639394
0.31,0.21,59076.92307692308,330.5768571925594
0.33,0.21,59076.92307692308,329.2693062788362
0.35,0.21,59076.92307692308,327.7656411849998
0.37,0.21,59076.92307692308,326.0712786255245
0.39,0.21,59076.92307692308,324.18811323456566
0.01,0.23,59076.92307692308,324.16996361360947
0.03,0.23,59076.92307692308,326.01725640483227
0.05,0.23,59076.92307692308,327.67710318034216
0.07,0.23,59076.92307692308,329.1485391112323
0.09,0.23,59076.92307692308,330.4269909708676
0.11,0.23,59076.92307692308,331.5061615093724
0.13,0.23,59076.92307692308,332.37934578038
0.15,0.23,59076.92307692308,333.040332598611
0.17,0.23,59076.92307692308,333.4840138245261
0.19,0.23,59076.92307692308,333.70678432575465
0.21,0.23,59076.92307692308,333.7067843257547
0.23,0.23,59076.92307692308,333.4840138245261
0.25,0.23,59076.92307692308,333.04033259861103
0.27,0.23,59076.92307692308,332.37934578038
0.29,0.23,59076.92307692308,331.5061615093724
0.31,0.23,59076.92307692308,330.4269909708676
0.33,0.23,59076.92307692308,329.1485391112323
0.35,0.23,59076.92307692308,327.67710318034204
0.37,0.23,59076.92307692308,326.0172564048321
0.39,0.23,59076.92307692308,324.1699636136093
0.01,0.25,59076.92307692308,324.1337037382099
0.03,0.25,59076.92307692308,325.90935271304727
0.05,0.25,59076.92307692308,327.5003271313155
0.07,0.25,59076.92307692308,328.9075327527632
0.09,0.25,59076.92307692308,330.1280696890767
0.11,0.25,59076.92307692308,331.1570388530049
0.13,0.25,59076.92307692308,331.9888442435854
0.15,0.25,59076.92307692308,332.6181128169381
0.17,0.25,59076.92307692308,333.04033259861103
0.19,0.25,59076.92307692308,333.2522795910171
0.21,0.25,59076.92307692308,333.2522795910172
0.23,0.25,59076.92307692308,333.04033259861103
0.25,0.25,59076.92307692308,332.6181128169381
0.27,0.25,59076.92307692308,331.9888442435854
0.29,0.25,59076.92307692308,331.1570388530049
0.31,0.25,59076.92307692308,330.12806968907665
0.33,0.25,59076.92307692308,328.9075327527631
0.35,0.25,59076.92307692308,327.5003271313154
0.37,0.25,59076.92307692308,325.9093527130472
0.39,0.25,59076.92307692308,324.1337037382097
0.01,0.27,59076.92307692308,324.0793679415441
0.03,0.27,59076.92307692308,325.7477296104121
0.05,0.27,59076.92307692308,327.23574878249667
0.07,0.27,59076.92307692308,328.5471645153908
0.09,0.27,59076.92307692308,329.6815432403196
0.11,0.27,59076.92307692308,330.6359979693097
0.13,0.27,59076.92307692308,331.4064995075402
0.15,0.27,59076.92307692308,331.98884424358533
0.17,0.27,59076.92307692308,332.37934578038
0.19,0.27,59076.92307692308,332.5753058702998
0.21,0.27,59076.92307692308,332.57530587029976
0.23,0.27,59076.92307692308,332.37934578038
0.25,0.27,59076.92307692308,331.98884424358533
0.27,0.27,59076.92307692308,331.4064995075402
0.29,0.27,59076.92307692308,330.6359979693097
0.31,0.27,59076.92307692308,329.68154324031946
0.33,0.27,59076.92307692308,328.54716451539065
0.35,0.27,59076.92307692308,327.2357487824966
0.37,0.27,59076.92307692308,325.747729610412
0.39,0.27,59076.92307692308,324.0793679415441
0.01,0.29,59076.92307692308,324.0068823969427
0.03,0.29,59076.92307692308,325.532298523919
0.05,0.29,59076.92307692308,326.88357532698654
0.07,0.29,59076.92307692308,328.06827424147167
0.09,0.29,59076.92307692308,329.0891339206001
0.11,0.29,59076.92307692308,329.94575641552177
0.13,0.29,59076.92307692308,330.63599796930964
0.15,0.29,59076.92307692308,331.1570388530048
0.17,0.29,59076.92307692308,331.5061615093724
0.19,0.29,59076.92307692308,331.6812827639394
0.21,0.29,59076.92307692308,331.6812827639393
0.23,0.29,59076.92307692308,331.5061615093724
0.25,0.29,59076.92307692308,331.15703885300485
0.27,0.29,59076.92307692308,330.63599796930964
0.29,0.29,59076.92307692308,329.9457564155218
0.31,0.29,59076.92307692308,329.0891339206001
0.33,0.29,59076.92307692308,328.0682742414716
0.35,0.29,59076.92307692308,326.8835753269865
0.37,0.29,59076.92307692308,325.5322985239189
0.39,0.29,59076.92307692308,324.00688239694256
0.01,0.31,59076.92307692308,323.91586456008014
0.03,0.31,59076.92307692308,325.2622133483071
0.05,0.31,59076.92307692308,326.44313861190966
0.07,0.31,59076.92307692308,327.4710072620761
0.09,0.31,59076.92307692308,328.3522338530477
0.11,0.31,59076.92307692308,329.08913392060003
0.13,0.31,59076.92307692308,329.68154324031946
0.15,0.31,59076.92307692308,330.1280696890766
0.17,0.31,59076.92307692308,330.42699097086745
0.19,0.31,59076.92307692308,330.57685719255926
0.21,0.31,59076.92307692308,330.5768571925593
0.23,0.31,59076.92307692308,330.4269909708675
0.25,0.31,59076.92307692308,330.1280696890766
0.27,0.31,59076.92307692308,329.68154324031946
0.29,0.31,59076.92307692308,329.0891339206001
0.31,0.31,59076.92307692308,328.3522338530478
0.33,0.31,59076.92307692308,327.47100726207617
0.35,0.31,59076.92307692308,326.44313861190966
0.37,0.31,59076.92307692308,325.2622133483071
0.39,0.31,59076.92307692308,323.9158645600801
0.01,0.33,59076.92307692308,323.8052279958548
0.03,0.33,59076.92307692308,324.9349515360985
0.05,0.33,59076.92307692308,325.91181495453714
0.07,0.33,59076.92307692308,326.75378984909406
0.09,0.33,59076.92307692308,327.4710072620761
0.11,0.33,59076.92307692308,328.0682742414716
0.13,0.33,59076.92307692308,328.5471645153906
0.15,0.33,59076.92307692308,328.907532752763
0.17,0.33,59076.92307692308,329.14853911123225
0.19,0.33,59076.92307692308,329.2693062788361
0.21,0.33,59076.92307692308,329.2693062788361
0.23,0.33,59076.92307692308,329.14853911123225
0.25,0.33,59076.92307692308,328.907532752763
0.27,0.33,59076.92307692308,328.54716451539065
0.29,0.33,59076.92307692308,328.0682742414716
0.31,0.33,59076.92307692308,327.47100726207617
0.33,0.33,59076.92307692308,326.7537898490942
0.35,0.33,59076.92307692308,325.91181495453714
0.37,0.33,59076.92307692308,324.9349515360985
0.39,0.33,59076.92307692308,323.8052279958548
0.01,0.35,59076.92307692308,323.67232111989614
0.03,0.35,59076.92307692308,324.5446024415122
0.05,0.35,59076.92307692308,325.2832602651035
0.07,0.35,59076.92307692308,325.9118149545371
0.09,0.35,59076.92307692308,326.4431386119096
0.11,0.35,59076.92307692308,326.88357532698643
0.13,0.35,59076.92307692308,327.23574878249656
0.15,0.35,59076.92307692308,327.5003271313153
0.17,0.35,59076.92307692308,327.67710318034204
0.19,0.35,59076.92307692308,327.76564118499977
0.21,0.35,59076.92307692308,327.76564118499977
0.23,0.35,59076.92307692308,327.67710318034204
0.25,0.35,59076.92307692308,327.5003271313154
0.27,0.35,59076.92307692308,327.2357487824966
0.29,0.35,59076.92307692308,326.88357532698654
0.31,0.35,59076.92307692308,326.44313861190966
0.33,0.35,59076.92307692308,325.91181495453714
0.35,0.35,59076.92307692308,325.2832602651035
0.37,0.35,59076.92307692308,324.54460244151227
0.39,0.35,59076.92307692308,323.6723211198961
0.01,0.37,59076.92307692308,323.51071627096746
0.03,0.37,59076.92307692308,324.0785328039233
0.05,0.37,59076.92307692308,324.5446024415122
0.07,0.37,59076.92307692308,324.9349515360984
0.09,0.37,59076.92307692308,325.2622133483071
0.11,0.37,59076.92307692308,325.5322985239189
0.13,0.37,59076.92307692308,325.747729610412
0.15,0.37,59076.92307692308,325.9093527130472
0.17,0.37,59076.92307692308,326.0172564048322
0.19,0.37,59076.92307692308,326.0712786255245
0.21,0.37,59076.92307692308,326.0712786255245
0.23,0.37,59076.92307692308,326.0172564048322
0.25,0.37,59076.92307692308,325.9093527130472
0.27,0.37,59076.92307692308,325.747729610412
0.29,0.37,59076.92307692308,325.53229852391894
0.31,0.37,59076.92307692308,325.2622133483071
0.33,0.37,59076.92307692308,324.9349515360985
0.35,0.37,59076.92307692308,324.54460244151227
0.37,0.37,59076.92307692308,324.0785328039233
0.39,0.37,59076.92307692308,323.51071627096746
0.01,0.39,59076.92307692308,323.30331836486164
0.03,0.39,59076.92307692308,323.51071627096746
0.05,0.39,59076.92307692308,323.6723211198961
0.07,0.39,59076.92307692308,323.8052279958548
0.09,0.39,59076.92307692308,323.9158645600801
0.11,0.39,59076.92307692308,324.00688239694256
0.13,0.39,59076.92307692308,324.0793679415441
0.15,0.39,59076.92307692308,324.1337037382097
0.17,0.39,59076.92307692308,324.1699636136094
0.19,0.39,59076.92307692308,324.18811323456566
0.21,0.39,59076.92307692308,324.1881132345656
0.23,0.39,59076.92307692308,324.1699636136094
0.25,0.39,59076.92307692308,324.13370373820976
0.27,0.39,59076.92307692308,324.0793679415441
0.29,0.39,59076.92307692308,324.00688239694256
0.31,0.39,59076.92307692308,323.9158645600801
0.33,0.39,59076.92307692308,323.8052279958548
0.35,0.39,59076.92307692308,323.67232111989614
0.37,0.39,59076.92307692308,323.51071627096746
0.39,0.39,59076.92307692308,323.3033183648617
0.01,0.01,60923.07692307692,323.2953659105177
0.03,0.01,60923.07692307692,323.4908908694263
0.05,0.01,60923.07692307692,323.6426099975455
0.07,0.01,60923.07692307692,323.7670229234281
0.09,0.01,60923.07692307692,323.8703776722849
0.11,0.01,60923.07692307692,323.95528424006346
0.13,0.01,60923.07692307692,324.0228369694935
0.15,0.01,60923.07692307692,324.0734421842319
0.17,0.01,60923.07692307692,324.10719870553964
0.19,0.01,60923.07692307692,324.1240914943739
0.21,0.01,60923.07692307692,324.1240914943739
0.23,0.01,60923.07692307692,324.10719870553964
0.25,0.01,60923.07692307692,324.07344218423185
0.27,0.01,60923.07692307692,324.02283696949337
0.29,0.01,60923.07692307692,323.9552842400633
0.31,0.01,60923.07692307692,323.8703776722849
0.33,0.01,60923.07692307692,323.76702292342804
0.35,0.01,60923.07692307692,323.6426099975455
0.37,0.01,60923.07692307692,323.49089086942627
0.39,0.01,60923.07692307692,323.2953659105177
0.01,0.03,60923.07692307692,323.4908908694263
0.03,0.03,60923.07692307692,324.0253699984461
0.05,0.03,60923.07692307692,324.4626315499159
0.07,0.03,60923.07692307692,324.82792796235526
0.09,0.03,60923.07692307692,325.1336181610372
0.11,0.03,60923.07692307692,325.3855671341853
0.13,0.03,60923.07692307692,325.5863477784681
0.15,0.03,60923.07692307692,325.7368870705237
0.17,0.03,60923.07692307692,325.83735190115027
0.19,0.03,60923.07692307692,325.8876391108074
0.21,0.03,60923.07692307692,325.88763911080736
0.23,0.03,60923.07692307692,325.83735190115016
0.25,0.03,60923.07692307692,325.73688707052355
0.27,0.03,60923.07692307692,325.586347778468
0.29,0.03,60923.07692307692,325.3855671341851
0.31,0.03,60923.07692307692,325.13361816103713
0.33,0.03,60923.07692307692,324.8279279623552
0.35,0.03,60923.07692307692,324.4626315499159
0.37,0.03,60923.07692307692,324.0253699984461
0.39,0.03,60923.07692307692,323.49089086942627
0.01,0.05,60923.07692307692,323.6426099975455
0.03,0.05,60923.07692307692,324.4626315499159
0.05,0.05,60923.07692307692,325.1551268321634
0.07,0.05,60923.07692307692,325.7431165093185
0.09,0.05,60923.07692307692,326.2393357937274
0.11,0.05,60923.07692307692,326.6501849093306
0.13,0.05,60923.07692307692,326.9784269775681
0.15,0.05,60923.07692307692,327.2248880730997
0.17,0.05,60923.07692307692,327.389500706989
0.19,0.05,60923.07692307692,327.4719305680029
0.21,0.05,60923.07692307692,327.47193056800285
0.23,0.05,60923.07692307692,327.3895007069889
0.25,0.05,60923.07692307692,327.22488807309963
0.27,0.05,60923.07692307692,326.97842697756806
0.29,0.05,60923.07692307692,326.6501849093305
0.31,0.05,60923.07692307692,326.23933579372726
0.33,0.05,60923.07692307692,325.74311650931844
0.35,0.05,60923.07692307692,325.15512683216326
0.37,0.05,60923.07692307692,324.46263154991584
0.39,0.05,60923.07692307692,323.64260999754543
0.01,0.07,60923.07692307692,323.7670229234281
0.03,0.07,60923.07692307692,324.82792796235526
0.05,0.07,60923.07692307692,325.7431165093185
0.07,0.07,60923.07692307692,326.5304446029475
0.09,0.07,60923.07692307692,327.20015143652023
0.11,0.07,60923.07692307692,327.7572701632774
0.13,0.07,60923.07692307692,328.20363995570904
0.15,0.07,60923.07692307692,328.5393685484643
0.17,0.07,60923.07692307692,328.7638252220637
0.19,0.07,60923.07692307692,328.87627976523646
0.21,0.07,60923.07692307692,328.87627976523646
0.23,0.07,60923.07692307692,328.76382522206376
0.25,0.07,60923.07692307692,328.5393685484643
0.27,0.07,60923.07692307692,328.2036399557089
0.29,0.07,60923.07692307692,327.75727016327727
0.31,0.07,60923.07692307692,327.2001514365201
0.33,0.07,60923.07692307692,326.53044460294745
0.35,0.07,60923.07692307692,325.74311650931844
0.37,0.07,60923.07692307692,324.8279279623552
0.39,0.07,60923.07692307692,323.76702292342804
0.01,0.09,60923.07692307692,323.8703776722849
0.03,0.09,60923.07692307692,325.13361816103725
0.05,0.09,60923.07692307692,326.2393357937274
0.07,0.09,60923.07692307692,327.20015143652023
0.09,0.09,60923.07692307692,328.02285646484086
0.11,0.09,60923.07692307692,328.71018757743286
0.13,0.09,60923.07692307692,329.26238891162586
0.15,0.09,60923.07692307692,329.6784256947107
0.17,0.09,60923.07692307692,329.956858230785
0.19,0.09,60923.07692307692,330.09643079143103
0.21,0.09,60923.07692307692,330.096430791431
0.23,0.09,60923.07692307692,329.95685823078503
0.25,0.09,60923.07692307692,329.6784256947107
0.27,0.09,60923.07692307692,329.26238891162586
0.29,0.09,60923.07692307692,328.71018757743286
0.31,0.09,60923.07692307692,328.02285646484074
0.33,0.09,60923.07692307692,327.2001514365202
0.35,0.09,60923.07692307692,326.23933579372726
0.37,0.09,60923.07692307692,325.13361816103713
0.39,0.09,60923.07692307692,323.8703776722848
0.01,0.11,60923.07692307692,323.95528424006346
0.03,0.11,60923.07692307692,325.38556713418524
0.05,0.11,60923.07692307692,326.6501849093306
0.07,0.11,60923.07692307692,327.75727016327744
0.09,0.11,60923.07692307692,328.7101875774329
0.11,0.11,60923.07692307692,329.50914964996525
0.13,0.11,60923.07692307692,330.1525620491861
0.15,0.11,60923.07692307692,330.63806523317413
0.17,0.11,60923.07692307692,330.96329605847603
0.19,0.11,60923.07692307692,331.12641105561454
0.21,0.11,60923.07692307692,331.12641105561454
0.23,0.11,60923.07692307692,330.96329605847603
0.25,0.11,60923.07692307692,330.6380652331742
0.27,0.11,60923.07692307692,330.1525620491861
0.29,0.11,60923.07692307692,329.5091496499652
0.31,0.11,60923.07692307692,328.7101875774328
0.33,0.11,60923.07692307692,327.7572701632773
0.35,0.11,60923.07692307692,326.6501849093305
0.37,0.11,60923.07692307692,325.3855671341852
0.39,0.11,60923.07692307692,323.9552842400633
0.01,0.13,60923.07692307692,324.0228369694934
0.03,0.13,60923.07692307692,325.58634777846805
0.05,0.13,60923.07692307692,326.9784269775681
0.07,0.13,60923.07692307692,328.203639955709
0.09,0.13,60923.07692307692,329.26238891162586
0.11,0.13,60923.07692307692,330.1525620491861
0.13,0.13,60923.07692307692,330.8708048524249
0.15,0.13,60923.07692307692,331.41346602127953
0.17,0.13,60923.07692307692,331.77727802001993
0.19,0.13,60923.07692307692,331.95982311369204
0.21,0.13,60923.07692307692,331.95982311369204
0.23,0.13,60923.07692307692,331.77727802001993
0.25,0.13,60923.07692307692,331.41346602127953
0.27,0.13,60923.07692307692,330.8708048524249
0.29,0.13,60923.07692307692,330.1525620491861
0.31,0.13,60923.07692307692,329.2623889116258
0.33,0.13,60923.07692307692,328.203639955709
0.35,0.13,60923.07692307692,326.97842697756806
0.37,0.13,60923.07692307692,325.586347778468
0.39,0.13,60923.07692307692,324.0228369694934
0.01,0.15,60923.07692307692,324.07344218423185
0.03,0.15,60923.07692307692,325.7368870705236
0.05,0.15,60923.07692307692,327.22488807309963
0.07,0.15,60923.07692307692,328.5393685484643
0.09,0.15,60923.07692307692,329.6784256947107
0.11,0.15,60923.07692307692,330.6380652331742
0.13,0.15,60923.07692307692,331.41346602127953
0.15,0.15,60923.07692307692,331.9998817541063
0.17,0.15,60923.07692307692,332.393271650931
0.19,0.15,60923.07692307692,332.59072542755405
0.21,0.15,60923.07692307692,332.59072542755405
0.23,0.15,60923.07692307692,332.393271650931
0.25,0.15,60923.07692307692,331.99988175410635
0.27,0.15,60923.07692307692,331.41346602127953
0.29,0.15,60923.07692307692,330.6380652331742
0.31,0.15,60923.07692307692,329.6784256947107
0.33,0.15,60923.07692307692,328.5393685484643
0.35,0.15,60923.07692307692,327.2248880730997
0.37,0.15,60923.07692307692,325.73688707052355
0.39,0.15,60923.07692307692,324.07344218423185
0.01,0.17,60923.07692307692,324.10719870553964
0.03,0.17,60923.07692307692,325.83735190115016
0.05,0.17,60923.07692307692,327.3895007069889
0.07,0.17,60923.07692307692,328.76382522206376
0.09,0.17,60923.07692307692,329.95685823078503
0.11,0.17,60923.07692307692,330.9632960584761
0.13,0.17,60923.07692307692,331.77727802001993
0.15,0.17,60923.07692307692,332.39327165093096
0.17,0.17,60923.07692307692,332.8066767376866
0.19,0.17,60923.07692307692,333.01422522674966
0.21,0.17,60923.07692307692,333.01422522674966
0.23,0.17,60923.07692307692,332.8066767376866
0.25,0.17,60923.07692307692,332.393271650931
0.27,0.17,60923.07692307692,331.7772780200199
0.29,0.17,60923.07692307692,330.9632960584761
0.31,0.17,60923.07692307692,329.9568582307851
0.33,0.17,60923.07692307692,328.7638252220638
0.35,0.17,60923.07692307692,327.389500706989
0.37,0.17,60923.07692307692,325.8373519011502
0.39,0.17,60923.07692307692,324.10719870553964
0.01,0.19,60923.07692307692,324.12409149437383
0.03,0.19,60923.07692307692,325.8876391108073
0.05,0.19,60923.07692307692,327.4719305680028
0.07,0.19,60923.07692307692,328.87627976523646
0.09,0.19,60923.07692307692,330.09643079143103
0.11,0.19,60923.07692307692,331.12641105561454
0.13,0.19,60923.07692307692,331.959823113692
0.15,0.19,60923.07692307692,332.590725427554
0.17,0.19,60923.07692307692,333.0142252267496
0.19,0.19,60923.07692307692,333.22686682447016
0.21,0.19,60923.07692307692,333.2268668244701
0.23,0.19,60923.07692307692,333.0142252267496
0.25,0.19,60923.07692307692,332.590725427554
0.27,0.19,60923.07692307692,331.959823113692
0.29,0.19,60923.07692307692,331.1264110556146
0.31,0.19,60923.07692307692,330.09643079143103
0.33,0.19,60923.07692307692,328.8762797652365
0.35,0.19,60923.07692307692,327.4719305680029
0.37,0.19,60923.07692307692,325.8876391108074
0.39,0.19,60923.07692307692,324.1240914943739
0.01,0.21,60923.07692307692,324.1240914943739
0.03,0.21,60923.07692307692,325.88763911080736
0.05,0.21,60923.07692307692,327.4719305680028
0.07,0.21,60923.07692307692,328.87627976523646
0.09,0.21,60923.07692307692,330.09643079143103
0.11,0.21,60923.07692307692,331.1264110556145
0.13,0.21,60923.07692307692,331.959823113692
0.15,0.21,60923.07692307692,332.59072542755405
0.17,0.21,60923.07692307692,333.0142252267496
0.19,0.21,60923.07692307692,333.22686682447016
0.21,0.21,60923.07692307692,333.2268668244701
0.23,0.21,60923.07692307692,333.0142252267496
0.25,0.21,60923.07692307692,332.590725427554
0.27,0.21,60923.07692307692,331.959823113692
0.29,0.21,60923.07692307692,331.12641105561454
0.31,0.21,60923.07692307692,330.09643079143103
0.33,0.21,60923.07692307692,328.8762797652365
0.35,0.21,60923.07692307692,327.4719305680029
0.37,0.21,60923.07692307692,325.88763911080736
0.39,0.21,60923.07692307692,324.1240914943739
0.01,0.23,60923.07692307692,324.10719870553964
0.03,0.23,60923.07692307692,325.8373519011502
0.05,0.23,60923.07692307692,327.38950070698894
0.07,0.23,60923.07692307692,328.76382522206376
0.09,0.23,60923.07692307692,329.95685823078503
0.11,0.23,60923.07692307692,330.963296058476
0.13,0.23,60923.07692307692,331.7772780200199
0.15,0.23,60923.07692307692,332.39327165093096
0.17,0.23,60923.07692307692,332.80667673768653
0.19,0.23,60923.07692307692,333.0142252267496
0.21,0.23,60923.07692307692,333.0142252267496
0.23,0.23,60923.07692307692,332.8066767376865
0.25,0.23,60923.07692307692,332.39327165093084
0.27,0.23,60923.07692307692,331.7772780200198
0.29,0.23,60923.07692307692,330.963296058476
0.31,0.23,60923.07692307692,329.95685823078503
0.33,0.23,60923.07692307692,328.76382522206376
0.35,0.23,60923.07692307692,327.3895007069889
0.37,0.23,60923.07692307692,325.83735190115016
0.39,0.23,60923.07692307692,324.10719870553964
0.01,0.25,60923.07692307692,324.07344218423185
0.03,0.25,60923.07692307692,325.73688707052366
0.05,0.25,60923.07692307692,327.2248880730997
0.07,0.25,60923.07692307692,328.5393685484643
0.09,0.25,60923.07692307692,329.6784256947107
0.11,0.25,60923.07692307692,330.63806523317413
0.13,0.25,60923.07692307692,331.41346602127953
0.15,0.25,60923.07692307692,331.9998817541063
0.17,0.25,60923.07692307692,332.3932716509309
0.19,0.25,60923.07692307692,332.59072542755393
0.21,0.25,60923.07692307692,332.59072542755393
0.23,0.25,60923.07692307692,332.39327165093084
0.25,0.25,60923.07692307692,331.9998817541062
0.27,0.25,60923.07692307692,331.4134660212795
0.29,0.25,60923.07692307692,330.63806523317413
0.31,0.25,60923.07692307692,329.67842569471065
0.33,0.25,60923.07692307692,328.53936854846427
0.35,0.25,60923.07692307692,327.2248880730996
0.37,0.25,60923.07692307692,325.73688707052355
0.39,0.25,60923.07692307692,324.0734421842318
0.01,0.27,60923.07692307692,324.0228369694934
0.03,0.27,60923.07692307692,325.58634777846805
0.05,0.27,60923.07692307692,326.9784269775681
0.07,0.27,60923.07692307692,328.203639955709
0.09,0.27,60923.07692307692,329.2623889116258
0.11,0.27,60923.07692307692,330.15256204918603
0.13,0.27,60923.07692307692,330.8708048524249
0.15,0.27,60923.07692307692,331.41346602127953
0.17,0.27,60923.07692307692,331.7772780200199
0.19,0.27,60923.07692307692,331.959823113692
0.21,0.27,60923.07692307692,331.959823113692
0.23,0.27,60923.07692307692,331.77727802001976
0.25,0.27,60923.07692307692,331.4134660212794
0.27,0.27,60923.07692307692,330.87080485242484
0.29,0.27,60923.07692307692,330.15256204918603
0.31,0.27,60923.07692307692,329.2623889116258
0.33,0.27,60923.07692307692,328.2036399557089
0.35,0.27,60923.07692307692,326.978426977568
0.37,0.27,60923.07692307692,325.586347778468
0.39,0.27,60923.07692307692,324.0228369694934
0.01,0.29,60923.07692307692,323.9552842400634
0.03,0.29,60923.07692307692,325.38556713418524
0.05,0.29,60923.07692307692,326.65018490933056
0.07,0.29,60923.07692307692,327.7572701632773
0.09,0.29,60923.07692307692,328.7101875774328
0.11,0.29,60923.07692307692,329.50914964996514
0.13,0.29,60923.07692307692,330.1525620491861
0.15,0.29,60923.07692307692,330.6380652331742
0.17,0.29,60923.07692307692,330.96329605847603
0.19,0.29,60923.07692307692,331.1264110556145
0.21,0.29,60923.07692307692,331.1264110556145
0.23,0.29,60923.07692307692,330.9632960584759
0.25,0.29,60923.07692307692,330.638065233174
0.27,0.29,60923.07692307692,330.152562049186
0.29,0.29,60923.07692307692,329.50914964996514
0.31,0.29,60923.07692307692,328.7101875774328
0.33,0.29,60923.07692307692,327.7572701632773
0.35,0.29,60923.07692307692,326.65018490933056
0.37,0.29,60923.07692307692,325.3855671341852
0.39,0.29,60923.07692307692,323.9552842400634
0.01,0.31,60923.07692307692,323.87037767228486
0.03,0.31,60923.07692307692,325.1336181610372
0.05,0.31,60923.07692307692,326.2393357937273
0.07,0.31,60923.07692307692,327.2001514365202
0.09,0.31,60923.07692307692,328.0228564648407
0.11,0.31,60923.07692307692,328.7101875774328
0.13,0.31,60923.07692307692,329.26238891162586
0.15,0.31,60923.07692307692,329.6784256947107
0.17,0.31,60923.07692307692,329.95685823078503
0.19,0.31,60923.07692307692,330.096430791431
0.21,0.31,60923.07692307692,330.0964307914309
0.23,0.31,60923.07692307692,329.9568582307849
0.25,0.31,60923.07692307692,329.6784256947106
0.27,0.31,60923.07692307692,329.2623889116257
0.29,0.31,60923.07692307692,328.71018757743275
0.31,0.31,60923.07692307692,328.0228564648407
0.33,0.31,60923.07692307692,327.2001514365202
0.35,0.31,60923.07692307692,326.2393357937273
0.37,0.31,60923.07692307692,325.13361816103713
0.39,0.31,60923.07692307692,323.87037767228486
0.01,0.33,60923.07692307692,323.7670229234281
0.03,0.33,60923.07692307692,324.8279279623552
0.05,0.33,60923.07692307692,325.7431165093185
0.07,0.33,60923.07692307692,326.53044460294745
0.09,0.33,60923.07692307692,327.2001514365202
0.11,0.33,60923.07692307692,327.7572701632773
0.13,0.33,60923.07692307692,328.203639955709
0.15,0.33,60923.07692307692,328.5393685484643
0.17,0.33,60923.07692307692,328.7638252220637
0.19,0.33,60923.07692307692,328.87627976523646
0.21,0.33,60923.07692307692,328.8762797652364
0.23,0.33,60923.07692307692,328.76382522206364
0.25,0.33,60923.07692307692,328.5393685484642
0.27,0.33,60923.07692307692,328.2036399557089
0.29,0.33,60923.07692307692,327.75727016327727
0.31,0.33,60923.07692307692,327.2001514365201
0.33,0.33,60923.07692307692,326.5304446029474
0.35,0.33,60923.07692307692,325.74311650931844
0.37,0.33,60923.07692307692,324.82792796235515
0.39,0.33,60923.07692307692,323.76702292342804
0.01,0.35,60923.07692307692,323.64260999754543
0.03,0.35,60923.07692307692,324.46263154991584
0.05,0.35,60923.07692307692,325.1551268321633
0.07,0.35,60923.07692307692,325.74311650931844
0.09,0.35,60923.07692307692,326.2393357937273
0.11,0.35,60923.07692307692,326.65018490933056
0.13,0.35,60923.07692307692,326.97842697756806
0.15,0.35,60923.07692307692,327.22488807309963
0.17,0.35,60923.07692307692,327.3895007069889
0.19,0.35,60923.07692307692,327.4719305680028
0.21,0.35,60923.07692307692,327.47193056800273
0.23,0.35,60923.07692307692,327.3895007069888
0.25,0.35,60923.07692307692,327.2248880730996
0.27,0.35,60923.07692307692,326.978426977568
0.29,0.35,60923.07692307692,326.6501849093305
0.31,0.35,60923.07692307692,326.23933579372726
0.33,0.35,60923.07692307692,325.74311650931844
0.35,0.35,60923.07692307692,325.15512683216326
0.37,0.35,60923.07692307692,324.46263154991584
0.39,0.35,60923.07692307692,323.64260999754543
0.01,0.37,60923.07692307692,323.49089086942627
0.03,0.37,60923.07692307692,324.025369998446
0.05,0.37,60923.07692307692,324.46263154991584
0.07,0.37,60923.07692307692,324.8279279623552
0.09,0.37,60923.07692307692,325.1336181610372
0.11,0.37,60923.07692307692,325.38556713418524
0.13,0.37,60923.07692307692,325.58634777846805
0.15,0.37,60923.07692307692,325.7368870705236
0.17,0.37,60923.07692307692,325.8373519011502
0.19,0.37,60923.07692307692,325.88763911080736
0.21,0.37,60923.07692307692,325.8876391108073
0.23,0.37,60923.07692307692,325.83735190115016
0.25,0.37,60923.07692307692,325.73688707052355
0.27,0.37,60923.07692307692,325.58634777846805
0.29,0.37,60923.07692307692,325.3855671341852
0.31,0.37,60923.07692307692,325.13361816103713
0.33,0.37,60923.07692307692,324.82792796235515
0.35,0.37,60923.07692307692,324.46263154991584
0.37,0.37,60923.07692307692,324.025369998446
0.39,0.37,60923.07692307692,323.4908908694263
0.01,0.39,60923.07692307692,323.29536591051766
0.03,0.39,60923.07692307692,323.49089086942627
0.05,0.39,60923.07692307692,323.64260999754543
0.07,0.39,60923.07692307692,323.7670229234281
0.09,0.39,60923.07692307692,323.8703776722849
0.11,0.39,60923.07692307692,323.9552842400634
0.13,0.39,60923.07692307692,324.0228369694934
0.15,0.39,60923.07692307692,324.07344218423185
0.17,0.39,60923.07692307692,324.10719870553964
0.19,0.39,60923.07692307692,324.1240914943739
0.21,0.39,60923.07692307692,324.1240914943739
0.23,0.39,60923.07692307692,324.10719870553964
0.25,0.39,60923.07692307692,324.07344218423185
0.27,0.39,60923.07692307692,324.0228369694935
0.29,0.39,60923.07692307692,323.9552842400634
0.31,0.39,60923.07692307692,323.87037767228486
0.33,0.39,60923.07692307692,323.76702292342804
0.35,0.39,60923.07692307692,323.64260999754543
0.37,0.39,60923.07692307692,323.4908908694263
0.39,0.39,60923.07692307692,323.29536591051766
0.01,0.01,62769.23076923077,323.28797449923775
0.03,0.01,62769.23076923077,323.4724782485389
0.05,0.01,62769.23076923077,323.6150250834792
0.07,0.01,62769.23076923077,323.7315566220734
0.09,0.01,62769.23076923077,323.82815240742235
0.11,0.01,62769.23076923077,323.90738382606605
0.13,0.01,62769.23076923077,323.9703534605771
0.15,0.01,62769.23076923077,324.0174909919099
0.17,0.01,62769.23076923077,324.0489197320694
0.19,0.01,62769.23076923077,324.0646435675977
0.21,0.01,62769.23076923077,324.0646435675977
0.23,0.01,62769.23076923077,324.0489197320693
0.25,0.01,62769.23076923077,324.01749099190977
0.27,0.01,62769.23076923077,323.97035346057703
0.29,0.01,62769.23076923077,323.907383826066
0.31,0.01,62769.23076923077,323.8281524074223
0.33,0.01,62769.23076923077,323.7315566220734
0.35,0.01,62769.23076923077,323.6150250834792
0.37,0.01,62769.23076923077,323.47247824853895
0.39,0.01,62769.23076923077,323.28797449923775
0.01,0.03,62769.23076923077,323.47247824853895
0.03,0.03,62769.23076923077,323.9760185587187
0.05,0.03,62769.23076923077,324.386550873311
0.07,0.03,62769.23076923077,324.72859888211684
0.09,0.03,62769.23076923077,325.01426324173394
0.11,0.03,62769.23076923077,325.24936715619674
0.13,0.03,62769.23076923077,325.4365332574408
0.15,0.03,62769.23076923077,325.57676760861625
0.17,0.03,62769.23076923077,325.6703137604767
0.19,0.03,62769.23076923077,325.71712632495075
0.21,0.03,62769.23076923077,325.71712632495075
0.23,0.03,62769.23076923077,325.6703137604767
0.25,0.03,62769.23076923077,325.5767676086162
0.27,0.03,62769.23076923077,325.4365332574407
0.29,0.03,62769.23076923077,325.24936715619674
0.31,0.03,62769.23076923077,325.0142632417339
0.33,0.03,62769.23076923077,324.7285988821167
0.35,0.03,62769.23076923077,324.38655087331097
0.37,0.03,62769.23076923077,323.9760185587187
0.39,0.03,62769.23076923077,323.47247824853895
0.01,0.05,62769.23076923077,323.6150250834792
0.03,0.05,62769.23076923077,324.3865508733111
0.05,0.05,62769.23076923077,325.03621146969147
0.07,0.05,62769.23076923077,325.5865510371749
0.09,0.05,62769.23076923077,326.0501738506694
0.11,0.05,62769.23076923077,326.43353433054364
0.13,0.05,62769.23076923077,326.7395306109417
0.15,0.05,62769.23076923077,326.9691423616918
0.17,0.05,62769.23076923077,327.12243853330534
0.19,0.05,62769.23076923077,327.1991842046029
0.21,0.05,62769.23076923077,327.19918420460283
0.23,0.05,62769.23076923077,327.1224385333053
0.25,0.05,62769.23076923077,326.9691423616917
0.27,0.05,62769.23076923077,326.7395306109417
0.29,0.05,62769.23076923077,326.4335343305435
0.31,0.05,62769.23076923077,326.05017385066924
0.33,0.05,62769.23076923077,325.5865510371748
0.35,0.05,62769.23076923077,325.0362114696913
0.37,0.05,62769.23076923077,324.38655087331097
0.39,0.05,62769.23076923077,323.6150250834792
0.01,0.07,62769.23076923077,323.73155662207347
0.03,0.07,62769.23076923077,324.7285988821169
0.05,0.07,62769.23076923077,325.58655103717496
0.07,0.07,62769.23076923077,326.3231480835143
0.09,0.07,62769.23076923077,326.9487265078551
0.11,0.07,62769.23076923077,327.46853358051874
0.13,0.07,62769.23076923077,327.8846633811578
0.15,0.07,62769.23076923077,328.1974686980135
0.17,0.07,62769.23076923077,328.40652253361634
0.19,0.07,62769.23076923077,328.5112385956213
0.21,0.07,62769.23076923077,328.5112385956213
0.23,0.07,62769.23076923077,328.40652253361634
0.25,0.07,62769.23076923077,328.1974686980135
0.27,0.07,62769.23076923077,327.8846633811578
0.29,0.07,62769.23076923077,327.4685335805186
0.31,0.07,62769.23076923077,326.9487265078549
0.33,0.07,62769.23076923077,326.3231480835141
0.35,0.07,62769.23076923077,325.5865510371748
0.37,0.07,62769.23076923077,324.7285988821168
0.39,0.07,62769.23076923077,323.7315566220734
0.01,0.09,62769.23076923077,323.82815240742235
0.03,0.09,62769.23076923077,325.01426324173406
0.05,0.09,62769.23076923077,326.05017385066947
0.07,0.09,62769.23076923077,326.9487265078551
0.09,0.09,62769.23076923077,327.7170605747301
0.11,0.09,62769.23076923077,328.358310388476
0.13,0.09,62769.23076923077,328.8731107006053
0.15,0.09,62769.23076923077,329.260771719065
0.17,0.09,62769.23076923077,329.5201284435179
0.19,0.09,62769.23076923077,329.6501148086151
0.21,0.09,62769.23076923077,329.6501148086151
0.23,0.09,62769.23076923077,329.5201284435179
0.25,0.09,62769.23076923077,329.260771719065
0.27,0.09,62769.23076923077,328.8731107006053
0.29,0.09,62769.23076923077,328.358310388476
0.31,0.09,62769.23076923077,327.71706057472994
0.33,0.09,62769.23076923077,326.94872650785493
0.35,0.09,62769.23076923077,326.0501738506693
0.37,0.09,62769.23076923077,325.01426324173394
0.39,0.09,62769.23076923077,323.8281524074223
0.01,0.11,62769.23076923077,323.90738382606605
0.03,0.11,62769.23076923077,325.2493671561968
0.05,0.11,62769.23076923077,326.43353433054364
0.07,0.11,62769.23076923077,327.4685335805188
0.09,0.11,62769.23076923077,328.35831038847607
0.11,0.11,62769.23076923077,329.10365306711896
0.13,0.11,62769.23076923077,329.70349176141906
0.15,0.11,62769.23076923077,330.1559102944233
0.17,0.11,62769.23076923077,330.4588894372841
0.19,0.11,62769.23076923077,330.61081954305115
0.21,0.11,62769.23076923077,330.61081954305115
0.23,0.11,62769.23076923077,330.4588894372841
0.25,0.11,62769.23076923077,330.15591029442334
0.27,0.11,62769.23076923077,329.70349176141906
0.29,0.11,62769.23076923077,329.10365306711896
0.31,0.11,62769.23076923077,328.358310388476
0.33,0.11,62769.23076923077,327.4685335805186
0.35,0.11,62769.23076923077,326.4335343305436
0.37,0.11,62769.23076923077,325.24936715619674
0.39,0.11,62769.23076923077,323.907383826066
0.01,0.13,62769.23076923077,323.97035346057703
0.03,0.13,62769.23076923077,325.4365332574408
0.05,0.13,62769.23076923077,326.73953061094176
0.07,0.13,62769.23076923077,327.88466338115785
0.09,0.13,62769.23076923077,328.8731107006053
0.11,0.13,62769.23076923077,329.70349176141906
0.13,0.13,62769.23076923077,330.3730953809706
0.15,0.13,62769.23076923077,330.87880169864934
0.17,0.13,62769.23076923077,331.21774913700915
0.19,0.13,62769.23076923077,331.3877932934667
0.21,0.13,62769.23076923077,331.3877932934667
0.23,0.13,62769.23076923077,331.2177491370091
0.25,0.13,62769.23076923077,330.87880169864934
0.27,0.13,62769.23076923077,330.37309538097054
0.29,0.13,62769.23076923077,329.70349176141906
0.31,0.13,62769.23076923077,328.8731107006053
0.33,0.13,62769.23076923077,327.8846633811578
0.35,0.13,62769.23076923077,326.73953061094164
0.37,0.13,62769.23076923077,325.4365332574407
0.39,0.13,62769.23076923077,323.97035346057703
0.01,0.15,62769.23076923077,324.0174909919098
0.03,0.15,62769.23076923077,325.5767676086162
0.05,0.15,62769.23076923077,326.9691423616917
0.07,0.15,62769.23076923077,328.1974686980135
0.09,0.15,62769.23076923077,329.260771719065
0.11,0.15,62769.23076923077,330.1559102944233
0.13,0.15,62769.23076923077,330.87880169864934
0.15,0.15,62769.23076923077,331.4253022054783
0.17,0.15,62769.23076923077,331.7918273411215
0.19,0.15,62769.23076923077,331.9757722690839
0.21,0.15,62769.23076923077,331.9757722690839
0.23,0.15,62769.23076923077,331.7918273411216
0.25,0.15,62769.23076923077,331.4253022054783
0.27,0.15,62769.23076923077,330.87880169864934
0.29,0.15,62769.23076923077,330.1559102944233
0.31,0.15,62769.23076923077,329.260771719065
0.33,0.15,62769.23076923077,328.19746869801344
0.35,0.15,62769.23076923077,326.9691423616917
0.37,0.15,62769.23076923077,325.5767676086162
0.39,0.15,62769.23076923077,324.0174909919098
0.01,0.17,62769.23076923077,324.0489197320694
0.03,0.17,62769.23076923077,325.67031376047663
0.05,0.17,62769.23076923077,327.1224385333052
0.07,0.17,62769.23076923077,328.4065225336163
0.09,0.17,62769.23076923077,329.5201284435178
0.11,0.17,62769.23076923077,330.4588894372841
0.13,0.17,62769.23076923077,331.21774913700915
0.15,0.17,62769.23076923077,331.7918273411215
0.17,0.17,62769.23076923077,332.17701547265034
0.19,0.17,62769.23076923077,332.3703735159493
0.21,0.17,62769.23076923077,332.3703735159493
0.23,0.17,62769.23076923077,332.1770154726504
0.25,0.17,62769.23076923077,331.7918273411215
0.27,0.17,62769.23076923077,331.2177491370091
0.29,0.17,62769.23076923077,330.45888943728414
0.31,0.17,62769.23076923077,329.5201284435178
0.33,0.17,62769.23076923077,328.40652253361634
0.35,0.17,62769.23076923077,327.1224385333052
0.37,0.17,62769.23076923077,325.67031376047663
0.39,0.17,62769.23076923077,324.0489197320693
0.01,0.19,62769.23076923077,324.0646435675978
0.03,0.19,62769.23076923077,325.7171263249507
0.05,0.19,62769.23076923077,327.1991842046027
0.07,0.19,62769.23076923077,328.51123859562125
0.09,0.19,62769.23076923077,329.6501148086151
0.11,0.19,62769.23076923077,330.6108195430511
0.13,0.19,62769.23076923077,331.3877932934666
0.15,0.19,62769.23076923077,331.97577226908385
0.17,0.19,62769.23076923077,332.37037351594927
0.19,0.19,62769.23076923077,332.56848103127004
0.21,0.19,62769.23076923077,332.56848103127004
0.23,0.19,62769.23076923077,332.3703735159493
0.25,0.19,62769.23076923077,331.9757722690839
0.27,0.19,62769.23076923077,331.38779329346664
0.29,0.19,62769.23076923077,330.61081954305115
0.31,0.19,62769.23076923077,329.6501148086151
0.33,0.19,62769.23076923077,328.51123859562125
0.35,0.19,62769.23076923077,327.1991842046028
0.37,0.19,62769.23076923077,325.7171263249507
0.39,0.19,62769.23076923077,324.0646435675978
0.01,0.21,62769.23076923077,324.0646435675978
0.03,0.21,62769.23076923077,325.7171263249507
0.05,0.21,62769.23076923077,327.1991842046027
0.07,0.21,62769.23076923077,328.51123859562125
0.09,0.21,62769.23076923077,329.6501148086151
0.11,0.21,62769.23076923077,330.61081954305104
0.13,0.21,62769.23076923077,331.3877932934666
0.15,0.21,62769.23076923077,331.9757722690838
0.17,0.21,62769.23076923077,332.37037351594927
0.19,0.21,62769.23076923077,332.56848103127004
0.21,0.21,62769.23076923077,332.56848103127004
0.23,0.21,62769.23076923077,332.37037351594927
0.25,0.21,62769.23076923077,331.9757722690839
0.27,0.21,62769.23076923077,331.38779329346664
0.29,0.21,62769.23076923077,330.6108195430511
0.31,0.21,62769.23076923077,329.6501148086151
0.33,0.21,62769.23076923077,328.5112385956213
0.35,0.21,62769.23076923077,327.19918420460283
0.37,0.21,62769.23076923077,325.71712632495075
0.39,0.21,62769.23076923077,324.0646435675978
0.01,0.23,62769.23076923077,324.0489197320693
0.03,0.23,62769.23076923077,325.6703137604767
0.05,0.23,62769.23076923077,327.1224385333053
0.07,0.23,62769.23076923077,328.40652253361634
0.09,0.23,62769.23076923077,329.5201284435178
0.11,0.23,62769.23076923077,330.45888943728403
0.13,0.23,62769.23076923077,331.21774913700904
0.15,0.23,62769.23076923077,331.79182734112146
0.17,0.23,62769.23076923077,332.17701547265034
0.19,0.23,62769.23076923077,332.37037351594927
0.21,0.23,62769.23076923077,332.37037351594927
0.23,0.23,62769.23076923077,332.17701547265034
0.25,0.23,62769.23076923077,331.7918273411215
0.27,0.23,62769.23076923077,331.2177491370091
0.29,0.23,62769.23076923077,330.45888943728403
0.31,0.23,62769.23076923077,329.5201284435178
0.33,0.23,62769.23076923077,328.40652253361634
0.35,0.23,62769.23076923077,327.1224385333053
0.37,0.23,62769.23076923077,325.6703137604767
0.39,0.23,62769.23076923077,324.0489197320694
0.01,0.25,62769.23076923077,324.0174909919098
0.03,0.25,62769.23076923077,325.57676760861625
0.05,0.25,62769.23076923077,326.9691423616917
0.07,0.25,62769.23076923077,328.19746869801344
0.09,0.25,62769.23076923077,329.26077171906496
0.11,0.25,62769.23076923077,330.1559102944233
0.13,0.25,62769.23076923077,330.8788016986493
0.15,0.25,62769.23076923077,331.42530220547826
0.17,0.25,62769.23076923077,331.79182734112146
0.19,0.25,62769.23076923077,331.97577226908385
0.21,0.25,62769.23076923077,331.97577226908385
0.23,0.25,62769.23076923077,331.79182734112146
0.25,0.25,62769.23076923077,331.4253022054782
0.27,0.25,62769.23076923077,330.8788016986493
0.29,0.25,62769.23076923077,330.1559102944232
0.31,0.25,62769.23076923077,329.26077171906496
0.33,0.25,62769.23076923077,328.1974686980135
0.35,0.25,62769.23076923077,326.96914236169187
0.37,0.25,62769.23076923077,325.5767676086163
0.39,0.25,62769.23076923077,324.0174909919098
0.01,0.27,62769.23076923077,323.97035346057703
0.03,0.27,62769.23076923077,325.4365332574408
0.05,0.27,62769.23076923077,326.7395306109417
0.07,0.27,62769.23076923077,327.8846633811578
0.09,0.27,62769.23076923077,328.87311070060525
0.11,0.27,62769.23076923077,329.70349176141906
0.13,0.27,62769.23076923077,330.37309538097054
0.15,0.27,62769.23076923077,330.87880169864934
0.17,0.27,62769.23076923077,331.2177491370091
0.19,0.27,62769.23076923077,331.38779329346664
0.21,0.27,62769.23076923077,331.3877932934666
0.23,0.27,62769.23076923077,331.217749137009
0.25,0.27,62769.23076923077,330.8788016986492
0.27,0.27,62769.23076923077,330.37309538097054
0.29,0.27,62769.23076923077,329.70349176141906
0.31,0.27,62769.23076923077,328.87311070060525
0.33,0.27,62769.23076923077,327.8846633811578
0.35,0.27,62769.23076923077,326.73953061094176
0.37,0.27,62769.23076923077,325.43653325744083
0.39,0.27,62769.23076923077,323.9703534605771
0.01,0.29,62769.23076923077,323.90738382606605
0.03,0.29,62769.23076923077,325.24936715619674
0.05,0.29,62769.23076923077,326.4335343305436
0.07,0.29,62769.23076923077,327.4685335805187
0.09,0.29,62769.23076923077,328.358310388476
0.11,0.29,62769.23076923077,329.1036530671189
0.13,0.29,62769.23076923077,329.70349176141906
0.15,0.29,62769.23076923077,330.1559102944233
0.17,0.29,62769.23076923077,330.45888943728403
0.19,0.29,62769.23076923077,330.61081954305104
0.21,0.29,62769.23076923077,330.61081954305104
0.23,0.29,62769.23076923077,330.458889437284
0.25,0.29,62769.23076923077,330.1559102944232
0.27,0.29,62769.23076923077,329.703491761419
0.29,0.29,62769.23076923077,329.10365306711896
0.31,0.29,62769.23076923077,328.358310388476
0.33,0.29,62769.23076923077,327.4685335805187
0.35,0.29,62769.23076923077,326.4335343305437
0.37,0.29,62769.23076923077,325.2493671561968
0.39,0.29,62769.23076923077,323.9073838260661
0.01,0.31,62769.23076923077,323.82815240742235
0.03,0.31,62769.23076923077,325.01426324173394
0.05,0.31,62769.23076923077,326.0501738506693
0.07,0.31,62769.23076923077,326.94872650785493
0.09,0.31,62769.23076923077,327.71706057472994
0.11,0.31,62769.23076923077,328.358310388476
0.13,0.31,62769.23076923077,328.87311070060525
0.15,0.31,62769.23076923077,329.26077171906496
0.17,0.31,62769.23076923077,329.5201284435178
0.19,0.31,62769.23076923077,329.650114808615
0.21,0.31,62769.23076923077,329.650114808615
0.23,0.31,62769.23076923077,329.5201284435177
0.25,0.31,62769.23076923077,329.26077171906485
0.27,0.31,62769.23076923077,328.87311070060525
0.29,0.31,62769.23076923077,328.358310388476
0.31,0.31,62769.23076923077,327.71706057473
0.33,0.31,62769.23076923077,326.94872650785504
0.35,0.31,62769.23076923077,326.0501738506694
0.37,0.31,62769.23076923077,325.014263241734
0.39,0.31,62769.23076923077,323.82815240742235
0.01,0.33,62769.23076923077,323.7315566220734
0.03,0.33,62769.23076923077,324.7285988821167
0.05,0.33,62769.23076923077,325.5865510371748
0.07,0.33,62769.23076923077,326.3231480835141
0.09,0.33,62769.23076923077,326.948726507855
0.11,0.33,62769.23076923077,327.4685335805187
0.13,0.33,62769.23076923077,327.8846633811578
0.15,0.33,62769.23076923077,328.1974686980135
0.17,0.33,62769.23076923077,328.4065225336163
0.19,0.33,62769.23076923077,328.5112385956212
0.21,0.33,62769.23076923077,328.5112385956212
0.23,0.33,62769.23076923077,328.4065225336162
0.25,0.33,62769.23076923077,328.1974686980134
0.27,0.33,62769.23076923077,327.8846633811578
0.29,0.33,62769.23076923077,327.4685335805187
0.31,0.33,62769.23076923077,326.94872650785504
0.33,0.33,62769.23076923077,326.32314808351424
0.35,0.33,62769.23076923077,325.5865510371749
0.37,0.33,62769.23076923077,324.7285988821168
0.39,0.33,62769.23076923077,323.73155662207347
0.01,0.35,62769.23076923077,323.6150250834792
0.03,0.35,62769.23076923077,324.38655087331097
0.05,0.35,62769.23076923077,325.0362114696913
0.07,0.35,62769.23076923077,325.5865510371748
0.09,0.35,62769.23076923077,326.0501738506693
0.11,0.35,62769.23076923077,326.4335343305436
0.13,0.35,62769.23076923077,326.7395306109417
0.15,0.35,62769.23076923077,326.9691423616917
0.17,0.35,62769.23076923077,327.1224385333052
0.19,0.35,62769.23076923077,327.19918420460266
0.21,0.35,62769.23076923077,327.19918420460266
0.23,0.35,62769.23076923077,327.1224385333052
0.25,0.35,62769.23076923077,326.9691423616917
0.27,0.35,62769.23076923077,326.7395306109417
0.29,0.35,62769.23076923077,326.43353433054364
0.31,0.35,62769.23076923077,326.0501738506693
0.33,0.35,62769.23076923077,325.58655103717484
0.35,0.35,62769.23076923077,325.03621146969147
0.37,0.35,62769.23076923077,324.386550873311
0.39,0.35,62769.23076923077,323.6150250834792
0.01,0.37,62769.23076923077,323.47247824853895
0.03,0.37,62769.23076923077,323.9760185587187
0.05,0.37,62769.23076923077,324.38655087331097
0.07,0.37,62769.23076923077,324.7285988821167
0.09,0.37,62769.23076923077,325.0142632417339
0.11,0.37,62769.23076923077,325.24936715619674
0.13,0.37,62769.23076923077,325.4365332574407
0.15,0.37,62769.23076923077,325.5767676086162
0.17,0.37,62769.23076923077,325.67031376047663
0.19,0.37,62769.23076923077,325.7171263249507
0.21,0.37,62769.23076923077,325.71712632495064
0.23,0.37,62769.23076923077,325.67031376047663
0.25,0.37,62769.23076923077,325.57676760861614
0.27,0.37,62769.23076923077,325.4365332574408
0.29,0.37,62769.23076923077,325.24936715619674
0.31,0.37,62769.23076923077,325.01426324173394
0.33,0.37,62769.23076923077,324.7285988821168
0.35,0.37,62769.23076923077,324.386550873311
0.37,0.37,62769.23076923077,323.9760185587187
0.39,0.37,62769.23076923077,323.47247824853895
0.01,0.39,62769.23076923077,323.28797449923775
0.03,0.39,62769.23076923077,323.47247824853895
0.05,0.39,62769.23076923077,323.6150250834792
0.07,0.39,62769.23076923077,323.7315566220734
0.09,0.39,62769.23076923077,323.82815240742235
0.11,0.39,62769.23076923077,323.90738382606605
0.13,0.39,62769.23076923077,323.97035346057703
0.15,0.39,62769.23076923077,324.0174909919098
0.17,0.39,62769.23076923077,324.0489197320693
0.19,0.39,62769.23076923077,324.0646435675977
0.21,0.39,62769.23076923077,324.0646435675977
0.23,0.39,62769.23076923077,324.0489197320693
0.25,0.39,62769.23076923077,324.0174909919098
0.27,0.39,62769.23076923077,323.97035346057703
0.29,0.39,62769.23076923077,323.90738382606605
0.31,0.39,62769.23076923077,323.82815240742235
0.33,0.39,62769.23076923077,323.73155662207347
0.35,0.39,62769.23076923077,323.6150250834792
0.37,0.39,62769.23076923077,323.47247824853895
0.39,0.39,62769.23076923077,323.28797449923775
0.01,0.01,64615.38461538462,323.28109886420333
0.03,0.01,64615.38461538462,323.45536787365194
0.05,0.01,64615.38461538462,323.5894034738756
0.07,0.01,64615.38461538462,323.6986229543523
0.09,0.01,64615.38461538462,323.78894708314584
0.11,0.01,64615.38461538462,323.8629108578302
0.13,0.01,64615.38461538462,323.9216249024899
0.15,0.01,64615.38461538462,323.9655414044234
0.17,0.01,64615.38461538462,323.9948073161639
0.19,0.01,64615.38461538462,324.00944483250254
0.21,0.01,64615.38461538462,324.00944483250254
0.23,0.01,64615.38461538462,323.9948073161639
0.25,0.01,64615.38461538462,323.96554140442333
0.27,0.01,64615.38461538462,323.92162490248995
0.29,0.01,64615.38461538462,323.8629108578302
0.31,0.01,64615.38461538462,323.7889470831459
0.33,0.01,64615.38461538462,323.6986229543523
0.35,0.01,64615.38461538462,323.5894034738756
0.37,0.01,64615.38461538462,323.455367873652
0.39,0.01,64615.38461538462,323.28109886420333
0.01,0.03,64615.38461538462,323.455367873652
0.03,0.03,64615.38461538462,323.93018688625176
0.05,0.03,64615.38461538462,324.31591756396506
0.07,0.03,64615.38461538462,324.6363949799707
0.09,0.03,64615.38461538462,324.9034748626127
0.11,0.03,64615.38461538462,325.122940697509
0.13,0.03,64615.38461538462,325.29746279710776
0.15,0.03,64615.38461538462,325.42812329163706
0.17,0.03,64615.38461538462,325.51523971348007
0.19,0.03,64615.38461538462,325.55882257699693
0.21,0.03,64615.38461538462,325.55882257699693
0.23,0.03,64615.38461538462,325.51523971348
0.25,0.03,64615.38461538462,325.42812329163706
0.27,0.03,64615.38461538462,325.29746279710776
0.29,0.03,64615.38461538462,325.122940697509
0.31,0.03,64615.38461538462,324.90347486261265
0.33,0.03,64615.38461538462,324.6363949799707
0.35,0.03,64615.38461538462,324.3159175639651
0.37,0.03,64615.38461538462,323.9301868862519
0.39,0.03,64615.38461538462,323.455367873652
0.01,0.05,64615.38461538462,323.5894034738756
0.03,0.05,64615.38461538462,324.3159175639651
0.05,0.05,64615.38461538462,324.92583202817536
0.07,0.05,64615.38461538462,325.4412341787866
0.09,0.05,64615.38461538462,325.8746006999926
0.11,0.05,64615.38461538462,326.2324360513306
0.13,0.05,64615.38461538462,326.51776688994266
0.15,0.05,64615.38461538462,326.7317202470749
0.17,0.05,64615.38461538462,326.87449661704983
0.19,0.05,64615.38461538462,326.94595722516954
0.21,0.05,64615.38461538462,326.9459572251696
0.23,0.05,64615.38461538462,326.87449661704994
0.25,0.05,64615.38461538462,326.73172024707503
0.27,0.05,64615.38461538462,326.5177668899427
0.29,0.05,64615.38461538462,326.2324360513306
0.31,0.05,64615.38461538462,325.8746006999926
0.33,0.05,64615.38461538462,325.4412341787866
0.35,0.05,64615.38461538462,324.92583202817536
0.37,0.05,64615.38461538462,324.3159175639651
0.39,0.05,64615.38461538462,323.5894034738756
0.01,0.07,64615.38461538462,323.6986229543523
0.03,0.07,64615.38461538462,324.6363949799707
0.05,0.07,64615.38461538462,325.44123417878666
0.07,0.07,64615.38461538462,326.1307475734735
0.09,0.07,64615.38461538462,326.715356246366
0.11,0.07,64615.38461538462,327.2005073990621
0.13,0.07,64615.38461538462,327.5885370555336
0.15,0.07,64615.38461538462,327.8800326187435
0.17,0.07,64615.38461538462,328.0747632601875
0.19,0.07,64615.38461538462,328.1722818137604
0.21,0.07,64615.38461538462,328.1722818137604
0.23,0.07,64615.38461538462,328.0747632601875
0.25,0.07,64615.38461538462,327.8800326187436
0.27,0.07,64615.38461538462,327.58853705553366
0.29,0.07,64615.38461538462,327.2005073990621
0.31,0.07,64615.38461538462,326.7153562463659
0.33,0.07,64615.38461538462,326.13074757347346
0.35,0.07,64615.38461538462,325.4412341787866
0.37,0.07,64615.38461538462,324.63639497997065
0.39,0.07,64615.38461538462,323.6986229543523
0.01,0.09,64615.38461538462,323.7889470831459
0.03,0.09,64615.38461538462,324.9034748626127
0.05,0.09,64615.38461538462,325.8746006999926
0.07,0.09,64615.38461538462,326.715356246366
0.09,0.09,64615.38461538462,327.43319909500667
0.11,0.09,64615.38461538462,328.0316357259632
0.13,0.09,64615.38461538462,328.51167114481547
0.15,0.09,64615.38461538462,328.8729453556609
0.17,0.09,64615.38461538462,329.1145575679645
0.19,0.09,64615.38461538462,329.2356249147341
0.21,0.09,64615.38461538462,329.2356249147341
0.23,0.09,64615.38461538462,329.1145575679645
0.25,0.09,64615.38461538462,328.87294535566093
0.27,0.09,64615.38461538462,328.5116711448155
0.29,0.09,64615.38461538462,328.0316357259632
0.31,0.09,64615.38461538462,327.43319909500667
0.33,0.09,64615.38461538462,326.7153562463659
0.35,0.09,64615.38461538462,325.8746006999926
0.37,0.09,64615.38461538462,324.9034748626127
0.39,0.09,64615.38461538462,323.7889470831459
0.01,0.11,64615.38461538462,323.86291085783023
0.03,0.11,64615.38461538462,325.122940697509
0.05,0.11,64615.38461538462,326.2324360513306
0.07,0.11,64615.38461538462,327.2005073990621
0.09,0.11,64615.38461538462,328.0316357259632
0.11,0.11,64615.38461538462,328.7271488349695
0.13,0.11,64615.38461538462,329.2864736957481
0.15,0.11,64615.38461538462,329.7081175709096
0.17,0.11,64615.38461538462,329.9903917208793
0.19,0.11,64615.38461538462,330.13191218339665
0.21,0.11,64615.38461538462,330.1319121833966
0.23,0.11,64615.38461538462,329.99039172087924
0.25,0.11,64615.38461538462,329.7081175709096
0.27,0.11,64615.38461538462,329.28647369574816
0.29,0.11,64615.38461538462,328.7271488349696
0.31,0.11,64615.38461538462,328.0316357259632
0.33,0.11,64615.38461538462,327.2005073990621
0.35,0.11,64615.38461538462,326.2324360513306
0.37,0.11,64615.38461538462,325.122940697509
0.39,0.11,64615.38461538462,323.86291085783023
0.01,0.13,64615.38461538462,323.92162490248995
0.03,0.13,64615.38461538462,325.29746279710776
0.05,0.13,64615.38461538462,326.51776688994266
0.07,0.13,64615.38461538462,327.5885370555336
0.09,0.13,64615.38461538462,328.51167114481547
0.11,0.13,64615.38461538462,329.2864736957481
0.13,0.13,64615.38461538462,329.91084276410004
0.15,0.13,64615.38461538462,330.3821657383838
0.17,0.13,64615.38461538462,330.6979709000961
0.19,0.13,64615.38461538462,330.85637750965674
0.21,0.13,64615.38461538462,330.85637750965674
0.23,0.13,64615.38461538462,330.6979709000961
0.25,0.13,64615.38461538462,330.3821657383838
0.27,0.13,64615.38461538462,329.91084276410004
0.29,0.13,64615.38461538462,329.28647369574816
0.31,0.13,64615.38461538462,328.51167114481547
0.33,0.13,64615.38461538462,327.58853705553366
0.35,0.13,64615.38461538462,326.51776688994266
0.37,0.13,64615.38461538462,325.29746279710776
0.39,0.13,64615.38461538462,323.92162490248995
0.01,0.15,64615.38461538462,323.9655414044234
0.03,0.15,64615.38461538462,325.42812329163706
0.05,0.15,64615.38461538462,326.7317202470749
0.07,0.15,64615.38461538462,327.8800326187435
0.09,0.15,64615.38461538462,328.8729453556609
0.11,0.15,64615.38461538462,329.7081175709096
0.13,0.15,64615.38461538462,330.3821657383838
0.15,0.15,64615.38461538462,330.8915210752365
0.17,0.15,64615.38461538462,331.233037130252
0.19,0.15,64615.38461538462,331.4044035838528
0.21,0.15,64615.38461538462,331.40440358385274
0.23,0.15,64615.38461538462,331.233037130252
0.25,0.15,64615.38461538462,330.8915210752365
0.27,0.15,64615.38461538462,330.3821657383838
0.29,0.15,64615.38461538462,329.7081175709096
0.31,0.15,64615.38461538462,328.8729453556609
0.33,0.15,64615.38461538462,327.8800326187435
0.35,0.15,64615.38461538462,326.731720247075
0.37,0.15,64615.38461538462,325.42812329163706
0.39,0.15,64615.38461538462,323.9655414044234
0.01,0.17,64615.38461538462,323.9948073161639
0.03,0.17,64615.38461538462,325.51523971348
0.05,0.17,64615.38461538462,326.87449661704983
0.07,0.17,64615.38461538462,328.07476326018747
0.09,0.17,64615.38461538462,329.1145575679644
0.11,0.17,64615.38461538462,329.99039172087924
0.13,0.17,64615.38461538462,330.6979709000961
0.15,0.17,64615.38461538462,331.23303713025194
0.17,0.17,64615.38461538462,331.5919536493593
0.19,0.17,64615.38461538462,331.77209665543705
0.21,0.17,64615.38461538462,331.77209665543705
0.23,0.17,64615.38461538462,331.59195364935937
0.25,0.17,64615.38461538462,331.23303713025194
0.27,0.17,64615.38461538462,330.6979709000961
0.29,0.17,64615.38461538462,329.9903917208793
0.31,0.17,64615.38461538462,329.1145575679644
0.33,0.17,64615.38461538462,328.0747632601875
0.35,0.17,64615.38461538462,326.8744966170499
0.37,0.17,64615.38461538462,325.51523971348
0.39,0.17,64615.38461538462,323.994807316164
0.01,0.19,64615.38461538462,324.00944483250254
0.03,0.19,64615.38461538462,325.55882257699693
0.05,0.19,64615.38461538462,326.94595722516954
0.07,0.19,64615.38461538462,328.17228181376026
0.09,0.19,64615.38461538462,329.235624914734
0.11,0.19,64615.38461538462,330.13191218339654
0.13,0.19,64615.38461538462,330.85637750965674
0.15,0.19,64615.38461538462,331.40440358385274
0.17,0.19,64615.38461538462,331.77209665543705
0.19,0.19,64615.38461538462,331.95666811936024
0.21,0.19,64615.38461538462,331.95666811936024
0.23,0.19,64615.38461538462,331.77209665543705
0.25,0.19,64615.38461538462,331.4044035838528
0.27,0.19,64615.38461538462,330.85637750965674
0.29,0.19,64615.38461538462,330.13191218339665
0.31,0.19,64615.38461538462,329.23562491473405
0.33,0.19,64615.38461538462,328.1722818137603
0.35,0.19,64615.38461538462,326.94595722516954
0.37,0.19,64615.38461538462,325.558822576997
0.39,0.19,64615.38461538462,324.0094448325026
0.01,0.21,64615.38461538462,324.00944483250254
0.03,0.21,64615.38461538462,325.55882257699693
0.05,0.21,64615.38461538462,326.94595722516954
0.07,0.21,64615.38461538462,328.1722818137603
0.09,0.21,64615.38461538462,329.23562491473405
0.11,0.21,64615.38461538462,330.13191218339654
0.13,0.21,64615.38461538462,330.8563775096567
0.15,0.21,64615.38461538462,331.4044035838527
0.17,0.21,64615.38461538462,331.772096655437
0.19,0.21,64615.38461538462,331.9566681193602
0.21,0.21,64615.38461538462,331.95666811936024
0.23,0.21,64615.38461538462,331.7720966554371
0.25,0.21,64615.38461538462,331.4044035838528
0.27,0.21,64615.38461538462,330.85637750965674
0.29,0.21,64615.38461538462,330.13191218339665
0.31,0.21,64615.38461538462,329.23562491473405
0.33,0.21,64615.38461538462,328.1722818137603
0.35,0.21,64615.38461538462,326.9459572251696
0.37,0.21,64615.38461538462,325.558822576997
0.39,0.21,64615.38461538462,324.00944483250254
0.01,0.23,64615.38461538462,323.9948073161638
0.03,0.23,64615.38461538462,325.51523971348
0.05,0.23,64615.38461538462,326.8744966170499
0.07,0.23,64615.38461538462,328.07476326018747
0.09,0.23,64615.38461538462,329.1145575679644
0.11,0.23,64615.38461538462,329.99039172087924
0.13,0.23,64615.38461538462,330.69797090009604
0.15,0.23,64615.38461538462,331.23303713025183
0.17,0.23,64615.38461538462,331.59195364935925
0.19,0.23,64615.38461538462,331.772096655437
0.21,0.23,64615.38461538462,331.77209665543705
0.23,0.23,64615.38461538462,331.5919536493593
0.25,0.23,64615.38461538462,331.23303713025194
0.27,0.23,64615.38461538462,330.6979709000961
0.29,0.23,64615.38461538462,329.99039172087924
0.31,0.23,64615.38461538462,329.1145575679645
0.33,0.23,64615.38461538462,328.0747632601875
0.35,0.23,64615.38461538462,326.87449661704994
0.37,0.23,64615.38461538462,325.51523971348
0.39,0.23,64615.38461538462,323.9948073161639
0.01,0.25,64615.38461538462,323.9655414044234
0.03,0.25,64615.38461538462,325.42812329163706
0.05,0.25,64615.38461538462,326.7317202470749
0.07,0.25,64615.38461538462,327.8800326187435
0.09,0.25,64615.38461538462,328.8729453556608
0.11,0.25,64615.38461538462,329.7081175709096
0.13,0.25,64615.38461538462,330.3821657383837
0.15,0.25,64615.38461538462,330.8915210752364
0.17,0.25,64615.38461538462,331.2330371302519
0.19,0.25,64615.38461538462,331.40440358385274
0.21,0.25,64615.38461538462,331.40440358385274
0.23,0.25,64615.38461538462,331.23303713025194
0.25,0.25,64615.38461538462,330.8915210752364
0.27,0.25,64615.38461538462,330.38216573838366
0.29,0.25,64615.38461538462,329.7081175709096
0.31,0.25,64615.38461538462,328.8729453556609
0.33,0.25,64615.38461538462,327.88003261874354
0.35,0.25,64615.38461538462,326.731720247075
0.37,0.25,64615.38461538462,325.42812329163706
0.39,0.25,64615.38461538462,323.9655414044234
0.01,0.27,64615.38461538462,323.9216249024899
0.03,0.27,64615.38461538462,325.29746279710776
0.05,0.27,64615.38461538462,326.51776688994266
0.07,0.27,64615.38461538462,327.58853705553366
0.09,0.27,64615.38461538462,328.51167114481547
0.11,0.27,64615.38461538462,329.2864736957481
0.13,0.27,64615.38461538462,329.9108427640999
0.15,0.27,64615.38461538462,330.38216573838366
0.17,0.27,64615.38461538462,330.69797090009604
0.19,0.27,64615.38461538462,330.8563775096567
0.21,0.27,64615.38461538462,330.8563775096567
0.23,0.27,64615.38461538462,330.69797090009604
0.25,0.27,64615.38461538462,330.38216573838366
0.27,0.27,64615.38461538462,329.9108427640999
0.29,0.27,64615.38461538462,329.2864736957481
0.31,0.27,64615.38461538462,328.51167114481547
0.33,0.27,64615.38461538462,327.58853705553366
0.35,0.27,64615.38461538462,326.51776688994266
0.37,0.27,64615.38461538462,325.2974627971078
0.39,0.27,64615.38461538462,323.92162490248995
0.01,0.29,64615.38461538462,323.86291085783023
0.03,0.29,64615.38461538462,325.122940697509
0.05,0.29,64615.38461538462,326.2324360513306
0.07,0.29,64615.38461538462,327.20050739906213
0.09,0.29,64615.38461538462,328.0316357259632
0.11,0.29,64615.38461538462,328.7271488349696
0.13,0.29,64615.38461538462,329.28647369574804
0.15,0.29,64615.38461538462,329.7081175709095
0.17,0.29,64615.38461538462,329.9903917208792
0.19,0.29,64615.38461538462,330.1319121833966
0.21,0.29,64615.38461538462,330.13191218339654
0.23,0.29,64615.38461538462,329.9903917208792
0.25,0.29,64615.38461538462,329.7081175709095
0.27,0.29,64615.38461538462,329.28647369574804
0.29,0.29,64615.38461538462,328.7271488349695
0.31,0.29,64615.38461538462,328.0316357259632
0.33,0.29,64615.38461538462,327.2005073990621
0.35,0.29,64615.38461538462,326.2324360513306
0.37,0.29,64615.38461538462,325.122940697509
0.39,0.29,64615.38461538462,323.86291085783023
0.01,0.31,64615.38461538462,323.78894708314584
0.03,0.31,64615.38461538462,324.9034748626127
0.05,0.31,64615.38461538462,325.8746006999926
0.07,0.31,64615.38461538462,326.7153562463659
0.09,0.31,64615.38461538462,327.4331990950066
0.11,0.31,64615.38461538462,328.0316357259632
0.13,0.31,64615.38461538462,328.51167114481547
0.15,0.31,64615.38461538462,328.8729453556608
0.17,0.31,64615.38461538462,329.1145575679644
0.19,0.31,64615.38461538462,329.235624914734
0.21,0.31,64615.38461538462,329.235624914734
0.23,0.31,64615.38461538462,329.1145575679644
0.25,0.31,64615.38461538462,328.8729453556608
0.27,0.31,64615.38461538462,328.5116711448154
0.29,0.31,64615.38461538462,328.0316357259632
0.31,0.31,64615.38461538462,327.4331990950066
0.33,0.31,64615.38461538462,326.7153562463659
0.35,0.31,64615.38461538462,325.8746006999926
0.37,0.31,64615.38461538462,324.9034748626127
0.39,0.31,64615.38461538462,323.7889470831459
0.01,0.33,64615.38461538462,323.6986229543523
0.03,0.33,64615.38461538462,324.6363949799707
0.05,0.33,64615.38461538462,325.4412341787866
0.07,0.33,64615.38461538462,326.13074757347346
0.09,0.33,64615.38461538462,326.7153562463659
0.11,0.33,64615.38461538462,327.2005073990621
0.13,0.33,64615.38461538462,327.58853705553366
0.15,0.33,64615.38461538462,327.88003261874354
0.17,0.33,64615.38461538462,328.07476326018747
0.19,0.33,64615.38461538462,328.17228181376026
0.21,0.33,64615.38461538462,328.17228181376026
0.23,0.33,64615.38461538462,328.07476326018747
0.25,0.33,64615.38461538462,327.8800326187435
0.27,0.33,64615.38461538462,327.5885370555336
0.29,0.33,64615.38461538462,327.2005073990621
0.31,0.33,64615.38461538462,326.7153562463659
0.33,0.33,64615.38461538462,326.13074757347346
0.35,0.33,64615.38461538462,325.44123417878666
0.37,0.33,64615.38461538462,324.6363949799707
0.39,0.33,64615.38461538462,323.69862295435235
0.01,0.35,64615.38461538462,323.5894034738756
0.03,0.35,64615.38461538462,324.31591756396506
0.05,0.35,64615.38461538462,324.92583202817536
0.07,0.35,64615.38461538462,325.44123417878666
0.09,0.35,64615.38461538462,325.8746006999926
0.11,0.35,64615.38461538462,326.2324360513306
0.13,0.35,64615.38461538462,326.5177668899427
0.15,0.35,64615.38461538462,326.731720247075
0.17,0.35,64615.38461538462,326.87449661704983
0.19,0.35,64615.38461538462,326.9459572251695
0.21,0.35,64615.38461538462,326.9459572251695
0.23,0.35,64615.38461538462,326.87449661704983
0.25,0.35,64615.38461538462,326.7317202470749
0.27,0.35,64615.38461538462,326.51776688994266
0.29,0.35,64615.38461538462,326.23243605133064
0.31,0.35,64615.38461538462,325.87460069999264
0.33,0.35,64615.38461538462,325.4412341787866
0.35,0.35,64615.38461538462,324.9258320281754
0.37,0.35,64615.38461538462,324.3159175639652
0.39,0.35,64615.38461538462,323.5894034738756
0.01,0.37,64615.38461538462,323.455367873652
0.03,0.37,64615.38461538462,323.9301868862518
0.05,0.37,64615.38461538462,324.3159175639651
0.07,0.37,64615.38461538462,324.6363949799707
0.09,0.37,64615.38461538462,324.9034748626127
0.11,0.37,64615.38461538462,325.122940697509
0.13,0.37,64615.38461538462,325.2974627971078
0.15,0.37,64615.38461538462,325.42812329163706
0.17,0.37,64615.38461538462,325.51523971348
0.19,0.37,64615.38461538462,325.55882257699693
0.21,0.37,64615.38461538462,325.55882257699693
0.23,0.37,64615.38461538462,325.51523971348
0.25,0.37,64615.38461538462,325.42812329163706
0.27,0.37,64615.38461538462,325.29746279710776
0.29,0.37,64615.38461538462,325.1229406975091
0.31,0.37,64615.38461538462,324.9034748626127
0.33,0.37,64615.38461538462,324.6363949799707
0.35,0.37,64615.38461538462,324.3159175639651
0.37,0.37,64615.38461538462,323.9301868862518
0.39,0.37,64615.38461538462,323.455367873652
0.01,0.39,64615.38461538462,323.28109886420333
0.03,0.39,64615.38461538462,323.455367873652
0.05,0.39,64615.38461538462,323.5894034738756
0.07,0.39,64615.38461538462,323.6986229543523
0.09,0.39,64615.38461538462,323.7889470831459
0.11,0.39,64615.38461538462,323.86291085783023
0.13,0.39,64615.38461538462,323.92162490248995
0.15,0.39,64615.38461538462,323.9655414044234
0.17,0.39,64615.38461538462,323.9948073161639
0.19,0.39,64615.38461538462,324.00944483250254
0.21,0.39,64615.38461538462,324.00944483250254
0.23,0.39,64615.38461538462,323.9948073161639
0.25,0.39,64615.38461538462,323.9655414044234
0.27,0.39,64615.38461538462,323.92162490248995
0.29,0.39,64615.38461538462,323.86291085783023
0.31,0.39,64615.38461538462,323.78894708314584
0.33,0.39,64615.38461538462,323.6986229543523
0.35,0.39,64615.38461538462,323.5894034738756
0.37,0.39,64615.38461538462,323.455367873652
0.39,0.39,64615.38461538462,323.28109886420333
0.01,0.01,66461.53846153847,323.27469783057484
0.03,0.01,66461.53846153847,323.4394584899945
0.05,0.01,66461.53846153847,323.56559522651213
0.07,0.01,66461.53846153847,323.6680314185253
0.09,0.01,66461.53846153847,323.752537559834
0.11,0.01,66461.53846153847,323.8216138882231
0.13,0.01,66461.53846153847,323.8763784817775
0.15,0.01,66461.53846153847,323.91730487785435
0.17,0.01,66461.53846153847,323.94456257480965
0.19,0.01,66461.53846153847,323.9581912827604
0.21,0.01,66461.53846153847,323.9581912827604
0.23,0.01,66461.53846153847,323.94456257480965
0.25,0.01,66461.53846153847,323.9173048778543
0.27,0.01,66461.53846153847,323.8763784817775
0.29,0.01,66461.53846153847,323.8216138882231
0.31,0.01,66461.53846153847,323.752537559834
0.33,0.01,66461.53846153847,323.6680314185253
0.35,0.01,66461.53846153847,323.56559522651213
0.37,0.01,66461.53846153847,323.4394584899945
0.39,0.01,66461.53846153847,323.2746978305748
0.01,0.03,66461.53846153847,323.4394584899945
0.03,0.03,66461.53846153847,323.8876064766868
0.05,0.03,66461.53846153847,324.2503222213704
0.07,0.03,66461.53846153847,324.5507880338744
0.09,0.03,66461.53846153847,324.8006258580356
0.11,0.03,66461.53846153847,325.00558016426106
0.13,0.03,66461.53846153847,325.16836585423675
0.15,0.03,66461.53846153847,325.29013723379177
0.17,0.03,66461.53846153847,325.37128241969174
0.19,0.03,66461.53846153847,325.41186543730987
0.21,0.03,66461.53846153847,325.41186543730987
0.23,0.03,66461.53846153847,325.37128241969174
0.25,0.03,66461.53846153847,325.2901372337917
0.27,0.03,66461.53846153847,325.16836585423675
0.29,0.03,66461.53846153847,325.005580164261
0.31,0.03,66461.53846153847,324.80062585803563
0.33,0.03,66461.53846153847,324.5507880338744
0.35,0.03,66461.53846153847,324.2503222213704
0.37,0.03,66461.53846153847,323.8876064766868
0.39,0.03,66461.53846153847,323.4394584899945
0.01,0.05,66461.53846153847,323.56559522651213
0.03,0.05,66461.53846153847,324.2503222213704
0.05,0.05,66461.53846153847,324.8233556059703
0.07,0.05,66461.53846153847,325.3063426217198
0.09,0.05,66461.53846153847,325.7116337523233
0.11,0.05,66461.53846153847,326.04577776156736
0.13,0.05,66461.53846153847,326.3119219033727
0.15,0.05,66461.53846153847,326.5113330094495
0.17,0.05,66461.53846153847,326.6443370802092
0.19,0.05,66461.53846153847,326.7108873980894
0.21,0.05,66461.53846153847,326.7108873980894
0.23,0.05,66461.53846153847,326.64433708020914
0.25,0.05,66461.53846153847,326.5113330094495
0.27,0.05,66461.53846153847,326.3119219033728
0.29,0.05,66461.53846153847,326.04577776156736
0.31,0.05,66461.53846153847,325.71163375232334
0.33,0.05,66461.53846153847,325.30634262171986
0.35,0.05,66461.53846153847,324.8233556059703
0.37,0.05,66461.53846153847,324.2503222213704
0.39,0.05,66461.53846153847,323.56559522651213
0.01,0.07,66461.53846153847,323.6680314185253
0.03,0.07,66461.53846153847,324.5507880338744
0.05,0.07,66461.53846153847,325.30634262171986
0.07,0.07,66461.53846153847,325.95216638856994
0.09,0.07,66461.53846153847,326.4987511595423
0.11,0.07,66461.53846153847,326.95172846228104
0.13,0.07,66461.53846153847,327.31366168624186
0.15,0.07,66461.53846153847,327.58536075389696
0.17,0.07,66461.53846153847,327.7667819587162
0.19,0.07,66461.53846153847,327.85761133771126
0.21,0.07,66461.53846153847,327.85761133771126
0.23,0.07,66461.53846153847,327.76678195871614
0.25,0.07,66461.53846153847,327.585360753897
0.27,0.07,66461.53846153847,327.3136616862419
0.29,0.07,66461.53846153847,326.9517284622811
0.31,0.07,66461.53846153847,326.49875115954234
0.33,0.07,66461.53846153847,325.95216638857
0.35,0.07,66461.53846153847,325.30634262171986
0.37,0.07,66461.53846153847,324.5507880338744
0.39,0.07,66461.53846153847,323.6680314185253
0.01,0.09,66461.53846153847,323.752537559834
0.03,0.09,66461.53846153847,324.80062585803563
0.05,0.09,66461.53846153847,325.71163375232334
0.07,0.09,66461.53846153847,326.4987511595423
0.09,0.09,66461.53846153847,327.16972392445774
0.11,0.09,66461.53846153847,327.72840408144015
0.13,0.09,66461.53846153847,328.17614487628657
0.15,0.09,66461.53846153847,328.51289904374505
0.17,0.09,66461.53846153847,328.73801774325483
0.19,0.09,66461.53846153847,328.85079347112656
0.21,0.09,66461.53846153847,328.85079347112656
0.23,0.09,66461.53846153847,328.7380177432549
0.25,0.09,66461.53846153847,328.51289904374505
0.27,0.09,66461.53846153847,328.1761448762866
0.29,0.09,66461.53846153847,327.7284040814402
0.31,0.09,66461.53846153847,327.16972392445786
0.33,0.09,66461.53846153847,326.4987511595424
0.35,0.09,66461.53846153847,325.7116337523234
0.37,0.09,66461.53846153847,324.80062585803563
0.39,0.09,66461.53846153847,323.752537559834
0.01,0.11,66461.53846153847,323.8216138882231
0.03,0.11,66461.53846153847,325.005580164261
0.05,0.11,66461.53846153847,326.0457777615673
0.07,0.11,66461.53846153847,326.951728462281
0.09,0.11,66461.53846153847,327.7284040814401
0.11,0.11,66461.53846153847,328.3776348525854
0.13,0.11,66461.53846153847,328.899315295974
0.15,0.11,66461.53846153847,329.2923541561958
0.17,0.11,66461.53846153847,329.55537776581315
0.19,0.11,66461.53846153847,329.68721814350874
0.21,0.11,66461.53846153847,329.68721814350874
0.23,0.11,66461.53846153847,329.5553777658132
0.25,0.11,66461.53846153847,329.29235415619587
0.27,0.11,66461.53846153847,328.8993152959741
0.29,0.11,66461.53846153847,328.3776348525855
0.31,0.11,66461.53846153847,327.7284040814402
0.33,0.11,66461.53846153847,326.95172846228115
0.35,0.11,66461.53846153847,326.0457777615674
0.37,0.11,66461.53846153847,325.0055801642611
0.39,0.11,66461.53846153847,323.8216138882232
0.01,0.13,66461.53846153847,323.8763784817775
0.03,0.13,66461.53846153847,325.16836585423675
0.05,0.13,66461.53846153847,326.3119219033727
0.07,0.13,66461.53846153847,327.3136616862418
0.09,0.13,66461.53846153847,328.1761448762865
0.11,0.13,66461.53846153847,328.899315295974
0.13,0.13,66461.53846153847,329.48164457532766
0.15,0.13,66461.53846153847,329.92100102634544
0.17,0.13,66461.53846153847,330.2152845325611
0.19,0.13,66461.53846153847,330.36286662819384
0.21,0.13,66461.53846153847,330.36286662819384
0.23,0.13,66461.53846153847,330.2152845325611
0.25,0.13,66461.53846153847,329.92100102634555
0.27,0.13,66461.53846153847,329.4816445753278
0.29,0.13,66461.53846153847,328.8993152959741
0.31,0.13,66461.53846153847,328.1761448762866
0.33,0.13,66461.53846153847,327.3136616862419
0.35,0.13,66461.53846153847,326.3119219033728
0.37,0.13,66461.53846153847,325.1683658542368
0.39,0.13,66461.53846153847,323.8763784817776
0.01,0.15,66461.53846153847,323.9173048778543
0.03,0.15,66461.53846153847,325.2901372337917
0.05,0.15,66461.53846153847,326.51133300944946
0.07,0.15,66461.53846153847,327.58536075389685
0.09,0.15,66461.53846153847,328.51289904374494
0.11,0.15,66461.53846153847,329.2923541561957
0.13,0.15,66461.53846153847,329.92100102634544
0.15,0.15,66461.53846153847,330.3958159735696
0.17,0.15,66461.53846153847,330.7140700062311
0.19,0.15,66461.53846153847,330.87373455645155
0.21,0.15,66461.53846153847,330.8737345564516
0.23,0.15,66461.53846153847,330.7140700062312
0.25,0.15,66461.53846153847,330.39581597356977
0.27,0.15,66461.53846153847,329.92100102634555
0.29,0.15,66461.53846153847,329.29235415619587
0.31,0.15,66461.53846153847,328.51289904374505
0.33,0.15,66461.53846153847,327.58536075389696
0.35,0.15,66461.53846153847,326.5113330094495
0.37,0.15,66461.53846153847,325.29013723379177
0.39,0.15,66461.53846153847,323.91730487785435
0.01,0.17,66461.53846153847,323.94456257480965
0.03,0.17,66461.53846153847,325.37128241969174
0.05,0.17,66461.53846153847,326.64433708020914
0.07,0.17,66461.53846153847,327.7667819587161
0.09,0.17,66461.53846153847,328.7380177432548
0.11,0.17,66461.53846153847,329.5553777658131
0.13,0.17,66461.53846153847,330.215284532561
0.15,0.17,66461.53846153847,330.71407000623105
0.17,0.17,66461.53846153847,331.0485470596566
0.19,0.17,66461.53846153847,331.21639436951136
0.21,0.17,66461.53846153847,331.21639436951136
0.23,0.17,66461.53846153847,331.04854705965664
0.25,0.17,66461.53846153847,330.7140700062312
0.27,0.17,66461.53846153847,330.21528453256104
0.29,0.17,66461.53846153847,329.5553777658132
0.31,0.17,66461.53846153847,328.73801774325483
0.33,0.17,66461.53846153847,327.7667819587162
0.35,0.17,66461.53846153847,326.6443370802092
0.37,0.17,66461.53846153847,325.37128241969174
0.39,0.17,66461.53846153847,323.9445625748097
0.01,0.19,66461.53846153847,323.9581912827604
0.03,0.19,66461.53846153847,325.41186543730987
0.05,0.19,66461.53846153847,326.7108873980894
0.07,0.19,66461.53846153847,327.85761133771115
0.09,0.19,66461.53846153847,328.8507934711264
0.11,0.19,66461.53846153847,329.68721814350863
0.13,0.19,66461.53846153847,330.36286662819373
0.15,0.19,66461.53846153847,330.87373455645144
0.17,0.19,66461.53846153847,331.21639436951136
0.19,0.19,66461.53846153847,331.3883706247553
0.21,0.19,66461.53846153847,331.3883706247552
0.23,0.19,66461.53846153847,331.21639436951136
0.25,0.19,66461.53846153847,330.87373455645155
0.27,0.19,66461.53846153847,330.36286662819384
0.29,0.19,66461.53846153847,329.68721814350874
0.31,0.19,66461.53846153847,328.85079347112645
0.33,0.19,66461.53846153847,327.8576113377112
0.35,0.19,66461.53846153847,326.7108873980895
0.37,0.19,66461.53846153847,325.41186543730987
0.39,0.19,66461.53846153847,323.9581912827604
0.01,0.21,66461.53846153847,323.9581912827604
0.03,0.21,66461.53846153847,325.41186543730987
0.05,0.21,66461.53846153847,326.7108873980894
0.07,0.21,66461.53846153847,327.85761133771115
0.09,0.21,66461.53846153847,328.85079347112645
0.11,0.21,66461.53846153847,329.6872181435087
0.13,0.21,66461.53846153847,330.36286662819373
0.15,0.21,66461.53846153847,330.87373455645144
0.17,0.21,66461.53846153847,331.2163943695113
0.19,0.21,66461.53846153847,331.3883706247552
0.21,0.21,66461.53846153847,331.3883706247552
0.23,0.21,66461.53846153847,331.21639436951136
0.25,0.21,66461.53846153847,330.87373455645155
0.27,0.21,66461.53846153847,330.36286662819384
0.29,0.21,66461.53846153847,329.68721814350874
0.31,0.21,66461.53846153847,328.8507934711265
0.33,0.21,66461.53846153847,327.8576113377112
0.35,0.21,66461.53846153847,326.7108873980895
0.37,0.21,66461.53846153847,325.41186543730987
0.39,0.21,66461.53846153847,323.9581912827604
0.01,0.23,66461.53846153847,323.9445625748097
0.03,0.23,66461.53846153847,325.37128241969174
0.05,0.23,66461.53846153847,326.64433708020914
0.07,0.23,66461.53846153847,327.76678195871614
0.09,0.23,66461.53846153847,328.7380177432548
0.11,0.23,66461.53846153847,329.55537776581315
0.13,0.23,66461.53846153847,330.215284532561
0.15,0.23,66461.53846153847,330.7140700062311
0.17,0.23,66461.53846153847,331.0485470596566
0.19,0.23,66461.53846153847,331.21639436951136
0.21,0.23,66461.53846153847,331.21639436951136
0.23,0.23,66461.53846153847,331.0485470596566
0.25,0.23,66461.53846153847,330.7140700062311
0.27,0.23,66461.53846153847,330.2152845325611
0.29,0.23,66461.53846153847,329.5553777658132
0.31,0.23,66461.53846153847,328.7380177432549
0.33,0.23,66461.53846153847,327.7667819587162
0.35,0.23,66461.53846153847,326.6443370802092
0.37,0.23,66461.53846153847,325.37128241969174
0.39,0.23,66461.53846153847,323.94456257480965
0.01,0.25,66461.53846153847,323.91730487785435
0.03,0.25,66461.53846153847,325.2901372337917
0.05,0.25,66461.53846153847,326.5113330094495
0.07,0.25,66461.53846153847,327.58536075389696
0.09,0.25,66461.53846153847,328.51289904374494
0.11,0.25,66461.53846153847,329.2923541561958
0.13,0.25,66461.53846153847,329.9210010263455
0.15,0.25,66461.53846153847,330.39581597356965
0.17,0.25,66461.53846153847,330.7140700062311
0.19,0.25,66461.53846153847,330.8737345564515
0.21,0.25,66461.53846153847,330.8737345564515
0.23,0.25,66461.53846153847,330.7140700062311
0.25,0.25,66461.53846153847,330.39581597356965
0.27,0.25,66461.53846153847,329.9210010263455
0.29,0.25,66461.53846153847,329.29235415619587
0.31,0.25,66461.53846153847,328.51289904374505
0.33,0.25,66461.53846153847,327.58536075389696
0.35,0.25,66461.53846153847,326.5113330094495
0.37,0.25,66461.53846153847,325.2901372337917
0.39,0.25,66461.53846153847,323.91730487785435
0.01,0.27,66461.53846153847,323.8763784817775
0.03,0.27,66461.53846153847,325.1683658542368
0.05,0.27,66461.53846153847,326.3119219033728
0.07,0.27,66461.53846153847,327.3136616862419
0.09,0.27,66461.53846153847,328.17614487628657
0.11,0.27,66461.53846153847,328.899315295974
0.13,0.27,66461.53846153847,329.4816445753277
0.15,0.27,66461.53846153847,329.92100102634544
0.17,0.27,66461.53846153847,330.21528453256104
0.19,0.27,66461.53846153847,330.36286662819384
0.21,0.27,66461.53846153847,330.36286662819384
0.23,0.27,66461.53846153847,330.21528453256104
0.25,0.27,66461.53846153847,329.9210010263455
0.27,0.27,66461.53846153847,329.4816445753278
0.29,0.27,66461.53846153847,328.8993152959741
0.31,0.27,66461.53846153847,328.17614487628657
0.33,0.27,66461.53846153847,327.3136616862419
0.35,0.27,66461.53846153847,326.3119219033727
0.37,0.27,66461.53846153847,325.1683658542368
0.39,0.27,66461.53846153847,323.8763784817776
0.01,0.29,66461.53846153847,323.8216138882231
0.03,0.29,66461.53846153847,325.00558016426106
0.05,0.29,66461.53846153847,326.04577776156736
0.07,0.29,66461.53846153847,326.9517284622811
0.09,0.29,66461.53846153847,327.72840408144015
0.11,0.29,66461.53846153847,328.37763485258546
0.13,0.29,66461.53846153847,328.899315295974
0.15,0.29,66461.53846153847,329.2923541561958
0.17,0.29,66461.53846153847,329.5553777658132
0.19,0.29,66461.53846153847,329.68721814350874
0.21,0.29,66461.53846153847,329.68721814350874
0.23,0.29,66461.53846153847,329.5553777658132
0.25,0.29,66461.53846153847,329.29235415619587
0.27,0.29,66461.53846153847,328.8993152959741
0.29,0.29,66461.53846153847,328.3776348525855
0.31,0.29,66461.53846153847,327.72840408144015
0.33,0.29,66461.53846153847,326.95172846228104
0.35,0.29,66461.53846153847,326.0457777615673
0.37,0.29,66461.53846153847,325.005580164261
0.39,0.29,66461.53846153847,323.8216138882231
0.01,0.31,66461.53846153847,323.752537559834
0.03,0.31,66461.53846153847,324.80062585803563
0.05,0.31,66461.53846153847,325.71163375232334
0.07,0.31,66461.53846153847,326.4987511595423
0.09,0.31,66461.53846153847,327.1697239244578
0.11,0.31,66461.53846153847,327.72840408144015
0.13,0.31,66461.53846153847,328.17614487628657
0.15,0.31,66461.53846153847,328.512899043745
0.17,0.31,66461.53846153847,328.7380177432549
0.19,0.31,66461.53846153847,328.85079347112656
0.21,0.31,66461.53846153847,328.85079347112656
0.23,0.31,66461.53846153847,328.73801774325483
0.25,0.31,66461.53846153847,328.51289904374505
0.27,0.31,66461.53846153847,328.17614487628657
0.29,0.31,66461.53846153847,327.72840408144015
0.31,0.31,66461.53846153847,327.1697239244578
0.33,0.31,66461.53846153847,326.4987511595423
0.35,0.31,66461.53846153847,325.7116337523233
0.37,0.31,66461.53846153847,324.8006258580356
0.39,0.31,66461.53846153847,323.752537559834
0.01,0.33,66461.53846153847,323.6680314185253
0.03,0.33,66461.53846153847,324.5507880338744
0.05,0.33,66461.53846153847,325.3063426217198
0.07,0.33,66461.53846153847,325.95216638856994
0.09,0.33,66461.53846153847,326.4987511595423
0.11,0.33,66461.53846153847,326.9517284622811
0.13,0.33,66461.53846153847,327.3136616862419
0.15,0.33,66461.53846153847,327.58536075389696
0.17,0.33,66461.53846153847,327.7667819587162
0.19,0.33,66461.53846153847,327.8576113377112
0.21,0.33,66461.53846153847,327.85761133771126
0.23,0.33,66461.53846153847,327.7667819587162
0.25,0.33,66461.53846153847,327.58536075389696
0.27,0.33,66461.53846153847,327.31366168624186
0.29,0.33,66461.53846153847,326.95172846228104
0.31,0.33,66461.53846153847,326.4987511595422
0.33,0.33,66461.53846153847,325.9521663885699
0.35,0.33,66461.53846153847,325.3063426217197
0.37,0.33,66461.53846153847,324.5507880338743
0.39,0.33,66461.53846153847,323.6680314185253
0.01,0.35,66461.53846153847,323.56559522651213
0.03,0.35,66461.53846153847,324.2503222213704
0.05,0.35,66461.53846153847,324.8233556059702
0.07,0.35,66461.53846153847,325.3063426217198
0.09,0.35,66461.53846153847,325.71163375232334
0.11,0.35,66461.53846153847,326.04577776156736
0.13,0.35,66461.53846153847,326.3119219033728
0.15,0.35,66461.53846153847,326.5113330094495
0.17,0.35,66461.53846153847,326.64433708020914
0.19,0.35,66461.53846153847,326.7108873980894
0.21,0.35,66461.53846153847,326.7108873980894
0.23,0.35,66461.53846153847,326.6443370802092
0.25,0.35,66461.53846153847,326.5113330094495
0.27,0.35,66461.53846153847,326.3119219033727
0.29,0.35,66461.53846153847,326.0457777615673
0.31,0.35,66461.53846153847,325.7116337523233
0.33,0.35,66461.53846153847,325.3063426217197
0.35,0.35,66461.53846153847,324.8233556059702
0.37,0.35,66461.53846153847,324.2503222213704
0.39,0.35,66461.53846153847,323.5655952265121
0.01,0.37,66461.53846153847,323.4394584899945
0.03,0.37,66461.53846153847,323.8876064766868
0.05,0.37,66461.53846153847,324.2503222213704
0.07,0.37,66461.53846153847,324.5507880338743
0.09,0.37,66461.53846153847,324.8006258580356
0.11,0.37,66461.53846153847,325.00558016426106
0.13,0.37,66461.53846153847,325.16836585423675
0.15,0.37,66461.53846153847,325.2901372337917
0.17,0.37,66461.53846153847,325.37128241969174
0.19,0.37,66461.53846153847,325.41186543730987
0.21,0.37,66461.53846153847,325.41186543730987
0.23,0.37,66461.53846153847,325.3712824196917
0.25,0.37,66461.53846153847,325.29013723379165
0.27,0.37,66461.53846153847,325.16836585423675
0.29,0.37,66461.53846153847,325.00558016426106
0.31,0.37,66461.53846153847,324.8006258580356
0.33,0.37,66461.53846153847,324.5507880338744
0.35,0.37,66461.53846153847,324.2503222213704
0.37,0.37,66461.53846153847,323.8876064766868
0.39,0.37,66461.53846153847,323.4394584899945
0.01,0.39,66461.53846153847,323.27469783057484
0.03,0.39,66461.53846153847,323.4394584899945
0.05,0.39,66461.53846153847,323.56559522651213
0.07,0.39,66461.53846153847,323.6680314185253
0.09,0.39,66461.53846153847,323.752537559834
0.11,0.39,66461.53846153847,323.8216138882231
0.13,0.39,66461.53846153847,323.8763784817776
0.15,0.39,66461.53846153847,323.91730487785435
0.17,0.39,66461.53846153847,323.94456257480965
0.19,0.39,66461.53846153847,323.9581912827604
0.21,0.39,66461.53846153847,323.9581912827604
0.23,0.39,66461.53846153847,323.94456257480965
0.25,0.39,66461.53846153847,323.91730487785435
0.27,0.39,66461.53846153847,323.8763784817776
0.29,0.39,66461.53846153847,323.8216138882231
0.31,0.39,66461.53846153847,323.752537559834
0.33,0.39,66461.53846153847,323.6680314185253
0.35,0.39,66461.53846153847,323.56559522651213
0.37,0.39,66461.53846153847,323.4394584899945
0.39,0.39,66461.53846153847,323.27469783057484
0.01,0.01,68307.69230769231,323.2687338782568
0.03,0.01,68307.69230769231,323.42465723885243
0.05,0.01,68307.69230769231,323.54346224496567
0.07,0.01,68307.69230769231,323.6396059388165
0.09,0.01,68307.69230769231,323.7187160324558
0.11,0.01,68307.69230769231,323.7832591754688
0.13,0.01,68307.69230769231,323.8343600341269
0.15,0.01,68307.69230769231,323.87251213033693
0.17,0.01,68307.69230769231,323.8979062480177
0.19,0.01,68307.69230769231,323.9105987007296
0.21,0.01,68307.69230769231,323.9105987007296
0.23,0.01,68307.69230769231,323.89790624801776
0.25,0.01,68307.69230769231,323.87251213033693
0.27,0.01,68307.69230769231,323.8343600341269
0.29,0.01,68307.69230769231,323.7832591754688
0.31,0.01,68307.69230769231,323.7187160324558
0.33,0.01,68307.69230769231,323.6396059388165
0.35,0.01,68307.69230769231,323.5434622449657
0.37,0.01,68307.69230769231,323.4246572388525
0.39,0.01,68307.69230769231,323.2687338782568
0.01,0.03,68307.69230769231,323.42465723885243
0.03,0.03,68307.69230769231,323.8480299476803
0.05,0.03,68307.69230769231,324.18938632373414
0.07,0.03,68307.69230769231,324.47128811799865
0.09,0.03,68307.69230769231,324.7051328665537
0.11,0.03,68307.69230769231,324.89662571784675
0.13,0.03,68307.69230769231,325.0485223511303
0.15,0.03,68307.69230769231,325.1620447660234
0.17,0.03,68307.69230769231,325.2376477812225
0.19,0.03,68307.69230769231,325.2754461876268
0.21,0.03,68307.69230769231,325.2754461876268
0.23,0.03,68307.69230769231,325.23764778122256
0.25,0.03,68307.69230769231,325.1620447660234
0.27,0.03,68307.69230769231,325.0485223511303
0.29,0.03,68307.69230769231,324.89662571784675
0.31,0.03,68307.69230769231,324.7051328665537
0.33,0.03,68307.69230769231,324.47128811799865
0.35,0.03,68307.69230769231,324.1893863237342
0.37,0.03,68307.69230769231,323.8480299476803
0.39,0.03,68307.69230769231,323.4246572388525
0.01,0.05,68307.69230769231,323.5434622449657
0.03,0.05,68307.69230769231,324.18938632373414
0.05,0.05,68307.69230769231,324.72819519047385
0.07,0.05,68307.69230769231,325.1811104884904
0.09,0.05,68307.69230769231,325.5603564513618
0.11,0.05,68307.69230769231,325.87251933772035
0.13,0.05,68307.69230769231,326.12085812362267
0.15,0.05,68307.69230769231,326.30677100296435
0.17,0.05,68307.69230769231,326.4307026811623
0.19,0.05,68307.69230769231,326.49269383719144
0.21,0.05,68307.69230769231,326.49269383719144
0.23,0.05,68307.69230769231,326.4307026811624
0.25,0.05,68307.69230769231,326.3067710029644
0.27,0.05,68307.69230769231,326.1208581236228
0.29,0.05,68307.69230769231,325.87251933772046
0.31,0.05,68307.69230769231,325.5603564513619
0.33,0.05,68307.69230769231,325.18111048849045
0.35,0.05,68307.69230769231,324.728195190474
0.37,0.05,68307.69230769231,324.18938632373425
0.39,0.05,68307.69230769231,323.5434622449657
0.01,0.07,68307.69230769231,323.63960593881643
0.03,0.07,68307.69230769231,324.47128811799865
0.05,0.07,68307.69230769231,325.1811104884904
0.07,0.07,68307.69230769231,325.7864001083034
0.09,0.07,68307.69230769231,326.2977050706766
0.11,0.07,68307.69230769231,326.72082480790374
0.13,0.07,68307.69230769231,327.0585345069589
0.15,0.07,68307.69230769231,327.3118534546233
0.17,0.07,68307.69230769231,327.48091503500194
0.19,0.07,68307.69230769231,327.5655318067285
0.21,0.07,68307.69230769231,327.5655318067284
0.23,0.07,68307.69230769231,327.48091503500194
0.25,0.07,68307.69230769231,327.31185345462336
0.27,0.07,68307.69230769231,327.0585345069589
0.29,0.07,68307.69230769231,326.7208248079039
0.31,0.07,68307.69230769231,326.2977050706767
0.33,0.07,68307.69230769231,325.7864001083035
0.35,0.07,68307.69230769231,325.1811104884905
0.37,0.07,68307.69230769231,324.4712881179987
0.39,0.07,68307.69230769231,323.6396059388165
0.01,0.09,68307.69230769231,323.7187160324558
0.03,0.09,68307.69230769231,324.7051328665537
0.05,0.09,68307.69230769231,325.5603564513619
0.07,0.09,68307.69230769231,326.29770507067667
0.09,0.09,68307.69230769231,326.9251831406657
0.11,0.09,68307.69230769231,327.4469612422075
0.13,0.09,68307.69230769231,327.8647179326166
0.15,0.09,68307.69230769231,328.17870045206547
0.17,0.09,68307.69230769231,328.38849850043874
0.19,0.09,68307.69230769231,328.493571190836
0.21,0.09,68307.69230769231,328.493571190836
0.23,0.09,68307.69230769231,328.3884985004388
0.25,0.09,68307.69230769231,328.1787004520655
0.27,0.09,68307.69230769231,327.8647179326167
0.29,0.09,68307.69230769231,327.4469612422077
0.31,0.09,68307.69230769231,326.9251831406658
0.33,0.09,68307.69230769231,326.2977050706767
0.35,0.09,68307.69230769231,325.56035645136194
0.37,0.09,68307.69230769231,324.7051328665537
0.39,0.09,68307.69230769231,323.71871603245586
0.01,0.11,68307.69230769231,323.7832591754688
0.03,0.11,68307.69230769231,324.89662571784675
0.05,0.11,68307.69230769231,325.8725193377204
0.07,0.11,68307.69230769231,326.7208248079038
0.09,0.11,68307.69230769231,327.4469612422075
0.11,0.11,68307.69230769231,328.0532242375185
0.13,0.11,68307.69230769231,328.5399457984521
0.15,0.11,68307.69230769231,328.90641298771845
0.17,0.11,68307.69230769231,329.1515505232547
0.19,0.11,68307.69230769231,329.2743956686571
0.21,0.11,68307.69230769231,329.27439566865706
0.23,0.11,68307.69230769231,329.1515505232547
0.25,0.11,68307.69230769231,328.9064129877185
0.27,0.11,68307.69230769231,328.5399457984522
0.29,0.11,68307.69230769231,328.0532242375187
0.31,0.11,68307.69230769231,327.4469612422077
0.33,0.11,68307.69230769231,326.72082480790385
0.35,0.11,68307.69230769231,325.87251933772046
0.37,0.11,68307.69230769231,324.89662571784686
0.39,0.11,68307.69230769231,323.78325917546886
0.01,0.13,68307.69230769231,323.8343600341269
0.03,0.13,68307.69230769231,325.0485223511304
0.05,0.13,68307.69230769231,326.1208581236228
0.07,0.13,68307.69230769231,327.0585345069589
0.09,0.13,68307.69230769231,327.8647179326166
0.11,0.13,68307.69230769231,328.5399457984521
0.13,0.13,68307.69230769231,329.08322697876736
0.15,0.13,68307.69230769231,329.4928831590515
0.17,0.13,68307.69230769231,329.7671662127336
0.19,0.13,68307.69230769231,329.90468743401766
0.21,0.13,68307.69230769231,329.90468743401766
0.23,0.13,68307.69230769231,329.7671662127336
0.25,0.13,68307.69230769231,329.4928831590516
0.27,0.13,68307.69230769231,329.0832269787674
0.29,0.13,68307.69230769231,328.53994579845227
0.31,0.13,68307.69230769231,327.8647179326167
0.33,0.13,68307.69230769231,327.058534506959
0.35,0.13,68307.69230769231,326.1208581236228
0.37,0.13,68307.69230769231,325.0485223511304
0.39,0.13,68307.69230769231,323.834360034127
0.01,0.15,68307.69230769231,323.87251213033693
0.03,0.15,68307.69230769231,325.1620447660234
0.05,0.15,68307.69230769231,326.3067710029644
0.07,0.15,68307.69230769231,327.3118534546233
0.09,0.15,68307.69230769231,328.1787004520654
0.11,0.15,68307.69230769231,328.90641298771845
0.13,0.15,68307.69230769231,329.4928831590514
0.15,0.15,68307.69230769231,329.9356013166245
0.17,0.15,68307.69230769231,330.2322339506393
0.19,0.15,68307.69230769231,330.38102028791246
0.21,0.15,68307.69230769231,330.38102028791246
0.23,0.15,68307.69230769231,330.2322339506393
0.25,0.15,68307.69230769231,329.93560131662457
0.27,0.15,68307.69230769231,329.4928831590516
0.29,0.15,68307.69230769231,328.90641298771857
0.31,0.15,68307.69230769231,328.17870045206547
0.33,0.15,68307.69230769231,327.31185345462336
0.35,0.15,68307.69230769231,326.3067710029644
0.37,0.15,68307.69230769231,325.1620447660235
0.39,0.15,68307.69230769231,323.872512130337
0.01,0.17,68307.69230769231,323.89790624801776
0.03,0.17,68307.69230769231,325.2376477812225
0.05,0.17,68307.69230769231,326.4307026811623
0.07,0.17,68307.69230769231,327.4809150350019
0.09,0.17,68307.69230769231,328.3884985004387
0.11,0.17,68307.69230769231,329.15155052325457
0.13,0.17,68307.69230769231,329.7671662127335
0.15,0.17,68307.69230769231,330.2322339506393
0.17,0.17,68307.69230769231,330.5439926116298
0.19,0.17,68307.69230769231,330.700408380164
0.21,0.17,68307.69230769231,330.700408380164
0.23,0.17,68307.69230769231,330.5439926116298
0.25,0.17,68307.69230769231,330.2322339506393
0.27,0.17,68307.69230769231,329.7671662127336
0.29,0.17,68307.69230769231,329.1515505232547
0.31,0.17,68307.69230769231,328.3884985004387
0.33,0.17,68307.69230769231,327.4809150350019
0.35,0.17,68307.69230769231,326.4307026811624
0.37,0.17,68307.69230769231,325.23764778122256
0.39,0.17,68307.69230769231,323.89790624801776
0.01,0.19,68307.69230769231,323.9105987007296
0.03,0.19,68307.69230769231,325.2754461876268
0.05,0.19,68307.69230769231,326.4926938371914
0.07,0.19,68307.69230769231,327.5655318067284
0.09,0.19,68307.69230769231,328.4935711908359
0.11,0.19,68307.69230769231,329.274395668657
0.13,0.19,68307.69230769231,329.90468743401755
0.15,0.19,68307.69230769231,330.3810202879124
0.17,0.19,68307.69230769231,330.700408380164
0.19,0.19,68307.69230769231,330.8606739375165
0.21,0.19,68307.69230769231,330.86067393751654
0.23,0.19,68307.69230769231,330.700408380164
0.25,0.19,68307.69230769231,330.38102028791246
0.27,0.19,68307.69230769231,329.9046874340176
0.29,0.19,68307.69230769231,329.27439566865706
0.31,0.19,68307.69230769231,328.49357119083595
0.33,0.19,68307.69230769231,327.5655318067284
0.35,0.19,68307.69230769231,326.49269383719144
0.37,0.19,68307.69230769231,325.27544618762687
0.39,0.19,68307.69230769231,323.9105987007297
0.01,0.21,68307.69230769231,323.9105987007296
0.03,0.21,68307.69230769231,325.2754461876268
0.05,0.21,68307.69230769231,326.4926938371914
0.07,0.21,68307.69230769231,327.5655318067283
0.09,0.21,68307.69230769231,328.4935711908359
0.11,0.21,68307.69230769231,329.27439566865706
0.13,0.21,68307.69230769231,329.90468743401755
0.15,0.21,68307.69230769231,330.3810202879124
0.17,0.21,68307.69230769231,330.70040838016394
0.19,0.21,68307.69230769231,330.86067393751654
0.21,0.21,68307.69230769231,330.86067393751654
0.23,0.21,68307.69230769231,330.70040838016405
0.25,0.21,68307.69230769231,330.38102028791246
0.27,0.21,68307.69230769231,329.9046874340176
0.29,0.21,68307.69230769231,329.27439566865706
0.31,0.21,68307.69230769231,328.49357119083595
0.33,0.21,68307.69230769231,327.5655318067284
0.35,0.21,68307.69230769231,326.49269383719144
0.37,0.21,68307.69230769231,325.27544618762687
0.39,0.21,68307.69230769231,323.9105987007297
0.01,0.23,68307.69230769231,323.89790624801776
0.03,0.23,68307.69230769231,325.2376477812225
0.05,0.23,68307.69230769231,326.4307026811623
0.07,0.23,68307.69230769231,327.4809150350019
0.09,0.23,68307.69230769231,328.3884985004387
0.11,0.23,68307.69230769231,329.1515505232546
0.13,0.23,68307.69230769231,329.7671662127335
0.15,0.23,68307.69230769231,330.2322339506393
0.17,0.23,68307.69230769231,330.54399261162973
0.19,0.23,68307.69230769231,330.700408380164
0.21,0.23,68307.69230769231,330.70040838016405
0.23,0.23,68307.69230769231,330.5439926116298
0.25,0.23,68307.69230769231,330.2322339506393
0.27,0.23,68307.69230769231,329.7671662127335
0.29,0.23,68307.69230769231,329.1515505232546
0.31,0.23,68307.69230769231,328.3884985004387
0.33,0.23,68307.69230769231,327.48091503500183
0.35,0.23,68307.69230769231,326.4307026811624
0.37,0.23,68307.69230769231,325.23764778122256
0.39,0.23,68307.69230769231,323.89790624801776
0.01,0.25,68307.69230769231,323.87251213033693
0.03,0.25,68307.69230769231,325.1620447660234
0.05,0.25,68307.69230769231,326.30677100296435
0.07,0.25,68307.69230769231,327.3118534546233
0.09,0.25,68307.69230769231,328.1787004520654
0.11,0.25,68307.69230769231,328.90641298771845
0.13,0.25,68307.69230769231,329.4928831590516
0.15,0.25,68307.69230769231,329.9356013166245
0.17,0.25,68307.69230769231,330.2322339506393
0.19,0.25,68307.69230769231,330.38102028791246
0.21,0.25,68307.69230769231,330.3810202879125
0.23,0.25,68307.69230769231,330.2322339506393
0.25,0.25,68307.69230769231,329.93560131662457
0.27,0.25,68307.69230769231,329.4928831590515
0.29,0.25,68307.69230769231,328.90641298771845
0.31,0.25,68307.69230769231,328.17870045206547
0.33,0.25,68307.69230769231,327.3118534546233
0.35,0.25,68307.69230769231,326.3067710029644
0.37,0.25,68307.69230769231,325.1620447660234
0.39,0.25,68307.69230769231,323.87251213033693
0.01,0.27,68307.69230769231,323.8343600341269
0.03,0.27,68307.69230769231,325.0485223511304
0.05,0.27,68307.69230769231,326.1208581236228
0.07,0.27,68307.69230769231,327.0585345069589
0.09,0.27,68307.69230769231,327.86471793261666
0.11,0.27,68307.69230769231,328.5399457984521
0.13,0.27,68307.69230769231,329.08322697876736
0.15,0.27,68307.69230769231,329.4928831590515
0.17,0.27,68307.69230769231,329.7671662127336
0.19,0.27,68307.69230769231,329.90468743401766
0.21,0.27,68307.69230769231,329.90468743401766
0.23,0.27,68307.69230769231,329.7671662127336
0.25,0.27,68307.69230769231,329.4928831590516
0.27,0.27,68307.69230769231,329.0832269787674
0.29,0.27,68307.69230769231,328.5399457984522
0.31,0.27,68307.69230769231,327.8647179326167
0.33,0.27,68307.69230769231,327.0585345069589
0.35,0.27,68307.69230769231,326.1208581236228
0.37,0.27,68307.69230769231,325.0485223511304
0.39,0.27,68307.69230769231,323.8343600341269
0.01,0.29,68307.69230769231,323.7832591754688
0.03,0.29,68307.69230769231,324.8966257178468
0.05,0.29,68307.69230769231,325.87251933772046
0.07,0.29,68307.69230769231,326.72082480790385
0.09,0.29,68307.69230769231,327.44696124220764
0.11,0.29,68307.69230769231,328.0532242375186
0.13,0.29,68307.69230769231,328.5399457984521
0.15,0.29,68307.69230769231,328.90641298771845
0.17,0.29,68307.69230769231,329.1515505232547
0.19,0.29,68307.69230769231,329.27439566865706
0.21,0.29,68307.69230769231,329.27439566865706
0.23,0.29,68307.69230769231,329.1515505232546
0.25,0.29,68307.69230769231,328.9064129877185
0.27,0.29,68307.69230769231,328.5399457984522
0.29,0.29,68307.69230769231,328.05322423751863
0.31,0.29,68307.69230769231,327.44696124220764
0.33,0.29,68307.69230769231,326.72082480790385
0.35,0.29,68307.69230769231,325.87251933772046
0.37,0.29,68307.69230769231,324.8966257178468
0.39,0.29,68307.69230769231,323.7832591754688
0.01,0.31,68307.69230769231,323.71871603245586
0.03,0.31,68307.69230769231,324.7051328665537
0.05,0.31,68307.69230769231,325.5603564513619
0.07,0.31,68307.69230769231,326.29770507067667
0.09,0.31,68307.69230769231,326.9251831406657
0.11,0.31,68307.69230769231,327.44696124220764
0.13,0.31,68307.69230769231,327.8647179326166
0.15,0.31,68307.69230769231,328.1787004520654
0.17,0.31,68307.69230769231,328.38849850043874
0.19,0.31,68307.69230769231,328.493571190836
0.21,0.31,68307.69230769231,328.49357119083595
0.23,0.31,68307.69230769231,328.3884985004387
0.25,0.31,68307.69230769231,328.17870045206547
0.27,0.31,68307.69230769231,327.86471793261666
0.29,0.31,68307.69230769231,327.44696124220764
0.31,0.31,68307.69230769231,326.9251831406658
0.33,0.31,68307.69230769231,326.2977050706767
0.35,0.31,68307.69230769231,325.5603564513619
0.37,0.31,68307.69230769231,324.7051328665537
0.39,0.31,68307.69230769231,323.71871603245586
0.01,0.33,68307.69230769231,323.6396059388165
0.03,0.33,68307.69230769231,324.47128811799865
0.05,0.33,68307.69230769231,325.1811104884904
0.07,0.33,68307.69230769231,325.78640010830344
0.09,0.33,68307.69230769231,326.29770507067667
0.11,0.33,68307.69230769231,326.72082480790385
0.13,0.33,68307.69230769231,327.0585345069589
0.15,0.33,68307.69230769231,327.3118534546233
0.17,0.33,68307.69230769231,327.4809150350019
0.19,0.33,68307.69230769231,327.5655318067284
0.21,0.33,68307.69230769231,327.5655318067284
0.23,0.33,68307.69230769231,327.4809150350019
0.25,0.33,68307.69230769231,327.3118534546233
0.27,0.33,68307.69230769231,327.0585345069589
0.29,0.33,68307.69230769231,326.72082480790385
0.31,0.33,68307.69230769231,326.2977050706767
0.33,0.33,68307.69230769231,325.78640010830344
0.35,0.33,68307.69230769231,325.18111048849045
0.37,0.33,68307.69230769231,324.47128811799865
0.39,0.33,68307.69230769231,323.63960593881654
0.01,0.35,68307.69230769231,323.5434622449657
0.03,0.35,68307.69230769231,324.1893863237342
0.05,0.35,68307.69230769231,324.72819519047385
0.07,0.35,68307.69230769231,325.1811104884904
0.09,0.35,68307.69230769231,325.5603564513618
0.11,0.35,68307.69230769231,325.8725193377204
0.13,0.35,68307.69230769231,326.1208581236228
0.15,0.35,68307.69230769231,326.3067710029644
0.17,0.35,68307.69230769231,326.43070268116224
0.19,0.35,68307.69230769231,326.4926938371914
0.21,0.35,68307.69230769231,326.4926938371914
0.23,0.35,68307.69230769231,326.4307026811623
0.25,0.35,68307.69230769231,326.30677100296435
0.27,0.35,68307.69230769231,326.1208581236227
0.29,0.35,68307.69230769231,325.87251933772046
0.31,0.35,68307.69230769231,325.5603564513618
0.33,0.35,68307.69230769231,325.1811104884904
0.35,0.35,68307.69230769231,324.7281951904739
0.37,0.35,68307.69230769231,324.1893863237342
0.39,0.35,68307.69230769231,323.5434622449657
0.01,0.37,68307.69230769231,323.4246572388525
0.03,0.37,68307.69230769231,323.8480299476803
0.05,0.37,68307.69230769231,324.1893863237342
0.07,0.37,68307.69230769231,324.47128811799865
0.09,0.37,68307.69230769231,324.7051328665537
0.11,0.37,68307.69230769231,324.89662571784675
0.13,0.37,68307.69230769231,325.0485223511303
0.15,0.37,68307.69230769231,325.1620447660235
0.17,0.37,68307.69230769231,325.2376477812225
0.19,0.37,68307.69230769231,325.2754461876268
0.21,0.37,68307.69230769231,325.2754461876268
0.23,0.37,68307.69230769231,325.23764778122256
0.25,0.37,68307.69230769231,325.1620447660234
0.27,0.37,68307.69230769231,325.04852235113026
0.29,0.37,68307.69230769231,324.89662571784675
0.31,0.37,68307.69230769231,324.7051328665537
0.33,0.37,68307.69230769231,324.47128811799865
0.35,0.37,68307.69230769231,324.1893863237342
0.37,0.37,68307.69230769231,323.8480299476803
0.39,0.37,68307.69230769231,323.4246572388525
0.01,0.39,68307.69230769231,323.2687338782568
0.03,0.39,68307.69230769231,323.4246572388525
0.05,0.39,68307.69230769231,323.5434622449657
0.07,0.39,68307.69230769231,323.6396059388165
0.09,0.39,68307.69230769231,323.7187160324558
0.11,0.39,68307.69230769231,323.7832591754688
0.13,0.39,68307.69230769231,323.8343600341269
0.15,0.39,68307.69230769231,323.872512130337
0.17,0.39,68307.69230769231,323.89790624801776
0.19,0.39,68307.69230769231,323.9105987007296
0.21,0.39,68307.69230769231,323.9105987007296
0.23,0.39,68307.69230769231,323.89790624801776
0.25,0.39,68307.69230769231,323.87251213033693
0.27,0.39,68307.69230769231,323.8343600341269
0.29,0.39,68307.69230769231,323.7832591754688
0.31,0.39,68307.69230769231,323.7187160324558
0.33,0.39,68307.69230769231,323.6396059388165
0.35,0.39,68307.69230769231,323.5434622449657
0.37,0.39,68307.69230769231,323.4246572388525
0.39,0.39,68307.69230769231,323.2687338782568
0.01,0.01,70153.84615384616,323.2631727641645
0.03,0.01,70153.84615384616,323.41087888117767
0.05,0.01,70153.84615384616,323.5228772818144
0.07,0.01,70153.84615384616,323.6131837628548
0.09,0.01,70153.84615384616,323.6872899022672
0.11,0.01,70153.84615384616,323.74762958223096
0.13,0.01,70153.84615384616,323.7953329998967
0.15,0.01,70153.84615384616,323.83091216153554
0.17,0.01,70153.84615384616,323.854577771814
0.19,0.01,70153.84615384616,323.8664017605921
0.21,0.01,70153.84615384616,323.8664017605921
0.23,0.01,70153.84615384616,323.85457777181404
0.25,0.01,70153.84615384616,323.8309121615356
0.27,0.01,70153.84615384616,323.79533299989674
0.29,0.01,70153.84615384616,323.747629582231
0.31,0.01,70153.84615384616,323.68728990226725
0.33,0.01,70153.84615384616,323.6131837628549
0.35,0.01,70153.84615384616,323.52287728181443
0.37,0.01,70153.84615384616,323.4108788811777
0.39,0.01,70153.84615384616,323.2631727641645
0.01,0.03,70153.84615384616,323.41087888117767
0.03,0.03,70153.84615384616,323.81122927557374
0.05,0.03,70153.84615384616,324.1327598859047
0.07,0.03,70153.84615384616,324.39744098747525
0.09,0.03,70153.84615384616,324.61645366714254
0.11,0.03,70153.84615384616,324.7954627136652
0.13,0.03,70153.84615384616,324.9372602983324
0.15,0.03,70153.84615384616,325.0431312607016
0.17,0.03,70153.84615384616,325.1135929343807
0.19,0.03,70153.84615384616,325.14880790620623
0.21,0.03,70153.84615384616,325.14880790620623
0.23,0.03,70153.84615384616,325.11359293438073
0.25,0.03,70153.84615384616,325.0431312607016
0.27,0.03,70153.84615384616,324.93726029833243
0.29,0.03,70153.84615384616,324.79546271366524
0.31,0.03,70153.84615384616,324.6164536671426
0.33,0.03,70153.84615384616,324.3974409874753
0.35,0.03,70153.84615384616,324.1327598859048
0.37,0.03,70153.84615384616,323.81122927557385
0.39,0.03,70153.84615384616,323.4108788811777
0.01,0.05,70153.84615384616,323.5228772818144
0.03,0.05,70153.84615384616,324.1327598859047
0.05,0.05,70153.84615384616,324.6398065204045
0.07,0.05,70153.84615384616,325.0648258500422
0.09,0.05,70153.84615384616,325.41991477888183
0.11,0.05,70153.84615384616,325.7116895695734
0.13,0.05,70153.84615384616,325.9435114757057
0.15,0.05,70153.84615384616,326.11690108558935
0.17,0.05,70153.84615384616,326.232414537744
0.19,0.05,70153.84615384616,326.29017488783927
0.21,0.05,70153.84615384616,326.29017488783927
0.23,0.05,70153.84615384616,326.232414537744
0.25,0.05,70153.84615384616,326.1169010855894
0.27,0.05,70153.84615384616,325.9435114757058
0.29,0.05,70153.84615384616,325.71168956957354
0.31,0.05,70153.84615384616,325.41991477888195
0.33,0.05,70153.84615384616,325.06482585004227
0.35,0.05,70153.84615384616,324.6398065204046
0.37,0.05,70153.84615384616,324.1327598859048
0.39,0.05,70153.84615384616,323.52287728181443
0.01,0.07,70153.84615384616,323.6131837628548
0.03,0.07,70153.84615384616,324.3974409874753
0.05,0.07,70153.84615384616,325.0648258500422
0.07,0.07,70153.84615384616,325.6325127658513
0.09,0.07,70153.84615384616,326.1110914114233
0.11,0.07,70153.84615384616,326.50651235094074
0.13,0.07,70153.84615384616,326.821746494789
0.15,0.07,70153.84615384616,327.0580087386704
0.17,0.07,70153.84615384616,327.2155989348465
0.19,0.07,70153.84615384616,327.29444901096883
0.21,0.07,70153.84615384616,327.29444901096883
0.23,0.07,70153.84615384616,327.2155989348465
0.25,0.07,70153.84615384616,327.0580087386704
0.27,0.07,70153.84615384616,326.82174649478907
0.29,0.07,70153.84615384616,326.50651235094085
0.31,0.07,70153.84615384616,326.1110914114234
0.33,0.07,70153.84615384616,325.6325127658514
0.35,0.07,70153.84615384616,325.0648258500423
0.37,0.07,70153.84615384616,324.39744098747536
0.39,0.07,70153.84615384616,323.6131837628549
0.01,0.09,70153.84615384616,323.6872899022672
0.03,0.09,70153.84615384616,324.61645366714254
0.05,0.09,70153.84615384616,325.4199147788819
0.07,0.09,70153.84615384616,326.11109141142333
0.09,0.09,70153.84615384616,326.69821756674685
0.11,0.09,70153.84615384616,327.1857554575543
0.13,0.09,70153.84615384616,327.57568567505695
0.15,0.09,70153.84615384616,327.8685311344633
0.17,0.09,70153.84615384616,328.06410599802894
0.19,0.09,70153.84615384616,328.16202669178284
0.21,0.09,70153.84615384616,328.16202669178284
0.23,0.09,70153.84615384616,328.064105998029
0.25,0.09,70153.84615384616,327.8685311344633
0.27,0.09,70153.84615384616,327.575685675057
0.29,0.09,70153.84615384616,327.1857554575544
0.31,0.09,70153.84615384616,326.69821756674696
0.33,0.09,70153.84615384616,326.11109141142344
0.35,0.09,70153.84615384616,325.41991477888195
0.37,0.09,70153.84615384616,324.6164536671426
0.39,0.09,70153.84615384616,323.68728990226725
0.01,0.11,70153.84615384616,323.747629582231
0.03,0.11,70153.84615384616,324.7954627136652
0.05,0.11,70153.84615384616,325.7116895695735
0.07,0.11,70153.84615384616,326.50651235094074
0.09,0.11,70153.84615384616,327.18575545755425
0.11,0.11,70153.84615384616,327.75214332220224
0.13,0.11,70153.84615384616,328.2064152080809
0.15,0.11,70153.84615384616,328.5482127593671
0.17,0.11,70153.84615384616,328.7767416788544
0.19,0.11,70153.84615384616,328.89123311830184
0.21,0.11,70153.84615384616,328.89123311830184
0.23,0.11,70153.84615384616,328.7767416788544
0.25,0.11,70153.84615384616,328.5482127593671
0.27,0.11,70153.84615384616,328.206415208081
0.29,0.11,70153.84615384616,327.7521433222024
0.31,0.11,70153.84615384616,327.1857554575544
0.33,0.11,70153.84615384616,326.50651235094085
0.35,0.11,70153.84615384616,325.71168956957354
0.37,0.11,70153.84615384616,324.79546271366524
0.39,0.11,70153.84615384616,323.747629582231
0.01,0.13,70153.84615384616,323.7953329998968
0.03,0.13,70153.84615384616,324.9372602983324
0.05,0.13,70153.84615384616,325.9435114757057
0.07,0.13,70153.84615384616,326.8217464947889
0.09,0.13,70153.84615384616,327.5756856750569
0.11,0.13,70153.84615384616,328.20641520808084
0.13,0.13,70153.84615384616,328.7134449025139
0.15,0.13,70153.84615384616,329.0955217403747
0.17,0.13,70153.84615384616,329.3512292345689
0.19,0.13,70153.84615384616,329.47940525969324
0.21,0.13,70153.84615384616,329.47940525969324
0.23,0.13,70153.84615384616,329.3512292345689
0.25,0.13,70153.84615384616,329.09552174037475
0.27,0.13,70153.84615384616,328.713444902514
0.29,0.13,70153.84615384616,328.206415208081
0.31,0.13,70153.84615384616,327.575685675057
0.33,0.13,70153.84615384616,326.8217464947891
0.35,0.13,70153.84615384616,325.94351147570575
0.37,0.13,70153.84615384616,324.93726029833243
0.39,0.13,70153.84615384616,323.7953329998968
0.01,0.15,70153.84615384616,323.8309121615356
0.03,0.15,70153.84615384616,325.0431312607016
0.05,0.15,70153.84615384616,326.1169010855893
0.07,0.15,70153.84615384616,327.0580087386703
0.09,0.15,70153.84615384616,327.8685311344632
0.11,0.15,70153.84615384616,328.548212759367
0.13,0.15,70153.84615384616,329.09552174037464
0.15,0.15,70153.84615384616,329.50843090461143
0.17,0.15,70153.84615384616,329.78497949544817
0.19,0.15,70153.84615384616,329.9236598808023
0.21,0.15,70153.84615384616,329.92365988080235
0.23,0.15,70153.84615384616,329.78497949544817
0.25,0.15,70153.84615384616,329.50843090461154
0.27,0.15,70153.84615384616,329.0955217403748
0.29,0.15,70153.84615384616,328.5482127593671
0.31,0.15,70153.84615384616,327.8685311344633
0.33,0.15,70153.84615384616,327.0580087386704
0.35,0.15,70153.84615384616,326.1169010855894
0.37,0.15,70153.84615384616,325.0431312607016
0.39,0.15,70153.84615384616,323.8309121615356
0.01,0.17,70153.84615384616,323.854577771814
0.03,0.17,70153.84615384616,325.1135929343807
0.05,0.17,70153.84615384616,326.23241453774386
0.07,0.17,70153.84615384616,327.2155989348464
0.09,0.17,70153.84615384616,328.0641059980288
0.11,0.17,70153.84615384616,328.7767416788543
0.13,0.17,70153.84615384616,329.3512292345688
0.15,0.17,70153.84615384616,329.7849794954481
0.17,0.17,70153.84615384616,330.0756329478131
0.19,0.17,70153.84615384616,330.2214275971097
0.21,0.17,70153.84615384616,330.22142759710977
0.23,0.17,70153.84615384616,330.0756329478132
0.25,0.17,70153.84615384616,329.78497949544817
0.27,0.17,70153.84615384616,329.35122923456896
0.29,0.17,70153.84615384616,328.7767416788544
0.31,0.17,70153.84615384616,328.06410599802894
0.33,0.17,70153.84615384616,327.2155989348465
0.35,0.17,70153.84615384616,326.232414537744
0.37,0.17,70153.84615384616,325.11359293438073
0.39,0.17,70153.84615384616,323.85457777181404
0.01,0.19,70153.84615384616,323.8664017605921
0.03,0.19,70153.84615384616,325.1488079062062
0.05,0.19,70153.84615384616,326.2901748878392
0.07,0.19,70153.84615384616,327.2944490109687
0.09,0.19,70153.84615384616,328.1620266917828
0.11,0.19,70153.84615384616,328.8912331183017
0.13,0.19,70153.84615384616,329.4794052596931
0.15,0.19,70153.84615384616,329.92365988080223
0.17,0.19,70153.84615384616,330.2214275971097
0.19,0.19,70153.84615384616,330.37081208636124
0.21,0.19,70153.84615384616,330.37081208636124
0.23,0.19,70153.84615384616,330.2214275971098
0.25,0.19,70153.84615384616,329.92365988080235
0.27,0.19,70153.84615384616,329.47940525969324
0.29,0.19,70153.84615384616,328.89123311830184
0.31,0.19,70153.84615384616,328.1620266917828
0.33,0.19,70153.84615384616,327.2944490109688
0.35,0.19,70153.84615384616,326.29017488783927
0.37,0.19,70153.84615384616,325.1488079062063
0.39,0.19,70153.84615384616,323.8664017605921
0.01,0.21,70153.84615384616,323.86640176059205
0.03,0.21,70153.84615384616,325.1488079062062
0.05,0.21,70153.84615384616,326.2901748878392
0.07,0.21,70153.84615384616,327.2944490109687
0.09,0.21,70153.84615384616,328.1620266917827
0.11,0.21,70153.84615384616,328.8912331183017
0.13,0.21,70153.84615384616,329.4794052596931
0.15,0.21,70153.84615384616,329.92365988080223
0.17,0.21,70153.84615384616,330.2214275971097
0.19,0.21,70153.84615384616,330.3708120863613
0.21,0.21,70153.84615384616,330.37081208636124
0.23,0.21,70153.84615384616,330.22142759710977
0.25,0.21,70153.84615384616,329.9236598808023
0.27,0.21,70153.84615384616,329.47940525969324
0.29,0.21,70153.84615384616,328.89123311830184
0.31,0.21,70153.84615384616,328.16202669178284
0.33,0.21,70153.84615384616,327.2944490109688
0.35,0.21,70153.84615384616,326.29017488783927
0.37,0.21,70153.84615384616,325.1488079062063
0.39,0.21,70153.84615384616,323.86640176059217
0.01,0.23,70153.84615384616,323.854577771814
0.03,0.23,70153.84615384616,325.1135929343807
0.05,0.23,70153.84615384616,326.2324145377439
0.07,0.23,70153.84615384616,327.2155989348464
0.09,0.23,70153.84615384616,328.0641059980288
0.11,0.23,70153.84615384616,328.7767416788543
0.13,0.23,70153.84615384616,329.3512292345688
0.15,0.23,70153.84615384616,329.7849794954481
0.17,0.23,70153.84615384616,330.0756329478131
0.19,0.23,70153.84615384616,330.22142759710977
0.21,0.23,70153.84615384616,330.22142759710977
0.23,0.23,70153.84615384616,330.0756329478132
0.25,0.23,70153.84615384616,329.78497949544817
0.27,0.23,70153.84615384616,329.3512292345689
0.29,0.23,70153.84615384616,328.7767416788544
0.31,0.23,70153.84615384616,328.06410599802894
0.33,0.23,70153.84615384616,327.21559893484647
0.35,0.23,70153.84615384616,326.232414537744
0.37,0.23,70153.84615384616,325.11359293438073
0.39,0.23,70153.84615384616,323.85457777181404
0.01,0.25,70153.84615384616,323.8309121615356
0.03,0.25,70153.84615384616,325.0431312607016
0.05,0.25,70153.84615384616,326.11690108558935
0.07,0.25,70153.84615384616,327.0580087386704
0.09,0.25,70153.84615384616,327.8685311344632
0.11,0.25,70153.84615384616,328.54821275936706
0.13,0.25,70153.84615384616,329.0955217403747
0.15,0.25,70153.84615384616,329.5084309046115
0.17,0.25,70153.84615384616,329.78497949544817
0.19,0.25,70153.84615384616,329.9236598808023
0.21,0.25,70153.84615384616,329.9236598808023
0.23,0.25,70153.84615384616,329.78497949544817
0.25,0.25,70153.84615384616,329.5084309046116
0.27,0.25,70153.84615384616,329.09552174037475
0.29,0.25,70153.84615384616,328.5482127593671
0.31,0.25,70153.84615384616,327.86853113446324
0.33,0.25,70153.84615384616,327.0580087386704
0.35,0.25,70153.84615384616,326.1169010855894
0.37,0.25,70153.84615384616,325.04313126070167
0.39,0.25,70153.84615384616,323.8309121615356
0.01,0.27,70153.84615384616,323.7953329998968
0.03,0.27,70153.84615384616,324.9372602983324
0.05,0.27,70153.84615384616,325.94351147570575
0.07,0.27,70153.84615384616,326.82174649478907
0.09,0.27,70153.84615384616,327.57568567505695
0.11,0.27,70153.84615384616,328.2064152080809
0.13,0.27,70153.84615384616,328.7134449025139
0.15,0.27,70153.84615384616,329.0955217403747
0.17,0.27,70153.84615384616,329.3512292345689
0.19,0.27,70153.84615384616,329.47940525969324
0.21,0.27,70153.84615384616,329.47940525969324
0.23,0.27,70153.84615384616,329.3512292345689
0.25,0.27,70153.84615384616,329.09552174037475
0.27,0.27,70153.84615384616,328.713444902514
0.29,0.27,70153.84615384616,328.2064152080809
0.31,0.27,70153.84615384616,327.575685675057
0.33,0.27,70153.84615384616,326.82174649478907
0.35,0.27,70153.84615384616,325.9435114757058
0.37,0.27,70153.84615384616,324.93726029833243
0.39,0.27,70153.84615384616,323.7953329998968
0.01,0.29,70153.84615384616,323.747629582231
0.03,0.29,70153.84615384616,324.79546271366524
0.05,0.29,70153.84615384616,325.71168956957354
0.07,0.29,70153.84615384616,326.5065123509408
0.09,0.29,70153.84615384616,327.1857554575543
0.11,0.29,70153.84615384616,327.7521433222023
0.13,0.29,70153.84615384616,328.2064152080809
0.15,0.29,70153.84615384616,328.5482127593671
0.17,0.29,70153.84615384616,328.7767416788544
0.19,0.29,70153.84615384616,328.8912331183018
0.21,0.29,70153.84615384616,328.89123311830184
0.23,0.29,70153.84615384616,328.7767416788544
0.25,0.29,70153.84615384616,328.5482127593671
0.27,0.29,70153.84615384616,328.2064152080809
0.29,0.29,70153.84615384616,327.7521433222024
0.31,0.29,70153.84615384616,327.1857554575544
0.33,0.29,70153.84615384616,326.50651235094085
0.35,0.29,70153.84615384616,325.71168956957354
0.37,0.29,70153.84615384616,324.79546271366524
0.39,0.29,70153.84615384616,323.747629582231
0.01,0.31,70153.84615384616,323.68728990226725
0.03,0.31,70153.84615384616,324.61645366714254
0.05,0.31,70153.84615384616,325.4199147788819
0.07,0.31,70153.84615384616,326.1110914114234
0.09,0.31,70153.84615384616,326.6982175667469
0.11,0.31,70153.84615384616,327.1857554575543
0.13,0.31,70153.84615384616,327.5756856750569
0.15,0.31,70153.84615384616,327.86853113446324
0.17,0.31,70153.84615384616,328.06410599802894
0.19,0.31,70153.84615384616,328.1620266917828
0.21,0.31,70153.84615384616,328.16202669178284
0.23,0.31,70153.84615384616,328.06410599802894
0.25,0.31,70153.84615384616,327.86853113446324
0.27,0.31,70153.84615384616,327.57568567505695
0.29,0.31,70153.84615384616,327.1857554575544
0.31,0.31,70153.84615384616,326.6982175667469
0.33,0.31,70153.84615384616,326.1110914114234
0.35,0.31,70153.84615384616,325.41991477888195
0.37,0.31,70153.84615384616,324.6164536671426
0.39,0.31,70153.84615384616,323.68728990226725
0.01,0.33,70153.84615384616,323.6131837628549
0.03,0.33,70153.84615384616,324.3974409874753
0.05,0.33,70153.84615384616,325.0648258500422
0.07,0.33,70153.84615384616,325.63251276585135
0.09,0.33,70153.84615384616,326.1110914114234
0.11,0.33,70153.84615384616,326.50651235094074
0.13,0.33,70153.84615384616,326.821746494789
0.15,0.33,70153.84615384616,327.0580087386704
0.17,0.33,70153.84615384616,327.21559893484647
0.19,0.33,70153.84615384616,327.2944490109687
0.21,0.33,70153.84615384616,327.2944490109688
0.23,0.33,70153.84615384616,327.21559893484647
0.25,0.33,70153.84615384616,327.0580087386704
0.27,0.33,70153.84615384616,326.82174649478907
0.29,0.33,70153.84615384616,326.5065123509408
0.31,0.33,70153.84615384616,326.1110914114234
0.33,0.33,70153.84615384616,325.63251276585135
0.35,0.33,70153.84615384616,325.06482585004227
0.37,0.33,70153.84615384616,324.3974409874753
0.39,0.33,70153.84615384616,323.6131837628548
0.01,0.35,70153.84615384616,323.5228772818144
0.03,0.35,70153.84615384616,324.1327598859048
0.05,0.35,70153.84615384616,324.63980652040453
0.07,0.35,70153.84615384616,325.06482585004227
0.09,0.35,70153.84615384616,325.4199147788819
0.11,0.35,70153.84615384616,325.7116895695735
0.13,0.35,70153.84615384616,325.9435114757057
0.15,0.35,70153.84615384616,326.11690108558935
0.17,0.35,70153.84615384616,326.2324145377439
0.19,0.35,70153.84615384616,326.29017488783927
0.21,0.35,70153.84615384616,326.29017488783927
0.23,0.35,70153.84615384616,326.232414537744
0.25,0.35,70153.84615384616,326.11690108558935
0.27,0.35,70153.84615384616,325.94351147570575
0.29,0.35,70153.84615384616,325.71168956957354
0.31,0.35,70153.84615384616,325.41991477888195
0.33,0.35,70153.84615384616,325.06482585004227
0.35,0.35,70153.84615384616,324.6398065204046
0.37,0.35,70153.84615384616,324.1327598859048
0.39,0.35,70153.84615384616,323.5228772818144
0.01,0.37,70153.84615384616,323.4108788811777
0.03,0.37,70153.84615384616,323.8112292755738
0.05,0.37,70153.84615384616,324.1327598859048
0.07,0.37,70153.84615384616,324.3974409874753
0.09,0.37,70153.84615384616,324.61645366714254
0.11,0.37,70153.84615384616,324.7954627136652
0.13,0.37,70153.84615384616,324.9372602983323
0.15,0.37,70153.84615384616,325.0431312607016
0.17,0.37,70153.84615384616,325.1135929343807
0.19,0.37,70153.84615384616,325.14880790620623
0.21,0.37,70153.84615384616,325.14880790620623
0.23,0.37,70153.84615384616,325.11359293438073
0.25,0.37,70153.84615384616,325.0431312607016
0.27,0.37,70153.84615384616,324.93726029833243
0.29,0.37,70153.84615384616,324.79546271366524
0.31,0.37,70153.84615384616,324.61645366714265
0.33,0.37,70153.84615384616,324.39744098747536
0.35,0.37,70153.84615384616,324.1327598859048
0.37,0.37,70153.84615384616,323.8112292755738
0.39,0.37,70153.84615384616,323.41087888117767
0.01,0.39,70153.84615384616,323.2631727641645
0.03,0.39,70153.84615384616,323.4108788811777
0.05,0.39,70153.84615384616,323.52287728181443
0.07,0.39,70153.84615384616,323.6131837628549
0.09,0.39,70153.84615384616,323.68728990226725
0.11,0.39,70153.84615384616,323.74762958223096
0.13,0.39,70153.84615384616,323.7953329998968
0.15,0.39,70153.84615384616,323.83091216153554
0.17,0.39,70153.84615384616,323.854577771814
0.19,0.39,70153.84615384616,323.86640176059205
0.21,0.39,70153.84615384616,323.8664017605921
0.23,0.39,70153.84615384616,323.85457777181404
0.25,0.39,70153.84615384616,323.8309121615356
0.27,0.39,70153.84615384616,323.79533299989674
0.29,0.39,70153.84615384616,323.747629582231
0.31,0.39,70153.84615384616,323.6872899022673
0.33,0.39,70153.84615384616,323.6131837628549
0.35,0.39,70153.84615384616,323.5228772818144
0.37,0.39,70153.84615384616,323.41087888117767
0.39,0.39,70153.84615384616,323.2631727641645
0.01,0.01,72000.0,323.25798319352896
0.03,0.01,72000.0,323.3980451106151
0.05,0.01,72000.0,323.5037230423632
0.07,0.01,72000.0,323.5886144520512
0.09,0.01,72000.0,323.6580807214764
0.11,0.01,72000.0,323.71452352065666
0.13,0.01,72000.0,323.75907739656583
0.15,0.01,72000.0,323.79227126256967
0.17,0.01,72000.0,323.81433432165534
0.19,0.01,72000.0,323.82535309116435
0.21,0.01,72000.0,323.82535309116435
0.23,0.01,72000.0,323.8143343216554
0.25,0.01,72000.0,323.7922712625697
0.27,0.01,72000.0,323.75907739656594
0.29,0.01,72000.0,323.71452352065666
0.31,0.01,72000.0,323.6580807214765
0.33,0.01,72000.0,323.5886144520513
0.35,0.01,72000.0,323.5037230423632
0.37,0.01,72000.0,323.3980451106151
0.39,0.01,72000.0,323.25798319352896
0.01,0.03,72000.0,323.3980451106151
0.03,0.03,72000.0,323.7769942083436
0.05,0.03,72000.0,324.08011931320914
0.07,0.03,72000.0,324.3288256290273
0.09,0.03,72000.0,324.5340846168447
0.11,0.03,72000.0,324.7015191571664
0.13,0.03,72000.0,324.8339533454258
0.15,0.03,72000.0,324.9327298036374
0.17,0.03,72000.0,324.9984240277555
0.19,0.03,72000.0,325.031243306815
0.21,0.03,72000.0,325.031243306815
0.23,0.03,72000.0,324.9984240277556
0.25,0.03,72000.0,324.93272980363747
0.27,0.03,72000.0,324.8339533454259
0.29,0.03,72000.0,324.70151915716644
0.31,0.03,72000.0,324.5340846168449
0.33,0.03,72000.0,324.3288256290274
0.35,0.03,72000.0,324.0801193132092
0.37,0.03,72000.0,323.77699420834364
0.39,0.03,72000.0,323.39804511061504
0.01,0.05,72000.0,323.5037230423633
0.03,0.05,72000.0,324.08011931320914
0.05,0.05,72000.0,324.55768514890303
0.07,0.05,72000.0,324.9568273728089
0.09,0.05,72000.0,325.289513774623
0.11,0.05,72000.0,325.56238275420463
0.13,0.05,72000.0,325.7788881199895
0.15,0.05,72000.0,325.9406636250237
0.17,0.05,72000.0,326.04836932315186
0.19,0.05,72000.0,326.10220543069966
0.21,0.05,72000.0,326.10220543069966
0.23,0.05,72000.0,326.04836932315186
0.25,0.05,72000.0,325.9406636250238
0.27,0.05,72000.0,325.77888811998963
0.29,0.05,72000.0,325.5623827542047
0.31,0.05,72000.0,325.2895137746231
0.33,0.05,72000.0,324.95682737280896
0.35,0.05,72000.0,324.55768514890315
0.37,0.05,72000.0,324.08011931320925
0.39,0.05,72000.0,323.5037230423633
0.01,0.07,72000.0,323.5886144520512
0.03,0.07,72000.0,324.32882562902734
0.05,0.07,72000.0,324.95682737280885
0.07,0.07,72000.0,325.4896330516354
0.09,0.07,72000.0,325.93785934479683
0.11,0.07,72000.0,326.30759117929705
0.13,0.07,72000.0,326.6019789782192
0.15,0.07,72000.0,326.8224192430611
0.17,0.07,72000.0,326.96936738251475
0.19,0.07,72000.0,327.042867290341
0.21,0.07,72000.0,327.042867290341
0.23,0.07,72000.0,326.96936738251475
0.25,0.07,72000.0,326.8224192430612
0.27,0.07,72000.0,326.6019789782193
0.29,0.07,72000.0,326.3075911792971
0.31,0.07,72000.0,325.93785934479695
0.33,0.07,72000.0,325.4896330516355
0.35,0.07,72000.0,324.95682737280896
0.37,0.07,72000.0,324.3288256290274
0.39,0.07,72000.0,323.5886144520512
0.01,0.09,72000.0,323.6580807214764
0.03,0.09,72000.0,324.5340846168448
0.05,0.09,72000.0,325.289513774623
0.07,0.09,72000.0,325.93785934479683
0.09,0.09,72000.0,326.487556913372
0.11,0.09,72000.0,326.94333388827306
0.13,0.09,72000.0,327.3074496977902
0.15,0.09,72000.0,327.58068392017304
0.17,0.09,72000.0,327.763060802198
0.19,0.09,72000.0,327.8543444935825
0.21,0.09,72000.0,327.8543444935825
0.23,0.09,72000.0,327.763060802198
0.25,0.09,72000.0,327.58068392017304
0.27,0.09,72000.0,327.3074496977903
0.29,0.09,72000.0,326.9433338882731
0.31,0.09,72000.0,326.48755691337203
0.33,0.09,72000.0,325.93785934479695
0.35,0.09,72000.0,325.2895137746231
0.37,0.09,72000.0,324.53408461684484
0.39,0.09,72000.0,323.65808072147644
0.01,0.11,72000.0,323.71452352065666
0.03,0.11,72000.0,324.7015191571664
0.05,0.11,72000.0,325.5623827542046
0.07,0.11,72000.0,326.307591179297
0.09,0.11,72000.0,326.943333888273
0.11,0.11,72000.0,327.4727285675803
0.13,0.11,72000.0,327.8968918309222
0.15,0.11,72000.0,328.2157960767885
0.17,0.11,72000.0,328.4289103038828
0.19,0.11,72000.0,328.535647890457
0.21,0.11,72000.0,328.535647890457
0.23,0.11,72000.0,328.4289103038828
0.25,0.11,72000.0,328.2157960767884
0.27,0.11,72000.0,327.8968918309222
0.29,0.11,72000.0,327.4727285675804
0.31,0.11,72000.0,326.9433338882731
0.33,0.11,72000.0,326.3075911792972
0.35,0.11,72000.0,325.5623827542047
0.37,0.11,72000.0,324.7015191571664
0.39,0.11,72000.0,323.71452352065666
0.01,0.13,72000.0,323.7590773965659
0.03,0.13,72000.0,324.8339533454257
0.05,0.13,72000.0,325.7788881199895
0.07,0.13,72000.0,326.6019789782192
0.09,0.13,72000.0,327.3074496977901
0.11,0.13,72000.0,327.8968918309221
0.13,0.13,72000.0,328.3702803456337
0.15,0.13,72000.0,328.72675944614963
0.17,0.13,72000.0,328.9652236675761
0.19,0.13,72000.0,329.0847239713285
0.21,0.13,72000.0,329.0847239713286
0.23,0.13,72000.0,328.9652236675761
0.25,0.13,72000.0,328.7267594461496
0.27,0.13,72000.0,328.3702803456337
0.29,0.13,72000.0,327.8968918309222
0.31,0.13,72000.0,327.3074496977902
0.33,0.13,72000.0,326.6019789782192
0.35,0.13,72000.0,325.7788881199896
0.37,0.13,72000.0,324.8339533454258
0.39,0.13,72000.0,323.75907739656594
0.01,0.15,72000.0,323.7922712625697
0.03,0.15,72000.0,324.9327298036374
0.05,0.15,72000.0,325.9406636250237
0.07,0.15,72000.0,326.82241924306106
0.09,0.15,72000.0,327.58068392017293
0.11,0.15,72000.0,328.2157960767884
0.13,0.15,72000.0,328.7267594461496
0.15,0.15,72000.0,329.11199785943666
0.17,0.15,72000.0,329.3699003402871
0.19,0.15,72000.0,329.4991974269698
0.21,0.15,72000.0,329.4991974269698
0.23,0.15,72000.0,329.369900340287
0.25,0.15,72000.0,329.1119978594366
0.27,0.15,72000.0,328.7267594461496
0.29,0.15,72000.0,328.2157960767884
0.31,0.15,72000.0,327.580683920173
0.33,0.15,72000.0,326.8224192430612
0.35,0.15,72000.0,325.9406636250238
0.37,0.15,72000.0,324.93272980363747
0.39,0.15,72000.0,323.7922712625697
0.01,0.17,72000.0,323.81433432165534
0.03,0.17,72000.0,324.9984240277555
0.05,0.17,72000.0,326.0483693231518
0.07,0.17,72000.0,326.9693673825147
0.09,0.17,72000.0,327.76306080219786
0.11,0.17,72000.0,328.4289103038827
0.13,0.17,72000.0,328.965223667576
0.15,0.17,72000.0,329.369900340287
0.17,0.17,72000.0,329.6409578033258
0.19,0.17,72000.0,329.77688987862064
0.21,0.17,72000.0,329.77688987862064
0.23,0.17,72000.0,329.6409578033258
0.25,0.17,72000.0,329.369900340287
0.27,0.17,72000.0,328.9652236675761
0.29,0.17,72000.0,328.4289103038828
0.31,0.17,72000.0,327.763060802198
0.33,0.17,72000.0,326.9693673825148
0.35,0.17,72000.0,326.0483693231519
0.37,0.17,72000.0,324.9984240277556
0.39,0.17,72000.0,323.8143343216554
0.01,0.19,72000.0,323.82535309116435
0.03,0.19,72000.0,325.031243306815
0.05,0.19,72000.0,326.1022054306996
0.07,0.19,72000.0,327.0428672903409
0.09,0.19,72000.0,327.8543444935824
0.11,0.19,72000.0,328.5356478904569
0.13,0.19,72000.0,329.08472397132846
0.15,0.19,72000.0,329.4991974269697
0.17,0.19,72000.0,329.7768898786206
0.19,0.19,72000.0,329.9161699191092
0.21,0.19,72000.0,329.9161699191092
0.23,0.19,72000.0,329.77688987862064
0.25,0.19,72000.0,329.4991974269698
0.27,0.19,72000.0,329.0847239713286
0.29,0.19,72000.0,328.535647890457
0.31,0.19,72000.0,327.8543444935825
0.33,0.19,72000.0,327.042867290341
0.35,0.19,72000.0,326.1022054306997
0.37,0.19,72000.0,325.03124330681504
0.39,0.19,72000.0,323.82535309116435
0.01,0.21,72000.0,323.82535309116435
0.03,0.21,72000.0,325.031243306815
0.05,0.21,72000.0,326.10220543069966
0.07,0.21,72000.0,327.042867290341
0.09,0.21,72000.0,327.85434449358246
0.11,0.21,72000.0,328.5356478904569
0.13,0.21,72000.0,329.08472397132846
0.15,0.21,72000.0,329.49919742696966
0.17,0.21,72000.0,329.7768898786206
0.19,0.21,72000.0,329.9161699191091
0.21,0.21,72000.0,329.9161699191092
0.23,0.21,72000.0,329.7768898786207
0.25,0.21,72000.0,329.4991974269698
0.27,0.21,72000.0,329.0847239713286
0.29,0.21,72000.0,328.535647890457
0.31,0.21,72000.0,327.85434449358246
0.33,0.21,72000.0,327.042867290341
0.35,0.21,72000.0,326.10220543069966
0.37,0.21,72000.0,325.031243306815
0.39,0.21,72000.0,323.82535309116435
0.01,0.23,72000.0,323.81433432165534
0.03,0.23,72000.0,324.9984240277555
0.05,0.23,72000.0,326.04836932315186
0.07,0.23,72000.0,326.96936738251475
0.09,0.23,72000.0,327.7630608021979
0.11,0.23,72000.0,328.4289103038827
0.13,0.23,72000.0,328.965223667576
0.15,0.23,72000.0,329.369900340287
0.17,0.23,72000.0,329.6409578033258
0.19,0.23,72000.0,329.77688987862064
0.21,0.23,72000.0,329.77688987862064
0.23,0.23,72000.0,329.6409578033258
0.25,0.23,72000.0,329.369900340287
0.27,0.23,72000.0,328.9652236675761
0.29,0.23,72000.0,328.4289103038828
0.31,0.23,72000.0,327.763060802198
0.33,0.23,72000.0,326.96936738251475
0.35,0.23,72000.0,326.04836932315186
0.37,0.23,72000.0,324.9984240277555
0.39,0.23,72000.0,323.8143343216554
0.01,0.25,72000.0,323.7922712625697
0.03,0.25,72000.0,324.93272980363747
0.05,0.25,72000.0,325.9406636250237
0.07,0.25,72000.0,326.8224192430611
0.09,0.25,72000.0,327.58068392017293
0.11,0.25,72000.0,328.2157960767884
0.13,0.25,72000.0,328.7267594461495
0.15,0.25,72000.0,329.1119978594366
0.17,0.25,72000.0,329.369900340287
0.19,0.25,72000.0,329.4991974269697
0.21,0.25,72000.0,329.4991974269697
0.23,0.25,72000.0,329.369900340287
0.25,0.25,72000.0,329.11199785943666
0.27,0.25,72000.0,328.7267594461496
0.29,0.25,72000.0,328.2157960767884
0.31,0.25,72000.0,327.580683920173
0.33,0.25,72000.0,326.8224192430612
0.35,0.25,72000.0,325.9406636250238
0.37,0.25,72000.0,324.9327298036375
0.39,0.25,72000.0,323.7922712625697
0.01,0.27,72000.0,323.75907739656594
0.03,0.27,72000.0,324.8339533454258
0.05,0.27,72000.0,325.7788881199895
0.07,0.27,72000.0,326.6019789782192
0.09,0.27,72000.0,327.30744969779016
0.11,0.27,72000.0,327.8968918309221
0.13,0.27,72000.0,328.3702803456336
0.15,0.27,72000.0,328.7267594461495
0.17,0.27,72000.0,328.965223667576
0.19,0.27,72000.0,329.0847239713285
0.21,0.27,72000.0,329.0847239713285
0.23,0.27,72000.0,328.965223667576
0.25,0.27,72000.0,328.7267594461496
0.27,0.27,72000.0,328.37028034563366
0.29,0.27,72000.0,327.89689183092213
0.31,0.27,72000.0,327.3074496977902
0.33,0.27,72000.0,326.6019789782193
0.35,0.27,72000.0,325.7788881199896
0.37,0.27,72000.0,324.83395334542587
0.39,0.27,72000.0,323.75907739656594
0.01,0.29,72000.0,323.71452352065666
0.03,0.29,72000.0,324.7015191571664
0.05,0.29,72000.0,325.5623827542046
0.07,0.29,72000.0,326.30759117929705
0.09,0.29,72000.0,326.94333388827306
0.11,0.29,72000.0,327.4727285675803
0.13,0.29,72000.0,327.89689183092213
0.15,0.29,72000.0,328.2157960767884
0.17,0.29,72000.0,328.4289103038827
0.19,0.29,72000.0,328.53564789045697
0.21,0.29,72000.0,328.53564789045697
0.23,0.29,72000.0,328.4289103038827
0.25,0.29,72000.0,328.2157960767884
0.27,0.29,72000.0,327.89689183092213
0.29,0.29,72000.0,327.4727285675803
0.31,0.29,72000.0,326.9433338882731
0.33,0.29,72000.0,326.3075911792972
0.35,0.29,72000.0,325.5623827542047
0.37,0.29,72000.0,324.70151915716644
0.39,0.29,72000.0,323.71452352065666
0.01,0.31,72000.0,323.65808072147644
0.03,0.31,72000.0,324.5340846168448
0.05,0.31,72000.0,325.289513774623
0.07,0.31,72000.0,325.9378593447969
0.09,0.31,72000.0,326.487556913372
0.11,0.31,72000.0,326.94333388827306
0.13,0.31,72000.0,327.30744969779016
0.15,0.31,72000.0,327.58068392017293
0.17,0.31,72000.0,327.7630608021979
0.19,0.31,72000.0,327.8543444935825
0.21,0.31,72000.0,327.85434449358246
0.23,0.31,72000.0,327.763060802198
0.25,0.31,72000.0,327.580683920173
0.27,0.31,72000.0,327.3074496977902
0.29,0.31,72000.0,326.94333388827306
0.31,0.31,72000.0,326.487556913372
0.33,0.31,72000.0,325.93785934479695
0.35,0.31,72000.0,325.2895137746231
0.37,0.31,72000.0,324.53408461684484
0.39,0.31,72000.0,323.65808072147644
0.01,0.33,72000.0,323.5886144520512
0.03,0.33,72000.0,324.32882562902734
0.05,0.33,72000.0,324.9568273728089
0.07,0.33,72000.0,325.48963305163545
0.09,0.33,72000.0,325.9378593447969
0.11,0.33,72000.0,326.3075911792971
0.13,0.33,72000.0,326.6019789782192
0.15,0.33,72000.0,326.8224192430611
0.17,0.33,72000.0,326.96936738251475
0.19,0.33,72000.0,327.042867290341
0.21,0.33,72000.0,327.042867290341
0.23,0.33,72000.0,326.96936738251475
0.25,0.33,72000.0,326.8224192430612
0.27,0.33,72000.0,326.6019789782193
0.29,0.33,72000.0,326.3075911792971
0.31,0.33,72000.0,325.9378593447969
0.33,0.33,72000.0,325.48963305163545
0.35,0.33,72000.0,324.95682737280896
0.37,0.33,72000.0,324.3288256290274
0.39,0.33,72000.0,323.5886144520512
0.01,0.35,72000.0,323.5037230423632
0.03,0.35,72000.0,324.0801193132092
0.05,0.35,72000.0,324.55768514890315
0.07,0.35,72000.0,324.95682737280896
0.09,0.35,72000.0,325.28951377462306
0.11,0.35,72000.0,325.56238275420463
0.13,0.35,72000.0,325.7788881199895
0.15,0.35,72000.0,325.9406636250238
0.17,0.35,72000.0,326.04836932315186
0.19,0.35,72000.0,326.10220543069966
0.21,0.35,72000.0,326.10220543069966
0.23,0.35,72000.0,326.04836932315186
0.25,0.35,72000.0,325.9406636250238
0.27,0.35,72000.0,325.77888811998963
0.29,0.35,72000.0,325.5623827542047
0.31,0.35,72000.0,325.2895137746231
0.33,0.35,72000.0,324.95682737280896
0.35,0.35,72000.0,324.55768514890315
0.37,0.35,72000.0,324.0801193132092
0.39,0.35,72000.0,323.5037230423633
0.01,0.37,72000.0,323.3980451106151
0.03,0.37,72000.0,323.77699420834364
0.05,0.37,72000.0,324.0801193132092
0.07,0.37,72000.0,324.32882562902734
0.09,0.37,72000.0,324.5340846168448
0.11,0.37,72000.0,324.7015191571664
0.13,0.37,72000.0,324.8339533454258
0.15,0.37,72000.0,324.93272980363747
0.17,0.37,72000.0,324.9984240277555
0.19,0.37,72000.0,325.031243306815
0.21,0.37,72000.0,325.031243306815
0.23,0.37,72000.0,324.9984240277556
0.25,0.37,72000.0,324.9327298036375
0.27,0.37,72000.0,324.8339533454259
0.29,0.37,72000.0,324.70151915716644
0.31,0.37,72000.0,324.5340846168449
0.33,0.37,72000.0,324.3288256290274
0.35,0.37,72000.0,324.0801193132092
0.37,0.37,72000.0,323.77699420834364
0.39,0.37,72000.0,323.3980451106151
0.01,0.39,72000.0,323.25798319352896
0.03,0.39,72000.0,323.39804511061504
0.05,0.39,72000.0,323.5037230423632
0.07,0.39,72000.0,323.5886144520512
0.09,0.39,72000.0,323.65808072147644
0.11,0.39,72000.0,323.71452352065666
0.13,0.39,72000.0,323.75907739656594
0.15,0.39,72000.0,323.79227126256967
0.17,0.39,72000.0,323.81433432165534
0.19,0.39,72000.0,323.82535309116435
0.21,0.39,72000.0,323.82535309116435
0.23,0.39,72000.0,323.8143343216554
0.25,0.39,72000.0,323.7922712625697
0.27,0.39,72000.0,323.75907739656594
0.29,0.39,72000.0,323.71452352065666
0.31,0.39,72000.0,323.65808072147644
0.33,0.39,72000.0,323.5886144520512
0.35,0.39,72000.0,323.5037230423633
0.37,0.39,72000.0,323.3980451106151
0.39,0.39,72000.0,323.25798319352896
