x,y,time,T
0.01,0.01,0.0,290.0
0.03,0.01,0.0,290.0
0.05,0.01,0.0,290.0
0.07,0.01,0.0,290.0
0.09,0.01,0.0,290.0
0.11,0.01,0.0,290.0
0.13,0.01,0.0,290.0
0.15,0.01,0.0,290.0
0.17,0.01,0.0,290.0
0.19,0.01,0.0,290.0
0.21,0.01,0.0,290.0
0.23,0.01,0.0,290.0
0.25,0.01,0.0,290.0
0.27,0.01,0.0,290.0
0.29,0.01,0.0,290.0
0.31,0.01,0.0,290.0
0.33,0.01,0.0,290.0
0.35,0.01,0.0,290.0
0.37,0.01,0.0,290.0
0.39,0.01,0.0,290.0
0.01,0.03,0.0,290.0
0.03,0.03,0.0,290.0
0.05,0.03,0.0,290.0
0.07,0.03,0.0,290.0
0.09,0.03,0.0,290.0
0.11,0.03,0.0,290.0
0.13,0.03,0.0,290.0
0.15,0.03,0.0,290.0
0.17,0.03,0.0,290.0
0.19,0.03,0.0,290.0
0.21,0.03,0.0,290.0
0.23,0.03,0.0,290.0
0.25,0.03,0.0,290.0
0.27,0.03,0.0,290.0
0.29,0.03,0.0,290.0
0.31,0.03,0.0,290.0
0.33,0.03,0.0,290.0
0.35,0.03,0.0,290.0
0.37,0.03,0.0,290.0
0.39,0.03,0.0,290.0
0.01,0.05,0.0,290.0
0.03,0.05,0.0,290.0
0.05,0.05,0.0,290.0
0.07,0.05,0.0,290.0
0.09,0.05,0.0,290.0
0.11,0.05,0.0,290.0
0.13,0.05,0.0,290.0
0.15,0.05,0.0,290.0
0.17,0.05,0.0,290.0
0.19,0.05,0.0,290.0
0.21,0.05,0.0,290.0
0.23,0.05,0.0,290.0
0.25,0.05,0.0,290.0
0.27,0.05,0.0,290.0
0.29,0.05,0.0,290.0
0.31,0.05,0.0,290.0
0.33,0.05,0.0,290.0
0.35,0.05,0.0,290.0
0.37,0.05,0.0,290.0
0.39,0.05,0.0,290.0
0.01,0.07,0.0,290.0
0.03,0.07,0.0,290.0
0.05,0.07,0.0,290.0
0.07,0.07,0.0,290.0
0.09,0.07,0.0,290.0
0.11,0.07,0.0,290.0
0.13,0.07,0.0,290.0
0.15,0.07,0.0,290.0
0.17,0.07,0.0,290.0
0.19,0.07,0.0,290.0
0.21,0.07,0.0,290.0
0.23,0.07,0.0,290.0
0.25,0.07,0.0,290.0
0.27,0.07,0.0,290.0
0.29,0.07,0.0,290.0
0.31,0.07,0.0,290.0
0.33,0.07,0.0,290.0
0.35,0.07,0.0,290.0
0.37,0.07,0.0,290.0
0.39,0.07,0.0,290.0
0.01,0.09,0.0,290.0
0.03,0.09,0.0,290.0
0.05,0.09,0.0,290.0
0.07,0.09,0.0,290.0
0.09,0.09,0.0,290.0
0.11,0.09,0.0,290.0
0.13,0.09,0.0,290.0
0.15,0.09,0.0,290.0
0.17,0.09,0.0,290.0
0.19,0.09,0.0,290.0
0.21,0.09,0.0,290.0
0.23,0.09,0.0,290.0
0.25,0.09,0.0,290.0
0.27,0.09,0.0,290.0
0.29,0.09,0.0,290.0
0.31,0.09,0.0,290.0
0.33,0.09,0.0,290.0
0.35,0.09,0.0,290.0
0.37,0.09,0.0,290.0
0.39,0.09,0.0,290.0
0.01,0.11,0.0,290.0
0.03,0.11,0.0,290.0
0.05,0.11,0.0,290.0
0.07,0.11,0.0,290.0
0.09,0.11,0.0,290.0
0.11,0.11,0.0,290.0
0.13,0.11,0.0,290.0
0.15,0.11,0.0,290.0
0.17,0.11,0.0,290.0
0.19,0.11,0.0,290.0
0.21,0.11,0.0,290.0
0.23,0.11,0.0,290.0
0.25,0.11,0.0,290.0
0.27,0.11,0.0,290.0
0.29,0.11,0.0,290.0
0.31,0.11,0.0,290.0
0.33,0.11,0.0,290.0
0.35,0.11,0.0,290.0
0.37,0.11,0.0,290.0
0.39,0.11,0.0,290.0
0.01,0.13,0.0,290.0
0.03,0.13,0.0,290.0
0.05,0.13,0.0,290.0
0.07,0.13,0.0,290.0
0.09,0.13,0.0,290.0
0.11,0.13,0.0,290.0
0.13,0.13,0.0,290.0
0.15,0.13,0.0,290.0
0.17,0.13,0.0,290.0
0.19,0.13,0.0,290.0
0.21,0.13,0.0,290.0
0.23,0.13,0.0,290.0
0.25,0.13,0.0,290.0
0.27,0.13,0.0,290.0
0.29,0.13,0.0,290.0
0.31,0.13,0.0,290.0
0.33,0.13,0.0,290.0
0.35,0.13,0.0,290.0
0.37,0.13,0.0,290.0
0.39,0.13,0.0,290.0
0.01,0.15,0.0,290.0
0.03,0.15,0.0,290.0
0.05,0.15,0.0,290.0
0.07,0.15,0.0,290.0
0.09,0.15,0.0,290.0
0.11,0.15,0.0,290.0
0.13,0.15,0.0,290.0
0.15,0.15,0.0,290.0
0.17,0.15,0.0,290.0
0.19,0.15,0.0,290.0
0.21,0.15,0.0,290.0
0.23,0.15,0.0,290.0
0.25,0.15,0.0,290.0
0.27,0.15,0.0,290.0
0.29,0.15,0.0,290.0
0.31,0.15,0.0,290.0
0.33,0.15,0.0,290.0
0.35,0.15,0.0,290.0
0.37,0.15,0.0,290.0
0.39,0.15,0.0,290.0
0.01,0.17,0.0,290.0
0.03,0.17,0.0,290.0
0.05,0.17,0.0,290.0
0.07,0.17,0.0,290.0
0.09,0.17,0.0,290.0
0.11,0.17,0.0,290.0
0.13,0.17,0.0,290.0
0.15,0.17,0.0,290.0
0.17,0.17,0.0,290.0
0.19,0.17,0.0,290.0
0.21,0.17,0.0,290.0
0.23,0.17,0.0,290.0
0.25,0.17,0.0,290.0
0.27,0.17,0.0,290.0
0.29,0.17,0.0,290.0
0.31,0.17,0.0,290.0
0.33,0.17,0.0,290.0
0.35,0.17,0.0,290.0
0.37,0.17,0.0,290.0
0.39,0.17,0.0,290.0
0.01,0.19,0.0,290.0
0.03,0.19,0.0,290.0
0.05,0.19,0.0,290.0
0.07,0.19,0.0,290.0
0.09,0.19,0.0,290.0
0.11,0.19,0.0,290.0
0.13,0.19,0.0,290.0
0.15,0.19,0.0,290.0
0.17,0.19,0.0,290.0
0.19,0.19,0.0,290.0
0.21,0.19,0.0,290.0
0.23,0.19,0.0,290.0
0.25,0.19,0.0,290.0
0.27,0.19,0.0,290.0
0.29,0.19,0.0,290.0
0.31,0.19,0.0,290.0
0.33,0.19,0.0,290.0
0.35,0.19,0.0,290.0
0.37,0.19,0.0,290.0
0.39,0.19,0.0,290.0
0.01,0.21,0.0,290.0
0.03,0.21,0.0,290.0
0.05,0.21,0.0,290.0
0.07,0.21,0.0,290.0
0.09,0.21,0.0,290.0
0.11,0.21,0.0,290.0
0.13,0.21,0.0,290.0
0.15,0.21,0.0,290.0
0.17,0.21,0.0,290.0
0.19,0.21,0.0,290.0
0.21,0.21,0.0,290.0
0.23,0.21,0.0,290.0
0.25,0.21,0.0,290.0
0.27,0.21,0.0,290.0
0.29,0.21,0.0,290.0
0.31,0.21,0.0,290.0
0.33,0.21,0.0,290.0
0.35,0.21,0.0,290.0
0.37,0.21,0.0,290.0
0.39,0.21,0.0,290.0
0.01,0.23,0.0,290.0
0.03,0.23,0.0,290.0
0.05,0.23,0.0,290.0
0.07,0.23,0.0,290.0
0.09,0.23,0.0,290.0
0.11,0.23,0.0,290.0
0.13,0.23,0.0,290.0
0.15,0.23,0.0,290.0
0.17,0.23,0.0,290.0
0.19,0.23,0.0,290.0
0.21,0.23,0.0,290.0
0.23,0.23,0.0,290.0
0.25,0.23,0.0,290.0
0.27,0.23,0.0,290.0
0.29,0.23,0.0,290.0
0.31,0.23,0.0,290.0
0.33,0.23,0.0,290.0
0.35,0.23,0.0,290.0
0.37,0.23,0.0,290.0
0.39,0.23,0.0,290.0
0.01,0.25,0.0,290.0
0.03,0.25,0.0,290.0
0.05,0.25,0.0,290.0
0.07,0.25,0.0,290.0
0.09,0.25,0.0,290.0
0.11,0.25,0.0,290.0
0.13,0.25,0.0,290.0
0.15,0.25,0.0,290.0
0.17,0.25,0.0,290.0
0.19,0.25,0.0,290.0
0.21,0.25,0.0,290.0
0.23,0.25,0.0,290.0
0.25,0.25,0.0,290.0
0.27,0.25,0.0,290.0
0.29,0.25,0.0,290.0
0.31,0.25,0.0,290.0
0.33,0.25,0.0,290.0
0.35,0.25,0.0,290.0
0.37,0.25,0.0,290.0
0.39,0.25,0.0,290.0
0.01,0.27,0.0,290.0
0.03,0.27,0.0,290.0
0.05,0.27,0.0,290.0
0.07,0.27,0.0,290.0
0.09,0.27,0.0,290.0
0.11,0.27,0.0,290.0
0.13,0.27,0.0,290.0
0.15,0.27,0.0,290.0
0.17,0.27,0.0,290.0
0.19,0.27,0.0,290.0
0.21,0.27,0.0,290.0
0.23,0.27,0.0,290.0
0.25,0.27,0.0,290.0
0.27,0.27,0.0,290.0
0.29,0.27,0.0,290.0
0.31,0.27,0.0,290.0
0.33,0.27,0.0,290.0
0.35,0.27,0.0,290.0
0.37,0.27,0.0,290.0
0.39,0.27,0.0,290.0
0.01,0.29,0.0,290.0
0.03,0.29,0.0,290.0
0.05,0.29,0.0,290.0
0.07,0.29,0.0,290.0
0.09,0.29,0.0,290.0
0.11,0.29,0.0,290.0
0.13,0.29,0.0,290.0
0.15,0.29,0.0,290.0
0.17,0.29,0.0,290.0
0.19,0.29,0.0,290.0
0.21,0.29,0.0,290.0
0.23,0.29,0.0,290.0
0.25,0.29,0.0,290.0
0.27,0.29,0.0,290.0
0.29,0.29,0.0,290.0
0.31,0.29,0.0,290.0
0.33,0.29,0.0,290.0
0.35,0.29,0.0,290.0
0.37,0.29,0.0,290.0
0.39,0.29,0.0,290.0
0.01,0.31,0.0,290.0
0.03,0.31,0.0,290.0
0.05,0.31,0.0,290.0
0.07,0.31,0.0,290.0
0.09,0.31,0.0,290.0
0.11,0.31,0.0,290.0
0.13,0.31,0.0,290.0
0.15,0.31,0.0,290.0
0.17,0.31,0.0,290.0
0.19,0.31,0.0,290.0
0.21,0.31,0.0,290.0
0.23,0.31,0.0,290.0
0.25,0.31,0.0,290.0
0.27,0.31,0.0,290.0
0.29,0.31,0.0,290.0
0.31,0.31,0.0,290.0
0.33,0.31,0.0,290.0
0.35,0.31,0.0,290.0
0.37,0.31,0.0,290.0
0.39,0.31,0.0,290.0
0.01,0.33,0.0,290.0
0.03,0.33,0.0,290.0
0.05,0.33,0.0,290.0
0.07,0.33,0.0,290.0
0.09,0.33,0.0,290.0
0.11,0.33,0.0,290.0
0.13,0.33,0.0,290.0
0.15,0.33,0.0,290.0
0.17,0.33,0.0,290.0
0.19,0.33,0.0,290.0
0.21,0.33,0.0,290.0
0.23,0.33,0.0,290.0
0.25,0.33,0.0,290.0
0.27,0.33,0.0,290.0
0.29,0.33,0.0,290.0
0.31,0.33,0.0,290.0
0.33,0.33,0.0,290.0
0.35,0.33,0.0,290.0
0.37,0.33,0.0,290.0
0.39,0.33,0.0,290.0
0.01,0.35,0.0,290.0
0.03,0.35,0.0,290.0
0.05,0.35,0.0,290.0
0.07,0.35,0.0,290.0
0.09,0.35,0.0,290.0
0.11,0.35,0.0,290.0
0.13,0.35,0.0,290.0
0.15,0.35,0.0,290.0
0.17,0.35,0.0,290.0
0.19,0.35,0.0,290.0
0.21,0.35,0.0,290.0
0.23,0.35,0.0,290.0
0.25,0.35,0.0,290.0
0.27,0.35,0.0,290.0
0.29,0.35,0.0,290.0
0.31,0.35,0.0,290.0
0.33,0.35,0.0,290.0
0.35,0.35,0.0,290.0
0.37,0.35,0.0,290.0
0.39,0.35,0.0,290.0
0.01,0.37,0.0,290.0
0.03,0.37,0.0,290.0
0.05,0.37,0.0,290.0
0.07,0.37,0.0,290.0
0.09,0.37,0.0,290.0
0.11,0.37,0.0,290.0
0.13,0.37,0.0,290.0
0.15,0.37,0.0,290.0
0.17,0.37,0.0,290.0
0.19,0.37,0.0,290.0
0.21,0.37,0.0,290.0
0.23,0.37,0.0,290.0
0.25,0.37,0.0,290.0
0.27,0.37,0.0,290.0
0.29,0.37,0.0,290.0
0.31,0.37,0.0,290.0
0.33,0.37,0.0,290.0
0.35,0.37,0.0,290.0
0.37,0.37,0.0,290.0
0.39,0.37,0.0,290.0
0.01,0.39,0.0,290.0
0.03,0.39,0.0,290.0
0.05,0.39,0.0,290.0
0.07,0.39,0.0,290.0
0.09,0.39,0.0,290.0
0.11,0.39,0.0,290.0
0.13,0.39,0.0,290.0
0.15,0.39,0.0,290.0
0.17,0.39,0.0,290.0
0.19,0.39,0.0,290.0
0.21,0.39,0.0,290.0
0.23,0.39,0.0,290.0
0.25,0.39,0.0,290.0
0.27,0.39,0.0,290.0
0.29,0.39,0.0,290.0
0.31,0.39,0.0,290.0
0.33,0.39,0.0,290.0
0.35,0.39,0.0,290.0
0.37,0.39,0.0,290.0
0.39,0.39,0.0,290.0
0.01,0.01,1846.1538461538464,318.4304423789915
0.03,0.01,1846.1538461538464,314.8771364011701
0.05,0.01,1846.1538461538464,313.4394969720127
0.07,0.01,1846.1538461538464,312.83105377255254
0.09,0.01,1846.1538461538464,312.5653004702699
0.11,0.01,1846.1538461538464,312.44659655663565
0.13,0.01,1846.1538461538464,312.3927700435506
0.15,0.01,1846.1538461538464,312.36822605491506
0.17,0.01,1846.1538461538464,312.35727517923976
0.19,0.01,1846.1538461538464,312.35308625884875
0.21,0.01,1846.1538461538464,312.35308625884875
0.23,0.01,1846.1538461538464,312.35727517923976
0.25,0.01,1846.1538461538464,312.36822605491506
0.27,0.01,1846.1538461538464,312.3927700435506
0.29,0.01,1846.1538461538464,312.44659655663565
0.31,0.01,1846.1538461538464,312.5653004702699
0.33,0.01,1846.1538461538464,312.8310537725526
0.35,0.01,1846.1538461538464,313.4394969720127
0.37,0.01,1846.1538461538464,314.87713640117005
0.39,0.01,1846.1538461538464,318.4304423789914
0.01,0.03,1846.1538461538464,314.87713640117005
0.03,0.03,1846.1538461538464,307.2295583066152
0.05,0.03,1846.1538461538464,303.8624988406169
0.07,0.03,1846.1538461538464,302.3684343998231
0.09,0.03,1846.1538461538464,301.6963824207285
0.11,0.03,1846.1538461538464,301.39041579998315
0.13,0.03,1846.1538461538464,301.2498885639238
0.15,0.03,1846.1538461538464,301.18524397402973
0.17,0.03,1846.1538461538464,301.1562270895029
0.19,0.03,1846.1538461538464,301.145086717075
0.21,0.03,1846.1538461538464,301.145086717075
0.23,0.03,1846.1538461538464,301.1562270895029
0.25,0.03,1846.1538461538464,301.18524397402973
0.27,0.03,1846.1538461538464,301.24988856392383
0.29,0.03,1846.1538461538464,301.3904157999832
0.31,0.03,1846.1538461538464,301.6963824207285
0.33,0.03,1846.1538461538464,302.3684343998232
0.35,0.03,1846.1538461538464,303.862498840617
0.37,0.03,1846.1538461538464,307.2295583066152
0.39,0.03,1846.1538461538464,314.87713640117005
0.01,0.05,1846.1538461538464,313.4394969720127
0.03,0.05,1846.1538461538464,303.8624988406169
0.05,0.05,1846.1538461538464,299.4102399091797
0.07,0.05,1846.1538461538464,297.3491413372672
0.09,0.05,1846.1538461538464,296.3929163543704
0.11,0.05,1846.1538461538464,295.9476517986604
0.13,0.05,1846.1538461538464,295.739720799443
0.15,0.05,1846.1538461538464,295.6428827375748
0.17,0.05,1846.1538461538464,295.59902566232773
0.19,0.05,1846.1538461538464,295.58209239642133
0.21,0.05,1846.1538461538464,295.58209239642133
0.23,0.05,1846.1538461538464,295.59902566232773
0.25,0.05,1846.1538461538464,295.64288273757484
0.27,0.05,1846.1538461538464,295.73972079944303
0.29,0.05,1846.1538461538464,295.9476517986604
0.31,0.05,1846.1538461538464,296.3929163543704
0.33,0.05,1846.1538461538464,297.3491413372672
0.35,0.05,1846.1538461538464,299.4102399091797
0.37,0.05,1846.1538461538464,303.862498840617
0.39,0.05,1846.1538461538464,313.43949697201265
0.01,0.07,1846.1538461538464,312.8310537725526
0.03,0.07,1846.1538461538464,302.3684343998231
0.05,0.07,1846.1538461538464,297.3491413372672
0.07,0.07,1846.1538461538464,294.9589677740218
0.09,0.07,1846.1538461538464,293.823487457117
0.11,0.07,1846.1538461538464,293.2844040376306
0.13,0.07,1846.1538461538464,293.02868092403435
0.15,0.07,1846.1538461538464,292.90808367002484
0.17,0.07,1846.1538461538464,292.8529412928362
0.19,0.07,1846.1538461538464,292.8315169027812
0.21,0.07,1846.1538461538464,292.83151690278123
0.23,0.07,1846.1538461538464,292.85294129283625
0.25,0.07,1846.1538461538464,292.9080836700249
0.27,0.07,1846.1538461538464,293.02868092403435
0.29,0.07,1846.1538461538464,293.2844040376307
0.31,0.07,1846.1538461538464,293.823487457117
0.33,0.07,1846.1538461538464,294.9589677740218
0.35,0.07,1846.1538461538464,297.3491413372672
0.37,0.07,1846.1538461538464,302.3684343998232
0.39,0.07,1846.1538461538464,312.83105377255265
0.01,0.09,1846.1538461538464,312.5653004702699
0.03,0.09,1846.1538461538464,301.69638242072847
0.05,0.09,1846.1538461538464,296.3929163543704
0.07,0.09,1846.1538461538464,293.823487457117
0.09,0.09,1846.1538461538464,292.5829629870319
0.11,0.09,1846.1538461538464,291.9853870174919
0.13,0.09,1846.1538461538464,291.6982873153269
0.15,0.09,1846.1538461538464,291.5614194460497
0.17,0.09,1846.1538461538464,291.4982924677273
0.19,0.09,1846.1538461538464,291.4736216662724
0.21,0.09,1846.1538461538464,291.47362166627244
0.23,0.09,1846.1538461538464,291.49829246772737
0.25,0.09,1846.1538461538464,291.56141944604974
0.27,0.09,1846.1538461538464,291.6982873153269
0.29,0.09,1846.1538461538464,291.985387017492
0.31,0.09,1846.1538461538464,292.5829629870319
0.33,0.09,1846.1538461538464,293.823487457117
0.35,0.09,1846.1538461538464,296.3929163543704
0.37,0.09,1846.1538461538464,301.6963824207285
0.39,0.09,1846.1538461538464,312.5653004702699
0.01,0.11,1846.1538461538464,312.4465965566356
0.03,0.11,1846.1538461538464,301.39041579998315
0.05,0.11,1846.1538461538464,295.9476517986604
0.07,0.11,1846.1538461538464,293.2844040376306
0.09,0.11,1846.1538461538464,291.9853870174919
0.11,0.11,1846.1538461538464,291.35337536480364
0.13,0.11,1846.1538461538464,291.04688435830013
0.15,0.11,1846.1538461538464,290.89953964700766
0.17,0.11,1846.1538461538464,290.8311015699064
0.19,0.11,1846.1538461538464,290.80422421388795
0.21,0.11,1846.1538461538464,290.804224213888
0.23,0.11,1846.1538461538464,290.8311015699064
0.25,0.11,1846.1538461538464,290.8995396470076
0.27,0.11,1846.1538461538464,291.04688435830013
0.29,0.11,1846.1538461538464,291.35337536480364
0.31,0.11,1846.1538461538464,291.985387017492
0.33,0.11,1846.1538461538464,293.2844040376307
0.35,0.11,1846.1538461538464,295.9476517986604
0.37,0.11,1846.1538461538464,301.3904157999832
0.39,0.11,1846.1538461538464,312.44659655663565
0.01,0.13,1846.1538461538464,312.3927700435506
0.03,0.13,1846.1538461538464,301.2498885639238
0.05,0.13,1846.1538461538464,295.73972079944303
0.07,0.13,1846.1538461538464,293.0286809240343
0.09,0.13,1846.1538461538464,291.6982873153269
0.11,0.13,1846.1538461538464,291.04688435830013
0.13,0.13,1846.1538461538464,290.7289843447687
0.15,0.13,1846.1538461538464,290.5752368869157
0.17,0.13,1846.1538461538464,290.50345245574186
0.19,0.13,1846.1538461538464,290.47515613276926
0.21,0.13,1846.1538461538464,290.47515613276926
0.23,0.13,1846.1538461538464,290.50345245574186
0.25,0.13,1846.1538461538464,290.57523688691566
0.27,0.13,1846.1538461538464,290.7289843447687
0.29,0.13,1846.1538461538464,291.04688435830013
0.31,0.13,1846.1538461538464,291.698287315327
0.33,0.13,1846.1538461538464,293.02868092403435
0.35,0.13,1846.1538461538464,295.73972079944303
0.37,0.13,1846.1538461538464,301.24988856392383
0.39,0.13,1846.1538461538464,312.3927700435506
0.01,0.15,1846.1538461538464,312.36822605491506
0.03,0.15,1846.1538461538464,301.1852439740298
0.05,0.15,1846.1538461538464,295.64288273757484
0.07,0.15,1846.1538461538464,292.90808367002484
0.09,0.15,1846.1538461538464,291.56141944604974
0.11,0.15,1846.1538461538464,290.8995396470076
0.13,0.15,1846.1538461538464,290.5752368869157
0.15,0.15,1846.1538461538464,290.41777400835497
0.17,0.15,1846.1538461538464,290.3439944140872
0.19,0.15,1846.1538461538464,290.31483656491844
0.21,0.15,1846.1538461538464,290.31483656491844
0.23,0.15,1846.1538461538464,290.3439944140872
0.25,0.15,1846.1538461538464,290.41777400835497
0.27,0.15,1846.1538461538464,290.57523688691566
0.29,0.15,1846.1538461538464,290.89953964700766
0.31,0.15,1846.1538461538464,291.56141944604974
0.33,0.15,1846.1538461538464,292.9080836700249
0.35,0.15,1846.1538461538464,295.6428827375749
0.37,0.15,1846.1538461538464,301.1852439740298
0.39,0.15,1846.1538461538464,312.3682260549151
0.01,0.17,1846.1538461538464,312.35727517923976
0.03,0.17,1846.1538461538464,301.1562270895029
0.05,0.17,1846.1538461538464,295.5990256623278
0.07,0.17,1846.1538461538464,292.85294129283625
0.09,0.17,1846.1538461538464,291.4982924677273
0.11,0.17,1846.1538461538464,290.8311015699064
0.13,0.17,1846.1538461538464,290.5034524557418
0.15,0.17,1846.1538461538464,290.34399441408726
0.17,0.17,1846.1538461538464,290.2691196001768
0.19,0.17,1846.1538461538464,290.23948181225285
0.21,0.17,1846.1538461538464,290.2394818122528
0.23,0.17,1846.1538461538464,290.2691196001768
0.25,0.17,1846.1538461538464,290.34399441408726
0.27,0.17,1846.1538461538464,290.50345245574186
0.29,0.17,1846.1538461538464,290.8311015699064
0.31,0.17,1846.1538461538464,291.4982924677273
0.33,0.17,1846.1538461538464,292.85294129283625
0.35,0.17,1846.1538461538464,295.5990256623278
0.37,0.17,1846.1538461538464,301.1562270895029
0.39,0.17,1846.1538461538464,312.35727517923976
0.01,0.19,1846.1538461538464,312.35308625884875
0.03,0.19,1846.1538461538464,301.145086717075
0.05,0.19,1846.1538461538464,295.5820923964214
0.07,0.19,1846.1538461538464,292.83151690278123
0.09,0.19,1846.1538461538464,291.4736216662723
0.11,0.19,1846.1538461538464,290.8042242138879
0.13,0.19,1846.1538461538464,290.4751561327692
0.15,0.19,1846.1538461538464,290.3148365649185
0.17,0.19,1846.1538461538464,290.23948181225285
0.19,0.19,1846.1538461538464,290.2096316339016
0.21,0.19,1846.1538461538464,290.2096316339016
0.23,0.19,1846.1538461538464,290.2394818122528
0.25,0.19,1846.1538461538464,290.3148365649185
0.27,0.19,1846.1538461538464,290.47515613276926
0.29,0.19,1846.1538461538464,290.80422421388795
0.31,0.19,1846.1538461538464,291.4736216662723
0.33,0.19,1846.1538461538464,292.8315169027812
0.35,0.19,1846.1538461538464,295.58209239642133
0.37,0.19,1846.1538461538464,301.145086717075
0.39,0.19,1846.1538461538464,312.35308625884875
0.01,0.21,1846.1538461538464,312.35308625884875
0.03,0.21,1846.1538461538464,301.145086717075
0.05,0.21,1846.1538461538464,295.58209239642133
0.07,0.21,1846.1538461538464,292.8315169027812
0.09,0.21,1846.1538461538464,291.4736216662723
0.11,0.21,1846.1538461538464,290.8042242138879
0.13,0.21,1846.1538461538464,290.4751561327692
0.15,0.21,1846.1538461538464,290.3148365649185
0.17,0.21,1846.1538461538464,290.23948181225285
0.19,0.21,1846.1538461538464,290.2096316339016
0.21,0.21,1846.1538461538464,290.20963163390167
0.23,0.21,1846.1538461538464,290.23948181225285
0.25,0.21,1846.1538461538464,290.3148365649185
0.27,0.21,1846.1538461538464,290.4751561327692
0.29,0.21,1846.1538461538464,290.80422421388795
0.31,0.21,1846.1538461538464,291.4736216662723
0.33,0.21,1846.1538461538464,292.8315169027812
0.35,0.21,1846.1538461538464,295.58209239642133
0.37,0.21,1846.1538461538464,301.145086717075
0.39,0.21,1846.1538461538464,312.35308625884875
0.01,0.23,1846.1538461538464,312.35727517923976
0.03,0.23,1846.1538461538464,301.1562270895029
0.05,0.23,1846.1538461538464,295.59902566232773
0.07,0.23,1846.1538461538464,292.85294129283625
0.09,0.23,1846.1538461538464,291.4982924677273
0.11,0.23,1846.1538461538464,290.8311015699064
0.13,0.23,1846.1538461538464,290.5034524557419
0.15,0.23,1846.1538461538464,290.34399441408726
0.17,0.23,1846.1538461538464,290.26911960017685
0.19,0.23,1846.1538461538464,290.23948181225285
0.21,0.23,1846.1538461538464,290.23948181225285
0.23,0.23,1846.1538461538464,290.26911960017685
0.25,0.23,1846.1538461538464,290.34399441408726
0.27,0.23,1846.1538461538464,290.50345245574186
0.29,0.23,1846.1538461538464,290.8311015699064
0.31,0.23,1846.1538461538464,291.4982924677273
0.33,0.23,1846.1538461538464,292.8529412928362
0.35,0.23,1846.1538461538464,295.59902566232773
0.37,0.23,1846.1538461538464,301.1562270895029
0.39,0.23,1846.1538461538464,312.35727517923976
0.01,0.25,1846.1538461538464,312.36822605491506
0.03,0.25,1846.1538461538464,301.18524397402973
0.05,0.25,1846.1538461538464,295.6428827375749
0.07,0.25,1846.1538461538464,292.90808367002484
0.09,0.25,1846.1538461538464,291.56141944604974
0.11,0.25,1846.1538461538464,290.89953964700766
0.13,0.25,1846.1538461538464,290.5752368869157
0.15,0.25,1846.1538461538464,290.417774008355
0.17,0.25,1846.1538461538464,290.34399441408726
0.19,0.25,1846.1538461538464,290.3148365649185
0.21,0.25,1846.1538461538464,290.3148365649185
0.23,0.25,1846.1538461538464,290.34399441408726
0.25,0.25,1846.1538461538464,290.417774008355
0.27,0.25,1846.1538461538464,290.5752368869157
0.29,0.25,1846.1538461538464,290.89953964700766
0.31,0.25,1846.1538461538464,291.5614194460497
0.33,0.25,1846.1538461538464,292.9080836700249
0.35,0.25,1846.1538461538464,295.6428827375749
0.37,0.25,1846.1538461538464,301.18524397402973
0.39,0.25,1846.1538461538464,312.3682260549151
0.01,0.27,1846.1538461538464,312.3927700435506
0.03,0.27,1846.1538461538464,301.2498885639238
0.05,0.27,1846.1538461538464,295.739720799443
0.07,0.27,1846.1538461538464,293.02868092403435
0.09,0.27,1846.1538461538464,291.6982873153269
0.11,0.27,1846.1538461538464,291.04688435830013
0.13,0.27,1846.1538461538464,290.7289843447687
0.15,0.27,1846.1538461538464,290.5752368869157
0.17,0.27,1846.1538461538464,290.50345245574186
0.19,0.27,1846.1538461538464,290.4751561327692
0.21,0.27,1846.1538461538464,290.4751561327692
0.23,0.27,1846.1538461538464,290.50345245574186
0.25,0.27,1846.1538461538464,290.5752368869157
0.27,0.27,1846.1538461538464,290.7289843447687
0.29,0.27,1846.1538461538464,291.04688435830013
0.31,0.27,1846.1538461538464,291.69828731532687
0.33,0.27,1846.1538461538464,293.0286809240343
0.35,0.27,1846.1538461538464,295.73972079944303
0.37,0.27,1846.1538461538464,301.2498885639238
0.39,0.27,1846.1538461538464,312.3927700435506
0.01,0.29,1846.1538461538464,312.4465965566356
0.03,0.29,1846.1538461538464,301.39041579998315
0.05,0.29,1846.1538461538464,295.9476517986604
0.07,0.29,1846.1538461538464,293.2844040376306
0.09,0.29,1846.1538461538464,291.9853870174919
0.11,0.29,1846.1538461538464,291.35337536480364
0.13,0.29,1846.1538461538464,291.04688435830013
0.15,0.29,1846.1538461538464,290.8995396470076
0.17,0.29,1846.1538461538464,290.8311015699064
0.19,0.29,1846.1538461538464,290.80422421388795
0.21,0.29,1846.1538461538464,290.80422421388795
0.23,0.29,1846.1538461538464,290.8311015699064
0.25,0.29,1846.1538461538464,290.8995396470076
0.27,0.29,1846.1538461538464,291.04688435830013
0.29,0.29,1846.1538461538464,291.35337536480364
0.31,0.29,1846.1538461538464,291.9853870174919
0.33,0.29,1846.1538461538464,293.2844040376306
0.35,0.29,1846.1538461538464,295.9476517986604
0.37,0.29,1846.1538461538464,301.39041579998315
0.39,0.29,1846.1538461538464,312.44659655663565
0.01,0.31,1846.1538461538464,312.5653004702699
0.03,0.31,1846.1538461538464,301.69638242072847
0.05,0.31,1846.1538461538464,296.3929163543704
0.07,0.31,1846.1538461538464,293.823487457117
0.09,0.31,1846.1538461538464,292.58296298703186
0.11,0.31,1846.1538461538464,291.98538701749186
0.13,0.31,1846.1538461538464,291.69828731532687
0.15,0.31,1846.1538461538464,291.5614194460496
0.17,0.31,1846.1538461538464,291.4982924677273
0.19,0.31,1846.1538461538464,291.4736216662724
0.21,0.31,1846.1538461538464,291.4736216662724
0.23,0.31,1846.1538461538464,291.49829246772725
0.25,0.31,1846.1538461538464,291.5614194460497
0.27,0.31,1846.1538461538464,291.6982873153269
0.29,0.31,1846.1538461538464,291.9853870174919
0.31,0.31,1846.1538461538464,292.5829629870319
0.33,0.31,1846.1538461538464,293.823487457117
0.35,0.31,1846.1538461538464,296.3929163543704
0.37,0.31,1846.1538461538464,301.6963824207285
0.39,0.31,1846.1538461538464,312.5653004702699
0.01,0.33,1846.1538461538464,312.8310537725526
0.03,0.33,1846.1538461538464,302.3684343998231
0.05,0.33,1846.1538461538464,297.3491413372672
0.07,0.33,1846.1538461538464,294.95896777402174
0.09,0.33,1846.1538461538464,293.8234874571169
0.11,0.33,1846.1538461538464,293.28440403763057
0.13,0.33,1846.1538461538464,293.02868092403423
0.15,0.33,1846.1538461538464,292.9080836700248
0.17,0.33,1846.1538461538464,292.8529412928362
0.19,0.33,1846.1538461538464,292.83151690278123
0.21,0.33,1846.1538461538464,292.8315169027812
0.23,0.33,1846.1538461538464,292.8529412928362
0.25,0.33,1846.1538461538464,292.9080836700248
0.27,0.33,1846.1538461538464,293.0286809240343
0.29,0.33,1846.1538461538464,293.28440403763057
0.31,0.33,1846.1538461538464,293.823487457117
0.33,0.33,1846.1538461538464,294.9589677740218
0.35,0.33,1846.1538461538464,297.3491413372672
0.37,0.33,1846.1538461538464,302.3684343998232
0.39,0.33,1846.1538461538464,312.8310537725526
0.01,0.35,1846.1538461538464,313.4394969720127
0.03,0.35,1846.1538461538464,303.8624988406169
0.05,0.35,1846.1538461538464,299.41023990917967
0.07,0.35,1846.1538461538464,297.3491413372672
0.09,0.35,1846.1538461538464,296.3929163543704
0.11,0.35,1846.1538461538464,295.9476517986604
0.13,0.35,1846.1538461538464,295.7397207994429
0.15,0.35,1846.1538461538464,295.6428827375748
0.17,0.35,1846.1538461538464,295.5990256623277
0.19,0.35,1846.1538461538464,295.58209239642133
0.21,0.35,1846.1538461538464,295.58209239642133
0.23,0.35,1846.1538461538464,295.5990256623277
0.25,0.35,1846.1538461538464,295.6428827375748
0.27,0.35,1846.1538461538464,295.7397207994429
0.29,0.35,1846.1538461538464,295.9476517986603
0.31,0.35,1846.1538461538464,296.3929163543704
0.33,0.35,1846.1538461538464,297.3491413372672
0.35,0.35,1846.1538461538464,299.4102399091797
0.37,0.35,1846.1538461538464,303.8624988406169
0.39,0.35,1846.1538461538464,313.4394969720127
0.01,0.37,1846.1538461538464,314.87713640117005
0.03,0.37,1846.1538461538464,307.2295583066152
0.05,0.37,1846.1538461538464,303.8624988406169
0.07,0.37,1846.1538461538464,302.36843439982306
0.09,0.37,1846.1538461538464,301.6963824207284
0.11,0.37,1846.1538461538464,301.39041579998315
0.13,0.37,1846.1538461538464,301.2498885639237
0.15,0.37,1846.1538461538464,301.18524397402973
0.17,0.37,1846.1538461538464,301.15622708950286
0.19,0.37,1846.1538461538464,301.145086717075
0.21,0.37,1846.1538461538464,301.145086717075
0.23,0.37,1846.1538461538464,301.15622708950286
0.25,0.37,1846.1538461538464,301.1852439740297
0.27,0.37,1846.1538461538464,301.2498885639237
0.29,0.37,1846.1538461538464,301.39041579998315
0.31,0.37,1846.1538461538464,301.69638242072847
0.33,0.37,1846.1538461538464,302.3684343998231
0.35,0.37,1846.1538461538464,303.8624988406169
0.37,0.37,1846.1538461538464,307.2295583066152
0.39,0.37,1846.1538461538464,314.87713640117005
0.01,0.39,1846.1538461538464,318.4304423789915
0.03,0.39,1846.1538461538464,314.87713640117005
0.05,0.39,1846.1538461538464,313.43949697201265
0.07,0.39,1846.1538461538464,312.8310537725526
0.09,0.39,1846.1538461538464,312.5653004702699
0.11,0.39,1846.1538461538464,312.44659655663565
0.13,0.39,1846.1538461538464,312.3927700435506
0.15,0.39,1846.1538461538464,312.36822605491506
0.17,0.39,1846.1538461538464,312.35727517923976
0.19,0.39,1846.1538461538464,312.35308625884875
0.21,0.39,1846.1538461538464,312.35308625884875
0.23,0.39,1846.1538461538464,312.35727517923976
0.25,0.39,1846.1538461538464,312.36822605491506
0.27,0.39,1846.1538461538464,312.39277004355057
0.29,0.39,1846.1538461538464,312.44659655663565
0.31,0.39,1846.1538461538464,312.5653004702699
0.33,0.39,1846.1538461538464,312.8310537725526
0.35,0.39,1846.1538461538464,313.4394969720127
0.37,0.39,1846.1538461538464,314.87713640117005
0.39,0.39,1846.1538461538464,318.4304423789915
0.01,0.01,3692.307692307693,322.9362994148171
0.03,0.01,3692.307692307693,321.42946381233367
0.05,0.01,3692.307692307693,320.18554564116613
0.07,0.01,3692.307692307693,319.37628411118806
0.09,0.01,3692.307692307693,318.9005906362148
0.11,0.01,3692.307692307693,318.63543860673093
0.13,0.01,3692.307692307693,318.4923155280121
0.15,0.01,3692.307692307693,318.4171945922359
0.17,0.01,3692.307692307693,318.3797669664754
0.19,0.01,3692.307692307693,318.36434934736985
0.21,0.01,3692.307692307693,318.36434934736985
0.23,0.01,3692.307692307693,318.3797669664754
0.25,0.01,3692.307692307693,318.4171945922359
0.27,0.01,3692.307692307693,318.49231552801217
0.29,0.01,3692.307692307693,318.63543860673093
0.31,0.01,3692.307692307693,318.9005906362148
0.33,0.01,3692.307692307693,319.37628411118806
0.35,0.01,3692.307692307693,320.18554564116613
0.37,0.01,3692.307692307693,321.4294638123336
0.39,0.01,3692.307692307693,322.9362994148171
0.01,0.03,3692.307692307693,321.42946381233367
0.03,0.03,3692.307692307693,316.8592810437094
0.05,0.03,3692.307692307693,313.34240853849053
0.07,0.03,3692.307692307693,311.1094187474363
0.09,0.03,3692.307692307693,309.8131858281375
0.11,0.03,3692.307692307693,309.0947975880059
0.13,0.03,3692.307692307693,308.70763650099354
0.15,0.03,3692.307692307693,308.504312811753
0.17,0.03,3692.307692307693,308.402877120079
0.19,0.03,3692.307692307693,308.3610436850042
0.21,0.03,3692.307692307693,308.36104368500423
0.23,0.03,3692.307692307693,308.40287712007904
0.25,0.03,3692.307692307693,308.504312811753
0.27,0.03,3692.307692307693,308.70763650099354
0.29,0.03,3692.307692307693,309.094797588006
0.31,0.03,3692.307692307693,309.8131858281375
0.33,0.03,3692.307692307693,311.1094187474362
0.35,0.03,3692.307692307693,313.3424085384904
0.37,0.03,3692.307692307693,316.8592810437094
0.39,0.03,3692.307692307693,321.4294638123336
0.01,0.05,3692.307692307693,320.18554564116613
0.03,0.05,3692.307692307693,313.34240853849053
0.05,0.05,3692.307692307693,308.27245162298624
0.07,0.05,3692.307692307693,305.1155589031778
0.09,0.05,3692.307692307693,303.2889493139104
0.11,0.05,3692.307692307693,302.27158716421104
0.13,0.05,3692.307692307693,301.7193447733976
0.15,0.05,3692.307692307693,301.4273395212132
0.17,0.05,3692.307692307693,301.2808648383444
0.19,0.05,3692.307692307693,301.2202416546535
0.21,0.05,3692.307692307693,301.2202416546535
0.23,0.05,3692.307692307693,301.2808648383444
0.25,0.05,3692.307692307693,301.42733952121324
0.27,0.05,3692.307692307693,301.7193447733976
0.29,0.05,3692.307692307693,302.27158716421104
0.31,0.05,3692.307692307693,303.28894931391034
0.33,0.05,3692.307692307693,305.1155589031777
0.35,0.05,3692.307692307693,308.2724516229862
0.37,0.05,3692.307692307693,313.3424085384904
0.39,0.05,3692.307692307693,320.1855456411661
0.01,0.07,3692.307692307693,319.37628411118806
0.03,0.07,3692.307692307693,311.1094187474362
0.05,0.07,3692.307692307693,305.11555890317777
0.07,0.07,3692.307692307693,301.38933170495187
0.09,0.07,3692.307692307693,299.2153851587784
0.11,0.07,3692.307692307693,297.99241348655573
0.13,0.07,3692.307692307693,297.32231631697584
0.15,0.07,3692.307692307693,296.96514624746146
0.17,0.07,3692.307692307693,296.78485876167
0.19,0.07,3692.307692307693,296.70993547297
0.21,0.07,3692.307692307693,296.70993547297
0.23,0.07,3692.307692307693,296.78485876167
0.25,0.07,3692.307692307693,296.9651462474615
0.27,0.07,3692.307692307693,297.3223163169758
0.29,0.07,3692.307692307693,297.9924134865557
0.31,0.07,3692.307692307693,299.2153851587783
0.33,0.07,3692.307692307693,301.3893317049518
0.35,0.07,3692.307692307693,305.1155589031777
0.37,0.07,3692.307692307693,311.1094187474362
0.39,0.07,3692.307692307693,319.376284111188
0.01,0.09,3692.307692307693,318.9005906362148
0.03,0.09,3692.307692307693,309.8131858281374
0.05,0.09,3692.307692307693,303.2889493139104
0.07,0.09,3692.307692307693,299.2153851587784
0.09,0.09,3692.307692307693,296.8183805348379
0.11,0.09,3692.307692307693,295.4576968366517
0.13,0.09,3692.307692307693,294.70583905072647
0.15,0.09,3692.307692307693,294.3021317535853
0.17,0.09,3692.307692307693,294.0971481788048
0.19,0.09,3692.307692307693,294.0116263005969
0.21,0.09,3692.307692307693,294.01162630059696
0.23,0.09,3692.307692307693,294.0971481788048
0.25,0.09,3692.307692307693,294.3021317535853
0.27,0.09,3692.307692307693,294.7058390507265
0.29,0.09,3692.307692307693,295.4576968366516
0.31,0.09,3692.307692307693,296.81838053483784
0.33,0.09,3692.307692307693,299.2153851587783
0.35,0.09,3692.307692307693,303.28894931391034
0.37,0.09,3692.307692307693,309.8131858281374
0.39,0.09,3692.307692307693,318.9005906362148
0.01,0.11,3692.307692307693,318.6354386067309
0.03,0.11,3692.307692307693,309.0947975880059
0.05,0.11,3692.307692307693,302.27158716421104
0.07,0.11,3692.307692307693,297.99241348655573
0.09,0.11,3692.307692307693,295.4576968366516
0.11,0.11,3692.307692307693,294.00873976586644
0.13,0.11,3692.307692307693,293.2027012267812
0.15,0.11,3692.307692307693,292.7672649658178
0.17,0.11,3692.307692307693,292.54505989537364
0.19,0.11,3692.307692307693,292.4520366327359
0.21,0.11,3692.307692307693,292.4520366327359
0.23,0.11,3692.307692307693,292.54505989537364
0.25,0.11,3692.307692307693,292.76726496581784
0.27,0.11,3692.307692307693,293.20270122678124
0.29,0.11,3692.307692307693,294.00873976586644
0.31,0.11,3692.307692307693,295.4576968366516
0.33,0.11,3692.307692307693,297.9924134865557
0.35,0.11,3692.307692307693,302.27158716421104
0.37,0.11,3692.307692307693,309.0947975880059
0.39,0.11,3692.307692307693,318.6354386067309
0.01,0.13,3692.307692307693,318.4923155280121
0.03,0.13,3692.307692307693,308.70763650099354
0.05,0.13,3692.307692307693,301.7193447733976
0.07,0.13,3692.307692307693,297.3223163169758
0.09,0.13,3692.307692307693,294.7058390507265
0.11,0.13,3692.307692307693,293.20270122678124
0.13,0.13,3692.307692307693,292.362377003744
0.15,0.13,3692.307692307693,291.9063195714609
0.17,0.13,3692.307692307693,291.67267980481006
0.19,0.13,3692.307692307693,291.57460464145817
0.21,0.13,3692.307692307693,291.57460464145817
0.23,0.13,3692.307692307693,291.67267980481006
0.25,0.13,3692.307692307693,291.9063195714609
0.27,0.13,3692.307692307693,292.3623770037439
0.29,0.13,3692.307692307693,293.20270122678124
0.31,0.13,3692.307692307693,294.7058390507265
0.33,0.13,3692.307692307693,297.3223163169758
0.35,0.13,3692.307692307693,301.7193447733976
0.37,0.13,3692.307692307693,308.70763650099354
0.39,0.13,3692.307692307693,318.4923155280121
0.01,0.15,3692.307692307693,318.4171945922359
0.03,0.15,3692.307692307693,308.504312811753
0.05,0.15,3692.307692307693,301.42733952121324
0.07,0.15,3692.307692307693,296.9651462474615
0.09,0.15,3692.307692307693,294.30213175358534
0.11,0.15,3692.307692307693,292.76726496581784
0.13,0.15,3692.307692307693,291.9063195714609
0.15,0.15,3692.307692307693,291.4375627127123
0.17,0.15,3692.307692307693,291.19674524061713
0.19,0.15,3692.307692307693,291.0954585098509
0.21,0.15,3692.307692307693,291.0954585098509
0.23,0.15,3692.307692307693,291.19674524061713
0.25,0.15,3692.307692307693,291.43756271271224
0.27,0.15,3692.307692307693,291.9063195714609
0.29,0.15,3692.307692307693,292.7672649658178
0.31,0.15,3692.307692307693,294.3021317535853
0.33,0.15,3692.307692307693,296.9651462474615
0.35,0.15,3692.307692307693,301.4273395212133
0.37,0.15,3692.307692307693,308.50431281175304
0.39,0.15,3692.307692307693,318.4171945922359
0.01,0.17,3692.307692307693,318.3797669664755
0.03,0.17,3692.307692307693,308.4028771200791
0.05,0.17,3692.307692307693,301.2808648383445
0.07,0.17,3692.307692307693,296.7848587616701
0.09,0.17,3692.307692307693,294.0971481788048
0.11,0.17,3692.307692307693,292.5450598953737
0.13,0.17,3692.307692307693,291.67267980481006
0.15,0.17,3692.307692307693,291.1967452406172
0.17,0.17,3692.307692307693,290.9518078365873
0.19,0.17,3692.307692307693,290.8486587446679
0.21,0.17,3692.307692307693,290.84865874466783
0.23,0.17,3692.307692307693,290.95180783658725
0.25,0.17,3692.307692307693,291.19674524061713
0.27,0.17,3692.307692307693,291.67267980481
0.29,0.17,3692.307692307693,292.54505989537364
0.31,0.17,3692.307692307693,294.0971481788048
0.33,0.17,3692.307692307693,296.78485876167014
0.35,0.17,3692.307692307693,301.2808648383445
0.37,0.17,3692.307692307693,308.4028771200791
0.39,0.17,3692.307692307693,318.3797669664754
0.01,0.19,3692.307692307693,318.36434934736985
0.03,0.19,3692.307692307693,308.3610436850043
0.05,0.19,3692.307692307693,301.2202416546535
0.07,0.19,3692.307692307693,296.70993547297
0.09,0.19,3692.307692307693,294.01162630059696
0.11,0.19,3692.307692307693,292.4520366327359
0.13,0.19,3692.307692307693,291.57460464145817
0.15,0.19,3692.307692307693,291.09545850985097
0.17,0.19,3692.307692307693,290.8486587446679
0.19,0.19,3692.307692307693,290.74466208458125
0.21,0.19,3692.307692307693,290.7446620845813
0.23,0.19,3692.307692307693,290.84865874466783
0.25,0.19,3692.307692307693,291.0954585098509
0.27,0.19,3692.307692307693,291.57460464145817
0.29,0.19,3692.307692307693,292.45203663273594
0.31,0.19,3692.307692307693,294.01162630059696
0.33,0.19,3692.307692307693,296.70993547297
0.35,0.19,3692.307692307693,301.22024165465353
0.37,0.19,3692.307692307693,308.36104368500423
0.39,0.19,3692.307692307693,318.36434934736985
0.01,0.21,3692.307692307693,318.36434934736985
0.03,0.21,3692.307692307693,308.3610436850043
0.05,0.21,3692.307692307693,301.2202416546535
0.07,0.21,3692.307692307693,296.70993547297
0.09,0.21,3692.307692307693,294.0116263005969
0.11,0.21,3692.307692307693,292.4520366327359
0.13,0.21,3692.307692307693,291.57460464145817
0.15,0.21,3692.307692307693,291.09545850985097
0.17,0.21,3692.307692307693,290.8486587446679
0.19,0.21,3692.307692307693,290.7446620845813
0.21,0.21,3692.307692307693,290.7446620845813
0.23,0.21,3692.307692307693,290.8486587446679
0.25,0.21,3692.307692307693,291.0954585098509
0.27,0.21,3692.307692307693,291.57460464145817
0.29,0.21,3692.307692307693,292.4520366327359
0.31,0.21,3692.307692307693,294.01162630059696
0.33,0.21,3692.307692307693,296.70993547297
0.35,0.21,3692.307692307693,301.22024165465353
0.37,0.21,3692.307692307693,308.3610436850043
0.39,0.21,3692.307692307693,318.36434934736985
0.01,0.23,3692.307692307693,318.3797669664754
0.03,0.23,3692.307692307693,308.4028771200791
0.05,0.23,3692.307692307693,301.2808648383444
0.07,0.23,3692.307692307693,296.7848587616701
0.09,0.23,3692.307692307693,294.0971481788048
0.11,0.23,3692.307692307693,292.54505989537364
0.13,0.23,3692.307692307693,291.67267980481006
0.15,0.23,3692.307692307693,291.1967452406172
0.17,0.23,3692.307692307693,290.95180783658736
0.19,0.23,3692.307692307693,290.8486587446679
0.21,0.23,3692.307692307693,290.8486587446679
0.23,0.23,3692.307692307693,290.95180783658736
0.25,0.23,3692.307692307693,291.1967452406172
0.27,0.23,3692.307692307693,291.67267980481
0.29,0.23,3692.307692307693,292.54505989537364
0.31,0.23,3692.307692307693,294.0971481788048
0.33,0.23,3692.307692307693,296.7848587616701
0.35,0.23,3692.307692307693,301.2808648383444
0.37,0.23,3692.307692307693,308.40287712007904
0.39,0.23,3692.307692307693,318.3797669664755
0.01,0.25,3692.307692307693,318.41719459223594
0.03,0.25,3692.307692307693,308.504312811753
0.05,0.25,3692.307692307693,301.42733952121324
0.07,0.25,3692.307692307693,296.9651462474615
0.09,0.25,3692.307692307693,294.3021317535853
0.11,0.25,3692.307692307693,292.76726496581784
0.13,0.25,3692.307692307693,291.9063195714609
0.15,0.25,3692.307692307693,291.4375627127123
0.17,0.25,3692.307692307693,291.1967452406172
0.19,0.25,3692.307692307693,291.09545850985097
0.21,0.25,3692.307692307693,291.09545850985097
0.23,0.25,3692.307692307693,291.1967452406172
0.25,0.25,3692.307692307693,291.4375627127123
0.27,0.25,3692.307692307693,291.9063195714609
0.29,0.25,3692.307692307693,292.7672649658178
0.31,0.25,3692.307692307693,294.3021317535853
0.33,0.25,3692.307692307693,296.9651462474615
0.35,0.25,3692.307692307693,301.4273395212133
0.37,0.25,3692.307692307693,308.504312811753
0.39,0.25,3692.307692307693,318.41719459223594
0.01,0.27,3692.307692307693,318.4923155280121
0.03,0.27,3692.307692307693,308.70763650099354
0.05,0.27,3692.307692307693,301.7193447733976
0.07,0.27,3692.307692307693,297.32231631697584
0.09,0.27,3692.307692307693,294.70583905072647
0.11,0.27,3692.307692307693,293.2027012267812
0.13,0.27,3692.307692307693,292.3623770037439
0.15,0.27,3692.307692307693,291.9063195714609
0.17,0.27,3692.307692307693,291.67267980481006
0.19,0.27,3692.307692307693,291.57460464145817
0.21,0.27,3692.307692307693,291.57460464145817
0.23,0.27,3692.307692307693,291.67267980481
0.25,0.27,3692.307692307693,291.90631957146087
0.27,0.27,3692.307692307693,292.3623770037439
0.29,0.27,3692.307692307693,293.2027012267812
0.31,0.27,3692.307692307693,294.70583905072647
0.33,0.27,3692.307692307693,297.3223163169758
0.35,0.27,3692.307692307693,301.7193447733976
0.37,0.27,3692.307692307693,308.70763650099354
0.39,0.27,3692.307692307693,318.4923155280121
0.01,0.29,3692.307692307693,318.6354386067309
0.03,0.29,3692.307692307693,309.0947975880059
0.05,0.29,3692.307692307693,302.271587164211
0.07,0.29,3692.307692307693,297.99241348655573
0.09,0.29,3692.307692307693,295.4576968366516
0.11,0.29,3692.307692307693,294.0087397658664
0.13,0.29,3692.307692307693,293.2027012267812
0.15,0.29,3692.307692307693,292.7672649658178
0.17,0.29,3692.307692307693,292.54505989537364
0.19,0.29,3692.307692307693,292.4520366327359
0.21,0.29,3692.307692307693,292.4520366327359
0.23,0.29,3692.307692307693,292.54505989537364
0.25,0.29,3692.307692307693,292.7672649658178
0.27,0.29,3692.307692307693,293.2027012267812
0.29,0.29,3692.307692307693,294.0087397658664
0.31,0.29,3692.307692307693,295.4576968366516
0.33,0.29,3692.307692307693,297.9924134865557
0.35,0.29,3692.307692307693,302.271587164211
0.37,0.29,3692.307692307693,309.0947975880059
0.39,0.29,3692.307692307693,318.63543860673093
0.01,0.31,3692.307692307693,318.9005906362148
0.03,0.31,3692.307692307693,309.8131858281375
0.05,0.31,3692.307692307693,303.28894931391034
0.07,0.31,3692.307692307693,299.2153851587784
0.09,0.31,3692.307692307693,296.8183805348379
0.11,0.31,3692.307692307693,295.4576968366516
0.13,0.31,3692.307692307693,294.7058390507264
0.15,0.31,3692.307692307693,294.30213175358523
0.17,0.31,3692.307692307693,294.0971481788048
0.19,0.31,3692.307692307693,294.01162630059696
0.21,0.31,3692.307692307693,294.0116263005969
0.23,0.31,3692.307692307693,294.0971481788048
0.25,0.31,3692.307692307693,294.30213175358523
0.27,0.31,3692.307692307693,294.7058390507264
0.29,0.31,3692.307692307693,295.4576968366516
0.31,0.31,3692.307692307693,296.81838053483784
0.33,0.31,3692.307692307693,299.2153851587783
0.35,0.31,3692.307692307693,303.28894931391034
0.37,0.31,3692.307692307693,309.8131858281375
0.39,0.31,3692.307692307693,318.9005906362148
0.01,0.33,3692.307692307693,319.37628411118806
0.03,0.33,3692.307692307693,311.1094187474362
0.05,0.33,3692.307692307693,305.11555890317777
0.07,0.33,3692.307692307693,301.38933170495187
0.09,0.33,3692.307692307693,299.2153851587784
0.11,0.33,3692.307692307693,297.9924134865557
0.13,0.33,3692.307692307693,297.32231631697573
0.15,0.33,3692.307692307693,296.96514624746146
0.17,0.33,3692.307692307693,296.78485876167
0.19,0.33,3692.307692307693,296.70993547297
0.21,0.33,3692.307692307693,296.7099354729699
0.23,0.33,3692.307692307693,296.78485876167
0.25,0.33,3692.307692307693,296.96514624746146
0.27,0.33,3692.307692307693,297.3223163169758
0.29,0.33,3692.307692307693,297.9924134865556
0.31,0.33,3692.307692307693,299.2153851587783
0.33,0.33,3692.307692307693,301.3893317049518
0.35,0.33,3692.307692307693,305.11555890317777
0.37,0.33,3692.307692307693,311.1094187474362
0.39,0.33,3692.307692307693,319.37628411118806
0.01,0.35,3692.307692307693,320.1855456411661
0.03,0.35,3692.307692307693,313.3424085384905
0.05,0.35,3692.307692307693,308.2724516229862
0.07,0.35,3692.307692307693,305.11555890317777
0.09,0.35,3692.307692307693,303.28894931391034
0.11,0.35,3692.307692307693,302.27158716421104
0.13,0.35,3692.307692307693,301.71934477339755
0.15,0.35,3692.307692307693,301.4273395212132
0.17,0.35,3692.307692307693,301.2808648383444
0.19,0.35,3692.307692307693,301.2202416546535
0.21,0.35,3692.307692307693,301.2202416546535
0.23,0.35,3692.307692307693,301.2808648383444
0.25,0.35,3692.307692307693,301.4273395212132
0.27,0.35,3692.307692307693,301.7193447733975
0.29,0.35,3692.307692307693,302.2715871642109
0.31,0.35,3692.307692307693,303.2889493139103
0.33,0.35,3692.307692307693,305.1155589031777
0.35,0.35,3692.307692307693,308.2724516229862
0.37,0.35,3692.307692307693,313.3424085384905
0.39,0.35,3692.307692307693,320.1855456411661
0.01,0.37,3692.307692307693,321.4294638123336
0.03,0.37,3692.307692307693,316.85928104370936
0.05,0.37,3692.307692307693,313.3424085384905
0.07,0.37,3692.307692307693,311.1094187474362
0.09,0.37,3692.307692307693,309.8131858281374
0.11,0.37,3692.307692307693,309.0947975880059
0.13,0.37,3692.307692307693,308.70763650099354
0.15,0.37,3692.307692307693,308.504312811753
0.17,0.37,3692.307692307693,308.40287712007904
0.19,0.37,3692.307692307693,308.36104368500423
0.21,0.37,3692.307692307693,308.36104368500423
0.23,0.37,3692.307692307693,308.40287712007904
0.25,0.37,3692.307692307693,308.504312811753
0.27,0.37,3692.307692307693,308.7076365009935
0.29,0.37,3692.307692307693,309.09479758800586
0.31,0.37,3692.307692307693,309.8131858281374
0.33,0.37,3692.307692307693,311.10941874743617
0.35,0.37,3692.307692307693,313.3424085384904
0.37,0.37,3692.307692307693,316.85928104370936
0.39,0.37,3692.307692307693,321.4294638123336
0.01,0.39,3692.307692307693,322.93629941481703
0.03,0.39,3692.307692307693,321.4294638123336
0.05,0.39,3692.307692307693,320.1855456411661
0.07,0.39,3692.307692307693,319.37628411118806
0.09,0.39,3692.307692307693,318.9005906362148
0.11,0.39,3692.307692307693,318.6354386067309
0.13,0.39,3692.307692307693,318.4923155280121
0.15,0.39,3692.307692307693,318.41719459223594
0.17,0.39,3692.307692307693,318.3797669664754
0.19,0.39,3692.307692307693,318.36434934736985
0.21,0.39,3692.307692307693,318.36434934736985
0.23,0.39,3692.307692307693,318.3797669664755
0.25,0.39,3692.307692307693,318.41719459223594
0.27,0.39,3692.307692307693,318.4923155280121
0.29,0.39,3692.307692307693,318.63543860673093
0.31,0.39,3692.307692307693,318.9005906362148
0.33,0.39,3692.307692307693,319.37628411118806
0.35,0.39,3692.307692307693,320.1855456411661
0.37,0.39,3692.307692307693,321.4294638123336
0.39,0.39,3692.307692307693,322.93629941481703
0.01,0.01,5538.461538461539,323.8451890805115
0.03,0.01,5538.461538461539,323.59857823439705
0.05,0.01,5538.461538461539,322.8962742360104
0.07,0.01,5538.461538461539,322.19967749778203
0.09,0.01,5538.461538461539,321.65961441213153
0.11,0.01,5538.461538461539,321.2892990453952
0.13,0.01,5538.461538461539,321.0542195915039
0.15,0.01,5538.461538461539,320.9139565282509
0.17,0.01,5538.461538461539,320.8369354314925
0.19,0.01,5538.461538461539,320.8031485414743
0.21,0.01,5538.461538461539,320.8031485414743
0.23,0.01,5538.461538461539,320.8369354314925
0.25,0.01,5538.461538461539,320.9139565282508
0.27,0.01,5538.461538461539,321.0542195915039
0.29,0.01,5538.461538461539,321.2892990453952
0.31,0.01,5538.461538461539,321.65961441213153
0.33,0.01,5538.461538461539,322.19967749778203
0.35,0.01,5538.461538461539,322.8962742360104
0.37,0.01,5538.461538461539,323.59857823439705
0.39,0.01,5538.461538461539,323.8451890805115
0.01,0.03,5538.461538461539,323.59857823439705
0.03,0.03,5538.461538461539,322.06761973737946
0.05,0.03,5538.461538461539,319.7497792124825
0.07,0.03,5538.461538461539,317.61619427581024
0.09,0.03,5538.461538461539,316.0085746250955
0.11,0.03,5538.461538461539,314.92494667171945
0.13,0.03,5538.461538461539,314.2447830688703
0.15,0.03,5538.461538461539,313.8418865763359
0.17,0.03,5538.461538461539,313.6216050953347
0.19,0.03,5538.461538461539,313.52519189846777
0.21,0.03,5538.461538461539,313.5251918984678
0.23,0.03,5538.461538461539,313.6216050953348
0.25,0.03,5538.461538461539,313.841886576336
0.27,0.03,5538.461538461539,314.2447830688703
0.29,0.03,5538.461538461539,314.92494667171945
0.31,0.03,5538.461538461539,316.00857462509543
0.33,0.03,5538.461538461539,317.6161942758102
0.35,0.03,5538.461538461539,319.7497792124825
0.37,0.03,5538.461538461539,322.06761973737946
0.39,0.03,5538.461538461539,323.59857823439705
0.01,0.05,5538.461538461539,322.8962742360104
0.03,0.05,5538.461538461539,319.7497792124825
0.05,0.05,5538.461538461539,315.850511129579
0.07,0.05,5538.461538461539,312.4781198809037
0.09,0.05,5538.461538461539,310.0339090146677
0.11,0.05,5538.461538461539,308.42796160126494
0.13,0.05,5538.461538461539,307.4353295184992
0.15,0.05,5538.461538461539,306.85219521275127
0.17,0.05,5538.461538461539,306.5346297470428
0.19,0.05,5538.461538461539,306.39585943351153
0.21,0.05,5538.461538461539,306.3958594335116
0.23,0.05,5538.461538461539,306.5346297470428
0.25,0.05,5538.461538461539,306.8521952127513
0.27,0.05,5538.461538461539,307.4353295184992
0.29,0.05,5538.461538461539,308.42796160126494
0.31,0.05,5538.461538461539,310.03390901466764
0.33,0.05,5538.461538461539,312.47811988090365
0.35,0.05,5538.461538461539,315.85051112957893
0.37,0.05,5538.461538461539,319.7497792124825
0.39,0.05,5538.461538461539,322.8962742360104
0.01,0.07,5538.461538461539,322.19967749778203
0.03,0.07,5538.461538461539,317.6161942758102
0.05,0.07,5538.461538461539,312.4781198809037
0.07,0.07,5538.461538461539,308.2603020436805
0.09,0.07,5538.461538461539,305.3000511277815
0.11,0.07,5538.461538461539,303.385121768533
0.13,0.07,5538.461538461539,302.20784088753487
0.15,0.07,5538.461538461539,301.5166336534872
0.17,0.07,5538.461538461539,301.13978856321205
0.19,0.07,5538.461538461539,300.97491160952075
0.21,0.07,5538.461538461539,300.9749116095207
0.23,0.07,5538.461538461539,301.13978856321205
0.25,0.07,5538.461538461539,301.5166336534872
0.27,0.07,5538.461538461539,302.20784088753487
0.29,0.07,5538.461538461539,303.385121768533
0.31,0.07,5538.461538461539,305.3000511277816
0.33,0.07,5538.461538461539,308.2603020436805
0.35,0.07,5538.461538461539,312.4781198809037
0.37,0.07,5538.461538461539,317.61619427581024
0.39,0.07,5538.461538461539,322.19967749778203
0.01,0.09,5538.461538461539,321.65961441213153
0.03,0.09,5538.461538461539,316.0085746250955
0.05,0.09,5538.461538461539,310.0339090146677
0.07,0.09,5538.461538461539,305.3000511277815
0.09,0.09,5538.461538461539,302.03121530945543
0.11,0.09,5538.461538461539,299.9248148780919
0.13,0.09,5538.461538461539,298.6283088826317
0.15,0.09,5538.461538461539,297.8649892146747
0.17,0.09,5538.461538461539,297.44764651852694
0.19,0.09,5538.461538461539,297.2646761240034
0.21,0.09,5538.461538461539,297.2646761240034
0.23,0.09,5538.461538461539,297.44764651852694
0.25,0.09,5538.461538461539,297.86498921467467
0.27,0.09,5538.461538461539,298.62830888263164
0.29,0.09,5538.461538461539,299.924814878092
0.31,0.09,5538.461538461539,302.0312153094555
0.33,0.09,5538.461538461539,305.3000511277815
0.35,0.09,5538.461538461539,310.0339090146677
0.37,0.09,5538.461538461539,316.00857462509543
0.39,0.09,5538.461538461539,321.65961441213153
0.01,0.11,5538.461538461539,321.2892990453952
0.03,0.11,5538.461538461539,314.92494667171945
0.05,0.11,5538.461538461539,308.427961601265
0.07,0.11,5538.461538461539,303.385121768533
0.09,0.11,5538.461538461539,299.924814878092
0.11,0.11,5538.461538461539,297.69416279658367
0.13,0.11,5538.461538461539,296.3175230613353
0.15,0.11,5538.461538461539,295.5044283551969
0.17,0.11,5538.461538461539,295.0585840971117
0.19,0.11,5538.461538461539,294.8627240156983
0.21,0.11,5538.461538461539,294.86272401569823
0.23,0.11,5538.461538461539,295.05858409711163
0.25,0.11,5538.461538461539,295.5044283551969
0.27,0.11,5538.461538461539,296.3175230613353
0.29,0.11,5538.461538461539,297.69416279658367
0.31,0.11,5538.461538461539,299.924814878092
0.33,0.11,5538.461538461539,303.385121768533
0.35,0.11,5538.461538461539,308.427961601265
0.37,0.11,5538.461538461539,314.9249466717195
0.39,0.11,5538.461538461539,321.2892990453952
0.01,0.13,5538.461538461539,321.0542195915039
0.03,0.13,5538.461538461539,314.2447830688703
0.05,0.13,5538.461538461539,307.43532951849926
0.07,0.13,5538.461538461539,302.20784088753487
0.09,0.13,5538.461538461539,298.62830888263164
0.11,0.13,5538.461538461539,296.3175230613353
0.13,0.13,5538.461538461539,294.88777284980785
0.15,0.13,5538.461538461539,294.0409657016244
0.17,0.13,5538.461538461539,293.5754968268207
0.19,0.13,5538.461538461539,293.370667410045
0.21,0.13,5538.461538461539,293.370667410045
0.23,0.13,5538.461538461539,293.5754968268206
0.25,0.13,5538.461538461539,294.0409657016243
0.27,0.13,5538.461538461539,294.88777284980785
0.29,0.13,5538.461538461539,296.3175230613353
0.31,0.13,5538.461538461539,298.6283088826317
0.33,0.13,5538.461538461539,302.2078408875349
0.35,0.13,5538.461538461539,307.43532951849926
0.37,0.13,5538.461538461539,314.2447830688703
0.39,0.13,5538.461538461539,321.0542195915039
0.01,0.15,5538.461538461539,320.9139565282508
0.03,0.15,5538.461538461539,313.841886576336
0.05,0.15,5538.461538461539,306.8521952127514
0.07,0.15,5538.461538461539,301.5166336534872
0.09,0.15,5538.461538461539,297.8649892146747
0.11,0.15,5538.461538461539,295.5044283551969
0.13,0.15,5538.461538461539,294.0409657016244
0.15,0.15,5538.461538461539,293.1723722375161
0.17,0.15,5538.461538461539,292.69404315155924
0.19,0.15,5538.461538461539,292.48328270391715
0.21,0.15,5538.461538461539,292.4832827039171
0.23,0.15,5538.461538461539,292.6940431515592
0.25,0.15,5538.461538461539,293.1723722375161
0.27,0.15,5538.461538461539,294.0409657016243
0.29,0.15,5538.461538461539,295.50442835519686
0.31,0.15,5538.461538461539,297.8649892146747
0.33,0.15,5538.461538461539,301.5166336534872
0.35,0.15,5538.461538461539,306.8521952127513
0.37,0.15,5538.461538461539,313.841886576336
0.39,0.15,5538.461538461539,320.9139565282509
0.01,0.17,5538.461538461539,320.8369354314925
0.03,0.17,5538.461538461539,313.6216050953348
0.05,0.17,5538.461538461539,306.53462974704286
0.07,0.17,5538.461538461539,301.13978856321205
0.09,0.17,5538.461538461539,297.4476465185269
0.11,0.17,5538.461538461539,295.05858409711163
0.13,0.17,5538.461538461539,293.5754968268206
0.15,0.17,5538.461538461539,292.6940431515592
0.17,0.17,5538.461538461539,292.20803922270693
0.19,0.17,5538.461538461539,291.9937138889242
0.21,0.17,5538.461538461539,291.9937138889242
0.23,0.17,5538.461538461539,292.2080392227069
0.25,0.17,5538.461538461539,292.6940431515592
0.27,0.17,5538.461538461539,293.57549682682065
0.29,0.17,5538.461538461539,295.05858409711163
0.31,0.17,5538.461538461539,297.44764651852694
0.33,0.17,5538.461538461539,301.139788563212
0.35,0.17,5538.461538461539,306.5346297470428
0.37,0.17,5538.461538461539,313.6216050953348
0.39,0.17,5538.461538461539,320.8369354314925
0.01,0.19,5538.461538461539,320.8031485414743
0.03,0.19,5538.461538461539,313.5251918984678
0.05,0.19,5538.461538461539,306.3958594335116
0.07,0.19,5538.461538461539,300.9749116095207
0.09,0.19,5538.461538461539,297.2646761240034
0.11,0.19,5538.461538461539,294.8627240156982
0.13,0.19,5538.461538461539,293.3706674100449
0.15,0.19,5538.461538461539,292.48328270391704
0.17,0.19,5538.461538461539,291.9937138889242
0.19,0.19,5538.461538461539,291.7777250092867
0.21,0.19,5538.461538461539,291.7777250092868
0.23,0.19,5538.461538461539,291.9937138889242
0.25,0.19,5538.461538461539,292.48328270391704
0.27,0.19,5538.461538461539,293.3706674100449
0.29,0.19,5538.461538461539,294.86272401569823
0.31,0.19,5538.461538461539,297.2646761240034
0.33,0.19,5538.461538461539,300.9749116095207
0.35,0.19,5538.461538461539,306.39585943351153
0.37,0.19,5538.461538461539,313.52519189846777
0.39,0.19,5538.461538461539,320.8031485414743
0.01,0.21,5538.461538461539,320.8031485414743
0.03,0.21,5538.461538461539,313.5251918984678
0.05,0.21,5538.461538461539,306.3958594335116
0.07,0.21,5538.461538461539,300.9749116095207
0.09,0.21,5538.461538461539,297.2646761240034
0.11,0.21,5538.461538461539,294.8627240156982
0.13,0.21,5538.461538461539,293.3706674100449
0.15,0.21,5538.461538461539,292.48328270391704
0.17,0.21,5538.461538461539,291.9937138889242
0.19,0.21,5538.461538461539,291.7777250092868
0.21,0.21,5538.461538461539,291.7777250092867
0.23,0.21,5538.461538461539,291.9937138889242
0.25,0.21,5538.461538461539,292.4832827039171
0.27,0.21,5538.461538461539,293.3706674100449
0.29,0.21,5538.461538461539,294.86272401569823
0.31,0.21,5538.461538461539,297.2646761240035
0.33,0.21,5538.461538461539,300.9749116095207
0.35,0.21,5538.461538461539,306.39585943351153
0.37,0.21,5538.461538461539,313.52519189846777
0.39,0.21,5538.461538461539,320.80314854147423
0.01,0.23,5538.461538461539,320.8369354314925
0.03,0.23,5538.461538461539,313.6216050953348
0.05,0.23,5538.461538461539,306.5346297470428
0.07,0.23,5538.461538461539,301.13978856321205
0.09,0.23,5538.461538461539,297.44764651852694
0.11,0.23,5538.461538461539,295.05858409711163
0.13,0.23,5538.461538461539,293.57549682682065
0.15,0.23,5538.461538461539,292.6940431515592
0.17,0.23,5538.461538461539,292.20803922270693
0.19,0.23,5538.461538461539,291.9937138889243
0.21,0.23,5538.461538461539,291.9937138889242
0.23,0.23,5538.461538461539,292.20803922270693
0.25,0.23,5538.461538461539,292.69404315155924
0.27,0.23,5538.461538461539,293.57549682682065
0.29,0.23,5538.461538461539,295.05858409711163
0.31,0.23,5538.461538461539,297.44764651852694
0.33,0.23,5538.461538461539,301.1397885632121
0.35,0.23,5538.461538461539,306.53462974704286
0.37,0.23,5538.461538461539,313.6216050953348
0.39,0.23,5538.461538461539,320.8369354314925
0.01,0.25,5538.461538461539,320.91395652825094
0.03,0.25,5538.461538461539,313.841886576336
0.05,0.25,5538.461538461539,306.8521952127514
0.07,0.25,5538.461538461539,301.51663365348725
0.09,0.25,5538.461538461539,297.8649892146747
0.11,0.25,5538.461538461539,295.5044283551969
0.13,0.25,5538.461538461539,294.0409657016244
0.15,0.25,5538.461538461539,293.1723722375161
0.17,0.25,5538.461538461539,292.69404315155924
0.19,0.25,5538.461538461539,292.4832827039171
0.21,0.25,5538.461538461539,292.4832827039171
0.23,0.25,5538.461538461539,292.6940431515592
0.25,0.25,5538.461538461539,293.1723722375161
0.27,0.25,5538.461538461539,294.0409657016244
0.29,0.25,5538.461538461539,295.5044283551969
0.31,0.25,5538.461538461539,297.8649892146747
0.33,0.25,5538.461538461539,301.51663365348725
0.35,0.25,5538.461538461539,306.8521952127513
0.37,0.25,5538.461538461539,313.841886576336
0.39,0.25,5538.461538461539,320.91395652825094
0.01,0.27,5538.461538461539,321.0542195915039
0.03,0.27,5538.461538461539,314.2447830688703
0.05,0.27,5538.461538461539,307.43532951849926
0.07,0.27,5538.461538461539,302.2078408875349
0.09,0.27,5538.461538461539,298.6283088826317
0.11,0.27,5538.461538461539,296.3175230613353
0.13,0.27,5538.461538461539,294.88777284980785
0.15,0.27,5538.461538461539,294.0409657016244
0.17,0.27,5538.461538461539,293.57549682682065
0.19,0.27,5538.461538461539,293.370667410045
0.21,0.27,5538.461538461539,293.3706674100449
0.23,0.27,5538.461538461539,293.57549682682065
0.25,0.27,5538.461538461539,294.0409657016244
0.27,0.27,5538.461538461539,294.88777284980785
0.29,0.27,5538.461538461539,296.3175230613353
0.31,0.27,5538.461538461539,298.6283088826317
0.33,0.27,5538.461538461539,302.2078408875349
0.35,0.27,5538.461538461539,307.43532951849926
0.37,0.27,5538.461538461539,314.2447830688703
0.39,0.27,5538.461538461539,321.0542195915039
0.01,0.29,5538.461538461539,321.2892990453951
0.03,0.29,5538.461538461539,314.9249466717195
0.05,0.29,5538.461538461539,308.427961601265
0.07,0.29,5538.461538461539,303.38512176853305
0.09,0.29,5538.461538461539,299.924814878092
0.11,0.29,5538.461538461539,297.6941627965836
0.13,0.29,5538.461538461539,296.3175230613353
0.15,0.29,5538.461538461539,295.5044283551969
0.17,0.29,5538.461538461539,295.05858409711163
0.19,0.29,5538.461538461539,294.86272401569823
0.21,0.29,5538.461538461539,294.8627240156982
0.23,0.29,5538.461538461539,295.0585840971116
0.25,0.29,5538.461538461539,295.5044283551969
0.27,0.29,5538.461538461539,296.3175230613353
0.29,0.29,5538.461538461539,297.6941627965836
0.31,0.29,5538.461538461539,299.924814878092
0.33,0.29,5538.461538461539,303.38512176853305
0.35,0.29,5538.461538461539,308.427961601265
0.37,0.29,5538.461538461539,314.9249466717195
0.39,0.29,5538.461538461539,321.2892990453952
0.01,0.31,5538.461538461539,321.65961441213153
0.03,0.31,5538.461538461539,316.00857462509555
0.05,0.31,5538.461538461539,310.03390901466776
0.07,0.31,5538.461538461539,305.3000511277816
0.09,0.31,5538.461538461539,302.0312153094555
0.11,0.31,5538.461538461539,299.924814878092
0.13,0.31,5538.461538461539,298.62830888263164
0.15,0.31,5538.461538461539,297.86498921467467
0.17,0.31,5538.461538461539,297.4476465185269
0.19,0.31,5538.461538461539,297.2646761240034
0.21,0.31,5538.461538461539,297.26467612400336
0.23,0.31,5538.461538461539,297.4476465185269
0.25,0.31,5538.461538461539,297.86498921467467
0.27,0.31,5538.461538461539,298.6283088826316
0.29,0.31,5538.461538461539,299.9248148780919
0.31,0.31,5538.461538461539,302.0312153094555
0.33,0.31,5538.461538461539,305.3000511277816
0.35,0.31,5538.461538461539,310.03390901466776
0.37,0.31,5538.461538461539,316.00857462509555
0.39,0.31,5538.461538461539,321.65961441213153
0.01,0.33,5538.461538461539,322.19967749778203
0.03,0.33,5538.461538461539,317.61619427581024
0.05,0.33,5538.461538461539,312.47811988090376
0.07,0.33,5538.461538461539,308.2603020436805
0.09,0.33,5538.461538461539,305.3000511277816
0.11,0.33,5538.461538461539,303.385121768533
0.13,0.33,5538.461538461539,302.20784088753487
0.15,0.33,5538.461538461539,301.5166336534872
0.17,0.33,5538.461538461539,301.13978856321205
0.19,0.33,5538.461538461539,300.9749116095207
0.21,0.33,5538.461538461539,300.9749116095207
0.23,0.33,5538.461538461539,301.139788563212
0.25,0.33,5538.461538461539,301.51663365348713
0.27,0.33,5538.461538461539,302.2078408875348
0.29,0.33,5538.461538461539,303.385121768533
0.31,0.33,5538.461538461539,305.3000511277816
0.33,0.33,5538.461538461539,308.2603020436805
0.35,0.33,5538.461538461539,312.4781198809037
0.37,0.33,5538.461538461539,317.61619427581024
0.39,0.33,5538.461538461539,322.19967749778203
0.01,0.35,5538.461538461539,322.8962742360104
0.03,0.35,5538.461538461539,319.7497792124825
0.05,0.35,5538.461538461539,315.850511129579
0.07,0.35,5538.461538461539,312.4781198809037
0.09,0.35,5538.461538461539,310.0339090146677
0.11,0.35,5538.461538461539,308.42796160126494
0.13,0.35,5538.461538461539,307.4353295184992
0.15,0.35,5538.461538461539,306.8521952127513
0.17,0.35,5538.461538461539,306.5346297470428
0.19,0.35,5538.461538461539,306.39585943351153
0.21,0.35,5538.461538461539,306.39585943351153
0.23,0.35,5538.461538461539,306.53462974704274
0.25,0.35,5538.461538461539,306.8521952127512
0.27,0.35,5538.461538461539,307.43532951849915
0.29,0.35,5538.461538461539,308.4279616012649
0.31,0.35,5538.461538461539,310.0339090146677
0.33,0.35,5538.461538461539,312.47811988090365
0.35,0.35,5538.461538461539,315.850511129579
0.37,0.35,5538.461538461539,319.74977921248257
0.39,0.35,5538.461538461539,322.8962742360104
0.01,0.37,5538.461538461539,323.598578234397
0.03,0.37,5538.461538461539,322.06761973737946
0.05,0.37,5538.461538461539,319.7497792124825
0.07,0.37,5538.461538461539,317.61619427581024
0.09,0.37,5538.461538461539,316.0085746250955
0.11,0.37,5538.461538461539,314.92494667171945
0.13,0.37,5538.461538461539,314.2447830688703
0.15,0.37,5538.461538461539,313.8418865763359
0.17,0.37,5538.461538461539,313.6216050953348
0.19,0.37,5538.461538461539,313.52519189846777
0.21,0.37,5538.461538461539,313.5251918984678
0.23,0.37,5538.461538461539,313.6216050953347
0.25,0.37,5538.461538461539,313.8418865763359
0.27,0.37,5538.461538461539,314.24478306887016
0.29,0.37,5538.461538461539,314.92494667171945
0.31,0.37,5538.461538461539,316.00857462509543
0.33,0.37,5538.461538461539,317.6161942758102
0.35,0.37,5538.461538461539,319.7497792124825
0.37,0.37,5538.461538461539,322.0676197373795
0.39,0.37,5538.461538461539,323.59857823439705
0.01,0.39,5538.461538461539,323.8451890805115
0.03,0.39,5538.461538461539,323.59857823439705
0.05,0.39,5538.461538461539,322.8962742360104
0.07,0.39,5538.461538461539,322.19967749778203
0.09,0.39,5538.461538461539,321.65961441213153
0.11,0.39,5538.461538461539,321.2892990453951
0.13,0.39,5538.461538461539,321.0542195915039
0.15,0.39,5538.461538461539,320.91395652825094
0.17,0.39,5538.461538461539,320.8369354314925
0.19,0.39,5538.461538461539,320.8031485414743
0.21,0.39,5538.461538461539,320.8031485414743
0.23,0.39,5538.461538461539,320.8369354314925
0.25,0.39,5538.461538461539,320.9139565282509
0.27,0.39,5538.461538461539,321.0542195915039
0.29,0.39,5538.461538461539,321.2892990453951
0.31,0.39,5538.461538461539,321.65961441213153
0.33,0.39,5538.461538461539,322.1996774977821
0.35,0.39,5538.461538461539,322.8962742360104
0.37,0.39,5538.461538461539,323.59857823439705
0.39,0.39,5538.461538461539,323.8451890805115
0.01,0.01,7384.615384615385,324.02350048538585
0.03,0.01,7384.615384615385,324.3747816661014
0.05,0.01,7384.615384615385,324.1345102627415
0.07,0.01,7384.615384615385,323.681810628662
0.09,0.01,7384.615384615385,323.21462594160664
0.11,0.01,7384.615384615385,322.8231354780477
0.13,0.01,7384.615384615385,322.5328240054409
0.15,0.01,7384.615384615385,322.3372313548483
0.17,0.01,7384.615384615385,322.2197056652582
0.19,0.01,7384.615384615385,322.16514717742285
0.21,0.01,7384.615384615385,322.16514717742285
0.23,0.01,7384.615384615385,322.2197056652582
0.25,0.01,7384.615384615385,322.3372313548483
0.27,0.01,7384.615384615385,322.53282400544083
0.29,0.01,7384.615384615385,322.82313547804773
0.31,0.01,7384.615384615385,323.21462594160664
0.33,0.01,7384.615384615385,323.681810628662
0.35,0.01,7384.615384615385,324.1345102627415
0.37,0.01,7384.615384615385,324.37478166610134
0.39,0.01,7384.615384615385,324.02350048538585
0.01,0.03,7384.615384615385,324.37478166610134
0.03,0.03,7384.615384615385,324.6445986056361
0.05,0.03,7384.615384615385,323.6586227555368
0.07,0.03,7384.615384615385,322.19416638787766
0.09,0.03,7384.615384615385,320.747495305603
0.11,0.03,7384.615384615385,319.557825631828
0.13,0.03,7384.615384615385,318.68633158007765
0.15,0.03,7384.615384615385,318.10434636092845
0.17,0.03,7384.615384615385,317.7567838692787
0.19,0.03,7384.615384615385,317.5960167565334
0.21,0.03,7384.615384615385,317.5960167565334
0.23,0.03,7384.615384615385,317.7567838692787
0.25,0.03,7384.615384615385,318.1043463609284
0.27,0.03,7384.615384615385,318.68633158007765
0.29,0.03,7384.615384615385,319.55782563182794
0.31,0.03,7384.615384615385,320.747495305603
0.33,0.03,7384.615384615385,322.19416638787766
0.35,0.03,7384.615384615385,323.6586227555368
0.37,0.03,7384.615384615385,324.64459860563613
0.39,0.03,7384.615384615385,324.3747816661014
0.01,0.05,7384.615384615385,324.1345102627415
0.03,0.05,7384.615384615385,323.6586227555367
0.05,0.05,7384.615384615385,321.62661015795686
0.07,0.05,7384.615384615385,319.0341027748546
0.09,0.05,7384.615384615385,316.5972129183962
0.11,0.05,7384.615384615385,314.6538309641703
0.13,0.05,7384.615384615385,313.26236479385216
0.15,0.05,7384.615384615385,312.34856607250606
0.17,0.05,7384.615384615385,311.80895056787614
0.19,0.05,7384.615384615385,311.5609420371947
0.21,0.05,7384.615384615385,311.5609420371947
0.23,0.05,7384.615384615385,311.8089505678761
0.25,0.05,7384.615384615385,312.34856607250606
0.27,0.05,7384.615384615385,313.2623647938521
0.29,0.05,7384.615384615385,314.6538309641703
0.31,0.05,7384.615384615385,316.5972129183962
0.33,0.05,7384.615384615385,319.03410277485466
0.35,0.05,7384.615384615385,321.626610157957
0.37,0.05,7384.615384615385,323.65862275553684
0.39,0.05,7384.615384615385,324.1345102627416
0.01,0.07,7384.615384615385,323.681810628662
0.03,0.07,7384.615384615385,322.1941663878776
0.05,0.07,7384.615384615385,319.0341027748546
0.07,0.07,7384.615384615385,315.3860200015847
0.09,0.07,7384.615384615385,312.13046741637254
0.11,0.07,7384.615384615385,309.63253922002144
0.13,0.07,7384.615384615385,307.89385026958547
0.15,0.07,7384.615384615385,306.7733780102798
0.17,0.07,7384.615384615385,306.11923874868944
0.19,0.07,7384.615384615385,305.8203841766684
0.21,0.07,7384.615384615385,305.8203841766684
0.23,0.07,7384.615384615385,306.11923874868944
0.25,0.07,7384.615384615385,306.77337801027977
0.27,0.07,7384.615384615385,307.8938502695854
0.29,0.07,7384.615384615385,309.63253922002144
0.31,0.07,7384.615384615385,312.13046741637254
0.33,0.07,7384.615384615385,315.3860200015848
0.35,0.07,7384.615384615385,319.03410277485466
0.37,0.07,7384.615384615385,322.1941663878777
0.39,0.07,7384.615384615385,323.681810628662
0.01,0.09,7384.615384615385,323.21462594160664
0.03,0.09,7384.615384615385,320.747495305603
0.05,0.09,7384.615384615385,316.5972129183962
0.07,0.09,7384.615384615385,312.13046741637254
0.09,0.09,7384.615384615385,308.3288424886141
0.11,0.09,7384.615384615385,305.50874740773537
0.13,0.09,7384.615384615385,303.58594178128067
0.15,0.09,7384.615384615385,302.3605128549213
0.17,0.09,7384.615384615385,301.6490033710889
0.19,0.09,7384.615384615385,301.32471830271106
0.21,0.09,7384.615384615385,301.3247183027111
0.23,0.09,7384.615384615385,301.6490033710889
0.25,0.09,7384.615384615385,302.3605128549213
0.27,0.09,7384.615384615385,303.5859417812806
0.29,0.09,7384.615384615385,305.50874740773537
0.31,0.09,7384.615384615385,308.3288424886141
0.33,0.09,7384.615384615385,312.13046741637254
0.35,0.09,7384.615384615385,316.5972129183963
0.37,0.09,7384.615384615385,320.747495305603
0.39,0.09,7384.615384615385,323.21462594160664
0.01,0.11,7384.615384615385,322.82313547804773
0.03,0.11,7384.615384615385,319.557825631828
0.05,0.11,7384.615384615385,314.6538309641703
0.07,0.11,7384.615384615385,309.63253922002144
0.09,0.11,7384.615384615385,305.50874740773537
0.11,0.11,7384.615384615385,302.51463657826554
0.13,0.11,7384.615384615385,300.4940894630004
0.15,0.11,7384.615384615385,299.2118667476093
0.17,0.11,7384.615384615385,298.46850204956354
0.19,0.11,7384.615384615385,298.1298287278011
0.21,0.11,7384.615384615385,298.12982872780105
0.23,0.11,7384.615384615385,298.4685020495635
0.25,0.11,7384.615384615385,299.2118667476093
0.27,0.11,7384.615384615385,300.4940894630004
0.29,0.11,7384.615384615385,302.5146365782655
0.31,0.11,7384.615384615385,305.5087474077354
0.33,0.11,7384.615384615385,309.6325392200215
0.35,0.11,7384.615384615385,314.6538309641704
0.37,0.11,7384.615384615385,319.557825631828
0.39,0.11,7384.615384615385,322.82313547804773
0.01,0.13,7384.615384615385,322.5328240054409
0.03,0.13,7384.615384615385,318.6863315800777
0.05,0.13,7384.615384615385,313.2623647938522
0.07,0.13,7384.615384615385,307.8938502695855
0.09,0.13,7384.615384615385,303.58594178128067
0.11,0.13,7384.615384615385,300.4940894630004
0.13,0.13,7384.615384615385,298.41687401116155
0.15,0.13,7384.615384615385,297.10037410913355
0.17,0.13,7384.615384615385,296.3371560463458
0.19,0.13,7384.615384615385,295.98933616912245
0.21,0.13,7384.615384615385,295.98933616912245
0.23,0.13,7384.615384615385,296.3371560463458
0.25,0.13,7384.615384615385,297.10037410913355
0.27,0.13,7384.615384615385,298.4168740111615
0.29,0.13,7384.615384615385,300.4940894630003
0.31,0.13,7384.615384615385,303.5859417812806
0.33,0.13,7384.615384615385,307.89385026958547
0.35,0.13,7384.615384615385,313.26236479385216
0.37,0.13,7384.615384615385,318.6863315800777
0.39,0.13,7384.615384615385,322.5328240054409
0.01,0.15,7384.615384615385,322.3372313548483
0.03,0.15,7384.615384615385,318.1043463609285
0.05,0.15,7384.615384615385,312.3485660725061
0.07,0.15,7384.615384615385,306.7733780102799
0.09,0.15,7384.615384615385,302.3605128549214
0.11,0.15,7384.615384615385,299.2118667476093
0.13,0.15,7384.615384615385,297.10037410913355
0.15,0.15,7384.615384615385,295.7623875603335
0.17,0.15,7384.615384615385,294.986405277411
0.19,0.15,7384.615384615385,294.6326168702983
0.21,0.15,7384.615384615385,294.6326168702983
0.23,0.15,7384.615384615385,294.986405277411
0.25,0.15,7384.615384615385,295.7623875603335
0.27,0.15,7384.615384615385,297.10037410913355
0.29,0.15,7384.615384615385,299.2118667476093
0.31,0.15,7384.615384615385,302.3605128549213
0.33,0.15,7384.615384615385,306.7733780102798
0.35,0.15,7384.615384615385,312.34856607250606
0.37,0.15,7384.615384615385,318.10434636092845
0.39,0.15,7384.615384615385,322.3372313548483
0.01,0.17,7384.615384615385,322.21970566525823
0.03,0.17,7384.615384615385,317.7567838692787
0.05,0.17,7384.615384615385,311.8089505678762
0.07,0.17,7384.615384615385,306.11923874868955
0.09,0.17,7384.615384615385,301.6490033710889
0.11,0.17,7384.615384615385,298.4685020495635
0.13,0.17,7384.615384615385,296.33715604634574
0.15,0.17,7384.615384615385,294.98640527741094
0.17,0.17,7384.615384615385,294.20270910626584
0.19,0.17,7384.615384615385,293.8452778119671
0.21,0.17,7384.615384615385,293.8452778119671
0.23,0.17,7384.615384615385,294.2027091062658
0.25,0.17,7384.615384615385,294.986405277411
0.27,0.17,7384.615384615385,296.33715604634574
0.29,0.17,7384.615384615385,298.4685020495635
0.31,0.17,7384.615384615385,301.6490033710889
0.33,0.17,7384.615384615385,306.1192387486895
0.35,0.17,7384.615384615385,311.80895056787614
0.37,0.17,7384.615384615385,317.7567838692787
0.39,0.17,7384.615384615385,322.21970566525823
0.01,0.19,7384.615384615385,322.1651471774228
0.03,0.19,7384.615384615385,317.5960167565334
0.05,0.19,7384.615384615385,311.5609420371948
0.07,0.19,7384.615384615385,305.82038417666854
0.09,0.19,7384.615384615385,301.32471830271106
0.11,0.19,7384.615384615385,298.129828727801
0.13,0.19,7384.615384615385,295.9893361691224
0.15,0.19,7384.615384615385,294.63261687029825
0.17,0.19,7384.615384615385,293.8452778119671
0.19,0.19,7384.615384615385,293.4861163488055
0.21,0.19,7384.615384615385,293.4861163488055
0.23,0.19,7384.615384615385,293.84527781196704
0.25,0.19,7384.615384615385,294.6326168702982
0.27,0.19,7384.615384615385,295.9893361691224
0.29,0.19,7384.615384615385,298.129828727801
0.31,0.19,7384.615384615385,301.3247183027111
0.33,0.19,7384.615384615385,305.8203841766685
0.35,0.19,7384.615384615385,311.5609420371948
0.37,0.19,7384.615384615385,317.5960167565334
0.39,0.19,7384.615384615385,322.1651471774228
0.01,0.21,7384.615384615385,322.16514717742285
0.03,0.21,7384.615384615385,317.5960167565334
0.05,0.21,7384.615384615385,311.5609420371948
0.07,0.21,7384.615384615385,305.82038417666854
0.09,0.21,7384.615384615385,301.3247183027111
0.11,0.21,7384.615384615385,298.129828727801
0.13,0.21,7384.615384615385,295.9893361691224
0.15,0.21,7384.615384615385,294.63261687029825
0.17,0.21,7384.615384615385,293.8452778119671
0.19,0.21,7384.615384615385,293.48611634880547
0.21,0.21,7384.615384615385,293.48611634880547
0.23,0.21,7384.615384615385,293.8452778119671
0.25,0.21,7384.615384615385,294.6326168702982
0.27,0.21,7384.615384615385,295.9893361691224
0.29,0.21,7384.615384615385,298.129828727801
0.31,0.21,7384.615384615385,301.3247183027111
0.33,0.21,7384.615384615385,305.82038417666854
0.35,0.21,7384.615384615385,311.5609420371948
0.37,0.21,7384.615384615385,317.59601675653346
0.39,0.21,7384.615384615385,322.16514717742285
0.01,0.23,7384.615384615385,322.21970566525823
0.03,0.23,7384.615384615385,317.7567838692787
0.05,0.23,7384.615384615385,311.80895056787614
0.07,0.23,7384.615384615385,306.1192387486895
0.09,0.23,7384.615384615385,301.6490033710889
0.11,0.23,7384.615384615385,298.4685020495635
0.13,0.23,7384.615384615385,296.3371560463458
0.15,0.23,7384.615384615385,294.98640527741094
0.17,0.23,7384.615384615385,294.2027091062658
0.19,0.23,7384.615384615385,293.8452778119671
0.21,0.23,7384.615384615385,293.84527781196704
0.23,0.23,7384.615384615385,294.2027091062658
0.25,0.23,7384.615384615385,294.98640527741094
0.27,0.23,7384.615384615385,296.33715604634574
0.29,0.23,7384.615384615385,298.4685020495635
0.31,0.23,7384.615384615385,301.6490033710889
0.33,0.23,7384.615384615385,306.11923874868955
0.35,0.23,7384.615384615385,311.80895056787614
0.37,0.23,7384.615384615385,317.7567838692788
0.39,0.23,7384.615384615385,322.21970566525823
0.01,0.25,7384.615384615385,322.3372313548483
0.03,0.25,7384.615384615385,318.10434636092845
0.05,0.25,7384.615384615385,312.3485660725061
0.07,0.25,7384.615384615385,306.7733780102798
0.09,0.25,7384.615384615385,302.3605128549214
0.11,0.25,7384.615384615385,299.2118667476093
0.13,0.25,7384.615384615385,297.10037410913355
0.15,0.25,7384.615384615385,295.76238756033354
0.17,0.25,7384.615384615385,294.98640527741105
0.19,0.25,7384.615384615385,294.6326168702983
0.21,0.25,7384.615384615385,294.63261687029825
0.23,0.25,7384.615384615385,294.986405277411
0.25,0.25,7384.615384615385,295.7623875603335
0.27,0.25,7384.615384615385,297.1003741091335
0.29,0.25,7384.615384615385,299.2118667476093
0.31,0.25,7384.615384615385,302.3605128549214
0.33,0.25,7384.615384615385,306.77337801027994
0.35,0.25,7384.615384615385,312.3485660725061
0.37,0.25,7384.615384615385,318.10434636092845
0.39,0.25,7384.615384615385,322.3372313548484
0.01,0.27,7384.615384615385,322.53282400544083
0.03,0.27,7384.615384615385,318.6863315800777
0.05,0.27,7384.615384615385,313.26236479385216
0.07,0.27,7384.615384615385,307.8938502695855
0.09,0.27,7384.615384615385,303.58594178128067
0.11,0.27,7384.615384615385,300.4940894630004
0.13,0.27,7384.615384615385,298.41687401116155
0.15,0.27,7384.615384615385,297.1003741091336
0.17,0.27,7384.615384615385,296.33715604634585
0.19,0.27,7384.615384615385,295.9893361691225
0.21,0.27,7384.615384615385,295.98933616912245
0.23,0.27,7384.615384615385,296.3371560463458
0.25,0.27,7384.615384615385,297.10037410913355
0.27,0.27,7384.615384615385,298.4168740111615
0.29,0.27,7384.615384615385,300.4940894630004
0.31,0.27,7384.615384615385,303.58594178128067
0.33,0.27,7384.615384615385,307.8938502695855
0.35,0.27,7384.615384615385,313.2623647938522
0.37,0.27,7384.615384615385,318.6863315800777
0.39,0.27,7384.615384615385,322.5328240054409
0.01,0.29,7384.615384615385,322.82313547804773
0.03,0.29,7384.615384615385,319.557825631828
0.05,0.29,7384.615384615385,314.6538309641704
0.07,0.29,7384.615384615385,309.6325392200216
0.09,0.29,7384.615384615385,305.5087474077355
0.11,0.29,7384.615384615385,302.51463657826554
0.13,0.29,7384.615384615385,300.4940894630004
0.15,0.29,7384.615384615385,299.2118667476094
0.17,0.29,7384.615384615385,298.4685020495636
0.19,0.29,7384.615384615385,298.1298287278011
0.21,0.29,7384.615384615385,298.12982872780105
0.23,0.29,7384.615384615385,298.4685020495635
0.25,0.29,7384.615384615385,299.2118667476093
0.27,0.29,7384.615384615385,300.4940894630004
0.29,0.29,7384.615384615385,302.5146365782655
0.31,0.29,7384.615384615385,305.5087474077354
0.33,0.29,7384.615384615385,309.6325392200216
0.35,0.29,7384.615384615385,314.6538309641704
0.37,0.29,7384.615384615385,319.557825631828
0.39,0.29,7384.615384615385,322.82313547804773
0.01,0.31,7384.615384615385,323.21462594160664
0.03,0.31,7384.615384615385,320.7474953056031
0.05,0.31,7384.615384615385,316.59721291839634
0.07,0.31,7384.615384615385,312.13046741637265
0.09,0.31,7384.615384615385,308.3288424886142
0.11,0.31,7384.615384615385,305.5087474077355
0.13,0.31,7384.615384615385,303.5859417812807
0.15,0.31,7384.615384615385,302.36051285492147
0.17,0.31,7384.615384615385,301.6490033710889
0.19,0.31,7384.615384615385,301.3247183027111
0.21,0.31,7384.615384615385,301.32471830271106
0.23,0.31,7384.615384615385,301.6490033710889
0.25,0.31,7384.615384615385,302.3605128549213
0.27,0.31,7384.615384615385,303.5859417812806
0.29,0.31,7384.615384615385,305.5087474077354
0.31,0.31,7384.615384615385,308.32884248861416
0.33,0.31,7384.615384615385,312.1304674163726
0.35,0.31,7384.615384615385,316.5972129183963
0.37,0.31,7384.615384615385,320.7474953056031
0.39,0.31,7384.615384615385,323.21462594160664
0.01,0.33,7384.615384615385,323.681810628662
0.03,0.33,7384.615384615385,322.1941663878778
0.05,0.33,7384.615384615385,319.0341027748548
0.07,0.33,7384.615384615385,315.3860200015849
0.09,0.33,7384.615384615385,312.13046741637265
0.11,0.33,7384.615384615385,309.6325392200215
0.13,0.33,7384.615384615385,307.8938502695855
0.15,0.33,7384.615384615385,306.77337801027994
0.17,0.33,7384.615384615385,306.11923874868955
0.19,0.33,7384.615384615385,305.82038417666854
0.21,0.33,7384.615384615385,305.8203841766685
0.23,0.33,7384.615384615385,306.1192387486895
0.25,0.33,7384.615384615385,306.77337801027977
0.27,0.33,7384.615384615385,307.89385026958547
0.29,0.33,7384.615384615385,309.63253922002144
0.31,0.33,7384.615384615385,312.13046741637254
0.33,0.33,7384.615384615385,315.3860200015848
0.35,0.33,7384.615384615385,319.0341027748547
0.37,0.33,7384.615384615385,322.1941663878777
0.39,0.33,7384.615384615385,323.681810628662
0.01,0.35,7384.615384615385,324.1345102627416
0.03,0.35,7384.615384615385,323.65862275553684
0.05,0.35,7384.615384615385,321.62661015795703
0.07,0.35,7384.615384615385,319.0341027748547
0.09,0.35,7384.615384615385,316.59721291839634
0.11,0.35,7384.615384615385,314.6538309641704
0.13,0.35,7384.615384615385,313.26236479385216
0.15,0.35,7384.615384615385,312.3485660725061
0.17,0.35,7384.615384615385,311.80895056787614
0.19,0.35,7384.615384615385,311.5609420371947
0.21,0.35,7384.615384615385,311.5609420371947
0.23,0.35,7384.615384615385,311.80895056787614
0.25,0.35,7384.615384615385,312.34856607250606
0.27,0.35,7384.615384615385,313.2623647938521
0.29,0.35,7384.615384615385,314.6538309641703
0.31,0.35,7384.615384615385,316.5972129183962
0.33,0.35,7384.615384615385,319.03410277485466
0.35,0.35,7384.615384615385,321.626610157957
0.37,0.35,7384.615384615385,323.65862275553684
0.39,0.35,7384.615384615385,324.1345102627415
0.01,0.37,7384.615384615385,324.3747816661014
0.03,0.37,7384.615384615385,324.6445986056362
0.05,0.37,7384.615384615385,323.6586227555369
0.07,0.37,7384.615384615385,322.1941663878778
0.09,0.37,7384.615384615385,320.74749530560314
0.11,0.37,7384.615384615385,319.557825631828
0.13,0.37,7384.615384615385,318.6863315800777
0.15,0.37,7384.615384615385,318.10434636092845
0.17,0.37,7384.615384615385,317.7567838692787
0.19,0.37,7384.615384615385,317.5960167565334
0.21,0.37,7384.615384615385,317.5960167565334
0.23,0.37,7384.615384615385,317.7567838692787
0.25,0.37,7384.615384615385,318.1043463609284
0.27,0.37,7384.615384615385,318.6863315800777
0.29,0.37,7384.615384615385,319.55782563182794
0.31,0.37,7384.615384615385,320.747495305603
0.33,0.37,7384.615384615385,322.1941663878777
0.35,0.37,7384.615384615385,323.65862275553684
0.37,0.37,7384.615384615385,324.6445986056362
0.39,0.37,7384.615384615385,324.37478166610146
0.01,0.39,7384.615384615385,324.02350048538585
0.03,0.39,7384.615384615385,324.3747816661014
0.05,0.39,7384.615384615385,324.1345102627416
0.07,0.39,7384.615384615385,323.68181062866205
0.09,0.39,7384.615384615385,323.21462594160664
0.11,0.39,7384.615384615385,322.82313547804773
0.13,0.39,7384.615384615385,322.53282400544083
0.15,0.39,7384.615384615385,322.3372313548483
0.17,0.39,7384.615384615385,322.21970566525823
0.19,0.39,7384.615384615385,322.1651471774228
0.21,0.39,7384.615384615385,322.1651471774228
0.23,0.39,7384.615384615385,322.2197056652582
0.25,0.39,7384.615384615385,322.3372313548483
0.27,0.39,7384.615384615385,322.53282400544083
0.29,0.39,7384.615384615385,322.82313547804773
0.31,0.39,7384.615384615385,323.2146259416066
0.33,0.39,7384.615384615385,323.681810628662
0.35,0.39,7384.615384615385,324.1345102627415
0.37,0.39,7384.615384615385,324.37478166610146
0.39,0.39,7384.615384615385,324.0235004853859
0.01,0.01,9230.76923076923,324.02226010708495
0.03,0.01,9230.76923076923,324.64236188979385
0.05,0.01,9230.76923076923,324.7137257936869
0.07,0.01,9230.76923076923,324.50556371161434
0.09,0.01,9230.76923076923,324.1822171403389
0.11,0.01,9230.76923076923,323.847297035137
0.13,0.01,9230.76923076923,323.55832809550355
0.15,0.01,9230.76923076923,323.3398355276237
0.17,0.01,9230.76923076923,323.1970221597394
0.19,0.01,9230.76923076923,323.12717888909106
0.21,0.01,9230.76923076923,323.127178889091
0.23,0.01,9230.76923076923,323.1970221597394
0.25,0.01,9230.76923076923,323.3398355276237
0.27,0.01,9230.76923076923,323.5583280955035
0.29,0.01,9230.76923076923,323.84729703513693
0.31,0.01,9230.76923076923,324.18221714033893
0.33,0.01,9230.76923076923,324.5055637116143
0.35,0.01,9230.76923076923,324.7137257936868
0.37,0.01,9230.76923076923,324.64236188979385
0.39,0.01,9230.76923076923,324.0222601070849
0.01,0.03,9230.76923076923,324.6423618897938
0.03,0.03,9230.76923076923,325.8422050469079
0.05,0.03,9230.76923076923,325.82275971314675
0.07,0.03,9230.76923076923,325.0998824289342
0.09,0.03,9230.76923076923,324.0801733223474
0.11,0.03,9230.76923076923,323.04798907008814
0.13,0.03,9230.76923076923,322.1667231402271
0.15,0.03,9230.76923076923,321.50493112990176
0.17,0.03,9230.76923076923,321.0744550975558
0.19,0.03,9230.76923076923,320.864559327966
0.21,0.03,9230.76923076923,320.864559327966
0.23,0.03,9230.76923076923,321.0744550975558
0.25,0.03,9230.76923076923,321.5049311299017
0.27,0.03,9230.76923076923,322.166723140227
0.29,0.03,9230.76923076923,323.0479890700881
0.31,0.03,9230.76923076923,324.0801733223474
0.33,0.03,9230.76923076923,325.09988242893417
0.35,0.03,9230.76923076923,325.8227597131467
0.37,0.03,9230.76923076923,325.842205046908
0.39,0.03,9230.76923076923,324.64236188979385
0.01,0.05,9230.76923076923,324.7137257936868
0.03,0.05,9230.76923076923,325.8227597131467
0.05,0.05,9230.76923076923,325.35768819888744
0.07,0.05,9230.76923076923,323.9227972186672
0.09,0.05,9230.76923076923,322.0951332103984
0.11,0.05,9230.76923076923,320.3091851076724
0.13,0.05,9230.76923076923,318.8156023366276
0.15,0.05,9230.76923076923,317.7108207221931
0.17,0.05,9230.76923076923,317.0000614369919
0.19,0.05,9230.76923076923,316.6558475686925
0.21,0.05,9230.76923076923,316.6558475686925
0.23,0.05,9230.76923076923,317.000061436992
0.25,0.05,9230.76923076923,317.7108207221931
0.27,0.05,9230.76923076923,318.8156023366276
0.29,0.05,9230.76923076923,320.3091851076723
0.31,0.05,9230.76923076923,322.0951332103984
0.33,0.05,9230.76923076923,323.9227972186671
0.35,0.05,9230.76923076923,325.3576881988875
0.37,0.05,9230.76923076923,325.82275971314675
0.39,0.05,9230.76923076923,324.7137257936869
0.01,0.07,9230.76923076923,324.50556371161434
0.03,0.07,9230.76923076923,325.0998824289342
0.05,0.07,9230.76923076923,323.92279721866714
0.07,0.07,9230.76923076923,321.6308785092395
0.09,0.07,9230.76923076923,318.9408544828975
0.11,0.07,9230.76923076923,316.4147622233953
0.13,0.07,9230.76923076923,314.3624980026409
0.15,0.07,9230.76923076923,312.8786514217428
0.17,0.07,9230.76923076923,311.9397464383548
0.19,0.07,9230.76923076923,311.4895934594694
0.21,0.07,9230.76923076923,311.48959345946946
0.23,0.07,9230.76923076923,311.93974643835486
0.25,0.07,9230.76923076923,312.87865142174286
0.27,0.07,9230.76923076923,314.3624980026409
0.29,0.07,9230.76923076923,316.41476222339526
0.31,0.07,9230.76923076923,318.9408544828975
0.33,0.07,9230.76923076923,321.63087850923955
0.35,0.07,9230.76923076923,323.9227972186672
0.37,0.07,9230.76923076923,325.0998824289343
0.39,0.07,9230.76923076923,324.50556371161434
0.01,0.09,9230.76923076923,324.1822171403388
0.03,0.09,9230.76923076923,324.0801733223474
0.05,0.09,9230.76923076923,322.0951332103984
0.07,0.09,9230.76923076923,318.9408544828975
0.09,0.09,9230.76923076923,315.4692167667076
0.11,0.09,9230.76923076923,312.3446575100656
0.13,0.09,9230.76923076923,309.8919368944533
0.15,0.09,9230.76923076923,308.1649249577832
0.17,0.09,9230.76923076923,307.09184407391444
0.19,0.09,9230.76923076923,306.58268016811
0.21,0.09,9230.76923076923,306.5826801681101
0.23,0.09,9230.76923076923,307.09184407391444
0.25,0.09,9230.76923076923,308.1649249577832
0.27,0.09,9230.76923076923,309.8919368944533
0.29,0.09,9230.76923076923,312.3446575100656
0.31,0.09,9230.76923076923,315.4692167667076
0.33,0.09,9230.76923076923,318.9408544828975
0.35,0.09,9230.76923076923,322.09513321039844
0.37,0.09,9230.76923076923,324.08017332234743
0.39,0.09,9230.76923076923,324.1822171403389
0.01,0.11,9230.76923076923,323.84729703513693
0.03,0.11,9230.76923076923,323.04798907008814
0.05,0.11,9230.76923076923,320.3091851076724
0.07,0.11,9230.76923076923,316.41476222339526
0.09,0.11,9230.76923076923,312.3446575100656
0.11,0.11,9230.76923076923,308.82563550305304
0.13,0.11,9230.76923076923,306.148899618617
0.15,0.11,9230.76923076923,304.30472323680044
0.17,0.11,9230.76923076923,303.17397940469203
0.19,0.11,9230.76923076923,302.6411816187755
0.21,0.11,9230.76923076923,302.6411816187755
0.23,0.11,9230.76923076923,303.17397940469203
0.25,0.11,9230.76923076923,304.30472323680044
0.27,0.11,9230.76923076923,306.1488996186169
0.29,0.11,9230.76923076923,308.825635503053
0.31,0.11,9230.76923076923,312.3446575100656
0.33,0.11,9230.76923076923,316.4147622233953
0.35,0.11,9230.76923076923,320.3091851076724
0.37,0.11,9230.76923076923,323.0479890700881
0.39,0.11,9230.76923076923,323.84729703513693
0.01,0.13,9230.76923076923,323.55832809550355
0.03,0.13,9230.76923076923,322.1667231402271
0.05,0.13,9230.76923076923,318.81560233662765
0.07,0.13,9230.76923076923,314.3624980026409
0.09,0.13,9230.76923076923,309.8919368944533
0.11,0.13,9230.76923076923,306.148899618617
0.13,0.13,9230.76923076923,303.3655812082326
0.15,0.13,9230.76923076923,301.47399645611824
0.17,0.13,9230.76923076923,300.3228299554926
0.19,0.13,9230.76923076923,299.7823877264219
0.21,0.13,9230.76923076923,299.7823877264219
0.23,0.13,9230.76923076923,300.3228299554926
0.25,0.13,9230.76923076923,301.4739964561182
0.27,0.13,9230.76923076923,303.36558120823247
0.29,0.13,9230.76923076923,306.1488996186169
0.31,0.13,9230.76923076923,309.89193689445324
0.33,0.13,9230.76923076923,314.36249800264085
0.35,0.13,9230.76923076923,318.8156023366276
0.37,0.13,9230.76923076923,322.166723140227
0.39,0.13,9230.76923076923,323.55832809550355
0.01,0.15,9230.76923076923,323.3398355276237
0.03,0.15,9230.76923076923,321.5049311299018
0.05,0.15,9230.76923076923,317.71082072219315
0.07,0.15,9230.76923076923,312.8786514217428
0.09,0.15,9230.76923076923,308.1649249577832
0.11,0.15,9230.76923076923,304.30472323680044
0.13,0.15,9230.76923076923,301.47399645611824
0.15,0.15,9230.76923076923,299.5646656107289
0.17,0.15,9230.76923076923,298.4071530624011
0.19,0.15,9230.76923076923,297.86470037341047
0.21,0.15,9230.76923076923,297.8647003734104
0.23,0.15,9230.76923076923,298.40715306240105
0.25,0.15,9230.76923076923,299.5646656107288
0.27,0.15,9230.76923076923,301.47399645611813
0.29,0.15,9230.76923076923,304.3047232368004
0.31,0.15,9230.76923076923,308.1649249577832
0.33,0.15,9230.76923076923,312.8786514217428
0.35,0.15,9230.76923076923,317.71082072219315
0.37,0.15,9230.76923076923,321.50493112990176
0.39,0.15,9230.76923076923,323.3398355276237
0.01,0.17,9230.76923076923,323.19702215973945
0.03,0.17,9230.76923076923,321.07445509755587
0.05,0.17,9230.76923076923,317.000061436992
0.07,0.17,9230.76923076923,311.93974643835486
0.09,0.17,9230.76923076923,307.09184407391444
0.11,0.17,9230.76923076923,303.17397940469203
0.13,0.17,9230.76923076923,300.32282995549264
0.15,0.17,9230.76923076923,298.4071530624011
0.17,0.17,9230.76923076923,297.2479659474025
0.19,0.17,9230.76923076923,296.70518193504165
0.21,0.17,9230.76923076923,296.7051819350416
0.23,0.17,9230.76923076923,297.2479659474024
0.25,0.17,9230.76923076923,298.407153062401
0.27,0.17,9230.76923076923,300.3228299554925
0.29,0.17,9230.76923076923,303.173979404692
0.31,0.17,9230.76923076923,307.0918440739144
0.33,0.17,9230.76923076923,311.9397464383548
0.35,0.17,9230.76923076923,317.000061436992
0.37,0.17,9230.76923076923,321.0744550975558
0.39,0.17,9230.76923076923,323.1970221597394
0.01,0.19,9230.76923076923,323.12717888909106
0.03,0.19,9230.76923076923,320.86455932796605
0.05,0.19,9230.76923076923,316.6558475686926
0.07,0.19,9230.76923076923,311.48959345946946
0.09,0.19,9230.76923076923,306.5826801681101
0.11,0.19,9230.76923076923,302.6411816187755
0.13,0.19,9230.76923076923,299.782387726422
0.15,0.19,9230.76923076923,297.86470037341047
0.17,0.19,9230.76923076923,296.7051819350416
0.19,0.19,9230.76923076923,296.16242181541435
0.21,0.19,9230.76923076923,296.16242181541435
0.23,0.19,9230.76923076923,296.70518193504154
0.25,0.19,9230.76923076923,297.8647003734104
0.27,0.19,9230.76923076923,299.78238772642186
0.29,0.19,9230.76923076923,302.64118161877536
0.31,0.19,9230.76923076923,306.58268016811
0.33,0.19,9230.76923076923,311.48959345946946
0.35,0.19,9230.76923076923,316.65584756869254
0.37,0.19,9230.76923076923,320.864559327966
0.39,0.19,9230.76923076923,323.12717888909094
0.01,0.21,9230.76923076923,323.1271788890911
0.03,0.21,9230.76923076923,320.86455932796605
0.05,0.21,9230.76923076923,316.65584756869254
0.07,0.21,9230.76923076923,311.4895934594695
0.09,0.21,9230.76923076923,306.58268016811013
0.11,0.21,9230.76923076923,302.6411816187755
0.13,0.21,9230.76923076923,299.782387726422
0.15,0.21,9230.76923076923,297.86470037341047
0.17,0.21,9230.76923076923,296.70518193504165
0.19,0.21,9230.76923076923,296.16242181541435
0.21,0.21,9230.76923076923,296.16242181541435
0.23,0.21,9230.76923076923,296.70518193504154
0.25,0.21,9230.76923076923,297.8647003734104
0.27,0.21,9230.76923076923,299.78238772642186
0.29,0.21,9230.76923076923,302.6411816187754
0.31,0.21,9230.76923076923,306.58268016811
0.33,0.21,9230.76923076923,311.48959345946946
0.35,0.21,9230.76923076923,316.6558475686926
0.37,0.21,9230.76923076923,320.86455932796605
0.39,0.21,9230.76923076923,323.12717888909106
0.01,0.23,9230.76923076923,323.19702215973945
0.03,0.23,9230.76923076923,321.0744550975559
0.05,0.23,9230.76923076923,317.00006143699204
0.07,0.23,9230.76923076923,311.9397464383549
0.09,0.23,9230.76923076923,307.09184407391456
0.11,0.23,9230.76923076923,303.1739794046921
0.13,0.23,9230.76923076923,300.32282995549264
0.15,0.23,9230.76923076923,298.4071530624011
0.17,0.23,9230.76923076923,297.2479659474025
0.19,0.23,9230.76923076923,296.7051819350416
0.21,0.23,9230.76923076923,296.7051819350416
0.23,0.23,9230.76923076923,297.2479659474024
0.25,0.23,9230.76923076923,298.407153062401
0.27,0.23,9230.76923076923,300.3228299554925
0.29,0.23,9230.76923076923,303.173979404692
0.31,0.23,9230.76923076923,307.0918440739145
0.33,0.23,9230.76923076923,311.93974643835486
0.35,0.23,9230.76923076923,317.000061436992
0.37,0.23,9230.76923076923,321.07445509755587
0.39,0.23,9230.76923076923,323.1970221597394
0.01,0.25,9230.76923076923,323.33983552762373
0.03,0.25,9230.76923076923,321.5049311299018
0.05,0.25,9230.76923076923,317.7108207221932
0.07,0.25,9230.76923076923,312.8786514217429
0.09,0.25,9230.76923076923,308.16492495778334
0.11,0.25,9230.76923076923,304.30472323680056
0.13,0.25,9230.76923076923,301.4739964561183
0.15,0.25,9230.76923076923,299.5646656107289
0.17,0.25,9230.76923076923,298.4071530624011
0.19,0.25,9230.76923076923,297.8647003734104
0.21,0.25,9230.76923076923,297.8647003734104
0.23,0.25,9230.76923076923,298.407153062401
0.25,0.25,9230.76923076923,299.56466561072875
0.27,0.25,9230.76923076923,301.47399645611813
0.29,0.25,9230.76923076923,304.30472323680044
0.31,0.25,9230.76923076923,308.1649249577832
0.33,0.25,9230.76923076923,312.87865142174286
0.35,0.25,9230.76923076923,317.71082072219315
0.37,0.25,9230.76923076923,321.50493112990176
0.39,0.25,9230.76923076923,323.3398355276237
0.01,0.27,9230.76923076923,323.5583280955035
0.03,0.27,9230.76923076923,322.1667231402271
0.05,0.27,9230.76923076923,318.81560233662765
0.07,0.27,9230.76923076923,314.36249800264096
0.09,0.27,9230.76923076923,309.8919368944533
0.11,0.27,9230.76923076923,306.14889961861707
0.13,0.27,9230.76923076923,303.36558120823264
0.15,0.27,9230.76923076923,301.4739964561183
0.17,0.27,9230.76923076923,300.32282995549264
0.19,0.27,9230.76923076923,299.7823877264219
0.21,0.27,9230.76923076923,299.78238772642186
0.23,0.27,9230.76923076923,300.3228299554925
0.25,0.27,9230.76923076923,301.47399645611813
0.27,0.27,9230.76923076923,303.36558120823247
0.29,0.27,9230.76923076923,306.1488996186169
0.31,0.27,9230.76923076923,309.8919368944533
0.33,0.27,9230.76923076923,314.3624980026409
0.35,0.27,9230.76923076923,318.81560233662765
0.37,0.27,9230.76923076923,322.1667231402271
0.39,0.27,9230.76923076923,323.55832809550355
0.01,0.29,9230.76923076923,323.847297035137
0.03,0.29,9230.76923076923,323.04798907008814
0.05,0.29,9230.76923076923,320.3091851076724
0.07,0.29,9230.76923076923,316.4147622233953
0.09,0.29,9230.76923076923,312.34465751006564
0.11,0.29,9230.76923076923,308.8256355030531
0.13,0.29,9230.76923076923,306.1488996186171
0.15,0.29,9230.76923076923,304.30472323680056
0.17,0.29,9230.76923076923,303.1739794046921
0.19,0.29,9230.76923076923,302.6411816187754
0.21,0.29,9230.76923076923,302.64118161877536
0.23,0.29,9230.76923076923,303.173979404692
0.25,0.29,9230.76923076923,304.3047232368004
0.27,0.29,9230.76923076923,306.1488996186169
0.29,0.29,9230.76923076923,308.825635503053
0.31,0.29,9230.76923076923,312.3446575100656
0.33,0.29,9230.76923076923,316.41476222339526
0.35,0.29,9230.76923076923,320.3091851076724
0.37,0.29,9230.76923076923,323.04798907008814
0.39,0.29,9230.76923076923,323.847297035137
0.01,0.31,9230.76923076923,324.18221714033893
0.03,0.31,9230.76923076923,324.08017332234743
0.05,0.31,9230.76923076923,322.0951332103984
0.07,0.31,9230.76923076923,318.9408544828976
0.09,0.31,9230.76923076923,315.46921676670763
0.11,0.31,9230.76923076923,312.34465751006564
0.13,0.31,9230.76923076923,309.8919368944534
0.15,0.31,9230.76923076923,308.1649249577834
0.17,0.31,9230.76923076923,307.0918440739145
0.19,0.31,9230.76923076923,306.58268016811
0.21,0.31,9230.76923076923,306.58268016811
0.23,0.31,9230.76923076923,307.0918440739144
0.25,0.31,9230.76923076923,308.1649249577832
0.27,0.31,9230.76923076923,309.89193689445324
0.29,0.31,9230.76923076923,312.3446575100656
0.31,0.31,9230.76923076923,315.4692167667076
0.33,0.31,9230.76923076923,318.9408544828975
0.35,0.31,9230.76923076923,322.0951332103984
0.37,0.31,9230.76923076923,324.0801733223474
0.39,0.31,9230.76923076923,324.1822171403388
0.01,0.33,9230.76923076923,324.50556371161434
0.03,0.33,9230.76923076923,325.0998824289343
0.05,0.33,9230.76923076923,323.9227972186672
0.07,0.33,9230.76923076923,321.63087850923955
0.09,0.33,9230.76923076923,318.94085448289763
0.11,0.33,9230.76923076923,316.41476222339537
0.13,0.33,9230.76923076923,314.362498002641
0.15,0.33,9230.76923076923,312.87865142174286
0.17,0.33,9230.76923076923,311.9397464383549
0.19,0.33,9230.76923076923,311.4895934594694
0.21,0.33,9230.76923076923,311.48959345946935
0.23,0.33,9230.76923076923,311.9397464383548
0.25,0.33,9230.76923076923,312.8786514217428
0.27,0.33,9230.76923076923,314.36249800264085
0.29,0.33,9230.76923076923,316.4147622233952
0.31,0.33,9230.76923076923,318.9408544828975
0.33,0.33,9230.76923076923,321.63087850923955
0.35,0.33,9230.76923076923,323.92279721866714
0.37,0.33,9230.76923076923,325.0998824289342
0.39,0.33,9230.76923076923,324.5055637116143
0.01,0.35,9230.76923076923,324.7137257936869
0.03,0.35,9230.76923076923,325.8227597131468
0.05,0.35,9230.76923076923,325.3576881988876
0.07,0.35,9230.76923076923,323.9227972186672
0.09,0.35,9230.76923076923,322.09513321039844
0.11,0.35,9230.76923076923,320.3091851076724
0.13,0.35,9230.76923076923,318.81560233662765
0.15,0.35,9230.76923076923,317.7108207221932
0.17,0.35,9230.76923076923,317.000061436992
0.19,0.35,9230.76923076923,316.6558475686925
0.21,0.35,9230.76923076923,316.6558475686924
0.23,0.35,9230.76923076923,317.0000614369919
0.25,0.35,9230.76923076923,317.7108207221931
0.27,0.35,9230.76923076923,318.81560233662753
0.29,0.35,9230.76923076923,320.30918510767225
0.31,0.35,9230.76923076923,322.0951332103984
0.33,0.35,9230.76923076923,323.92279721866714
0.35,0.35,9230.76923076923,325.3576881988875
0.37,0.35,9230.76923076923,325.82275971314675
0.39,0.35,9230.76923076923,324.7137257936868
0.01,0.37,9230.76923076923,324.64236188979385
0.03,0.37,9230.76923076923,325.842205046908
0.05,0.37,9230.76923076923,325.8227597131468
0.07,0.37,9230.76923076923,325.0998824289343
0.09,0.37,9230.76923076923,324.08017332234743
0.11,0.37,9230.76923076923,323.04798907008814
0.13,0.37,9230.76923076923,322.1667231402271
0.15,0.37,9230.76923076923,321.50493112990176
0.17,0.37,9230.76923076923,321.0744550975558
0.19,0.37,9230.76923076923,320.864559327966
0.21,0.37,9230.76923076923,320.864559327966
0.23,0.37,9230.76923076923,321.07445509755576
0.25,0.37,9230.76923076923,321.50493112990176
0.27,0.37,9230.76923076923,322.166723140227
0.29,0.37,9230.76923076923,323.0479890700881
0.31,0.37,9230.76923076923,324.0801733223474
0.33,0.37,9230.76923076923,325.0998824289342
0.35,0.37,9230.76923076923,325.82275971314675
0.37,0.37,9230.76923076923,325.842205046908
0.39,0.37,9230.76923076923,324.64236188979385
0.01,0.39,9230.76923076923,324.02226010708495
0.03,0.39,9230.76923076923,324.64236188979385
0.05,0.39,9230.76923076923,324.7137257936869
0.07,0.39,9230.76923076923,324.50556371161434
0.09,0.39,9230.76923076923,324.1822171403389
0.11,0.39,9230.76923076923,323.84729703513693
0.13,0.39,9230.76923076923,323.5583280955035
0.15,0.39,9230.76923076923,323.3398355276237
0.17,0.39,9230.76923076923,323.1970221597394
0.19,0.39,9230.76923076923,323.12717888909094
0.21,0.39,9230.76923076923,323.12717888909094
0.23,0.39,9230.76923076923,323.1970221597394
0.25,0.39,9230.76923076923,323.3398355276237
0.27,0.39,9230.76923076923,323.5583280955035
0.29,0.39,9230.76923076923,323.84729703513693
0.31,0.39,9230.76923076923,324.1822171403389
0.33,0.39,9230.76923076923,324.50556371161434
0.35,0.39,9230.76923076923,324.7137257936869
0.37,0.39,9230.76923076923,324.64236188979385
0.39,0.39,9230.76923076923,324.02226010708495
0.01,0.01,11076.923076923078,323.97392064958984
0.03,0.01,11076.923076923078,324.7087492728524
0.05,0.01,11076.923076923078,324.973123856448
0.07,0.01,11076.923076923078,324.96026225130373
0.09,0.01,11076.923076923078,324.7917158914667
0.11,0.01,11076.923076923078,324.5563024282663
0.13,0.01,11076.923076923078,324.3172936861429
0.15,0.01,11076.923076923078,324.1151930602832
0.17,0.01,11076.923076923078,323.97238153633145
0.19,0.01,11076.923076923078,323.899167208708
0.21,0.01,11076.923076923078,323.899167208708
0.23,0.01,11076.923076923078,323.9723815363315
0.25,0.01,11076.923076923078,324.1151930602832
0.27,0.01,11076.923076923078,324.3172936861429
0.29,0.01,11076.923076923078,324.55630242826624
0.31,0.01,11076.923076923078,324.7917158914667
0.33,0.01,11076.923076923078,324.96026225130373
0.35,0.01,11076.923076923078,324.97312385644807
0.37,0.01,11076.923076923078,324.7087492728524
0.39,0.01,11076.923076923078,323.97392064958984
0.01,0.03,11076.923076923078,324.7087492728524
0.03,0.03,11076.923076923078,326.36801717840484
0.05,0.03,11076.923076923078,326.964228093762
0.07,0.03,11076.923076923078,326.8435071933494
0.09,0.03,11076.923076923078,326.29755885536565
0.11,0.03,11076.923076923078,325.567664694177
0.13,0.03,11076.923076923078,324.83521838766177
0.15,0.03,11076.923076923078,324.21896983400774
0.17,0.03,11076.923076923078,323.7847547579247
0.19,0.03,11076.923076923078,323.5625196163577
0.21,0.03,11076.923076923078,323.5625196163577
0.23,0.03,11076.923076923078,323.7847547579247
0.25,0.03,11076.923076923078,324.2189698340077
0.27,0.03,11076.923076923078,324.8352183876617
0.29,0.03,11076.923076923078,325.56766469417704
0.31,0.03,11076.923076923078,326.2975588553657
0.33,0.03,11076.923076923078,326.8435071933496
0.35,0.03,11076.923076923078,326.96422809376213
0.37,0.03,11076.923076923078,326.3680171784049
0.39,0.03,11076.923076923078,324.7087492728524
0.01,0.05,11076.923076923078,324.973123856448
0.03,0.05,11076.923076923078,326.9642280937621
0.05,0.05,11076.923076923078,327.56522916038136
0.07,0.05,11076.923076923078,327.1482757575986
0.09,0.05,11076.923076923078,326.10830591961025
0.11,0.05,11076.923076923078,324.80800445863605
0.13,0.05,11076.923076923078,323.53339393177555
0.15,0.05,11076.923076923078,322.4742186930139
0.17,0.05,11076.923076923078,321.7337896936554
0.19,0.05,11076.923076923078,321.3566168244174
0.21,0.05,11076.923076923078,321.3566168244174
0.23,0.05,11076.923076923078,321.7337896936554
0.25,0.05,11076.923076923078,322.4742186930139
0.27,0.05,11076.923076923078,323.53339393177555
0.29,0.05,11076.923076923078,324.80800445863605
0.31,0.05,11076.923076923078,326.1083059196103
0.33,0.05,11076.923076923078,327.1482757575987
0.35,0.05,11076.923076923078,327.56522916038153
0.37,0.05,11076.923076923078,326.9642280937622
0.39,0.05,11076.923076923078,324.9731238564481
0.01,0.07,11076.923076923078,324.96026225130373
0.03,0.07,11076.923076923078,326.84350719334947
0.05,0.07,11076.923076923078,327.1482757575986
0.07,0.07,11076.923076923078,326.23653994691057
0.09,0.07,11076.923076923078,324.5703924610509
0.11,0.07,11076.923076923078,322.61522191851344
0.13,0.07,11076.923076923078,320.75197690923835
0.15,0.07,11076.923076923078,319.2312073721801
0.17,0.07,11076.923076923078,318.181491758831
0.19,0.07,11076.923076923078,317.6509754753938
0.21,0.07,11076.923076923078,317.6509754753938
0.23,0.07,11076.923076923078,318.1814917588311
0.25,0.07,11076.923076923078,319.2312073721802
0.27,0.07,11076.923076923078,320.7519769092384
0.29,0.07,11076.923076923078,322.61522191851344
0.31,0.07,11076.923076923078,324.570392461051
0.33,0.07,11076.923076923078,326.2365399469107
0.35,0.07,11076.923076923078,327.14827575759875
0.37,0.07,11076.923076923078,326.8435071933496
0.39,0.07,11076.923076923078,324.96026225130385
0.01,0.09,11076.923076923078,324.7917158914667
0.03,0.09,11076.923076923078,326.29755885536565
0.05,0.09,11076.923076923078,326.1083059196102
0.07,0.09,11076.923076923078,324.5703924610509
0.09,0.09,11076.923076923078,322.2027958936388
0.11,0.09,11076.923076923078,319.5682167302745
0.13,0.09,11076.923076923078,317.133546723662
0.15,0.09,11076.923076923078,315.19202754017124
0.17,0.09,11076.923076923078,313.87527650338825
0.19,0.09,11076.923076923078,313.2171847887053
0.21,0.09,11076.923076923078,313.2171847887053
0.23,0.09,11076.923076923078,313.8752765033883
0.25,0.09,11076.923076923078,315.1920275401713
0.27,0.09,11076.923076923078,317.13354672366205
0.29,0.09,11076.923076923078,319.56821673027446
0.31,0.09,11076.923076923078,322.20279589363884
0.33,0.09,11076.923076923078,324.57039246105103
0.35,0.09,11076.923076923078,326.1083059196104
0.37,0.09,11076.923076923078,326.2975588553657
0.39,0.09,11076.923076923078,324.7917158914668
0.01,0.11,11076.923076923078,324.55630242826624
0.03,0.11,11076.923076923078,325.567664694177
0.05,0.11,11076.923076923078,324.80800445863593
0.07,0.11,11076.923076923078,322.6152219185134
0.09,0.11,11076.923076923078,319.56821673027446
0.11,0.11,11076.923076923078,316.3258329490698
0.13,0.11,11076.923076923078,313.4253702017413
0.15,0.11,11076.923076923078,311.17370214277906
0.17,0.11,11076.923076923078,309.6774529462351
0.19,0.11,11076.923076923078,308.9390318229448
0.21,0.11,11076.923076923078,308.9390318229448
0.23,0.11,11076.923076923078,309.67745294623506
0.25,0.11,11076.923076923078,311.17370214277906
0.27,0.11,11076.923076923078,313.4253702017413
0.29,0.11,11076.923076923078,316.32583294906976
0.31,0.11,11076.923076923078,319.5682167302745
0.33,0.11,11076.923076923078,322.61522191851344
0.35,0.11,11076.923076923078,324.8080044586361
0.37,0.11,11076.923076923078,325.56766469417704
0.39,0.11,11076.923076923078,324.55630242826624
0.01,0.13,11076.923076923078,324.3172936861429
0.03,0.13,11076.923076923078,324.8352183876617
0.05,0.13,11076.923076923078,323.53339393177555
0.07,0.13,11076.923076923078,320.75197690923835
0.09,0.13,11076.923076923078,317.133546723662
0.11,0.13,11076.923076923078,313.4253702017413
0.13,0.13,11076.923076923078,310.20966657728826
0.15,0.13,11076.923076923078,307.7763143196697
0.17,0.13,11076.923076923078,306.1888421081537
0.19,0.13,11076.923076923078,305.413806497972
0.21,0.13,11076.923076923078,305.413806497972
0.23,0.13,11076.923076923078,306.18884210815366
0.25,0.13,11076.923076923078,307.77631431966967
0.27,0.13,11076.923076923078,310.20966657728826
0.29,0.13,11076.923076923078,313.4253702017413
0.31,0.13,11076.923076923078,317.1335467236621
0.33,0.13,11076.923076923078,320.75197690923835
0.35,0.13,11076.923076923078,323.5333939317756
0.37,0.13,11076.923076923078,324.8352183876617
0.39,0.13,11076.923076923078,324.3172936861429
0.01,0.15,11076.923076923078,324.1151930602832
0.03,0.15,11076.923076923078,324.21896983400774
0.05,0.15,11076.923076923078,322.4742186930139
0.07,0.15,11076.923076923078,319.23120737218017
0.09,0.15,11076.923076923078,315.1920275401713
0.11,0.15,11076.923076923078,311.17370214277906
0.13,0.15,11076.923076923078,307.7763143196697
0.15,0.15,11076.923076923078,305.25594504384543
0.17,0.15,11076.923076923078,303.6333612322028
0.19,0.15,11076.923076923078,302.8469640974472
0.21,0.15,11076.923076923078,302.8469640974472
0.23,0.15,11076.923076923078,303.6333612322028
0.25,0.15,11076.923076923078,305.2559450438454
0.27,0.15,11076.923076923078,307.77631431966967
0.29,0.15,11076.923076923078,311.17370214277906
0.31,0.15,11076.923076923078,315.1920275401713
0.33,0.15,11076.923076923078,319.23120737218017
0.35,0.15,11076.923076923078,322.4742186930138
0.37,0.15,11076.923076923078,324.2189698340077
0.39,0.15,11076.923076923078,324.1151930602832
0.01,0.17,11076.923076923078,323.9723815363316
0.03,0.17,11076.923076923078,323.7847547579248
0.05,0.17,11076.923076923078,321.73378969365547
0.07,0.17,11076.923076923078,318.18149175883104
0.09,0.17,11076.923076923078,313.8752765033883
0.11,0.17,11076.923076923078,309.6774529462352
0.13,0.17,11076.923076923078,306.1888421081538
0.15,0.17,11076.923076923078,303.6333612322028
0.17,0.17,11076.923076923078,302.00121531030624
0.19,0.17,11076.923076923078,301.21351475147753
0.21,0.17,11076.923076923078,301.2135147514776
0.23,0.17,11076.923076923078,302.00121531030624
0.25,0.17,11076.923076923078,303.6333612322028
0.27,0.17,11076.923076923078,306.18884210815366
0.29,0.17,11076.923076923078,309.6774529462351
0.31,0.17,11076.923076923078,313.87527650338825
0.33,0.17,11076.923076923078,318.181491758831
0.35,0.17,11076.923076923078,321.7337896936554
0.37,0.17,11076.923076923078,323.7847547579247
0.39,0.17,11076.923076923078,323.9723815363315
0.01,0.19,11076.923076923078,323.8991672087081
0.03,0.19,11076.923076923078,323.56251961635775
0.05,0.19,11076.923076923078,321.3566168244175
0.07,0.19,11076.923076923078,317.65097547539386
0.09,0.19,11076.923076923078,313.2171847887054
0.11,0.19,11076.923076923078,308.9390318229449
0.13,0.19,11076.923076923078,305.4138064979721
0.15,0.19,11076.923076923078,302.84696409744726
0.17,0.19,11076.923076923078,301.2135147514776
0.19,0.19,11076.923076923078,300.4266716325155
0.21,0.19,11076.923076923078,300.42667163251554
0.23,0.19,11076.923076923078,301.2135147514776
0.25,0.19,11076.923076923078,302.84696409744714
0.27,0.19,11076.923076923078,305.413806497972
0.29,0.19,11076.923076923078,308.9390318229448
0.31,0.19,11076.923076923078,313.2171847887053
0.33,0.19,11076.923076923078,317.6509754753938
0.35,0.19,11076.923076923078,321.3566168244174
0.37,0.19,11076.923076923078,323.5625196163577
0.39,0.19,11076.923076923078,323.899167208708
0.01,0.21,11076.923076923078,323.8991672087081
0.03,0.21,11076.923076923078,323.5625196163578
0.05,0.21,11076.923076923078,321.3566168244176
0.07,0.21,11076.923076923078,317.6509754753939
0.09,0.21,11076.923076923078,313.2171847887054
0.11,0.21,11076.923076923078,308.9390318229449
0.13,0.21,11076.923076923078,305.41380649797213
0.15,0.21,11076.923076923078,302.84696409744726
0.17,0.21,11076.923076923078,301.2135147514776
0.19,0.21,11076.923076923078,300.4266716325155
0.21,0.21,11076.923076923078,300.4266716325155
0.23,0.21,11076.923076923078,301.21351475147753
0.25,0.21,11076.923076923078,302.84696409744714
0.27,0.21,11076.923076923078,305.413806497972
0.29,0.21,11076.923076923078,308.9390318229448
0.31,0.21,11076.923076923078,313.2171847887053
0.33,0.21,11076.923076923078,317.6509754753938
0.35,0.21,11076.923076923078,321.3566168244174
0.37,0.21,11076.923076923078,323.5625196163577
0.39,0.21,11076.923076923078,323.899167208708
0.01,0.23,11076.923076923078,323.9723815363316
0.03,0.23,11076.923076923078,323.7847547579248
0.05,0.23,11076.923076923078,321.7337896936555
0.07,0.23,11076.923076923078,318.1814917588312
0.09,0.23,11076.923076923078,313.8752765033885
0.11,0.23,11076.923076923078,309.67745294623523
0.13,0.23,11076.923076923078,306.1888421081538
0.15,0.23,11076.923076923078,303.6333612322028
0.17,0.23,11076.923076923078,302.0012153103063
0.19,0.23,11076.923076923078,301.2135147514776
0.21,0.23,11076.923076923078,301.21351475147753
0.23,0.23,11076.923076923078,302.0012153103062
0.25,0.23,11076.923076923078,303.6333612322028
0.27,0.23,11076.923076923078,306.1888421081536
0.29,0.23,11076.923076923078,309.67745294623506
0.31,0.23,11076.923076923078,313.87527650338825
0.33,0.23,11076.923076923078,318.18149175883104
0.35,0.23,11076.923076923078,321.7337896936554
0.37,0.23,11076.923076923078,323.7847547579247
0.39,0.23,11076.923076923078,323.97238153633145
0.01,0.25,11076.923076923078,324.1151930602832
0.03,0.25,11076.923076923078,324.2189698340078
0.05,0.25,11076.923076923078,322.474218693014
0.07,0.25,11076.923076923078,319.23120737218034
0.09,0.25,11076.923076923078,315.1920275401715
0.11,0.25,11076.923076923078,311.1737021427792
0.13,0.25,11076.923076923078,307.7763143196697
0.15,0.25,11076.923076923078,305.25594504384543
0.17,0.25,11076.923076923078,303.6333612322028
0.19,0.25,11076.923076923078,302.8469640974472
0.21,0.25,11076.923076923078,302.8469640974472
0.23,0.25,11076.923076923078,303.6333612322028
0.25,0.25,11076.923076923078,305.2559450438454
0.27,0.25,11076.923076923078,307.77631431966967
0.29,0.25,11076.923076923078,311.173702142779
0.31,0.25,11076.923076923078,315.1920275401713
0.33,0.25,11076.923076923078,319.23120737218017
0.35,0.25,11076.923076923078,322.47421869301394
0.37,0.25,11076.923076923078,324.21896983400774
0.39,0.25,11076.923076923078,324.1151930602832
0.01,0.27,11076.923076923078,324.3172936861429
0.03,0.27,11076.923076923078,324.83521838766177
0.05,0.27,11076.923076923078,323.5333939317757
0.07,0.27,11076.923076923078,320.7519769092385
0.09,0.27,11076.923076923078,317.1335467236622
0.11,0.27,11076.923076923078,313.42537020174143
0.13,0.27,11076.923076923078,310.2096665772883
0.15,0.27,11076.923076923078,307.7763143196697
0.17,0.27,11076.923076923078,306.18884210815366
0.19,0.27,11076.923076923078,305.413806497972
0.21,0.27,11076.923076923078,305.413806497972
0.23,0.27,11076.923076923078,306.18884210815366
0.25,0.27,11076.923076923078,307.77631431966967
0.27,0.27,11076.923076923078,310.20966657728815
0.29,0.27,11076.923076923078,313.4253702017413
0.31,0.27,11076.923076923078,317.13354672366205
0.33,0.27,11076.923076923078,320.75197690923835
0.35,0.27,11076.923076923078,323.5333939317756
0.37,0.27,11076.923076923078,324.83521838766177
0.39,0.27,11076.923076923078,324.31729368614293
0.01,0.29,11076.923076923078,324.5563024282663
0.03,0.29,11076.923076923078,325.5676646941771
0.05,0.29,11076.923076923078,324.80800445863616
0.07,0.29,11076.923076923078,322.6152219185136
0.09,0.29,11076.923076923078,319.5682167302746
0.11,0.29,11076.923076923078,316.32583294906993
0.13,0.29,11076.923076923078,313.42537020174143
0.15,0.29,11076.923076923078,311.1737021427791
0.17,0.29,11076.923076923078,309.6774529462351
0.19,0.29,11076.923076923078,308.93903182294486
0.21,0.29,11076.923076923078,308.9390318229448
0.23,0.29,11076.923076923078,309.6774529462351
0.25,0.29,11076.923076923078,311.173702142779
0.27,0.29,11076.923076923078,313.42537020174126
0.29,0.29,11076.923076923078,316.32583294906976
0.31,0.29,11076.923076923078,319.5682167302745
0.33,0.29,11076.923076923078,322.61522191851344
0.35,0.29,11076.923076923078,324.80800445863605
0.37,0.29,11076.923076923078,325.5676646941771
0.39,0.29,11076.923076923078,324.5563024282663
0.01,0.31,11076.923076923078,324.7917158914668
0.03,0.31,11076.923076923078,326.29755885536576
0.05,0.31,11076.923076923078,326.1083059196104
0.07,0.31,11076.923076923078,324.57039246105103
0.09,0.31,11076.923076923078,322.2027958936389
0.11,0.31,11076.923076923078,319.5682167302746
0.13,0.31,11076.923076923078,317.1335467236622
0.15,0.31,11076.923076923078,315.1920275401714
0.17,0.31,11076.923076923078,313.8752765033884
0.19,0.31,11076.923076923078,313.2171847887053
0.21,0.31,11076.923076923078,313.2171847887053
0.23,0.31,11076.923076923078,313.8752765033883
0.25,0.31,11076.923076923078,315.1920275401713
0.27,0.31,11076.923076923078,317.133546723662
0.29,0.31,11076.923076923078,319.56821673027446
0.31,0.31,11076.923076923078,322.2027958936389
0.33,0.31,11076.923076923078,324.57039246105103
0.35,0.31,11076.923076923078,326.1083059196104
0.37,0.31,11076.923076923078,326.29755885536576
0.39,0.31,11076.923076923078,324.7917158914668
0.01,0.33,11076.923076923078,324.96026225130385
0.03,0.33,11076.923076923078,326.8435071933495
0.05,0.33,11076.923076923078,327.14827575759875
0.07,0.33,11076.923076923078,326.23653994691074
0.09,0.33,11076.923076923078,324.5703924610511
0.11,0.33,11076.923076923078,322.6152219185136
0.13,0.33,11076.923076923078,320.75197690923846
0.15,0.33,11076.923076923078,319.2312073721803
0.17,0.33,11076.923076923078,318.1814917588312
0.19,0.33,11076.923076923078,317.6509754753939
0.21,0.33,11076.923076923078,317.65097547539386
0.23,0.33,11076.923076923078,318.1814917588311
0.25,0.33,11076.923076923078,319.23120737218017
0.27,0.33,11076.923076923078,320.75197690923835
0.29,0.33,11076.923076923078,322.6152219185135
0.31,0.33,11076.923076923078,324.57039246105103
0.33,0.33,11076.923076923078,326.23653994691074
0.35,0.33,11076.923076923078,327.1482757575987
0.37,0.33,11076.923076923078,326.8435071933495
0.39,0.33,11076.923076923078,324.9602622513038
0.01,0.35,11076.923076923078,324.9731238564481
0.03,0.35,11076.923076923078,326.96422809376213
0.05,0.35,11076.923076923078,327.5652291603815
0.07,0.35,11076.923076923078,327.1482757575987
0.09,0.35,11076.923076923078,326.1083059196104
0.11,0.35,11076.923076923078,324.8080044586361
0.13,0.35,11076.923076923078,323.53339393177566
0.15,0.35,11076.923076923078,322.474218693014
0.17,0.35,11076.923076923078,321.7337896936555
0.19,0.35,11076.923076923078,321.3566168244175
0.21,0.35,11076.923076923078,321.3566168244174
0.23,0.35,11076.923076923078,321.7337896936554
0.25,0.35,11076.923076923078,322.4742186930139
0.27,0.35,11076.923076923078,323.5333939317755
0.29,0.35,11076.923076923078,324.80800445863605
0.31,0.35,11076.923076923078,326.1083059196104
0.33,0.35,11076.923076923078,327.1482757575987
0.35,0.35,11076.923076923078,327.5652291603815
0.37,0.35,11076.923076923078,326.96422809376213
0.39,0.35,11076.923076923078,324.97312385644807
0.01,0.37,11076.923076923078,324.7087492728524
0.03,0.37,11076.923076923078,326.3680171784049
0.05,0.37,11076.923076923078,326.96422809376213
0.07,0.37,11076.923076923078,326.8435071933495
0.09,0.37,11076.923076923078,326.2975588553657
0.11,0.37,11076.923076923078,325.56766469417704
0.13,0.37,11076.923076923078,324.83521838766177
0.15,0.37,11076.923076923078,324.21896983400774
0.17,0.37,11076.923076923078,323.7847547579247
0.19,0.37,11076.923076923078,323.5625196163577
0.21,0.37,11076.923076923078,323.5625196163577
0.23,0.37,11076.923076923078,323.7847547579247
0.25,0.37,11076.923076923078,324.2189698340077
0.27,0.37,11076.923076923078,324.8352183876617
0.29,0.37,11076.923076923078,325.56766469417704
0.31,0.37,11076.923076923078,326.2975588553657
0.33,0.37,11076.923076923078,326.8435071933496
0.35,0.37,11076.923076923078,326.9642280937622
0.37,0.37,11076.923076923078,326.3680171784049
0.39,0.37,11076.923076923078,324.70874927285246
0.01,0.39,11076.923076923078,323.97392064958984
0.03,0.39,11076.923076923078,324.7087492728524
0.05,0.39,11076.923076923078,324.97312385644807
0.07,0.39,11076.923076923078,324.9602622513038
0.09,0.39,11076.923076923078,324.7917158914667
0.11,0.39,11076.923076923078,324.55630242826624
0.13,0.39,11076.923076923078,324.3172936861429
0.15,0.39,11076.923076923078,324.1151930602832
0.17,0.39,11076.923076923078,323.9723815363315
0.19,0.39,11076.923076923078,323.89916720870804
0.21,0.39,11076.923076923078,323.899167208708
0.23,0.39,11076.923076923078,323.9723815363315
0.25,0.39,11076.923076923078,324.1151930602832
0.27,0.39,11076.923076923078,324.3172936861429
0.29,0.39,11076.923076923078,324.5563024282663
0.31,0.39,11076.923076923078,324.7917158914668
0.33,0.39,11076.923076923078,324.9602622513038
0.35,0.39,11076.923076923078,324.9731238564481
0.37,0.39,11076.923076923078,324.70874927285246
0.39,0.39,11076.923076923078,323.97392064958984
0.01,0.01,12923.076923076924,323.91640151914174
0.03,0.01,12923.076923076924,324.69369771003363
0.05,0.01,12923.076923076924,325.0743891619279
0.07,0.01,12923.076923076924,325.2043663267582
0.09,0.01,12923.076923076924,325.1726017404383
0.11,0.01,12923.076923076924,325.048090008454
0.13,0.01,12923.076923076924,324.88684713935936
0.15,0.01,12923.076923076924,324.7319875034714
0.17,0.01,12923.076923076924,324.6136480118308
0.19,0.01,12923.076923076924,324.5502171046001
0.21,0.01,12923.076923076924,324.5502171046001
0.23,0.01,12923.076923076924,324.61364801183083
0.25,0.01,12923.076923076924,324.7319875034714
0.27,0.01,12923.076923076924,324.8868471393594
0.29,0.01,12923.076923076924,325.04809000845404
0.31,0.01,12923.076923076924,325.17260174043844
0.33,0.01,12923.076923076924,325.2043663267583
0.35,0.01,12923.076923076924,325.074389161928
0.37,0.01,12923.076923076924,324.6936977100337
0.39,0.01,12923.076923076924,323.9164015191418
0.01,0.03,12923.076923076924,324.69369771003363
0.03,0.03,12923.076923076924,326.57194437124275
0.05,0.03,12923.076923076924,327.5473178677063
0.07,0.03,12923.076923076924,327.86767266441245
0.09,0.03,12923.076923076924,327.7403810718562
0.11,0.03,12923.076923076924,327.34991564993953
0.13,0.03,12923.076923076924,326.85541655396435
0.15,0.03,12923.076923076924,326.3831991721301
0.17,0.03,12923.076923076924,326.02302661467536
0.19,0.03,12923.076923076924,325.8301087386922
0.21,0.03,12923.076923076924,325.8301087386922
0.23,0.03,12923.076923076924,326.02302661467536
0.25,0.03,12923.076923076924,326.3831991721301
0.27,0.03,12923.076923076924,326.85541655396435
0.29,0.03,12923.076923076924,327.3499156499396
0.31,0.03,12923.076923076924,327.7403810718563
0.33,0.03,12923.076923076924,327.86767266441257
0.35,0.03,12923.076923076924,327.54731786770645
0.37,0.03,12923.076923076924,326.57194437124286
0.39,0.03,12923.076923076924,324.6936977100337
0.01,0.05,12923.076923076924,325.074389161928
0.03,0.05,12923.076923076924,327.5473178677063
0.05,0.05,12923.076923076924,328.83221068624914
0.07,0.05,12923.076923076924,329.17919148996344
0.09,0.05,12923.076923076924,328.8575860592756
0.11,0.05,12923.076923076924,328.13705931784483
0.13,0.05,12923.076923076924,327.2650212370117
0.15,0.05,12923.076923076924,326.4447590843541
0.17,0.05,12923.076923076924,325.8232505958084
0.19,0.05,12923.076923076924,325.49138888112446
0.21,0.05,12923.076923076924,325.4913888811244
0.23,0.05,12923.076923076924,325.8232505958084
0.25,0.05,12923.076923076924,326.4447590843541
0.27,0.05,12923.076923076924,327.2650212370117
0.29,0.05,12923.076923076924,328.13705931784494
0.31,0.05,12923.076923076924,328.8575860592758
0.33,0.05,12923.076923076924,329.1791914899636
0.35,0.05,12923.076923076924,328.8322106862493
0.37,0.05,12923.076923076924,327.54731786770645
0.39,0.05,12923.076923076924,325.074389161928
0.01,0.07,12923.076923076924,325.20436632675825
0.03,0.07,12923.076923076924,327.86767266441245
0.05,0.07,12923.076923076924,329.17919148996344
0.07,0.07,12923.076923076924,329.3623397542086
0.09,0.07,12923.076923076924,328.71449513872767
0.11,0.07,12923.076923076924,327.5685196527237
0.13,0.07,12923.076923076924,326.2494251551573
0.15,0.07,12923.076923076924,325.03287681311014
0.17,0.07,12923.076923076924,324.1202542430144
0.19,0.07,12923.076923076924,323.6354808779618
0.21,0.07,12923.076923076924,323.63548087796187
0.23,0.07,12923.076923076924,324.12025424301453
0.25,0.07,12923.076923076924,325.03287681311025
0.27,0.07,12923.076923076924,326.24942515515744
0.29,0.07,12923.076923076924,327.5685196527238
0.31,0.07,12923.076923076924,328.7144951387278
0.33,0.07,12923.076923076924,329.3623397542088
0.35,0.07,12923.076923076924,329.1791914899636
0.37,0.07,12923.076923076924,327.86767266441257
0.39,0.07,12923.076923076924,325.20436632675825
0.01,0.09,12923.076923076924,325.1726017404383
0.03,0.09,12923.076923076924,327.7403810718562
0.05,0.09,12923.076923076924,328.85758605927566
0.07,0.09,12923.076923076924,328.71449513872767
0.09,0.09,12923.076923076924,327.62074987498613
0.11,0.09,12923.076923076924,325.9611810541729
0.13,0.09,12923.076923076924,324.1333417850982
0.15,0.09,12923.076923076924,322.48226486378246
0.17,0.09,12923.076923076924,321.25879469343425
0.19,0.09,12923.076923076924,320.61350760321267
0.21,0.09,12923.076923076924,320.61350760321267
0.23,0.09,12923.076923076924,321.2587946934343
0.25,0.09,12923.076923076924,322.4822648637826
0.27,0.09,12923.076923076924,324.13334178509825
0.29,0.09,12923.076923076924,325.9611810541729
0.31,0.09,12923.076923076924,327.62074987498625
0.33,0.09,12923.076923076924,328.7144951387279
0.35,0.09,12923.076923076924,328.85758605927583
0.37,0.09,12923.076923076924,327.74038107185635
0.39,0.09,12923.076923076924,325.1726017404384
0.01,0.11,12923.076923076924,325.048090008454
0.03,0.11,12923.076923076924,327.34991564993953
0.05,0.11,12923.076923076924,328.13705931784483
0.07,0.11,12923.076923076924,327.5685196527237
0.09,0.11,12923.076923076924,325.96118105417287
0.11,0.11,12923.076923076924,323.7481171192573
0.13,0.11,12923.076923076924,321.39761162467886
0.15,0.11,12923.076923076924,319.31868548990093
0.17,0.11,12923.076923076924,317.8004157121284
0.19,0.11,12923.076923076924,317.00692111898826
0.21,0.11,12923.076923076924,317.00692111898826
0.23,0.11,12923.076923076924,317.8004157121284
0.25,0.11,12923.076923076924,319.31868548990093
0.27,0.11,12923.076923076924,321.39761162467886
0.29,0.11,12923.076923076924,323.7481171192573
0.31,0.11,12923.076923076924,325.9611810541729
0.33,0.11,12923.076923076924,327.56851965272386
0.35,0.11,12923.076923076924,328.137059317845
0.37,0.11,12923.076923076924,327.34991564993965
0.39,0.11,12923.076923076924,325.04809000845404
0.01,0.13,12923.076923076924,324.8868471393594
0.03,0.13,12923.076923076924,326.8554165539644
0.05,0.13,12923.076923076924,327.2650212370117
0.07,0.13,12923.076923076924,326.2494251551574
0.09,0.13,12923.076923076924,324.13334178509825
0.11,0.13,12923.076923076924,321.3976116246789
0.13,0.13,12923.076923076924,318.57776616476536
0.15,0.13,12923.076923076924,316.1356261151219
0.17,0.13,12923.076923076924,314.380494547059
0.19,0.13,12923.076923076924,313.47272869513085
0.21,0.13,12923.076923076924,313.47272869513085
0.23,0.13,12923.076923076924,314.380494547059
0.25,0.13,12923.076923076924,316.1356261151219
0.27,0.13,12923.076923076924,318.57776616476525
0.29,0.13,12923.076923076924,321.39761162467886
0.31,0.13,12923.076923076924,324.1333417850982
0.33,0.13,12923.076923076924,326.2494251551574
0.35,0.13,12923.076923076924,327.2650212370117
0.37,0.13,12923.076923076924,326.8554165539644
0.39,0.13,12923.076923076924,324.8868471393594
0.01,0.15,12923.076923076924,324.7319875034714
0.03,0.15,12923.076923076924,326.38319917213016
0.05,0.15,12923.076923076924,326.44475908435413
0.07,0.15,12923.076923076924,325.03287681311025
0.09,0.15,12923.076923076924,322.4822648637826
0.11,0.15,12923.076923076924,319.318685489901
0.13,0.15,12923.076923076924,316.135626115122
0.15,0.15,12923.076923076924,313.4312450017504
0.17,0.15,12923.076923076924,311.51693707074867
0.19,0.15,12923.076923076924,310.5365407238396
0.21,0.15,12923.076923076924,310.5365407238396
0.23,0.15,12923.076923076924,311.5169370707486
0.25,0.15,12923.076923076924,313.4312450017503
0.27,0.15,12923.076923076924,316.13562611512185
0.29,0.15,12923.076923076924,319.31868548990093
0.31,0.15,12923.076923076924,322.4822648637825
0.33,0.15,12923.076923076924,325.03287681311025
0.35,0.15,12923.076923076924,326.4447590843541
0.37,0.15,12923.076923076924,326.3831991721301
0.39,0.15,12923.076923076924,324.7319875034714
0.01,0.17,12923.076923076924,324.61364801183083
0.03,0.17,12923.076923076924,326.0230266146754
0.05,0.17,12923.076923076924,325.8232505958085
0.07,0.17,12923.076923076924,324.1202542430146
0.09,0.17,12923.076923076924,321.2587946934344
0.11,0.17,12923.076923076924,317.8004157121284
0.13,0.17,12923.076923076924,314.3804945470592
0.15,0.17,12923.076923076924,311.5169370707487
0.17,0.17,12923.076923076924,309.51323902846747
0.19,0.17,12923.076923076924,308.49457380278733
0.21,0.17,12923.076923076924,308.49457380278733
0.23,0.17,12923.076923076924,309.5132390284674
0.25,0.17,12923.076923076924,311.5169370707485
0.27,0.17,12923.076923076924,314.38049454705896
0.29,0.17,12923.076923076924,317.8004157121284
0.31,0.17,12923.076923076924,321.2587946934343
0.33,0.17,12923.076923076924,324.1202542430145
0.35,0.17,12923.076923076924,325.8232505958084
0.37,0.17,12923.076923076924,326.02302661467536
0.39,0.17,12923.076923076924,324.6136480118308
0.01,0.19,12923.076923076924,324.5502171046001
0.03,0.19,12923.076923076924,325.8301087386924
0.05,0.19,12923.076923076924,325.4913888811246
0.07,0.19,12923.076923076924,323.635480877962
0.09,0.19,12923.076923076924,320.6135076032129
0.11,0.19,12923.076923076924,317.00692111898843
0.13,0.19,12923.076923076924,313.472728695131
0.15,0.19,12923.076923076924,310.5365407238397
0.17,0.19,12923.076923076924,308.49457380278744
0.19,0.19,12923.076923076924,307.4604194544
0.21,0.19,12923.076923076924,307.4604194543999
0.23,0.19,12923.076923076924,308.49457380278733
0.25,0.19,12923.076923076924,310.53654072383955
0.27,0.19,12923.076923076924,313.4727286951308
0.29,0.19,12923.076923076924,317.0069211189883
0.31,0.19,12923.076923076924,320.6135076032127
0.33,0.19,12923.076923076924,323.6354808779618
0.35,0.19,12923.076923076924,325.4913888811244
0.37,0.19,12923.076923076924,325.8301087386922
0.39,0.19,12923.076923076924,324.55021710460005
0.01,0.21,12923.076923076924,324.55021710460005
0.03,0.21,12923.076923076924,325.8301087386924
0.05,0.21,12923.076923076924,325.4913888811246
0.07,0.21,12923.076923076924,323.635480877962
0.09,0.21,12923.076923076924,320.6135076032129
0.11,0.21,12923.076923076924,317.0069211189885
0.13,0.21,12923.076923076924,313.472728695131
0.15,0.21,12923.076923076924,310.5365407238398
0.17,0.21,12923.076923076924,308.49457380278744
0.19,0.21,12923.076923076924,307.4604194544
0.21,0.21,12923.076923076924,307.4604194543999
0.23,0.21,12923.076923076924,308.4945738027873
0.25,0.21,12923.076923076924,310.5365407238396
0.27,0.21,12923.076923076924,313.47272869513085
0.29,0.21,12923.076923076924,317.0069211189883
0.31,0.21,12923.076923076924,320.6135076032127
0.33,0.21,12923.076923076924,323.63548087796187
0.35,0.21,12923.076923076924,325.4913888811244
0.37,0.21,12923.076923076924,325.83010873869216
0.39,0.21,12923.076923076924,324.55021710460005
0.01,0.23,12923.076923076924,324.61364801183083
0.03,0.23,12923.076923076924,326.0230266146755
0.05,0.23,12923.076923076924,325.82325059580853
0.07,0.23,12923.076923076924,324.1202542430147
0.09,0.23,12923.076923076924,321.2587946934345
0.11,0.23,12923.076923076924,317.80041571212854
0.13,0.23,12923.076923076924,314.3804945470592
0.15,0.23,12923.076923076924,311.5169370707487
0.17,0.23,12923.076923076924,309.5132390284675
0.19,0.23,12923.076923076924,308.4945738027874
0.21,0.23,12923.076923076924,308.4945738027874
0.23,0.23,12923.076923076924,309.5132390284674
0.25,0.23,12923.076923076924,311.5169370707486
0.27,0.23,12923.076923076924,314.3804945470591
0.29,0.23,12923.076923076924,317.8004157121284
0.31,0.23,12923.076923076924,321.2587946934344
0.33,0.23,12923.076923076924,324.12025424301453
0.35,0.23,12923.076923076924,325.8232505958084
0.37,0.23,12923.076923076924,326.0230266146753
0.39,0.23,12923.076923076924,324.6136480118308
0.01,0.25,12923.076923076924,324.7319875034714
0.03,0.25,12923.076923076924,326.3831991721302
0.05,0.25,12923.076923076924,326.4447590843542
0.07,0.25,12923.076923076924,325.0328768131104
0.09,0.25,12923.076923076924,322.48226486378275
0.11,0.25,12923.076923076924,319.3186854899012
0.13,0.25,12923.076923076924,316.135626115122
0.15,0.25,12923.076923076924,313.4312450017504
0.17,0.25,12923.076923076924,311.5169370707487
0.19,0.25,12923.076923076924,310.53654072383966
0.21,0.25,12923.076923076924,310.53654072383966
0.23,0.25,12923.076923076924,311.5169370707486
0.25,0.25,12923.076923076924,313.4312450017503
0.27,0.25,12923.076923076924,316.135626115122
0.29,0.25,12923.076923076924,319.318685489901
0.31,0.25,12923.076923076924,322.4822648637826
0.33,0.25,12923.076923076924,325.03287681311025
0.35,0.25,12923.076923076924,326.4447590843541
0.37,0.25,12923.076923076924,326.3831991721301
0.39,0.25,12923.076923076924,324.7319875034713
0.01,0.27,12923.076923076924,324.8868471393594
0.03,0.27,12923.076923076924,326.85541655396446
0.05,0.27,12923.076923076924,327.26502123701187
0.07,0.27,12923.076923076924,326.24942515515755
0.09,0.27,12923.076923076924,324.1333417850984
0.11,0.27,12923.076923076924,321.39761162467903
0.13,0.27,12923.076923076924,318.5777661647654
0.15,0.27,12923.076923076924,316.135626115122
0.17,0.27,12923.076923076924,314.3804945470591
0.19,0.27,12923.076923076924,313.4727286951309
0.21,0.27,12923.076923076924,313.4727286951309
0.23,0.27,12923.076923076924,314.380494547059
0.25,0.27,12923.076923076924,316.1356261151219
0.27,0.27,12923.076923076924,318.57776616476536
0.29,0.27,12923.076923076924,321.397611624679
0.31,0.27,12923.076923076924,324.13334178509825
0.33,0.27,12923.076923076924,326.24942515515744
0.35,0.27,12923.076923076924,327.2650212370117
0.37,0.27,12923.076923076924,326.8554165539643
0.39,0.27,12923.076923076924,324.88684713935936
0.01,0.29,12923.076923076924,325.04809000845404
0.03,0.29,12923.076923076924,327.3499156499397
0.05,0.29,12923.076923076924,328.13705931784506
0.07,0.29,12923.076923076924,327.5685196527239
0.09,0.29,12923.076923076924,325.9611810541731
0.11,0.29,12923.076923076924,323.7481171192574
0.13,0.29,12923.076923076924,321.397611624679
0.15,0.29,12923.076923076924,319.31868548990104
0.17,0.29,12923.076923076924,317.8004157121284
0.19,0.29,12923.076923076924,317.0069211189884
0.21,0.29,12923.076923076924,317.0069211189884
0.23,0.29,12923.076923076924,317.8004157121284
0.25,0.29,12923.076923076924,319.318685489901
0.27,0.29,12923.076923076924,321.3976116246789
0.29,0.29,12923.076923076924,323.74811711925736
0.31,0.29,12923.076923076924,325.961181054173
0.33,0.29,12923.076923076924,327.5685196527238
0.35,0.29,12923.076923076924,328.1370593178449
0.37,0.29,12923.076923076924,327.34991564993953
0.39,0.29,12923.076923076924,325.048090008454
0.01,0.31,12923.076923076924,325.1726017404384
0.03,0.31,12923.076923076924,327.7403810718564
0.05,0.31,12923.076923076924,328.85758605927583
0.07,0.31,12923.076923076924,328.7144951387279
0.09,0.31,12923.076923076924,327.6207498749864
0.11,0.31,12923.076923076924,325.96118105417304
0.13,0.31,12923.076923076924,324.1333417850983
0.15,0.31,12923.076923076924,322.48226486378263
0.17,0.31,12923.076923076924,321.2587946934344
0.19,0.31,12923.076923076924,320.61350760321284
0.21,0.31,12923.076923076924,320.6135076032128
0.23,0.31,12923.076923076924,321.2587946934344
0.25,0.31,12923.076923076924,322.4822648637825
0.27,0.31,12923.076923076924,324.13334178509825
0.29,0.31,12923.076923076924,325.961181054173
0.31,0.31,12923.076923076924,327.62074987498625
0.33,0.31,12923.076923076924,328.7144951387278
0.35,0.31,12923.076923076924,328.8575860592757
0.37,0.31,12923.076923076924,327.74038107185623
0.39,0.31,12923.076923076924,325.1726017404383
0.01,0.33,12923.076923076924,325.2043663267583
0.03,0.33,12923.076923076924,327.86767266441257
0.05,0.33,12923.076923076924,329.1791914899636
0.07,0.33,12923.076923076924,329.36233975420885
0.09,0.33,12923.076923076924,328.7144951387279
0.11,0.33,12923.076923076924,327.56851965272386
0.13,0.33,12923.076923076924,326.2494251551575
0.15,0.33,12923.076923076924,325.0328768131103
0.17,0.33,12923.076923076924,324.12025424301464
0.19,0.33,12923.076923076924,323.6354808779619
0.21,0.33,12923.076923076924,323.6354808779619
0.23,0.33,12923.076923076924,324.12025424301453
0.25,0.33,12923.076923076924,325.0328768131102
0.27,0.33,12923.076923076924,326.2494251551574
0.29,0.33,12923.076923076924,327.5685196527238
0.31,0.33,12923.076923076924,328.7144951387278
0.33,0.33,12923.076923076924,329.36233975420873
0.35,0.33,12923.076923076924,329.17919148996344
0.37,0.33,12923.076923076924,327.86767266441245
0.39,0.33,12923.076923076924,325.20436632675825
0.01,0.35,12923.076923076924,325.074389161928
0.03,0.35,12923.076923076924,327.5473178677064
0.05,0.35,12923.076923076924,328.83221068624925
0.07,0.35,12923.076923076924,329.1791914899636
0.09,0.35,12923.076923076924,328.85758605927583
0.11,0.35,12923.076923076924,328.137059317845
0.13,0.35,12923.076923076924,327.2650212370118
0.15,0.35,12923.076923076924,326.44475908435413
0.17,0.35,12923.076923076924,325.8232505958085
0.19,0.35,12923.076923076924,325.4913888811245
0.21,0.35,12923.076923076924,325.49138888112446
0.23,0.35,12923.076923076924,325.8232505958084
0.25,0.35,12923.076923076924,326.4447590843541
0.27,0.35,12923.076923076924,327.2650212370117
0.29,0.35,12923.076923076924,328.1370593178449
0.31,0.35,12923.076923076924,328.85758605927566
0.33,0.35,12923.076923076924,329.17919148996344
0.35,0.35,12923.076923076924,328.8322106862492
0.37,0.35,12923.076923076924,327.54731786770634
0.39,0.35,12923.076923076924,325.074389161928
0.01,0.37,12923.076923076924,324.6936977100337
0.03,0.37,12923.076923076924,326.5719443712428
0.05,0.37,12923.076923076924,327.5473178677064
0.07,0.37,12923.076923076924,327.86767266441245
0.09,0.37,12923.076923076924,327.7403810718563
0.11,0.37,12923.076923076924,327.3499156499396
0.13,0.37,12923.076923076924,326.8554165539644
0.15,0.37,12923.076923076924,326.38319917213016
0.17,0.37,12923.076923076924,326.0230266146754
0.19,0.37,12923.076923076924,325.8301087386923
0.21,0.37,12923.076923076924,325.8301087386923
0.23,0.37,12923.076923076924,326.02302661467536
0.25,0.37,12923.076923076924,326.3831991721301
0.27,0.37,12923.076923076924,326.8554165539643
0.29,0.37,12923.076923076924,327.34991564993953
0.31,0.37,12923.076923076924,327.7403810718562
0.33,0.37,12923.076923076924,327.86767266441245
0.35,0.37,12923.076923076924,327.54731786770634
0.37,0.37,12923.076923076924,326.5719443712428
0.39,0.37,12923.076923076924,324.6936977100337
0.01,0.39,12923.076923076924,323.91640151914174
0.03,0.39,12923.076923076924,324.6936977100337
0.05,0.39,12923.076923076924,325.074389161928
0.07,0.39,12923.076923076924,325.20436632675825
0.09,0.39,12923.076923076924,325.1726017404383
0.11,0.39,12923.076923076924,325.048090008454
0.13,0.39,12923.076923076924,324.8868471393594
0.15,0.39,12923.076923076924,324.7319875034714
0.17,0.39,12923.076923076924,324.6136480118308
0.19,0.39,12923.076923076924,324.55021710460005
0.21,0.39,12923.076923076924,324.55021710460005
0.23,0.39,12923.076923076924,324.6136480118308
0.25,0.39,12923.076923076924,324.7319875034713
0.27,0.39,12923.076923076924,324.88684713935936
0.29,0.39,12923.076923076924,325.048090008454
0.31,0.39,12923.076923076924,325.1726017404383
0.33,0.39,12923.076923076924,325.20436632675825
0.35,0.39,12923.076923076924,325.074389161928
0.37,0.39,12923.076923076924,324.6936977100337
0.39,0.39,12923.076923076924,323.9164015191418
0.01,0.01,14769.23076923077,323.8616242417366
0.03,0.01,14769.23076923077,324.6477030487919
0.05,0.01,14769.23076923077,325.098513091347
0.07,0.01,14769.23076923077,325.33011809203657
0.09,0.01,14769.23076923077,325.4095698639014
0.11,0.01,14769.23076923077,325.389130476479
0.13,0.01,14769.23076923077,325.3139693332633
0.15,0.01,14769.23076923077,325.2223839424834
0.17,0.01,14769.23076923077,325.14432361621346
0.19,0.01,14769.23076923077,325.1001668311167
0.21,0.01,14769.23076923077,325.1001668311168
0.23,0.01,14769.23076923077,325.14432361621346
0.25,0.01,14769.23076923077,325.22238394248336
0.27,0.01,14769.23076923077,325.3139693332633
0.29,0.01,14769.23076923077,325.389130476479
0.31,0.01,14769.23076923077,325.4095698639015
0.33,0.01,14769.23076923077,325.3301180920367
0.35,0.01,14769.23076923077,325.0985130913471
0.37,0.01,14769.23076923077,324.64770304879187
0.39,0.01,14769.23076923077,323.8616242417365
0.01,0.03,14769.23076923077,324.6477030487919
0.03,0.03,14769.23076923077,326.6233705922645
0.05,0.03,14769.23076923077,327.833317935504
0.07,0.03,14769.23076923077,328.46779774195545
0.09,0.03,14769.23076923077,328.679482407613
0.11,0.03,14769.23076923077,328.60622482163404
0.13,0.03,14769.23076923077,328.3749561864255
0.15,0.03,14769.23076923077,328.09682636795253
0.17,0.03,14769.23076923077,327.86044260824593
0.19,0.03,14769.23076923077,327.72680680453635
0.21,0.03,14769.23076923077,327.72680680453635
0.23,0.03,14769.23076923077,327.86044260824593
0.25,0.03,14769.23076923077,328.09682636795253
0.27,0.03,14769.23076923077,328.37495618642555
0.29,0.03,14769.23076923077,328.60622482163416
0.31,0.03,14769.23076923077,328.67948240761314
0.33,0.03,14769.23076923077,328.4677977419556
0.35,0.03,14769.23076923077,327.83331793550406
0.37,0.03,14769.23076923077,326.62337059226445
0.39,0.03,14769.23076923077,324.64770304879187
0.01,0.05,14769.23076923077,325.09851309134706
0.03,0.05,14769.23076923077,327.833317935504
0.05,0.05,14769.23076923077,329.55664560036814
0.07,0.05,14769.23076923077,330.453163869049
0.09,0.05,14769.23076923077,330.7154572799525
0.11,0.05,14769.23076923077,330.54063271914407
0.13,0.05,14769.23076923077,330.122388575587
0.15,0.05,14769.23076923077,329.6371566684982
0.17,0.05,14769.23076923077,329.22920893355047
0.19,0.05,14769.23076923077,328.9994642227159
0.21,0.05,14769.23076923077,328.999464222716
0.23,0.05,14769.23076923077,329.22920893355047
0.25,0.05,14769.23076923077,329.6371566684982
0.27,0.05,14769.23076923077,330.1223885755871
0.29,0.05,14769.23076923077,330.5406327191441
0.31,0.05,14769.23076923077,330.71545727995266
0.33,0.05,14769.23076923077,330.45316386904915
0.35,0.05,14769.23076923077,329.5566456003683
0.37,0.05,14769.23076923077,327.83331793550406
0.39,0.05,14769.23076923077,325.0985130913471
0.01,0.07,14769.23076923077,325.33011809203657
0.03,0.07,14769.23076923077,328.46779774195545
0.05,0.07,14769.23076923077,330.453163869049
0.07,0.07,14769.23076923077,331.44337238755634
0.09,0.07,14769.23076923077,331.643180832385
0.11,0.07,14769.23076923077,331.2882312056436
0.13,0.07,14769.23076923077,330.6263908171388
0.15,0.07,14769.23076923077,329.8931736583898
0.17,0.07,14769.23076923077,329.2864512492469
0.19,0.07,14769.23076923077,328.9468808861112
0.21,0.07,14769.23076923077,328.9468808861112
0.23,0.07,14769.23076923077,329.28645124924685
0.25,0.07,14769.23076923077,329.89317365838986
0.27,0.07,14769.23076923077,330.6263908171389
0.29,0.07,14769.23076923077,331.28823120564374
0.31,0.07,14769.23076923077,331.6431808323851
0.33,0.07,14769.23076923077,331.44337238755645
0.35,0.07,14769.23076923077,330.4531638690491
0.37,0.07,14769.23076923077,328.4677977419556
0.39,0.07,14769.23076923077,325.3301180920366
0.01,0.09,14769.23076923077,325.4095698639014
0.03,0.09,14769.23076923077,328.6794824076131
0.05,0.09,14769.23076923077,330.7154572799525
0.07,0.09,14769.23076923077,331.643180832385
0.09,0.09,14769.23076923077,331.66542544268856
0.11,0.09,14769.23076923077,331.0432250922195
0.13,0.09,14769.23076923077,330.0704053279645
0.15,0.09,14769.23076923077,329.0384483094734
0.17,0.09,14769.23076923077,328.198608607902
0.19,0.09,14769.23076923077,327.73186034651263
0.21,0.09,14769.23076923077,327.73186034651263
0.23,0.09,14769.23076923077,328.19860860790203
0.25,0.09,14769.23076923077,329.0384483094734
0.27,0.09,14769.23076923077,330.0704053279646
0.29,0.09,14769.23076923077,331.0432250922196
0.31,0.09,14769.23076923077,331.6654254426886
0.33,0.09,14769.23076923077,331.6431808323851
0.35,0.09,14769.23076923077,330.71545727995266
0.37,0.09,14769.23076923077,328.67948240761314
0.39,0.09,14769.23076923077,325.4095698639015
0.01,0.11,14769.23076923077,325.3891304764789
0.03,0.11,14769.23076923077,328.6062248216341
0.05,0.11,14769.23076923077,330.540632719144
0.07,0.11,14769.23076923077,331.2882312056436
0.09,0.11,14769.23076923077,331.0432250922195
0.11,0.11,14769.23076923077,330.0843273734894
0.13,0.11,14769.23076923077,328.74672864714427
0.15,0.11,14769.23076923077,327.37639895445653
0.17,0.11,14769.23076923077,326.2777101031735
0.19,0.11,14769.23076923077,325.6713109947996
0.21,0.11,14769.23076923077,325.6713109947996
0.23,0.11,14769.23076923077,326.27771010317355
0.25,0.11,14769.23076923077,327.37639895445653
0.27,0.11,14769.23076923077,328.74672864714427
0.29,0.11,14769.23076923077,330.08432737348943
0.31,0.11,14769.23076923077,331.0432250922196
0.33,0.11,14769.23076923077,331.2882312056438
0.35,0.11,14769.23076923077,330.5406327191441
0.37,0.11,14769.23076923077,328.6062248216341
0.39,0.11,14769.23076923077,325.389130476479
0.01,0.13,14769.23076923077,325.3139693332633
0.03,0.13,14769.23076923077,328.37495618642555
0.05,0.13,14769.23076923077,330.12238857558697
0.07,0.13,14769.23076923077,330.6263908171388
0.09,0.13,14769.23076923077,330.0704053279646
0.11,0.13,14769.23076923077,328.74672864714427
0.13,0.13,14769.23076923077,327.0285740326673
0.15,0.13,14769.23076923077,325.3138315602901
0.17,0.13,14769.23076923077,323.9564667138266
0.19,0.13,14769.23076923077,323.2122269246424
0.21,0.13,14769.23076923077,323.2122269246424
0.23,0.13,14769.23076923077,323.95646671382667
0.25,0.13,14769.23076923077,325.3138315602901
0.27,0.13,14769.23076923077,327.0285740326673
0.29,0.13,14769.23076923077,328.7467286471443
0.31,0.13,14769.23076923077,330.0704053279646
0.33,0.13,14769.23076923077,330.6263908171389
0.35,0.13,14769.23076923077,330.122388575587
0.37,0.13,14769.23076923077,328.3749561864255
0.39,0.13,14769.23076923077,325.3139693332633
0.01,0.15,14769.23076923077,325.2223839424834
0.03,0.15,14769.23076923077,328.09682636795253
0.05,0.15,14769.23076923077,329.63715666849816
0.07,0.15,14769.23076923077,329.8931736583898
0.09,0.15,14769.23076923077,329.03844830947344
0.11,0.15,14769.23076923077,327.37639895445653
0.13,0.15,14769.23076923077,325.3138315602901
0.15,0.15,14769.23076923077,323.29411349670795
0.17,0.15,14769.23076923077,321.7122528149622
0.19,0.15,14769.23076923077,320.8501683774517
0.21,0.15,14769.23076923077,320.8501683774517
0.23,0.15,14769.23076923077,321.7122528149622
0.25,0.15,14769.23076923077,323.2941134967079
0.27,0.15,14769.23076923077,325.31383156029005
0.29,0.15,14769.23076923077,327.3763989544566
0.31,0.15,14769.23076923077,329.03844830947344
0.33,0.15,14769.23076923077,329.89317365838986
0.35,0.15,14769.23076923077,329.63715666849816
0.37,0.15,14769.23076923077,328.0968263679525
0.39,0.15,14769.23076923077,325.22238394248336
0.01,0.17,14769.23076923077,325.14432361621346
0.03,0.17,14769.23076923077,327.86044260824593
0.05,0.17,14769.23076923077,329.22920893355047
0.07,0.17,14769.23076923077,329.2864512492469
0.09,0.17,14769.23076923077,328.19860860790203
0.11,0.17,14769.23076923077,326.2777101031736
0.13,0.17,14769.23076923077,323.9564667138267
0.15,0.17,14769.23076923077,321.71225281496226
0.17,0.17,14769.23076923077,319.96848009882683
0.19,0.17,14769.23076923077,319.0227403767493
0.21,0.17,14769.23076923077,319.0227403767493
0.23,0.17,14769.23076923077,319.9684800988268
0.25,0.17,14769.23076923077,321.7122528149622
0.27,0.17,14769.23076923077,323.95646671382667
0.29,0.17,14769.23076923077,326.27771010317355
0.31,0.17,14769.23076923077,328.19860860790203
0.33,0.17,14769.23076923077,329.28645124924685
0.35,0.17,14769.23076923077,329.2292089335504
0.37,0.17,14769.23076923077,327.86044260824593
0.39,0.17,14769.23076923077,325.14432361621346
0.01,0.19,14769.23076923077,325.10016683111667
0.03,0.19,14769.23076923077,327.72680680453635
0.05,0.19,14769.23076923077,328.999464222716
0.07,0.19,14769.23076923077,328.9468808861112
0.09,0.19,14769.23076923077,327.73186034651275
0.11,0.19,14769.23076923077,325.67131099479974
0.13,0.19,14769.23076923077,323.2122269246425
0.15,0.19,14769.23076923077,320.8501683774519
0.17,0.19,14769.23076923077,319.0227403767494
0.19,0.19,14769.23076923077,318.0343163732084
0.21,0.19,14769.23076923077,318.0343163732084
0.23,0.19,14769.23076923077,319.02274037674937
0.25,0.19,14769.23076923077,320.8501683774517
0.27,0.19,14769.23076923077,323.21222692464244
0.29,0.19,14769.23076923077,325.6713109947996
0.31,0.19,14769.23076923077,327.73186034651263
0.33,0.19,14769.23076923077,328.9468808861112
0.35,0.19,14769.23076923077,328.9994642227159
0.37,0.19,14769.23076923077,327.7268068045363
0.39,0.19,14769.23076923077,325.1001668311167
0.01,0.21,14769.23076923077,325.1001668311167
0.03,0.21,14769.23076923077,327.72680680453635
0.05,0.21,14769.23076923077,328.999464222716
0.07,0.21,14769.23076923077,328.9468808861113
0.09,0.21,14769.23076923077,327.7318603465128
0.11,0.21,14769.23076923077,325.6713109947998
0.13,0.21,14769.23076923077,323.2122269246426
0.15,0.21,14769.23076923077,320.8501683774519
0.17,0.21,14769.23076923077,319.0227403767494
0.19,0.21,14769.23076923077,318.0343163732084
0.21,0.21,14769.23076923077,318.0343163732084
0.23,0.21,14769.23076923077,319.02274037674937
0.25,0.21,14769.23076923077,320.8501683774518
0.27,0.21,14769.23076923077,323.21222692464244
0.29,0.21,14769.23076923077,325.6713109947996
0.31,0.21,14769.23076923077,327.73186034651263
0.33,0.21,14769.23076923077,328.9468808861111
0.35,0.21,14769.23076923077,328.9994642227159
0.37,0.21,14769.23076923077,327.7268068045363
0.39,0.21,14769.23076923077,325.1001668311167
0.01,0.23,14769.23076923077,325.14432361621346
0.03,0.23,14769.23076923077,327.860442608246
0.05,0.23,14769.23076923077,329.2292089335505
0.07,0.23,14769.23076923077,329.286451249247
0.09,0.23,14769.23076923077,328.1986086079022
0.11,0.23,14769.23076923077,326.2777101031738
0.13,0.23,14769.23076923077,323.95646671382684
0.15,0.23,14769.23076923077,321.7122528149623
0.17,0.23,14769.23076923077,319.9684800988269
0.19,0.23,14769.23076923077,319.02274037674937
0.21,0.23,14769.23076923077,319.02274037674937
0.23,0.23,14769.23076923077,319.96848009882683
0.25,0.23,14769.23076923077,321.71225281496226
0.27,0.23,14769.23076923077,323.9564667138267
0.29,0.23,14769.23076923077,326.2777101031736
0.31,0.23,14769.23076923077,328.19860860790203
0.33,0.23,14769.23076923077,329.2864512492469
0.35,0.23,14769.23076923077,329.2292089335504
0.37,0.23,14769.23076923077,327.86044260824593
0.39,0.23,14769.23076923077,325.14432361621346
0.01,0.25,14769.23076923077,325.2223839424834
0.03,0.25,14769.23076923077,328.0968263679526
0.05,0.25,14769.23076923077,329.6371566684983
0.07,0.25,14769.23076923077,329.89317365839
0.09,0.25,14769.23076923077,329.0384483094736
0.11,0.25,14769.23076923077,327.3763989544567
0.13,0.25,14769.23076923077,325.3138315602902
0.15,0.25,14769.23076923077,323.294113496708
0.17,0.25,14769.23076923077,321.7122528149623
0.19,0.25,14769.23076923077,320.85016837745184
0.21,0.25,14769.23076923077,320.85016837745184
0.23,0.25,14769.23076923077,321.71225281496226
0.25,0.25,14769.23076923077,323.294113496708
0.27,0.25,14769.23076923077,325.31383156029017
0.29,0.25,14769.23076923077,327.3763989544566
0.31,0.25,14769.23076923077,329.03844830947344
0.33,0.25,14769.23076923077,329.8931736583898
0.35,0.25,14769.23076923077,329.63715666849816
0.37,0.25,14769.23076923077,328.09682636795253
0.39,0.25,14769.23076923077,325.2223839424834
0.01,0.27,14769.23076923077,325.3139693332633
0.03,0.27,14769.23076923077,328.3749561864256
0.05,0.27,14769.23076923077,330.12238857558714
0.07,0.27,14769.23076923077,330.626390817139
0.09,0.27,14769.23076923077,330.07040532796475
0.11,0.27,14769.23076923077,328.74672864714444
0.13,0.27,14769.23076923077,327.0285740326674
0.15,0.27,14769.23076923077,325.31383156029017
0.17,0.27,14769.23076923077,323.9564667138268
0.19,0.27,14769.23076923077,323.2122269246425
0.21,0.27,14769.23076923077,323.2122269246425
0.23,0.27,14769.23076923077,323.9564667138268
0.25,0.27,14769.23076923077,325.31383156029017
0.27,0.27,14769.23076923077,327.0285740326674
0.29,0.27,14769.23076923077,328.7467286471443
0.31,0.27,14769.23076923077,330.0704053279646
0.33,0.27,14769.23076923077,330.6263908171388
0.35,0.27,14769.23076923077,330.12238857558697
0.37,0.27,14769.23076923077,328.37495618642555
0.39,0.27,14769.23076923077,325.3139693332633
0.01,0.29,14769.23076923077,325.3891304764789
0.03,0.29,14769.23076923077,328.60622482163416
0.05,0.29,14769.23076923077,330.54063271914424
0.07,0.29,14769.23076923077,331.28823120564385
0.09,0.29,14769.23076923077,331.0432250922197
0.11,0.29,14769.23076923077,330.08432737348954
0.13,0.29,14769.23076923077,328.7467286471444
0.15,0.29,14769.23076923077,327.37639895445665
0.17,0.29,14769.23076923077,326.27771010317366
0.19,0.29,14769.23076923077,325.67131099479974
0.21,0.29,14769.23076923077,325.67131099479974
0.23,0.29,14769.23076923077,326.27771010317366
0.25,0.29,14769.23076923077,327.37639895445665
0.27,0.29,14769.23076923077,328.7467286471444
0.29,0.29,14769.23076923077,330.08432737348943
0.31,0.29,14769.23076923077,331.0432250922196
0.33,0.29,14769.23076923077,331.2882312056437
0.35,0.29,14769.23076923077,330.54063271914407
0.37,0.29,14769.23076923077,328.6062248216341
0.39,0.29,14769.23076923077,325.3891304764789
0.01,0.31,14769.23076923077,325.4095698639015
0.03,0.31,14769.23076923077,328.6794824076132
0.05,0.31,14769.23076923077,330.7154572799528
0.07,0.31,14769.23076923077,331.6431808323852
0.09,0.31,14769.23076923077,331.6654254426888
0.11,0.31,14769.23076923077,331.0432250922197
0.13,0.31,14769.23076923077,330.0704053279647
0.15,0.31,14769.23076923077,329.03844830947355
0.17,0.31,14769.23076923077,328.19860860790214
0.19,0.31,14769.23076923077,327.73186034651275
0.21,0.31,14769.23076923077,327.7318603465127
0.23,0.31,14769.23076923077,328.1986086079021
0.25,0.31,14769.23076923077,329.03844830947344
0.27,0.31,14769.23076923077,330.07040532796464
0.29,0.31,14769.23076923077,331.0432250922196
0.31,0.31,14769.23076923077,331.66542544268856
0.33,0.31,14769.23076923077,331.64318083238504
0.35,0.31,14769.23076923077,330.71545727995255
0.37,0.31,14769.23076923077,328.679482407613
0.39,0.31,14769.23076923077,325.4095698639014
0.01,0.33,14769.23076923077,325.3301180920366
0.03,0.33,14769.23076923077,328.4677977419556
0.05,0.33,14769.23076923077,330.4531638690492
0.07,0.33,14769.23076923077,331.44337238755656
0.09,0.33,14769.23076923077,331.6431808323852
0.11,0.33,14769.23076923077,331.28823120564385
0.13,0.33,14769.23076923077,330.626390817139
0.15,0.33,14769.23076923077,329.89317365839
0.17,0.33,14769.23076923077,329.28645124924697
0.19,0.33,14769.23076923077,328.9468808861112
0.21,0.33,14769.23076923077,328.9468808861112
0.23,0.33,14769.23076923077,329.2864512492469
0.25,0.33,14769.23076923077,329.89317365838986
0.27,0.33,14769.23076923077,330.6263908171388
0.29,0.33,14769.23076923077,331.2882312056437
0.31,0.33,14769.23076923077,331.64318083238504
0.33,0.33,14769.23076923077,331.44337238755634
0.35,0.33,14769.23076923077,330.453163869049
0.37,0.33,14769.23076923077,328.46779774195545
0.39,0.33,14769.23076923077,325.33011809203657
0.01,0.35,14769.23076923077,325.0985130913471
0.03,0.35,14769.23076923077,327.8333179355041
0.05,0.35,14769.23076923077,329.5566456003684
0.07,0.35,14769.23076923077,330.45316386904915
0.09,0.35,14769.23076923077,330.7154572799527
0.11,0.35,14769.23076923077,330.54063271914424
0.13,0.35,14769.23076923077,330.12238857558714
0.15,0.35,14769.23076923077,329.6371566684983
0.17,0.35,14769.23076923077,329.2292089335505
0.19,0.35,14769.23076923077,328.999464222716
0.21,0.35,14769.23076923077,328.999464222716
0.23,0.35,14769.23076923077,329.22920893355047
0.25,0.35,14769.23076923077,329.6371566684982
0.27,0.35,14769.23076923077,330.12238857558697
0.29,0.35,14769.23076923077,330.5406327191441
0.31,0.35,14769.23076923077,330.7154572799526
0.33,0.35,14769.23076923077,330.45316386904904
0.35,0.35,14769.23076923077,329.5566456003682
0.37,0.35,14769.23076923077,327.833317935504
0.39,0.35,14769.23076923077,325.09851309134706
0.01,0.37,14769.23076923077,324.6477030487919
0.03,0.37,14769.23076923077,326.6233705922645
0.05,0.37,14769.23076923077,327.8333179355041
0.07,0.37,14769.23076923077,328.4677977419556
0.09,0.37,14769.23076923077,328.67948240761314
0.11,0.37,14769.23076923077,328.6062248216342
0.13,0.37,14769.23076923077,328.3749561864256
0.15,0.37,14769.23076923077,328.09682636795253
0.17,0.37,14769.23076923077,327.860442608246
0.19,0.37,14769.23076923077,327.72680680453635
0.21,0.37,14769.23076923077,327.7268068045364
0.23,0.37,14769.23076923077,327.860442608246
0.25,0.37,14769.23076923077,328.09682636795253
0.27,0.37,14769.23076923077,328.37495618642555
0.29,0.37,14769.23076923077,328.6062248216341
0.31,0.37,14769.23076923077,328.6794824076131
0.33,0.37,14769.23076923077,328.46779774195545
0.35,0.37,14769.23076923077,327.833317935504
0.37,0.37,14769.23076923077,326.62337059226445
0.39,0.37,14769.23076923077,324.64770304879187
0.01,0.39,14769.23076923077,323.8616242417366
0.03,0.39,14769.23076923077,324.6477030487919
0.05,0.39,14769.23076923077,325.0985130913471
0.07,0.39,14769.23076923077,325.3301180920366
0.09,0.39,14769.23076923077,325.4095698639015
0.11,0.39,14769.23076923077,325.389130476479
0.13,0.39,14769.23076923077,325.3139693332633
0.15,0.39,14769.23076923077,325.22238394248336
0.17,0.39,14769.23076923077,325.1443236162135
0.19,0.39,14769.23076923077,325.10016683111667
0.21,0.39,14769.23076923077,325.10016683111667
0.23,0.39,14769.23076923077,325.1443236162135
0.25,0.39,14769.23076923077,325.2223839424834
0.27,0.39,14769.23076923077,325.3139693332633
0.29,0.39,14769.23076923077,325.3891304764789
0.31,0.39,14769.23076923077,325.4095698639015
0.33,0.39,14769.23076923077,325.33011809203657
0.35,0.39,14769.23076923077,325.09851309134706
0.37,0.39,14769.23076923077,324.64770304879187
0.39,0.39,14769.23076923077,323.86162424173654
0.01,0.01,16615.384615384617,323.81303584444294
0.03,0.01,16615.384615384617,324.5925990276972
0.05,0.01,16615.384615384617,325.0860730379204
0.07,0.01,16615.384615384617,325.38970790511524
0.09,0.01,16615.384615384617,325.556001544686
0.11,0.01,16615.384615384617,325.62469784576336
0.13,0.01,16615.384615384617,325.630634758175
0.15,0.01,16615.384615384617,325.60460868737084
0.17,0.01,16615.384615384617,325.57200162658523
0.19,0.01,16615.384615384617,325.5509659500239
0.21,0.01,16615.384615384617,325.55096595002385
0.23,0.01,16615.384615384617,325.5720016265852
0.25,0.01,16615.384615384617,325.60460868737084
0.27,0.01,16615.384615384617,325.630634758175
0.29,0.01,16615.384615384617,325.6246978457634
0.31,0.01,16615.384615384617,325.55600154468607
0.33,0.01,16615.384615384617,325.3897079051153
0.35,0.01,16615.384615384617,325.0860730379204
0.37,0.01,16615.384615384617,324.5925990276972
0.39,0.01,16615.384615384617,323.8130358444429
0.01,0.03,16615.384615384617,324.5925990276972
0.03,0.03,16615.384615384617,326.6041344514211
0.05,0.03,16615.384615384617,327.96159460947774
0.07,0.03,16615.384615384617,328.81933619135447
0.09,0.03,16615.384615384617,329.2947672019771
0.11,0.03,16615.384615384617,329.4915777924309
0.13,0.03,16615.384615384617,329.50670597248154
0.15,0.03,16615.384615384617,329.4285405760629
0.17,0.03,16615.384615384617,329.3312664095848
0.19,0.03,16615.384615384617,329.2685483401001
0.21,0.03,16615.384615384617,329.2685483401001
0.23,0.03,16615.384615384617,329.3312664095847
0.25,0.03,16615.384615384617,329.4285405760629
0.27,0.03,16615.384615384617,329.50670597248154
0.29,0.03,16615.384615384617,329.491577792431
0.31,0.03,16615.384615384617,329.2947672019772
0.33,0.03,16615.384615384617,328.8193361913546
0.35,0.03,16615.384615384617,327.9615946094778
0.37,0.03,16615.384615384617,326.6041344514211
0.39,0.03,16615.384615384617,324.5925990276972
0.01,0.05,16615.384615384617,325.0860730379204
0.03,0.05,16615.384615384617,327.96159460947774
0.05,0.05,16615.384615384617,329.9708740212705
0.07,0.05,16615.384615384617,331.2606493374268
0.09,0.05,16615.384615384617,331.9761426978104
0.11,0.05,16615.384615384617,332.2632731358707
0.13,0.05,16615.384615384617,332.2675668972584
0.15,0.05,16615.384615384617,332.1267922469917
0.17,0.05,16615.384615384617,331.95945508260263
0.19,0.05,16615.384615384617,331.85270004155905
0.21,0.05,16615.384615384617,331.852700041559
0.23,0.05,16615.384615384617,331.9594550826025
0.25,0.05,16615.384615384617,332.12679224699167
0.27,0.05,16615.384615384617,332.2675668972584
0.29,0.05,16615.384615384617,332.26327313587075
0.31,0.05,16615.384615384617,331.97614269781053
0.33,0.05,16615.384615384617,331.26064933742697
0.35,0.05,16615.384615384617,329.9708740212706
0.37,0.05,16615.384615384617,327.9615946094778
0.39,0.05,16615.384615384617,325.0860730379204
0.01,0.07,16615.384615384617,325.38970790511524
0.03,0.07,16615.384615384617,328.81933619135447
0.05,0.07,16615.384615384617,331.26064933742686
0.07,0.07,16615.384615384617,332.83589938102625
0.09,0.07,16615.384615384617,333.696236923843
0.11,0.07,16615.384615384617,334.01242869980155
0.13,0.07,16615.384615384617,333.96639094549033
0.15,0.07,16615.384615384617,333.7375083816201
0.17,0.07,16615.384615384617,333.48443828753284
0.19,0.07,16615.384615384617,333.3260614166657
0.21,0.07,16615.384615384617,333.32606141666565
0.23,0.07,16615.384615384617,333.4844382875328
0.25,0.07,16615.384615384617,333.7375083816201
0.27,0.07,16615.384615384617,333.9663909454904
0.29,0.07,16615.384615384617,334.0124286998016
0.31,0.07,16615.384615384617,333.69623692384306
0.33,0.07,16615.384615384617,332.8358993810263
0.35,0.07,16615.384615384617,331.2606493374269
0.37,0.07,16615.384615384617,328.8193361913545
0.39,0.07,16615.384615384617,325.38970790511524
0.01,0.09,16615.384615384617,325.556001544686
0.03,0.09,16615.384615384617,329.29476720197715
0.05,0.09,16615.384615384617,331.9761426978104
0.07,0.09,16615.384615384617,333.69623692384306
0.09,0.09,16615.384615384617,334.60130788521246
0.11,0.09,16615.384615384617,334.87547063099584
0.13,0.09,16615.384615384617,334.7280530622924
0.15,0.09,16615.384615384617,334.3746574833538
0.17,0.09,16615.384615384617,334.01177830537307
0.19,0.09,16615.384615384617,333.78963467937285
0.21,0.09,16615.384615384617,333.7896346793728
0.23,0.09,16615.384615384617,334.011778305373
0.25,0.09,16615.384615384617,334.3746574833538
0.27,0.09,16615.384615384617,334.7280530622924
0.29,0.09,16615.384615384617,334.875470630996
0.31,0.09,16615.384615384617,334.6013078852126
0.33,0.09,16615.384615384617,333.6962369238431
0.35,0.09,16615.384615384617,331.97614269781053
0.37,0.09,16615.384615384617,329.2947672019772
0.39,0.09,16615.384615384617,325.556001544686
0.01,0.11,16615.384615384617,325.6246978457634
0.03,0.11,16615.384615384617,329.491577792431
0.05,0.11,16615.384615384617,332.2632731358707
0.07,0.11,16615.384615384617,334.0124286998015
0.09,0.11,16615.384615384617,334.87547063099584
0.11,0.11,16615.384615384617,335.04262216296206
0.13,0.11,16615.384615384617,334.74465351459645
0.15,0.11,16615.384615384617,334.2300192202785
0.17,0.11,16615.384615384617,333.7322379469766
0.19,0.11,16615.384615384617,333.4334425790065
0.21,0.11,16615.384615384617,333.4334425790065
0.23,0.11,16615.384615384617,333.7322379469766
0.25,0.11,16615.384615384617,334.2300192202785
0.27,0.11,16615.384615384617,334.74465351459656
0.29,0.11,16615.384615384617,335.04262216296223
0.31,0.11,16615.384615384617,334.87547063099595
0.33,0.11,16615.384615384617,334.0124286998016
0.35,0.11,16615.384615384617,332.26327313587075
0.37,0.11,16615.384615384617,329.49157779243103
0.39,0.11,16615.384615384617,325.62469784576336
0.01,0.13,16615.384615384617,325.630634758175
0.03,0.13,16615.384615384617,329.50670597248154
0.05,0.13,16615.384615384617,332.2675668972584
0.07,0.13,16615.384615384617,333.9663909454903
0.09,0.13,16615.384615384617,334.7280530622923
0.11,0.13,16615.384615384617,334.7446535145965
0.13,0.13,16615.384615384617,334.26416530678995
0.15,0.13,16615.384615384617,333.5651918277165
0.17,0.13,16615.384615384617,332.91717040664525
0.19,0.13,16615.384615384617,332.5340048063161
0.21,0.13,16615.384615384617,332.5340048063161
0.23,0.13,16615.384615384617,332.9171704066452
0.25,0.13,16615.384615384617,333.5651918277165
0.27,0.13,16615.384615384617,334.26416530679
0.29,0.13,16615.384615384617,334.7446535145966
0.31,0.13,16615.384615384617,334.7280530622924
0.33,0.13,16615.384615384617,333.9663909454904
0.35,0.13,16615.384615384617,332.26756689725846
0.37,0.13,16615.384615384617,329.50670597248154
0.39,0.13,16615.384615384617,325.63063475817506
0.01,0.15,16615.384615384617,325.60460868737084
0.03,0.15,16615.384615384617,329.4285405760629
0.05,0.15,16615.384615384617,332.1267922469916
0.07,0.15,16615.384615384617,333.73750838162005
0.09,0.15,16615.384615384617,334.3746574833538
0.11,0.15,16615.384615384617,334.23001922027856
0.13,0.15,16615.384615384617,333.56519182771655
0.15,0.15,16615.384615384617,332.68503938854366
0.17,0.15,16615.384615384617,331.89136867544715
0.19,0.15,16615.384615384617,331.4269725479004
0.21,0.15,16615.384615384617,331.4269725479004
0.23,0.15,16615.384615384617,331.8913686754471
0.25,0.15,16615.384615384617,332.68503938854366
0.27,0.15,16615.384615384617,333.56519182771655
0.29,0.15,16615.384615384617,334.23001922027856
0.31,0.15,16615.384615384617,334.3746574833538
0.33,0.15,16615.384615384617,333.7375083816201
0.35,0.15,16615.384615384617,332.12679224699167
0.37,0.15,16615.384615384617,329.4285405760629
0.39,0.15,16615.384615384617,325.60460868737084
0.01,0.17,16615.384615384617,325.5720016265852
0.03,0.17,16615.384615384617,329.3312664095847
0.05,0.17,16615.384615384617,331.9594550826026
0.07,0.17,16615.384615384617,333.4844382875328
0.09,0.17,16615.384615384617,334.0117783053731
0.11,0.17,16615.384615384617,333.73223794697674
0.13,0.17,16615.384615384617,332.9171704066453
0.15,0.17,16615.384615384617,331.89136867544715
0.17,0.17,16615.384615384617,330.9815452363204
0.19,0.17,16615.384615384617,330.4526663305804
0.21,0.17,16615.384615384617,330.4526663305804
0.23,0.17,16615.384615384617,330.9815452363203
0.25,0.17,16615.384615384617,331.8913686754471
0.27,0.17,16615.384615384617,332.91717040664525
0.29,0.17,16615.384615384617,333.7322379469767
0.31,0.17,16615.384615384617,334.0117783053731
0.33,0.17,16615.384615384617,333.48443828753284
0.35,0.17,16615.384615384617,331.9594550826026
0.37,0.17,16615.384615384617,329.3312664095848
0.39,0.17,16615.384615384617,325.57200162658523
0.01,0.19,16615.384615384617,325.55096595002385
0.03,0.19,16615.384615384617,329.2685483401001
0.05,0.19,16615.384615384617,331.85270004155905
0.07,0.19,16615.384615384617,333.32606141666577
0.09,0.19,16615.384615384617,333.78963467937297
0.11,0.19,16615.384615384617,333.4334425790067
0.13,0.19,16615.384615384617,332.5340048063162
0.15,0.19,16615.384615384617,331.4269725479005
0.17,0.19,16615.384615384617,330.4526663305805
0.19,0.19,16615.384615384617,329.88809591396046
0.21,0.19,16615.384615384617,329.88809591396046
0.23,0.19,16615.384615384617,330.4526663305804
0.25,0.19,16615.384615384617,331.4269725479004
0.27,0.19,16615.384615384617,332.5340048063161
0.29,0.19,16615.384615384617,333.43344257900657
0.31,0.19,16615.384615384617,333.7896346793729
0.33,0.19,16615.384615384617,333.3260614166657
0.35,0.19,16615.384615384617,331.85270004155905
0.37,0.19,16615.384615384617,329.2685483401001
0.39,0.19,16615.384615384617,325.5509659500239
0.01,0.21,16615.384615384617,325.55096595002385
0.03,0.21,16615.384615384617,329.2685483401001
0.05,0.21,16615.384615384617,331.8527000415591
0.07,0.21,16615.384615384617,333.32606141666577
0.09,0.21,16615.384615384617,333.78963467937297
0.11,0.21,16615.384615384617,333.43344257900674
0.13,0.21,16615.384615384617,332.53400480631626
0.15,0.21,16615.384615384617,331.4269725479005
0.17,0.21,16615.384615384617,330.45266633058054
0.19,0.21,16615.384615384617,329.88809591396046
0.21,0.21,16615.384615384617,329.88809591396046
0.23,0.21,16615.384615384617,330.4526663305804
0.25,0.21,16615.384615384617,331.42697254790045
0.27,0.21,16615.384615384617,332.53400480631615
0.29,0.21,16615.384615384617,333.43344257900657
0.31,0.21,16615.384615384617,333.78963467937285
0.33,0.21,16615.384615384617,333.32606141666565
0.35,0.21,16615.384615384617,331.852700041559
0.37,0.21,16615.384615384617,329.2685483401001
0.39,0.21,16615.384615384617,325.5509659500239
0.01,0.23,16615.384615384617,325.57200162658523
0.03,0.23,16615.384615384617,329.3312664095848
0.05,0.23,16615.384615384617,331.9594550826027
0.07,0.23,16615.384615384617,333.4844382875329
0.09,0.23,16615.384615384617,334.01177830537324
0.11,0.23,16615.384615384617,333.73223794697685
0.13,0.23,16615.384615384617,332.9171704066454
0.15,0.23,16615.384615384617,331.89136867544727
0.17,0.23,16615.384615384617,330.98154523632047
0.19,0.23,16615.384615384617,330.45266633058054
0.21,0.23,16615.384615384617,330.4526663305805
0.23,0.23,16615.384615384617,330.9815452363204
0.25,0.23,16615.384615384617,331.8913686754472
0.27,0.23,16615.384615384617,332.9171704066453
0.29,0.23,16615.384615384617,333.7322379469767
0.31,0.23,16615.384615384617,334.011778305373
0.33,0.23,16615.384615384617,333.4844382875327
0.35,0.23,16615.384615384617,331.9594550826025
0.37,0.23,16615.384615384617,329.3312664095847
0.39,0.23,16615.384615384617,325.57200162658523
0.01,0.25,16615.384615384617,325.6046086873709
0.03,0.25,16615.384615384617,329.42854057606297
0.05,0.25,16615.384615384617,332.1267922469918
0.07,0.25,16615.384615384617,333.7375083816202
0.09,0.25,16615.384615384617,334.374657483354
0.11,0.25,16615.384615384617,334.23001922027873
0.13,0.25,16615.384615384617,333.5651918277167
0.15,0.25,16615.384615384617,332.68503938854377
0.17,0.25,16615.384615384617,331.89136867544727
0.19,0.25,16615.384615384617,331.4269725479005
0.21,0.25,16615.384615384617,331.4269725479005
0.23,0.25,16615.384615384617,331.8913686754472
0.25,0.25,16615.384615384617,332.6850393885437
0.27,0.25,16615.384615384617,333.56519182771655
0.29,0.25,16615.384615384617,334.23001922027856
0.31,0.25,16615.384615384617,334.3746574833539
0.33,0.25,16615.384615384617,333.7375083816201
0.35,0.25,16615.384615384617,332.12679224699167
0.37,0.25,16615.384615384617,329.4285405760629
0.39,0.25,16615.384615384617,325.60460868737084
0.01,0.27,16615.384615384617,325.63063475817506
0.03,0.27,16615.384615384617,329.50670597248165
0.05,0.27,16615.384615384617,332.2675668972586
0.07,0.27,16615.384615384617,333.9663909454905
0.09,0.27,16615.384615384617,334.7280530622926
0.11,0.27,16615.384615384617,334.74465351459673
0.13,0.27,16615.384615384617,334.2641653067901
0.15,0.27,16615.384615384617,333.56519182771666
0.17,0.27,16615.384615384617,332.9171704066454
0.19,0.27,16615.384615384617,332.5340048063162
0.21,0.27,16615.384615384617,332.5340048063162
0.23,0.27,16615.384615384617,332.9171704066454
0.25,0.27,16615.384615384617,333.56519182771666
0.27,0.27,16615.384615384617,334.26416530679006
0.29,0.27,16615.384615384617,334.7446535145966
0.31,0.27,16615.384615384617,334.7280530622925
0.33,0.27,16615.384615384617,333.9663909454904
0.35,0.27,16615.384615384617,332.26756689725846
0.37,0.27,16615.384615384617,329.50670597248154
0.39,0.27,16615.384615384617,325.630634758175
0.01,0.29,16615.384615384617,325.6246978457634
0.03,0.29,16615.384615384617,329.4915777924311
0.05,0.29,16615.384615384617,332.26327313587086
0.07,0.29,16615.384615384617,334.0124286998017
0.09,0.29,16615.384615384617,334.8754706309961
0.11,0.29,16615.384615384617,335.04262216296235
0.13,0.29,16615.384615384617,334.74465351459673
0.15,0.29,16615.384615384617,334.23001922027873
0.17,0.29,16615.384615384617,333.7322379469768
0.19,0.29,16615.384615384617,333.43344257900674
0.21,0.29,16615.384615384617,333.43344257900674
0.23,0.29,16615.384615384617,333.73223794697685
0.25,0.29,16615.384615384617,334.2300192202787
0.27,0.29,16615.384615384617,334.7446535145966
0.29,0.29,16615.384615384617,335.0426221629622
0.31,0.29,16615.384615384617,334.8754706309959
0.33,0.29,16615.384615384617,334.01242869980155
0.35,0.29,16615.384615384617,332.26327313587075
0.37,0.29,16615.384615384617,329.491577792431
0.39,0.29,16615.384615384617,325.62469784576336
0.01,0.31,16615.384615384617,325.55600154468607
0.03,0.31,16615.384615384617,329.2947672019773
0.05,0.31,16615.384615384617,331.97614269781064
0.07,0.31,16615.384615384617,333.69623692384323
0.09,0.31,16615.384615384617,334.6013078852127
0.11,0.31,16615.384615384617,334.8754706309961
0.13,0.31,16615.384615384617,334.7280530622926
0.15,0.31,16615.384615384617,334.374657483354
0.17,0.31,16615.384615384617,334.0117783053732
0.19,0.31,16615.384615384617,333.789634679373
0.21,0.31,16615.384615384617,333.789634679373
0.23,0.31,16615.384615384617,334.0117783053732
0.25,0.31,16615.384615384617,334.374657483354
0.27,0.31,16615.384615384617,334.7280530622925
0.29,0.31,16615.384615384617,334.87547063099595
0.31,0.31,16615.384615384617,334.60130788521246
0.33,0.31,16615.384615384617,333.69623692384306
0.35,0.31,16615.384615384617,331.97614269781053
0.37,0.31,16615.384615384617,329.29476720197715
0.39,0.31,16615.384615384617,325.556001544686
0.01,0.33,16615.384615384617,325.3897079051153
0.03,0.33,16615.384615384617,328.81933619135464
0.05,0.33,16615.384615384617,331.2606493374271
0.07,0.33,16615.384615384617,332.8358993810264
0.09,0.33,16615.384615384617,333.6962369238433
0.11,0.33,16615.384615384617,334.0124286998018
0.13,0.33,16615.384615384617,333.96639094549056
0.15,0.33,16615.384615384617,333.7375083816202
0.17,0.33,16615.384615384617,333.4844382875329
0.19,0.33,16615.384615384617,333.3260614166658
0.21,0.33,16615.384615384617,333.3260614166658
0.23,0.33,16615.384615384617,333.4844382875329
0.25,0.33,16615.384615384617,333.7375083816201
0.27,0.33,16615.384615384617,333.9663909454904
0.29,0.33,16615.384615384617,334.01242869980155
0.31,0.33,16615.384615384617,333.696236923843
0.33,0.33,16615.384615384617,332.8358993810262
0.35,0.33,16615.384615384617,331.26064933742686
0.37,0.33,16615.384615384617,328.8193361913545
0.39,0.33,16615.384615384617,325.38970790511524
0.01,0.35,16615.384615384617,325.0860730379204
0.03,0.35,16615.384615384617,327.96159460947786
0.05,0.35,16615.384615384617,329.9708740212708
0.07,0.35,16615.384615384617,331.26064933742697
0.09,0.35,16615.384615384617,331.97614269781064
0.11,0.35,16615.384615384617,332.2632731358708
0.13,0.35,16615.384615384617,332.2675668972585
0.15,0.35,16615.384615384617,332.1267922469917
0.17,0.35,16615.384615384617,331.95945508260263
0.19,0.35,16615.384615384617,331.8527000415591
0.21,0.35,16615.384615384617,331.8527000415591
0.23,0.35,16615.384615384617,331.95945508260263
0.25,0.35,16615.384615384617,332.12679224699167
0.27,0.35,16615.384615384617,332.2675668972584
0.29,0.35,16615.384615384617,332.26327313587075
0.31,0.35,16615.384615384617,331.9761426978105
0.33,0.35,16615.384615384617,331.26064933742686
0.35,0.35,16615.384615384617,329.97087402127056
0.37,0.35,16615.384615384617,327.96159460947774
0.39,0.35,16615.384615384617,325.0860730379204
0.01,0.37,16615.384615384617,324.59259902769725
0.03,0.37,16615.384615384617,326.60413445142115
0.05,0.37,16615.384615384617,327.9615946094778
0.07,0.37,16615.384615384617,328.8193361913546
0.09,0.37,16615.384615384617,329.29476720197727
0.11,0.37,16615.384615384617,329.491577792431
0.13,0.37,16615.384615384617,329.50670597248154
0.15,0.37,16615.384615384617,329.4285405760629
0.17,0.37,16615.384615384617,329.3312664095848
0.19,0.37,16615.384615384617,329.2685483401002
0.21,0.37,16615.384615384617,329.2685483401002
0.23,0.37,16615.384615384617,329.3312664095848
0.25,0.37,16615.384615384617,329.4285405760629
0.27,0.37,16615.384615384617,329.5067059724815
0.29,0.37,16615.384615384617,329.4915777924309
0.31,0.37,16615.384615384617,329.29476720197715
0.33,0.37,16615.384615384617,328.81933619135447
0.35,0.37,16615.384615384617,327.9615946094777
0.37,0.37,16615.384615384617,326.6041344514211
0.39,0.37,16615.384615384617,324.5925990276972
0.01,0.39,16615.384615384617,323.81303584444294
0.03,0.39,16615.384615384617,324.5925990276972
0.05,0.39,16615.384615384617,325.0860730379204
0.07,0.39,16615.384615384617,325.38970790511524
0.09,0.39,16615.384615384617,325.556001544686
0.11,0.39,16615.384615384617,325.62469784576336
0.13,0.39,16615.384615384617,325.630634758175
0.15,0.39,16615.384615384617,325.6046086873708
0.17,0.39,16615.384615384617,325.57200162658523
0.19,0.39,16615.384615384617,325.5509659500239
0.21,0.39,16615.384615384617,325.5509659500239
0.23,0.39,16615.384615384617,325.57200162658523
0.25,0.39,16615.384615384617,325.60460868737084
0.27,0.39,16615.384615384617,325.63063475817506
0.29,0.39,16615.384615384617,325.62469784576336
0.31,0.39,16615.384615384617,325.556001544686
0.33,0.39,16615.384615384617,325.3897079051152
0.35,0.39,16615.384615384617,325.0860730379204
0.37,0.39,16615.384615384617,324.5925990276972
0.39,0.39,16615.384615384617,323.8130358444429
0.01,0.01,18461.53846153846,323.7709179439309
0.03,0.01,18461.53846153846,324.53711950992
0.05,0.01,18461.53846153846,325.0563069088386
0.07,0.01,18461.53846153846,325.4106582984312
0.09,0.01,18461.53846153846,325.64264850871285
0.11,0.01,18461.53846153846,325.78287154400994
0.13,0.01,18461.53846153846,325.85757982301897
0.15,0.01,18461.53846153846,325.8900461884388
0.17,0.01,18461.53846153846,325.89974351112846
0.19,0.01,18461.53846153846,325.9008467994988
0.21,0.01,18461.53846153846,325.9008467994988
0.23,0.01,18461.53846153846,325.89974351112846
0.25,0.01,18461.53846153846,325.8900461884388
0.27,0.01,18461.53846153846,325.85757982301897
0.29,0.01,18461.53846153846,325.78287154401
0.31,0.01,18461.53846153846,325.64264850871285
0.33,0.01,18461.53846153846,325.4106582984312
0.35,0.01,18461.53846153846,325.0563069088386
0.37,0.01,18461.53846153846,324.53711950992
0.39,0.01,18461.53846153846,323.7709179439309
0.01,0.03,18461.53846153846,324.53711950992
0.03,0.03,18461.53846153846,326.55220227210856
0.05,0.03,18461.53846153846,328.0025445766649
0.07,0.03,18461.53846153846,329.01813068082856
0.09,0.03,18461.53846153846,329.69252371076203
0.11,0.03,18461.53846153846,330.10471351394256
0.13,0.03,18461.53846153846,330.3270633961644
0.15,0.03,18461.53846153846,330.4256138368268
0.17,0.03,18461.53846153846,330.45650087790403
0.19,0.03,18461.53846153846,330.4609832578289
0.21,0.03,18461.53846153846,330.4609832578289
0.23,0.03,18461.53846153846,330.4565008779041
0.25,0.03,18461.53846153846,330.4256138368267
0.27,0.03,18461.53846153846,330.3270633961644
0.29,0.03,18461.53846153846,330.1047135139426
0.31,0.03,18461.53846153846,329.69252371076203
0.33,0.03,18461.53846153846,329.01813068082856
0.35,0.03,18461.53846153846,328.00254457666495
0.37,0.03,18461.53846153846,326.55220227210856
0.39,0.03,18461.53846153846,324.53711950992005
0.01,0.05,18461.53846153846,325.0563069088386
0.03,0.05,18461.53846153846,328.0025445766649
0.05,0.05,18461.53846153846,330.1993441289973
0.07,0.05,18461.53846153846,331.76876505009
0.09,0.05,18461.53846153846,332.82468654001013
0.11,0.05,18461.53846153846,333.47672020414024
0.13,0.05,18461.53846153846,333.83186619587525
0.15,0.05,18461.53846153846,333.9911259431272
0.17,0.05,18461.53846153846,334.04213207328263
0.19,0.05,18461.53846153846,334.05015766299795
0.21,0.05,18461.53846153846,334.0501576629979
0.23,0.05,18461.53846153846,334.0421320732826
0.25,0.05,18461.53846153846,333.9911259431272
0.27,0.05,18461.53846153846,333.8318661958753
0.29,0.05,18461.53846153846,333.4767202041403
0.31,0.05,18461.53846153846,332.82468654001025
0.33,0.05,18461.53846153846,331.76876505009005
0.35,0.05,18461.53846153846,330.19934412899744
0.37,0.05,18461.53846153846,328.002544576665
0.39,0.05,18461.53846153846,325.0563069088387
0.01,0.07,18461.53846153846,325.4106582984312
0.03,0.07,18461.53846153846,329.01813068082845
0.05,0.07,18461.53846153846,331.76876505009
0.07,0.07,18461.53846153846,333.7630940916783
0.09,0.07,18461.53846153846,335.1177894757685
0.11,0.07,18461.53846153846,335.95893342098805
0.13,0.07,18461.53846153846,336.41748781187056
0.15,0.07,18461.53846153846,336.6215284570941
0.17,0.07,18461.53846153846,336.6847468336564
0.19,0.07,18461.53846153846,336.69312492685924
0.21,0.07,18461.53846153846,336.6931249268592
0.23,0.07,18461.53846153846,336.6847468336564
0.25,0.07,18461.53846153846,336.62152845709414
0.27,0.07,18461.53846153846,336.4174878118706
0.29,0.07,18461.53846153846,335.95893342098816
0.31,0.07,18461.53846153846,335.11778947576863
0.33,0.07,18461.53846153846,333.7630940916784
0.35,0.07,18461.53846153846,331.7687650500901
0.37,0.07,18461.53846153846,329.01813068082856
0.39,0.07,18461.53846153846,325.4106582984312
0.01,0.09,18461.53846153846,325.64264850871285
0.03,0.09,18461.53846153846,329.692523710762
0.05,0.09,18461.53846153846,332.82468654001013
0.07,0.09,18461.53846153846,335.1177894757686
0.09,0.09,18461.53846153846,336.6831684180493
0.11,0.09,18461.53846153846,337.65407731409243
0.13,0.09,18461.53846153846,338.17725996903533
0.15,0.09,18461.53846153846,338.40164163576424
0.17,0.09,18461.53846153846,338.4627575422158
0.19,0.09,18461.53846153846,338.46486204131554
0.21,0.09,18461.53846153846,338.46486204131554
0.23,0.09,18461.53846153846,338.4627575422158
0.25,0.09,18461.53846153846,338.40164163576435
0.27,0.09,18461.53846153846,338.1772599690355
0.29,0.09,18461.53846153846,337.65407731409255
0.31,0.09,18461.53846153846,336.68316841804943
0.33,0.09,18461.53846153846,335.11778947576863
0.35,0.09,18461.53846153846,332.82468654001025
0.37,0.09,18461.53846153846,329.6925237107621
0.39,0.09,18461.53846153846,325.64264850871285
0.01,0.11,18461.53846153846,325.78287154400994
0.03,0.11,18461.53846153846,330.1047135139425
0.05,0.11,18461.53846153846,333.4767202041402
0.07,0.11,18461.53846153846,335.95893342098805
0.09,0.11,18461.53846153846,337.65407731409243
0.11,0.11,18461.53846153846,338.69685493304564
0.13,0.11,18461.53846153846,339.2441779809418
0.15,0.11,18461.53846153846,339.4614224417564
0.17,0.11,18461.53846153846,339.503200323802
0.19,0.11,18461.53846153846,339.49065954310834
0.21,0.11,18461.53846153846,339.49065954310834
0.23,0.11,18461.53846153846,339.50320032380205
0.25,0.11,18461.53846153846,339.4614224417565
0.27,0.11,18461.53846153846,339.2441779809419
0.29,0.11,18461.53846153846,338.6968549330458
0.31,0.11,18461.53846153846,337.65407731409255
0.33,0.11,18461.53846153846,335.9589334209882
0.35,0.11,18461.53846153846,333.47672020414035
0.37,0.11,18461.53846153846,330.10471351394256
0.39,0.11,18461.53846153846,325.78287154401
0.01,0.13,18461.53846153846,325.85757982301897
0.03,0.13,18461.53846153846,330.32706339616425
0.05,0.13,18461.53846153846,333.8318661958752
0.07,0.13,18461.53846153846,336.4174878118705
0.09,0.13,18461.53846153846,338.1772599690354
0.11,0.13,18461.53846153846,339.2441779809418
0.13,0.13,18461.53846153846,339.7815759638792
0.15,0.13,18461.53846153846,339.9681858405202
0.17,0.13,18461.53846153846,339.97569920512365
0.19,0.13,18461.53846153846,339.94120461756444
0.21,0.13,18461.53846153846,339.9412046175645
0.23,0.13,18461.53846153846,339.97569920512365
0.25,0.13,18461.53846153846,339.9681858405202
0.27,0.13,18461.53846153846,339.7815759638792
0.29,0.13,18461.53846153846,339.2441779809419
0.31,0.13,18461.53846153846,338.1772599690355
0.33,0.13,18461.53846153846,336.4174878118706
0.35,0.13,18461.53846153846,333.8318661958753
0.37,0.13,18461.53846153846,330.3270633961644
0.39,0.13,18461.53846153846,325.857579823019
0.01,0.15,18461.53846153846,325.8900461884388
0.03,0.15,18461.53846153846,330.42561383682664
0.05,0.15,18461.53846153846,333.99112594312714
0.07,0.15,18461.53846153846,336.621528457094
0.09,0.15,18461.53846153846,338.4016416357642
0.11,0.15,18461.53846153846,339.4614224417564
0.13,0.15,18461.53846153846,339.96818584052016
0.15,0.15,18461.53846153846,340.111334224436
0.17,0.15,18461.53846153846,340.0773600657688
0.19,0.15,18461.53846153846,340.0177012411887
0.21,0.15,18461.53846153846,340.0177012411887
0.23,0.15,18461.53846153846,340.0773600657688
0.25,0.15,18461.53846153846,340.11133422443606
0.27,0.15,18461.53846153846,339.9681858405203
0.29,0.15,18461.53846153846,339.4614224417565
0.31,0.15,18461.53846153846,338.40164163576435
0.33,0.15,18461.53846153846,336.62152845709414
0.35,0.15,18461.53846153846,333.99112594312726
0.37,0.15,18461.53846153846,330.4256138368267
0.39,0.15,18461.53846153846,325.8900461884388
0.01,0.17,18461.53846153846,325.89974351112846
0.03,0.17,18461.53846153846,330.45650087790403
0.05,0.17,18461.53846153846,334.0421320732825
0.07,0.17,18461.53846153846,336.68474683365633
0.09,0.17,18461.53846153846,338.46275754221574
0.11,0.17,18461.53846153846,339.50320032380205
0.13,0.17,18461.53846153846,339.9756992051237
0.15,0.17,18461.53846153846,340.0773600657688
0.17,0.17,18461.53846153846,340.00594493460784
0.19,0.17,18461.53846153846,339.92407966673613
0.21,0.17,18461.53846153846,339.92407966673613
0.23,0.17,18461.53846153846,340.0059449346079
0.25,0.17,18461.53846153846,340.0773600657688
0.27,0.17,18461.53846153846,339.97569920512365
0.29,0.17,18461.53846153846,339.50320032380205
0.31,0.17,18461.53846153846,338.4627575422158
0.33,0.17,18461.53846153846,336.6847468336564
0.35,0.17,18461.53846153846,334.04213207328263
0.37,0.17,18461.53846153846,330.45650087790403
0.39,0.17,18461.53846153846,325.8997435111284
0.01,0.19,18461.53846153846,325.9008467994988
0.03,0.19,18461.53846153846,330.46098325782884
0.05,0.19,18461.53846153846,334.05015766299783
0.07,0.19,18461.53846153846,336.69312492685907
0.09,0.19,18461.53846153846,338.46486204131554
0.11,0.19,18461.53846153846,339.49065954310834
0.13,0.19,18461.53846153846,339.9412046175645
0.15,0.19,18461.53846153846,340.0177012411888
0.17,0.19,18461.53846153846,339.9240796667362
0.19,0.19,18461.53846153846,339.829168568865
0.21,0.19,18461.53846153846,339.829168568865
0.23,0.19,18461.53846153846,339.92407966673613
0.25,0.19,18461.53846153846,340.0177012411887
0.27,0.19,18461.53846153846,339.9412046175645
0.29,0.19,18461.53846153846,339.4906595431083
0.31,0.19,18461.53846153846,338.46486204131554
0.33,0.19,18461.53846153846,336.6931249268591
0.35,0.19,18461.53846153846,334.0501576629979
0.37,0.19,18461.53846153846,330.4609832578289
0.39,0.19,18461.53846153846,325.9008467994988
0.01,0.21,18461.53846153846,325.9008467994988
0.03,0.21,18461.53846153846,330.46098325782884
0.05,0.21,18461.53846153846,334.05015766299783
0.07,0.21,18461.53846153846,336.69312492685907
0.09,0.21,18461.53846153846,338.46486204131554
0.11,0.21,18461.53846153846,339.49065954310834
0.13,0.21,18461.53846153846,339.9412046175645
0.15,0.21,18461.53846153846,340.01770124118883
0.17,0.21,18461.53846153846,339.9240796667362
0.19,0.21,18461.53846153846,339.829168568865
0.21,0.21,18461.53846153846,339.829168568865
0.23,0.21,18461.53846153846,339.92407966673613
0.25,0.21,18461.53846153846,340.0177012411888
0.27,0.21,18461.53846153846,339.9412046175645
0.29,0.21,18461.53846153846,339.4906595431083
0.31,0.21,18461.53846153846,338.46486204131554
0.33,0.21,18461.53846153846,336.6931249268591
0.35,0.21,18461.53846153846,334.0501576629979
0.37,0.21,18461.53846153846,330.4609832578289
0.39,0.21,18461.53846153846,325.9008467994988
0.01,0.23,18461.53846153846,325.89974351112846
0.03,0.23,18461.53846153846,330.45650087790403
0.05,0.23,18461.53846153846,334.0421320732825
0.07,0.23,18461.53846153846,336.68474683365633
0.09,0.23,18461.53846153846,338.4627575422158
0.11,0.23,18461.53846153846,339.5032003238021
0.13,0.23,18461.53846153846,339.97569920512376
0.15,0.23,18461.53846153846,340.0773600657689
0.17,0.23,18461.53846153846,340.00594493460795
0.19,0.23,18461.53846153846,339.9240796667362
0.21,0.23,18461.53846153846,339.9240796667362
0.23,0.23,18461.53846153846,340.00594493460795
0.25,0.23,18461.53846153846,340.07736006576886
0.27,0.23,18461.53846153846,339.97569920512365
0.29,0.23,18461.53846153846,339.503200323802
0.31,0.23,18461.53846153846,338.4627575422158
0.33,0.23,18461.53846153846,336.68474683365633
0.35,0.23,18461.53846153846,334.0421320732826
0.37,0.23,18461.53846153846,330.45650087790403
0.39,0.23,18461.53846153846,325.89974351112846
0.01,0.25,18461.53846153846,325.8900461884388
0.03,0.25,18461.53846153846,330.4256138368267
0.05,0.25,18461.53846153846,333.9911259431272
0.07,0.25,18461.53846153846,336.6215284570941
0.09,0.25,18461.53846153846,338.40164163576435
0.11,0.25,18461.53846153846,339.4614224417565
0.13,0.25,18461.53846153846,339.96818584052033
0.15,0.25,18461.53846153846,340.1113342244362
0.17,0.25,18461.53846153846,340.0773600657689
0.19,0.25,18461.53846153846,340.01770124118883
0.21,0.25,18461.53846153846,340.01770124118883
0.23,0.25,18461.53846153846,340.0773600657689
0.25,0.25,18461.53846153846,340.1113342244361
0.27,0.25,18461.53846153846,339.9681858405203
0.29,0.25,18461.53846153846,339.46142244175644
0.31,0.25,18461.53846153846,338.40164163576435
0.33,0.25,18461.53846153846,336.6215284570941
0.35,0.25,18461.53846153846,333.99112594312726
0.37,0.25,18461.53846153846,330.4256138368268
0.39,0.25,18461.53846153846,325.8900461884388
0.01,0.27,18461.53846153846,325.85757982301897
0.03,0.27,18461.53846153846,330.3270633961644
0.05,0.27,18461.53846153846,333.8318661958753
0.07,0.27,18461.53846153846,336.4174878118706
0.09,0.27,18461.53846153846,338.1772599690355
0.11,0.27,18461.53846153846,339.244177980942
0.13,0.27,18461.53846153846,339.7815759638793
0.15,0.27,18461.53846153846,339.96818584052033
0.17,0.27,18461.53846153846,339.97569920512376
0.19,0.27,18461.53846153846,339.9412046175645
0.21,0.27,18461.53846153846,339.9412046175646
0.23,0.27,18461.53846153846,339.97569920512376
0.25,0.27,18461.53846153846,339.9681858405203
0.27,0.27,18461.53846153846,339.7815759638792
0.29,0.27,18461.53846153846,339.24417798094186
0.31,0.27,18461.53846153846,338.1772599690355
0.33,0.27,18461.53846153846,336.4174878118706
0.35,0.27,18461.53846153846,333.8318661958753
0.37,0.27,18461.53846153846,330.3270633961643
0.39,0.27,18461.53846153846,325.85757982301897
0.01,0.29,18461.53846153846,325.78287154401
0.03,0.29,18461.53846153846,330.10471351394267
0.05,0.29,18461.53846153846,333.47672020414035
0.07,0.29,18461.53846153846,335.9589334209883
0.09,0.29,18461.53846153846,337.65407731409266
0.11,0.29,18461.53846153846,338.69685493304587
0.13,0.29,18461.53846153846,339.244177980942
0.15,0.29,18461.53846153846,339.4614224417565
0.17,0.29,18461.53846153846,339.5032003238021
0.19,0.29,18461.53846153846,339.4906595431084
0.21,0.29,18461.53846153846,339.4906595431084
0.23,0.29,18461.53846153846,339.5032003238021
0.25,0.29,18461.53846153846,339.4614224417565
0.27,0.29,18461.53846153846,339.24417798094186
0.29,0.29,18461.53846153846,338.6968549330457
0.31,0.29,18461.53846153846,337.6540773140925
0.33,0.29,18461.53846153846,335.95893342098816
0.35,0.29,18461.53846153846,333.4767202041403
0.37,0.29,18461.53846153846,330.10471351394256
0.39,0.29,18461.53846153846,325.78287154400994
0.01,0.31,18461.53846153846,325.64264850871285
0.03,0.31,18461.53846153846,329.6925237107621
0.05,0.31,18461.53846153846,332.8246865400104
0.07,0.31,18461.53846153846,335.1177894757688
0.09,0.31,18461.53846153846,336.6831684180496
0.11,0.31,18461.53846153846,337.6540773140927
0.13,0.31,18461.53846153846,338.1772599690356
0.15,0.31,18461.53846153846,338.4016416357644
0.17,0.31,18461.53846153846,338.46275754221585
0.19,0.31,18461.53846153846,338.4648620413156
0.21,0.31,18461.53846153846,338.4648620413156
0.23,0.31,18461.53846153846,338.4627575422158
0.25,0.31,18461.53846153846,338.40164163576435
0.27,0.31,18461.53846153846,338.17725996903545
0.29,0.31,18461.53846153846,337.65407731409243
0.31,0.31,18461.53846153846,336.6831684180493
0.33,0.31,18461.53846153846,335.1177894757686
0.35,0.31,18461.53846153846,332.8246865400102
0.37,0.31,18461.53846153846,329.692523710762
0.39,0.31,18461.53846153846,325.64264850871285
0.01,0.33,18461.53846153846,325.4106582984312
0.03,0.33,18461.53846153846,329.0181306808287
0.05,0.33,18461.53846153846,331.7687650500902
0.07,0.33,18461.53846153846,333.76309409167857
0.09,0.33,18461.53846153846,335.1177894757688
0.11,0.33,18461.53846153846,335.9589334209884
0.13,0.33,18461.53846153846,336.4174878118707
0.15,0.33,18461.53846153846,336.62152845709414
0.17,0.33,18461.53846153846,336.68474683365645
0.19,0.33,18461.53846153846,336.6931249268592
0.21,0.33,18461.53846153846,336.6931249268592
0.23,0.33,18461.53846153846,336.6847468336564
0.25,0.33,18461.53846153846,336.6215284570941
0.27,0.33,18461.53846153846,336.4174878118706
0.29,0.33,18461.53846153846,335.9589334209881
0.31,0.33,18461.53846153846,335.11778947576863
0.33,0.33,18461.53846153846,333.76309409167834
0.35,0.33,18461.53846153846,331.76876505009
0.37,0.33,18461.53846153846,329.0181306808285
0.39,0.33,18461.53846153846,325.4106582984312
0.01,0.35,18461.53846153846,325.0563069088387
0.03,0.35,18461.53846153846,328.00254457666506
0.05,0.35,18461.53846153846,330.19934412899755
0.07,0.35,18461.53846153846,331.7687650500902
0.09,0.35,18461.53846153846,332.8246865400104
0.11,0.35,18461.53846153846,333.47672020414046
0.13,0.35,18461.53846153846,333.83186619587536
0.15,0.35,18461.53846153846,333.9911259431273
0.17,0.35,18461.53846153846,334.04213207328263
0.19,0.35,18461.53846153846,334.05015766299795
0.21,0.35,18461.53846153846,334.05015766299795
0.23,0.35,18461.53846153846,334.0421320732826
0.25,0.35,18461.53846153846,333.9911259431272
0.27,0.35,18461.53846153846,333.83186619587525
0.29,0.35,18461.53846153846,333.47672020414035
0.31,0.35,18461.53846153846,332.82468654001025
0.33,0.35,18461.53846153846,331.76876505009
0.35,0.35,18461.53846153846,330.1993441289973
0.37,0.35,18461.53846153846,328.0025445766649
0.39,0.35,18461.53846153846,325.0563069088386
0.01,0.37,18461.53846153846,324.53711950992
0.03,0.37,18461.53846153846,326.5522022721087
0.05,0.37,18461.53846153846,328.00254457666506
0.07,0.37,18461.53846153846,329.0181306808286
0.09,0.37,18461.53846153846,329.69252371076215
0.11,0.37,18461.53846153846,330.1047135139426
0.13,0.37,18461.53846153846,330.3270633961644
0.15,0.37,18461.53846153846,330.4256138368268
0.17,0.37,18461.53846153846,330.4565008779041
0.19,0.37,18461.53846153846,330.46098325782896
0.21,0.37,18461.53846153846,330.4609832578289
0.23,0.37,18461.53846153846,330.45650087790403
0.25,0.37,18461.53846153846,330.4256138368268
0.27,0.37,18461.53846153846,330.3270633961644
0.29,0.37,18461.53846153846,330.10471351394256
0.31,0.37,18461.53846153846,329.69252371076203
0.33,0.37,18461.53846153846,329.0181306808285
0.35,0.37,18461.53846153846,328.0025445766649
0.37,0.37,18461.53846153846,326.55220227210856
0.39,0.37,18461.53846153846,324.53711950992
0.01,0.39,18461.53846153846,323.7709179439309
0.03,0.39,18461.53846153846,324.53711950992005
0.05,0.39,18461.53846153846,325.0563069088387
0.07,0.39,18461.53846153846,325.4106582984312
0.09,0.39,18461.53846153846,325.6426485087129
0.11,0.39,18461.53846153846,325.78287154401
0.13,0.39,18461.53846153846,325.857579823019
0.15,0.39,18461.53846153846,325.8900461884389
0.17,0.39,18461.53846153846,325.89974351112846
0.19,0.39,18461.53846153846,325.9008467994988
0.21,0.39,18461.53846153846,325.9008467994988
0.23,0.39,18461.53846153846,325.89974351112846
0.25,0.39,18461.53846153846,325.8900461884388
0.27,0.39,18461.53846153846,325.85757982301897
0.29,0.39,18461.53846153846,325.78287154401
0.31,0.39,18461.53846153846,325.64264850871285
0.33,0.39,18461.53846153846,325.4106582984312
0.35,0.39,18461.53846153846,325.0563069088386
0.37,0.39,18461.53846153846,324.53711950992
0.39,0.39,18461.53846153846,323.7709179439309
0.01,0.01,20307.69230769231,323.73432809024445
0.03,0.01,20307.69230769231,324.4837812369238
0.05,0.01,20307.69230769231,325.01725142639435
0.07,0.01,20307.69230769231,325.406249620467
0.09,0.01,20307.69230769231,325.68596208545193
0.11,0.01,20307.69230769231,325.8802301231933
0.13,0.01,20307.69230769231,326.00859322527816
0.15,0.01,20307.69230769231,326.08794710348656
0.17,0.01,20307.69230769231,326.13228504882926
0.19,0.01,20307.69230769231,326.151768159991
0.21,0.01,20307.69230769231,326.151768159991
0.23,0.01,20307.69230769231,326.13228504882926
0.25,0.01,20307.69230769231,326.08794710348656
0.27,0.01,20307.69230769231,326.00859322527816
0.29,0.01,20307.69230769231,325.8802301231933
0.31,0.01,20307.69230769231,325.68596208545193
0.33,0.01,20307.69230769231,325.406249620467
0.35,0.01,20307.69230769231,325.0172514263944
0.37,0.01,20307.69230769231,324.4837812369238
0.39,0.01,20307.69230769231,323.7343280902445
0.01,0.03,20307.69230769231,324.4837812369238
0.03,0.03,20307.69230769231,326.4833192000908
0.05,0.03,20307.69230769231,327.9891549673117
0.07,0.03,20307.69230769231,329.1131731828926
0.09,0.03,20307.69230769231,329.931724433001
0.11,0.03,20307.69230769231,330.50564146958783
0.13,0.03,20307.69230769231,330.88824552290794
0.15,0.03,20307.69230769231,331.1269396613686
0.17,0.03,20307.69230769231,331.2615125964068
0.19,0.03,20307.69230769231,331.32107336714654
0.21,0.03,20307.69230769231,331.3210733671465
0.23,0.03,20307.69230769231,331.2615125964069
0.25,0.03,20307.69230769231,331.1269396613686
0.27,0.03,20307.69230769231,330.88824552290794
0.29,0.03,20307.69230769231,330.5056414695879
0.31,0.03,20307.69230769231,329.9317244330011
0.33,0.03,20307.69230769231,329.11317318289264
0.35,0.03,20307.69230769231,327.9891549673118
0.37,0.03,20307.69230769231,326.4833192000908
0.39,0.03,20307.69230769231,324.4837812369238
0.01,0.05,20307.69230769231,325.01725142639435
0.03,0.05,20307.69230769231,327.9891549673117
0.05,0.05,20307.69230769231,330.30454946348794
0.07,0.05,20307.69230769231,332.0672771243179
0.09,0.05,20307.69230769231,333.36864801703507
0.11,0.05,20307.69230769231,334.2917459978909
0.13,0.05,20307.69230769231,334.9141767256383
0.15,0.05,20307.69230769231,335.30708377246526
0.17,0.05,20307.69230769231,335.531161517172
0.19,0.05,20307.69230769231,335.63123883538105
0.21,0.05,20307.69230769231,335.63123883538105
0.23,0.05,20307.69230769231,335.53116151717205
0.25,0.05,20307.69230769231,335.3070837724653
0.27,0.05,20307.69230769231,334.9141767256384
0.29,0.05,20307.69230769231,334.29174599789104
0.31,0.05,20307.69230769231,333.3686480170352
0.33,0.05,20307.69230769231,332.067277124318
0.35,0.05,20307.69230769231,330.30454946348806
0.37,0.05,20307.69230769231,327.9891549673118
0.39,0.05,20307.69230769231,325.0172514263944
0.01,0.07,20307.69230769231,325.406249620467
0.03,0.07,20307.69230769231,329.1131731828925
0.05,0.07,20307.69230769231,332.0672771243179
0.07,0.07,20307.69230769231,334.352804016711
0.09,0.07,20307.69230769231,336.0615301235904
0.11,0.07,20307.69230769231,337.287197199863
0.13,0.07,20307.69230769231,338.1227744293897
0.15,0.07,20307.69230769231,338.6561462522213
0.17,0.07,20307.69230769231,338.963592170642
0.19,0.07,20307.69230769231,339.10203739837726
0.21,0.07,20307.69230769231,339.1020373983773
0.23,0.07,20307.69230769231,338.963592170642
0.25,0.07,20307.69230769231,338.6561462522214
0.27,0.07,20307.69230769231,338.1227744293899
0.29,0.07,20307.69230769231,337.2871971998632
0.31,0.07,20307.69230769231,336.0615301235905
0.33,0.07,20307.69230769231,334.3528040167112
0.35,0.07,20307.69230769231,332.067277124318
0.37,0.07,20307.69230769231,329.11317318289264
0.39,0.07,20307.69230769231,325.40624962046707
0.01,0.09,20307.69230769231,325.68596208545193
0.03,0.09,20307.69230769231,329.931724433001
0.05,0.09,20307.69230769231,333.368648017035
0.07,0.09,20307.69230769231,336.0615301235904
0.09,0.09,20307.69230769231,338.09627478292686
0.11,0.09,20307.69230769231,339.56981261609513
0.13,0.09,20307.69230769231,340.583583883449
0.15,0.09,20307.69230769231,341.2364614590482
0.17,0.09,20307.69230769231,341.6158459919535
0.19,0.09,20307.69230769231,341.7877145472629
0.21,0.09,20307.69230769231,341.7877145472629
0.23,0.09,20307.69230769231,341.6158459919536
0.25,0.09,20307.69230769231,341.23646145904826
0.27,0.09,20307.69230769231,340.58358388344914
0.29,0.09,20307.69230769231,339.5698126160953
0.31,0.09,20307.69230769231,338.09627478292697
0.33,0.09,20307.69230769231,336.06153012359044
0.35,0.09,20307.69230769231,333.3686480170352
0.37,0.09,20307.69230769231,329.9317244330011
0.39,0.09,20307.69230769231,325.68596208545205
0.01,0.11,20307.69230769231,325.8802301231933
0.03,0.11,20307.69230769231,330.50564146958783
0.05,0.11,20307.69230769231,334.29174599789087
0.07,0.11,20307.69230769231,337.287197199863
0.09,0.11,20307.69230769231,339.56981261609513
0.11,0.11,20307.69230769231,341.2352984683398
0.13,0.11,20307.69230769231,342.38886392502053
0.15,0.11,20307.69230769231,343.1361947002631
0.17,0.11,20307.69230769231,343.57259283320474
0.19,0.11,20307.69230769231,343.77094861094673
0.21,0.11,20307.69230769231,343.77094861094673
0.23,0.11,20307.69230769231,343.5725928332048
0.25,0.11,20307.69230769231,343.1361947002632
0.27,0.11,20307.69230769231,342.38886392502064
0.29,0.11,20307.69230769231,341.2352984683399
0.31,0.11,20307.69230769231,339.56981261609525
0.33,0.11,20307.69230769231,337.2871971998632
0.35,0.11,20307.69230769231,334.29174599789104
0.37,0.11,20307.69230769231,330.50564146958794
0.39,0.11,20307.69230769231,325.88023012319337
0.01,0.13,20307.69230769231,326.00859322527816
0.03,0.13,20307.69230769231,330.88824552290794
0.05,0.13,20307.69230769231,334.91417672563824
0.07,0.13,20307.69230769231,338.1227744293897
0.09,0.13,20307.69230769231,340.583583883449
0.11,0.13,20307.69230769231,342.38886392502053
0.13,0.13,20307.69230769231,343.64466928560495
0.15,0.13,20307.69230769231,344.4607596441598
0.17,0.13,20307.69230769231,344.93819014205104
0.19,0.13,20307.69230769231,345.15537384485685
0.21,0.13,20307.69230769231,345.1553738448569
0.23,0.13,20307.69230769231,344.9381901420511
0.25,0.13,20307.69230769231,344.46075964415985
0.27,0.13,20307.69230769231,343.64466928560506
0.29,0.13,20307.69230769231,342.38886392502064
0.31,0.13,20307.69230769231,340.5835838834492
0.33,0.13,20307.69230769231,338.1227744293899
0.35,0.13,20307.69230769231,334.9141767256384
0.37,0.13,20307.69230769231,330.888245522908
0.39,0.13,20307.69230769231,326.0085932252782
0.01,0.15,20307.69230769231,326.08794710348656
0.03,0.15,20307.69230769231,331.1269396613686
0.05,0.15,20307.69230769231,335.30708377246526
0.07,0.15,20307.69230769231,338.6561462522212
0.09,0.15,20307.69230769231,341.23646145904814
0.11,0.15,20307.69230769231,343.13619470026305
0.13,0.15,20307.69230769231,344.46075964415974
0.15,0.15,20307.69230769231,345.3222795070701
0.17,0.15,20307.69230769231,345.8260735038068
0.19,0.15,20307.69230769231,346.0550195077637
0.21,0.15,20307.69230769231,346.05501950776375
0.23,0.15,20307.69230769231,345.8260735038068
0.25,0.15,20307.69230769231,345.32227950707016
0.27,0.15,20307.69230769231,344.46075964415985
0.29,0.15,20307.69230769231,343.1361947002632
0.31,0.15,20307.69230769231,341.23646145904826
0.33,0.15,20307.69230769231,338.65614625222133
0.35,0.15,20307.69230769231,335.30708377246526
0.37,0.15,20307.69230769231,331.1269396613687
0.39,0.15,20307.69230769231,326.0879471034866
0.01,0.17,20307.69230769231,326.13228504882926
0.03,0.17,20307.69230769231,331.2615125964068
0.05,0.17,20307.69230769231,335.531161517172
0.07,0.17,20307.69230769231,338.963592170642
0.09,0.17,20307.69230769231,341.6158459919535
0.11,0.17,20307.69230769231,343.57259283320474
0.13,0.17,20307.69230769231,344.93819014205104
0.15,0.17,20307.69230769231,345.8260735038068
0.17,0.17,20307.69230769231,346.34452285093806
0.19,0.17,20307.69230769231,346.57971752638366
0.21,0.17,20307.69230769231,346.57971752638366
0.23,0.17,20307.69230769231,346.34452285093806
0.25,0.17,20307.69230769231,345.8260735038068
0.27,0.17,20307.69230769231,344.9381901420511
0.29,0.17,20307.69230769231,343.5725928332048
0.31,0.17,20307.69230769231,341.6158459919536
0.33,0.17,20307.69230769231,338.963592170642
0.35,0.17,20307.69230769231,335.53116151717205
0.37,0.17,20307.69230769231,331.2615125964069
0.39,0.17,20307.69230769231,326.1322850488293
0.01,0.19,20307.69230769231,326.151768159991
0.03,0.19,20307.69230769231,331.3210733671465
0.05,0.19,20307.69230769231,335.63123883538105
0.07,0.19,20307.69230769231,339.1020373983773
0.09,0.19,20307.69230769231,341.7877145472629
0.11,0.19,20307.69230769231,343.77094861094673
0.13,0.19,20307.69230769231,345.15537384485685
0.15,0.19,20307.69230769231,346.05501950776375
0.17,0.19,20307.69230769231,346.57971752638366
0.19,0.19,20307.69230769231,346.8174418414704
0.21,0.19,20307.69230769231,346.8174418414704
0.23,0.19,20307.69230769231,346.57971752638366
0.25,0.19,20307.69230769231,346.05501950776375
0.27,0.19,20307.69230769231,345.15537384485685
0.29,0.19,20307.69230769231,343.77094861094673
0.31,0.19,20307.69230769231,341.7877145472629
0.33,0.19,20307.69230769231,339.10203739837726
0.35,0.19,20307.69230769231,335.63123883538105
0.37,0.19,20307.69230769231,331.32107336714654
0.39,0.19,20307.69230769231,326.15176815999104
0.01,0.21,20307.69230769231,326.151768159991
0.03,0.21,20307.69230769231,331.3210733671465
0.05,0.21,20307.69230769231,335.63123883538105
0.07,0.21,20307.69230769231,339.1020373983773
0.09,0.21,20307.69230769231,341.78771454726296
0.11,0.21,20307.69230769231,343.77094861094673
0.13,0.21,20307.69230769231,345.1553738448569
0.15,0.21,20307.69230769231,346.0550195077637
0.17,0.21,20307.69230769231,346.57971752638366
0.19,0.21,20307.69230769231,346.8174418414704
0.21,0.21,20307.69230769231,346.8174418414704
0.23,0.21,20307.69230769231,346.5797175263836
0.25,0.21,20307.69230769231,346.0550195077637
0.27,0.21,20307.69230769231,345.15537384485685
0.29,0.21,20307.69230769231,343.7709486109467
0.31,0.21,20307.69230769231,341.78771454726285
0.33,0.21,20307.69230769231,339.10203739837726
0.35,0.21,20307.69230769231,335.631238835381
0.37,0.21,20307.69230769231,331.3210733671465
0.39,0.21,20307.69230769231,326.151768159991
0.01,0.23,20307.69230769231,326.13228504882926
0.03,0.23,20307.69230769231,331.2615125964069
0.05,0.23,20307.69230769231,335.5311615171721
0.07,0.23,20307.69230769231,338.963592170642
0.09,0.23,20307.69230769231,341.6158459919536
0.11,0.23,20307.69230769231,343.5725928332048
0.13,0.23,20307.69230769231,344.93819014205104
0.15,0.23,20307.69230769231,345.82607350380675
0.17,0.23,20307.69230769231,346.34452285093806
0.19,0.23,20307.69230769231,346.5797175263837
0.21,0.23,20307.69230769231,346.57971752638366
0.23,0.23,20307.69230769231,346.34452285093806
0.25,0.23,20307.69230769231,345.82607350380675
0.27,0.23,20307.69230769231,344.938190142051
0.29,0.23,20307.69230769231,343.57259283320474
0.31,0.23,20307.69230769231,341.6158459919535
0.33,0.23,20307.69230769231,338.963592170642
0.35,0.23,20307.69230769231,335.53116151717205
0.37,0.23,20307.69230769231,331.2615125964069
0.39,0.23,20307.69230769231,326.1322850488293
0.01,0.25,20307.69230769231,326.08794710348656
0.03,0.25,20307.69230769231,331.1269396613687
0.05,0.25,20307.69230769231,335.3070837724653
0.07,0.25,20307.69230769231,338.6561462522214
0.09,0.25,20307.69230769231,341.23646145904826
0.11,0.25,20307.69230769231,343.1361947002632
0.13,0.25,20307.69230769231,344.4607596441598
0.15,0.25,20307.69230769231,345.32227950707016
0.17,0.25,20307.69230769231,345.8260735038068
0.19,0.25,20307.69230769231,346.05501950776375
0.21,0.25,20307.69230769231,346.05501950776375
0.23,0.25,20307.69230769231,345.82607350380675
0.25,0.25,20307.69230769231,345.3222795070701
0.27,0.25,20307.69230769231,344.4607596441598
0.29,0.25,20307.69230769231,343.1361947002631
0.31,0.25,20307.69230769231,341.2364614590482
0.33,0.25,20307.69230769231,338.6561462522213
0.35,0.25,20307.69230769231,335.30708377246526
0.37,0.25,20307.69230769231,331.1269396613686
0.39,0.25,20307.69230769231,326.0879471034866
0.01,0.27,20307.69230769231,326.00859322527816
0.03,0.27,20307.69230769231,330.888245522908
0.05,0.27,20307.69230769231,334.9141767256384
0.07,0.27,20307.69230769231,338.12277442938995
0.09,0.27,20307.69230769231,340.5835838834492
0.11,0.27,20307.69230769231,342.38886392502064
0.13,0.27,20307.69230769231,343.644669285605
0.15,0.27,20307.69230769231,344.46075964415985
0.17,0.27,20307.69230769231,344.9381901420511
0.19,0.27,20307.69230769231,345.1553738448569
0.21,0.27,20307.69230769231,345.1553738448569
0.23,0.27,20307.69230769231,344.93819014205104
0.25,0.27,20307.69230769231,344.46075964415985
0.27,0.27,20307.69230769231,343.644669285605
0.29,0.27,20307.69230769231,342.3888639250206
0.31,0.27,20307.69230769231,340.58358388344914
0.33,0.27,20307.69230769231,338.1227744293899
0.35,0.27,20307.69230769231,334.9141767256384
0.37,0.27,20307.69230769231,330.88824552290794
0.39,0.27,20307.69230769231,326.00859322527816
0.01,0.29,20307.69230769231,325.8802301231933
0.03,0.29,20307.69230769231,330.50564146958794
0.05,0.29,20307.69230769231,334.2917459978911
0.07,0.29,20307.69230769231,337.2871971998633
0.09,0.29,20307.69230769231,339.56981261609536
0.11,0.29,20307.69230769231,341.2352984683399
0.13,0.29,20307.69230769231,342.3888639250207
0.15,0.29,20307.69230769231,343.1361947002632
0.17,0.29,20307.69230769231,343.5725928332049
0.19,0.29,20307.69230769231,343.7709486109468
0.21,0.29,20307.69230769231,343.7709486109468
0.23,0.29,20307.69230769231,343.57259283320485
0.25,0.29,20307.69230769231,343.1361947002632
0.27,0.29,20307.69230769231,342.38886392502064
0.29,0.29,20307.69230769231,341.23529846833986
0.31,0.29,20307.69230769231,339.56981261609525
0.33,0.29,20307.69230769231,337.2871971998632
0.35,0.29,20307.69230769231,334.29174599789104
0.37,0.29,20307.69230769231,330.50564146958794
0.39,0.29,20307.69230769231,325.8802301231933
0.01,0.31,20307.69230769231,325.685962085452
0.03,0.31,20307.69230769231,329.93172443300114
0.05,0.31,20307.69230769231,333.3686480170353
0.07,0.31,20307.69230769231,336.0615301235906
0.09,0.31,20307.69230769231,338.0962747829271
0.11,0.31,20307.69230769231,339.5698126160954
0.13,0.31,20307.69230769231,340.5835838834493
0.15,0.31,20307.69230769231,341.2364614590484
0.17,0.31,20307.69230769231,341.61584599195373
0.19,0.31,20307.69230769231,341.7877145472631
0.21,0.31,20307.69230769231,341.7877145472631
0.23,0.31,20307.69230769231,341.6158459919537
0.25,0.31,20307.69230769231,341.2364614590483
0.27,0.31,20307.69230769231,340.5835838834492
0.29,0.31,20307.69230769231,339.56981261609525
0.31,0.31,20307.69230769231,338.096274782927
0.33,0.31,20307.69230769231,336.0615301235905
0.35,0.31,20307.69230769231,333.3686480170352
0.37,0.31,20307.69230769231,329.9317244330011
0.39,0.31,20307.69230769231,325.685962085452
0.01,0.33,20307.69230769231,325.4062496204671
0.03,0.33,20307.69230769231,329.11317318289275
0.05,0.33,20307.69230769231,332.0672771243182
0.07,0.33,20307.69230769231,334.35280401671133
0.09,0.33,20307.69230769231,336.0615301235906
0.11,0.33,20307.69230769231,337.2871971998633
0.13,0.33,20307.69230769231,338.12277442938995
0.15,0.33,20307.69230769231,338.65614625222145
0.17,0.33,20307.69230769231,338.9635921706421
0.19,0.33,20307.69230769231,339.1020373983774
0.21,0.33,20307.69230769231,339.1020373983774
0.23,0.33,20307.69230769231,338.9635921706421
0.25,0.33,20307.69230769231,338.6561462522214
0.27,0.33,20307.69230769231,338.1227744293899
0.29,0.33,20307.69230769231,337.2871971998632
0.31,0.33,20307.69230769231,336.0615301235905
0.33,0.33,20307.69230769231,334.3528040167112
0.35,0.33,20307.69230769231,332.067277124318
0.37,0.33,20307.69230769231,329.11317318289264
0.39,0.33,20307.69230769231,325.406249620467
0.01,0.35,20307.69230769231,325.0172514263944
0.03,0.35,20307.69230769231,327.98915496731183
0.05,0.35,20307.69230769231,330.3045494634881
0.07,0.35,20307.69230769231,332.0672771243181
0.09,0.35,20307.69230769231,333.3686480170353
0.11,0.35,20307.69230769231,334.2917459978911
0.13,0.35,20307.69230769231,334.9141767256384
0.15,0.35,20307.69230769231,335.3070837724654
0.17,0.35,20307.69230769231,335.5311615171721
0.19,0.35,20307.69230769231,335.6312388353811
0.21,0.35,20307.69230769231,335.6312388353811
0.23,0.35,20307.69230769231,335.53116151717205
0.25,0.35,20307.69230769231,335.3070837724653
0.27,0.35,20307.69230769231,334.9141767256384
0.29,0.35,20307.69230769231,334.29174599789104
0.31,0.35,20307.69230769231,333.3686480170352
0.33,0.35,20307.69230769231,332.067277124318
0.35,0.35,20307.69230769231,330.304549463488
0.37,0.35,20307.69230769231,327.9891549673118
0.39,0.35,20307.69230769231,325.0172514263944
0.01,0.37,20307.69230769231,324.4837812369238
0.03,0.37,20307.69230769231,326.4833192000908
0.05,0.37,20307.69230769231,327.98915496731183
0.07,0.37,20307.69230769231,329.1131731828927
0.09,0.37,20307.69230769231,329.93172443300114
0.11,0.37,20307.69230769231,330.50564146958794
0.13,0.37,20307.69230769231,330.888245522908
0.15,0.37,20307.69230769231,331.1269396613687
0.17,0.37,20307.69230769231,331.26151259640693
0.19,0.37,20307.69230769231,331.32107336714654
0.21,0.37,20307.69230769231,331.32107336714654
0.23,0.37,20307.69230769231,331.2615125964069
0.25,0.37,20307.69230769231,331.1269396613687
0.27,0.37,20307.69230769231,330.888245522908
0.29,0.37,20307.69230769231,330.50564146958794
0.31,0.37,20307.69230769231,329.9317244330011
0.33,0.37,20307.69230769231,329.11317318289264
0.35,0.37,20307.69230769231,327.9891549673118
0.37,0.37,20307.69230769231,326.4833192000908
0.39,0.37,20307.69230769231,324.4837812369238
0.01,0.39,20307.69230769231,323.73432809024445
0.03,0.39,20307.69230769231,324.4837812369238
0.05,0.39,20307.69230769231,325.0172514263944
0.07,0.39,20307.69230769231,325.40624962046707
0.09,0.39,20307.69230769231,325.68596208545205
0.11,0.39,20307.69230769231,325.88023012319337
0.13,0.39,20307.69230769231,326.0085932252782
0.15,0.39,20307.69230769231,326.0879471034866
0.17,0.39,20307.69230769231,326.1322850488293
0.19,0.39,20307.69230769231,326.15176815999104
0.21,0.39,20307.69230769231,326.15176815999104
0.23,0.39,20307.69230769231,326.13228504882926
0.25,0.39,20307.69230769231,326.0879471034866
0.27,0.39,20307.69230769231,326.00859322527816
0.29,0.39,20307.69230769231,325.8802301231933
0.31,0.39,20307.69230769231,325.685962085452
0.33,0.39,20307.69230769231,325.40624962046707
0.35,0.39,20307.69230769231,325.0172514263944
0.37,0.39,20307.69230769231,324.4837812369238
0.39,0.39,20307.69230769231,323.7343280902445
0.01,0.01,22153.84615384616,323.7019767624951
0.03,0.01,22153.84615384616,324.43240525675964
0.05,0.01,22153.84615384616,324.97160013781
0.07,0.01,22153.84615384616,325.3825557430253
0.09,0.01,22153.84615384616,325.6948929175547
0.11,0.01,22153.84615384616,325.92740112055145
0.13,0.01,22153.84615384616,326.09455993439053
0.15,0.01,22153.84615384616,326.2083465765548
0.17,0.01,22153.84615384616,326.2784063056507
0.19,0.01,22153.84615384616,326.3116297998864
0.21,0.01,22153.84615384616,326.3116297998864
0.23,0.01,22153.84615384616,326.2784063056507
0.25,0.01,22153.84615384616,326.2083465765548
0.27,0.01,22153.84615384616,326.09455993439053
0.29,0.01,22153.84615384616,325.92740112055145
0.31,0.01,22153.84615384616,325.69489291755474
0.33,0.01,22153.84615384616,325.3825557430253
0.35,0.01,22153.84615384616,324.97160013781
0.37,0.01,22153.84615384616,324.43240525675964
0.39,0.01,22153.84615384616,323.70197676249506
0.01,0.03,22153.84615384616,324.43240525675964
0.03,0.03,22153.84615384616,326.40275731169
0.05,0.03,22153.84615384616,327.93591650932075
0.07,0.03,22153.84615384616,329.1293352569235
0.09,0.03,22153.84615384616,330.0462348953136
0.11,0.03,22153.84615384616,330.7338869278197
0.13,0.03,22153.84615384616,331.23136107311467
0.15,0.03,22153.84615384616,331.57188264380943
0.17,0.03,22153.84615384616,331.78252299017703
0.19,0.03,22153.84615384616,331.8827307619537
0.21,0.03,22153.84615384616,331.8827307619537
0.23,0.03,22153.84615384616,331.78252299017703
0.25,0.03,22153.84615384616,331.5718826438095
0.27,0.03,22153.84615384616,331.2313610731147
0.29,0.03,22153.84615384616,330.7338869278197
0.31,0.03,22153.84615384616,330.04623489531366
0.33,0.03,22153.84615384616,329.1293352569235
0.35,0.03,22153.84615384616,327.93591650932075
0.37,0.03,22153.84615384616,326.40275731169004
0.39,0.03,22153.84615384616,324.43240525675964
0.01,0.05,22153.84615384616,324.97160013781
0.03,0.05,22153.84615384616,327.93591650932075
0.05,0.05,22153.84615384616,330.3174614541465
0.07,0.05,22153.84615384616,332.20529434225665
0.09,0.05,22153.84615384616,333.6734124163563
0.11,0.05,22153.84615384616,334.785125739897
0.13,0.05,22153.84615384616,335.5963088685705
0.15,0.05,22153.84615384616,336.15591489832855
0.17,0.05,22153.84615384616,336.5043655138581
0.19,0.05,22153.84615384616,336.670885261025
0.21,0.05,22153.84615384616,336.670885261025
0.23,0.05,22153.84615384616,336.5043655138581
0.25,0.05,22153.84615384616,336.1559148983286
0.27,0.05,22153.84615384616,335.59630886857053
0.29,0.05,22153.84615384616,334.78512573989707
0.31,0.05,22153.84615384616,333.6734124163564
0.33,0.05,22153.84615384616,332.2052943422567
0.35,0.05,22153.84615384616,330.3174614541466
0.37,0.05,22153.84615384616,327.9359165093208
0.39,0.05,22153.84615384616,324.97160013781
0.01,0.07,22153.84615384616,325.3825557430253
0.03,0.07,22153.84615384616,329.12933525692347
0.05,0.07,22153.84615384616,332.20529434225665
0.07,0.07,22153.84615384616,334.68087765198806
0.09,0.07,22153.84615384616,336.6285065678736
0.11,0.07,22153.84615384616,338.1179007589066
0.13,0.07,22153.84615384616,339.2144625539578
0.15,0.07,22153.84615384616,339.9771665651439
0.17,0.07,22153.84615384616,340.4553668304832
0.19,0.07,22153.84615384616,340.6849715853349
0.21,0.07,22153.84615384616,340.6849715853349
0.23,0.07,22153.84615384616,340.4553668304831
0.25,0.07,22153.84615384616,339.9771665651439
0.27,0.07,22153.84615384616,339.2144625539578
0.29,0.07,22153.84615384616,338.11790075890667
0.31,0.07,22153.84615384616,336.62850656787367
0.33,0.07,22153.84615384616,334.68087765198817
0.35,0.07,22153.84615384616,332.2052943422567
0.37,0.07,22153.84615384616,329.1293352569236
0.39,0.07,22153.84615384616,325.3825557430253
0.01,0.09,22153.84615384616,325.69489291755474
0.03,0.09,22153.84615384616,330.0462348953136
0.05,0.09,22153.84615384616,333.6734124163563
0.07,0.09,22153.84615384616,336.6285065678736
0.09,0.09,22153.84615384616,338.97721921661145
0.11,0.09,22153.84615384616,340.7896521536447
0.13,0.09,22153.84615384616,342.1351871981348
0.15,0.09,22153.84615384616,343.07813379780004
0.17,0.09,22153.84615384616,343.6730496876144
0.19,0.09,22153.84615384616,343.9599034305005
0.21,0.09,22153.84615384616,343.95990343050056
0.23,0.09,22153.84615384616,343.6730496876144
0.25,0.09,22153.84615384616,343.0781337978001
0.27,0.09,22153.84615384616,342.1351871981348
0.29,0.09,22153.84615384616,340.78965215364474
0.31,0.09,22153.84615384616,338.9772192166116
0.33,0.09,22153.84615384616,336.62850656787367
0.35,0.09,22153.84615384616,333.6734124163564
0.37,0.09,22153.84615384616,330.04623489531366
0.39,0.09,22153.84615384616,325.69489291755474
0.01,0.11,22153.84615384616,325.92740112055145
0.03,0.11,22153.84615384616,330.7338869278197
0.05,0.11,22153.84615384616,334.78512573989696
0.07,0.11,22153.84615384616,338.11790075890656
0.09,0.11,22153.84615384616,340.7896521536446
0.11,0.11,22153.84615384616,342.8674950484074
0.13,0.11,22153.84615384616,344.42112077791
0.15,0.11,22153.84615384616,345.5168301633082
0.17,0.11,22153.84615384616,346.21170312465085
0.19,0.11,22153.84615384616,346.5479037486478
0.21,0.11,22153.84615384616,346.5479037486478
0.23,0.11,22153.84615384616,346.2117031246509
0.25,0.11,22153.84615384616,345.51683016330827
0.27,0.11,22153.84615384616,344.42112077791
0.29,0.11,22153.84615384616,342.86749504840753
0.31,0.11,22153.84615384616,340.78965215364474
0.33,0.11,22153.84615384616,338.1179007589067
0.35,0.11,22153.84615384616,334.785125739897
0.37,0.11,22153.84615384616,330.7338869278197
0.39,0.11,22153.84615384616,325.9274011205515
0.01,0.13,22153.84615384616,326.09455993439053
0.03,0.13,22153.84615384616,331.2313610731146
0.05,0.13,22153.84615384616,335.5963088685705
0.07,0.13,22153.84615384616,339.21446255395773
0.09,0.13,22153.84615384616,342.1351871981347
0.11,0.13,22153.84615384616,344.42112077790995
0.13,0.13,22153.84615384616,346.1401696621325
0.15,0.13,22153.84615384616,347.3585938485692
0.17,0.13,22153.84615384616,348.13433502726826
0.19,0.13,22153.84615384616,348.5106209351235
0.21,0.13,22153.84615384616,348.51062093512354
0.23,0.13,22153.84615384616,348.13433502726826
0.25,0.13,22153.84615384616,347.3585938485692
0.27,0.13,22153.84615384616,346.14016966213256
0.29,0.13,22153.84615384616,344.42112077791
0.31,0.13,22153.84615384616,342.1351871981348
0.33,0.13,22153.84615384616,339.21446255395773
0.35,0.13,22153.84615384616,335.5963088685705
0.37,0.13,22153.84615384616,331.23136107311467
0.39,0.13,22153.84615384616,326.09455993439053
0.01,0.15,22153.84615384616,326.2083465765548
0.03,0.15,22153.84615384616,331.5718826438095
0.05,0.15,22153.84615384616,336.1559148983286
0.07,0.15,22153.84615384616,339.97716656514393
0.09,0.15,22153.84615384616,343.07813379780004
0.11,0.15,22153.84615384616,345.5168301633082
0.13,0.15,22153.84615384616,347.3585938485692
0.15,0.15,22153.84615384616,348.66868902713225
0.17,0.15,22153.84615384616,349.5050890941982
0.19,0.15,22153.84615384616,349.9115022648394
0.21,0.15,22153.84615384616,349.91150226483944
0.23,0.15,22153.84615384616,349.5050890941982
0.25,0.15,22153.84615384616,348.6686890271323
0.27,0.15,22153.84615384616,347.3585938485693
0.29,0.15,22153.84615384616,345.5168301633082
0.31,0.15,22153.84615384616,343.07813379780004
0.33,0.15,22153.84615384616,339.9771665651439
0.35,0.15,22153.84615384616,336.1559148983286
0.37,0.15,22153.84615384616,331.57188264380943
0.39,0.15,22153.84615384616,326.2083465765548
0.01,0.17,22153.84615384616,326.2784063056507
0.03,0.17,22153.84615384616,331.78252299017703
0.05,0.17,22153.84615384616,336.5043655138581
0.07,0.17,22153.84615384616,340.45536683048323
0.09,0.17,22153.84615384616,343.6730496876145
0.11,0.17,22153.84615384616,346.21170312465097
0.13,0.17,22153.84615384616,348.13433502726826
0.15,0.17,22153.84615384616,349.5050890941981
0.17,0.17,22153.84615384616,350.38169982417185
0.19,0.17,22153.84615384616,350.80809335613054
0.21,0.17,22153.84615384616,350.8080933561306
0.23,0.17,22153.84615384616,350.38169982417185
0.25,0.17,22153.84615384616,349.5050890941982
0.27,0.17,22153.84615384616,348.13433502726826
0.29,0.17,22153.84615384616,346.2117031246509
0.31,0.17,22153.84615384616,343.6730496876144
0.33,0.17,22153.84615384616,340.4553668304832
0.35,0.17,22153.84615384616,336.5043655138581
0.37,0.17,22153.84615384616,331.78252299017703
0.39,0.17,22153.84615384616,326.2784063056508
0.01,0.19,22153.84615384616,326.3116297998865
0.03,0.19,22153.84615384616,331.8827307619537
0.05,0.19,22153.84615384616,336.67088526102503
0.07,0.19,22153.84615384616,340.6849715853349
0.09,0.19,22153.84615384616,343.9599034305006
0.11,0.19,22153.84615384616,346.54790374864785
0.13,0.19,22153.84615384616,348.5106209351235
0.15,0.19,22153.84615384616,349.9115022648394
0.17,0.19,22153.84615384616,350.8080933561305
0.19,0.19,22153.84615384616,351.24441271447824
0.21,0.19,22153.84615384616,351.2444127144783
0.23,0.19,22153.84615384616,350.80809335613054
0.25,0.19,22153.84615384616,349.91150226483944
0.27,0.19,22153.84615384616,348.5106209351235
0.29,0.19,22153.84615384616,346.5479037486478
0.31,0.19,22153.84615384616,343.95990343050056
0.33,0.19,22153.84615384616,340.6849715853349
0.35,0.19,22153.84615384616,336.67088526102503
0.37,0.19,22153.84615384616,331.8827307619537
0.39,0.19,22153.84615384616,326.3116297998865
0.01,0.21,22153.84615384616,326.3116297998865
0.03,0.21,22153.84615384616,331.8827307619538
0.05,0.21,22153.84615384616,336.67088526102503
0.07,0.21,22153.84615384616,340.6849715853349
0.09,0.21,22153.84615384616,343.95990343050056
0.11,0.21,22153.84615384616,346.54790374864785
0.13,0.21,22153.84615384616,348.5106209351235
0.15,0.21,22153.84615384616,349.9115022648394
0.17,0.21,22153.84615384616,350.80809335613054
0.19,0.21,22153.84615384616,351.2444127144783
0.21,0.21,22153.84615384616,351.2444127144783
0.23,0.21,22153.84615384616,350.80809335613054
0.25,0.21,22153.84615384616,349.91150226483944
0.27,0.21,22153.84615384616,348.5106209351234
0.29,0.21,22153.84615384616,346.54790374864774
0.31,0.21,22153.84615384616,343.95990343050056
0.33,0.21,22153.84615384616,340.6849715853349
0.35,0.21,22153.84615384616,336.6708852610251
0.37,0.21,22153.84615384616,331.8827307619538
0.39,0.21,22153.84615384616,326.3116297998864
0.01,0.23,22153.84615384616,326.2784063056508
0.03,0.23,22153.84615384616,331.78252299017703
0.05,0.23,22153.84615384616,336.50436551385815
0.07,0.23,22153.84615384616,340.4553668304832
0.09,0.23,22153.84615384616,343.6730496876145
0.11,0.23,22153.84615384616,346.211703124651
0.13,0.23,22153.84615384616,348.13433502726826
0.15,0.23,22153.84615384616,349.5050890941982
0.17,0.23,22153.84615384616,350.38169982417185
0.19,0.23,22153.84615384616,350.80809335613054
0.21,0.23,22153.84615384616,350.8080933561305
0.23,0.23,22153.84615384616,350.3816998241718
0.25,0.23,22153.84615384616,349.5050890941981
0.27,0.23,22153.84615384616,348.1343350272681
0.29,0.23,22153.84615384616,346.21170312465085
0.31,0.23,22153.84615384616,343.6730496876144
0.33,0.23,22153.84615384616,340.4553668304832
0.35,0.23,22153.84615384616,336.5043655138581
0.37,0.23,22153.84615384616,331.7825229901771
0.39,0.23,22153.84615384616,326.2784063056508
0.01,0.25,22153.84615384616,326.2083465765548
0.03,0.25,22153.84615384616,331.5718826438095
0.05,0.25,22153.84615384616,336.15591489832866
0.07,0.25,22153.84615384616,339.97716656514393
0.09,0.25,22153.84615384616,343.0781337978001
0.11,0.25,22153.84615384616,345.51683016330827
0.13,0.25,22153.84615384616,347.3585938485692
0.15,0.25,22153.84615384616,348.66868902713225
0.17,0.25,22153.84615384616,349.5050890941982
0.19,0.25,22153.84615384616,349.9115022648394
0.21,0.25,22153.84615384616,349.9115022648394
0.23,0.25,22153.84615384616,349.5050890941982
0.25,0.25,22153.84615384616,348.66868902713225
0.27,0.25,22153.84615384616,347.3585938485692
0.29,0.25,22153.84615384616,345.51683016330816
0.31,0.25,22153.84615384616,343.07813379780004
0.33,0.25,22153.84615384616,339.9771665651439
0.35,0.25,22153.84615384616,336.1559148983286
0.37,0.25,22153.84615384616,331.5718826438095
0.39,0.25,22153.84615384616,326.2083465765548
0.01,0.27,22153.84615384616,326.09455993439053
0.03,0.27,22153.84615384616,331.23136107311467
0.05,0.27,22153.84615384616,335.59630886857053
0.07,0.27,22153.84615384616,339.21446255395784
0.09,0.27,22153.84615384616,342.1351871981348
0.11,0.27,22153.84615384616,344.42112077791
0.13,0.27,22153.84615384616,346.1401696621325
0.15,0.27,22153.84615384616,347.3585938485692
0.17,0.27,22153.84615384616,348.1343350272683
0.19,0.27,22153.84615384616,348.51062093512354
0.21,0.27,22153.84615384616,348.5106209351235
0.23,0.27,22153.84615384616,348.1343350272683
0.25,0.27,22153.84615384616,347.3585938485692
0.27,0.27,22153.84615384616,346.1401696621325
0.29,0.27,22153.84615384616,344.42112077790995
0.31,0.27,22153.84615384616,342.1351871981348
0.33,0.27,22153.84615384616,339.2144625539578
0.35,0.27,22153.84615384616,335.59630886857053
0.37,0.27,22153.84615384616,331.2313610731147
0.39,0.27,22153.84615384616,326.09455993439053
0.01,0.29,22153.84615384616,325.92740112055145
0.03,0.29,22153.84615384616,330.7338869278197
0.05,0.29,22153.84615384616,334.78512573989707
0.07,0.29,22153.84615384616,338.1179007589067
0.09,0.29,22153.84615384616,340.7896521536447
0.11,0.29,22153.84615384616,342.8674950484075
0.13,0.29,22153.84615384616,344.42112077791
0.15,0.29,22153.84615384616,345.51683016330827
0.17,0.29,22153.84615384616,346.21170312465097
0.19,0.29,22153.84615384616,346.5479037486479
0.21,0.29,22153.84615384616,346.5479037486479
0.23,0.29,22153.84615384616,346.211703124651
0.25,0.29,22153.84615384616,345.5168301633083
0.27,0.29,22153.84615384616,344.42112077791
0.29,0.29,22153.84615384616,342.86749504840753
0.31,0.29,22153.84615384616,340.78965215364474
0.33,0.29,22153.84615384616,338.1179007589067
0.35,0.29,22153.84615384616,334.785125739897
0.37,0.29,22153.84615384616,330.7338869278197
0.39,0.29,22153.84615384616,325.92740112055145
0.01,0.31,22153.84615384616,325.6948929175547
0.03,0.31,22153.84615384616,330.04623489531366
0.05,0.31,22153.84615384616,333.6734124163564
0.07,0.31,22153.84615384616,336.62850656787367
0.09,0.31,22153.84615384616,338.9772192166116
0.11,0.31,22153.84615384616,340.78965215364474
0.13,0.31,22153.84615384616,342.1351871981349
0.15,0.31,22153.84615384616,343.0781337978002
0.17,0.31,22153.84615384616,343.67304968761454
0.19,0.31,22153.84615384616,343.9599034305007
0.21,0.31,22153.84615384616,343.9599034305007
0.23,0.31,22153.84615384616,343.67304968761454
0.25,0.31,22153.84615384616,343.0781337978002
0.27,0.31,22153.84615384616,342.1351871981349
0.29,0.31,22153.84615384616,340.78965215364474
0.31,0.31,22153.84615384616,338.9772192166116
0.33,0.31,22153.84615384616,336.62850656787367
0.35,0.31,22153.84615384616,333.6734124163564
0.37,0.31,22153.84615384616,330.04623489531366
0.39,0.31,22153.84615384616,325.6948929175547
0.01,0.33,22153.84615384616,325.38255574302525
0.03,0.33,22153.84615384616,329.1293352569235
0.05,0.33,22153.84615384616,332.2052943422567
0.07,0.33,22153.84615384616,334.68087765198817
0.09,0.33,22153.84615384616,336.6285065678737
0.11,0.33,22153.84615384616,338.1179007589067
0.13,0.33,22153.84615384616,339.2144625539579
0.15,0.33,22153.84615384616,339.97716656514405
0.17,0.33,22153.84615384616,340.4553668304833
0.19,0.33,22153.84615384616,340.68497158533506
0.21,0.33,22153.84615384616,340.68497158533506
0.23,0.33,22153.84615384616,340.4553668304833
0.25,0.33,22153.84615384616,339.977166565144
0.27,0.33,22153.84615384616,339.21446255395784
0.29,0.33,22153.84615384616,338.1179007589067
0.31,0.33,22153.84615384616,336.6285065678737
0.33,0.33,22153.84615384616,334.68087765198817
0.35,0.33,22153.84615384616,332.2052943422568
0.37,0.33,22153.84615384616,329.1293352569235
0.39,0.33,22153.84615384616,325.3825557430253
0.01,0.35,22153.84615384616,324.97160013781
0.03,0.35,22153.84615384616,327.9359165093208
0.05,0.35,22153.84615384616,330.3174614541466
0.07,0.35,22153.84615384616,332.2052943422567
0.09,0.35,22153.84615384616,333.6734124163564
0.11,0.35,22153.84615384616,334.78512573989707
0.13,0.35,22153.84615384616,335.59630886857065
0.15,0.35,22153.84615384616,336.1559148983288
0.17,0.35,22153.84615384616,336.50436551385826
0.19,0.35,22153.84615384616,336.67088526102515
0.21,0.35,22153.84615384616,336.67088526102515
0.23,0.35,22153.84615384616,336.5043655138582
0.25,0.35,22153.84615384616,336.1559148983287
0.27,0.35,22153.84615384616,335.5963088685706
0.29,0.35,22153.84615384616,334.7851257398971
0.31,0.35,22153.84615384616,333.6734124163564
0.33,0.35,22153.84615384616,332.2052943422567
0.35,0.35,22153.84615384616,330.3174614541465
0.37,0.35,22153.84615384616,327.93591650932075
0.39,0.35,22153.84615384616,324.97160013781
0.01,0.37,22153.84615384616,324.43240525675964
0.03,0.37,22153.84615384616,326.40275731169004
0.05,0.37,22153.84615384616,327.9359165093208
0.07,0.37,22153.84615384616,329.1293352569235
0.09,0.37,22153.84615384616,330.04623489531366
0.11,0.37,22153.84615384616,330.7338869278197
0.13,0.37,22153.84615384616,331.2313610731148
0.15,0.37,22153.84615384616,331.57188264380954
0.17,0.37,22153.84615384616,331.7825229901771
0.19,0.37,22153.84615384616,331.88273076195384
0.21,0.37,22153.84615384616,331.88273076195384
0.23,0.37,22153.84615384616,331.7825229901771
0.25,0.37,22153.84615384616,331.5718826438095
0.27,0.37,22153.84615384616,331.2313610731147
0.29,0.37,22153.84615384616,330.7338869278198
0.31,0.37,22153.84615384616,330.04623489531366
0.33,0.37,22153.84615384616,329.1293352569235
0.35,0.37,22153.84615384616,327.93591650932075
0.37,0.37,22153.84615384616,326.40275731169004
0.39,0.37,22153.84615384616,324.43240525675964
0.01,0.39,22153.84615384616,323.70197676249506
0.03,0.39,22153.84615384616,324.43240525675964
0.05,0.39,22153.84615384616,324.97160013781
0.07,0.39,22153.84615384616,325.3825557430253
0.09,0.39,22153.84615384616,325.69489291755474
0.11,0.39,22153.84615384616,325.92740112055145
0.13,0.39,22153.84615384616,326.0945599343906
0.15,0.39,22153.84615384616,326.20834657655485
0.17,0.39,22153.84615384616,326.2784063056508
0.19,0.39,22153.84615384616,326.3116297998865
0.21,0.39,22153.84615384616,326.3116297998865
0.23,0.39,22153.84615384616,326.2784063056507
0.25,0.39,22153.84615384616,326.2083465765548
0.27,0.39,22153.84615384616,326.09455993439053
0.29,0.39,22153.84615384616,325.92740112055145
0.31,0.39,22153.84615384616,325.69489291755474
0.33,0.39,22153.84615384616,325.3825557430253
0.35,0.39,22153.84615384616,324.97160013781
0.37,0.39,22153.84615384616,324.43240525675964
0.39,0.39,22153.84615384616,323.7019767624951
0.01,0.01,24000.0,323.67266385746507
0.03,0.01,24000.0,324.3820054532127
0.05,0.01,24000.0,324.9200325205921
0.07,0.01,24000.0,325.3427057284526
0.09,0.01,24000.0,325.67525492284966
0.11,0.01,24000.0,325.93265964721263
0.13,0.01,24000.0,326.12568403322786
0.15,0.01,24000.0,326.2627349940602
0.17,0.01,24000.0,326.3503102672521
0.19,0.01,24000.0,326.39293022760114
0.21,0.01,24000.0,326.39293022760114
0.23,0.01,24000.0,326.35031026725204
0.25,0.01,24000.0,326.2627349940603
0.27,0.01,24000.0,326.1256840332278
0.29,0.01,24000.0,325.9326596472126
0.31,0.01,24000.0,325.67525492284966
0.33,0.01,24000.0,325.3427057284526
0.35,0.01,24000.0,324.9200325205921
0.37,0.01,24000.0,324.3820054532127
0.39,0.01,24000.0,323.67266385746507
0.01,0.03,24000.0,324.3820054532127
0.03,0.03,24000.0,326.3117837901025
0.05,0.03,24000.0,327.8496453310379
0.07,0.03,24000.0,329.08103994318583
0.09,0.03,24000.0,330.05883449274063
0.11,0.03,24000.0,330.8200998251368
0.13,0.03,24000.0,331.3935127239252
0.15,0.03,24000.0,331.8021319582445
0.17,0.03,24000.0,332.0639787451939
0.19,0.03,24000.0,332.1916442293374
0.21,0.03,24000.0,332.1916442293374
0.23,0.03,24000.0,332.0639787451939
0.25,0.03,24000.0,331.80213195824456
0.27,0.03,24000.0,331.39351272392514
0.29,0.03,24000.0,330.8200998251368
0.31,0.03,24000.0,330.0588344927407
0.33,0.03,24000.0,329.0810399431859
0.35,0.03,24000.0,327.84964533103795
0.37,0.03,24000.0,326.3117837901025
0.39,0.03,24000.0,324.3820054532127
0.01,0.05,24000.0,324.9200325205921
0.03,0.05,24000.0,327.8496453310379
0.05,0.05,24000.0,330.25537279427044
0.07,0.05,24000.0,332.21371525736964
0.09,0.05,24000.0,333.7849605332368
0.11,0.05,24000.0,335.0175967826719
0.13,0.05,24000.0,335.95183633790475
0.15,0.05,24000.0,336.62104604967243
0.17,0.05,24000.0,337.0516310465717
0.19,0.05,24000.0,337.2621221121004
0.21,0.05,24000.0,337.2621221121003
0.23,0.05,24000.0,337.05163104657163
0.25,0.05,24000.0,336.6210460496725
0.27,0.05,24000.0,335.9518363379048
0.29,0.05,24000.0,335.01759678267194
0.31,0.05,24000.0,333.78496053323687
0.33,0.05,24000.0,332.2137152573697
0.35,0.05,24000.0,330.25537279427056
0.37,0.05,24000.0,327.8496453310379
0.39,0.05,24000.0,324.9200325205921
0.01,0.07,24000.0,325.3427057284526
0.03,0.07,24000.0,329.08103994318583
0.05,0.07,24000.0,332.21371525736964
0.07,0.07,24000.0,334.7990303491956
0.09,0.07,24000.0,336.89394553925973
0.11,0.07,24000.0,338.5502715103896
0.13,0.07,24000.0,339.81389025609644
0.15,0.07,24000.0,340.7240545994142
0.17,0.07,24000.0,341.3122193039092
0.19,0.07,24000.0,341.6005519912701
0.21,0.07,24000.0,341.6005519912701
0.23,0.07,24000.0,341.3122193039092
0.25,0.07,24000.0,340.7240545994142
0.27,0.07,24000.0,339.8138902560965
0.29,0.07,24000.0,338.55027151038973
0.31,0.07,24000.0,336.8939455392599
0.33,0.07,24000.0,334.79903034919573
0.35,0.07,24000.0,332.21371525736976
0.37,0.07,24000.0,329.0810399431859
0.39,0.07,24000.0,325.3427057284526
0.01,0.09,24000.0,325.6752549228496
0.03,0.09,24000.0,330.05883449274063
0.05,0.09,24000.0,333.7849605332368
0.07,0.09,24000.0,336.89394553925973
0.09,0.09,24000.0,339.4351509522768
0.11,0.09,24000.0,341.4588384918006
0.13,0.09,24000.0,343.0122226105657
0.15,0.09,24000.0,344.1368935383427
0.17,0.09,24000.0,344.86660317563525
0.19,0.09,24000.0,345.2252506126959
0.21,0.09,24000.0,345.2252506126959
0.23,0.09,24000.0,344.86660317563525
0.25,0.09,24000.0,344.1368935383427
0.27,0.09,24000.0,343.01222261056574
0.29,0.09,24000.0,341.4588384918007
0.31,0.09,24000.0,339.43515095227696
0.33,0.09,24000.0,336.89394553925985
0.35,0.09,24000.0,333.78496053323687
0.37,0.09,24000.0,330.05883449274074
0.39,0.09,24000.0,325.67525492284966
0.01,0.11,24000.0,325.9326596472126
0.03,0.11,24000.0,330.8200998251367
0.05,0.11,24000.0,335.0175967826719
0.07,0.11,24000.0,338.5502715103896
0.09,0.11,24000.0,341.4588384918005
0.11,0.11,24000.0,343.7894974628865
0.13,0.11,24000.0,345.58807964593774
0.15,0.11,24000.0,346.89608617173764
0.17,0.11,24000.0,347.7476556422103
0.19,0.11,24000.0,348.1671080496496
0.21,0.11,24000.0,348.1671080496496
0.23,0.11,24000.0,347.7476556422103
0.25,0.11,24000.0,346.8960861717377
0.27,0.11,24000.0,345.5880796459378
0.29,0.11,24000.0,343.78949746288663
0.31,0.11,24000.0,341.4588384918007
0.33,0.11,24000.0,338.55027151038973
0.35,0.11,24000.0,335.01759678267194
0.37,0.11,24000.0,330.8200998251368
0.39,0.11,24000.0,325.93265964721263
0.01,0.13,24000.0,326.1256840332278
0.03,0.13,24000.0,331.39351272392514
0.05,0.13,24000.0,335.95183633790475
0.07,0.13,24000.0,339.81389025609644
0.09,0.13,24000.0,343.0122226105657
0.11,0.13,24000.0,345.58807964593774
0.13,0.13,24000.0,347.5845331395622
0.15,0.13,24000.0,349.04165257848484
0.17,0.13,24000.0,349.9928766669095
0.19,0.13,24000.0,350.46221333927764
0.21,0.13,24000.0,350.46221333927764
0.23,0.13,24000.0,349.9928766669095
0.25,0.13,24000.0,349.0416525784849
0.27,0.13,24000.0,347.58453313956227
0.29,0.13,24000.0,345.5880796459378
0.31,0.13,24000.0,343.0122226105658
0.33,0.13,24000.0,339.81389025609656
0.35,0.13,24000.0,335.9518363379048
0.37,0.13,24000.0,331.3935127239252
0.39,0.13,24000.0,326.12568403322786
0.01,0.15,24000.0,326.2627349940602
0.03,0.15,24000.0,331.80213195824456
0.05,0.15,24000.0,336.6210460496725
0.07,0.15,24000.0,340.7240545994142
0.09,0.15,24000.0,344.1368935383427
0.11,0.15,24000.0,346.8960861717377
0.13,0.15,24000.0,349.0416525784849
0.15,0.15,24000.0,350.6117815996539
0.17,0.15,24000.0,351.63881620588364
0.19,0.15,24000.0,352.1461811696971
0.21,0.15,24000.0,352.1461811696971
0.23,0.15,24000.0,351.63881620588364
0.25,0.15,24000.0,350.611781599654
0.27,0.15,24000.0,349.04165257848496
0.29,0.15,24000.0,346.8960861717377
0.31,0.15,24000.0,344.1368935383428
0.33,0.15,24000.0,340.7240545994143
0.35,0.15,24000.0,336.6210460496725
0.37,0.15,24000.0,331.80213195824456
0.39,0.15,24000.0,326.2627349940602
0.01,0.17,24000.0,326.35031026725204
0.03,0.17,24000.0,332.0639787451939
0.05,0.17,24000.0,337.0516310465717
0.07,0.17,24000.0,341.3122193039092
0.09,0.17,24000.0,344.86660317563536
0.11,0.17,24000.0,347.7476556422104
0.13,0.17,24000.0,349.99287666690964
0.15,0.17,24000.0,351.6388162058836
0.17,0.17,24000.0,352.7168253346608
0.19,0.17,24000.0,353.2497910038762
0.21,0.17,24000.0,353.2497910038762
0.23,0.17,24000.0,352.7168253346608
0.25,0.17,24000.0,351.63881620588364
0.27,0.17,24000.0,349.99287666690964
0.29,0.17,24000.0,347.7476556422104
0.31,0.17,24000.0,344.86660317563536
0.33,0.17,24000.0,341.3122193039093
0.35,0.17,24000.0,337.0516310465717
0.37,0.17,24000.0,332.0639787451938
0.39,0.17,24000.0,326.3503102672521
0.01,0.19,24000.0,326.39293022760114
0.03,0.19,24000.0,332.1916442293374
0.05,0.19,24000.0,337.2621221121004
0.07,0.19,24000.0,341.6005519912701
0.09,0.19,24000.0,345.2252506126961
0.11,0.19,24000.0,348.1671080496497
0.13,0.19,24000.0,350.4622133392777
0.15,0.19,24000.0,352.1461811696971
0.17,0.19,24000.0,353.2497910038762
0.19,0.19,24000.0,353.79562143931776
0.21,0.19,24000.0,353.79562143931776
0.23,0.19,24000.0,353.2497910038762
0.25,0.19,24000.0,352.1461811696972
0.27,0.19,24000.0,350.4622133392777
0.29,0.19,24000.0,348.1671080496497
0.31,0.19,24000.0,345.225250612696
0.33,0.19,24000.0,341.6005519912701
0.35,0.19,24000.0,337.2621221121004
0.37,0.19,24000.0,332.1916442293374
0.39,0.19,24000.0,326.39293022760114
0.01,0.21,24000.0,326.3929302276012
0.03,0.21,24000.0,332.1916442293374
0.05,0.21,24000.0,337.2621221121004
0.07,0.21,24000.0,341.6005519912702
0.09,0.21,24000.0,345.225250612696
0.11,0.21,24000.0,348.16710804964964
0.13,0.21,24000.0,350.46221333927764
0.15,0.21,24000.0,352.14618116969706
0.17,0.21,24000.0,353.2497910038762
0.19,0.21,24000.0,353.79562143931776
0.21,0.21,24000.0,353.7956214393178
0.23,0.21,24000.0,353.2497910038763
0.25,0.21,24000.0,352.1461811696971
0.27,0.21,24000.0,350.4622133392777
0.29,0.21,24000.0,348.1671080496497
0.31,0.21,24000.0,345.2252506126961
0.33,0.21,24000.0,341.6005519912702
0.35,0.21,24000.0,337.2621221121004
0.37,0.21,24000.0,332.1916442293374
0.39,0.21,24000.0,326.3929302276012
0.01,0.23,24000.0,326.3503102672521
0.03,0.23,24000.0,332.06397874519394
0.05,0.23,24000.0,337.05163104657174
0.07,0.23,24000.0,341.3122193039093
0.09,0.23,24000.0,344.8666031756353
0.11,0.23,24000.0,347.7476556422103
0.13,0.23,24000.0,349.9928766669095
0.15,0.23,24000.0,351.6388162058836
0.17,0.23,24000.0,352.7168253346608
0.19,0.23,24000.0,353.2497910038762
0.21,0.23,24000.0,353.2497910038763
0.23,0.23,24000.0,352.7168253346608
0.25,0.23,24000.0,351.6388162058836
0.27,0.23,24000.0,349.9928766669095
0.29,0.23,24000.0,347.7476556422104
0.31,0.23,24000.0,344.86660317563536
0.33,0.23,24000.0,341.3122193039093
0.35,0.23,24000.0,337.05163104657174
0.37,0.23,24000.0,332.0639787451939
0.39,0.23,24000.0,326.3503102672521
0.01,0.25,24000.0,326.2627349940603
0.03,0.25,24000.0,331.80213195824456
0.05,0.25,24000.0,336.62104604967243
0.07,0.25,24000.0,340.7240545994143
0.09,0.25,24000.0,344.1368935383427
0.11,0.25,24000.0,346.8960861717377
0.13,0.25,24000.0,349.0416525784849
0.15,0.25,24000.0,350.611781599654
0.17,0.25,24000.0,351.6388162058836
0.19,0.25,24000.0,352.1461811696971
0.21,0.25,24000.0,352.1461811696971
0.23,0.25,24000.0,351.63881620588364
0.25,0.25,24000.0,350.6117815996539
0.27,0.25,24000.0,349.04165257848484
0.29,0.25,24000.0,346.8960861717377
0.31,0.25,24000.0,344.1368935383427
0.33,0.25,24000.0,340.7240545994143
0.35,0.25,24000.0,336.6210460496725
0.37,0.25,24000.0,331.8021319582446
0.39,0.25,24000.0,326.26273499406034
0.01,0.27,24000.0,326.12568403322786
0.03,0.27,24000.0,331.39351272392514
0.05,0.27,24000.0,335.95183633790475
0.07,0.27,24000.0,339.8138902560965
0.09,0.27,24000.0,343.01222261056574
0.11,0.27,24000.0,345.58807964593774
0.13,0.27,24000.0,347.58453313956227
0.15,0.27,24000.0,349.0416525784849
0.17,0.27,24000.0,349.9928766669096
0.19,0.27,24000.0,350.4622133392777
0.21,0.27,24000.0,350.4622133392777
0.23,0.27,24000.0,349.99287666690964
0.25,0.27,24000.0,349.0416525784849
0.27,0.27,24000.0,347.5845331395622
0.29,0.27,24000.0,345.58807964593774
0.31,0.27,24000.0,343.01222261056574
0.33,0.27,24000.0,339.8138902560965
0.35,0.27,24000.0,335.9518363379048
0.37,0.27,24000.0,331.3935127239252
0.39,0.27,24000.0,326.12568403322786
0.01,0.29,24000.0,325.93265964721263
0.03,0.29,24000.0,330.8200998251368
0.05,0.29,24000.0,335.0175967826719
0.07,0.29,24000.0,338.5502715103896
0.09,0.29,24000.0,341.45883849180063
0.11,0.29,24000.0,343.7894974628865
0.13,0.29,24000.0,345.5880796459378
0.15,0.29,24000.0,346.8960861717377
0.17,0.29,24000.0,347.7476556422104
0.19,0.29,24000.0,348.16710804964976
0.21,0.29,24000.0,348.16710804964976
0.23,0.29,24000.0,347.7476556422105
0.25,0.29,24000.0,346.8960861717377
0.27,0.29,24000.0,345.58807964593774
0.29,0.29,24000.0,343.78949746288663
0.31,0.29,24000.0,341.45883849180063
0.33,0.29,24000.0,338.5502715103897
0.35,0.29,24000.0,335.0175967826719
0.37,0.29,24000.0,330.8200998251368
0.39,0.29,24000.0,325.93265964721263
0.01,0.31,24000.0,325.67525492284966
0.03,0.31,24000.0,330.05883449274063
0.05,0.31,24000.0,333.7849605332368
0.07,0.31,24000.0,336.8939455392598
0.09,0.31,24000.0,339.4351509522769
0.11,0.31,24000.0,341.45883849180063
0.13,0.31,24000.0,343.0122226105658
0.15,0.31,24000.0,344.13689353834275
0.17,0.31,24000.0,344.86660317563536
0.19,0.31,24000.0,345.2252506126961
0.21,0.31,24000.0,345.2252506126961
0.23,0.31,24000.0,344.8666031756355
0.25,0.31,24000.0,344.1368935383428
0.27,0.31,24000.0,343.0122226105658
0.29,0.31,24000.0,341.45883849180063
0.31,0.31,24000.0,339.4351509522769
0.33,0.31,24000.0,336.89394553925973
0.35,0.31,24000.0,333.7849605332368
0.37,0.31,24000.0,330.05883449274074
0.39,0.31,24000.0,325.67525492284966
0.01,0.33,24000.0,325.34270572845253
0.03,0.33,24000.0,329.08103994318583
0.05,0.33,24000.0,332.2137152573697
0.07,0.33,24000.0,334.7990303491957
0.09,0.33,24000.0,336.8939455392598
0.11,0.33,24000.0,338.55027151038973
0.13,0.33,24000.0,339.81389025609656
0.15,0.33,24000.0,340.7240545994144
0.17,0.33,24000.0,341.3122193039093
0.19,0.33,24000.0,341.6005519912702
0.21,0.33,24000.0,341.60055199127027
0.23,0.33,24000.0,341.3122193039094
0.25,0.33,24000.0,340.7240545994144
0.27,0.33,24000.0,339.81389025609656
0.29,0.33,24000.0,338.5502715103897
0.31,0.33,24000.0,336.8939455392598
0.33,0.33,24000.0,334.7990303491957
0.35,0.33,24000.0,332.2137152573697
0.37,0.33,24000.0,329.0810399431859
0.39,0.33,24000.0,325.3427057284526
0.01,0.35,24000.0,324.9200325205921
0.03,0.35,24000.0,327.8496453310379
0.05,0.35,24000.0,330.2553727942705
0.07,0.35,24000.0,332.2137152573697
0.09,0.35,24000.0,333.7849605332368
0.11,0.35,24000.0,335.01759678267194
0.13,0.35,24000.0,335.95183633790487
0.15,0.35,24000.0,336.62104604967254
0.17,0.35,24000.0,337.05163104657174
0.19,0.35,24000.0,337.2621221121005
0.21,0.35,24000.0,337.2621221121005
0.23,0.35,24000.0,337.0516310465718
0.25,0.35,24000.0,336.6210460496726
0.27,0.35,24000.0,335.9518363379048
0.29,0.35,24000.0,335.0175967826719
0.31,0.35,24000.0,333.7849605332368
0.33,0.35,24000.0,332.2137152573697
0.35,0.35,24000.0,330.2553727942705
0.37,0.35,24000.0,327.8496453310379
0.39,0.35,24000.0,324.9200325205921
0.01,0.37,24000.0,324.3820054532127
0.03,0.37,24000.0,326.3117837901025
0.05,0.37,24000.0,327.8496453310379
0.07,0.37,24000.0,329.0810399431859
0.09,0.37,24000.0,330.05883449274063
0.11,0.37,24000.0,330.8200998251368
0.13,0.37,24000.0,331.3935127239252
0.15,0.37,24000.0,331.80213195824456
0.17,0.37,24000.0,332.0639787451939
0.19,0.37,24000.0,332.19164422933744
0.21,0.37,24000.0,332.19164422933744
0.23,0.37,24000.0,332.06397874519394
0.25,0.37,24000.0,331.8021319582446
0.27,0.37,24000.0,331.3935127239252
0.29,0.37,24000.0,330.8200998251368
0.31,0.37,24000.0,330.05883449274074
0.33,0.37,24000.0,329.08103994318594
0.35,0.37,24000.0,327.8496453310379
0.37,0.37,24000.0,326.3117837901025
0.39,0.37,24000.0,324.3820054532127
0.01,0.39,24000.0,323.67266385746507
0.03,0.39,24000.0,324.3820054532127
0.05,0.39,24000.0,324.9200325205921
0.07,0.39,24000.0,325.3427057284526
0.09,0.39,24000.0,325.6752549228496
0.11,0.39,24000.0,325.9326596472126
0.13,0.39,24000.0,326.1256840332278
0.15,0.39,24000.0,326.2627349940603
0.17,0.39,24000.0,326.3503102672521
0.19,0.39,24000.0,326.39293022760114
0.21,0.39,24000.0,326.3929302276012
0.23,0.39,24000.0,326.35031026725204
0.25,0.39,24000.0,326.2627349940602
0.27,0.39,24000.0,326.12568403322786
0.29,0.39,24000.0,325.93265964721263
0.31,0.39,24000.0,325.67525492284966
0.33,0.39,24000.0,325.3427057284526
0.35,0.39,24000.0,324.9200325205921
0.37,0.39,24000.0,324.3820054532127
0.39,0.39,24000.0,323.67266385746507
0.01,0.01,25846.153846153848,323.64546501842915
0.03,0.01,25846.153846153848,324.3317011984985
0.05,0.01,25846.153846153848,324.8628768321886
0.07,0.01,25846.153846153848,325.28903692028047
0.09,0.01,25846.153846153848,325.631885411927
0.11,0.01,25846.153846153848,325.9035187786785
0.13,0.01,25846.153846153848,326.11202151689275
0.15,0.01,25846.153846153848,326.2633086470356
0.17,0.01,25846.153846153848,326.3617266453769
0.19,0.01,25846.153846153848,326.41019615690175
0.21,0.01,25846.153846153848,326.41019615690175
0.23,0.01,25846.153846153848,326.36172664537696
0.25,0.01,25846.153846153848,326.2633086470356
0.27,0.01,25846.153846153848,326.11202151689275
0.29,0.01,25846.153846153848,325.9035187786786
0.31,0.01,25846.153846153848,325.631885411927
0.33,0.01,25846.153846153848,325.28903692028047
0.35,0.01,25846.153846153848,324.8628768321886
0.37,0.01,25846.153846153848,324.3317011984985
0.39,0.01,25846.153846153848,323.6454650184291
0.01,0.03,25846.153846153848,324.3317011984985
0.03,0.03,25846.153846153848,326.210882279482
0.05,0.03,25846.153846153848,327.73493034525217
0.07,0.03,25846.153846153848,328.979139973071
0.09,0.03,25846.153846153848,329.9880901372204
0.11,0.03,25846.153846153848,330.79116960406583
0.13,0.03,25846.153846153848,331.4096129865556
0.15,0.03,25846.153846153848,331.85946006642297
0.17,0.03,25846.153846153848,332.152636399898
0.19,0.03,25846.153846153848,332.29718589090334
0.21,0.03,25846.153846153848,332.29718589090334
0.23,0.03,25846.153846153848,332.1526363998979
0.25,0.03,25846.153846153848,331.85946006642297
0.27,0.03,25846.153846153848,331.40961298655566
0.29,0.03,25846.153846153848,330.7911696040659
0.31,0.03,25846.153846153848,329.9880901372205
0.33,0.03,25846.153846153848,328.979139973071
0.35,0.03,25846.153846153848,327.73493034525217
0.37,0.03,25846.153846153848,326.210882279482
0.39,0.03,25846.153846153848,324.3317011984985
0.01,0.05,25846.153846153848,324.8628768321886
0.03,0.05,25846.153846153848,327.73493034525217
0.05,0.05,25846.153846153848,330.13084816562684
0.07,0.05,25846.153846153848,332.11636267448176
0.09,0.05,25846.153846153848,333.7408068093732
0.11,0.05,25846.153846153848,335.0415790244164
0.13,0.05,25846.153846153848,336.0478058436622
0.15,0.05,25846.153846153848,336.78228472486126
0.17,0.05,25846.153846153848,337.26220567589763
0.19,0.05,25846.153846153848,337.49921293219626
0.21,0.05,25846.153846153848,337.4992129321962
0.23,0.05,25846.153846153848,337.26220567589763
0.25,0.05,25846.153846153848,336.7822847248613
0.27,0.05,25846.153846153848,336.0478058436622
0.29,0.05,25846.153846153848,335.0415790244165
0.31,0.05,25846.153846153848,333.7408068093732
0.33,0.05,25846.153846153848,332.1163626744818
0.35,0.05,25846.153846153848,330.1308481656269
0.37,0.05,25846.153846153848,327.73493034525217
0.39,0.05,25846.153846153848,324.8628768321886
0.01,0.07,25846.153846153848,325.28903692028047
0.03,0.07,25846.153846153848,328.97913997307097
0.05,0.07,25846.153846153848,332.1163626744818
0.07,0.07,25846.153846153848,334.7484140549595
0.09,0.07,25846.153846153848,336.9199021341796
0.11,0.07,25846.153846153848,338.66935491921663
0.13,0.07,25846.153846153848,340.02906506321864
0.15,0.07,25846.153846153848,341.0252390995092
0.17,0.07,25846.153846153848,341.6779407663028
0.19,0.07,25846.153846153848,342.0008257892592
0.21,0.07,25846.153846153848,342.0008257892592
0.23,0.07,25846.153846153848,341.6779407663028
0.25,0.07,25846.153846153848,341.02523909950924
0.27,0.07,25846.153846153848,340.0290650632187
0.29,0.07,25846.153846153848,338.66935491921674
0.31,0.07,25846.153846153848,336.9199021341797
0.33,0.07,25846.153846153848,334.7484140549596
0.35,0.07,25846.153846153848,332.1163626744819
0.37,0.07,25846.153846153848,328.9791399730711
0.39,0.07,25846.153846153848,325.28903692028047
0.01,0.09,25846.153846153848,325.631885411927
0.03,0.09,25846.153846153848,329.9880901372204
0.05,0.09,25846.153846153848,333.7408068093732
0.07,0.09,25846.153846153848,336.9199021341796
0.09,0.09,25846.153846153848,339.5616769411891
0.11,0.09,25846.153846153848,341.70184383353853
0.13,0.09,25846.153846153848,343.37251513027155
0.15,0.09,25846.153846153848,344.60071552242647
0.17,0.09,25846.153846153848,345.40747540968164
0.19,0.09,25846.153846153848,345.8071949615996
0.21,0.09,25846.153846153848,345.80719496159963
0.23,0.09,25846.153846153848,345.40747540968164
0.25,0.09,25846.153846153848,344.60071552242647
0.27,0.09,25846.153846153848,343.37251513027155
0.29,0.09,25846.153846153848,341.7018438335386
0.31,0.09,25846.153846153848,339.56167694118915
0.33,0.09,25846.153846153848,336.9199021341798
0.35,0.09,25846.153846153848,333.7408068093732
0.37,0.09,25846.153846153848,329.9880901372205
0.39,0.09,25846.153846153848,325.631885411927
0.01,0.11,25846.153846153848,325.9035187786786
0.03,0.11,25846.153846153848,330.79116960406583
0.05,0.11,25846.153846153848,335.0415790244164
0.07,0.11,25846.153846153848,338.6693549192167
0.09,0.11,25846.153846153848,341.7018438335386
0.11,0.11,25846.153846153848,344.1701192321145
0.13,0.11,25846.153846153848,346.10417350138977
0.15,0.11,25846.153846153848,347.5301802620254
0.17,0.11,25846.153846153848,348.4688771611232
0.19,0.11,25846.153846153848,348.9345766361096
0.21,0.11,25846.153846153848,348.9345766361097
0.23,0.11,25846.153846153848,348.46887716112326
0.25,0.11,25846.153846153848,347.53018026202545
0.27,0.11,25846.153846153848,346.1041735013898
0.29,0.11,25846.153846153848,344.1701192321146
0.31,0.11,25846.153846153848,341.7018438335386
0.33,0.11,25846.153846153848,338.66935491921674
0.35,0.11,25846.153846153848,335.04157902441654
0.37,0.11,25846.153846153848,330.79116960406594
0.39,0.11,25846.153846153848,325.90351877867863
0.01,0.13,25846.153846153848,326.11202151689275
0.03,0.13,25846.153846153848,331.40961298655554
0.05,0.13,25846.153846153848,336.0478058436622
0.07,0.13,25846.153846153848,340.02906506321864
0.09,0.13,25846.153846153848,343.37251513027155
0.11,0.13,25846.153846153848,346.10417350138977
0.13,0.13,25846.153846153848,348.25108870531983
0.15,0.13,25846.153846153848,349.8377647528112
0.17,0.13,25846.153846153848,350.8839951924454
0.19,0.13,25846.153846153848,351.40357679988284
0.21,0.13,25846.153846153848,351.40357679988284
0.23,0.13,25846.153846153848,350.8839951924454
0.25,0.13,25846.153846153848,349.8377647528113
0.27,0.13,25846.153846153848,348.25108870531983
0.29,0.13,25846.153846153848,346.1041735013898
0.31,0.13,25846.153846153848,343.3725151302716
0.33,0.13,25846.153846153848,340.02906506321875
0.35,0.13,25846.153846153848,336.0478058436623
0.37,0.13,25846.153846153848,331.40961298655566
0.39,0.13,25846.153846153848,326.1120215168928
0.01,0.15,25846.153846153848,326.2633086470356
0.03,0.15,25846.153846153848,331.85946006642297
0.05,0.15,25846.153846153848,336.78228472486126
0.07,0.15,25846.153846153848,341.02523909950924
0.09,0.15,25846.153846153848,344.6007155224265
0.11,0.15,25846.153846153848,347.53018026202545
0.13,0.15,25846.153846153848,349.83776475281127
0.15,0.15,25846.153846153848,351.5461544753754
0.17,0.15,25846.153846153848,352.67404042671603
0.19,0.15,25846.153846153848,353.2345919920818
0.21,0.15,25846.153846153848,353.2345919920818
0.23,0.15,25846.153846153848,352.67404042671603
0.25,0.15,25846.153846153848,351.54615447537543
0.27,0.15,25846.153846153848,349.8377647528113
0.29,0.15,25846.153846153848,347.5301802620255
0.31,0.15,25846.153846153848,344.6007155224265
0.33,0.15,25846.153846153848,341.0252390995093
0.35,0.15,25846.153846153848,336.78228472486137
0.37,0.15,25846.153846153848,331.85946006642297
0.39,0.15,25846.153846153848,326.2633086470357
0.01,0.17,25846.153846153848,326.36172664537696
0.03,0.17,25846.153846153848,332.152636399898
0.05,0.17,25846.153846153848,337.26220567589763
0.07,0.17,25846.153846153848,341.6779407663029
0.09,0.17,25846.153846153848,345.4074754096817
0.11,0.17,25846.153846153848,348.4688771611233
0.13,0.17,25846.153846153848,350.88399519244547
0.15,0.17,25846.153846153848,352.67404042671603
0.17,0.17,25846.153846153848,353.85679038289294
0.19,0.17,25846.153846153848,354.44489170934185
0.21,0.17,25846.153846153848,354.4448917093418
0.23,0.17,25846.153846153848,353.85679038289294
0.25,0.17,25846.153846153848,352.67404042671603
0.27,0.17,25846.153846153848,350.88399519244547
0.29,0.17,25846.153846153848,348.4688771611233
0.31,0.17,25846.153846153848,345.4074754096817
0.33,0.17,25846.153846153848,341.67794076630287
0.35,0.17,25846.153846153848,337.2622056758977
0.37,0.17,25846.153846153848,332.1526363998979
0.39,0.17,25846.153846153848,326.3617266453769
0.01,0.19,25846.153846153848,326.4101961569017
0.03,0.19,25846.153846153848,332.29718589090334
0.05,0.19,25846.153846153848,337.49921293219626
0.07,0.19,25846.153846153848,342.00082578925924
0.09,0.19,25846.153846153848,345.8071949615997
0.11,0.19,25846.153846153848,348.93457663610974
0.13,0.19,25846.153846153848,351.4035767998829
0.15,0.19,25846.153846153848,353.23459199208185
0.17,0.19,25846.153846153848,354.44489170934185
0.19,0.19,25846.153846153848,355.0468328378697
0.21,0.19,25846.153846153848,355.0468328378697
0.23,0.19,25846.153846153848,354.44489170934185
0.25,0.19,25846.153846153848,353.23459199208185
0.27,0.19,25846.153846153848,351.4035767998829
0.29,0.19,25846.153846153848,348.93457663610974
0.31,0.19,25846.153846153848,345.8071949615997
0.33,0.19,25846.153846153848,342.00082578925924
0.35,0.19,25846.153846153848,337.49921293219626
0.37,0.19,25846.153846153848,332.29718589090334
0.39,0.19,25846.153846153848,326.41019615690175
0.01,0.21,25846.153846153848,326.41019615690175
0.03,0.21,25846.153846153848,332.29718589090334
0.05,0.21,25846.153846153848,337.49921293219626
0.07,0.21,25846.153846153848,342.0008257892593
0.09,0.21,25846.153846153848,345.80719496159975
0.11,0.21,25846.153846153848,348.9345766361098
0.13,0.21,25846.153846153848,351.4035767998829
0.15,0.21,25846.153846153848,353.23459199208185
0.17,0.21,25846.153846153848,354.4448917093418
0.19,0.21,25846.153846153848,355.0468328378697
0.21,0.21,25846.153846153848,355.0468328378697
0.23,0.21,25846.153846153848,354.44489170934185
0.25,0.21,25846.153846153848,353.23459199208185
0.27,0.21,25846.153846153848,351.40357679988284
0.29,0.21,25846.153846153848,348.9345766361097
0.31,0.21,25846.153846153848,345.8071949615997
0.33,0.21,25846.153846153848,342.00082578925924
0.35,0.21,25846.153846153848,337.4992129321963
0.37,0.21,25846.153846153848,332.29718589090334
0.39,0.21,25846.153846153848,326.4101961569018
0.01,0.23,25846.153846153848,326.36172664537696
0.03,0.23,25846.153846153848,332.15263639989803
0.05,0.23,25846.153846153848,337.26220567589763
0.07,0.23,25846.153846153848,341.67794076630287
0.09,0.23,25846.153846153848,345.4074754096817
0.11,0.23,25846.153846153848,348.4688771611233
0.13,0.23,25846.153846153848,350.8839951924454
0.15,0.23,25846.153846153848,352.6740404267161
0.17,0.23,25846.153846153848,353.85679038289294
0.19,0.23,25846.153846153848,354.44489170934185
0.21,0.23,25846.153846153848,354.44489170934185
0.23,0.23,25846.153846153848,353.85679038289294
0.25,0.23,25846.153846153848,352.67404042671603
0.27,0.23,25846.153846153848,350.8839951924454
0.29,0.23,25846.153846153848,348.46887716112326
0.31,0.23,25846.153846153848,345.4074754096817
0.33,0.23,25846.153846153848,341.67794076630287
0.35,0.23,25846.153846153848,337.2622056758977
0.37,0.23,25846.153846153848,332.152636399898
0.39,0.23,25846.153846153848,326.3617266453769
0.01,0.25,25846.153846153848,326.2633086470356
0.03,0.25,25846.153846153848,331.859460066423
0.05,0.25,25846.153846153848,336.78228472486126
0.07,0.25,25846.153846153848,341.02523909950924
0.09,0.25,25846.153846153848,344.60071552242647
0.11,0.25,25846.153846153848,347.53018026202545
0.13,0.25,25846.153846153848,349.8377647528113
0.15,0.25,25846.153846153848,351.54615447537543
0.17,0.25,25846.153846153848,352.6740404267161
0.19,0.25,25846.153846153848,353.23459199208185
0.21,0.25,25846.153846153848,353.2345919920818
0.23,0.25,25846.153846153848,352.67404042671603
0.25,0.25,25846.153846153848,351.5461544753754
0.27,0.25,25846.153846153848,349.83776475281127
0.29,0.25,25846.153846153848,347.53018026202545
0.31,0.25,25846.153846153848,344.6007155224265
0.33,0.25,25846.153846153848,341.02523909950924
0.35,0.25,25846.153846153848,336.7822847248613
0.37,0.25,25846.153846153848,331.859460066423
0.39,0.25,25846.153846153848,326.2633086470356
0.01,0.27,25846.153846153848,326.11202151689275
0.03,0.27,25846.153846153848,331.4096129865556
0.05,0.27,25846.153846153848,336.0478058436622
0.07,0.27,25846.153846153848,340.02906506321864
0.09,0.27,25846.153846153848,343.37251513027155
0.11,0.27,25846.153846153848,346.1041735013898
0.13,0.27,25846.153846153848,348.25108870531983
0.15,0.27,25846.153846153848,349.8377647528113
0.17,0.27,25846.153846153848,350.88399519244547
0.19,0.27,25846.153846153848,351.4035767998829
0.21,0.27,25846.153846153848,351.4035767998829
0.23,0.27,25846.153846153848,350.8839951924454
0.25,0.27,25846.153846153848,349.83776475281127
0.27,0.27,25846.153846153848,348.25108870531983
0.29,0.27,25846.153846153848,346.10417350138977
0.31,0.27,25846.153846153848,343.37251513027155
0.33,0.27,25846.153846153848,340.02906506321864
0.35,0.27,25846.153846153848,336.0478058436622
0.37,0.27,25846.153846153848,331.4096129865556
0.39,0.27,25846.153846153848,326.11202151689275
0.01,0.29,25846.153846153848,325.9035187786786
0.03,0.29,25846.153846153848,330.79116960406583
0.05,0.29,25846.153846153848,335.0415790244164
0.07,0.29,25846.153846153848,338.6693549192167
0.09,0.29,25846.153846153848,341.70184383353853
0.11,0.29,25846.153846153848,344.1701192321146
0.13,0.29,25846.153846153848,346.1041735013898
0.15,0.29,25846.153846153848,347.5301802620255
0.17,0.29,25846.153846153848,348.4688771611233
0.19,0.29,25846.153846153848,348.9345766361098
0.21,0.29,25846.153846153848,348.93457663610974
0.23,0.29,25846.153846153848,348.46887716112326
0.25,0.29,25846.153846153848,347.53018026202545
0.27,0.29,25846.153846153848,346.1041735013898
0.29,0.29,25846.153846153848,344.17011923211453
0.31,0.29,25846.153846153848,341.7018438335386
0.33,0.29,25846.153846153848,338.6693549192167
0.35,0.29,25846.153846153848,335.0415790244164
0.37,0.29,25846.153846153848,330.79116960406583
0.39,0.29,25846.153846153848,325.9035187786785
0.01,0.31,25846.153846153848,325.631885411927
0.03,0.31,25846.153846153848,329.98809013722047
0.05,0.31,25846.153846153848,333.7408068093732
0.07,0.31,25846.153846153848,336.91990213417967
0.09,0.31,25846.153846153848,339.56167694118915
0.11,0.31,25846.153846153848,341.7018438335386
0.13,0.31,25846.153846153848,343.3725151302716
0.15,0.31,25846.153846153848,344.6007155224265
0.17,0.31,25846.153846153848,345.4074754096817
0.19,0.31,25846.153846153848,345.80719496159975
0.21,0.31,25846.153846153848,345.8071949615997
0.23,0.31,25846.153846153848,345.4074754096817
0.25,0.31,25846.153846153848,344.6007155224265
0.27,0.31,25846.153846153848,343.3725151302716
0.29,0.31,25846.153846153848,341.7018438335386
0.31,0.31,25846.153846153848,339.5616769411891
0.33,0.31,25846.153846153848,336.9199021341796
0.35,0.31,25846.153846153848,333.7408068093732
0.37,0.31,25846.153846153848,329.9880901372204
0.39,0.31,25846.153846153848,325.631885411927
0.01,0.33,25846.153846153848,325.28903692028047
0.03,0.33,25846.153846153848,328.979139973071
0.05,0.33,25846.153846153848,332.1163626744818
0.07,0.33,25846.153846153848,334.74841405495954
0.09,0.33,25846.153846153848,336.9199021341797
0.11,0.33,25846.153846153848,338.6693549192167
0.13,0.33,25846.153846153848,340.0290650632187
0.15,0.33,25846.153846153848,341.02523909950924
0.17,0.33,25846.153846153848,341.6779407663029
0.19,0.33,25846.153846153848,342.0008257892593
0.21,0.33,25846.153846153848,342.0008257892593
0.23,0.33,25846.153846153848,341.6779407663029
0.25,0.33,25846.153846153848,341.0252390995093
0.27,0.33,25846.153846153848,340.02906506321875
0.29,0.33,25846.153846153848,338.6693549192167
0.31,0.33,25846.153846153848,336.91990213417967
0.33,0.33,25846.153846153848,334.74841405495954
0.35,0.33,25846.153846153848,332.1163626744818
0.37,0.33,25846.153846153848,328.979139973071
0.39,0.33,25846.153846153848,325.28903692028047
0.01,0.35,25846.153846153848,324.8628768321886
0.03,0.35,25846.153846153848,327.73493034525217
0.05,0.35,25846.153846153848,330.13084816562684
0.07,0.35,25846.153846153848,332.1163626744818
0.09,0.35,25846.153846153848,333.7408068093732
0.11,0.35,25846.153846153848,335.0415790244165
0.13,0.35,25846.153846153848,336.0478058436623
0.15,0.35,25846.153846153848,336.78228472486137
0.17,0.35,25846.153846153848,337.26220567589775
0.19,0.35,25846.153846153848,337.4992129321964
0.21,0.35,25846.153846153848,337.4992129321964
0.23,0.35,25846.153846153848,337.26220567589775
0.25,0.35,25846.153846153848,336.78228472486137
0.27,0.35,25846.153846153848,336.0478058436624
0.29,0.35,25846.153846153848,335.0415790244165
0.31,0.35,25846.153846153848,333.7408068093732
0.33,0.35,25846.153846153848,332.1163626744818
0.35,0.35,25846.153846153848,330.13084816562684
0.37,0.35,25846.153846153848,327.73493034525217
0.39,0.35,25846.153846153848,324.8628768321886
0.01,0.37,25846.153846153848,324.3317011984985
0.03,0.37,25846.153846153848,326.210882279482
0.05,0.37,25846.153846153848,327.73493034525217
0.07,0.37,25846.153846153848,328.979139973071
0.09,0.37,25846.153846153848,329.98809013722047
0.11,0.37,25846.153846153848,330.7911696040659
0.13,0.37,25846.153846153848,331.40961298655566
0.15,0.37,25846.153846153848,331.859460066423
0.17,0.37,25846.153846153848,332.152636399898
0.19,0.37,25846.153846153848,332.2971858909034
0.21,0.37,25846.153846153848,332.2971858909034
0.23,0.37,25846.153846153848,332.15263639989803
0.25,0.37,25846.153846153848,331.8594600664231
0.27,0.37,25846.153846153848,331.40961298655566
0.29,0.37,25846.153846153848,330.79116960406594
0.31,0.37,25846.153846153848,329.9880901372205
0.33,0.37,25846.153846153848,328.979139973071
0.35,0.37,25846.153846153848,327.73493034525217
0.37,0.37,25846.153846153848,326.210882279482
0.39,0.37,25846.153846153848,324.3317011984985
0.01,0.39,25846.153846153848,323.64546501842915
0.03,0.39,25846.153846153848,324.3317011984985
0.05,0.39,25846.153846153848,324.8628768321886
0.07,0.39,25846.153846153848,325.28903692028047
0.09,0.39,25846.153846153848,325.631885411927
0.11,0.39,25846.153846153848,325.9035187786786
0.13,0.39,25846.153846153848,326.11202151689275
0.15,0.39,25846.153846153848,326.2633086470357
0.17,0.39,25846.153846153848,326.3617266453769
0.19,0.39,25846.153846153848,326.41019615690175
0.21,0.39,25846.153846153848,326.4101961569018
0.23,0.39,25846.153846153848,326.36172664537696
0.25,0.39,25846.153846153848,326.2633086470357
0.27,0.39,25846.153846153848,326.11202151689275
0.29,0.39,25846.153846153848,325.9035187786786
0.31,0.39,25846.153846153848,325.631885411927
0.33,0.39,25846.153846153848,325.28903692028047
0.35,0.39,25846.153846153848,324.8628768321886
0.37,0.39,25846.153846153848,324.3317011984985
0.39,0.39,25846.153846153848,323.64546501842915
0.01,0.01,27692.30769230769,323.61976441996006
0.03,0.01,27692.30769230769,324.28103463981085
0.05,0.01,27692.30769230769,324.8007382135468
0.07,0.01,27692.30769230769,325.2239046587738
0.09,0.01,27692.30769230769,325.5693836155404
0.11,0.01,27692.30769230769,325.84708463340075
0.13,0.01,27692.30769230769,326.0631775042479
0.15,0.01,27692.30769230769,326.2218766902148
0.17,0.01,27692.30769230769,326.32610775476127
0.19,0.01,27692.30769230769,326.3777572341132
0.21,0.01,27692.30769230769,326.3777572341132
0.23,0.01,27692.30769230769,326.32610775476127
0.25,0.01,27692.30769230769,326.2218766902148
0.27,0.01,27692.30769230769,326.0631775042479
0.29,0.01,27692.30769230769,325.84708463340075
0.31,0.01,27692.30769230769,325.5693836155404
0.33,0.01,27692.30769230769,325.2239046587738
0.35,0.01,27692.30769230769,324.8007382135468
0.37,0.01,27692.30769230769,324.28103463981085
0.39,0.01,27692.30769230769,323.61976441996006
0.01,0.03,27692.30769230769,324.28103463981085
0.03,0.03,27692.30769230769,326.1010034397428
0.05,0.03,27692.30769230769,327.5962934911848
0.07,0.03,27692.30769230769,328.8335874902272
0.09,0.03,27692.30769230769,329.85080316716244
0.11,0.03,27692.30769230769,330.6715428924041
0.13,0.03,27692.30769230769,331.31176206457064
0.15,0.03,27692.30769230769,331.7827553659143
0.17,0.03,27692.30769230769,332.0924710153052
0.19,0.03,27692.30769230769,332.24605620080706
0.21,0.03,27692.30769230769,332.24605620080706
0.23,0.03,27692.30769230769,332.0924710153052
0.25,0.03,27692.30769230769,331.78275536591434
0.27,0.03,27692.30769230769,331.3117620645707
0.29,0.03,27692.30769230769,330.67154289240415
0.31,0.03,27692.30769230769,329.85080316716244
0.33,0.03,27692.30769230769,328.8335874902272
0.35,0.03,27692.30769230769,327.5962934911848
0.37,0.03,27692.30769230769,326.1010034397428
0.39,0.03,27692.30769230769,324.28103463981085
0.01,0.05,27692.30769230769,324.8007382135468
0.03,0.05,27692.30769230769,327.59629349118484
0.05,0.05,27692.30769230769,329.9552772071828
0.07,0.05,27692.30769230769,331.93427516712245
0.09,0.05,27692.30769230769,333.5738840711313
0.11,0.05,27692.30769230769,334.90322535743434
0.13,0.05,27692.30769230769,335.94364729891885
0.15,0.05,27692.30769230769,336.7109059474545
0.17,0.05,27692.30769230769,337.21629240171626
0.19,0.05,27692.30769230769,337.46716410713503
0.21,0.05,27692.30769230769,337.46716410713503
0.23,0.05,27692.30769230769,337.21629240171626
0.25,0.05,27692.30769230769,336.71090594745453
0.27,0.05,27692.30769230769,335.94364729891896
0.29,0.05,27692.30769230769,334.90322535743445
0.31,0.05,27692.30769230769,333.5738840711314
0.33,0.05,27692.30769230769,331.93427516712245
0.35,0.05,27692.30769230769,329.95527720718286
0.37,0.05,27692.30769230769,327.59629349118484
0.39,0.05,27692.30769230769,324.8007382135468
0.01,0.07,27692.30769230769,325.2239046587738
0.03,0.07,27692.30769230769,328.8335874902272
0.05,0.07,27692.30769230769,331.93427516712245
0.07,0.07,27692.30769230769,334.5646912748495
0.09,0.07,27692.30769230769,336.7596730595001
0.11,0.07,27692.30769230769,338.5479432810221
0.13,0.07,27692.30769230769,339.9523959232558
0.15,0.07,27692.30769230769,340.9907115119778
0.17,0.07,27692.30769230769,341.675839613064
0.19,0.07,27692.30769230769,342.0162912785325
0.21,0.07,27692.30769230769,342.01629127853244
0.23,0.07,27692.30769230769,341.675839613064
0.25,0.07,27692.30769230769,340.99071151197785
0.27,0.07,27692.30769230769,339.9523959232559
0.29,0.07,27692.30769230769,338.54794328102224
0.31,0.07,27692.30769230769,336.75967305950013
0.33,0.07,27692.30769230769,334.5646912748496
0.35,0.07,27692.30769230769,331.9342751671225
0.37,0.07,27692.30769230769,328.8335874902272
0.39,0.07,27692.30769230769,325.22390465877373
0.01,0.09,27692.30769230769,325.5693836155404
0.03,0.09,27692.30769230769,329.85080316716244
0.05,0.09,27692.30769230769,333.5738840711313
0.07,0.09,27692.30769230769,336.7596730595001
0.09,0.09,27692.30769230769,339.4342273548219
0.11,0.09,27692.30769230769,341.62265318330253
0.13,0.09,27692.30769230769,343.3467985701649
0.15,0.09,27692.30769230769,344.6243889938008
0.17,0.09,27692.30769230769,345.4687405552005
0.19,0.09,27692.30769230769,345.8887084954758
0.21,0.09,27692.30769230769,345.8887084954758
0.23,0.09,27692.30769230769,345.4687405552005
0.25,0.09,27692.30769230769,344.6243889938008
0.27,0.09,27692.30769230769,343.346798570165
0.29,0.09,27692.30769230769,341.62265318330265
0.31,0.09,27692.30769230769,339.43422735482204
0.33,0.09,27692.30769230769,336.75967305950013
0.35,0.09,27692.30769230769,333.5738840711313
0.37,0.09,27692.30769230769,329.85080316716244
0.39,0.09,27692.30769230769,325.5693836155404
0.01,0.11,27692.30769230769,325.84708463340075
0.03,0.11,27692.30769230769,330.6715428924041
0.05,0.11,27692.30769230769,334.9032253574344
0.07,0.11,27692.30769230769,338.5479432810222
0.09,0.11,27692.30769230769,341.62265318330253
0.11,0.11,27692.30769230769,344.1475513862405
0.13,0.11,27692.30769230769,346.142076661579
0.15,0.11,27692.30769230769,347.6228741835377
0.17,0.11,27692.30769230769,348.6028215987257
0.19,0.11,27692.30769230769,349.0906126895467
0.21,0.11,27692.30769230769,349.0906126895467
0.23,0.11,27692.30769230769,348.6028215987257
0.25,0.11,27692.30769230769,347.6228741835377
0.27,0.11,27692.30769230769,346.14207666157904
0.29,0.11,27692.30769230769,344.1475513862406
0.31,0.11,27692.30769230769,341.6226531833026
0.33,0.11,27692.30769230769,338.54794328102224
0.35,0.11,27692.30769230769,334.90322535743445
0.37,0.11,27692.30769230769,330.67154289240415
0.39,0.11,27692.30769230769,325.84708463340075
0.01,0.13,27692.30769230769,326.0631775042479
0.03,0.13,27692.30769230769,331.31176206457064
0.05,0.13,27692.30769230769,335.9436472989189
0.07,0.13,27692.30769230769,339.95239592325584
0.09,0.13,27692.30769230769,343.34679857016494
0.11,0.13,27692.30769230769,346.14207666157904
0.13,0.13,27692.30769230769,348.35482382880434
0.15,0.13,27692.30769230769,350.0001372754206
0.17,0.13,27692.30769230769,351.090083824185
0.19,0.13,27692.30769230769,351.63295655000206
0.21,0.13,27692.30769230769,351.632956550002
0.23,0.13,27692.30769230769,351.09008382418506
0.25,0.13,27692.30769230769,350.0001372754207
0.27,0.13,27692.30769230769,348.35482382880434
0.29,0.13,27692.30769230769,346.142076661579
0.31,0.13,27692.30769230769,343.34679857016494
0.33,0.13,27692.30769230769,339.9523959232559
0.35,0.13,27692.30769230769,335.94364729891896
0.37,0.13,27692.30769230769,331.3117620645707
0.39,0.13,27692.30769230769,326.0631775042479
0.01,0.15,27692.30769230769,326.22187669021486
0.03,0.15,27692.30769230769,331.78275536591434
0.05,0.15,27692.30769230769,336.7109059474544
0.07,0.15,27692.30769230769,340.99071151197785
0.09,0.15,27692.30769230769,344.6243889938008
0.11,0.15,27692.30769230769,347.62287418353776
0.13,0.15,27692.30769230769,350.0001372754207
0.15,0.15,27692.30769230769,351.7697442638043
0.17,0.15,27692.30769230769,352.94290990753314
0.19,0.15,27692.30769230769,353.52748525841696
0.21,0.15,27692.30769230769,353.52748525841696
0.23,0.15,27692.30769230769,352.9429099075332
0.25,0.15,27692.30769230769,351.7697442638043
0.27,0.15,27692.30769230769,350.0001372754206
0.29,0.15,27692.30769230769,347.62287418353776
0.31,0.15,27692.30769230769,344.6243889938008
0.33,0.15,27692.30769230769,340.9907115119779
0.35,0.15,27692.30769230769,336.71090594745453
0.37,0.15,27692.30769230769,331.78275536591434
0.39,0.15,27692.30769230769,326.22187669021486
0.01,0.17,27692.30769230769,326.3261077547613
0.03,0.17,27692.30769230769,332.09247101530525
0.05,0.17,27692.30769230769,337.2162924017162
0.07,0.17,27692.30769230769,341.675839613064
0.09,0.17,27692.30769230769,345.4687405552005
0.11,0.17,27692.30769230769,348.60282159872577
0.13,0.17,27692.30769230769,351.0900838241851
0.15,0.17,27692.30769230769,352.9429099075332
0.17,0.17,27692.30769230769,354.17184090121253
0.19,0.17,27692.30769230769,354.7843736712768
0.21,0.17,27692.30769230769,354.78437367127674
0.23,0.17,27692.30769230769,354.1718409012125
0.25,0.17,27692.30769230769,352.94290990753314
0.27,0.17,27692.30769230769,351.09008382418506
0.29,0.17,27692.30769230769,348.6028215987257
0.31,0.17,27692.30769230769,345.4687405552005
0.33,0.17,27692.30769230769,341.675839613064
0.35,0.17,27692.30769230769,337.2162924017163
0.37,0.17,27692.30769230769,332.0924710153052
0.39,0.17,27692.30769230769,326.3261077547613
0.01,0.19,27692.30769230769,326.3777572341132
0.03,0.19,27692.30769230769,332.2460562008071
0.05,0.19,27692.30769230769,337.467164107135
0.07,0.19,27692.30769230769,342.01629127853244
0.09,0.19,27692.30769230769,345.88870849547584
0.11,0.19,27692.30769230769,349.0906126895467
0.13,0.19,27692.30769230769,351.63295655000206
0.15,0.19,27692.30769230769,353.527485258417
0.17,0.19,27692.30769230769,354.78437367127674
0.19,0.19,27692.30769230769,355.4109258170018
0.21,0.19,27692.30769230769,355.4109258170017
0.23,0.19,27692.30769230769,354.78437367127674
0.25,0.19,27692.30769230769,353.5274852584169
0.27,0.19,27692.30769230769,351.632956550002
0.29,0.19,27692.30769230769,349.0906126895466
0.31,0.19,27692.30769230769,345.8887084954758
0.33,0.19,27692.30769230769,342.0162912785325
0.35,0.19,27692.30769230769,337.46716410713503
0.37,0.19,27692.30769230769,332.24605620080706
0.39,0.19,27692.30769230769,326.3777572341132
0.01,0.21,27692.30769230769,326.3777572341132
0.03,0.21,27692.30769230769,332.24605620080706
0.05,0.21,27692.30769230769,337.467164107135
0.07,0.21,27692.30769230769,342.01629127853244
0.09,0.21,27692.30769230769,345.8887084954759
0.11,0.21,27692.30769230769,349.0906126895468
0.13,0.21,27692.30769230769,351.63295655000206
0.15,0.21,27692.30769230769,353.52748525841696
0.17,0.21,27692.30769230769,354.7843736712767
0.19,0.21,27692.30769230769,355.4109258170017
0.21,0.21,27692.30769230769,355.4109258170018
0.23,0.21,27692.30769230769,354.78437367127674
0.25,0.21,27692.30769230769,353.5274852584169
0.27,0.21,27692.30769230769,351.632956550002
0.29,0.21,27692.30769230769,349.09061268954656
0.31,0.21,27692.30769230769,345.8887084954758
0.33,0.21,27692.30769230769,342.0162912785325
0.35,0.21,27692.30769230769,337.46716410713503
0.37,0.21,27692.30769230769,332.2460562008071
0.39,0.21,27692.30769230769,326.37775723411323
0.01,0.23,27692.30769230769,326.3261077547613
0.03,0.23,27692.30769230769,332.09247101530525
0.05,0.23,27692.30769230769,337.21629240171626
0.07,0.23,27692.30769230769,341.675839613064
0.09,0.23,27692.30769230769,345.4687405552005
0.11,0.23,27692.30769230769,348.6028215987257
0.13,0.23,27692.30769230769,351.0900838241851
0.15,0.23,27692.30769230769,352.94290990753314
0.17,0.23,27692.30769230769,354.1718409012125
0.19,0.23,27692.30769230769,354.7843736712767
0.21,0.23,27692.30769230769,354.7843736712767
0.23,0.23,27692.30769230769,354.1718409012125
0.25,0.23,27692.30769230769,352.94290990753314
0.27,0.23,27692.30769230769,351.09008382418506
0.29,0.23,27692.30769230769,348.6028215987256
0.31,0.23,27692.30769230769,345.4687405552005
0.33,0.23,27692.30769230769,341.67583961306394
0.35,0.23,27692.30769230769,337.21629240171626
0.37,0.23,27692.30769230769,332.0924710153052
0.39,0.23,27692.30769230769,326.3261077547613
0.01,0.25,27692.30769230769,326.22187669021486
0.03,0.25,27692.30769230769,331.78275536591434
0.05,0.25,27692.30769230769,336.7109059474545
0.07,0.25,27692.30769230769,340.9907115119779
0.09,0.25,27692.30769230769,344.62438899380084
0.11,0.25,27692.30769230769,347.6228741835377
0.13,0.25,27692.30769230769,350.0001372754206
0.15,0.25,27692.30769230769,351.7697442638042
0.17,0.25,27692.30769230769,352.94290990753314
0.19,0.25,27692.30769230769,353.5274852584169
0.21,0.25,27692.30769230769,353.5274852584169
0.23,0.25,27692.30769230769,352.94290990753314
0.25,0.25,27692.30769230769,351.7697442638042
0.27,0.25,27692.30769230769,350.0001372754206
0.29,0.25,27692.30769230769,347.6228741835377
0.31,0.25,27692.30769230769,344.62438899380084
0.33,0.25,27692.30769230769,340.9907115119778
0.35,0.25,27692.30769230769,336.7109059474544
0.37,0.25,27692.30769230769,331.7827553659143
0.39,0.25,27692.30769230769,326.2218766902148
0.01,0.27,27692.30769230769,326.0631775042479
0.03,0.27,27692.30769230769,331.3117620645707
0.05,0.27,27692.30769230769,335.9436472989189
0.07,0.27,27692.30769230769,339.9523959232559
0.09,0.27,27692.30769230769,343.34679857016505
0.11,0.27,27692.30769230769,346.14207666157904
0.13,0.27,27692.30769230769,348.35482382880434
0.15,0.27,27692.30769230769,350.0001372754206
0.17,0.27,27692.30769230769,351.090083824185
0.19,0.27,27692.30769230769,351.632956550002
0.21,0.27,27692.30769230769,351.632956550002
0.23,0.27,27692.30769230769,351.090083824185
0.25,0.27,27692.30769230769,350.00013727542057
0.27,0.27,27692.30769230769,348.3548238288043
0.29,0.27,27692.30769230769,346.142076661579
0.31,0.27,27692.30769230769,343.3467985701649
0.33,0.27,27692.30769230769,339.9523959232558
0.35,0.27,27692.30769230769,335.94364729891885
0.37,0.27,27692.30769230769,331.31176206457064
0.39,0.27,27692.30769230769,326.06317750424785
0.01,0.29,27692.30769230769,325.84708463340075
0.03,0.29,27692.30769230769,330.67154289240415
0.05,0.29,27692.30769230769,334.9032253574344
0.07,0.29,27692.30769230769,338.54794328102224
0.09,0.29,27692.30769230769,341.62265318330265
0.11,0.29,27692.30769230769,344.1475513862406
0.13,0.29,27692.30769230769,346.142076661579
0.15,0.29,27692.30769230769,347.6228741835377
0.17,0.29,27692.30769230769,348.60282159872565
0.19,0.29,27692.30769230769,349.09061268954656
0.21,0.29,27692.30769230769,349.09061268954656
0.23,0.29,27692.30769230769,348.60282159872565
0.25,0.29,27692.30769230769,347.62287418353765
0.27,0.29,27692.30769230769,346.1420766615789
0.29,0.29,27692.30769230769,344.1475513862405
0.31,0.29,27692.30769230769,341.62265318330253
0.33,0.29,27692.30769230769,338.5479432810222
0.35,0.29,27692.30769230769,334.90322535743434
0.37,0.29,27692.30769230769,330.67154289240403
0.39,0.29,27692.30769230769,325.8470846334007
0.01,0.31,27692.30769230769,325.5693836155404
0.03,0.31,27692.30769230769,329.85080316716244
0.05,0.31,27692.30769230769,333.57388407113126
0.07,0.31,27692.30769230769,336.7596730595001
0.09,0.31,27692.30769230769,339.4342273548219
0.11,0.31,27692.30769230769,341.6226531833026
0.13,0.31,27692.30769230769,343.34679857016494
0.15,0.31,27692.30769230769,344.6243889938008
0.17,0.31,27692.30769230769,345.4687405552005
0.19,0.31,27692.30769230769,345.8887084954758
0.21,0.31,27692.30769230769,345.8887084954758
0.23,0.31,27692.30769230769,345.4687405552005
0.25,0.31,27692.30769230769,344.6243889938007
0.27,0.31,27692.30769230769,343.3467985701648
0.29,0.31,27692.30769230769,341.62265318330253
0.31,0.31,27692.30769230769,339.434227354822
0.33,0.31,27692.30769230769,336.7596730595001
0.35,0.31,27692.30769230769,333.57388407113126
0.37,0.31,27692.30769230769,329.8508031671624
0.39,0.31,27692.30769230769,325.56938361554035
0.01,0.33,27692.30769230769,325.22390465877373
0.03,0.33,27692.30769230769,328.8335874902271
0.05,0.33,27692.30769230769,331.9342751671224
0.07,0.33,27692.30769230769,334.56469127484945
0.09,0.33,27692.30769230769,336.7596730595001
0.11,0.33,27692.30769230769,338.5479432810222
0.13,0.33,27692.30769230769,339.95239592325584
0.15,0.33,27692.30769230769,340.99071151197785
0.17,0.33,27692.30769230769,341.675839613064
0.19,0.33,27692.30769230769,342.01629127853244
0.21,0.33,27692.30769230769,342.01629127853244
0.23,0.33,27692.30769230769,341.675839613064
0.25,0.33,27692.30769230769,340.99071151197785
0.27,0.33,27692.30769230769,339.95239592325584
0.29,0.33,27692.30769230769,338.5479432810222
0.31,0.33,27692.30769230769,336.7596730595001
0.33,0.33,27692.30769230769,334.56469127484945
0.35,0.33,27692.30769230769,331.9342751671224
0.37,0.33,27692.30769230769,328.8335874902271
0.39,0.33,27692.30769230769,325.22390465877373
0.01,0.35,27692.30769230769,324.8007382135468
0.03,0.35,27692.30769230769,327.5962934911847
0.05,0.35,27692.30769230769,329.95527720718275
0.07,0.35,27692.30769230769,331.9342751671224
0.09,0.35,27692.30769230769,333.57388407113126
0.11,0.35,27692.30769230769,334.90322535743434
0.13,0.35,27692.30769230769,335.94364729891885
0.15,0.35,27692.30769230769,336.7109059474544
0.17,0.35,27692.30769230769,337.21629240171626
0.19,0.35,27692.30769230769,337.46716410713503
0.21,0.35,27692.30769230769,337.46716410713503
0.23,0.35,27692.30769230769,337.2162924017162
0.25,0.35,27692.30769230769,336.7109059474544
0.27,0.35,27692.30769230769,335.9436472989189
0.29,0.35,27692.30769230769,334.9032253574344
0.31,0.35,27692.30769230769,333.57388407113126
0.33,0.35,27692.30769230769,331.9342751671224
0.35,0.35,27692.30769230769,329.9552772071827
0.37,0.35,27692.30769230769,327.5962934911847
0.39,0.35,27692.30769230769,324.8007382135468
0.01,0.37,27692.30769230769,324.28103463981085
0.03,0.37,27692.30769230769,326.1010034397428
0.05,0.37,27692.30769230769,327.5962934911848
0.07,0.37,27692.30769230769,328.8335874902272
0.09,0.37,27692.30769230769,329.8508031671624
0.11,0.37,27692.30769230769,330.6715428924041
0.13,0.37,27692.30769230769,331.31176206457064
0.15,0.37,27692.30769230769,331.7827553659143
0.17,0.37,27692.30769230769,332.0924710153052
0.19,0.37,27692.30769230769,332.2460562008071
0.21,0.37,27692.30769230769,332.24605620080706
0.23,0.37,27692.30769230769,332.0924710153052
0.25,0.37,27692.30769230769,331.7827553659143
0.27,0.37,27692.30769230769,331.31176206457064
0.29,0.37,27692.30769230769,330.67154289240415
0.31,0.37,27692.30769230769,329.8508031671624
0.33,0.37,27692.30769230769,328.8335874902271
0.35,0.37,27692.30769230769,327.5962934911847
0.37,0.37,27692.30769230769,326.1010034397427
0.39,0.37,27692.30769230769,324.2810346398108
0.01,0.39,27692.30769230769,323.61976441996006
0.03,0.39,27692.30769230769,324.28103463981085
0.05,0.39,27692.30769230769,324.8007382135468
0.07,0.39,27692.30769230769,325.22390465877373
0.09,0.39,27692.30769230769,325.5693836155404
0.11,0.39,27692.30769230769,325.84708463340075
0.13,0.39,27692.30769230769,326.0631775042479
0.15,0.39,27692.30769230769,326.2218766902148
0.17,0.39,27692.30769230769,326.32610775476127
0.19,0.39,27692.30769230769,326.3777572341132
0.21,0.39,27692.30769230769,326.3777572341132
0.23,0.39,27692.30769230769,326.32610775476127
0.25,0.39,27692.30769230769,326.2218766902148
0.27,0.39,27692.30769230769,326.0631775042479
0.29,0.39,27692.30769230769,325.84708463340075
0.31,0.39,27692.30769230769,325.5693836155404
0.33,0.39,27692.30769230769,325.22390465877373
0.35,0.39,27692.30769230769,324.8007382135468
0.37,0.39,27692.30769230769,324.2810346398108
0.39,0.39,27692.30769230769,323.61976441996
0.01,0.01,29538.46153846154,323.5952072905653
0.03,0.01,29538.46153846154,324.22997133750727
0.05,0.01,29538.46153846154,324.7345816174922
0.07,0.01,29538.46153846154,325.14980291842875
0.09,0.01,29538.46153846154,325.4921655013505
0.11,0.01,29538.46153846154,325.7699134718759
0.13,0.01,29538.46153846154,325.9878490769772
0.15,0.01,29538.46153846154,326.14903530035906
0.17,0.01,29538.46153846154,326.2554737255659
0.19,0.01,29538.46153846154,326.3083969844506
0.21,0.01,29538.46153846154,326.3083969844506
0.23,0.01,29538.46153846154,326.2554737255659
0.25,0.01,29538.46153846154,326.14903530035906
0.27,0.01,29538.46153846154,325.9878490769773
0.29,0.01,29538.46153846154,325.7699134718759
0.31,0.01,29538.46153846154,325.4921655013505
0.33,0.01,29538.46153846154,325.14980291842875
0.35,0.01,29538.46153846154,324.73458161749227
0.37,0.01,29538.46153846154,324.22997133750727
0.39,0.01,29538.46153846154,323.5952072905653
0.01,0.03,29538.46153846154,324.22997133750727
0.03,0.03,29538.46153846154,325.98377086175304
0.05,0.03,29538.46153846154,327.43864030405945
0.07,0.03,29538.46153846154,328.65399058910907
0.09,0.03,29538.46153846154,329.662386867799
0.11,0.03,29538.46153846154,330.4830637791709
0.13,0.03,29538.46153846154,331.1282328340613
0.15,0.03,29538.46153846154,331.6060004159667
0.17,0.03,29538.46153846154,331.92175301520376
0.19,0.03,29538.46153846154,332.07882710304983
0.21,0.03,29538.46153846154,332.0788271030498
0.23,0.03,29538.46153846154,331.92175301520376
0.25,0.03,29538.46153846154,331.6060004159667
0.27,0.03,29538.46153846154,331.1282328340614
0.29,0.03,29538.46153846154,330.483063779171
0.31,0.03,29538.46153846154,329.66238686779906
0.33,0.03,29538.46153846154,328.6539905891091
0.35,0.03,29538.46153846154,327.4386403040595
0.37,0.03,29538.46153846154,325.9837708617531
0.39,0.03,29538.46153846154,324.22997133750727
0.01,0.05,29538.46153846154,324.7345816174922
0.03,0.05,29538.46153846154,327.43864030405945
0.05,0.05,29538.46153846154,329.7397027288235
0.07,0.05,29538.46153846154,331.6867058602897
0.09,0.05,29538.46153846154,333.313318608718
0.11,0.05,29538.46153846154,334.6424832919119
0.13,0.05,29538.46153846154,335.69008516871645
0.15,0.05,29538.46153846154,336.46719964273
0.17,0.05,29538.46153846154,336.98136901526635
0.19,0.05,29538.46153846154,337.2373144536568
0.21,0.05,29538.46153846154,337.2373144536567
0.23,0.05,29538.46153846154,336.98136901526635
0.25,0.05,29538.46153846154,336.46719964273
0.27,0.05,29538.46153846154,335.6900851687165
0.29,0.05,29538.46153846154,334.6424832919121
0.31,0.05,29538.46153846154,333.3133186087181
0.33,0.05,29538.46153846154,331.6867058602898
0.35,0.05,29538.46153846154,329.73970272882354
0.37,0.05,29538.46153846154,327.4386403040596
0.39,0.05,29538.46153846154,324.73458161749227
0.01,0.07,29538.46153846154,325.14980291842875
0.03,0.07,29538.46153846154,328.65399058910907
0.05,0.07,29538.46153846154,331.6867058602897
0.07,0.07,29538.46153846154,334.2792758204043
0.09,0.07,29538.46153846154,336.4589004831216
0.11,0.07,29538.46153846154,338.247070882722
0.13,0.07,29538.46153846154,339.6601536159742
0.15,0.07,29538.46153846154,340.7102324962091
0.17,0.07,29538.46153846154,341.4058054368302
0.19,0.07,29538.46153846154,341.75227836076834
0.21,0.07,29538.46153846154,341.75227836076834
0.23,0.07,29538.46153846154,341.4058054368302
0.25,0.07,29538.46153846154,340.7102324962092
0.27,0.07,29538.46153846154,339.6601536159743
0.29,0.07,29538.46153846154,338.24707088272214
0.31,0.07,29538.46153846154,336.4589004831217
0.33,0.07,29538.46153846154,334.27927582040434
0.35,0.07,29538.46153846154,331.6867058602898
0.37,0.07,29538.46153846154,328.6539905891091
0.39,0.07,29538.46153846154,325.14980291842875
0.01,0.09,29538.46153846154,325.4921655013505
0.03,0.09,29538.46153846154,329.66238686779906
0.05,0.09,29538.46153846154,333.3133186087181
0.07,0.09,29538.46153846154,336.4589004831216
0.09,0.09,29538.46153846154,339.1173001595889
0.11,0.09,29538.46153846154,341.3058960180268
0.13,0.09,29538.46153846154,343.0394914653019
0.15,0.09,29538.46153846154,344.3297896738238
0.17,0.09,29538.46153846154,345.1853589610231
0.19,0.09,29538.46153846154,345.61177400685364
0.21,0.09,29538.46153846154,345.61177400685364
0.23,0.09,29538.46153846154,345.1853589610232
0.25,0.09,29538.46153846154,344.3297896738238
0.27,0.09,29538.46153846154,343.039491465302
0.29,0.09,29538.46153846154,341.30589601802683
0.31,0.09,29538.46153846154,339.1173001595889
0.33,0.09,29538.46153846154,336.4589004831217
0.35,0.09,29538.46153846154,333.3133186087181
0.37,0.09,29538.46153846154,329.6623868677991
0.39,0.09,29538.46153846154,325.4921655013505
0.01,0.11,29538.46153846154,325.76991347187595
0.03,0.11,29538.46153846154,330.483063779171
0.05,0.11,29538.46153846154,334.6424832919121
0.07,0.11,29538.46153846154,338.24707088272214
0.09,0.11,29538.46153846154,341.30589601802683
0.11,0.11,29538.46153846154,343.83132055684325
0.13,0.11,29538.46153846154,345.8356236043478
0.15,0.11,29538.46153846154,347.3293633481913
0.17,0.11,29538.46153846154,348.32066132088687
0.19,0.11,29538.46153846154,348.8149545276133
0.21,0.11,29538.46153846154,348.8149545276133
0.23,0.11,29538.46153846154,348.32066132088687
0.25,0.11,29538.46153846154,347.3293633481914
0.27,0.11,29538.46153846154,345.8356236043478
0.29,0.11,29538.46153846154,343.83132055684337
0.31,0.11,29538.46153846154,341.30589601802683
0.33,0.11,29538.46153846154,338.24707088272214
0.35,0.11,29538.46153846154,334.6424832919121
0.37,0.11,29538.46153846154,330.483063779171
0.39,0.11,29538.46153846154,325.76991347187595
0.01,0.13,29538.46153846154,325.9878490769773
0.03,0.13,29538.46153846154,331.1282328340614
0.05,0.13,29538.46153846154,335.6900851687165
0.07,0.13,29538.46153846154,339.6601536159743
0.09,0.13,29538.46153846154,343.03949146530204
0.11,0.13,29538.46153846154,345.83562360434786
0.13,0.13,29538.46153846154,348.058125476043
0.15,0.13,29538.46153846154,349.71616227529324
0.17,0.13,29538.46153846154,350.8172018183901
0.19,0.13,29538.46153846154,351.36641076867005
0.21,0.13,29538.46153846154,351.36641076867005
0.23,0.13,29538.46153846154,350.8172018183901
0.25,0.13,29538.46153846154,349.71616227529324
0.27,0.13,29538.46153846154,348.0581254760431
0.29,0.13,29538.46153846154,345.83562360434786
0.31,0.13,29538.46153846154,343.03949146530204
0.33,0.13,29538.46153846154,339.6601536159743
0.35,0.13,29538.46153846154,335.6900851687165
0.37,0.13,29538.46153846154,331.1282328340613
0.39,0.13,29538.46153846154,325.9878490769772
0.01,0.15,29538.46153846154,326.14903530035906
0.03,0.15,29538.46153846154,331.6060004159668
0.05,0.15,29538.46153846154,336.46719964273
0.07,0.15,29538.46153846154,340.7102324962092
0.09,0.15,29538.46153846154,344.3297896738239
0.11,0.15,29538.46153846154,347.3293633481914
0.13,0.15,29538.46153846154,349.71616227529324
0.15,0.15,29538.46153846154,351.49806584077334
0.17,0.15,29538.46153846154,352.6819042420804
0.19,0.15,29538.46153846154,353.2725626550816
0.21,0.15,29538.46153846154,353.2725626550816
0.23,0.15,29538.46153846154,352.68190424208046
0.25,0.15,29538.46153846154,351.4980658407734
0.27,0.15,29538.46153846154,349.7161622752933
0.29,0.15,29538.46153846154,347.32936334819146
0.31,0.15,29538.46153846154,344.3297896738239
0.33,0.15,29538.46153846154,340.7102324962092
0.35,0.15,29538.46153846154,336.46719964272995
0.37,0.15,29538.46153846154,331.6060004159667
0.39,0.15,29538.46153846154,326.149035300359
0.01,0.17,29538.46153846154,326.2554737255659
0.03,0.17,29538.46153846154,331.92175301520376
0.05,0.17,29538.46153846154,336.98136901526635
0.07,0.17,29538.46153846154,341.4058054368302
0.09,0.17,29538.46153846154,345.1853589610232
0.11,0.17,29538.46153846154,348.32066132088687
0.13,0.17,29538.46153846154,350.8172018183901
0.15,0.17,29538.46153846154,352.6819042420804
0.17,0.17,29538.46153846154,353.92111403749794
0.19,0.17,29538.46153846154,354.5394976394396
0.21,0.17,29538.46153846154,354.5394976394396
0.23,0.17,29538.46153846154,353.92111403749794
0.25,0.17,29538.46153846154,352.6819042420805
0.27,0.17,29538.46153846154,350.8172018183902
0.29,0.17,29538.46153846154,348.3206613208869
0.31,0.17,29538.46153846154,345.1853589610232
0.33,0.17,29538.46153846154,341.4058054368301
0.35,0.17,29538.46153846154,336.9813690152663
0.37,0.17,29538.46153846154,331.9217530152037
0.39,0.17,29538.46153846154,326.2554737255658
0.01,0.19,29538.46153846154,326.3083969844506
0.03,0.19,29538.46153846154,332.07882710304983
0.05,0.19,29538.46153846154,337.2373144536567
0.07,0.19,29538.46153846154,341.7522783607684
0.09,0.19,29538.46153846154,345.61177400685364
0.11,0.19,29538.46153846154,348.8149545276133
0.13,0.19,29538.46153846154,351.36641076867
0.15,0.19,29538.46153846154,353.2725626550815
0.17,0.19,29538.46153846154,354.5394976394396
0.19,0.19,29538.46153846154,355.1717650774508
0.21,0.19,29538.46153846154,355.17176507745074
0.23,0.19,29538.46153846154,354.5394976394396
0.25,0.19,29538.46153846154,353.2725626550816
0.27,0.19,29538.46153846154,351.36641076867
0.29,0.19,29538.46153846154,348.8149545276133
0.31,0.19,29538.46153846154,345.61177400685364
0.33,0.19,29538.46153846154,341.75227836076834
0.35,0.19,29538.46153846154,337.23731445365667
0.37,0.19,29538.46153846154,332.0788271030498
0.39,0.19,29538.46153846154,326.3083969844505
0.01,0.21,29538.46153846154,326.3083969844506
0.03,0.21,29538.46153846154,332.0788271030498
0.05,0.21,29538.46153846154,337.23731445365667
0.07,0.21,29538.46153846154,341.7522783607684
0.09,0.21,29538.46153846154,345.6117740068537
0.11,0.21,29538.46153846154,348.81495452761334
0.13,0.21,29538.46153846154,351.36641076867
0.15,0.21,29538.46153846154,353.2725626550815
0.17,0.21,29538.46153846154,354.5394976394395
0.19,0.21,29538.46153846154,355.17176507745074
0.21,0.21,29538.46153846154,355.17176507745074
0.23,0.21,29538.46153846154,354.5394976394396
0.25,0.21,29538.46153846154,353.2725626550816
0.27,0.21,29538.46153846154,351.36641076867
0.29,0.21,29538.46153846154,348.8149545276132
0.31,0.21,29538.46153846154,345.61177400685364
0.33,0.21,29538.46153846154,341.75227836076834
0.35,0.21,29538.46153846154,337.2373144536567
0.37,0.21,29538.46153846154,332.0788271030498
0.39,0.21,29538.46153846154,326.3083969844505
0.01,0.23,29538.46153846154,326.2554737255659
0.03,0.23,29538.46153846154,331.92175301520376
0.05,0.23,29538.46153846154,336.98136901526635
0.07,0.23,29538.46153846154,341.4058054368302
0.09,0.23,29538.46153846154,345.1853589610232
0.11,0.23,29538.46153846154,348.320661320887
0.13,0.23,29538.46153846154,350.8172018183902
0.15,0.23,29538.46153846154,352.68190424208046
0.17,0.23,29538.46153846154,353.92111403749794
0.19,0.23,29538.46153846154,354.53949763943945
0.21,0.23,29538.46153846154,354.5394976394395
0.23,0.23,29538.46153846154,353.92111403749794
0.25,0.23,29538.46153846154,352.68190424208046
0.27,0.23,29538.46153846154,350.81720181839006
0.29,0.23,29538.46153846154,348.3206613208868
0.31,0.23,29538.46153846154,345.1853589610231
0.33,0.23,29538.46153846154,341.4058054368302
0.35,0.23,29538.46153846154,336.98136901526635
0.37,0.23,29538.46153846154,331.9217530152037
0.39,0.23,29538.46153846154,326.2554737255658
0.01,0.25,29538.46153846154,326.14903530035906
0.03,0.25,29538.46153846154,331.6060004159667
0.05,0.25,29538.46153846154,336.46719964273
0.07,0.25,29538.46153846154,340.7102324962092
0.09,0.25,29538.46153846154,344.3297896738238
0.11,0.25,29538.46153846154,347.32936334819146
0.13,0.25,29538.46153846154,349.7161622752933
0.15,0.25,29538.46153846154,351.49806584077334
0.17,0.25,29538.46153846154,352.68190424208046
0.19,0.25,29538.46153846154,353.2725626550816
0.21,0.25,29538.46153846154,353.2725626550816
0.23,0.25,29538.46153846154,352.6819042420805
0.25,0.25,29538.46153846154,351.4980658407734
0.27,0.25,29538.46153846154,349.71616227529324
0.29,0.25,29538.46153846154,347.3293633481913
0.31,0.25,29538.46153846154,344.3297896738238
0.33,0.25,29538.46153846154,340.7102324962091
0.35,0.25,29538.46153846154,336.46719964272995
0.37,0.25,29538.46153846154,331.60600041596666
0.39,0.25,29538.46153846154,326.149035300359
0.01,0.27,29538.46153846154,325.9878490769772
0.03,0.27,29538.46153846154,331.1282328340614
0.05,0.27,29538.46153846154,335.69008516871656
0.07,0.27,29538.46153846154,339.6601536159743
0.09,0.27,29538.46153846154,343.039491465302
0.11,0.27,29538.46153846154,345.83562360434786
0.13,0.27,29538.46153846154,348.0581254760431
0.15,0.27,29538.46153846154,349.71616227529324
0.17,0.27,29538.46153846154,350.8172018183901
0.19,0.27,29538.46153846154,351.36641076867005
0.21,0.27,29538.46153846154,351.36641076867005
0.23,0.27,29538.46153846154,350.8172018183902
0.25,0.27,29538.46153846154,349.7161622752933
0.27,0.27,29538.46153846154,348.0581254760432
0.29,0.27,29538.46153846154,345.83562360434786
0.31,0.27,29538.46153846154,343.0394914653019
0.33,0.27,29538.46153846154,339.6601536159742
0.35,0.27,29538.46153846154,335.69008516871645
0.37,0.27,29538.46153846154,331.1282328340613
0.39,0.27,29538.46153846154,325.9878490769773
0.01,0.29,29538.46153846154,325.7699134718759
0.03,0.29,29538.46153846154,330.483063779171
0.05,0.29,29538.46153846154,334.642483291912
0.07,0.29,29538.46153846154,338.24707088272214
0.09,0.29,29538.46153846154,341.30589601802683
0.11,0.29,29538.46153846154,343.8313205568433
0.13,0.29,29538.46153846154,345.83562360434786
0.15,0.29,29538.46153846154,347.3293633481914
0.17,0.29,29538.46153846154,348.32066132088687
0.19,0.29,29538.46153846154,348.8149545276133
0.21,0.29,29538.46153846154,348.8149545276133
0.23,0.29,29538.46153846154,348.3206613208869
0.25,0.29,29538.46153846154,347.32936334819146
0.27,0.29,29538.46153846154,345.83562360434786
0.29,0.29,29538.46153846154,343.8313205568433
0.31,0.29,29538.46153846154,341.3058960180268
0.33,0.29,29538.46153846154,338.2470708827221
0.35,0.29,29538.46153846154,334.642483291912
0.37,0.29,29538.46153846154,330.48306377917095
0.39,0.29,29538.46153846154,325.7699134718759
0.01,0.31,29538.46153846154,325.4921655013504
0.03,0.31,29538.46153846154,329.66238686779906
0.05,0.31,29538.46153846154,333.3133186087181
0.07,0.31,29538.46153846154,336.4589004831216
0.09,0.31,29538.46153846154,339.1173001595889
0.11,0.31,29538.46153846154,341.30589601802683
0.13,0.31,29538.46153846154,343.039491465302
0.15,0.31,29538.46153846154,344.3297896738239
0.17,0.31,29538.46153846154,345.1853589610232
0.19,0.31,29538.46153846154,345.61177400685364
0.21,0.31,29538.46153846154,345.6117740068537
0.23,0.31,29538.46153846154,345.18535896102327
0.25,0.31,29538.46153846154,344.3297896738239
0.27,0.31,29538.46153846154,343.039491465302
0.29,0.31,29538.46153846154,341.3058960180268
0.31,0.31,29538.46153846154,339.1173001595889
0.33,0.31,29538.46153846154,336.4589004831216
0.35,0.31,29538.46153846154,333.313318608718
0.37,0.31,29538.46153846154,329.662386867799
0.39,0.31,29538.46153846154,325.4921655013504
0.01,0.33,29538.46153846154,325.14980291842875
0.03,0.33,29538.46153846154,328.65399058910907
0.05,0.33,29538.46153846154,331.6867058602897
0.07,0.33,29538.46153846154,334.2792758204043
0.09,0.33,29538.46153846154,336.4589004831216
0.11,0.33,29538.46153846154,338.2470708827221
0.13,0.33,29538.46153846154,339.66015361597425
0.15,0.33,29538.46153846154,340.7102324962092
0.17,0.33,29538.46153846154,341.4058054368302
0.19,0.33,29538.46153846154,341.7522783607684
0.21,0.33,29538.46153846154,341.75227836076846
0.23,0.33,29538.46153846154,341.40580543683024
0.25,0.33,29538.46153846154,340.7102324962092
0.27,0.33,29538.46153846154,339.66015361597425
0.29,0.33,29538.46153846154,338.2470708827221
0.31,0.33,29538.46153846154,336.4589004831217
0.33,0.33,29538.46153846154,334.2792758204043
0.35,0.33,29538.46153846154,331.6867058602897
0.37,0.33,29538.46153846154,328.65399058910907
0.39,0.33,29538.46153846154,325.14980291842875
0.01,0.35,29538.46153846154,324.7345816174922
0.03,0.35,29538.46153846154,327.43864030405945
0.05,0.35,29538.46153846154,329.7397027288235
0.07,0.35,29538.46153846154,331.6867058602897
0.09,0.35,29538.46153846154,333.313318608718
0.11,0.35,29538.46153846154,334.642483291912
0.13,0.35,29538.46153846154,335.6900851687165
0.15,0.35,29538.46153846154,336.46719964273
0.17,0.35,29538.46153846154,336.9813690152664
0.19,0.35,29538.46153846154,337.2373144536568
0.21,0.35,29538.46153846154,337.2373144536568
0.23,0.35,29538.46153846154,336.98136901526635
0.25,0.35,29538.46153846154,336.46719964273
0.27,0.35,29538.46153846154,335.6900851687165
0.29,0.35,29538.46153846154,334.642483291912
0.31,0.35,29538.46153846154,333.313318608718
0.33,0.35,29538.46153846154,331.6867058602897
0.35,0.35,29538.46153846154,329.73970272882343
0.37,0.35,29538.46153846154,327.4386403040594
0.39,0.35,29538.46153846154,324.7345816174922
0.01,0.37,29538.46153846154,324.22997133750727
0.03,0.37,29538.46153846154,325.9837708617531
0.05,0.37,29538.46153846154,327.4386403040595
0.07,0.37,29538.46153846154,328.6539905891091
0.09,0.37,29538.46153846154,329.66238686779906
0.11,0.37,29538.46153846154,330.483063779171
0.13,0.37,29538.46153846154,331.1282328340613
0.15,0.37,29538.46153846154,331.60600041596666
0.17,0.37,29538.46153846154,331.9217530152037
0.19,0.37,29538.46153846154,332.07882710304983
0.21,0.37,29538.46153846154,332.07882710304983
0.23,0.37,29538.46153846154,331.92175301520376
0.25,0.37,29538.46153846154,331.60600041596666
0.27,0.37,29538.46153846154,331.1282328340613
0.29,0.37,29538.46153846154,330.48306377917095
0.31,0.37,29538.46153846154,329.662386867799
0.33,0.37,29538.46153846154,328.653990589109
0.35,0.37,29538.46153846154,327.4386403040594
0.37,0.37,29538.46153846154,325.983770861753
0.39,0.37,29538.46153846154,324.22997133750727
0.01,0.39,29538.46153846154,323.5952072905653
0.03,0.39,29538.46153846154,324.22997133750727
0.05,0.39,29538.46153846154,324.7345816174922
0.07,0.39,29538.46153846154,325.1498029184288
0.09,0.39,29538.46153846154,325.4921655013505
0.11,0.39,29538.46153846154,325.76991347187595
0.13,0.39,29538.46153846154,325.9878490769773
0.15,0.39,29538.46153846154,326.149035300359
0.17,0.39,29538.46153846154,326.2554737255658
0.19,0.39,29538.46153846154,326.3083969844505
0.21,0.39,29538.46153846154,326.3083969844505
0.23,0.39,29538.46153846154,326.2554737255658
0.25,0.39,29538.46153846154,326.149035300359
0.27,0.39,29538.46153846154,325.9878490769772
0.29,0.39,29538.46153846154,325.7699134718759
0.31,0.39,29538.46153846154,325.4921655013504
0.33,0.39,29538.46153846154,325.14980291842875
0.35,0.39,29538.46153846154,324.7345816174922
0.37,0.39,29538.46153846154,324.22997133750727
0.39,0.39,29538.46153846154,323.5952072905653
0.01,0.01,31384.615384615387,323.5716250540443
0.03,0.01,31384.615384615387,324.1787747518915
0.05,0.01,31384.615384615387,324.66559732363976
0.07,0.01,31384.615384615387,325.0692266583652
0.09,0.01,31384.615384615387,325.4043034570618
0.11,0.01,31384.615384615387,325.6777954944484
0.13,0.01,31384.615384615387,325.89352094020205
0.15,0.01,31384.615384615387,326.05375908112137
0.17,0.01,31384.615384615387,326.15991017509583
0.19,0.01,31384.615384615387,326.2127948651819
0.21,0.01,31384.615384615387,326.2127948651819
0.23,0.01,31384.615384615387,326.15991017509583
0.25,0.01,31384.615384615387,326.05375908112137
0.27,0.01,31384.615384615387,325.89352094020205
0.29,0.01,31384.615384615387,325.6777954944484
0.31,0.01,31384.615384615387,325.4043034570618
0.33,0.01,31384.615384615387,325.06922665836527
0.35,0.01,31384.615384615387,324.66559732363976
0.37,0.01,31384.615384615387,324.1787747518915
0.39,0.01,31384.615384615387,323.5716250540443
0.01,0.03,31384.615384615387,324.1787747518915
0.03,0.03,31384.615384615387,325.8612567685669
0.05,0.03,31384.615384615387,327.26702265283313
0.07,0.03,31384.615384615387,328.44937826975263
0.09,0.03,31384.615384615387,329.4365926008833
0.11,0.03,31384.615384615387,330.24458765629754
0.13,0.03,31384.615384615387,330.8828989966421
0.15,0.03,31384.615384615387,331.35747549535176
0.17,0.03,31384.615384615387,331.672047308545
0.19,0.03,31384.615384615387,331.82881904621985
0.21,0.03,31384.615384615387,331.8288190462198
0.23,0.03,31384.615384615387,331.67204730854496
0.25,0.03,31384.615384615387,331.3574754953518
0.27,0.03,31384.615384615387,330.8828989966422
0.29,0.03,31384.615384615387,330.2445876562976
0.31,0.03,31384.615384615387,329.4365926008833
0.33,0.03,31384.615384615387,328.4493782697527
0.35,0.03,31384.615384615387,327.2670226528332
0.37,0.03,31384.615384615387,325.86125676856693
0.39,0.03,31384.615384615387,324.1787747518915
0.01,0.05,31384.615384615387,324.66559732363976
0.03,0.05,31384.615384615387,327.26702265283313
0.05,0.05,31384.615384615387,329.49459226471294
0.07,0.05,31384.615384615387,331.3909476751467
0.09,0.05,31384.615384615387,332.9842963617979
0.11,0.05,31384.615384615387,334.29295259631766
0.13,0.05,31384.615384615387,335.3289287180207
0.15,0.05,31384.615384615387,336.10015307200365
0.17,0.05,31384.615384615387,336.61176081919353
0.19,0.05,31384.615384615387,336.8668390895954
0.21,0.05,31384.615384615387,336.8668390895954
0.23,0.05,31384.615384615387,336.61176081919353
0.25,0.05,31384.615384615387,336.10015307200365
0.27,0.05,31384.615384615387,335.3289287180208
0.29,0.05,31384.615384615387,334.2929525963177
0.31,0.05,31384.615384615387,332.9842963617979
0.33,0.05,31384.615384615387,331.3909476751467
0.35,0.05,31384.615384615387,329.494592264713
0.37,0.05,31384.615384615387,327.2670226528332
0.39,0.05,31384.615384615387,324.6655973236398
0.01,0.07,31384.615384615387,325.0692266583652
0.03,0.07,31384.615384615387,328.44937826975263
0.05,0.07,31384.615384615387,331.39094767514666
0.07,0.07,31384.615384615387,333.9193456336163
0.09,0.07,31384.615384615387,336.0558697982216
0.11,0.07,31384.615384615387,337.81666422821223
0.13,0.07,31384.615384615387,339.2135043228635
0.15,0.07,31384.615384615387,340.2547310285721
0.17,0.07,31384.615384615387,340.9459982965624
0.19,0.07,31384.615384615387,341.29079915364974
0.21,0.07,31384.615384615387,341.2907991536498
0.23,0.07,31384.615384615387,340.9459982965624
0.25,0.07,31384.615384615387,340.25473102857217
0.27,0.07,31384.615384615387,339.2135043228637
0.29,0.07,31384.615384615387,337.81666422821235
0.31,0.07,31384.615384615387,336.05586979822164
0.33,0.07,31384.615384615387,333.9193456336164
0.35,0.07,31384.615384615387,331.3909476751468
0.37,0.07,31384.615384615387,328.44937826975274
0.39,0.07,31384.615384615387,325.06922665836527
0.01,0.09,31384.615384615387,325.4043034570618
0.03,0.09,31384.615384615387,329.4365926008833
0.05,0.09,31384.615384615387,332.98429636179776
0.07,0.09,31384.615384615387,336.0558697982215
0.09,0.09,31384.615384615387,338.66350444700987
0.11,0.09,31384.615384615387,340.81893080327944
0.13,0.09,31384.615384615387,342.5320274317017
0.15,0.09,31384.615384615387,343.81048190412326
0.17,0.09,31384.615384615387,344.65983506900665
0.19,0.09,31384.615384615387,345.083645052029
0.21,0.09,31384.615384615387,345.083645052029
0.23,0.09,31384.615384615387,344.6598350690067
0.25,0.09,31384.615384615387,343.8104819041234
0.27,0.09,31384.615384615387,342.53202743170186
0.29,0.09,31384.615384615387,340.8189308032796
0.31,0.09,31384.615384615387,338.66350444701
0.33,0.09,31384.615384615387,336.05586979822164
0.35,0.09,31384.615384615387,332.9842963617979
0.37,0.09,31384.615384615387,329.43659260088333
0.39,0.09,31384.615384615387,325.40430345706187
0.01,0.11,31384.615384615387,325.6777954944484
0.03,0.11,31384.615384615387,330.24458765629754
0.05,0.11,31384.615384615387,334.29295259631766
0.07,0.11,31384.615384615387,337.81666422821223
0.09,0.11,31384.615384615387,340.8189308032795
0.11,0.11,31384.615384615387,343.3064410415842
0.13,0.11,31384.615384615387,345.2864852855548
0.15,0.11,31384.615384615387,346.7655618560979
0.17,0.11,31384.615384615387,347.74875348787896
0.19,0.11,31384.615384615387,348.23949065817305
0.21,0.11,31384.615384615387,348.2394906581731
0.23,0.11,31384.615384615387,347.748753487879
0.25,0.11,31384.615384615387,346.76556185609803
0.27,0.11,31384.615384615387,345.28648528555493
0.29,0.11,31384.615384615387,343.3064410415843
0.31,0.11,31384.615384615387,340.8189308032796
0.33,0.11,31384.615384615387,337.81666422821235
0.35,0.11,31384.615384615387,334.2929525963177
0.37,0.11,31384.615384615387,330.2445876562976
0.39,0.11,31384.615384615387,325.6777954944484
0.01,0.13,31384.615384615387,325.89352094020205
0.03,0.13,31384.615384615387,330.8828989966421
0.05,0.13,31384.615384615387,335.3289287180207
0.07,0.13,31384.615384615387,339.2135043228636
0.09,0.13,31384.615384615387,342.5320274317018
0.11,0.13,31384.615384615387,345.2864852855549
0.13,0.13,31384.615384615387,347.48156388177017
0.15,0.13,31384.615384615387,349.1224574866011
0.17,0.13,31384.615384615387,350.213678945474
0.19,0.13,31384.615384615387,350.7584566254528
0.21,0.13,31384.615384615387,350.7584566254529
0.23,0.13,31384.615384615387,350.213678945474
0.25,0.13,31384.615384615387,349.12245748660115
0.27,0.13,31384.615384615387,347.4815638817702
0.29,0.13,31384.615384615387,345.28648528555493
0.31,0.13,31384.615384615387,342.53202743170186
0.33,0.13,31384.615384615387,339.2135043228636
0.35,0.13,31384.615384615387,335.32892871802073
0.37,0.13,31384.615384615387,330.8828989966422
0.39,0.13,31384.615384615387,325.8935209402021
0.01,0.15,31384.615384615387,326.05375908112137
0.03,0.15,31384.615384615387,331.3574754953518
0.05,0.15,31384.615384615387,336.10015307200365
0.07,0.15,31384.615384615387,340.25473102857217
0.09,0.15,31384.615384615387,343.8104819041233
0.11,0.15,31384.615384615387,346.7655618560979
0.13,0.15,31384.615384615387,349.12245748660104
0.15,0.15,31384.615384615387,350.8852183743662
0.17,0.15,31384.615384615387,352.0578350992592
0.19,0.15,31384.615384615387,352.64333827265443
0.21,0.15,31384.615384615387,352.64333827265443
0.23,0.15,31384.615384615387,352.05783509925925
0.25,0.15,31384.615384615387,350.8852183743662
0.27,0.15,31384.615384615387,349.1224574866011
0.29,0.15,31384.615384615387,346.765561856098
0.31,0.15,31384.615384615387,343.8104819041233
0.33,0.15,31384.615384615387,340.2547310285722
0.35,0.15,31384.615384615387,336.1001530720037
0.37,0.15,31384.615384615387,331.3574754953519
0.39,0.15,31384.615384615387,326.05375908112137
0.01,0.17,31384.615384615387,326.1599101750959
0.03,0.17,31384.615384615387,331.672047308545
0.05,0.17,31384.615384615387,336.6117608191936
0.07,0.17,31384.615384615387,340.94599829656244
0.09,0.17,31384.615384615387,344.65983506900665
0.11,0.17,31384.615384615387,347.74875348787896
0.13,0.17,31384.615384615387,350.2136789454738
0.15,0.17,31384.615384615387,352.05783509925914
0.17,0.17,31384.615384615387,353.28482879591667
0.19,0.17,31384.615384615387,353.8975419803716
0.21,0.17,31384.615384615387,353.8975419803716
0.23,0.17,31384.615384615387,353.28482879591667
0.25,0.17,31384.615384615387,352.0578350992592
0.27,0.17,31384.615384615387,350.2136789454739
0.29,0.17,31384.615384615387,347.74875348787896
0.31,0.17,31384.615384615387,344.6598350690066
0.33,0.17,31384.615384615387,340.9459982965624
0.35,0.17,31384.615384615387,336.6117608191936
0.37,0.17,31384.615384615387,331.6720473085451
0.39,0.17,31384.615384615387,326.1599101750959
0.01,0.19,31384.615384615387,326.21279486518193
0.03,0.19,31384.615384615387,331.8288190462199
0.05,0.19,31384.615384615387,336.86683908959543
0.07,0.19,31384.615384615387,341.29079915364986
0.09,0.19,31384.615384615387,345.08364505202906
0.11,0.19,31384.615384615387,348.23949065817305
0.13,0.19,31384.615384615387,350.7584566254528
0.15,0.19,31384.615384615387,352.6433382726544
0.17,0.19,31384.615384615387,353.8975419803716
0.19,0.19,31384.615384615387,354.523871575073
0.21,0.19,31384.615384615387,354.523871575073
0.23,0.19,31384.615384615387,353.89754198037167
0.25,0.19,31384.615384615387,352.64333827265443
0.27,0.19,31384.615384615387,350.7584566254528
0.29,0.19,31384.615384615387,348.23949065817294
0.31,0.19,31384.615384615387,345.0836450520289
0.33,0.19,31384.615384615387,341.2907991536497
0.35,0.19,31384.615384615387,336.86683908959543
0.37,0.19,31384.615384615387,331.8288190462199
0.39,0.19,31384.615384615387,326.21279486518193
0.01,0.21,31384.615384615387,326.21279486518193
0.03,0.21,31384.615384615387,331.8288190462199
0.05,0.21,31384.615384615387,336.8668390895954
0.07,0.21,31384.615384615387,341.29079915364986
0.09,0.21,31384.615384615387,345.08364505202906
0.11,0.21,31384.615384615387,348.23949065817305
0.13,0.21,31384.615384615387,350.7584566254528
0.15,0.21,31384.615384615387,352.6433382726544
0.17,0.21,31384.615384615387,353.8975419803716
0.19,0.21,31384.615384615387,354.523871575073
0.21,0.21,31384.615384615387,354.523871575073
0.23,0.21,31384.615384615387,353.89754198037167
0.25,0.21,31384.615384615387,352.64333827265443
0.27,0.21,31384.615384615387,350.7584566254528
0.29,0.21,31384.615384615387,348.23949065817294
0.31,0.21,31384.615384615387,345.0836450520289
0.33,0.21,31384.615384615387,341.29079915364974
0.35,0.21,31384.615384615387,336.8668390895955
0.37,0.21,31384.615384615387,331.8288190462199
0.39,0.21,31384.615384615387,326.21279486518193
0.01,0.23,31384.615384615387,326.1599101750959
0.03,0.23,31384.615384615387,331.672047308545
0.05,0.23,31384.615384615387,336.6117608191936
0.07,0.23,31384.615384615387,340.94599829656244
0.09,0.23,31384.615384615387,344.6598350690068
0.11,0.23,31384.615384615387,347.748753487879
0.13,0.23,31384.615384615387,350.2136789454739
0.15,0.23,31384.615384615387,352.05783509925914
0.17,0.23,31384.615384615387,353.2848287959166
0.19,0.23,31384.615384615387,353.8975419803716
0.21,0.23,31384.615384615387,353.89754198037167
0.23,0.23,31384.615384615387,353.28482879591667
0.25,0.23,31384.615384615387,352.05783509925925
0.27,0.23,31384.615384615387,350.2136789454739
0.29,0.23,31384.615384615387,347.74875348787896
0.31,0.23,31384.615384615387,344.6598350690066
0.33,0.23,31384.615384615387,340.9459982965624
0.35,0.23,31384.615384615387,336.6117608191936
0.37,0.23,31384.615384615387,331.6720473085451
0.39,0.23,31384.615384615387,326.1599101750959
0.01,0.25,31384.615384615387,326.05375908112137
0.03,0.25,31384.615384615387,331.3574754953519
0.05,0.25,31384.615384615387,336.10015307200365
0.07,0.25,31384.615384615387,340.2547310285722
0.09,0.25,31384.615384615387,343.8104819041234
0.11,0.25,31384.615384615387,346.765561856098
0.13,0.25,31384.615384615387,349.12245748660104
0.15,0.25,31384.615384615387,350.88521837436616
0.17,0.25,31384.615384615387,352.0578350992592
0.19,0.25,31384.615384615387,352.64333827265443
0.21,0.25,31384.615384615387,352.6433382726544
0.23,0.25,31384.615384615387,352.0578350992592
0.25,0.25,31384.615384615387,350.8852183743663
0.27,0.25,31384.615384615387,349.12245748660115
0.29,0.25,31384.615384615387,346.765561856098
0.31,0.25,31384.615384615387,343.8104819041233
0.33,0.25,31384.615384615387,340.25473102857217
0.35,0.25,31384.615384615387,336.10015307200365
0.37,0.25,31384.615384615387,331.3574754953518
0.39,0.25,31384.615384615387,326.05375908112137
0.01,0.27,31384.615384615387,325.8935209402021
0.03,0.27,31384.615384615387,330.88289899664227
0.05,0.27,31384.615384615387,335.3289287180208
0.07,0.27,31384.615384615387,339.2135043228637
0.09,0.27,31384.615384615387,342.53202743170186
0.11,0.27,31384.615384615387,345.28648528555493
0.13,0.27,31384.615384615387,347.48156388177017
0.15,0.27,31384.615384615387,349.1224574866011
0.17,0.27,31384.615384615387,350.2136789454739
0.19,0.27,31384.615384615387,350.7584566254528
0.21,0.27,31384.615384615387,350.7584566254528
0.23,0.27,31384.615384615387,350.213678945474
0.25,0.27,31384.615384615387,349.12245748660115
0.27,0.27,31384.615384615387,347.4815638817702
0.29,0.27,31384.615384615387,345.2864852855549
0.31,0.27,31384.615384615387,342.5320274317018
0.33,0.27,31384.615384615387,339.2135043228636
0.35,0.27,31384.615384615387,335.3289287180207
0.37,0.27,31384.615384615387,330.8828989966421
0.39,0.27,31384.615384615387,325.89352094020205
0.01,0.29,31384.615384615387,325.6777954944484
0.03,0.29,31384.615384615387,330.2445876562976
0.05,0.29,31384.615384615387,334.2929525963177
0.07,0.29,31384.615384615387,337.81666422821235
0.09,0.29,31384.615384615387,340.8189308032796
0.11,0.29,31384.615384615387,343.30644104158426
0.13,0.29,31384.615384615387,345.2864852855549
0.15,0.29,31384.615384615387,346.765561856098
0.17,0.29,31384.615384615387,347.74875348787896
0.19,0.29,31384.615384615387,348.23949065817305
0.21,0.29,31384.615384615387,348.239490658173
0.23,0.29,31384.615384615387,347.74875348787896
0.25,0.29,31384.615384615387,346.765561856098
0.27,0.29,31384.615384615387,345.2864852855549
0.29,0.29,31384.615384615387,343.3064410415843
0.31,0.29,31384.615384615387,340.8189308032795
0.33,0.29,31384.615384615387,337.8166642282123
0.35,0.29,31384.615384615387,334.29295259631766
0.37,0.29,31384.615384615387,330.2445876562976
0.39,0.29,31384.615384615387,325.6777954944484
0.01,0.31,31384.615384615387,325.4043034570618
0.03,0.31,31384.615384615387,329.4365926008834
0.05,0.31,31384.615384615387,332.984296361798
0.07,0.31,31384.615384615387,336.0558697982217
0.09,0.31,31384.615384615387,338.66350444701
0.11,0.31,31384.615384615387,340.8189308032796
0.13,0.31,31384.615384615387,342.5320274317017
0.15,0.31,31384.615384615387,343.8104819041233
0.17,0.31,31384.615384615387,344.65983506900665
0.19,0.31,31384.615384615387,345.083645052029
0.21,0.31,31384.615384615387,345.083645052029
0.23,0.31,31384.615384615387,344.65983506900665
0.25,0.31,31384.615384615387,343.8104819041234
0.27,0.31,31384.615384615387,342.5320274317018
0.29,0.31,31384.615384615387,340.8189308032795
0.31,0.31,31384.615384615387,338.6635044470099
0.33,0.31,31384.615384615387,336.0558697982216
0.35,0.31,31384.615384615387,332.9842963617978
0.37,0.31,31384.615384615387,329.4365926008833
0.39,0.31,31384.615384615387,325.40430345706187
0.01,0.33,31384.615384615387,325.06922665836527
0.03,0.33,31384.615384615387,328.44937826975274
0.05,0.33,31384.615384615387,331.39094767514683
0.07,0.33,31384.615384615387,333.9193456336164
0.09,0.33,31384.615384615387,336.0558697982217
0.11,0.33,31384.615384615387,337.8166642282123
0.13,0.33,31384.615384615387,339.2135043228636
0.15,0.33,31384.615384615387,340.2547310285721
0.17,0.33,31384.615384615387,340.94599829656244
0.19,0.33,31384.615384615387,341.2907991536498
0.21,0.33,31384.615384615387,341.2907991536498
0.23,0.33,31384.615384615387,340.94599829656244
0.25,0.33,31384.615384615387,340.2547310285722
0.27,0.33,31384.615384615387,339.2135043228636
0.29,0.33,31384.615384615387,337.8166642282123
0.31,0.33,31384.615384615387,336.05586979822164
0.33,0.33,31384.615384615387,333.9193456336163
0.35,0.33,31384.615384615387,331.3909476751467
0.37,0.33,31384.615384615387,328.4493782697527
0.39,0.33,31384.615384615387,325.06922665836527
0.01,0.35,31384.615384615387,324.6655973236398
0.03,0.35,31384.615384615387,327.26702265283325
0.05,0.35,31384.615384615387,329.49459226471305
0.07,0.35,31384.615384615387,331.39094767514683
0.09,0.35,31384.615384615387,332.9842963617979
0.11,0.35,31384.615384615387,334.2929525963177
0.13,0.35,31384.615384615387,335.3289287180207
0.15,0.35,31384.615384615387,336.10015307200365
0.17,0.35,31384.615384615387,336.6117608191936
0.19,0.35,31384.615384615387,336.86683908959543
0.21,0.35,31384.615384615387,336.86683908959543
0.23,0.35,31384.615384615387,336.6117608191936
0.25,0.35,31384.615384615387,336.1001530720037
0.27,0.35,31384.615384615387,335.3289287180207
0.29,0.35,31384.615384615387,334.29295259631766
0.31,0.35,31384.615384615387,332.9842963617978
0.33,0.35,31384.615384615387,331.3909476751467
0.35,0.35,31384.615384615387,329.494592264713
0.37,0.35,31384.615384615387,327.2670226528332
0.39,0.35,31384.615384615387,324.6655973236398
0.01,0.37,31384.615384615387,324.1787747518915
0.03,0.37,31384.615384615387,325.861256768567
0.05,0.37,31384.615384615387,327.26702265283325
0.07,0.37,31384.615384615387,328.44937826975274
0.09,0.37,31384.615384615387,329.4365926008833
0.11,0.37,31384.615384615387,330.2445876562976
0.13,0.37,31384.615384615387,330.8828989966422
0.15,0.37,31384.615384615387,331.3574754953518
0.17,0.37,31384.615384615387,331.672047308545
0.19,0.37,31384.615384615387,331.8288190462199
0.21,0.37,31384.615384615387,331.8288190462199
0.23,0.37,31384.615384615387,331.672047308545
0.25,0.37,31384.615384615387,331.3574754953518
0.27,0.37,31384.615384615387,330.8828989966421
0.29,0.37,31384.615384615387,330.24458765629754
0.31,0.37,31384.615384615387,329.4365926008833
0.33,0.37,31384.615384615387,328.4493782697527
0.35,0.37,31384.615384615387,327.2670226528332
0.37,0.37,31384.615384615387,325.86125676856693
0.39,0.37,31384.615384615387,324.1787747518915
0.01,0.39,31384.615384615387,323.5716250540443
0.03,0.39,31384.615384615387,324.1787747518916
0.05,0.39,31384.615384615387,324.6655973236398
0.07,0.39,31384.615384615387,325.06922665836527
0.09,0.39,31384.615384615387,325.40430345706187
0.11,0.39,31384.615384615387,325.6777954944484
0.13,0.39,31384.615384615387,325.8935209402021
0.15,0.39,31384.615384615387,326.05375908112137
0.17,0.39,31384.615384615387,326.1599101750959
0.19,0.39,31384.615384615387,326.21279486518193
0.21,0.39,31384.615384615387,326.21279486518193
0.23,0.39,31384.615384615387,326.1599101750959
0.25,0.39,31384.615384615387,326.05375908112137
0.27,0.39,31384.615384615387,325.89352094020205
0.29,0.39,31384.615384615387,325.67779549444845
0.31,0.39,31384.615384615387,325.4043034570618
0.33,0.39,31384.615384615387,325.06922665836527
0.35,0.39,31384.615384615387,324.6655973236398
0.37,0.39,31384.615384615387,324.1787747518915
0.39,0.39,31384.615384615387,323.5716250540443
0.01,0.01,33230.769230769234,323.5489638393987
0.03,0.01,33230.769230769234,324.1278628736593
0.05,0.01,33230.769230769234,324.5950287535939
0.07,0.01,33230.769230769234,324.98449953022885
0.09,0.01,33230.769230769234,325.30937208972017
0.11,0.01,33230.769230769234,325.5756280856007
0.13,0.01,33230.769230769234,325.7863681201499
0.15,0.01,33230.769230769234,325.9433296804488
0.17,0.01,33230.769230769234,326.0475156166732
0.19,0.01,33230.769230769234,326.0994834376977
0.21,0.01,33230.769230769234,326.0994834376977
0.23,0.01,33230.769230769234,326.04751561667325
0.25,0.01,33230.769230769234,325.94332968044887
0.27,0.01,33230.769230769234,325.7863681201499
0.29,0.01,33230.769230769234,325.5756280856007
0.31,0.01,33230.769230769234,325.30937208972017
0.33,0.01,33230.769230769234,324.9844995302288
0.35,0.01,33230.769230769234,324.59502875359385
0.37,0.01,33230.769230769234,324.1278628736593
0.39,0.01,33230.769230769234,323.5489638393987
0.01,0.03,33230.769230769234,324.1278628736593
0.03,0.03,33230.769230769234,325.73566927812897
0.05,0.03,33230.769230769234,327.0862598608638
0.07,0.03,33230.769230769234,328.22783855999955
0.09,0.03,33230.769230769234,329.18522795056055
0.11,0.03,33230.769230769234,329.9718207646918
0.13,0.03,33230.769230769234,330.5952138129666
0.15,0.03,33230.769230769234,331.0598699132012
0.17,0.03,33230.769230769234,331.368427932052
0.19,0.03,33230.769230769234,331.5223721129753
0.21,0.03,33230.769230769234,331.5223721129753
0.23,0.03,33230.769230769234,331.368427932052
0.25,0.03,33230.769230769234,331.0598699132012
0.27,0.03,33230.769230769234,330.5952138129668
0.29,0.03,33230.769230769234,329.9718207646919
0.31,0.03,33230.769230769234,329.18522795056055
0.33,0.03,33230.769230769234,328.2278385599995
0.35,0.03,33230.769230769234,327.0862598608638
0.37,0.03,33230.769230769234,325.73566927812897
0.39,0.03,33230.769230769234,324.1278628736593
0.01,0.05,33230.769230769234,324.5950287535939
0.03,0.05,33230.769230769234,327.0862598608638
0.05,0.05,33230.769230769234,329.229402648082
0.07,0.05,33230.769230769234,331.06198780712697
0.09,0.05,33230.769230769234,332.60793935057944
0.11,0.05,33230.769230769234,333.8820875932766
0.13,0.05,33230.769230769234,334.8936583929203
0.15,0.05,33230.769230769234,335.6484173299777
0.17,0.05,33230.769230769234,336.14991358676855
0.19,0.05,33230.769230769234,336.4001937442168
0.21,0.05,33230.769230769234,336.40019374421684
0.23,0.05,33230.769230769234,336.1499135867686
0.25,0.05,33230.769230769234,335.64841732997775
0.27,0.05,33230.769230769234,334.89365839292043
0.29,0.05,33230.769230769234,333.88208759327665
0.31,0.05,33230.769230769234,332.6079393505794
0.33,0.05,33230.769230769234,331.06198780712697
0.35,0.05,33230.769230769234,329.229402648082
0.37,0.05,33230.769230769234,327.0862598608638
0.39,0.05,33230.769230769234,324.59502875359385
0.01,0.07,33230.769230769234,324.98449953022885
0.03,0.07,33230.769230769234,328.2278385599995
0.05,0.07,33230.769230769234,331.06198780712697
0.07,0.07,33230.769230769234,333.5077487063396
0.09,0.07,33230.769230769234,335.58190608604906
0.11,0.07,33230.769230769234,337.2966355271012
0.13,0.07,33230.769230769234,338.6604264820023
0.15,0.07,33230.769230769234,339.6790443010269
0.17,0.07,33230.769230769234,340.3562587437192
0.19,0.07,33230.769230769234,340.69433522396207
0.21,0.07,33230.769230769234,340.6943352239621
0.23,0.07,33230.769230769234,340.35625874371925
0.25,0.07,33230.769230769234,339.679044301027
0.27,0.07,33230.769230769234,338.6604264820024
0.29,0.07,33230.769230769234,337.2966355271011
0.31,0.07,33230.769230769234,335.581906086049
0.33,0.07,33230.769230769234,333.5077487063396
0.35,0.07,33230.769230769234,331.061987807127
0.37,0.07,33230.769230769234,328.22783855999955
0.39,0.07,33230.769230769234,324.9844995302288
0.01,0.09,33230.769230769234,325.3093720897202
0.03,0.09,33230.769230769234,329.18522795056055
0.05,0.09,33230.769230769234,332.60793935057944
0.07,0.09,33230.769230769234,335.58190608604906
0.09,0.09,33230.769230769234,338.11486857649027
0.11,0.09,33230.769230769234,340.2144155612466
0.13,0.09,33230.769230769234,341.8869068724706
0.15,0.09,33230.769230769234,343.1372491686023
0.17,0.09,33230.769230769234,343.96895252381336
0.19,0.09,33230.769230769234,344.38425953023943
0.21,0.09,33230.769230769234,344.3842595302395
0.23,0.09,33230.769230769234,343.9689525238134
0.25,0.09,33230.769230769234,343.1372491686024
0.27,0.09,33230.769230769234,341.8869068724707
0.29,0.09,33230.769230769234,340.2144155612466
0.31,0.09,33230.769230769234,338.1148685764901
0.33,0.09,33230.769230769234,335.58190608604895
0.35,0.09,33230.769230769234,332.60793935057944
0.37,0.09,33230.769230769234,329.18522795056055
0.39,0.09,33230.769230769234,325.30937208972017
0.01,0.11,33230.769230769234,325.5756280856008
0.03,0.11,33230.769230769234,329.97182076469187
0.05,0.11,33230.769230769234,333.88208759327665
0.07,0.11,33230.769230769234,337.2966355271011
0.09,0.11,33230.769230769234,340.2144155612466
0.11,0.11,33230.769230769234,342.63799131409127
0.13,0.11,33230.769230769234,344.57107844149886
0.15,0.11,33230.769230769234,346.0173299558997
0.17,0.11,33230.769230769234,346.97975069018656
0.19,0.11,33230.769230769234,347.4604295662024
0.21,0.11,33230.769230769234,347.4604295662024
0.23,0.11,33230.769230769234,346.9797506901866
0.25,0.11,33230.769230769234,346.0173299558998
0.27,0.11,33230.769230769234,344.57107844149886
0.29,0.11,33230.769230769234,342.63799131409127
0.31,0.11,33230.769230769234,340.2144155612466
0.33,0.11,33230.769230769234,337.29663552710105
0.35,0.11,33230.769230769234,333.88208759327665
0.37,0.11,33230.769230769234,329.97182076469187
0.39,0.11,33230.769230769234,325.5756280856008
0.01,0.13,33230.769230769234,325.7863681201499
0.03,0.13,33230.769230769234,330.59521381296673
0.05,0.13,33230.769230769234,334.89365839292043
0.07,0.13,33230.769230769234,338.6604264820024
0.09,0.13,33230.769230769234,341.88690687247066
0.11,0.13,33230.769230769234,344.5710784414988
0.13,0.13,33230.769230769234,346.7140980300591
0.15,0.13,33230.769230769234,348.31833038226563
0.17,0.13,33230.769230769234,349.38621819772925
0.19,0.13,33230.769230769234,349.9196542907428
0.21,0.13,33230.769230769234,349.9196542907428
0.23,0.13,33230.769230769234,349.38621819772936
0.25,0.13,33230.769230769234,348.3183303822657
0.27,0.13,33230.769230769234,346.7140980300592
0.29,0.13,33230.769230769234,344.5710784414988
0.31,0.13,33230.769230769234,341.88690687247066
0.33,0.13,33230.769230769234,338.6604264820024
0.35,0.13,33230.769230769234,334.89365839292043
0.37,0.13,33230.769230769234,330.59521381296673
0.39,0.13,33230.769230769234,325.7863681201499
0.01,0.15,33230.769230769234,325.9433296804488
0.03,0.15,33230.769230769234,331.0598699132012
0.05,0.15,33230.769230769234,335.6484173299777
0.07,0.15,33230.769230769234,339.6790443010269
0.09,0.15,33230.769230769234,343.13724916860235
0.11,0.15,33230.769230769234,346.0173299558997
0.13,0.15,33230.769230769234,348.3183303822656
0.15,0.15,33230.769230769234,350.0415198966279
0.17,0.15,33230.769230769234,351.1888483300794
0.19,0.15,33230.769230769234,351.7620283375303
0.21,0.15,33230.769230769234,351.7620283375303
0.23,0.15,33230.769230769234,351.1888483300794
0.25,0.15,33230.769230769234,350.041519896628
0.27,0.15,33230.769230769234,348.31833038226563
0.29,0.15,33230.769230769234,346.0173299558997
0.31,0.15,33230.769230769234,343.13724916860235
0.33,0.15,33230.769230769234,339.679044301027
0.35,0.15,33230.769230769234,335.64841732997775
0.37,0.15,33230.769230769234,331.0598699132012
0.39,0.15,33230.769230769234,325.9433296804488
0.01,0.17,33230.769230769234,326.0475156166732
0.03,0.17,33230.769230769234,331.3684279320519
0.05,0.17,33230.769230769234,336.1499135867685
0.07,0.17,33230.769230769234,340.35625874371914
0.09,0.17,33230.769230769234,343.9689525238133
0.11,0.17,33230.769230769234,346.97975069018656
0.13,0.17,33230.769230769234,349.38621819772925
0.15,0.17,33230.769230769234,351.1888483300794
0.17,0.17,33230.769230769234,352.3892368033579
0.19,0.17,33230.769230769234,352.9889645062999
0.21,0.17,33230.769230769234,352.9889645062999
0.23,0.17,33230.769230769234,352.3892368033579
0.25,0.17,33230.769230769234,351.18884833007945
0.27,0.17,33230.769230769234,349.3862181977293
0.29,0.17,33230.769230769234,346.97975069018656
0.31,0.17,33230.769230769234,343.96895252381336
0.33,0.17,33230.769230769234,340.3562587437192
0.35,0.17,33230.769230769234,336.1499135867686
0.37,0.17,33230.769230769234,331.368427932052
0.39,0.17,33230.769230769234,326.0475156166732
0.01,0.19,33230.769230769234,326.09948343769764
0.03,0.19,33230.769230769234,331.52237211297523
0.05,0.19,33230.769230769234,336.4001937442167
0.07,0.19,33230.769230769234,340.694335223962
0.09,0.19,33230.769230769234,344.3842595302394
0.11,0.19,33230.769230769234,347.46042956620227
0.13,0.19,33230.769230769234,349.9196542907427
0.15,0.19,33230.769230769234,351.7620283375303
0.17,0.19,33230.769230769234,352.9889645062999
0.19,0.19,33230.769230769234,353.6019753002449
0.21,0.19,33230.769230769234,353.6019753002449
0.23,0.19,33230.769230769234,352.9889645062999
0.25,0.19,33230.769230769234,351.7620283375303
0.27,0.19,33230.769230769234,349.9196542907428
0.29,0.19,33230.769230769234,347.4604295662024
0.31,0.19,33230.769230769234,344.3842595302394
0.33,0.19,33230.769230769234,340.694335223962
0.35,0.19,33230.769230769234,336.4001937442168
0.37,0.19,33230.769230769234,331.5223721129753
0.39,0.19,33230.769230769234,326.09948343769764
0.01,0.21,33230.769230769234,326.09948343769764
0.03,0.21,33230.769230769234,331.52237211297523
0.05,0.21,33230.769230769234,336.4001937442167
0.07,0.21,33230.769230769234,340.694335223962
0.09,0.21,33230.769230769234,344.3842595302394
0.11,0.21,33230.769230769234,347.4604295662023
0.13,0.21,33230.769230769234,349.9196542907428
0.15,0.21,33230.769230769234,351.7620283375303
0.17,0.21,33230.769230769234,352.9889645062999
0.19,0.21,33230.769230769234,353.60197530024493
0.21,0.21,33230.769230769234,353.6019753002449
0.23,0.21,33230.769230769234,352.9889645062999
0.25,0.21,33230.769230769234,351.7620283375303
0.27,0.21,33230.769230769234,349.9196542907428
0.29,0.21,33230.769230769234,347.4604295662024
0.31,0.21,33230.769230769234,344.3842595302394
0.33,0.21,33230.769230769234,340.694335223962
0.35,0.21,33230.769230769234,336.4001937442167
0.37,0.21,33230.769230769234,331.52237211297523
0.39,0.21,33230.769230769234,326.09948343769764
0.01,0.23,33230.769230769234,326.0475156166732
0.03,0.23,33230.769230769234,331.3684279320519
0.05,0.23,33230.769230769234,336.14991358676855
0.07,0.23,33230.769230769234,340.3562587437192
0.09,0.23,33230.769230769234,343.96895252381336
0.11,0.23,33230.769230769234,346.9797506901866
0.13,0.23,33230.769230769234,349.3862181977293
0.15,0.23,33230.769230769234,351.1888483300794
0.17,0.23,33230.769230769234,352.38923680335785
0.19,0.23,33230.769230769234,352.9889645063
0.21,0.23,33230.769230769234,352.9889645063
0.23,0.23,33230.769230769234,352.3892368033579
0.25,0.23,33230.769230769234,351.18884833007945
0.27,0.23,33230.769230769234,349.3862181977294
0.29,0.23,33230.769230769234,346.9797506901866
0.31,0.23,33230.769230769234,343.96895252381336
0.33,0.23,33230.769230769234,340.35625874371914
0.35,0.23,33230.769230769234,336.14991358676855
0.37,0.23,33230.769230769234,331.3684279320519
0.39,0.23,33230.769230769234,326.04751561667325
0.01,0.25,33230.769230769234,325.9433296804488
0.03,0.25,33230.769230769234,331.0598699132011
0.05,0.25,33230.769230769234,335.64841732997775
0.07,0.25,33230.769230769234,339.679044301027
0.09,0.25,33230.769230769234,343.13724916860235
0.11,0.25,33230.769230769234,346.0173299558997
0.13,0.25,33230.769230769234,348.31833038226563
0.15,0.25,33230.769230769234,350.041519896628
0.17,0.25,33230.769230769234,351.1888483300794
0.19,0.25,33230.769230769234,351.7620283375303
0.21,0.25,33230.769230769234,351.76202833753035
0.23,0.25,33230.769230769234,351.18884833007945
0.25,0.25,33230.769230769234,350.0415198966281
0.27,0.25,33230.769230769234,348.3183303822657
0.29,0.25,33230.769230769234,346.0173299558998
0.31,0.25,33230.769230769234,343.13724916860235
0.33,0.25,33230.769230769234,339.6790443010269
0.35,0.25,33230.769230769234,335.6484173299777
0.37,0.25,33230.769230769234,331.0598699132012
0.39,0.25,33230.769230769234,325.94332968044887
0.01,0.27,33230.769230769234,325.7863681201499
0.03,0.27,33230.769230769234,330.59521381296673
0.05,0.27,33230.769230769234,334.8936583929204
0.07,0.27,33230.769230769234,338.66042648200244
0.09,0.27,33230.769230769234,341.88690687247066
0.11,0.27,33230.769230769234,344.5710784414988
0.13,0.27,33230.769230769234,346.7140980300591
0.15,0.27,33230.769230769234,348.31833038226563
0.17,0.27,33230.769230769234,349.38621819772936
0.19,0.27,33230.769230769234,349.9196542907428
0.21,0.27,33230.769230769234,349.9196542907428
0.23,0.27,33230.769230769234,349.3862181977294
0.25,0.27,33230.769230769234,348.3183303822657
0.27,0.27,33230.769230769234,346.71409803005923
0.29,0.27,33230.769230769234,344.57107844149886
0.31,0.27,33230.769230769234,341.88690687247066
0.33,0.27,33230.769230769234,338.6604264820023
0.35,0.27,33230.769230769234,334.8936583929204
0.37,0.27,33230.769230769234,330.5952138129667
0.39,0.27,33230.769230769234,325.7863681201499
0.01,0.29,33230.769230769234,325.5756280856008
0.03,0.29,33230.769230769234,329.97182076469187
0.05,0.29,33230.769230769234,333.8820875932767
0.07,0.29,33230.769230769234,337.2966355271012
0.09,0.29,33230.769230769234,340.21441556124665
0.11,0.29,33230.769230769234,342.63799131409127
0.13,0.29,33230.769230769234,344.5710784414988
0.15,0.29,33230.769230769234,346.0173299558997
0.17,0.29,33230.769230769234,346.97975069018656
0.19,0.29,33230.769230769234,347.4604295662024
0.21,0.29,33230.769230769234,347.4604295662024
0.23,0.29,33230.769230769234,346.9797506901867
0.25,0.29,33230.769230769234,346.01732995589987
0.27,0.29,33230.769230769234,344.57107844149886
0.29,0.29,33230.769230769234,342.63799131409127
0.31,0.29,33230.769230769234,340.2144155612466
0.33,0.29,33230.769230769234,337.2966355271011
0.35,0.29,33230.769230769234,333.88208759327665
0.37,0.29,33230.769230769234,329.97182076469187
0.39,0.29,33230.769230769234,325.5756280856007
0.01,0.31,33230.769230769234,325.3093720897202
0.03,0.31,33230.769230769234,329.1852279505606
0.05,0.31,33230.769230769234,332.6079393505795
0.07,0.31,33230.769230769234,335.5819060860491
0.09,0.31,33230.769230769234,338.1148685764903
0.11,0.31,33230.769230769234,340.2144155612466
0.13,0.31,33230.769230769234,341.8869068724706
0.15,0.31,33230.769230769234,343.1372491686023
0.17,0.31,33230.769230769234,343.9689525238133
0.19,0.31,33230.769230769234,344.3842595302394
0.21,0.31,33230.769230769234,344.3842595302395
0.23,0.31,33230.769230769234,343.9689525238134
0.25,0.31,33230.769230769234,343.1372491686024
0.27,0.31,33230.769230769234,341.8869068724707
0.29,0.31,33230.769230769234,340.21441556124665
0.31,0.31,33230.769230769234,338.11486857649027
0.33,0.31,33230.769230769234,335.58190608604906
0.35,0.31,33230.769230769234,332.6079393505795
0.37,0.31,33230.769230769234,329.1852279505606
0.39,0.31,33230.769230769234,325.3093720897202
0.01,0.33,33230.769230769234,324.9844995302288
0.03,0.33,33230.769230769234,328.22783855999955
0.05,0.33,33230.769230769234,331.061987807127
0.07,0.33,33230.769230769234,333.50774870633967
0.09,0.33,33230.769230769234,335.58190608604906
0.11,0.33,33230.769230769234,337.2966355271011
0.13,0.33,33230.769230769234,338.6604264820023
0.15,0.33,33230.769230769234,339.6790443010269
0.17,0.33,33230.769230769234,340.3562587437192
0.19,0.33,33230.769230769234,340.69433522396207
0.21,0.33,33230.769230769234,340.694335223962
0.23,0.33,33230.769230769234,340.3562587437192
0.25,0.33,33230.769230769234,339.679044301027
0.27,0.33,33230.769230769234,338.6604264820023
0.29,0.33,33230.769230769234,337.2966355271011
0.31,0.33,33230.769230769234,335.581906086049
0.33,0.33,33230.769230769234,333.5077487063396
0.35,0.33,33230.769230769234,331.061987807127
0.37,0.33,33230.769230769234,328.2278385599996
0.39,0.33,33230.769230769234,324.9844995302288
0.01,0.35,33230.769230769234,324.5950287535938
0.03,0.35,33230.769230769234,327.0862598608637
0.05,0.35,33230.769230769234,329.229402648082
0.07,0.35,33230.769230769234,331.061987807127
0.09,0.35,33230.769230769234,332.60793935057944
0.11,0.35,33230.769230769234,333.8820875932766
0.13,0.35,33230.769230769234,334.8936583929203
0.15,0.35,33230.769230769234,335.6484173299777
0.17,0.35,33230.769230769234,336.14991358676855
0.19,0.35,33230.769230769234,336.4001937442168
0.21,0.35,33230.769230769234,336.4001937442168
0.23,0.35,33230.769230769234,336.14991358676855
0.25,0.35,33230.769230769234,335.64841732997775
0.27,0.35,33230.769230769234,334.8936583929204
0.29,0.35,33230.769230769234,333.8820875932766
0.31,0.35,33230.769230769234,332.60793935057944
0.33,0.35,33230.769230769234,331.061987807127
0.35,0.35,33230.769230769234,329.22940264808204
0.37,0.35,33230.769230769234,327.08625986086383
0.39,0.35,33230.769230769234,324.5950287535939
0.01,0.37,33230.769230769234,324.1278628736592
0.03,0.37,33230.769230769234,325.7356692781289
0.05,0.37,33230.769230769234,327.0862598608637
0.07,0.37,33230.769230769234,328.2278385599995
0.09,0.37,33230.769230769234,329.18522795056055
0.11,0.37,33230.769230769234,329.9718207646918
0.13,0.37,33230.769230769234,330.5952138129667
0.15,0.37,33230.769230769234,331.0598699132012
0.17,0.37,33230.769230769234,331.368427932052
0.19,0.37,33230.769230769234,331.5223721129753
0.21,0.37,33230.769230769234,331.5223721129753
0.23,0.37,33230.769230769234,331.368427932052
0.25,0.37,33230.769230769234,331.0598699132012
0.27,0.37,33230.769230769234,330.5952138129667
0.29,0.37,33230.769230769234,329.9718207646918
0.31,0.37,33230.769230769234,329.18522795056055
0.33,0.37,33230.769230769234,328.2278385599995
0.35,0.37,33230.769230769234,327.0862598608638
0.37,0.37,33230.769230769234,325.7356692781289
0.39,0.37,33230.769230769234,324.12786287365924
0.01,0.39,33230.769230769234,323.54896383939865
0.03,0.39,33230.769230769234,324.12786287365924
0.05,0.39,33230.769230769234,324.59502875359385
0.07,0.39,33230.769230769234,324.9844995302288
0.09,0.39,33230.769230769234,325.30937208972017
0.11,0.39,33230.769230769234,325.5756280856007
0.13,0.39,33230.769230769234,325.78636812014986
0.15,0.39,33230.769230769234,325.9433296804488
0.17,0.39,33230.769230769234,326.04751561667325
0.19,0.39,33230.769230769234,326.0994834376977
0.21,0.39,33230.769230769234,326.0994834376977
0.23,0.39,33230.769230769234,326.04751561667325
0.25,0.39,33230.769230769234,325.94332968044887
0.27,0.39,33230.769230769234,325.7863681201499
0.29,0.39,33230.769230769234,325.5756280856007
0.31,0.39,33230.769230769234,325.30937208972017
0.33,0.39,33230.769230769234,324.9844995302288
0.35,0.39,33230.769230769234,324.5950287535939
0.37,0.39,33230.769230769234,324.12786287365924
0.39,0.39,33230.769230769234,323.54896383939865
0.01,0.01,35076.92307692308,323.527229284487
0.03,0.01,35076.92307692308,324.0776942530636
0.05,0.01,35076.92307692308,324.5240382519557
0.07,0.01,35076.92307692308,324.8976529906099
0.09,0.01,35076.92307692308,325.21036936076894
0.11,0.01,35076.92307692308,325.4674002936285
0.13,0.01,35076.92307692308,325.67131468931655
0.15,0.01,35076.92307692308,325.8234669655561
0.17,0.01,35076.92307692308,325.9245902269323
0.19,0.01,35076.92307692308,325.97506901943643
0.21,0.01,35076.92307692308,325.9750690194365
0.23,0.01,35076.92307692308,325.9245902269324
0.25,0.01,35076.92307692308,325.8234669655562
0.27,0.01,35076.92307692308,325.6713146893166
0.29,0.01,35076.92307692308,325.46740029362854
0.31,0.01,35076.92307692308,325.210369360769
0.33,0.01,35076.92307692308,324.8976529906099
0.35,0.01,35076.92307692308,324.52403825195574
0.37,0.01,35076.92307692308,324.0776942530636
0.39,0.01,35076.92307692308,323.527229284487
0.01,0.03,35076.92307692308,324.0776942530636
0.03,0.03,35076.92307692308,325.60910006761685
0.05,0.03,35076.92307692308,326.9006451318206
0.07,0.03,35076.92307692308,327.99628014347905
0.09,0.03,35076.92307692308,328.918061632129
0.11,0.03,35076.92307692308,329.677436948042
0.13,0.03,35076.92307692308,330.2805754819452
0.15,0.03,35076.92307692308,330.7308913773928
0.17,0.03,35076.92307692308,331.03028246168134
0.19,0.03,35076.92307692308,331.1797588279404
0.21,0.03,35076.92307692308,331.1797588279404
0.23,0.03,35076.92307692308,331.0302824616814
0.25,0.03,35076.92307692308,330.73089137739294
0.27,0.03,35076.92307692308,330.28057548194533
0.29,0.03,35076.92307692308,329.6774369480421
0.31,0.03,35076.92307692308,328.9180616321291
0.33,0.03,35076.92307692308,327.9962801434791
0.35,0.03,35076.92307692308,326.9006451318206
0.37,0.03,35076.92307692308,325.60910006761685
0.39,0.03,35076.92307692308,324.0776942530636
0.01,0.05,35076.92307692308,324.52403825195574
0.03,0.05,35076.92307692308,326.9006451318207
0.05,0.05,35076.92307692308,328.95227061443563
0.07,0.05,35076.92307692308,330.7123410929079
0.09,0.05,35076.92307692308,332.20143562310017
0.11,0.05,35076.92307692308,333.431748317803
0.13,0.05,35076.92307692308,334.4104669792936
0.15,0.05,35076.92307692308,335.1418294511448
0.17,0.05,35076.92307692308,335.62830110898767
0.19,0.05,35076.92307692308,335.8712370012579
0.21,0.05,35076.92307692308,335.8712370012579
0.23,0.05,35076.92307692308,335.6283011089877
0.25,0.05,35076.92307692308,335.1418294511449
0.27,0.05,35076.92307692308,334.41046697929363
0.29,0.05,35076.92307692308,333.4317483178031
0.31,0.05,35076.92307692308,332.2014356231002
0.33,0.05,35076.92307692308,330.71234109290793
0.35,0.05,35076.92307692308,328.95227061443563
0.37,0.05,35076.92307692308,326.9006451318207
0.39,0.05,35076.92307692308,324.52403825195574
0.01,0.07,35076.92307692308,324.89765299061
0.03,0.07,35076.92307692308,327.9962801434791
0.05,0.07,35076.92307692308,330.71234109290793
0.07,0.07,35076.92307692308,333.0631345999048
0.09,0.07,35076.92307692308,335.0620333099973
0.11,0.07,35076.92307692308,336.718259641669
0.13,0.07,35076.92307692308,338.0379098050158
0.15,0.07,35076.92307692308,339.02491877102045
0.17,0.07,35076.92307692308,339.6817501969298
0.19,0.07,35076.92307692308,340.0098369304368
0.21,0.07,35076.92307692308,340.0098369304368
0.23,0.07,35076.92307692308,339.6817501969298
0.25,0.07,35076.92307692308,339.0249187710205
0.27,0.07,35076.92307692308,338.0379098050159
0.29,0.07,35076.92307692308,336.71825964166914
0.31,0.07,35076.92307692308,335.06203330999733
0.33,0.07,35076.92307692308,333.06313459990486
0.35,0.07,35076.92307692308,330.71234109290793
0.37,0.07,35076.92307692308,327.9962801434791
0.39,0.07,35076.92307692308,324.8976529906099
0.01,0.09,35076.92307692308,325.21036936076894
0.03,0.09,35076.92307692308,328.9180616321291
0.05,0.09,35076.92307692308,332.2014356231002
0.07,0.09,35076.92307692308,335.0620333099973
0.09,0.09,35076.92307692308,337.50434441203873
0.11,0.09,35076.92307692308,339.5329195063303
0.13,0.09,35076.92307692308,341.1515551023296
0.15,0.09,35076.92307692308,342.3631570671015
0.17,0.09,35076.92307692308,343.16979555357733
0.19,0.09,35076.92307692308,343.572793075487
0.21,0.09,35076.92307692308,343.572793075487
0.23,0.09,35076.92307692308,343.1697955535774
0.25,0.09,35076.92307692308,342.3631570671016
0.27,0.09,35076.92307692308,341.1515551023297
0.29,0.09,35076.92307692308,339.5329195063304
0.31,0.09,35076.92307692308,337.5043444120388
0.33,0.09,35076.92307692308,335.0620333099973
0.35,0.09,35076.92307692308,332.2014356231002
0.37,0.09,35076.92307692308,328.91806163212914
0.39,0.09,35076.92307692308,325.210369360769
0.01,0.11,35076.92307692308,325.4674002936285
0.03,0.11,35076.92307692308,329.67743694804204
0.05,0.11,35076.92307692308,333.43174831780306
0.07,0.11,35076.92307692308,336.718259641669
0.09,0.11,35076.92307692308,339.53291950633024
0.11,0.11,35076.92307692308,341.87529671740333
0.13,0.11,35076.92307692308,343.7464883440718
0.15,0.11,35076.92307692308,345.1480622724064
0.17,0.11,35076.92307692308,346.0815059374263
0.19,0.11,35076.92307692308,346.547933165655
0.21,0.11,35076.92307692308,346.547933165655
0.23,0.11,35076.92307692308,346.0815059374263
0.25,0.11,35076.92307692308,345.14806227240643
0.27,0.11,35076.92307692308,343.74648834407185
0.29,0.11,35076.92307692308,341.87529671740344
0.31,0.11,35076.92307692308,339.5329195063304
0.33,0.11,35076.92307692308,336.7182596416691
0.35,0.11,35076.92307692308,333.43174831780306
0.37,0.11,35076.92307692308,329.67743694804204
0.39,0.11,35076.92307692308,325.46740029362854
0.01,0.13,35076.92307692308,325.67131468931655
0.03,0.13,35076.92307692308,330.2805754819452
0.05,0.13,35076.92307692308,334.4104669792936
0.07,0.13,35076.92307692308,338.0379098050157
0.09,0.13,35076.92307692308,341.15155510232955
0.11,0.13,35076.92307692308,343.74648834407174
0.13,0.13,35076.92307692308,345.82125452561934
0.15,0.13,35076.92307692308,347.3760976797424
0.17,0.13,35076.92307692308,348.41189830300755
0.19,0.13,35076.92307692308,348.9295376026057
0.21,0.13,35076.92307692308,348.9295376026057
0.23,0.13,35076.92307692308,348.4118983030075
0.25,0.13,35076.92307692308,347.3760976797424
0.27,0.13,35076.92307692308,345.8212545256194
0.29,0.13,35076.92307692308,343.74648834407185
0.31,0.13,35076.92307692308,341.1515551023296
0.33,0.13,35076.92307692308,338.0379098050158
0.35,0.13,35076.92307692308,334.4104669792936
0.37,0.13,35076.92307692308,330.2805754819452
0.39,0.13,35076.92307692308,325.6713146893166
0.01,0.15,35076.92307692308,325.82346696555607
0.03,0.15,35076.92307692308,330.7308913773928
0.05,0.15,35076.92307692308,335.1418294511448
0.07,0.15,35076.92307692308,339.0249187710204
0.09,0.15,35076.92307692308,342.36315706710144
0.11,0.15,35076.92307692308,345.1480622724063
0.13,0.15,35076.92307692308,347.3760976797424
0.15,0.15,35076.92307692308,349.0464006844245
0.17,0.15,35076.92307692308,350.15933212318737
0.19,0.15,35076.92307692308,350.71556775066887
0.21,0.15,35076.92307692308,350.7155677506688
0.23,0.15,35076.92307692308,350.1593321231873
0.25,0.15,35076.92307692308,349.0464006844245
0.27,0.15,35076.92307692308,347.3760976797423
0.29,0.15,35076.92307692308,345.1480622724064
0.31,0.15,35076.92307692308,342.36315706710155
0.33,0.15,35076.92307692308,339.02491877102045
0.35,0.15,35076.92307692308,335.1418294511448
0.37,0.15,35076.92307692308,330.7308913773928
0.39,0.15,35076.92307692308,325.8234669655561
0.01,0.17,35076.92307692308,325.92459022693225
0.03,0.17,35076.92307692308,331.0302824616812
0.05,0.17,35076.92307692308,335.6283011089876
0.07,0.17,35076.92307692308,339.68175019692967
0.09,0.17,35076.92307692308,343.1697955535772
0.11,0.17,35076.92307692308,346.0815059374262
0.13,0.17,35076.92307692308,348.4118983030075
0.15,0.17,35076.92307692308,350.15933212318726
0.17,0.17,35076.92307692308,351.323798271751
0.19,0.17,35076.92307692308,351.9058239889296
0.21,0.17,35076.92307692308,351.9058239889295
0.23,0.17,35076.92307692308,351.32379827175095
0.25,0.17,35076.92307692308,350.15933212318726
0.27,0.17,35076.92307692308,348.4118983030075
0.29,0.17,35076.92307692308,346.0815059374263
0.31,0.17,35076.92307692308,343.16979555357733
0.33,0.17,35076.92307692308,339.6817501969298
0.35,0.17,35076.92307692308,335.62830110898767
0.37,0.17,35076.92307692308,331.03028246168134
0.39,0.17,35076.92307692308,325.9245902269323
0.01,0.19,35076.92307692308,325.97506901943643
0.03,0.19,35076.92307692308,331.1797588279403
0.05,0.19,35076.92307692308,335.8712370012578
0.07,0.19,35076.92307692308,340.0098369304367
0.09,0.19,35076.92307692308,343.5727930754869
0.11,0.19,35076.92307692308,346.5479331656549
0.13,0.19,35076.92307692308,348.92953760260565
0.15,0.19,35076.92307692308,350.7155677506688
0.17,0.19,35076.92307692308,351.9058239889296
0.19,0.19,35076.92307692308,352.5007566255508
0.21,0.19,35076.92307692308,352.5007566255508
0.23,0.19,35076.92307692308,351.9058239889295
0.25,0.19,35076.92307692308,350.7155677506688
0.27,0.19,35076.92307692308,348.92953760260565
0.29,0.19,35076.92307692308,346.547933165655
0.31,0.19,35076.92307692308,343.5727930754869
0.33,0.19,35076.92307692308,340.0098369304367
0.35,0.19,35076.92307692308,335.8712370012578
0.37,0.19,35076.92307692308,331.1797588279403
0.39,0.19,35076.92307692308,325.97506901943643
0.01,0.21,35076.92307692308,325.97506901943643
0.03,0.21,35076.92307692308,331.1797588279403
0.05,0.21,35076.92307692308,335.87123700125784
0.07,0.21,35076.92307692308,340.0098369304368
0.09,0.21,35076.92307692308,343.57279307548697
0.11,0.21,35076.92307692308,346.5479331656549
0.13,0.21,35076.92307692308,348.92953760260565
0.15,0.21,35076.92307692308,350.7155677506688
0.17,0.21,35076.92307692308,351.9058239889296
0.19,0.21,35076.92307692308,352.5007566255508
0.21,0.21,35076.92307692308,352.5007566255508
0.23,0.21,35076.92307692308,351.9058239889296
0.25,0.21,35076.92307692308,350.7155677506688
0.27,0.21,35076.92307692308,348.9295376026057
0.29,0.21,35076.92307692308,346.54793316565497
0.31,0.21,35076.92307692308,343.5727930754869
0.33,0.21,35076.92307692308,340.00983693043673
0.35,0.21,35076.92307692308,335.8712370012578
0.37,0.21,35076.92307692308,331.1797588279404
0.39,0.21,35076.92307692308,325.97506901943643
0.01,0.23,35076.92307692308,325.9245902269323
0.03,0.23,35076.92307692308,331.0302824616813
0.05,0.23,35076.92307692308,335.62830110898767
0.07,0.23,35076.92307692308,339.6817501969298
0.09,0.23,35076.92307692308,343.16979555357733
0.11,0.23,35076.92307692308,346.0815059374263
0.13,0.23,35076.92307692308,348.4118983030075
0.15,0.23,35076.92307692308,350.15933212318726
0.17,0.23,35076.92307692308,351.323798271751
0.19,0.23,35076.92307692308,351.9058239889296
0.21,0.23,35076.92307692308,351.9058239889296
0.23,0.23,35076.92307692308,351.323798271751
0.25,0.23,35076.92307692308,350.1593321231873
0.27,0.23,35076.92307692308,348.41189830300755
0.29,0.23,35076.92307692308,346.08150593742624
0.31,0.23,35076.92307692308,343.1697955535772
0.33,0.23,35076.92307692308,339.6817501969297
0.35,0.23,35076.92307692308,335.6283011089876
0.37,0.23,35076.92307692308,331.0302824616813
0.39,0.23,35076.92307692308,325.9245902269323
0.01,0.25,35076.92307692308,325.8234669655561
0.03,0.25,35076.92307692308,330.7308913773928
0.05,0.25,35076.92307692308,335.1418294511448
0.07,0.25,35076.92307692308,339.02491877102045
0.09,0.25,35076.92307692308,342.3631570671016
0.11,0.25,35076.92307692308,345.14806227240643
0.13,0.25,35076.92307692308,347.37609767974243
0.15,0.25,35076.92307692308,349.0464006844245
0.17,0.25,35076.92307692308,350.15933212318726
0.19,0.25,35076.92307692308,350.71556775066887
0.21,0.25,35076.92307692308,350.71556775066887
0.23,0.25,35076.92307692308,350.15933212318737
0.25,0.25,35076.92307692308,349.0464006844245
0.27,0.25,35076.92307692308,347.3760976797424
0.29,0.25,35076.92307692308,345.1480622724064
0.31,0.25,35076.92307692308,342.3631570671015
0.33,0.25,35076.92307692308,339.0249187710204
0.35,0.25,35076.92307692308,335.1418294511448
0.37,0.25,35076.92307692308,330.7308913773928
0.39,0.25,35076.92307692308,325.8234669655562
0.01,0.27,35076.92307692308,325.6713146893166
0.03,0.27,35076.92307692308,330.28057548194533
0.05,0.27,35076.92307692308,334.41046697929363
0.07,0.27,35076.92307692308,338.03790980501583
0.09,0.27,35076.92307692308,341.1515551023296
0.11,0.27,35076.92307692308,343.74648834407185
0.13,0.27,35076.92307692308,345.8212545256194
0.15,0.27,35076.92307692308,347.3760976797424
0.17,0.27,35076.92307692308,348.41189830300755
0.19,0.27,35076.92307692308,348.92953760260565
0.21,0.27,35076.92307692308,348.92953760260565
0.23,0.27,35076.92307692308,348.41189830300755
0.25,0.27,35076.92307692308,347.3760976797424
0.27,0.27,35076.92307692308,345.8212545256194
0.29,0.27,35076.92307692308,343.74648834407185
0.31,0.27,35076.92307692308,341.1515551023296
0.33,0.27,35076.92307692308,338.0379098050158
0.35,0.27,35076.92307692308,334.4104669792935
0.37,0.27,35076.92307692308,330.2805754819453
0.39,0.27,35076.92307692308,325.6713146893166
0.01,0.29,35076.92307692308,325.4674002936286
0.03,0.29,35076.92307692308,329.6774369480421
0.05,0.29,35076.92307692308,333.4317483178031
0.07,0.29,35076.92307692308,336.71825964166914
0.09,0.29,35076.92307692308,339.5329195063304
0.11,0.29,35076.92307692308,341.8752967174034
0.13,0.29,35076.92307692308,343.74648834407185
0.15,0.29,35076.92307692308,345.1480622724063
0.17,0.29,35076.92307692308,346.0815059374263
0.19,0.29,35076.92307692308,346.54793316565497
0.21,0.29,35076.92307692308,346.547933165655
0.23,0.29,35076.92307692308,346.0815059374264
0.25,0.29,35076.92307692308,345.14806227240643
0.27,0.29,35076.92307692308,343.7464883440719
0.29,0.29,35076.92307692308,341.8752967174034
0.31,0.29,35076.92307692308,339.5329195063304
0.33,0.29,35076.92307692308,336.7182596416691
0.35,0.29,35076.92307692308,333.43174831780306
0.37,0.29,35076.92307692308,329.6774369480421
0.39,0.29,35076.92307692308,325.46740029362854
0.01,0.31,35076.92307692308,325.210369360769
0.03,0.31,35076.92307692308,328.9180616321291
0.05,0.31,35076.92307692308,332.2014356231002
0.07,0.31,35076.92307692308,335.06203330999733
0.09,0.31,35076.92307692308,337.5043444120388
0.11,0.31,35076.92307692308,339.5329195063304
0.13,0.31,35076.92307692308,341.1515551023296
0.15,0.31,35076.92307692308,342.36315706710155
0.17,0.31,35076.92307692308,343.16979555357733
0.19,0.31,35076.92307692308,343.57279307548697
0.21,0.31,35076.92307692308,343.57279307548697
0.23,0.31,35076.92307692308,343.16979555357733
0.25,0.31,35076.92307692308,342.3631570671016
0.27,0.31,35076.92307692308,341.15155510232967
0.29,0.31,35076.92307692308,339.5329195063304
0.31,0.31,35076.92307692308,337.5043444120388
0.33,0.31,35076.92307692308,335.0620333099973
0.35,0.31,35076.92307692308,332.2014356231002
0.37,0.31,35076.92307692308,328.9180616321291
0.39,0.31,35076.92307692308,325.210369360769
0.01,0.33,35076.92307692308,324.89765299061
0.03,0.33,35076.92307692308,327.9962801434791
0.05,0.33,35076.92307692308,330.71234109290793
0.07,0.33,35076.92307692308,333.0631345999049
0.09,0.33,35076.92307692308,335.06203330999733
0.11,0.33,35076.92307692308,336.7182596416691
0.13,0.33,35076.92307692308,338.03790980501583
0.15,0.33,35076.92307692308,339.02491877102045
0.17,0.33,35076.92307692308,339.6817501969297
0.19,0.33,35076.92307692308,340.00983693043673
0.21,0.33,35076.92307692308,340.0098369304368
0.23,0.33,35076.92307692308,339.68175019692984
0.25,0.33,35076.92307692308,339.0249187710205
0.27,0.33,35076.92307692308,338.0379098050158
0.29,0.33,35076.92307692308,336.718259641669
0.31,0.33,35076.92307692308,335.0620333099973
0.33,0.33,35076.92307692308,333.0631345999048
0.35,0.33,35076.92307692308,330.71234109290793
0.37,0.33,35076.92307692308,327.9962801434791
0.39,0.33,35076.92307692308,324.8976529906099
0.01,0.35,35076.92307692308,324.5240382519557
0.03,0.35,35076.92307692308,326.9006451318206
0.05,0.35,35076.92307692308,328.95227061443563
0.07,0.35,35076.92307692308,330.71234109290793
0.09,0.35,35076.92307692308,332.2014356231002
0.11,0.35,35076.92307692308,333.43174831780306
0.13,0.35,35076.92307692308,334.4104669792936
0.15,0.35,35076.92307692308,335.1418294511448
0.17,0.35,35076.92307692308,335.62830110898767
0.19,0.35,35076.92307692308,335.87123700125784
0.21,0.35,35076.92307692308,335.87123700125784
0.23,0.35,35076.92307692308,335.6283011089877
0.25,0.35,35076.92307692308,335.1418294511448
0.27,0.35,35076.92307692308,334.4104669792935
0.29,0.35,35076.92307692308,333.431748317803
0.31,0.35,35076.92307692308,332.20143562310017
0.33,0.35,35076.92307692308,330.7123410929078
0.35,0.35,35076.92307692308,328.95227061443563
0.37,0.35,35076.92307692308,326.9006451318206
0.39,0.35,35076.92307692308,324.5240382519557
0.01,0.37,35076.92307692308,324.0776942530636
0.03,0.37,35076.92307692308,325.6091000676168
0.05,0.37,35076.92307692308,326.9006451318206
0.07,0.37,35076.92307692308,327.99628014347905
0.09,0.37,35076.92307692308,328.918061632129
0.11,0.37,35076.92307692308,329.67743694804204
0.13,0.37,35076.92307692308,330.2805754819452
0.15,0.37,35076.92307692308,330.7308913773928
0.17,0.37,35076.92307692308,331.03028246168134
0.19,0.37,35076.92307692308,331.1797588279404
0.21,0.37,35076.92307692308,331.1797588279404
0.23,0.37,35076.92307692308,331.0302824616814
0.25,0.37,35076.92307692308,330.7308913773929
0.27,0.37,35076.92307692308,330.2805754819452
0.29,0.37,35076.92307692308,329.677436948042
0.31,0.37,35076.92307692308,328.918061632129
0.33,0.37,35076.92307692308,327.99628014347905
0.35,0.37,35076.92307692308,326.9006451318206
0.37,0.37,35076.92307692308,325.6091000676168
0.39,0.37,35076.92307692308,324.0776942530636
0.01,0.39,35076.92307692308,323.527229284487
0.03,0.39,35076.92307692308,324.0776942530636
0.05,0.39,35076.92307692308,324.5240382519557
0.07,0.39,35076.92307692308,324.8976529906099
0.09,0.39,35076.92307692308,325.21036936076894
0.11,0.39,35076.92307692308,325.46740029362854
0.13,0.39,35076.92307692308,325.6713146893166
0.15,0.39,35076.92307692308,325.8234669655561
0.17,0.39,35076.92307692308,325.9245902269324
0.19,0.39,35076.92307692308,325.9750690194365
0.21,0.39,35076.92307692308,325.9750690194365
0.23,0.39,35076.92307692308,325.9245902269323
0.25,0.39,35076.92307692308,325.8234669655561
0.27,0.39,35076.92307692308,325.67131468931655
0.29,0.39,35076.92307692308,325.4674002936285
0.31,0.39,35076.92307692308,325.21036936076894
0.33,0.39,35076.92307692308,324.8976529906099
0.35,0.39,35076.92307692308,324.5240382519557
0.37,0.39,35076.92307692308,324.0776942530636
0.39,0.39,35076.92307692308,323.527229284487
0.01,0.01,36923.07692307692,323.5064496330996
0.03,0.01,36923.07692307692,324.0286946444997
0.05,0.01,36923.07692307692,324.4536282045824
0.07,0.01,36923.07692307692,324.8103712483781
0.09,0.01,36923.07692307692,325.1097117277814
0.11,0.01,36923.07692307692,325.3562581157869
0.13,0.01,36923.07692307692,325.55217903569786
0.15,0.01,36923.07692307692,325.69855135633463
0.17,0.01,36923.07692307692,325.79591904041115
0.19,0.01,36923.07692307692,325.8445484636062
0.21,0.01,36923.07692307692,325.8445484636063
0.23,0.01,36923.07692307692,325.79591904041126
0.25,0.01,36923.07692307692,325.69855135633475
0.27,0.01,36923.07692307692,325.55217903569803
0.29,0.01,36923.07692307692,325.356258115787
0.31,0.01,36923.07692307692,325.1097117277816
0.33,0.01,36923.07692307692,324.81037124837803
0.35,0.01,36923.07692307692,324.4536282045824
0.37,0.01,36923.07692307692,324.02869464449964
0.39,0.01,36923.07692307692,323.5064496330996
0.01,0.03,36923.07692307692,324.0286946444997
0.03,0.03,36923.07692307692,325.4833708608885
0.05,0.03,36923.07692307692,326.71379095950635
0.07,0.03,36923.07692307692,327.7603598781778
0.09,0.03,36923.07692307692,328.64291085980113
0.11,0.03,36923.07692307692,329.37138487891
0.13,0.03,36923.07692307692,329.9508841383551
0.15,0.03,36923.07692307692,330.384063604479
0.17,0.03,36923.07692307692,330.67229979679155
0.19,0.03,36923.07692307692,330.8162769653985
0.21,0.03,36923.07692307692,330.8162769653986
0.23,0.03,36923.07692307692,330.67229979679166
0.25,0.03,36923.07692307692,330.3840636044791
0.27,0.03,36923.07692307692,329.9508841383552
0.29,0.03,36923.07692307692,329.37138487891013
0.31,0.03,36923.07692307692,328.6429108598012
0.33,0.03,36923.07692307692,327.7603598781778
0.35,0.03,36923.07692307692,326.71379095950635
0.37,0.03,36923.07692307692,325.48337086088844
0.39,0.03,36923.07692307692,324.0286946444997
0.01,0.05,36923.07692307692,324.4536282045824
0.03,0.05,36923.07692307692,326.71379095950635
0.05,0.05,36923.07692307692,328.6698982609334
0.07,0.05,36923.07692307692,330.35210663571104
0.09,0.05,36923.07692307692,331.77839339640684
0.11,0.05,36923.07692307692,332.95895078241523
0.13,0.05,36923.07692307692,333.89945428763195
0.15,0.05,36923.07692307692,334.6030329514996
0.17,0.05,36923.07692307692,335.0713815652789
0.19,0.05,36923.07692307692,335.3053719670136
0.21,0.05,36923.07692307692,335.3053719670136
0.23,0.05,36923.07692307692,335.0713815652789
0.25,0.05,36923.07692307692,334.60303295149964
0.27,0.05,36923.07692307692,333.899454287632
0.29,0.05,36923.07692307692,332.95895078241534
0.31,0.05,36923.07692307692,331.7783933964069
0.33,0.05,36923.07692307692,330.352106635711
0.35,0.05,36923.07692307692,328.6698982609334
0.37,0.05,36923.07692307692,326.71379095950635
0.39,0.05,36923.07692307692,324.45362820458234
0.01,0.07,36923.07692307692,324.81037124837803
0.03,0.07,36923.07692307692,327.7603598781778
0.05,0.07,36923.07692307692,330.35210663571104
0.07,0.07,36923.07692307692,332.6003147607571
0.09,0.07,36923.07692307692,334.515809907113
0.11,0.07,36923.07692307692,336.1056185161516
0.13,0.07,36923.07692307692,337.3740703332724
0.15,0.07,36923.07692307692,338.323761473225
0.17,0.07,36923.07692307692,338.9562091966423
0.19,0.07,36923.07692307692,339.2722481736277
0.21,0.07,36923.07692307692,339.2722481736277
0.23,0.07,36923.07692307692,338.9562091966424
0.25,0.07,36923.07692307692,338.3237614732251
0.27,0.07,36923.07692307692,337.3740703332725
0.29,0.07,36923.07692307692,336.1056185161518
0.31,0.07,36923.07692307692,334.51580990711307
0.33,0.07,36923.07692307692,332.6003147607571
0.35,0.07,36923.07692307692,330.35210663571104
0.37,0.07,36923.07692307692,327.7603598781777
0.39,0.07,36923.07692307692,324.81037124837803
0.01,0.09,36923.07692307692,325.1097117277814
0.03,0.09,36923.07692307692,328.64291085980113
0.05,0.09,36923.07692307692,331.7783933964069
0.07,0.09,36923.07692307692,334.515809907113
0.09,0.09,36923.07692307692,336.8573368737178
0.11,0.09,36923.07692307692,338.8053092476314
0.13,0.09,36923.07692307692,340.3616332329474
0.15,0.09,36923.07692307692,341.52773079106936
0.17,0.09,36923.07692307692,342.3046008899447
0.19,0.09,36923.07692307692,342.6928804728256
0.21,0.09,36923.07692307692,342.69288047282555
0.23,0.09,36923.07692307692,342.3046008899448
0.25,0.09,36923.07692307692,341.5277307910696
0.27,0.09,36923.07692307692,340.36163323294755
0.29,0.09,36923.07692307692,338.8053092476315
0.31,0.09,36923.07692307692,336.85733687371794
0.33,0.09,36923.07692307692,334.515809907113
0.35,0.09,36923.07692307692,331.7783933964069
0.37,0.09,36923.07692307692,328.64291085980113
0.39,0.09,36923.07692307692,325.1097117277814
0.01,0.11,36923.07692307692,325.3562581157869
0.03,0.11,36923.07692307692,329.3713848789101
0.05,0.11,36923.07692307692,332.9589507824153
0.07,0.11,36923.07692307692,336.10561851615176
0.09,0.11,36923.07692307692,338.80530924763144
0.11,0.11,36923.07692307692,341.05544183961626
0.13,0.11,36923.07692307692,342.85517375825214
0.15,0.11,36923.07692307692,344.2044967410796
0.17,0.11,36923.07692307692,345.1037340405078
0.19,0.11,36923.07692307692,345.55324312025675
0.21,0.11,36923.07692307692,345.55324312025675
0.23,0.11,36923.07692307692,345.1037340405079
0.25,0.11,36923.07692307692,344.2044967410797
0.27,0.11,36923.07692307692,342.85517375825225
0.29,0.11,36923.07692307692,341.0554418396163
0.31,0.11,36923.07692307692,338.80530924763144
0.33,0.11,36923.07692307692,336.1056185161517
0.35,0.11,36923.07692307692,332.9589507824153
0.37,0.11,36923.07692307692,329.3713848789101
0.39,0.11,36923.07692307692,325.35625811578694
0.01,0.13,36923.07692307692,325.55217903569786
0.03,0.13,36923.07692307692,329.95088413835515
0.05,0.13,36923.07692307692,333.899454287632
0.07,0.13,36923.07692307692,337.3740703332724
0.09,0.13,36923.07692307692,340.36163323294744
0.11,0.13,36923.07692307692,342.8551737582522
0.13,0.13,36923.07692307692,344.8512850051197
0.15,0.13,36923.07692307692,346.34857283651684
0.17,0.13,36923.07692307692,347.34668109504537
0.19,0.13,36923.07692307692,347.8456754914634
0.21,0.13,36923.07692307692,347.8456754914634
0.23,0.13,36923.07692307692,347.3466810950455
0.25,0.13,36923.07692307692,346.3485728365169
0.27,0.13,36923.07692307692,344.85128500511973
0.29,0.13,36923.07692307692,342.8551737582522
0.31,0.13,36923.07692307692,340.36163323294744
0.33,0.13,36923.07692307692,337.3740703332724
0.35,0.13,36923.07692307692,333.89945428763195
0.37,0.13,36923.07692307692,329.95088413835515
0.39,0.13,36923.07692307692,325.5521790356979
0.01,0.15,36923.07692307692,325.69855135633463
0.03,0.15,36923.07692307692,330.38406360447897
0.05,0.15,36923.07692307692,334.6030329514996
0.07,0.15,36923.07692307692,338.323761473225
0.09,0.15,36923.07692307692,341.5277307910694
0.11,0.15,36923.07692307692,344.20449674107965
0.13,0.15,36923.07692307692,346.3485728365169
0.15,0.15,36923.07692307692,347.95741497845614
0.17,0.15,36923.07692307692,349.0300911050562
0.19,0.15,36923.07692307692,349.56641372616707
0.21,0.15,36923.07692307692,349.56641372616707
0.23,0.15,36923.07692307692,349.0300911050562
0.25,0.15,36923.07692307692,347.95741497845614
0.27,0.15,36923.07692307692,346.3485728365169
0.29,0.15,36923.07692307692,344.20449674107965
0.31,0.15,36923.07692307692,341.5277307910695
0.33,0.15,36923.07692307692,338.323761473225
0.35,0.15,36923.07692307692,334.6030329514996
0.37,0.15,36923.07692307692,330.384063604479
0.39,0.15,36923.07692307692,325.69855135633463
0.01,0.17,36923.07692307692,325.79591904041115
0.03,0.17,36923.07692307692,330.6722997967915
0.05,0.17,36923.07692307692,335.07138156527884
0.07,0.17,36923.07692307692,338.9562091966423
0.09,0.17,36923.07692307692,342.3046008899447
0.11,0.17,36923.07692307692,345.10373404050785
0.13,0.17,36923.07692307692,347.3466810950454
0.15,0.17,36923.07692307692,349.0300911050562
0.17,0.17,36923.07692307692,350.1526225287036
0.19,0.17,36923.07692307692,350.7139051935893
0.21,0.17,36923.07692307692,350.7139051935893
0.23,0.17,36923.07692307692,350.1526225287036
0.25,0.17,36923.07692307692,349.0300911050563
0.27,0.17,36923.07692307692,347.3466810950454
0.29,0.17,36923.07692307692,345.10373404050785
0.31,0.17,36923.07692307692,342.3046008899447
0.33,0.17,36923.07692307692,338.95620919664225
0.35,0.17,36923.07692307692,335.07138156527884
0.37,0.17,36923.07692307692,330.67229979679155
0.39,0.17,36923.07692307692,325.7959190404112
0.01,0.19,36923.07692307692,325.8445484636062
0.03,0.19,36923.07692307692,330.8162769653985
0.05,0.19,36923.07692307692,335.3053719670135
0.07,0.19,36923.07692307692,339.27224817362776
0.09,0.19,36923.07692307692,342.69288047282555
0.11,0.19,36923.07692307692,345.55324312025675
0.13,0.19,36923.07692307692,347.8456754914634
0.15,0.19,36923.07692307692,349.56641372616707
0.17,0.19,36923.07692307692,350.7139051935893
0.19,0.19,36923.07692307692,351.28768484350815
0.21,0.19,36923.07692307692,351.28768484350815
0.23,0.19,36923.07692307692,350.7139051935893
0.25,0.19,36923.07692307692,349.566413726167
0.27,0.19,36923.07692307692,347.84567549146345
0.29,0.19,36923.07692307692,345.55324312025675
0.31,0.19,36923.07692307692,342.69288047282555
0.33,0.19,36923.07692307692,339.2722481736277
0.35,0.19,36923.07692307692,335.3053719670135
0.37,0.19,36923.07692307692,330.8162769653985
0.39,0.19,36923.07692307692,325.84454846360626
0.01,0.21,36923.07692307692,325.8445484636062
0.03,0.21,36923.07692307692,330.8162769653985
0.05,0.21,36923.07692307692,335.3053719670135
0.07,0.21,36923.07692307692,339.27224817362776
0.09,0.21,36923.07692307692,342.69288047282555
0.11,0.21,36923.07692307692,345.55324312025675
0.13,0.21,36923.07692307692,347.84567549146334
0.15,0.21,36923.07692307692,349.566413726167
0.17,0.21,36923.07692307692,350.7139051935893
0.19,0.21,36923.07692307692,351.28768484350815
0.21,0.21,36923.07692307692,351.28768484350815
0.23,0.21,36923.07692307692,350.7139051935893
0.25,0.21,36923.07692307692,349.566413726167
0.27,0.21,36923.07692307692,347.84567549146345
0.29,0.21,36923.07692307692,345.55324312025675
0.31,0.21,36923.07692307692,342.6928804728255
0.33,0.21,36923.07692307692,339.27224817362764
0.35,0.21,36923.07692307692,335.3053719670135
0.37,0.21,36923.07692307692,330.8162769653985
0.39,0.21,36923.07692307692,325.8445484636062
0.01,0.23,36923.07692307692,325.7959190404112
0.03,0.23,36923.07692307692,330.67229979679155
0.05,0.23,36923.07692307692,335.0713815652789
0.07,0.23,36923.07692307692,338.9562091966424
0.09,0.23,36923.07692307692,342.3046008899447
0.11,0.23,36923.07692307692,345.10373404050785
0.13,0.23,36923.07692307692,347.34668109504537
0.15,0.23,36923.07692307692,349.03009110505616
0.17,0.23,36923.07692307692,350.1526225287035
0.19,0.23,36923.07692307692,350.71390519358926
0.21,0.23,36923.07692307692,350.71390519358926
0.23,0.23,36923.07692307692,350.15262252870355
0.25,0.23,36923.07692307692,349.0300911050562
0.27,0.23,36923.07692307692,347.3466810950454
0.29,0.23,36923.07692307692,345.10373404050785
0.31,0.23,36923.07692307692,342.30460088994465
0.33,0.23,36923.07692307692,338.9562091966423
0.35,0.23,36923.07692307692,335.0713815652789
0.37,0.23,36923.07692307692,330.67229979679155
0.39,0.23,36923.07692307692,325.79591904041115
0.01,0.25,36923.07692307692,325.6985513563347
0.03,0.25,36923.07692307692,330.384063604479
0.05,0.25,36923.07692307692,334.6030329514996
0.07,0.25,36923.07692307692,338.32376147322503
0.09,0.25,36923.07692307692,341.5277307910695
0.11,0.25,36923.07692307692,344.2044967410797
0.13,0.25,36923.07692307692,346.34857283651684
0.15,0.25,36923.07692307692,347.9574149784561
0.17,0.25,36923.07692307692,349.03009110505616
0.19,0.25,36923.07692307692,349.56641372616696
0.21,0.25,36923.07692307692,349.56641372616696
0.23,0.25,36923.07692307692,349.03009110505616
0.25,0.25,36923.07692307692,347.95741497845614
0.27,0.25,36923.07692307692,346.3485728365169
0.29,0.25,36923.07692307692,344.20449674107965
0.31,0.25,36923.07692307692,341.5277307910694
0.33,0.25,36923.07692307692,338.323761473225
0.35,0.25,36923.07692307692,334.6030329514996
0.37,0.25,36923.07692307692,330.384063604479
0.39,0.25,36923.07692307692,325.69855135633463
0.01,0.27,36923.07692307692,325.552179035698
0.03,0.27,36923.07692307692,329.95088413835515
0.05,0.27,36923.07692307692,333.89945428763207
0.07,0.27,36923.07692307692,337.37407033327247
0.09,0.27,36923.07692307692,340.3616332329475
0.11,0.27,36923.07692307692,342.8551737582522
0.13,0.27,36923.07692307692,344.8512850051197
0.15,0.27,36923.07692307692,346.34857283651684
0.17,0.27,36923.07692307692,347.34668109504537
0.19,0.27,36923.07692307692,347.84567549146334
0.21,0.27,36923.07692307692,347.84567549146334
0.23,0.27,36923.07692307692,347.34668109504537
0.25,0.27,36923.07692307692,346.34857283651684
0.27,0.27,36923.07692307692,344.8512850051197
0.29,0.27,36923.07692307692,342.8551737582522
0.31,0.27,36923.07692307692,340.36163323294744
0.33,0.27,36923.07692307692,337.3740703332724
0.35,0.27,36923.07692307692,333.899454287632
0.37,0.27,36923.07692307692,329.95088413835515
0.39,0.27,36923.07692307692,325.552179035698
0.01,0.29,36923.07692307692,325.356258115787
0.03,0.29,36923.07692307692,329.37138487891013
0.05,0.29,36923.07692307692,332.95895078241534
0.07,0.29,36923.07692307692,336.1056185161518
0.09,0.29,36923.07692307692,338.8053092476315
0.11,0.29,36923.07692307692,341.0554418396163
0.13,0.29,36923.07692307692,342.8551737582522
0.15,0.29,36923.07692307692,344.20449674107965
0.17,0.29,36923.07692307692,345.1037340405078
0.19,0.29,36923.07692307692,345.5532431202567
0.21,0.29,36923.07692307692,345.55324312025675
0.23,0.29,36923.07692307692,345.103734040508
0.25,0.29,36923.07692307692,344.2044967410797
0.27,0.29,36923.07692307692,342.85517375825225
0.29,0.29,36923.07692307692,341.0554418396163
0.31,0.29,36923.07692307692,338.8053092476315
0.33,0.29,36923.07692307692,336.10561851615176
0.35,0.29,36923.07692307692,332.9589507824153
0.37,0.29,36923.07692307692,329.3713848789101
0.39,0.29,36923.07692307692,325.35625811578694
0.01,0.31,36923.07692307692,325.1097117277816
0.03,0.31,36923.07692307692,328.6429108598012
0.05,0.31,36923.07692307692,331.7783933964069
0.07,0.31,36923.07692307692,334.51580990711307
0.09,0.31,36923.07692307692,336.8573368737179
0.11,0.31,36923.07692307692,338.80530924763144
0.13,0.31,36923.07692307692,340.3616332329474
0.15,0.31,36923.07692307692,341.5277307910694
0.17,0.31,36923.07692307692,342.30460088994465
0.19,0.31,36923.07692307692,342.6928804728255
0.21,0.31,36923.07692307692,342.69288047282555
0.23,0.31,36923.07692307692,342.3046008899448
0.25,0.31,36923.07692307692,341.5277307910696
0.27,0.31,36923.07692307692,340.36163323294755
0.29,0.31,36923.07692307692,338.8053092476315
0.31,0.31,36923.07692307692,336.8573368737179
0.33,0.31,36923.07692307692,334.515809907113
0.35,0.31,36923.07692307692,331.7783933964069
0.37,0.31,36923.07692307692,328.6429108598012
0.39,0.31,36923.07692307692,325.1097117277814
0.01,0.33,36923.07692307692,324.8103712483781
0.03,0.33,36923.07692307692,327.7603598781778
0.05,0.33,36923.07692307692,330.35210663571104
0.07,0.33,36923.07692307692,332.6003147607571
0.09,0.33,36923.07692307692,334.515809907113
0.11,0.33,36923.07692307692,336.1056185161517
0.13,0.33,36923.07692307692,337.3740703332724
0.15,0.33,36923.07692307692,338.323761473225
0.17,0.33,36923.07692307692,338.9562091966423
0.19,0.33,36923.07692307692,339.2722481736277
0.21,0.33,36923.07692307692,339.2722481736277
0.23,0.33,36923.07692307692,338.9562091966424
0.25,0.33,36923.07692307692,338.32376147322503
0.27,0.33,36923.07692307692,337.37407033327247
0.29,0.33,36923.07692307692,336.10561851615176
0.31,0.33,36923.07692307692,334.51580990711307
0.33,0.33,36923.07692307692,332.6003147607571
0.35,0.33,36923.07692307692,330.35210663571104
0.37,0.33,36923.07692307692,327.7603598781778
0.39,0.33,36923.07692307692,324.81037124837803
0.01,0.35,36923.07692307692,324.4536282045824
0.03,0.35,36923.07692307692,326.71379095950635
0.05,0.35,36923.07692307692,328.6698982609334
0.07,0.35,36923.07692307692,330.352106635711
0.09,0.35,36923.07692307692,331.77839339640684
0.11,0.35,36923.07692307692,332.9589507824152
0.13,0.35,36923.07692307692,333.89945428763195
0.15,0.35,36923.07692307692,334.6030329514996
0.17,0.35,36923.07692307692,335.0713815652789
0.19,0.35,36923.07692307692,335.3053719670136
0.21,0.35,36923.07692307692,335.3053719670136
0.23,0.35,36923.07692307692,335.0713815652789
0.25,0.35,36923.07692307692,334.6030329514996
0.27,0.35,36923.07692307692,333.899454287632
0.29,0.35,36923.07692307692,332.95895078241523
0.31,0.35,36923.07692307692,331.77839339640684
0.33,0.35,36923.07692307692,330.352106635711
0.35,0.35,36923.07692307692,328.6698982609334
0.37,0.35,36923.07692307692,326.71379095950635
0.39,0.35,36923.07692307692,324.45362820458234
0.01,0.37,36923.07692307692,324.0286946444997
0.03,0.37,36923.07692307692,325.4833708608885
0.05,0.37,36923.07692307692,326.71379095950635
0.07,0.37,36923.07692307692,327.7603598781777
0.09,0.37,36923.07692307692,328.6429108598011
0.11,0.37,36923.07692307692,329.37138487891
0.13,0.37,36923.07692307692,329.9508841383551
0.15,0.37,36923.07692307692,330.38406360447897
0.17,0.37,36923.07692307692,330.67229979679155
0.19,0.37,36923.07692307692,330.8162769653986
0.21,0.37,36923.07692307692,330.8162769653986
0.23,0.37,36923.07692307692,330.67229979679155
0.25,0.37,36923.07692307692,330.384063604479
0.27,0.37,36923.07692307692,329.95088413835515
0.29,0.37,36923.07692307692,329.37138487891
0.31,0.37,36923.07692307692,328.6429108598011
0.33,0.37,36923.07692307692,327.7603598781777
0.35,0.37,36923.07692307692,326.71379095950635
0.37,0.37,36923.07692307692,325.4833708608885
0.39,0.37,36923.07692307692,324.0286946444997
0.01,0.39,36923.07692307692,323.5064496330996
0.03,0.39,36923.07692307692,324.0286946444997
0.05,0.39,36923.07692307692,324.4536282045824
0.07,0.39,36923.07692307692,324.81037124837803
0.09,0.39,36923.07692307692,325.10971172778136
0.11,0.39,36923.07692307692,325.35625811578694
0.13,0.39,36923.07692307692,325.5521790356979
0.15,0.39,36923.07692307692,325.69855135633463
0.17,0.39,36923.07692307692,325.7959190404112
0.19,0.39,36923.07692307692,325.8445484636063
0.21,0.39,36923.07692307692,325.8445484636063
0.23,0.39,36923.07692307692,325.7959190404112
0.25,0.39,36923.07692307692,325.6985513563347
0.27,0.39,36923.07692307692,325.552179035698
0.29,0.39,36923.07692307692,325.3562581157869
0.31,0.39,36923.07692307692,325.1097117277814
0.33,0.39,36923.07692307692,324.81037124837803
0.35,0.39,36923.07692307692,324.45362820458234
0.37,0.39,36923.07692307692,324.0286946444997
0.39,0.39,36923.07692307692,323.5064496330995
0.01,0.01,38769.23076923077,323.48665408214947
0.03,0.01,38769.23076923077,323.981218870471
0.05,0.01,38769.23076923077,324.38460933862274
0.07,0.01,38769.23076923077,324.7239881486664
0.09,0.01,38769.23076923077,325.0092794251463
0.11,0.01,38769.23076923077,325.2446126936914
0.13,0.01,38769.23076923077,325.4318512385645
0.15,0.01,38769.23076923077,325.5718664286536
0.17,0.01,38769.23076923077,325.6650653807882
0.19,0.01,38769.23076923077,325.71163043017145
0.21,0.01,38769.23076923077,325.7116304301715
0.23,0.01,38769.23076923077,325.6650653807882
0.25,0.01,38769.23076923077,325.57186642865366
0.27,0.01,38769.23076923077,325.43185123856455
0.29,0.01,38769.23076923077,325.24461269369147
0.31,0.01,38769.23076923077,325.0092794251464
0.33,0.01,38769.23076923077,324.7239881486664
0.35,0.01,38769.23076923077,324.3846093386228
0.37,0.01,38769.23076923077,323.981218870471
0.39,0.01,38769.23076923077,323.4866540821495
0.01,0.03,38769.23076923077,323.981218870471
0.03,0.03,38769.23076923077,325.35996713022604
0.05,0.03,38769.23076923077,326.52859311010104
0.07,0.03,38769.23076923077,327.524538863625
0.09,0.03,38769.23076923077,328.36584639343386
0.11,0.03,38769.23076923077,329.06128413896823
0.13,0.03,38769.23076923077,329.6151468800373
0.15,0.03,38769.23076923077,330.0295279134926
0.17,0.03,38769.23076923077,330.30542478044714
0.19,0.03,38769.23076923077,330.4432879544486
0.21,0.03,38769.23076923077,330.44328795444864
0.23,0.03,38769.23076923077,330.3054247804472
0.25,0.03,38769.23076923077,330.02952791349264
0.27,0.03,38769.23076923077,329.6151468800374
0.29,0.03,38769.23076923077,329.06128413896835
0.31,0.03,38769.23076923077,328.3658463934339
0.33,0.03,38769.23076923077,327.52453886362514
0.35,0.03,38769.23076923077,326.5285931101011
0.37,0.03,38769.23076923077,325.35996713022604
0.39,0.03,38769.23076923077,323.981218870471
0.01,0.05,38769.23076923077,324.3846093386228
0.03,0.05,38769.23076923077,326.5285931101011
0.05,0.05,38769.23076923077,328.3875965805644
0.07,0.05,38769.23076923077,329.9891849119125
0.09,0.05,38769.23076923077,331.34931979466114
0.11,0.05,38769.23076923077,332.4766721294453
0.13,0.05,38769.23076923077,333.3757845717868
0.15,0.05,38769.23076923077,334.0489642064152
0.17,0.05,38769.23076923077,334.49733892331454
0.19,0.05,38769.23076923077,334.7214269938161
0.21,0.05,38769.23076923077,334.7214269938162
0.23,0.05,38769.23076923077,334.4973389233146
0.25,0.05,38769.23076923077,334.0489642064153
0.27,0.05,38769.23076923077,333.3757845717869
0.29,0.05,38769.23076923077,332.4766721294454
0.31,0.05,38769.23076923077,331.34931979466126
0.33,0.05,38769.23076923077,329.98918491191256
0.35,0.05,38769.23076923077,328.38759658056443
0.37,0.05,38769.23076923077,326.52859311010104
0.39,0.05,38769.23076923077,324.38460933862274
0.01,0.07,38769.23076923077,324.7239881486664
0.03,0.07,38769.23076923077,327.5245388636251
0.05,0.07,38769.23076923077,329.9891849119125
0.07,0.07,38769.23076923077,332.1307590156818
0.09,0.07,38769.23076923077,333.95821625775534
0.11,0.07,38769.23076923077,335.4769600111457
0.13,0.07,38769.23076923077,336.69000839693257
0.15,0.07,38769.23076923077,337.5989587061626
0.17,0.07,38769.23076923077,338.20461871425726
0.19,0.07,38769.23076923077,338.5073726743806
0.21,0.07,38769.23076923077,338.50737267438063
0.23,0.07,38769.23076923077,338.20461871425744
0.25,0.07,38769.23076923077,337.5989587061627
0.27,0.07,38769.23076923077,336.69000839693274
0.29,0.07,38769.23076923077,335.4769600111458
0.31,0.07,38769.23076923077,333.95821625775545
0.33,0.07,38769.23076923077,332.13075901568186
0.35,0.07,38769.23076923077,329.98918491191256
0.37,0.07,38769.23076923077,327.52453886362514
0.39,0.07,38769.23076923077,324.7239881486664
0.01,0.09,38769.23076923077,325.0092794251464
0.03,0.09,38769.23076923077,328.36584639343386
0.05,0.09,38769.23076923077,331.3493197946612
0.07,0.09,38769.23076923077,333.9582162577554
0.09,0.09,38769.23076923077,336.19312690810534
0.11,0.09,38769.23076923077,338.0547951007776
0.13,0.09,38769.23076923077,339.5437306596089
0.15,0.09,38769.23076923077,340.6602359280543
0.17,0.09,38769.23076923077,341.40448741605866
0.19,0.09,38769.23076923077,341.7765883246209
0.21,0.09,38769.23076923077,341.7765883246209
0.23,0.09,38769.23076923077,341.4044874160588
0.25,0.09,38769.23076923077,340.6602359280545
0.27,0.09,38769.23076923077,339.5437306596091
0.29,0.09,38769.23076923077,338.05479510077765
0.31,0.09,38769.23076923077,336.19312690810546
0.33,0.09,38769.23076923077,333.9582162577554
0.35,0.09,38769.23076923077,331.3493197946612
0.37,0.09,38769.23076923077,328.3658463934339
0.39,0.09,38769.23076923077,325.0092794251464
0.01,0.11,38769.23076923077,325.2446126936914
0.03,0.11,38769.23076923077,329.0612841389683
0.05,0.11,38769.23076923077,332.4766721294453
0.07,0.11,38769.23076923077,335.4769600111458
0.09,0.11,38769.23076923077,338.0547951007776
0.11,0.11,38769.23076923077,340.2060918305021
0.13,0.11,38769.23076923077,341.928575213256
0.15,0.11,38769.23076923077,343.2210295267935
0.17,0.11,38769.23076923077,344.08286079713486
0.19,0.11,38769.23076923077,344.51381780657
0.21,0.11,38769.23076923077,344.51381780657
0.23,0.11,38769.23076923077,344.08286079713497
0.25,0.11,38769.23076923077,343.2210295267936
0.27,0.11,38769.23076923077,341.92857521325607
0.29,0.11,38769.23076923077,340.2060918305022
0.31,0.11,38769.23076923077,338.05479510077765
0.33,0.11,38769.23076923077,335.4769600111458
0.35,0.11,38769.23076923077,332.4766721294454
0.37,0.11,38769.23076923077,329.0612841389683
0.39,0.11,38769.23076923077,325.24461269369147
0.01,0.13,38769.23076923077,325.4318512385645
0.03,0.13,38769.23076923077,329.6151468800373
0.05,0.13,38769.23076923077,333.3757845717867
0.07,0.13,38769.23076923077,336.6900083969326
0.09,0.13,38769.23076923077,339.5437306596089
0.11,0.13,38769.23076923077,341.92857521325595
0.13,0.13,38769.23076923077,343.8396876162286
0.15,0.13,38769.23076923077,345.274397489561
0.17,0.13,38769.23076923077,346.23135039499266
0.19,0.13,38769.23076923077,346.7099365475327
0.21,0.13,38769.23076923077,346.7099365475327
0.23,0.13,38769.23076923077,346.2313503949927
0.25,0.13,38769.23076923077,345.2743974895611
0.27,0.13,38769.23076923077,343.8396876162287
0.29,0.13,38769.23076923077,341.92857521325607
0.31,0.13,38769.23076923077,339.54373065960897
0.33,0.13,38769.23076923077,336.6900083969327
0.35,0.13,38769.23076923077,333.3757845717868
0.37,0.13,38769.23076923077,329.61514688003734
0.39,0.13,38769.23076923077,325.43185123856455
0.01,0.15,38769.23076923077,325.5718664286536
0.03,0.15,38769.23076923077,330.02952791349253
0.05,0.15,38769.23076923077,334.0489642064151
0.07,0.15,38769.23076923077,337.59895870616253
0.09,0.15,38769.23076923077,340.6602359280543
0.11,0.15,38769.23076923077,343.2210295267935
0.13,0.15,38769.23076923077,345.274397489561
0.15,0.15,38769.23076923077,346.81646520475874
0.17,0.15,38769.23076923077,347.84523583774563
0.19,0.15,38769.23076923077,348.35979069060204
0.21,0.15,38769.23076923077,348.3597906906021
0.23,0.15,38769.23076923077,347.8452358377457
0.25,0.15,38769.23076923077,346.8164652047588
0.27,0.15,38769.23076923077,345.27439748956107
0.29,0.15,38769.23076923077,343.2210295267935
0.31,0.15,38769.23076923077,340.6602359280544
0.33,0.15,38769.23076923077,337.59895870616265
0.35,0.15,38769.23076923077,334.0489642064152
0.37,0.15,38769.23076923077,330.0295279134926
0.39,0.15,38769.23076923077,325.57186642865366
0.01,0.17,38769.23076923077,325.6650653807882
0.03,0.17,38769.23076923077,330.3054247804471
0.05,0.17,38769.23076923077,334.4973389233145
0.07,0.17,38769.23076923077,338.20461871425726
0.09,0.17,38769.23076923077,341.40448741605866
0.11,0.17,38769.23076923077,344.0828607971348
0.13,0.17,38769.23076923077,346.23135039499266
0.15,0.17,38769.23076923077,347.84523583774563
0.17,0.17,38769.23076923077,348.9220628014142
0.19,0.17,38769.23076923077,349.4606895179915
0.21,0.17,38769.23076923077,349.4606895179916
0.23,0.17,38769.23076923077,348.9220628014142
0.25,0.17,38769.23076923077,347.84523583774563
0.27,0.17,38769.23076923077,346.2313503949927
0.29,0.17,38769.23076923077,344.08286079713486
0.31,0.17,38769.23076923077,341.4044874160587
0.33,0.17,38769.23076923077,338.2046187142574
0.35,0.17,38769.23076923077,334.4973389233146
0.37,0.17,38769.23076923077,330.30542478044714
0.39,0.17,38769.23076923077,325.66506538078823
0.01,0.19,38769.23076923077,325.7116304301714
0.03,0.19,38769.23076923077,330.4432879544485
0.05,0.19,38769.23076923077,334.72142699381607
0.07,0.19,38769.23076923077,338.5073726743806
0.09,0.19,38769.23076923077,341.7765883246208
0.11,0.19,38769.23076923077,344.51381780656993
0.13,0.19,38769.23076923077,346.7099365475327
0.15,0.19,38769.23076923077,348.35979069060204
0.17,0.19,38769.23076923077,349.4606895179916
0.19,0.19,38769.23076923077,350.01137508889906
0.21,0.19,38769.23076923077,350.011375088899
0.23,0.19,38769.23076923077,349.4606895179915
0.25,0.19,38769.23076923077,348.35979069060204
0.27,0.19,38769.23076923077,346.7099365475328
0.29,0.19,38769.23076923077,344.51381780656993
0.31,0.19,38769.23076923077,341.77658832462083
0.33,0.19,38769.23076923077,338.50737267438063
0.35,0.19,38769.23076923077,334.7214269938162
0.37,0.19,38769.23076923077,330.4432879544486
0.39,0.19,38769.23076923077,325.7116304301715
0.01,0.21,38769.23076923077,325.7116304301714
0.03,0.21,38769.23076923077,330.4432879544486
0.05,0.21,38769.23076923077,334.7214269938161
0.07,0.21,38769.23076923077,338.50737267438063
0.09,0.21,38769.23076923077,341.77658832462083
0.11,0.21,38769.23076923077,344.51381780656993
0.13,0.21,38769.23076923077,346.7099365475327
0.15,0.21,38769.23076923077,348.35979069060204
0.17,0.21,38769.23076923077,349.4606895179915
0.19,0.21,38769.23076923077,350.01137508889906
0.21,0.21,38769.23076923077,350.011375088899
0.23,0.21,38769.23076923077,349.46068951799145
0.25,0.21,38769.23076923077,348.35979069060204
0.27,0.21,38769.23076923077,346.7099365475327
0.29,0.21,38769.23076923077,344.51381780657
0.31,0.21,38769.23076923077,341.77658832462083
0.33,0.21,38769.23076923077,338.50737267438063
0.35,0.21,38769.23076923077,334.7214269938162
0.37,0.21,38769.23076923077,330.4432879544486
0.39,0.21,38769.23076923077,325.7116304301714
0.01,0.23,38769.23076923077,325.6650653807882
0.03,0.23,38769.23076923077,330.30542478044714
0.05,0.23,38769.23076923077,334.49733892331454
0.07,0.23,38769.23076923077,338.2046187142574
0.09,0.23,38769.23076923077,341.4044874160587
0.11,0.23,38769.23076923077,344.0828607971349
0.13,0.23,38769.23076923077,346.2313503949928
0.15,0.23,38769.23076923077,347.8452358377457
0.17,0.23,38769.23076923077,348.92206280141414
0.19,0.23,38769.23076923077,349.46068951799145
0.21,0.23,38769.23076923077,349.46068951799145
0.23,0.23,38769.23076923077,348.9220628014141
0.25,0.23,38769.23076923077,347.84523583774563
0.27,0.23,38769.23076923077,346.2313503949927
0.29,0.23,38769.23076923077,344.08286079713486
0.31,0.23,38769.23076923077,341.4044874160587
0.33,0.23,38769.23076923077,338.2046187142574
0.35,0.23,38769.23076923077,334.49733892331454
0.37,0.23,38769.23076923077,330.30542478044714
0.39,0.23,38769.23076923077,325.6650653807881
0.01,0.25,38769.23076923077,325.57186642865366
0.03,0.25,38769.23076923077,330.0295279134926
0.05,0.25,38769.23076923077,334.04896420641523
0.07,0.25,38769.23076923077,337.59895870616265
0.09,0.25,38769.23076923077,340.6602359280544
0.11,0.25,38769.23076923077,343.2210295267936
0.13,0.25,38769.23076923077,345.2743974895611
0.15,0.25,38769.23076923077,346.8164652047588
0.17,0.25,38769.23076923077,347.84523583774563
0.19,0.25,38769.23076923077,348.35979069060204
0.21,0.25,38769.23076923077,348.35979069060204
0.23,0.25,38769.23076923077,347.8452358377456
0.25,0.25,38769.23076923077,346.81646520475874
0.27,0.25,38769.23076923077,345.27439748956107
0.29,0.25,38769.23076923077,343.2210295267935
0.31,0.25,38769.23076923077,340.6602359280544
0.33,0.25,38769.23076923077,337.59895870616265
0.35,0.25,38769.23076923077,334.0489642064152
0.37,0.25,38769.23076923077,330.0295279134926
0.39,0.25,38769.23076923077,325.5718664286536
0.01,0.27,38769.23076923077,325.43185123856455
0.03,0.27,38769.23076923077,329.61514688003734
0.05,0.27,38769.23076923077,333.3757845717868
0.07,0.27,38769.23076923077,336.69000839693274
0.09,0.27,38769.23076923077,339.5437306596091
0.11,0.27,38769.23076923077,341.9285752132561
0.13,0.27,38769.23076923077,343.8396876162287
0.15,0.27,38769.23076923077,345.27439748956107
0.17,0.27,38769.23076923077,346.23135039499266
0.19,0.27,38769.23076923077,346.7099365475327
0.21,0.27,38769.23076923077,346.70993654753266
0.23,0.27,38769.23076923077,346.2313503949927
0.25,0.27,38769.23076923077,345.27439748956107
0.27,0.27,38769.23076923077,343.8396876162287
0.29,0.27,38769.23076923077,341.92857521325607
0.31,0.27,38769.23076923077,339.543730659609
0.33,0.27,38769.23076923077,336.6900083969327
0.35,0.27,38769.23076923077,333.3757845717868
0.37,0.27,38769.23076923077,329.61514688003734
0.39,0.27,38769.23076923077,325.43185123856455
0.01,0.29,38769.23076923077,325.24461269369147
0.03,0.29,38769.23076923077,329.06128413896835
0.05,0.29,38769.23076923077,332.4766721294454
0.07,0.29,38769.23076923077,335.4769600111458
0.09,0.29,38769.23076923077,338.0547951007777
0.11,0.29,38769.23076923077,340.2060918305022
0.13,0.29,38769.23076923077,341.9285752132561
0.15,0.29,38769.23076923077,343.2210295267936
0.17,0.29,38769.23076923077,344.08286079713486
0.19,0.29,38769.23076923077,344.51381780657
0.21,0.29,38769.23076923077,344.51381780657
0.23,0.29,38769.23076923077,344.0828607971349
0.25,0.29,38769.23076923077,343.2210295267936
0.27,0.29,38769.23076923077,341.9285752132561
0.29,0.29,38769.23076923077,340.2060918305022
0.31,0.29,38769.23076923077,338.05479510077765
0.33,0.29,38769.23076923077,335.4769600111458
0.35,0.29,38769.23076923077,332.4766721294454
0.37,0.29,38769.23076923077,329.06128413896835
0.39,0.29,38769.23076923077,325.24461269369147
0.01,0.31,38769.23076923077,325.0092794251464
0.03,0.31,38769.23076923077,328.36584639343386
0.05,0.31,38769.23076923077,331.3493197946612
0.07,0.31,38769.23076923077,333.9582162577554
0.09,0.31,38769.23076923077,336.19312690810534
0.11,0.31,38769.23076923077,338.0547951007776
0.13,0.31,38769.23076923077,339.54373065960897
0.15,0.31,38769.23076923077,340.6602359280544
0.17,0.31,38769.23076923077,341.4044874160587
0.19,0.31,38769.23076923077,341.77658832462083
0.21,0.31,38769.23076923077,341.77658832462083
0.23,0.31,38769.23076923077,341.4044874160588
0.25,0.31,38769.23076923077,340.6602359280544
0.27,0.31,38769.23076923077,339.543730659609
0.29,0.31,38769.23076923077,338.0547951007777
0.31,0.31,38769.23076923077,336.19312690810546
0.33,0.31,38769.23076923077,333.95821625775545
0.35,0.31,38769.23076923077,331.34931979466126
0.37,0.31,38769.23076923077,328.3658463934339
0.39,0.31,38769.23076923077,325.0092794251464
0.01,0.33,38769.23076923077,324.7239881486664
0.03,0.33,38769.23076923077,327.5245388636251
0.05,0.33,38769.23076923077,329.98918491191245
0.07,0.33,38769.23076923077,332.13075901568175
0.09,0.33,38769.23076923077,333.9582162577553
0.11,0.33,38769.23076923077,335.4769600111457
0.13,0.33,38769.23076923077,336.6900083969326
0.15,0.33,38769.23076923077,337.59895870616265
0.17,0.33,38769.23076923077,338.2046187142574
0.19,0.33,38769.23076923077,338.50737267438063
0.21,0.33,38769.23076923077,338.50737267438063
0.23,0.33,38769.23076923077,338.20461871425744
0.25,0.33,38769.23076923077,337.59895870616265
0.27,0.33,38769.23076923077,336.6900083969327
0.29,0.33,38769.23076923077,335.4769600111459
0.31,0.33,38769.23076923077,333.95821625775545
0.33,0.33,38769.23076923077,332.13075901568186
0.35,0.33,38769.23076923077,329.98918491191256
0.37,0.33,38769.23076923077,327.52453886362514
0.39,0.33,38769.23076923077,324.7239881486664
0.01,0.35,38769.23076923077,324.3846093386227
0.03,0.35,38769.23076923077,326.528593110101
0.05,0.35,38769.23076923077,328.3875965805643
0.07,0.35,38769.23076923077,329.98918491191245
0.09,0.35,38769.23076923077,331.34931979466114
0.11,0.35,38769.23076923077,332.47667212944526
0.13,0.35,38769.23076923077,333.3757845717867
0.15,0.35,38769.23076923077,334.0489642064152
0.17,0.35,38769.23076923077,334.49733892331454
0.19,0.35,38769.23076923077,334.7214269938162
0.21,0.35,38769.23076923077,334.7214269938162
0.23,0.35,38769.23076923077,334.4973389233146
0.25,0.35,38769.23076923077,334.04896420641523
0.27,0.35,38769.23076923077,333.3757845717868
0.29,0.35,38769.23076923077,332.4766721294454
0.31,0.35,38769.23076923077,331.3493197946612
0.33,0.35,38769.23076923077,329.9891849119125
0.35,0.35,38769.23076923077,328.3875965805644
0.37,0.35,38769.23076923077,326.52859311010104
0.39,0.35,38769.23076923077,324.38460933862274
0.01,0.37,38769.23076923077,323.98121887047097
0.03,0.37,38769.23076923077,325.359967130226
0.05,0.37,38769.23076923077,326.528593110101
0.07,0.37,38769.23076923077,327.524538863625
0.09,0.37,38769.23076923077,328.36584639343386
0.11,0.37,38769.23076923077,329.06128413896823
0.13,0.37,38769.23076923077,329.61514688003734
0.15,0.37,38769.23076923077,330.0295279134926
0.17,0.37,38769.23076923077,330.3054247804472
0.19,0.37,38769.23076923077,330.4432879544487
0.21,0.37,38769.23076923077,330.4432879544487
0.23,0.37,38769.23076923077,330.30542478044725
0.25,0.37,38769.23076923077,330.02952791349264
0.27,0.37,38769.23076923077,329.61514688003734
0.29,0.37,38769.23076923077,329.0612841389683
0.31,0.37,38769.23076923077,328.3658463934339
0.33,0.37,38769.23076923077,327.5245388636251
0.35,0.37,38769.23076923077,326.52859311010104
0.37,0.37,38769.23076923077,325.35996713022604
0.39,0.37,38769.23076923077,323.981218870471
0.01,0.39,38769.23076923077,323.48665408214947
0.03,0.39,38769.23076923077,323.981218870471
0.05,0.39,38769.23076923077,324.38460933862274
0.07,0.39,38769.23076923077,324.7239881486664
0.09,0.39,38769.23076923077,325.0092794251463
0.11,0.39,38769.23076923077,325.2446126936914
0.13,0.39,38769.23076923077,325.43185123856455
0.15,0.39,38769.23076923077,325.57186642865366
0.17,0.39,38769.23076923077,325.66506538078823
0.19,0.39,38769.23076923077,325.7116304301716
0.21,0.39,38769.23076923077,325.7116304301715
0.23,0.39,38769.23076923077,325.66506538078823
0.25,0.39,38769.23076923077,325.57186642865366
0.27,0.39,38769.23076923077,325.43185123856455
0.29,0.39,38769.23076923077,325.24461269369147
0.31,0.39,38769.23076923077,325.0092794251464
0.33,0.39,38769.23076923077,324.7239881486664
0.35,0.39,38769.23076923077,324.38460933862274
0.37,0.39,38769.23076923077,323.981218870471
0.39,0.39,38769.23076923077,323.48665408214947
0.01,0.01,40615.38461538462,323.467861976165
0.03,0.01,40615.38461538462,323.9355375512747
0.05,0.01,40615.38461538462,324.31760100730503
0.07,0.01,40615.38461538462,324.63951619215663
0.09,0.01,40615.38461538462,324.910487399009
0.11,0.01,40615.38461538462,325.1342622533328
0.13,0.01,40615.38461538462,325.3124690244424
0.15,0.01,40615.38461538462,325.44582460789184
0.17,0.01,40615.38461538462,325.5346347343839
0.19,0.01,40615.38461538462,325.5790199954721
0.21,0.01,40615.38461538462,325.5790199954721
0.23,0.01,40615.38461538462,325.534634734384
0.25,0.01,40615.38461538462,325.4458246078919
0.27,0.01,40615.38461538462,325.31246902444246
0.29,0.01,40615.38461538462,325.1342622533329
0.31,0.01,40615.38461538462,324.91048739900907
0.33,0.01,40615.38461538462,324.6395161921567
0.35,0.01,40615.38461538462,324.31760100730503
0.37,0.01,40615.38461538462,323.9355375512747
0.39,0.01,40615.38461538462,323.46786197616507
0.01,0.03,40615.38461538462,323.9355375512747
0.03,0.03,40615.38461538462,325.24003234287
0.05,0.03,40615.38461538462,326.34727269905875
0.07,0.03,40615.38461538462,327.2922139632309
0.09,0.03,40615.38461538462,328.0914504859436
0.11,0.03,40615.38461538462,328.75283509511536
0.13,0.03,40615.38461538462,329.280047556833
0.15,0.03,40615.38461538462,329.67475976684653
0.17,0.03,40615.38461538462,329.93768717672646
0.19,0.03,40615.38461538462,330.06910686155703
0.21,0.03,40615.38461538462,330.0691068615571
0.23,0.03,40615.38461538462,329.9376871767265
0.25,0.03,40615.38461538462,329.67475976684665
0.27,0.03,40615.38461538462,329.28004755683315
0.29,0.03,40615.38461538462,328.7528350951154
0.31,0.03,40615.38461538462,328.09145048594365
0.33,0.03,40615.38461538462,327.292213963231
0.35,0.03,40615.38461538462,326.34727269905875
0.37,0.03,40615.38461538462,325.24003234287
0.39,0.03,40615.38461538462,323.9355375512747
0.01,0.05,40615.38461538462,324.31760100730503
0.03,0.05,40615.38461538462,326.3472726990588
0.05,0.05,40615.38461538462,328.10942567974786
0.07,0.05,40615.38461538462,329.62957727644573
0.09,0.05,40615.38461538462,330.92213444216554
0.11,0.05,40615.38461538462,331.9946153351492
0.13,0.05,40615.38461538462,332.8507119316268
0.15,0.05,40615.38461538462,333.49211507930914
0.17,0.05,40615.38461538462,333.919526371525
0.19,0.05,40615.38461538462,334.1331969278678
0.21,0.05,40615.38461538462,334.1331969278679
0.23,0.05,40615.38461538462,333.9195263715251
0.25,0.05,40615.38461538462,333.49211507930926
0.27,0.05,40615.38461538462,332.8507119316269
0.29,0.05,40615.38461538462,331.9946153351493
0.31,0.05,40615.38461538462,330.9221344421656
0.33,0.05,40615.38461538462,329.6295772764458
0.35,0.05,40615.38461538462,328.1094256797479
0.37,0.05,40615.38461538462,326.34727269905875
0.39,0.05,40615.38461538462,324.31760100730503
0.01,0.07,40615.38461538462,324.6395161921567
0.03,0.07,40615.38461538462,327.292213963231
0.05,0.07,40615.38461538462,329.62957727644573
0.07,0.07,40615.38461538462,331.6631359776474
0.09,0.07,40615.38461538462,333.4005010518373
0.11,0.07,40615.38461538462,334.8458921907276
0.13,0.07,40615.38461538462,336.00135727419195
0.15,0.07,40615.38461538462,336.86774316319054
0.17,0.07,40615.38461538462,337.44531606645404
0.19,0.07,40615.38461538462,337.73411155945143
0.21,0.07,40615.38461538462,337.7341115594515
0.23,0.07,40615.38461538462,337.4453160664541
0.25,0.07,40615.38461538462,336.8677431631906
0.27,0.07,40615.38461538462,336.00135727419206
0.29,0.07,40615.38461538462,334.8458921907277
0.31,0.07,40615.38461538462,333.4005010518375
0.33,0.07,40615.38461538462,331.66313597764747
0.35,0.07,40615.38461538462,329.6295772764458
0.37,0.07,40615.38461538462,327.292213963231
0.39,0.07,40615.38461538462,324.6395161921567
0.01,0.09,40615.38461538462,324.91048739900907
0.03,0.09,40615.38461538462,328.09145048594365
0.05,0.09,40615.38461538462,330.92213444216554
0.07,0.09,40615.38461538462,333.4005010518374
0.09,0.09,40615.38461538462,335.5261181814787
0.11,0.09,40615.38461538462,337.29861820136506
0.13,0.09,40615.38461538462,338.7174911652289
0.15,0.09,40615.38461538462,339.7821933623057
0.17,0.09,40615.38461538462,340.49226221018745
0.19,0.09,40615.38461538462,340.84737702421216
0.21,0.09,40615.38461538462,340.8473770242122
0.23,0.09,40615.38461538462,340.4922622101875
0.25,0.09,40615.38461538462,339.78219336230575
0.27,0.09,40615.38461538462,338.71749116522903
0.29,0.09,40615.38461538462,337.2986182013652
0.31,0.09,40615.38461538462,335.52611818147875
0.33,0.09,40615.38461538462,333.40050105183747
0.35,0.09,40615.38461538462,330.9221344421656
0.37,0.09,40615.38461538462,328.09145048594365
0.39,0.09,40615.38461538462,324.91048739900907
0.01,0.11,40615.38461538462,325.13426225333285
0.03,0.11,40615.38461538462,328.75283509511536
0.05,0.11,40615.38461538462,331.9946153351492
0.07,0.11,40615.38461538462,334.8458921907276
0.09,0.11,40615.38461538462,337.29861820136506
0.11,0.11,40615.38461538462,339.34770486417216
0.13,0.11,40615.38461538462,340.98983993432887
0.15,0.11,40615.38461538462,342.2228871311287
0.17,0.11,40615.38461538462,343.0455266750705
0.19,0.11,40615.38461538462,343.4570125790407
0.21,0.11,40615.38461538462,343.4570125790407
0.23,0.11,40615.38461538462,343.04552667507056
0.25,0.11,40615.38461538462,342.2228871311288
0.27,0.11,40615.38461538462,340.989839934329
0.29,0.11,40615.38461538462,339.3477048641723
0.31,0.11,40615.38461538462,337.2986182013652
0.33,0.11,40615.38461538462,334.8458921907276
0.35,0.11,40615.38461538462,331.99461533514926
0.37,0.11,40615.38461538462,328.7528350951154
0.39,0.11,40615.38461538462,325.13426225333285
0.01,0.13,40615.38461538462,325.31246902444235
0.03,0.13,40615.38461538462,329.280047556833
0.05,0.13,40615.38461538462,332.85071193162673
0.07,0.13,40615.38461538462,336.00135727419195
0.09,0.13,40615.38461538462,338.71749116522886
0.11,0.13,40615.38461538462,340.9898399343288
0.13,0.13,40615.38461538462,342.8125048484014
0.15,0.13,40615.38461538462,344.18183246299014
0.17,0.13,40615.38461538462,345.09566543517275
0.19,0.13,40615.38461538462,345.55283445971736
0.21,0.13,40615.38461538462,345.5528344597174
0.23,0.13,40615.38461538462,345.09566543517286
0.25,0.13,40615.38461538462,344.18183246299026
0.27,0.13,40615.38461538462,342.81250484840143
0.29,0.13,40615.38461538462,340.989839934329
0.31,0.13,40615.38461538462,338.717491165229
0.33,0.13,40615.38461538462,336.001357274192
0.35,0.13,40615.38461538462,332.85071193162685
0.37,0.13,40615.38461538462,329.28004755683304
0.39,0.13,40615.38461538462,325.31246902444246
0.01,0.15,40615.38461538462,325.44582460789184
0.03,0.15,40615.38461538462,329.67475976684653
0.05,0.15,40615.38461538462,333.49211507930914
0.07,0.15,40615.38461538462,336.8677431631905
0.09,0.15,40615.38461538462,339.78219336230563
0.11,0.15,40615.38461538462,342.22288713112863
0.13,0.15,40615.38461538462,344.1818324629901
0.15,0.15,40615.38461538462,345.6541199042455
0.17,0.15,40615.38461538462,346.6368851484195
0.19,0.15,40615.38461538462,347.12859543109084
0.21,0.15,40615.38461538462,347.12859543109084
0.23,0.15,40615.38461538462,346.63688514841954
0.25,0.15,40615.38461538462,345.6541199042456
0.27,0.15,40615.38461538462,344.18183246299026
0.29,0.15,40615.38461538462,342.22288713112874
0.31,0.15,40615.38461538462,339.7821933623057
0.33,0.15,40615.38461538462,336.86774316319054
0.35,0.15,40615.38461538462,333.49211507930914
0.37,0.15,40615.38461538462,329.6747597668466
0.39,0.15,40615.38461538462,325.4458246078919
0.01,0.17,40615.38461538462,325.534634734384
0.03,0.17,40615.38461538462,329.9376871767264
0.05,0.17,40615.38461538462,333.919526371525
0.07,0.17,40615.38461538462,337.4453160664539
0.09,0.17,40615.38461538462,340.49226221018733
0.11,0.17,40615.38461538462,343.0455266750704
0.13,0.17,40615.38461538462,345.0956654351727
0.15,0.17,40615.38461538462,346.6368851484194
0.17,0.17,40615.38461538462,347.6658169519051
0.19,0.17,40615.38461538462,348.1806653325968
0.21,0.17,40615.38461538462,348.1806653325968
0.23,0.17,40615.38461538462,347.6658169519052
0.25,0.17,40615.38461538462,346.63688514841954
0.27,0.17,40615.38461538462,345.0956654351728
0.29,0.17,40615.38461538462,343.0455266750705
0.31,0.17,40615.38461538462,340.49226221018745
0.33,0.17,40615.38461538462,337.4453160664541
0.35,0.17,40615.38461538462,333.9195263715251
0.37,0.17,40615.38461538462,329.93768717672646
0.39,0.17,40615.38461538462,325.534634734384
0.01,0.19,40615.38461538462,325.5790199954721
0.03,0.19,40615.38461538462,330.06910686155703
0.05,0.19,40615.38461538462,334.13319692786786
0.07,0.19,40615.38461538462,337.73411155945143
0.09,0.19,40615.38461538462,340.8473770242121
0.11,0.19,40615.38461538462,343.45701257904057
0.13,0.19,40615.38461538462,345.5528344597173
0.15,0.19,40615.38461538462,347.1285954310908
0.17,0.19,40615.38461538462,348.1806653325968
0.19,0.19,40615.38461538462,348.7071115438085
0.21,0.19,40615.38461538462,348.7071115438085
0.23,0.19,40615.38461538462,348.1806653325968
0.25,0.19,40615.38461538462,347.12859543109084
0.27,0.19,40615.38461538462,345.55283445971736
0.29,0.19,40615.38461538462,343.4570125790407
0.31,0.19,40615.38461538462,340.84737702421216
0.33,0.19,40615.38461538462,337.7341115594515
0.35,0.19,40615.38461538462,334.13319692786786
0.37,0.19,40615.38461538462,330.06910686155703
0.39,0.19,40615.38461538462,325.5790199954721
0.01,0.21,40615.38461538462,325.5790199954721
0.03,0.21,40615.38461538462,330.06910686155703
0.05,0.21,40615.38461538462,334.13319692786786
0.07,0.21,40615.38461538462,337.7341115594515
0.09,0.21,40615.38461538462,340.8473770242121
0.11,0.21,40615.38461538462,343.4570125790406
0.13,0.21,40615.38461538462,345.55283445971736
0.15,0.21,40615.38461538462,347.1285954310908
0.17,0.21,40615.38461538462,348.1806653325968
0.19,0.21,40615.38461538462,348.7071115438085
0.21,0.21,40615.38461538462,348.7071115438085
0.23,0.21,40615.38461538462,348.1806653325968
0.25,0.21,40615.38461538462,347.12859543109084
0.27,0.21,40615.38461538462,345.55283445971736
0.29,0.21,40615.38461538462,343.4570125790407
0.31,0.21,40615.38461538462,340.84737702421216
0.33,0.21,40615.38461538462,337.73411155945143
0.35,0.21,40615.38461538462,334.13319692786786
0.37,0.21,40615.38461538462,330.06910686155703
0.39,0.21,40615.38461538462,325.5790199954721
0.01,0.23,40615.38461538462,325.534634734384
0.03,0.23,40615.38461538462,329.93768717672646
0.05,0.23,40615.38461538462,333.919526371525
0.07,0.23,40615.38461538462,337.44531606645404
0.09,0.23,40615.38461538462,340.49226221018745
0.11,0.23,40615.38461538462,343.0455266750705
0.13,0.23,40615.38461538462,345.09566543517275
0.15,0.23,40615.38461538462,346.6368851484195
0.17,0.23,40615.38461538462,347.6658169519051
0.19,0.23,40615.38461538462,348.1806653325968
0.21,0.23,40615.38461538462,348.18066533259673
0.23,0.23,40615.38461538462,347.6658169519051
0.25,0.23,40615.38461538462,346.6368851484195
0.27,0.23,40615.38461538462,345.09566543517275
0.29,0.23,40615.38461538462,343.0455266750705
0.31,0.23,40615.38461538462,340.49226221018745
0.33,0.23,40615.38461538462,337.44531606645404
0.35,0.23,40615.38461538462,333.919526371525
0.37,0.23,40615.38461538462,329.9376871767264
0.39,0.23,40615.38461538462,325.5346347343839
0.01,0.25,40615.38461538462,325.4458246078919
0.03,0.25,40615.38461538462,329.6747597668466
0.05,0.25,40615.38461538462,333.4921150793092
0.07,0.25,40615.38461538462,336.86774316319054
0.09,0.25,40615.38461538462,339.78219336230575
0.11,0.25,40615.38461538462,342.2228871311287
0.13,0.25,40615.38461538462,344.18183246299014
0.15,0.25,40615.38461538462,345.6541199042455
0.17,0.25,40615.38461538462,346.6368851484195
0.19,0.25,40615.38461538462,347.1285954310908
0.21,0.25,40615.38461538462,347.1285954310908
0.23,0.25,40615.38461538462,346.6368851484194
0.25,0.25,40615.38461538462,345.6541199042455
0.27,0.25,40615.38461538462,344.18183246299014
0.29,0.25,40615.38461538462,342.2228871311287
0.31,0.25,40615.38461538462,339.7821933623057
0.33,0.25,40615.38461538462,336.86774316319054
0.35,0.25,40615.38461538462,333.49211507930914
0.37,0.25,40615.38461538462,329.67475976684653
0.39,0.25,40615.38461538462,325.44582460789184
0.01,0.27,40615.38461538462,325.31246902444246
0.03,0.27,40615.38461538462,329.28004755683304
0.05,0.27,40615.38461538462,332.85071193162685
0.07,0.27,40615.38461538462,336.001357274192
0.09,0.27,40615.38461538462,338.71749116522903
0.11,0.27,40615.38461538462,340.989839934329
0.13,0.27,40615.38461538462,342.8125048484014
0.15,0.27,40615.38461538462,344.18183246299014
0.17,0.27,40615.38461538462,345.0956654351727
0.19,0.27,40615.38461538462,345.5528344597173
0.21,0.27,40615.38461538462,345.55283445971736
0.23,0.27,40615.38461538462,345.09566543517275
0.25,0.27,40615.38461538462,344.18183246299014
0.27,0.27,40615.38461538462,342.8125048484014
0.29,0.27,40615.38461538462,340.9898399343289
0.31,0.27,40615.38461538462,338.71749116522903
0.33,0.27,40615.38461538462,336.00135727419206
0.35,0.27,40615.38461538462,332.85071193162685
0.37,0.27,40615.38461538462,329.2800475568331
0.39,0.27,40615.38461538462,325.31246902444246
0.01,0.29,40615.38461538462,325.13426225333285
0.03,0.29,40615.38461538462,328.75283509511536
0.05,0.29,40615.38461538462,331.99461533514926
0.07,0.29,40615.38461538462,334.8458921907276
0.09,0.29,40615.38461538462,337.2986182013652
0.11,0.29,40615.38461538462,339.3477048641722
0.13,0.29,40615.38461538462,340.9898399343289
0.15,0.29,40615.38461538462,342.22288713112863
0.17,0.29,40615.38461538462,343.04552667507045
0.19,0.29,40615.38461538462,343.4570125790406
0.21,0.29,40615.38461538462,343.4570125790407
0.23,0.29,40615.38461538462,343.0455266750705
0.25,0.29,40615.38461538462,342.22288713112874
0.27,0.29,40615.38461538462,340.989839934329
0.29,0.29,40615.38461538462,339.3477048641723
0.31,0.29,40615.38461538462,337.2986182013652
0.33,0.29,40615.38461538462,334.8458921907277
0.35,0.29,40615.38461538462,331.9946153351493
0.37,0.29,40615.38461538462,328.7528350951154
0.39,0.29,40615.38461538462,325.13426225333285
0.01,0.31,40615.38461538462,324.91048739900907
0.03,0.31,40615.38461538462,328.09145048594365
0.05,0.31,40615.38461538462,330.9221344421656
0.07,0.31,40615.38461538462,333.4005010518374
0.09,0.31,40615.38461538462,335.5261181814787
0.11,0.31,40615.38461538462,337.2986182013651
0.13,0.31,40615.38461538462,338.717491165229
0.15,0.31,40615.38461538462,339.78219336230563
0.17,0.31,40615.38461538462,340.4922622101874
0.19,0.31,40615.38461538462,340.84737702421216
0.21,0.31,40615.38461538462,340.8473770242122
0.23,0.31,40615.38461538462,340.49226221018745
0.25,0.31,40615.38461538462,339.78219336230575
0.27,0.31,40615.38461538462,338.71749116522903
0.29,0.31,40615.38461538462,337.2986182013652
0.31,0.31,40615.38461538462,335.5261181814788
0.33,0.31,40615.38461538462,333.40050105183747
0.35,0.31,40615.38461538462,330.9221344421656
0.37,0.31,40615.38461538462,328.09145048594365
0.39,0.31,40615.38461538462,324.91048739900907
0.01,0.33,40615.38461538462,324.6395161921567
0.03,0.33,40615.38461538462,327.2922139632309
0.05,0.33,40615.38461538462,329.62957727644573
0.07,0.33,40615.38461538462,331.6631359776474
0.09,0.33,40615.38461538462,333.4005010518373
0.11,0.33,40615.38461538462,334.8458921907276
0.13,0.33,40615.38461538462,336.001357274192
0.15,0.33,40615.38461538462,336.86774316319054
0.17,0.33,40615.38461538462,337.4453160664541
0.19,0.33,40615.38461538462,337.73411155945155
0.21,0.33,40615.38461538462,337.73411155945155
0.23,0.33,40615.38461538462,337.4453160664541
0.25,0.33,40615.38461538462,336.8677431631906
0.27,0.33,40615.38461538462,336.00135727419206
0.29,0.33,40615.38461538462,334.8458921907277
0.31,0.33,40615.38461538462,333.40050105183747
0.33,0.33,40615.38461538462,331.66313597764747
0.35,0.33,40615.38461538462,329.6295772764458
0.37,0.33,40615.38461538462,327.2922139632309
0.39,0.33,40615.38461538462,324.6395161921567
0.01,0.35,40615.38461538462,324.31760100730503
0.03,0.35,40615.38461538462,326.34727269905875
0.05,0.35,40615.38461538462,328.1094256797478
0.07,0.35,40615.38461538462,329.6295772764457
0.09,0.35,40615.38461538462,330.92213444216554
0.11,0.35,40615.38461538462,331.9946153351492
0.13,0.35,40615.38461538462,332.85071193162685
0.15,0.35,40615.38461538462,333.4921150793092
0.17,0.35,40615.38461538462,333.9195263715251
0.19,0.35,40615.38461538462,334.1331969278679
0.21,0.35,40615.38461538462,334.1331969278679
0.23,0.35,40615.38461538462,333.91952637152514
0.25,0.35,40615.38461538462,333.49211507930926
0.27,0.35,40615.38461538462,332.8507119316269
0.29,0.35,40615.38461538462,331.99461533514926
0.31,0.35,40615.38461538462,330.9221344421656
0.33,0.35,40615.38461538462,329.62957727644573
0.35,0.35,40615.38461538462,328.10942567974786
0.37,0.35,40615.38461538462,326.34727269905875
0.39,0.35,40615.38461538462,324.31760100730503
0.01,0.37,40615.38461538462,323.93553755127465
0.03,0.37,40615.38461538462,325.24003234286994
0.05,0.37,40615.38461538462,326.34727269905875
0.07,0.37,40615.38461538462,327.2922139632309
0.09,0.37,40615.38461538462,328.09145048594365
0.11,0.37,40615.38461538462,328.75283509511536
0.13,0.37,40615.38461538462,329.28004755683304
0.15,0.37,40615.38461538462,329.6747597668466
0.17,0.37,40615.38461538462,329.9376871767265
0.19,0.37,40615.38461538462,330.0691068615571
0.21,0.37,40615.38461538462,330.0691068615571
0.23,0.37,40615.38461538462,329.9376871767265
0.25,0.37,40615.38461538462,329.67475976684665
0.27,0.37,40615.38461538462,329.2800475568331
0.29,0.37,40615.38461538462,328.75283509511536
0.31,0.37,40615.38461538462,328.09145048594365
0.33,0.37,40615.38461538462,327.2922139632309
0.35,0.37,40615.38461538462,326.34727269905875
0.37,0.37,40615.38461538462,325.24003234287
0.39,0.37,40615.38461538462,323.9355375512747
0.01,0.39,40615.38461538462,323.46786197616507
0.03,0.39,40615.38461538462,323.9355375512747
0.05,0.39,40615.38461538462,324.31760100730503
0.07,0.39,40615.38461538462,324.6395161921567
0.09,0.39,40615.38461538462,324.91048739900907
0.11,0.39,40615.38461538462,325.13426225333285
0.13,0.39,40615.38461538462,325.3124690244424
0.15,0.39,40615.38461538462,325.4458246078919
0.17,0.39,40615.38461538462,325.534634734384
0.19,0.39,40615.38461538462,325.5790199954721
0.21,0.39,40615.38461538462,325.5790199954721
0.23,0.39,40615.38461538462,325.53463473438404
0.25,0.39,40615.38461538462,325.4458246078919
0.27,0.39,40615.38461538462,325.31246902444246
0.29,0.39,40615.38461538462,325.1342622533329
0.31,0.39,40615.38461538462,324.91048739900907
0.33,0.39,40615.38461538462,324.6395161921567
0.35,0.39,40615.38461538462,324.31760100730503
0.37,0.39,40615.38461538462,323.9355375512747
0.39,0.39,40615.38461538462,323.46786197616507
0.01,0.01,42461.53846153846,323.4500788713756
0.03,0.01,42461.53846153846,323.8918389383653
0.05,0.01,42461.53846153846,324.25304952674406
0.07,0.01,42461.53846153846,324.5576910524463
0.09,0.01,42461.53846153846,324.8143639712524
0.11,0.01,42461.53846153846,325.0265098829132
0.13,0.01,42461.53846153846,325.19557544428994
0.15,0.01,42461.53846153846,325.3221606961044
0.17,0.01,42461.53846153846,325.406495367004
0.19,0.01,42461.53846153846,325.448653851572
0.21,0.01,42461.53846153846,325.44865385157203
0.23,0.01,42461.53846153846,325.406495367004
0.25,0.01,42461.53846153846,325.32216069610445
0.27,0.01,42461.53846153846,325.19557544429
0.29,0.01,42461.53846153846,325.0265098829133
0.31,0.01,42461.53846153846,324.8143639712524
0.33,0.01,42461.53846153846,324.5576910524463
0.35,0.01,42461.53846153846,324.25304952674406
0.37,0.01,42461.53846153846,323.89183893836525
0.39,0.01,42461.53846153846,323.4500788713755
0.01,0.03,42461.53846153846,323.89183893836525
0.03,0.03,42461.53846153846,325.12439727129146
0.05,0.03,42461.53846153846,326.17145941142354
0.07,0.03,42461.53846153846,327.06588089475366
0.09,0.03,42461.53846153846,327.8230816251115
0.11,0.03,42461.53846153846,328.45019870788565
0.13,0.03,42461.53846153846,328.9504431682517
0.15,0.03,42461.53846153846,329.32516949167484
0.17,0.03,42461.53846153846,329.5748810219157
0.19,0.03,42461.53846153846,329.69972400893505
0.21,0.03,42461.53846153846,329.6997240089351
0.23,0.03,42461.53846153846,329.57488102191576
0.25,0.03,42461.53846153846,329.32516949167496
0.27,0.03,42461.53846153846,328.9504431682517
0.29,0.03,42461.53846153846,328.4501987078857
0.31,0.03,42461.53846153846,327.8230816251116
0.33,0.03,42461.53846153846,327.0658808947537
0.35,0.03,42461.53846153846,326.1714594114236
0.37,0.03,42461.53846153846,325.12439727129146
0.39,0.03,42461.53846153846,323.89183893836525
0.01,0.05,42461.53846153846,324.253049526744
0.03,0.05,42461.53846153846,326.17145941142354
0.05,0.05,42461.53846153846,327.8383786387363
0.07,0.05,42461.53846153846,329.2777071514397
0.09,0.05,42461.53846153846,330.5026587193459
0.11,0.05,42461.53846153846,331.51988453296
0.13,0.05,42461.53846153846,332.3324415485469
0.15,0.05,42461.53846153846,332.94155898566686
0.17,0.05,42461.53846153846,333.34761587865535
0.19,0.05,42461.53846153846,333.5506588293839
0.21,0.05,42461.53846153846,333.550658829384
0.23,0.05,42461.53846153846,333.3476158786554
0.25,0.05,42461.53846153846,332.9415589856669
0.27,0.05,42461.53846153846,332.3324415485469
0.29,0.05,42461.53846153846,331.5198845329601
0.31,0.05,42461.53846153846,330.502658719346
0.33,0.05,42461.53846153846,329.27770715143976
0.35,0.05,42461.53846153846,327.83837863873634
0.37,0.05,42461.53846153846,326.17145941142354
0.39,0.05,42461.53846153846,324.253049526744
0.01,0.07,42461.53846153846,324.5576910524463
0.03,0.07,42461.53846153846,327.06588089475366
0.05,0.07,42461.53846153846,329.2777071514397
0.07,0.07,42461.53846153846,331.20383347597834
0.09,0.07,42461.53846153846,332.85093468574496
0.11,0.07,42461.53846153846,334.22238736740235
0.13,0.07,42461.53846153846,335.31953293719465
0.15,0.07,42461.53846153846,336.1426586884073
0.17,0.07,42461.53846153846,336.6916173782018
0.19,0.07,42461.53846153846,336.9661729603182
0.21,0.07,42461.53846153846,336.9661729603182
0.23,0.07,42461.53846153846,336.6916173782018
0.25,0.07,42461.53846153846,336.1426586884074
0.27,0.07,42461.53846153846,335.3195329371947
0.29,0.07,42461.53846153846,334.2223873674024
0.31,0.07,42461.53846153846,332.85093468574496
0.33,0.07,42461.53846153846,331.2038334759783
0.35,0.07,42461.53846153846,329.27770715143976
0.37,0.07,42461.53846153846,327.06588089475366
0.39,0.07,42461.53846153846,324.5576910524463
0.01,0.09,42461.53846153846,324.8143639712524
0.03,0.09,42461.53846153846,327.8230816251116
0.05,0.09,42461.53846153846,330.502658719346
0.07,0.09,42461.53846153846,332.85093468574496
0.09,0.09,42461.53846153846,334.8668854862566
0.11,0.09,42461.53846153846,336.54940655347394
0.13,0.09,42461.53846153846,337.89726403911243
0.15,0.09,42461.53846153846,338.9092846991824
0.17,0.09,42461.53846153846,339.5845129482351
0.19,0.09,42461.53846153846,339.92229224512323
0.21,0.09,42461.53846153846,339.9222922451232
0.23,0.09,42461.53846153846,339.58451294823504
0.25,0.09,42461.53846153846,338.9092846991824
0.27,0.09,42461.53846153846,337.8972640391125
0.29,0.09,42461.53846153846,336.54940655347394
0.31,0.09,42461.53846153846,334.8668854862566
0.33,0.09,42461.53846153846,332.85093468574496
0.35,0.09,42461.53846153846,330.502658719346
0.37,0.09,42461.53846153846,327.8230816251116
0.39,0.09,42461.53846153846,324.8143639712524
0.01,0.11,42461.53846153846,325.0265098829133
0.03,0.11,42461.53846153846,328.4501987078857
0.05,0.11,42461.53846153846,331.51988453296
0.07,0.11,42461.53846153846,334.22238736740235
0.09,0.11,42461.53846153846,336.54940655347394
0.11,0.11,42461.53846153846,338.4952441772484
0.13,0.11,42461.53846153846,340.0558678384128
0.15,0.11,42461.53846153846,341.22845571458566
0.17,0.11,42461.53846153846,342.011122257537
0.19,0.11,42461.53846153846,342.40272378095136
0.21,0.11,42461.53846153846,342.4027237809513
0.23,0.11,42461.53846153846,342.011122257537
0.25,0.11,42461.53846153846,341.22845571458566
0.27,0.11,42461.53846153846,340.0558678384128
0.29,0.11,42461.53846153846,338.4952441772485
0.31,0.11,42461.53846153846,336.54940655347394
0.33,0.11,42461.53846153846,334.2223873674024
0.35,0.11,42461.53846153846,331.5198845329601
0.37,0.11,42461.53846153846,328.45019870788576
0.39,0.11,42461.53846153846,325.02650988291333
0.01,0.13,42461.53846153846,325.19557544428994
0.03,0.13,42461.53846153846,328.9504431682517
0.05,0.13,42461.53846153846,332.33244154854685
0.07,0.13,42461.53846153846,335.3195329371947
0.09,0.13,42461.53846153846,337.89726403911243
0.11,0.13,42461.53846153846,340.0558678384127
0.13,0.13,42461.53846153846,341.7887324597112
0.15,0.13,42461.53846153846,343.09147011278384
0.17,0.13,42461.53846153846,343.9612917725655
0.19,0.13,42461.53846153846,344.39657339463844
0.21,0.13,42461.53846153846,344.39657339463844
0.23,0.13,42461.53846153846,343.9612917725655
0.25,0.13,42461.53846153846,343.09147011278384
0.27,0.13,42461.53846153846,341.78873245971124
0.29,0.13,42461.53846153846,340.0558678384128
0.31,0.13,42461.53846153846,337.89726403911243
0.33,0.13,42461.53846153846,335.31953293719465
0.35,0.13,42461.53846153846,332.3324415485469
0.37,0.13,42461.53846153846,328.9504431682517
0.39,0.13,42461.53846153846,325.19557544429
0.01,0.15,42461.53846153846,325.3221606961044
0.03,0.15,42461.53846153846,329.32516949167484
0.05,0.15,42461.53846153846,332.9415589856669
0.07,0.15,42461.53846153846,336.1426586884073
0.09,0.15,42461.53846153846,338.9092846991824
0.11,0.15,42461.53846153846,341.2284557145856
0.13,0.15,42461.53846153846,343.0914701127838
0.15,0.15,42461.53846153846,344.4926423765356
0.17,0.15,42461.53846153846,345.42842074332185
0.19,0.15,42461.53846153846,345.8967694886827
0.21,0.15,42461.53846153846,345.8967694886827
0.23,0.15,42461.53846153846,345.42842074332185
0.25,0.15,42461.53846153846,344.4926423765356
0.27,0.15,42461.53846153846,343.0914701127839
0.29,0.15,42461.53846153846,341.22845571458566
0.31,0.15,42461.53846153846,338.9092846991824
0.33,0.15,42461.53846153846,336.1426586884073
0.35,0.15,42461.53846153846,332.94155898566686
0.37,0.15,42461.53846153846,329.3251694916749
0.39,0.15,42461.53846153846,325.3221606961044
0.01,0.17,42461.53846153846,325.406495367004
0.03,0.17,42461.53846153846,329.57488102191564
0.05,0.17,42461.53846153846,333.34761587865535
0.07,0.17,42461.53846153846,336.69161737820184
0.09,0.17,42461.53846153846,339.58451294823504
0.11,0.17,42461.53846153846,342.0111222575369
0.13,0.17,42461.53846153846,343.96129177256546
0.15,0.17,42461.53846153846,345.4284207433218
0.17,0.17,42461.53846153846,346.4084119789929
0.19,0.17,42461.53846153846,346.89893189662325
0.21,0.17,42461.53846153846,346.8989318966233
0.23,0.17,42461.53846153846,346.40841197899294
0.25,0.17,42461.53846153846,345.42842074332185
0.27,0.17,42461.53846153846,343.9612917725656
0.29,0.17,42461.53846153846,342.01112225753707
0.31,0.17,42461.53846153846,339.5845129482351
0.33,0.17,42461.53846153846,336.6916173782018
0.35,0.17,42461.53846153846,333.34761587865535
0.37,0.17,42461.53846153846,329.5748810219157
0.39,0.17,42461.53846153846,325.406495367004
0.01,0.19,42461.53846153846,325.448653851572
0.03,0.19,42461.53846153846,329.69972400893505
0.05,0.19,42461.53846153846,333.550658829384
0.07,0.19,42461.53846153846,336.9661729603182
0.09,0.19,42461.53846153846,339.92229224512323
0.11,0.19,42461.53846153846,342.40272378095125
0.13,0.19,42461.53846153846,344.3965733946384
0.15,0.19,42461.53846153846,345.89676948868265
0.17,0.19,42461.53846153846,346.89893189662325
0.19,0.19,42461.53846153846,347.4005714037587
0.21,0.19,42461.53846153846,347.4005714037588
0.23,0.19,42461.53846153846,346.8989318966233
0.25,0.19,42461.53846153846,345.8967694886827
0.27,0.19,42461.53846153846,344.39657339463844
0.29,0.19,42461.53846153846,342.4027237809513
0.31,0.19,42461.53846153846,339.92229224512323
0.33,0.19,42461.53846153846,336.9661729603182
0.35,0.19,42461.53846153846,333.550658829384
0.37,0.19,42461.53846153846,329.6997240089351
0.39,0.19,42461.53846153846,325.448653851572
0.01,0.21,42461.53846153846,325.44865385157203
0.03,0.21,42461.53846153846,329.69972400893505
0.05,0.21,42461.53846153846,333.5506588293839
0.07,0.21,42461.53846153846,336.96617296031826
0.09,0.21,42461.53846153846,339.9222922451232
0.11,0.21,42461.53846153846,342.4027237809513
0.13,0.21,42461.53846153846,344.3965733946384
0.15,0.21,42461.53846153846,345.8967694886827
0.17,0.21,42461.53846153846,346.89893189662325
0.19,0.21,42461.53846153846,347.4005714037587
0.21,0.21,42461.53846153846,347.4005714037588
0.23,0.21,42461.53846153846,346.8989318966233
0.25,0.21,42461.53846153846,345.89676948868265
0.27,0.21,42461.53846153846,344.39657339463844
0.29,0.21,42461.53846153846,342.40272378095136
0.31,0.21,42461.53846153846,339.9222922451232
0.33,0.21,42461.53846153846,336.9661729603182
0.35,0.21,42461.53846153846,333.5506588293839
0.37,0.21,42461.53846153846,329.69972400893505
0.39,0.21,42461.53846153846,325.448653851572
0.01,0.23,42461.53846153846,325.406495367004
0.03,0.23,42461.53846153846,329.5748810219157
0.05,0.23,42461.53846153846,333.34761587865535
0.07,0.23,42461.53846153846,336.6916173782018
0.09,0.23,42461.53846153846,339.58451294823504
0.11,0.23,42461.53846153846,342.011122257537
0.13,0.23,42461.53846153846,343.96129177256546
0.15,0.23,42461.53846153846,345.42842074332174
0.17,0.23,42461.53846153846,346.4084119789929
0.19,0.23,42461.53846153846,346.89893189662325
0.21,0.23,42461.53846153846,346.89893189662325
0.23,0.23,42461.53846153846,346.4084119789929
0.25,0.23,42461.53846153846,345.4284207433218
0.27,0.23,42461.53846153846,343.96129177256546
0.29,0.23,42461.53846153846,342.011122257537
0.31,0.23,42461.53846153846,339.5845129482351
0.33,0.23,42461.53846153846,336.6916173782018
0.35,0.23,42461.53846153846,333.34761587865535
0.37,0.23,42461.53846153846,329.57488102191564
0.39,0.23,42461.53846153846,325.406495367004
0.01,0.25,42461.53846153846,325.3221606961044
0.03,0.25,42461.53846153846,329.3251694916749
0.05,0.25,42461.53846153846,332.941558985667
0.07,0.25,42461.53846153846,336.1426586884074
0.09,0.25,42461.53846153846,338.9092846991824
0.11,0.25,42461.53846153846,341.2284557145856
0.13,0.25,42461.53846153846,343.0914701127837
0.15,0.25,42461.53846153846,344.4926423765355
0.17,0.25,42461.53846153846,345.4284207433218
0.19,0.25,42461.53846153846,345.8967694886827
0.21,0.25,42461.53846153846,345.8967694886827
0.23,0.25,42461.53846153846,345.4284207433218
0.25,0.25,42461.53846153846,344.4926423765356
0.27,0.25,42461.53846153846,343.0914701127838
0.29,0.25,42461.53846153846,341.22845571458566
0.31,0.25,42461.53846153846,338.9092846991824
0.33,0.25,42461.53846153846,336.1426586884074
0.35,0.25,42461.53846153846,332.9415589856669
0.37,0.25,42461.53846153846,329.32516949167484
0.39,0.25,42461.53846153846,325.3221606961044
0.01,0.27,42461.53846153846,325.19557544429
0.03,0.27,42461.53846153846,328.9504431682517
0.05,0.27,42461.53846153846,332.332441548547
0.07,0.27,42461.53846153846,335.3195329371948
0.09,0.27,42461.53846153846,337.89726403911254
0.11,0.27,42461.53846153846,340.0558678384128
0.13,0.27,42461.53846153846,341.7887324597112
0.15,0.27,42461.53846153846,343.0914701127837
0.17,0.27,42461.53846153846,343.96129177256546
0.19,0.27,42461.53846153846,344.39657339463844
0.21,0.27,42461.53846153846,344.39657339463844
0.23,0.27,42461.53846153846,343.96129177256546
0.25,0.27,42461.53846153846,343.0914701127838
0.27,0.27,42461.53846153846,341.7887324597112
0.29,0.27,42461.53846153846,340.0558678384128
0.31,0.27,42461.53846153846,337.8972640391125
0.33,0.27,42461.53846153846,335.3195329371947
0.35,0.27,42461.53846153846,332.3324415485469
0.37,0.27,42461.53846153846,328.9504431682517
0.39,0.27,42461.53846153846,325.19557544429
0.01,0.29,42461.53846153846,325.0265098829133
0.03,0.29,42461.53846153846,328.45019870788576
0.05,0.29,42461.53846153846,331.51988453296013
0.07,0.29,42461.53846153846,334.22238736740246
0.09,0.29,42461.53846153846,336.549406553474
0.11,0.29,42461.53846153846,338.4952441772484
0.13,0.29,42461.53846153846,340.0558678384128
0.15,0.29,42461.53846153846,341.2284557145856
0.17,0.29,42461.53846153846,342.0111222575369
0.19,0.29,42461.53846153846,342.4027237809513
0.21,0.29,42461.53846153846,342.4027237809513
0.23,0.29,42461.53846153846,342.0111222575369
0.25,0.29,42461.53846153846,341.2284557145856
0.27,0.29,42461.53846153846,340.0558678384128
0.29,0.29,42461.53846153846,338.4952441772485
0.31,0.29,42461.53846153846,336.54940655347394
0.33,0.29,42461.53846153846,334.22238736740235
0.35,0.29,42461.53846153846,331.5198845329601
0.37,0.29,42461.53846153846,328.4501987078857
0.39,0.29,42461.53846153846,325.0265098829133
0.01,0.31,42461.53846153846,324.8143639712524
0.03,0.31,42461.53846153846,327.8230816251116
0.05,0.31,42461.53846153846,330.502658719346
0.07,0.31,42461.53846153846,332.850934685745
0.09,0.31,42461.53846153846,334.8668854862566
0.11,0.31,42461.53846153846,336.549406553474
0.13,0.31,42461.53846153846,337.8972640391125
0.15,0.31,42461.53846153846,338.9092846991823
0.17,0.31,42461.53846153846,339.5845129482351
0.19,0.31,42461.53846153846,339.92229224512323
0.21,0.31,42461.53846153846,339.92229224512323
0.23,0.31,42461.53846153846,339.5845129482351
0.25,0.31,42461.53846153846,338.9092846991824
0.27,0.31,42461.53846153846,337.8972640391125
0.29,0.31,42461.53846153846,336.549406553474
0.31,0.31,42461.53846153846,334.86688548625665
0.33,0.31,42461.53846153846,332.85093468574496
0.35,0.31,42461.53846153846,330.502658719346
0.37,0.31,42461.53846153846,327.8230816251116
0.39,0.31,42461.53846153846,324.8143639712524
0.01,0.33,42461.53846153846,324.5576910524463
0.03,0.33,42461.53846153846,327.06588089475366
0.05,0.33,42461.53846153846,329.2777071514397
0.07,0.33,42461.53846153846,331.20383347597834
0.09,0.33,42461.53846153846,332.8509346857449
0.11,0.33,42461.53846153846,334.22238736740235
0.13,0.33,42461.53846153846,335.31953293719465
0.15,0.33,42461.53846153846,336.1426586884073
0.17,0.33,42461.53846153846,336.6916173782018
0.19,0.33,42461.53846153846,336.9661729603182
0.21,0.33,42461.53846153846,336.9661729603182
0.23,0.33,42461.53846153846,336.69161737820184
0.25,0.33,42461.53846153846,336.1426586884074
0.27,0.33,42461.53846153846,335.3195329371948
0.29,0.33,42461.53846153846,334.22238736740246
0.31,0.33,42461.53846153846,332.850934685745
0.33,0.33,42461.53846153846,331.20383347597834
0.35,0.33,42461.53846153846,329.27770715143976
0.37,0.33,42461.53846153846,327.06588089475366
0.39,0.33,42461.53846153846,324.5576910524463
0.01,0.35,42461.53846153846,324.253049526744
0.03,0.35,42461.53846153846,326.17145941142354
0.05,0.35,42461.53846153846,327.8383786387363
0.07,0.35,42461.53846153846,329.2777071514397
0.09,0.35,42461.53846153846,330.502658719346
0.11,0.35,42461.53846153846,331.51988453296
0.13,0.35,42461.53846153846,332.3324415485469
0.15,0.35,42461.53846153846,332.9415589856669
0.17,0.35,42461.53846153846,333.34761587865535
0.19,0.35,42461.53846153846,333.550658829384
0.21,0.35,42461.53846153846,333.550658829384
0.23,0.35,42461.53846153846,333.3476158786554
0.25,0.35,42461.53846153846,332.941558985667
0.27,0.35,42461.53846153846,332.332441548547
0.29,0.35,42461.53846153846,331.51988453296013
0.31,0.35,42461.53846153846,330.502658719346
0.33,0.35,42461.53846153846,329.27770715143976
0.35,0.35,42461.53846153846,327.83837863873634
0.37,0.35,42461.53846153846,326.1714594114236
0.39,0.35,42461.53846153846,324.253049526744
0.01,0.37,42461.53846153846,323.89183893836525
0.03,0.37,42461.53846153846,325.12439727129146
0.05,0.37,42461.53846153846,326.17145941142354
0.07,0.37,42461.53846153846,327.06588089475366
0.09,0.37,42461.53846153846,327.8230816251116
0.11,0.37,42461.53846153846,328.4501987078857
0.13,0.37,42461.53846153846,328.9504431682517
0.15,0.37,42461.53846153846,329.32516949167484
0.17,0.37,42461.53846153846,329.5748810219157
0.19,0.37,42461.53846153846,329.69972400893505
0.21,0.37,42461.53846153846,329.6997240089351
0.23,0.37,42461.53846153846,329.5748810219157
0.25,0.37,42461.53846153846,329.32516949167496
0.27,0.37,42461.53846153846,328.9504431682518
0.29,0.37,42461.53846153846,328.4501987078857
0.31,0.37,42461.53846153846,327.8230816251116
0.33,0.37,42461.53846153846,327.06588089475366
0.35,0.37,42461.53846153846,326.1714594114236
0.37,0.37,42461.53846153846,325.1243972712915
0.39,0.37,42461.53846153846,323.89183893836525
0.01,0.39,42461.53846153846,323.4500788713755
0.03,0.39,42461.53846153846,323.89183893836525
0.05,0.39,42461.53846153846,324.253049526744
0.07,0.39,42461.53846153846,324.5576910524463
0.09,0.39,42461.53846153846,324.8143639712524
0.11,0.39,42461.53846153846,325.0265098829133
0.13,0.39,42461.53846153846,325.19557544429
0.15,0.39,42461.53846153846,325.3221606961044
0.17,0.39,42461.53846153846,325.406495367004
0.19,0.39,42461.53846153846,325.448653851572
0.21,0.39,42461.53846153846,325.448653851572
0.23,0.39,42461.53846153846,325.406495367004
0.25,0.39,42461.53846153846,325.32216069610445
0.27,0.39,42461.53846153846,325.19557544429
0.29,0.39,42461.53846153846,325.0265098829133
0.31,0.39,42461.53846153846,324.8143639712524
0.33,0.39,42461.53846153846,324.5576910524463
0.35,0.39,42461.53846153846,324.253049526744
0.37,0.39,42461.53846153846,323.89183893836525
0.39,0.39,42461.53846153846,323.4500788713756
0.01,0.01,44307.69230769231,323.43329647080526
0.03,0.01,44307.69230769231,323.850238493279
0.05,0.01,44307.69230769231,324.19125439285153
0.07,0.01,44307.69230769231,324.479020234883
0.09,0.01,44307.69230769231,324.72162631273187
0.11,0.01,44307.69230769231,324.922268074343
0.13,0.01,44307.69230769231,325.0822519937173
0.15,0.01,44307.69230769231,325.2020900361481
0.17,0.01,44307.69230769231,325.2819551054749
0.19,0.01,44307.69230769231,325.32188701691206
0.21,0.01,44307.69230769231,325.32188701691206
0.23,0.01,44307.69230769231,325.2819551054749
0.25,0.01,44307.69230769231,325.20209003614804
0.27,0.01,44307.69230769231,325.08225199371736
0.29,0.01,44307.69230769231,324.922268074343
0.31,0.01,44307.69230769231,324.72162631273187
0.33,0.01,44307.69230769231,324.479020234883
0.35,0.01,44307.69230769231,324.19125439285153
0.37,0.01,44307.69230769231,323.850238493279
0.39,0.01,44307.69230769231,323.4332964708052
0.01,0.03,44307.69230769231,323.850238493279
0.03,0.03,44307.69230769231,325.0136253491506
0.05,0.03,44307.69230769231,326.00228934292346
0.07,0.03,44307.69230769231,326.8472996797099
0.09,0.03,44307.69230769231,327.56311912783514
0.11,0.03,44307.69230769231,328.1563259436884
0.13,0.03,44307.69230769231,328.6297760633898
0.15,0.03,44307.69230769231,328.98458668175533
0.17,0.03,44307.69230769231,329.22110253538153
0.19,0.03,44307.69230769231,329.3393713732015
0.21,0.03,44307.69230769231,329.3393713732015
0.23,0.03,44307.69230769231,329.22110253538153
0.25,0.03,44307.69230769231,328.9845866817553
0.27,0.03,44307.69230769231,328.6297760633898
0.29,0.03,44307.69230769231,328.15632594368844
0.31,0.03,44307.69230769231,327.5631191278352
0.33,0.03,44307.69230769231,326.84729967971
0.35,0.03,44307.69230769231,326.0022893429235
0.37,0.03,44307.69230769231,325.0136253491506
0.39,0.03,44307.69230769231,323.85023849327894
0.01,0.05,44307.69230769231,324.19125439285153
0.03,0.05,44307.69230769231,326.00228934292346
0.05,0.05,44307.69230769231,327.57657267048654
0.07,0.05,44307.69230769231,328.9367248267822
0.09,0.05,44307.69230769231,330.0950493688399
0.11,0.05,44307.69230769231,331.0575538187462
0.13,0.05,44307.69230769231,331.8268285952877
0.15,0.05,44307.69230769231,332.4037621625575
0.17,0.05,44307.69230769231,332.78849219064847
0.19,0.05,44307.69230769231,332.98090984727963
0.21,0.05,44307.69230769231,332.9809098472797
0.23,0.05,44307.69230769231,332.78849219064847
0.25,0.05,44307.69230769231,332.4037621625574
0.27,0.05,44307.69230769231,331.8268285952876
0.29,0.05,44307.69230769231,331.0575538187462
0.31,0.05,44307.69230769231,330.0950493688399
0.33,0.05,44307.69230769231,328.9367248267822
0.35,0.05,44307.69230769231,327.57657267048654
0.37,0.05,44307.69230769231,326.00228934292346
0.39,0.05,44307.69230769231,324.19125439285153
0.01,0.07,44307.69230769231,324.479020234883
0.03,0.07,44307.69230769231,326.8472996797099
0.05,0.07,44307.69230769231,328.9367248267822
0.07,0.07,44307.69230769231,330.757423661133
0.09,0.07,44307.69230769231,332.31544925252314
0.11,0.07,44307.69230769231,333.6136008305217
0.13,0.07,44307.69230769231,334.6527215364342
0.15,0.07,44307.69230769231,335.43269153784803
0.17,0.07,44307.69230769231,335.9530537370355
0.19,0.07,44307.69230769231,336.2133635059095
0.21,0.07,44307.69230769231,336.2133635059095
0.23,0.07,44307.69230769231,335.9530537370354
0.25,0.07,44307.69230769231,335.4326915378479
0.27,0.07,44307.69230769231,334.6527215364341
0.29,0.07,44307.69230769231,333.61360083052165
0.31,0.07,44307.69230769231,332.3154492525231
0.33,0.07,44307.69230769231,330.7574236611329
0.35,0.07,44307.69230769231,328.9367248267822
0.37,0.07,44307.69230769231,326.8472996797099
0.39,0.07,44307.69230769231,324.479020234883
0.01,0.09,44307.69230769231,324.72162631273187
0.03,0.09,44307.69230769231,327.5631191278352
0.05,0.09,44307.69230769231,330.0950493688399
0.07,0.09,44307.69230769231,332.3154492525231
0.09,0.09,44307.69230769231,334.2230311821421
0.11,0.09,44307.69230769231,335.81624627617043
0.13,0.09,44307.69230769231,337.09337376248
0.15,0.09,44307.69230769231,338.05278837068613
0.17,0.09,44307.69230769231,338.6931641233636
0.19,0.09,44307.69230769231,339.01358413285175
0.21,0.09,44307.69230769231,339.0135841328517
0.23,0.09,44307.69230769231,338.69316412336354
0.25,0.09,44307.69230769231,338.052788370686
0.27,0.09,44307.69230769231,337.09337376247987
0.29,0.09,44307.69230769231,335.81624627617043
0.31,0.09,44307.69230769231,334.2230311821421
0.33,0.09,44307.69230769231,332.31544925252314
0.35,0.09,44307.69230769231,330.09504936884
0.37,0.09,44307.69230769231,327.5631191278352
0.39,0.09,44307.69230769231,324.72162631273187
0.01,0.11,44307.69230769231,324.922268074343
0.03,0.11,44307.69230769231,328.1563259436884
0.05,0.11,44307.69230769231,331.0575538187462
0.07,0.11,44307.69230769231,333.6136008305216
0.09,0.11,44307.69230769231,335.81624627617043
0.11,0.11,44307.69230769231,337.6594926502302
0.13,0.11,44307.69230769231,339.1388459220007
0.15,0.11,44307.69230769231,340.25099681223105
0.17,0.11,44307.69230769231,340.99363336399057
0.19,0.11,44307.69230769231,341.36530126248726
0.21,0.11,44307.69230769231,341.3653012624872
0.23,0.11,44307.69230769231,340.99363336399045
0.25,0.11,44307.69230769231,340.250996812231
0.27,0.11,44307.69230769231,339.1388459220007
0.29,0.11,44307.69230769231,337.6594926502303
0.31,0.11,44307.69230769231,335.81624627617043
0.33,0.11,44307.69230769231,333.61360083052165
0.35,0.11,44307.69230769231,331.05755381874627
0.37,0.11,44307.69230769231,328.15632594368844
0.39,0.11,44307.69230769231,324.92226807434304
0.01,0.13,44307.69230769231,325.0822519937173
0.03,0.13,44307.69230769231,328.6297760633897
0.05,0.13,44307.69230769231,331.8268285952876
0.07,0.13,44307.69230769231,334.65272153643417
0.09,0.13,44307.69230769231,337.09337376247987
0.11,0.13,44307.69230769231,339.1388459220006
0.13,0.13,44307.69230769231,340.7820879782603
0.15,0.13,44307.69230769231,342.01819295168406
0.17,0.13,44307.69230769231,342.84389413928324
0.19,0.13,44307.69230769231,343.25721031531594
0.21,0.13,44307.69230769231,343.25721031531594
0.23,0.13,44307.69230769231,342.8438941392832
0.25,0.13,44307.69230769231,342.0181929516841
0.27,0.13,44307.69230769231,340.78208797826034
0.29,0.13,44307.69230769231,339.1388459220007
0.31,0.13,44307.69230769231,337.09337376248
0.33,0.13,44307.69230769231,334.65272153643417
0.35,0.13,44307.69230769231,331.8268285952876
0.37,0.13,44307.69230769231,328.6297760633898
0.39,0.13,44307.69230769231,325.0822519937173
0.01,0.15,44307.69230769231,325.20209003614804
0.03,0.15,44307.69230769231,328.9845866817552
0.05,0.15,44307.69230769231,332.40376216255737
0.07,0.15,44307.69230769231,335.43269153784786
0.09,0.15,44307.69230769231,338.052788370686
0.11,0.15,44307.69230769231,340.25099681223094
0.13,0.15,44307.69230769231,342.01819295168406
0.15,0.15,44307.69230769231,343.34814393457964
0.17,0.15,44307.69230769231,344.2367765976136
0.19,0.15,44307.69230769231,344.6816586224205
0.21,0.15,44307.69230769231,344.6816586224205
0.23,0.15,44307.69230769231,344.2367765976136
0.25,0.15,44307.69230769231,343.34814393457964
0.27,0.15,44307.69230769231,342.0181929516841
0.29,0.15,44307.69230769231,340.25099681223105
0.31,0.15,44307.69230769231,338.05278837068613
0.33,0.15,44307.69230769231,335.432691537848
0.35,0.15,44307.69230769231,332.4037621625574
0.37,0.15,44307.69230769231,328.9845866817553
0.39,0.15,44307.69230769231,325.20209003614804
0.01,0.17,44307.69230769231,325.2819551054749
0.03,0.17,44307.69230769231,329.2211025353814
0.05,0.17,44307.69230769231,332.7884921906484
0.07,0.17,44307.69230769231,335.95305373703536
0.09,0.17,44307.69230769231,338.6931641233635
0.11,0.17,44307.69230769231,340.9936333639904
0.13,0.17,44307.69230769231,342.8438941392832
0.15,0.17,44307.69230769231,344.2367765976136
0.17,0.17,44307.69230769231,345.16762993935805
0.19,0.17,44307.69230769231,345.6336952754647
0.21,0.17,44307.69230769231,345.6336952754647
0.23,0.17,44307.69230769231,345.16762993935805
0.25,0.17,44307.69230769231,344.23677659761364
0.27,0.17,44307.69230769231,342.8438941392833
0.29,0.17,44307.69230769231,340.9936333639905
0.31,0.17,44307.69230769231,338.6931641233636
0.33,0.17,44307.69230769231,335.9530537370354
0.35,0.17,44307.69230769231,332.7884921906484
0.37,0.17,44307.69230769231,329.22110253538153
0.39,0.17,44307.69230769231,325.2819551054749
0.01,0.19,44307.69230769231,325.32188701691206
0.03,0.19,44307.69230769231,329.33937137320146
0.05,0.19,44307.69230769231,332.98090984727963
0.07,0.19,44307.69230769231,336.2133635059095
0.09,0.19,44307.69230769231,339.0135841328517
0.11,0.19,44307.69230769231,341.36530126248726
0.13,0.19,44307.69230769231,343.257210315316
0.15,0.19,44307.69230769231,344.6816586224205
0.17,0.19,44307.69230769231,345.6336952754647
0.19,0.19,44307.69230769231,346.1103906020569
0.21,0.19,44307.69230769231,346.110390602057
0.23,0.19,44307.69230769231,345.6336952754647
0.25,0.19,44307.69230769231,344.6816586224205
0.27,0.19,44307.69230769231,343.25721031531606
0.29,0.19,44307.69230769231,341.36530126248726
0.31,0.19,44307.69230769231,339.01358413285175
0.33,0.19,44307.69230769231,336.21336350590946
0.35,0.19,44307.69230769231,332.98090984727963
0.37,0.19,44307.69230769231,329.3393713732015
0.39,0.19,44307.69230769231,325.32188701691206
0.01,0.21,44307.69230769231,325.32188701691206
0.03,0.21,44307.69230769231,329.3393713732015
0.05,0.21,44307.69230769231,332.98090984727963
0.07,0.21,44307.69230769231,336.2133635059096
0.09,0.21,44307.69230769231,339.0135841328517
0.11,0.21,44307.69230769231,341.36530126248726
0.13,0.21,44307.69230769231,343.257210315316
0.15,0.21,44307.69230769231,344.68165862242057
0.17,0.21,44307.69230769231,345.6336952754647
0.19,0.21,44307.69230769231,346.1103906020569
0.21,0.21,44307.69230769231,346.110390602057
0.23,0.21,44307.69230769231,345.6336952754647
0.25,0.21,44307.69230769231,344.6816586224205
0.27,0.21,44307.69230769231,343.25721031531606
0.29,0.21,44307.69230769231,341.36530126248726
0.31,0.21,44307.69230769231,339.0135841328517
0.33,0.21,44307.69230769231,336.21336350590946
0.35,0.21,44307.69230769231,332.98090984727963
0.37,0.21,44307.69230769231,329.33937137320146
0.39,0.21,44307.69230769231,325.32188701691206
0.01,0.23,44307.69230769231,325.2819551054749
0.03,0.23,44307.69230769231,329.22110253538153
0.05,0.23,44307.69230769231,332.7884921906485
0.07,0.23,44307.69230769231,335.9530537370355
0.09,0.23,44307.69230769231,338.6931641233636
0.11,0.23,44307.69230769231,340.99363336399057
0.13,0.23,44307.69230769231,342.8438941392833
0.15,0.23,44307.69230769231,344.23677659761364
0.17,0.23,44307.69230769231,345.16762993935805
0.19,0.23,44307.69230769231,345.6336952754646
0.21,0.23,44307.69230769231,345.6336952754647
0.23,0.23,44307.69230769231,345.167629939358
0.25,0.23,44307.69230769231,344.2367765976135
0.27,0.23,44307.69230769231,342.84389413928324
0.29,0.23,44307.69230769231,340.9936333639905
0.31,0.23,44307.69230769231,338.6931641233635
0.33,0.23,44307.69230769231,335.95305373703536
0.35,0.23,44307.69230769231,332.7884921906484
0.37,0.23,44307.69230769231,329.2211025353814
0.39,0.23,44307.69230769231,325.2819551054749
0.01,0.25,44307.69230769231,325.2020900361481
0.03,0.25,44307.69230769231,328.98458668175533
0.05,0.25,44307.69230769231,332.4037621625575
0.07,0.25,44307.69230769231,335.43269153784803
0.09,0.25,44307.69230769231,338.0527883706862
0.11,0.25,44307.69230769231,340.2509968122311
0.13,0.25,44307.69230769231,342.01819295168417
0.15,0.25,44307.69230769231,343.3481439345797
0.17,0.25,44307.69230769231,344.23677659761364
0.19,0.25,44307.69230769231,344.68165862242057
0.21,0.25,44307.69230769231,344.68165862242057
0.23,0.25,44307.69230769231,344.2367765976136
0.25,0.25,44307.69230769231,343.34814393457964
0.27,0.25,44307.69230769231,342.0181929516841
0.29,0.25,44307.69230769231,340.25099681223105
0.31,0.25,44307.69230769231,338.0527883706861
0.33,0.25,44307.69230769231,335.43269153784786
0.35,0.25,44307.69230769231,332.4037621625574
0.37,0.25,44307.69230769231,328.9845866817552
0.39,0.25,44307.69230769231,325.20209003614804
0.01,0.27,44307.69230769231,325.0822519937173
0.03,0.27,44307.69230769231,328.62977606338984
0.05,0.27,44307.69230769231,331.82682859528774
0.07,0.27,44307.69230769231,334.6527215364343
0.09,0.27,44307.69230769231,337.09337376248004
0.11,0.27,44307.69230769231,339.1388459220008
0.13,0.27,44307.69230769231,340.78208797826045
0.15,0.27,44307.69230769231,342.01819295168417
0.17,0.27,44307.69230769231,342.8438941392833
0.19,0.27,44307.69230769231,343.25721031531606
0.21,0.27,44307.69230769231,343.25721031531606
0.23,0.27,44307.69230769231,342.8438941392833
0.25,0.27,44307.69230769231,342.0181929516841
0.27,0.27,44307.69230769231,340.7820879782604
0.29,0.27,44307.69230769231,339.1388459220008
0.31,0.27,44307.69230769231,337.09337376248
0.33,0.27,44307.69230769231,334.6527215364342
0.35,0.27,44307.69230769231,331.8268285952876
0.37,0.27,44307.69230769231,328.6297760633898
0.39,0.27,44307.69230769231,325.08225199371725
0.01,0.29,44307.69230769231,324.922268074343
0.03,0.29,44307.69230769231,328.15632594368844
0.05,0.29,44307.69230769231,331.0575538187463
0.07,0.29,44307.69230769231,333.61360083052176
0.09,0.29,44307.69230769231,335.81624627617055
0.11,0.29,44307.69230769231,337.65949265023033
0.13,0.29,44307.69230769231,339.1388459220008
0.15,0.29,44307.69230769231,340.2509968122311
0.17,0.29,44307.69230769231,340.9936333639906
0.19,0.29,44307.69230769231,341.3653012624873
0.21,0.29,44307.69230769231,341.3653012624874
0.23,0.29,44307.69230769231,340.99363336399057
0.25,0.29,44307.69230769231,340.2509968122311
0.27,0.29,44307.69230769231,339.1388459220008
0.29,0.29,44307.69230769231,337.6594926502304
0.31,0.29,44307.69230769231,335.81624627617055
0.33,0.29,44307.69230769231,333.61360083052176
0.35,0.29,44307.69230769231,331.05755381874627
0.37,0.29,44307.69230769231,328.15632594368844
0.39,0.29,44307.69230769231,324.922268074343
0.01,0.31,44307.69230769231,324.72162631273187
0.03,0.31,44307.69230769231,327.56311912783525
0.05,0.31,44307.69230769231,330.09504936884
0.07,0.31,44307.69230769231,332.3154492525232
0.09,0.31,44307.69230769231,334.22303118214217
0.11,0.31,44307.69230769231,335.8162462761705
0.13,0.31,44307.69230769231,337.09337376248
0.15,0.31,44307.69230769231,338.0527883706862
0.17,0.31,44307.69230769231,338.69316412336366
0.19,0.31,44307.69230769231,339.0135841328518
0.21,0.31,44307.69230769231,339.0135841328518
0.23,0.31,44307.69230769231,338.69316412336366
0.25,0.31,44307.69230769231,338.0527883706862
0.27,0.31,44307.69230769231,337.09337376248004
0.29,0.31,44307.69230769231,335.8162462761706
0.31,0.31,44307.69230769231,334.2230311821423
0.33,0.31,44307.69230769231,332.31544925252325
0.35,0.31,44307.69230769231,330.09504936884
0.37,0.31,44307.69230769231,327.5631191278352
0.39,0.31,44307.69230769231,324.72162631273187
0.01,0.33,44307.69230769231,324.479020234883
0.03,0.33,44307.69230769231,326.8472996797099
0.05,0.33,44307.69230769231,328.9367248267822
0.07,0.33,44307.69230769231,330.7574236611329
0.09,0.33,44307.69230769231,332.31544925252314
0.11,0.33,44307.69230769231,333.6136008305217
0.13,0.33,44307.69230769231,334.65272153643417
0.15,0.33,44307.69230769231,335.432691537848
0.17,0.33,44307.69230769231,335.9530537370355
0.19,0.33,44307.69230769231,336.2133635059096
0.21,0.33,44307.69230769231,336.2133635059095
0.23,0.33,44307.69230769231,335.9530537370355
0.25,0.33,44307.69230769231,335.43269153784803
0.27,0.33,44307.69230769231,334.6527215364343
0.29,0.33,44307.69230769231,333.6136008305218
0.31,0.33,44307.69230769231,332.3154492525233
0.33,0.33,44307.69230769231,330.75742366113303
0.35,0.33,44307.69230769231,328.9367248267822
0.37,0.33,44307.69230769231,326.84729967971
0.39,0.33,44307.69230769231,324.479020234883
0.01,0.35,44307.69230769231,324.1912543928515
0.03,0.35,44307.69230769231,326.00228934292346
0.05,0.35,44307.69230769231,327.5765726704865
0.07,0.35,44307.69230769231,328.9367248267821
0.09,0.35,44307.69230769231,330.09504936884
0.11,0.35,44307.69230769231,331.05755381874627
0.13,0.35,44307.69230769231,331.8268285952876
0.15,0.35,44307.69230769231,332.4037621625574
0.17,0.35,44307.69230769231,332.7884921906484
0.19,0.35,44307.69230769231,332.98090984727963
0.21,0.35,44307.69230769231,332.98090984727963
0.23,0.35,44307.69230769231,332.78849219064847
0.25,0.35,44307.69230769231,332.40376216255754
0.27,0.35,44307.69230769231,331.82682859528774
0.29,0.35,44307.69230769231,331.0575538187464
0.31,0.35,44307.69230769231,330.09504936884
0.33,0.35,44307.69230769231,328.93672482678227
0.35,0.35,44307.69230769231,327.57657267048654
0.37,0.35,44307.69230769231,326.00228934292346
0.39,0.35,44307.69230769231,324.19125439285153
0.01,0.37,44307.69230769231,323.85023849327894
0.03,0.37,44307.69230769231,325.0136253491506
0.05,0.37,44307.69230769231,326.00228934292346
0.07,0.37,44307.69230769231,326.8472996797099
0.09,0.37,44307.69230769231,327.5631191278352
0.11,0.37,44307.69230769231,328.15632594368844
0.13,0.37,44307.69230769231,328.6297760633897
0.15,0.37,44307.69230769231,328.98458668175533
0.17,0.37,44307.69230769231,329.2211025353815
0.19,0.37,44307.69230769231,329.33937137320146
0.21,0.37,44307.69230769231,329.3393713732015
0.23,0.37,44307.69230769231,329.22110253538153
0.25,0.37,44307.69230769231,328.98458668175533
0.27,0.37,44307.69230769231,328.62977606338984
0.29,0.37,44307.69230769231,328.1563259436885
0.31,0.37,44307.69230769231,327.56311912783525
0.33,0.37,44307.69230769231,326.84729967971
0.35,0.37,44307.69230769231,326.0022893429235
0.37,0.37,44307.69230769231,325.01362534915063
0.39,0.37,44307.69230769231,323.85023849327894
0.01,0.39,44307.69230769231,323.4332964708052
0.03,0.39,44307.69230769231,323.85023849327894
0.05,0.39,44307.69230769231,324.19125439285153
0.07,0.39,44307.69230769231,324.479020234883
0.09,0.39,44307.69230769231,324.7216263127318
0.11,0.39,44307.69230769231,324.922268074343
0.13,0.39,44307.69230769231,325.0822519937173
0.15,0.39,44307.69230769231,325.20209003614804
0.17,0.39,44307.69230769231,325.2819551054749
0.19,0.39,44307.69230769231,325.32188701691206
0.21,0.39,44307.69230769231,325.32188701691206
0.23,0.39,44307.69230769231,325.2819551054749
0.25,0.39,44307.69230769231,325.2020900361481
0.27,0.39,44307.69230769231,325.0822519937173
0.29,0.39,44307.69230769231,324.922268074343
0.31,0.39,44307.69230769231,324.72162631273187
0.33,0.39,44307.69230769231,324.479020234883
0.35,0.39,44307.69230769231,324.19125439285153
0.37,0.39,44307.69230769231,323.85023849327894
0.39,0.39,44307.69230769231,323.4332964708052
0.01,0.01,46153.84615384616,323.41749447184355
0.03,0.01,46153.84615384616,323.8107914693036
0.05,0.01,46153.84615384616,324.13239607624433
0.07,0.01,46153.84615384616,324.403829368682
0.09,0.01,46153.84615384616,324.63274734832174
0.11,0.01,46153.84615384616,324.8221468920095
0.13,0.01,46153.84615384616,324.97322695387084
0.15,0.01,46153.84615384616,325.08643408849383
0.17,0.01,46153.84615384616,325.1618995128486
0.19,0.01,46153.84615384616,325.199637665552
0.21,0.01,46153.84615384616,325.1996376655519
0.23,0.01,46153.84615384616,325.1618995128485
0.25,0.01,46153.84615384616,325.0864340884938
0.27,0.01,46153.84615384616,324.9732269538708
0.29,0.01,46153.84615384616,324.82214689200947
0.31,0.01,46153.84615384616,324.6327473483217
0.33,0.01,46153.84615384616,324.40382936868195
0.35,0.01,46153.84615384616,324.1323960762443
0.37,0.01,46153.84615384616,323.8107914693036
0.39,0.01,46153.84615384616,323.41749447184355
0.01,0.03,46153.84615384616,323.8107914693036
0.03,0.03,46153.84615384616,324.90806204506
0.05,0.03,46153.84615384616,325.8405014528248
0.07,0.03,46153.84615384616,326.63764637625803
0.09,0.03,46153.84615384616,327.313175388543
0.11,0.03,46153.84615384616,327.87323175559163
0.13,0.03,46153.84615384616,328.32040603884195
0.15,0.03,46153.84615384616,328.6556416895225
0.17,0.03,46153.84615384616,328.8791675875358
0.19,0.03,46153.84615384616,328.99095901567847
0.21,0.03,46153.84615384616,328.99095901567847
0.23,0.03,46153.84615384616,328.87916758753573
0.25,0.03,46153.84615384616,328.6556416895224
0.27,0.03,46153.84615384616,328.32040603884195
0.29,0.03,46153.84615384616,327.87323175559163
0.31,0.03,46153.84615384616,327.313175388543
0.33,0.03,46153.84615384616,326.6376463762581
0.35,0.03,46153.84615384616,325.84050145282487
0.37,0.03,46153.84615384616,324.90806204506
0.39,0.03,46153.84615384616,323.8107914693035
0.01,0.05,46153.84615384616,324.1323960762443
0.03,0.05,46153.84615384616,325.84050145282487
0.05,0.05,46153.84615384616,327.3254269137309
0.07,0.05,46153.84615384616,328.60877681110594
0.09,0.05,46153.84615384616,329.70216535128964
0.11,0.05,46153.84615384616,330.6111316473961
0.13,0.05,46153.84615384616,331.33793316059825
0.15,0.05,46153.84615384616,331.88321474431376
0.17,0.05,46153.84615384616,332.2469389814132
0.19,0.05,46153.84615384616,332.42888227985134
0.21,0.05,46153.84615384616,332.4288822798513
0.23,0.05,46153.84615384616,332.2469389814131
0.25,0.05,46153.84615384616,331.8832147443136
0.27,0.05,46153.84615384616,331.3379331605981
0.29,0.05,46153.84615384616,330.61113164739606
0.31,0.05,46153.84615384616,329.7021653512896
0.33,0.05,46153.84615384616,328.60877681110594
0.35,0.05,46153.84615384616,327.3254269137309
0.37,0.05,46153.84615384616,325.8405014528248
0.39,0.05,46153.84615384616,324.1323960762443
0.01,0.07,46153.84615384616,324.403829368682
0.03,0.07,46153.84615384616,326.6376463762581
0.05,0.07,46153.84615384616,328.608776811106
0.07,0.07,46153.84615384616,330.3270590837661
0.09,0.07,46153.84615384616,331.79816524530764
0.11,0.07,46153.84615384616,333.0245250213278
0.13,0.07,46153.84615384616,334.0066496770732
0.15,0.07,46153.84615384616,334.744136969769
0.17,0.07,46153.84615384616,335.23630677447096
0.19,0.07,46153.84615384616,335.48255991432626
0.21,0.07,46153.84615384616,335.48255991432626
0.23,0.07,46153.84615384616,335.2363067744709
0.25,0.07,46153.84615384616,334.7441369697688
0.27,0.07,46153.84615384616,334.0066496770731
0.29,0.07,46153.84615384616,333.02452502132775
0.31,0.07,46153.84615384616,331.7981652453076
0.33,0.07,46153.84615384616,330.327059083766
0.35,0.07,46153.84615384616,328.6087768111059
0.37,0.07,46153.84615384616,326.63764637625803
0.39,0.07,46153.84615384616,324.40382936868195
0.01,0.09,46153.84615384616,324.6327473483217
0.03,0.09,46153.84615384616,327.313175388543
0.05,0.09,46153.84615384616,329.70216535128964
0.07,0.09,46153.84615384616,331.79816524530764
0.09,0.09,46153.84615384616,333.5998711389977
0.11,0.09,46153.84615384616,335.105518742224
0.13,0.09,46153.84615384616,336.3130919377239
0.15,0.09,46153.84615384616,337.220661598142
0.17,0.09,46153.84615384616,337.82663694862566
0.19,0.09,46153.84615384616,338.1299076201695
0.21,0.09,46153.84615384616,338.12990762016943
0.23,0.09,46153.84615384616,337.8266369486256
0.25,0.09,46153.84615384616,337.2206615981419
0.27,0.09,46153.84615384616,336.3130919377238
0.29,0.09,46153.84615384616,335.1055187422239
0.31,0.09,46153.84615384616,333.5998711389976
0.33,0.09,46153.84615384616,331.7981652453076
0.35,0.09,46153.84615384616,329.7021653512896
0.37,0.09,46153.84615384616,327.313175388543
0.39,0.09,46153.84615384616,324.6327473483217
0.01,0.11,46153.84615384616,324.82214689200947
0.03,0.11,46153.84615384616,327.87323175559163
0.05,0.11,46153.84615384616,330.6111316473961
0.07,0.11,46153.84615384616,333.02452502132775
0.09,0.11,46153.84615384616,335.105518742224
0.11,0.11,46153.84615384616,336.84805894052835
0.13,0.11,46153.84615384616,338.24740174784534
0.15,0.11,46153.84615384616,339.29991909406755
0.17,0.11,46153.84615384616,340.00299559958194
0.19,0.11,46153.84615384616,340.35494555655737
0.21,0.11,46153.84615384616,340.3549455565573
0.23,0.11,46153.84615384616,340.0029955995819
0.25,0.11,46153.84615384616,339.2999190940675
0.27,0.11,46153.84615384616,338.2474017478453
0.29,0.11,46153.84615384616,336.8480589405283
0.31,0.11,46153.84615384616,335.1055187422239
0.33,0.11,46153.84615384616,333.02452502132775
0.35,0.11,46153.84615384616,330.6111316473961
0.37,0.11,46153.84615384616,327.8732317555917
0.39,0.11,46153.84615384616,324.82214689200947
0.01,0.13,46153.84615384616,324.9732269538708
0.03,0.13,46153.84615384616,328.32040603884195
0.05,0.13,46153.84615384616,331.33793316059814
0.07,0.13,46153.84615384616,334.0066496770731
0.09,0.13,46153.84615384616,336.3130919377238
0.11,0.13,46153.84615384616,338.24740174784523
0.13,0.13,46153.84615384616,339.8023191973673
0.15,0.13,46153.84615384616,340.97260455071654
0.17,0.13,46153.84615384616,341.7546520433609
0.19,0.13,46153.84615384616,342.14621389355165
0.21,0.13,46153.84615384616,342.1462138935516
0.23,0.13,46153.84615384616,341.75465204336086
0.25,0.13,46153.84615384616,340.9726045507166
0.27,0.13,46153.84615384616,339.8023191973673
0.29,0.13,46153.84615384616,338.24740174784523
0.31,0.13,46153.84615384616,336.31309193772387
0.33,0.13,46153.84615384616,334.0066496770731
0.35,0.13,46153.84615384616,331.33793316059814
0.37,0.13,46153.84615384616,328.32040603884195
0.39,0.13,46153.84615384616,324.9732269538708
0.01,0.15,46153.84615384616,325.0864340884938
0.03,0.15,46153.84615384616,328.65564168952244
0.05,0.15,46153.84615384616,331.88321474431365
0.07,0.15,46153.84615384616,334.7441369697688
0.09,0.15,46153.84615384616,337.2206615981419
0.11,0.15,46153.84615384616,339.29991909406743
0.13,0.15,46153.84615384616,340.9726045507166
0.15,0.15,46153.84615384616,342.23213870437485
0.17,0.15,46153.84615384616,343.07407862135915
0.19,0.15,46153.84615384616,343.4956956097483
0.21,0.15,46153.84615384616,343.4956956097482
0.23,0.15,46153.84615384616,343.0740786213591
0.25,0.15,46153.84615384616,342.2321387043748
0.27,0.15,46153.84615384616,340.9726045507166
0.29,0.15,46153.84615384616,339.2999190940675
0.31,0.15,46153.84615384616,337.2206615981419
0.33,0.15,46153.84615384616,334.74413696976893
0.35,0.15,46153.84615384616,331.88321474431365
0.37,0.15,46153.84615384616,328.6556416895224
0.39,0.15,46153.84615384616,325.0864340884938
0.01,0.17,46153.84615384616,325.1618995128486
0.03,0.17,46153.84615384616,328.87916758753573
0.05,0.17,46153.84615384616,332.2469389814131
0.07,0.17,46153.84615384616,335.23630677447085
0.09,0.17,46153.84615384616,337.8266369486256
0.11,0.17,46153.84615384616,340.0029955995819
0.13,0.17,46153.84615384616,341.7546520433609
0.15,0.17,46153.84615384616,343.0740786213592
0.17,0.17,46153.84615384616,343.956231948147
0.19,0.17,46153.84615384616,344.398035009243
0.21,0.17,46153.84615384616,344.398035009243
0.23,0.17,46153.84615384616,343.9562319481469
0.25,0.17,46153.84615384616,343.0740786213591
0.27,0.17,46153.84615384616,341.754652043361
0.29,0.17,46153.84615384616,340.00299559958194
0.31,0.17,46153.84615384616,337.8266369486256
0.33,0.17,46153.84615384616,335.2363067744709
0.35,0.17,46153.84615384616,332.24693898141305
0.37,0.17,46153.84615384616,328.8791675875357
0.39,0.17,46153.84615384616,325.1618995128485
0.01,0.19,46153.84615384616,325.199637665552
0.03,0.19,46153.84615384616,328.9909590156785
0.05,0.19,46153.84615384616,332.4288822798513
0.07,0.19,46153.84615384616,335.48255991432626
0.09,0.19,46153.84615384616,338.12990762016943
0.11,0.19,46153.84615384616,340.3549455565574
0.13,0.19,46153.84615384616,342.14621389355176
0.15,0.19,46153.84615384616,343.49569560974834
0.17,0.19,46153.84615384616,344.3980350092431
0.19,0.19,46153.84615384616,344.84997280493184
0.21,0.19,46153.84615384616,344.8499728049318
0.23,0.19,46153.84615384616,344.398035009243
0.25,0.19,46153.84615384616,343.4956956097482
0.27,0.19,46153.84615384616,342.1462138935517
0.29,0.19,46153.84615384616,340.35494555655737
0.31,0.19,46153.84615384616,338.12990762016943
0.33,0.19,46153.84615384616,335.4825599143262
0.35,0.19,46153.84615384616,332.4288822798513
0.37,0.19,46153.84615384616,328.9909590156784
0.39,0.19,46153.84615384616,325.199637665552
0.01,0.21,46153.84615384616,325.199637665552
0.03,0.21,46153.84615384616,328.9909590156785
0.05,0.21,46153.84615384616,332.42888227985134
0.07,0.21,46153.84615384616,335.48255991432626
0.09,0.21,46153.84615384616,338.12990762016943
0.11,0.21,46153.84615384616,340.3549455565574
0.13,0.21,46153.84615384616,342.14621389355176
0.15,0.21,46153.84615384616,343.49569560974834
0.17,0.21,46153.84615384616,344.3980350092432
0.19,0.21,46153.84615384616,344.84997280493184
0.21,0.21,46153.84615384616,344.8499728049318
0.23,0.21,46153.84615384616,344.398035009243
0.25,0.21,46153.84615384616,343.4956956097483
0.27,0.21,46153.84615384616,342.1462138935517
0.29,0.21,46153.84615384616,340.35494555655737
0.31,0.21,46153.84615384616,338.1299076201694
0.33,0.21,46153.84615384616,335.4825599143262
0.35,0.21,46153.84615384616,332.4288822798512
0.37,0.21,46153.84615384616,328.9909590156784
0.39,0.21,46153.84615384616,325.199637665552
0.01,0.23,46153.84615384616,325.1618995128485
0.03,0.23,46153.84615384616,328.87916758753573
0.05,0.23,46153.84615384616,332.2469389814132
0.07,0.23,46153.84615384616,335.2363067744709
0.09,0.23,46153.84615384616,337.8266369486256
0.11,0.23,46153.84615384616,340.002995599582
0.13,0.23,46153.84615384616,341.75465204336103
0.15,0.23,46153.84615384616,343.0740786213592
0.17,0.23,46153.84615384616,343.9562319481471
0.19,0.23,46153.84615384616,344.3980350092431
0.21,0.23,46153.84615384616,344.398035009243
0.23,0.23,46153.84615384616,343.95623194814704
0.25,0.23,46153.84615384616,343.07407862135915
0.27,0.23,46153.84615384616,341.754652043361
0.29,0.23,46153.84615384616,340.0029955995819
0.31,0.23,46153.84615384616,337.82663694862555
0.33,0.23,46153.84615384616,335.23630677447085
0.35,0.23,46153.84615384616,332.24693898141305
0.37,0.23,46153.84615384616,328.8791675875357
0.39,0.23,46153.84615384616,325.1618995128485
0.01,0.25,46153.84615384616,325.0864340884938
0.03,0.25,46153.84615384616,328.65564168952244
0.05,0.25,46153.84615384616,331.8832147443137
0.07,0.25,46153.84615384616,334.74413696976893
0.09,0.25,46153.84615384616,337.220661598142
0.11,0.25,46153.84615384616,339.29991909406755
0.13,0.25,46153.84615384616,340.97260455071665
0.15,0.25,46153.84615384616,342.23213870437496
0.17,0.25,46153.84615384616,343.07407862135926
0.19,0.25,46153.84615384616,343.49569560974834
0.21,0.25,46153.84615384616,343.4956956097483
0.23,0.25,46153.84615384616,343.07407862135915
0.25,0.25,46153.84615384616,342.23213870437485
0.27,0.25,46153.84615384616,340.9726045507166
0.29,0.25,46153.84615384616,339.2999190940675
0.31,0.25,46153.84615384616,337.2206615981418
0.33,0.25,46153.84615384616,334.7441369697689
0.35,0.25,46153.84615384616,331.8832147443136
0.37,0.25,46153.84615384616,328.6556416895224
0.39,0.25,46153.84615384616,325.0864340884938
0.01,0.27,46153.84615384616,324.9732269538708
0.03,0.27,46153.84615384616,328.32040603884195
0.05,0.27,46153.84615384616,331.33793316059814
0.07,0.27,46153.84615384616,334.00664967707314
0.09,0.27,46153.84615384616,336.3130919377239
0.11,0.27,46153.84615384616,338.24740174784534
0.13,0.27,46153.84615384616,339.80231919736747
0.15,0.27,46153.84615384616,340.9726045507167
0.17,0.27,46153.84615384616,341.7546520433611
0.19,0.27,46153.84615384616,342.1462138935518
0.21,0.27,46153.84615384616,342.14621389355176
0.23,0.27,46153.84615384616,341.754652043361
0.25,0.27,46153.84615384616,340.97260455071654
0.27,0.27,46153.84615384616,339.8023191973673
0.29,0.27,46153.84615384616,338.24740174784523
0.31,0.27,46153.84615384616,336.3130919377238
0.33,0.27,46153.84615384616,334.0066496770731
0.35,0.27,46153.84615384616,331.33793316059814
0.37,0.27,46153.84615384616,328.32040603884195
0.39,0.27,46153.84615384616,324.9732269538708
0.01,0.29,46153.84615384616,324.8221468920095
0.03,0.29,46153.84615384616,327.87323175559163
0.05,0.29,46153.84615384616,330.6111316473962
0.07,0.29,46153.84615384616,333.02452502132786
0.09,0.29,46153.84615384616,335.1055187422241
0.11,0.29,46153.84615384616,336.84805894052846
0.13,0.29,46153.84615384616,338.2474017478454
0.15,0.29,46153.84615384616,339.2999190940676
0.17,0.29,46153.84615384616,340.00299559958205
0.19,0.29,46153.84615384616,340.3549455565574
0.21,0.29,46153.84615384616,340.3549455565575
0.23,0.29,46153.84615384616,340.00299559958194
0.25,0.29,46153.84615384616,339.2999190940675
0.27,0.29,46153.84615384616,338.2474017478453
0.29,0.29,46153.84615384616,336.84805894052835
0.31,0.29,46153.84615384616,335.105518742224
0.33,0.29,46153.84615384616,333.0245250213278
0.35,0.29,46153.84615384616,330.6111316473961
0.37,0.29,46153.84615384616,327.87323175559163
0.39,0.29,46153.84615384616,324.82214689200947
0.01,0.31,46153.84615384616,324.63274734832174
0.03,0.31,46153.84615384616,327.313175388543
0.05,0.31,46153.84615384616,329.7021653512897
0.07,0.31,46153.84615384616,331.79816524530764
0.09,0.31,46153.84615384616,333.5998711389978
0.11,0.31,46153.84615384616,335.1055187422241
0.13,0.31,46153.84615384616,336.3130919377239
0.15,0.31,46153.84615384616,337.220661598142
0.17,0.31,46153.84615384616,337.82663694862566
0.19,0.31,46153.84615384616,338.1299076201695
0.21,0.31,46153.84615384616,338.1299076201695
0.23,0.31,46153.84615384616,337.82663694862566
0.25,0.31,46153.84615384616,337.220661598142
0.27,0.31,46153.84615384616,336.3130919377239
0.29,0.31,46153.84615384616,335.10551874222404
0.31,0.31,46153.84615384616,333.59987113899774
0.33,0.31,46153.84615384616,331.79816524530764
0.35,0.31,46153.84615384616,329.70216535128964
0.37,0.31,46153.84615384616,327.313175388543
0.39,0.31,46153.84615384616,324.63274734832174
0.01,0.33,46153.84615384616,324.403829368682
0.03,0.33,46153.84615384616,326.6376463762581
0.05,0.33,46153.84615384616,328.608776811106
0.07,0.33,46153.84615384616,330.32705908376613
0.09,0.33,46153.84615384616,331.79816524530764
0.11,0.33,46153.84615384616,333.0245250213279
0.13,0.33,46153.84615384616,334.0066496770732
0.15,0.33,46153.84615384616,334.74413696976893
0.17,0.33,46153.84615384616,335.2363067744709
0.19,0.33,46153.84615384616,335.48255991432626
0.21,0.33,46153.84615384616,335.48255991432626
0.23,0.33,46153.84615384616,335.23630677447096
0.25,0.33,46153.84615384616,334.74413696976893
0.27,0.33,46153.84615384616,334.0066496770732
0.29,0.33,46153.84615384616,333.02452502132786
0.31,0.33,46153.84615384616,331.7981652453077
0.33,0.33,46153.84615384616,330.32705908376613
0.35,0.33,46153.84615384616,328.60877681110594
0.37,0.33,46153.84615384616,326.63764637625815
0.39,0.33,46153.84615384616,324.403829368682
0.01,0.35,46153.84615384616,324.13239607624433
0.03,0.35,46153.84615384616,325.84050145282487
0.05,0.35,46153.84615384616,327.3254269137309
0.07,0.35,46153.84615384616,328.60877681110594
0.09,0.35,46153.84615384616,329.7021653512897
0.11,0.35,46153.84615384616,330.61113164739623
0.13,0.35,46153.84615384616,331.33793316059825
0.15,0.35,46153.84615384616,331.8832147443137
0.17,0.35,46153.84615384616,332.2469389814132
0.19,0.35,46153.84615384616,332.42888227985134
0.21,0.35,46153.84615384616,332.42888227985134
0.23,0.35,46153.84615384616,332.2469389814132
0.25,0.35,46153.84615384616,331.8832147443137
0.27,0.35,46153.84615384616,331.33793316059825
0.29,0.35,46153.84615384616,330.61113164739623
0.31,0.35,46153.84615384616,329.7021653512897
0.33,0.35,46153.84615384616,328.608776811106
0.35,0.35,46153.84615384616,327.325426913731
0.37,0.35,46153.84615384616,325.84050145282487
0.39,0.35,46153.84615384616,324.13239607624433
0.01,0.37,46153.84615384616,323.8107914693036
0.03,0.37,46153.84615384616,324.90806204506
0.05,0.37,46153.84615384616,325.84050145282487
0.07,0.37,46153.84615384616,326.6376463762581
0.09,0.37,46153.84615384616,327.3131753885431
0.11,0.37,46153.84615384616,327.8732317555917
0.13,0.37,46153.84615384616,328.320406038842
0.15,0.37,46153.84615384616,328.6556416895225
0.17,0.37,46153.84615384616,328.8791675875358
0.19,0.37,46153.84615384616,328.99095901567847
0.21,0.37,46153.84615384616,328.99095901567847
0.23,0.37,46153.84615384616,328.8791675875358
0.25,0.37,46153.84615384616,328.65564168952244
0.27,0.37,46153.84615384616,328.320406038842
0.29,0.37,46153.84615384616,327.87323175559175
0.31,0.37,46153.84615384616,327.3131753885431
0.33,0.37,46153.84615384616,326.63764637625815
0.35,0.37,46153.84615384616,325.8405014528249
0.37,0.37,46153.84615384616,324.90806204506003
0.39,0.37,46153.84615384616,323.8107914693036
0.01,0.39,46153.84615384616,323.41749447184355
0.03,0.39,46153.84615384616,323.8107914693036
0.05,0.39,46153.84615384616,324.13239607624433
0.07,0.39,46153.84615384616,324.403829368682
0.09,0.39,46153.84615384616,324.63274734832174
0.11,0.39,46153.84615384616,324.8221468920095
0.13,0.39,46153.84615384616,324.97322695387084
0.15,0.39,46153.84615384616,325.08643408849383
0.17,0.39,46153.84615384616,325.1618995128486
0.19,0.39,46153.84615384616,325.199637665552
0.21,0.39,46153.84615384616,325.199637665552
0.23,0.39,46153.84615384616,325.1618995128485
0.25,0.39,46153.84615384616,325.08643408849383
0.27,0.39,46153.84615384616,324.9732269538708
0.29,0.39,46153.84615384616,324.8221468920095
0.31,0.39,46153.84615384616,324.63274734832174
0.33,0.39,46153.84615384616,324.403829368682
0.35,0.39,46153.84615384616,324.1323960762444
0.37,0.39,46153.84615384616,323.8107914693036
0.39,0.39,46153.84615384616,323.4174944718436
0.01,0.01,48000.0,323.4026430783534
0.03,0.01,48000.0,323.77350563789014
0.05,0.01,48000.0,324.07656183511904
0.07,0.01,48000.0,324.3323028560278
0.09,0.01,48000.0,324.548012052292
0.11,0.01,48000.0,324.72652571915376
0.13,0.01,48000.0,324.86896130937515
0.15,0.01,48000.0,324.9757181587964
0.17,0.01,48000.0,325.0468981006792
0.19,0.01,48000.0,325.0824977758345
0.21,0.01,48000.0,325.0824977758345
0.23,0.01,48000.0,325.0468981006792
0.25,0.01,48000.0,324.9757181587964
0.27,0.01,48000.0,324.86896130937515
0.29,0.01,48000.0,324.7265257191538
0.31,0.01,48000.0,324.548012052292
0.33,0.01,48000.0,324.3323028560277
0.35,0.01,48000.0,324.0765618351189
0.37,0.01,48000.0,323.7735056378901
0.39,0.01,48000.0,323.40264307835344
0.01,0.03,48000.0,323.77350563789014
0.03,0.03,48000.0,324.80788135960745
0.05,0.03,48000.0,325.68652410514073
0.07,0.03,48000.0,326.437643738683
0.09,0.03,48000.0,327.0742723309802
0.11,0.03,48000.0,327.6022162679008
0.13,0.03,48000.0,328.02387222785023
0.15,0.03,48000.0,328.34006123992646
0.17,0.03,48000.0,328.5509314471289
0.19,0.03,48000.0,328.6564074188039
0.21,0.03,48000.0,328.65640741880384
0.23,0.03,48000.0,328.55093144712885
0.25,0.03,48000.0,328.3400612399264
0.27,0.03,48000.0,328.02387222785023
0.29,0.03,48000.0,327.6022162679008
0.31,0.03,48000.0,327.0742723309802
0.33,0.03,48000.0,326.43764373868305
0.35,0.03,48000.0,325.68652410514073
0.37,0.03,48000.0,324.80788135960745
0.39,0.03,48000.0,323.77350563789014
0.01,0.05,48000.0,324.076561835119
0.03,0.05,48000.0,325.68652410514073
0.05,0.05,48000.0,327.08581694083045
0.07,0.05,48000.0,328.295232722839
0.09,0.05,48000.0,329.32586808596864
0.11,0.05,48000.0,330.1829314268671
0.13,0.05,48000.0,330.8684539620802
0.15,0.05,48000.0,331.3829162165725
0.17,0.05,48000.0,331.72616105730566
0.19,0.05,48000.0,331.897884865104
0.21,0.05,48000.0,331.89788486510395
0.23,0.05,48000.0,331.7261610573056
0.25,0.05,48000.0,331.3829162165724
0.27,0.05,48000.0,330.86845396208014
0.29,0.05,48000.0,330.1829314268671
0.31,0.05,48000.0,329.3258680859686
0.33,0.05,48000.0,328.295232722839
0.35,0.05,48000.0,327.0858169408304
0.37,0.05,48000.0,325.68652410514073
0.39,0.05,48000.0,324.076561835119
0.01,0.07,48000.0,324.3323028560277
0.03,0.07,48000.0,326.437643738683
0.05,0.07,48000.0,328.29523272283905
0.07,0.07,48000.0,329.9147985275898
0.09,0.07,48000.0,331.30181486829235
0.11,0.07,48000.0,332.458504228703
0.13,0.07,48000.0,333.38517961763966
0.15,0.07,48000.0,334.0812595156532
0.17,0.07,48000.0,334.545914698581
0.19,0.07,48000.0,334.7784386501345
0.21,0.07,48000.0,334.7784386501345
0.23,0.07,48000.0,334.545914698581
0.25,0.07,48000.0,334.0812595156531
0.27,0.07,48000.0,333.38517961763955
0.29,0.07,48000.0,332.45850422870296
0.31,0.07,48000.0,331.30181486829235
0.33,0.07,48000.0,329.9147985275898
0.35,0.07,48000.0,328.29523272283905
0.37,0.07,48000.0,326.43764373868305
0.39,0.07,48000.0,324.3323028560277
0.01,0.09,48000.0,324.548012052292
0.03,0.09,48000.0,327.07427233098025
0.05,0.09,48000.0,329.32586808596864
0.07,0.09,48000.0,331.30181486829235
0.09,0.09,48000.0,333.0009757827516
0.11,0.09,48000.0,334.4215492684257
0.13,0.09,48000.0,335.56137887337667
0.15,0.09,48000.0,336.4183558700512
0.17,0.09,48000.0,336.99071620584675
0.19,0.09,48000.0,337.27721561429087
0.21,0.09,48000.0,337.27721561429087
0.23,0.09,48000.0,336.99071620584675
0.25,0.09,48000.0,336.4183558700512
0.27,0.09,48000.0,335.5613788733766
0.29,0.09,48000.0,334.4215492684256
0.31,0.09,48000.0,333.0009757827516
0.33,0.09,48000.0,331.3018148682923
0.35,0.09,48000.0,329.3258680859686
0.37,0.09,48000.0,327.0742723309802
0.39,0.09,48000.0,324.548012052292
0.01,0.11,48000.0,324.72652571915376
0.03,0.11,48000.0,327.6022162679008
0.05,0.11,48000.0,330.1829314268671
0.07,0.11,48000.0,332.458504228703
0.09,0.11,48000.0,334.4215492684256
0.11,0.11,48000.0,336.0661456364804
0.13,0.11,48000.0,337.38747252770725
0.15,0.11,48000.0,338.38172639195
0.17,0.11,48000.0,339.0460966015847
0.19,0.11,48000.0,339.3787377205596
0.21,0.11,48000.0,339.3787377205596
0.23,0.11,48000.0,339.0460966015846
0.25,0.11,48000.0,338.38172639194994
0.27,0.11,48000.0,337.38747252770725
0.29,0.11,48000.0,336.0661456364804
0.31,0.11,48000.0,334.4215492684257
0.33,0.11,48000.0,332.458504228703
0.35,0.11,48000.0,330.18293142686707
0.37,0.11,48000.0,327.6022162679008
0.39,0.11,48000.0,324.72652571915376
0.01,0.13,48000.0,324.86896130937515
0.03,0.13,48000.0,328.02387222785023
0.05,0.13,48000.0,330.86845396208014
0.07,0.13,48000.0,333.38517961763955
0.09,0.13,48000.0,335.5613788733766
0.11,0.13,48000.0,337.3874725277072
0.13,0.13,48000.0,338.8561788223972
0.15,0.13,48000.0,339.9620854223953
0.17,0.13,48000.0,340.7013707854232
0.19,0.13,48000.0,341.071603384527
0.21,0.13,48000.0,341.07160338452707
0.23,0.13,48000.0,340.7013707854232
0.25,0.13,48000.0,339.9620854223954
0.27,0.13,48000.0,338.8561788223973
0.29,0.13,48000.0,337.3874725277073
0.31,0.13,48000.0,335.56137887337667
0.33,0.13,48000.0,333.38517961763955
0.35,0.13,48000.0,330.8684539620801
0.37,0.13,48000.0,328.0238722278502
0.39,0.13,48000.0,324.86896130937515
0.01,0.15,48000.0,324.9757181587963
0.03,0.15,48000.0,328.3400612399264
0.05,0.15,48000.0,331.3829162165724
0.07,0.15,48000.0,334.0812595156531
0.09,0.15,48000.0,336.4183558700511
0.11,0.15,48000.0,338.38172639194994
0.13,0.15,48000.0,339.9620854223954
0.15,0.15,48000.0,341.1526813328789
0.17,0.15,48000.0,341.94883731601834
0.19,0.15,48000.0,342.3476204878071
0.21,0.15,48000.0,342.34762048780715
0.23,0.15,48000.0,341.94883731601834
0.25,0.15,48000.0,341.1526813328789
0.27,0.15,48000.0,339.9620854223954
0.29,0.15,48000.0,338.38172639195
0.31,0.15,48000.0,336.4183558700512
0.33,0.15,48000.0,334.0812595156531
0.35,0.15,48000.0,331.3829162165724
0.37,0.15,48000.0,328.34006123992634
0.39,0.15,48000.0,324.9757181587963
0.01,0.17,48000.0,325.0468981006792
0.03,0.17,48000.0,328.55093144712885
0.05,0.17,48000.0,331.72616105730566
0.07,0.17,48000.0,334.54591469858104
0.09,0.17,48000.0,336.9907162058468
0.11,0.17,48000.0,339.04609660158474
0.13,0.17,48000.0,340.7013707854233
0.15,0.17,48000.0,341.9488373160184
0.17,0.17,48000.0,342.78320522125045
0.19,0.17,48000.0,343.2011783218828
0.21,0.17,48000.0,343.2011783218828
0.23,0.17,48000.0,342.7832052212505
0.25,0.17,48000.0,341.9488373160184
0.27,0.17,48000.0,340.7013707854233
0.29,0.17,48000.0,339.04609660158474
0.31,0.17,48000.0,336.9907162058468
0.33,0.17,48000.0,334.545914698581
0.35,0.17,48000.0,331.7261610573056
0.37,0.17,48000.0,328.5509314471289
0.39,0.17,48000.0,325.0468981006792
0.01,0.19,48000.0,325.0824977758345
0.03,0.19,48000.0,328.65640741880384
0.05,0.19,48000.0,331.89788486510406
0.07,0.19,48000.0,334.77843865013455
0.09,0.19,48000.0,337.277215614291
0.11,0.19,48000.0,339.3787377205597
0.13,0.19,48000.0,341.0716033845272
0.15,0.19,48000.0,342.3476204878072
0.17,0.19,48000.0,343.2011783218828
0.19,0.19,48000.0,343.6287905053646
0.21,0.19,48000.0,343.6287905053646
0.23,0.19,48000.0,343.2011783218828
0.25,0.19,48000.0,342.34762048780715
0.27,0.19,48000.0,341.0716033845272
0.29,0.19,48000.0,339.3787377205596
0.31,0.19,48000.0,337.27721561429087
0.33,0.19,48000.0,334.7784386501345
0.35,0.19,48000.0,331.897884865104
0.37,0.19,48000.0,328.65640741880384
0.39,0.19,48000.0,325.0824977758345
0.01,0.21,48000.0,325.0824977758345
0.03,0.21,48000.0,328.65640741880384
0.05,0.21,48000.0,331.89788486510406
0.07,0.21,48000.0,334.77843865013455
0.09,0.21,48000.0,337.277215614291
0.11,0.21,48000.0,339.3787377205597
0.13,0.21,48000.0,341.0716033845272
0.15,0.21,48000.0,342.3476204878072
0.17,0.21,48000.0,343.2011783218828
0.19,0.21,48000.0,343.6287905053646
0.21,0.21,48000.0,343.6287905053646
0.23,0.21,48000.0,343.2011783218828
0.25,0.21,48000.0,342.3476204878072
0.27,0.21,48000.0,341.0716033845272
0.29,0.21,48000.0,339.3787377205596
0.31,0.21,48000.0,337.27721561429087
0.33,0.21,48000.0,334.7784386501345
0.35,0.21,48000.0,331.897884865104
0.37,0.21,48000.0,328.65640741880384
0.39,0.21,48000.0,325.0824977758345
0.01,0.23,48000.0,325.0468981006791
0.03,0.23,48000.0,328.55093144712885
0.05,0.23,48000.0,331.72616105730566
0.07,0.23,48000.0,334.54591469858104
0.09,0.23,48000.0,336.9907162058468
0.11,0.23,48000.0,339.04609660158474
0.13,0.23,48000.0,340.7013707854233
0.15,0.23,48000.0,341.94883731601846
0.17,0.23,48000.0,342.7832052212505
0.19,0.23,48000.0,343.2011783218828
0.21,0.23,48000.0,343.2011783218828
0.23,0.23,48000.0,342.7832052212505
0.25,0.23,48000.0,341.9488373160184
0.27,0.23,48000.0,340.7013707854233
0.29,0.23,48000.0,339.04609660158474
0.31,0.23,48000.0,336.99071620584675
0.33,0.23,48000.0,334.545914698581
0.35,0.23,48000.0,331.72616105730566
0.37,0.23,48000.0,328.55093144712885
0.39,0.23,48000.0,325.0468981006792
0.01,0.25,48000.0,324.9757181587963
0.03,0.25,48000.0,328.34006123992634
0.05,0.25,48000.0,331.3829162165724
0.07,0.25,48000.0,334.0812595156532
0.09,0.25,48000.0,336.4183558700512
0.11,0.25,48000.0,338.38172639195005
0.13,0.25,48000.0,339.9620854223955
0.15,0.25,48000.0,341.152681332879
0.17,0.25,48000.0,341.94883731601846
0.19,0.25,48000.0,342.3476204878072
0.21,0.25,48000.0,342.3476204878072
0.23,0.25,48000.0,341.9488373160184
0.25,0.25,48000.0,341.1526813328789
0.27,0.25,48000.0,339.9620854223954
0.29,0.25,48000.0,338.38172639195
0.31,0.25,48000.0,336.4183558700512
0.33,0.25,48000.0,334.0812595156531
0.35,0.25,48000.0,331.3829162165724
0.37,0.25,48000.0,328.3400612399264
0.39,0.25,48000.0,324.9757181587963
0.01,0.27,48000.0,324.86896130937515
0.03,0.27,48000.0,328.0238722278502
0.05,0.27,48000.0,330.8684539620801
0.07,0.27,48000.0,333.3851796176396
0.09,0.27,48000.0,335.5613788733767
0.11,0.27,48000.0,337.38747252770736
0.13,0.27,48000.0,338.8561788223974
0.15,0.27,48000.0,339.9620854223955
0.17,0.27,48000.0,340.70137078542336
0.19,0.27,48000.0,341.07160338452724
0.21,0.27,48000.0,341.0716033845272
0.23,0.27,48000.0,340.70137078542325
0.25,0.27,48000.0,339.9620854223953
0.27,0.27,48000.0,338.8561788223972
0.29,0.27,48000.0,337.38747252770725
0.31,0.27,48000.0,335.56137887337667
0.33,0.27,48000.0,333.3851796176396
0.35,0.27,48000.0,330.86845396208014
0.37,0.27,48000.0,328.02387222785023
0.39,0.27,48000.0,324.8689613093752
0.01,0.29,48000.0,324.72652571915376
0.03,0.29,48000.0,327.6022162679008
0.05,0.29,48000.0,330.18293142686707
0.07,0.29,48000.0,332.458504228703
0.09,0.29,48000.0,334.42154926842574
0.11,0.29,48000.0,336.0661456364805
0.13,0.29,48000.0,337.3874725277073
0.15,0.29,48000.0,338.38172639195005
0.17,0.29,48000.0,339.0460966015848
0.19,0.29,48000.0,339.3787377205597
0.21,0.29,48000.0,339.3787377205597
0.23,0.29,48000.0,339.04609660158474
0.25,0.29,48000.0,338.38172639195
0.27,0.29,48000.0,337.38747252770725
0.29,0.29,48000.0,336.0661456364804
0.31,0.29,48000.0,334.4215492684257
0.33,0.29,48000.0,332.4585042287031
0.35,0.29,48000.0,330.1829314268672
0.37,0.29,48000.0,327.6022162679008
0.39,0.29,48000.0,324.72652571915376
0.01,0.31,48000.0,324.548012052292
0.03,0.31,48000.0,327.0742723309802
0.05,0.31,48000.0,329.3258680859686
0.07,0.31,48000.0,331.3018148682923
0.09,0.31,48000.0,333.00097578275165
0.11,0.31,48000.0,334.42154926842574
0.13,0.31,48000.0,335.5613788733767
0.15,0.31,48000.0,336.4183558700512
0.17,0.31,48000.0,336.99071620584687
0.19,0.31,48000.0,337.277215614291
0.21,0.31,48000.0,337.277215614291
0.23,0.31,48000.0,336.9907162058468
0.25,0.31,48000.0,336.4183558700512
0.27,0.31,48000.0,335.56137887337667
0.29,0.31,48000.0,334.42154926842574
0.31,0.31,48000.0,333.00097578275165
0.33,0.31,48000.0,331.3018148682924
0.35,0.31,48000.0,329.3258680859687
0.37,0.31,48000.0,327.07427233098025
0.39,0.31,48000.0,324.548012052292
0.01,0.33,48000.0,324.3323028560278
0.03,0.33,48000.0,326.437643738683
0.05,0.33,48000.0,328.29523272283905
0.07,0.33,48000.0,329.9147985275898
0.09,0.33,48000.0,331.30181486829235
0.11,0.33,48000.0,332.4585042287031
0.13,0.33,48000.0,333.3851796176396
0.15,0.33,48000.0,334.0812595156532
0.17,0.33,48000.0,334.54591469858104
0.19,0.33,48000.0,334.7784386501346
0.21,0.33,48000.0,334.7784386501346
0.23,0.33,48000.0,334.5459146985811
0.25,0.33,48000.0,334.08125951565324
0.27,0.33,48000.0,333.38517961763966
0.29,0.33,48000.0,332.45850422870313
0.31,0.33,48000.0,331.3018148682924
0.33,0.33,48000.0,329.91479852758994
0.35,0.33,48000.0,328.2952327228391
0.37,0.33,48000.0,326.43764373868305
0.39,0.33,48000.0,324.3323028560278
0.01,0.35,48000.0,324.07656183511904
0.03,0.35,48000.0,325.68652410514073
0.05,0.35,48000.0,327.08581694083045
0.07,0.35,48000.0,328.29523272283905
0.09,0.35,48000.0,329.32586808596864
0.11,0.35,48000.0,330.1829314268671
0.13,0.35,48000.0,330.86845396208014
0.15,0.35,48000.0,331.3829162165725
0.17,0.35,48000.0,331.72616105730566
0.19,0.35,48000.0,331.89788486510406
0.21,0.35,48000.0,331.8978848651041
0.23,0.35,48000.0,331.7261610573057
0.25,0.35,48000.0,331.38291621657254
0.27,0.35,48000.0,330.8684539620802
0.29,0.35,48000.0,330.1829314268672
0.31,0.35,48000.0,329.3258680859687
0.33,0.35,48000.0,328.2952327228391
0.35,0.35,48000.0,327.0858169408305
0.37,0.35,48000.0,325.68652410514073
0.39,0.35,48000.0,324.07656183511904
0.01,0.37,48000.0,323.77350563789014
0.03,0.37,48000.0,324.80788135960745
0.05,0.37,48000.0,325.6865241051408
0.07,0.37,48000.0,326.43764373868305
0.09,0.37,48000.0,327.0742723309802
0.11,0.37,48000.0,327.6022162679008
0.13,0.37,48000.0,328.02387222785023
0.15,0.37,48000.0,328.34006123992646
0.17,0.37,48000.0,328.55093144712896
0.19,0.37,48000.0,328.6564074188039
0.21,0.37,48000.0,328.6564074188039
0.23,0.37,48000.0,328.55093144712896
0.25,0.37,48000.0,328.34006123992646
0.27,0.37,48000.0,328.02387222785023
0.29,0.37,48000.0,327.6022162679008
0.31,0.37,48000.0,327.07427233098025
0.33,0.37,48000.0,326.43764373868305
0.35,0.37,48000.0,325.6865241051408
0.37,0.37,48000.0,324.80788135960745
0.39,0.37,48000.0,323.77350563789014
0.01,0.39,48000.0,323.4026430783534
0.03,0.39,48000.0,323.77350563789014
0.05,0.39,48000.0,324.07656183511904
0.07,0.39,48000.0,324.3323028560278
0.09,0.39,48000.0,324.548012052292
0.11,0.39,48000.0,324.72652571915376
0.13,0.39,48000.0,324.8689613093752
0.15,0.39,48000.0,324.9757181587964
0.17,0.39,48000.0,325.0468981006792
0.19,0.39,48000.0,325.0824977758345
0.21,0.39,48000.0,325.0824977758345
0.23,0.39,48000.0,325.0468981006792
0.25,0.39,48000.0,324.9757181587964
0.27,0.39,48000.0,324.86896130937515
0.29,0.39,48000.0,324.72652571915376
0.31,0.39,48000.0,324.54801205229205
0.33,0.39,48000.0,324.3323028560278
0.35,0.39,48000.0,324.07656183511904
0.37,0.39,48000.0,323.77350563789014
0.39,0.39,48000.0,323.4026430783534
0.01,0.01,49846.15384615384,323.3887055787968
0.03,0.01,49846.15384615384,323.7383528478598
0.05,0.01,49846.15384615384,324.0237681045168
0.07,0.01,49846.15384615384,324.26451795501424
0.09,0.01,49846.15384615384,324.4675633438572
0.11,0.01,49846.15384615384,324.6356103926788
0.13,0.01,49846.15384615384,324.7697158796839
0.15,0.01,49846.15384615384,324.8702466626369
0.17,0.01,49846.15384615384,324.9372853384764
0.19,0.01,49846.15384615384,324.97081711311523
0.21,0.01,49846.15384615384,324.9708171131152
0.23,0.01,49846.15384615384,324.9372853384763
0.25,0.01,49846.15384615384,324.8702466626369
0.27,0.01,49846.15384615384,324.7697158796839
0.29,0.01,49846.15384615384,324.6356103926788
0.31,0.01,49846.15384615384,324.4675633438572
0.33,0.01,49846.15384615384,324.2645179550142
0.35,0.01,49846.15384615384,324.0237681045168
0.37,0.01,49846.15384615384,323.7383528478598
0.39,0.01,49846.15384615384,323.3887055787968
0.01,0.03,49846.15384615384,323.7383528478598
0.03,0.03,49846.15384615384,324.71312647970825
0.05,0.03,49846.15384615384,325.54054863007246
0.07,0.03,49846.15384615384,326.2476694488031
0.09,0.03,49846.15384615384,326.8469841632715
0.11,0.03,49846.15384615384,327.3440400404492
0.13,0.03,49846.15384615384,327.7410970492075
0.15,0.03,49846.15384615384,328.0388955762817
0.17,0.03,49846.15384615384,328.2375322409017
0.19,0.03,49846.15384615384,328.33689936750665
0.21,0.03,49846.15384615384,328.3368993675066
0.23,0.03,49846.15384615384,328.2375322409017
0.25,0.03,49846.15384615384,328.0388955762817
0.27,0.03,49846.15384615384,327.74109704920744
0.29,0.03,49846.15384615384,327.3440400404492
0.31,0.03,49846.15384615384,326.84698416327143
0.33,0.03,49846.15384615384,326.2476694488031
0.35,0.03,49846.15384615384,325.54054863007246
0.37,0.03,49846.15384615384,324.7131264797083
0.39,0.03,49846.15384615384,323.7383528478598
0.01,0.05,49846.15384615384,324.0237681045168
0.03,0.05,49846.15384615384,325.54054863007246
0.05,0.05,49846.15384615384,326.8582035403059
0.07,0.05,49846.15384615384,327.9968706257046
0.09,0.05,49846.15384615384,328.9672619313553
0.11,0.05,49846.15384615384,329.77436305785835
0.13,0.05,49846.15384615384,330.4200643264372
0.15,0.05,49846.15384615384,330.9047469530098
0.17,0.05,49846.15384615384,331.2281807078997
0.19,0.05,49846.15384615384,331.39001188182993
0.21,0.05,49846.15384615384,331.3900118818299
0.23,0.05,49846.15384615384,331.2281807078997
0.25,0.05,49846.15384615384,330.9047469530098
0.27,0.05,49846.15384615384,330.4200643264371
0.29,0.05,49846.15384615384,329.7743630578583
0.31,0.05,49846.15384615384,328.96726193135527
0.33,0.05,49846.15384615384,327.99687062570456
0.35,0.05,49846.15384615384,326.85820354030585
0.37,0.05,49846.15384615384,325.5405486300724
0.39,0.05,49846.15384615384,324.0237681045168
0.01,0.07,49846.15384615384,324.26451795501424
0.03,0.07,49846.15384615384,326.24766944880315
0.05,0.07,49846.15384615384,327.9968706257046
0.07,0.07,49846.15384615384,329.52186904286
0.09,0.07,49846.15384615384,330.8280770660039
0.11,0.07,49846.15384615384,331.9176358267659
0.13,0.07,49846.15384615384,332.790767149856
0.15,0.07,49846.15384615384,333.4467955619752
0.17,0.07,49846.15384615384,333.8848057622002
0.19,0.07,49846.15384615384,334.1040251669584
0.21,0.07,49846.15384615384,334.1040251669584
0.23,0.07,49846.15384615384,333.8848057622002
0.25,0.07,49846.15384615384,333.4467955619752
0.27,0.07,49846.15384615384,332.79076714985587
0.29,0.07,49846.15384615384,331.91763582676583
0.31,0.07,49846.15384615384,330.8280770660039
0.33,0.07,49846.15384615384,329.5218690428599
0.35,0.07,49846.15384615384,327.99687062570456
0.37,0.07,49846.15384615384,326.24766944880304
0.39,0.07,49846.15384615384,324.2645179550142
0.01,0.09,49846.15384615384,324.4675633438572
0.03,0.09,49846.15384615384,326.8469841632715
0.05,0.09,49846.15384615384,328.9672619313553
0.07,0.09,49846.15384615384,330.828077066004
0.09,0.09,49846.15384615384,332.42859287727566
0.11,0.09,49846.15384615384,333.7671077364577
0.13,0.09,49846.15384615384,334.84144953983787
0.15,0.09,49846.15384615384,335.64943367151784
0.17,0.09,49846.15384615384,336.1892016613011
0.19,0.09,49846.15384615384,336.45942800511807
0.21,0.09,49846.15384615384,336.459428005118
0.23,0.09,49846.15384615384,336.1892016613012
0.25,0.09,49846.15384615384,335.64943367151784
0.27,0.09,49846.15384615384,334.84144953983787
0.29,0.09,49846.15384615384,333.7671077364577
0.31,0.09,49846.15384615384,332.42859287727566
0.33,0.09,49846.15384615384,330.8280770660039
0.35,0.09,49846.15384615384,328.9672619313552
0.37,0.09,49846.15384615384,326.8469841632714
0.39,0.09,49846.15384615384,324.4675633438572
0.01,0.11,49846.15384615384,324.6356103926788
0.03,0.11,49846.15384615384,327.3440400404492
0.05,0.11,49846.15384615384,329.7743630578583
0.07,0.11,49846.15384615384,331.9176358267659
0.09,0.11,49846.15384615384,333.7671077364577
0.11,0.11,49846.15384615384,335.31713609980767
0.13,0.11,49846.15384615384,336.5629629430905
0.15,0.11,49846.15384615384,337.5007298065539
0.17,0.11,49846.15384615384,338.12752479449324
0.19,0.11,49846.15384615384,338.4414065435242
0.21,0.11,49846.15384615384,338.44140654352424
0.23,0.11,49846.15384615384,338.12752479449324
0.25,0.11,49846.15384615384,337.500729806554
0.27,0.11,49846.15384615384,336.5629629430905
0.29,0.11,49846.15384615384,335.31713609980767
0.31,0.11,49846.15384615384,333.7671077364577
0.33,0.11,49846.15384615384,331.9176358267659
0.35,0.11,49846.15384615384,329.77436305785824
0.37,0.11,49846.15384615384,327.3440400404491
0.39,0.11,49846.15384615384,324.6356103926788
0.01,0.13,49846.15384615384,324.769715879684
0.03,0.13,49846.15384615384,327.7410970492075
0.05,0.13,49846.15384615384,330.4200643264372
0.07,0.13,49846.15384615384,332.7907671498559
0.09,0.13,49846.15384615384,334.84144953983787
0.11,0.13,49846.15384615384,336.5629629430905
0.13,0.13,49846.15384615384,337.94815654296417
0.15,0.13,49846.15384615384,338.9915810193333
0.17,0.13,49846.15384615384,339.6893067789042
0.19,0.13,49846.15384615384,340.03879260347816
0.21,0.13,49846.15384615384,340.0387926034782
0.23,0.13,49846.15384615384,339.6893067789043
0.25,0.13,49846.15384615384,338.9915810193334
0.27,0.13,49846.15384615384,337.9481565429643
0.29,0.13,49846.15384615384,336.5629629430905
0.31,0.13,49846.15384615384,334.84144953983787
0.33,0.13,49846.15384615384,332.79076714985587
0.35,0.13,49846.15384615384,330.42006432643706
0.37,0.13,49846.15384615384,327.74109704920744
0.39,0.13,49846.15384615384,324.7697158796839
0.01,0.15,49846.15384615384,324.8702466626368
0.03,0.15,49846.15384615384,328.0388955762816
0.05,0.15,49846.15384615384,330.9047469530097
0.07,0.15,49846.15384615384,333.44679556197514
0.09,0.15,49846.15384615384,335.64943367151784
0.11,0.15,49846.15384615384,337.5007298065539
0.13,0.15,49846.15384615384,338.9915810193333
0.15,0.15,49846.15384615384,340.1152113904517
0.17,0.15,49846.15384615384,340.8668294341611
0.19,0.15,49846.15384615384,341.24338071797297
0.21,0.15,49846.15384615384,341.24338071797297
0.23,0.15,49846.15384615384,340.8668294341611
0.25,0.15,49846.15384615384,340.11521139045175
0.27,0.15,49846.15384615384,338.9915810193334
0.29,0.15,49846.15384615384,337.5007298065539
0.31,0.15,49846.15384615384,335.6494336715178
0.33,0.15,49846.15384615384,333.4467955619751
0.35,0.15,49846.15384615384,330.9047469530097
0.37,0.15,49846.15384615384,328.0388955762816
0.39,0.15,49846.15384615384,324.8702466626368
0.01,0.17,49846.15384615384,324.9372853384763
0.03,0.17,49846.15384615384,328.2375322409017
0.05,0.17,49846.15384615384,331.2281807078997
0.07,0.17,49846.15384615384,333.88480576220013
0.09,0.17,49846.15384615384,336.1892016613011
0.11,0.17,49846.15384615384,338.1275247944932
0.13,0.17,49846.15384615384,339.68930677890427
0.15,0.17,49846.15384615384,340.8668294341611
0.17,0.17,49846.15384615384,341.65468166251253
0.19,0.17,49846.15384615384,342.04943695922327
0.21,0.17,49846.15384615384,342.0494369592233
0.23,0.17,49846.15384615384,341.65468166251253
0.25,0.17,49846.15384615384,340.8668294341611
0.27,0.17,49846.15384615384,339.68930677890427
0.29,0.17,49846.15384615384,338.12752479449324
0.31,0.17,49846.15384615384,336.1892016613011
0.33,0.17,49846.15384615384,333.88480576220013
0.35,0.17,49846.15384615384,331.2281807078997
0.37,0.17,49846.15384615384,328.23753224090166
0.39,0.17,49846.15384615384,324.9372853384763
0.01,0.19,49846.15384615384,324.9708171131153
0.03,0.19,49846.15384615384,328.3368993675066
0.05,0.19,49846.15384615384,331.3900118818298
0.07,0.19,49846.15384615384,334.1040251669584
0.09,0.19,49846.15384615384,336.459428005118
0.11,0.19,49846.15384615384,338.4414065435242
0.13,0.19,49846.15384615384,340.03879260347816
0.15,0.19,49846.15384615384,341.24338071797297
0.17,0.19,49846.15384615384,342.0494369592233
0.19,0.19,49846.15384615384,342.4533399378721
0.21,0.19,49846.15384615384,342.4533399378721
0.23,0.19,49846.15384615384,342.0494369592233
0.25,0.19,49846.15384615384,341.24338071797297
0.27,0.19,49846.15384615384,340.0387926034782
0.29,0.19,49846.15384615384,338.44140654352424
0.31,0.19,49846.15384615384,336.459428005118
0.33,0.19,49846.15384615384,334.1040251669584
0.35,0.19,49846.15384615384,331.3900118818298
0.37,0.19,49846.15384615384,328.3368993675066
0.39,0.19,49846.15384615384,324.9708171131152
0.01,0.21,49846.15384615384,324.9708171131153
0.03,0.21,49846.15384615384,328.33689936750665
0.05,0.21,49846.15384615384,331.3900118818298
0.07,0.21,49846.15384615384,334.1040251669584
0.09,0.21,49846.15384615384,336.459428005118
0.11,0.21,49846.15384615384,338.44140654352424
0.13,0.21,49846.15384615384,340.03879260347816
0.15,0.21,49846.15384615384,341.24338071797297
0.17,0.21,49846.15384615384,342.04943695922327
0.19,0.21,49846.15384615384,342.4533399378721
0.21,0.21,49846.15384615384,342.4533399378721
0.23,0.21,49846.15384615384,342.0494369592233
0.25,0.21,49846.15384615384,341.243380717973
0.27,0.21,49846.15384615384,340.03879260347827
0.29,0.21,49846.15384615384,338.44140654352424
0.31,0.21,49846.15384615384,336.459428005118
0.33,0.21,49846.15384615384,334.1040251669584
0.35,0.21,49846.15384615384,331.3900118818298
0.37,0.21,49846.15384615384,328.3368993675066
0.39,0.21,49846.15384615384,324.9708171131152
0.01,0.23,49846.15384615384,324.9372853384763
0.03,0.23,49846.15384615384,328.2375322409017
0.05,0.23,49846.15384615384,331.2281807078997
0.07,0.23,49846.15384615384,333.8848057622002
0.09,0.23,49846.15384615384,336.1892016613012
0.11,0.23,49846.15384615384,338.12752479449324
0.13,0.23,49846.15384615384,339.68930677890427
0.15,0.23,49846.15384615384,340.8668294341611
0.17,0.23,49846.15384615384,341.65468166251253
0.19,0.23,49846.15384615384,342.04943695922327
0.21,0.23,49846.15384615384,342.0494369592233
0.23,0.23,49846.15384615384,341.65468166251253
0.25,0.23,49846.15384615384,340.8668294341612
0.27,0.23,49846.15384615384,339.6893067789043
0.29,0.23,49846.15384615384,338.12752479449324
0.31,0.23,49846.15384615384,336.1892016613011
0.33,0.23,49846.15384615384,333.88480576220013
0.35,0.23,49846.15384615384,331.2281807078997
0.37,0.23,49846.15384615384,328.23753224090166
0.39,0.23,49846.15384615384,324.9372853384763
0.01,0.25,49846.15384615384,324.8702466626368
0.03,0.25,49846.15384615384,328.0388955762816
0.05,0.25,49846.15384615384,330.9047469530098
0.07,0.25,49846.15384615384,333.44679556197514
0.09,0.25,49846.15384615384,335.64943367151784
0.11,0.25,49846.15384615384,337.500729806554
0.13,0.25,49846.15384615384,338.9915810193334
0.15,0.25,49846.15384615384,340.1152113904518
0.17,0.25,49846.15384615384,340.8668294341612
0.19,0.25,49846.15384615384,341.24338071797297
0.21,0.25,49846.15384615384,341.243380717973
0.23,0.25,49846.15384615384,340.8668294341611
0.25,0.25,49846.15384615384,340.11521139045175
0.27,0.25,49846.15384615384,338.9915810193334
0.29,0.25,49846.15384615384,337.5007298065539
0.31,0.25,49846.15384615384,335.6494336715178
0.33,0.25,49846.15384615384,333.44679556197514
0.35,0.25,49846.15384615384,330.9047469530097
0.37,0.25,49846.15384615384,328.0388955762816
0.39,0.25,49846.15384615384,324.8702466626368
0.01,0.27,49846.15384615384,324.7697158796839
0.03,0.27,49846.15384615384,327.7410970492075
0.05,0.27,49846.15384615384,330.4200643264372
0.07,0.27,49846.15384615384,332.7907671498559
0.09,0.27,49846.15384615384,334.8414495398379
0.11,0.27,49846.15384615384,336.5629629430905
0.13,0.27,49846.15384615384,337.9481565429642
0.15,0.27,49846.15384615384,338.9915810193334
0.17,0.27,49846.15384615384,339.68930677890427
0.19,0.27,49846.15384615384,340.0387926034782
0.21,0.27,49846.15384615384,340.03879260347827
0.23,0.27,49846.15384615384,339.6893067789043
0.25,0.27,49846.15384615384,338.9915810193334
0.27,0.27,49846.15384615384,337.9481565429642
0.29,0.27,49846.15384615384,336.5629629430905
0.31,0.27,49846.15384615384,334.84144953983787
0.33,0.27,49846.15384615384,332.7907671498559
0.35,0.27,49846.15384615384,330.4200643264371
0.37,0.27,49846.15384615384,327.7410970492075
0.39,0.27,49846.15384615384,324.7697158796839
0.01,0.29,49846.15384615384,324.6356103926788
0.03,0.29,49846.15384615384,327.3440400404492
0.05,0.29,49846.15384615384,329.77436305785835
0.07,0.29,49846.15384615384,331.9176358267659
0.09,0.29,49846.15384615384,333.7671077364578
0.11,0.29,49846.15384615384,335.31713609980767
0.13,0.29,49846.15384615384,336.5629629430905
0.15,0.29,49846.15384615384,337.500729806554
0.17,0.29,49846.15384615384,338.12752479449324
0.19,0.29,49846.15384615384,338.4414065435242
0.21,0.29,49846.15384615384,338.4414065435243
0.23,0.29,49846.15384615384,338.1275247944933
0.25,0.29,49846.15384615384,337.500729806554
0.27,0.29,49846.15384615384,336.5629629430905
0.29,0.29,49846.15384615384,335.3171360998077
0.31,0.29,49846.15384615384,333.7671077364578
0.33,0.29,49846.15384615384,331.9176358267659
0.35,0.29,49846.15384615384,329.77436305785835
0.37,0.29,49846.15384615384,327.3440400404492
0.39,0.29,49846.15384615384,324.6356103926788
0.01,0.31,49846.15384615384,324.4675633438572
0.03,0.31,49846.15384615384,326.84698416327143
0.05,0.31,49846.15384615384,328.9672619313553
0.07,0.31,49846.15384615384,330.828077066004
0.09,0.31,49846.15384615384,332.42859287727566
0.11,0.31,49846.15384615384,333.7671077364578
0.13,0.31,49846.15384615384,334.8414495398379
0.15,0.31,49846.15384615384,335.6494336715179
0.17,0.31,49846.15384615384,336.1892016613011
0.19,0.31,49846.15384615384,336.459428005118
0.21,0.31,49846.15384615384,336.459428005118
0.23,0.31,49846.15384615384,336.1892016613011
0.25,0.31,49846.15384615384,335.6494336715178
0.27,0.31,49846.15384615384,334.8414495398379
0.29,0.31,49846.15384615384,333.7671077364578
0.31,0.31,49846.15384615384,332.4285928772757
0.33,0.31,49846.15384615384,330.828077066004
0.35,0.31,49846.15384615384,328.9672619313553
0.37,0.31,49846.15384615384,326.8469841632715
0.39,0.31,49846.15384615384,324.46756334385725
0.01,0.33,49846.15384615384,324.26451795501424
0.03,0.33,49846.15384615384,326.2476694488031
0.05,0.33,49846.15384615384,327.9968706257046
0.07,0.33,49846.15384615384,329.5218690428599
0.09,0.33,49846.15384615384,330.8280770660039
0.11,0.33,49846.15384615384,331.9176358267659
0.13,0.33,49846.15384615384,332.7907671498559
0.15,0.33,49846.15384615384,333.4467955619752
0.17,0.33,49846.15384615384,333.8848057622002
0.19,0.33,49846.15384615384,334.1040251669584
0.21,0.33,49846.15384615384,334.1040251669584
0.23,0.33,49846.15384615384,333.88480576220013
0.25,0.33,49846.15384615384,333.4467955619752
0.27,0.33,49846.15384615384,332.7907671498559
0.29,0.33,49846.15384615384,331.91763582676595
0.31,0.33,49846.15384615384,330.828077066004
0.33,0.33,49846.15384615384,329.52186904286
0.35,0.33,49846.15384615384,327.9968706257046
0.37,0.33,49846.15384615384,326.2476694488031
0.39,0.33,49846.15384615384,324.26451795501424
0.01,0.35,49846.15384615384,324.0237681045168
0.03,0.35,49846.15384615384,325.54054863007246
0.05,0.35,49846.15384615384,326.8582035403059
0.07,0.35,49846.15384615384,327.9968706257046
0.09,0.35,49846.15384615384,328.9672619313553
0.11,0.35,49846.15384615384,329.7743630578583
0.13,0.35,49846.15384615384,330.4200643264372
0.15,0.35,49846.15384615384,330.9047469530098
0.17,0.35,49846.15384615384,331.2281807078997
0.19,0.35,49846.15384615384,331.3900118818299
0.21,0.35,49846.15384615384,331.3900118818298
0.23,0.35,49846.15384615384,331.2281807078997
0.25,0.35,49846.15384615384,330.9047469530098
0.27,0.35,49846.15384615384,330.4200643264372
0.29,0.35,49846.15384615384,329.77436305785835
0.31,0.35,49846.15384615384,328.9672619313553
0.33,0.35,49846.15384615384,327.9968706257047
0.35,0.35,49846.15384615384,326.858203540306
0.37,0.35,49846.15384615384,325.54054863007246
0.39,0.35,49846.15384615384,324.0237681045168
0.01,0.37,49846.15384615384,323.73835284785986
0.03,0.37,49846.15384615384,324.7131264797083
0.05,0.37,49846.15384615384,325.54054863007246
0.07,0.37,49846.15384615384,326.24766944880315
0.09,0.37,49846.15384615384,326.84698416327143
0.11,0.37,49846.15384615384,327.3440400404492
0.13,0.37,49846.15384615384,327.7410970492075
0.15,0.37,49846.15384615384,328.0388955762817
0.17,0.37,49846.15384615384,328.23753224090177
0.19,0.37,49846.15384615384,328.33689936750665
0.21,0.37,49846.15384615384,328.33689936750665
0.23,0.37,49846.15384615384,328.2375322409017
0.25,0.37,49846.15384615384,328.0388955762816
0.27,0.37,49846.15384615384,327.7410970492075
0.29,0.37,49846.15384615384,327.3440400404492
0.31,0.37,49846.15384615384,326.8469841632715
0.33,0.37,49846.15384615384,326.2476694488031
0.35,0.37,49846.15384615384,325.54054863007246
0.37,0.37,49846.15384615384,324.7131264797083
0.39,0.37,49846.15384615384,323.7383528478598
0.01,0.39,49846.15384615384,323.3887055787968
0.03,0.39,49846.15384615384,323.7383528478598
0.05,0.39,49846.15384615384,324.0237681045168
0.07,0.39,49846.15384615384,324.2645179550142
0.09,0.39,49846.15384615384,324.4675633438572
0.11,0.39,49846.15384615384,324.6356103926788
0.13,0.39,49846.15384615384,324.7697158796839
0.15,0.39,49846.15384615384,324.8702466626369
0.17,0.39,49846.15384615384,324.9372853384764
0.19,0.39,49846.15384615384,324.97081711311523
0.21,0.39,49846.15384615384,324.9708171131153
0.23,0.39,49846.15384615384,324.9372853384763
0.25,0.39,49846.15384615384,324.8702466626369
0.27,0.39,49846.15384615384,324.7697158796839
0.29,0.39,49846.15384615384,324.6356103926788
0.31,0.39,49846.15384615384,324.46756334385725
0.33,0.39,49846.15384615384,324.26451795501424
0.35,0.39,49846.15384615384,324.0237681045168
0.37,0.39,49846.15384615384,323.7383528478598
0.39,0.39,49846.15384615384,323.3887055787968
0.01,0.01,51692.307692307695,323.3756406335721
0.03,0.01,51692.307692307695,323.7052787964206
0.05,0.01,51692.307692307695,323.97397897869786
0.07,0.01,51692.307692307695,324.2004723589069
0.09,0.01,51692.307692307695,324.3914385610676
0.11,0.01,51692.307692307695,324.5494778863129
0.13,0.01,51692.307692307695,324.67560311109014
0.15,0.01,51692.307692307695,324.7701605763142
0.17,0.01,51692.307692307695,324.83322203734883
0.19,0.01,51692.307692307695,324.8647666289064
0.21,0.01,51692.307692307695,324.8647666289064
0.23,0.01,51692.307692307695,324.83322203734883
0.25,0.01,51692.307692307695,324.7701605763142
0.27,0.01,51692.307692307695,324.6756031110901
0.29,0.01,51692.307692307695,324.54947788631284
0.31,0.01,51692.307692307695,324.3914385610676
0.33,0.01,51692.307692307695,324.2004723589069
0.35,0.01,51692.307692307695,323.9739789786979
0.37,0.01,51692.307692307695,323.7052787964206
0.39,0.01,51692.307692307695,323.3756406335721
0.01,0.03,51692.307692307695,323.7052787964206
0.03,0.03,51692.307692307695,324.623743536414
0.05,0.03,51692.307692307695,325.4025894438517
0.07,0.03,51692.307692307695,326.0678431668831
0.09,0.03,51692.307692307695,326.6315504197877
0.11,0.03,51692.307692307695,327.0990608656115
0.13,0.03,51692.307692307695,327.4725434145683
0.15,0.03,51692.307692307695,327.75269181445066
0.17,0.03,51692.307692307695,327.939575479359
0.19,0.03,51692.307692307695,328.03307018444
0.21,0.03,51692.307692307695,328.03307018444
0.23,0.03,51692.307692307695,327.939575479359
0.25,0.03,51692.307692307695,327.7526918144506
0.27,0.03,51692.307692307695,327.47254341456824
0.29,0.03,51692.307692307695,327.0990608656114
0.31,0.03,51692.307692307695,326.63155041978763
0.33,0.03,51692.307692307695,326.0678431668831
0.35,0.03,51692.307692307695,325.40258944385164
0.37,0.03,51692.307692307695,324.62374353641394
0.39,0.03,51692.307692307695,323.7052787964206
0.01,0.05,51692.307692307695,323.97397897869786
0.03,0.05,51692.307692307695,325.4025894438517
0.05,0.05,51692.307692307695,326.6427367649746
0.07,0.05,51692.307692307695,327.7140248686373
0.09,0.05,51692.307692307695,328.6268835174862
0.11,0.05,51692.307692307695,329.3861596147025
0.13,0.05,51692.307692307695,329.99367055105955
0.15,0.05,51692.307692307695,330.44975138145503
0.17,0.05,51692.307692307695,330.75413790252924
0.19,0.05,51692.307692307695,330.906452008875
0.21,0.05,51692.307692307695,330.90645200887496
0.23,0.05,51692.307692307695,330.75413790252924
0.25,0.05,51692.307692307695,330.449751381455
0.27,0.05,51692.307692307695,329.9936705510595
0.29,0.05,51692.307692307695,329.3861596147024
0.31,0.05,51692.307692307695,328.6268835174862
0.33,0.05,51692.307692307695,327.7140248686373
0.35,0.05,51692.307692307695,326.6427367649745
0.37,0.05,51692.307692307695,325.40258944385164
0.39,0.05,51692.307692307695,323.97397897869786
0.01,0.07,51692.307692307695,324.200472358907
0.03,0.07,51692.307692307695,326.0678431668832
0.05,0.07,51692.307692307695,327.7140248686373
0.07,0.07,51692.307692307695,329.1488729125829
0.09,0.07,51692.307692307695,330.37783935813934
0.11,0.07,51692.307692307695,331.403080609603
0.13,0.07,51692.307692307695,332.2248124332995
0.15,0.07,51692.307692307695,332.8423354889594
0.17,0.07,51692.307692307695,333.2547016888463
0.19,0.07,51692.307692307695,333.46110809702304
0.21,0.07,51692.307692307695,333.46110809702304
0.23,0.07,51692.307692307695,333.25470168884635
0.25,0.07,51692.307692307695,332.8423354889594
0.27,0.07,51692.307692307695,332.2248124332995
0.29,0.07,51692.307692307695,331.40308060960297
0.31,0.07,51692.307692307695,330.37783935813934
0.33,0.07,51692.307692307695,329.1488729125829
0.35,0.07,51692.307692307695,327.7140248686373
0.37,0.07,51692.307692307695,326.06784316688305
0.39,0.07,51692.307692307695,324.2004723589069
0.01,0.09,51692.307692307695,324.3914385610676
0.03,0.09,51692.307692307695,326.6315504197877
0.05,0.09,51692.307692307695,328.6268835174862
0.07,0.09,51692.307692307695,330.37783935813934
0.09,0.09,51692.307692307695,331.8839752310384
0.11,0.09,51692.307692307695,333.14379341697173
0.13,0.09,51692.307692307695,334.15520528872
0.15,0.09,51692.307692307695,334.9160359436815
0.17,0.09,51692.307692307695,335.4243995717528
0.19,0.09,51692.307692307695,335.6789352498439
0.21,0.09,51692.307692307695,335.6789352498439
0.23,0.09,51692.307692307695,335.4243995717529
0.25,0.09,51692.307692307695,334.91603594368155
0.27,0.09,51692.307692307695,334.15520528872
0.29,0.09,51692.307692307695,333.14379341697173
0.31,0.09,51692.307692307695,331.8839752310384
0.33,0.09,51692.307692307695,330.3778393581393
0.35,0.09,51692.307692307695,328.6268835174861
0.37,0.09,51692.307692307695,326.6315504197876
0.39,0.09,51692.307692307695,324.3914385610676
0.01,0.11,51692.307692307695,324.54947788631284
0.03,0.11,51692.307692307695,327.0990608656114
0.05,0.11,51692.307692307695,329.3861596147024
0.07,0.11,51692.307692307695,331.403080609603
0.09,0.11,51692.307692307695,333.14379341697173
0.11,0.11,51692.307692307695,334.60304267559764
0.13,0.11,51692.307692307695,335.7762445246656
0.15,0.11,51692.307692307695,336.6595855315587
0.17,0.11,51692.307692307695,337.25013280027287
0.19,0.11,51692.307692307695,337.54590472049773
0.21,0.11,51692.307692307695,337.54590472049773
0.23,0.11,51692.307692307695,337.2501328002729
0.25,0.11,51692.307692307695,336.6595855315588
0.27,0.11,51692.307692307695,335.77624452466563
0.29,0.11,51692.307692307695,334.60304267559764
0.31,0.11,51692.307692307695,333.14379341697173
0.33,0.11,51692.307692307695,331.40308060960297
0.35,0.11,51692.307692307695,329.3861596147024
0.37,0.11,51692.307692307695,327.0990608656114
0.39,0.11,51692.307692307695,324.54947788631284
0.01,0.13,51692.307692307695,324.67560311109014
0.03,0.13,51692.307692307695,327.4725434145683
0.05,0.13,51692.307692307695,329.9936705510595
0.07,0.13,51692.307692307695,332.2248124332995
0.09,0.13,51692.307692307695,334.15520528872
0.11,0.13,51692.307692307695,335.77624452466563
0.13,0.13,51692.307692307695,337.08103218286084
0.15,0.13,51692.307692307695,338.0641947432518
0.17,0.13,51692.307692307695,338.72178681174387
0.19,0.13,51692.307692307695,339.0512221978614
0.21,0.13,51692.307692307695,339.0512221978615
0.23,0.13,51692.307692307695,338.7217868117439
0.25,0.13,51692.307692307695,338.06419474325185
0.27,0.13,51692.307692307695,337.0810321828609
0.29,0.13,51692.307692307695,335.7762445246656
0.31,0.13,51692.307692307695,334.15520528872
0.33,0.13,51692.307692307695,332.2248124332994
0.35,0.13,51692.307692307695,329.99367055105944
0.37,0.13,51692.307692307695,327.47254341456824
0.39,0.13,51692.307692307695,324.6756031110901
0.01,0.15,51692.307692307695,324.7701605763142
0.03,0.15,51692.307692307695,327.7526918144506
0.05,0.15,51692.307692307695,330.449751381455
0.07,0.15,51692.307692307695,332.8423354889594
0.09,0.15,51692.307692307695,334.9160359436815
0.11,0.15,51692.307692307695,336.6595855315587
0.13,0.15,51692.307692307695,338.0641947432518
0.15,0.15,51692.307692307695,339.1231868176544
0.17,0.15,51692.307692307695,339.83175781976007
0.19,0.15,51692.307692307695,340.186804030532
0.21,0.15,51692.307692307695,340.186804030532
0.23,0.15,51692.307692307695,339.8317578197601
0.25,0.15,51692.307692307695,339.1231868176544
0.27,0.15,51692.307692307695,338.06419474325185
0.29,0.15,51692.307692307695,336.6595855315587
0.31,0.15,51692.307692307695,334.9160359436815
0.33,0.15,51692.307692307695,332.8423354889594
0.35,0.15,51692.307692307695,330.4497513814549
0.37,0.15,51692.307692307695,327.75269181445054
0.39,0.15,51692.307692307695,324.77016057631414
0.01,0.17,51692.307692307695,324.83322203734883
0.03,0.17,51692.307692307695,327.9395754793589
0.05,0.17,51692.307692307695,330.75413790252924
0.07,0.17,51692.307692307695,333.25470168884635
0.09,0.17,51692.307692307695,335.4243995717528
0.11,0.17,51692.307692307695,337.2501328002728
0.13,0.17,51692.307692307695,338.72178681174387
0.15,0.17,51692.307692307695,339.83175781976007
0.17,0.17,51692.307692307695,340.5746240103188
0.19,0.17,51692.307692307695,340.9469062401617
0.21,0.17,51692.307692307695,340.9469062401617
0.23,0.17,51692.307692307695,340.5746240103188
0.25,0.17,51692.307692307695,339.8317578197601
0.27,0.17,51692.307692307695,338.721786811744
0.29,0.17,51692.307692307695,337.25013280027287
0.31,0.17,51692.307692307695,335.4243995717528
0.33,0.17,51692.307692307695,333.25470168884635
0.35,0.17,51692.307692307695,330.7541379025292
0.37,0.17,51692.307692307695,327.9395754793589
0.39,0.17,51692.307692307695,324.83322203734883
0.01,0.19,51692.307692307695,324.86476662890635
0.03,0.19,51692.307692307695,328.0330701844399
0.05,0.19,51692.307692307695,330.90645200887496
0.07,0.19,51692.307692307695,333.46110809702293
0.09,0.19,51692.307692307695,335.6789352498438
0.11,0.19,51692.307692307695,337.54590472049773
0.13,0.19,51692.307692307695,339.0512221978614
0.15,0.19,51692.307692307695,340.186804030532
0.17,0.19,51692.307692307695,340.9469062401617
0.19,0.19,51692.307692307695,341.3278529546292
0.21,0.19,51692.307692307695,341.3278529546292
0.23,0.19,51692.307692307695,340.9469062401617
0.25,0.19,51692.307692307695,340.1868040305321
0.27,0.19,51692.307692307695,339.0512221978614
0.29,0.19,51692.307692307695,337.5459047204978
0.31,0.19,51692.307692307695,335.67893524984385
0.33,0.19,51692.307692307695,333.461108097023
0.35,0.19,51692.307692307695,330.9064520088749
0.37,0.19,51692.307692307695,328.0330701844399
0.39,0.19,51692.307692307695,324.86476662890635
0.01,0.21,51692.307692307695,324.86476662890635
0.03,0.21,51692.307692307695,328.03307018444
0.05,0.21,51692.307692307695,330.9064520088749
0.07,0.21,51692.307692307695,333.46110809702293
0.09,0.21,51692.307692307695,335.67893524984385
0.11,0.21,51692.307692307695,337.54590472049773
0.13,0.21,51692.307692307695,339.05122219786136
0.15,0.21,51692.307692307695,340.186804030532
0.17,0.21,51692.307692307695,340.9469062401617
0.19,0.21,51692.307692307695,341.3278529546292
0.21,0.21,51692.307692307695,341.3278529546292
0.23,0.21,51692.307692307695,340.9469062401618
0.25,0.21,51692.307692307695,340.1868040305321
0.27,0.21,51692.307692307695,339.0512221978615
0.29,0.21,51692.307692307695,337.5459047204978
0.31,0.21,51692.307692307695,335.6789352498439
0.33,0.21,51692.307692307695,333.461108097023
0.35,0.21,51692.307692307695,330.9064520088749
0.37,0.21,51692.307692307695,328.0330701844399
0.39,0.21,51692.307692307695,324.86476662890635
0.01,0.23,51692.307692307695,324.83322203734883
0.03,0.23,51692.307692307695,327.9395754793589
0.05,0.23,51692.307692307695,330.7541379025292
0.07,0.23,51692.307692307695,333.2547016888463
0.09,0.23,51692.307692307695,335.4243995717528
0.11,0.23,51692.307692307695,337.2501328002728
0.13,0.23,51692.307692307695,338.72178681174387
0.15,0.23,51692.307692307695,339.83175781976007
0.17,0.23,51692.307692307695,340.5746240103188
0.19,0.23,51692.307692307695,340.9469062401617
0.21,0.23,51692.307692307695,340.9469062401617
0.23,0.23,51692.307692307695,340.5746240103188
0.25,0.23,51692.307692307695,339.8317578197601
0.27,0.23,51692.307692307695,338.7217868117439
0.29,0.23,51692.307692307695,337.25013280027287
0.31,0.23,51692.307692307695,335.4243995717529
0.33,0.23,51692.307692307695,333.25470168884635
0.35,0.23,51692.307692307695,330.75413790252924
0.37,0.23,51692.307692307695,327.9395754793589
0.39,0.23,51692.307692307695,324.83322203734883
0.01,0.25,51692.307692307695,324.77016057631414
0.03,0.25,51692.307692307695,327.75269181445054
0.05,0.25,51692.307692307695,330.4497513814549
0.07,0.25,51692.307692307695,332.8423354889594
0.09,0.25,51692.307692307695,334.9160359436815
0.11,0.25,51692.307692307695,336.6595855315587
0.13,0.25,51692.307692307695,338.0641947432518
0.15,0.25,51692.307692307695,339.1231868176544
0.17,0.25,51692.307692307695,339.8317578197601
0.19,0.25,51692.307692307695,340.186804030532
0.21,0.25,51692.307692307695,340.186804030532
0.23,0.25,51692.307692307695,339.8317578197601
0.25,0.25,51692.307692307695,339.1231868176544
0.27,0.25,51692.307692307695,338.0641947432518
0.29,0.25,51692.307692307695,336.65958553155866
0.31,0.25,51692.307692307695,334.9160359436815
0.33,0.25,51692.307692307695,332.84233548895946
0.35,0.25,51692.307692307695,330.44975138145503
0.37,0.25,51692.307692307695,327.7526918144506
0.39,0.25,51692.307692307695,324.7701605763142
0.01,0.27,51692.307692307695,324.6756031110901
0.03,0.27,51692.307692307695,327.4725434145682
0.05,0.27,51692.307692307695,329.99367055105944
0.07,0.27,51692.307692307695,332.22481243329946
0.09,0.27,51692.307692307695,334.15520528872
0.11,0.27,51692.307692307695,335.77624452466563
0.13,0.27,51692.307692307695,337.0810321828609
0.15,0.27,51692.307692307695,338.06419474325185
0.17,0.27,51692.307692307695,338.7217868117439
0.19,0.27,51692.307692307695,339.0512221978614
0.21,0.27,51692.307692307695,339.0512221978615
0.23,0.27,51692.307692307695,338.7217868117439
0.25,0.27,51692.307692307695,338.0641947432518
0.27,0.27,51692.307692307695,337.0810321828609
0.29,0.27,51692.307692307695,335.7762445246656
0.31,0.27,51692.307692307695,334.1552052887201
0.33,0.27,51692.307692307695,332.2248124332995
0.35,0.27,51692.307692307695,329.99367055105955
0.37,0.27,51692.307692307695,327.4725434145683
0.39,0.27,51692.307692307695,324.67560311109014
0.01,0.29,51692.307692307695,324.54947788631284
0.03,0.29,51692.307692307695,327.09906086561136
0.05,0.29,51692.307692307695,329.3861596147024
0.07,0.29,51692.307692307695,331.40308060960297
0.09,0.29,51692.307692307695,333.14379341697173
0.11,0.29,51692.307692307695,334.60304267559764
0.13,0.29,51692.307692307695,335.77624452466563
0.15,0.29,51692.307692307695,336.6595855315588
0.17,0.29,51692.307692307695,337.25013280027287
0.19,0.29,51692.307692307695,337.54590472049773
0.21,0.29,51692.307692307695,337.54590472049773
0.23,0.29,51692.307692307695,337.25013280027287
0.25,0.29,51692.307692307695,336.65958553155866
0.27,0.29,51692.307692307695,335.7762445246656
0.29,0.29,51692.307692307695,334.6030426755976
0.31,0.29,51692.307692307695,333.14379341697173
0.33,0.29,51692.307692307695,331.403080609603
0.35,0.29,51692.307692307695,329.3861596147025
0.37,0.29,51692.307692307695,327.0990608656115
0.39,0.29,51692.307692307695,324.54947788631284
0.01,0.31,51692.307692307695,324.3914385610676
0.03,0.31,51692.307692307695,326.63155041978763
0.05,0.31,51692.307692307695,328.62688351748614
0.07,0.31,51692.307692307695,330.37783935813934
0.09,0.31,51692.307692307695,331.88397523103845
0.11,0.31,51692.307692307695,333.1437934169718
0.13,0.31,51692.307692307695,334.1552052887201
0.15,0.31,51692.307692307695,334.9160359436816
0.17,0.31,51692.307692307695,335.4243995717529
0.19,0.31,51692.307692307695,335.67893524984385
0.21,0.31,51692.307692307695,335.6789352498438
0.23,0.31,51692.307692307695,335.4243995717528
0.25,0.31,51692.307692307695,334.9160359436815
0.27,0.31,51692.307692307695,334.15520528872
0.29,0.31,51692.307692307695,333.14379341697173
0.31,0.31,51692.307692307695,331.8839752310384
0.33,0.31,51692.307692307695,330.3778393581394
0.35,0.31,51692.307692307695,328.62688351748625
0.37,0.31,51692.307692307695,326.6315504197877
0.39,0.31,51692.307692307695,324.3914385610676
0.01,0.33,51692.307692307695,324.2004723589069
0.03,0.33,51692.307692307695,326.0678431668831
0.05,0.33,51692.307692307695,327.7140248686373
0.07,0.33,51692.307692307695,329.1488729125829
0.09,0.33,51692.307692307695,330.37783935813934
0.11,0.33,51692.307692307695,331.403080609603
0.13,0.33,51692.307692307695,332.2248124332996
0.15,0.33,51692.307692307695,332.8423354889595
0.17,0.33,51692.307692307695,333.2547016888464
0.19,0.33,51692.307692307695,333.46110809702304
0.21,0.33,51692.307692307695,333.46110809702304
0.23,0.33,51692.307692307695,333.2547016888463
0.25,0.33,51692.307692307695,332.8423354889594
0.27,0.33,51692.307692307695,332.2248124332995
0.29,0.33,51692.307692307695,331.403080609603
0.31,0.33,51692.307692307695,330.3778393581394
0.33,0.33,51692.307692307695,329.14887291258293
0.35,0.33,51692.307692307695,327.7140248686374
0.37,0.33,51692.307692307695,326.0678431668831
0.39,0.33,51692.307692307695,324.2004723589069
0.01,0.35,51692.307692307695,323.9739789786979
0.03,0.35,51692.307692307695,325.4025894438517
0.05,0.35,51692.307692307695,326.64273676497453
0.07,0.35,51692.307692307695,327.7140248686373
0.09,0.35,51692.307692307695,328.6268835174862
0.11,0.35,51692.307692307695,329.3861596147025
0.13,0.35,51692.307692307695,329.99367055105955
0.15,0.35,51692.307692307695,330.4497513814551
0.17,0.35,51692.307692307695,330.7541379025293
0.19,0.35,51692.307692307695,330.906452008875
0.21,0.35,51692.307692307695,330.90645200887496
0.23,0.35,51692.307692307695,330.75413790252924
0.25,0.35,51692.307692307695,330.44975138145503
0.27,0.35,51692.307692307695,329.99367055105955
0.29,0.35,51692.307692307695,329.3861596147025
0.31,0.35,51692.307692307695,328.6268835174862
0.33,0.35,51692.307692307695,327.7140248686373
0.35,0.35,51692.307692307695,326.6427367649746
0.37,0.35,51692.307692307695,325.4025894438517
0.39,0.35,51692.307692307695,323.97397897869786
0.01,0.37,51692.307692307695,323.70527879642066
0.03,0.37,51692.307692307695,324.623743536414
0.05,0.37,51692.307692307695,325.4025894438517
0.07,0.37,51692.307692307695,326.0678431668832
0.09,0.37,51692.307692307695,326.63155041978763
0.11,0.37,51692.307692307695,327.0990608656115
0.13,0.37,51692.307692307695,327.47254341456835
0.15,0.37,51692.307692307695,327.75269181445066
0.17,0.37,51692.307692307695,327.939575479359
0.19,0.37,51692.307692307695,328.03307018444
0.21,0.37,51692.307692307695,328.03307018444
0.23,0.37,51692.307692307695,327.9395754793589
0.25,0.37,51692.307692307695,327.75269181445066
0.27,0.37,51692.307692307695,327.4725434145683
0.29,0.37,51692.307692307695,327.0990608656115
0.31,0.37,51692.307692307695,326.6315504197877
0.33,0.37,51692.307692307695,326.0678431668831
0.35,0.37,51692.307692307695,325.4025894438517
0.37,0.37,51692.307692307695,324.62374353641405
0.39,0.37,51692.307692307695,323.7052787964206
0.01,0.39,51692.307692307695,323.3756406335722
0.03,0.39,51692.307692307695,323.7052787964206
0.05,0.39,51692.307692307695,323.97397897869786
0.07,0.39,51692.307692307695,324.2004723589069
0.09,0.39,51692.307692307695,324.3914385610676
0.11,0.39,51692.307692307695,324.54947788631284
0.13,0.39,51692.307692307695,324.67560311109014
0.15,0.39,51692.307692307695,324.7701605763142
0.17,0.39,51692.307692307695,324.83322203734883
0.19,0.39,51692.307692307695,324.8647666289064
0.21,0.39,51692.307692307695,324.8647666289064
0.23,0.39,51692.307692307695,324.83322203734883
0.25,0.39,51692.307692307695,324.7701605763142
0.27,0.39,51692.307692307695,324.67560311109014
0.29,0.39,51692.307692307695,324.54947788631284
0.31,0.39,51692.307692307695,324.3914385610676
0.33,0.39,51692.307692307695,324.2004723589069
0.35,0.39,51692.307692307695,323.97397897869786
0.37,0.39,51692.307692307695,323.7052787964206
0.39,0.39,51692.307692307695,323.3756406335722
0.01,0.01,53538.46153846154,323.36340416942863
0.03,0.01,53538.46153846154,323.67421094755866
0.05,0.01,53538.46153846154,323.9271209986872
0.07,0.01,53538.46153846154,324.1401059989776
0.09,0.01,53538.46153846154,324.3195979627717
0.11,0.01,53538.46153846154,324.46811085148244
0.13,0.01,53538.46153846154,324.5866267337029
0.15,0.01,53538.46153846154,324.67548109070094
0.17,0.01,53538.46153846154,324.734741742155
0.19,0.01,53538.46153846154,324.76438624378926
0.21,0.01,53538.46153846154,324.76438624378926
0.23,0.01,53538.46153846154,324.734741742155
0.25,0.01,53538.46153846154,324.67548109070094
0.27,0.01,53538.46153846154,324.5866267337029
0.29,0.01,53538.46153846154,324.46811085148244
0.31,0.01,53538.46153846154,324.3195979627717
0.33,0.01,53538.46153846154,324.1401059989776
0.35,0.01,53538.46153846154,323.92712099868714
0.37,0.01,53538.46153846154,323.67421094755866
0.39,0.01,53538.46153846154,323.36340416942863
0.01,0.03,53538.46153846154,323.67421094755866
0.03,0.03,53538.46153846154,324.53960872339945
0.05,0.03,53538.46153846154,325.27253190964456
0.07,0.03,53538.46153846154,325.8980951528115
0.09,0.03,53538.46153846154,326.42796417261326
0.11,0.03,53538.46153846154,326.8673394807649
0.13,0.03,53538.46153846154,327.21833515787574
0.15,0.03,53538.46153846154,327.4816258006448
0.17,0.03,53538.46153846154,327.6572737090814
0.19,0.03,53538.46153846154,327.7451513300215
0.21,0.03,53538.46153846154,327.74515133002143
0.23,0.03,53538.46153846154,327.6572737090814
0.25,0.03,53538.46153846154,327.4816258006448
0.27,0.03,53538.46153846154,327.21833515787574
0.29,0.03,53538.46153846154,326.8673394807649
0.31,0.03,53538.46153846154,326.42796417261326
0.33,0.03,53538.46153846154,325.89809515281144
0.35,0.03,53538.46153846154,325.2725319096445
0.37,0.03,53538.46153846154,324.5396087233994
0.39,0.03,53538.46153846154,323.67421094755866
0.01,0.05,53538.46153846154,323.9271209986872
0.03,0.05,53538.46153846154,325.27253190964456
0.05,0.05,53538.46153846154,326.4393382179261
0.07,0.05,53538.46153846154,327.44670208926186
0.09,0.05,53538.46153846154,328.3048490580862
0.11,0.05,53538.46153846154,329.01855225155686
0.13,0.05,53538.46153846154,329.58960974693866
0.15,0.05,53538.46153846154,330.0183534678048
0.17,0.05,53538.46153846154,330.30451771876324
0.19,0.05,53538.46153846154,330.4477217757848
0.21,0.05,53538.46153846154,330.4477217757847
0.23,0.05,53538.46153846154,330.30451771876324
0.25,0.05,53538.46153846154,330.0183534678048
0.27,0.05,53538.46153846154,329.5896097469386
0.29,0.05,53538.46153846154,329.01855225155686
0.31,0.05,53538.46153846154,328.3048490580862
0.33,0.05,53538.46153846154,327.44670208926186
0.35,0.05,53538.46153846154,326.4393382179261
0.37,0.05,53538.46153846154,325.2725319096445
0.39,0.05,53538.46153846154,323.9271209986872
0.01,0.07,53538.46153846154,324.1401059989776
0.03,0.07,53538.46153846154,325.89809515281144
0.05,0.07,53538.46153846154,327.44670208926186
0.07,0.07,53538.46153846154,328.7959490926948
0.09,0.07,53538.46153846154,329.95140073069604
0.11,0.07,53538.46153846154,330.91530165135674
0.13,0.07,53538.46153846154,331.68792834759034
0.15,0.07,53538.46153846154,332.2686144469135
0.17,0.07,53538.46153846154,332.656423499978
0.19,0.07,53538.46153846154,332.8505526250817
0.21,0.07,53538.46153846154,332.8505526250817
0.23,0.07,53538.46153846154,332.656423499978
0.25,0.07,53538.46153846154,332.2686144469135
0.27,0.07,53538.46153846154,331.68792834759034
0.29,0.07,53538.46153846154,330.91530165135674
0.31,0.07,53538.46153846154,329.95140073069604
0.33,0.07,53538.46153846154,328.79594909269485
0.35,0.07,53538.46153846154,327.4467020892619
0.37,0.07,53538.46153846154,325.8980951528115
0.39,0.07,53538.46153846154,324.1401059989776
0.01,0.09,53538.46153846154,324.3195979627717
0.03,0.09,53538.46153846154,326.42796417261326
0.05,0.09,53538.46153846154,328.3048490580862
0.07,0.09,53538.46153846154,329.95140073069604
0.09,0.09,53538.46153846154,331.3676334083783
0.11,0.09,53538.46153846154,332.5523302256469
0.13,0.09,53538.46153846154,333.50356349758454
0.15,0.09,53538.46153846154,334.2192375606426
0.17,0.09,53538.46153846154,334.6974953389671
0.19,0.09,53538.46153846154,334.93697958985103
0.21,0.09,53538.46153846154,334.93697958985103
0.23,0.09,53538.46153846154,334.6974953389671
0.25,0.09,53538.46153846154,334.2192375606426
0.27,0.09,53538.46153846154,333.50356349758454
0.29,0.09,53538.46153846154,332.5523302256469
0.31,0.09,53538.46153846154,331.3676334083783
0.33,0.09,53538.46153846154,329.9514007306961
0.35,0.09,53538.46153846154,328.30484905808623
0.37,0.09,53538.46153846154,326.4279641726133
0.39,0.09,53538.46153846154,324.3195979627717
0.01,0.11,53538.46153846154,324.46811085148244
0.03,0.11,53538.46153846154,326.8673394807649
0.05,0.11,53538.46153846154,329.0185522515568
0.07,0.11,53538.46153846154,330.9153016513567
0.09,0.11,53538.46153846154,332.5523302256469
0.11,0.11,53538.46153846154,333.92484937787947
0.13,0.11,53538.46153846154,335.0285361467328
0.15,0.11,53538.46153846154,335.8597034137702
0.17,0.11,53538.46153846154,336.4154644898901
0.19,0.11,53538.46153846154,336.69384506735963
0.21,0.11,53538.46153846154,336.69384506735963
0.23,0.11,53538.46153846154,336.4154644898901
0.25,0.11,53538.46153846154,335.8597034137703
0.27,0.11,53538.46153846154,335.0285361467328
0.29,0.11,53538.46153846154,333.92484937787947
0.31,0.11,53538.46153846154,332.552330225647
0.33,0.11,53538.46153846154,330.9153016513568
0.35,0.11,53538.46153846154,329.0185522515569
0.37,0.11,53538.46153846154,326.86733948076494
0.39,0.11,53538.46153846154,324.46811085148244
0.01,0.13,53538.46153846154,324.5866267337029
0.03,0.13,53538.46153846154,327.21833515787574
0.05,0.13,53538.46153846154,329.5896097469385
0.07,0.13,53538.46153846154,331.6879283475903
0.09,0.13,53538.46153846154,333.50356349758454
0.11,0.13,53538.46153846154,335.02853614673285
0.13,0.13,53538.46153846154,336.25629622464555
0.15,0.13,53538.46153846154,337.1816378621239
0.17,0.13,53538.46153846154,337.8006771644302
0.19,0.13,53538.46153846154,338.1108382281927
0.21,0.13,53538.46153846154,338.11083822819273
0.23,0.13,53538.46153846154,337.8006771644303
0.25,0.13,53538.46153846154,337.18163786212386
0.27,0.13,53538.46153846154,336.25629622464544
0.29,0.13,53538.46153846154,335.0285361467328
0.31,0.13,53538.46153846154,333.50356349758454
0.33,0.13,53538.46153846154,331.68792834759034
0.35,0.13,53538.46153846154,329.58960974693866
0.37,0.13,53538.46153846154,327.2183351578758
0.39,0.13,53538.46153846154,324.5866267337029
0.01,0.15,53538.46153846154,324.67548109070094
0.03,0.15,53538.46153846154,327.48162580064474
0.05,0.15,53538.46153846154,330.0183534678047
0.07,0.15,53538.46153846154,332.2686144469135
0.09,0.15,53538.46153846154,334.2192375606426
0.11,0.15,53538.46153846154,335.8597034137702
0.13,0.15,53538.46153846154,337.1816378621239
0.15,0.15,53538.46153846154,338.17856393329726
0.17,0.15,53538.46153846154,338.8457509313944
0.19,0.15,53538.46153846154,339.18010752046854
0.21,0.15,53538.46153846154,339.1801075204685
0.23,0.15,53538.46153846154,338.8457509313944
0.25,0.15,53538.46153846154,338.1785639332972
0.27,0.15,53538.46153846154,337.1816378621239
0.29,0.15,53538.46153846154,335.85970341377026
0.31,0.15,53538.46153846154,334.2192375606427
0.33,0.15,53538.46153846154,332.26861444691355
0.35,0.15,53538.46153846154,330.0183534678048
0.37,0.15,53538.46153846154,327.4816258006448
0.39,0.15,53538.46153846154,324.67548109070094
0.01,0.17,53538.46153846154,324.73474174215494
0.03,0.17,53538.46153846154,327.6572737090813
0.05,0.17,53538.46153846154,330.3045177187632
0.07,0.17,53538.46153846154,332.656423499978
0.09,0.17,53538.46153846154,334.6974953389671
0.11,0.17,53538.46153846154,336.41546448989004
0.13,0.17,53538.46153846154,337.8006771644302
0.15,0.17,53538.46153846154,338.8457509313943
0.17,0.17,53538.46153846154,339.5453449752748
0.19,0.17,53538.46153846154,339.89599378227626
0.21,0.17,53538.46153846154,339.89599378227626
0.23,0.17,53538.46153846154,339.5453449752749
0.25,0.17,53538.46153846154,338.8457509313944
0.27,0.17,53538.46153846154,337.8006771644303
0.29,0.17,53538.46153846154,336.4154644898901
0.31,0.17,53538.46153846154,334.69749533896714
0.33,0.17,53538.46153846154,332.6564234999781
0.35,0.17,53538.46153846154,330.30451771876324
0.37,0.17,53538.46153846154,327.6572737090813
0.39,0.17,53538.46153846154,324.734741742155
0.01,0.19,53538.46153846154,324.7643862437892
0.03,0.19,53538.46153846154,327.74515133002143
0.05,0.19,53538.46153846154,330.4477217757847
0.07,0.19,53538.46153846154,332.8505526250817
0.09,0.19,53538.46153846154,334.93697958985103
0.11,0.19,53538.46153846154,336.6938450673596
0.13,0.19,53538.46153846154,338.1108382281927
0.15,0.19,53538.46153846154,339.1801075204685
0.17,0.19,53538.46153846154,339.8959937822762
0.19,0.19,53538.46153846154,340.25483532876035
0.21,0.19,53538.46153846154,340.25483532876035
0.23,0.19,53538.46153846154,339.8959937822763
0.25,0.19,53538.46153846154,339.18010752046854
0.27,0.19,53538.46153846154,338.11083822819273
0.29,0.19,53538.46153846154,336.69384506735963
0.31,0.19,53538.46153846154,334.93697958985103
0.33,0.19,53538.46153846154,332.8505526250817
0.35,0.19,53538.46153846154,330.4477217757848
0.37,0.19,53538.46153846154,327.74515133002143
0.39,0.19,53538.46153846154,324.7643862437892
0.01,0.21,53538.46153846154,324.7643862437892
0.03,0.21,53538.46153846154,327.74515133002143
0.05,0.21,53538.46153846154,330.4477217757847
0.07,0.21,53538.46153846154,332.8505526250817
0.09,0.21,53538.46153846154,334.936979589851
0.11,0.21,53538.46153846154,336.6938450673595
0.13,0.21,53538.46153846154,338.1108382281926
0.15,0.21,53538.46153846154,339.1801075204684
0.17,0.21,53538.46153846154,339.8959937822761
0.19,0.21,53538.46153846154,340.2548353287603
0.21,0.21,53538.46153846154,340.2548353287603
0.23,0.21,53538.46153846154,339.8959937822763
0.25,0.21,53538.46153846154,339.1801075204685
0.27,0.21,53538.46153846154,338.11083822819273
0.29,0.21,53538.46153846154,336.69384506735963
0.31,0.21,53538.46153846154,334.93697958985103
0.33,0.21,53538.46153846154,332.8505526250817
0.35,0.21,53538.46153846154,330.4477217757848
0.37,0.21,53538.46153846154,327.7451513300215
0.39,0.21,53538.46153846154,324.7643862437892
0.01,0.23,53538.46153846154,324.734741742155
0.03,0.23,53538.46153846154,327.6572737090813
0.05,0.23,53538.46153846154,330.3045177187632
0.07,0.23,53538.46153846154,332.656423499978
0.09,0.23,53538.46153846154,334.69749533896703
0.11,0.23,53538.46153846154,336.41546448989004
0.13,0.23,53538.46153846154,337.80067716443017
0.15,0.23,53538.46153846154,338.8457509313943
0.17,0.23,53538.46153846154,339.5453449752748
0.19,0.23,53538.46153846154,339.8959937822762
0.21,0.23,53538.46153846154,339.8959937822762
0.23,0.23,53538.46153846154,339.5453449752748
0.25,0.23,53538.46153846154,338.8457509313944
0.27,0.23,53538.46153846154,337.8006771644302
0.29,0.23,53538.46153846154,336.41546448989004
0.31,0.23,53538.46153846154,334.69749533896703
0.33,0.23,53538.46153846154,332.656423499978
0.35,0.23,53538.46153846154,330.30451771876324
0.37,0.23,53538.46153846154,327.6572737090813
0.39,0.23,53538.46153846154,324.734741742155
0.01,0.25,53538.46153846154,324.67548109070094
0.03,0.25,53538.46153846154,327.4816258006447
0.05,0.25,53538.46153846154,330.0183534678047
0.07,0.25,53538.46153846154,332.26861444691343
0.09,0.25,53538.46153846154,334.2192375606426
0.11,0.25,53538.46153846154,335.8597034137702
0.13,0.25,53538.46153846154,337.1816378621239
0.15,0.25,53538.46153846154,338.17856393329726
0.17,0.25,53538.46153846154,338.8457509313944
0.19,0.25,53538.46153846154,339.1801075204685
0.21,0.25,53538.46153846154,339.1801075204685
0.23,0.25,53538.46153846154,338.8457509313944
0.25,0.25,53538.46153846154,338.17856393329726
0.27,0.25,53538.46153846154,337.1816378621238
0.29,0.25,53538.46153846154,335.8597034137701
0.31,0.25,53538.46153846154,334.21923756064257
0.33,0.25,53538.46153846154,332.26861444691343
0.35,0.25,53538.46153846154,330.0183534678048
0.37,0.25,53538.46153846154,327.48162580064474
0.39,0.25,53538.46153846154,324.67548109070094
0.01,0.27,53538.46153846154,324.5866267337029
0.03,0.27,53538.46153846154,327.2183351578757
0.05,0.27,53538.46153846154,329.5896097469385
0.07,0.27,53538.46153846154,331.6879283475903
0.09,0.27,53538.46153846154,333.50356349758454
0.11,0.27,53538.46153846154,335.0285361467328
0.13,0.27,53538.46153846154,336.2562962246455
0.15,0.27,53538.46153846154,337.181637862124
0.17,0.27,53538.46153846154,337.8006771644303
0.19,0.27,53538.46153846154,338.11083822819273
0.21,0.27,53538.46153846154,338.11083822819273
0.23,0.27,53538.46153846154,337.8006771644302
0.25,0.27,53538.46153846154,337.18163786212386
0.27,0.27,53538.46153846154,336.25629622464544
0.29,0.27,53538.46153846154,335.02853614673273
0.31,0.27,53538.46153846154,333.5035634975845
0.33,0.27,53538.46153846154,331.68792834759034
0.35,0.27,53538.46153846154,329.5896097469386
0.37,0.27,53538.46153846154,327.21833515787574
0.39,0.27,53538.46153846154,324.5866267337029
0.01,0.29,53538.46153846154,324.46811085148244
0.03,0.29,53538.46153846154,326.8673394807648
0.05,0.29,53538.46153846154,329.0185522515568
0.07,0.29,53538.46153846154,330.9153016513567
0.09,0.29,53538.46153846154,332.55233022564687
0.11,0.29,53538.46153846154,333.92484937787947
0.13,0.29,53538.46153846154,335.02853614673285
0.15,0.29,53538.46153846154,335.8597034137703
0.17,0.29,53538.46153846154,336.41546448989016
0.19,0.29,53538.46153846154,336.6938450673597
0.21,0.29,53538.46153846154,336.6938450673597
0.23,0.29,53538.46153846154,336.4154644898901
0.25,0.29,53538.46153846154,335.8597034137702
0.27,0.29,53538.46153846154,335.02853614673273
0.29,0.29,53538.46153846154,333.9248493778794
0.31,0.29,53538.46153846154,332.55233022564687
0.33,0.29,53538.46153846154,330.9153016513567
0.35,0.29,53538.46153846154,329.01855225155686
0.37,0.29,53538.46153846154,326.8673394807649
0.39,0.29,53538.46153846154,324.46811085148244
0.01,0.31,53538.46153846154,324.3195979627717
0.03,0.31,53538.46153846154,326.42796417261326
0.05,0.31,53538.46153846154,328.3048490580862
0.07,0.31,53538.46153846154,329.95140073069604
0.09,0.31,53538.46153846154,331.36763340837825
0.11,0.31,53538.46153846154,332.5523302256469
0.13,0.31,53538.46153846154,333.5035634975846
0.15,0.31,53538.46153846154,334.21923756064274
0.17,0.31,53538.46153846154,334.6974953389672
0.19,0.31,53538.46153846154,334.93697958985115
0.21,0.31,53538.46153846154,334.93697958985103
0.23,0.31,53538.46153846154,334.69749533896703
0.25,0.31,53538.46153846154,334.2192375606426
0.27,0.31,53538.46153846154,333.5035634975845
0.29,0.31,53538.46153846154,332.55233022564687
0.31,0.31,53538.46153846154,331.36763340837825
0.33,0.31,53538.46153846154,329.95140073069604
0.35,0.31,53538.46153846154,328.3048490580862
0.37,0.31,53538.46153846154,326.42796417261326
0.39,0.31,53538.46153846154,324.3195979627717
0.01,0.33,53538.46153846154,324.1401059989776
0.03,0.33,53538.46153846154,325.8980951528115
0.05,0.33,53538.46153846154,327.44670208926186
0.07,0.33,53538.46153846154,328.7959490926948
0.09,0.33,53538.46153846154,329.95140073069604
0.11,0.33,53538.46153846154,330.91530165135674
0.13,0.33,53538.46153846154,331.6879283475904
0.15,0.33,53538.46153846154,332.26861444691355
0.17,0.33,53538.46153846154,332.65642349997813
0.19,0.33,53538.46153846154,332.85055262508183
0.21,0.33,53538.46153846154,332.8505526250818
0.23,0.33,53538.46153846154,332.656423499978
0.25,0.33,53538.46153846154,332.2686144469135
0.27,0.33,53538.46153846154,331.68792834759034
0.29,0.33,53538.46153846154,330.91530165135674
0.31,0.33,53538.46153846154,329.95140073069604
0.33,0.33,53538.46153846154,328.7959490926948
0.35,0.33,53538.46153846154,327.44670208926186
0.37,0.33,53538.46153846154,325.8980951528115
0.39,0.33,53538.46153846154,324.1401059989776
0.01,0.35,53538.46153846154,323.9271209986872
0.03,0.35,53538.46153846154,325.27253190964456
0.05,0.35,53538.46153846154,326.4393382179261
0.07,0.35,53538.46153846154,327.44670208926186
0.09,0.35,53538.46153846154,328.3048490580862
0.11,0.35,53538.46153846154,329.01855225155686
0.13,0.35,53538.46153846154,329.5896097469386
0.15,0.35,53538.46153846154,330.0183534678048
0.17,0.35,53538.46153846154,330.3045177187633
0.19,0.35,53538.46153846154,330.4477217757849
0.21,0.35,53538.46153846154,330.4477217757848
0.23,0.35,53538.46153846154,330.3045177187633
0.25,0.35,53538.46153846154,330.0183534678048
0.27,0.35,53538.46153846154,329.5896097469386
0.29,0.35,53538.46153846154,329.01855225155686
0.31,0.35,53538.46153846154,328.3048490580862
0.33,0.35,53538.46153846154,327.44670208926186
0.35,0.35,53538.46153846154,326.4393382179261
0.37,0.35,53538.46153846154,325.27253190964456
0.39,0.35,53538.46153846154,323.9271209986872
0.01,0.37,53538.46153846154,323.6742109475587
0.03,0.37,53538.46153846154,324.53960872339945
0.05,0.37,53538.46153846154,325.2725319096445
0.07,0.37,53538.46153846154,325.89809515281144
0.09,0.37,53538.46153846154,326.42796417261326
0.11,0.37,53538.46153846154,326.8673394807649
0.13,0.37,53538.46153846154,327.2183351578758
0.15,0.37,53538.46153846154,327.4816258006448
0.17,0.37,53538.46153846154,327.65727370908144
0.19,0.37,53538.46153846154,327.7451513300215
0.21,0.37,53538.46153846154,327.74515133002154
0.23,0.37,53538.46153846154,327.6572737090814
0.25,0.37,53538.46153846154,327.4816258006448
0.27,0.37,53538.46153846154,327.21833515787574
0.29,0.37,53538.46153846154,326.8673394807649
0.31,0.37,53538.46153846154,326.42796417261326
0.33,0.37,53538.46153846154,325.8980951528115
0.35,0.37,53538.46153846154,325.27253190964456
0.37,0.37,53538.46153846154,324.53960872339945
0.39,0.37,53538.46153846154,323.6742109475587
0.01,0.39,53538.46153846154,323.3634041694287
0.03,0.39,53538.46153846154,323.6742109475587
0.05,0.39,53538.46153846154,323.9271209986872
0.07,0.39,53538.46153846154,324.1401059989776
0.09,0.39,53538.46153846154,324.3195979627717
0.11,0.39,53538.46153846154,324.46811085148244
0.13,0.39,53538.46153846154,324.5866267337029
0.15,0.39,53538.46153846154,324.67548109070094
0.17,0.39,53538.46153846154,324.734741742155
0.19,0.39,53538.46153846154,324.7643862437893
0.21,0.39,53538.46153846154,324.7643862437893
0.23,0.39,53538.46153846154,324.734741742155
0.25,0.39,53538.46153846154,324.67548109070094
0.27,0.39,53538.46153846154,324.5866267337029
0.29,0.39,53538.46153846154,324.46811085148244
0.31,0.39,53538.46153846154,324.3195979627717
0.33,0.39,53538.46153846154,324.1401059989776
0.35,0.39,53538.46153846154,323.9271209986872
0.37,0.39,53538.46153846154,323.6742109475587
0.39,0.39,53538.46153846154,323.36340416942875
0.01,0.01,55384.61538461538,323.35195086978064
0.03,0.01,55384.61538461538,323.6450647490856
0.05,0.01,55384.61538461538,323.8830947059477
0.07,0.01,55384.61538461538,324.08331797449455
0.09,0.01,55384.61538461538,324.2519467113514
0.11,0.01,55384.61538461538,324.3914240782128
0.13,0.01,55384.61538461538,324.5027119538017
0.15,0.01,55384.61538461538,324.5861426759221
0.17,0.01,55384.61538461538,324.64178574115914
0.19,0.01,55384.61538461538,324.66962083753424
0.21,0.01,55384.61538461538,324.66962083753424
0.23,0.01,55384.61538461538,324.6417857411592
0.25,0.01,55384.61538461538,324.58614267592213
0.27,0.01,55384.61538461538,324.5027119538017
0.29,0.01,55384.61538461538,324.3914240782128
0.31,0.01,55384.61538461538,324.2519467113514
0.33,0.01,55384.61538461538,324.08331797449443
0.35,0.01,55384.61538461538,323.8830947059477
0.37,0.01,55384.61538461538,323.6450647490856
0.39,0.01,55384.61538461538,323.35195086978064
0.01,0.03,55384.61538461538,323.6450647490856
0.03,0.03,55384.61538461538,324.46054955085134
0.05,0.03,55384.61538461538,325.1501696946165
0.07,0.03,55384.61538461538,325.73821953997583
0.09,0.03,55384.61538461538,326.23604010236835
0.11,0.03,55384.61538461538,326.64872064638774
0.13,0.03,55384.61538461538,326.9783488782736
0.15,0.03,55384.61538461538,327.2256021942412
0.17,0.03,55384.61538461538,327.39055215137085
0.19,0.03,55384.61538461538,327.4730788342477
0.21,0.03,55384.61538461538,327.4730788342477
0.23,0.03,55384.61538461538,327.3905521513709
0.25,0.03,55384.61538461538,327.2256021942411
0.27,0.03,55384.61538461538,326.9783488782736
0.29,0.03,55384.61538461538,326.6487206463877
0.31,0.03,55384.61538461538,326.23604010236824
0.33,0.03,55384.61538461538,325.7382195399757
0.35,0.03,55384.61538461538,325.1501696946164
0.37,0.03,55384.61538461538,324.4605495508513
0.39,0.03,55384.61538461538,323.6450647490855
0.01,0.05,55384.61538461538,323.8830947059477
0.03,0.05,55384.61538461538,325.1501696946165
0.05,0.05,55384.61538461538,326.24776508665
0.07,0.05,55384.61538461538,327.1946711060956
0.09,0.05,55384.61538461538,328.0009679449727
0.11,0.05,55384.61538461538,328.6714043897032
0.13,0.05,55384.61538461538,329.20780089723337
0.15,0.05,55384.61538461538,329.61052057960046
0.17,0.05,55384.61538461538,329.8793227838642
0.19,0.05,55384.61538461538,330.0138422990223
0.21,0.05,55384.61538461538,330.0138422990223
0.23,0.05,55384.61538461538,329.8793227838642
0.25,0.05,55384.61538461538,329.61052057960046
0.27,0.05,55384.61538461538,329.2078008972333
0.29,0.05,55384.61538461538,328.6714043897032
0.31,0.05,55384.61538461538,328.0009679449726
0.33,0.05,55384.61538461538,327.19467110609554
0.35,0.05,55384.61538461538,326.2477650866499
0.37,0.05,55384.61538461538,325.15016969461647
0.39,0.05,55384.61538461538,323.8830947059477
0.01,0.07,55384.61538461538,324.0833179744945
0.03,0.07,55384.61538461538,325.73821953997583
0.05,0.07,55384.61538461538,327.1946711060956
0.07,0.07,55384.61538461538,328.46289794902606
0.09,0.07,55384.61538461538,329.5486278393648
0.11,0.07,55384.61538461538,330.4542474963651
0.13,0.07,55384.61538461538,331.18014554168434
0.15,0.07,55384.61538461538,331.7257338370645
0.17,0.07,55384.61538461538,332.09012392150095
0.19,0.07,55384.61538461538,332.27253833937857
0.21,0.07,55384.61538461538,332.27253833937857
0.23,0.07,55384.61538461538,332.090123921501
0.25,0.07,55384.61538461538,331.7257338370646
0.27,0.07,55384.61538461538,331.1801455416843
0.29,0.07,55384.61538461538,330.4542474963651
0.31,0.07,55384.61538461538,329.5486278393648
0.33,0.07,55384.61538461538,328.46289794902606
0.35,0.07,55384.61538461538,327.1946711060956
0.37,0.07,55384.61538461538,325.73821953997583
0.39,0.07,55384.61538461538,324.08331797449455
0.01,0.09,55384.61538461538,324.2519467113515
0.03,0.09,55384.61538461538,326.2360401023683
0.05,0.09,55384.61538461538,328.0009679449726
0.07,0.09,55384.61538461538,329.5486278393648
0.09,0.09,55384.61538461538,330.8795298620371
0.11,0.09,55384.61538461538,331.9927929698148
0.13,0.09,55384.61538461538,332.8867095333567
0.15,0.09,55384.61538461538,333.5593184371026
0.17,0.09,55384.61538461538,334.00883725120394
0.19,0.09,55384.61538461538,334.2339450577257
0.21,0.09,55384.61538461538,334.2339450577257
0.23,0.09,55384.61538461538,334.00883725120394
0.25,0.09,55384.61538461538,333.5593184371026
0.27,0.09,55384.61538461538,332.8867095333566
0.29,0.09,55384.61538461538,331.9927929698148
0.31,0.09,55384.61538461538,330.8795298620371
0.33,0.09,55384.61538461538,329.5486278393648
0.35,0.09,55384.61538461538,328.0009679449727
0.37,0.09,55384.61538461538,326.23604010236835
0.39,0.09,55384.61538461538,324.2519467113515
0.01,0.11,55384.61538461538,324.3914240782128
0.03,0.11,55384.61538461538,326.64872064638774
0.05,0.11,55384.61538461538,328.6714043897031
0.07,0.11,55384.61538461538,330.4542474963651
0.09,0.11,55384.61538461538,331.9927929698148
0.11,0.11,55384.61538461538,333.2827741610945
0.13,0.11,55384.61538461538,334.32019484104416
0.15,0.11,55384.61538461538,335.1015588213407
0.17,0.11,55384.61538461538,335.6240806474772
0.19,0.11,55384.61538461538,335.8858329957461
0.21,0.11,55384.61538461538,335.88583299574606
0.23,0.11,55384.61538461538,335.6240806474771
0.25,0.11,55384.61538461538,335.1015588213407
0.27,0.11,55384.61538461538,334.3201948410441
0.29,0.11,55384.61538461538,333.2827741610945
0.31,0.11,55384.61538461538,331.9927929698148
0.33,0.11,55384.61538461538,330.4542474963652
0.35,0.11,55384.61538461538,328.67140438970324
0.37,0.11,55384.61538461538,326.64872064638774
0.39,0.11,55384.61538461538,324.3914240782128
0.01,0.13,55384.61538461538,324.50271195380174
0.03,0.13,55384.61538461538,326.9783488782736
0.05,0.13,55384.61538461538,329.2078008972333
0.07,0.13,55384.61538461538,331.1801455416843
0.09,0.13,55384.61538461538,332.8867095333567
0.11,0.13,55384.61538461538,334.32019484104416
0.13,0.13,55384.61538461538,335.4744711187094
0.15,0.13,55384.61538461538,336.34457313377953
0.17,0.13,55384.61538461538,336.9267417632293
0.19,0.13,55384.61538461538,337.2184574651494
0.21,0.13,55384.61538461538,337.21845746514936
0.23,0.13,55384.61538461538,336.9267417632293
0.25,0.13,55384.61538461538,336.3445731337796
0.27,0.13,55384.61538461538,335.47447111870935
0.29,0.13,55384.61538461538,334.32019484104416
0.31,0.13,55384.61538461538,332.8867095333566
0.33,0.13,55384.61538461538,331.18014554168434
0.35,0.13,55384.61538461538,329.20780089723337
0.37,0.13,55384.61538461538,326.97834887827366
0.39,0.13,55384.61538461538,324.5027119538017
0.01,0.15,55384.61538461538,324.5861426759221
0.03,0.15,55384.61538461538,327.2256021942411
0.05,0.15,55384.61538461538,329.61052057960046
0.07,0.15,55384.61538461538,331.7257338370645
0.09,0.15,55384.61538461538,333.5593184371026
0.11,0.15,55384.61538461538,335.10155882134075
0.13,0.15,55384.61538461538,336.3445731337796
0.15,0.15,55384.61538461538,337.2821641433528
0.17,0.15,55384.61538461538,337.9097445051956
0.19,0.15,55384.61538461538,338.2242866383793
0.21,0.15,55384.61538461538,338.2242866383793
0.23,0.15,55384.61538461538,337.90974450519565
0.25,0.15,55384.61538461538,337.2821641433528
0.27,0.15,55384.61538461538,336.34457313377953
0.29,0.15,55384.61538461538,335.1015588213407
0.31,0.15,55384.61538461538,333.5593184371026
0.33,0.15,55384.61538461538,331.7257338370645
0.35,0.15,55384.61538461538,329.61052057960046
0.37,0.15,55384.61538461538,327.2256021942412
0.39,0.15,55384.61538461538,324.58614267592213
0.01,0.17,55384.61538461538,324.64178574115914
0.03,0.17,55384.61538461538,327.39055215137085
0.05,0.17,55384.61538461538,329.8793227838642
0.07,0.17,55384.61538461538,332.09012392150095
0.09,0.17,55384.61538461538,334.008837251204
0.11,0.17,55384.61538461538,335.6240806474772
0.13,0.17,55384.61538461538,336.9267417632293
0.15,0.17,55384.61538461538,337.90974450519565
0.17,0.17,55384.61538461538,338.56790407609304
0.19,0.17,55384.61538461538,338.89782375511345
0.21,0.17,55384.61538461538,338.8978237551135
0.23,0.17,55384.61538461538,338.56790407609304
0.25,0.17,55384.61538461538,337.90974450519565
0.27,0.17,55384.61538461538,336.9267417632293
0.29,0.17,55384.61538461538,335.6240806474772
0.31,0.17,55384.61538461538,334.008837251204
0.33,0.17,55384.61538461538,332.09012392150095
0.35,0.17,55384.61538461538,329.8793227838642
0.37,0.17,55384.61538461538,327.3905521513709
0.39,0.17,55384.61538461538,324.6417857411592
0.01,0.19,55384.61538461538,324.6696208375342
0.03,0.19,55384.61538461538,327.47307883424764
0.05,0.19,55384.61538461538,330.01384229902226
0.07,0.19,55384.61538461538,332.27253833937857
0.09,0.19,55384.61538461538,334.2339450577257
0.11,0.19,55384.61538461538,335.8858329957461
0.13,0.19,55384.61538461538,337.21845746514936
0.15,0.19,55384.61538461538,338.2242866383793
0.17,0.19,55384.61538461538,338.8978237551135
0.19,0.19,55384.61538461538,339.2354784593578
0.21,0.19,55384.61538461538,339.2354784593578
0.23,0.19,55384.61538461538,338.8978237551135
0.25,0.19,55384.61538461538,338.2242866383793
0.27,0.19,55384.61538461538,337.21845746514936
0.29,0.19,55384.61538461538,335.88583299574606
0.31,0.19,55384.61538461538,334.2339450577257
0.33,0.19,55384.61538461538,332.2725383393786
0.35,0.19,55384.61538461538,330.0138422990223
0.37,0.19,55384.61538461538,327.47307883424764
0.39,0.19,55384.61538461538,324.6696208375342
0.01,0.21,55384.61538461538,324.6696208375342
0.03,0.21,55384.61538461538,327.47307883424764
0.05,0.21,55384.61538461538,330.01384229902226
0.07,0.21,55384.61538461538,332.2725383393785
0.09,0.21,55384.61538461538,334.2339450577257
0.11,0.21,55384.61538461538,335.8858329957461
0.13,0.21,55384.61538461538,337.2184574651494
0.15,0.21,55384.61538461538,338.2242866383793
0.17,0.21,55384.61538461538,338.89782375511345
0.19,0.21,55384.61538461538,339.2354784593578
0.21,0.21,55384.61538461538,339.2354784593578
0.23,0.21,55384.61538461538,338.89782375511345
0.25,0.21,55384.61538461538,338.2242866383792
0.27,0.21,55384.61538461538,337.21845746514936
0.29,0.21,55384.61538461538,335.88583299574606
0.31,0.21,55384.61538461538,334.2339450577257
0.33,0.21,55384.61538461538,332.27253833937857
0.35,0.21,55384.61538461538,330.01384229902226
0.37,0.21,55384.61538461538,327.47307883424764
0.39,0.21,55384.61538461538,324.6696208375342
0.01,0.23,55384.61538461538,324.64178574115914
0.03,0.23,55384.61538461538,327.39055215137085
0.05,0.23,55384.61538461538,329.8793227838641
0.07,0.23,55384.61538461538,332.0901239215009
0.09,0.23,55384.61538461538,334.0088372512039
0.11,0.23,55384.61538461538,335.6240806474772
0.13,0.23,55384.61538461538,336.9267417632293
0.15,0.23,55384.61538461538,337.90974450519565
0.17,0.23,55384.61538461538,338.5679040760931
0.19,0.23,55384.61538461538,338.89782375511345
0.21,0.23,55384.61538461538,338.89782375511345
0.23,0.23,55384.61538461538,338.567904076093
0.25,0.23,55384.61538461538,337.9097445051956
0.27,0.23,55384.61538461538,336.9267417632293
0.29,0.23,55384.61538461538,335.62408064747706
0.31,0.23,55384.61538461538,334.0088372512039
0.33,0.23,55384.61538461538,332.09012392150095
0.35,0.23,55384.61538461538,329.8793227838642
0.37,0.23,55384.61538461538,327.39055215137085
0.39,0.23,55384.61538461538,324.64178574115914
0.01,0.25,55384.61538461538,324.5861426759221
0.03,0.25,55384.61538461538,327.22560219424105
0.05,0.25,55384.61538461538,329.6105205796004
0.07,0.25,55384.61538461538,331.72573383706447
0.09,0.25,55384.61538461538,333.55931843710255
0.11,0.25,55384.61538461538,335.1015588213407
0.13,0.25,55384.61538461538,336.3445731337796
0.15,0.25,55384.61538461538,337.2821641433529
0.17,0.25,55384.61538461538,337.9097445051957
0.19,0.25,55384.61538461538,338.2242866383793
0.21,0.25,55384.61538461538,338.2242866383792
0.23,0.25,55384.61538461538,337.9097445051956
0.25,0.25,55384.61538461538,337.2821641433528
0.27,0.25,55384.61538461538,336.3445731337794
0.29,0.25,55384.61538461538,335.10155882134063
0.31,0.25,55384.61538461538,333.55931843710255
0.33,0.25,55384.61538461538,331.72573383706447
0.35,0.25,55384.61538461538,329.6105205796004
0.37,0.25,55384.61538461538,327.2256021942411
0.39,0.25,55384.61538461538,324.5861426759221
0.01,0.27,55384.61538461538,324.5027119538016
0.03,0.27,55384.61538461538,326.9783488782735
0.05,0.27,55384.61538461538,329.20780089723326
0.07,0.27,55384.61538461538,331.1801455416842
0.09,0.27,55384.61538461538,332.8867095333566
0.11,0.27,55384.61538461538,334.32019484104416
0.13,0.27,55384.61538461538,335.4744711187094
0.15,0.27,55384.61538461538,336.3445731337796
0.17,0.27,55384.61538461538,336.92674176322936
0.19,0.27,55384.61538461538,337.2184574651494
0.21,0.27,55384.61538461538,337.2184574651494
0.23,0.27,55384.61538461538,336.9267417632293
0.25,0.27,55384.61538461538,336.3445731337795
0.27,0.27,55384.61538461538,335.4744711187093
0.29,0.27,55384.61538461538,334.320194841044
0.31,0.27,55384.61538461538,332.88670953335657
0.33,0.27,55384.61538461538,331.1801455416843
0.35,0.27,55384.61538461538,329.20780089723326
0.37,0.27,55384.61538461538,326.97834887827355
0.39,0.27,55384.61538461538,324.5027119538017
0.01,0.29,55384.61538461538,324.3914240782128
0.03,0.29,55384.61538461538,326.6487206463877
0.05,0.29,55384.61538461538,328.6714043897031
0.07,0.29,55384.61538461538,330.45424749636504
0.09,0.29,55384.61538461538,331.9927929698147
0.11,0.29,55384.61538461538,333.2827741610945
0.13,0.29,55384.61538461538,334.3201948410442
0.15,0.29,55384.61538461538,335.10155882134086
0.17,0.29,55384.61538461538,335.6240806474773
0.19,0.29,55384.61538461538,335.8858329957462
0.21,0.29,55384.61538461538,335.88583299574617
0.23,0.29,55384.61538461538,335.6240806474772
0.25,0.29,55384.61538461538,335.1015588213407
0.27,0.29,55384.61538461538,334.32019484104404
0.29,0.29,55384.61538461538,333.28277416109444
0.31,0.29,55384.61538461538,331.9927929698147
0.33,0.29,55384.61538461538,330.45424749636504
0.35,0.29,55384.61538461538,328.6714043897031
0.37,0.29,55384.61538461538,326.6487206463877
0.39,0.29,55384.61538461538,324.3914240782128
0.01,0.31,55384.61538461538,324.2519467113515
0.03,0.31,55384.61538461538,326.2360401023683
0.05,0.31,55384.61538461538,328.0009679449726
0.07,0.31,55384.61538461538,329.5486278393648
0.09,0.31,55384.61538461538,330.87952986203703
0.11,0.31,55384.61538461538,331.9927929698148
0.13,0.31,55384.61538461538,332.8867095333567
0.15,0.31,55384.61538461538,333.55931843710266
0.17,0.31,55384.61538461538,334.00883725120406
0.19,0.31,55384.61538461538,334.2339450577258
0.21,0.31,55384.61538461538,334.2339450577258
0.23,0.31,55384.61538461538,334.00883725120406
0.25,0.31,55384.61538461538,333.5593184371026
0.27,0.31,55384.61538461538,332.8867095333566
0.29,0.31,55384.61538461538,331.9927929698148
0.31,0.31,55384.61538461538,330.87952986203703
0.33,0.31,55384.61538461538,329.5486278393648
0.35,0.31,55384.61538461538,328.0009679449726
0.37,0.31,55384.61538461538,326.2360401023683
0.39,0.31,55384.61538461538,324.2519467113514
0.01,0.33,55384.61538461538,324.0833179744945
0.03,0.33,55384.61538461538,325.7382195399758
0.05,0.33,55384.61538461538,327.1946711060956
0.07,0.33,55384.61538461538,328.46289794902606
0.09,0.33,55384.61538461538,329.5486278393648
0.11,0.33,55384.61538461538,330.4542474963652
0.13,0.33,55384.61538461538,331.18014554168434
0.15,0.33,55384.61538461538,331.72573383706464
0.17,0.33,55384.61538461538,332.09012392150106
0.19,0.33,55384.61538461538,332.2725383393787
0.21,0.33,55384.61538461538,332.2725383393787
0.23,0.33,55384.61538461538,332.090123921501
0.25,0.33,55384.61538461538,331.7257338370645
0.27,0.33,55384.61538461538,331.1801455416843
0.29,0.33,55384.61538461538,330.4542474963651
0.31,0.33,55384.61538461538,329.5486278393648
0.33,0.33,55384.61538461538,328.462897949026
0.35,0.33,55384.61538461538,327.19467110609554
0.37,0.33,55384.61538461538,325.7382195399758
0.39,0.33,55384.61538461538,324.0833179744945
0.01,0.35,55384.61538461538,323.8830947059477
0.03,0.35,55384.61538461538,325.15016969461647
0.05,0.35,55384.61538461538,326.2477650866499
0.07,0.35,55384.61538461538,327.1946711060956
0.09,0.35,55384.61538461538,328.0009679449727
0.11,0.35,55384.61538461538,328.6714043897032
0.13,0.35,55384.61538461538,329.2078008972333
0.15,0.35,55384.61538461538,329.61052057960046
0.17,0.35,55384.61538461538,329.8793227838643
0.19,0.35,55384.61538461538,330.01384229902243
0.21,0.35,55384.61538461538,330.0138422990224
0.23,0.35,55384.61538461538,329.8793227838643
0.25,0.35,55384.61538461538,329.61052057960046
0.27,0.35,55384.61538461538,329.2078008972333
0.29,0.35,55384.61538461538,328.6714043897031
0.31,0.35,55384.61538461538,328.0009679449726
0.33,0.35,55384.61538461538,327.19467110609554
0.35,0.35,55384.61538461538,326.2477650866499
0.37,0.35,55384.61538461538,325.15016969461647
0.39,0.35,55384.61538461538,323.8830947059477
0.01,0.37,55384.61538461538,323.6450647490855
0.03,0.37,55384.61538461538,324.4605495508513
0.05,0.37,55384.61538461538,325.15016969461647
0.07,0.37,55384.61538461538,325.73821953997583
0.09,0.37,55384.61538461538,326.2360401023683
0.11,0.37,55384.61538461538,326.6487206463877
0.13,0.37,55384.61538461538,326.9783488782736
0.15,0.37,55384.61538461538,327.2256021942412
0.17,0.37,55384.61538461538,327.3905521513709
0.19,0.37,55384.61538461538,327.4730788342477
0.21,0.37,55384.61538461538,327.4730788342477
0.23,0.37,55384.61538461538,327.39055215137097
0.25,0.37,55384.61538461538,327.2256021942412
0.27,0.37,55384.61538461538,326.9783488782736
0.29,0.37,55384.61538461538,326.6487206463877
0.31,0.37,55384.61538461538,326.2360401023683
0.33,0.37,55384.61538461538,325.7382195399758
0.35,0.37,55384.61538461538,325.15016969461647
0.37,0.37,55384.61538461538,324.46054955085134
0.39,0.37,55384.61538461538,323.6450647490856
0.01,0.39,55384.61538461538,323.35195086978064
0.03,0.39,55384.61538461538,323.6450647490855
0.05,0.39,55384.61538461538,323.8830947059477
0.07,0.39,55384.61538461538,324.08331797449455
0.09,0.39,55384.61538461538,324.2519467113514
0.11,0.39,55384.61538461538,324.3914240782128
0.13,0.39,55384.61538461538,324.5027119538017
0.15,0.39,55384.61538461538,324.58614267592213
0.17,0.39,55384.61538461538,324.6417857411592
0.19,0.39,55384.61538461538,324.66962083753424
0.21,0.39,55384.61538461538,324.66962083753424
0.23,0.39,55384.61538461538,324.6417857411592
0.25,0.39,55384.61538461538,324.58614267592213
0.27,0.39,55384.61538461538,324.5027119538017
0.29,0.39,55384.61538461538,324.3914240782128
0.31,0.39,55384.61538461538,324.2519467113514
0.33,0.39,55384.61538461538,324.0833179744945
0.35,0.39,55384.61538461538,323.8830947059477
0.37,0.39,55384.61538461538,323.6450647490856
0.39,0.39,55384.61538461538,323.3519508697807
0.01,0.01,57230.769230769234,323.3412353011184
0.03,0.01,57230.769230769234,323.6177483955538
0.05,0.01,57230.769230769234,323.84178350420973
0.07,0.01,57230.769230769234,324.02997951611275
0.09,0.01,57230.769230769234,324.1883516546293
0.11,0.01,57230.769230769234,324.31928462474605
0.13,0.01,57230.769230769234,324.4237283418751
0.15,0.01,57230.769230769234,324.5020180707392
0.17,0.01,57230.769230769234,324.5542294663255
0.19,0.01,57230.769230769234,324.5803473566976
0.21,0.01,57230.769230769234,324.5803473566976
0.23,0.01,57230.769230769234,324.5542294663255
0.25,0.01,57230.769230769234,324.50201807073915
0.27,0.01,57230.769230769234,324.42372834187506
0.29,0.01,57230.769230769234,324.319284624746
0.31,0.01,57230.769230769234,324.1883516546293
0.33,0.01,57230.769230769234,324.02997951611275
0.35,0.01,57230.769230769234,323.84178350420973
0.37,0.01,57230.769230769234,323.61774839555375
0.39,0.01,57230.769230769234,323.3412353011183
0.01,0.03,57230.769230769234,323.6177483955538
0.03,0.03,57230.769230769234,324.3863611885366
0.05,0.03,57230.769230769234,325.0352334866138
0.07,0.03,57230.769230769234,325.5879152077284
0.09,0.03,57230.769230769234,326.055466574767
0.11,0.03,57230.769230769234,326.4428949734832
0.13,0.03,57230.769230769234,326.7522837534684
0.15,0.03,57230.769230769234,326.9843303343424
0.17,0.03,57230.769230769234,327.13912861751925
0.19,0.03,57230.769230769234,327.21657523667534
0.21,0.03,57230.769230769234,327.2165752366754
0.23,0.03,57230.769230769234,327.13912861751925
0.25,0.03,57230.769230769234,326.9843303343424
0.27,0.03,57230.769230769234,326.7522837534684
0.29,0.03,57230.769230769234,326.44289497348313
0.31,0.03,57230.769230769234,326.05546657476697
0.33,0.03,57230.769230769234,325.5879152077283
0.35,0.03,57230.769230769234,325.0352334866138
0.37,0.03,57230.769230769234,324.38636118853657
0.39,0.03,57230.769230769234,323.61774839555375
0.01,0.05,57230.769230769234,323.84178350420973
0.03,0.05,57230.769230769234,325.0352334866138
0.05,0.05,57230.769230769234,326.06765935620047
0.07,0.05,57230.769230769234,326.957531907232
0.09,0.05,57230.769230769234,327.71482974009706
0.11,0.05,57230.769230769234,328.3443142227509
0.13,0.05,57230.769230769234,328.84785996048345
0.15,0.05,57230.769230769234,329.22588807071577
0.17,0.05,57230.769230769234,329.4782041665848
0.19,0.05,57230.769230769234,329.60447331691057
0.21,0.05,57230.769230769234,329.60447331691057
0.23,0.05,57230.769230769234,329.4782041665848
0.25,0.05,57230.769230769234,329.22588807071577
0.27,0.05,57230.769230769234,328.84785996048345
0.29,0.05,57230.769230769234,328.3443142227509
0.31,0.05,57230.769230769234,327.71482974009706
0.33,0.05,57230.769230769234,326.957531907232
0.35,0.05,57230.769230769234,326.06765935620047
0.37,0.05,57230.769230769234,325.0352334866138
0.39,0.05,57230.769230769234,323.84178350420973
0.01,0.07,57230.769230769234,324.02997951611275
0.03,0.07,57230.769230769234,325.5879152077283
0.05,0.07,57230.769230769234,326.957531907232
0.07,0.07,57230.769230769234,328.14927693229464
0.09,0.07,57230.769230769234,329.16907467676504
0.11,0.07,57230.769230769234,330.0194922844566
0.13,0.07,57230.769230769234,330.7010690232862
0.15,0.07,57230.769230769234,331.2133301983731
0.17,0.07,57230.769230769234,331.55546440309973
0.19,0.07,57230.769230769234,331.72674028874184
0.21,0.07,57230.769230769234,331.72674028874184
0.23,0.07,57230.769230769234,331.5554644030998
0.25,0.07,57230.769230769234,331.2133301983732
0.27,0.07,57230.769230769234,330.7010690232861
0.29,0.07,57230.769230769234,330.01949228445653
0.31,0.07,57230.769230769234,329.16907467676504
0.33,0.07,57230.769230769234,328.14927693229464
0.35,0.07,57230.769230769234,326.95753190723207
0.37,0.07,57230.769230769234,325.5879152077284
0.39,0.07,57230.769230769234,324.0299795161128
0.01,0.09,57230.769230769234,324.1883516546293
0.03,0.09,57230.769230769234,326.05546657476697
0.05,0.09,57230.769230769234,327.714829740097
0.07,0.09,57230.769230769234,329.169074676765
0.09,0.09,57230.769230769234,330.419227638822
0.11,0.09,57230.769230769234,331.4647805704897
0.13,0.09,57230.769230769234,332.3042895357337
0.15,0.09,57230.769230769234,332.9359708176789
0.17,0.09,57230.769230769234,333.3581533125571
0.19,0.09,57230.769230769234,333.56957902651885
0.21,0.09,57230.769230769234,333.5695790265189
0.23,0.09,57230.769230769234,333.3581533125571
0.25,0.09,57230.769230769234,332.9359708176789
0.27,0.09,57230.769230769234,332.30428953573363
0.29,0.09,57230.769230769234,331.46478057048967
0.31,0.09,57230.769230769234,330.419227638822
0.33,0.09,57230.769230769234,329.1690746767651
0.35,0.09,57230.769230769234,327.71482974009706
0.37,0.09,57230.769230769234,326.0554665747671
0.39,0.09,57230.769230769234,324.18835165462934
0.01,0.11,57230.769230769234,324.31928462474605
0.03,0.11,57230.769230769234,326.44289497348313
0.05,0.11,57230.769230769234,328.3443142227508
0.07,0.11,57230.769230769234,330.01949228445653
0.09,0.11,57230.769230769234,331.4647805704897
0.11,0.11,57230.769230769234,332.6764698405067
0.13,0.11,57230.769230769234,333.6509386497277
0.15,0.11,57230.769230769234,334.3849316574924
0.17,0.11,57230.769230769234,334.8758085604633
0.19,0.11,57230.769230769234,335.1217213195761
0.21,0.11,57230.769230769234,335.12172131957607
0.23,0.11,57230.769230769234,334.8758085604633
0.25,0.11,57230.769230769234,334.3849316574924
0.27,0.11,57230.769230769234,333.65093864972766
0.29,0.11,57230.769230769234,332.6764698405067
0.31,0.11,57230.769230769234,331.46478057048967
0.33,0.11,57230.769230769234,330.0194922844566
0.35,0.11,57230.769230769234,328.34431422275094
0.37,0.11,57230.769230769234,326.44289497348313
0.39,0.11,57230.769230769234,324.31928462474605
0.01,0.13,57230.769230769234,324.4237283418752
0.03,0.13,57230.769230769234,326.7522837534684
0.05,0.13,57230.769230769234,328.84785996048345
0.07,0.13,57230.769230769234,330.7010690232862
0.09,0.13,57230.769230769234,332.30428953573374
0.11,0.13,57230.769230769234,333.6509386497277
0.13,0.13,57230.769230769234,334.7353577953091
0.15,0.13,57230.769230769234,335.55287865824675
0.17,0.13,57230.769230769234,336.09991733440165
0.19,0.13,57230.769230769234,336.3740481034509
0.21,0.13,57230.769230769234,336.3740481034509
0.23,0.13,57230.769230769234,336.09991733440165
0.25,0.13,57230.769230769234,335.5528786582467
0.27,0.13,57230.769230769234,334.7353577953091
0.29,0.13,57230.769230769234,333.6509386497277
0.31,0.13,57230.769230769234,332.3042895357337
0.33,0.13,57230.769230769234,330.7010690232862
0.35,0.13,57230.769230769234,328.84785996048345
0.37,0.13,57230.769230769234,326.7522837534684
0.39,0.13,57230.769230769234,324.42372834187506
0.01,0.15,57230.769230769234,324.5020180707392
0.03,0.15,57230.769230769234,326.9843303343424
0.05,0.15,57230.769230769234,329.22588807071577
0.07,0.15,57230.769230769234,331.2133301983732
0.09,0.15,57230.769230769234,332.9359708176789
0.11,0.15,57230.769230769234,334.3849316574924
0.13,0.15,57230.769230769234,335.55287865824675
0.15,0.15,57230.769230769234,336.4339559229145
0.17,0.15,57230.769230769234,337.0237753154163
0.19,0.15,57230.769230769234,337.3194147334009
0.21,0.15,57230.769230769234,337.3194147334009
0.23,0.15,57230.769230769234,337.0237753154163
0.25,0.15,57230.769230769234,336.4339559229145
0.27,0.15,57230.769230769234,335.5528786582467
0.29,0.15,57230.769230769234,334.3849316574924
0.31,0.15,57230.769230769234,332.9359708176788
0.33,0.15,57230.769230769234,331.2133301983731
0.35,0.15,57230.769230769234,329.22588807071577
0.37,0.15,57230.769230769234,326.9843303343424
0.39,0.15,57230.769230769234,324.5020180707392
0.01,0.17,57230.769230769234,324.5542294663256
0.03,0.17,57230.769230769234,327.13912861751925
0.05,0.17,57230.769230769234,329.4782041665847
0.07,0.17,57230.769230769234,331.55546440309973
0.09,0.17,57230.769230769234,333.3581533125571
0.11,0.17,57230.769230769234,334.8758085604633
0.13,0.17,57230.769230769234,336.09991733440165
0.15,0.17,57230.769230769234,337.0237753154163
0.17,0.17,57230.769230769234,337.642413461954
0.19,0.17,57230.769230769234,337.9525486155907
0.21,0.17,57230.769230769234,337.9525486155907
0.23,0.17,57230.769230769234,337.642413461954
0.25,0.17,57230.769230769234,337.0237753154163
0.27,0.17,57230.769230769234,336.0999173344016
0.29,0.17,57230.769230769234,334.87580856046327
0.31,0.17,57230.769230769234,333.358153312557
0.33,0.17,57230.769230769234,331.55546440309973
0.35,0.17,57230.769230769234,329.4782041665848
0.37,0.17,57230.769230769234,327.13912861751925
0.39,0.17,57230.769230769234,324.5542294663256
0.01,0.19,57230.769230769234,324.5803473566975
0.03,0.19,57230.769230769234,327.2165752366753
0.05,0.19,57230.769230769234,329.60447331691046
0.07,0.19,57230.769230769234,331.7267402887418
0.09,0.19,57230.769230769234,333.56957902651885
0.11,0.19,57230.769230769234,335.12172131957607
0.13,0.19,57230.769230769234,336.37404810345095
0.15,0.19,57230.769230769234,337.3194147334009
0.17,0.19,57230.769230769234,337.9525486155908
0.19,0.19,57230.769230769234,338.26997707967803
0.21,0.19,57230.769230769234,338.26997707967803
0.23,0.19,57230.769230769234,337.9525486155907
0.25,0.19,57230.769230769234,337.31941473340083
0.27,0.19,57230.769230769234,336.37404810345083
0.29,0.19,57230.769230769234,335.121721319576
0.31,0.19,57230.769230769234,333.56957902651885
0.33,0.19,57230.769230769234,331.72674028874184
0.35,0.19,57230.769230769234,329.6044733169105
0.37,0.19,57230.769230769234,327.2165752366753
0.39,0.19,57230.769230769234,324.5803473566976
0.01,0.21,57230.769230769234,324.5803473566976
0.03,0.21,57230.769230769234,327.2165752366753
0.05,0.21,57230.769230769234,329.6044733169105
0.07,0.21,57230.769230769234,331.72674028874184
0.09,0.21,57230.769230769234,333.56957902651885
0.11,0.21,57230.769230769234,335.12172131957607
0.13,0.21,57230.769230769234,336.37404810345095
0.15,0.21,57230.769230769234,337.31941473340095
0.17,0.21,57230.769230769234,337.9525486155908
0.19,0.21,57230.769230769234,338.26997707967803
0.21,0.21,57230.769230769234,338.26997707967803
0.23,0.21,57230.769230769234,337.9525486155907
0.25,0.21,57230.769230769234,337.31941473340083
0.27,0.21,57230.769230769234,336.3740481034508
0.29,0.21,57230.769230769234,335.12172131957595
0.31,0.21,57230.769230769234,333.56957902651885
0.33,0.21,57230.769230769234,331.7267402887418
0.35,0.21,57230.769230769234,329.6044733169105
0.37,0.21,57230.769230769234,327.2165752366753
0.39,0.21,57230.769230769234,324.5803473566975
0.01,0.23,57230.769230769234,324.5542294663255
0.03,0.23,57230.769230769234,327.13912861751925
0.05,0.23,57230.769230769234,329.4782041665847
0.07,0.23,57230.769230769234,331.55546440309973
0.09,0.23,57230.769230769234,333.358153312557
0.11,0.23,57230.769230769234,334.87580856046327
0.13,0.23,57230.769230769234,336.0999173344016
0.15,0.23,57230.769230769234,337.0237753154163
0.17,0.23,57230.769230769234,337.64241346195405
0.19,0.23,57230.769230769234,337.9525486155907
0.21,0.23,57230.769230769234,337.9525486155907
0.23,0.23,57230.769230769234,337.642413461954
0.25,0.23,57230.769230769234,337.02377531541623
0.27,0.23,57230.769230769234,336.09991733440154
0.29,0.23,57230.769230769234,334.8758085604632
0.31,0.23,57230.769230769234,333.35815331255696
0.33,0.23,57230.769230769234,331.5554644030997
0.35,0.23,57230.769230769234,329.4782041665848
0.37,0.23,57230.769230769234,327.13912861751925
0.39,0.23,57230.769230769234,324.5542294663256
0.01,0.25,57230.769230769234,324.5020180707392
0.03,0.25,57230.769230769234,326.9843303343424
0.05,0.25,57230.769230769234,329.22588807071577
0.07,0.25,57230.769230769234,331.2133301983732
0.09,0.25,57230.769230769234,332.9359708176789
0.11,0.25,57230.769230769234,334.3849316574924
0.13,0.25,57230.769230769234,335.55287865824675
0.15,0.25,57230.769230769234,336.4339559229145
0.17,0.25,57230.769230769234,337.02377531541634
0.19,0.25,57230.769230769234,337.3194147334009
0.21,0.25,57230.769230769234,337.3194147334009
0.23,0.25,57230.769230769234,337.0237753154163
0.25,0.25,57230.769230769234,336.4339559229145
0.27,0.25,57230.769230769234,335.5528786582467
0.29,0.25,57230.769230769234,334.38493165749225
0.31,0.25,57230.769230769234,332.9359708176788
0.33,0.25,57230.769230769234,331.2133301983731
0.35,0.25,57230.769230769234,329.22588807071577
0.37,0.25,57230.769230769234,326.9843303343424
0.39,0.25,57230.769230769234,324.5020180707392
0.01,0.27,57230.769230769234,324.4237283418751
0.03,0.27,57230.769230769234,326.7522837534684
0.05,0.27,57230.769230769234,328.8478599604834
0.07,0.27,57230.769230769234,330.7010690232862
0.09,0.27,57230.769230769234,332.30428953573363
0.11,0.27,57230.769230769234,333.65093864972766
0.13,0.27,57230.769230769234,334.735357795309
0.15,0.27,57230.769230769234,335.5528786582467
0.17,0.27,57230.769230769234,336.0999173344017
0.19,0.27,57230.769230769234,336.3740481034509
0.21,0.27,57230.769230769234,336.37404810345095
0.23,0.27,57230.769230769234,336.09991733440165
0.25,0.27,57230.769230769234,335.5528786582467
0.27,0.27,57230.769230769234,334.735357795309
0.29,0.27,57230.769230769234,333.65093864972755
0.31,0.27,57230.769230769234,332.30428953573363
0.33,0.27,57230.769230769234,330.7010690232861
0.35,0.27,57230.769230769234,328.84785996048345
0.37,0.27,57230.769230769234,326.7522837534684
0.39,0.27,57230.769230769234,324.4237283418751
0.01,0.29,57230.769230769234,324.31928462474605
0.03,0.29,57230.769230769234,326.4428949734832
0.05,0.29,57230.769230769234,328.3443142227509
0.07,0.29,57230.769230769234,330.0194922844566
0.09,0.29,57230.769230769234,331.46478057048967
0.11,0.29,57230.769230769234,332.6764698405067
0.13,0.29,57230.769230769234,333.6509386497277
0.15,0.29,57230.769230769234,334.3849316574924
0.17,0.29,57230.769230769234,334.8758085604634
0.19,0.29,57230.769230769234,335.1217213195761
0.21,0.29,57230.769230769234,335.1217213195761
0.23,0.29,57230.769230769234,334.8758085604633
0.25,0.29,57230.769230769234,334.3849316574924
0.27,0.29,57230.769230769234,333.65093864972766
0.29,0.29,57230.769230769234,332.67646984050657
0.31,0.29,57230.769230769234,331.4647805704896
0.33,0.29,57230.769230769234,330.0194922844565
0.35,0.29,57230.769230769234,328.3443142227508
0.37,0.29,57230.769230769234,326.44289497348313
0.39,0.29,57230.769230769234,324.31928462474605
0.01,0.31,57230.769230769234,324.18835165462934
0.03,0.31,57230.769230769234,326.055466574767
0.05,0.31,57230.769230769234,327.71482974009706
0.07,0.31,57230.769230769234,329.16907467676504
0.09,0.31,57230.769230769234,330.419227638822
0.11,0.31,57230.769230769234,331.46478057048967
0.13,0.31,57230.769230769234,332.30428953573374
0.15,0.31,57230.769230769234,332.9359708176789
0.17,0.31,57230.769230769234,333.35815331255714
0.19,0.31,57230.769230769234,333.569579026519
0.21,0.31,57230.769230769234,333.569579026519
0.23,0.31,57230.769230769234,333.3581533125571
0.25,0.31,57230.769230769234,332.9359708176788
0.27,0.31,57230.769230769234,332.30428953573363
0.29,0.31,57230.769230769234,331.4647805704896
0.31,0.31,57230.769230769234,330.41922763882195
0.33,0.31,57230.769230769234,329.1690746767649
0.35,0.31,57230.769230769234,327.71482974009695
0.37,0.31,57230.769230769234,326.05546657476697
0.39,0.31,57230.769230769234,324.18835165462934
0.01,0.33,57230.769230769234,324.02997951611275
0.03,0.33,57230.769230769234,325.5879152077284
0.05,0.33,57230.769230769234,326.957531907232
0.07,0.33,57230.769230769234,328.14927693229464
0.09,0.33,57230.769230769234,329.16907467676504
0.11,0.33,57230.769230769234,330.0194922844566
0.13,0.33,57230.769230769234,330.70106902328627
0.15,0.33,57230.769230769234,331.2133301983732
0.17,0.33,57230.769230769234,331.55546440309985
0.19,0.33,57230.769230769234,331.72674028874195
0.21,0.33,57230.769230769234,331.7267402887419
0.23,0.33,57230.769230769234,331.55546440309973
0.25,0.33,57230.769230769234,331.2133301983731
0.27,0.33,57230.769230769234,330.7010690232861
0.29,0.33,57230.769230769234,330.01949228445653
0.31,0.33,57230.769230769234,329.169074676765
0.33,0.33,57230.769230769234,328.1492769322946
0.35,0.33,57230.769230769234,326.9575319072319
0.37,0.33,57230.769230769234,325.5879152077283
0.39,0.33,57230.769230769234,324.02997951611275
0.01,0.35,57230.769230769234,323.84178350420973
0.03,0.35,57230.769230769234,325.0352334866137
0.05,0.35,57230.769230769234,326.0676593562004
0.07,0.35,57230.769230769234,326.957531907232
0.09,0.35,57230.769230769234,327.71482974009706
0.11,0.35,57230.769230769234,328.34431422275094
0.13,0.35,57230.769230769234,328.84785996048345
0.15,0.35,57230.769230769234,329.2258880707159
0.17,0.35,57230.769230769234,329.4782041665849
0.19,0.35,57230.769230769234,329.6044733169107
0.21,0.35,57230.769230769234,329.6044733169106
0.23,0.35,57230.769230769234,329.4782041665848
0.25,0.35,57230.769230769234,329.2258880707158
0.27,0.35,57230.769230769234,328.8478599604834
0.29,0.35,57230.769230769234,328.3443142227508
0.31,0.35,57230.769230769234,327.714829740097
0.33,0.35,57230.769230769234,326.95753190723195
0.35,0.35,57230.769230769234,326.0676593562004
0.37,0.35,57230.769230769234,325.0352334866137
0.39,0.35,57230.769230769234,323.84178350420973
0.01,0.37,57230.769230769234,323.6177483955538
0.03,0.37,57230.769230769234,324.38636118853657
0.05,0.37,57230.769230769234,325.0352334866138
0.07,0.37,57230.769230769234,325.5879152077284
0.09,0.37,57230.769230769234,326.055466574767
0.11,0.37,57230.769230769234,326.44289497348313
0.13,0.37,57230.769230769234,326.7522837534684
0.15,0.37,57230.769230769234,326.9843303343425
0.17,0.37,57230.769230769234,327.13912861751936
0.19,0.37,57230.769230769234,327.2165752366754
0.21,0.37,57230.769230769234,327.2165752366754
0.23,0.37,57230.769230769234,327.13912861751936
0.25,0.37,57230.769230769234,326.9843303343424
0.27,0.37,57230.769230769234,326.7522837534684
0.29,0.37,57230.769230769234,326.44289497348313
0.31,0.37,57230.769230769234,326.055466574767
0.33,0.37,57230.769230769234,325.5879152077283
0.35,0.37,57230.769230769234,325.0352334866137
0.37,0.37,57230.769230769234,324.3863611885365
0.39,0.37,57230.769230769234,323.61774839555375
0.01,0.39,57230.769230769234,323.3412353011184
0.03,0.39,57230.769230769234,323.6177483955538
0.05,0.39,57230.769230769234,323.84178350420973
0.07,0.39,57230.769230769234,324.02997951611275
0.09,0.39,57230.769230769234,324.18835165462934
0.11,0.39,57230.769230769234,324.31928462474605
0.13,0.39,57230.769230769234,324.4237283418751
0.15,0.39,57230.769230769234,324.5020180707392
0.17,0.39,57230.769230769234,324.5542294663256
0.19,0.39,57230.769230769234,324.5803473566976
0.21,0.39,57230.769230769234,324.5803473566976
0.23,0.39,57230.769230769234,324.55422946632564
0.25,0.39,57230.769230769234,324.5020180707392
0.27,0.39,57230.769230769234,324.42372834187506
0.29,0.39,57230.769230769234,324.319284624746
0.31,0.39,57230.769230769234,324.1883516546293
0.33,0.39,57230.769230769234,324.02997951611275
0.35,0.39,57230.769230769234,323.84178350420973
0.37,0.39,57230.769230769234,323.61774839555375
0.39,0.39,57230.769230769234,323.3412353011184
0.01,0.01,59076.92307692308,323.3312127421765
0.03,0.01,59076.92307692308,323.59216641463735
0.05,0.01,59076.92307692308,323.8030603666031
0.07,0.01,59076.92307692308,323.97994381147294
0.09,0.01,59076.92307692308,324.12865404317154
0.11,0.01,59076.92307692308,324.2515270561793
0.13,0.01,59076.92307692308,324.3495071360618
0.15,0.01,59076.92307692308,324.4229371495357
0.17,0.01,59076.92307692308,324.4719024048214
0.19,0.01,59076.92307692308,324.49639524798323
0.21,0.01,59076.92307692308,324.49639524798323
0.23,0.01,59076.92307692308,324.47190240482144
0.25,0.01,59076.92307692308,324.42293714953576
0.27,0.01,59076.92307692308,324.3495071360618
0.29,0.01,59076.92307692308,324.2515270561793
0.31,0.01,59076.92307692308,324.12865404317154
0.33,0.01,59076.92307692308,323.97994381147294
0.35,0.01,59076.92307692308,323.8030603666031
0.37,0.01,59076.92307692308,323.5921664146373
0.39,0.01,59076.92307692308,323.3312127421765
0.01,0.03,59076.92307692308,323.59216641463735
0.03,0.03,59076.92307692308,324.3168188578316
0.05,0.03,59076.92307692308,324.9274128187659
0.07,0.03,59076.92307692308,325.4468168624363
0.09,0.03,59076.92307692308,325.88584522556306
0.11,0.03,59076.92307692308,326.24944587514454
0.13,0.03,59076.92307692308,326.5397144925262
0.15,0.03,59076.92307692308,326.7573817174366
0.17,0.03,59076.92307692308,326.9025739993558
0.19,0.03,59076.92307692308,326.9752115791177
0.21,0.03,59076.92307692308,326.9752115791177
0.23,0.03,59076.92307692308,326.90257399935587
0.25,0.03,59076.92307692308,326.7573817174366
0.27,0.03,59076.92307692308,326.5397144925262
0.29,0.03,59076.92307692308,326.2494458751445
0.31,0.03,59076.92307692308,325.885845225563
0.33,0.03,59076.92307692308,325.4468168624363
0.35,0.03,59076.92307692308,324.9274128187659
0.37,0.03,59076.92307692308,324.3168188578316
0.39,0.03,59076.92307692308,323.59216641463735
0.01,0.05,59076.92307692308,323.8030603666031
0.03,0.05,59076.92307692308,324.9274128187659
0.05,0.05,59076.92307692308,325.89858527748885
0.07,0.05,59076.92307692308,326.7347682111658
0.09,0.05,59076.92307692308,327.4458704515948
0.11,0.05,59076.92307692308,328.0366927752749
0.13,0.05,59076.92307692308,328.5091874623711
0.15,0.05,59076.92307692308,328.8638540205506
0.17,0.05,59076.92307692308,329.10056085502475
0.19,0.05,59076.92307692308,329.2190150236175
0.21,0.05,59076.92307692308,329.21901502361754
0.23,0.05,59076.92307692308,329.1005608550248
0.25,0.05,59076.92307692308,328.8638540205506
0.27,0.05,59076.92307692308,328.5091874623711
0.29,0.05,59076.92307692308,328.0366927752749
0.31,0.05,59076.92307692308,327.4458704515948
0.33,0.05,59076.92307692308,326.73476821116583
0.35,0.05,59076.92307692308,325.8985852774889
0.37,0.05,59076.92307692308,324.9274128187659
0.39,0.05,59076.92307692308,323.8030603666031
0.01,0.07,59076.92307692308,323.979943811473
0.03,0.07,59076.92307692308,325.4468168624364
0.05,0.07,59076.92307692308,326.7347682111658
0.07,0.07,59076.92307692308,327.854473557187
0.09,0.07,59076.92307692308,328.812073912324
0.11,0.07,59076.92307692308,329.61034273449457
0.13,0.07,59076.92307692308,330.2499977133856
0.15,0.07,59076.92307692308,330.7307041347881
0.17,0.07,59076.92307692308,331.0517502333327
0.19,0.07,59076.92307692308,331.2124671661836
0.21,0.07,59076.92307692308,331.2124671661836
0.23,0.07,59076.92307692308,331.0517502333327
0.25,0.07,59076.92307692308,330.7307041347881
0.27,0.07,59076.92307692308,330.24999771338565
0.29,0.07,59076.92307692308,329.6103427344945
0.31,0.07,59076.92307692308,328.8120739123241
0.33,0.07,59076.92307692308,327.8544735571871
0.35,0.07,59076.92307692308,326.73476821116583
0.37,0.07,59076.92307692308,325.4468168624364
0.39,0.07,59076.92307692308,323.97994381147294
0.01,0.09,59076.92307692308,324.1286540431716
0.03,0.09,59076.92307692308,325.88584522556306
0.05,0.09,59076.92307692308,327.4458704515948
0.07,0.09,59076.92307692308,328.812073912324
0.09,0.09,59076.92307692308,329.9860040506261
0.11,0.09,59076.92307692308,330.9675486202448
0.13,0.09,59076.92307692308,331.7555580611553
0.15,0.09,59076.92307692308,332.3484581144827
0.17,0.09,59076.92307692308,332.74471744381395
0.19,0.09,59076.92307692308,332.94316205375696
0.21,0.09,59076.92307692308,332.94316205375696
0.23,0.09,59076.92307692308,332.74471744381407
0.25,0.09,59076.92307692308,332.3484581144827
0.27,0.09,59076.92307692308,331.7555580611553
0.29,0.09,59076.92307692308,330.9675486202448
0.31,0.09,59076.92307692308,329.9860040506261
0.33,0.09,59076.92307692308,328.812073912324
0.35,0.09,59076.92307692308,327.4458704515948
0.37,0.09,59076.92307692308,325.88584522556306
0.39,0.09,59076.92307692308,324.12865404317154
0.01,0.11,59076.92307692308,324.2515270561793
0.03,0.11,59076.92307692308,326.24944587514454
0.05,0.11,59076.92307692308,328.03669277527484
0.07,0.11,59076.92307692308,329.6103427344945
0.09,0.11,59076.92307692308,330.9675486202448
0.11,0.11,59076.92307692308,332.1051781477567
0.13,0.11,59076.92307692308,333.02001776754304
0.15,0.11,59076.92307692308,333.70909013120144
0.17,0.11,59076.92307692308,334.16993407340124
0.19,0.11,59076.92307692308,334.4008063998217
0.21,0.11,59076.92307692308,334.40080639982176
0.23,0.11,59076.92307692308,334.16993407340124
0.25,0.11,59076.92307692308,333.70909013120144
0.27,0.11,59076.92307692308,333.02001776754304
0.29,0.11,59076.92307692308,332.10517814775665
0.31,0.11,59076.92307692308,330.9675486202448
0.33,0.11,59076.92307692308,329.6103427344945
0.35,0.11,59076.92307692308,328.0366927752749
0.37,0.11,59076.92307692308,326.24944587514454
0.39,0.11,59076.92307692308,324.25152705617927
0.01,0.13,59076.92307692308,324.3495071360618
0.03,0.13,59076.92307692308,326.5397144925262
0.05,0.13,59076.92307692308,328.509187462371
0.07,0.13,59076.92307692308,330.2499977133856
0.09,0.13,59076.92307692308,331.7555580611553
0.11,0.13,59076.92307692308,333.0200177675431
0.13,0.13,59076.92307692308,334.0382254119435
0.15,0.13,59076.92307692308,334.80585133450734
0.17,0.13,59076.92307692308,335.31952583339944
0.19,0.13,59076.92307692308,335.5769466164632
0.21,0.13,59076.92307692308,335.57694661646315
0.23,0.13,59076.92307692308,335.31952583339944
0.25,0.13,59076.92307692308,334.80585133450734
0.27,0.13,59076.92307692308,334.0382254119434
0.29,0.13,59076.92307692308,333.020017767543
0.31,0.13,59076.92307692308,331.7555580611552
0.33,0.13,59076.92307692308,330.2499977133856
0.35,0.13,59076.92307692308,328.509187462371
0.37,0.13,59076.92307692308,326.5397144925261
0.39,0.13,59076.92307692308,324.3495071360618
0.01,0.15,59076.92307692308,324.42293714953576
0.03,0.15,59076.92307692308,326.7573817174366
0.05,0.15,59076.92307692308,328.86385402055055
0.07,0.15,59076.92307692308,330.730704134788
0.09,0.15,59076.92307692308,332.3484581144827
0.11,0.15,59076.92307692308,333.7090901312015
0.13,0.15,59076.92307692308,334.80585133450734
0.15,0.15,59076.92307692308,335.63327274747826
0.17,0.15,59076.92307692308,336.1872085640452
0.19,0.15,59076.92307692308,336.4648751033918
0.21,0.15,59076.92307692308,336.4648751033918
0.23,0.15,59076.92307692308,336.1872085640452
0.25,0.15,59076.92307692308,335.6332727474782
0.27,0.15,59076.92307692308,334.8058513345073
0.29,0.15,59076.92307692308,333.7090901312013
0.31,0.15,59076.92307692308,332.3484581144826
0.33,0.15,59076.92307692308,330.730704134788
0.35,0.15,59076.92307692308,328.86385402055055
0.37,0.15,59076.92307692308,326.7573817174366
0.39,0.15,59076.92307692308,324.42293714953576
0.01,0.17,59076.92307692308,324.4719024048214
0.03,0.17,59076.92307692308,326.90257399935587
0.05,0.17,59076.92307692308,329.1005608550248
0.07,0.17,59076.92307692308,331.05175023333265
0.09,0.17,59076.92307692308,332.74471744381395
0.11,0.17,59076.92307692308,334.16993407340124
0.13,0.17,59076.92307692308,335.3195258333994
0.15,0.17,59076.92307692308,336.1872085640452
0.17,0.17,59076.92307692308,336.76827506806046
0.19,0.17,59076.92307692308,337.05959107269905
0.21,0.17,59076.92307692308,337.059591072699
0.23,0.17,59076.92307692308,336.7682750680604
0.25,0.17,59076.92307692308,336.18720856404514
0.27,0.17,59076.92307692308,335.3195258333993
0.29,0.17,59076.92307692308,334.16993407340107
0.31,0.17,59076.92307692308,332.7447174438139
0.33,0.17,59076.92307692308,331.05175023333265
0.35,0.17,59076.92307692308,329.10056085502475
0.37,0.17,59076.92307692308,326.9025739993558
0.39,0.17,59076.92307692308,324.4719024048214
0.01,0.19,59076.92307692308,324.49639524798323
0.03,0.19,59076.92307692308,326.9752115791177
0.05,0.19,59076.92307692308,329.2190150236175
0.07,0.19,59076.92307692308,331.2124671661836
0.09,0.19,59076.92307692308,332.9431620537569
0.11,0.19,59076.92307692308,334.4008063998217
0.13,0.19,59076.92307692308,335.57694661646315
0.15,0.19,59076.92307692308,336.4648751033919
0.17,0.19,59076.92307692308,337.05959107269905
0.19,0.19,59076.92307692308,337.3577761026749
0.21,0.19,59076.92307692308,337.3577761026749
0.23,0.19,59076.92307692308,337.059591072699
0.25,0.19,59076.92307692308,336.4648751033917
0.27,0.19,59076.92307692308,335.57694661646303
0.29,0.19,59076.92307692308,334.40080639982153
0.31,0.19,59076.92307692308,332.9431620537568
0.33,0.19,59076.92307692308,331.2124671661835
0.35,0.19,59076.92307692308,329.2190150236175
0.37,0.19,59076.92307692308,326.9752115791177
0.39,0.19,59076.92307692308,324.49639524798323
0.01,0.21,59076.92307692308,324.49639524798323
0.03,0.21,59076.92307692308,326.9752115791177
0.05,0.21,59076.92307692308,329.2190150236175
0.07,0.21,59076.92307692308,331.2124671661836
0.09,0.21,59076.92307692308,332.94316205375685
0.11,0.21,59076.92307692308,334.4008063998217
0.13,0.21,59076.92307692308,335.57694661646315
0.15,0.21,59076.92307692308,336.4648751033919
0.17,0.21,59076.92307692308,337.05959107269905
0.19,0.21,59076.92307692308,337.35777610267485
0.21,0.21,59076.92307692308,337.35777610267485
0.23,0.21,59076.92307692308,337.059591072699
0.25,0.21,59076.92307692308,336.46487510339176
0.27,0.21,59076.92307692308,335.576946616463
0.29,0.21,59076.92307692308,334.40080639982153
0.31,0.21,59076.92307692308,332.9431620537568
0.33,0.21,59076.92307692308,331.2124671661835
0.35,0.21,59076.92307692308,329.2190150236175
0.37,0.21,59076.92307692308,326.9752115791177
0.39,0.21,59076.92307692308,324.49639524798323
0.01,0.23,59076.92307692308,324.47190240482144
0.03,0.23,59076.92307692308,326.9025739993558
0.05,0.23,59076.92307692308,329.1005608550247
0.07,0.23,59076.92307692308,331.0517502333326
0.09,0.23,59076.92307692308,332.74471744381395
0.11,0.23,59076.92307692308,334.1699340734012
0.13,0.23,59076.92307692308,335.3195258333994
0.15,0.23,59076.92307692308,336.1872085640452
0.17,0.23,59076.92307692308,336.76827506806046
0.19,0.23,59076.92307692308,337.059591072699
0.21,0.23,59076.92307692308,337.059591072699
0.23,0.23,59076.92307692308,336.76827506806035
0.25,0.23,59076.92307692308,336.1872085640452
0.27,0.23,59076.92307692308,335.31952583339927
0.29,0.23,59076.92307692308,334.16993407340107
0.31,0.23,59076.92307692308,332.74471744381384
0.33,0.23,59076.92307692308,331.05175023333254
0.35,0.23,59076.92307692308,329.1005608550247
0.37,0.23,59076.92307692308,326.9025739993558
0.39,0.23,59076.92307692308,324.4719024048214
0.01,0.25,59076.92307692308,324.42293714953576
0.03,0.25,59076.92307692308,326.7573817174366
0.05,0.25,59076.92307692308,328.86385402055055
0.07,0.25,59076.92307692308,330.730704134788
0.09,0.25,59076.92307692308,332.3484581144826
0.11,0.25,59076.92307692308,333.70909013120144
0.13,0.25,59076.92307692308,334.80585133450734
0.15,0.25,59076.92307692308,335.63327274747826
0.17,0.25,59076.92307692308,336.1872085640452
0.19,0.25,59076.92307692308,336.4648751033918
0.21,0.25,59076.92307692308,336.4648751033918
0.23,0.25,59076.92307692308,336.1872085640452
0.25,0.25,59076.92307692308,335.6332727474782
0.27,0.25,59076.92307692308,334.8058513345072
0.29,0.25,59076.92307692308,333.70909013120126
0.31,0.25,59076.92307692308,332.3484581144825
0.33,0.25,59076.92307692308,330.7307041347879
0.35,0.25,59076.92307692308,328.86385402055055
0.37,0.25,59076.92307692308,326.75738171743654
0.39,0.25,59076.92307692308,324.4229371495357
0.01,0.27,59076.92307692308,324.3495071360618
0.03,0.27,59076.92307692308,326.5397144925262
0.05,0.27,59076.92307692308,328.5091874623711
0.07,0.27,59076.92307692308,330.2499977133856
0.09,0.27,59076.92307692308,331.7555580611552
0.11,0.27,59076.92307692308,333.020017767543
0.13,0.27,59076.92307692308,334.0382254119434
0.15,0.27,59076.92307692308,334.80585133450734
0.17,0.27,59076.92307692308,335.31952583339944
0.19,0.27,59076.92307692308,335.57694661646315
0.21,0.27,59076.92307692308,335.57694661646315
0.23,0.27,59076.92307692308,335.3195258333994
0.25,0.27,59076.92307692308,334.80585133450734
0.27,0.27,59076.92307692308,334.03822541194336
0.29,0.27,59076.92307692308,333.0200177675429
0.31,0.27,59076.92307692308,331.7555580611552
0.33,0.27,59076.92307692308,330.24999771338554
0.35,0.27,59076.92307692308,328.509187462371
0.37,0.27,59076.92307692308,326.5397144925262
0.39,0.27,59076.92307692308,324.3495071360618
0.01,0.29,59076.92307692308,324.2515270561793
0.03,0.29,59076.92307692308,326.2494458751446
0.05,0.29,59076.92307692308,328.03669277527496
0.07,0.29,59076.92307692308,329.6103427344945
0.09,0.29,59076.92307692308,330.9675486202448
0.11,0.29,59076.92307692308,332.10517814775665
0.13,0.29,59076.92307692308,333.0200177675431
0.15,0.29,59076.92307692308,333.7090901312015
0.17,0.29,59076.92307692308,334.1699340734013
0.19,0.29,59076.92307692308,334.40080639982176
0.21,0.29,59076.92307692308,334.4008063998217
0.23,0.29,59076.92307692308,334.1699340734012
0.25,0.29,59076.92307692308,333.7090901312014
0.27,0.29,59076.92307692308,333.020017767543
0.29,0.29,59076.92307692308,332.1051781477566
0.31,0.29,59076.92307692308,330.9675486202448
0.33,0.29,59076.92307692308,329.61034273449445
0.35,0.29,59076.92307692308,328.0366927752749
0.37,0.29,59076.92307692308,326.24944587514454
0.39,0.29,59076.92307692308,324.2515270561793
0.01,0.31,59076.92307692308,324.1286540431716
0.03,0.31,59076.92307692308,325.88584522556306
0.05,0.31,59076.92307692308,327.4458704515949
0.07,0.31,59076.92307692308,328.812073912324
0.09,0.31,59076.92307692308,329.9860040506262
0.11,0.31,59076.92307692308,330.9675486202449
0.13,0.31,59076.92307692308,331.75555806115534
0.15,0.31,59076.92307692308,332.34845811448275
0.17,0.31,59076.92307692308,332.74471744381407
0.19,0.31,59076.92307692308,332.94316205375696
0.21,0.31,59076.92307692308,332.9431620537569
0.23,0.31,59076.92307692308,332.7447174438139
0.25,0.31,59076.92307692308,332.3484581144826
0.27,0.31,59076.92307692308,331.7555580611552
0.29,0.31,59076.92307692308,330.9675486202448
0.31,0.31,59076.92307692308,329.98600405062604
0.33,0.31,59076.92307692308,328.812073912324
0.35,0.31,59076.92307692308,327.4458704515948
0.37,0.31,59076.92307692308,325.88584522556306
0.39,0.31,59076.92307692308,324.12865404317154
0.01,0.33,59076.92307692308,323.97994381147294
0.03,0.33,59076.92307692308,325.4468168624363
0.05,0.33,59076.92307692308,326.7347682111659
0.07,0.33,59076.92307692308,327.8544735571871
0.09,0.33,59076.92307692308,328.8120739123241
0.11,0.33,59076.92307692308,329.61034273449457
0.13,0.33,59076.92307692308,330.24999771338565
0.15,0.33,59076.92307692308,330.730704134788
0.17,0.33,59076.92307692308,331.0517502333327
0.19,0.33,59076.92307692308,331.2124671661836
0.21,0.33,59076.92307692308,331.2124671661836
0.23,0.33,59076.92307692308,331.05175023333265
0.25,0.33,59076.92307692308,330.730704134788
0.27,0.33,59076.92307692308,330.24999771338554
0.29,0.33,59076.92307692308,329.61034273449445
0.31,0.33,59076.92307692308,328.812073912324
0.33,0.33,59076.92307692308,327.854473557187
0.35,0.33,59076.92307692308,326.7347682111658
0.37,0.33,59076.92307692308,325.4468168624363
0.39,0.33,59076.92307692308,323.97994381147294
0.01,0.35,59076.92307692308,323.8030603666031
0.03,0.35,59076.92307692308,324.9274128187659
0.05,0.35,59076.92307692308,325.8985852774889
0.07,0.35,59076.92307692308,326.7347682111659
0.09,0.35,59076.92307692308,327.4458704515949
0.11,0.35,59076.92307692308,328.03669277527496
0.13,0.35,59076.92307692308,328.5091874623711
0.15,0.35,59076.92307692308,328.8638540205506
0.17,0.35,59076.92307692308,329.1005608550248
0.19,0.35,59076.92307692308,329.2190150236176
0.21,0.35,59076.92307692308,329.2190150236176
0.23,0.35,59076.92307692308,329.1005608550248
0.25,0.35,59076.92307692308,328.86385402055055
0.27,0.35,59076.92307692308,328.509187462371
0.29,0.35,59076.92307692308,328.03669277527484
0.31,0.35,59076.92307692308,327.4458704515948
0.33,0.35,59076.92307692308,326.7347682111658
0.35,0.35,59076.92307692308,325.89858527748885
0.37,0.35,59076.92307692308,324.9274128187659
0.39,0.35,59076.92307692308,323.8030603666031
0.01,0.37,59076.92307692308,323.5921664146373
0.03,0.37,59076.92307692308,324.3168188578316
0.05,0.37,59076.92307692308,324.9274128187659
0.07,0.37,59076.92307692308,325.4468168624364
0.09,0.37,59076.92307692308,325.8858452255631
0.11,0.37,59076.92307692308,326.24944587514454
0.13,0.37,59076.92307692308,326.5397144925262
0.15,0.37,59076.92307692308,326.7573817174366
0.17,0.37,59076.92307692308,326.90257399935587
0.19,0.37,59076.92307692308,326.97521157911774
0.21,0.37,59076.92307692308,326.97521157911774
0.23,0.37,59076.92307692308,326.90257399935587
0.25,0.37,59076.92307692308,326.75738171743654
0.27,0.37,59076.92307692308,326.5397144925261
0.29,0.37,59076.92307692308,326.2494458751445
0.31,0.37,59076.92307692308,325.885845225563
0.33,0.37,59076.92307692308,325.44681686243626
0.35,0.37,59076.92307692308,324.9274128187659
0.37,0.37,59076.92307692308,324.3168188578316
0.39,0.37,59076.92307692308,323.59216641463735
0.01,0.39,59076.92307692308,323.3312127421765
0.03,0.39,59076.92307692308,323.59216641463735
0.05,0.39,59076.92307692308,323.8030603666031
0.07,0.39,59076.92307692308,323.97994381147294
0.09,0.39,59076.92307692308,324.12865404317154
0.11,0.39,59076.92307692308,324.25152705617927
0.13,0.39,59076.92307692308,324.3495071360618
0.15,0.39,59076.92307692308,324.4229371495357
0.17,0.39,59076.92307692308,324.4719024048214
0.19,0.39,59076.92307692308,324.49639524798323
0.21,0.39,59076.92307692308,324.49639524798323
0.23,0.39,59076.92307692308,324.47190240482144
0.25,0.39,59076.92307692308,324.4229371495357
0.27,0.39,59076.92307692308,324.3495071360618
0.29,0.39,59076.92307692308,324.25152705617927
0.31,0.39,59076.92307692308,324.1286540431716
0.33,0.39,59076.92307692308,323.97994381147294
0.35,0.39,59076.92307692308,323.8030603666031
0.37,0.39,59076.92307692308,323.59216641463735
0.39,0.39,59076.92307692308,323.3312127421765
0.01,0.01,60923.07692307692,323.32183972936616
0.03,0.01,60923.07692307692,323.5682222501036
0.05,0.01,60923.07692307692,323.7667927695034
0.07,0.01,60923.07692307692,323.93305330095177
0.09,0.01,60923.07692307692,324.07267901869244
0.11,0.01,60923.07692307692,324.1879648432411
0.13,0.01,60923.07692307692,324.2798542027392
0.15,0.01,60923.07692307692,324.3487010631581
0.17,0.01,60923.07692307692,324.3946030268271
0.19,0.01,60923.07692307692,324.4175617787139
0.21,0.01,60923.07692307692,324.4175617787139
0.23,0.01,60923.07692307692,324.3946030268271
0.25,0.01,60923.07692307692,324.34870106315816
0.27,0.01,60923.07692307692,324.2798542027392
0.29,0.01,60923.07692307692,324.1879648432411
0.31,0.01,60923.07692307692,324.0726790186924
0.33,0.01,60923.07692307692,323.93305330095177
0.35,0.01,60923.07692307692,323.7667927695034
0.37,0.01,60923.07692307692,323.5682222501036
0.39,0.01,60923.07692307692,323.32183972936616
0.01,0.03,60923.07692307692,323.56822225010364
0.03,0.03,60923.07692307692,324.2516869875627
0.05,0.03,60923.07692307692,324.8263723525821
0.07,0.03,60923.07692307692,325.3145183474983
0.09,0.03,60923.07692307692,325.7267207362527
0.11,0.03,60923.07692307692,326.067884943066
0.13,0.03,60923.07692307692,326.3401312709741
0.15,0.03,60923.07692307692,326.54423336518926
0.17,0.03,60923.07692307692,326.6803579197767
0.19,0.03,60923.07692307692,326.74845419323054
0.21,0.03,60923.07692307692,326.74845419323054
0.23,0.03,60923.07692307692,326.6803579197767
0.25,0.03,60923.07692307692,326.54423336518926
0.27,0.03,60923.07692307692,326.3401312709741
0.29,0.03,60923.07692307692,326.067884943066
0.31,0.03,60923.07692307692,325.7267207362528
0.33,0.03,60923.07692307692,325.3145183474983
0.35,0.03,60923.07692307692,324.8263723525821
0.37,0.03,60923.07692307692,324.25168698756266
0.39,0.03,60923.07692307692,323.5682222501036
0.01,0.05,60923.07692307692,323.76679276950347
0.03,0.05,60923.07692307692,324.8263723525821
0.05,0.05,60923.07692307692,325.74005750637224
0.07,0.05,60923.07692307692,326.52578709999653
0.09,0.05,60923.07692307692,327.1934226397713
0.11,0.05,60923.07692307692,327.74782301821665
0.13,0.05,60923.07692307692,328.1910349048045
0.15,0.05,60923.07692307692,328.5236511121355
0.17,0.05,60923.07692307692,328.7456152601705
0.19,0.05,60923.07692307692,328.85668537500743
0.21,0.05,60923.07692307692,328.85668537500743
0.23,0.05,60923.07692307692,328.7456152601705
0.25,0.05,60923.07692307692,328.5236511121355
0.27,0.05,60923.07692307692,328.1910349048045
0.29,0.05,60923.07692307692,327.7478230182167
0.31,0.05,60923.07692307692,327.19342263977137
0.33,0.05,60923.07692307692,326.52578709999653
0.35,0.05,60923.07692307692,325.74005750637224
0.37,0.05,60923.07692307692,324.8263723525821
0.39,0.05,60923.07692307692,323.7667927695034
0.01,0.07,60923.07692307692,323.9330533009518
0.03,0.07,60923.07692307692,325.31451834749834
0.05,0.07,60923.07692307692,326.5257870999966
0.07,0.07,60923.07692307692,327.5777606413838
0.09,0.07,60923.07692307692,328.4768062238359
0.11,0.07,60923.07692307692,329.2259195221139
0.13,0.07,60923.07692307692,329.82601552875974
0.15,0.07,60923.07692307692,330.27691864751785
0.17,0.07,60923.07692307692,330.5780336647874
0.19,0.07,60923.07692307692,330.7287668127824
0.21,0.07,60923.07692307692,330.72876681278245
0.23,0.07,60923.07692307692,330.5780336647875
0.25,0.07,60923.07692307692,330.27691864751785
0.27,0.07,60923.07692307692,329.8260155287597
0.29,0.07,60923.07692307692,329.2259195221139
0.31,0.07,60923.07692307692,328.4768062238359
0.33,0.07,60923.07692307692,327.5777606413838
0.35,0.07,60923.07692307692,326.52578709999653
0.37,0.07,60923.07692307692,325.3145183474983
0.39,0.07,60923.07692307692,323.9330533009518
0.01,0.09,60923.07692307692,324.07267901869244
0.03,0.09,60923.07692307692,325.7267207362528
0.05,0.09,60923.07692307692,327.19342263977137
0.07,0.09,60923.07692307692,328.4768062238359
0.09,0.09,60923.07692307692,329.5789372397994
0.11,0.09,60923.07692307692,330.5001106029273
0.13,0.09,60923.07692307692,331.2394910632164
0.15,0.09,60923.07692307692,331.7957366484192
0.17,0.09,60923.07692307692,332.1674770043149
0.19,0.09,60923.07692307692,332.3536382688748
0.21,0.09,60923.07692307692,332.3536382688748
0.23,0.09,60923.07692307692,332.16747700431495
0.25,0.09,60923.07692307692,331.7957366484192
0.27,0.09,60923.07692307692,331.23949106321635
0.29,0.09,60923.07692307692,330.5001106029273
0.31,0.09,60923.07692307692,329.57893723979936
0.33,0.09,60923.07692307692,328.47680622383587
0.35,0.09,60923.07692307692,327.1934226397713
0.37,0.09,60923.07692307692,325.7267207362527
0.39,0.09,60923.07692307692,324.0726790186924
0.01,0.11,60923.07692307692,324.1879648432412
0.03,0.11,60923.07692307692,326.0678849430661
0.05,0.11,60923.07692307692,327.7478230182167
0.07,0.11,60923.07692307692,329.22591952211394
0.09,0.11,60923.07692307692,330.5001106029273
0.11,0.11,60923.07692307692,331.5678477557777
0.13,0.11,60923.07692307692,332.42634601622683
0.15,0.11,60923.07692307692,333.07293223126203
0.17,0.11,60923.07692307692,333.5053496517303
0.19,0.11,60923.07692307692,333.7219794726417
0.21,0.11,60923.07692307692,333.7219794726417
0.23,0.11,60923.07692307692,333.50534965173034
0.25,0.11,60923.07692307692,333.072932231262
0.27,0.11,60923.07692307692,332.4263460162268
0.29,0.11,60923.07692307692,331.5678477557776
0.31,0.11,60923.07692307692,330.50011060292724
0.33,0.11,60923.07692307692,329.2259195221138
0.35,0.11,60923.07692307692,327.74782301821665
0.37,0.11,60923.07692307692,326.067884943066
0.39,0.11,60923.07692307692,324.1879648432412
0.01,0.13,60923.07692307692,324.2798542027392
0.03,0.13,60923.07692307692,326.3401312709741
0.05,0.13,60923.07692307692,328.1910349048045
0.07,0.13,60923.07692307692,329.8260155287598
0.09,0.13,60923.07692307692,331.2394910632164
0.11,0.13,60923.07692307692,332.42634601622683
0.13,0.13,60923.07692307692,333.38195760106333
0.15,0.13,60923.07692307692,334.1023640791902
0.17,0.13,60923.07692307692,334.58443888811786
0.19,0.13,60923.07692307692,334.8260257769567
0.21,0.13,60923.07692307692,334.8260257769567
0.23,0.13,60923.07692307692,334.5844388881178
0.25,0.13,60923.07692307692,334.1023640791901
0.27,0.13,60923.07692307692,333.3819576010633
0.29,0.13,60923.07692307692,332.4263460162267
0.31,0.13,60923.07692307692,331.2394910632163
0.33,0.13,60923.07692307692,329.8260155287596
0.35,0.13,60923.07692307692,328.19103490480444
0.37,0.13,60923.07692307692,326.3401312709741
0.39,0.13,60923.07692307692,324.2798542027392
0.01,0.15,60923.07692307692,324.3487010631581
0.03,0.15,60923.07692307692,326.54423336518926
0.05,0.15,60923.07692307692,328.5236511121355
0.07,0.15,60923.07692307692,330.2769186475179
0.09,0.15,60923.07692307692,331.7957366484193
0.11,0.15,60923.07692307692,333.0729322312621
0.13,0.15,60923.07692307692,334.1023640791901
0.15,0.15,60923.07692307692,334.87898199595566
0.17,0.15,60923.07692307692,335.39891447528885
0.19,0.15,60923.07692307692,335.6595413974642
0.21,0.15,60923.07692307692,335.6595413974642
0.23,0.15,60923.07692307692,335.39891447528873
0.25,0.15,60923.07692307692,334.8789819959556
0.27,0.15,60923.07692307692,334.10236407919007
0.29,0.15,60923.07692307692,333.072932231262
0.31,0.15,60923.07692307692,331.7957366484191
0.33,0.15,60923.07692307692,330.27691864751773
0.35,0.15,60923.07692307692,328.5236511121354
0.37,0.15,60923.07692307692,326.5442333651892
0.39,0.15,60923.07692307692,324.3487010631581
0.01,0.17,60923.07692307692,324.3946030268272
0.03,0.17,60923.07692307692,326.6803579197768
0.05,0.17,60923.07692307692,328.7456152601705
0.07,0.17,60923.07692307692,330.5780336647874
0.09,0.17,60923.07692307692,332.16747700431495
0.11,0.17,60923.07692307692,333.50534965173034
0.13,0.17,60923.07692307692,334.58443888811786
0.15,0.17,60923.07692307692,335.3989144752888
0.17,0.17,60923.07692307692,335.944365207624
0.19,0.17,60923.07692307692,336.217832638804
0.21,0.17,60923.07692307692,336.21783263880394
0.23,0.17,60923.07692307692,335.94436520762395
0.25,0.17,60923.07692307692,335.39891447528873
0.27,0.17,60923.07692307692,334.5844388881178
0.29,0.17,60923.07692307692,333.5053496517302
0.31,0.17,60923.07692307692,332.16747700431483
0.33,0.17,60923.07692307692,330.5780336647873
0.35,0.17,60923.07692307692,328.7456152601705
0.37,0.17,60923.07692307692,326.6803579197767
0.39,0.17,60923.07692307692,324.3946030268271
0.01,0.19,60923.07692307692,324.41756177871395
0.03,0.19,60923.07692307692,326.7484541932306
0.05,0.19,60923.07692307692,328.85668537500743
0.07,0.19,60923.07692307692,330.72876681278245
0.09,0.19,60923.07692307692,332.3536382688748
0.11,0.19,60923.07692307692,333.7219794726417
0.13,0.19,60923.07692307692,334.8260257769568
0.15,0.19,60923.07692307692,335.6595413974643
0.17,0.19,60923.07692307692,336.21783263880394
0.19,0.19,60923.07692307692,336.49776320642815
0.21,0.19,60923.07692307692,336.49776320642815
0.23,0.19,60923.07692307692,336.2178326388039
0.25,0.19,60923.07692307692,335.6595413974642
0.27,0.19,60923.07692307692,334.82602577695667
0.29,0.19,60923.07692307692,333.72197947264164
0.31,0.19,60923.07692307692,332.3536382688747
0.33,0.19,60923.07692307692,330.72876681278234
0.35,0.19,60923.07692307692,328.8566853750074
0.37,0.19,60923.07692307692,326.74845419323054
0.39,0.19,60923.07692307692,324.41756177871395
0.01,0.21,60923.07692307692,324.41756177871395
0.03,0.21,60923.07692307692,326.74845419323054
0.05,0.21,60923.07692307692,328.8566853750074
0.07,0.21,60923.07692307692,330.7287668127824
0.09,0.21,60923.07692307692,332.3536382688748
0.11,0.21,60923.07692307692,333.7219794726417
0.13,0.21,60923.07692307692,334.8260257769568
0.15,0.21,60923.07692307692,335.6595413974643
0.17,0.21,60923.07692307692,336.21783263880394
0.19,0.21,60923.07692307692,336.49776320642815
0.21,0.21,60923.07692307692,336.49776320642815
0.23,0.21,60923.07692307692,336.2178326388039
0.25,0.21,60923.07692307692,335.6595413974642
0.27,0.21,60923.07692307692,334.82602577695667
0.29,0.21,60923.07692307692,333.72197947264164
0.31,0.21,60923.07692307692,332.3536382688747
0.33,0.21,60923.07692307692,330.72876681278234
0.35,0.21,60923.07692307692,328.8566853750074
0.37,0.21,60923.07692307692,326.74845419323054
0.39,0.21,60923.07692307692,324.4175617787139
0.01,0.23,60923.07692307692,324.3946030268272
0.03,0.23,60923.07692307692,326.6803579197767
0.05,0.23,60923.07692307692,328.7456152601705
0.07,0.23,60923.07692307692,330.57803366478737
0.09,0.23,60923.07692307692,332.16747700431495
0.11,0.23,60923.07692307692,333.50534965173034
0.13,0.23,60923.07692307692,334.5844388881179
0.15,0.23,60923.07692307692,335.3989144752888
0.17,0.23,60923.07692307692,335.94436520762406
0.19,0.23,60923.07692307692,336.21783263880394
0.21,0.23,60923.07692307692,336.2178326388039
0.23,0.23,60923.07692307692,335.94436520762395
0.25,0.23,60923.07692307692,335.39891447528873
0.27,0.23,60923.07692307692,334.58443888811775
0.29,0.23,60923.07692307692,333.5053496517302
0.31,0.23,60923.07692307692,332.1674770043149
0.33,0.23,60923.07692307692,330.57803366478737
0.35,0.23,60923.07692307692,328.7456152601705
0.37,0.23,60923.07692307692,326.6803579197767
0.39,0.23,60923.07692307692,324.3946030268271
0.01,0.25,60923.07692307692,324.3487010631581
0.03,0.25,60923.07692307692,326.54423336518926
0.05,0.25,60923.07692307692,328.5236511121355
0.07,0.25,60923.07692307692,330.27691864751785
0.09,0.25,60923.07692307692,331.7957366484192
0.11,0.25,60923.07692307692,333.07293223126203
0.13,0.25,60923.07692307692,334.1023640791902
0.15,0.25,60923.07692307692,334.87898199595566
0.17,0.25,60923.07692307692,335.3989144752888
0.19,0.25,60923.07692307692,335.6595413974642
0.21,0.25,60923.07692307692,335.6595413974642
0.23,0.25,60923.07692307692,335.39891447528873
0.25,0.25,60923.07692307692,334.87898199595554
0.27,0.25,60923.07692307692,334.10236407919
0.29,0.25,60923.07692307692,333.07293223126186
0.31,0.25,60923.07692307692,331.7957366484191
0.33,0.25,60923.07692307692,330.27691864751773
0.35,0.25,60923.07692307692,328.5236511121354
0.37,0.25,60923.07692307692,326.5442333651892
0.39,0.25,60923.07692307692,324.3487010631581
0.01,0.27,60923.07692307692,324.2798542027392
0.03,0.27,60923.07692307692,326.3401312709742
0.05,0.27,60923.07692307692,328.1910349048045
0.07,0.27,60923.07692307692,329.8260155287598
0.09,0.27,60923.07692307692,331.23949106321646
0.11,0.27,60923.07692307692,332.4263460162269
0.13,0.27,60923.07692307692,333.3819576010634
0.15,0.27,60923.07692307692,334.1023640791902
0.17,0.27,60923.07692307692,334.5844388881179
0.19,0.27,60923.07692307692,334.8260257769568
0.21,0.27,60923.07692307692,334.8260257769567
0.23,0.27,60923.07692307692,334.5844388881178
0.25,0.27,60923.07692307692,334.10236407919007
0.27,0.27,60923.07692307692,333.3819576010632
0.29,0.27,60923.07692307692,332.42634601622666
0.31,0.27,60923.07692307692,331.23949106321624
0.33,0.27,60923.07692307692,329.8260155287597
0.35,0.27,60923.07692307692,328.19103490480444
0.37,0.27,60923.07692307692,326.34013127097404
0.39,0.27,60923.07692307692,324.2798542027392
0.01,0.29,60923.07692307692,324.1879648432412
0.03,0.29,60923.07692307692,326.0678849430661
0.05,0.29,60923.07692307692,327.7478230182168
0.07,0.29,60923.07692307692,329.22591952211394
0.09,0.29,60923.07692307692,330.5001106029273
0.11,0.29,60923.07692307692,331.56784775577773
0.13,0.29,60923.07692307692,332.42634601622694
0.15,0.29,60923.07692307692,333.07293223126203
0.17,0.29,60923.07692307692,333.5053496517304
0.19,0.29,60923.07692307692,333.7219794726418
0.21,0.29,60923.07692307692,333.7219794726417
0.23,0.29,60923.07692307692,333.5053496517303
0.25,0.29,60923.07692307692,333.0729322312619
0.27,0.29,60923.07692307692,332.4263460162267
0.29,0.29,60923.07692307692,331.5678477557775
0.31,0.29,60923.07692307692,330.5001106029272
0.33,0.29,60923.07692307692,329.2259195221138
0.35,0.29,60923.07692307692,327.7478230182166
0.37,0.29,60923.07692307692,326.067884943066
0.39,0.29,60923.07692307692,324.1879648432411
0.01,0.31,60923.07692307692,324.0726790186925
0.03,0.31,60923.07692307692,325.7267207362528
0.05,0.31,60923.07692307692,327.1934226397714
0.07,0.31,60923.07692307692,328.476806223836
0.09,0.31,60923.07692307692,329.5789372397995
0.11,0.31,60923.07692307692,330.5001106029273
0.13,0.31,60923.07692307692,331.2394910632165
0.15,0.31,60923.07692307692,331.7957366484193
0.17,0.31,60923.07692307692,332.167477004315
0.19,0.31,60923.07692307692,332.3536382688748
0.21,0.31,60923.07692307692,332.3536382688748
0.23,0.31,60923.07692307692,332.1674770043149
0.25,0.31,60923.07692307692,331.7957366484191
0.27,0.31,60923.07692307692,331.2394910632163
0.29,0.31,60923.07692307692,330.5001106029272
0.31,0.31,60923.07692307692,329.5789372397993
0.33,0.31,60923.07692307692,328.4768062238358
0.35,0.31,60923.07692307692,327.19342263977126
0.37,0.31,60923.07692307692,325.7267207362526
0.39,0.31,60923.07692307692,324.0726790186924
0.01,0.33,60923.07692307692,323.9330533009518
0.03,0.33,60923.07692307692,325.31451834749834
0.05,0.33,60923.07692307692,326.52578709999665
0.07,0.33,60923.07692307692,327.57776064138386
0.09,0.33,60923.07692307692,328.476806223836
0.11,0.33,60923.07692307692,329.22591952211394
0.13,0.33,60923.07692307692,329.8260155287598
0.15,0.33,60923.07692307692,330.2769186475179
0.17,0.33,60923.07692307692,330.5780336647875
0.19,0.33,60923.07692307692,330.72876681278245
0.21,0.33,60923.07692307692,330.72876681278245
0.23,0.33,60923.07692307692,330.57803366478737
0.25,0.33,60923.07692307692,330.27691864751773
0.27,0.33,60923.07692307692,329.8260155287597
0.29,0.33,60923.07692307692,329.2259195221138
0.31,0.33,60923.07692307692,328.4768062238358
0.33,0.33,60923.07692307692,327.57776064138375
0.35,0.33,60923.07692307692,326.52578709999653
0.37,0.33,60923.07692307692,325.3145183474983
0.39,0.33,60923.07692307692,323.9330533009518
0.01,0.35,60923.07692307692,323.7667927695034
0.03,0.35,60923.07692307692,324.8263723525821
0.05,0.35,60923.07692307692,325.74005750637224
0.07,0.35,60923.07692307692,326.5257870999966
0.09,0.35,60923.07692307692,327.19342263977137
0.11,0.35,60923.07692307692,327.7478230182168
0.13,0.35,60923.07692307692,328.1910349048045
0.15,0.35,60923.07692307692,328.5236511121355
0.17,0.35,60923.07692307692,328.7456152601706
0.19,0.35,60923.07692307692,328.8566853750075
0.21,0.35,60923.07692307692,328.85668537500743
0.23,0.35,60923.07692307692,328.7456152601705
0.25,0.35,60923.07692307692,328.5236511121353
0.27,0.35,60923.07692307692,328.19103490480444
0.29,0.35,60923.07692307692,327.74782301821665
0.31,0.35,60923.07692307692,327.1934226397713
0.33,0.35,60923.07692307692,326.52578709999653
0.35,0.35,60923.07692307692,325.7400575063722
0.37,0.35,60923.07692307692,324.8263723525821
0.39,0.35,60923.07692307692,323.7667927695034
0.01,0.37,60923.07692307692,323.5682222501036
0.03,0.37,60923.07692307692,324.2516869875627
0.05,0.37,60923.07692307692,324.8263723525821
0.07,0.37,60923.07692307692,325.3145183474983
0.09,0.37,60923.07692307692,325.7267207362528
0.11,0.37,60923.07692307692,326.0678849430661
0.13,0.37,60923.07692307692,326.3401312709742
0.15,0.37,60923.07692307692,326.54423336518926
0.17,0.37,60923.07692307692,326.6803579197768
0.19,0.37,60923.07692307692,326.7484541932306
0.21,0.37,60923.07692307692,326.7484541932306
0.23,0.37,60923.07692307692,326.6803579197767
0.25,0.37,60923.07692307692,326.5442333651892
0.27,0.37,60923.07692307692,326.34013127097404
0.29,0.37,60923.07692307692,326.067884943066
0.31,0.37,60923.07692307692,325.7267207362527
0.33,0.37,60923.07692307692,325.3145183474982
0.35,0.37,60923.07692307692,324.8263723525821
0.37,0.37,60923.07692307692,324.2516869875627
0.39,0.37,60923.07692307692,323.5682222501036
0.01,0.39,60923.07692307692,323.32183972936616
0.03,0.39,60923.07692307692,323.5682222501036
0.05,0.39,60923.07692307692,323.76679276950347
0.07,0.39,60923.07692307692,323.9330533009518
0.09,0.39,60923.07692307692,324.07267901869244
0.11,0.39,60923.07692307692,324.1879648432412
0.13,0.39,60923.07692307692,324.2798542027392
0.15,0.39,60923.07692307692,324.34870106315816
0.17,0.39,60923.07692307692,324.3946030268271
0.19,0.39,60923.07692307692,324.41756177871395
0.21,0.39,60923.07692307692,324.41756177871395
0.23,0.39,60923.07692307692,324.3946030268271
0.25,0.39,60923.07692307692,324.3487010631581
0.27,0.39,60923.07692307692,324.2798542027392
0.29,0.39,60923.07692307692,324.1879648432412
0.31,0.39,60923.07692307692,324.07267901869244
0.33,0.39,60923.07692307692,323.9330533009518
0.35,0.39,60923.07692307692,323.7667927695034
0.37,0.39,60923.07692307692,323.5682222501036
0.39,0.39,60923.07692307692,323.32183972936616
0.01,0.01,62769.23076923077,323.313074489058
0.03,0.01,62769.23076923077,323.5458202259569
0.05,0.01,62769.23076923077,323.7328464263544
0.07,0.01,62769.23076923077,323.8891451979679
0.09,0.01,62769.23076923077,324.0202427996966
0.11,0.01,62769.23076923077,324.1283990034389
0.13,0.01,62769.23076923077,324.21455987033727
0.15,0.01,62769.23076923077,324.2790929754725
0.17,0.01,62769.23076923077,324.3221101246676
0.19,0.01,62769.23076923077,324.34362367679967
0.21,0.01,62769.23076923077,324.34362367679967
0.23,0.01,62769.23076923077,324.3221101246676
0.25,0.01,62769.23076923077,324.2790929754725
0.27,0.01,62769.23076923077,324.21455987033727
0.29,0.01,62769.23076923077,324.12839900343886
0.31,0.01,62769.23076923077,324.02024279969646
0.33,0.01,62769.23076923077,323.8891451979678
0.35,0.01,62769.23076923077,323.7328464263543
0.37,0.01,62769.23076923077,323.5458202259569
0.39,0.01,62769.23076923077,323.31307448905795
0.01,0.03,62769.23076923077,323.5458202259569
0.03,0.03,62769.23076923077,324.19072611519755
0.05,0.03,62769.23076923077,324.73176415126943
0.07,0.03,62769.23076923077,325.19059024130377
0.09,0.03,62769.23076923077,325.5776033544509
0.11,0.03,62769.23076923077,325.8976787481676
0.13,0.03,62769.23076923077,326.15297002569014
0.15,0.03,62769.23076923077,326.3443007566265
0.17,0.03,62769.23076923077,326.47188342160433
0.19,0.03,62769.23076923077,326.5357002652569
0.21,0.03,62769.23076923077,326.5357002652568
0.23,0.03,62769.23076923077,326.4718834216043
0.25,0.03,62769.23076923077,326.34430075662647
0.27,0.03,62769.23076923077,326.15297002569014
0.29,0.03,62769.23076923077,325.89767874816755
0.31,0.03,62769.23076923077,325.5776033544508
0.33,0.03,62769.23076923077,325.1905902413037
0.35,0.03,62769.23076923077,324.73176415126943
0.37,0.03,62769.23076923077,324.19072611519755
0.39,0.03,62769.23076923077,323.54582022595685
0.01,0.05,62769.23076923077,323.73284642635434
0.03,0.05,62769.23076923077,324.7317641512695
0.05,0.05,62769.23076923077,325.5915623362419
0.07,0.05,62769.23076923077,326.3299489895552
0.09,0.05,62769.23076923077,326.9567533934092
0.11,0.05,62769.23076923077,327.4769047670343
0.13,0.05,62769.23076923077,327.8925552916555
0.15,0.05,62769.23076923077,328.2044013923785
0.17,0.05,62769.23076923077,328.41247079062106
0.19,0.05,62769.23076923077,328.5165790648424
0.21,0.05,62769.23076923077,328.5165790648424
0.23,0.05,62769.23076923077,328.412470790621
0.25,0.05,62769.23076923077,328.2044013923785
0.27,0.05,62769.23076923077,327.8925552916555
0.29,0.05,62769.23076923077,327.4769047670342
0.31,0.05,62769.23076923077,326.9567533934091
0.33,0.05,62769.23076923077,326.3299489895551
0.35,0.05,62769.23076923077,325.59156233624185
0.37,0.05,62769.23076923077,324.7317641512695
0.39,0.05,62769.23076923077,323.73284642635434
0.01,0.07,62769.23076923077,323.8891451979678
0.03,0.07,62769.23076923077,325.19059024130377
0.05,0.07,62769.23076923077,326.3299489895552
0.07,0.07,62769.23076923077,327.31833818540827
0.09,0.07,62769.23076923077,328.1623530067462
0.11,0.07,62769.23076923077,328.8652193060732
0.13,0.07,62769.23076923077,329.42806095834874
0.15,0.07,62769.23076923077,329.8508743796621
0.17,0.07,62769.23076923077,330.1331929205375
0.19,0.07,62769.23076923077,330.27450709575373
0.21,0.07,62769.23076923077,330.2745070957538
0.23,0.07,62769.23076923077,330.1331929205376
0.25,0.07,62769.23076923077,329.85087437966206
0.27,0.07,62769.23076923077,329.42806095834874
0.29,0.07,62769.23076923077,328.8652193060731
0.31,0.07,62769.23076923077,328.16235300674606
0.33,0.07,62769.23076923077,327.3183381854081
0.35,0.07,62769.23076923077,326.3299489895551
0.37,0.07,62769.23076923077,325.1905902413037
0.39,0.07,62769.23076923077,323.8891451979678
0.01,0.09,62769.23076923077,324.0202427996966
0.03,0.09,62769.23076923077,325.5776033544509
0.05,0.09,62769.23076923077,326.9567533934092
0.07,0.09,62769.23076923077,328.1623530067462
0.09,0.09,62769.23076923077,329.1969722060965
0.11,0.09,62769.23076923077,330.0613153373993
0.13,0.09,62769.23076923077,330.75487256801506
0.15,0.09,62769.23076923077,331.276549246564
0.17,0.09,62769.23076923077,331.62515098010545
0.19,0.09,62769.23076923077,331.7997158446671
0.21,0.09,62769.23076923077,331.7997158446671
0.23,0.09,62769.23076923077,331.62515098010545
0.25,0.09,62769.23076923077,331.27654924656395
0.27,0.09,62769.23076923077,330.75487256801506
0.29,0.09,62769.23076923077,330.0613153373993
0.31,0.09,62769.23076923077,329.1969722060964
0.33,0.09,62769.23076923077,328.16235300674606
0.35,0.09,62769.23076923077,326.9567533934091
0.37,0.09,62769.23076923077,325.57760335445084
0.39,0.09,62769.23076923077,324.0202427996965
0.01,0.11,62769.23076923077,324.128399003439
0.03,0.11,62769.23076923077,325.89767874816766
0.05,0.11,62769.23076923077,327.4769047670343
0.07,0.11,62769.23076923077,328.8652193060732
0.09,0.11,62769.23076923077,330.0613153373993
0.11,0.11,62769.23076923077,331.0632249084806
0.13,0.11,62769.23076923077,331.86860212410124
0.15,0.11,62769.23076923077,332.4750949879722
0.17,0.11,62769.23076923077,332.88066893697464
0.19,0.11,62769.23076923077,333.0838438375775
0.21,0.11,62769.23076923077,333.0838438375775
0.23,0.11,62769.23076923077,332.88066893697453
0.25,0.11,62769.23076923077,332.4750949879721
0.27,0.11,62769.23076923077,331.8686021241012
0.29,0.11,62769.23076923077,331.0632249084806
0.31,0.11,62769.23076923077,330.06131533739926
0.33,0.11,62769.23076923077,328.865219306073
0.35,0.11,62769.23076923077,327.47690476703417
0.37,0.11,62769.23076923077,325.8976787481676
0.39,0.11,62769.23076923077,324.128399003439
0.01,0.13,62769.23076923077,324.21455987033727
0.03,0.13,62769.23076923077,326.1529700256902
0.05,0.13,62769.23076923077,327.8925552916556
0.07,0.13,62769.23076923077,329.42806095834874
0.09,0.13,62769.23076923077,330.75487256801506
0.11,0.13,62769.23076923077,331.86860212410124
0.13,0.13,62769.23076923077,332.7651655401405
0.15,0.13,62769.23076923077,333.44098773441084
0.17,0.13,62769.23076923077,333.89320556952674
0.19,0.13,62769.23076923077,334.1198253447271
0.21,0.13,62769.23076923077,334.119825344727
0.23,0.13,62769.23076923077,333.8932055695266
0.25,0.13,62769.23076923077,333.44098773441067
0.27,0.13,62769.23076923077,332.76516554014046
0.29,0.13,62769.23076923077,331.8686021241012
0.31,0.13,62769.23076923077,330.754872568015
0.33,0.13,62769.23076923077,329.4280609583487
0.35,0.13,62769.23076923077,327.89255529165547
0.37,0.13,62769.23076923077,326.1529700256901
0.39,0.13,62769.23076923077,324.21455987033727
0.01,0.15,62769.23076923077,324.27909297547245
0.03,0.15,62769.23076923077,326.34430075662647
0.05,0.15,62769.23076923077,328.2044013923785
0.07,0.15,62769.23076923077,329.85087437966206
0.09,0.15,62769.23076923077,331.27654924656395
0.11,0.15,62769.23076923077,332.47509498797217
0.13,0.15,62769.23076923077,333.4409877344108
0.15,0.15,62769.23076923077,334.16961634091643
0.17,0.15,62769.23076923077,334.6574059789816
0.19,0.15,62769.23076923077,334.90191843158567
0.21,0.15,62769.23076923077,334.9019184315856
0.23,0.15,62769.23076923077,334.6574059789815
0.25,0.15,62769.23076923077,334.1696163409163
0.27,0.15,62769.23076923077,333.4409877344107
0.29,0.15,62769.23076923077,332.47509498797217
0.31,0.15,62769.23076923077,331.2765492465639
0.33,0.15,62769.23076923077,329.850874379662
0.35,0.15,62769.23076923077,328.20440139237843
0.37,0.15,62769.23076923077,326.34430075662647
0.39,0.15,62769.23076923077,324.2790929754725
0.01,0.17,62769.23076923077,324.3221101246676
0.03,0.17,62769.23076923077,326.4718834216043
0.05,0.17,62769.23076923077,328.412470790621
0.07,0.17,62769.23076923077,330.1331929205375
0.09,0.17,62769.23076923077,331.6251509801054
0.11,0.17,62769.23076923077,332.88066893697453
0.13,0.17,62769.23076923077,333.8932055695267
0.15,0.17,62769.23076923077,334.6574059789816
0.17,0.17,62769.23076923077,335.1691788366094
0.19,0.17,62769.23076923077,335.4257611709441
0.21,0.17,62769.23076923077,335.4257611709441
0.23,0.17,62769.23076923077,335.1691788366093
0.25,0.17,62769.23076923077,334.6574059789816
0.27,0.17,62769.23076923077,333.89320556952663
0.29,0.17,62769.23076923077,332.88066893697453
0.31,0.17,62769.23076923077,331.62515098010533
0.33,0.17,62769.23076923077,330.13319292053745
0.35,0.17,62769.23076923077,328.41247079062094
0.37,0.17,62769.23076923077,326.4718834216043
0.39,0.17,62769.23076923077,324.3221101246676
0.01,0.19,62769.23076923077,324.34362367679967
0.03,0.19,62769.23076923077,326.5357002652568
0.05,0.19,62769.23076923077,328.51657906484235
0.07,0.19,62769.23076923077,330.2745070957538
0.09,0.19,62769.23076923077,331.7997158446671
0.11,0.19,62769.23076923077,333.0838438375775
0.13,0.19,62769.23076923077,334.11982534472713
0.15,0.19,62769.23076923077,334.90191843158567
0.17,0.19,62769.23076923077,335.4257611709441
0.19,0.19,62769.23076923077,335.6884197244071
0.21,0.19,62769.23076923077,335.688419724407
0.23,0.19,62769.23076923077,335.42576117094404
0.25,0.19,62769.23076923077,334.9019184315856
0.27,0.19,62769.23076923077,334.119825344727
0.29,0.19,62769.23076923077,333.08384383757743
0.31,0.19,62769.23076923077,331.79971584466705
0.33,0.19,62769.23076923077,330.2745070957537
0.35,0.19,62769.23076923077,328.51657906484235
0.37,0.19,62769.23076923077,326.5357002652568
0.39,0.19,62769.23076923077,324.34362367679967
0.01,0.21,62769.23076923077,324.34362367679967
0.03,0.21,62769.23076923077,326.5357002652568
0.05,0.21,62769.23076923077,328.5165790648424
0.07,0.21,62769.23076923077,330.2745070957538
0.09,0.21,62769.23076923077,331.7997158446671
0.11,0.21,62769.23076923077,333.0838438375775
0.13,0.21,62769.23076923077,334.1198253447271
0.15,0.21,62769.23076923077,334.90191843158567
0.17,0.21,62769.23076923077,335.4257611709441
0.19,0.21,62769.23076923077,335.6884197244071
0.21,0.21,62769.23076923077,335.688419724407
0.23,0.21,62769.23076923077,335.42576117094404
0.25,0.21,62769.23076923077,334.9019184315856
0.27,0.21,62769.23076923077,334.119825344727
0.29,0.21,62769.23076923077,333.08384383757743
0.31,0.21,62769.23076923077,331.79971584466705
0.33,0.21,62769.23076923077,330.27450709575373
0.35,0.21,62769.23076923077,328.51657906484235
0.37,0.21,62769.23076923077,326.5357002652568
0.39,0.21,62769.23076923077,324.34362367679967
0.01,0.23,62769.23076923077,324.32211012466763
0.03,0.23,62769.23076923077,326.47188342160433
0.05,0.23,62769.23076923077,328.412470790621
0.07,0.23,62769.23076923077,330.1331929205375
0.09,0.23,62769.23076923077,331.6251509801054
0.11,0.23,62769.23076923077,332.8806689369746
0.13,0.23,62769.23076923077,333.8932055695267
0.15,0.23,62769.23076923077,334.6574059789816
0.17,0.23,62769.23076923077,335.16917883660943
0.19,0.23,62769.23076923077,335.4257611709441
0.21,0.23,62769.23076923077,335.42576117094404
0.23,0.23,62769.23076923077,335.1691788366093
0.25,0.23,62769.23076923077,334.6574059789815
0.27,0.23,62769.23076923077,333.8932055695266
0.29,0.23,62769.23076923077,332.88066893697453
0.31,0.23,62769.23076923077,331.6251509801054
0.33,0.23,62769.23076923077,330.1331929205375
0.35,0.23,62769.23076923077,328.412470790621
0.37,0.23,62769.23076923077,326.4718834216043
0.39,0.23,62769.23076923077,324.3221101246676
0.01,0.25,62769.23076923077,324.2790929754725
0.03,0.25,62769.23076923077,326.3443007566265
0.05,0.25,62769.23076923077,328.20440139237854
0.07,0.25,62769.23076923077,329.8508743796621
0.09,0.25,62769.23076923077,331.27654924656395
0.11,0.25,62769.23076923077,332.47509498797217
0.13,0.25,62769.23076923077,333.44098773441084
0.15,0.25,62769.23076923077,334.16961634091643
0.17,0.25,62769.23076923077,334.6574059789816
0.19,0.25,62769.23076923077,334.9019184315856
0.21,0.25,62769.23076923077,334.9019184315856
0.23,0.25,62769.23076923077,334.65740597898144
0.25,0.25,62769.23076923077,334.1696163409162
0.27,0.25,62769.23076923077,333.4409877344106
0.29,0.25,62769.23076923077,332.47509498797206
0.31,0.25,62769.23076923077,331.2765492465639
0.33,0.25,62769.23076923077,329.850874379662
0.35,0.25,62769.23076923077,328.2044013923785
0.37,0.25,62769.23076923077,326.34430075662647
0.39,0.25,62769.23076923077,324.2790929754725
0.01,0.27,62769.23076923077,324.21455987033727
0.03,0.27,62769.23076923077,326.15297002569014
0.05,0.27,62769.23076923077,327.8925552916556
0.07,0.27,62769.23076923077,329.4280609583488
0.09,0.27,62769.23076923077,330.7548725680151
0.11,0.27,62769.23076923077,331.8686021241013
0.13,0.27,62769.23076923077,332.7651655401405
0.15,0.27,62769.23076923077,333.44098773441084
0.17,0.27,62769.23076923077,333.89320556952674
0.19,0.27,62769.23076923077,334.1198253447271
0.21,0.27,62769.23076923077,334.119825344727
0.23,0.27,62769.23076923077,333.8932055695266
0.25,0.27,62769.23076923077,333.4409877344106
0.27,0.27,62769.23076923077,332.76516554014046
0.29,0.27,62769.23076923077,331.8686021241012
0.31,0.27,62769.23076923077,330.75487256801495
0.33,0.27,62769.23076923077,329.4280609583486
0.35,0.27,62769.23076923077,327.89255529165547
0.37,0.27,62769.23076923077,326.1529700256901
0.39,0.27,62769.23076923077,324.2145598703372
0.01,0.29,62769.23076923077,324.128399003439
0.03,0.29,62769.23076923077,325.8976787481676
0.05,0.29,62769.23076923077,327.4769047670343
0.07,0.29,62769.23076923077,328.8652193060732
0.09,0.29,62769.23076923077,330.0613153373994
0.11,0.29,62769.23076923077,331.06322490848066
0.13,0.29,62769.23076923077,331.8686021241013
0.15,0.29,62769.23076923077,332.4750949879722
0.17,0.29,62769.23076923077,332.88066893697464
0.19,0.29,62769.23076923077,333.08384383757755
0.21,0.29,62769.23076923077,333.0838438375775
0.23,0.29,62769.23076923077,332.88066893697453
0.25,0.29,62769.23076923077,332.4750949879721
0.27,0.29,62769.23076923077,331.8686021241012
0.29,0.29,62769.23076923077,331.0632249084805
0.31,0.29,62769.23076923077,330.06131533739926
0.33,0.29,62769.23076923077,328.865219306073
0.35,0.29,62769.23076923077,327.4769047670341
0.37,0.29,62769.23076923077,325.8976787481675
0.39,0.29,62769.23076923077,324.12839900343886
0.01,0.31,62769.23076923077,324.0202427996966
0.03,0.31,62769.23076923077,325.57760335445096
0.05,0.31,62769.23076923077,326.9567533934092
0.07,0.31,62769.23076923077,328.1623530067462
0.09,0.31,62769.23076923077,329.1969722060965
0.11,0.31,62769.23076923077,330.0613153373993
0.13,0.31,62769.23076923077,330.75487256801506
0.15,0.31,62769.23076923077,331.276549246564
0.17,0.31,62769.23076923077,331.6251509801055
0.19,0.31,62769.23076923077,331.7997158446672
0.21,0.31,62769.23076923077,331.7997158446671
0.23,0.31,62769.23076923077,331.6251509801054
0.25,0.31,62769.23076923077,331.2765492465639
0.27,0.31,62769.23076923077,330.75487256801495
0.29,0.31,62769.23076923077,330.06131533739926
0.31,0.31,62769.23076923077,329.19697220609646
0.33,0.31,62769.23076923077,328.16235300674606
0.35,0.31,62769.23076923077,326.95675339340903
0.37,0.31,62769.23076923077,325.5776033544508
0.39,0.31,62769.23076923077,324.02024279969646
0.01,0.33,62769.23076923077,323.8891451979678
0.03,0.33,62769.23076923077,325.19059024130377
0.05,0.33,62769.23076923077,326.3299489895552
0.07,0.33,62769.23076923077,327.31833818540827
0.09,0.33,62769.23076923077,328.1623530067462
0.11,0.33,62769.23076923077,328.8652193060732
0.13,0.33,62769.23076923077,329.4280609583488
0.15,0.33,62769.23076923077,329.8508743796621
0.17,0.33,62769.23076923077,330.1331929205376
0.19,0.33,62769.23076923077,330.2745070957538
0.21,0.33,62769.23076923077,330.27450709575373
0.23,0.33,62769.23076923077,330.1331929205375
0.25,0.33,62769.23076923077,329.850874379662
0.27,0.33,62769.23076923077,329.4280609583487
0.29,0.33,62769.23076923077,328.865219306073
0.31,0.33,62769.23076923077,328.16235300674606
0.33,0.33,62769.23076923077,327.3183381854081
0.35,0.33,62769.23076923077,326.3299489895551
0.37,0.33,62769.23076923077,325.19059024130365
0.39,0.33,62769.23076923077,323.8891451979678
0.01,0.35,62769.23076923077,323.73284642635434
0.03,0.35,62769.23076923077,324.7317641512695
0.05,0.35,62769.23076923077,325.591562336242
0.07,0.35,62769.23076923077,326.3299489895552
0.09,0.35,62769.23076923077,326.9567533934092
0.11,0.35,62769.23076923077,327.4769047670343
0.13,0.35,62769.23076923077,327.8925552916556
0.15,0.35,62769.23076923077,328.2044013923785
0.17,0.35,62769.23076923077,328.41247079062106
0.19,0.35,62769.23076923077,328.5165790648424
0.21,0.35,62769.23076923077,328.5165790648424
0.23,0.35,62769.23076923077,328.412470790621
0.25,0.35,62769.23076923077,328.20440139237843
0.27,0.35,62769.23076923077,327.8925552916554
0.29,0.35,62769.23076923077,327.4769047670341
0.31,0.35,62769.23076923077,326.95675339340903
0.33,0.35,62769.23076923077,326.3299489895551
0.35,0.35,62769.23076923077,325.59156233624185
0.37,0.35,62769.23076923077,324.73176415126943
0.39,0.35,62769.23076923077,323.73284642635434
0.01,0.37,62769.23076923077,323.5458202259569
0.03,0.37,62769.23076923077,324.1907261151976
0.05,0.37,62769.23076923077,324.7317641512695
0.07,0.37,62769.23076923077,325.19059024130377
0.09,0.37,62769.23076923077,325.57760335445096
0.11,0.37,62769.23076923077,325.89767874816766
0.13,0.37,62769.23076923077,326.15297002569014
0.15,0.37,62769.23076923077,326.3443007566265
0.17,0.37,62769.23076923077,326.4718834216043
0.19,0.37,62769.23076923077,326.5357002652569
0.21,0.37,62769.23076923077,326.5357002652568
0.23,0.37,62769.23076923077,326.4718834216042
0.25,0.37,62769.23076923077,326.34430075662647
0.27,0.37,62769.23076923077,326.15297002569
0.29,0.37,62769.23076923077,325.8976787481675
0.31,0.37,62769.23076923077,325.5776033544508
0.33,0.37,62769.23076923077,325.19059024130365
0.35,0.37,62769.23076923077,324.73176415126943
0.37,0.37,62769.23076923077,324.19072611519755
0.39,0.37,62769.23076923077,323.5458202259569
0.01,0.39,62769.23076923077,323.313074489058
0.03,0.39,62769.23076923077,323.5458202259569
0.05,0.39,62769.23076923077,323.73284642635434
0.07,0.39,62769.23076923077,323.8891451979679
0.09,0.39,62769.23076923077,324.0202427996966
0.11,0.39,62769.23076923077,324.128399003439
0.13,0.39,62769.23076923077,324.21455987033727
0.15,0.39,62769.23076923077,324.2790929754725
0.17,0.39,62769.23076923077,324.3221101246676
0.19,0.39,62769.23076923077,324.34362367679967
0.21,0.39,62769.23076923077,324.34362367679967
0.23,0.39,62769.23076923077,324.3221101246676
0.25,0.39,62769.23076923077,324.27909297547245
0.27,0.39,62769.23076923077,324.2145598703372
0.29,0.39,62769.23076923077,324.1283990034389
0.31,0.39,62769.23076923077,324.0202427996966
0.33,0.39,62769.23076923077,323.8891451979678
0.35,0.39,62769.23076923077,323.7328464263543
0.37,0.39,62769.23076923077,323.5458202259569
0.39,0.39,62769.23076923077,323.313074489058
0.01,0.01,64615.38461538462,323.3048771534631
0.03,0.01,64615.38461538462,323.52486684677547
0.05,0.01,64615.38461538462,323.70108789905964
0.07,0.01,64615.38461538462,323.8480554444734
0.09,0.01,64615.38461538462,323.9711579006333
0.11,0.01,64615.38461538462,324.0726244314467
0.13,0.01,64615.38461538462,324.1534061747709
0.15,0.01,64615.38461538462,324.2138860041481
0.17,0.01,64615.38461538462,324.2541912191157
0.19,0.01,64615.38461538462,324.2743457698873
0.21,0.01,64615.38461538462,324.2743457698873
0.23,0.01,64615.38461538462,324.2541912191157
0.25,0.01,64615.38461538462,324.2138860041481
0.27,0.01,64615.38461538462,324.15340617477085
0.29,0.01,64615.38461538462,324.0726244314467
0.31,0.01,64615.38461538462,323.9711579006333
0.33,0.01,64615.38461538462,323.8480554444734
0.35,0.01,64615.38461538462,323.70108789905964
0.37,0.01,64615.38461538462,323.52486684677547
0.39,0.01,64615.38461538462,323.304877153463
0.01,0.03,64615.38461538462,323.52486684677547
0.03,0.03,64615.38461538462,324.1336977649335
0.05,0.03,64615.38461538462,324.6432365615277
0.07,0.03,64615.38461538462,325.0745927591061
0.09,0.03,64615.38461538462,325.4379855435029
0.11,0.03,64615.38461538462,325.7382687705356
0.13,0.03,64615.38461538462,325.97763507760857
0.15,0.03,64615.38461538462,326.1569624925022
0.17,0.03,64615.38461538462,326.276512996637
0.19,0.03,64615.38461538462,326.336304547018
0.21,0.03,64615.38461538462,326.336304547018
0.23,0.03,64615.38461538462,326.276512996637
0.25,0.03,64615.38461538462,326.15696249250226
0.27,0.03,64615.38461538462,325.9776350776085
0.29,0.03,64615.38461538462,325.7382687705355
0.31,0.03,64615.38461538462,325.43798554350286
0.33,0.03,64615.38461538462,325.07459275910605
0.35,0.03,64615.38461538462,324.6432365615277
0.37,0.03,64615.38461538462,324.1336977649335
0.39,0.03,64615.38461538462,323.52486684677547
0.01,0.05,64615.38461538462,323.70108789905964
0.03,0.05,64615.38461538462,324.6432365615277
0.05,0.05,64615.38461538462,325.4525732952076
0.07,0.05,64615.38461538462,326.1465898538263
0.09,0.05,64615.38461538462,326.7350926804705
0.11,0.05,64615.38461538462,327.2230883686847
0.13,0.05,64615.38461538462,327.6128411827529
0.15,0.05,64615.38461538462,327.9051576303973
0.17,0.05,64615.38461538462,328.1001554166872
0.19,0.05,64615.38461538462,328.19771219029417
0.21,0.05,64615.38461538462,328.1977121902941
0.23,0.05,64615.38461538462,328.1001554166872
0.25,0.05,64615.38461538462,327.9051576303973
0.27,0.05,64615.38461538462,327.6128411827529
0.29,0.05,64615.38461538462,327.2230883686847
0.31,0.05,64615.38461538462,326.7350926804705
0.33,0.05,64615.38461538462,326.14658985382624
0.35,0.05,64615.38461538462,325.4525732952076
0.37,0.05,64615.38461538462,324.6432365615277
0.39,0.05,64615.38461538462,323.70108789905964
0.01,0.07,64615.38461538462,323.8480554444734
0.03,0.07,64615.38461538462,325.07459275910617
0.05,0.07,64615.38461538462,326.1465898538263
0.07,0.07,64615.38461538462,327.0753646759648
0.09,0.07,64615.38461538462,327.86773601259296
0.11,0.07,64615.38461538462,328.52716159991905
0.13,0.07,64615.38461538462,329.0549798422033
0.15,0.07,64615.38461538462,329.4513668601156
0.17,0.07,64615.38461538462,329.7159924169988
0.19,0.07,64615.38461538462,329.8484376184667
0.21,0.07,64615.38461538462,329.84843761846673
0.23,0.07,64615.38461538462,329.7159924169988
0.25,0.07,64615.38461538462,329.4513668601156
0.27,0.07,64615.38461538462,329.0549798422034
0.29,0.07,64615.38461538462,328.5271615999191
0.31,0.07,64615.38461538462,327.8677360125929
0.33,0.07,64615.38461538462,327.0753646759647
0.35,0.07,64615.38461538462,326.1465898538263
0.37,0.07,64615.38461538462,325.0745927591061
0.39,0.07,64615.38461538462,323.84805544447346
0.01,0.09,64615.38461538462,323.9711579006333
0.03,0.09,64615.38461538462,325.4379855435029
0.05,0.09,64615.38461538462,326.73509268047053
0.07,0.09,64615.38461538462,327.867736012593
0.09,0.09,64615.38461538462,328.8389707573908
0.11,0.09,64615.38461538462,329.6499058563535
0.13,0.09,64615.38461538462,330.3003608380129
0.15,0.09,64615.38461538462,330.78949691182146
0.17,0.09,64615.38461538462,331.1163053278813
0.19,0.09,64615.38461538462,331.2799441760265
0.21,0.09,64615.38461538462,331.27994417602645
0.23,0.09,64615.38461538462,331.1163053278813
0.25,0.09,64615.38461538462,330.7894969118214
0.27,0.09,64615.38461538462,330.3003608380129
0.29,0.09,64615.38461538462,329.64990585635354
0.31,0.09,64615.38461538462,328.8389707573907
0.33,0.09,64615.38461538462,327.8677360125929
0.35,0.09,64615.38461538462,326.7350926804705
0.37,0.09,64615.38461538462,325.4379855435029
0.39,0.09,64615.38461538462,323.97115790063333
0.01,0.11,64615.38461538462,324.07262443144674
0.03,0.11,64615.38461538462,325.7382687705356
0.05,0.11,64615.38461538462,327.2230883686847
0.07,0.11,64615.38461538462,328.5271615999191
0.09,0.11,64615.38461538462,329.64990585635354
0.11,0.11,64615.38461538462,330.5899226832105
0.13,0.11,64615.38461538462,331.3453074614709
0.15,0.11,64615.38461538462,331.9140386159802
0.17,0.11,64615.38461538462,332.2943151688124
0.19,0.11,64615.38461538462,332.4848054177501
0.21,0.11,64615.38461538462,332.48480541775007
0.23,0.11,64615.38461538462,332.2943151688123
0.25,0.11,64615.38461538462,331.9140386159802
0.27,0.11,64615.38461538462,331.345307461471
0.29,0.11,64615.38461538462,330.5899226832105
0.31,0.11,64615.38461538462,329.6499058563535
0.33,0.11,64615.38461538462,328.527161599919
0.35,0.11,64615.38461538462,327.22308836868467
0.37,0.11,64615.38461538462,325.7382687705355
0.39,0.11,64615.38461538462,324.0726244314467
0.01,0.13,64615.38461538462,324.1534061747709
0.03,0.13,64615.38461538462,325.9776350776085
0.05,0.13,64615.38461538462,327.61284118275296
0.07,0.13,64615.38461538462,329.0549798422033
0.09,0.13,64615.38461538462,330.3003608380129
0.11,0.13,64615.38461538462,331.3453074614709
0.13,0.13,64615.38461538462,332.1862751346792
0.15,0.13,64615.38461538462,332.8200854020992
0.17,0.13,64615.38461538462,333.2441515066073
0.19,0.13,64615.38461538462,333.4566535718398
0.21,0.13,64615.38461538462,333.4566535718397
0.23,0.13,64615.38461538462,333.2441515066072
0.25,0.13,64615.38461538462,332.8200854020991
0.27,0.13,64615.38461538462,332.1862751346792
0.29,0.13,64615.38461538462,331.3453074614709
0.31,0.13,64615.38461538462,330.30036083801286
0.33,0.13,64615.38461538462,329.0549798422033
0.35,0.13,64615.38461538462,327.61284118275285
0.37,0.13,64615.38461538462,325.97763507760845
0.39,0.13,64615.38461538462,324.15340617477085
0.01,0.15,64615.38461538462,324.2138860041481
0.03,0.15,64615.38461538462,326.1569624925022
0.05,0.15,64615.38461538462,327.90515763039724
0.07,0.15,64615.38461538462,329.4513668601156
0.09,0.15,64615.38461538462,330.78949691182146
0.11,0.15,64615.38461538462,331.9140386159802
0.13,0.15,64615.38461538462,332.8200854020992
0.15,0.15,64615.38461538462,333.50347580489733
0.17,0.15,64615.38461538462,333.96094593375085
0.19,0.15,64615.38461538462,334.1902519968387
0.21,0.15,64615.38461538462,334.19025199683864
0.23,0.15,64615.38461538462,333.9609459337507
0.25,0.15,64615.38461538462,333.5034758048972
0.27,0.15,64615.38461538462,332.8200854020991
0.29,0.15,64615.38461538462,331.91403861598013
0.31,0.15,64615.38461538462,330.7894969118214
0.33,0.15,64615.38461538462,329.4513668601155
0.35,0.15,64615.38461538462,327.90515763039724
0.37,0.15,64615.38461538462,326.1569624925022
0.39,0.15,64615.38461538462,324.2138860041481
0.01,0.17,64615.38461538462,324.2541912191156
0.03,0.17,64615.38461538462,326.276512996637
0.05,0.17,64615.38461538462,328.1001554166872
0.07,0.17,64615.38461538462,329.7159924169988
0.09,0.17,64615.38461538462,331.1163053278813
0.11,0.17,64615.38461538462,332.29431516881226
0.13,0.17,64615.38461538462,333.2441515066073
0.15,0.17,64615.38461538462,333.96094593375085
0.17,0.17,64615.38461538462,334.4409422060218
0.19,0.17,64615.38461538462,334.6815862407462
0.21,0.17,64615.38461538462,334.6815862407461
0.23,0.17,64615.38461538462,334.4409422060217
0.25,0.17,64615.38461538462,333.96094593375074
0.27,0.17,64615.38461538462,333.2441515066072
0.29,0.17,64615.38461538462,332.2943151688122
0.31,0.17,64615.38461538462,331.1163053278812
0.33,0.17,64615.38461538462,329.7159924169987
0.35,0.17,64615.38461538462,328.1001554166872
0.37,0.17,64615.38461538462,326.276512996637
0.39,0.17,64615.38461538462,324.2541912191157
0.01,0.19,64615.38461538462,324.27434576988725
0.03,0.19,64615.38461538462,326.336304547018
0.05,0.19,64615.38461538462,328.1977121902941
0.07,0.19,64615.38461538462,329.84843761846673
0.09,0.19,64615.38461538462,331.27994417602645
0.11,0.19,64615.38461538462,332.48480541775007
0.13,0.19,64615.38461538462,333.4566535718397
0.15,0.19,64615.38461538462,334.1902519968387
0.17,0.19,64615.38461538462,334.6815862407462
0.19,0.19,64615.38461538462,334.92793880006934
0.21,0.19,64615.38461538462,334.9279388000693
0.23,0.19,64615.38461538462,334.68158624074607
0.25,0.19,64615.38461538462,334.1902519968386
0.27,0.19,64615.38461538462,333.4566535718397
0.29,0.19,64615.38461538462,332.48480541775
0.31,0.19,64615.38461538462,331.2799441760264
0.33,0.19,64615.38461538462,329.8484376184666
0.35,0.19,64615.38461538462,328.197712190294
0.37,0.19,64615.38461538462,326.3363045470179
0.39,0.19,64615.38461538462,324.27434576988725
0.01,0.21,64615.38461538462,324.27434576988725
0.03,0.21,64615.38461538462,326.336304547018
0.05,0.21,64615.38461538462,328.1977121902941
0.07,0.21,64615.38461538462,329.8484376184667
0.09,0.21,64615.38461538462,331.2799441760265
0.11,0.21,64615.38461538462,332.48480541775007
0.13,0.21,64615.38461538462,333.4566535718398
0.15,0.21,64615.38461538462,334.19025199683864
0.17,0.21,64615.38461538462,334.6815862407461
0.19,0.21,64615.38461538462,334.92793880006934
0.21,0.21,64615.38461538462,334.9279388000692
0.23,0.21,64615.38461538462,334.681586240746
0.25,0.21,64615.38461538462,334.1902519968386
0.27,0.21,64615.38461538462,333.4566535718397
0.29,0.21,64615.38461538462,332.48480541775
0.31,0.21,64615.38461538462,331.2799441760264
0.33,0.21,64615.38461538462,329.8484376184666
0.35,0.21,64615.38461538462,328.197712190294
0.37,0.21,64615.38461538462,326.3363045470179
0.39,0.21,64615.38461538462,324.27434576988725
0.01,0.23,64615.38461538462,324.2541912191157
0.03,0.23,64615.38461538462,326.276512996637
0.05,0.23,64615.38461538462,328.1001554166872
0.07,0.23,64615.38461538462,329.71599241699886
0.09,0.23,64615.38461538462,331.1163053278814
0.11,0.23,64615.38461538462,332.2943151688124
0.13,0.23,64615.38461538462,333.2441515066073
0.15,0.23,64615.38461538462,333.9609459337508
0.17,0.23,64615.38461538462,334.4409422060218
0.19,0.23,64615.38461538462,334.6815862407461
0.21,0.23,64615.38461538462,334.681586240746
0.23,0.23,64615.38461538462,334.4409422060217
0.25,0.23,64615.38461538462,333.9609459337507
0.27,0.23,64615.38461538462,333.2441515066072
0.29,0.23,64615.38461538462,332.29431516881226
0.31,0.23,64615.38461538462,331.1163053278812
0.33,0.23,64615.38461538462,329.7159924169987
0.35,0.23,64615.38461538462,328.1001554166872
0.37,0.23,64615.38461538462,326.2765129966369
0.39,0.23,64615.38461538462,324.2541912191157
0.01,0.25,64615.38461538462,324.2138860041482
0.03,0.25,64615.38461538462,326.15696249250226
0.05,0.25,64615.38461538462,327.9051576303973
0.07,0.25,64615.38461538462,329.4513668601156
0.09,0.25,64615.38461538462,330.78949691182146
0.11,0.25,64615.38461538462,331.91403861598025
0.13,0.25,64615.38461538462,332.82008540209927
0.15,0.25,64615.38461538462,333.50347580489733
0.17,0.25,64615.38461538462,333.9609459337508
0.19,0.25,64615.38461538462,334.19025199683864
0.21,0.25,64615.38461538462,334.1902519968386
0.23,0.25,64615.38461538462,333.9609459337507
0.25,0.25,64615.38461538462,333.5034758048972
0.27,0.25,64615.38461538462,332.8200854020991
0.29,0.25,64615.38461538462,331.91403861598013
0.31,0.25,64615.38461538462,330.78949691182135
0.33,0.25,64615.38461538462,329.45136686011546
0.35,0.25,64615.38461538462,327.9051576303972
0.37,0.25,64615.38461538462,326.15696249250215
0.39,0.25,64615.38461538462,324.2138860041481
0.01,0.27,64615.38461538462,324.15340617477085
0.03,0.27,64615.38461538462,325.97763507760857
0.05,0.27,64615.38461538462,327.61284118275296
0.07,0.27,64615.38461538462,329.0549798422034
0.09,0.27,64615.38461538462,330.3003608380129
0.11,0.27,64615.38461538462,331.34530746147107
0.13,0.27,64615.38461538462,332.1862751346793
0.15,0.27,64615.38461538462,332.82008540209927
0.17,0.27,64615.38461538462,333.2441515066073
0.19,0.27,64615.38461538462,333.4566535718398
0.21,0.27,64615.38461538462,333.4566535718397
0.23,0.27,64615.38461538462,333.2441515066072
0.25,0.27,64615.38461538462,332.82008540209915
0.27,0.27,64615.38461538462,332.1862751346792
0.29,0.27,64615.38461538462,331.3453074614709
0.31,0.27,64615.38461538462,330.3003608380128
0.33,0.27,64615.38461538462,329.0549798422033
0.35,0.27,64615.38461538462,327.6128411827528
0.37,0.27,64615.38461538462,325.97763507760845
0.39,0.27,64615.38461538462,324.15340617477085
0.01,0.29,64615.38461538462,324.07262443144674
0.03,0.29,64615.38461538462,325.7382687705356
0.05,0.29,64615.38461538462,327.2230883686848
0.07,0.29,64615.38461538462,328.5271615999191
0.09,0.29,64615.38461538462,329.64990585635354
0.11,0.29,64615.38461538462,330.5899226832106
0.13,0.29,64615.38461538462,331.34530746147107
0.15,0.29,64615.38461538462,331.91403861598025
0.17,0.29,64615.38461538462,332.2943151688124
0.19,0.29,64615.38461538462,332.4848054177502
0.21,0.29,64615.38461538462,332.4848054177501
0.23,0.29,64615.38461538462,332.2943151688123
0.25,0.29,64615.38461538462,331.91403861598013
0.27,0.29,64615.38461538462,331.3453074614709
0.29,0.29,64615.38461538462,330.5899226832105
0.31,0.29,64615.38461538462,329.6499058563535
0.33,0.29,64615.38461538462,328.52716159991905
0.35,0.29,64615.38461538462,327.22308836868467
0.37,0.29,64615.38461538462,325.73826877053546
0.39,0.29,64615.38461538462,324.0726244314467
0.01,0.31,64615.38461538462,323.97115790063333
0.03,0.31,64615.38461538462,325.437985543503
0.05,0.31,64615.38461538462,326.7350926804706
0.07,0.31,64615.38461538462,327.867736012593
0.09,0.31,64615.38461538462,328.8389707573908
0.11,0.31,64615.38461538462,329.64990585635354
0.13,0.31,64615.38461538462,330.3003608380129
0.15,0.31,64615.38461538462,330.78949691182146
0.17,0.31,64615.38461538462,331.1163053278813
0.19,0.31,64615.38461538462,331.27994417602656
0.21,0.31,64615.38461538462,331.27994417602656
0.23,0.31,64615.38461538462,331.1163053278813
0.25,0.31,64615.38461538462,330.7894969118214
0.27,0.31,64615.38461538462,330.3003608380128
0.29,0.31,64615.38461538462,329.6499058563535
0.31,0.31,64615.38461538462,328.8389707573908
0.33,0.31,64615.38461538462,327.86773601259296
0.35,0.31,64615.38461538462,326.7350926804705
0.37,0.31,64615.38461538462,325.43798554350286
0.39,0.31,64615.38461538462,323.97115790063333
0.01,0.33,64615.38461538462,323.8480554444734
0.03,0.33,64615.38461538462,325.07459275910617
0.05,0.33,64615.38461538462,326.1465898538264
0.07,0.33,64615.38461538462,327.07536467596486
0.09,0.33,64615.38461538462,327.867736012593
0.11,0.33,64615.38461538462,328.5271615999191
0.13,0.33,64615.38461538462,329.0549798422034
0.15,0.33,64615.38461538462,329.4513668601156
0.17,0.33,64615.38461538462,329.71599241699886
0.19,0.33,64615.38461538462,329.84843761846673
0.21,0.33,64615.38461538462,329.84843761846673
0.23,0.33,64615.38461538462,329.7159924169988
0.25,0.33,64615.38461538462,329.4513668601155
0.27,0.33,64615.38461538462,329.0549798422033
0.29,0.33,64615.38461538462,328.52716159991905
0.31,0.33,64615.38461538462,327.86773601259296
0.33,0.33,64615.38461538462,327.07536467596475
0.35,0.33,64615.38461538462,326.1465898538263
0.37,0.33,64615.38461538462,325.07459275910617
0.39,0.33,64615.38461538462,323.84805544447346
0.01,0.35,64615.38461538462,323.7010878990597
0.03,0.35,64615.38461538462,324.64323656152783
0.05,0.35,64615.38461538462,325.4525732952077
0.07,0.35,64615.38461538462,326.1465898538264
0.09,0.35,64615.38461538462,326.7350926804706
0.11,0.35,64615.38461538462,327.2230883686848
0.13,0.35,64615.38461538462,327.61284118275296
0.15,0.35,64615.38461538462,327.9051576303973
0.17,0.35,64615.38461538462,328.10015541668724
0.19,0.35,64615.38461538462,328.19771219029417
0.21,0.35,64615.38461538462,328.19771219029417
0.23,0.35,64615.38461538462,328.1001554166872
0.25,0.35,64615.38461538462,327.90515763039724
0.27,0.35,64615.38461538462,327.61284118275285
0.29,0.35,64615.38461538462,327.22308836868467
0.31,0.35,64615.38461538462,326.7350926804705
0.33,0.35,64615.38461538462,326.14658985382624
0.35,0.35,64615.38461538462,325.4525732952076
0.37,0.35,64615.38461538462,324.6432365615278
0.39,0.35,64615.38461538462,323.70108789905964
0.01,0.37,64615.38461538462,323.5248668467755
0.03,0.37,64615.38461538462,324.1336977649336
0.05,0.37,64615.38461538462,324.64323656152783
0.07,0.37,64615.38461538462,325.07459275910617
0.09,0.37,64615.38461538462,325.4379855435029
0.11,0.37,64615.38461538462,325.7382687705356
0.13,0.37,64615.38461538462,325.97763507760857
0.15,0.37,64615.38461538462,326.15696249250226
0.17,0.37,64615.38461538462,326.276512996637
0.19,0.37,64615.38461538462,326.336304547018
0.21,0.37,64615.38461538462,326.336304547018
0.23,0.37,64615.38461538462,326.276512996637
0.25,0.37,64615.38461538462,326.1569624925022
0.27,0.37,64615.38461538462,325.97763507760845
0.29,0.37,64615.38461538462,325.7382687705355
0.31,0.37,64615.38461538462,325.43798554350286
0.33,0.37,64615.38461538462,325.07459275910605
0.35,0.37,64615.38461538462,324.6432365615277
0.37,0.37,64615.38461538462,324.1336977649336
0.39,0.37,64615.38461538462,323.5248668467755
0.01,0.39,64615.38461538462,323.3048771534631
0.03,0.39,64615.38461538462,323.5248668467755
0.05,0.39,64615.38461538462,323.7010878990597
0.07,0.39,64615.38461538462,323.8480554444734
0.09,0.39,64615.38461538462,323.9711579006333
0.11,0.39,64615.38461538462,324.07262443144674
0.13,0.39,64615.38461538462,324.1534061747709
0.15,0.39,64615.38461538462,324.2138860041481
0.17,0.39,64615.38461538462,324.2541912191157
0.19,0.39,64615.38461538462,324.27434576988725
0.21,0.39,64615.38461538462,324.2743457698873
0.23,0.39,64615.38461538462,324.2541912191157
0.25,0.39,64615.38461538462,324.2138860041481
0.27,0.39,64615.38461538462,324.15340617477085
0.29,0.39,64615.38461538462,324.0726244314467
0.31,0.39,64615.38461538462,323.9711579006333
0.33,0.39,64615.38461538462,323.8480554444734
0.35,0.39,64615.38461538462,323.70108789905964
0.37,0.39,64615.38461538462,323.5248668467755
0.39,0.39,64615.38461538462,323.30487715346305
0.01,0.01,66461.53846153847,323.2972099015089
0.03,0.01,66461.53846153847,323.50527171658865
0.05,0.01,66461.53846153847,323.6713864833166
0.07,0.01,66461.53846153847,323.8096216033373
0.09,0.01,66461.53846153847,323.9252369822284
0.11,0.01,66461.53846153847,324.0204345997537
0.13,0.01,66461.53846153847,324.0961722657427
0.15,0.01,66461.53846153847,324.15284916661227
0.17,0.01,66461.53846153847,324.1906088683735
0.19,0.01,66461.53846153847,324.2094874764728
0.21,0.01,66461.53846153847,324.2094874764727
0.23,0.01,66461.53846153847,324.19060886837343
0.25,0.01,66461.53846153847,324.15284916661227
0.27,0.01,66461.53846153847,324.09617226574267
0.29,0.01,66461.53846153847,324.0204345997537
0.31,0.01,66461.53846153847,323.92523698222845
0.33,0.01,66461.53846153847,323.8096216033373
0.35,0.01,66461.53846153847,323.67138648331667
0.37,0.01,66461.53846153847,323.5052717165886
0.39,0.01,66461.53846153847,323.2972099015089
0.01,0.03,66461.53846153847,323.50527171658865
0.03,0.03,66461.53846153847,324.08036796167454
0.05,0.03,66461.53846153847,324.56044069169945
0.07,0.03,66461.53846153847,324.96608525220125
0.09,0.03,66461.53846153847,325.3073543310274
0.11,0.03,66461.53846153847,325.5890862662129
0.13,0.03,66461.53846153847,325.81351608277333
0.15,0.03,66461.53846153847,325.98157883746734
0.17,0.03,66461.53846153847,326.09358819691295
0.19,0.03,66461.53846153847,326.1495995031786
0.21,0.03,66461.53846153847,326.1495995031786
0.23,0.03,66461.53846153847,326.09358819691295
0.25,0.03,66461.53846153847,325.9815788374674
0.27,0.03,66461.53846153847,325.8135160827734
0.29,0.03,66461.53846153847,325.5890862662129
0.31,0.03,66461.53846153847,325.30735433102745
0.33,0.03,66461.53846153847,324.9660852522013
0.35,0.03,66461.53846153847,324.5604406916994
0.37,0.03,66461.53846153847,324.0803679616745
0.39,0.03,66461.53846153847,323.5052717165886
0.01,0.05,66461.53846153847,323.67138648331667
0.03,0.05,66461.53846153847,324.56044069169945
0.05,0.05,66461.53846153847,325.322562624664
0.07,0.05,66461.53846153847,325.97503770734426
0.09,0.05,66461.53846153847,326.5276545107748
0.11,0.05,66461.53846153847,326.9854999829845
0.13,0.05,66461.53846153847,327.35095337608783
0.15,0.05,66461.53846153847,327.6249345924755
0.17,0.05,66461.53846153847,327.8076546861953
0.19,0.05,66461.53846153847,327.89905614023024
0.21,0.05,66461.53846153847,327.89905614023024
0.23,0.05,66461.53846153847,327.8076546861953
0.25,0.05,66461.53846153847,327.6249345924755
0.27,0.05,66461.53846153847,327.3509533760879
0.29,0.05,66461.53846153847,326.9854999829845
0.31,0.05,66461.53846153847,326.5276545107749
0.33,0.05,66461.53846153847,325.97503770734426
0.35,0.05,66461.53846153847,325.322562624664
0.37,0.05,66461.53846153847,324.5604406916994
0.39,0.05,66461.53846153847,323.67138648331667
0.01,0.07,66461.53846153847,323.8096216033373
0.03,0.07,66461.53846153847,324.9660852522013
0.05,0.07,66461.53846153847,325.97503770734426
0.07,0.07,66461.53846153847,326.8479804608645
0.09,0.07,66461.53846153847,327.5919471288721
0.11,0.07,66461.53846153847,328.2106241712588
0.13,0.07,66461.53846153847,328.70556540508426
0.15,0.07,66461.53846153847,329.0771300692351
0.17,0.07,66461.53846153847,329.32512870138027
0.19,0.07,66461.53846153847,329.4492368468217
0.21,0.07,66461.53846153847,329.4492368468217
0.23,0.07,66461.53846153847,329.32512870138027
0.25,0.07,66461.53846153847,329.0771300692351
0.27,0.07,66461.53846153847,328.70556540508426
0.29,0.07,66461.53846153847,328.2106241712587
0.31,0.07,66461.53846153847,327.59194712887205
0.33,0.07,66461.53846153847,326.8479804608645
0.35,0.07,66461.53846153847,325.9750377073442
0.37,0.07,66461.53846153847,324.9660852522013
0.39,0.07,66461.53846153847,323.8096216033373
0.01,0.09,66461.53846153847,323.9252369822284
0.03,0.09,66461.53846153847,325.3073543310274
0.05,0.09,66461.53846153847,326.5276545107749
0.07,0.09,66461.53846153847,327.59194712887205
0.09,0.09,66461.53846153847,328.5037492621977
0.11,0.09,66461.53846153847,329.26456414270893
0.13,0.09,66461.53846153847,329.8745388676197
0.15,0.09,66461.53846153847,330.3330937106783
0.17,0.09,66461.53846153847,330.6394108144951
0.19,0.09,66461.53846153847,330.7927732000475
0.21,0.09,66461.53846153847,330.7927732000475
0.23,0.09,66461.53846153847,330.639410814495
0.25,0.09,66461.53846153847,330.33309371067827
0.27,0.09,66461.53846153847,329.8745388676196
0.29,0.09,66461.53846153847,329.2645641427088
0.31,0.09,66461.53846153847,328.50374926219763
0.33,0.09,66461.53846153847,327.59194712887205
0.35,0.09,66461.53846153847,326.5276545107749
0.37,0.09,66461.53846153847,325.30735433102745
0.39,0.09,66461.53846153847,323.9252369822284
0.01,0.11,66461.53846153847,324.0204345997537
0.03,0.11,66461.53846153847,325.5890862662129
0.05,0.11,66461.53846153847,326.9854999829845
0.07,0.11,66461.53846153847,328.2106241712587
0.09,0.11,66461.53846153847,329.2645641427089
0.11,0.11,66461.53846153847,330.146473902923
0.13,0.11,66461.53846153847,330.8548856998918
0.15,0.11,66461.53846153847,331.38811132541537
0.17,0.11,66461.53846153847,331.74458946272694
0.19,0.11,66461.53846153847,331.9231427778328
0.21,0.11,66461.53846153847,331.9231427778328
0.23,0.11,66461.53846153847,331.74458946272694
0.25,0.11,66461.53846153847,331.38811132541537
0.27,0.11,66461.53846153847,330.8548856998917
0.29,0.11,66461.53846153847,330.14647390292293
0.31,0.11,66461.53846153847,329.2645641427089
0.33,0.11,66461.53846153847,328.2106241712587
0.35,0.11,66461.53846153847,326.9854999829845
0.37,0.11,66461.53846153847,325.5890862662129
0.39,0.11,66461.53846153847,324.0204345997537
0.01,0.13,66461.53846153847,324.0961722657427
0.03,0.13,66461.53846153847,325.81351608277333
0.05,0.13,66461.53846153847,327.35095337608783
0.07,0.13,66461.53846153847,328.7055654050842
0.09,0.13,66461.53846153847,329.8745388676196
0.11,0.13,66461.53846153847,330.8548856998917
0.13,0.13,66461.53846153847,331.64359424854496
0.15,0.13,66461.53846153847,332.2378854636051
0.17,0.13,66461.53846153847,332.635455806475
0.19,0.13,66461.53846153847,332.8346660827272
0.21,0.13,66461.53846153847,332.8346660827272
0.23,0.13,66461.53846153847,332.635455806475
0.25,0.13,66461.53846153847,332.2378854636051
0.27,0.13,66461.53846153847,331.6435942485449
0.29,0.13,66461.53846153847,330.8548856998917
0.31,0.13,66461.53846153847,329.8745388676196
0.33,0.13,66461.53846153847,328.7055654050842
0.35,0.13,66461.53846153847,327.35095337608783
0.37,0.13,66461.53846153847,325.81351608277333
0.39,0.13,66461.53846153847,324.0961722657427
0.01,0.15,66461.53846153847,324.15284916661227
0.03,0.15,66461.53846153847,325.9815788374673
0.05,0.15,66461.53846153847,327.6249345924754
0.07,0.15,66461.53846153847,329.07713006923507
0.09,0.15,66461.53846153847,330.3330937106783
0.11,0.15,66461.53846153847,331.3881113254154
0.13,0.15,66461.53846153847,332.23788546360515
0.15,0.15,66461.53846153847,332.87870706501866
0.17,0.15,66461.53846153847,333.3076306710752
0.19,0.15,66461.53846153847,333.5226145354345
0.21,0.15,66461.53846153847,333.52261453543446
0.23,0.15,66461.53846153847,333.307630671075
0.25,0.15,66461.53846153847,332.8787070650185
0.27,0.15,66461.53846153847,332.23788546360504
0.29,0.15,66461.53846153847,331.3881113254153
0.31,0.15,66461.53846153847,330.33309371067827
0.33,0.15,66461.53846153847,329.07713006923507
0.35,0.15,66461.53846153847,327.6249345924755
0.37,0.15,66461.53846153847,325.9815788374674
0.39,0.15,66461.53846153847,324.1528491666123
0.01,0.17,66461.53846153847,324.19060886837343
0.03,0.17,66461.53846153847,326.0935881969129
0.05,0.17,66461.53846153847,327.8076546861953
0.07,0.17,66461.53846153847,329.3251287013802
0.09,0.17,66461.53846153847,330.639410814495
0.11,0.17,66461.53846153847,331.74458946272694
0.13,0.17,66461.53846153847,332.6354558064751
0.15,0.17,66461.53846153847,333.3076306710751
0.17,0.17,66461.53846153847,333.7577008778447
0.19,0.17,66461.53846153847,333.98332940048857
0.21,0.17,66461.53846153847,333.9833294004885
0.23,0.17,66461.53846153847,333.75770087784457
0.25,0.17,66461.53846153847,333.30763067107506
0.27,0.17,66461.53846153847,332.635455806475
0.29,0.17,66461.53846153847,331.7445894627269
0.31,0.17,66461.53846153847,330.639410814495
0.33,0.17,66461.53846153847,329.3251287013802
0.35,0.17,66461.53846153847,327.8076546861953
0.37,0.17,66461.53846153847,326.093588196913
0.39,0.17,66461.53846153847,324.1906088683735
0.01,0.19,66461.53846153847,324.2094874764728
0.03,0.19,66461.53846153847,326.1495995031786
0.05,0.19,66461.53846153847,327.89905614023024
0.07,0.19,66461.53846153847,329.4492368468217
0.09,0.19,66461.53846153847,330.79277320004746
0.11,0.19,66461.53846153847,331.9231427778328
0.13,0.19,66461.53846153847,332.8346660827272
0.15,0.19,66461.53846153847,333.52261453543446
0.17,0.19,66461.53846153847,333.98332940048857
0.19,0.19,66461.53846153847,334.21431796319894
0.21,0.19,66461.53846153847,334.21431796319894
0.23,0.19,66461.53846153847,333.9833294004885
0.25,0.19,66461.53846153847,333.52261453543446
0.27,0.19,66461.53846153847,332.8346660827272
0.29,0.19,66461.53846153847,331.9231427778328
0.31,0.19,66461.53846153847,330.79277320004746
0.33,0.19,66461.53846153847,329.44923684682163
0.35,0.19,66461.53846153847,327.8990561402302
0.37,0.19,66461.53846153847,326.1495995031786
0.39,0.19,66461.53846153847,324.2094874764727
0.01,0.21,66461.53846153847,324.2094874764728
0.03,0.21,66461.53846153847,326.14959950317865
0.05,0.21,66461.53846153847,327.89905614023024
0.07,0.21,66461.53846153847,329.4492368468217
0.09,0.21,66461.53846153847,330.7927732000475
0.11,0.21,66461.53846153847,331.9231427778328
0.13,0.21,66461.53846153847,332.8346660827272
0.15,0.21,66461.53846153847,333.52261453543446
0.17,0.21,66461.53846153847,333.9833294004885
0.19,0.21,66461.53846153847,334.21431796319894
0.21,0.21,66461.53846153847,334.21431796319894
0.23,0.21,66461.53846153847,333.9833294004885
0.25,0.21,66461.53846153847,333.52261453543446
0.27,0.21,66461.53846153847,332.8346660827272
0.29,0.21,66461.53846153847,331.9231427778328
0.31,0.21,66461.53846153847,330.79277320004746
0.33,0.21,66461.53846153847,329.44923684682163
0.35,0.21,66461.53846153847,327.89905614023024
0.37,0.21,66461.53846153847,326.1495995031786
0.39,0.21,66461.53846153847,324.2094874764728
0.01,0.23,66461.53846153847,324.1906088683735
0.03,0.23,66461.53846153847,326.093588196913
0.05,0.23,66461.53846153847,327.8076546861953
0.07,0.23,66461.53846153847,329.32512870138027
0.09,0.23,66461.53846153847,330.6394108144951
0.11,0.23,66461.53846153847,331.74458946272694
0.13,0.23,66461.53846153847,332.635455806475
0.15,0.23,66461.53846153847,333.30763067107506
0.17,0.23,66461.53846153847,333.7577008778446
0.19,0.23,66461.53846153847,333.98332940048857
0.21,0.23,66461.53846153847,333.9833294004885
0.23,0.23,66461.53846153847,333.75770087784457
0.25,0.23,66461.53846153847,333.30763067107506
0.27,0.23,66461.53846153847,332.635455806475
0.29,0.23,66461.53846153847,331.74458946272694
0.31,0.23,66461.53846153847,330.63941081449497
0.33,0.23,66461.53846153847,329.3251287013802
0.35,0.23,66461.53846153847,327.8076546861953
0.37,0.23,66461.53846153847,326.09358819691295
0.39,0.23,66461.53846153847,324.1906088683735
0.01,0.25,66461.53846153847,324.1528491666123
0.03,0.25,66461.53846153847,325.9815788374674
0.05,0.25,66461.53846153847,327.6249345924755
0.07,0.25,66461.53846153847,329.0771300692352
0.09,0.25,66461.53846153847,330.3330937106783
0.11,0.25,66461.53846153847,331.3881113254154
0.13,0.25,66461.53846153847,332.23788546360515
0.15,0.25,66461.53846153847,332.8787070650186
0.17,0.25,66461.53846153847,333.30763067107506
0.19,0.25,66461.53846153847,333.5226145354344
0.21,0.25,66461.53846153847,333.5226145354344
0.23,0.25,66461.53846153847,333.307630671075
0.25,0.25,66461.53846153847,332.87870706501855
0.27,0.25,66461.53846153847,332.2378854636051
0.29,0.25,66461.53846153847,331.3881113254154
0.31,0.25,66461.53846153847,330.3330937106783
0.33,0.25,66461.53846153847,329.07713006923507
0.35,0.25,66461.53846153847,327.6249345924754
0.37,0.25,66461.53846153847,325.98157883746734
0.39,0.25,66461.53846153847,324.1528491666123
0.01,0.27,66461.53846153847,324.0961722657427
0.03,0.27,66461.53846153847,325.8135160827734
0.05,0.27,66461.53846153847,327.3509533760879
0.07,0.27,66461.53846153847,328.7055654050843
0.09,0.27,66461.53846153847,329.8745388676198
0.11,0.27,66461.53846153847,330.8548856998918
0.13,0.27,66461.53846153847,331.64359424854496
0.15,0.27,66461.53846153847,332.2378854636051
0.17,0.27,66461.53846153847,332.635455806475
0.19,0.27,66461.53846153847,332.83466608272715
0.21,0.27,66461.53846153847,332.83466608272715
0.23,0.27,66461.53846153847,332.63545580647497
0.25,0.27,66461.53846153847,332.2378854636051
0.27,0.27,66461.53846153847,331.64359424854496
0.29,0.27,66461.53846153847,330.8548856998918
0.31,0.27,66461.53846153847,329.87453886761966
0.33,0.27,66461.53846153847,328.70556540508426
0.35,0.27,66461.53846153847,327.3509533760878
0.37,0.27,66461.53846153847,325.81351608277333
0.39,0.27,66461.53846153847,324.0961722657427
0.01,0.29,66461.53846153847,324.02043459975374
0.03,0.29,66461.53846153847,325.58908626621303
0.05,0.29,66461.53846153847,326.9854999829846
0.07,0.29,66461.53846153847,328.2106241712588
0.09,0.29,66461.53846153847,329.264564142709
0.11,0.29,66461.53846153847,330.14647390292305
0.13,0.29,66461.53846153847,330.8548856998918
0.15,0.29,66461.53846153847,331.3881113254154
0.17,0.29,66461.53846153847,331.74458946272694
0.19,0.29,66461.53846153847,331.9231427778329
0.21,0.29,66461.53846153847,331.9231427778328
0.23,0.29,66461.53846153847,331.7445894627269
0.25,0.29,66461.53846153847,331.3881113254154
0.27,0.29,66461.53846153847,330.8548856998918
0.29,0.29,66461.53846153847,330.146473902923
0.31,0.29,66461.53846153847,329.2645641427089
0.33,0.29,66461.53846153847,328.2106241712588
0.35,0.29,66461.53846153847,326.9854999829845
0.37,0.29,66461.53846153847,325.589086266213
0.39,0.29,66461.53846153847,324.0204345997537
0.01,0.31,66461.53846153847,323.92523698222845
0.03,0.31,66461.53846153847,325.3073543310275
0.05,0.31,66461.53846153847,326.52765451077494
0.07,0.31,66461.53846153847,327.59194712887216
0.09,0.31,66461.53846153847,328.50374926219774
0.11,0.31,66461.53846153847,329.26456414270893
0.13,0.31,66461.53846153847,329.87453886761966
0.15,0.31,66461.53846153847,330.3330937106783
0.17,0.31,66461.53846153847,330.63941081449514
0.19,0.31,66461.53846153847,330.7927732000476
0.21,0.31,66461.53846153847,330.7927732000476
0.23,0.31,66461.53846153847,330.6394108144951
0.25,0.31,66461.53846153847,330.3330937106784
0.27,0.31,66461.53846153847,329.87453886761966
0.29,0.31,66461.53846153847,329.2645641427089
0.31,0.31,66461.53846153847,328.5037492621977
0.33,0.31,66461.53846153847,327.5919471288721
0.35,0.31,66461.53846153847,326.52765451077494
0.37,0.31,66461.53846153847,325.3073543310275
0.39,0.31,66461.53846153847,323.92523698222845
0.01,0.33,66461.53846153847,323.80962160333735
0.03,0.33,66461.53846153847,324.96608525220137
0.05,0.33,66461.53846153847,325.9750377073444
0.07,0.33,66461.53846153847,326.8479804608646
0.09,0.33,66461.53846153847,327.59194712887216
0.11,0.33,66461.53846153847,328.2106241712588
0.13,0.33,66461.53846153847,328.70556540508426
0.15,0.33,66461.53846153847,329.0771300692352
0.17,0.33,66461.53846153847,329.3251287013803
0.19,0.33,66461.53846153847,329.44923684682175
0.21,0.33,66461.53846153847,329.44923684682175
0.23,0.33,66461.53846153847,329.3251287013803
0.25,0.33,66461.53846153847,329.0771300692351
0.27,0.33,66461.53846153847,328.70556540508426
0.29,0.33,66461.53846153847,328.2106241712588
0.31,0.33,66461.53846153847,327.5919471288721
0.33,0.33,66461.53846153847,326.84798046086456
0.35,0.33,66461.53846153847,325.9750377073443
0.37,0.33,66461.53846153847,324.96608525220137
0.39,0.33,66461.53846153847,323.8096216033373
0.01,0.35,66461.53846153847,323.67138648331667
0.03,0.35,66461.53846153847,324.56044069169945
0.05,0.35,66461.53846153847,325.32256262466404
0.07,0.35,66461.53846153847,325.9750377073443
0.09,0.35,66461.53846153847,326.52765451077494
0.11,0.35,66461.53846153847,326.9854999829846
0.13,0.35,66461.53846153847,327.3509533760879
0.15,0.35,66461.53846153847,327.6249345924755
0.17,0.35,66461.53846153847,327.80765468619546
0.19,0.35,66461.53846153847,327.8990561402303
0.21,0.35,66461.53846153847,327.8990561402303
0.23,0.35,66461.53846153847,327.8076546861954
0.25,0.35,66461.53846153847,327.6249345924755
0.27,0.35,66461.53846153847,327.3509533760879
0.29,0.35,66461.53846153847,326.9854999829845
0.31,0.35,66461.53846153847,326.5276545107749
0.33,0.35,66461.53846153847,325.97503770734426
0.35,0.35,66461.53846153847,325.322562624664
0.37,0.35,66461.53846153847,324.56044069169945
0.39,0.35,66461.53846153847,323.67138648331667
0.01,0.37,66461.53846153847,323.5052717165886
0.03,0.37,66461.53846153847,324.08036796167454
0.05,0.37,66461.53846153847,324.56044069169945
0.07,0.37,66461.53846153847,324.96608525220137
0.09,0.37,66461.53846153847,325.3073543310275
0.11,0.37,66461.53846153847,325.58908626621303
0.13,0.37,66461.53846153847,325.8135160827734
0.15,0.37,66461.53846153847,325.98157883746745
0.17,0.37,66461.53846153847,326.093588196913
0.19,0.37,66461.53846153847,326.14959950317865
0.21,0.37,66461.53846153847,326.14959950317865
0.23,0.37,66461.53846153847,326.093588196913
0.25,0.37,66461.53846153847,325.9815788374674
0.27,0.37,66461.53846153847,325.8135160827734
0.29,0.37,66461.53846153847,325.5890862662129
0.31,0.37,66461.53846153847,325.30735433102745
0.33,0.37,66461.53846153847,324.9660852522013
0.35,0.37,66461.53846153847,324.5604406916994
0.37,0.37,66461.53846153847,324.0803679616745
0.39,0.37,66461.53846153847,323.5052717165886
0.01,0.39,66461.53846153847,323.2972099015089
0.03,0.39,66461.53846153847,323.50527171658865
0.05,0.39,66461.53846153847,323.67138648331667
0.07,0.39,66461.53846153847,323.8096216033373
0.09,0.39,66461.53846153847,323.9252369822284
0.11,0.39,66461.53846153847,324.02043459975374
0.13,0.39,66461.53846153847,324.0961722657428
0.15,0.39,66461.53846153847,324.1528491666123
0.17,0.39,66461.53846153847,324.1906088683735
0.19,0.39,66461.53846153847,324.2094874764728
0.21,0.39,66461.53846153847,324.2094874764728
0.23,0.39,66461.53846153847,324.1906088683735
0.25,0.39,66461.53846153847,324.15284916661227
0.27,0.39,66461.53846153847,324.0961722657427
0.29,0.39,66461.53846153847,324.0204345997537
0.31,0.39,66461.53846153847,323.9252369822284
0.33,0.39,66461.53846153847,323.8096216033373
0.35,0.39,66461.53846153847,323.67138648331667
0.37,0.39,66461.53846153847,323.5052717165886
0.39,0.39,66461.53846153847,323.29720990150884
0.01,0.01,68307.69230769231,323.2900370181321
0.03,0.01,68307.69230769231,323.4869481377734
0.05,0.01,68307.69230769231,323.6436155116285
0.07,0.01,68307.69230769231,323.77368491118204
0.09,0.01,68307.69230769231,323.8822956281116
0.11,0.01,68307.69230769231,323.9716249852446
0.13,0.01,68307.69230769231,324.0426383779164
0.15,0.01,68307.69230769231,324.09575177098765
0.17,0.01,68307.69230769231,324.1311253430681
0.19,0.01,68307.69230769231,324.1488076239415
0.21,0.01,68307.69230769231,324.1488076239415
0.23,0.01,68307.69230769231,324.1311253430681
0.25,0.01,68307.69230769231,324.09575177098765
0.27,0.01,68307.69230769231,324.0426383779164
0.29,0.01,68307.69230769231,323.97162498524466
0.31,0.01,68307.69230769231,323.8822956281116
0.33,0.01,68307.69230769231,323.77368491118204
0.35,0.01,68307.69230769231,323.6436155116285
0.37,0.01,68307.69230769231,323.4869481377735
0.39,0.01,68307.69230769231,323.2900370181321
0.01,0.03,68307.69230769231,323.4869481377734
0.03,0.03,68307.69230769231,324.0305096724021
0.05,0.03,68307.69230769231,324.48303502670234
0.07,0.03,68307.69230769231,324.8646330807828
0.09,0.03,68307.69230769231,325.18520034187867
0.11,0.03,68307.69230769231,325.4495632317559
0.13,0.03,68307.69230769231,325.66000061156365
0.15,0.03,68307.69230769231,325.8175055420784
0.17,0.03,68307.69230769231,325.92244429698223
0.19,0.03,68307.69230769231,325.97491039645166
0.21,0.03,68307.69230769231,325.97491039645166
0.23,0.03,68307.69230769231,325.92244429698223
0.25,0.03,68307.69230769231,325.8175055420784
0.27,0.03,68307.69230769231,325.6600006115637
0.29,0.03,68307.69230769231,325.449563231756
0.31,0.03,68307.69230769231,325.1852003418787
0.33,0.03,68307.69230769231,324.8646330807828
0.35,0.03,68307.69230769231,324.48303502670234
0.37,0.03,68307.69230769231,324.03050967240216
0.39,0.03,68307.69230769231,323.4869481377735
0.01,0.05,68307.69230769231,323.6436155116285
0.03,0.05,68307.69230769231,324.48303502670234
0.05,0.05,68307.69230769231,325.20100958810826
0.07,0.05,68307.69230769231,325.81462467452644
0.09,0.05,68307.69230769231,326.33365257214416
0.11,0.05,68307.69230769231,326.7632603954842
0.13,0.05,68307.69230769231,327.1059423711646
0.15,0.05,68307.69230769231,327.36273254371287
0.17,0.05,68307.69230769231,327.5339366038202
0.19,0.05,68307.69230769231,327.6195631679201
0.21,0.05,68307.69230769231,327.6195631679201
0.23,0.05,68307.69230769231,327.5339366038202
0.25,0.05,68307.69230769231,327.3627325437129
0.27,0.05,68307.69230769231,327.1059423711647
0.29,0.05,68307.69230769231,326.7632603954843
0.31,0.05,68307.69230769231,326.3336525721442
0.33,0.05,68307.69230769231,325.81462467452644
0.35,0.05,68307.69230769231,325.20100958810826
0.37,0.05,68307.69230769231,324.48303502670234
0.39,0.05,68307.69230769231,323.6436155116285
0.01,0.07,68307.69230769231,323.7736849111821
0.03,0.07,68307.69230769231,324.8646330807828
0.05,0.07,68307.69230769231,325.81462467452644
0.07,0.07,68307.69230769231,326.63532503041046
0.09,0.07,68307.69230769231,327.3339705717314
0.11,0.07,68307.69230769231,327.9144695971123
0.13,0.07,68307.69230769231,328.3785884491116
0.15,0.07,68307.69230769231,328.72686942917824
0.17,0.07,68307.69230769231,328.9592653339034
0.19,0.07,68307.69230769231,329.075547944048
0.21,0.07,68307.69230769231,329.075547944048
0.23,0.07,68307.69230769231,328.9592653339034
0.25,0.07,68307.69230769231,328.72686942917824
0.27,0.07,68307.69230769231,328.3785884491117
0.29,0.07,68307.69230769231,327.9144695971124
0.31,0.07,68307.69230769231,327.3339705717314
0.33,0.07,68307.69230769231,326.63532503041046
0.35,0.07,68307.69230769231,325.81462467452644
0.37,0.07,68307.69230769231,324.8646330807829
0.39,0.07,68307.69230769231,323.7736849111821
0.01,0.09,68307.69230769231,323.8822956281116
0.03,0.09,68307.69230769231,325.18520034187867
0.05,0.09,68307.69230769231,326.33365257214416
0.07,0.09,68307.69230769231,327.3339705717314
0.09,0.09,68307.69230769231,328.1901069945701
0.11,0.09,68307.69230769231,328.9039449330574
0.13,0.09,68307.69230769231,329.4759527393486
0.15,0.09,68307.69230769231,329.90580863477834
0.17,0.09,68307.69230769231,330.19288725165325
0.19,0.09,68307.69230769231,330.3365988265956
0.21,0.09,68307.69230769231,330.3365988265956
0.23,0.09,68307.69230769231,330.19288725165325
0.25,0.09,68307.69230769231,329.9058086347784
0.27,0.09,68307.69230769231,329.47595273934866
0.29,0.09,68307.69230769231,328.9039449330574
0.31,0.09,68307.69230769231,328.1901069945701
0.33,0.09,68307.69230769231,327.3339705717314
0.35,0.09,68307.69230769231,326.3336525721442
0.37,0.09,68307.69230769231,325.1852003418787
0.39,0.09,68307.69230769231,323.8822956281116
0.01,0.11,68307.69230769231,323.97162498524466
0.03,0.11,68307.69230769231,325.4495632317559
0.05,0.11,68307.69230769231,326.7632603954842
0.07,0.11,68307.69230769231,327.9144695971123
0.09,0.11,68307.69230769231,328.9039449330574
0.11,0.11,68307.69230769231,329.7313713702871
0.13,0.11,68307.69230769231,330.39570841571106
0.15,0.11,68307.69230769231,330.89559906597344
0.17,0.11,68307.69230769231,331.2297233611801
0.19,0.11,68307.69230769231,331.3970610911823
0.21,0.11,68307.69230769231,331.3970610911823
0.23,0.11,68307.69230769231,331.2297233611801
0.25,0.11,68307.69230769231,330.89559906597344
0.27,0.11,68307.69230769231,330.39570841571106
0.29,0.11,68307.69230769231,329.73137137028704
0.31,0.11,68307.69230769231,328.9039449330574
0.33,0.11,68307.69230769231,327.9144695971123
0.35,0.11,68307.69230769231,326.7632603954842
0.37,0.11,68307.69230769231,325.449563231756
0.39,0.11,68307.69230769231,323.9716249852447
0.01,0.13,68307.69230769231,324.0426383779164
0.03,0.13,68307.69230769231,325.6600006115637
0.05,0.13,68307.69230769231,327.10594237116464
0.07,0.13,68307.69230769231,328.3785884491116
0.09,0.13,68307.69230769231,329.4759527393486
0.11,0.13,68307.69230769231,330.39570841571106
0.13,0.13,68307.69230769231,331.1353643674783
0.15,0.13,68307.69230769231,331.6925379238549
0.17,0.13,68307.69230769231,332.0652105763419
0.19,0.13,68307.69230769231,332.2519270006636
0.21,0.13,68307.69230769231,332.2519270006635
0.23,0.13,68307.69230769231,332.0652105763419
0.25,0.13,68307.69230769231,331.6925379238549
0.27,0.13,68307.69230769231,331.1353643674783
0.29,0.13,68307.69230769231,330.39570841571106
0.31,0.13,68307.69230769231,329.47595273934866
0.33,0.13,68307.69230769231,328.3785884491117
0.35,0.13,68307.69230769231,327.10594237116464
0.37,0.13,68307.69230769231,325.66000061156365
0.39,0.13,68307.69230769231,324.04263837791643
0.01,0.15,68307.69230769231,324.09575177098765
0.03,0.15,68307.69230769231,325.8175055420784
0.05,0.15,68307.69230769231,327.36273254371287
0.07,0.15,68307.69230769231,328.72686942917824
0.09,0.15,68307.69230769231,329.90580863477834
0.11,0.15,68307.69230769231,330.89559906597344
0.13,0.15,68307.69230769231,331.6925379238549
0.15,0.15,68307.69230769231,332.2933649023313
0.17,0.15,68307.69230769231,332.695454914942
0.19,0.15,68307.69230769231,332.89697181400425
0.21,0.15,68307.69230769231,332.89697181400425
0.23,0.15,68307.69230769231,332.69545491494205
0.25,0.15,68307.69230769231,332.29336490233135
0.27,0.15,68307.69230769231,331.6925379238549
0.29,0.15,68307.69230769231,330.89559906597344
0.31,0.15,68307.69230769231,329.9058086347784
0.33,0.15,68307.69230769231,328.72686942917824
0.35,0.15,68307.69230769231,327.3627325437129
0.37,0.15,68307.69230769231,325.81750554207844
0.39,0.15,68307.69230769231,324.0957517709877
0.01,0.17,68307.69230769231,324.1311253430681
0.03,0.17,68307.69230769231,325.92244429698223
0.05,0.17,68307.69230769231,327.53393660382017
0.07,0.17,68307.69230769231,328.9592653339033
0.09,0.17,68307.69230769231,330.1928872516532
0.11,0.17,68307.69230769231,331.22972336118005
0.13,0.17,68307.69230769231,332.0652105763418
0.15,0.17,68307.69230769231,332.69545491494205
0.17,0.17,68307.69230769231,333.11738831709755
0.19,0.17,68307.69230769231,333.3288946319949
0.21,0.17,68307.69230769231,333.32889463199484
0.23,0.17,68307.69230769231,333.11738831709755
0.25,0.17,68307.69230769231,332.69545491494205
0.27,0.17,68307.69230769231,332.0652105763419
0.29,0.17,68307.69230769231,331.22972336118005
0.31,0.17,68307.69230769231,330.19288725165325
0.33,0.17,68307.69230769231,328.95926533390343
0.35,0.17,68307.69230769231,327.5339366038202
0.37,0.17,68307.69230769231,325.9224442969823
0.39,0.17,68307.69230769231,324.1311253430681
0.01,0.19,68307.69230769231,324.1488076239415
0.03,0.19,68307.69230769231,325.97491039645166
0.05,0.19,68307.69230769231,327.6195631679201
0.07,0.19,68307.69230769231,329.075547944048
0.09,0.19,68307.69230769231,330.33659882659555
0.11,0.19,68307.69230769231,331.3970610911823
0.13,0.19,68307.69230769231,332.2519270006635
0.15,0.19,68307.69230769231,332.8969718140042
0.17,0.19,68307.69230769231,333.32889463199484
0.19,0.19,68307.69230769231,333.5454314883904
0.21,0.19,68307.69230769231,333.5454314883904
0.23,0.19,68307.69230769231,333.32889463199484
0.25,0.19,68307.69230769231,332.89697181400425
0.27,0.19,68307.69230769231,332.2519270006635
0.29,0.19,68307.69230769231,331.3970610911823
0.31,0.19,68307.69230769231,330.33659882659555
0.33,0.19,68307.69230769231,329.075547944048
0.35,0.19,68307.69230769231,327.61956316792003
0.37,0.19,68307.69230769231,325.9749103964517
0.39,0.19,68307.69230769231,324.1488076239415
0.01,0.21,68307.69230769231,324.1488076239415
0.03,0.21,68307.69230769231,325.9749103964517
0.05,0.21,68307.69230769231,327.61956316792015
0.07,0.21,68307.69230769231,329.075547944048
0.09,0.21,68307.69230769231,330.33659882659555
0.11,0.21,68307.69230769231,331.3970610911823
0.13,0.21,68307.69230769231,332.2519270006635
0.15,0.21,68307.69230769231,332.8969718140042
0.17,0.21,68307.69230769231,333.32889463199484
0.19,0.21,68307.69230769231,333.5454314883903
0.21,0.21,68307.69230769231,333.5454314883904
0.23,0.21,68307.69230769231,333.32889463199484
0.25,0.21,68307.69230769231,332.89697181400425
0.27,0.21,68307.69230769231,332.2519270006635
0.29,0.21,68307.69230769231,331.3970610911823
0.31,0.21,68307.69230769231,330.33659882659555
0.33,0.21,68307.69230769231,329.075547944048
0.35,0.21,68307.69230769231,327.61956316792003
0.37,0.21,68307.69230769231,325.97491039645166
0.39,0.21,68307.69230769231,324.1488076239415
0.01,0.23,68307.69230769231,324.13112534306816
0.03,0.23,68307.69230769231,325.92244429698235
0.05,0.23,68307.69230769231,327.5339366038203
0.07,0.23,68307.69230769231,328.95926533390343
0.09,0.23,68307.69230769231,330.19288725165325
0.11,0.23,68307.69230769231,331.22972336118
0.13,0.23,68307.69230769231,332.0652105763418
0.15,0.23,68307.69230769231,332.695454914942
0.17,0.23,68307.69230769231,333.1173883170975
0.19,0.23,68307.69230769231,333.3288946319948
0.21,0.23,68307.69230769231,333.3288946319948
0.23,0.23,68307.69230769231,333.11738831709755
0.25,0.23,68307.69230769231,332.695454914942
0.27,0.23,68307.69230769231,332.0652105763419
0.29,0.23,68307.69230769231,331.22972336118005
0.31,0.23,68307.69230769231,330.1928872516532
0.33,0.23,68307.69230769231,328.9592653339034
0.35,0.23,68307.69230769231,327.5339366038202
0.37,0.23,68307.69230769231,325.92244429698223
0.39,0.23,68307.69230769231,324.1311253430681
0.01,0.25,68307.69230769231,324.0957517709877
0.03,0.25,68307.69230769231,325.81750554207844
0.05,0.25,68307.69230769231,327.362732543713
0.07,0.25,68307.69230769231,328.7268694291783
0.09,0.25,68307.69230769231,329.90580863477834
0.11,0.25,68307.69230769231,330.8955990659734
0.13,0.25,68307.69230769231,331.6925379238549
0.15,0.25,68307.69230769231,332.2933649023313
0.17,0.25,68307.69230769231,332.695454914942
0.19,0.25,68307.69230769231,332.8969718140042
0.21,0.25,68307.69230769231,332.8969718140042
0.23,0.25,68307.69230769231,332.695454914942
0.25,0.25,68307.69230769231,332.2933649023313
0.27,0.25,68307.69230769231,331.6925379238549
0.29,0.25,68307.69230769231,330.8955990659734
0.31,0.25,68307.69230769231,329.90580863477834
0.33,0.25,68307.69230769231,328.72686942917824
0.35,0.25,68307.69230769231,327.36273254371287
0.37,0.25,68307.69230769231,325.8175055420784
0.39,0.25,68307.69230769231,324.0957517709877
0.01,0.27,68307.69230769231,324.04263837791643
0.03,0.27,68307.69230769231,325.66000061156376
0.05,0.27,68307.69230769231,327.1059423711648
0.07,0.27,68307.69230769231,328.3785884491117
0.09,0.27,68307.69230769231,329.4759527393487
0.11,0.27,68307.69230769231,330.395708415711
0.13,0.27,68307.69230769231,331.1353643674783
0.15,0.27,68307.69230769231,331.6925379238549
0.17,0.27,68307.69230769231,332.0652105763419
0.19,0.27,68307.69230769231,332.2519270006635
0.21,0.27,68307.69230769231,332.25192700066344
0.23,0.27,68307.69230769231,332.06521057634177
0.25,0.27,68307.69230769231,331.69253792385484
0.27,0.27,68307.69230769231,331.1353643674783
0.29,0.27,68307.69230769231,330.395708415711
0.31,0.27,68307.69230769231,329.4759527393486
0.33,0.27,68307.69230769231,328.37858844911165
0.35,0.27,68307.69230769231,327.10594237116464
0.37,0.27,68307.69230769231,325.6600006115637
0.39,0.27,68307.69230769231,324.0426383779164
0.01,0.29,68307.69230769231,323.97162498524466
0.03,0.29,68307.69230769231,325.44956323175603
0.05,0.29,68307.69230769231,326.76326039548434
0.07,0.29,68307.69230769231,327.9144695971124
0.09,0.29,68307.69230769231,328.90394493305746
0.11,0.29,68307.69230769231,329.7313713702871
0.13,0.29,68307.69230769231,330.39570841571106
0.15,0.29,68307.69230769231,330.89559906597344
0.17,0.29,68307.69230769231,331.2297233611801
0.19,0.29,68307.69230769231,331.3970610911823
0.21,0.29,68307.69230769231,331.3970610911823
0.23,0.29,68307.69230769231,331.22972336118005
0.25,0.29,68307.69230769231,330.89559906597344
0.27,0.29,68307.69230769231,330.39570841571106
0.29,0.29,68307.69230769231,329.73137137028704
0.31,0.29,68307.69230769231,328.9039449330574
0.33,0.29,68307.69230769231,327.9144695971123
0.35,0.29,68307.69230769231,326.7632603954842
0.37,0.29,68307.69230769231,325.449563231756
0.39,0.29,68307.69230769231,323.97162498524466
0.01,0.31,68307.69230769231,323.8822956281116
0.03,0.31,68307.69230769231,325.1852003418787
0.05,0.31,68307.69230769231,326.3336525721442
0.07,0.31,68307.69230769231,327.33397057173147
0.09,0.31,68307.69230769231,328.19010699457016
0.11,0.31,68307.69230769231,328.90394493305746
0.13,0.31,68307.69230769231,329.47595273934866
0.15,0.31,68307.69230769231,329.9058086347784
0.17,0.31,68307.69230769231,330.1928872516533
0.19,0.31,68307.69230769231,330.3365988265956
0.21,0.31,68307.69230769231,330.3365988265956
0.23,0.31,68307.69230769231,330.19288725165325
0.25,0.31,68307.69230769231,329.90580863477834
0.27,0.31,68307.69230769231,329.47595273934866
0.29,0.31,68307.69230769231,328.90394493305735
0.31,0.31,68307.69230769231,328.19010699457004
0.33,0.31,68307.69230769231,327.33397057173136
0.35,0.31,68307.69230769231,326.33365257214416
0.37,0.31,68307.69230769231,325.18520034187867
0.39,0.31,68307.69230769231,323.8822956281116
0.01,0.33,68307.69230769231,323.77368491118204
0.03,0.33,68307.69230769231,324.8646330807828
0.05,0.33,68307.69230769231,325.81462467452656
0.07,0.33,68307.69230769231,326.6353250304105
0.09,0.33,68307.69230769231,327.33397057173147
0.11,0.33,68307.69230769231,327.9144695971124
0.13,0.33,68307.69230769231,328.37858844911165
0.15,0.33,68307.69230769231,328.7268694291783
0.17,0.33,68307.69230769231,328.9592653339035
0.19,0.33,68307.69230769231,329.0755479440481
0.21,0.33,68307.69230769231,329.075547944048
0.23,0.33,68307.69230769231,328.95926533390343
0.25,0.33,68307.69230769231,328.72686942917824
0.27,0.33,68307.69230769231,328.37858844911165
0.29,0.33,68307.69230769231,327.9144695971123
0.31,0.33,68307.69230769231,327.33397057173136
0.33,0.33,68307.69230769231,326.6353250304104
0.35,0.33,68307.69230769231,325.81462467452644
0.37,0.33,68307.69230769231,324.8646330807828
0.39,0.33,68307.69230769231,323.77368491118204
0.01,0.35,68307.69230769231,323.6436155116285
0.03,0.35,68307.69230769231,324.48303502670234
0.05,0.35,68307.69230769231,325.2010095881083
0.07,0.35,68307.69230769231,325.8146246745265
0.09,0.35,68307.69230769231,326.3336525721442
0.11,0.35,68307.69230769231,326.76326039548434
0.13,0.35,68307.69230769231,327.1059423711648
0.15,0.35,68307.69230769231,327.3627325437129
0.17,0.35,68307.69230769231,327.5339366038203
0.19,0.35,68307.69230769231,327.61956316792015
0.21,0.35,68307.69230769231,327.61956316792015
0.23,0.35,68307.69230769231,327.5339366038203
0.25,0.35,68307.69230769231,327.3627325437129
0.27,0.35,68307.69230769231,327.1059423711647
0.29,0.35,68307.69230769231,326.7632603954843
0.31,0.35,68307.69230769231,326.33365257214416
0.33,0.35,68307.69230769231,325.81462467452644
0.35,0.35,68307.69230769231,325.2010095881082
0.37,0.35,68307.69230769231,324.48303502670234
0.39,0.35,68307.69230769231,323.6436155116285
0.01,0.37,68307.69230769231,323.4869481377734
0.03,0.37,68307.69230769231,324.03050967240216
0.05,0.37,68307.69230769231,324.4830350267024
0.07,0.37,68307.69230769231,324.8646330807828
0.09,0.37,68307.69230769231,325.1852003418787
0.11,0.37,68307.69230769231,325.44956323175603
0.13,0.37,68307.69230769231,325.66000061156376
0.15,0.37,68307.69230769231,325.81750554207844
0.17,0.37,68307.69230769231,325.9224442969823
0.19,0.37,68307.69230769231,325.9749103964517
0.21,0.37,68307.69230769231,325.9749103964517
0.23,0.37,68307.69230769231,325.9224442969823
0.25,0.37,68307.69230769231,325.8175055420784
0.27,0.37,68307.69230769231,325.6600006115637
0.29,0.37,68307.69230769231,325.449563231756
0.31,0.37,68307.69230769231,325.18520034187867
0.33,0.37,68307.69230769231,324.8646330807828
0.35,0.37,68307.69230769231,324.4830350267023
0.37,0.37,68307.69230769231,324.03050967240205
0.39,0.37,68307.69230769231,323.4869481377734
0.01,0.39,68307.69230769231,323.29003701813207
0.03,0.39,68307.69230769231,323.4869481377735
0.05,0.39,68307.69230769231,323.6436155116285
0.07,0.39,68307.69230769231,323.77368491118204
0.09,0.39,68307.69230769231,323.8822956281116
0.11,0.39,68307.69230769231,323.9716249852447
0.13,0.39,68307.69230769231,324.0426383779164
0.15,0.39,68307.69230769231,324.09575177098765
0.17,0.39,68307.69230769231,324.13112534306816
0.19,0.39,68307.69230769231,324.14880762394154
0.21,0.39,68307.69230769231,324.14880762394154
0.23,0.39,68307.69230769231,324.1311253430681
0.25,0.39,68307.69230769231,324.09575177098765
0.27,0.39,68307.69230769231,324.04263837791643
0.29,0.39,68307.69230769231,323.97162498524466
0.31,0.39,68307.69230769231,323.8822956281116
0.33,0.39,68307.69230769231,323.77368491118204
0.35,0.39,68307.69230769231,323.6436155116285
0.37,0.39,68307.69230769231,323.4869481377734
0.39,0.39,68307.69230769231,323.29003701813207
0.01,0.01,70153.84615384616,323.2833248974744
0.03,0.01,70153.84615384616,323.4698134750265
0.05,0.01,70153.84615384616,323.61765322218946
0.07,0.01,70153.84615384616,323.7400917005957
0.09,0.01,70153.84615384616,323.84215431101507
0.11,0.01,70153.84615384616,323.92599553077207
0.13,0.01,70153.84615384616,323.992588712294
0.15,0.01,70153.84615384616,324.04236662400774
0.17,0.01,70153.84615384616,324.0755060566399
0.19,0.01,70153.84615384616,324.09206799146165
0.21,0.01,70153.84615384616,324.09206799146165
0.23,0.01,70153.84615384616,324.0755060566398
0.25,0.01,70153.84615384616,324.04236662400774
0.27,0.01,70153.84615384616,323.9925887122939
0.29,0.01,70153.84615384616,323.925995530772
0.31,0.01,70153.84615384616,323.842154311015
0.33,0.01,70153.84615384616,323.74009170059566
0.35,0.01,70153.84615384616,323.61765322218946
0.37,0.01,70153.84615384616,323.4698134750265
0.39,0.01,70153.84615384616,323.2833248974744
0.01,0.03,70153.84615384616,323.4698134750265
0.03,0.03,70153.84615384616,323.98390444454753
0.05,0.03,70153.84615384616,324.410688638251
0.07,0.03,70153.84615384616,324.7698124978298
0.09,0.03,70153.84615384616,325.071024311439
0.11,0.03,70153.84615384616,325.31914039497485
0.13,0.03,70153.84615384616,325.5164833887506
0.15,0.03,70153.84615384616,325.6641040534254
0.17,0.03,70153.84615384616,325.7624211653437
0.19,0.03,70153.84615384616,325.8115664930914
0.21,0.03,70153.84615384616,325.8115664930914
0.23,0.03,70153.84615384616,325.7624211653437
0.25,0.03,70153.84615384616,325.6641040534253
0.27,0.03,70153.84615384616,325.5164833887506
0.29,0.03,70153.84615384616,325.3191403949748
0.31,0.03,70153.84615384616,325.0710243114389
0.33,0.03,70153.84615384616,324.7698124978297
0.35,0.03,70153.84615384616,324.4106886382509
0.37,0.03,70153.84615384616,323.9839044445476
0.39,0.03,70153.84615384616,323.4698134750265
0.01,0.05,70153.84615384616,323.61765322218946
0.03,0.05,70153.84615384616,324.410688638251
0.05,0.05,70153.84615384616,325.08740637803743
0.07,0.05,70153.84615384616,325.6646957019414
0.09,0.05,70153.84615384616,326.1523116484183
0.11,0.05,70153.84615384616,326.55549887898485
0.13,0.05,70153.84615384616,326.87686429320865
0.15,0.05,70153.84615384616,327.11755477375067
0.17,0.05,70153.84615384616,327.2779702470867
0.19,0.05,70153.84615384616,327.35818555823346
0.21,0.05,70153.84615384616,327.35818555823346
0.23,0.05,70153.84615384616,327.2779702470868
0.25,0.05,70153.84615384616,327.1175547737507
0.27,0.05,70153.84615384616,326.8768642932088
0.29,0.05,70153.84615384616,326.5554988789849
0.31,0.05,70153.84615384616,326.1523116484183
0.33,0.05,70153.84615384616,325.6646957019413
0.35,0.05,70153.84615384616,325.0874063780374
0.37,0.05,70153.84615384616,324.410688638251
0.39,0.05,70153.84615384616,323.61765322218946
0.01,0.07,70153.84615384616,323.7400917005957
0.03,0.07,70153.84615384616,324.7698124978298
0.05,0.07,70153.84615384616,325.6646957019414
0.07,0.07,70153.84615384616,326.436549645469
0.09,0.07,70153.84615384616,327.0927992641534
0.11,0.07,70153.84615384616,327.6375650198373
0.13,0.07,70153.84615384616,328.0728199594673
0.15,0.07,70153.84615384616,328.39928662307744
0.17,0.07,70153.84615384616,328.6170592148504
0.19,0.07,70153.84615384616,328.72600586048003
0.21,0.07,70153.84615384616,328.72600586048003
0.23,0.07,70153.84615384616,328.6170592148505
0.25,0.07,70153.84615384616,328.3992866230776
0.27,0.07,70153.84615384616,328.0728199594675
0.29,0.07,70153.84615384616,327.6375650198374
0.31,0.07,70153.84615384616,327.0927992641535
0.33,0.07,70153.84615384616,326.436549645469
0.35,0.07,70153.84615384616,325.6646957019414
0.37,0.07,70153.84615384616,324.7698124978298
0.39,0.07,70153.84615384616,323.7400917005957
0.01,0.09,70153.84615384616,323.842154311015
0.03,0.09,70153.84615384616,325.071024311439
0.05,0.09,70153.84615384616,326.1523116484183
0.07,0.09,70153.84615384616,327.0927992641534
0.09,0.09,70153.84615384616,327.8968472410816
0.11,0.09,70153.84615384616,328.5667010790678
0.13,0.09,70153.84615384616,329.1031405764682
0.15,0.09,70153.84615384616,329.5060973461883
0.17,0.09,70153.84615384616,329.77513714587354
0.19,0.09,70153.84615384616,329.9097975525499
0.21,0.09,70153.84615384616,329.9097975525499
0.23,0.09,70153.84615384616,329.7751371458736
0.25,0.09,70153.84615384616,329.5060973461884
0.27,0.09,70153.84615384616,329.1031405764683
0.29,0.09,70153.84615384616,328.56670107906785
0.31,0.09,70153.84615384616,327.8968472410816
0.33,0.09,70153.84615384616,327.0927992641534
0.35,0.09,70153.84615384616,326.1523116484183
0.37,0.09,70153.84615384616,325.0710243114389
0.39,0.09,70153.84615384616,323.842154311015
0.01,0.11,70153.84615384616,323.925995530772
0.03,0.11,70153.84615384616,325.31914039497485
0.05,0.11,70153.84615384616,326.55549887898485
0.07,0.11,70153.84615384616,327.6375650198373
0.09,0.11,70153.84615384616,328.5667010790678
0.11,0.11,70153.84615384616,329.3430982722173
0.13,0.11,70153.84615384616,329.96612975660474
0.15,0.11,70153.84615384616,330.43476351282874
0.17,0.11,70153.84615384616,330.7479190867438
0.19,0.11,70153.84615384616,330.9047335419279
0.21,0.11,70153.84615384616,330.90473354192795
0.23,0.11,70153.84615384616,330.74791908674393
0.25,0.11,70153.84615384616,330.4347635128288
0.27,0.11,70153.84615384616,329.9661297566048
0.29,0.11,70153.84615384616,329.3430982722174
0.31,0.11,70153.84615384616,328.56670107906785
0.33,0.11,70153.84615384616,327.6375650198373
0.35,0.11,70153.84615384616,326.5554988789849
0.37,0.11,70153.84615384616,325.3191403949748
0.39,0.11,70153.84615384616,323.925995530772
0.01,0.13,70153.84615384616,323.9925887122939
0.03,0.13,70153.84615384616,325.5164833887506
0.05,0.13,70153.84615384616,326.8768642932087
0.07,0.13,70153.84615384616,328.0728199594674
0.09,0.13,70153.84615384616,329.10314057646826
0.11,0.13,70153.84615384616,329.9661297566048
0.13,0.13,70153.84615384616,330.65980010141527
0.15,0.13,70153.84615384616,331.18215768599873
0.17,0.13,70153.84615384616,331.53146677837344
0.19,0.13,70153.84615384616,331.7064561114197
0.21,0.13,70153.84615384616,331.70645611141964
0.23,0.13,70153.84615384616,331.5314667783736
0.25,0.13,70153.84615384616,331.18215768599885
0.27,0.13,70153.84615384616,330.6598001014153
0.29,0.13,70153.84615384616,329.96612975660486
0.31,0.13,70153.84615384616,329.1031405764683
0.33,0.13,70153.84615384616,328.0728199594675
0.35,0.13,70153.84615384616,326.8768642932088
0.37,0.13,70153.84615384616,325.5164833887506
0.39,0.13,70153.84615384616,323.992588712294
0.01,0.15,70153.84615384616,324.04236662400774
0.03,0.15,70153.84615384616,325.6641040534254
0.05,0.15,70153.84615384616,327.11755477375067
0.07,0.15,70153.84615384616,328.3992866230775
0.09,0.15,70153.84615384616,329.5060973461884
0.11,0.15,70153.84615384616,330.4347635128288
0.13,0.15,70153.84615384616,331.1821576859988
0.15,0.15,70153.84615384616,331.74545960793364
0.17,0.15,70153.84615384616,332.1223620171567
0.19,0.15,70153.84615384616,332.31123459511224
0.21,0.15,70153.84615384616,332.31123459511224
0.23,0.15,70153.84615384616,332.1223620171567
0.25,0.15,70153.84615384616,331.7454596079337
0.27,0.15,70153.84615384616,331.18215768599885
0.29,0.15,70153.84615384616,330.4347635128288
0.31,0.15,70153.84615384616,329.5060973461884
0.33,0.15,70153.84615384616,328.3992866230776
0.35,0.15,70153.84615384616,327.1175547737507
0.37,0.15,70153.84615384616,325.6641040534254
0.39,0.15,70153.84615384616,324.04236662400774
0.01,0.17,70153.84615384616,324.0755060566398
0.03,0.17,70153.84615384616,325.7624211653437
0.05,0.17,70153.84615384616,327.2779702470867
0.07,0.17,70153.84615384616,328.6170592148504
0.09,0.17,70153.84615384616,329.7751371458736
0.11,0.17,70153.84615384616,330.74791908674393
0.13,0.17,70153.84615384616,331.5314667783735
0.15,0.17,70153.84615384616,332.1223620171567
0.17,0.17,70153.84615384616,332.51787912935794
0.19,0.17,70153.84615384616,332.7161231090236
0.21,0.17,70153.84615384616,332.7161231090235
0.23,0.17,70153.84615384616,332.51787912935794
0.25,0.17,70153.84615384616,332.1223620171568
0.27,0.17,70153.84615384616,331.5314667783735
0.29,0.17,70153.84615384616,330.74791908674393
0.31,0.17,70153.84615384616,329.7751371458736
0.33,0.17,70153.84615384616,328.6170592148505
0.35,0.17,70153.84615384616,327.27797024708684
0.37,0.17,70153.84615384616,325.76242116534377
0.39,0.17,70153.84615384616,324.0755060566399
0.01,0.19,70153.84615384616,324.09206799146165
0.03,0.19,70153.84615384616,325.8115664930914
0.05,0.19,70153.84615384616,327.35818555823346
0.07,0.19,70153.84615384616,328.7260058604801
0.09,0.19,70153.84615384616,329.9097975525499
0.11,0.19,70153.84615384616,330.90473354192795
0.13,0.19,70153.84615384616,331.7064561114197
0.15,0.19,70153.84615384616,332.3112345951122
0.17,0.19,70153.84615384616,332.7161231090236
0.19,0.19,70153.84615384616,332.9190867277814
0.21,0.19,70153.84615384616,332.9190867277814
0.23,0.19,70153.84615384616,332.7161231090236
0.25,0.19,70153.84615384616,332.31123459511224
0.27,0.19,70153.84615384616,331.7064561114197
0.29,0.19,70153.84615384616,330.90473354192795
0.31,0.19,70153.84615384616,329.9097975525499
0.33,0.19,70153.84615384616,328.7260058604801
0.35,0.19,70153.84615384616,327.35818555823346
0.37,0.19,70153.84615384616,325.81156649309145
0.39,0.19,70153.84615384616,324.09206799146165
0.01,0.21,70153.84615384616,324.09206799146165
0.03,0.21,70153.84615384616,325.81156649309145
0.05,0.21,70153.84615384616,327.3581855582335
0.07,0.21,70153.84615384616,328.7260058604801
0.09,0.21,70153.84615384616,329.9097975525499
0.11,0.21,70153.84615384616,330.90473354192795
0.13,0.21,70153.84615384616,331.70645611141964
0.15,0.21,70153.84615384616,332.3112345951122
0.17,0.21,70153.84615384616,332.7161231090235
0.19,0.21,70153.84615384616,332.91908672778135
0.21,0.21,70153.84615384616,332.91908672778135
0.23,0.21,70153.84615384616,332.7161231090235
0.25,0.21,70153.84615384616,332.31123459511224
0.27,0.21,70153.84615384616,331.7064561114197
0.29,0.21,70153.84615384616,330.90473354192795
0.31,0.21,70153.84615384616,329.90979755254983
0.33,0.21,70153.84615384616,328.72600586048003
0.35,0.21,70153.84615384616,327.35818555823346
0.37,0.21,70153.84615384616,325.8115664930914
0.39,0.21,70153.84615384616,324.09206799146165
0.01,0.23,70153.84615384616,324.0755060566398
0.03,0.23,70153.84615384616,325.76242116534377
0.05,0.23,70153.84615384616,327.2779702470868
0.07,0.23,70153.84615384616,328.6170592148504
0.09,0.23,70153.84615384616,329.7751371458736
0.11,0.23,70153.84615384616,330.74791908674393
0.13,0.23,70153.84615384616,331.5314667783735
0.15,0.23,70153.84615384616,332.12236201715666
0.17,0.23,70153.84615384616,332.5178791293579
0.19,0.23,70153.84615384616,332.71612310902344
0.21,0.23,70153.84615384616,332.71612310902344
0.23,0.23,70153.84615384616,332.5178791293579
0.25,0.23,70153.84615384616,332.1223620171567
0.27,0.23,70153.84615384616,331.5314667783735
0.29,0.23,70153.84615384616,330.7479190867439
0.31,0.23,70153.84615384616,329.77513714587354
0.33,0.23,70153.84615384616,328.6170592148504
0.35,0.23,70153.84615384616,327.2779702470868
0.37,0.23,70153.84615384616,325.7624211653437
0.39,0.23,70153.84615384616,324.0755060566398
0.01,0.25,70153.84615384616,324.04236662400774
0.03,0.25,70153.84615384616,325.6641040534254
0.05,0.25,70153.84615384616,327.1175547737507
0.07,0.25,70153.84615384616,328.3992866230775
0.09,0.25,70153.84615384616,329.5060973461884
0.11,0.25,70153.84615384616,330.43476351282874
0.13,0.25,70153.84615384616,331.1821576859988
0.15,0.25,70153.84615384616,331.74545960793364
0.17,0.25,70153.84615384616,332.12236201715666
0.19,0.25,70153.84615384616,332.3112345951121
0.21,0.25,70153.84615384616,332.3112345951121
0.23,0.25,70153.84615384616,332.12236201715666
0.25,0.25,70153.84615384616,331.74545960793364
0.27,0.25,70153.84615384616,331.1821576859988
0.29,0.25,70153.84615384616,330.43476351282874
0.31,0.25,70153.84615384616,329.5060973461884
0.33,0.25,70153.84615384616,328.39928662307744
0.35,0.25,70153.84615384616,327.11755477375067
0.37,0.25,70153.84615384616,325.6641040534253
0.39,0.25,70153.84615384616,324.04236662400774
0.01,0.27,70153.84615384616,323.9925887122939
0.03,0.27,70153.84615384616,325.5164833887506
0.05,0.27,70153.84615384616,326.8768642932087
0.07,0.27,70153.84615384616,328.0728199594674
0.09,0.27,70153.84615384616,329.10314057646826
0.11,0.27,70153.84615384616,329.9661297566048
0.13,0.27,70153.84615384616,330.65980010141527
0.15,0.27,70153.84615384616,331.1821576859988
0.17,0.27,70153.84615384616,331.53146677837344
0.19,0.27,70153.84615384616,331.70645611141964
0.21,0.27,70153.84615384616,331.7064561114196
0.23,0.27,70153.84615384616,331.53146677837344
0.25,0.27,70153.84615384616,331.1821576859988
0.27,0.27,70153.84615384616,330.6598001014152
0.29,0.27,70153.84615384616,329.96612975660474
0.31,0.27,70153.84615384616,329.10314057646826
0.33,0.27,70153.84615384616,328.0728199594674
0.35,0.27,70153.84615384616,326.8768642932087
0.37,0.27,70153.84615384616,325.5164833887506
0.39,0.27,70153.84615384616,323.9925887122939
0.01,0.29,70153.84615384616,323.925995530772
0.03,0.29,70153.84615384616,325.31914039497485
0.05,0.29,70153.84615384616,326.5554988789849
0.07,0.29,70153.84615384616,327.6375650198373
0.09,0.29,70153.84615384616,328.56670107906785
0.11,0.29,70153.84615384616,329.34309827221733
0.13,0.29,70153.84615384616,329.96612975660474
0.15,0.29,70153.84615384616,330.43476351282874
0.17,0.29,70153.84615384616,330.7479190867439
0.19,0.29,70153.84615384616,330.9047335419279
0.21,0.29,70153.84615384616,330.9047335419279
0.23,0.29,70153.84615384616,330.7479190867439
0.25,0.29,70153.84615384616,330.43476351282874
0.27,0.29,70153.84615384616,329.96612975660474
0.29,0.29,70153.84615384616,329.34309827221733
0.31,0.29,70153.84615384616,328.5667010790678
0.33,0.29,70153.84615384616,327.6375650198373
0.35,0.29,70153.84615384616,326.55549887898485
0.37,0.29,70153.84615384616,325.3191403949748
0.39,0.29,70153.84615384616,323.925995530772
0.01,0.31,70153.84615384616,323.842154311015
0.03,0.31,70153.84615384616,325.0710243114389
0.05,0.31,70153.84615384616,326.15231164841833
0.07,0.31,70153.84615384616,327.0927992641535
0.09,0.31,70153.84615384616,327.8968472410816
0.11,0.31,70153.84615384616,328.5667010790678
0.13,0.31,70153.84615384616,329.10314057646826
0.15,0.31,70153.84615384616,329.5060973461884
0.17,0.31,70153.84615384616,329.7751371458736
0.19,0.31,70153.84615384616,329.9097975525499
0.21,0.31,70153.84615384616,329.9097975525499
0.23,0.31,70153.84615384616,329.7751371458736
0.25,0.31,70153.84615384616,329.5060973461884
0.27,0.31,70153.84615384616,329.1031405764683
0.29,0.31,70153.84615384616,328.56670107906774
0.31,0.31,70153.84615384616,327.8968472410816
0.33,0.31,70153.84615384616,327.09279926415337
0.35,0.31,70153.84615384616,326.1523116484182
0.37,0.31,70153.84615384616,325.07102431143886
0.39,0.31,70153.84615384616,323.842154311015
0.01,0.33,70153.84615384616,323.74009170059566
0.03,0.33,70153.84615384616,324.7698124978298
0.05,0.33,70153.84615384616,325.66469570194147
0.07,0.33,70153.84615384616,326.43654964546903
0.09,0.33,70153.84615384616,327.0927992641535
0.11,0.33,70153.84615384616,327.6375650198374
0.13,0.33,70153.84615384616,328.07281995946744
0.15,0.33,70153.84615384616,328.3992866230776
0.17,0.33,70153.84615384616,328.6170592148505
0.19,0.33,70153.84615384616,328.7260058604801
0.21,0.33,70153.84615384616,328.72600586048014
0.23,0.33,70153.84615384616,328.61705921485054
0.25,0.33,70153.84615384616,328.3992866230776
0.27,0.33,70153.84615384616,328.07281995946744
0.29,0.33,70153.84615384616,327.6375650198373
0.31,0.33,70153.84615384616,327.0927992641534
0.33,0.33,70153.84615384616,326.4365496454689
0.35,0.33,70153.84615384616,325.6646957019413
0.37,0.33,70153.84615384616,324.7698124978298
0.39,0.33,70153.84615384616,323.74009170059566
0.01,0.35,70153.84615384616,323.61765322218946
0.03,0.35,70153.84615384616,324.410688638251
0.05,0.35,70153.84615384616,325.08740637803743
0.07,0.35,70153.84615384616,325.66469570194147
0.09,0.35,70153.84615384616,326.15231164841833
0.11,0.35,70153.84615384616,326.5554988789849
0.13,0.35,70153.84615384616,326.8768642932088
0.15,0.35,70153.84615384616,327.1175547737508
0.17,0.35,70153.84615384616,327.2779702470868
0.19,0.35,70153.84615384616,327.35818555823346
0.21,0.35,70153.84615384616,327.3581855582335
0.23,0.35,70153.84615384616,327.27797024708684
0.25,0.35,70153.84615384616,327.1175547737507
0.27,0.35,70153.84615384616,326.8768642932088
0.29,0.35,70153.84615384616,326.5554988789849
0.31,0.35,70153.84615384616,326.1523116484183
0.33,0.35,70153.84615384616,325.6646957019413
0.35,0.35,70153.84615384616,325.0874063780373
0.37,0.35,70153.84615384616,324.410688638251
0.39,0.35,70153.84615384616,323.61765322218946
0.01,0.37,70153.84615384616,323.4698134750265
0.03,0.37,70153.84615384616,323.9839044445476
0.05,0.37,70153.84615384616,324.410688638251
0.07,0.37,70153.84615384616,324.7698124978298
0.09,0.37,70153.84615384616,325.071024311439
0.11,0.37,70153.84615384616,325.31914039497485
0.13,0.37,70153.84615384616,325.51648338875066
0.15,0.37,70153.84615384616,325.66410405342543
0.17,0.37,70153.84615384616,325.7624211653437
0.19,0.37,70153.84615384616,325.8115664930914
0.21,0.37,70153.84615384616,325.8115664930914
0.23,0.37,70153.84615384616,325.7624211653437
0.25,0.37,70153.84615384616,325.66410405342543
0.27,0.37,70153.84615384616,325.51648338875066
0.29,0.37,70153.84615384616,325.31914039497485
0.31,0.37,70153.84615384616,325.071024311439
0.33,0.37,70153.84615384616,324.7698124978298
0.35,0.37,70153.84615384616,324.410688638251
0.37,0.37,70153.84615384616,323.98390444454753
0.39,0.37,70153.84615384616,323.4698134750265
0.01,0.39,70153.84615384616,323.2833248974744
0.03,0.39,70153.84615384616,323.4698134750265
0.05,0.39,70153.84615384616,323.61765322218946
0.07,0.39,70153.84615384616,323.74009170059566
0.09,0.39,70153.84615384616,323.84215431101507
0.11,0.39,70153.84615384616,323.92599553077207
0.13,0.39,70153.84615384616,323.9925887122939
0.15,0.39,70153.84615384616,324.04236662400774
0.17,0.39,70153.84615384616,324.0755060566399
0.19,0.39,70153.84615384616,324.09206799146165
0.21,0.39,70153.84615384616,324.0920679914617
0.23,0.39,70153.84615384616,324.0755060566399
0.25,0.39,70153.84615384616,324.04236662400774
0.27,0.39,70153.84615384616,323.992588712294
0.29,0.39,70153.84615384616,323.92599553077207
0.31,0.39,70153.84615384616,323.842154311015
0.33,0.39,70153.84615384616,323.74009170059566
0.35,0.39,70153.84615384616,323.61765322218946
0.37,0.39,70153.84615384616,323.4698134750265
0.39,0.39,70153.84615384616,323.2833248974744
0.01,0.01,72000.0,323.277042007141
0.03,0.01,72000.0,323.45378934736567
0.05,0.01,72000.0,323.5933833050132
0.07,0.01,72000.0,323.7086943494027
0.09,0.01,72000.0,323.80463974753843
0.11,0.01,72000.0,323.8833523753838
0.13,0.01,72000.0,323.9458134888111
0.15,0.01,72000.0,323.99247233693023
0.17,0.01,72000.0,324.0235220451349
0.19,0.01,72000.0,324.0390358781109
0.21,0.01,72000.0,324.0390358781109
0.23,0.01,72000.0,324.0235220451349
0.25,0.01,72000.0,323.99247233693023
0.27,0.01,72000.0,323.94581348881115
0.29,0.01,72000.0,323.8833523753839
0.31,0.01,72000.0,323.80463974753854
0.33,0.01,72000.0,323.7086943494027
0.35,0.01,72000.0,323.5933833050132
0.37,0.01,72000.0,323.45378934736567
0.39,0.01,72000.0,323.277042007141
0.01,0.03,72000.0,323.45378934736567
0.03,0.03,72000.0,323.94034344648
0.05,0.03,72000.0,324.34308334034284
0.07,0.03,72000.0,324.68121403061764
0.09,0.03,72000.0,324.96434168664274
0.11,0.03,72000.0,325.19727293995965
0.13,0.03,72000.0,325.3823729814418
0.15,0.03,72000.0,325.5207489588838
0.17,0.03,72000.0,325.61287122668386
0.19,0.03,72000.0,325.65890928846244
0.21,0.03,72000.0,325.65890928846244
0.23,0.03,72000.0,325.61287122668386
0.25,0.03,72000.0,325.5207489588838
0.27,0.03,72000.0,325.3823729814419
0.29,0.03,72000.0,325.19727293995976
0.31,0.03,72000.0,324.9643416866428
0.33,0.03,72000.0,324.6812140306176
0.35,0.03,72000.0,324.34308334034284
0.37,0.03,72000.0,323.9403434464799
0.39,0.03,72000.0,323.4537893473657
0.01,0.05,72000.0,323.5933833050132
0.03,0.05,72000.0,324.3430833403429
0.05,0.05,72000.0,324.98126220811935
0.07,0.05,72000.0,325.52461472130165
0.09,0.05,72000.0,325.98287582023147
0.11,0.05,72000.0,326.3613632641459
0.13,0.05,72000.0,326.6627925628072
0.15,0.05,72000.0,326.8884205208212
0.17,0.05,72000.0,327.0387395509188
0.19,0.05,72000.0,327.11388984926623
0.21,0.05,72000.0,327.1138898492662
0.23,0.05,72000.0,327.0387395509188
0.25,0.05,72000.0,326.8884205208213
0.27,0.05,72000.0,326.66279256280734
0.29,0.05,72000.0,326.361363264146
0.31,0.05,72000.0,325.9828758202315
0.33,0.05,72000.0,325.5246147213016
0.35,0.05,72000.0,324.9812622081194
0.37,0.05,72000.0,324.3430833403429
0.39,0.05,72000.0,323.5933833050132
0.01,0.07,72000.0,323.7086943494027
0.03,0.07,72000.0,324.68121403061764
0.05,0.07,72000.0,325.52461472130165
0.07,0.07,72000.0,326.2508264149609
0.09,0.07,72000.0,326.8674467579637
0.11,0.07,72000.0,327.3787966713386
0.13,0.07,72000.0,327.78704785245407
0.15,0.07,72000.0,328.09309808826833
0.17,0.07,72000.0,328.2971802757138
0.19,0.07,72000.0,328.39925763349754
0.21,0.07,72000.0,328.3992576334976
0.23,0.07,72000.0,328.2971802757138
0.25,0.07,72000.0,328.0930980882684
0.27,0.07,72000.0,327.7870478524541
0.29,0.07,72000.0,327.3787966713387
0.31,0.07,72000.0,326.86744675796376
0.33,0.07,72000.0,326.2508264149609
0.35,0.07,72000.0,325.52461472130165
0.37,0.07,72000.0,324.68121403061764
0.39,0.07,72000.0,323.7086943494027
0.01,0.09,72000.0,323.8046397475385
0.03,0.09,72000.0,324.96434168664274
0.05,0.09,72000.0,325.98287582023147
0.07,0.09,72000.0,326.8674467579637
0.09,0.09,72000.0,327.6227928352432
0.11,0.09,72000.0,328.25150238169243
0.13,0.09,72000.0,328.7546541981718
0.15,0.09,72000.0,329.1324260486374
0.17,0.09,72000.0,329.38457109258064
0.19,0.09,72000.0,329.51075263044964
0.21,0.09,72000.0,329.51075263044964
0.23,0.09,72000.0,329.3845710925808
0.25,0.09,72000.0,329.1324260486375
0.27,0.09,72000.0,328.75465419817186
0.29,0.09,72000.0,328.25150238169255
0.31,0.09,72000.0,327.6227928352432
0.33,0.09,72000.0,326.8674467579637
0.35,0.09,72000.0,325.98287582023147
0.37,0.09,72000.0,324.96434168664274
0.39,0.09,72000.0,323.8046397475385
0.01,0.11,72000.0,323.8833523753838
0.03,0.11,72000.0,325.1972729399597
0.05,0.11,72000.0,326.361363264146
0.07,0.11,72000.0,327.37879667133865
0.09,0.11,72000.0,328.25150238169243
0.11,0.11,72000.0,328.98015094988097
0.13,0.11,72000.0,329.5645125795457
0.15,0.11,72000.0,330.00387085407374
0.17,0.11,72000.0,330.297380152596
0.19,0.11,72000.0,330.4443328635329
0.21,0.11,72000.0,330.44433286353296
0.23,0.11,72000.0,330.2973801525961
0.25,0.11,72000.0,330.0038708540738
0.27,0.11,72000.0,329.56451257954586
0.29,0.11,72000.0,328.980150949881
0.31,0.11,72000.0,328.2515023816925
0.33,0.11,72000.0,327.37879667133865
0.35,0.11,72000.0,326.361363264146
0.37,0.11,72000.0,325.1972729399597
0.39,0.11,72000.0,323.8833523753838
0.01,0.13,72000.0,323.94581348881115
0.03,0.13,72000.0,325.3823729814419
0.05,0.13,72000.0,326.6627925628072
0.07,0.13,72000.0,327.7870478524541
0.09,0.13,72000.0,328.7546541981717
0.11,0.13,72000.0,329.5645125795457
0.13,0.13,72000.0,330.21511916320856
0.15,0.13,72000.0,330.7048575558638
0.17,0.13,72000.0,331.03226931870347
0.19,0.13,72000.0,331.1962650143557
0.21,0.13,72000.0,331.1962650143557
0.23,0.13,72000.0,331.0322693187035
0.25,0.13,72000.0,330.7048575558639
0.27,0.13,72000.0,330.2151191632086
0.29,0.13,72000.0,329.5645125795458
0.31,0.13,72000.0,328.7546541981718
0.33,0.13,72000.0,327.7870478524541
0.35,0.13,72000.0,326.6627925628073
0.37,0.13,72000.0,325.3823729814419
0.39,0.13,72000.0,323.94581348881115
0.01,0.15,72000.0,323.99247233693023
0.03,0.15,72000.0,325.52074895888376
0.05,0.15,72000.0,326.8884205208212
0.07,0.15,72000.0,328.09309808826833
0.09,0.15,72000.0,329.13242604863746
0.11,0.15,72000.0,330.00387085407374
0.13,0.15,72000.0,330.70485755586384
0.15,0.15,72000.0,331.2329933136974
0.17,0.15,72000.0,331.5862825820754
0.19,0.15,72000.0,331.76329843157885
0.21,0.15,72000.0,331.7632984315789
0.23,0.15,72000.0,331.5862825820754
0.25,0.15,72000.0,331.2329933136975
0.27,0.15,72000.0,330.70485755586384
0.29,0.15,72000.0,330.00387085407374
0.31,0.15,72000.0,329.13242604863746
0.33,0.15,72000.0,328.09309808826833
0.35,0.15,72000.0,326.8884205208212
0.37,0.15,72000.0,325.52074895888376
0.39,0.15,72000.0,323.99247233693023
0.01,0.17,72000.0,324.0235220451349
0.03,0.17,72000.0,325.6128712266837
0.05,0.17,72000.0,327.0387395509188
0.07,0.17,72000.0,328.29718027571374
0.09,0.17,72000.0,329.38457109258064
0.11,0.17,72000.0,330.297380152596
0.13,0.17,72000.0,331.0322693187034
0.15,0.17,72000.0,331.58628258207534
0.17,0.17,72000.0,331.9570301257485
0.19,0.17,72000.0,332.1428355070032
0.21,0.17,72000.0,332.14283550700327
0.23,0.17,72000.0,331.95703012574853
0.25,0.17,72000.0,331.5862825820754
0.27,0.17,72000.0,331.03226931870347
0.29,0.17,72000.0,330.297380152596
0.31,0.17,72000.0,329.38457109258064
0.33,0.17,72000.0,328.29718027571374
0.35,0.17,72000.0,327.0387395509188
0.37,0.17,72000.0,325.6128712266838
0.39,0.17,72000.0,324.0235220451349
0.01,0.19,72000.0,324.03903587811084
0.03,0.19,72000.0,325.6589092884624
0.05,0.19,72000.0,327.1138898492662
0.07,0.19,72000.0,328.3992576334975
0.09,0.19,72000.0,329.5107526304496
0.11,0.19,72000.0,330.4443328635329
0.13,0.19,72000.0,331.1962650143557
0.15,0.19,72000.0,331.76329843157885
0.17,0.19,72000.0,332.14283550700327
0.19,0.19,72000.0,332.3330677041872
0.21,0.19,72000.0,332.3330677041872
0.23,0.19,72000.0,332.1428355070034
0.25,0.19,72000.0,331.7632984315789
0.27,0.19,72000.0,331.1962650143557
0.29,0.19,72000.0,330.4443328635329
0.31,0.19,72000.0,329.51075263044964
0.33,0.19,72000.0,328.39925763349754
0.35,0.19,72000.0,327.1138898492662
0.37,0.19,72000.0,325.6589092884624
0.39,0.19,72000.0,324.0390358781109
0.01,0.21,72000.0,324.0390358781109
0.03,0.21,72000.0,325.6589092884624
0.05,0.21,72000.0,327.1138898492662
0.07,0.21,72000.0,328.39925763349754
0.09,0.21,72000.0,329.51075263044964
0.11,0.21,72000.0,330.4443328635329
0.13,0.21,72000.0,331.1962650143556
0.15,0.21,72000.0,331.7632984315789
0.17,0.21,72000.0,332.14283550700327
0.19,0.21,72000.0,332.3330677041872
0.21,0.21,72000.0,332.3330677041872
0.23,0.21,72000.0,332.1428355070034
0.25,0.21,72000.0,331.7632984315789
0.27,0.21,72000.0,331.1962650143557
0.29,0.21,72000.0,330.4443328635329
0.31,0.21,72000.0,329.51075263044964
0.33,0.21,72000.0,328.3992576334975
0.35,0.21,72000.0,327.1138898492662
0.37,0.21,72000.0,325.6589092884624
0.39,0.21,72000.0,324.0390358781109
0.01,0.23,72000.0,324.0235220451349
0.03,0.23,72000.0,325.61287122668386
0.05,0.23,72000.0,327.0387395509188
0.07,0.23,72000.0,328.2971802757138
0.09,0.23,72000.0,329.3845710925807
0.11,0.23,72000.0,330.2973801525961
0.13,0.23,72000.0,331.03226931870347
0.15,0.23,72000.0,331.58628258207534
0.17,0.23,72000.0,331.9570301257484
0.19,0.23,72000.0,332.1428355070032
0.21,0.23,72000.0,332.14283550700327
0.23,0.23,72000.0,331.9570301257485
0.25,0.23,72000.0,331.58628258207546
0.27,0.23,72000.0,331.03226931870347
0.29,0.23,72000.0,330.297380152596
0.31,0.23,72000.0,329.38457109258064
0.33,0.23,72000.0,328.29718027571374
0.35,0.23,72000.0,327.0387395509187
0.37,0.23,72000.0,325.6128712266837
0.39,0.23,72000.0,324.0235220451349
0.01,0.25,72000.0,323.9924723369303
0.03,0.25,72000.0,325.5207489588838
0.05,0.25,72000.0,326.8884205208212
0.07,0.25,72000.0,328.0930980882684
0.09,0.25,72000.0,329.1324260486375
0.11,0.25,72000.0,330.00387085407374
0.13,0.25,72000.0,330.7048575558638
0.15,0.25,72000.0,331.2329933136974
0.17,0.25,72000.0,331.58628258207534
0.19,0.25,72000.0,331.76329843157885
0.21,0.25,72000.0,331.7632984315789
0.23,0.25,72000.0,331.5862825820754
0.25,0.25,72000.0,331.2329933136975
0.27,0.25,72000.0,330.70485755586384
0.29,0.25,72000.0,330.0038708540737
0.31,0.25,72000.0,329.1324260486374
0.33,0.25,72000.0,328.0930980882683
0.35,0.25,72000.0,326.8884205208211
0.37,0.25,72000.0,325.5207489588837
0.39,0.25,72000.0,323.9924723369302
0.01,0.27,72000.0,323.94581348881115
0.03,0.27,72000.0,325.3823729814419
0.05,0.27,72000.0,326.6627925628073
0.07,0.27,72000.0,327.7870478524541
0.09,0.27,72000.0,328.75465419817186
0.11,0.27,72000.0,329.5645125795458
0.13,0.27,72000.0,330.2151191632085
0.15,0.27,72000.0,330.7048575558638
0.17,0.27,72000.0,331.0322693187034
0.19,0.27,72000.0,331.1962650143556
0.21,0.27,72000.0,331.1962650143557
0.23,0.27,72000.0,331.0322693187035
0.25,0.27,72000.0,330.7048575558639
0.27,0.27,72000.0,330.21511916320856
0.29,0.27,72000.0,329.5645125795458
0.31,0.27,72000.0,328.7546541981717
0.33,0.27,72000.0,327.78704785245407
0.35,0.27,72000.0,326.6627925628072
0.37,0.27,72000.0,325.38237298144185
0.39,0.27,72000.0,323.9458134888111
0.01,0.29,72000.0,323.8833523753838
0.03,0.29,72000.0,325.1972729399597
0.05,0.29,72000.0,326.361363264146
0.07,0.29,72000.0,327.3787966713387
0.09,0.29,72000.0,328.2515023816925
0.11,0.29,72000.0,328.980150949881
0.13,0.29,72000.0,329.5645125795457
0.15,0.29,72000.0,330.0038708540737
0.17,0.29,72000.0,330.2973801525961
0.19,0.29,72000.0,330.4443328635329
0.21,0.29,72000.0,330.4443328635329
0.23,0.29,72000.0,330.2973801525961
0.25,0.29,72000.0,330.0038708540738
0.27,0.29,72000.0,329.5645125795458
0.29,0.29,72000.0,328.98015094988097
0.31,0.29,72000.0,328.25150238169243
0.33,0.29,72000.0,327.3787966713386
0.35,0.29,72000.0,326.3613632641459
0.37,0.29,72000.0,325.19727293995965
0.39,0.29,72000.0,323.88335237538377
0.01,0.31,72000.0,323.8046397475385
0.03,0.31,72000.0,324.96434168664274
0.05,0.31,72000.0,325.98287582023147
0.07,0.31,72000.0,326.86744675796376
0.09,0.31,72000.0,327.6227928352432
0.11,0.31,72000.0,328.2515023816925
0.13,0.31,72000.0,328.7546541981717
0.15,0.31,72000.0,329.13242604863746
0.17,0.31,72000.0,329.38457109258064
0.19,0.31,72000.0,329.51075263044964
0.21,0.31,72000.0,329.5107526304497
0.23,0.31,72000.0,329.3845710925807
0.25,0.31,72000.0,329.1324260486375
0.27,0.31,72000.0,328.7546541981717
0.29,0.31,72000.0,328.2515023816924
0.31,0.31,72000.0,327.6227928352431
0.33,0.31,72000.0,326.8674467579636
0.35,0.31,72000.0,325.9828758202314
0.37,0.31,72000.0,324.9643416866427
0.39,0.31,72000.0,323.80463974753843
0.01,0.33,72000.0,323.7086943494027
0.03,0.33,72000.0,324.68121403061764
0.05,0.33,72000.0,325.52461472130165
0.07,0.33,72000.0,326.2508264149609
0.09,0.33,72000.0,326.8674467579637
0.11,0.33,72000.0,327.3787966713387
0.13,0.33,72000.0,327.7870478524541
0.15,0.33,72000.0,328.0930980882684
0.17,0.33,72000.0,328.2971802757138
0.19,0.33,72000.0,328.3992576334975
0.21,0.33,72000.0,328.39925763349754
0.23,0.33,72000.0,328.2971802757138
0.25,0.33,72000.0,328.09309808826833
0.27,0.33,72000.0,327.78704785245407
0.29,0.33,72000.0,327.3787966713386
0.31,0.33,72000.0,326.86744675796365
0.33,0.33,72000.0,326.25082641496084
0.35,0.33,72000.0,325.52461472130153
0.37,0.33,72000.0,324.6812140306176
0.39,0.33,72000.0,323.7086943494027
0.01,0.35,72000.0,323.5933833050132
0.03,0.35,72000.0,324.34308334034284
0.05,0.35,72000.0,324.98126220811935
0.07,0.35,72000.0,325.52461472130165
0.09,0.35,72000.0,325.9828758202315
0.11,0.35,72000.0,326.361363264146
0.13,0.35,72000.0,326.6627925628072
0.15,0.35,72000.0,326.8884205208212
0.17,0.35,72000.0,327.0387395509188
0.19,0.35,72000.0,327.1138898492662
0.21,0.35,72000.0,327.1138898492662
0.23,0.35,72000.0,327.0387395509188
0.25,0.35,72000.0,326.8884205208212
0.27,0.35,72000.0,326.6627925628072
0.29,0.35,72000.0,326.3613632641459
0.31,0.35,72000.0,325.9828758202314
0.33,0.35,72000.0,325.5246147213016
0.35,0.35,72000.0,324.9812622081193
0.37,0.35,72000.0,324.34308334034284
0.39,0.35,72000.0,323.5933833050132
0.01,0.37,72000.0,323.45378934736567
0.03,0.37,72000.0,323.9403434464799
0.05,0.37,72000.0,324.3430833403429
0.07,0.37,72000.0,324.68121403061764
0.09,0.37,72000.0,324.9643416866428
0.11,0.37,72000.0,325.19727293995976
0.13,0.37,72000.0,325.3823729814419
0.15,0.37,72000.0,325.52074895888376
0.17,0.37,72000.0,325.6128712266838
0.19,0.37,72000.0,325.6589092884624
0.21,0.37,72000.0,325.6589092884624
0.23,0.37,72000.0,325.6128712266838
0.25,0.37,72000.0,325.52074895888376
0.27,0.37,72000.0,325.3823729814419
0.29,0.37,72000.0,325.1972729399597
0.31,0.37,72000.0,324.96434168664274
0.33,0.37,72000.0,324.68121403061764
0.35,0.37,72000.0,324.34308334034284
0.37,0.37,72000.0,323.9403434464799
0.39,0.37,72000.0,323.45378934736567
0.01,0.39,72000.0,323.2770420071409
0.03,0.39,72000.0,323.45378934736567
0.05,0.39,72000.0,323.5933833050132
0.07,0.39,72000.0,323.7086943494028
0.09,0.39,72000.0,323.8046397475386
0.11,0.39,72000.0,323.8833523753838
0.13,0.39,72000.0,323.94581348881115
0.15,0.39,72000.0,323.99247233693023
0.17,0.39,72000.0,324.0235220451349
0.19,0.39,72000.0,324.0390358781109
0.21,0.39,72000.0,324.0390358781109
0.23,0.39,72000.0,324.0235220451349
0.25,0.39,72000.0,323.99247233693023
0.27,0.39,72000.0,323.94581348881115
0.29,0.39,72000.0,323.8833523753838
0.31,0.39,72000.0,323.8046397475385
0.33,0.39,72000.0,323.7086943494028
0.35,0.39,72000.0,323.5933833050132
0.37,0.39,72000.0,323.45378934736567
0.39,0.39,72000.0,323.277042007141
