x,y,time,T
0.01,0.01,0.0,300.0
0.03,0.01,0.0,300.0
0.05,0.01,0.0,300.0
0.07,0.01,0.0,300.0
0.09,0.01,0.0,300.0
0.11,0.01,0.0,300.0
0.13,0.01,0.0,300.0
0.15,0.01,0.0,300.0
0.17,0.01,0.0,300.0
0.19,0.01,0.0,300.0
0.21,0.01,0.0,300.0
0.23,0.01,0.0,300.0
0.25,0.01,0.0,300.0
0.27,0.01,0.0,300.0
0.29,0.01,0.0,300.0
0.31,0.01,0.0,300.0
0.33,0.01,0.0,300.0
0.35,0.01,0.0,300.0
0.37,0.01,0.0,300.0
0.39,0.01,0.0,300.0
0.01,0.03,0.0,300.0
0.03,0.03,0.0,300.0
0.05,0.03,0.0,300.0
0.07,0.03,0.0,300.0
0.09,0.03,0.0,300.0
0.11,0.03,0.0,300.0
0.13,0.03,0.0,300.0
0.15,0.03,0.0,300.0
0.17,0.03,0.0,300.0
0.19,0.03,0.0,300.0
0.21,0.03,0.0,300.0
0.23,0.03,0.0,300.0
0.25,0.03,0.0,300.0
0.27,0.03,0.0,300.0
0.29,0.03,0.0,300.0
0.31,0.03,0.0,300.0
0.33,0.03,0.0,300.0
0.35,0.03,0.0,300.0
0.37,0.03,0.0,300.0
0.39,0.03,0.0,300.0
0.01,0.05,0.0,300.0
0.03,0.05,0.0,300.0
0.05,0.05,0.0,300.0
0.07,0.05,0.0,300.0
0.09,0.05,0.0,300.0
0.11,0.05,0.0,300.0
0.13,0.05,0.0,300.0
0.15,0.05,0.0,300.0
0.17,0.05,0.0,300.0
0.19,0.05,0.0,300.0
0.21,0.05,0.0,300.0
0.23,0.05,0.0,300.0
0.25,0.05,0.0,300.0
0.27,0.05,0.0,300.0
0.29,0.05,0.0,300.0
0.31,0.05,0.0,300.0
0.33,0.05,0.0,300.0
0.35,0.05,0.0,300.0
0.37,0.05,0.0,300.0
0.39,0.05,0.0,300.0
0.01,0.07,0.0,300.0
0.03,0.07,0.0,300.0
0.05,0.07,0.0,300.0
0.07,0.07,0.0,300.0
0.09,0.07,0.0,300.0
0.11,0.07,0.0,300.0
0.13,0.07,0.0,300.0
0.15,0.07,0.0,300.0
0.17,0.07,0.0,300.0
0.19,0.07,0.0,300.0
0.21,0.07,0.0,300.0
0.23,0.07,0.0,300.0
0.25,0.07,0.0,300.0
0.27,0.07,0.0,300.0
0.29,0.07,0.0,300.0
0.31,0.07,0.0,300.0
0.33,0.07,0.0,300.0
0.35,0.07,0.0,300.0
0.37,0.07,0.0,300.0
0.39,0.07,0.0,300.0
0.01,0.09,0.0,300.0
0.03,0.09,0.0,300.0
0.05,0.09,0.0,300.0
0.07,0.09,0.0,300.0
0.09,0.09,0.0,300.0
0.11,0.09,0.0,300.0
0.13,0.09,0.0,300.0
0.15,0.09,0.0,300.0
0.17,0.09,0.0,300.0
0.19,0.09,0.0,300.0
0.21,0.09,0.0,300.0
0.23,0.09,0.0,300.0
0.25,0.09,0.0,300.0
0.27,0.09,0.0,300.0
0.29,0.09,0.0,300.0
0.31,0.09,0.0,300.0
0.33,0.09,0.0,300.0
0.35,0.09,0.0,300.0
0.37,0.09,0.0,300.0
0.39,0.09,0.0,300.0
0.01,0.11,0.0,300.0
0.03,0.11,0.0,300.0
0.05,0.11,0.0,300.0
0.07,0.11,0.0,300.0
0.09,0.11,0.0,300.0
0.11,0.11,0.0,300.0
0.13,0.11,0.0,300.0
0.15,0.11,0.0,300.0
0.17,0.11,0.0,300.0
0.19,0.11,0.0,300.0
0.21,0.11,0.0,300.0
0.23,0.11,0.0,300.0
0.25,0.11,0.0,300.0
0.27,0.11,0.0,300.0
0.29,0.11,0.0,300.0
0.31,0.11,0.0,300.0
0.33,0.11,0.0,300.0
0.35,0.11,0.0,300.0
0.37,0.11,0.0,300.0
0.39,0.11,0.0,300.0
0.01,0.13,0.0,300.0
0.03,0.13,0.0,300.0
0.05,0.13,0.0,300.0
0.07,0.13,0.0,300.0
0.09,0.13,0.0,300.0
0.11,0.13,0.0,300.0
0.13,0.13,0.0,300.0
0.15,0.13,0.0,300.0
0.17,0.13,0.0,300.0
0.19,0.13,0.0,300.0
0.21,0.13,0.0,300.0
0.23,0.13,0.0,300.0
0.25,0.13,0.0,300.0
0.27,0.13,0.0,300.0
0.29,0.13,0.0,300.0
0.31,0.13,0.0,300.0
0.33,0.13,0.0,300.0
0.35,0.13,0.0,300.0
0.37,0.13,0.0,300.0
0.39,0.13,0.0,300.0
0.01,0.15,0.0,300.0
0.03,0.15,0.0,300.0
0.05,0.15,0.0,300.0
0.07,0.15,0.0,300.0
0.09,0.15,0.0,300.0
0.11,0.15,0.0,300.0
0.13,0.15,0.0,300.0
0.15,0.15,0.0,300.0
0.17,0.15,0.0,300.0
0.19,0.15,0.0,300.0
0.21,0.15,0.0,300.0
0.23,0.15,0.0,300.0
0.25,0.15,0.0,300.0
0.27,0.15,0.0,300.0
0.29,0.15,0.0,300.0
0.31,0.15,0.0,300.0
0.33,0.15,0.0,300.0
0.35,0.15,0.0,300.0
0.37,0.15,0.0,300.0
0.39,0.15,0.0,300.0
0.01,0.17,0.0,300.0
0.03,0.17,0.0,300.0
0.05,0.17,0.0,300.0
0.07,0.17,0.0,300.0
0.09,0.17,0.0,300.0
0.11,0.17,0.0,300.0
0.13,0.17,0.0,300.0
0.15,0.17,0.0,300.0
0.17,0.17,0.0,300.0
0.19,0.17,0.0,300.0
0.21,0.17,0.0,300.0
0.23,0.17,0.0,300.0
0.25,0.17,0.0,300.0
0.27,0.17,0.0,300.0
0.29,0.17,0.0,300.0
0.31,0.17,0.0,300.0
0.33,0.17,0.0,300.0
0.35,0.17,0.0,300.0
0.37,0.17,0.0,300.0
0.39,0.17,0.0,300.0
0.01,0.19,0.0,300.0
0.03,0.19,0.0,300.0
0.05,0.19,0.0,300.0
0.07,0.19,0.0,300.0
0.09,0.19,0.0,300.0
0.11,0.19,0.0,300.0
0.13,0.19,0.0,300.0
0.15,0.19,0.0,300.0
0.17,0.19,0.0,300.0
0.19,0.19,0.0,300.0
0.21,0.19,0.0,300.0
0.23,0.19,0.0,300.0
0.25,0.19,0.0,300.0
0.27,0.19,0.0,300.0
0.29,0.19,0.0,300.0
0.31,0.19,0.0,300.0
0.33,0.19,0.0,300.0
0.35,0.19,0.0,300.0
0.37,0.19,0.0,300.0
0.39,0.19,0.0,300.0
0.01,0.21,0.0,300.0
0.03,0.21,0.0,300.0
0.05,0.21,0.0,300.0
0.07,0.21,0.0,300.0
0.09,0.21,0.0,300.0
0.11,0.21,0.0,300.0
0.13,0.21,0.0,300.0
0.15,0.21,0.0,300.0
0.17,0.21,0.0,300.0
0.19,0.21,0.0,300.0
0.21,0.21,0.0,300.0
0.23,0.21,0.0,300.0
0.25,0.21,0.0,300.0
0.27,0.21,0.0,300.0
0.29,0.21,0.0,300.0
0.31,0.21,0.0,300.0
0.33,0.21,0.0,300.0
0.35,0.21,0.0,300.0
0.37,0.21,0.0,300.0
0.39,0.21,0.0,300.0
0.01,0.23,0.0,300.0
0.03,0.23,0.0,300.0
0.05,0.23,0.0,300.0
0.07,0.23,0.0,300.0
0.09,0.23,0.0,300.0
0.11,0.23,0.0,300.0
0.13,0.23,0.0,300.0
0.15,0.23,0.0,300.0
0.17,0.23,0.0,300.0
0.19,0.23,0.0,300.0
0.21,0.23,0.0,300.0
0.23,0.23,0.0,300.0
0.25,0.23,0.0,300.0
0.27,0.23,0.0,300.0
0.29,0.23,0.0,300.0
0.31,0.23,0.0,300.0
0.33,0.23,0.0,300.0
0.35,0.23,0.0,300.0
0.37,0.23,0.0,300.0
0.39,0.23,0.0,300.0
0.01,0.25,0.0,300.0
0.03,0.25,0.0,300.0
0.05,0.25,0.0,300.0
0.07,0.25,0.0,300.0
0.09,0.25,0.0,300.0
0.11,0.25,0.0,300.0
0.13,0.25,0.0,300.0
0.15,0.25,0.0,300.0
0.17,0.25,0.0,300.0
0.19,0.25,0.0,300.0
0.21,0.25,0.0,300.0
0.23,0.25,0.0,300.0
0.25,0.25,0.0,300.0
0.27,0.25,0.0,300.0
0.29,0.25,0.0,300.0
0.31,0.25,0.0,300.0
0.33,0.25,0.0,300.0
0.35,0.25,0.0,300.0
0.37,0.25,0.0,300.0
0.39,0.25,0.0,300.0
0.01,0.27,0.0,300.0
0.03,0.27,0.0,300.0
0.05,0.27,0.0,300.0
0.07,0.27,0.0,300.0
0.09,0.27,0.0,300.0
0.11,0.27,0.0,300.0
0.13,0.27,0.0,300.0
0.15,0.27,0.0,300.0
0.17,0.27,0.0,300.0
0.19,0.27,0.0,300.0
0.21,0.27,0.0,300.0
0.23,0.27,0.0,300.0
0.25,0.27,0.0,300.0
0.27,0.27,0.0,300.0
0.29,0.27,0.0,300.0
0.31,0.27,0.0,300.0
0.33,0.27,0.0,300.0
0.35,0.27,0.0,300.0
0.37,0.27,0.0,300.0
0.39,0.27,0.0,300.0
0.01,0.29,0.0,300.0
0.03,0.29,0.0,300.0
0.05,0.29,0.0,300.0
0.07,0.29,0.0,300.0
0.09,0.29,0.0,300.0
0.11,0.29,0.0,300.0
0.13,0.29,0.0,300.0
0.15,0.29,0.0,300.0
0.17,0.29,0.0,300.0
0.19,0.29,0.0,300.0
0.21,0.29,0.0,300.0
0.23,0.29,0.0,300.0
0.25,0.29,0.0,300.0
0.27,0.29,0.0,300.0
0.29,0.29,0.0,300.0
0.31,0.29,0.0,300.0
0.33,0.29,0.0,300.0
0.35,0.29,0.0,300.0
0.37,0.29,0.0,300.0
0.39,0.29,0.0,300.0
0.01,0.31,0.0,300.0
0.03,0.31,0.0,300.0
0.05,0.31,0.0,300.0
0.07,0.31,0.0,300.0
0.09,0.31,0.0,300.0
0.11,0.31,0.0,300.0
0.13,0.31,0.0,300.0
0.15,0.31,0.0,300.0
0.17,0.31,0.0,300.0
0.19,0.31,0.0,300.0
0.21,0.31,0.0,300.0
0.23,0.31,0.0,300.0
0.25,0.31,0.0,300.0
0.27,0.31,0.0,300.0
0.29,0.31,0.0,300.0
0.31,0.31,0.0,300.0
0.33,0.31,0.0,300.0
0.35,0.31,0.0,300.0
0.37,0.31,0.0,300.0
0.39,0.31,0.0,300.0
0.01,0.33,0.0,300.0
0.03,0.33,0.0,300.0
0.05,0.33,0.0,300.0
0.07,0.33,0.0,300.0
0.09,0.33,0.0,300.0
0.11,0.33,0.0,300.0
0.13,0.33,0.0,300.0
0.15,0.33,0.0,300.0
0.17,0.33,0.0,300.0
0.19,0.33,0.0,300.0
0.21,0.33,0.0,300.0
0.23,0.33,0.0,300.0
0.25,0.33,0.0,300.0
0.27,0.33,0.0,300.0
0.29,0.33,0.0,300.0
0.31,0.33,0.0,300.0
0.33,0.33,0.0,300.0
0.35,0.33,0.0,300.0
0.37,0.33,0.0,300.0
0.39,0.33,0.0,300.0
0.01,0.35,0.0,300.0
0.03,0.35,0.0,300.0
0.05,0.35,0.0,300.0
0.07,0.35,0.0,300.0
0.09,0.35,0.0,300.0
0.11,0.35,0.0,300.0
0.13,0.35,0.0,300.0
0.15,0.35,0.0,300.0
0.17,0.35,0.0,300.0
0.19,0.35,0.0,300.0
0.21,0.35,0.0,300.0
0.23,0.35,0.0,300.0
0.25,0.35,0.0,300.0
0.27,0.35,0.0,300.0
0.29,0.35,0.0,300.0
0.31,0.35,0.0,300.0
0.33,0.35,0.0,300.0
0.35,0.35,0.0,300.0
0.37,0.35,0.0,300.0
0.39,0.35,0.0,300.0
0.01,0.37,0.0,300.0
0.03,0.37,0.0,300.0
0.05,0.37,0.0,300.0
0.07,0.37,0.0,300.0
0.09,0.37,0.0,300.0
0.11,0.37,0.0,300.0
0.13,0.37,0.0,300.0
0.15,0.37,0.0,300.0
0.17,0.37,0.0,300.0
0.19,0.37,0.0,300.0
0.21,0.37,0.0,300.0
0.23,0.37,0.0,300.0
0.25,0.37,0.0,300.0
0.27,0.37,0.0,300.0
0.29,0.37,0.0,300.0
0.31,0.37,0.0,300.0
0.33,0.37,0.0,300.0
0.35,0.37,0.0,300.0
0.37,0.37,0.0,300.0
0.39,0.37,0.0,300.0
0.01,0.39,0.0,300.0
0.03,0.39,0.0,300.0
0.05,0.39,0.0,300.0
0.07,0.39,0.0,300.0
0.09,0.39,0.0,300.0
0.11,0.39,0.0,300.0
0.13,0.39,0.0,300.0
0.15,0.39,0.0,300.0
0.17,0.39,0.0,300.0
0.19,0.39,0.0,300.0
0.21,0.39,0.0,300.0
0.23,0.39,0.0,300.0
0.25,0.39,0.0,300.0
0.27,0.39,0.0,300.0
0.29,0.39,0.0,300.0
0.31,0.39,0.0,300.0
0.33,0.39,0.0,300.0
0.35,0.39,0.0,300.0
0.37,0.39,0.0,300.0
0.39,0.39,0.0,300.0
0.01,0.01,1846.1538461538464,306.93136073557565
0.03,0.01,1846.1538461538464,306.0996560823083
0.05,0.01,1846.1538461538464,305.7809190929883
0.07,0.01,1846.1538461538464,305.6488878532829
0.09,0.01,1846.1538461538464,305.5914752203143
0.11,0.01,1846.1538461538464,305.565747832452
0.13,0.01,1846.1538461538464,305.5540068623471
0.15,0.01,1846.1538461538464,305.5486131573856
0.17,0.01,1846.1538461538464,305.54618931950665
0.19,0.01,1846.1538461538464,305.54525709898314
0.21,0.01,1846.1538461538464,305.54525709898314
0.23,0.01,1846.1538461538464,305.5461893195066
0.25,0.01,1846.1538461538464,305.5486131573856
0.27,0.01,1846.1538461538464,305.5540068623471
0.29,0.01,1846.1538461538464,305.565747832452
0.31,0.01,1846.1538461538464,305.5914752203143
0.33,0.01,1846.1538461538464,305.6488878532828
0.35,0.01,1846.1538461538464,305.7809190929883
0.37,0.01,1846.1538461538464,306.0996560823083
0.39,0.01,1846.1538461538464,306.93136073557565
0.01,0.03,1846.1538461538464,306.0996560823083
0.03,0.03,1846.1538461538464,304.3225307338548
0.05,0.03,1846.1538461538464,303.5458238980014
0.07,0.03,1846.1538461538464,303.20057039203726
0.09,0.03,1846.1538461538464,303.04455417090867
0.11,0.03,1846.1538461538464,302.9730857632881
0.13,0.03,1846.1538461538464,302.94002939312526
0.15,0.03,1846.1538461538464,302.9247109555164
0.17,0.03,1846.1538461538464,302.9177874869605
0.19,0.03,1846.1538461538464,302.9151155178301
0.21,0.03,1846.1538461538464,302.91511551783003
0.23,0.03,1846.1538461538464,302.9177874869605
0.25,0.03,1846.1538461538464,302.92471095551633
0.27,0.03,1846.1538461538464,302.94002939312526
0.29,0.03,1846.1538461538464,302.97308576328817
0.31,0.03,1846.1538461538464,303.0445541709087
0.33,0.03,1846.1538461538464,303.20057039203726
0.35,0.03,1846.1538461538464,303.54582389800134
0.37,0.03,1846.1538461538464,304.3225307338548
0.39,0.03,1846.1538461538464,306.09965608230823
0.01,0.05,1846.1538461538464,305.7809190929883
0.03,0.05,1846.1538461538464,303.5458238980014
0.05,0.05,1846.1538461538464,302.5041388991704
0.07,0.05,1846.1538461538464,302.01920191237605
0.09,0.05,1846.1538461538464,301.7927715864219
0.11,0.05,1846.1538461538464,301.6866001488793
0.13,0.05,1846.1538461538464,301.63665737671835
0.15,0.05,1846.1538461538464,301.61322673762305
0.17,0.05,1846.1538461538464,301.6025430866105
0.19,0.05,1846.1538461538464,301.5983971055153
0.21,0.05,1846.1538461538464,301.5983971055153
0.23,0.05,1846.1538461538464,301.6025430866105
0.25,0.05,1846.1538461538464,301.61322673762305
0.27,0.05,1846.1538461538464,301.63665737671835
0.29,0.05,1846.1538461538464,301.6866001488793
0.31,0.05,1846.1538461538464,301.7927715864219
0.33,0.05,1846.1538461538464,302.01920191237605
0.35,0.05,1846.1538461538464,302.5041388991704
0.37,0.05,1846.1538461538464,303.54582389800134
0.39,0.05,1846.1538461538464,305.7809190929883
0.01,0.07,1846.1538461538464,305.6488878532828
0.03,0.07,1846.1538461538464,303.20057039203726
0.05,0.07,1846.1538461538464,302.01920191237605
0.07,0.07,1846.1538461538464,301.4525298492316
0.09,0.07,1846.1538461538464,301.181321104334
0.11,0.07,1846.1538461538464,301.0515898664699
0.13,0.07,1846.1538461538464,300.98958137934284
0.15,0.07,1846.1538461538464,300.96011991055985
0.17,0.07,1846.1538461538464,300.9465571345433
0.19,0.07,1846.1538461538464,300.9412609660544
0.21,0.07,1846.1538461538464,300.9412609660544
0.23,0.07,1846.1538461538464,300.9465571345433
0.25,0.07,1846.1538461538464,300.96011991055985
0.27,0.07,1846.1538461538464,300.9895813793428
0.29,0.07,1846.1538461538464,301.0515898664699
0.31,0.07,1846.1538461538464,301.181321104334
0.33,0.07,1846.1538461538464,301.4525298492316
0.35,0.07,1846.1538461538464,302.01920191237605
0.37,0.07,1846.1538461538464,303.20057039203726
0.39,0.07,1846.1538461538464,305.6488878532828
0.01,0.09,1846.1538461538464,305.5914752203143
0.03,0.09,1846.1538461538464,303.04455417090867
0.05,0.09,1846.1538461538464,301.7927715864219
0.07,0.09,1846.1538461538464,301.181321104334
0.09,0.09,1846.1538461538464,300.8837197981022
0.11,0.09,1846.1538461538464,300.7392142699272
0.13,0.09,1846.1538461538464,300.66923879353425
0.15,0.09,1846.1538461538464,300.6356243471695
0.17,0.09,1846.1538461538464,300.6200137400792
0.19,0.09,1846.1538461538464,300.613881973058
0.21,0.09,1846.1538461538464,300.613881973058
0.23,0.09,1846.1538461538464,300.6200137400791
0.25,0.09,1846.1538461538464,300.6356243471694
0.27,0.09,1846.1538461538464,300.6692387935342
0.29,0.09,1846.1538461538464,300.7392142699271
0.31,0.09,1846.1538461538464,300.8837197981022
0.33,0.09,1846.1538461538464,301.1813211043341
0.35,0.09,1846.1538461538464,301.792771586422
0.37,0.09,1846.1538461538464,303.0445541709087
0.39,0.09,1846.1538461538464,305.59147522031424
0.01,0.11,1846.1538461538464,305.5657478324521
0.03,0.11,1846.1538461538464,302.97308576328817
0.05,0.11,1846.1538461538464,301.6866001488793
0.07,0.11,1846.1538461538464,301.0515898664699
0.09,0.11,1846.1538461538464,300.7392142699272
0.11,0.11,1846.1538461538464,300.585964465074
0.13,0.11,1846.1538461538464,300.51103914348056
0.15,0.11,1846.1538461538464,300.4747366740134
0.17,0.11,1846.1538461538464,300.45775710421805
0.19,0.11,1846.1538461538464,300.4510546588059
0.21,0.11,1846.1538461538464,300.4510546588059
0.23,0.11,1846.1538461538464,300.45775710421805
0.25,0.11,1846.1538461538464,300.47473667401334
0.27,0.11,1846.1538461538464,300.5110391434805
0.29,0.11,1846.1538461538464,300.585964465074
0.31,0.11,1846.1538461538464,300.7392142699271
0.33,0.11,1846.1538461538464,301.0515898664699
0.35,0.11,1846.1538461538464,301.68660014887934
0.37,0.11,1846.1538461538464,302.97308576328817
0.39,0.11,1846.1538461538464,305.565747832452
0.01,0.13,1846.1538461538464,305.55400686234714
0.03,0.13,1846.1538461538464,302.94002939312526
0.05,0.13,1846.1538461538464,301.6366573767184
0.07,0.13,1846.1538461538464,300.9895813793428
0.09,0.13,1846.1538461538464,300.66923879353425
0.11,0.13,1846.1538461538464,300.51103914348056
0.13,0.13,1846.1538461538464,300.43318644232886
0.15,0.13,1846.1538461538464,300.395232891724
0.17,0.13,1846.1538461538464,300.37738654481126
0.19,0.13,1846.1538461538464,300.3703153724269
0.21,0.13,1846.1538461538464,300.3703153724269
0.23,0.13,1846.1538461538464,300.37738654481115
0.25,0.13,1846.1538461538464,300.3952328917239
0.27,0.13,1846.1538461538464,300.4331864423288
0.29,0.13,1846.1538461538464,300.5110391434805
0.31,0.13,1846.1538461538464,300.6692387935342
0.33,0.13,1846.1538461538464,300.9895813793428
0.35,0.13,1846.1538461538464,301.6366573767184
0.37,0.13,1846.1538461538464,302.9400293931253
0.39,0.13,1846.1538461538464,305.55400686234714
0.01,0.15,1846.1538461538464,305.54861315738566
0.03,0.15,1846.1538461538464,302.9247109555164
0.05,0.15,1846.1538461538464,301.6132267376231
0.07,0.15,1846.1538461538464,300.96011991055985
0.09,0.15,1846.1538461538464,300.6356243471695
0.11,0.15,1846.1538461538464,300.47473667401334
0.13,0.15,1846.1538461538464,300.395232891724
0.15,0.15,1846.1538461538464,300.35631657628653
0.17,0.15,1846.1538461538464,300.3379510128278
0.19,0.15,1846.1538461538464,300.3306549530249
0.21,0.15,1846.1538461538464,300.3306549530249
0.23,0.15,1846.1538461538464,300.3379510128278
0.25,0.15,1846.1538461538464,300.3563165762865
0.27,0.15,1846.1538461538464,300.3952328917239
0.29,0.15,1846.1538461538464,300.47473667401334
0.31,0.15,1846.1538461538464,300.6356243471694
0.33,0.15,1846.1538461538464,300.96011991055985
0.35,0.15,1846.1538461538464,301.61322673762305
0.37,0.15,1846.1538461538464,302.9247109555164
0.39,0.15,1846.1538461538464,305.54861315738566
0.01,0.17,1846.1538461538464,305.54618931950665
0.03,0.17,1846.1538461538464,302.9177874869605
0.05,0.17,1846.1538461538464,301.6025430866105
0.07,0.17,1846.1538461538464,300.9465571345433
0.09,0.17,1846.1538461538464,300.6200137400792
0.11,0.17,1846.1538461538464,300.45775710421805
0.13,0.17,1846.1538461538464,300.3773865448112
0.15,0.17,1846.1538461538464,300.3379510128278
0.17,0.17,1846.1538461538464,300.3192992630656
0.19,0.17,1846.1538461538464,300.3118774290659
0.21,0.17,1846.1538461538464,300.3118774290659
0.23,0.17,1846.1538461538464,300.3192992630656
0.25,0.17,1846.1538461538464,300.3379510128278
0.27,0.17,1846.1538461538464,300.3773865448112
0.29,0.17,1846.1538461538464,300.457757104218
0.31,0.17,1846.1538461538464,300.6200137400791
0.33,0.17,1846.1538461538464,300.9465571345433
0.35,0.17,1846.1538461538464,301.60254308661047
0.37,0.17,1846.1538461538464,302.9177874869605
0.39,0.17,1846.1538461538464,305.54618931950665
0.01,0.19,1846.1538461538464,305.54525709898314
0.03,0.19,1846.1538461538464,302.9151155178301
0.05,0.19,1846.1538461538464,301.5983971055153
0.07,0.19,1846.1538461538464,300.9412609660544
0.09,0.19,1846.1538461538464,300.613881973058
0.11,0.19,1846.1538461538464,300.45105465880584
0.13,0.19,1846.1538461538464,300.3703153724269
0.15,0.19,1846.1538461538464,300.33065495302486
0.17,0.19,1846.1538461538464,300.3118774290658
0.19,0.19,1846.1538461538464,300.3043997809187
0.21,0.19,1846.1538461538464,300.3043997809187
0.23,0.19,1846.1538461538464,300.3118774290658
0.25,0.19,1846.1538461538464,300.3306549530249
0.27,0.19,1846.1538461538464,300.37031537242694
0.29,0.19,1846.1538461538464,300.4510546588059
0.31,0.19,1846.1538461538464,300.613881973058
0.33,0.19,1846.1538461538464,300.9412609660544
0.35,0.19,1846.1538461538464,301.59839710551523
0.37,0.19,1846.1538461538464,302.9151155178301
0.39,0.19,1846.1538461538464,305.54525709898314
0.01,0.21,1846.1538461538464,305.54525709898314
0.03,0.21,1846.1538461538464,302.9151155178301
0.05,0.21,1846.1538461538464,301.5983971055153
0.07,0.21,1846.1538461538464,300.9412609660544
0.09,0.21,1846.1538461538464,300.613881973058
0.11,0.21,1846.1538461538464,300.4510546588059
0.13,0.21,1846.1538461538464,300.3703153724269
0.15,0.21,1846.1538461538464,300.33065495302486
0.17,0.21,1846.1538461538464,300.3118774290658
0.19,0.21,1846.1538461538464,300.3043997809187
0.21,0.21,1846.1538461538464,300.3043997809187
0.23,0.21,1846.1538461538464,300.3118774290659
0.25,0.21,1846.1538461538464,300.3306549530249
0.27,0.21,1846.1538461538464,300.37031537242694
0.29,0.21,1846.1538461538464,300.4510546588059
0.31,0.21,1846.1538461538464,300.6138819730581
0.33,0.21,1846.1538461538464,300.9412609660544
0.35,0.21,1846.1538461538464,301.59839710551523
0.37,0.21,1846.1538461538464,302.9151155178301
0.39,0.21,1846.1538461538464,305.54525709898314
0.01,0.23,1846.1538461538464,305.54618931950665
0.03,0.23,1846.1538461538464,302.9177874869605
0.05,0.23,1846.1538461538464,301.60254308661047
0.07,0.23,1846.1538461538464,300.9465571345433
0.09,0.23,1846.1538461538464,300.6200137400791
0.11,0.23,1846.1538461538464,300.457757104218
0.13,0.23,1846.1538461538464,300.37738654481115
0.15,0.23,1846.1538461538464,300.3379510128277
0.17,0.23,1846.1538461538464,300.31929926306555
0.19,0.23,1846.1538461538464,300.3118774290658
0.21,0.23,1846.1538461538464,300.3118774290658
0.23,0.23,1846.1538461538464,300.31929926306566
0.25,0.23,1846.1538461538464,300.33795101282783
0.27,0.23,1846.1538461538464,300.3773865448112
0.29,0.23,1846.1538461538464,300.45775710421805
0.31,0.23,1846.1538461538464,300.6200137400792
0.33,0.23,1846.1538461538464,300.9465571345433
0.35,0.23,1846.1538461538464,301.60254308661047
0.37,0.23,1846.1538461538464,302.9177874869605
0.39,0.23,1846.1538461538464,305.54618931950665
0.01,0.25,1846.1538461538464,305.54861315738566
0.03,0.25,1846.1538461538464,302.9247109555164
0.05,0.25,1846.1538461538464,301.61322673762305
0.07,0.25,1846.1538461538464,300.96011991055985
0.09,0.25,1846.1538461538464,300.6356243471694
0.11,0.25,1846.1538461538464,300.47473667401334
0.13,0.25,1846.1538461538464,300.3952328917239
0.15,0.25,1846.1538461538464,300.3563165762865
0.17,0.25,1846.1538461538464,300.3379510128278
0.19,0.25,1846.1538461538464,300.33065495302486
0.21,0.25,1846.1538461538464,300.3306549530249
0.23,0.25,1846.1538461538464,300.33795101282783
0.25,0.25,1846.1538461538464,300.35631657628653
0.27,0.25,1846.1538461538464,300.395232891724
0.29,0.25,1846.1538461538464,300.4747366740134
0.31,0.25,1846.1538461538464,300.6356243471695
0.33,0.25,1846.1538461538464,300.9601199105599
0.35,0.25,1846.1538461538464,301.6132267376231
0.37,0.25,1846.1538461538464,302.9247109555164
0.39,0.25,1846.1538461538464,305.5486131573856
0.01,0.27,1846.1538461538464,305.55400686234714
0.03,0.27,1846.1538461538464,302.9400293931253
0.05,0.27,1846.1538461538464,301.6366573767184
0.07,0.27,1846.1538461538464,300.9895813793428
0.09,0.27,1846.1538461538464,300.6692387935342
0.11,0.27,1846.1538461538464,300.5110391434805
0.13,0.27,1846.1538461538464,300.4331864423288
0.15,0.27,1846.1538461538464,300.3952328917239
0.17,0.27,1846.1538461538464,300.37738654481115
0.19,0.27,1846.1538461538464,300.37031537242683
0.21,0.27,1846.1538461538464,300.37031537242683
0.23,0.27,1846.1538461538464,300.3773865448112
0.25,0.27,1846.1538461538464,300.395232891724
0.27,0.27,1846.1538461538464,300.43318644232886
0.29,0.27,1846.1538461538464,300.51103914348056
0.31,0.27,1846.1538461538464,300.6692387935342
0.33,0.27,1846.1538461538464,300.98958137934284
0.35,0.27,1846.1538461538464,301.6366573767184
0.37,0.27,1846.1538461538464,302.9400293931253
0.39,0.27,1846.1538461538464,305.55400686234714
0.01,0.29,1846.1538461538464,305.565747832452
0.03,0.29,1846.1538461538464,302.97308576328817
0.05,0.29,1846.1538461538464,301.6866001488793
0.07,0.29,1846.1538461538464,301.0515898664699
0.09,0.29,1846.1538461538464,300.7392142699272
0.11,0.29,1846.1538461538464,300.585964465074
0.13,0.29,1846.1538461538464,300.5110391434805
0.15,0.29,1846.1538461538464,300.4747366740133
0.17,0.29,1846.1538461538464,300.457757104218
0.19,0.29,1846.1538461538464,300.45105465880584
0.21,0.29,1846.1538461538464,300.45105465880584
0.23,0.29,1846.1538461538464,300.457757104218
0.25,0.29,1846.1538461538464,300.4747366740134
0.27,0.29,1846.1538461538464,300.51103914348056
0.29,0.29,1846.1538461538464,300.585964465074
0.31,0.29,1846.1538461538464,300.7392142699271
0.33,0.29,1846.1538461538464,301.0515898664699
0.35,0.29,1846.1538461538464,301.6866001488792
0.37,0.29,1846.1538461538464,302.9730857632881
0.39,0.29,1846.1538461538464,305.565747832452
0.01,0.31,1846.1538461538464,305.59147522031424
0.03,0.31,1846.1538461538464,303.0445541709087
0.05,0.31,1846.1538461538464,301.7927715864219
0.07,0.31,1846.1538461538464,301.1813211043341
0.09,0.31,1846.1538461538464,300.8837197981022
0.11,0.31,1846.1538461538464,300.7392142699271
0.13,0.31,1846.1538461538464,300.66923879353413
0.15,0.31,1846.1538461538464,300.6356243471694
0.17,0.31,1846.1538461538464,300.6200137400791
0.19,0.31,1846.1538461538464,300.613881973058
0.21,0.31,1846.1538461538464,300.613881973058
0.23,0.31,1846.1538461538464,300.6200137400791
0.25,0.31,1846.1538461538464,300.6356243471694
0.27,0.31,1846.1538461538464,300.6692387935342
0.29,0.31,1846.1538461538464,300.7392142699271
0.31,0.31,1846.1538461538464,300.88371979810216
0.33,0.31,1846.1538461538464,301.181321104334
0.35,0.31,1846.1538461538464,301.79277158642185
0.37,0.31,1846.1538461538464,303.04455417090867
0.39,0.31,1846.1538461538464,305.5914752203143
0.01,0.33,1846.1538461538464,305.6488878532829
0.03,0.33,1846.1538461538464,303.20057039203726
0.05,0.33,1846.1538461538464,302.01920191237605
0.07,0.33,1846.1538461538464,301.4525298492316
0.09,0.33,1846.1538461538464,301.181321104334
0.11,0.33,1846.1538461538464,301.05158986646984
0.13,0.33,1846.1538461538464,300.9895813793427
0.15,0.33,1846.1538461538464,300.96011991055985
0.17,0.33,1846.1538461538464,300.9465571345433
0.19,0.33,1846.1538461538464,300.9412609660544
0.21,0.33,1846.1538461538464,300.9412609660544
0.23,0.33,1846.1538461538464,300.9465571345433
0.25,0.33,1846.1538461538464,300.96011991055985
0.27,0.33,1846.1538461538464,300.9895813793428
0.29,0.33,1846.1538461538464,301.0515898664699
0.31,0.33,1846.1538461538464,301.181321104334
0.33,0.33,1846.1538461538464,301.4525298492316
0.35,0.33,1846.1538461538464,302.01920191237605
0.37,0.33,1846.1538461538464,303.20057039203726
0.39,0.33,1846.1538461538464,305.6488878532828
0.01,0.35,1846.1538461538464,305.7809190929883
0.03,0.35,1846.1538461538464,303.54582389800134
0.05,0.35,1846.1538461538464,302.5041388991704
0.07,0.35,1846.1538461538464,302.01920191237605
0.09,0.35,1846.1538461538464,301.79277158642185
0.11,0.35,1846.1538461538464,301.6866001488792
0.13,0.35,1846.1538461538464,301.6366573767183
0.15,0.35,1846.1538461538464,301.61322673762305
0.17,0.35,1846.1538461538464,301.60254308661047
0.19,0.35,1846.1538461538464,301.5983971055153
0.21,0.35,1846.1538461538464,301.5983971055153
0.23,0.35,1846.1538461538464,301.6025430866105
0.25,0.35,1846.1538461538464,301.61322673762305
0.27,0.35,1846.1538461538464,301.6366573767184
0.29,0.35,1846.1538461538464,301.6866001488793
0.31,0.35,1846.1538461538464,301.7927715864219
0.33,0.35,1846.1538461538464,302.01920191237605
0.35,0.35,1846.1538461538464,302.5041388991704
0.37,0.35,1846.1538461538464,303.54582389800134
0.39,0.35,1846.1538461538464,305.7809190929883
0.01,0.37,1846.1538461538464,306.09965608230823
0.03,0.37,1846.1538461538464,304.3225307338547
0.05,0.37,1846.1538461538464,303.54582389800134
0.07,0.37,1846.1538461538464,303.2005703920372
0.09,0.37,1846.1538461538464,303.04455417090867
0.11,0.37,1846.1538461538464,302.9730857632881
0.13,0.37,1846.1538461538464,302.94002939312526
0.15,0.37,1846.1538461538464,302.9247109555164
0.17,0.37,1846.1538461538464,302.9177874869605
0.19,0.37,1846.1538461538464,302.9151155178301
0.21,0.37,1846.1538461538464,302.91511551783003
0.23,0.37,1846.1538461538464,302.9177874869605
0.25,0.37,1846.1538461538464,302.9247109555164
0.27,0.37,1846.1538461538464,302.9400293931253
0.29,0.37,1846.1538461538464,302.97308576328817
0.31,0.37,1846.1538461538464,303.0445541709087
0.33,0.37,1846.1538461538464,303.20057039203726
0.35,0.37,1846.1538461538464,303.54582389800134
0.37,0.37,1846.1538461538464,304.3225307338548
0.39,0.37,1846.1538461538464,306.09965608230823
0.01,0.39,1846.1538461538464,306.93136073557565
0.03,0.39,1846.1538461538464,306.0996560823083
0.05,0.39,1846.1538461538464,305.7809190929883
0.07,0.39,1846.1538461538464,305.6488878532828
0.09,0.39,1846.1538461538464,305.59147522031424
0.11,0.39,1846.1538461538464,305.565747832452
0.13,0.39,1846.1538461538464,305.5540068623471
0.15,0.39,1846.1538461538464,305.5486131573856
0.17,0.39,1846.1538461538464,305.54618931950665
0.19,0.39,1846.1538461538464,305.54525709898314
0.21,0.39,1846.1538461538464,305.54525709898314
0.23,0.39,1846.1538461538464,305.54618931950665
0.25,0.39,1846.1538461538464,305.5486131573856
0.27,0.39,1846.1538461538464,305.55400686234714
0.29,0.39,1846.1538461538464,305.565747832452
0.31,0.39,1846.1538461538464,305.5914752203143
0.33,0.39,1846.1538461538464,305.6488878532828
0.35,0.39,1846.1538461538464,305.7809190929883
0.37,0.39,1846.1538461538464,306.09965608230823
0.39,0.39,1846.1538461538464,306.93136073557565
0.01,0.01,3692.307692307693,308.1121557025931
0.03,0.01,3692.307692307693,307.7792793644066
0.05,0.01,3692.307692307693,307.51932540833906
0.07,0.01,3692.307692307693,307.3545235095905
0.09,0.01,3692.307692307693,307.25781501943777
0.11,0.01,3692.307692307693,307.2032731409679
0.13,0.01,3692.307692307693,307.1733118547021
0.15,0.01,3692.307692307693,307.15728938267654
0.17,0.01,3692.307692307693,307.1491721643919
0.19,0.01,3692.307692307693,307.14578869907774
0.21,0.01,3692.307692307693,307.14578869907774
0.23,0.01,3692.307692307693,307.1491721643919
0.25,0.01,3692.307692307693,307.1572893826765
0.27,0.01,3692.307692307693,307.1733118547022
0.29,0.01,3692.307692307693,307.2032731409679
0.31,0.01,3692.307692307693,307.2578150194378
0.33,0.01,3692.307692307693,307.3545235095905
0.35,0.01,3692.307692307693,307.51932540833906
0.37,0.01,3692.307692307693,307.77927936440653
0.39,0.01,3692.307692307693,308.1121557025931
0.01,0.03,3692.307692307693,307.7792793644066
0.03,0.03,3692.307692307693,306.81527018083773
0.05,0.03,3692.307692307693,306.0974710210708
0.07,0.03,3692.307692307693,305.6413335274117
0.09,0.03,3692.307692307693,305.37166161281414
0.11,0.03,3692.307692307693,305.2185593304373
0.13,0.03,3692.307692307693,305.1340156360937
0.15,0.03,3692.307692307693,305.08862296798253
0.17,0.03,3692.307692307693,305.0655592132173
0.19,0.03,3692.307692307693,305.0559280414224
0.21,0.03,3692.307692307693,305.0559280414224
0.23,0.03,3692.307692307693,305.0655592132173
0.25,0.03,3692.307692307693,305.08862296798253
0.27,0.03,3692.307692307693,305.1340156360938
0.29,0.03,3692.307692307693,305.21855933043736
0.31,0.03,3692.307692307693,305.37166161281414
0.33,0.03,3692.307692307693,305.6413335274117
0.35,0.03,3692.307692307693,306.0974710210707
0.37,0.03,3692.307692307693,306.8152701808377
0.39,0.03,3692.307692307693,307.77927936440653
0.01,0.05,3692.307692307693,307.5193254083391
0.03,0.05,3692.307692307693,306.0974710210708
0.05,0.05,3692.307692307693,305.0451884340078
0.07,0.05,3692.307692307693,304.370277589515
0.09,0.05,3692.307692307693,303.96694964212253
0.11,0.05,3692.307692307693,303.7357735442513
0.13,0.05,3692.307692307693,303.60710865643006
0.15,0.05,3692.307692307693,303.5375925857385
0.17,0.05,3692.307692307693,303.5021056099258
0.19,0.05,3692.307692307693,303.487242235335
0.21,0.05,3692.307692307693,303.487242235335
0.23,0.05,3692.307692307693,303.5021056099259
0.25,0.05,3692.307692307693,303.5375925857385
0.27,0.05,3692.307692307693,303.60710865643006
0.29,0.05,3692.307692307693,303.73577354425123
0.31,0.05,3692.307692307693,303.96694964212253
0.33,0.05,3692.307692307693,304.37027758951507
0.35,0.05,3692.307692307693,305.04518843400774
0.37,0.05,3692.307692307693,306.0974710210708
0.39,0.05,3692.307692307693,307.51932540833906
0.01,0.07,3692.307692307693,307.35452350959054
0.03,0.07,3692.307692307693,305.6413335274117
0.05,0.07,3692.307692307693,304.37027758951507
0.07,0.07,3692.307692307693,303.54697008111845
0.09,0.07,3692.307692307693,303.0496367224047
0.11,0.07,3692.307692307693,302.7617385242765
0.13,0.07,3692.307692307693,302.60012230180365
0.15,0.07,3692.307692307693,302.5121793902405
0.17,0.07,3692.307692307693,302.467038311302
0.19,0.07,3692.307692307693,302.44806379356163
0.21,0.07,3692.307692307693,302.4480637935617
0.23,0.07,3692.307692307693,302.4670383113021
0.25,0.07,3692.307692307693,302.5121793902405
0.27,0.07,3692.307692307693,302.60012230180365
0.29,0.07,3692.307692307693,302.76173852427644
0.31,0.07,3692.307692307693,303.0496367224047
0.33,0.07,3692.307692307693,303.5469700811184
0.35,0.07,3692.307692307693,304.37027758951507
0.37,0.07,3692.307692307693,305.64133352741175
0.39,0.07,3692.307692307693,307.35452350959054
0.01,0.09,3692.307692307693,307.2578150194378
0.03,0.09,3692.307692307693,305.3716616128142
0.05,0.09,3692.307692307693,303.96694964212253
0.07,0.09,3692.307692307693,303.0496367224048
0.09,0.09,3692.307692307693,302.4905012678192
0.11,0.09,3692.307692307693,302.1639992074833
0.13,0.09,3692.307692307693,301.9792604220776
0.15,0.09,3692.307692307693,301.8780492481852
0.17,0.09,3692.307692307693,301.8258154551178
0.19,0.09,3692.307692307693,301.803780693808
0.21,0.09,3692.307692307693,301.803780693808
0.23,0.09,3692.307692307693,301.8258154551178
0.25,0.09,3692.307692307693,301.8780492481852
0.27,0.09,3692.307692307693,301.9792604220775
0.29,0.09,3692.307692307693,302.1639992074833
0.31,0.09,3692.307692307693,302.4905012678191
0.33,0.09,3692.307692307693,303.0496367224047
0.35,0.09,3692.307692307693,303.96694964212253
0.37,0.09,3692.307692307693,305.3716616128142
0.39,0.09,3692.307692307693,307.2578150194378
0.01,0.11,3692.307692307693,307.2032731409679
0.03,0.11,3692.307692307693,305.21855933043736
0.05,0.11,3692.307692307693,303.7357735442513
0.07,0.11,3692.307692307693,302.7617385242765
0.09,0.11,3692.307692307693,302.16399920748336
0.11,0.11,3692.307692307693,301.81256177120724
0.13,0.11,3692.307692307693,301.6124230539966
0.15,0.11,3692.307692307693,301.502137909406
0.17,0.11,3692.307692307693,301.44495048809347
0.19,0.11,3692.307692307693,301.420748668654
0.21,0.11,3692.307692307693,301.420748668654
0.23,0.11,3692.307692307693,301.4449504880934
0.25,0.11,3692.307692307693,301.5021379094059
0.27,0.11,3692.307692307693,301.6124230539966
0.29,0.11,3692.307692307693,301.81256177120724
0.31,0.11,3692.307692307693,302.1639992074833
0.33,0.11,3692.307692307693,302.76173852427644
0.35,0.11,3692.307692307693,303.73577354425134
0.37,0.11,3692.307692307693,305.21855933043736
0.39,0.11,3692.307692307693,307.2032731409679
0.01,0.13,3692.307692307693,307.1733118547022
0.03,0.13,3692.307692307693,305.1340156360938
0.05,0.13,3692.307692307693,303.6071086564301
0.07,0.13,3692.307692307693,302.6001223018037
0.09,0.13,3692.307692307693,301.9792604220775
0.11,0.13,3692.307692307693,301.6124230539966
0.13,0.13,3692.307692307693,301.402496421135
0.15,0.13,3692.307692307693,301.286296218297
0.17,0.13,3692.307692307693,301.2258133768516
0.19,0.13,3692.307692307693,301.20015040617136
0.21,0.13,3692.307692307693,301.20015040617136
0.23,0.13,3692.307692307693,301.2258133768516
0.25,0.13,3692.307692307693,301.286296218297
0.27,0.13,3692.307692307693,301.4024964211351
0.29,0.13,3692.307692307693,301.6124230539967
0.31,0.13,3692.307692307693,301.9792604220776
0.33,0.13,3692.307692307693,302.60012230180365
0.35,0.13,3692.307692307693,303.6071086564301
0.37,0.13,3692.307692307693,305.1340156360938
0.39,0.13,3692.307692307693,307.1733118547022
0.01,0.15,3692.307692307693,307.1572893826765
0.03,0.15,3692.307692307693,305.08862296798253
0.05,0.15,3692.307692307693,303.53759258573854
0.07,0.15,3692.307692307693,302.51217939024053
0.09,0.15,3692.307692307693,301.8780492481852
0.11,0.15,3692.307692307693,301.5021379094059
0.13,0.15,3692.307692307693,301.286296218297
0.15,0.15,3692.307692307693,301.16643975202504
0.17,0.15,3692.307692307693,301.10388238458523
0.19,0.15,3692.307692307693,301.0772883949472
0.21,0.15,3692.307692307693,301.0772883949472
0.23,0.15,3692.307692307693,301.10388238458523
0.25,0.15,3692.307692307693,301.1664397520252
0.27,0.15,3692.307692307693,301.2862962182971
0.29,0.15,3692.307692307693,301.502137909406
0.31,0.15,3692.307692307693,301.8780492481852
0.33,0.15,3692.307692307693,302.5121793902405
0.35,0.15,3692.307692307693,303.5375925857385
0.37,0.15,3692.307692307693,305.08862296798253
0.39,0.15,3692.307692307693,307.15728938267654
0.01,0.17,3692.307692307693,307.1491721643919
0.03,0.17,3692.307692307693,305.0655592132173
0.05,0.17,3692.307692307693,303.5021056099259
0.07,0.17,3692.307692307693,302.4670383113021
0.09,0.17,3692.307692307693,301.8258154551178
0.11,0.17,3692.307692307693,301.4449504880934
0.13,0.17,3692.307692307693,301.2258133768516
0.15,0.17,3692.307692307693,301.10388238458523
0.17,0.17,3692.307692307693,301.04013041266705
0.19,0.17,3692.307692307693,301.01299502303186
0.21,0.17,3692.307692307693,301.01299502303186
0.23,0.17,3692.307692307693,301.04013041266705
0.25,0.17,3692.307692307693,301.1038823845853
0.27,0.17,3692.307692307693,301.22581337685165
0.29,0.17,3692.307692307693,301.44495048809347
0.31,0.17,3692.307692307693,301.8258154551178
0.33,0.17,3692.307692307693,302.467038311302
0.35,0.17,3692.307692307693,303.5021056099258
0.37,0.17,3692.307692307693,305.0655592132173
0.39,0.17,3692.307692307693,307.149172164392
0.01,0.19,3692.307692307693,307.14578869907774
0.03,0.19,3692.307692307693,305.0559280414224
0.05,0.19,3692.307692307693,303.48724223533503
0.07,0.19,3692.307692307693,302.44806379356163
0.09,0.19,3692.307692307693,301.803780693808
0.11,0.19,3692.307692307693,301.420748668654
0.13,0.19,3692.307692307693,301.2001504061713
0.15,0.19,3692.307692307693,301.0772883949472
0.17,0.19,3692.307692307693,301.0129950230318
0.19,0.19,3692.307692307693,300.9856126747249
0.21,0.19,3692.307692307693,300.98561267472485
0.23,0.19,3692.307692307693,301.01299502303186
0.25,0.19,3692.307692307693,301.07728839494723
0.27,0.19,3692.307692307693,301.20015040617136
0.29,0.19,3692.307692307693,301.420748668654
0.31,0.19,3692.307692307693,301.803780693808
0.33,0.19,3692.307692307693,302.4480637935616
0.35,0.19,3692.307692307693,303.487242235335
0.37,0.19,3692.307692307693,305.0559280414224
0.39,0.19,3692.307692307693,307.14578869907774
0.01,0.21,3692.307692307693,307.14578869907774
0.03,0.21,3692.307692307693,305.0559280414224
0.05,0.21,3692.307692307693,303.487242235335
0.07,0.21,3692.307692307693,302.44806379356163
0.09,0.21,3692.307692307693,301.80378069380794
0.11,0.21,3692.307692307693,301.420748668654
0.13,0.21,3692.307692307693,301.2001504061713
0.15,0.21,3692.307692307693,301.0772883949472
0.17,0.21,3692.307692307693,301.0129950230318
0.19,0.21,3692.307692307693,300.98561267472485
0.21,0.21,3692.307692307693,300.98561267472485
0.23,0.21,3692.307692307693,301.01299502303186
0.25,0.21,3692.307692307693,301.0772883949472
0.27,0.21,3692.307692307693,301.20015040617136
0.29,0.21,3692.307692307693,301.420748668654
0.31,0.21,3692.307692307693,301.803780693808
0.33,0.21,3692.307692307693,302.44806379356163
0.35,0.21,3692.307692307693,303.487242235335
0.37,0.21,3692.307692307693,305.0559280414224
0.39,0.21,3692.307692307693,307.14578869907774
0.01,0.23,3692.307692307693,307.1491721643919
0.03,0.23,3692.307692307693,305.06555921321734
0.05,0.23,3692.307692307693,303.5021056099258
0.07,0.23,3692.307692307693,302.467038311302
0.09,0.23,3692.307692307693,301.8258154551177
0.11,0.23,3692.307692307693,301.4449504880934
0.13,0.23,3692.307692307693,301.2258133768516
0.15,0.23,3692.307692307693,301.10388238458523
0.17,0.23,3692.307692307693,301.04013041266705
0.19,0.23,3692.307692307693,301.0129950230318
0.21,0.23,3692.307692307693,301.0129950230318
0.23,0.23,3692.307692307693,301.04013041266705
0.25,0.23,3692.307692307693,301.10388238458523
0.27,0.23,3692.307692307693,301.22581337685165
0.29,0.23,3692.307692307693,301.44495048809347
0.31,0.23,3692.307692307693,301.82581545511783
0.33,0.23,3692.307692307693,302.4670383113021
0.35,0.23,3692.307692307693,303.5021056099258
0.37,0.23,3692.307692307693,305.0655592132172
0.39,0.23,3692.307692307693,307.1491721643919
0.01,0.25,3692.307692307693,307.15728938267654
0.03,0.25,3692.307692307693,305.08862296798253
0.05,0.25,3692.307692307693,303.5375925857385
0.07,0.25,3692.307692307693,302.5121793902405
0.09,0.25,3692.307692307693,301.8780492481852
0.11,0.25,3692.307692307693,301.5021379094059
0.13,0.25,3692.307692307693,301.2862962182971
0.15,0.25,3692.307692307693,301.1664397520251
0.17,0.25,3692.307692307693,301.10388238458523
0.19,0.25,3692.307692307693,301.0772883949471
0.21,0.25,3692.307692307693,301.0772883949471
0.23,0.25,3692.307692307693,301.10388238458523
0.25,0.25,3692.307692307693,301.16643975202504
0.27,0.25,3692.307692307693,301.2862962182971
0.29,0.25,3692.307692307693,301.502137909406
0.31,0.25,3692.307692307693,301.8780492481852
0.33,0.25,3692.307692307693,302.51217939024053
0.35,0.25,3692.307692307693,303.5375925857385
0.37,0.25,3692.307692307693,305.0886229679825
0.39,0.25,3692.307692307693,307.15728938267654
0.01,0.27,3692.307692307693,307.1733118547022
0.03,0.27,3692.307692307693,305.1340156360938
0.05,0.27,3692.307692307693,303.60710865643006
0.07,0.27,3692.307692307693,302.60012230180365
0.09,0.27,3692.307692307693,301.9792604220775
0.11,0.27,3692.307692307693,301.6124230539966
0.13,0.27,3692.307692307693,301.4024964211351
0.15,0.27,3692.307692307693,301.286296218297
0.17,0.27,3692.307692307693,301.22581337685153
0.19,0.27,3692.307692307693,301.20015040617125
0.21,0.27,3692.307692307693,301.20015040617125
0.23,0.27,3692.307692307693,301.22581337685153
0.25,0.27,3692.307692307693,301.286296218297
0.27,0.27,3692.307692307693,301.402496421135
0.29,0.27,3692.307692307693,301.6124230539966
0.31,0.27,3692.307692307693,301.9792604220775
0.33,0.27,3692.307692307693,302.60012230180365
0.35,0.27,3692.307692307693,303.60710865643006
0.37,0.27,3692.307692307693,305.1340156360937
0.39,0.27,3692.307692307693,307.1733118547021
0.01,0.29,3692.307692307693,307.2032731409679
0.03,0.29,3692.307692307693,305.21855933043736
0.05,0.29,3692.307692307693,303.7357735442513
0.07,0.29,3692.307692307693,302.76173852427644
0.09,0.29,3692.307692307693,302.1639992074833
0.11,0.29,3692.307692307693,301.8125617712072
0.13,0.29,3692.307692307693,301.6124230539966
0.15,0.29,3692.307692307693,301.5021379094059
0.17,0.29,3692.307692307693,301.4449504880933
0.19,0.29,3692.307692307693,301.4207486686539
0.21,0.29,3692.307692307693,301.4207486686539
0.23,0.29,3692.307692307693,301.4449504880934
0.25,0.29,3692.307692307693,301.5021379094059
0.27,0.29,3692.307692307693,301.6124230539966
0.29,0.29,3692.307692307693,301.81256177120724
0.31,0.29,3692.307692307693,302.1639992074833
0.33,0.29,3692.307692307693,302.76173852427644
0.35,0.29,3692.307692307693,303.73577354425123
0.37,0.29,3692.307692307693,305.2185593304373
0.39,0.29,3692.307692307693,307.2032731409679
0.01,0.31,3692.307692307693,307.2578150194378
0.03,0.31,3692.307692307693,305.37166161281414
0.05,0.31,3692.307692307693,303.96694964212253
0.07,0.31,3692.307692307693,303.0496367224048
0.09,0.31,3692.307692307693,302.4905012678192
0.11,0.31,3692.307692307693,302.16399920748324
0.13,0.31,3692.307692307693,301.97926042207746
0.15,0.31,3692.307692307693,301.8780492481852
0.17,0.31,3692.307692307693,301.8258154551177
0.19,0.31,3692.307692307693,301.80378069380794
0.21,0.31,3692.307692307693,301.80378069380794
0.23,0.31,3692.307692307693,301.8258154551178
0.25,0.31,3692.307692307693,301.8780492481852
0.27,0.31,3692.307692307693,301.9792604220776
0.29,0.31,3692.307692307693,302.16399920748336
0.31,0.31,3692.307692307693,302.4905012678191
0.33,0.31,3692.307692307693,303.0496367224047
0.35,0.31,3692.307692307693,303.96694964212253
0.37,0.31,3692.307692307693,305.37166161281414
0.39,0.31,3692.307692307693,307.2578150194378
0.01,0.33,3692.307692307693,307.35452350959054
0.03,0.33,3692.307692307693,305.64133352741175
0.05,0.33,3692.307692307693,304.37027758951507
0.07,0.33,3692.307692307693,303.54697008111845
0.09,0.33,3692.307692307693,303.0496367224047
0.11,0.33,3692.307692307693,302.7617385242764
0.13,0.33,3692.307692307693,302.6001223018036
0.15,0.33,3692.307692307693,302.5121793902405
0.17,0.33,3692.307692307693,302.467038311302
0.19,0.33,3692.307692307693,302.44806379356163
0.21,0.33,3692.307692307693,302.44806379356163
0.23,0.33,3692.307692307693,302.4670383113021
0.25,0.33,3692.307692307693,302.51217939024053
0.27,0.33,3692.307692307693,302.6001223018037
0.29,0.33,3692.307692307693,302.7617385242765
0.31,0.33,3692.307692307693,303.04963672240484
0.33,0.33,3692.307692307693,303.54697008111845
0.35,0.33,3692.307692307693,304.37027758951507
0.37,0.33,3692.307692307693,305.6413335274117
0.39,0.33,3692.307692307693,307.35452350959054
0.01,0.35,3692.307692307693,307.51932540833906
0.03,0.35,3692.307692307693,306.0974710210708
0.05,0.35,3692.307692307693,305.0451884340078
0.07,0.35,3692.307692307693,304.37027758951507
0.09,0.35,3692.307692307693,303.9669496421225
0.11,0.35,3692.307692307693,303.73577354425123
0.13,0.35,3692.307692307693,303.60710865643
0.15,0.35,3692.307692307693,303.5375925857385
0.17,0.35,3692.307692307693,303.5021056099258
0.19,0.35,3692.307692307693,303.487242235335
0.21,0.35,3692.307692307693,303.487242235335
0.23,0.35,3692.307692307693,303.5021056099259
0.25,0.35,3692.307692307693,303.53759258573854
0.27,0.35,3692.307692307693,303.6071086564301
0.29,0.35,3692.307692307693,303.73577354425134
0.31,0.35,3692.307692307693,303.9669496421226
0.33,0.35,3692.307692307693,304.37027758951507
0.35,0.35,3692.307692307693,305.0451884340078
0.37,0.35,3692.307692307693,306.0974710210708
0.39,0.35,3692.307692307693,307.51932540833906
0.01,0.37,3692.307692307693,307.7792793644066
0.03,0.37,3692.307692307693,306.8152701808377
0.05,0.37,3692.307692307693,306.0974710210708
0.07,0.37,3692.307692307693,305.6413335274117
0.09,0.37,3692.307692307693,305.37166161281414
0.11,0.37,3692.307692307693,305.2185593304373
0.13,0.37,3692.307692307693,305.1340156360937
0.15,0.37,3692.307692307693,305.08862296798253
0.17,0.37,3692.307692307693,305.0655592132173
0.19,0.37,3692.307692307693,305.0559280414224
0.21,0.37,3692.307692307693,305.0559280414224
0.23,0.37,3692.307692307693,305.06555921321734
0.25,0.37,3692.307692307693,305.0886229679826
0.27,0.37,3692.307692307693,305.1340156360938
0.29,0.37,3692.307692307693,305.2185593304374
0.31,0.37,3692.307692307693,305.3716616128142
0.33,0.37,3692.307692307693,305.6413335274117
0.35,0.37,3692.307692307693,306.0974710210708
0.37,0.37,3692.307692307693,306.8152701808377
0.39,0.37,3692.307692307693,307.7792793644066
0.01,0.39,3692.307692307693,308.1121557025931
0.03,0.39,3692.307692307693,307.77927936440653
0.05,0.39,3692.307692307693,307.51932540833906
0.07,0.39,3692.307692307693,307.35452350959054
0.09,0.39,3692.307692307693,307.2578150194378
0.11,0.39,3692.307692307693,307.20327314096784
0.13,0.39,3692.307692307693,307.1733118547022
0.15,0.39,3692.307692307693,307.1572893826765
0.17,0.39,3692.307692307693,307.1491721643919
0.19,0.39,3692.307692307693,307.14578869907774
0.21,0.39,3692.307692307693,307.14578869907774
0.23,0.39,3692.307692307693,307.1491721643919
0.25,0.39,3692.307692307693,307.15728938267654
0.27,0.39,3692.307692307693,307.1733118547021
0.29,0.39,3692.307692307693,307.2032731409679
0.31,0.39,3692.307692307693,307.2578150194378
0.33,0.39,3692.307692307693,307.35452350959054
0.35,0.39,3692.307692307693,307.51932540833906
0.37,0.39,3692.307692307693,307.7792793644066
0.39,0.39,3692.307692307693,308.1121557025931
0.01,0.01,5538.461538461539,308.5896892529843
0.03,0.01,5538.461538461539,308.6893264233848
0.05,0.01,5538.461538461539,308.5881508811404
0.07,0.01,5538.461538461539,308.4610242638332
0.09,0.01,5538.461538461539,308.3567738094071
0.11,0.01,5538.461538461539,308.2828711755552
0.13,0.01,5538.461538461539,308.2345002339068
0.15,0.01,5538.461538461539,308.2047824768511
0.17,0.01,5538.461538461539,308.18804705827245
0.19,0.01,5538.461538461539,308.1805765114568
0.21,0.01,5538.461538461539,308.1805765114568
0.23,0.01,5538.461538461539,308.18804705827245
0.25,0.01,5538.461538461539,308.20478247685105
0.27,0.01,5538.461538461539,308.2345002339068
0.29,0.01,5538.461538461539,308.2828711755552
0.31,0.01,5538.461538461539,308.3567738094071
0.33,0.01,5538.461538461539,308.4610242638332
0.35,0.01,5538.461538461539,308.58815088114034
0.37,0.01,5538.461538461539,308.6893264233848
0.39,0.01,5538.461538461539,308.5896892529843
0.01,0.03,5538.461538461539,308.6893264233847
0.03,0.03,5538.461538461539,308.6726003351513
0.05,0.03,5538.461538461539,308.3169081000574
0.07,0.03,5538.461538461539,307.93737140853665
0.09,0.03,5538.461538461539,307.6345804653082
0.11,0.03,5538.461538461539,307.42137706086027
0.13,0.03,5538.461538461539,307.28204765869054
0.15,0.03,5538.461538461539,307.19644708989034
0.17,0.03,5538.461538461539,307.1482203828639
0.19,0.03,5538.461538461539,307.1266835288821
0.21,0.03,5538.461538461539,307.1266835288821
0.23,0.03,5538.461538461539,307.1482203828638
0.25,0.03,5538.461538461539,307.1964470898903
0.27,0.03,5538.461538461539,307.2820476586905
0.29,0.03,5538.461538461539,307.4213770608602
0.31,0.03,5538.461538461539,307.6345804653082
0.33,0.03,5538.461538461539,307.9373714085366
0.35,0.03,5538.461538461539,308.31690810005733
0.37,0.03,5538.461538461539,308.6726003351513
0.39,0.03,5538.461538461539,308.6893264233848
0.01,0.05,5538.461538461539,308.5881508811404
0.03,0.05,5538.461538461539,308.3169081000574
0.05,0.05,5538.461538461539,307.6975333576688
0.07,0.05,5538.461538461539,307.0929178496084
0.09,0.05,5538.461538461539,306.6207540920487
0.11,0.05,5538.461538461539,306.2902750647417
0.13,0.05,5538.461538461539,306.0745467192368
0.15,0.05,5538.461538461539,305.9419332211461
0.17,0.05,5538.461538461539,305.867144403218
0.19,0.05,5538.461538461539,305.8337177340602
0.21,0.05,5538.461538461539,305.83371773406026
0.23,0.05,5538.461538461539,305.867144403218
0.25,0.05,5538.461538461539,305.9419332211461
0.27,0.05,5538.461538461539,306.0745467192367
0.29,0.05,5538.461538461539,306.29027506474165
0.31,0.05,5538.461538461539,306.6207540920487
0.33,0.05,5538.461538461539,307.09291784960834
0.35,0.05,5538.461538461539,307.6975333576688
0.37,0.05,5538.461538461539,308.31690810005733
0.39,0.05,5538.461538461539,308.5881508811404
0.01,0.07,5538.461538461539,308.4610242638332
0.03,0.07,5538.461538461539,307.93737140853665
0.05,0.07,5538.461538461539,307.0929178496084
0.07,0.07,5538.461538461539,306.30845486685405
0.09,0.07,5538.461538461539,305.7043732300526
0.11,0.07,5538.461538461539,305.2831939923877
0.13,0.07,5538.461538461539,305.0083055484964
0.15,0.07,5538.461538461539,304.8391233393115
0.17,0.07,5538.461538461539,304.7435702658647
0.19,0.07,5538.461538461539,304.7008143388612
0.21,0.07,5538.461538461539,304.7008143388612
0.23,0.07,5538.461538461539,304.7435702658647
0.25,0.07,5538.461538461539,304.8391233393116
0.27,0.07,5538.461538461539,305.0083055484964
0.29,0.07,5538.461538461539,305.2831939923877
0.31,0.07,5538.461538461539,305.70437323005257
0.33,0.07,5538.461538461539,306.308454866854
0.35,0.07,5538.461538461539,307.09291784960834
0.37,0.07,5538.461538461539,307.93737140853665
0.39,0.07,5538.461538461539,308.4610242638332
0.01,0.09,5538.461538461539,308.3567738094071
0.03,0.09,5538.461538461539,307.6345804653082
0.05,0.09,5538.461538461539,306.6207540920487
0.07,0.09,5538.461538461539,305.7043732300526
0.09,0.09,5538.461538461539,305.0044498142344
0.11,0.09,5538.461538461539,304.51734217873604
0.13,0.09,5538.461538461539,304.1992038900026
0.15,0.09,5538.461538461539,304.00308130334577
0.17,0.09,5538.461538461539,303.89211860239084
0.19,0.09,5538.461538461539,303.84240296589206
0.21,0.09,5538.461538461539,303.84240296589206
0.23,0.09,5538.461538461539,303.89211860239084
0.25,0.09,5538.461538461539,304.00308130334577
0.27,0.09,5538.461538461539,304.19920389000265
0.29,0.09,5538.461538461539,304.5173421787361
0.31,0.09,5538.461538461539,305.0044498142344
0.33,0.09,5538.461538461539,305.70437323005257
0.35,0.09,5538.461538461539,306.6207540920487
0.37,0.09,5538.461538461539,307.63458046530826
0.39,0.09,5538.461538461539,308.3567738094072
0.01,0.11,5538.461538461539,308.2828711755552
0.03,0.11,5538.461538461539,307.4213770608602
0.05,0.11,5538.461538461539,306.29027506474165
0.07,0.11,5538.461538461539,305.2831939923877
0.09,0.11,5538.461538461539,304.51734217873604
0.11,0.11,5538.461538461539,303.98460328406287
0.13,0.11,5538.461538461539,303.636251026694
0.15,0.11,5538.461538461539,303.42111622464563
0.17,0.11,5538.461538461539,303.2991797731568
0.19,0.11,5538.461538461539,303.24447659797755
0.21,0.11,5538.461538461539,303.2444765979776
0.23,0.11,5538.461538461539,303.2991797731568
0.25,0.11,5538.461538461539,303.4211162246457
0.27,0.11,5538.461538461539,303.6362510266941
0.29,0.11,5538.461538461539,303.984603284063
0.31,0.11,5538.461538461539,304.51734217873616
0.33,0.11,5538.461538461539,305.28319399238774
0.35,0.11,5538.461538461539,306.29027506474176
0.37,0.11,5538.461538461539,307.4213770608603
0.39,0.11,5538.461538461539,308.2828711755552
0.01,0.13,5538.461538461539,308.2345002339068
0.03,0.13,5538.461538461539,307.2820476586905
0.05,0.13,5538.461538461539,306.0745467192368
0.07,0.13,5538.461538461539,305.0083055484964
0.09,0.13,5538.461538461539,304.19920389000265
0.11,0.13,5538.461538461539,303.636251026694
0.13,0.13,5538.461538461539,303.2676679984924
0.15,0.13,5538.461538461539,303.0396576012798
0.17,0.13,5538.461538461539,302.91021601933977
0.19,0.13,5538.461538461539,302.8520787517336
0.21,0.13,5538.461538461539,302.8520787517336
0.23,0.13,5538.461538461539,302.9102160193398
0.25,0.13,5538.461538461539,303.03965760127994
0.27,0.13,5538.461538461539,303.26766799849247
0.29,0.13,5538.461538461539,303.63625102669414
0.31,0.13,5538.461538461539,304.1992038900027
0.33,0.13,5538.461538461539,305.0083055484964
0.35,0.13,5538.461538461539,306.0745467192368
0.37,0.13,5538.461538461539,307.2820476586906
0.39,0.13,5538.461538461539,308.23450023390683
0.01,0.15,5538.461538461539,308.20478247685105
0.03,0.15,5538.461538461539,307.19644708989034
0.05,0.15,5538.461538461539,305.94193322114614
0.07,0.15,5538.461538461539,304.83912333931164
0.09,0.15,5538.461538461539,304.00308130334577
0.11,0.15,5538.461538461539,303.42111622464563
0.13,0.15,5538.461538461539,303.0396576012799
0.15,0.15,5538.461538461539,302.8033608217174
0.17,0.15,5538.461538461539,302.66904303493385
0.19,0.15,5538.461538461539,302.60866014917445
0.21,0.15,5538.461538461539,302.60866014917445
0.23,0.15,5538.461538461539,302.669043034934
0.25,0.15,5538.461538461539,302.8033608217175
0.27,0.15,5538.461538461539,303.03965760128
0.29,0.15,5538.461538461539,303.42111622464574
0.31,0.15,5538.461538461539,304.0030813033458
0.33,0.15,5538.461538461539,304.8391233393116
0.35,0.15,5538.461538461539,305.94193322114614
0.37,0.15,5538.461538461539,307.19644708989034
0.39,0.15,5538.461538461539,308.2047824768512
0.01,0.17,5538.461538461539,308.18804705827245
0.03,0.17,5538.461538461539,307.1482203828639
0.05,0.17,5538.461538461539,305.8671444032181
0.07,0.17,5538.461538461539,304.7435702658648
0.09,0.17,5538.461538461539,303.89211860239084
0.11,0.17,5538.461538461539,303.2991797731568
0.13,0.17,5538.461538461539,302.9102160193398
0.15,0.17,5538.461538461539,302.66904303493385
0.17,0.17,5538.461538461539,302.53183270001955
0.19,0.17,5538.461538461539,302.4701104981814
0.21,0.17,5538.461538461539,302.4701104981814
0.23,0.17,5538.461538461539,302.5318327000196
0.25,0.17,5538.461538461539,302.6690430349339
0.27,0.17,5538.461538461539,302.9102160193399
0.29,0.17,5538.461538461539,303.29917977315694
0.31,0.17,5538.461538461539,303.8921186023909
0.33,0.17,5538.461538461539,304.7435702658648
0.35,0.17,5538.461538461539,305.86714440321805
0.37,0.17,5538.461538461539,307.1482203828639
0.39,0.17,5538.461538461539,308.18804705827245
0.01,0.19,5538.461538461539,308.1805765114568
0.03,0.19,5538.461538461539,307.1266835288821
0.05,0.19,5538.461538461539,305.83371773406026
0.07,0.19,5538.461538461539,304.7008143388612
0.09,0.19,5538.461538461539,303.84240296589206
0.11,0.19,5538.461538461539,303.24447659797755
0.13,0.19,5538.461538461539,302.8520787517336
0.15,0.19,5538.461538461539,302.60866014917434
0.17,0.19,5538.461538461539,302.4701104981813
0.19,0.19,5538.461538461539,302.4077659058817
0.21,0.19,5538.461538461539,302.40776590588166
0.23,0.19,5538.461538461539,302.4701104981814
0.25,0.19,5538.461538461539,302.60866014917445
0.27,0.19,5538.461538461539,302.85207875173364
0.29,0.19,5538.461538461539,303.24447659797767
0.31,0.19,5538.461538461539,303.8424029658921
0.33,0.19,5538.461538461539,304.7008143388612
0.35,0.19,5538.461538461539,305.83371773406026
0.37,0.19,5538.461538461539,307.1266835288821
0.39,0.19,5538.461538461539,308.1805765114568
0.01,0.21,5538.461538461539,308.1805765114568
0.03,0.21,5538.461538461539,307.1266835288821
0.05,0.21,5538.461538461539,305.83371773406026
0.07,0.21,5538.461538461539,304.7008143388612
0.09,0.21,5538.461538461539,303.84240296589206
0.11,0.21,5538.461538461539,303.2444765979776
0.13,0.21,5538.461538461539,302.8520787517336
0.15,0.21,5538.461538461539,302.60866014917434
0.17,0.21,5538.461538461539,302.4701104981813
0.19,0.21,5538.461538461539,302.40776590588166
0.21,0.21,5538.461538461539,302.40776590588166
0.23,0.21,5538.461538461539,302.4701104981813
0.25,0.21,5538.461538461539,302.60866014917445
0.27,0.21,5538.461538461539,302.85207875173364
0.29,0.21,5538.461538461539,303.24447659797767
0.31,0.21,5538.461538461539,303.8424029658921
0.33,0.21,5538.461538461539,304.7008143388612
0.35,0.21,5538.461538461539,305.83371773406026
0.37,0.21,5538.461538461539,307.1266835288821
0.39,0.21,5538.461538461539,308.1805765114568
0.01,0.23,5538.461538461539,308.18804705827245
0.03,0.23,5538.461538461539,307.1482203828639
0.05,0.23,5538.461538461539,305.86714440321805
0.07,0.23,5538.461538461539,304.7435702658648
0.09,0.23,5538.461538461539,303.8921186023909
0.11,0.23,5538.461538461539,303.2991797731568
0.13,0.23,5538.461538461539,302.91021601933977
0.15,0.23,5538.461538461539,302.66904303493385
0.17,0.23,5538.461538461539,302.5318327000195
0.19,0.23,5538.461538461539,302.47011049818127
0.21,0.23,5538.461538461539,302.47011049818127
0.23,0.23,5538.461538461539,302.53183270001955
0.25,0.23,5538.461538461539,302.6690430349339
0.27,0.23,5538.461538461539,302.9102160193398
0.29,0.23,5538.461538461539,303.2991797731569
0.31,0.23,5538.461538461539,303.8921186023909
0.33,0.23,5538.461538461539,304.7435702658648
0.35,0.23,5538.461538461539,305.86714440321805
0.37,0.23,5538.461538461539,307.1482203828639
0.39,0.23,5538.461538461539,308.18804705827245
0.01,0.25,5538.461538461539,308.2047824768511
0.03,0.25,5538.461538461539,307.19644708989034
0.05,0.25,5538.461538461539,305.94193322114614
0.07,0.25,5538.461538461539,304.8391233393115
0.09,0.25,5538.461538461539,304.00308130334577
0.11,0.25,5538.461538461539,303.4211162246457
0.13,0.25,5538.461538461539,303.0396576012799
0.15,0.25,5538.461538461539,302.8033608217173
0.17,0.25,5538.461538461539,302.6690430349338
0.19,0.25,5538.461538461539,302.6086601491743
0.21,0.25,5538.461538461539,302.6086601491743
0.23,0.25,5538.461538461539,302.6690430349338
0.25,0.25,5538.461538461539,302.8033608217173
0.27,0.25,5538.461538461539,303.0396576012799
0.29,0.25,5538.461538461539,303.4211162246457
0.31,0.25,5538.461538461539,304.0030813033458
0.33,0.25,5538.461538461539,304.83912333931164
0.35,0.25,5538.461538461539,305.9419332211462
0.37,0.25,5538.461538461539,307.19644708989034
0.39,0.25,5538.461538461539,308.2047824768511
0.01,0.27,5538.461538461539,308.23450023390683
0.03,0.27,5538.461538461539,307.28204765869054
0.05,0.27,5538.461538461539,306.0745467192368
0.07,0.27,5538.461538461539,305.0083055484964
0.09,0.27,5538.461538461539,304.1992038900026
0.11,0.27,5538.461538461539,303.636251026694
0.13,0.27,5538.461538461539,303.2676679984924
0.15,0.27,5538.461538461539,303.0396576012799
0.17,0.27,5538.461538461539,302.91021601933977
0.19,0.27,5538.461538461539,302.8520787517336
0.21,0.27,5538.461538461539,302.8520787517335
0.23,0.27,5538.461538461539,302.9102160193397
0.25,0.27,5538.461538461539,303.0396576012798
0.27,0.27,5538.461538461539,303.2676679984924
0.29,0.27,5538.461538461539,303.636251026694
0.31,0.27,5538.461538461539,304.19920389000265
0.33,0.27,5538.461538461539,305.0083055484964
0.35,0.27,5538.461538461539,306.0745467192368
0.37,0.27,5538.461538461539,307.28204765869054
0.39,0.27,5538.461538461539,308.2345002339068
0.01,0.29,5538.461538461539,308.2828711755552
0.03,0.29,5538.461538461539,307.42137706086027
0.05,0.29,5538.461538461539,306.29027506474165
0.07,0.29,5538.461538461539,305.2831939923876
0.09,0.29,5538.461538461539,304.51734217873604
0.11,0.29,5538.461538461539,303.9846032840629
0.13,0.29,5538.461538461539,303.636251026694
0.15,0.29,5538.461538461539,303.42111622464563
0.17,0.29,5538.461538461539,303.2991797731568
0.19,0.29,5538.461538461539,303.24447659797755
0.21,0.29,5538.461538461539,303.2444765979775
0.23,0.29,5538.461538461539,303.2991797731567
0.25,0.29,5538.461538461539,303.42111622464563
0.27,0.29,5538.461538461539,303.636251026694
0.29,0.29,5538.461538461539,303.98460328406287
0.31,0.29,5538.461538461539,304.51734217873604
0.33,0.29,5538.461538461539,305.2831939923876
0.35,0.29,5538.461538461539,306.2902750647417
0.37,0.29,5538.461538461539,307.42137706086027
0.39,0.29,5538.461538461539,308.2828711755552
0.01,0.31,5538.461538461539,308.3567738094072
0.03,0.31,5538.461538461539,307.63458046530826
0.05,0.31,5538.461538461539,306.6207540920487
0.07,0.31,5538.461538461539,305.70437323005257
0.09,0.31,5538.461538461539,305.0044498142344
0.11,0.31,5538.461538461539,304.517342178736
0.13,0.31,5538.461538461539,304.1992038900026
0.15,0.31,5538.461538461539,304.00308130334577
0.17,0.31,5538.461538461539,303.89211860239084
0.19,0.31,5538.461538461539,303.84240296589206
0.21,0.31,5538.461538461539,303.842402965892
0.23,0.31,5538.461538461539,303.8921186023908
0.25,0.31,5538.461538461539,304.0030813033457
0.27,0.31,5538.461538461539,304.1992038900026
0.29,0.31,5538.461538461539,304.51734217873604
0.31,0.31,5538.461538461539,305.0044498142344
0.33,0.31,5538.461538461539,305.70437323005257
0.35,0.31,5538.461538461539,306.6207540920487
0.37,0.31,5538.461538461539,307.6345804653082
0.39,0.31,5538.461538461539,308.3567738094071
0.01,0.33,5538.461538461539,308.4610242638332
0.03,0.33,5538.461538461539,307.93737140853665
0.05,0.33,5538.461538461539,307.0929178496084
0.07,0.33,5538.461538461539,306.30845486685405
0.09,0.33,5538.461538461539,305.7043732300525
0.11,0.33,5538.461538461539,305.2831939923876
0.13,0.33,5538.461538461539,305.0083055484964
0.15,0.33,5538.461538461539,304.8391233393115
0.17,0.33,5538.461538461539,304.7435702658647
0.19,0.33,5538.461538461539,304.7008143388612
0.21,0.33,5538.461538461539,304.7008143388612
0.23,0.33,5538.461538461539,304.7435702658648
0.25,0.33,5538.461538461539,304.83912333931164
0.27,0.33,5538.461538461539,305.0083055484964
0.29,0.33,5538.461538461539,305.2831939923877
0.31,0.33,5538.461538461539,305.7043732300526
0.33,0.33,5538.461538461539,306.30845486685405
0.35,0.33,5538.461538461539,307.0929178496084
0.37,0.33,5538.461538461539,307.93737140853665
0.39,0.33,5538.461538461539,308.4610242638332
0.01,0.35,5538.461538461539,308.5881508811404
0.03,0.35,5538.461538461539,308.3169081000574
0.05,0.35,5538.461538461539,307.6975333576688
0.07,0.35,5538.461538461539,307.09291784960834
0.09,0.35,5538.461538461539,306.6207540920487
0.11,0.35,5538.461538461539,306.29027506474165
0.13,0.35,5538.461538461539,306.0745467192367
0.15,0.35,5538.461538461539,305.9419332211461
0.17,0.35,5538.461538461539,305.86714440321805
0.19,0.35,5538.461538461539,305.83371773406026
0.21,0.35,5538.461538461539,305.83371773406026
0.23,0.35,5538.461538461539,305.8671444032181
0.25,0.35,5538.461538461539,305.9419332211462
0.27,0.35,5538.461538461539,306.0745467192368
0.29,0.35,5538.461538461539,306.2902750647417
0.31,0.35,5538.461538461539,306.62075409204874
0.33,0.35,5538.461538461539,307.0929178496084
0.35,0.35,5538.461538461539,307.6975333576688
0.37,0.35,5538.461538461539,308.3169081000574
0.39,0.35,5538.461538461539,308.58815088114034
0.01,0.37,5538.461538461539,308.6893264233848
0.03,0.37,5538.461538461539,308.6726003351513
0.05,0.37,5538.461538461539,308.31690810005733
0.07,0.37,5538.461538461539,307.93737140853665
0.09,0.37,5538.461538461539,307.6345804653082
0.11,0.37,5538.461538461539,307.4213770608602
0.13,0.37,5538.461538461539,307.2820476586905
0.15,0.37,5538.461538461539,307.1964470898903
0.17,0.37,5538.461538461539,307.1482203828639
0.19,0.37,5538.461538461539,307.1266835288821
0.21,0.37,5538.461538461539,307.1266835288821
0.23,0.37,5538.461538461539,307.14822038286394
0.25,0.37,5538.461538461539,307.1964470898904
0.27,0.37,5538.461538461539,307.2820476586906
0.29,0.37,5538.461538461539,307.42137706086027
0.31,0.37,5538.461538461539,307.63458046530826
0.33,0.37,5538.461538461539,307.93737140853665
0.35,0.37,5538.461538461539,308.3169081000574
0.37,0.37,5538.461538461539,308.6726003351513
0.39,0.37,5538.461538461539,308.6893264233848
0.01,0.39,5538.461538461539,308.5896892529844
0.03,0.39,5538.461538461539,308.6893264233848
0.05,0.39,5538.461538461539,308.58815088114034
0.07,0.39,5538.461538461539,308.4610242638332
0.09,0.39,5538.461538461539,308.3567738094071
0.11,0.39,5538.461538461539,308.2828711755552
0.13,0.39,5538.461538461539,308.2345002339068
0.15,0.39,5538.461538461539,308.20478247685105
0.17,0.39,5538.461538461539,308.18804705827245
0.19,0.39,5538.461538461539,308.1805765114568
0.21,0.39,5538.461538461539,308.1805765114568
0.23,0.39,5538.461538461539,308.1880470582725
0.25,0.39,5538.461538461539,308.2047824768511
0.27,0.39,5538.461538461539,308.23450023390683
0.29,0.39,5538.461538461539,308.2828711755552
0.31,0.39,5538.461538461539,308.3567738094071
0.33,0.39,5538.461538461539,308.4610242638332
0.35,0.39,5538.461538461539,308.5881508811404
0.37,0.39,5538.461538461539,308.6893264233848
0.39,0.39,5538.461538461539,308.5896892529843
0.01,0.01,7384.615384615385,308.8659145238671
0.03,0.01,7384.615384615385,309.32427358596084
0.05,0.01,7384.615384615385,309.4259237070925
0.07,0.01,7384.615384615385,309.3961995497775
0.09,0.01,7384.615384615385,309.32789900360024
0.11,0.01,7384.615384615385,309.25913946723267
0.13,0.01,7384.615384615385,309.2034801418787
0.15,0.01,7384.615384615385,309.16378041134675
0.17,0.01,7384.615384615385,309.1389418533248
0.19,0.01,7384.615384615385,309.1271146763899
0.21,0.01,7384.615384615385,309.1271146763899
0.23,0.01,7384.615384615385,309.1389418533248
0.25,0.01,7384.615384615385,309.16378041134675
0.27,0.01,7384.615384615385,309.20348014187874
0.29,0.01,7384.615384615385,309.25913946723267
0.31,0.01,7384.615384615385,309.32789900360024
0.33,0.01,7384.615384615385,309.39619954977746
0.35,0.01,7384.615384615385,309.42592370709247
0.37,0.01,7384.615384615385,309.32427358596084
0.39,0.01,7384.615384615385,308.8659145238671
0.01,0.03,7384.615384615385,309.32427358596084
0.03,0.03,7384.615384615385,310.2179707763136
0.05,0.03,7384.615384615385,310.3955247581358
0.07,0.03,7384.615384615385,310.272218282502
0.09,0.03,7384.615384615385,310.05961349061994
0.11,0.03,7384.615384615385,309.8532100131813
0.13,0.03,7384.615384615385,309.687927499598
0.15,0.03,7384.615384615385,309.57054165111794
0.17,0.03,7384.615384615385,309.4972395211755
0.19,0.03,7384.615384615385,309.46236583496864
0.21,0.03,7384.615384615385,309.46236583496864
0.23,0.03,7384.615384615385,309.4972395211756
0.25,0.03,7384.615384615385,309.5705416511179
0.27,0.03,7384.615384615385,309.687927499598
0.29,0.03,7384.615384615385,309.8532100131813
0.31,0.03,7384.615384615385,310.05961349061994
0.33,0.03,7384.615384615385,310.272218282502
0.35,0.03,7384.615384615385,310.39552475813576
0.37,0.03,7384.615384615385,310.2179707763136
0.39,0.03,7384.615384615385,309.32427358596084
0.01,0.05,7384.615384615385,309.4259237070925
0.03,0.05,7384.615384615385,310.3955247581358
0.05,0.05,7384.615384615385,310.51007410190795
0.07,0.05,7384.615384615385,310.2515918307836
0.09,0.05,7384.615384615385,309.8899822843876
0.11,0.05,7384.615384615385,309.55272403050924
0.13,0.05,7384.615384615385,309.2863452876072
0.15,0.05,7384.615384615385,309.09824893347763
0.17,0.05,7384.615384615385,308.9810983742786
0.19,0.05,7384.615384615385,308.9254273284215
0.21,0.05,7384.615384615385,308.9254273284215
0.23,0.05,7384.615384615385,308.98109837427864
0.25,0.05,7384.615384615385,309.09824893347763
0.27,0.05,7384.615384615385,309.2863452876072
0.29,0.05,7384.615384615385,309.55272403050924
0.31,0.05,7384.615384615385,309.8899822843876
0.33,0.05,7384.615384615385,310.2515918307836
0.35,0.05,7384.615384615385,310.51007410190795
0.37,0.05,7384.615384615385,310.39552475813576
0.39,0.05,7384.615384615385,309.4259237070925
0.01,0.07,7384.615384615385,309.3961995497775
0.03,0.07,7384.615384615385,310.272218282502
0.05,0.07,7384.615384615385,310.2515918307836
0.07,0.07,7384.615384615385,309.8424660672084
0.09,0.07,7384.615384615385,309.34081268668444
0.11,0.07,7384.615384615385,308.8884505033403
0.13,0.07,7384.615384615385,308.53575916005013
0.15,0.07,7384.615384615385,308.288148471939
0.17,0.07,7384.615384615385,308.1343433360921
0.19,0.07,7384.615384615385,308.0613390350231
0.21,0.07,7384.615384615385,308.0613390350231
0.23,0.07,7384.615384615385,308.1343433360922
0.25,0.07,7384.615384615385,308.288148471939
0.27,0.07,7384.615384615385,308.53575916005013
0.29,0.07,7384.615384615385,308.8884505033404
0.31,0.07,7384.615384615385,309.3408126866845
0.33,0.07,7384.615384615385,309.8424660672084
0.35,0.07,7384.615384615385,310.2515918307836
0.37,0.07,7384.615384615385,310.272218282502
0.39,0.07,7384.615384615385,309.3961995497775
0.01,0.09,7384.615384615385,309.32789900360024
0.03,0.09,7384.615384615385,310.05961349062
0.05,0.09,7384.615384615385,309.8899822843876
0.07,0.09,7384.615384615385,309.34081268668444
0.09,0.09,7384.615384615385,308.71968247957733
0.11,0.09,7384.615384615385,308.1734282309762
0.13,0.09,7384.615384615385,307.7519883551007
0.15,0.09,7384.615384615385,307.45756213152004
0.17,0.09,7384.615384615385,307.2751019080787
0.19,0.09,7384.615384615385,307.18858422828987
0.21,0.09,7384.615384615385,307.18858422828987
0.23,0.09,7384.615384615385,307.27510190807874
0.25,0.09,7384.615384615385,307.4575621315201
0.27,0.09,7384.615384615385,307.7519883551008
0.29,0.09,7384.615384615385,308.1734282309762
0.31,0.09,7384.615384615385,308.71968247957744
0.33,0.09,7384.615384615385,309.34081268668456
0.35,0.09,7384.615384615385,309.88998228438766
0.37,0.09,7384.615384615385,310.05961349062
0.39,0.09,7384.615384615385,309.32789900360024
0.01,0.11,7384.615384615385,309.25913946723267
0.03,0.11,7384.615384615385,309.8532100131813
0.05,0.11,7384.615384615385,309.55272403050924
0.07,0.11,7384.615384615385,308.8884505033403
0.09,0.11,7384.615384615385,308.1734282309762
0.11,0.11,7384.615384615385,307.55544610794544
0.13,0.11,7384.615384615385,307.0823639470066
0.15,0.11,7384.615384615385,306.7530982206964
0.17,0.11,7384.615384615385,306.5494131960692
0.19,0.11,7384.615384615385,306.45290636339445
0.21,0.11,7384.615384615385,306.4529063633945
0.23,0.11,7384.615384615385,306.5494131960693
0.25,0.11,7384.615384615385,306.7530982206964
0.27,0.11,7384.615384615385,307.0823639470066
0.29,0.11,7384.615384615385,307.5554461079455
0.31,0.11,7384.615384615385,308.1734282309763
0.33,0.11,7384.615384615385,308.88845050334044
0.35,0.11,7384.615384615385,309.5527240305093
0.37,0.11,7384.615384615385,309.8532100131814
0.39,0.11,7384.615384615385,309.25913946723267
0.01,0.13,7384.615384615385,309.20348014187874
0.03,0.13,7384.615384615385,309.68792749959806
0.05,0.13,7384.615384615385,309.2863452876072
0.07,0.13,7384.615384615385,308.53575916005013
0.09,0.13,7384.615384615385,307.7519883551008
0.11,0.13,7384.615384615385,307.08236394700657
0.13,0.13,7384.615384615385,306.572496246974
0.15,0.13,7384.615384615385,306.2185626672968
0.17,0.13,7384.615384615385,305.9998929518895
0.19,0.13,7384.615384615385,305.89634163401087
0.21,0.13,7384.615384615385,305.8963416340109
0.23,0.13,7384.615384615385,305.99989295188954
0.25,0.13,7384.615384615385,306.21856266729685
0.27,0.13,7384.615384615385,306.572496246974
0.29,0.13,7384.615384615385,307.0823639470067
0.31,0.13,7384.615384615385,307.7519883551009
0.33,0.13,7384.615384615385,308.53575916005025
0.35,0.13,7384.615384615385,309.28634528760733
0.37,0.13,7384.615384615385,309.6879274995981
0.39,0.13,7384.615384615385,309.2034801418788
0.01,0.15,7384.615384615385,309.16378041134675
0.03,0.15,7384.615384615385,309.57054165111794
0.05,0.15,7384.615384615385,309.0982489334777
0.07,0.15,7384.615384615385,308.288148471939
0.09,0.15,7384.615384615385,307.45756213152004
0.11,0.15,7384.615384615385,306.7530982206964
0.13,0.15,7384.615384615385,306.2185626672968
0.15,0.15,7384.615384615385,305.8481402173532
0.17,0.15,7384.615384615385,305.61946716405834
0.19,0.15,7384.615384615385,305.5112145930982
0.21,0.15,7384.615384615385,305.5112145930982
0.23,0.15,7384.615384615385,305.61946716405845
0.25,0.15,7384.615384615385,305.8481402173533
0.27,0.15,7384.615384615385,306.2185626672969
0.29,0.15,7384.615384615385,306.75309822069653
0.31,0.15,7384.615384615385,307.4575621315202
0.33,0.15,7384.615384615385,308.28814847193905
0.35,0.15,7384.615384615385,309.09824893347775
0.37,0.15,7384.615384615385,309.570541651118
0.39,0.15,7384.615384615385,309.1637804113468
0.01,0.17,7384.615384615385,309.1389418533248
0.03,0.17,7384.615384615385,309.49723952117563
0.05,0.17,7384.615384615385,308.98109837427864
0.07,0.17,7384.615384615385,308.1343433360921
0.09,0.17,7384.615384615385,307.2751019080787
0.11,0.17,7384.615384615385,306.5494131960692
0.13,0.17,7384.615384615385,305.9998929518895
0.15,0.17,7384.615384615385,305.61946716405834
0.17,0.17,7384.615384615385,305.3847267765071
0.19,0.17,7384.615384615385,305.2736221794099
0.21,0.17,7384.615384615385,305.27362217941
0.23,0.17,7384.615384615385,305.38472677650714
0.25,0.17,7384.615384615385,305.61946716405845
0.27,0.17,7384.615384615385,305.9998929518896
0.29,0.17,7384.615384615385,306.5494131960694
0.31,0.17,7384.615384615385,307.27510190807885
0.33,0.17,7384.615384615385,308.13434333609223
0.35,0.17,7384.615384615385,308.9810983742787
0.37,0.17,7384.615384615385,309.4972395211757
0.39,0.17,7384.615384615385,309.13894185332487
0.01,0.19,7384.615384615385,309.1271146763899
0.03,0.19,7384.615384615385,309.4623658349687
0.05,0.19,7384.615384615385,308.9254273284215
0.07,0.19,7384.615384615385,308.0613390350231
0.09,0.19,7384.615384615385,307.1885842282898
0.11,0.19,7384.615384615385,306.45290636339445
0.13,0.19,7384.615384615385,305.8963416340108
0.15,0.19,7384.615384615385,305.51121459309815
0.17,0.19,7384.615384615385,305.2736221794099
0.19,0.19,7384.615384615385,305.1611765104828
0.21,0.19,7384.615384615385,305.1611765104828
0.23,0.19,7384.615384615385,305.27362217941
0.25,0.19,7384.615384615385,305.51121459309826
0.27,0.19,7384.615384615385,305.896341634011
0.29,0.19,7384.615384615385,306.4529063633946
0.31,0.19,7384.615384615385,307.1885842282899
0.33,0.19,7384.615384615385,308.06133903502314
0.35,0.19,7384.615384615385,308.9254273284216
0.37,0.19,7384.615384615385,309.46236583496875
0.39,0.19,7384.615384615385,309.1271146763899
0.01,0.21,7384.615384615385,309.1271146763899
0.03,0.21,7384.615384615385,309.4623658349687
0.05,0.21,7384.615384615385,308.9254273284216
0.07,0.21,7384.615384615385,308.0613390350231
0.09,0.21,7384.615384615385,307.1885842282898
0.11,0.21,7384.615384615385,306.45290636339445
0.13,0.21,7384.615384615385,305.8963416340108
0.15,0.21,7384.615384615385,305.5112145930982
0.17,0.21,7384.615384615385,305.2736221794099
0.19,0.21,7384.615384615385,305.1611765104828
0.21,0.21,7384.615384615385,305.16117651048285
0.23,0.21,7384.615384615385,305.27362217941
0.25,0.21,7384.615384615385,305.51121459309826
0.27,0.21,7384.615384615385,305.896341634011
0.29,0.21,7384.615384615385,306.45290636339456
0.31,0.21,7384.615384615385,307.1885842282899
0.33,0.21,7384.615384615385,308.06133903502314
0.35,0.21,7384.615384615385,308.9254273284216
0.37,0.21,7384.615384615385,309.4623658349687
0.39,0.21,7384.615384615385,309.1271146763899
0.01,0.23,7384.615384615385,309.13894185332487
0.03,0.23,7384.615384615385,309.49723952117563
0.05,0.23,7384.615384615385,308.9810983742787
0.07,0.23,7384.615384615385,308.1343433360921
0.09,0.23,7384.615384615385,307.27510190807874
0.11,0.23,7384.615384615385,306.5494131960692
0.13,0.23,7384.615384615385,305.9998929518895
0.15,0.23,7384.615384615385,305.61946716405834
0.17,0.23,7384.615384615385,305.3847267765071
0.19,0.23,7384.615384615385,305.2736221794099
0.21,0.23,7384.615384615385,305.2736221794099
0.23,0.23,7384.615384615385,305.3847267765071
0.25,0.23,7384.615384615385,305.6194671640584
0.27,0.23,7384.615384615385,305.99989295188954
0.29,0.23,7384.615384615385,306.5494131960693
0.31,0.23,7384.615384615385,307.27510190807874
0.33,0.23,7384.615384615385,308.1343433360921
0.35,0.23,7384.615384615385,308.98109837427864
0.37,0.23,7384.615384615385,309.49723952117563
0.39,0.23,7384.615384615385,309.13894185332487
0.01,0.25,7384.615384615385,309.1637804113468
0.03,0.25,7384.615384615385,309.570541651118
0.05,0.25,7384.615384615385,309.0982489334777
0.07,0.25,7384.615384615385,308.288148471939
0.09,0.25,7384.615384615385,307.4575621315201
0.11,0.25,7384.615384615385,306.7530982206964
0.13,0.25,7384.615384615385,306.2185626672968
0.15,0.25,7384.615384615385,305.8481402173532
0.17,0.25,7384.615384615385,305.61946716405834
0.19,0.25,7384.615384615385,305.5112145930982
0.21,0.25,7384.615384615385,305.5112145930982
0.23,0.25,7384.615384615385,305.61946716405834
0.25,0.25,7384.615384615385,305.8481402173532
0.27,0.25,7384.615384615385,306.2185626672968
0.29,0.25,7384.615384615385,306.7530982206964
0.31,0.25,7384.615384615385,307.45756213152004
0.33,0.25,7384.615384615385,308.288148471939
0.35,0.25,7384.615384615385,309.0982489334777
0.37,0.25,7384.615384615385,309.57054165111794
0.39,0.25,7384.615384615385,309.16378041134675
0.01,0.27,7384.615384615385,309.2034801418788
0.03,0.27,7384.615384615385,309.68792749959806
0.05,0.27,7384.615384615385,309.2863452876073
0.07,0.27,7384.615384615385,308.5357591600502
0.09,0.27,7384.615384615385,307.7519883551008
0.11,0.27,7384.615384615385,307.0823639470066
0.13,0.27,7384.615384615385,306.572496246974
0.15,0.27,7384.615384615385,306.2185626672968
0.17,0.27,7384.615384615385,305.9998929518895
0.19,0.27,7384.615384615385,305.89634163401087
0.21,0.27,7384.615384615385,305.89634163401087
0.23,0.27,7384.615384615385,305.9998929518895
0.25,0.27,7384.615384615385,306.2185626672968
0.27,0.27,7384.615384615385,306.572496246974
0.29,0.27,7384.615384615385,307.08236394700657
0.31,0.27,7384.615384615385,307.7519883551008
0.33,0.27,7384.615384615385,308.5357591600502
0.35,0.27,7384.615384615385,309.2863452876073
0.37,0.27,7384.615384615385,309.68792749959806
0.39,0.27,7384.615384615385,309.20348014187874
0.01,0.29,7384.615384615385,309.2591394672327
0.03,0.29,7384.615384615385,309.8532100131814
0.05,0.29,7384.615384615385,309.5527240305093
0.07,0.29,7384.615384615385,308.8884505033404
0.09,0.29,7384.615384615385,308.1734282309762
0.11,0.29,7384.615384615385,307.55544610794544
0.13,0.29,7384.615384615385,307.0823639470066
0.15,0.29,7384.615384615385,306.7530982206964
0.17,0.29,7384.615384615385,306.5494131960692
0.19,0.29,7384.615384615385,306.4529063633945
0.21,0.29,7384.615384615385,306.45290636339445
0.23,0.29,7384.615384615385,306.5494131960692
0.25,0.29,7384.615384615385,306.7530982206964
0.27,0.29,7384.615384615385,307.08236394700657
0.29,0.29,7384.615384615385,307.5554461079454
0.31,0.29,7384.615384615385,308.1734282309762
0.33,0.29,7384.615384615385,308.8884505033404
0.35,0.29,7384.615384615385,309.5527240305093
0.37,0.29,7384.615384615385,309.8532100131814
0.39,0.29,7384.615384615385,309.25913946723267
0.01,0.31,7384.615384615385,309.32789900360024
0.03,0.31,7384.615384615385,310.05961349061994
0.05,0.31,7384.615384615385,309.8899822843876
0.07,0.31,7384.615384615385,309.3408126866845
0.09,0.31,7384.615384615385,308.71968247957733
0.11,0.31,7384.615384615385,308.1734282309761
0.13,0.31,7384.615384615385,307.7519883551007
0.15,0.31,7384.615384615385,307.45756213152004
0.17,0.31,7384.615384615385,307.2751019080786
0.19,0.31,7384.615384615385,307.1885842282898
0.21,0.31,7384.615384615385,307.1885842282898
0.23,0.31,7384.615384615385,307.2751019080786
0.25,0.31,7384.615384615385,307.45756213152
0.27,0.31,7384.615384615385,307.7519883551007
0.29,0.31,7384.615384615385,308.1734282309761
0.31,0.31,7384.615384615385,308.7196824795773
0.33,0.31,7384.615384615385,309.34081268668444
0.35,0.31,7384.615384615385,309.8899822843876
0.37,0.31,7384.615384615385,310.05961349061994
0.39,0.31,7384.615384615385,309.32789900360024
0.01,0.33,7384.615384615385,309.39619954977746
0.03,0.33,7384.615384615385,310.272218282502
0.05,0.33,7384.615384615385,310.2515918307836
0.07,0.33,7384.615384615385,309.8424660672084
0.09,0.33,7384.615384615385,309.34081268668444
0.11,0.33,7384.615384615385,308.8884505033403
0.13,0.33,7384.615384615385,308.5357591600501
0.15,0.33,7384.615384615385,308.28814847193894
0.17,0.33,7384.615384615385,308.13434333609206
0.19,0.33,7384.615384615385,308.0613390350231
0.21,0.33,7384.615384615385,308.061339035023
0.23,0.33,7384.615384615385,308.134343336092
0.25,0.33,7384.615384615385,308.28814847193894
0.27,0.33,7384.615384615385,308.53575916005013
0.29,0.33,7384.615384615385,308.8884505033403
0.31,0.33,7384.615384615385,309.34081268668444
0.33,0.33,7384.615384615385,309.8424660672084
0.35,0.33,7384.615384615385,310.2515918307835
0.37,0.33,7384.615384615385,310.272218282502
0.39,0.33,7384.615384615385,309.39619954977746
0.01,0.35,7384.615384615385,309.4259237070925
0.03,0.35,7384.615384615385,310.3955247581359
0.05,0.35,7384.615384615385,310.510074101908
0.07,0.35,7384.615384615385,310.2515918307836
0.09,0.35,7384.615384615385,309.8899822843876
0.11,0.35,7384.615384615385,309.5527240305092
0.13,0.35,7384.615384615385,309.2863452876072
0.15,0.35,7384.615384615385,309.09824893347763
0.17,0.35,7384.615384615385,308.9810983742786
0.19,0.35,7384.615384615385,308.9254273284215
0.21,0.35,7384.615384615385,308.9254273284215
0.23,0.35,7384.615384615385,308.9810983742786
0.25,0.35,7384.615384615385,309.09824893347763
0.27,0.35,7384.615384615385,309.2863452876072
0.29,0.35,7384.615384615385,309.55272403050924
0.31,0.35,7384.615384615385,309.8899822843876
0.33,0.35,7384.615384615385,310.2515918307835
0.35,0.35,7384.615384615385,310.51007410190795
0.37,0.35,7384.615384615385,310.39552475813576
0.39,0.35,7384.615384615385,309.4259237070925
0.01,0.37,7384.615384615385,309.32427358596084
0.03,0.37,7384.615384615385,310.2179707763136
0.05,0.37,7384.615384615385,310.3955247581358
0.07,0.37,7384.615384615385,310.272218282502
0.09,0.37,7384.615384615385,310.05961349061994
0.11,0.37,7384.615384615385,309.8532100131813
0.13,0.37,7384.615384615385,309.687927499598
0.15,0.37,7384.615384615385,309.57054165111794
0.17,0.37,7384.615384615385,309.4972395211756
0.19,0.37,7384.615384615385,309.4623658349686
0.21,0.37,7384.615384615385,309.46236583496864
0.23,0.37,7384.615384615385,309.4972395211756
0.25,0.37,7384.615384615385,309.57054165111794
0.27,0.37,7384.615384615385,309.68792749959806
0.29,0.37,7384.615384615385,309.8532100131813
0.31,0.37,7384.615384615385,310.05961349062
0.33,0.37,7384.615384615385,310.272218282502
0.35,0.37,7384.615384615385,310.3955247581358
0.37,0.37,7384.615384615385,310.2179707763136
0.39,0.37,7384.615384615385,309.32427358596084
0.01,0.39,7384.615384615385,308.8659145238671
0.03,0.39,7384.615384615385,309.32427358596084
0.05,0.39,7384.615384615385,309.4259237070925
0.07,0.39,7384.615384615385,309.3961995497775
0.09,0.39,7384.615384615385,309.32789900360024
0.11,0.39,7384.615384615385,309.25913946723267
0.13,0.39,7384.615384615385,309.20348014187874
0.15,0.39,7384.615384615385,309.16378041134675
0.17,0.39,7384.615384615385,309.13894185332487
0.19,0.39,7384.615384615385,309.1271146763899
0.21,0.39,7384.615384615385,309.1271146763899
0.23,0.39,7384.615384615385,309.1389418533248
0.25,0.39,7384.615384615385,309.16378041134675
0.27,0.39,7384.615384615385,309.20348014187874
0.29,0.39,7384.615384615385,309.25913946723267
0.31,0.39,7384.615384615385,309.32789900360024
0.33,0.39,7384.615384615385,309.39619954977746
0.35,0.39,7384.615384615385,309.4259237070925
0.37,0.39,7384.615384615385,309.32427358596084
0.39,0.39,7384.615384615385,308.8659145238671
0.01,0.01,9230.76923076923,309.00543857799886
0.03,0.01,9230.76923076923,309.7252505833478
0.05,0.01,9230.76923076923,310.0256626293947
0.07,0.01,9230.76923076923,310.1273362716827
0.09,0.01,9230.76923076923,310.13546169420374
0.11,0.01,9230.76923076923,310.1050490206184
0.13,0.01,9230.76923076923,310.06477535134906
0.15,0.01,9230.76923076923,310.02867223710695
0.17,0.01,9230.76923076923,310.0028797800261
0.19,0.01,9230.76923076923,309.9896653139869
0.21,0.01,9230.76923076923,309.9896653139869
0.23,0.01,9230.76923076923,310.0028797800261
0.25,0.01,9230.76923076923,310.02867223710695
0.27,0.01,9230.76923076923,310.06477535134906
0.29,0.01,9230.76923076923,310.1050490206183
0.31,0.01,9230.76923076923,310.13546169420374
0.33,0.01,9230.76923076923,310.1273362716827
0.35,0.01,9230.76923076923,310.0256626293947
0.37,0.01,9230.76923076923,309.7252505833478
0.39,0.01,9230.76923076923,309.00543857799886
0.01,0.03,9230.76923076923,309.7252505833478
0.03,0.03,9230.76923076923,311.3560504325399
0.05,0.03,9230.76923076923,312.0974615589954
0.07,0.03,9230.76923076923,312.3486173616066
0.09,0.03,9230.76923076923,312.35355330079216
0.11,0.03,9230.76923076923,312.25520190267747
0.13,0.03,9230.76923076923,312.1319337681981
0.15,0.03,9230.76923076923,312.0229399371982
0.17,0.03,9230.76923076923,311.94547659336376
0.19,0.03,9230.76923076923,311.9058743463615
0.21,0.03,9230.76923076923,311.9058743463615
0.23,0.03,9230.76923076923,311.94547659336376
0.25,0.03,9230.76923076923,312.0229399371982
0.27,0.03,9230.76923076923,312.1319337681981
0.29,0.03,9230.76923076923,312.25520190267747
0.31,0.03,9230.76923076923,312.35355330079216
0.33,0.03,9230.76923076923,312.34861736160656
0.35,0.03,9230.76923076923,312.0974615589953
0.37,0.03,9230.76923076923,311.3560504325399
0.39,0.03,9230.76923076923,309.72525058334776
0.01,0.05,9230.76923076923,310.0256626293947
0.03,0.05,9230.76923076923,312.0974615589953
0.05,0.05,9230.76923076923,313.0599739056781
0.07,0.05,9230.76923076923,313.3653321651395
0.09,0.05,9230.76923076923,313.3288011468135
0.11,0.05,9230.76923076923,313.14913875015884
0.13,0.05,9230.76923076923,312.93974352115725
0.15,0.05,9230.76923076923,312.75838518788913
0.17,0.05,9230.76923076923,312.63054929478074
0.19,0.05,9230.76923076923,312.5654230801305
0.21,0.05,9230.76923076923,312.5654230801305
0.23,0.05,9230.76923076923,312.63054929478085
0.25,0.05,9230.76923076923,312.7583851878892
0.27,0.05,9230.76923076923,312.9397435211573
0.29,0.05,9230.76923076923,313.14913875015884
0.31,0.05,9230.76923076923,313.3288011468135
0.33,0.05,9230.76923076923,313.36533216513953
0.35,0.05,9230.76923076923,313.05997390567813
0.37,0.05,9230.76923076923,312.0974615589954
0.39,0.05,9230.76923076923,310.0256626293947
0.01,0.07,9230.76923076923,310.1273362716827
0.03,0.07,9230.76923076923,312.34861736160656
0.05,0.07,9230.76923076923,313.3653321651395
0.07,0.07,9230.76923076923,313.6435822995137
0.09,0.07,9230.76923076923,313.5324525477884
0.11,0.07,9230.76923076923,313.2621452432045
0.13,0.07,9230.76923076923,312.9674136660874
0.15,0.07,9230.76923076923,312.71760706484093
0.17,0.07,9230.76923076923,312.54312938423834
0.19,0.07,9230.76923076923,312.45459813081374
0.21,0.07,9230.76923076923,312.45459813081374
0.23,0.07,9230.76923076923,312.5431293842384
0.25,0.07,9230.76923076923,312.71760706484093
0.27,0.07,9230.76923076923,312.9674136660874
0.29,0.07,9230.76923076923,313.26214524320454
0.31,0.07,9230.76923076923,313.5324525477884
0.33,0.07,9230.76923076923,313.6435822995137
0.35,0.07,9230.76923076923,313.36533216513953
0.37,0.07,9230.76923076923,312.3486173616066
0.39,0.07,9230.76923076923,310.1273362716827
0.01,0.09,9230.76923076923,310.1354616942037
0.03,0.09,9230.76923076923,312.3535533007921
0.05,0.09,9230.76923076923,313.3288011468134
0.07,0.09,9230.76923076923,313.5324525477884
0.09,0.09,9230.76923076923,313.3302403096296
0.11,0.09,9230.76923076923,312.9691319958802
0.13,0.09,9230.76923076923,312.5955369650466
0.15,0.09,9230.76923076923,312.2848909238003
0.17,0.09,9230.76923076923,312.06977765271506
0.19,0.09,9230.76923076923,311.96105247383537
0.21,0.09,9230.76923076923,311.9610524738354
0.23,0.09,9230.76923076923,312.0697776527152
0.25,0.09,9230.76923076923,312.28489092380033
0.27,0.09,9230.76923076923,312.5955369650467
0.29,0.09,9230.76923076923,312.9691319958802
0.31,0.09,9230.76923076923,313.33024030962963
0.33,0.09,9230.76923076923,313.5324525477885
0.35,0.09,9230.76923076923,313.3288011468136
0.37,0.09,9230.76923076923,312.3535533007922
0.39,0.09,9230.76923076923,310.13546169420374
0.01,0.11,9230.76923076923,310.1050490206183
0.03,0.11,9230.76923076923,312.2552019026774
0.05,0.11,9230.76923076923,313.1491387501588
0.07,0.11,9230.76923076923,313.2621452432045
0.09,0.11,9230.76923076923,312.9691319958802
0.11,0.11,9230.76923076923,312.5259033739306
0.13,0.11,9230.76923076923,312.0846429748375
0.15,0.11,9230.76923076923,311.72333321425253
0.17,0.11,9230.76923076923,311.4749494071728
0.19,0.11,9230.76923076923,311.3498339417964
0.21,0.11,9230.76923076923,311.3498339417965
0.23,0.11,9230.76923076923,311.4749494071729
0.25,0.11,9230.76923076923,311.7233332142526
0.27,0.11,9230.76923076923,312.08464297483755
0.29,0.11,9230.76923076923,312.5259033739307
0.31,0.11,9230.76923076923,312.9691319958804
0.33,0.11,9230.76923076923,313.26214524320466
0.35,0.11,9230.76923076923,313.1491387501589
0.37,0.11,9230.76923076923,312.2552019026776
0.39,0.11,9230.76923076923,310.1050490206183
0.01,0.13,9230.76923076923,310.06477535134906
0.03,0.13,9230.76923076923,312.1319337681981
0.05,0.13,9230.76923076923,312.93974352115725
0.07,0.13,9230.76923076923,312.9674136660874
0.09,0.13,9230.76923076923,312.5955369650467
0.11,0.13,9230.76923076923,312.0846429748375
0.13,0.13,9230.76923076923,311.5894980143481
0.15,0.13,9230.76923076923,311.18871484517683
0.17,0.13,9230.76923076923,310.9147547005491
0.19,0.13,9230.76923076923,310.77713047822147
0.21,0.13,9230.76923076923,310.77713047822147
0.23,0.13,9230.76923076923,310.9147547005492
0.25,0.13,9230.76923076923,311.1887148451769
0.27,0.13,9230.76923076923,311.58949801434824
0.29,0.13,9230.76923076923,312.0846429748376
0.31,0.13,9230.76923076923,312.5955369650468
0.33,0.13,9230.76923076923,312.9674136660875
0.35,0.13,9230.76923076923,312.9397435211574
0.37,0.13,9230.76923076923,312.1319337681982
0.39,0.13,9230.76923076923,310.06477535134906
0.01,0.15,9230.76923076923,310.02867223710695
0.03,0.15,9230.76923076923,312.0229399371982
0.05,0.15,9230.76923076923,312.7583851878892
0.07,0.15,9230.76923076923,312.71760706484093
0.09,0.15,9230.76923076923,312.2848909238004
0.11,0.15,9230.76923076923,311.72333321425253
0.13,0.15,9230.76923076923,311.18871484517683
0.15,0.15,9230.76923076923,310.75945382372225
0.17,0.15,9230.76923076923,310.4672249919582
0.19,0.15,9230.76923076923,310.3207159483317
0.21,0.15,9230.76923076923,310.3207159483318
0.23,0.15,9230.76923076923,310.46722499195823
0.25,0.15,9230.76923076923,310.7594538237224
0.27,0.15,9230.76923076923,311.18871484517695
0.29,0.15,9230.76923076923,311.72333321425265
0.31,0.15,9230.76923076923,312.2848909238005
0.33,0.15,9230.76923076923,312.71760706484105
0.35,0.15,9230.76923076923,312.7583851878893
0.37,0.15,9230.76923076923,312.0229399371983
0.39,0.15,9230.76923076923,310.02867223710706
0.01,0.17,9230.76923076923,310.0028797800261
0.03,0.17,9230.76923076923,311.94547659336376
0.05,0.17,9230.76923076923,312.63054929478085
0.07,0.17,9230.76923076923,312.5431293842384
0.09,0.17,9230.76923076923,312.0697776527151
0.11,0.17,9230.76923076923,311.47494940717286
0.13,0.17,9230.76923076923,310.9147547005491
0.15,0.17,9230.76923076923,310.4672249919581
0.17,0.17,9230.76923076923,310.16335619349564
0.19,0.17,9230.76923076923,310.0112083665922
0.21,0.17,9230.76923076923,310.0112083665922
0.23,0.17,9230.76923076923,310.1633561934957
0.25,0.17,9230.76923076923,310.46722499195823
0.27,0.17,9230.76923076923,310.9147547005492
0.29,0.17,9230.76923076923,311.47494940717297
0.31,0.17,9230.76923076923,312.06977765271523
0.33,0.17,9230.76923076923,312.54312938423845
0.35,0.17,9230.76923076923,312.6305492947809
0.37,0.17,9230.76923076923,311.94547659336394
0.39,0.17,9230.76923076923,310.0028797800262
0.01,0.19,9230.76923076923,309.9896653139869
0.03,0.19,9230.76923076923,311.90587434636154
0.05,0.19,9230.76923076923,312.5654230801305
0.07,0.19,9230.76923076923,312.45459813081374
0.09,0.19,9230.76923076923,311.9610524738354
0.11,0.19,9230.76923076923,311.3498339417964
0.13,0.19,9230.76923076923,310.7771304782214
0.15,0.19,9230.76923076923,310.3207159483318
0.17,0.19,9230.76923076923,310.0112083665922
0.19,0.19,9230.76923076923,309.8563352406366
0.21,0.19,9230.76923076923,309.8563352406366
0.23,0.19,9230.76923076923,310.01120836659226
0.25,0.19,9230.76923076923,310.32071594833184
0.27,0.19,9230.76923076923,310.7771304782215
0.29,0.19,9230.76923076923,311.34983394179653
0.31,0.19,9230.76923076923,311.9610524738355
0.33,0.19,9230.76923076923,312.4545981308138
0.35,0.19,9230.76923076923,312.56542308013053
0.37,0.19,9230.76923076923,311.9058743463616
0.39,0.19,9230.76923076923,309.98966531398696
0.01,0.21,9230.76923076923,309.9896653139869
0.03,0.21,9230.76923076923,311.90587434636154
0.05,0.21,9230.76923076923,312.5654230801305
0.07,0.21,9230.76923076923,312.45459813081374
0.09,0.21,9230.76923076923,311.96105247383537
0.11,0.21,9230.76923076923,311.3498339417964
0.13,0.21,9230.76923076923,310.7771304782214
0.15,0.21,9230.76923076923,310.3207159483318
0.17,0.21,9230.76923076923,310.01120836659226
0.19,0.21,9230.76923076923,309.8563352406366
0.21,0.21,9230.76923076923,309.85633524063667
0.23,0.21,9230.76923076923,310.01120836659226
0.25,0.21,9230.76923076923,310.32071594833184
0.27,0.21,9230.76923076923,310.77713047822147
0.29,0.21,9230.76923076923,311.3498339417965
0.31,0.21,9230.76923076923,311.9610524738354
0.33,0.21,9230.76923076923,312.45459813081374
0.35,0.21,9230.76923076923,312.56542308013053
0.37,0.21,9230.76923076923,311.9058743463616
0.39,0.21,9230.76923076923,309.9896653139869
0.01,0.23,9230.76923076923,310.0028797800261
0.03,0.23,9230.76923076923,311.9454765933638
0.05,0.23,9230.76923076923,312.6305492947808
0.07,0.23,9230.76923076923,312.54312938423834
0.09,0.23,9230.76923076923,312.0697776527151
0.11,0.23,9230.76923076923,311.4749494071728
0.13,0.23,9230.76923076923,310.9147547005491
0.15,0.23,9230.76923076923,310.4672249919582
0.17,0.23,9230.76923076923,310.16335619349564
0.19,0.23,9230.76923076923,310.01120836659226
0.21,0.23,9230.76923076923,310.01120836659226
0.23,0.23,9230.76923076923,310.1633561934957
0.25,0.23,9230.76923076923,310.4672249919582
0.27,0.23,9230.76923076923,310.9147547005491
0.29,0.23,9230.76923076923,311.47494940717286
0.31,0.23,9230.76923076923,312.0697776527151
0.33,0.23,9230.76923076923,312.54312938423834
0.35,0.23,9230.76923076923,312.63054929478085
0.37,0.23,9230.76923076923,311.9454765933638
0.39,0.23,9230.76923076923,310.0028797800261
0.01,0.25,9230.76923076923,310.028672237107
0.03,0.25,9230.76923076923,312.0229399371982
0.05,0.25,9230.76923076923,312.7583851878892
0.07,0.25,9230.76923076923,312.71760706484093
0.09,0.25,9230.76923076923,312.28489092380033
0.11,0.25,9230.76923076923,311.72333321425253
0.13,0.25,9230.76923076923,311.18871484517683
0.15,0.25,9230.76923076923,310.75945382372225
0.17,0.25,9230.76923076923,310.4672249919582
0.19,0.25,9230.76923076923,310.3207159483318
0.21,0.25,9230.76923076923,310.3207159483318
0.23,0.25,9230.76923076923,310.4672249919582
0.25,0.25,9230.76923076923,310.75945382372225
0.27,0.25,9230.76923076923,311.18871484517683
0.29,0.25,9230.76923076923,311.7233332142526
0.31,0.25,9230.76923076923,312.28489092380033
0.33,0.25,9230.76923076923,312.71760706484093
0.35,0.25,9230.76923076923,312.7583851878892
0.37,0.25,9230.76923076923,312.02293993719826
0.39,0.25,9230.76923076923,310.028672237107
0.01,0.27,9230.76923076923,310.06477535134906
0.03,0.27,9230.76923076923,312.1319337681981
0.05,0.27,9230.76923076923,312.93974352115725
0.07,0.27,9230.76923076923,312.9674136660874
0.09,0.27,9230.76923076923,312.5955369650466
0.11,0.27,9230.76923076923,312.08464297483744
0.13,0.27,9230.76923076923,311.5894980143481
0.15,0.27,9230.76923076923,311.18871484517683
0.17,0.27,9230.76923076923,310.9147547005491
0.19,0.27,9230.76923076923,310.7771304782214
0.21,0.27,9230.76923076923,310.7771304782214
0.23,0.27,9230.76923076923,310.9147547005491
0.25,0.27,9230.76923076923,311.18871484517683
0.27,0.27,9230.76923076923,311.5894980143481
0.29,0.27,9230.76923076923,312.0846429748375
0.31,0.27,9230.76923076923,312.5955369650466
0.33,0.27,9230.76923076923,312.9674136660874
0.35,0.27,9230.76923076923,312.93974352115725
0.37,0.27,9230.76923076923,312.1319337681981
0.39,0.27,9230.76923076923,310.06477535134906
0.01,0.29,9230.76923076923,310.1050490206183
0.03,0.29,9230.76923076923,312.2552019026774
0.05,0.29,9230.76923076923,313.1491387501588
0.07,0.29,9230.76923076923,313.2621452432045
0.09,0.29,9230.76923076923,312.96913199588016
0.11,0.29,9230.76923076923,312.52590337393053
0.13,0.29,9230.76923076923,312.0846429748374
0.15,0.29,9230.76923076923,311.7233332142525
0.17,0.29,9230.76923076923,311.4749494071728
0.19,0.29,9230.76923076923,311.3498339417964
0.21,0.29,9230.76923076923,311.3498339417964
0.23,0.29,9230.76923076923,311.4749494071728
0.25,0.29,9230.76923076923,311.7233332142525
0.27,0.29,9230.76923076923,312.08464297483744
0.29,0.29,9230.76923076923,312.5259033739306
0.31,0.29,9230.76923076923,312.96913199588016
0.33,0.29,9230.76923076923,313.2621452432045
0.35,0.29,9230.76923076923,313.1491387501588
0.37,0.29,9230.76923076923,312.25520190267747
0.39,0.29,9230.76923076923,310.1050490206183
0.01,0.31,9230.76923076923,310.13546169420374
0.03,0.31,9230.76923076923,312.3535533007921
0.05,0.31,9230.76923076923,313.3288011468135
0.07,0.31,9230.76923076923,313.5324525477884
0.09,0.31,9230.76923076923,313.3302403096295
0.11,0.31,9230.76923076923,312.96913199588016
0.13,0.31,9230.76923076923,312.59553696504656
0.15,0.31,9230.76923076923,312.2848909238003
0.17,0.31,9230.76923076923,312.06977765271506
0.19,0.31,9230.76923076923,311.9610524738353
0.21,0.31,9230.76923076923,311.9610524738353
0.23,0.31,9230.76923076923,312.06977765271506
0.25,0.31,9230.76923076923,312.2848909238003
0.27,0.31,9230.76923076923,312.59553696504656
0.29,0.31,9230.76923076923,312.96913199588016
0.31,0.31,9230.76923076923,313.3302403096295
0.33,0.31,9230.76923076923,313.5324525477884
0.35,0.31,9230.76923076923,313.3288011468135
0.37,0.31,9230.76923076923,312.3535533007921
0.39,0.31,9230.76923076923,310.1354616942037
0.01,0.33,9230.76923076923,310.1273362716826
0.03,0.33,9230.76923076923,312.34861736160656
0.05,0.33,9230.76923076923,313.36533216513953
0.07,0.33,9230.76923076923,313.6435822995137
0.09,0.33,9230.76923076923,313.5324525477884
0.11,0.33,9230.76923076923,313.26214524320443
0.13,0.33,9230.76923076923,312.96741366608734
0.15,0.33,9230.76923076923,312.7176070648409
0.17,0.33,9230.76923076923,312.5431293842383
0.19,0.33,9230.76923076923,312.4545981308137
0.21,0.33,9230.76923076923,312.4545981308137
0.23,0.33,9230.76923076923,312.5431293842383
0.25,0.33,9230.76923076923,312.7176070648408
0.27,0.33,9230.76923076923,312.96741366608734
0.29,0.33,9230.76923076923,313.26214524320443
0.31,0.33,9230.76923076923,313.5324525477884
0.33,0.33,9230.76923076923,313.64358229951364
0.35,0.33,9230.76923076923,313.3653321651394
0.37,0.33,9230.76923076923,312.34861736160656
0.39,0.33,9230.76923076923,310.1273362716826
0.01,0.35,9230.76923076923,310.0256626293947
0.03,0.35,9230.76923076923,312.0974615589953
0.05,0.35,9230.76923076923,313.0599739056781
0.07,0.35,9230.76923076923,313.3653321651395
0.09,0.35,9230.76923076923,313.3288011468135
0.11,0.35,9230.76923076923,313.1491387501588
0.13,0.35,9230.76923076923,312.93974352115725
0.15,0.35,9230.76923076923,312.75838518788913
0.17,0.35,9230.76923076923,312.63054929478074
0.19,0.35,9230.76923076923,312.5654230801304
0.21,0.35,9230.76923076923,312.5654230801305
0.23,0.35,9230.76923076923,312.63054929478074
0.25,0.35,9230.76923076923,312.75838518788913
0.27,0.35,9230.76923076923,312.9397435211572
0.29,0.35,9230.76923076923,313.1491387501587
0.31,0.35,9230.76923076923,313.3288011468134
0.33,0.35,9230.76923076923,313.3653321651394
0.35,0.35,9230.76923076923,313.059973905678
0.37,0.35,9230.76923076923,312.0974615589953
0.39,0.35,9230.76923076923,310.0256626293946
0.01,0.37,9230.76923076923,309.72525058334776
0.03,0.37,9230.76923076923,311.3560504325399
0.05,0.37,9230.76923076923,312.0974615589953
0.07,0.37,9230.76923076923,312.3486173616066
0.09,0.37,9230.76923076923,312.3535533007921
0.11,0.37,9230.76923076923,312.25520190267747
0.13,0.37,9230.76923076923,312.1319337681981
0.15,0.37,9230.76923076923,312.02293993719826
0.17,0.37,9230.76923076923,311.94547659336376
0.19,0.37,9230.76923076923,311.9058743463615
0.21,0.37,9230.76923076923,311.9058743463615
0.23,0.37,9230.76923076923,311.94547659336376
0.25,0.37,9230.76923076923,312.0229399371982
0.27,0.37,9230.76923076923,312.13193376819805
0.29,0.37,9230.76923076923,312.2552019026774
0.31,0.37,9230.76923076923,312.3535533007921
0.33,0.37,9230.76923076923,312.3486173616065
0.35,0.37,9230.76923076923,312.0974615589953
0.37,0.37,9230.76923076923,311.3560504325398
0.39,0.37,9230.76923076923,309.7252505833477
0.01,0.39,9230.76923076923,309.00543857799886
0.03,0.39,9230.76923076923,309.72525058334776
0.05,0.39,9230.76923076923,310.0256626293947
0.07,0.39,9230.76923076923,310.1273362716827
0.09,0.39,9230.76923076923,310.1354616942037
0.11,0.39,9230.76923076923,310.10504902061825
0.13,0.39,9230.76923076923,310.064775351349
0.15,0.39,9230.76923076923,310.02867223710695
0.17,0.39,9230.76923076923,310.0028797800261
0.19,0.39,9230.76923076923,309.9896653139869
0.21,0.39,9230.76923076923,309.9896653139869
0.23,0.39,9230.76923076923,310.0028797800261
0.25,0.39,9230.76923076923,310.02867223710695
0.27,0.39,9230.76923076923,310.064775351349
0.29,0.39,9230.76923076923,310.10504902061825
0.31,0.39,9230.76923076923,310.1354616942037
0.33,0.39,9230.76923076923,310.1273362716826
0.35,0.39,9230.76923076923,310.0256626293946
0.37,0.39,9230.76923076923,309.72525058334764
0.39,0.39,9230.76923076923,309.0054385779988
0.01,0.01,11076.923076923078,309.0542898978555
0.03,0.01,11076.923076923078,309.93727129977265
0.05,0.01,11076.923076923078,310.39765458837445
0.07,0.01,11076.923076923078,310.63028987848105
0.09,0.01,11076.923076923078,310.7339383008449
0.11,0.01,11076.923076923078,310.7668721548988
0.13,0.01,11076.923076923078,310.76500704269813
0.15,0.01,11076.923076923078,310.7501237169641
0.17,0.01,11076.923076923078,310.7348064602398
0.19,0.01,11076.923076923078,310.72573011094295
0.21,0.01,11076.923076923078,310.72573011094295
0.23,0.01,11076.923076923078,310.7348064602397
0.25,0.01,11076.923076923078,310.750123716964
0.27,0.01,11076.923076923078,310.7650070426981
0.29,0.01,11076.923076923078,310.76687215489875
0.31,0.01,11076.923076923078,310.7339383008449
0.33,0.01,11076.923076923078,310.630289878481
0.35,0.01,11076.923076923078,310.3976545883744
0.37,0.01,11076.923076923078,309.93727129977265
0.39,0.01,11076.923076923078,309.0542898978555
0.01,0.03,11076.923076923078,309.9372712997727
0.03,0.03,11076.923076923078,312.0728821566554
0.05,0.03,11076.923076923078,313.2876636246551
0.07,0.03,11076.923076923078,313.923905640214
0.09,0.03,11076.923076923078,314.20993423937045
0.11,0.03,11076.923076923078,314.2982578686351
0.13,0.03,11076.923076923078,314.28823314994065
0.15,0.03,11076.923076923078,314.2417509844046
0.17,0.03,11076.923076923078,314.1950804611161
0.19,0.03,11076.923076923078,314.1676103517524
0.21,0.03,11076.923076923078,314.1676103517524
0.23,0.03,11076.923076923078,314.1950804611161
0.25,0.03,11076.923076923078,314.24175098440446
0.27,0.03,11076.923076923078,314.2882331499406
0.29,0.03,11076.923076923078,314.2982578686351
0.31,0.03,11076.923076923078,314.20993423937045
0.33,0.03,11076.923076923078,313.923905640214
0.35,0.03,11076.923076923078,313.28766362465507
0.37,0.03,11076.923076923078,312.0728821566554
0.39,0.03,11076.923076923078,309.9372712997727
0.01,0.05,11076.923076923078,310.39765458837445
0.03,0.05,11076.923076923078,313.2876636246551
0.05,0.05,11076.923076923078,315.0035479692493
0.07,0.05,11076.923076923078,315.9199304593859
0.09,0.05,11076.923076923078,316.3296301719445
0.11,0.05,11076.923076923078,316.4463192196937
0.13,0.05,11076.923076923078,316.416328769463
0.15,0.05,11076.923076923078,316.3335084779937
0.17,0.05,11076.923076923078,316.2538232321112
0.19,0.05,11076.923076923078,316.20749950502614
0.21,0.05,11076.923076923078,316.20749950502614
0.23,0.05,11076.923076923078,316.2538232321112
0.25,0.05,11076.923076923078,316.3335084779937
0.27,0.05,11076.923076923078,316.416328769463
0.29,0.05,11076.923076923078,316.4463192196937
0.31,0.05,11076.923076923078,316.32963017194453
0.33,0.05,11076.923076923078,315.9199304593859
0.35,0.05,11076.923076923078,315.0035479692493
0.37,0.05,11076.923076923078,313.2876636246551
0.39,0.05,11076.923076923078,310.39765458837445
0.01,0.07,11076.923076923078,310.63028987848105
0.03,0.07,11076.923076923078,313.923905640214
0.05,0.07,11076.923076923078,315.9199304593859
0.07,0.07,11076.923076923078,316.9912196303724
0.09,0.07,11076.923076923078,317.4588821419322
0.11,0.07,11076.923076923078,317.5720661291068
0.13,0.07,11076.923076923078,317.508175844491
0.15,0.07,11076.923076923078,317.3838542826494
0.17,0.07,11076.923076923078,317.2697582583535
0.19,0.07,11076.923076923078,317.20440980618633
0.21,0.07,11076.923076923078,317.20440980618633
0.23,0.07,11076.923076923078,317.2697582583535
0.25,0.07,11076.923076923078,317.38385428264945
0.27,0.07,11076.923076923078,317.508175844491
0.29,0.07,11076.923076923078,317.5720661291068
0.31,0.07,11076.923076923078,317.45888214193224
0.33,0.07,11076.923076923078,316.9912196303725
0.35,0.07,11076.923076923078,315.9199304593859
0.37,0.07,11076.923076923078,313.92390564021406
0.39,0.07,11076.923076923078,310.630289878481
0.01,0.09,11076.923076923078,310.7339383008449
0.03,0.09,11076.923076923078,314.20993423937045
0.05,0.09,11076.923076923078,316.3296301719445
0.07,0.09,11076.923076923078,317.4588821419322
0.09,0.09,11076.923076923078,317.9308390485609
0.11,0.09,11076.923076923078,318.0142863183003
0.13,0.09,11076.923076923078,317.90581938942887
0.15,0.09,11076.923076923078,317.737054034077
0.17,0.09,11076.923076923078,317.5886467449604
0.19,0.09,11076.923076923078,317.50487141356285
0.21,0.09,11076.923076923078,317.5048714135629
0.23,0.09,11076.923076923078,317.5886467449604
0.25,0.09,11076.923076923078,317.737054034077
0.27,0.09,11076.923076923078,317.90581938942887
0.29,0.09,11076.923076923078,318.0142863183004
0.31,0.09,11076.923076923078,317.93083904856104
0.33,0.09,11076.923076923078,317.45888214193224
0.35,0.09,11076.923076923078,316.3296301719446
0.37,0.09,11076.923076923078,314.2099342393705
0.39,0.09,11076.923076923078,310.7339383008449
0.01,0.11,11076.923076923078,310.76687215489875
0.03,0.11,11076.923076923078,314.29825786863506
0.05,0.11,11076.923076923078,316.44631921969363
0.07,0.11,11076.923076923078,317.5720661291068
0.09,0.11,11076.923076923078,318.0142863183003
0.11,0.11,11076.923076923078,318.0526617469044
0.13,0.11,11076.923076923078,317.8951981970715
0.15,0.11,11076.923076923078,317.68275425667645
0.17,0.11,11076.923076923078,317.50227214945284
0.19,0.11,11076.923076923078,317.401658440991
0.21,0.11,11076.923076923078,317.40165844099107
0.23,0.11,11076.923076923078,317.5022721494529
0.25,0.11,11076.923076923078,317.6827542566765
0.27,0.11,11076.923076923078,317.8951981970716
0.29,0.11,11076.923076923078,318.0526617469045
0.31,0.11,11076.923076923078,318.01428631830044
0.33,0.11,11076.923076923078,317.5720661291069
0.35,0.11,11076.923076923078,316.4463192196938
0.37,0.11,11076.923076923078,314.2982578686352
0.39,0.11,11076.923076923078,310.7668721548988
0.01,0.13,11076.923076923078,310.7650070426981
0.03,0.13,11076.923076923078,314.28823314994054
0.05,0.13,11076.923076923078,316.4163287694629
0.07,0.13,11076.923076923078,317.5081758444909
0.09,0.13,11076.923076923078,317.9058193894288
0.11,0.13,11076.923076923078,317.89519819707147
0.13,0.13,11076.923076923078,317.69097459825247
0.15,0.13,11076.923076923078,317.4394354762568
0.17,0.13,11076.923076923078,317.2311952392556
0.19,0.13,11076.923076923078,317.11625011378845
0.21,0.13,11076.923076923078,317.1162501137885
0.23,0.13,11076.923076923078,317.2311952392557
0.25,0.13,11076.923076923078,317.43943547625685
0.27,0.13,11076.923076923078,317.6909745982526
0.29,0.13,11076.923076923078,317.89519819707164
0.31,0.13,11076.923076923078,317.905819389429
0.33,0.13,11076.923076923078,317.50817584449106
0.35,0.13,11076.923076923078,316.4163287694631
0.37,0.13,11076.923076923078,314.2882331499407
0.39,0.13,11076.923076923078,310.76500704269813
0.01,0.15,11076.923076923078,310.750123716964
0.03,0.15,11076.923076923078,314.24175098440446
0.05,0.15,11076.923076923078,316.3335084779936
0.07,0.15,11076.923076923078,317.38385428264934
0.09,0.15,11076.923076923078,317.737054034077
0.11,0.15,11076.923076923078,317.6827542566764
0.13,0.15,11076.923076923078,317.43943547625673
0.15,0.15,11076.923076923078,317.15642413645025
0.17,0.15,11076.923076923078,316.92632710907577
0.19,0.15,11076.923076923078,316.80022803411026
0.21,0.15,11076.923076923078,316.80022803411026
0.23,0.15,11076.923076923078,316.9263271090758
0.25,0.15,11076.923076923078,317.1564241364504
0.27,0.15,11076.923076923078,317.4394354762569
0.29,0.15,11076.923076923078,317.68275425667656
0.31,0.15,11076.923076923078,317.7370540340771
0.33,0.15,11076.923076923078,317.3838542826495
0.35,0.15,11076.923076923078,316.33350847799375
0.37,0.15,11076.923076923078,314.2417509844046
0.39,0.15,11076.923076923078,310.75012371696414
0.01,0.17,11076.923076923078,310.7348064602398
0.03,0.17,11076.923076923078,314.19508046111605
0.05,0.17,11076.923076923078,316.2538232321111
0.07,0.17,11076.923076923078,317.2697582583535
0.09,0.17,11076.923076923078,317.5886467449603
0.11,0.17,11076.923076923078,317.5022721494528
0.13,0.17,11076.923076923078,317.2311952392556
0.15,0.17,11076.923076923078,316.92632710907577
0.17,0.17,11076.923076923078,316.6812600622843
0.19,0.17,11076.923076923078,316.5475794988501
0.21,0.17,11076.923076923078,316.5475794988502
0.23,0.17,11076.923076923078,316.6812600622844
0.25,0.17,11076.923076923078,316.9263271090758
0.27,0.17,11076.923076923078,317.23119523925567
0.29,0.17,11076.923076923078,317.5022721494529
0.31,0.17,11076.923076923078,317.58864674496044
0.33,0.17,11076.923076923078,317.2697582583536
0.35,0.17,11076.923076923078,316.2538232321112
0.37,0.17,11076.923076923078,314.1950804611161
0.39,0.17,11076.923076923078,310.73480646023984
0.01,0.19,11076.923076923078,310.725730110943
0.03,0.19,11076.923076923078,314.1676103517524
0.05,0.19,11076.923076923078,316.20749950502614
0.07,0.19,11076.923076923078,317.2044098061863
0.09,0.19,11076.923076923078,317.5048714135628
0.11,0.19,11076.923076923078,317.40165844099096
0.13,0.19,11076.923076923078,317.11625011378834
0.15,0.19,11076.923076923078,316.8002280341102
0.17,0.19,11076.923076923078,316.5475794988501
0.19,0.19,11076.923076923078,316.41007582636104
0.21,0.19,11076.923076923078,316.4100758263611
0.23,0.19,11076.923076923078,316.5475794988502
0.25,0.19,11076.923076923078,316.8002280341103
0.27,0.19,11076.923076923078,317.1162501137885
0.29,0.19,11076.923076923078,317.40165844099107
0.31,0.19,11076.923076923078,317.50487141356297
0.33,0.19,11076.923076923078,317.2044098061864
0.35,0.19,11076.923076923078,316.20749950502614
0.37,0.19,11076.923076923078,314.16761035175244
0.39,0.19,11076.923076923078,310.72573011094306
0.01,0.21,11076.923076923078,310.72573011094295
0.03,0.21,11076.923076923078,314.1676103517524
0.05,0.21,11076.923076923078,316.2074995050261
0.07,0.21,11076.923076923078,317.2044098061863
0.09,0.21,11076.923076923078,317.5048714135628
0.11,0.21,11076.923076923078,317.4016584409909
0.13,0.21,11076.923076923078,317.1162501137884
0.15,0.21,11076.923076923078,316.8002280341102
0.17,0.21,11076.923076923078,316.5475794988501
0.19,0.21,11076.923076923078,316.41007582636104
0.21,0.21,11076.923076923078,316.4100758263611
0.23,0.21,11076.923076923078,316.5475794988502
0.25,0.21,11076.923076923078,316.8002280341103
0.27,0.21,11076.923076923078,317.1162501137885
0.29,0.21,11076.923076923078,317.40165844099107
0.31,0.21,11076.923076923078,317.50487141356297
0.33,0.21,11076.923076923078,317.2044098061864
0.35,0.21,11076.923076923078,316.20749950502614
0.37,0.21,11076.923076923078,314.16761035175244
0.39,0.21,11076.923076923078,310.72573011094306
0.01,0.23,11076.923076923078,310.7348064602398
0.03,0.23,11076.923076923078,314.19508046111605
0.05,0.23,11076.923076923078,316.253823232111
0.07,0.23,11076.923076923078,317.2697582583534
0.09,0.23,11076.923076923078,317.5886467449603
0.11,0.23,11076.923076923078,317.5022721494528
0.13,0.23,11076.923076923078,317.2311952392556
0.15,0.23,11076.923076923078,316.92632710907577
0.17,0.23,11076.923076923078,316.68126006228425
0.19,0.23,11076.923076923078,316.5475794988501
0.21,0.23,11076.923076923078,316.5475794988502
0.23,0.23,11076.923076923078,316.6812600622843
0.25,0.23,11076.923076923078,316.9263271090758
0.27,0.23,11076.923076923078,317.2311952392556
0.29,0.23,11076.923076923078,317.5022721494529
0.31,0.23,11076.923076923078,317.5886467449604
0.33,0.23,11076.923076923078,317.2697582583535
0.35,0.23,11076.923076923078,316.2538232321112
0.37,0.23,11076.923076923078,314.1950804611161
0.39,0.23,11076.923076923078,310.7348064602398
0.01,0.25,11076.923076923078,310.7501237169641
0.03,0.25,11076.923076923078,314.24175098440446
0.05,0.25,11076.923076923078,316.33350847799363
0.07,0.25,11076.923076923078,317.38385428264934
0.09,0.25,11076.923076923078,317.73705403407695
0.11,0.25,11076.923076923078,317.6827542566764
0.13,0.25,11076.923076923078,317.4394354762567
0.15,0.25,11076.923076923078,317.15642413645025
0.17,0.25,11076.923076923078,316.9263271090757
0.19,0.25,11076.923076923078,316.8002280341102
0.21,0.25,11076.923076923078,316.80022803411026
0.23,0.25,11076.923076923078,316.92632710907577
0.25,0.25,11076.923076923078,317.15642413645025
0.27,0.25,11076.923076923078,317.43943547625673
0.29,0.25,11076.923076923078,317.68275425667645
0.31,0.25,11076.923076923078,317.73705403407706
0.33,0.25,11076.923076923078,317.3838542826494
0.35,0.25,11076.923076923078,316.33350847799363
0.37,0.25,11076.923076923078,314.2417509844045
0.39,0.25,11076.923076923078,310.7501237169641
0.01,0.27,11076.923076923078,310.7650070426981
0.03,0.27,11076.923076923078,314.2882331499406
0.05,0.27,11076.923076923078,316.4163287694629
0.07,0.27,11076.923076923078,317.5081758444909
0.09,0.27,11076.923076923078,317.9058193894288
0.11,0.27,11076.923076923078,317.8951981970714
0.13,0.27,11076.923076923078,317.6909745982524
0.15,0.27,11076.923076923078,317.43943547625673
0.17,0.27,11076.923076923078,317.2311952392556
0.19,0.27,11076.923076923078,317.1162501137884
0.21,0.27,11076.923076923078,317.1162501137884
0.23,0.27,11076.923076923078,317.2311952392556
0.25,0.27,11076.923076923078,317.43943547625673
0.27,0.27,11076.923076923078,317.69097459825247
0.29,0.27,11076.923076923078,317.8951981970715
0.31,0.27,11076.923076923078,317.90581938942887
0.33,0.27,11076.923076923078,317.5081758444909
0.35,0.27,11076.923076923078,316.4163287694629
0.37,0.27,11076.923076923078,314.2882331499406
0.39,0.27,11076.923076923078,310.7650070426981
0.01,0.29,11076.923076923078,310.76687215489875
0.03,0.29,11076.923076923078,314.29825786863506
0.05,0.29,11076.923076923078,316.44631921969363
0.07,0.29,11076.923076923078,317.5720661291068
0.09,0.29,11076.923076923078,318.01428631830026
0.11,0.29,11076.923076923078,318.05266174690433
0.13,0.29,11076.923076923078,317.89519819707147
0.15,0.29,11076.923076923078,317.6827542566764
0.17,0.29,11076.923076923078,317.50227214945284
0.19,0.29,11076.923076923078,317.40165844099096
0.21,0.29,11076.923076923078,317.40165844099096
0.23,0.29,11076.923076923078,317.50227214945284
0.25,0.29,11076.923076923078,317.6827542566764
0.27,0.29,11076.923076923078,317.89519819707147
0.29,0.29,11076.923076923078,318.05266174690433
0.31,0.29,11076.923076923078,318.01428631830026
0.33,0.29,11076.923076923078,317.5720661291068
0.35,0.29,11076.923076923078,316.4463192196937
0.37,0.29,11076.923076923078,314.29825786863506
0.39,0.29,11076.923076923078,310.76687215489875
0.01,0.31,11076.923076923078,310.7339383008449
0.03,0.31,11076.923076923078,314.20993423937045
0.05,0.31,11076.923076923078,316.3296301719445
0.07,0.31,11076.923076923078,317.4588821419322
0.09,0.31,11076.923076923078,317.93083904856087
0.11,0.31,11076.923076923078,318.01428631830026
0.13,0.31,11076.923076923078,317.9058193894288
0.15,0.31,11076.923076923078,317.73705403407695
0.17,0.31,11076.923076923078,317.5886467449604
0.19,0.31,11076.923076923078,317.5048714135628
0.21,0.31,11076.923076923078,317.50487141356285
0.23,0.31,11076.923076923078,317.5886467449604
0.25,0.31,11076.923076923078,317.737054034077
0.27,0.31,11076.923076923078,317.90581938942887
0.29,0.31,11076.923076923078,318.0142863183003
0.31,0.31,11076.923076923078,317.9308390485609
0.33,0.31,11076.923076923078,317.4588821419322
0.35,0.31,11076.923076923078,316.3296301719445
0.37,0.31,11076.923076923078,314.2099342393704
0.39,0.31,11076.923076923078,310.7339383008449
0.01,0.33,11076.923076923078,310.63028987848105
0.03,0.33,11076.923076923078,313.923905640214
0.05,0.33,11076.923076923078,315.9199304593859
0.07,0.33,11076.923076923078,316.9912196303725
0.09,0.33,11076.923076923078,317.4588821419322
0.11,0.33,11076.923076923078,317.5720661291068
0.13,0.33,11076.923076923078,317.5081758444909
0.15,0.33,11076.923076923078,317.3838542826494
0.17,0.33,11076.923076923078,317.2697582583534
0.19,0.33,11076.923076923078,317.2044098061863
0.21,0.33,11076.923076923078,317.20440980618633
0.23,0.33,11076.923076923078,317.2697582583535
0.25,0.33,11076.923076923078,317.38385428264945
0.27,0.33,11076.923076923078,317.5081758444909
0.29,0.33,11076.923076923078,317.5720661291068
0.31,0.33,11076.923076923078,317.4588821419321
0.33,0.33,11076.923076923078,316.9912196303724
0.35,0.33,11076.923076923078,315.91993045938585
0.37,0.33,11076.923076923078,313.92390564021395
0.39,0.33,11076.923076923078,310.630289878481
0.01,0.35,11076.923076923078,310.3976545883744
0.03,0.35,11076.923076923078,313.2876636246551
0.05,0.35,11076.923076923078,315.0035479692493
0.07,0.35,11076.923076923078,315.919930459386
0.09,0.35,11076.923076923078,316.32963017194453
0.11,0.35,11076.923076923078,316.4463192196937
0.13,0.35,11076.923076923078,316.4163287694629
0.15,0.35,11076.923076923078,316.3335084779937
0.17,0.35,11076.923076923078,316.2538232321111
0.19,0.35,11076.923076923078,316.2074995050261
0.21,0.35,11076.923076923078,316.2074995050261
0.23,0.35,11076.923076923078,316.2538232321112
0.25,0.35,11076.923076923078,316.3335084779937
0.27,0.35,11076.923076923078,316.416328769463
0.29,0.35,11076.923076923078,316.4463192196937
0.31,0.35,11076.923076923078,316.3296301719445
0.33,0.35,11076.923076923078,315.91993045938585
0.35,0.35,11076.923076923078,315.0035479692492
0.37,0.35,11076.923076923078,313.287663624655
0.39,0.35,11076.923076923078,310.3976545883744
0.01,0.37,11076.923076923078,309.9372712997727
0.03,0.37,11076.923076923078,312.0728821566554
0.05,0.37,11076.923076923078,313.2876636246551
0.07,0.37,11076.923076923078,313.92390564021406
0.09,0.37,11076.923076923078,314.2099342393705
0.11,0.37,11076.923076923078,314.2982578686351
0.13,0.37,11076.923076923078,314.2882331499406
0.15,0.37,11076.923076923078,314.24175098440446
0.17,0.37,11076.923076923078,314.19508046111605
0.19,0.37,11076.923076923078,314.1676103517524
0.21,0.37,11076.923076923078,314.1676103517524
0.23,0.37,11076.923076923078,314.1950804611161
0.25,0.37,11076.923076923078,314.2417509844045
0.27,0.37,11076.923076923078,314.28823314994065
0.29,0.37,11076.923076923078,314.2982578686351
0.31,0.37,11076.923076923078,314.20993423937045
0.33,0.37,11076.923076923078,313.92390564021395
0.35,0.37,11076.923076923078,313.28766362465507
0.37,0.37,11076.923076923078,312.07288215665534
0.39,0.37,11076.923076923078,309.93727129977265
0.01,0.39,11076.923076923078,309.0542898978555
0.03,0.39,11076.923076923078,309.9372712997727
0.05,0.39,11076.923076923078,310.39765458837445
0.07,0.39,11076.923076923078,310.63028987848105
0.09,0.39,11076.923076923078,310.7339383008449
0.11,0.39,11076.923076923078,310.76687215489875
0.13,0.39,11076.923076923078,310.7650070426981
0.15,0.39,11076.923076923078,310.750123716964
0.17,0.39,11076.923076923078,310.7348064602397
0.19,0.39,11076.923076923078,310.72573011094295
0.21,0.39,11076.923076923078,310.72573011094295
0.23,0.39,11076.923076923078,310.7348064602398
0.25,0.39,11076.923076923078,310.7501237169641
0.27,0.39,11076.923076923078,310.76500704269813
0.29,0.39,11076.923076923078,310.7668721548988
0.31,0.39,11076.923076923078,310.7339383008449
0.33,0.39,11076.923076923078,310.630289878481
0.35,0.39,11076.923076923078,310.3976545883744
0.37,0.39,11076.923076923078,309.93727129977265
0.39,0.39,11076.923076923078,309.0542898978555
0.01,0.01,12923.076923076924,309.0508973114034
0.03,0.01,12923.076923076924,310.0195646054687
0.05,0.01,12923.076923076924,310.5914487292736
0.07,0.01,12923.076923076924,310.9326001202186
0.09,0.01,12923.076923076924,311.1285953708384
0.11,0.01,12923.076923076924,311.2331549283845
0.13,0.01,12923.076923076924,311.2826580274318
0.15,0.01,12923.076923076924,311.3018031909825
0.17,0.01,12923.076923076924,311.3066960483964
0.19,0.01,12923.076923076924,311.3069215228786
0.21,0.01,12923.076923076924,311.3069215228786
0.23,0.01,12923.076923076924,311.3066960483964
0.25,0.01,12923.076923076924,311.30180319098247
0.27,0.01,12923.076923076924,311.2826580274317
0.29,0.01,12923.076923076924,311.2331549283845
0.31,0.01,12923.076923076924,311.1285953708384
0.33,0.01,12923.076923076924,310.93260012021864
0.35,0.01,12923.076923076924,310.5914487292737
0.37,0.01,12923.076923076924,310.0195646054688
0.39,0.01,12923.076923076924,309.05089731140345
0.01,0.03,12923.076923076924,310.0195646054688
0.03,0.03,12923.076923076924,312.45308448241326
0.05,0.03,12923.076923076924,314.00799701274553
0.07,0.03,12923.076923076924,314.9675374566796
0.09,0.03,12923.076923076924,315.5276456056424
0.11,0.03,12923.076923076924,315.8287755541361
0.13,0.03,12923.076923076924,315.97170650021764
0.15,0.03,12923.076923076924,316.0267719404752
0.17,0.03,12923.076923076924,316.04052040027767
0.19,0.03,12923.076923076924,316.0408910766357
0.21,0.03,12923.076923076924,316.0408910766357
0.23,0.03,12923.076923076924,316.0405204002776
0.25,0.03,12923.076923076924,316.0267719404751
0.27,0.03,12923.076923076924,315.97170650021764
0.29,0.03,12923.076923076924,315.82877555413614
0.31,0.03,12923.076923076924,315.5276456056425
0.33,0.03,12923.076923076924,314.9675374566797
0.35,0.03,12923.076923076924,314.0079970127456
0.37,0.03,12923.076923076924,312.4530844824133
0.39,0.03,12923.076923076924,310.0195646054688
0.01,0.05,12923.076923076924,310.5914487292736
0.03,0.05,12923.076923076924,314.0079970127456
0.05,0.05,12923.076923076924,316.2881282931629
0.07,0.05,12923.076923076924,317.7313637736105
0.09,0.05,12923.076923076924,318.5859321473481
0.11,0.05,12923.076923076924,319.04827964517256
0.13,0.05,12923.076923076924,319.2672646135441
0.15,0.05,12923.076923076924,319.3501146823937
0.17,0.05,12923.076923076924,319.3691827500936
0.19,0.05,12923.076923076924,319.3684181888888
0.21,0.05,12923.076923076924,319.3684181888888
0.23,0.05,12923.076923076924,319.3691827500936
0.25,0.05,12923.076923076924,319.3501146823937
0.27,0.05,12923.076923076924,319.26726461354417
0.29,0.05,12923.076923076924,319.04827964517267
0.31,0.05,12923.076923076924,318.5859321473482
0.33,0.05,12923.076923076924,317.7313637736105
0.35,0.05,12923.076923076924,316.2881282931629
0.37,0.05,12923.076923076924,314.0079970127456
0.39,0.05,12923.076923076924,310.5914487292737
0.01,0.07,12923.076923076924,310.9326001202186
0.03,0.07,12923.076923076924,314.9675374566797
0.05,0.07,12923.076923076924,317.7313637736105
0.07,0.07,12923.076923076924,319.5111646746612
0.09,0.07,12923.076923076924,320.57522674127154
0.11,0.07,12923.076923076924,321.151957167206
0.13,0.07,12923.076923076924,321.422441480604
0.15,0.07,12923.076923076924,321.52095554132376
0.17,0.07,12923.076923076924,321.5398424531777
0.19,0.07,12923.076923076924,321.5358863820248
0.21,0.07,12923.076923076924,321.5358863820248
0.23,0.07,12923.076923076924,321.53984245317776
0.25,0.07,12923.076923076924,321.5209555413238
0.27,0.07,12923.076923076924,321.4224414806041
0.29,0.07,12923.076923076924,321.15195716720604
0.31,0.07,12923.076923076924,320.57522674127165
0.33,0.07,12923.076923076924,319.5111646746613
0.35,0.07,12923.076923076924,317.7313637736105
0.37,0.07,12923.076923076924,314.9675374566797
0.39,0.07,12923.076923076924,310.9326001202186
0.01,0.09,12923.076923076924,311.1285953708384
0.03,0.09,12923.076923076924,315.5276456056424
0.05,0.09,12923.076923076924,318.5859321473481
0.07,0.09,12923.076923076924,320.57522674127154
0.09,0.09,12923.076923076924,321.7696476017284
0.11,0.09,12923.076923076924,322.41462457650164
0.13,0.09,12923.076923076924,322.71145672366447
0.15,0.09,12923.076923076924,322.8129308415877
0.17,0.09,12923.076923076924,322.8258268278896
0.19,0.09,12923.076923076924,322.8165152183686
0.21,0.09,12923.076923076924,322.8165152183686
0.23,0.09,12923.076923076924,322.82582682788967
0.25,0.09,12923.076923076924,322.81293084158773
0.27,0.09,12923.076923076924,322.71145672366447
0.29,0.09,12923.076923076924,322.4146245765017
0.31,0.09,12923.076923076924,321.7696476017285
0.33,0.09,12923.076923076924,320.5752267412717
0.35,0.09,12923.076923076924,318.5859321473482
0.37,0.09,12923.076923076924,315.5276456056425
0.39,0.09,12923.076923076924,311.1285953708384
0.01,0.11,12923.076923076924,311.2331549283845
0.03,0.11,12923.076923076924,315.8287755541361
0.05,0.11,12923.076923076924,319.04827964517256
0.07,0.11,12923.076923076924,321.1519571672059
0.09,0.11,12923.076923076924,322.4146245765016
0.11,0.11,12923.076923076924,323.0905090654039
0.13,0.11,12923.076923076924,323.3931133862291
0.15,0.11,12923.076923076924,323.48729627472306
0.17,0.11,12923.076923076924,323.48970647194
0.19,0.11,12923.076923076924,323.47346307612145
0.21,0.11,12923.076923076924,323.47346307612145
0.23,0.11,12923.076923076924,323.48970647194
0.25,0.11,12923.076923076924,323.4872962747231
0.27,0.11,12923.076923076924,323.3931133862292
0.29,0.11,12923.076923076924,323.090509065404
0.31,0.11,12923.076923076924,322.4146245765017
0.33,0.11,12923.076923076924,321.1519571672061
0.35,0.11,12923.076923076924,319.04827964517267
0.37,0.11,12923.076923076924,315.8287755541362
0.39,0.11,12923.076923076924,311.2331549283845
0.01,0.13,12923.076923076924,311.2826580274317
0.03,0.13,12923.076923076924,315.9717065002176
0.05,0.13,12923.076923076924,319.26726461354406
0.07,0.13,12923.076923076924,321.422441480604
0.09,0.13,12923.076923076924,322.7114567236644
0.11,0.13,12923.076923076924,323.3931133862291
0.13,0.13,12923.076923076924,323.6881375259326
0.15,0.13,12923.076923076924,323.7689807408413
0.17,0.13,12923.076923076924,323.7587321525069
0.19,0.13,12923.076923076924,323.7350171646984
0.21,0.13,12923.076923076924,323.7350171646984
0.23,0.13,12923.076923076924,323.758732152507
0.25,0.13,12923.076923076924,323.76898074084136
0.27,0.13,12923.076923076924,323.68813752593263
0.29,0.13,12923.076923076924,323.39311338622923
0.31,0.13,12923.076923076924,322.7114567236645
0.33,0.13,12923.076923076924,321.4224414806041
0.35,0.13,12923.076923076924,319.26726461354417
0.37,0.13,12923.076923076924,315.9717065002177
0.39,0.13,12923.076923076924,311.28265802743186
0.01,0.15,12923.076923076924,311.3018031909824
0.03,0.15,12923.076923076924,316.0267719404751
0.05,0.15,12923.076923076924,319.35011468239367
0.07,0.15,12923.076923076924,321.52095554132376
0.09,0.15,12923.076923076924,322.8129308415877
0.11,0.15,12923.076923076924,323.48729627472306
0.13,0.15,12923.076923076924,323.7689807408413
0.15,0.15,12923.076923076924,323.83503489938
0.17,0.15,12923.076923076924,323.81254749994065
0.19,0.15,12923.076923076924,323.7819864157815
0.21,0.15,12923.076923076924,323.7819864157815
0.23,0.15,12923.076923076924,323.8125474999407
0.25,0.15,12923.076923076924,323.83503489938005
0.27,0.15,12923.076923076924,323.76898074084136
0.29,0.15,12923.076923076924,323.4872962747231
0.31,0.15,12923.076923076924,322.8129308415878
0.33,0.15,12923.076923076924,321.5209555413238
0.35,0.15,12923.076923076924,319.35011468239384
0.37,0.15,12923.076923076924,316.0267719404752
0.39,0.15,12923.076923076924,311.3018031909825
0.01,0.17,12923.076923076924,311.3066960483964
0.03,0.17,12923.076923076924,316.0405204002776
0.05,0.17,12923.076923076924,319.3691827500936
0.07,0.17,12923.076923076924,321.5398424531777
0.09,0.17,12923.076923076924,322.8258268278896
0.11,0.17,12923.076923076924,323.48970647193994
0.13,0.17,12923.076923076924,323.75873215250687
0.15,0.17,12923.076923076924,323.81254749994065
0.17,0.17,12923.076923076924,323.78052751195406
0.19,0.17,12923.076923076924,323.7447791011121
0.21,0.17,12923.076923076924,323.74477910111216
0.23,0.17,12923.076923076924,323.78052751195406
0.25,0.17,12923.076923076924,323.8125474999407
0.27,0.17,12923.076923076924,323.75873215250704
0.29,0.17,12923.076923076924,323.48970647194005
0.31,0.17,12923.076923076924,322.8258268278897
0.33,0.17,12923.076923076924,321.53984245317787
0.35,0.17,12923.076923076924,319.36918275009367
0.37,0.17,12923.076923076924,316.04052040027767
0.39,0.17,12923.076923076924,311.3066960483964
0.01,0.19,12923.076923076924,311.3069215228786
0.03,0.19,12923.076923076924,316.04089107663566
0.05,0.19,12923.076923076924,319.3684181888887
0.07,0.19,12923.076923076924,321.5358863820248
0.09,0.19,12923.076923076924,322.8165152183685
0.11,0.19,12923.076923076924,323.47346307612133
0.13,0.19,12923.076923076924,323.7350171646983
0.15,0.19,12923.076923076924,323.7819864157815
0.17,0.19,12923.076923076924,323.7447791011121
0.19,0.19,12923.076923076924,323.706245652017
0.21,0.19,12923.076923076924,323.706245652017
0.23,0.19,12923.076923076924,323.7447791011121
0.25,0.19,12923.076923076924,323.78198641578155
0.27,0.19,12923.076923076924,323.73501716469843
0.29,0.19,12923.076923076924,323.4734630761215
0.31,0.19,12923.076923076924,322.8165152183687
0.33,0.19,12923.076923076924,321.5358863820249
0.35,0.19,12923.076923076924,319.3684181888888
0.37,0.19,12923.076923076924,316.0408910766357
0.39,0.19,12923.076923076924,311.3069215228786
0.01,0.21,12923.076923076924,311.3069215228786
0.03,0.21,12923.076923076924,316.04089107663566
0.05,0.21,12923.076923076924,319.36841818888865
0.07,0.21,12923.076923076924,321.5358863820248
0.09,0.21,12923.076923076924,322.8165152183685
0.11,0.21,12923.076923076924,323.4734630761214
0.13,0.21,12923.076923076924,323.7350171646983
0.15,0.21,12923.076923076924,323.7819864157815
0.17,0.21,12923.076923076924,323.74477910111204
0.19,0.21,12923.076923076924,323.706245652017
0.21,0.21,12923.076923076924,323.706245652017
0.23,0.21,12923.076923076924,323.74477910111216
0.25,0.21,12923.076923076924,323.78198641578155
0.27,0.21,12923.076923076924,323.73501716469843
0.29,0.21,12923.076923076924,323.47346307612145
0.31,0.21,12923.076923076924,322.81651521836864
0.33,0.21,12923.076923076924,321.53588638202484
0.35,0.21,12923.076923076924,319.3684181888888
0.37,0.21,12923.076923076924,316.0408910766357
0.39,0.21,12923.076923076924,311.3069215228786
0.01,0.23,12923.076923076924,311.3066960483964
0.03,0.23,12923.076923076924,316.0405204002776
0.05,0.23,12923.076923076924,319.3691827500936
0.07,0.23,12923.076923076924,321.5398424531777
0.09,0.23,12923.076923076924,322.8258268278896
0.11,0.23,12923.076923076924,323.4897064719399
0.13,0.23,12923.076923076924,323.75873215250687
0.15,0.23,12923.076923076924,323.8125474999406
0.17,0.23,12923.076923076924,323.78052751195395
0.19,0.23,12923.076923076924,323.7447791011121
0.21,0.23,12923.076923076924,323.7447791011121
0.23,0.23,12923.076923076924,323.78052751195406
0.25,0.23,12923.076923076924,323.81254749994065
0.27,0.23,12923.076923076924,323.7587321525069
0.29,0.23,12923.076923076924,323.48970647193994
0.31,0.23,12923.076923076924,322.8258268278896
0.33,0.23,12923.076923076924,321.5398424531777
0.35,0.23,12923.076923076924,319.3691827500936
0.37,0.23,12923.076923076924,316.04052040027767
0.39,0.23,12923.076923076924,311.3066960483964
0.01,0.25,12923.076923076924,311.30180319098247
0.03,0.25,12923.076923076924,316.0267719404751
0.05,0.25,12923.076923076924,319.35011468239367
0.07,0.25,12923.076923076924,321.5209555413237
0.09,0.25,12923.076923076924,322.8129308415876
0.11,0.25,12923.076923076924,323.4872962747229
0.13,0.25,12923.076923076924,323.7689807408412
0.15,0.25,12923.076923076924,323.8350348993799
0.17,0.25,12923.076923076924,323.8125474999406
0.19,0.25,12923.076923076924,323.7819864157815
0.21,0.25,12923.076923076924,323.78198641578155
0.23,0.25,12923.076923076924,323.8125474999407
0.25,0.25,12923.076923076924,323.83503489938
0.27,0.25,12923.076923076924,323.76898074084124
0.29,0.25,12923.076923076924,323.487296274723
0.31,0.25,12923.076923076924,322.8129308415876
0.33,0.25,12923.076923076924,321.5209555413237
0.35,0.25,12923.076923076924,319.3501146823937
0.37,0.25,12923.076923076924,316.0267719404752
0.39,0.25,12923.076923076924,311.3018031909825
0.01,0.27,12923.076923076924,311.2826580274317
0.03,0.27,12923.076923076924,315.9717065002176
0.05,0.27,12923.076923076924,319.26726461354406
0.07,0.27,12923.076923076924,321.42244148060394
0.09,0.27,12923.076923076924,322.7114567236644
0.11,0.27,12923.076923076924,323.39311338622906
0.13,0.27,12923.076923076924,323.68813752593246
0.15,0.27,12923.076923076924,323.7689807408412
0.17,0.27,12923.076923076924,323.75873215250687
0.19,0.27,12923.076923076924,323.7350171646983
0.21,0.27,12923.076923076924,323.7350171646983
0.23,0.27,12923.076923076924,323.7587321525069
0.25,0.27,12923.076923076924,323.76898074084124
0.27,0.27,12923.076923076924,323.6881375259325
0.29,0.27,12923.076923076924,323.3931133862291
0.31,0.27,12923.076923076924,322.7114567236644
0.33,0.27,12923.076923076924,321.422441480604
0.35,0.27,12923.076923076924,319.26726461354406
0.37,0.27,12923.076923076924,315.97170650021764
0.39,0.27,12923.076923076924,311.28265802743186
0.01,0.29,12923.076923076924,311.2331549283845
0.03,0.29,12923.076923076924,315.8287755541361
0.05,0.29,12923.076923076924,319.04827964517256
0.07,0.29,12923.076923076924,321.151957167206
0.09,0.29,12923.076923076924,322.4146245765016
0.11,0.29,12923.076923076924,323.09050906540386
0.13,0.29,12923.076923076924,323.39311338622906
0.15,0.29,12923.076923076924,323.4872962747229
0.17,0.29,12923.076923076924,323.48970647193994
0.19,0.29,12923.076923076924,323.47346307612145
0.21,0.29,12923.076923076924,323.47346307612145
0.23,0.29,12923.076923076924,323.48970647194
0.25,0.29,12923.076923076924,323.487296274723
0.27,0.29,12923.076923076924,323.3931133862291
0.29,0.29,12923.076923076924,323.0905090654039
0.31,0.29,12923.076923076924,322.4146245765016
0.33,0.29,12923.076923076924,321.1519571672059
0.35,0.29,12923.076923076924,319.04827964517256
0.37,0.29,12923.076923076924,315.8287755541361
0.39,0.29,12923.076923076924,311.2331549283845
0.01,0.31,12923.076923076924,311.1285953708384
0.03,0.31,12923.076923076924,315.5276456056424
0.05,0.31,12923.076923076924,318.5859321473481
0.07,0.31,12923.076923076924,320.57522674127154
0.09,0.31,12923.076923076924,321.7696476017284
0.11,0.31,12923.076923076924,322.4146245765016
0.13,0.31,12923.076923076924,322.7114567236644
0.15,0.31,12923.076923076924,322.8129308415876
0.17,0.31,12923.076923076924,322.8258268278896
0.19,0.31,12923.076923076924,322.8165152183685
0.21,0.31,12923.076923076924,322.8165152183685
0.23,0.31,12923.076923076924,322.8258268278896
0.25,0.31,12923.076923076924,322.8129308415877
0.27,0.31,12923.076923076924,322.71145672366447
0.29,0.31,12923.076923076924,322.41462457650164
0.31,0.31,12923.076923076924,321.7696476017284
0.33,0.31,12923.076923076924,320.57522674127154
0.35,0.31,12923.076923076924,318.5859321473481
0.37,0.31,12923.076923076924,315.5276456056424
0.39,0.31,12923.076923076924,311.1285953708384
0.01,0.33,12923.076923076924,310.9326001202186
0.03,0.33,12923.076923076924,314.9675374566796
0.05,0.33,12923.076923076924,317.73136377361044
0.07,0.33,12923.076923076924,319.5111646746612
0.09,0.33,12923.076923076924,320.57522674127154
0.11,0.33,12923.076923076924,321.151957167206
0.13,0.33,12923.076923076924,321.422441480604
0.15,0.33,12923.076923076924,321.52095554132376
0.17,0.33,12923.076923076924,321.5398424531777
0.19,0.33,12923.076923076924,321.5358863820248
0.21,0.33,12923.076923076924,321.5358863820248
0.23,0.33,12923.076923076924,321.53984245317776
0.25,0.33,12923.076923076924,321.52095554132376
0.27,0.33,12923.076923076924,321.422441480604
0.29,0.33,12923.076923076924,321.151957167206
0.31,0.33,12923.076923076924,320.5752267412715
0.33,0.33,12923.076923076924,319.5111646746612
0.35,0.33,12923.076923076924,317.73136377361044
0.37,0.33,12923.076923076924,314.9675374566796
0.39,0.33,12923.076923076924,310.9326001202186
0.01,0.35,12923.076923076924,310.59144872927374
0.03,0.35,12923.076923076924,314.0079970127456
0.05,0.35,12923.076923076924,316.28812829316286
0.07,0.35,12923.076923076924,317.73136377361044
0.09,0.35,12923.076923076924,318.58593214734816
0.11,0.35,12923.076923076924,319.0482796451726
0.13,0.35,12923.076923076924,319.2672646135441
0.15,0.35,12923.076923076924,319.3501146823937
0.17,0.35,12923.076923076924,319.3691827500936
0.19,0.35,12923.076923076924,319.36841818888865
0.21,0.35,12923.076923076924,319.3684181888887
0.23,0.35,12923.076923076924,319.3691827500936
0.25,0.35,12923.076923076924,319.3501146823937
0.27,0.35,12923.076923076924,319.26726461354406
0.29,0.35,12923.076923076924,319.04827964517256
0.31,0.35,12923.076923076924,318.58593214734805
0.33,0.35,12923.076923076924,317.73136377361044
0.35,0.35,12923.076923076924,316.28812829316286
0.37,0.35,12923.076923076924,314.00799701274553
0.39,0.35,12923.076923076924,310.5914487292737
0.01,0.37,12923.076923076924,310.0195646054688
0.03,0.37,12923.076923076924,312.4530844824133
0.05,0.37,12923.076923076924,314.0079970127456
0.07,0.37,12923.076923076924,314.9675374566796
0.09,0.37,12923.076923076924,315.5276456056424
0.11,0.37,12923.076923076924,315.82877555413614
0.13,0.37,12923.076923076924,315.97170650021764
0.15,0.37,12923.076923076924,316.0267719404751
0.17,0.37,12923.076923076924,316.0405204002776
0.19,0.37,12923.076923076924,316.0408910766356
0.21,0.37,12923.076923076924,316.04089107663566
0.23,0.37,12923.076923076924,316.0405204002776
0.25,0.37,12923.076923076924,316.0267719404751
0.27,0.37,12923.076923076924,315.9717065002176
0.29,0.37,12923.076923076924,315.8287755541361
0.31,0.37,12923.076923076924,315.5276456056424
0.33,0.37,12923.076923076924,314.9675374566796
0.35,0.37,12923.076923076924,314.00799701274553
0.37,0.37,12923.076923076924,312.45308448241326
0.39,0.37,12923.076923076924,310.0195646054687
0.01,0.39,12923.076923076924,309.05089731140345
0.03,0.39,12923.076923076924,310.0195646054688
0.05,0.39,12923.076923076924,310.5914487292737
0.07,0.39,12923.076923076924,310.9326001202186
0.09,0.39,12923.076923076924,311.1285953708384
0.11,0.39,12923.076923076924,311.2331549283845
0.13,0.39,12923.076923076924,311.2826580274318
0.15,0.39,12923.076923076924,311.30180319098247
0.17,0.39,12923.076923076924,311.3066960483964
0.19,0.39,12923.076923076924,311.3069215228785
0.21,0.39,12923.076923076924,311.3069215228785
0.23,0.39,12923.076923076924,311.3066960483964
0.25,0.39,12923.076923076924,311.30180319098247
0.27,0.39,12923.076923076924,311.2826580274317
0.29,0.39,12923.076923076924,311.23315492838447
0.31,0.39,12923.076923076924,311.1285953708384
0.33,0.39,12923.076923076924,310.9326001202186
0.35,0.39,12923.076923076924,310.5914487292737
0.37,0.39,12923.076923076924,310.0195646054687
0.39,0.39,12923.076923076924,309.0508973114034
0.01,0.01,14769.23076923077,309.0204394148497
0.03,0.01,14769.23076923077,310.021499799951
0.05,0.01,14769.23076923077,310.66184962943896
0.07,0.01,14769.23076923077,311.08221456782724
0.09,0.01,14769.23076923077,311.3545465285883
0.11,0.01,14769.23076923077,311.5252016442711
0.13,0.01,14769.23076923077,311.62726092290626
0.15,0.01,14769.23076923077,311.68470271742274
0.17,0.01,14769.23076923077,311.7142540145783
0.19,0.01,14769.23076923077,311.7264786738011
0.21,0.01,14769.23076923077,311.7264786738011
0.23,0.01,14769.23076923077,311.7142540145783
0.25,0.01,14769.23076923077,311.68470271742274
0.27,0.01,14769.23076923077,311.6272609229062
0.29,0.01,14769.23076923077,311.5252016442711
0.31,0.01,14769.23076923077,311.3545465285883
0.33,0.01,14769.23076923077,311.08221456782724
0.35,0.01,14769.23076923077,310.66184962943896
0.37,0.01,14769.23076923077,310.021499799951
0.39,0.01,14769.23076923077,309.0204394148497
0.01,0.03,14769.23076923077,310.021499799951
0.03,0.03,14769.23076923077,312.5996516997416
0.05,0.03,14769.23076923077,314.37070798028464
0.07,0.03,14769.23076923077,315.5683774553929
0.09,0.03,14769.23076923077,316.3555018134809
0.11,0.03,14769.23076923077,316.8528713164402
0.13,0.03,14769.23076923077,317.15200886020966
0.15,0.03,14769.23076923077,317.3210974047523
0.17,0.03,14769.23076923077,317.40838208168617
0.19,0.03,14769.23076923077,317.4445762499955
0.21,0.03,14769.23076923077,317.4445762499955
0.23,0.03,14769.23076923077,317.40838208168617
0.25,0.03,14769.23076923077,317.3210974047524
0.27,0.03,14769.23076923077,317.15200886020966
0.29,0.03,14769.23076923077,316.85287131644026
0.31,0.03,14769.23076923077,316.35550181348094
0.33,0.03,14769.23076923077,315.568377455393
0.35,0.03,14769.23076923077,314.3707079802847
0.37,0.03,14769.23076923077,312.5996516997416
0.39,0.03,14769.23076923077,310.021499799951
0.01,0.05,14769.23076923077,310.66184962943896
0.03,0.05,14769.23076923077,314.37070798028464
0.05,0.05,14769.23076923077,317.02464465304774
0.07,0.05,14769.23076923077,318.86305284299493
0.09,0.05,14769.23076923077,320.0895167410696
0.11,0.05,14769.23076923077,320.8722970911905
0.13,0.05,14769.23076923077,321.34645484550833
0.15,0.05,14769.23076923077,321.6158845683494
0.17,0.05,14769.23076923077,321.75550091747607
0.19,0.05,14769.23076923077,321.8135390735284
0.21,0.05,14769.23076923077,321.81353907352843
0.23,0.05,14769.23076923077,321.75550091747607
0.25,0.05,14769.23076923077,321.6158845683494
0.27,0.05,14769.23076923077,321.3464548455083
0.29,0.05,14769.23076923077,320.87229709119055
0.31,0.05,14769.23076923077,320.08951674106964
0.33,0.05,14769.23076923077,318.86305284299505
0.35,0.05,14769.23076923077,317.0246446530478
0.37,0.05,14769.23076923077,314.3707079802847
0.39,0.05,14769.23076923077,310.661849629439
0.01,0.07,14769.23076923077,311.08221456782724
0.03,0.07,14769.23076923077,315.5683774553929
0.05,0.07,14769.23076923077,318.86305284299493
0.07,0.07,14769.23076923077,321.1873191818905
0.09,0.07,14769.23076923077,322.7579275777638
0.11,0.07,14769.23076923077,323.7695451924264
0.13,0.07,14769.23076923077,324.3863117664038
0.15,0.07,14769.23076923077,324.73835191627126
0.17,0.07,14769.23076923077,324.92129746460654
0.19,0.07,14769.23076923077,324.9974627356614
0.21,0.07,14769.23076923077,324.99746273566143
0.23,0.07,14769.23076923077,324.9212974646066
0.25,0.07,14769.23076923077,324.7383519162713
0.27,0.07,14769.23076923077,324.3863117664039
0.29,0.07,14769.23076923077,323.7695451924264
0.31,0.07,14769.23076923077,322.7579275777639
0.33,0.07,14769.23076923077,321.18731918189053
0.35,0.07,14769.23076923077,318.863052842995
0.37,0.07,14769.23076923077,315.568377455393
0.39,0.07,14769.23076923077,311.08221456782724
0.01,0.09,14769.23076923077,311.35454652858823
0.03,0.09,14769.23076923077,316.3555018134809
0.05,0.09,14769.23076923077,320.0895167410696
0.07,0.09,14769.23076923077,322.7579275777638
0.09,0.09,14769.23076923077,324.57869099012635
0.11,0.09,14769.23076923077,325.7597504956549
0.13,0.09,14769.23076923077,326.4833040372686
0.15,0.09,14769.23076923077,326.89747273841266
0.17,0.09,14769.23076923077,327.1129546072668
0.19,0.09,14769.23076923077,327.20267082054943
0.21,0.09,14769.23076923077,327.20267082054943
0.23,0.09,14769.23076923077,327.1129546072669
0.25,0.09,14769.23076923077,326.8974727384127
0.27,0.09,14769.23076923077,326.4833040372687
0.29,0.09,14769.23076923077,325.759750495655
0.31,0.09,14769.23076923077,324.5786909901265
0.33,0.09,14769.23076923077,322.75792757776395
0.35,0.09,14769.23076923077,320.08951674106964
0.37,0.09,14769.23076923077,316.355501813481
0.39,0.09,14769.23076923077,311.3545465285883
0.01,0.11,14769.23076923077,311.5252016442711
0.03,0.11,14769.23076923077,316.85287131644026
0.05,0.11,14769.23076923077,320.8722970911905
0.07,0.11,14769.23076923077,323.76954519242634
0.09,0.11,14769.23076923077,325.7597504956549
0.11,0.11,14769.23076923077,327.0569161496049
0.13,0.11,14769.23076923077,327.85389624136275
0.15,0.11,14769.23076923077,328.31055534221457
0.17,0.11,14769.23076923077,328.54799444968427
0.19,0.11,14769.23076923077,328.64671177606664
0.21,0.11,14769.23076923077,328.64671177606664
0.23,0.11,14769.23076923077,328.5479944496844
0.25,0.11,14769.23076923077,328.3105553422146
0.27,0.11,14769.23076923077,327.85389624136286
0.29,0.11,14769.23076923077,327.056916149605
0.31,0.11,14769.23076923077,325.759750495655
0.33,0.11,14769.23076923077,323.76954519242645
0.35,0.11,14769.23076923077,320.8722970911906
0.37,0.11,14769.23076923077,316.8528713164403
0.39,0.11,14769.23076923077,311.52520164427114
0.01,0.13,14769.23076923077,311.62726092290615
0.03,0.13,14769.23076923077,317.15200886020966
0.05,0.13,14769.23076923077,321.3464548455082
0.07,0.13,14769.23076923077,324.38631176640376
0.09,0.13,14769.23076923077,326.4833040372686
0.11,0.13,14769.23076923077,327.85389624136275
0.13,0.13,14769.23076923077,328.6969953525748
0.15,0.13,14769.23076923077,329.1798268319404
0.17,0.13,14769.23076923077,329.430361348317
0.19,0.13,14769.23076923077,329.53425700314733
0.21,0.13,14769.23076923077,329.5342570031473
0.23,0.13,14769.23076923077,329.43036134831704
0.25,0.13,14769.23076923077,329.17982683194043
0.27,0.13,14769.23076923077,328.6969953525748
0.29,0.13,14769.23076923077,327.85389624136286
0.31,0.13,14769.23076923077,326.48330403726874
0.33,0.13,14769.23076923077,324.3863117664039
0.35,0.13,14769.23076923077,321.34645484550833
0.37,0.13,14769.23076923077,317.1520088602098
0.39,0.13,14769.23076923077,311.62726092290626
0.01,0.15,14769.23076923077,311.6847027174227
0.03,0.15,14769.23076923077,317.3210974047523
0.05,0.15,14769.23076923077,321.6158845683494
0.07,0.15,14769.23076923077,324.73835191627126
0.09,0.15,14769.23076923077,326.8974727384127
0.11,0.15,14769.23076923077,328.3105553422146
0.13,0.15,14769.23076923077,329.17982683194043
0.15,0.15,14769.23076923077,329.676936104818
0.17,0.15,14769.23076923077,329.93417238664733
0.19,0.15,14769.23076923077,330.0405229447389
0.21,0.15,14769.23076923077,330.0405229447389
0.23,0.15,14769.23076923077,329.93417238664733
0.25,0.15,14769.23076923077,329.676936104818
0.27,0.15,14769.23076923077,329.1798268319405
0.29,0.15,14769.23076923077,328.3105553422147
0.31,0.15,14769.23076923077,326.8974727384128
0.33,0.15,14769.23076923077,324.73835191627137
0.35,0.15,14769.23076923077,321.61588456834943
0.37,0.15,14769.23076923077,317.3210974047524
0.39,0.15,14769.23076923077,311.68470271742274
0.01,0.17,14769.23076923077,311.7142540145783
0.03,0.17,14769.23076923077,317.40838208168617
0.05,0.17,14769.23076923077,321.7555009174761
0.07,0.17,14769.23076923077,324.9212974646066
0.09,0.17,14769.23076923077,327.11295460726683
0.11,0.17,14769.23076923077,328.5479944496843
0.13,0.17,14769.23076923077,329.4303613483169
0.15,0.17,14769.23076923077,329.93417238664733
0.17,0.17,14769.23076923077,330.1942124377423
0.19,0.17,14769.23076923077,330.3014311371987
0.21,0.17,14769.23076923077,330.3014311371986
0.23,0.17,14769.23076923077,330.1942124377423
0.25,0.17,14769.23076923077,329.93417238664733
0.27,0.17,14769.23076923077,329.43036134831704
0.29,0.17,14769.23076923077,328.5479944496844
0.31,0.17,14769.23076923077,327.1129546072669
0.33,0.17,14769.23076923077,324.9212974646067
0.35,0.17,14769.23076923077,321.7555009174762
0.37,0.17,14769.23076923077,317.4083820816862
0.39,0.17,14769.23076923077,311.7142540145784
0.01,0.19,14769.23076923077,311.7264786738011
0.03,0.19,14769.23076923077,317.4445762499955
0.05,0.19,14769.23076923077,321.8135390735284
0.07,0.19,14769.23076923077,324.9974627356614
0.09,0.19,14769.23076923077,327.20267082054943
0.11,0.19,14769.23076923077,328.6467117760666
0.13,0.19,14769.23076923077,329.5342570031473
0.15,0.19,14769.23076923077,330.0405229447389
0.17,0.19,14769.23076923077,330.3014311371987
0.19,0.19,14769.23076923077,330.4088361507377
0.21,0.19,14769.23076923077,330.40883615073767
0.23,0.19,14769.23076923077,330.3014311371987
0.25,0.19,14769.23076923077,330.04052294473894
0.27,0.19,14769.23076923077,329.53425700314733
0.29,0.19,14769.23076923077,328.64671177606664
0.31,0.19,14769.23076923077,327.2026708205495
0.33,0.19,14769.23076923077,324.9974627356615
0.35,0.19,14769.23076923077,321.8135390735285
0.37,0.19,14769.23076923077,317.4445762499956
0.39,0.19,14769.23076923077,311.7264786738011
0.01,0.21,14769.23076923077,311.7264786738012
0.03,0.21,14769.23076923077,317.4445762499955
0.05,0.21,14769.23076923077,321.8135390735283
0.07,0.21,14769.23076923077,324.9974627356613
0.09,0.21,14769.23076923077,327.2026708205494
0.11,0.21,14769.23076923077,328.6467117760666
0.13,0.21,14769.23076923077,329.5342570031472
0.15,0.21,14769.23076923077,330.0405229447389
0.17,0.21,14769.23076923077,330.3014311371987
0.19,0.21,14769.23076923077,330.4088361507377
0.21,0.21,14769.23076923077,330.40883615073767
0.23,0.21,14769.23076923077,330.3014311371987
0.25,0.21,14769.23076923077,330.04052294473894
0.27,0.21,14769.23076923077,329.5342570031473
0.29,0.21,14769.23076923077,328.64671177606664
0.31,0.21,14769.23076923077,327.20267082054943
0.33,0.21,14769.23076923077,324.99746273566143
0.35,0.21,14769.23076923077,321.8135390735285
0.37,0.21,14769.23076923077,317.4445762499955
0.39,0.21,14769.23076923077,311.7264786738011
0.01,0.23,14769.23076923077,311.7142540145784
0.03,0.23,14769.23076923077,317.40838208168617
0.05,0.23,14769.23076923077,321.7555009174761
0.07,0.23,14769.23076923077,324.9212974646065
0.09,0.23,14769.23076923077,327.1129546072668
0.11,0.23,14769.23076923077,328.54799444968427
0.13,0.23,14769.23076923077,329.4303613483169
0.15,0.23,14769.23076923077,329.9341723866473
0.17,0.23,14769.23076923077,330.1942124377423
0.19,0.23,14769.23076923077,330.3014311371987
0.21,0.23,14769.23076923077,330.3014311371986
0.23,0.23,14769.23076923077,330.1942124377423
0.25,0.23,14769.23076923077,329.93417238664733
0.27,0.23,14769.23076923077,329.430361348317
0.29,0.23,14769.23076923077,328.5479944496843
0.31,0.23,14769.23076923077,327.1129546072669
0.33,0.23,14769.23076923077,324.92129746460665
0.35,0.23,14769.23076923077,321.7555009174761
0.37,0.23,14769.23076923077,317.40838208168617
0.39,0.23,14769.23076923077,311.7142540145783
0.01,0.25,14769.23076923077,311.6847027174227
0.03,0.25,14769.23076923077,317.3210974047523
0.05,0.25,14769.23076923077,321.6158845683493
0.07,0.25,14769.23076923077,324.7383519162712
0.09,0.25,14769.23076923077,326.8974727384126
0.11,0.25,14769.23076923077,328.3105553422145
0.13,0.25,14769.23076923077,329.1798268319404
0.15,0.25,14769.23076923077,329.6769361048179
0.17,0.25,14769.23076923077,329.9341723866473
0.19,0.25,14769.23076923077,330.0405229447389
0.21,0.25,14769.23076923077,330.0405229447389
0.23,0.25,14769.23076923077,329.93417238664733
0.25,0.25,14769.23076923077,329.676936104818
0.27,0.25,14769.23076923077,329.17982683194043
0.29,0.25,14769.23076923077,328.3105553422146
0.31,0.25,14769.23076923077,326.89747273841266
0.33,0.25,14769.23076923077,324.7383519162713
0.35,0.25,14769.23076923077,321.6158845683494
0.37,0.25,14769.23076923077,317.3210974047524
0.39,0.25,14769.23076923077,311.68470271742274
0.01,0.27,14769.23076923077,311.62726092290615
0.03,0.27,14769.23076923077,317.15200886020966
0.05,0.27,14769.23076923077,321.3464548455082
0.07,0.27,14769.23076923077,324.38631176640376
0.09,0.27,14769.23076923077,326.4833040372685
0.11,0.27,14769.23076923077,327.8538962413627
0.13,0.27,14769.23076923077,328.6969953525747
0.15,0.27,14769.23076923077,329.1798268319404
0.17,0.27,14769.23076923077,329.4303613483169
0.19,0.27,14769.23076923077,329.5342570031473
0.21,0.27,14769.23076923077,329.5342570031473
0.23,0.27,14769.23076923077,329.4303613483169
0.25,0.27,14769.23076923077,329.17982683194043
0.27,0.27,14769.23076923077,328.6969953525748
0.29,0.27,14769.23076923077,327.8538962413628
0.31,0.27,14769.23076923077,326.4833040372687
0.33,0.27,14769.23076923077,324.3863117664039
0.35,0.27,14769.23076923077,321.34645484550833
0.37,0.27,14769.23076923077,317.1520088602097
0.39,0.27,14769.23076923077,311.6272609229062
0.01,0.29,14769.23076923077,311.5252016442711
0.03,0.29,14769.23076923077,316.85287131644026
0.05,0.29,14769.23076923077,320.8722970911905
0.07,0.29,14769.23076923077,323.76954519242634
0.09,0.29,14769.23076923077,325.7597504956548
0.11,0.29,14769.23076923077,327.05691614960483
0.13,0.29,14769.23076923077,327.85389624136275
0.15,0.29,14769.23076923077,328.3105553422145
0.17,0.29,14769.23076923077,328.54799444968427
0.19,0.29,14769.23076923077,328.6467117760666
0.21,0.29,14769.23076923077,328.6467117760666
0.23,0.29,14769.23076923077,328.54799444968427
0.25,0.29,14769.23076923077,328.31055534221457
0.27,0.29,14769.23076923077,327.85389624136275
0.29,0.29,14769.23076923077,327.05691614960494
0.31,0.29,14769.23076923077,325.75975049565494
0.33,0.29,14769.23076923077,323.7695451924264
0.35,0.29,14769.23076923077,320.8722970911905
0.37,0.29,14769.23076923077,316.85287131644026
0.39,0.29,14769.23076923077,311.5252016442711
0.01,0.31,14769.23076923077,311.3545465285883
0.03,0.31,14769.23076923077,316.35550181348094
0.05,0.31,14769.23076923077,320.0895167410696
0.07,0.31,14769.23076923077,322.7579275777638
0.09,0.31,14769.23076923077,324.5786909901264
0.11,0.31,14769.23076923077,325.7597504956549
0.13,0.31,14769.23076923077,326.4833040372686
0.15,0.31,14769.23076923077,326.89747273841266
0.17,0.31,14769.23076923077,327.1129546072668
0.19,0.31,14769.23076923077,327.2026708205494
0.21,0.31,14769.23076923077,327.20267082054943
0.23,0.31,14769.23076923077,327.1129546072668
0.25,0.31,14769.23076923077,326.89747273841266
0.27,0.31,14769.23076923077,326.4833040372686
0.29,0.31,14769.23076923077,325.75975049565494
0.31,0.31,14769.23076923077,324.57869099012646
0.33,0.31,14769.23076923077,322.75792757776384
0.35,0.31,14769.23076923077,320.0895167410696
0.37,0.31,14769.23076923077,316.35550181348094
0.39,0.31,14769.23076923077,311.3545465285883
0.01,0.33,14769.23076923077,311.08221456782724
0.03,0.33,14769.23076923077,315.568377455393
0.05,0.33,14769.23076923077,318.86305284299493
0.07,0.33,14769.23076923077,321.1873191818904
0.09,0.33,14769.23076923077,322.75792757776384
0.11,0.33,14769.23076923077,323.7695451924264
0.13,0.33,14769.23076923077,324.3863117664038
0.15,0.33,14769.23076923077,324.73835191627126
0.17,0.33,14769.23076923077,324.92129746460654
0.19,0.33,14769.23076923077,324.9974627356614
0.21,0.33,14769.23076923077,324.9974627356614
0.23,0.33,14769.23076923077,324.9212974646065
0.25,0.33,14769.23076923077,324.7383519162712
0.27,0.33,14769.23076923077,324.3863117664038
0.29,0.33,14769.23076923077,323.7695451924264
0.31,0.33,14769.23076923077,322.75792757776384
0.33,0.33,14769.23076923077,321.1873191818905
0.35,0.33,14769.23076923077,318.86305284299493
0.37,0.33,14769.23076923077,315.568377455393
0.39,0.33,14769.23076923077,311.08221456782724
0.01,0.35,14769.23076923077,310.66184962943896
0.03,0.35,14769.23076923077,314.3707079802847
0.05,0.35,14769.23076923077,317.02464465304774
0.07,0.35,14769.23076923077,318.863052842995
0.09,0.35,14769.23076923077,320.08951674106964
0.11,0.35,14769.23076923077,320.87229709119055
0.13,0.35,14769.23076923077,321.34645484550833
0.15,0.35,14769.23076923077,321.6158845683494
0.17,0.35,14769.23076923077,321.7555009174761
0.19,0.35,14769.23076923077,321.8135390735283
0.21,0.35,14769.23076923077,321.8135390735283
0.23,0.35,14769.23076923077,321.755500917476
0.25,0.35,14769.23076923077,321.6158845683493
0.27,0.35,14769.23076923077,321.3464548455083
0.29,0.35,14769.23076923077,320.8722970911905
0.31,0.35,14769.23076923077,320.0895167410696
0.33,0.35,14769.23076923077,318.86305284299493
0.35,0.35,14769.23076923077,317.02464465304774
0.37,0.35,14769.23076923077,314.3707079802847
0.39,0.35,14769.23076923077,310.661849629439
0.01,0.37,14769.23076923077,310.021499799951
0.03,0.37,14769.23076923077,312.5996516997415
0.05,0.37,14769.23076923077,314.37070798028464
0.07,0.37,14769.23076923077,315.568377455393
0.09,0.37,14769.23076923077,316.355501813481
0.11,0.37,14769.23076923077,316.8528713164403
0.13,0.37,14769.23076923077,317.1520088602097
0.15,0.37,14769.23076923077,317.3210974047524
0.17,0.37,14769.23076923077,317.40838208168617
0.19,0.37,14769.23076923077,317.4445762499955
0.21,0.37,14769.23076923077,317.4445762499955
0.23,0.37,14769.23076923077,317.4083820816861
0.25,0.37,14769.23076923077,317.3210974047523
0.27,0.37,14769.23076923077,317.15200886020966
0.29,0.37,14769.23076923077,316.85287131644026
0.31,0.37,14769.23076923077,316.35550181348094
0.33,0.37,14769.23076923077,315.5683774553929
0.35,0.37,14769.23076923077,314.3707079802847
0.37,0.37,14769.23076923077,312.5996516997415
0.39,0.37,14769.23076923077,310.021499799951
0.01,0.39,14769.23076923077,309.0204394148497
0.03,0.39,14769.23076923077,310.021499799951
0.05,0.39,14769.23076923077,310.661849629439
0.07,0.39,14769.23076923077,311.0822145678273
0.09,0.39,14769.23076923077,311.3545465285883
0.11,0.39,14769.23076923077,311.52520164427114
0.13,0.39,14769.23076923077,311.6272609229062
0.15,0.39,14769.23076923077,311.68470271742274
0.17,0.39,14769.23076923077,311.7142540145783
0.19,0.39,14769.23076923077,311.7264786738011
0.21,0.39,14769.23076923077,311.72647867380107
0.23,0.39,14769.23076923077,311.7142540145783
0.25,0.39,14769.23076923077,311.68470271742274
0.27,0.39,14769.23076923077,311.6272609229062
0.29,0.39,14769.23076923077,311.5252016442711
0.31,0.39,14769.23076923077,311.3545465285883
0.33,0.39,14769.23076923077,311.08221456782724
0.35,0.39,14769.23076923077,310.661849629439
0.37,0.39,14769.23076923077,310.021499799951
0.39,0.39,14769.23076923077,309.0204394148497
0.01,0.01,16615.384615384617,308.97743270018333
0.03,0.01,16615.384615384617,309.97687343111915
0.05,0.01,16615.384615384617,310.65268027506306
0.07,0.01,16615.384615384617,311.1249111761165
0.09,0.01,16615.384615384617,311.45367378657465
0.11,0.01,16615.384615384617,311.6777940522097
0.13,0.01,16615.384615384617,311.82567740785845
0.15,0.01,16615.384615384617,311.91867677924284
0.17,0.01,16615.384615384617,311.9722725473032
0.19,0.01,16615.384615384617,311.99657341584407
0.21,0.01,16615.384615384617,311.99657341584407
0.23,0.01,16615.384615384617,311.97227254730325
0.25,0.01,16615.384615384617,311.91867677924284
0.27,0.01,16615.384615384617,311.82567740785845
0.29,0.01,16615.384615384617,311.6777940522097
0.31,0.01,16615.384615384617,311.45367378657465
0.33,0.01,16615.384615384617,311.1249111761165
0.35,0.01,16615.384615384617,310.65268027506306
0.37,0.01,16615.384615384617,309.97687343111915
0.39,0.01,16615.384615384617,308.97743270018333
0.01,0.03,16615.384615384617,309.97687343111915
0.03,0.03,16615.384615384617,312.59596882798365
0.05,0.03,16615.384615384617,314.48586745237367
0.07,0.03,16615.384615384617,315.84130242747005
0.09,0.03,16615.384615384617,316.7965903594233
0.11,0.03,16615.384615384617,317.4524399801371
0.13,0.03,16615.384615384617,317.88729197786665
0.15,0.03,16615.384615384617,318.16175213523843
0.17,0.03,16615.384615384617,318.32035532290587
0.19,0.03,16615.384615384617,318.3923941853201
0.21,0.03,16615.384615384617,318.3923941853201
0.23,0.03,16615.384615384617,318.3203553229059
0.25,0.03,16615.384615384617,318.16175213523843
0.27,0.03,16615.384615384617,317.88729197786665
0.29,0.03,16615.384615384617,317.4524399801371
0.31,0.03,16615.384615384617,316.7965903594233
0.33,0.03,16615.384615384617,315.8413024274701
0.35,0.03,16615.384615384617,314.4858674523737
0.37,0.03,16615.384615384617,312.5959688279837
0.39,0.03,16615.384615384617,309.97687343111915
0.01,0.05,16615.384615384617,310.65268027506306
0.03,0.05,16615.384615384617,314.48586745237367
0.05,0.05,16615.384615384617,317.3583417743525
0.07,0.05,16615.384615384617,319.46375476710625
0.09,0.05,16615.384615384617,320.96764313730955
0.11,0.05,16615.384615384617,322.0095499201
0.13,0.05,16615.384615384617,322.70500770694184
0.15,0.05,16615.384615384617,323.1462200765021
0.17,0.05,16615.384615384617,323.40217593253806
0.19,0.05,16615.384615384617,323.51872400232423
0.21,0.05,16615.384615384617,323.51872400232423
0.23,0.05,16615.384615384617,323.4021759325381
0.25,0.05,16615.384615384617,323.1462200765021
0.27,0.05,16615.384615384617,322.70500770694184
0.29,0.05,16615.384615384617,322.0095499201
0.31,0.05,16615.384615384617,320.9676431373096
0.33,0.05,16615.384615384617,319.4637547671064
0.35,0.05,16615.384615384617,317.3583417743525
0.37,0.05,16615.384615384617,314.48586745237367
0.39,0.05,16615.384615384617,310.65268027506306
0.01,0.07,16615.384615384617,311.1249111761165
0.03,0.07,16615.384615384617,315.84130242747005
0.05,0.07,16615.384615384617,319.46375476710625
0.07,0.07,16615.384615384617,322.1646108340213
0.09,0.07,16615.384615384617,324.1173217600424
0.11,0.07,16615.384615384617,325.4823657080205
0.13,0.07,16615.384615384617,326.39985261675565
0.15,0.07,16615.384615384617,326.98510724771154
0.17,0.07,16615.384615384617,327.3260267276516
0.19,0.07,16615.384615384617,327.48167421257995
0.21,0.07,16615.384615384617,327.48167421258
0.23,0.07,16615.384615384617,327.3260267276516
0.25,0.07,16615.384615384617,326.98510724771154
0.27,0.07,16615.384615384617,326.3998526167557
0.29,0.07,16615.384615384617,325.4823657080205
0.31,0.07,16615.384615384617,324.1173217600424
0.33,0.07,16615.384615384617,322.16461083402135
0.35,0.07,16615.384615384617,319.4637547671063
0.37,0.07,16615.384615384617,315.84130242747005
0.39,0.07,16615.384615384617,311.1249111761165
0.01,0.09,16615.384615384617,311.4536737865747
0.03,0.09,16615.384615384617,316.7965903594233
0.05,0.09,16615.384615384617,320.96764313730955
0.07,0.09,16615.384615384617,324.1173217600424
0.09,0.09,16615.384615384617,326.41713418147015
0.11,0.09,16615.384615384617,328.0373893490211
0.13,0.09,16615.384615384617,329.13322841560364
0.15,0.09,16615.384615384617,329.8357451503932
0.17,0.09,16615.384615384617,330.2465209661706
0.19,0.09,16615.384615384617,330.434516551355
0.21,0.09,16615.384615384617,330.434516551355
0.23,0.09,16615.384615384617,330.24652096617064
0.25,0.09,16615.384615384617,329.8357451503932
0.27,0.09,16615.384615384617,329.1332284156037
0.29,0.09,16615.384615384617,328.0373893490211
0.31,0.09,16615.384615384617,326.4171341814702
0.33,0.09,16615.384615384617,324.1173217600424
0.35,0.09,16615.384615384617,320.96764313730955
0.37,0.09,16615.384615384617,316.79659035942336
0.39,0.09,16615.384615384617,311.4536737865747
0.01,0.11,16615.384615384617,311.6777940522097
0.03,0.11,16615.384615384617,317.4524399801371
0.05,0.11,16615.384615384617,322.0095499201
0.07,0.11,16615.384615384617,325.4823657080205
0.09,0.11,16615.384615384617,328.0373893490211
0.11,0.11,16615.384615384617,329.8487067798443
0.13,0.11,16615.384615384617,331.0800661629636
0.15,0.11,16615.384615384617,331.8727369016264
0.17,0.11,16615.384615384617,332.33768589764406
0.19,0.11,16615.384615384617,332.55090197206107
0.21,0.11,16615.384615384617,332.55090197206107
0.23,0.11,16615.384615384617,332.3376858976441
0.25,0.11,16615.384615384617,331.87273690162647
0.27,0.11,16615.384615384617,331.08006616296365
0.29,0.11,16615.384615384617,329.84870677984435
0.31,0.11,16615.384615384617,328.0373893490211
0.33,0.11,16615.384615384617,325.4823657080205
0.35,0.11,16615.384615384617,322.0095499201
0.37,0.11,16615.384615384617,317.4524399801371
0.39,0.11,16615.384615384617,311.67779405220983
0.01,0.13,16615.384615384617,311.82567740785845
0.03,0.13,16615.384615384617,317.88729197786665
0.05,0.13,16615.384615384617,322.7050077069419
0.07,0.13,16615.384615384617,326.39985261675565
0.09,0.13,16615.384615384617,329.1332284156037
0.11,0.13,16615.384615384617,331.0800661629636
0.13,0.13,16615.384615384617,332.4087406956398
0.15,0.13,16615.384615384617,333.26677783431586
0.17,0.13,16615.384615384617,333.77128009288634
0.19,0.13,16615.384615384617,334.00298851042004
0.21,0.13,16615.384615384617,334.00298851042004
0.23,0.13,16615.384615384617,333.77128009288634
0.25,0.13,16615.384615384617,333.26677783431586
0.27,0.13,16615.384615384617,332.4087406956398
0.29,0.13,16615.384615384617,331.0800661629636
0.31,0.13,16615.384615384617,329.1332284156037
0.33,0.13,16615.384615384617,326.3998526167557
0.35,0.13,16615.384615384617,322.7050077069419
0.37,0.13,16615.384615384617,317.8872919778667
0.39,0.13,16615.384615384617,311.82567740785856
0.01,0.15,16615.384615384617,311.91867677924284
0.03,0.15,16615.384615384617,318.16175213523843
0.05,0.15,16615.384615384617,323.1462200765021
0.07,0.15,16615.384615384617,326.98510724771154
0.09,0.15,16615.384615384617,329.8357451503931
0.11,0.15,16615.384615384617,331.8727369016264
0.13,0.15,16615.384615384617,333.26677783431586
0.15,0.15,16615.384615384617,334.1690486181613
0.17,0.15,16615.384615384617,334.7004564505192
0.19,0.15,16615.384615384617,334.9447827213294
0.21,0.15,16615.384615384617,334.9447827213294
0.23,0.15,16615.384615384617,334.70045645051914
0.25,0.15,16615.384615384617,334.1690486181613
0.27,0.15,16615.384615384617,333.26677783431586
0.29,0.15,16615.384615384617,331.87273690162647
0.31,0.15,16615.384615384617,329.8357451503932
0.33,0.15,16615.384615384617,326.9851072477116
0.35,0.15,16615.384615384617,323.1462200765022
0.37,0.15,16615.384615384617,318.16175213523843
0.39,0.15,16615.384615384617,311.91867677924284
0.01,0.17,16615.384615384617,311.9722725473032
0.03,0.17,16615.384615384617,318.32035532290587
0.05,0.17,16615.384615384617,323.40217593253806
0.07,0.17,16615.384615384617,327.3260267276515
0.09,0.17,16615.384615384617,330.2465209661705
0.11,0.17,16615.384615384617,332.337685897644
0.13,0.17,16615.384615384617,333.77128009288623
0.15,0.17,16615.384615384617,334.70045645051914
0.17,0.17,16615.384615384617,335.24828747632444
0.19,0.17,16615.384615384617,335.50033101722306
0.21,0.17,16615.384615384617,335.5003310172231
0.23,0.17,16615.384615384617,335.2482874763245
0.25,0.17,16615.384615384617,334.70045645051925
0.27,0.17,16615.384615384617,333.77128009288634
0.29,0.17,16615.384615384617,332.33768589764406
0.31,0.17,16615.384615384617,330.24652096617064
0.33,0.17,16615.384615384617,327.32602672765165
0.35,0.17,16615.384615384617,323.4021759325381
0.37,0.17,16615.384615384617,318.3203553229059
0.39,0.17,16615.384615384617,311.97227254730325
0.01,0.19,16615.384615384617,311.996573415844
0.03,0.19,16615.384615384617,318.39239418532003
0.05,0.19,16615.384615384617,323.5187240023241
0.07,0.19,16615.384615384617,327.48167421257983
0.09,0.19,16615.384615384617,330.4345165513549
0.11,0.19,16615.384615384617,332.550901972061
0.13,0.19,16615.384615384617,334.00298851042
0.15,0.19,16615.384615384617,334.9447827213293
0.17,0.19,16615.384615384617,335.50033101722306
0.19,0.19,16615.384615384617,335.7560047961118
0.21,0.19,16615.384615384617,335.7560047961118
0.23,0.19,16615.384615384617,335.5003310172231
0.25,0.19,16615.384615384617,334.94478272132943
0.27,0.19,16615.384615384617,334.00298851042004
0.29,0.19,16615.384615384617,332.55090197206107
0.31,0.19,16615.384615384617,330.434516551355
0.33,0.19,16615.384615384617,327.48167421257995
0.35,0.19,16615.384615384617,323.5187240023242
0.37,0.19,16615.384615384617,318.3923941853201
0.39,0.19,16615.384615384617,311.99657341584407
0.01,0.21,16615.384615384617,311.996573415844
0.03,0.21,16615.384615384617,318.39239418532003
0.05,0.21,16615.384615384617,323.5187240023241
0.07,0.21,16615.384615384617,327.48167421257983
0.09,0.21,16615.384615384617,330.4345165513549
0.11,0.21,16615.384615384617,332.55090197206096
0.13,0.21,16615.384615384617,334.0029885104199
0.15,0.21,16615.384615384617,334.9447827213293
0.17,0.21,16615.384615384617,335.50033101722306
0.19,0.21,16615.384615384617,335.7560047961118
0.21,0.21,16615.384615384617,335.7560047961118
0.23,0.21,16615.384615384617,335.5003310172231
0.25,0.21,16615.384615384617,334.9447827213294
0.27,0.21,16615.384615384617,334.00298851042004
0.29,0.21,16615.384615384617,332.55090197206107
0.31,0.21,16615.384615384617,330.434516551355
0.33,0.21,16615.384615384617,327.48167421257995
0.35,0.21,16615.384615384617,323.5187240023242
0.37,0.21,16615.384615384617,318.39239418532003
0.39,0.21,16615.384615384617,311.996573415844
0.01,0.23,16615.384615384617,311.9722725473032
0.03,0.23,16615.384615384617,318.32035532290587
0.05,0.23,16615.384615384617,323.40217593253806
0.07,0.23,16615.384615384617,327.3260267276515
0.09,0.23,16615.384615384617,330.24652096617046
0.11,0.23,16615.384615384617,332.33768589764395
0.13,0.23,16615.384615384617,333.7712800928863
0.15,0.23,16615.384615384617,334.7004564505191
0.17,0.23,16615.384615384617,335.24828747632444
0.19,0.23,16615.384615384617,335.5003310172231
0.21,0.23,16615.384615384617,335.5003310172231
0.23,0.23,16615.384615384617,335.2482874763245
0.25,0.23,16615.384615384617,334.7004564505192
0.27,0.23,16615.384615384617,333.77128009288634
0.29,0.23,16615.384615384617,332.337685897644
0.31,0.23,16615.384615384617,330.2465209661706
0.33,0.23,16615.384615384617,327.32602672765154
0.35,0.23,16615.384615384617,323.40217593253806
0.37,0.23,16615.384615384617,318.32035532290587
0.39,0.23,16615.384615384617,311.9722725473032
0.01,0.25,16615.384615384617,311.91867677924284
0.03,0.25,16615.384615384617,318.16175213523843
0.05,0.25,16615.384615384617,323.1462200765021
0.07,0.25,16615.384615384617,326.9851072477115
0.09,0.25,16615.384615384617,329.83574515039305
0.11,0.25,16615.384615384617,331.87273690162635
0.13,0.25,16615.384615384617,333.26677783431586
0.15,0.25,16615.384615384617,334.16904861816124
0.17,0.25,16615.384615384617,334.70045645051914
0.19,0.25,16615.384615384617,334.9447827213294
0.21,0.25,16615.384615384617,334.9447827213294
0.23,0.25,16615.384615384617,334.70045645051925
0.25,0.25,16615.384615384617,334.16904861816136
0.27,0.25,16615.384615384617,333.2667778343159
0.29,0.25,16615.384615384617,331.8727369016264
0.31,0.25,16615.384615384617,329.8357451503931
0.33,0.25,16615.384615384617,326.9851072477115
0.35,0.25,16615.384615384617,323.14622007650206
0.37,0.25,16615.384615384617,318.16175213523843
0.39,0.25,16615.384615384617,311.91867677924284
0.01,0.27,16615.384615384617,311.82567740785845
0.03,0.27,16615.384615384617,317.88729197786665
0.05,0.27,16615.384615384617,322.70500770694184
0.07,0.27,16615.384615384617,326.3998526167556
0.09,0.27,16615.384615384617,329.1332284156036
0.11,0.27,16615.384615384617,331.08006616296353
0.13,0.27,16615.384615384617,332.4087406956398
0.15,0.27,16615.384615384617,333.26677783431586
0.17,0.27,16615.384615384617,333.77128009288623
0.19,0.27,16615.384615384617,334.00298851042
0.21,0.27,16615.384615384617,334.00298851042
0.23,0.27,16615.384615384617,333.7712800928863
0.25,0.27,16615.384615384617,333.26677783431586
0.27,0.27,16615.384615384617,332.40874069563984
0.29,0.27,16615.384615384617,331.08006616296353
0.31,0.27,16615.384615384617,329.13322841560364
0.33,0.27,16615.384615384617,326.3998526167556
0.35,0.27,16615.384615384617,322.70500770694184
0.37,0.27,16615.384615384617,317.88729197786665
0.39,0.27,16615.384615384617,311.82567740785845
0.01,0.29,16615.384615384617,311.6777940522098
0.03,0.29,16615.384615384617,317.45243998013706
0.05,0.29,16615.384615384617,322.0095499200999
0.07,0.29,16615.384615384617,325.48236570802044
0.09,0.29,16615.384615384617,328.037389349021
0.11,0.29,16615.384615384617,329.84870677984424
0.13,0.29,16615.384615384617,331.0800661629635
0.15,0.29,16615.384615384617,331.87273690162635
0.17,0.29,16615.384615384617,332.3376858976439
0.19,0.29,16615.384615384617,332.5509019720609
0.21,0.29,16615.384615384617,332.55090197206096
0.23,0.29,16615.384615384617,332.33768589764395
0.25,0.29,16615.384615384617,331.87273690162635
0.27,0.29,16615.384615384617,331.08006616296353
0.29,0.29,16615.384615384617,329.8487067798443
0.31,0.29,16615.384615384617,328.03738934902105
0.33,0.29,16615.384615384617,325.4823657080205
0.35,0.29,16615.384615384617,322.0095499201
0.37,0.29,16615.384615384617,317.4524399801371
0.39,0.29,16615.384615384617,311.6777940522098
0.01,0.31,16615.384615384617,311.4536737865747
0.03,0.31,16615.384615384617,316.7965903594233
0.05,0.31,16615.384615384617,320.9676431373095
0.07,0.31,16615.384615384617,324.1173217600423
0.09,0.31,16615.384615384617,326.4171341814701
0.11,0.31,16615.384615384617,328.03738934902105
0.13,0.31,16615.384615384617,329.13322841560364
0.15,0.31,16615.384615384617,329.83574515039305
0.17,0.31,16615.384615384617,330.24652096617046
0.19,0.31,16615.384615384617,330.4345165513548
0.21,0.31,16615.384615384617,330.4345165513549
0.23,0.31,16615.384615384617,330.24652096617046
0.25,0.31,16615.384615384617,329.83574515039305
0.27,0.31,16615.384615384617,329.13322841560364
0.29,0.31,16615.384615384617,328.03738934902105
0.31,0.31,16615.384615384617,326.41713418147015
0.33,0.31,16615.384615384617,324.1173217600423
0.35,0.31,16615.384615384617,320.96764313730955
0.37,0.31,16615.384615384617,316.79659035942336
0.39,0.31,16615.384615384617,311.4536737865747
0.01,0.33,16615.384615384617,311.1249111761165
0.03,0.33,16615.384615384617,315.84130242747005
0.05,0.33,16615.384615384617,319.4637547671063
0.07,0.33,16615.384615384617,322.1646108340213
0.09,0.33,16615.384615384617,324.1173217600424
0.11,0.33,16615.384615384617,325.4823657080205
0.13,0.33,16615.384615384617,326.39985261675565
0.15,0.33,16615.384615384617,326.9851072477115
0.17,0.33,16615.384615384617,327.32602672765154
0.19,0.33,16615.384615384617,327.48167421257983
0.21,0.33,16615.384615384617,327.48167421257983
0.23,0.33,16615.384615384617,327.3260267276515
0.25,0.33,16615.384615384617,326.9851072477115
0.27,0.33,16615.384615384617,326.3998526167556
0.29,0.33,16615.384615384617,325.48236570802044
0.31,0.33,16615.384615384617,324.1173217600423
0.33,0.33,16615.384615384617,322.16461083402123
0.35,0.33,16615.384615384617,319.46375476710625
0.37,0.33,16615.384615384617,315.8413024274701
0.39,0.33,16615.384615384617,311.1249111761165
0.01,0.35,16615.384615384617,310.6526802750631
0.03,0.35,16615.384615384617,314.48586745237367
0.05,0.35,16615.384615384617,317.3583417743525
0.07,0.35,16615.384615384617,319.4637547671063
0.09,0.35,16615.384615384617,320.96764313730955
0.11,0.35,16615.384615384617,322.0095499201
0.13,0.35,16615.384615384617,322.70500770694184
0.15,0.35,16615.384615384617,323.1462200765021
0.17,0.35,16615.384615384617,323.40217593253806
0.19,0.35,16615.384615384617,323.5187240023241
0.21,0.35,16615.384615384617,323.5187240023241
0.23,0.35,16615.384615384617,323.40217593253806
0.25,0.35,16615.384615384617,323.14622007650206
0.27,0.35,16615.384615384617,322.7050077069418
0.29,0.35,16615.384615384617,322.0095499200999
0.31,0.35,16615.384615384617,320.96764313730955
0.33,0.35,16615.384615384617,319.46375476710625
0.35,0.35,16615.384615384617,317.3583417743524
0.37,0.35,16615.384615384617,314.48586745237367
0.39,0.35,16615.384615384617,310.6526802750631
0.01,0.37,16615.384615384617,309.97687343111915
0.03,0.37,16615.384615384617,312.59596882798365
0.05,0.37,16615.384615384617,314.4858674523737
0.07,0.37,16615.384615384617,315.8413024274701
0.09,0.37,16615.384615384617,316.79659035942336
0.11,0.37,16615.384615384617,317.4524399801371
0.13,0.37,16615.384615384617,317.88729197786665
0.15,0.37,16615.384615384617,318.16175213523843
0.17,0.37,16615.384615384617,318.32035532290587
0.19,0.37,16615.384615384617,318.39239418532003
0.21,0.37,16615.384615384617,318.39239418532003
0.23,0.37,16615.384615384617,318.32035532290587
0.25,0.37,16615.384615384617,318.16175213523843
0.27,0.37,16615.384615384617,317.8872919778666
0.29,0.37,16615.384615384617,317.45243998013706
0.31,0.37,16615.384615384617,316.7965903594233
0.33,0.37,16615.384615384617,315.8413024274701
0.35,0.37,16615.384615384617,314.48586745237367
0.37,0.37,16615.384615384617,312.59596882798365
0.39,0.37,16615.384615384617,309.97687343111915
0.01,0.39,16615.384615384617,308.97743270018333
0.03,0.39,16615.384615384617,309.97687343111915
0.05,0.39,16615.384615384617,310.6526802750631
0.07,0.39,16615.384615384617,311.12491117611654
0.09,0.39,16615.384615384617,311.4536737865747
0.11,0.39,16615.384615384617,311.6777940522098
0.13,0.39,16615.384615384617,311.8256774078585
0.15,0.39,16615.384615384617,311.91867677924284
0.17,0.39,16615.384615384617,311.9722725473032
0.19,0.39,16615.384615384617,311.996573415844
0.21,0.39,16615.384615384617,311.996573415844
0.23,0.39,16615.384615384617,311.9722725473032
0.25,0.39,16615.384615384617,311.9186767792428
0.27,0.39,16615.384615384617,311.82567740785845
0.29,0.39,16615.384615384617,311.6777940522097
0.31,0.39,16615.384615384617,311.4536737865747
0.33,0.39,16615.384615384617,311.12491117611654
0.35,0.39,16615.384615384617,310.6526802750631
0.37,0.39,16615.384615384617,309.97687343111915
0.39,0.39,16615.384615384617,308.9774327001834
0.01,0.01,18461.53846153846,308.9297312594409
0.03,0.01,18461.53846153846,309.906855891331
0.05,0.01,18461.53846153846,310.59460324899254
0.07,0.01,18461.53846153846,311.09650116656445
0.09,0.01,18461.53846153846,311.46297225929885
0.11,0.01,18461.53846153846,311.72617136740035
0.13,0.01,18461.53846153846,311.9097634075734
0.15,0.01,18461.53846153846,312.0318454968061
0.17,0.01,18461.53846153846,312.10580987712467
0.19,0.01,18461.53846153846,312.1405640291586
0.21,0.01,18461.53846153846,312.1405640291586
0.23,0.01,18461.53846153846,312.10580987712467
0.25,0.01,18461.53846153846,312.03184549680606
0.27,0.01,18461.53846153846,311.90976340757334
0.29,0.01,18461.53846153846,311.72617136740035
0.31,0.01,18461.53846153846,311.4629722592989
0.33,0.01,18461.53846153846,311.09650116656445
0.35,0.01,18461.53846153846,310.5946032489925
0.37,0.01,18461.53846153846,309.906855891331
0.39,0.01,18461.53846153846,308.92973125944087
0.01,0.03,18461.53846153846,309.906855891331
0.03,0.03,18461.53846153846,312.5001570313432
0.05,0.03,18461.53846153846,314.43840400792146
0.07,0.03,18461.53846153846,315.8860690943043
0.09,0.03,18461.53846153846,316.9542878455223
0.11,0.03,18461.53846153846,317.7259792056782
0.13,0.03,18461.53846153846,318.26634616099926
0.15,0.03,18461.53846153846,318.6266751547513
0.17,0.03,18461.53846153846,318.84542114408066
0.19,0.03,18461.53846153846,318.94833247709505
0.21,0.03,18461.53846153846,318.94833247709505
0.23,0.03,18461.53846153846,318.84542114408066
0.25,0.03,18461.53846153846,318.6266751547513
0.27,0.03,18461.53846153846,318.2663461609992
0.29,0.03,18461.53846153846,317.7259792056782
0.31,0.03,18461.53846153846,316.9542878455223
0.33,0.03,18461.53846153846,315.8860690943043
0.35,0.03,18461.53846153846,314.4384040079214
0.37,0.03,18461.53846153846,312.5001570313432
0.39,0.03,18461.53846153846,309.906855891331
0.01,0.05,18461.53846153846,310.59460324899254
0.03,0.05,18461.53846153846,314.43840400792146
0.05,0.05,18461.53846153846,317.4139896187119
0.07,0.05,18461.53846153846,319.6804364320713
0.09,0.05,18461.53846153846,321.372530223783
0.11,0.05,18461.53846153846,322.604352010905
0.13,0.05,18461.53846153846,323.4716728760058
0.15,0.05,18461.53846153846,324.0523971271021
0.17,0.05,18461.53846153846,324.4059874464056
0.19,0.05,18461.53846153846,324.5726446090186
0.21,0.05,18461.53846153846,324.5726446090186
0.23,0.05,18461.53846153846,324.4059874464056
0.25,0.05,18461.53846153846,324.0523971271021
0.27,0.05,18461.53846153846,323.4716728760057
0.29,0.05,18461.53846153846,322.604352010905
0.31,0.05,18461.53846153846,321.372530223783
0.33,0.05,18461.53846153846,319.6804364320713
0.35,0.05,18461.53846153846,317.4139896187119
0.37,0.05,18461.53846153846,314.4384040079214
0.39,0.05,18461.53846153846,310.5946032489925
0.01,0.07,18461.53846153846,311.0965011665645
0.03,0.07,18461.53846153846,315.8860690943043
0.05,0.07,18461.53846153846,319.6804364320713
0.07,0.07,18461.53846153846,322.6159662904846
0.09,0.07,18461.53846153846,324.8313329219472
0.11,0.07,18461.53846153846,326.4567093288733
0.13,0.07,18461.53846153846,327.6078851769455
0.15,0.07,18461.53846153846,328.38214954491684
0.17,0.07,18461.53846153846,328.85514139774347
0.19,0.07,18461.53846153846,329.0785350476338
0.21,0.07,18461.53846153846,329.0785350476338
0.23,0.07,18461.53846153846,328.85514139774347
0.25,0.07,18461.53846153846,328.3821495449169
0.27,0.07,18461.53846153846,327.6078851769455
0.29,0.07,18461.53846153846,326.4567093288732
0.31,0.07,18461.53846153846,324.83133292194714
0.33,0.07,18461.53846153846,322.6159662904846
0.35,0.07,18461.53846153846,319.6804364320713
0.37,0.07,18461.53846153846,315.8860690943043
0.39,0.07,18461.53846153846,311.09650116656445
0.01,0.09,18461.53846153846,311.46297225929885
0.03,0.09,18461.53846153846,316.95428784552234
0.05,0.09,18461.53846153846,321.37253022378303
0.07,0.09,18461.53846153846,324.8313329219472
0.09,0.09,18461.53846153846,327.4651787099491
0.11,0.09,18461.53846153846,329.4111063910372
0.13,0.09,18461.53846153846,330.79691434994027
0.15,0.09,18461.53846153846,331.7330191172595
0.17,0.09,18461.53846153846,332.3067089918295
0.19,0.09,18461.53846153846,332.57820494127265
0.21,0.09,18461.53846153846,332.57820494127265
0.23,0.09,18461.53846153846,332.3067089918296
0.25,0.09,18461.53846153846,331.7330191172595
0.27,0.09,18461.53846153846,330.7969143499403
0.29,0.09,18461.53846153846,329.4111063910372
0.31,0.09,18461.53846153846,327.4651787099491
0.33,0.09,18461.53846153846,324.8313329219472
0.35,0.09,18461.53846153846,321.37253022378303
0.37,0.09,18461.53846153846,316.9542878455223
0.39,0.09,18461.53846153846,311.4629722592989
0.01,0.11,18461.53846153846,311.72617136740035
0.03,0.11,18461.53846153846,317.7259792056782
0.05,0.11,18461.53846153846,322.604352010905
0.07,0.11,18461.53846153846,326.4567093288732
0.09,0.11,18461.53846153846,329.4111063910372
0.11,0.11,18461.53846153846,331.6065227273277
0.13,0.11,18461.53846153846,333.1774047301424
0.15,0.11,18461.53846153846,334.242543265072
0.17,0.11,18461.53846153846,334.8971603875348
0.19,0.11,18461.53846153846,335.20750624647843
0.21,0.11,18461.53846153846,335.20750624647843
0.23,0.11,18461.53846153846,334.8971603875348
0.25,0.11,18461.53846153846,334.242543265072
0.27,0.11,18461.53846153846,333.1774047301423
0.29,0.11,18461.53846153846,331.60652272732773
0.31,0.11,18461.53846153846,329.41110639103715
0.33,0.11,18461.53846153846,326.4567093288732
0.35,0.11,18461.53846153846,322.6043520109051
0.37,0.11,18461.53846153846,317.7259792056782
0.39,0.11,18461.53846153846,311.72617136740035
0.01,0.13,18461.53846153846,311.9097634075734
0.03,0.13,18461.53846153846,318.26634616099926
0.05,0.13,18461.53846153846,323.4716728760057
0.07,0.13,18461.53846153846,327.60788517694544
0.09,0.13,18461.53846153846,330.79691434994027
0.11,0.13,18461.53846153846,333.1774047301423
0.13,0.13,18461.53846153846,334.8871644595964
0.15,0.13,18461.53846153846,336.0500395219536
0.17,0.13,18461.53846153846,336.76638518668125
0.19,0.13,18461.53846153846,337.1064938465106
0.21,0.13,18461.53846153846,337.1064938465106
0.23,0.13,18461.53846153846,336.7663851866812
0.25,0.13,18461.53846153846,336.0500395219535
0.27,0.13,18461.53846153846,334.8871644595964
0.29,0.13,18461.53846153846,333.1774047301424
0.31,0.13,18461.53846153846,330.79691434994027
0.33,0.13,18461.53846153846,327.6078851769455
0.35,0.13,18461.53846153846,323.4716728760058
0.37,0.13,18461.53846153846,318.26634616099926
0.39,0.13,18461.53846153846,311.9097634075734
0.01,0.15,18461.53846153846,312.03184549680606
0.03,0.15,18461.53846153846,318.6266751547513
0.05,0.15,18461.53846153846,324.0523971271021
0.07,0.15,18461.53846153846,328.38214954491684
0.09,0.15,18461.53846153846,331.73301911725946
0.11,0.15,18461.53846153846,334.242543265072
0.13,0.15,18461.53846153846,336.0500395219535
0.15,0.15,18461.53846153846,337.28222861694206
0.17,0.15,18461.53846153846,338.04260477378074
0.19,0.15,18461.53846153846,338.40401941486704
0.21,0.15,18461.53846153846,338.40401941486704
0.23,0.15,18461.53846153846,338.0426047737807
0.25,0.15,18461.53846153846,337.28222861694206
0.27,0.15,18461.53846153846,336.0500395219535
0.29,0.15,18461.53846153846,334.242543265072
0.31,0.15,18461.53846153846,331.73301911725946
0.33,0.15,18461.53846153846,328.38214954491684
0.35,0.15,18461.53846153846,324.05239712710204
0.37,0.15,18461.53846153846,318.6266751547513
0.39,0.15,18461.53846153846,312.0318454968061
0.01,0.17,18461.53846153846,312.10580987712467
0.03,0.17,18461.53846153846,318.8454211440806
0.05,0.17,18461.53846153846,324.4059874464055
0.07,0.17,18461.53846153846,328.8551413977434
0.09,0.17,18461.53846153846,332.30670899182945
0.11,0.17,18461.53846153846,334.8971603875347
0.13,0.17,18461.53846153846,336.7663851866812
0.15,0.17,18461.53846153846,338.04260477378074
0.17,0.17,18461.53846153846,338.83107168543233
0.19,0.17,18461.53846153846,339.2061158557886
0.21,0.17,18461.53846153846,339.20611585578865
0.23,0.17,18461.53846153846,338.83107168543233
0.25,0.17,18461.53846153846,338.0426047737807
0.27,0.17,18461.53846153846,336.7663851866812
0.29,0.17,18461.53846153846,334.8971603875347
0.31,0.17,18461.53846153846,332.3067089918295
0.33,0.17,18461.53846153846,328.8551413977434
0.35,0.17,18461.53846153846,324.4059874464055
0.37,0.17,18461.53846153846,318.8454211440806
0.39,0.17,18461.53846153846,312.10580987712467
0.01,0.19,18461.53846153846,312.1405640291586
0.03,0.19,18461.53846153846,318.948332477095
0.05,0.19,18461.53846153846,324.57264460901854
0.07,0.19,18461.53846153846,329.0785350476337
0.09,0.19,18461.53846153846,332.5782049412726
0.11,0.19,18461.53846153846,335.2075062464784
0.13,0.19,18461.53846153846,337.10649384651055
0.15,0.19,18461.53846153846,338.404019414867
0.17,0.19,18461.53846153846,339.20611585578865
0.19,0.19,18461.53846153846,339.58778411177764
0.21,0.19,18461.53846153846,339.58778411177764
0.23,0.19,18461.53846153846,339.2061158557887
0.25,0.19,18461.53846153846,338.40401941486704
0.27,0.19,18461.53846153846,337.1064938465106
0.29,0.19,18461.53846153846,335.20750624647843
0.31,0.19,18461.53846153846,332.57820494127265
0.33,0.19,18461.53846153846,329.0785350476337
0.35,0.19,18461.53846153846,324.5726446090186
0.37,0.19,18461.53846153846,318.94833247709505
0.39,0.19,18461.53846153846,312.1405640291586
0.01,0.21,18461.53846153846,312.1405640291586
0.03,0.21,18461.53846153846,318.948332477095
0.05,0.21,18461.53846153846,324.5726446090185
0.07,0.21,18461.53846153846,329.0785350476337
0.09,0.21,18461.53846153846,332.5782049412726
0.11,0.21,18461.53846153846,335.2075062464784
0.13,0.21,18461.53846153846,337.10649384651055
0.15,0.21,18461.53846153846,338.404019414867
0.17,0.21,18461.53846153846,339.2061158557886
0.19,0.21,18461.53846153846,339.58778411177764
0.21,0.21,18461.53846153846,339.5877841117776
0.23,0.21,18461.53846153846,339.20611585578865
0.25,0.21,18461.53846153846,338.40401941486704
0.27,0.21,18461.53846153846,337.10649384651055
0.29,0.21,18461.53846153846,335.20750624647843
0.31,0.21,18461.53846153846,332.57820494127265
0.33,0.21,18461.53846153846,329.0785350476337
0.35,0.21,18461.53846153846,324.5726446090186
0.37,0.21,18461.53846153846,318.948332477095
0.39,0.21,18461.53846153846,312.1405640291586
0.01,0.23,18461.53846153846,312.10580987712467
0.03,0.23,18461.53846153846,318.8454211440806
0.05,0.23,18461.53846153846,324.40598744640545
0.07,0.23,18461.53846153846,328.8551413977433
0.09,0.23,18461.53846153846,332.3067089918294
0.11,0.23,18461.53846153846,334.8971603875347
0.13,0.23,18461.53846153846,336.7663851866812
0.15,0.23,18461.53846153846,338.0426047737807
0.17,0.23,18461.53846153846,338.83107168543233
0.19,0.23,18461.53846153846,339.20611585578865
0.21,0.23,18461.53846153846,339.20611585578865
0.23,0.23,18461.53846153846,338.83107168543233
0.25,0.23,18461.53846153846,338.0426047737807
0.27,0.23,18461.53846153846,336.76638518668113
0.29,0.23,18461.53846153846,334.8971603875347
0.31,0.23,18461.53846153846,332.30670899182945
0.33,0.23,18461.53846153846,328.8551413977434
0.35,0.23,18461.53846153846,324.4059874464055
0.37,0.23,18461.53846153846,318.8454211440806
0.39,0.23,18461.53846153846,312.10580987712467
0.01,0.25,18461.53846153846,312.03184549680606
0.03,0.25,18461.53846153846,318.6266751547513
0.05,0.25,18461.53846153846,324.052397127102
0.07,0.25,18461.53846153846,328.3821495449168
0.09,0.25,18461.53846153846,331.73301911725935
0.11,0.25,18461.53846153846,334.2425432650719
0.13,0.25,18461.53846153846,336.0500395219535
0.15,0.25,18461.53846153846,337.282228616942
0.17,0.25,18461.53846153846,338.0426047737807
0.19,0.25,18461.53846153846,338.404019414867
0.21,0.25,18461.53846153846,338.404019414867
0.23,0.25,18461.53846153846,338.0426047737807
0.25,0.25,18461.53846153846,337.28222861694206
0.27,0.25,18461.53846153846,336.0500395219535
0.29,0.25,18461.53846153846,334.2425432650719
0.31,0.25,18461.53846153846,331.73301911725935
0.33,0.25,18461.53846153846,328.3821495449168
0.35,0.25,18461.53846153846,324.05239712710204
0.37,0.25,18461.53846153846,318.6266751547513
0.39,0.25,18461.53846153846,312.03184549680606
0.01,0.27,18461.53846153846,311.9097634075734
0.03,0.27,18461.53846153846,318.26634616099915
0.05,0.27,18461.53846153846,323.4716728760057
0.07,0.27,18461.53846153846,327.6078851769454
0.09,0.27,18461.53846153846,330.7969143499401
0.11,0.27,18461.53846153846,333.1774047301422
0.13,0.27,18461.53846153846,334.8871644595963
0.15,0.27,18461.53846153846,336.0500395219535
0.17,0.27,18461.53846153846,336.7663851866812
0.19,0.27,18461.53846153846,337.10649384651055
0.21,0.27,18461.53846153846,337.10649384651055
0.23,0.27,18461.53846153846,336.76638518668113
0.25,0.27,18461.53846153846,336.05003952195347
0.27,0.27,18461.53846153846,334.88716445959625
0.29,0.27,18461.53846153846,333.17740473014226
0.31,0.27,18461.53846153846,330.7969143499401
0.33,0.27,18461.53846153846,327.6078851769454
0.35,0.27,18461.53846153846,323.4716728760057
0.37,0.27,18461.53846153846,318.2663461609992
0.39,0.27,18461.53846153846,311.9097634075734
0.01,0.29,18461.53846153846,311.7261713674003
0.03,0.29,18461.53846153846,317.72597920567813
0.05,0.29,18461.53846153846,322.60435201090496
0.07,0.29,18461.53846153846,326.4567093288731
0.09,0.29,18461.53846153846,329.4111063910371
0.11,0.29,18461.53846153846,331.6065227273276
0.13,0.29,18461.53846153846,333.1774047301423
0.15,0.29,18461.53846153846,334.242543265072
0.17,0.29,18461.53846153846,334.8971603875347
0.19,0.29,18461.53846153846,335.20750624647843
0.21,0.29,18461.53846153846,335.20750624647843
0.23,0.29,18461.53846153846,334.8971603875347
0.25,0.29,18461.53846153846,334.2425432650719
0.27,0.29,18461.53846153846,333.17740473014226
0.29,0.29,18461.53846153846,331.6065227273276
0.31,0.29,18461.53846153846,329.41110639103704
0.33,0.29,18461.53846153846,326.4567093288732
0.35,0.29,18461.53846153846,322.604352010905
0.37,0.29,18461.53846153846,317.72597920567813
0.39,0.29,18461.53846153846,311.72617136740035
0.01,0.31,18461.53846153846,311.46297225929885
0.03,0.31,18461.53846153846,316.95428784552223
0.05,0.31,18461.53846153846,321.3725302237829
0.07,0.31,18461.53846153846,324.8313329219471
0.09,0.31,18461.53846153846,327.465178709949
0.11,0.31,18461.53846153846,329.4111063910371
0.13,0.31,18461.53846153846,330.79691434994027
0.15,0.31,18461.53846153846,331.7330191172594
0.17,0.31,18461.53846153846,332.30670899182945
0.19,0.31,18461.53846153846,332.57820494127265
0.21,0.31,18461.53846153846,332.57820494127265
0.23,0.31,18461.53846153846,332.30670899182945
0.25,0.31,18461.53846153846,331.7330191172594
0.27,0.31,18461.53846153846,330.7969143499402
0.29,0.31,18461.53846153846,329.4111063910371
0.31,0.31,18461.53846153846,327.465178709949
0.33,0.31,18461.53846153846,324.83133292194714
0.35,0.31,18461.53846153846,321.372530223783
0.37,0.31,18461.53846153846,316.9542878455223
0.39,0.31,18461.53846153846,311.4629722592989
0.01,0.33,18461.53846153846,311.09650116656445
0.03,0.33,18461.53846153846,315.8860690943042
0.05,0.33,18461.53846153846,319.68043643207125
0.07,0.33,18461.53846153846,322.6159662904845
0.09,0.33,18461.53846153846,324.8313329219471
0.11,0.33,18461.53846153846,326.4567093288732
0.13,0.33,18461.53846153846,327.6078851769455
0.15,0.33,18461.53846153846,328.38214954491684
0.17,0.33,18461.53846153846,328.8551413977434
0.19,0.33,18461.53846153846,329.0785350476338
0.21,0.33,18461.53846153846,329.0785350476338
0.23,0.33,18461.53846153846,328.8551413977434
0.25,0.33,18461.53846153846,328.3821495449168
0.27,0.33,18461.53846153846,327.6078851769454
0.29,0.33,18461.53846153846,326.4567093288732
0.31,0.33,18461.53846153846,324.8313329219471
0.33,0.33,18461.53846153846,322.6159662904845
0.35,0.33,18461.53846153846,319.68043643207125
0.37,0.33,18461.53846153846,315.8860690943043
0.39,0.33,18461.53846153846,311.09650116656445
0.01,0.35,18461.53846153846,310.5946032489925
0.03,0.35,18461.53846153846,314.4384040079213
0.05,0.35,18461.53846153846,317.41398961871187
0.07,0.35,18461.53846153846,319.6804364320713
0.09,0.35,18461.53846153846,321.372530223783
0.11,0.35,18461.53846153846,322.604352010905
0.13,0.35,18461.53846153846,323.4716728760057
0.15,0.35,18461.53846153846,324.0523971271021
0.17,0.35,18461.53846153846,324.4059874464056
0.19,0.35,18461.53846153846,324.57264460901854
0.21,0.35,18461.53846153846,324.57264460901854
0.23,0.35,18461.53846153846,324.4059874464055
0.25,0.35,18461.53846153846,324.052397127102
0.27,0.35,18461.53846153846,323.4716728760057
0.29,0.35,18461.53846153846,322.60435201090496
0.31,0.35,18461.53846153846,321.372530223783
0.33,0.35,18461.53846153846,319.68043643207125
0.35,0.35,18461.53846153846,317.41398961871187
0.37,0.35,18461.53846153846,314.4384040079214
0.39,0.35,18461.53846153846,310.5946032489925
0.01,0.37,18461.53846153846,309.906855891331
0.03,0.37,18461.53846153846,312.5001570313431
0.05,0.37,18461.53846153846,314.4384040079214
0.07,0.37,18461.53846153846,315.8860690943042
0.09,0.37,18461.53846153846,316.9542878455223
0.11,0.37,18461.53846153846,317.7259792056782
0.13,0.37,18461.53846153846,318.26634616099926
0.15,0.37,18461.53846153846,318.6266751547513
0.17,0.37,18461.53846153846,318.84542114408066
0.19,0.37,18461.53846153846,318.94833247709505
0.21,0.37,18461.53846153846,318.94833247709505
0.23,0.37,18461.53846153846,318.8454211440806
0.25,0.37,18461.53846153846,318.6266751547513
0.27,0.37,18461.53846153846,318.2663461609992
0.29,0.37,18461.53846153846,317.72597920567813
0.31,0.37,18461.53846153846,316.9542878455223
0.33,0.37,18461.53846153846,315.8860690943042
0.35,0.37,18461.53846153846,314.4384040079214
0.37,0.37,18461.53846153846,312.5001570313431
0.39,0.37,18461.53846153846,309.906855891331
0.01,0.39,18461.53846153846,308.9297312594409
0.03,0.39,18461.53846153846,309.9068558913311
0.05,0.39,18461.53846153846,310.5946032489925
0.07,0.39,18461.53846153846,311.09650116656445
0.09,0.39,18461.53846153846,311.4629722592989
0.11,0.39,18461.53846153846,311.72617136740035
0.13,0.39,18461.53846153846,311.9097634075734
0.15,0.39,18461.53846153846,312.03184549680606
0.17,0.39,18461.53846153846,312.1058098771247
0.19,0.39,18461.53846153846,312.1405640291586
0.21,0.39,18461.53846153846,312.1405640291586
0.23,0.39,18461.53846153846,312.1058098771247
0.25,0.39,18461.53846153846,312.03184549680606
0.27,0.39,18461.53846153846,311.9097634075734
0.29,0.39,18461.53846153846,311.72617136740035
0.31,0.39,18461.53846153846,311.46297225929885
0.33,0.39,18461.53846153846,311.09650116656445
0.35,0.39,18461.53846153846,310.5946032489925
0.37,0.39,18461.53846153846,309.906855891331
0.39,0.39,18461.53846153846,308.9297312594409
0.01,0.01,20307.69230769231,308.8814185359541
0.03,0.01,20307.69230769231,309.82417068511194
0.05,0.01,20307.69230769231,310.5077960206121
0.07,0.01,20307.69230769231,311.02259167067024
0.09,0.01,20307.69230769231,311.41122023815353
0.11,0.01,20307.69230769231,311.7002679893638
0.13,0.01,20307.69230769231,311.9091569726768
0.15,0.01,20307.69230769231,312.05279825591447
0.17,0.01,20307.69230769231,312.1423240167358
0.19,0.01,20307.69230769231,312.1852058912384
0.21,0.01,20307.69230769231,312.1852058912384
0.23,0.01,20307.69230769231,312.1423240167358
0.25,0.01,20307.69230769231,312.0527982559144
0.27,0.01,20307.69230769231,311.9091569726768
0.29,0.01,20307.69230769231,311.70026798936374
0.31,0.01,20307.69230769231,311.4112202381535
0.33,0.01,20307.69230769231,311.0225916706702
0.35,0.01,20307.69230769231,310.5077960206121
0.37,0.01,20307.69230769231,309.82417068511194
0.39,0.01,20307.69230769231,308.8814185359541
0.01,0.03,20307.69230769231,309.82417068511194
0.03,0.03,20307.69230769231,312.350201738202
0.05,0.03,20307.69230769231,314.28786689314654
0.07,0.03,20307.69230769231,315.77802977931657
0.09,0.03,20307.69230769231,316.9133527738797
0.11,0.03,20307.69230769231,317.76189114017046
0.13,0.03,20307.69230769231,318.37699978174743
0.15,0.03,20307.69230769231,318.8008777644566
0.17,0.03,20307.69230769231,319.0654534540644
0.19,0.03,20307.69230769231,319.1922949420582
0.21,0.03,20307.69230769231,319.19229494205814
0.23,0.03,20307.69230769231,319.0654534540644
0.25,0.03,20307.69230769231,318.8008777644565
0.27,0.03,20307.69230769231,318.3769997817474
0.29,0.03,20307.69230769231,317.7618911401704
0.31,0.03,20307.69230769231,316.9133527738797
0.33,0.03,20307.69230769231,315.77802977931657
0.35,0.03,20307.69230769231,314.28786689314654
0.37,0.03,20307.69230769231,312.35020173820203
0.39,0.03,20307.69230769231,309.82417068511194
0.01,0.05,20307.69230769231,310.5077960206121
0.03,0.05,20307.69230769231,314.28786689314654
0.05,0.05,20307.69230769231,317.2846650728813
0.07,0.05,20307.69230769231,319.63092145175
0.09,0.05,20307.69230769231,321.43700034250713
0.11,0.05,20307.69230769231,322.795653099071
0.13,0.05,20307.69230769231,323.7849296815408
0.15,0.05,20307.69230769231,324.4688186719546
0.17,0.05,20307.69230769231,324.8966346164028
0.19,0.05,20307.69230769231,325.1020101333557
0.21,0.05,20307.69230769231,325.1020101333557
0.23,0.05,20307.69230769231,324.8966346164027
0.25,0.05,20307.69230769231,324.4688186719545
0.27,0.05,20307.69230769231,323.78492968154075
0.29,0.05,20307.69230769231,322.79565309907093
0.31,0.05,20307.69230769231,321.43700034250713
0.33,0.05,20307.69230769231,319.63092145174994
0.35,0.05,20307.69230769231,317.2846650728813
0.37,0.05,20307.69230769231,314.28786689314654
0.39,0.05,20307.69230769231,310.50779602061203
0.01,0.07,20307.69230769231,311.0225916706702
0.03,0.07,20307.69230769231,315.77802977931657
0.05,0.07,20307.69230769231,319.63092145175
0.07,0.07,20307.69230769231,322.6907900452783
0.09,0.07,20307.69230769231,325.0687678284841
0.11,0.07,20307.69230769231,326.86957220577835
0.13,0.07,20307.69230769231,328.1871318787097
0.15,0.07,20307.69230769231,329.10120259136824
0.17,0.07,20307.69230769231,329.67444771752247
0.19,0.07,20307.69230769231,329.950055725385
0.21,0.07,20307.69230769231,329.950055725385
0.23,0.07,20307.69230769231,329.6744477175224
0.25,0.07,20307.69230769231,329.1012025913682
0.27,0.07,20307.69230769231,328.18713187870964
0.29,0.07,20307.69230769231,326.8695722057783
0.31,0.07,20307.69230769231,325.06876782848406
0.33,0.07,20307.69230769231,322.6907900452782
0.35,0.07,20307.69230769231,319.63092145175
0.37,0.07,20307.69230769231,315.77802977931657
0.39,0.07,20307.69230769231,311.0225916706702
0.01,0.09,20307.69230769231,311.4112202381535
0.03,0.09,20307.69230769231,316.9133527738797
0.05,0.09,20307.69230769231,321.4370003425072
0.07,0.09,20307.69230769231,325.0687678284841
0.09,0.09,20307.69230769231,327.9139031379347
0.11,0.09,20307.69230769231,330.081455706899
0.13,0.09,20307.69230769231,331.674608579417
0.15,0.09,20307.69230769231,332.78370008712
0.17,0.09,20307.69230769231,333.4809725801025
0.19,0.09,20307.69230769231,333.81671694415155
0.21,0.09,20307.69230769231,333.81671694415155
0.23,0.09,20307.69230769231,333.4809725801025
0.25,0.09,20307.69230769231,332.78370008711994
0.27,0.09,20307.69230769231,331.67460857941694
0.29,0.09,20307.69230769231,330.08145570689896
0.31,0.09,20307.69230769231,327.91390313793465
0.33,0.09,20307.69230769231,325.0687678284841
0.35,0.09,20307.69230769231,321.43700034250725
0.37,0.09,20307.69230769231,316.9133527738797
0.39,0.09,20307.69230769231,311.4112202381535
0.01,0.11,20307.69230769231,311.70026798936374
0.03,0.11,20307.69230769231,317.76189114017046
0.05,0.11,20307.69230769231,322.79565309907093
0.07,0.11,20307.69230769231,326.86957220577835
0.09,0.11,20307.69230769231,330.081455706899
0.11,0.11,20307.69230769231,332.5407555059724
0.13,0.11,20307.69230769231,334.3555396376621
0.15,0.11,20307.69230769231,335.6228136706547
0.17,0.11,20307.69230769231,336.42131289122244
0.19,0.11,20307.69230769231,336.8063252092633
0.21,0.11,20307.69230769231,336.80632520926326
0.23,0.11,20307.69230769231,336.4213128912223
0.25,0.11,20307.69230769231,335.62281367065464
0.27,0.11,20307.69230769231,334.35553963766205
0.29,0.11,20307.69230769231,332.5407555059723
0.31,0.11,20307.69230769231,330.08145570689896
0.33,0.11,20307.69230769231,326.8695722057784
0.35,0.11,20307.69230769231,322.795653099071
0.37,0.11,20307.69230769231,317.76189114017046
0.39,0.11,20307.69230769231,311.7002679893637
0.01,0.13,20307.69230769231,311.9091569726767
0.03,0.13,20307.69230769231,318.37699978174743
0.05,0.13,20307.69230769231,323.78492968154075
0.07,0.13,20307.69230769231,328.1871318787097
0.09,0.13,20307.69230769231,331.67460857941694
0.11,0.13,20307.69230769231,334.35553963766205
0.13,0.13,20307.69230769231,336.34025870995555
0.15,0.13,20307.69230769231,337.7297262438226
0.17,0.13,20307.69230769231,338.6068517029959
0.19,0.13,20307.69230769231,339.03026138155377
0.21,0.13,20307.69230769231,339.03026138155377
0.23,0.13,20307.69230769231,338.6068517029958
0.25,0.13,20307.69230769231,337.7297262438225
0.27,0.13,20307.69230769231,336.34025870995544
0.29,0.13,20307.69230769231,334.35553963766205
0.31,0.13,20307.69230769231,331.67460857941694
0.33,0.13,20307.69230769231,328.18713187870964
0.35,0.13,20307.69230769231,323.78492968154075
0.37,0.13,20307.69230769231,318.3769997817474
0.39,0.13,20307.69230769231,311.9091569726767
0.01,0.15,20307.69230769231,312.0527982559144
0.03,0.15,20307.69230769231,318.8008777644565
0.05,0.15,20307.69230769231,324.4688186719545
0.07,0.15,20307.69230769231,329.10120259136824
0.09,0.15,20307.69230769231,332.78370008711994
0.11,0.15,20307.69230769231,335.6228136706547
0.13,0.15,20307.69230769231,337.7297262438226
0.15,0.15,20307.69230769231,339.2075944395025
0.17,0.15,20307.69230769231,340.14185934373813
0.19,0.15,20307.69230769231,340.59325113820563
0.21,0.15,20307.69230769231,340.59325113820563
0.23,0.15,20307.69230769231,340.1418593437381
0.25,0.15,20307.69230769231,339.2075944395024
0.27,0.15,20307.69230769231,337.7297262438225
0.29,0.15,20307.69230769231,335.6228136706546
0.31,0.15,20307.69230769231,332.7837000871199
0.33,0.15,20307.69230769231,329.1012025913682
0.35,0.15,20307.69230769231,324.4688186719545
0.37,0.15,20307.69230769231,318.8008777644565
0.39,0.15,20307.69230769231,312.0527982559144
0.01,0.17,20307.69230769231,312.1423240167357
0.03,0.17,20307.69230769231,319.0654534540643
0.05,0.17,20307.69230769231,324.89663461640265
0.07,0.17,20307.69230769231,329.6744477175224
0.09,0.17,20307.69230769231,333.48097258010245
0.11,0.17,20307.69230769231,336.4213128912224
0.13,0.17,20307.69230769231,338.60685170299587
0.15,0.17,20307.69230769231,340.14185934373813
0.17,0.17,20307.69230769231,341.11318206734745
0.19,0.17,20307.69230769231,341.58275956787406
0.21,0.17,20307.69230769231,341.58275956787406
0.23,0.17,20307.69230769231,341.11318206734745
0.25,0.17,20307.69230769231,340.1418593437381
0.27,0.17,20307.69230769231,338.6068517029957
0.29,0.17,20307.69230769231,336.42131289122227
0.31,0.17,20307.69230769231,333.4809725801024
0.33,0.17,20307.69230769231,329.6744477175223
0.35,0.17,20307.69230769231,324.8966346164027
0.37,0.17,20307.69230769231,319.0654534540644
0.39,0.17,20307.69230769231,312.1423240167358
0.01,0.19,20307.69230769231,312.18520589123835
0.03,0.19,20307.69230769231,319.1922949420581
0.05,0.19,20307.69230769231,325.1020101333556
0.07,0.19,20307.69230769231,329.95005572538486
0.09,0.19,20307.69230769231,333.81671694415144
0.11,0.19,20307.69230769231,336.80632520926315
0.13,0.19,20307.69230769231,339.03026138155377
0.15,0.19,20307.69230769231,340.59325113820563
0.17,0.19,20307.69230769231,341.58275956787406
0.19,0.19,20307.69230769231,342.0612730420181
0.21,0.19,20307.69230769231,342.0612730420181
0.23,0.19,20307.69230769231,341.58275956787406
0.25,0.19,20307.69230769231,340.5932511382056
0.27,0.19,20307.69230769231,339.0302613815537
0.29,0.19,20307.69230769231,336.80632520926315
0.31,0.19,20307.69230769231,333.81671694415144
0.33,0.19,20307.69230769231,329.95005572538486
0.35,0.19,20307.69230769231,325.10201013335563
0.37,0.19,20307.69230769231,319.19229494205814
0.39,0.19,20307.69230769231,312.18520589123835
0.01,0.21,20307.69230769231,312.1852058912383
0.03,0.21,20307.69230769231,319.1922949420581
0.05,0.21,20307.69230769231,325.1020101333556
0.07,0.21,20307.69230769231,329.95005572538486
0.09,0.21,20307.69230769231,333.81671694415144
0.11,0.21,20307.69230769231,336.80632520926315
0.13,0.21,20307.69230769231,339.0302613815537
0.15,0.21,20307.69230769231,340.5932511382056
0.17,0.21,20307.69230769231,341.58275956787406
0.19,0.21,20307.69230769231,342.0612730420181
0.21,0.21,20307.69230769231,342.0612730420181
0.23,0.21,20307.69230769231,341.58275956787406
0.25,0.21,20307.69230769231,340.5932511382056
0.27,0.21,20307.69230769231,339.03026138155377
0.29,0.21,20307.69230769231,336.80632520926326
0.31,0.21,20307.69230769231,333.8167169441515
0.33,0.21,20307.69230769231,329.95005572538486
0.35,0.21,20307.69230769231,325.10201013335563
0.37,0.21,20307.69230769231,319.19229494205814
0.39,0.21,20307.69230769231,312.1852058912384
0.01,0.23,20307.69230769231,312.14232401673576
0.03,0.23,20307.69230769231,319.0654534540643
0.05,0.23,20307.69230769231,324.89663461640265
0.07,0.23,20307.69230769231,329.6744477175223
0.09,0.23,20307.69230769231,333.4809725801024
0.11,0.23,20307.69230769231,336.4213128912223
0.13,0.23,20307.69230769231,338.6068517029958
0.15,0.23,20307.69230769231,340.1418593437381
0.17,0.23,20307.69230769231,341.11318206734745
0.19,0.23,20307.69230769231,341.582759567874
0.21,0.23,20307.69230769231,341.582759567874
0.23,0.23,20307.69230769231,341.11318206734745
0.25,0.23,20307.69230769231,340.1418593437381
0.27,0.23,20307.69230769231,338.6068517029958
0.29,0.23,20307.69230769231,336.4213128912223
0.31,0.23,20307.69230769231,333.4809725801024
0.33,0.23,20307.69230769231,329.6744477175224
0.35,0.23,20307.69230769231,324.8966346164027
0.37,0.23,20307.69230769231,319.0654534540644
0.39,0.23,20307.69230769231,312.14232401673576
0.01,0.25,20307.69230769231,312.05279825591447
0.03,0.25,20307.69230769231,318.8008777644565
0.05,0.25,20307.69230769231,324.4688186719545
0.07,0.25,20307.69230769231,329.1012025913682
0.09,0.25,20307.69230769231,332.78370008711994
0.11,0.25,20307.69230769231,335.62281367065464
0.13,0.25,20307.69230769231,337.72972624382254
0.15,0.25,20307.69230769231,339.20759443950243
0.17,0.25,20307.69230769231,340.1418593437381
0.19,0.25,20307.69230769231,340.5932511382056
0.21,0.25,20307.69230769231,340.59325113820563
0.23,0.25,20307.69230769231,340.1418593437381
0.25,0.25,20307.69230769231,339.2075944395025
0.27,0.25,20307.69230769231,337.72972624382254
0.29,0.25,20307.69230769231,335.6228136706546
0.31,0.25,20307.69230769231,332.7837000871198
0.33,0.25,20307.69230769231,329.10120259136824
0.35,0.25,20307.69230769231,324.4688186719545
0.37,0.25,20307.69230769231,318.8008777644565
0.39,0.25,20307.69230769231,312.0527982559144
0.01,0.27,20307.69230769231,311.9091569726768
0.03,0.27,20307.69230769231,318.37699978174743
0.05,0.27,20307.69230769231,323.78492968154075
0.07,0.27,20307.69230769231,328.18713187870964
0.09,0.27,20307.69230769231,331.67460857941694
0.11,0.27,20307.69230769231,334.35553963766205
0.13,0.27,20307.69230769231,336.3402587099555
0.15,0.27,20307.69230769231,337.72972624382254
0.17,0.27,20307.69230769231,338.6068517029958
0.19,0.27,20307.69230769231,339.03026138155377
0.21,0.27,20307.69230769231,339.03026138155377
0.23,0.27,20307.69230769231,338.6068517029958
0.25,0.27,20307.69230769231,337.72972624382254
0.27,0.27,20307.69230769231,336.3402587099554
0.29,0.27,20307.69230769231,334.355539637662
0.31,0.27,20307.69230769231,331.6746085794168
0.33,0.27,20307.69230769231,328.1871318787096
0.35,0.27,20307.69230769231,323.7849296815407
0.37,0.27,20307.69230769231,318.3769997817474
0.39,0.27,20307.69230769231,311.9091569726767
0.01,0.29,20307.69230769231,311.70026798936374
0.03,0.29,20307.69230769231,317.76189114017046
0.05,0.29,20307.69230769231,322.795653099071
0.07,0.29,20307.69230769231,326.86957220577835
0.09,0.29,20307.69230769231,330.08145570689896
0.11,0.29,20307.69230769231,332.5407555059724
0.13,0.29,20307.69230769231,334.35553963766205
0.15,0.29,20307.69230769231,335.62281367065464
0.17,0.29,20307.69230769231,336.4213128912223
0.19,0.29,20307.69230769231,336.8063252092632
0.21,0.29,20307.69230769231,336.80632520926326
0.23,0.29,20307.69230769231,336.4213128912224
0.25,0.29,20307.69230769231,335.62281367065464
0.27,0.29,20307.69230769231,334.355539637662
0.29,0.29,20307.69230769231,332.54075550597224
0.31,0.29,20307.69230769231,330.0814557068989
0.33,0.29,20307.69230769231,326.8695722057783
0.35,0.29,20307.69230769231,322.79565309907093
0.37,0.29,20307.69230769231,317.7618911401704
0.39,0.29,20307.69230769231,311.70026798936374
0.01,0.31,20307.69230769231,311.4112202381535
0.03,0.31,20307.69230769231,316.9133527738797
0.05,0.31,20307.69230769231,321.43700034250713
0.07,0.31,20307.69230769231,325.06876782848406
0.09,0.31,20307.69230769231,327.9139031379347
0.11,0.31,20307.69230769231,330.08145570689896
0.13,0.31,20307.69230769231,331.6746085794169
0.15,0.31,20307.69230769231,332.78370008711994
0.17,0.31,20307.69230769231,333.4809725801024
0.19,0.31,20307.69230769231,333.81671694415144
0.21,0.31,20307.69230769231,333.8167169441515
0.23,0.31,20307.69230769231,333.48097258010245
0.25,0.31,20307.69230769231,332.7837000871199
0.27,0.31,20307.69230769231,331.6746085794168
0.29,0.31,20307.69230769231,330.0814557068989
0.31,0.31,20307.69230769231,327.9139031379346
0.33,0.31,20307.69230769231,325.06876782848406
0.35,0.31,20307.69230769231,321.4370003425071
0.37,0.31,20307.69230769231,316.9133527738797
0.39,0.31,20307.69230769231,311.41122023815353
0.01,0.33,20307.69230769231,311.02259167067024
0.03,0.33,20307.69230769231,315.7780297793166
0.05,0.33,20307.69230769231,319.63092145175
0.07,0.33,20307.69230769231,322.6907900452783
0.09,0.33,20307.69230769231,325.0687678284841
0.11,0.33,20307.69230769231,326.8695722057784
0.13,0.33,20307.69230769231,328.18713187870964
0.15,0.33,20307.69230769231,329.10120259136824
0.17,0.33,20307.69230769231,329.6744477175224
0.19,0.33,20307.69230769231,329.9500557253849
0.21,0.33,20307.69230769231,329.95005572538497
0.23,0.33,20307.69230769231,329.6744477175224
0.25,0.33,20307.69230769231,329.1012025913682
0.27,0.33,20307.69230769231,328.1871318787096
0.29,0.33,20307.69230769231,326.8695722057783
0.31,0.33,20307.69230769231,325.068767828484
0.33,0.33,20307.69230769231,322.6907900452782
0.35,0.33,20307.69230769231,319.63092145174994
0.37,0.33,20307.69230769231,315.77802977931657
0.39,0.33,20307.69230769231,311.02259167067024
0.01,0.35,20307.69230769231,310.50779602061215
0.03,0.35,20307.69230769231,314.2878668931466
0.05,0.35,20307.69230769231,317.2846650728813
0.07,0.35,20307.69230769231,319.63092145174994
0.09,0.35,20307.69230769231,321.4370003425072
0.11,0.35,20307.69230769231,322.795653099071
0.13,0.35,20307.69230769231,323.78492968154075
0.15,0.35,20307.69230769231,324.4688186719546
0.17,0.35,20307.69230769231,324.8966346164028
0.19,0.35,20307.69230769231,325.1020101333557
0.21,0.35,20307.69230769231,325.1020101333557
0.23,0.35,20307.69230769231,324.8966346164028
0.25,0.35,20307.69230769231,324.4688186719545
0.27,0.35,20307.69230769231,323.7849296815407
0.29,0.35,20307.69230769231,322.79565309907093
0.31,0.35,20307.69230769231,321.43700034250713
0.33,0.35,20307.69230769231,319.63092145174994
0.35,0.35,20307.69230769231,317.2846650728813
0.37,0.35,20307.69230769231,314.28786689314654
0.39,0.35,20307.69230769231,310.5077960206121
0.01,0.37,20307.69230769231,309.82417068511194
0.03,0.37,20307.69230769231,312.35020173820203
0.05,0.37,20307.69230769231,314.2878668931466
0.07,0.37,20307.69230769231,315.77802977931657
0.09,0.37,20307.69230769231,316.9133527738797
0.11,0.37,20307.69230769231,317.7618911401705
0.13,0.37,20307.69230769231,318.37699978174743
0.15,0.37,20307.69230769231,318.8008777644566
0.17,0.37,20307.69230769231,319.0654534540644
0.19,0.37,20307.69230769231,319.1922949420582
0.21,0.37,20307.69230769231,319.19229494205825
0.23,0.37,20307.69230769231,319.0654534540644
0.25,0.37,20307.69230769231,318.8008777644566
0.27,0.37,20307.69230769231,318.3769997817474
0.29,0.37,20307.69230769231,317.7618911401704
0.31,0.37,20307.69230769231,316.9133527738797
0.33,0.37,20307.69230769231,315.77802977931657
0.35,0.37,20307.69230769231,314.28786689314654
0.37,0.37,20307.69230769231,312.35020173820203
0.39,0.37,20307.69230769231,309.82417068511194
0.01,0.39,20307.69230769231,308.8814185359541
0.03,0.39,20307.69230769231,309.82417068511194
0.05,0.39,20307.69230769231,310.50779602061203
0.07,0.39,20307.69230769231,311.0225916706702
0.09,0.39,20307.69230769231,311.41122023815353
0.11,0.39,20307.69230769231,311.7002679893638
0.13,0.39,20307.69230769231,311.9091569726768
0.15,0.39,20307.69230769231,312.05279825591447
0.17,0.39,20307.69230769231,312.1423240167358
0.19,0.39,20307.69230769231,312.1852058912384
0.21,0.39,20307.69230769231,312.1852058912384
0.23,0.39,20307.69230769231,312.1423240167358
0.25,0.39,20307.69230769231,312.0527982559144
0.27,0.39,20307.69230769231,311.9091569726767
0.29,0.39,20307.69230769231,311.70026798936374
0.31,0.39,20307.69230769231,311.4112202381535
0.33,0.39,20307.69230769231,311.02259167067024
0.35,0.39,20307.69230769231,310.5077960206121
0.37,0.39,20307.69230769231,309.82417068511194
0.39,0.39,20307.69230769231,308.8814185359541
0.01,0.01,22153.84615384616,308.8345324762868
0.03,0.01,22153.84615384616,309.7363153777159
0.05,0.01,22153.84615384616,310.40517566498914
0.07,0.01,22153.84615384616,310.92073113624986
0.09,0.01,22153.84615384616,311.3194500648594
0.11,0.01,22153.84615384616,311.6233917311493
0.13,0.01,22153.84615384616,311.8483976263902
0.15,0.01,22153.84615384616,312.0065633377328
0.17,0.01,22153.84615384616,312.1069269119608
0.19,0.01,22153.84615384616,312.1555728254367
0.21,0.01,22153.84615384616,312.1555728254367
0.23,0.01,22153.84615384616,312.1069269119608
0.25,0.01,22153.84615384616,312.0065633377328
0.27,0.01,22153.84615384616,311.8483976263901
0.29,0.01,22153.84615384616,311.6233917311493
0.31,0.01,22153.84615384616,311.3194500648593
0.33,0.01,22153.84615384616,310.92073113624986
0.35,0.01,22153.84615384616,310.40517566498914
0.37,0.01,22153.84615384616,309.7363153777159
0.39,0.01,22153.84615384616,308.8345324762868
0.01,0.03,22153.84615384616,309.7363153777159
0.03,0.03,22153.84615384616,312.1702687374578
0.05,0.03,22153.84615384616,314.0743503301555
0.07,0.03,22153.84615384616,315.5708046571497
0.09,0.03,22153.84615384616,316.73763716868086
0.11,0.03,22153.84615384616,317.6308093964414
0.13,0.03,22153.84615384616,318.29366624625584
0.15,0.03,22153.84615384616,318.76038351726174
0.17,0.03,22153.84615384616,319.0568632397737
0.19,0.03,22153.84615384616,319.2006588000282
0.21,0.03,22153.84615384616,319.2006588000282
0.23,0.03,22153.84615384616,319.0568632397737
0.25,0.03,22153.84615384616,318.76038351726174
0.27,0.03,22153.84615384616,318.2936662462558
0.29,0.03,22153.84615384616,317.6308093964413
0.31,0.03,22153.84615384616,316.73763716868075
0.33,0.03,22153.84615384616,315.5708046571496
0.35,0.03,22153.84615384616,314.0743503301555
0.37,0.03,22153.84615384616,312.1702687374578
0.39,0.03,22153.84615384616,309.7363153777159
0.01,0.05,22153.84615384616,310.40517566498914
0.03,0.05,22153.84615384616,314.0743503301555
0.05,0.05,22153.84615384616,317.03590078433825
0.07,0.05,22153.84615384616,319.4022509300593
0.09,0.05,22153.84615384616,321.26446624507
0.11,0.05,22153.84615384616,322.6978986019461
0.13,0.05,22153.84615384616,323.765581104274
0.15,0.05,22153.84615384616,324.5192070581543
0.17,0.05,22153.84615384616,324.9987439665889
0.19,0.05,22153.84615384616,325.23155197051665
0.21,0.05,22153.84615384616,325.23155197051665
0.23,0.05,22153.84615384616,324.99874396658885
0.25,0.05,22153.84615384616,324.5192070581542
0.27,0.05,22153.84615384616,323.7655811042739
0.29,0.05,22153.84615384616,322.6978986019461
0.31,0.05,22153.84615384616,321.26446624507
0.33,0.05,22153.84615384616,319.40225093005927
0.35,0.05,22153.84615384616,317.03590078433825
0.37,0.05,22153.84615384616,314.0743503301555
0.39,0.05,22153.84615384616,310.40517566498914
0.01,0.07,22153.84615384616,310.92073113624986
0.03,0.07,22153.84615384616,315.57080465714967
0.05,0.07,22153.84615384616,319.40225093005927
0.07,0.07,22153.84615384616,322.5043535697195
0.09,0.07,22153.84615384616,324.9665377826951
0.11,0.07,22153.84615384616,326.8726870716421
0.13,0.07,22153.84615384616,328.29813564125305
0.15,0.07,22153.84615384616,329.30712178504695
0.17,0.07,22153.84615384616,329.9503749129236
0.19,0.07,22153.84615384616,330.2630168872868
0.21,0.07,22153.84615384616,330.2630168872868
0.23,0.07,22153.84615384616,329.9503749129236
0.25,0.07,22153.84615384616,329.30712178504683
0.27,0.07,22153.84615384616,328.29813564125305
0.29,0.07,22153.84615384616,326.872687071642
0.31,0.07,22153.84615384616,324.96653778269507
0.33,0.07,22153.84615384616,322.50435356971946
0.35,0.07,22153.84615384616,319.4022509300593
0.37,0.07,22153.84615384616,315.57080465714967
0.39,0.07,22153.84615384616,310.92073113624986
0.01,0.09,22153.84615384616,311.3194500648594
0.03,0.09,22153.84615384616,316.7376371686808
0.05,0.09,22153.84615384616,321.26446624507
0.07,0.09,22153.84615384616,324.9665377826951
0.09,0.09,22153.84615384616,327.926102174902
0.11,0.09,22153.84615384616,330.22922938282574
0.13,0.09,22153.84615384616,331.95809065661246
0.15,0.09,22153.84615384616,333.185222603193
0.17,0.09,22153.84615384616,333.96904204926955
0.19,0.09,22153.84615384616,334.35043524104964
0.21,0.09,22153.84615384616,334.3504352410495
0.23,0.09,22153.84615384616,333.96904204926943
0.25,0.09,22153.84615384616,333.1852226031928
0.27,0.09,22153.84615384616,331.9580906566124
0.29,0.09,22153.84615384616,330.22922938282574
0.31,0.09,22153.84615384616,327.926102174902
0.33,0.09,22153.84615384616,324.96653778269507
0.35,0.09,22153.84615384616,321.26446624507
0.37,0.09,22153.84615384616,316.7376371686808
0.39,0.09,22153.84615384616,311.3194500648594
0.01,0.11,22153.84615384616,311.6233917311493
0.03,0.11,22153.84615384616,317.6308093964413
0.05,0.11,22153.84615384616,322.69789860194606
0.07,0.11,22153.84615384616,326.8726870716421
0.09,0.11,22153.84615384616,330.22922938282574
0.11,0.11,22153.84615384616,332.85267948592
0.13,0.11,22153.84615384616,334.828527495449
0.15,0.11,22153.84615384616,336.23443764548654
0.17,0.11,22153.84615384616,337.1340086155171
0.19,0.11,22153.84615384616,337.5721787330297
0.21,0.11,22153.84615384616,337.57217873302966
0.23,0.11,22153.84615384616,337.13400861551696
0.25,0.11,22153.84615384616,336.2344376454864
0.27,0.11,22153.84615384616,334.8285274954489
0.29,0.11,22153.84615384616,332.8526794859199
0.31,0.11,22153.84615384616,330.22922938282574
0.33,0.11,22153.84615384616,326.872687071642
0.35,0.11,22153.84615384616,322.6978986019461
0.37,0.11,22153.84615384616,317.6308093964414
0.39,0.11,22153.84615384616,311.6233917311493
0.01,0.13,22153.84615384616,311.8483976263902
0.03,0.13,22153.84615384616,318.2936662462558
0.05,0.13,22153.84615384616,323.76558110427385
0.07,0.13,22153.84615384616,328.29813564125305
0.09,0.13,22153.84615384616,331.95809065661246
0.11,0.13,22153.84615384616,334.8285274954489
0.13,0.13,22153.84615384616,336.9962255226382
0.15,0.13,22153.84615384616,338.5418139488012
0.17,0.13,22153.84615384616,339.5322015479536
0.19,0.13,22153.84615384616,340.0150313018446
0.21,0.13,22153.84615384616,340.0150313018446
0.23,0.13,22153.84615384616,339.53220154795355
0.25,0.13,22153.84615384616,338.54181394880106
0.27,0.13,22153.84615384616,336.99622552263816
0.29,0.13,22153.84615384616,334.82852749544884
0.31,0.13,22153.84615384616,331.95809065661246
0.33,0.13,22153.84615384616,328.29813564125305
0.35,0.13,22153.84615384616,323.7655811042739
0.37,0.13,22153.84615384616,318.2936662462558
0.39,0.13,22153.84615384616,311.8483976263902
0.01,0.15,22153.84615384616,312.0065633377328
0.03,0.15,22153.84615384616,318.7603835172617
0.05,0.15,22153.84615384616,324.5192070581542
0.07,0.15,22153.84615384616,329.3071217850469
0.09,0.15,22153.84615384616,333.18522260319287
0.11,0.15,22153.84615384616,336.2344376454865
0.13,0.15,22153.84615384616,338.5418139488011
0.15,0.15,22153.84615384616,340.1895737720889
0.17,0.15,22153.84615384616,341.2466196364288
0.19,0.15,22153.84615384616,341.76229760505555
0.21,0.15,22153.84615384616,341.76229760505555
0.23,0.15,22153.84615384616,341.2466196364288
0.25,0.15,22153.84615384616,340.1895737720888
0.27,0.15,22153.84615384616,338.541813948801
0.29,0.15,22153.84615384616,336.2344376454864
0.31,0.15,22153.84615384616,333.1852226031928
0.33,0.15,22153.84615384616,329.30712178504683
0.35,0.15,22153.84615384616,324.5192070581542
0.37,0.15,22153.84615384616,318.7603835172617
0.39,0.15,22153.84615384616,312.0065633377328
0.01,0.17,22153.84615384616,312.1069269119607
0.03,0.17,22153.84615384616,319.05686323977363
0.05,0.17,22153.84615384616,324.99874396658885
0.07,0.17,22153.84615384616,329.9503749129235
0.09,0.17,22153.84615384616,333.9690420492695
0.11,0.17,22153.84615384616,337.1340086155171
0.13,0.17,22153.84615384616,339.53220154795355
0.15,0.17,22153.84615384616,341.2466196364288
0.17,0.17,22153.84615384616,342.34726460853574
0.19,0.17,22153.84615384616,342.88446094947466
0.21,0.17,22153.84615384616,342.88446094947466
0.23,0.17,22153.84615384616,342.34726460853574
0.25,0.17,22153.84615384616,341.2466196364288
0.27,0.17,22153.84615384616,339.53220154795355
0.29,0.17,22153.84615384616,337.13400861551696
0.31,0.17,22153.84615384616,333.96904204926943
0.33,0.17,22153.84615384616,329.9503749129235
0.35,0.17,22153.84615384616,324.99874396658885
0.37,0.17,22153.84615384616,319.05686323977363
0.39,0.17,22153.84615384616,312.1069269119608
0.01,0.19,22153.84615384616,312.1555728254367
0.03,0.19,22153.84615384616,319.2006588000281
0.05,0.19,22153.84615384616,325.2315519705166
0.07,0.19,22153.84615384616,330.2630168872867
0.09,0.19,22153.84615384616,334.3504352410496
0.11,0.19,22153.84615384616,337.57217873302966
0.13,0.19,22153.84615384616,340.0150313018446
0.15,0.19,22153.84615384616,341.7622976050556
0.17,0.19,22153.84615384616,342.8844609494746
0.19,0.19,22153.84615384616,343.4322878473728
0.21,0.19,22153.84615384616,343.43228784737283
0.23,0.19,22153.84615384616,342.88446094947466
0.25,0.19,22153.84615384616,341.76229760505555
0.27,0.19,22153.84615384616,340.0150313018446
0.29,0.19,22153.84615384616,337.5721787330296
0.31,0.19,22153.84615384616,334.3504352410496
0.33,0.19,22153.84615384616,330.2630168872867
0.35,0.19,22153.84615384616,325.2315519705166
0.37,0.19,22153.84615384616,319.2006588000281
0.39,0.19,22153.84615384616,312.1555728254367
0.01,0.21,22153.84615384616,312.1555728254367
0.03,0.21,22153.84615384616,319.2006588000281
0.05,0.21,22153.84615384616,325.2315519705166
0.07,0.21,22153.84615384616,330.2630168872867
0.09,0.21,22153.84615384616,334.3504352410496
0.11,0.21,22153.84615384616,337.57217873302966
0.13,0.21,22153.84615384616,340.0150313018446
0.15,0.21,22153.84615384616,341.7622976050556
0.17,0.21,22153.84615384616,342.88446094947466
0.19,0.21,22153.84615384616,343.43228784737283
0.21,0.21,22153.84615384616,343.43228784737283
0.23,0.21,22153.84615384616,342.88446094947466
0.25,0.21,22153.84615384616,341.7622976050556
0.27,0.21,22153.84615384616,340.0150313018446
0.29,0.21,22153.84615384616,337.5721787330297
0.31,0.21,22153.84615384616,334.3504352410496
0.33,0.21,22153.84615384616,330.2630168872867
0.35,0.21,22153.84615384616,325.2315519705166
0.37,0.21,22153.84615384616,319.2006588000281
0.39,0.21,22153.84615384616,312.1555728254367
0.01,0.23,22153.84615384616,312.1069269119608
0.03,0.23,22153.84615384616,319.05686323977363
0.05,0.23,22153.84615384616,324.99874396658885
0.07,0.23,22153.84615384616,329.9503749129236
0.09,0.23,22153.84615384616,333.9690420492695
0.11,0.23,22153.84615384616,337.134008615517
0.13,0.23,22153.84615384616,339.5322015479536
0.15,0.23,22153.84615384616,341.2466196364289
0.17,0.23,22153.84615384616,342.34726460853574
0.19,0.23,22153.84615384616,342.88446094947466
0.21,0.23,22153.84615384616,342.88446094947466
0.23,0.23,22153.84615384616,342.3472646085358
0.25,0.23,22153.84615384616,341.2466196364288
0.27,0.23,22153.84615384616,339.5322015479536
0.29,0.23,22153.84615384616,337.134008615517
0.31,0.23,22153.84615384616,333.9690420492695
0.33,0.23,22153.84615384616,329.9503749129235
0.35,0.23,22153.84615384616,324.99874396658885
0.37,0.23,22153.84615384616,319.0568632397736
0.39,0.23,22153.84615384616,312.1069269119607
0.01,0.25,22153.84615384616,312.0065633377328
0.03,0.25,22153.84615384616,318.76038351726174
0.05,0.25,22153.84615384616,324.5192070581543
0.07,0.25,22153.84615384616,329.3071217850469
0.09,0.25,22153.84615384616,333.18522260319287
0.11,0.25,22153.84615384616,336.2344376454864
0.13,0.25,22153.84615384616,338.5418139488011
0.15,0.25,22153.84615384616,340.1895737720889
0.17,0.25,22153.84615384616,341.2466196364288
0.19,0.25,22153.84615384616,341.7622976050556
0.21,0.25,22153.84615384616,341.7622976050556
0.23,0.25,22153.84615384616,341.2466196364288
0.25,0.25,22153.84615384616,340.1895737720889
0.27,0.25,22153.84615384616,338.5418139488012
0.29,0.25,22153.84615384616,336.2344376454864
0.31,0.25,22153.84615384616,333.18522260319287
0.33,0.25,22153.84615384616,329.3071217850469
0.35,0.25,22153.84615384616,324.51920705815417
0.37,0.25,22153.84615384616,318.7603835172617
0.39,0.25,22153.84615384616,312.0065633377327
0.01,0.27,22153.84615384616,311.8483976263902
0.03,0.27,22153.84615384616,318.29366624625584
0.05,0.27,22153.84615384616,323.765581104274
0.07,0.27,22153.84615384616,328.2981356412531
0.09,0.27,22153.84615384616,331.95809065661246
0.11,0.27,22153.84615384616,334.8285274954489
0.13,0.27,22153.84615384616,336.9962255226382
0.15,0.27,22153.84615384616,338.54181394880106
0.17,0.27,22153.84615384616,339.53220154795355
0.19,0.27,22153.84615384616,340.0150313018446
0.21,0.27,22153.84615384616,340.0150313018446
0.23,0.27,22153.84615384616,339.5322015479536
0.25,0.27,22153.84615384616,338.54181394880106
0.27,0.27,22153.84615384616,336.99622552263827
0.29,0.27,22153.84615384616,334.828527495449
0.31,0.27,22153.84615384616,331.95809065661246
0.33,0.27,22153.84615384616,328.29813564125305
0.35,0.27,22153.84615384616,323.7655811042739
0.37,0.27,22153.84615384616,318.2936662462558
0.39,0.27,22153.84615384616,311.8483976263902
0.01,0.29,22153.84615384616,311.6233917311493
0.03,0.29,22153.84615384616,317.6308093964414
0.05,0.29,22153.84615384616,322.6978986019461
0.07,0.29,22153.84615384616,326.87268707164213
0.09,0.29,22153.84615384616,330.2292293828258
0.11,0.29,22153.84615384616,332.85267948592
0.13,0.29,22153.84615384616,334.8285274954489
0.15,0.29,22153.84615384616,336.2344376454864
0.17,0.29,22153.84615384616,337.13400861551696
0.19,0.29,22153.84615384616,337.57217873302966
0.21,0.29,22153.84615384616,337.57217873302966
0.23,0.29,22153.84615384616,337.134008615517
0.25,0.29,22153.84615384616,336.2344376454864
0.27,0.29,22153.84615384616,334.8285274954489
0.29,0.29,22153.84615384616,332.85267948592
0.31,0.29,22153.84615384616,330.2292293828258
0.33,0.29,22153.84615384616,326.8726870716421
0.35,0.29,22153.84615384616,322.6978986019461
0.37,0.29,22153.84615384616,317.6308093964414
0.39,0.29,22153.84615384616,311.6233917311493
0.01,0.31,22153.84615384616,311.3194500648594
0.03,0.31,22153.84615384616,316.73763716868086
0.05,0.31,22153.84615384616,321.26446624507
0.07,0.31,22153.84615384616,324.9665377826951
0.09,0.31,22153.84615384616,327.92610217490204
0.11,0.31,22153.84615384616,330.2292293828258
0.13,0.31,22153.84615384616,331.95809065661246
0.15,0.31,22153.84615384616,333.1852226031928
0.17,0.31,22153.84615384616,333.96904204926943
0.19,0.31,22153.84615384616,334.3504352410495
0.21,0.31,22153.84615384616,334.3504352410495
0.23,0.31,22153.84615384616,333.9690420492695
0.25,0.31,22153.84615384616,333.18522260319287
0.27,0.31,22153.84615384616,331.95809065661246
0.29,0.31,22153.84615384616,330.2292293828258
0.31,0.31,22153.84615384616,327.92610217490204
0.33,0.31,22153.84615384616,324.9665377826951
0.35,0.31,22153.84615384616,321.26446624507
0.37,0.31,22153.84615384616,316.7376371686808
0.39,0.31,22153.84615384616,311.3194500648594
0.01,0.33,22153.84615384616,310.92073113624986
0.03,0.33,22153.84615384616,315.5708046571497
0.05,0.33,22153.84615384616,319.4022509300594
0.07,0.33,22153.84615384616,322.5043535697196
0.09,0.33,22153.84615384616,324.9665377826952
0.11,0.33,22153.84615384616,326.87268707164213
0.13,0.33,22153.84615384616,328.29813564125305
0.15,0.33,22153.84615384616,329.3071217850469
0.17,0.33,22153.84615384616,329.9503749129236
0.19,0.33,22153.84615384616,330.26301688728665
0.21,0.33,22153.84615384616,330.2630168872867
0.23,0.33,22153.84615384616,329.9503749129235
0.25,0.33,22153.84615384616,329.3071217850469
0.27,0.33,22153.84615384616,328.29813564125305
0.29,0.33,22153.84615384616,326.87268707164213
0.31,0.33,22153.84615384616,324.9665377826951
0.33,0.33,22153.84615384616,322.5043535697195
0.35,0.33,22153.84615384616,319.40225093005927
0.37,0.33,22153.84615384616,315.57080465714967
0.39,0.33,22153.84615384616,310.92073113624986
0.01,0.35,22153.84615384616,310.40517566498914
0.03,0.35,22153.84615384616,314.07435033015554
0.05,0.35,22153.84615384616,317.0359007843383
0.07,0.35,22153.84615384616,319.4022509300593
0.09,0.35,22153.84615384616,321.26446624507
0.11,0.35,22153.84615384616,322.6978986019462
0.13,0.35,22153.84615384616,323.765581104274
0.15,0.35,22153.84615384616,324.5192070581543
0.17,0.35,22153.84615384616,324.9987439665889
0.19,0.35,22153.84615384616,325.23155197051665
0.21,0.35,22153.84615384616,325.23155197051665
0.23,0.35,22153.84615384616,324.99874396658885
0.25,0.35,22153.84615384616,324.5192070581542
0.27,0.35,22153.84615384616,323.765581104274
0.29,0.35,22153.84615384616,322.6978986019462
0.31,0.35,22153.84615384616,321.26446624507
0.33,0.35,22153.84615384616,319.40225093005927
0.35,0.35,22153.84615384616,317.03590078433825
0.37,0.35,22153.84615384616,314.0743503301555
0.39,0.35,22153.84615384616,310.40517566498914
0.01,0.37,22153.84615384616,309.7363153777159
0.03,0.37,22153.84615384616,312.1702687374578
0.05,0.37,22153.84615384616,314.07435033015554
0.07,0.37,22153.84615384616,315.5708046571497
0.09,0.37,22153.84615384616,316.7376371686808
0.11,0.37,22153.84615384616,317.63080939644146
0.13,0.37,22153.84615384616,318.2936662462559
0.15,0.37,22153.84615384616,318.7603835172618
0.17,0.37,22153.84615384616,319.0568632397737
0.19,0.37,22153.84615384616,319.2006588000282
0.21,0.37,22153.84615384616,319.2006588000282
0.23,0.37,22153.84615384616,319.0568632397737
0.25,0.37,22153.84615384616,318.76038351726174
0.27,0.37,22153.84615384616,318.29366624625584
0.29,0.37,22153.84615384616,317.6308093964414
0.31,0.37,22153.84615384616,316.7376371686808
0.33,0.37,22153.84615384616,315.5708046571497
0.35,0.37,22153.84615384616,314.0743503301555
0.37,0.37,22153.84615384616,312.1702687374578
0.39,0.37,22153.84615384616,309.736315377716
0.01,0.39,22153.84615384616,308.8345324762868
0.03,0.39,22153.84615384616,309.7363153777159
0.05,0.39,22153.84615384616,310.4051756649892
0.07,0.39,22153.84615384616,310.92073113624986
0.09,0.39,22153.84615384616,311.3194500648594
0.11,0.39,22153.84615384616,311.6233917311493
0.13,0.39,22153.84615384616,311.84839762639024
0.15,0.39,22153.84615384616,312.0065633377328
0.17,0.39,22153.84615384616,312.1069269119608
0.19,0.39,22153.84615384616,312.1555728254368
0.21,0.39,22153.84615384616,312.1555728254367
0.23,0.39,22153.84615384616,312.10692691196084
0.25,0.39,22153.84615384616,312.0065633377328
0.27,0.39,22153.84615384616,311.8483976263902
0.29,0.39,22153.84615384616,311.6233917311493
0.31,0.39,22153.84615384616,311.3194500648594
0.33,0.39,22153.84615384616,310.92073113624986
0.35,0.39,22153.84615384616,310.40517566498914
0.37,0.39,22153.84615384616,309.736315377716
0.39,0.39,22153.84615384616,308.8345324762868
0.01,0.01,24000.0,308.79002377536614
0.03,0.01,24000.0,309.647658676619
0.05,0.01,24000.0,310.2949213854416
0.07,0.01,24000.0,310.80271734290926
0.09,0.01,24000.0,311.2025556059392
0.11,0.01,24000.0,311.51285740262995
0.13,0.01,24000.0,311.74653217346804
0.15,0.01,24000.0,311.91331278713
0.17,0.01,24000.0,312.0204363300485
0.19,0.01,24000.0,312.0727694365183
0.21,0.01,24000.0,312.0727694365183
0.23,0.01,24000.0,312.02043633004854
0.25,0.01,24000.0,311.91331278713
0.27,0.01,24000.0,311.74653217346804
0.29,0.01,24000.0,311.51285740262995
0.31,0.01,24000.0,311.2025556059392
0.33,0.01,24000.0,310.80271734290926
0.35,0.01,24000.0,310.2949213854416
0.37,0.01,24000.0,309.647658676619
0.39,0.01,24000.0,308.79002377536614
0.01,0.03,24000.0,309.647658676619
0.03,0.03,24000.0,311.97558965831206
0.05,0.03,24000.0,313.8244367294582
0.07,0.03,24000.0,315.30158340685165
0.09,0.03,24000.0,316.4733885797522
0.11,0.03,24000.0,317.38609505134576
0.13,0.03,24000.0,318.07483866913225
0.15,0.03,24000.0,318.5670579187526
0.17,0.03,24000.0,318.88347637307
0.19,0.03,24000.0,319.03813045091255
0.21,0.03,24000.0,319.03813045091255
0.23,0.03,24000.0,318.88347637307
0.25,0.03,24000.0,318.56705791875254
0.27,0.03,24000.0,318.07483866913225
0.29,0.03,24000.0,317.38609505134576
0.31,0.03,24000.0,316.4733885797522
0.33,0.03,24000.0,315.30158340685165
0.35,0.03,24000.0,313.8244367294583
0.37,0.03,24000.0,311.97558965831206
0.39,0.03,24000.0,309.647658676619
0.01,0.05,24000.0,310.2949213854416
0.03,0.05,24000.0,313.8244367294582
0.05,0.05,24000.0,316.7127778600088
0.07,0.05,24000.0,319.0565386805151
0.09,0.05,24000.0,320.931541302849
0.11,0.05,24000.0,322.3991358012602
0.13,0.05,24000.0,323.5100017886864
0.15,0.05,24000.0,324.3054837984219
0.17,0.05,24000.0,324.8175119831301
0.19,0.05,24000.0,325.0679573483847
0.21,0.05,24000.0,325.0679573483847
0.23,0.05,24000.0,324.8175119831301
0.25,0.05,24000.0,324.30548379842185
0.27,0.05,24000.0,323.5100017886864
0.29,0.05,24000.0,322.39913580126023
0.31,0.05,24000.0,320.93154130284904
0.33,0.05,24000.0,319.0565386805151
0.35,0.05,24000.0,316.7127778600088
0.37,0.05,24000.0,313.8244367294582
0.39,0.05,24000.0,310.2949213854416
0.01,0.07,24000.0,310.80271734290926
0.03,0.07,24000.0,315.3015834068516
0.05,0.07,24000.0,319.056538680515
0.07,0.07,24000.0,322.14147074596883
0.09,0.07,24000.0,324.6287365230117
0.11,0.07,24000.0,326.58541405658974
0.13,0.07,24000.0,328.071479399961
0.15,0.07,24000.0,329.13806608175
0.17,0.07,24000.0,329.82562321769404
0.19,0.07,24000.0,330.1622124341821
0.21,0.07,24000.0,330.1622124341821
0.23,0.07,24000.0,329.825623217694
0.25,0.07,24000.0,329.13806608175
0.27,0.07,24000.0,328.071479399961
0.29,0.07,24000.0,326.5854140565898
0.31,0.07,24000.0,324.6287365230117
0.33,0.07,24000.0,322.1414707459689
0.35,0.07,24000.0,319.0565386805151
0.37,0.07,24000.0,315.3015834068516
0.39,0.07,24000.0,310.80271734290926
0.01,0.09,24000.0,311.2025556059392
0.03,0.09,24000.0,316.47338857975217
0.05,0.09,24000.0,320.9315413028489
0.07,0.09,24000.0,324.6287365230117
0.09,0.09,24000.0,327.62919790066763
0.11,0.09,24000.0,330.0004057446786
0.13,0.09,24000.0,331.80710215230005
0.15,0.09,24000.0,333.1067337235053
0.17,0.09,24000.0,333.94577915051667
0.19,0.09,24000.0,334.3568856983976
0.21,0.09,24000.0,334.3568856983976
0.23,0.09,24000.0,333.9457791505166
0.25,0.09,24000.0,333.1067337235052
0.27,0.09,24000.0,331.8071021523
0.29,0.09,24000.0,330.0004057446786
0.31,0.09,24000.0,327.62919790066763
0.33,0.09,24000.0,324.6287365230118
0.35,0.09,24000.0,320.931541302849
0.37,0.09,24000.0,316.47338857975217
0.39,0.09,24000.0,311.20255560593915
0.01,0.11,24000.0,311.5128574026299
0.03,0.11,24000.0,317.3860950513457
0.05,0.11,24000.0,322.3991358012601
0.07,0.11,24000.0,326.58541405658974
0.09,0.11,24000.0,330.0004057446786
0.11,0.11,24000.0,332.70955266365087
0.13,0.11,24000.0,334.77954144448904
0.15,0.11,24000.0,336.27158264777074
0.17,0.11,24000.0,337.23617254787086
0.19,0.11,24000.0,337.70917132914707
0.21,0.11,24000.0,337.709171329147
0.23,0.11,24000.0,337.2361725478707
0.25,0.11,24000.0,336.27158264777063
0.27,0.11,24000.0,334.779541444489
0.29,0.11,24000.0,332.7095526636508
0.31,0.11,24000.0,330.0004057446786
0.33,0.11,24000.0,326.58541405658974
0.35,0.11,24000.0,322.3991358012602
0.37,0.11,24000.0,317.3860950513457
0.39,0.11,24000.0,311.5128574026299
0.01,0.13,24000.0,311.746532173468
0.03,0.13,24000.0,318.07483866913225
0.05,0.13,24000.0,323.51000178868634
0.07,0.13,24000.0,328.071479399961
0.09,0.13,24000.0,331.8071021523
0.11,0.13,24000.0,334.779541444489
0.13,0.13,24000.0,337.05589405962604
0.15,0.13,24000.0,338.6994407903883
0.17,0.13,24000.0,339.7632099144469
0.19,0.13,24000.0,340.285198654202
0.21,0.13,24000.0,340.285198654202
0.23,0.13,24000.0,339.76320991444686
0.25,0.13,24000.0,338.69944079038817
0.27,0.13,24000.0,337.055894059626
0.29,0.13,24000.0,334.779541444489
0.31,0.13,24000.0,331.8071021523
0.33,0.13,24000.0,328.07147939996105
0.35,0.13,24000.0,323.5100017886864
0.37,0.13,24000.0,318.0748386691322
0.39,0.13,24000.0,311.746532173468
0.01,0.15,24000.0,311.91331278713
0.03,0.15,24000.0,318.56705791875254
0.05,0.15,24000.0,324.30548379842185
0.07,0.15,24000.0,329.13806608175
0.09,0.15,24000.0,333.1067337235052
0.11,0.15,24000.0,336.27158264777074
0.13,0.15,24000.0,338.6994407903883
0.15,0.15,24000.0,340.4546260722782
0.17,0.15,24000.0,341.5916697725468
0.19,0.15,24000.0,342.149910436502
0.21,0.15,24000.0,342.149910436502
0.23,0.15,24000.0,341.5916697725467
0.25,0.15,24000.0,340.4546260722781
0.27,0.15,24000.0,338.6994407903881
0.29,0.15,24000.0,336.27158264777063
0.31,0.15,24000.0,333.1067337235052
0.33,0.15,24000.0,329.13806608175
0.35,0.15,24000.0,324.30548379842185
0.37,0.15,24000.0,318.56705791875254
0.39,0.15,24000.0,311.91331278713
0.01,0.17,24000.0,312.0204363300485
0.03,0.17,24000.0,318.88347637307
0.05,0.17,24000.0,324.8175119831301
0.07,0.17,24000.0,329.825623217694
0.09,0.17,24000.0,333.94577915051667
0.11,0.17,24000.0,337.2361725478708
0.13,0.17,24000.0,339.76320991444686
0.15,0.17,24000.0,341.5916697725468
0.17,0.17,24000.0,342.7769004432685
0.19,0.17,24000.0,343.35900910528784
0.21,0.17,24000.0,343.3590091052878
0.23,0.17,24000.0,342.77690044326846
0.25,0.17,24000.0,341.5916697725468
0.27,0.17,24000.0,339.7632099144468
0.29,0.17,24000.0,337.2361725478707
0.31,0.17,24000.0,333.9457791505166
0.33,0.17,24000.0,329.825623217694
0.35,0.17,24000.0,324.8175119831301
0.37,0.17,24000.0,318.88347637307
0.39,0.17,24000.0,312.0204363300484
0.01,0.19,24000.0,312.07276943651823
0.03,0.19,24000.0,319.03813045091255
0.05,0.19,24000.0,325.0679573483848
0.07,0.19,24000.0,330.16221243418227
0.09,0.19,24000.0,334.35688569839766
0.11,0.19,24000.0,337.70917132914707
0.13,0.19,24000.0,340.285198654202
0.15,0.19,24000.0,342.1499104365019
0.17,0.19,24000.0,343.3590091052878
0.19,0.19,24000.0,343.95294853473274
0.21,0.19,24000.0,343.9529485347327
0.23,0.19,24000.0,343.3590091052878
0.25,0.19,24000.0,342.1499104365019
0.27,0.19,24000.0,340.28519865420185
0.29,0.19,24000.0,337.7091713291469
0.31,0.19,24000.0,334.3568856983976
0.33,0.19,24000.0,330.1622124341822
0.35,0.19,24000.0,325.0679573483848
0.37,0.19,24000.0,319.0381304509125
0.39,0.19,24000.0,312.07276943651823
0.01,0.21,24000.0,312.07276943651823
0.03,0.21,24000.0,319.03813045091255
0.05,0.21,24000.0,325.0679573483848
0.07,0.21,24000.0,330.16221243418227
0.09,0.21,24000.0,334.35688569839766
0.11,0.21,24000.0,337.70917132914707
0.13,0.21,24000.0,340.285198654202
0.15,0.21,24000.0,342.14991043650195
0.17,0.21,24000.0,343.3590091052878
0.19,0.21,24000.0,343.95294853473274
0.21,0.21,24000.0,343.95294853473274
0.23,0.21,24000.0,343.3590091052878
0.25,0.21,24000.0,342.14991043650195
0.27,0.21,24000.0,340.285198654202
0.29,0.21,24000.0,337.70917132914707
0.31,0.21,24000.0,334.3568856983977
0.33,0.21,24000.0,330.1622124341822
0.35,0.21,24000.0,325.0679573483848
0.37,0.21,24000.0,319.0381304509125
0.39,0.21,24000.0,312.07276943651823
0.01,0.23,24000.0,312.0204363300485
0.03,0.23,24000.0,318.88347637307
0.05,0.23,24000.0,324.8175119831301
0.07,0.23,24000.0,329.82562321769404
0.09,0.23,24000.0,333.94577915051667
0.11,0.23,24000.0,337.23617254787086
0.13,0.23,24000.0,339.7632099144469
0.15,0.23,24000.0,341.5916697725468
0.17,0.23,24000.0,342.7769004432685
0.19,0.23,24000.0,343.3590091052878
0.21,0.23,24000.0,343.3590091052878
0.23,0.23,24000.0,342.77690044326863
0.25,0.23,24000.0,341.5916697725468
0.27,0.23,24000.0,339.7632099144469
0.29,0.23,24000.0,337.23617254787086
0.31,0.23,24000.0,333.9457791505168
0.33,0.23,24000.0,329.8256232176941
0.35,0.23,24000.0,324.81751198313015
0.37,0.23,24000.0,318.88347637307004
0.39,0.23,24000.0,312.0204363300485
0.01,0.25,24000.0,311.91331278713
0.03,0.25,24000.0,318.56705791875254
0.05,0.25,24000.0,324.3054837984219
0.07,0.25,24000.0,329.13806608175
0.09,0.25,24000.0,333.1067337235053
0.11,0.25,24000.0,336.27158264777074
0.13,0.25,24000.0,338.6994407903883
0.15,0.25,24000.0,340.45462607227813
0.17,0.25,24000.0,341.5916697725468
0.19,0.25,24000.0,342.14991043650195
0.21,0.25,24000.0,342.149910436502
0.23,0.25,24000.0,341.5916697725468
0.25,0.25,24000.0,340.45462607227824
0.27,0.25,24000.0,338.69944079038834
0.29,0.25,24000.0,336.27158264777074
0.31,0.25,24000.0,333.10673372350533
0.33,0.25,24000.0,329.13806608175
0.35,0.25,24000.0,324.305483798422
0.37,0.25,24000.0,318.56705791875254
0.39,0.25,24000.0,311.91331278713
0.01,0.27,24000.0,311.746532173468
0.03,0.27,24000.0,318.07483866913225
0.05,0.27,24000.0,323.5100017886864
0.07,0.27,24000.0,328.07147939996105
0.09,0.27,24000.0,331.8071021523001
0.11,0.27,24000.0,334.7795414444891
0.13,0.27,24000.0,337.0558940596261
0.15,0.27,24000.0,338.6994407903883
0.17,0.27,24000.0,339.76320991444686
0.19,0.27,24000.0,340.285198654202
0.21,0.27,24000.0,340.285198654202
0.23,0.27,24000.0,339.7632099144469
0.25,0.27,24000.0,338.6994407903883
0.27,0.27,24000.0,337.0558940596261
0.29,0.27,24000.0,334.77954144448915
0.31,0.27,24000.0,331.80710215230016
0.33,0.27,24000.0,328.0714793999611
0.35,0.27,24000.0,323.51000178868645
0.37,0.27,24000.0,318.07483866913225
0.39,0.27,24000.0,311.746532173468
0.01,0.29,24000.0,311.5128574026299
0.03,0.29,24000.0,317.3860950513457
0.05,0.29,24000.0,322.3991358012602
0.07,0.29,24000.0,326.58541405658974
0.09,0.29,24000.0,330.00040574467863
0.11,0.29,24000.0,332.7095526636509
0.13,0.29,24000.0,334.7795414444891
0.15,0.29,24000.0,336.2715826477707
0.17,0.29,24000.0,337.2361725478708
0.19,0.29,24000.0,337.70917132914707
0.21,0.29,24000.0,337.7091713291471
0.23,0.29,24000.0,337.2361725478708
0.25,0.29,24000.0,336.27158264777074
0.27,0.29,24000.0,334.77954144448904
0.29,0.29,24000.0,332.709552663651
0.31,0.29,24000.0,330.0004057446787
0.33,0.29,24000.0,326.5854140565898
0.35,0.29,24000.0,322.39913580126023
0.37,0.29,24000.0,317.38609505134576
0.39,0.29,24000.0,311.5128574026299
0.01,0.31,24000.0,311.2025556059392
0.03,0.31,24000.0,316.47338857975217
0.05,0.31,24000.0,320.9315413028489
0.07,0.31,24000.0,324.6287365230117
0.09,0.31,24000.0,327.6291979006677
0.11,0.31,24000.0,330.00040574467863
0.13,0.31,24000.0,331.80710215230005
0.15,0.31,24000.0,333.1067337235052
0.17,0.31,24000.0,333.94577915051667
0.19,0.31,24000.0,334.35688569839766
0.21,0.31,24000.0,334.35688569839766
0.23,0.31,24000.0,333.94577915051667
0.25,0.31,24000.0,333.1067337235052
0.27,0.31,24000.0,331.8071021523001
0.29,0.31,24000.0,330.0004057446787
0.31,0.31,24000.0,327.62919790066775
0.33,0.31,24000.0,324.6287365230118
0.35,0.31,24000.0,320.9315413028489
0.37,0.31,24000.0,316.47338857975217
0.39,0.31,24000.0,311.2025556059392
0.01,0.33,24000.0,310.80271734290926
0.03,0.33,24000.0,315.3015834068516
0.05,0.33,24000.0,319.056538680515
0.07,0.33,24000.0,322.1414707459688
0.09,0.33,24000.0,324.6287365230118
0.11,0.33,24000.0,326.5854140565898
0.13,0.33,24000.0,328.07147939996105
0.15,0.33,24000.0,329.13806608175
0.17,0.33,24000.0,329.82562321769404
0.19,0.33,24000.0,330.1622124341822
0.21,0.33,24000.0,330.1622124341821
0.23,0.33,24000.0,329.82562321769404
0.25,0.33,24000.0,329.13806608175
0.27,0.33,24000.0,328.071479399961
0.29,0.33,24000.0,326.5854140565898
0.31,0.33,24000.0,324.62873652301187
0.33,0.33,24000.0,322.14147074596883
0.35,0.33,24000.0,319.056538680515
0.37,0.33,24000.0,315.3015834068516
0.39,0.33,24000.0,310.80271734290926
0.01,0.35,24000.0,310.2949213854416
0.03,0.35,24000.0,313.8244367294582
0.05,0.35,24000.0,316.7127778600088
0.07,0.35,24000.0,319.056538680515
0.09,0.35,24000.0,320.931541302849
0.11,0.35,24000.0,322.3991358012602
0.13,0.35,24000.0,323.5100017886864
0.15,0.35,24000.0,324.3054837984219
0.17,0.35,24000.0,324.8175119831301
0.19,0.35,24000.0,325.0679573483848
0.21,0.35,24000.0,325.0679573483848
0.23,0.35,24000.0,324.8175119831301
0.25,0.35,24000.0,324.30548379842185
0.27,0.35,24000.0,323.5100017886864
0.29,0.35,24000.0,322.39913580126023
0.31,0.35,24000.0,320.93154130284904
0.33,0.35,24000.0,319.0565386805151
0.35,0.35,24000.0,316.7127778600088
0.37,0.35,24000.0,313.8244367294582
0.39,0.35,24000.0,310.2949213854416
0.01,0.37,24000.0,309.647658676619
0.03,0.37,24000.0,311.975589658312
0.05,0.37,24000.0,313.8244367294582
0.07,0.37,24000.0,315.3015834068516
0.09,0.37,24000.0,316.4733885797521
0.11,0.37,24000.0,317.3860950513457
0.13,0.37,24000.0,318.07483866913225
0.15,0.37,24000.0,318.56705791875254
0.17,0.37,24000.0,318.88347637307
0.19,0.37,24000.0,319.03813045091255
0.21,0.37,24000.0,319.0381304509125
0.23,0.37,24000.0,318.8834763730699
0.25,0.37,24000.0,318.56705791875254
0.27,0.37,24000.0,318.07483866913225
0.29,0.37,24000.0,317.38609505134576
0.31,0.37,24000.0,316.4733885797522
0.33,0.37,24000.0,315.30158340685165
0.35,0.37,24000.0,313.8244367294582
0.37,0.37,24000.0,311.975589658312
0.39,0.37,24000.0,309.647658676619
0.01,0.39,24000.0,308.7900237753661
0.03,0.39,24000.0,309.647658676619
0.05,0.39,24000.0,310.2949213854416
0.07,0.39,24000.0,310.80271734290926
0.09,0.39,24000.0,311.20255560593915
0.11,0.39,24000.0,311.5128574026299
0.13,0.39,24000.0,311.74653217346804
0.15,0.39,24000.0,311.91331278713
0.17,0.39,24000.0,312.0204363300485
0.19,0.39,24000.0,312.07276943651823
0.21,0.39,24000.0,312.07276943651823
0.23,0.39,24000.0,312.0204363300484
0.25,0.39,24000.0,311.91331278712994
0.27,0.39,24000.0,311.746532173468
0.29,0.39,24000.0,311.5128574026299
0.31,0.39,24000.0,311.2025556059392
0.33,0.39,24000.0,310.80271734290926
0.35,0.39,24000.0,310.2949213854416
0.37,0.39,24000.0,309.647658676619
0.39,0.39,24000.0,308.79002377536614
0.01,0.01,25846.153846153848,308.74827280525807
0.03,0.01,25846.153846153848,309.56071577719746
0.05,0.01,25846.153846153848,310.1821910612294
0.07,0.01,25846.153846153848,310.67641897158364
0.09,0.01,25846.153846153848,311.07091590432475
0.11,0.01,25846.153846153848,311.38119199395817
0.13,0.01,25846.153846153848,311.617793221541
0.15,0.01,25846.153846153848,311.7885238615848
0.17,0.01,25846.153846153848,311.8991317869951
0.19,0.01,25846.153846153848,311.9534656883251
0.21,0.01,25846.153846153848,311.9534656883251
0.23,0.01,25846.153846153848,311.8991317869952
0.25,0.01,25846.153846153848,311.78852386158485
0.27,0.01,25846.153846153848,311.61779322154104
0.29,0.01,25846.153846153848,311.3811919939582
0.31,0.01,25846.153846153848,311.07091590432475
0.33,0.01,25846.153846153848,310.6764189715836
0.35,0.01,25846.153846153848,310.1821910612294
0.37,0.01,25846.153846153848,309.56071577719746
0.39,0.01,25846.153846153848,308.74827280525807
0.01,0.03,25846.153846153848,309.56071577719746
0.03,0.03,25846.153846153848,311.7757441865772
0.05,0.03,25846.153846153848,313.5556777405473
0.07,0.03,25846.153846153848,314.9959014935808
0.09,0.03,25846.153846153848,316.15348487402684
0.11,0.03,25846.153846153848,317.0669042442892
0.13,0.03,25846.153846153848,317.76467008088605
0.15,0.03,25846.153846153848,318.2687138686406
0.17,0.03,25846.153846153848,318.59547390743955
0.19,0.03,25846.153846153848,318.7560468699719
0.21,0.03,25846.153846153848,318.75604686997195
0.23,0.03,25846.153846153848,318.5954739074396
0.25,0.03,25846.153846153848,318.26871386864065
0.27,0.03,25846.153846153848,317.7646700808861
0.29,0.03,25846.153846153848,317.0669042442892
0.31,0.03,25846.153846153848,316.1534848740269
0.33,0.03,25846.153846153848,314.9959014935808
0.35,0.03,25846.153846153848,313.5556777405473
0.37,0.03,25846.153846153848,311.77574418657724
0.39,0.03,25846.153846153848,309.56071577719746
0.01,0.05,25846.153846153848,310.1821910612294
0.03,0.05,25846.153846153848,313.5556777405473
0.05,0.05,25846.153846153848,316.3460667258808
0.07,0.05,25846.153846153848,318.6374864850125
0.09,0.05,25846.153846153848,320.49370534673034
0.11,0.05,25846.153846153848,321.96488898966413
0.13,0.05,25846.153846153848,323.09172145946576
0.15,0.05,25846.153846153848,323.9070629825849
0.17,0.05,25846.153846153848,324.43617629021776
0.19,0.05,25846.153846153848,324.6963364162879
0.21,0.05,25846.153846153848,324.6963364162879
0.23,0.05,25846.153846153848,324.43617629021776
0.25,0.05,25846.153846153848,323.90706298258493
0.27,0.05,25846.153846153848,323.0917214594658
0.29,0.05,25846.153846153848,321.96488898966425
0.31,0.05,25846.153846153848,320.49370534673045
0.33,0.05,25846.153846153848,318.6374864850126
0.35,0.05,25846.153846153848,316.3460667258808
0.37,0.05,25846.153846153848,313.5556777405473
0.39,0.05,25846.153846153848,310.18219106122945
0.01,0.07,25846.153846153848,310.6764189715836
0.03,0.07,25846.153846153848,314.9959014935808
0.05,0.07,25846.153846153848,318.6374864850126
0.07,0.07,25846.153846153848,321.663274155782
0.09,0.07,25846.153846153848,324.13222411198285
0.11,0.07,25846.153846153848,326.0979823051938
0.13,0.07,25846.153846153848,327.6080551020958
0.15,0.07,25846.153846153848,328.7027890202846
0.17,0.07,25846.153846153848,329.41407411921256
0.19,0.07,25846.153846153848,329.76404304597656
0.21,0.07,25846.153846153848,329.76404304597656
0.23,0.07,25846.153846153848,329.4140741192125
0.25,0.07,25846.153846153848,328.7027890202846
0.27,0.07,25846.153846153848,327.60805510209593
0.29,0.07,25846.153846153848,326.09798230519385
0.31,0.07,25846.153846153848,324.1322241119829
0.33,0.07,25846.153846153848,321.66327415578206
0.35,0.07,25846.153846153848,318.6374864850126
0.37,0.07,25846.153846153848,314.99590149358073
0.39,0.07,25846.153846153848,310.6764189715836
0.01,0.09,25846.153846153848,311.07091590432475
0.03,0.09,25846.153846153848,316.1534848740269
0.05,0.09,25846.153846153848,320.4937053467304
0.07,0.09,25846.153846153848,324.13222411198285
0.09,0.09,25846.153846153848,327.1191952718744
0.11,0.09,25846.153846153848,329.5072181240714
0.13,0.09,25846.153846153848,331.34682689849024
0.15,0.09,25846.153846153848,332.6829907190761
0.17,0.09,25846.153846153848,333.552206735756
0.19,0.09,25846.153846153848,333.9801777006106
0.21,0.09,25846.153846153848,333.9801777006106
0.23,0.09,25846.153846153848,333.552206735756
0.25,0.09,25846.153846153848,332.68299071907603
0.27,0.09,25846.153846153848,331.34682689849024
0.29,0.09,25846.153846153848,329.50721812407147
0.31,0.09,25846.153846153848,327.11919527187445
0.33,0.09,25846.153846153848,324.1322241119829
0.35,0.09,25846.153846153848,320.49370534673045
0.37,0.09,25846.153846153848,316.1534848740269
0.39,0.09,25846.153846153848,311.07091590432475
0.01,0.11,25846.153846153848,311.38119199395817
0.03,0.11,25846.153846153848,317.0669042442891
0.05,0.11,25846.153846153848,321.96488898966413
0.07,0.11,25846.153846153848,326.0979823051938
0.09,0.11,25846.153846153848,329.5072181240714
0.11,0.11,25846.153846153848,332.2422254885223
0.13,0.11,25846.153846153848,334.3542994336379
0.15,0.11,25846.153846153848,335.8909831858368
0.17,0.11,25846.153846153848,336.89177032870015
0.19,0.11,25846.153846153848,337.3848392043976
0.21,0.11,25846.153846153848,337.3848392043975
0.23,0.11,25846.153846153848,336.89177032870003
0.25,0.11,25846.153846153848,335.8909831858366
0.27,0.11,25846.153846153848,334.3542994336379
0.29,0.11,25846.153846153848,332.24222548852225
0.31,0.11,25846.153846153848,329.50721812407147
0.33,0.11,25846.153846153848,326.0979823051938
0.35,0.11,25846.153846153848,321.96488898966413
0.37,0.11,25846.153846153848,317.0669042442891
0.39,0.11,25846.153846153848,311.38119199395817
0.01,0.13,25846.153846153848,311.61779322154104
0.03,0.13,25846.153846153848,317.7646700808861
0.05,0.13,25846.153846153848,323.09172145946576
0.07,0.13,25846.153846153848,327.6080551020958
0.09,0.13,25846.153846153848,331.34682689849024
0.11,0.13,25846.153846153848,334.3542994336379
0.13,0.13,25846.153846153848,336.6813963171568
0.15,0.13,25846.153846153848,338.37692725481355
0.17,0.13,25846.153846153848,339.4822175261287
0.19,0.13,25846.153846153848,340.0270721224185
0.21,0.13,25846.153846153848,340.0270721224185
0.23,0.13,25846.153846153848,339.4822175261285
0.25,0.13,25846.153846153848,338.37692725481344
0.27,0.13,25846.153846153848,336.6813963171567
0.29,0.13,25846.153846153848,334.35429943363783
0.31,0.13,25846.153846153848,331.34682689849024
0.33,0.13,25846.153846153848,327.6080551020958
0.35,0.13,25846.153846153848,323.0917214594657
0.37,0.13,25846.153846153848,317.76467008088605
0.39,0.13,25846.153846153848,311.61779322154104
0.01,0.15,25846.153846153848,311.7885238615849
0.03,0.15,25846.153846153848,318.26871386864065
0.05,0.15,25846.153846153848,323.9070629825849
0.07,0.15,25846.153846153848,328.70278902028457
0.09,0.15,25846.153846153848,332.6829907190761
0.11,0.15,25846.153846153848,335.8909831858368
0.13,0.15,25846.153846153848,338.37692725481355
0.15,0.15,25846.153846153848,340.19015425436584
0.17,0.15,25846.153846153848,341.3730382642492
0.19,0.15,25846.153846153848,341.9563921432179
0.21,0.15,25846.153846153848,341.95639214321784
0.23,0.15,25846.153846153848,341.3730382642491
0.25,0.15,25846.153846153848,340.1901542543657
0.27,0.15,25846.153846153848,338.37692725481344
0.29,0.15,25846.153846153848,335.89098318583666
0.31,0.15,25846.153846153848,332.68299071907603
0.33,0.15,25846.153846153848,328.7027890202845
0.35,0.15,25846.153846153848,323.9070629825849
0.37,0.15,25846.153846153848,318.2687138686406
0.39,0.15,25846.153846153848,311.7885238615849
0.01,0.17,25846.153846153848,311.8991317869952
0.03,0.17,25846.153846153848,318.59547390743967
0.05,0.17,25846.153846153848,324.43617629021776
0.07,0.17,25846.153846153848,329.41407411921256
0.09,0.17,25846.153846153848,333.552206735756
0.11,0.17,25846.153846153848,336.89177032870015
0.13,0.17,25846.153846153848,339.48221752612864
0.15,0.17,25846.153846153848,341.3730382642492
0.17,0.17,25846.153846153848,342.6071554962576
0.19,0.17,25846.153846153848,343.2159527668676
0.21,0.17,25846.153846153848,343.2159527668676
0.23,0.17,25846.153846153848,342.6071554962575
0.25,0.17,25846.153846153848,341.37303826424915
0.27,0.17,25846.153846153848,339.4822175261286
0.29,0.17,25846.153846153848,336.8917703287001
0.31,0.17,25846.153846153848,333.5522067357559
0.33,0.17,25846.153846153848,329.41407411921244
0.35,0.17,25846.153846153848,324.4361762902177
0.37,0.17,25846.153846153848,318.59547390743955
0.39,0.17,25846.153846153848,311.8991317869952
0.01,0.19,25846.153846153848,311.9534656883251
0.03,0.19,25846.153846153848,318.75604686997195
0.05,0.19,25846.153846153848,324.6963364162879
0.07,0.19,25846.153846153848,329.76404304597656
0.09,0.19,25846.153846153848,333.9801777006107
0.11,0.19,25846.153846153848,337.3848392043976
0.13,0.19,25846.153846153848,340.02707212241853
0.15,0.19,25846.153846153848,341.9563921432179
0.17,0.19,25846.153846153848,343.2159527668676
0.19,0.19,25846.153846153848,343.8373927150267
0.21,0.19,25846.153846153848,343.83739271502674
0.23,0.19,25846.153846153848,343.2159527668676
0.25,0.19,25846.153846153848,341.9563921432179
0.27,0.19,25846.153846153848,340.0270721224185
0.29,0.19,25846.153846153848,337.3848392043976
0.31,0.19,25846.153846153848,333.98017770061057
0.33,0.19,25846.153846153848,329.7640430459765
0.35,0.19,25846.153846153848,324.69633641628786
0.37,0.19,25846.153846153848,318.7560468699719
0.39,0.19,25846.153846153848,311.9534656883251
0.01,0.21,25846.153846153848,311.9534656883251
0.03,0.21,25846.153846153848,318.75604686997195
0.05,0.21,25846.153846153848,324.6963364162879
0.07,0.21,25846.153846153848,329.7640430459766
0.09,0.21,25846.153846153848,333.9801777006107
0.11,0.21,25846.153846153848,337.3848392043976
0.13,0.21,25846.153846153848,340.02707212241853
0.15,0.21,25846.153846153848,341.9563921432179
0.17,0.21,25846.153846153848,343.2159527668676
0.19,0.21,25846.153846153848,343.83739271502674
0.21,0.21,25846.153846153848,343.83739271502674
0.23,0.21,25846.153846153848,343.21595276686764
0.25,0.21,25846.153846153848,341.95639214321795
0.27,0.21,25846.153846153848,340.02707212241853
0.29,0.21,25846.153846153848,337.3848392043976
0.31,0.21,25846.153846153848,333.9801777006106
0.33,0.21,25846.153846153848,329.76404304597656
0.35,0.21,25846.153846153848,324.69633641628786
0.37,0.21,25846.153846153848,318.7560468699719
0.39,0.21,25846.153846153848,311.9534656883251
0.01,0.23,25846.153846153848,311.8991317869952
0.03,0.23,25846.153846153848,318.5954739074396
0.05,0.23,25846.153846153848,324.43617629021776
0.07,0.23,25846.153846153848,329.4140741192125
0.09,0.23,25846.153846153848,333.55220673575604
0.11,0.23,25846.153846153848,336.8917703287002
0.13,0.23,25846.153846153848,339.48221752612864
0.15,0.23,25846.153846153848,341.3730382642492
0.17,0.23,25846.153846153848,342.6071554962576
0.19,0.23,25846.153846153848,343.21595276686764
0.21,0.23,25846.153846153848,343.21595276686764
0.23,0.23,25846.153846153848,342.60715549625763
0.25,0.23,25846.153846153848,341.37303826424926
0.27,0.23,25846.153846153848,339.4822175261287
0.29,0.23,25846.153846153848,336.89177032870015
0.31,0.23,25846.153846153848,333.55220673575604
0.33,0.23,25846.153846153848,329.41407411921256
0.35,0.23,25846.153846153848,324.4361762902178
0.37,0.23,25846.153846153848,318.5954739074396
0.39,0.23,25846.153846153848,311.8991317869952
0.01,0.25,25846.153846153848,311.78852386158485
0.03,0.25,25846.153846153848,318.26871386864065
0.05,0.25,25846.153846153848,323.90706298258493
0.07,0.25,25846.153846153848,328.7027890202846
0.09,0.25,25846.153846153848,332.6829907190761
0.11,0.25,25846.153846153848,335.8909831858368
0.13,0.25,25846.153846153848,338.37692725481355
0.15,0.25,25846.153846153848,340.19015425436584
0.17,0.25,25846.153846153848,341.37303826424915
0.19,0.25,25846.153846153848,341.9563921432179
0.21,0.25,25846.153846153848,341.95639214321795
0.23,0.25,25846.153846153848,341.37303826424926
0.25,0.25,25846.153846153848,340.19015425436595
0.27,0.25,25846.153846153848,338.37692725481355
0.29,0.25,25846.153846153848,335.8909831858368
0.31,0.25,25846.153846153848,332.68299071907614
0.33,0.25,25846.153846153848,328.7027890202847
0.35,0.25,25846.153846153848,323.907062982585
0.37,0.25,25846.153846153848,318.26871386864065
0.39,0.25,25846.153846153848,311.78852386158485
0.01,0.27,25846.153846153848,311.61779322154104
0.03,0.27,25846.153846153848,317.76467008088605
0.05,0.27,25846.153846153848,323.0917214594658
0.07,0.27,25846.153846153848,327.60805510209593
0.09,0.27,25846.153846153848,331.34682689849035
0.11,0.27,25846.153846153848,334.354299433638
0.13,0.27,25846.153846153848,336.68139631715684
0.15,0.27,25846.153846153848,338.3769272548135
0.17,0.27,25846.153846153848,339.48221752612864
0.19,0.27,25846.153846153848,340.02707212241853
0.21,0.27,25846.153846153848,340.02707212241853
0.23,0.27,25846.153846153848,339.4822175261287
0.25,0.27,25846.153846153848,338.37692725481355
0.27,0.27,25846.153846153848,336.68139631715684
0.29,0.27,25846.153846153848,334.354299433638
0.31,0.27,25846.153846153848,331.34682689849035
0.33,0.27,25846.153846153848,327.60805510209593
0.35,0.27,25846.153846153848,323.0917214594658
0.37,0.27,25846.153846153848,317.7646700808861
0.39,0.27,25846.153846153848,311.617793221541
0.01,0.29,25846.153846153848,311.3811919939582
0.03,0.29,25846.153846153848,317.0669042442891
0.05,0.29,25846.153846153848,321.96488898966413
0.07,0.29,25846.153846153848,326.09798230519385
0.09,0.29,25846.153846153848,329.50721812407147
0.11,0.29,25846.153846153848,332.2422254885224
0.13,0.29,25846.153846153848,334.354299433638
0.15,0.29,25846.153846153848,335.8909831858367
0.17,0.29,25846.153846153848,336.89177032870015
0.19,0.29,25846.153846153848,337.3848392043976
0.21,0.29,25846.153846153848,337.3848392043976
0.23,0.29,25846.153846153848,336.89177032870015
0.25,0.29,25846.153846153848,335.8909831858368
0.27,0.29,25846.153846153848,334.354299433638
0.29,0.29,25846.153846153848,332.2422254885224
0.31,0.29,25846.153846153848,329.5072181240715
0.33,0.29,25846.153846153848,326.09798230519385
0.35,0.29,25846.153846153848,321.96488898966413
0.37,0.29,25846.153846153848,317.0669042442892
0.39,0.29,25846.153846153848,311.38119199395817
0.01,0.31,25846.153846153848,311.0709159043247
0.03,0.31,25846.153846153848,316.1534848740268
0.05,0.31,25846.153846153848,320.49370534673034
0.07,0.31,25846.153846153848,324.1322241119829
0.09,0.31,25846.153846153848,327.11919527187445
0.11,0.31,25846.153846153848,329.5072181240715
0.13,0.31,25846.153846153848,331.3468268984903
0.15,0.31,25846.153846153848,332.68299071907603
0.17,0.31,25846.153846153848,333.552206735756
0.19,0.31,25846.153846153848,333.9801777006107
0.21,0.31,25846.153846153848,333.9801777006106
0.23,0.31,25846.153846153848,333.552206735756
0.25,0.31,25846.153846153848,332.6829907190761
0.27,0.31,25846.153846153848,331.3468268984903
0.29,0.31,25846.153846153848,329.5072181240715
0.31,0.31,25846.153846153848,327.1191952718745
0.33,0.31,25846.153846153848,324.13222411198296
0.35,0.31,25846.153846153848,320.4937053467304
0.37,0.31,25846.153846153848,316.1534848740269
0.39,0.31,25846.153846153848,311.07091590432475
0.01,0.33,25846.153846153848,310.6764189715836
0.03,0.33,25846.153846153848,314.9959014935807
0.05,0.33,25846.153846153848,318.63748648501246
0.07,0.33,25846.153846153848,321.663274155782
0.09,0.33,25846.153846153848,324.1322241119829
0.11,0.33,25846.153846153848,326.09798230519385
0.13,0.33,25846.153846153848,327.6080551020959
0.15,0.33,25846.153846153848,328.70278902028457
0.17,0.33,25846.153846153848,329.4140741192125
0.19,0.33,25846.153846153848,329.76404304597656
0.21,0.33,25846.153846153848,329.76404304597656
0.23,0.33,25846.153846153848,329.4140741192125
0.25,0.33,25846.153846153848,328.70278902028457
0.27,0.33,25846.153846153848,327.6080551020959
0.29,0.33,25846.153846153848,326.09798230519385
0.31,0.33,25846.153846153848,324.13222411198296
0.33,0.33,25846.153846153848,321.66327415578206
0.35,0.33,25846.153846153848,318.6374864850125
0.37,0.33,25846.153846153848,314.9959014935808
0.39,0.33,25846.153846153848,310.67641897158364
0.01,0.35,25846.153846153848,310.1821910612294
0.03,0.35,25846.153846153848,313.55567774054725
0.05,0.35,25846.153846153848,316.3460667258808
0.07,0.35,25846.153846153848,318.6374864850125
0.09,0.35,25846.153846153848,320.49370534673045
0.11,0.35,25846.153846153848,321.9648889896642
0.13,0.35,25846.153846153848,323.09172145946576
0.15,0.35,25846.153846153848,323.9070629825849
0.17,0.35,25846.153846153848,324.43617629021776
0.19,0.35,25846.153846153848,324.6963364162879
0.21,0.35,25846.153846153848,324.69633641628786
0.23,0.35,25846.153846153848,324.43617629021776
0.25,0.35,25846.153846153848,323.90706298258493
0.27,0.35,25846.153846153848,323.09172145946576
0.29,0.35,25846.153846153848,321.96488898966413
0.31,0.35,25846.153846153848,320.4937053467304
0.33,0.35,25846.153846153848,318.6374864850126
0.35,0.35,25846.153846153848,316.3460667258808
0.37,0.35,25846.153846153848,313.5556777405473
0.39,0.35,25846.153846153848,310.1821910612294
0.01,0.37,25846.153846153848,309.56071577719746
0.03,0.37,25846.153846153848,311.7757441865772
0.05,0.37,25846.153846153848,313.55567774054725
0.07,0.37,25846.153846153848,314.99590149358073
0.09,0.37,25846.153846153848,316.1534848740269
0.11,0.37,25846.153846153848,317.0669042442892
0.13,0.37,25846.153846153848,317.7646700808861
0.15,0.37,25846.153846153848,318.26871386864065
0.17,0.37,25846.153846153848,318.5954739074396
0.19,0.37,25846.153846153848,318.75604686997195
0.21,0.37,25846.153846153848,318.75604686997195
0.23,0.37,25846.153846153848,318.5954739074396
0.25,0.37,25846.153846153848,318.26871386864065
0.27,0.37,25846.153846153848,317.76467008088605
0.29,0.37,25846.153846153848,317.0669042442892
0.31,0.37,25846.153846153848,316.1534848740269
0.33,0.37,25846.153846153848,314.9959014935808
0.35,0.37,25846.153846153848,313.5556777405473
0.37,0.37,25846.153846153848,311.7757441865772
0.39,0.37,25846.153846153848,309.56071577719746
0.01,0.39,25846.153846153848,308.74827280525807
0.03,0.39,25846.153846153848,309.56071577719746
0.05,0.39,25846.153846153848,310.1821910612294
0.07,0.39,25846.153846153848,310.6764189715836
0.09,0.39,25846.153846153848,311.07091590432475
0.11,0.39,25846.153846153848,311.38119199395817
0.13,0.39,25846.153846153848,311.61779322154104
0.15,0.39,25846.153846153848,311.7885238615849
0.17,0.39,25846.153846153848,311.8991317869952
0.19,0.39,25846.153846153848,311.9534656883251
0.21,0.39,25846.153846153848,311.9534656883251
0.23,0.39,25846.153846153848,311.8991317869952
0.25,0.39,25846.153846153848,311.7885238615849
0.27,0.39,25846.153846153848,311.61779322154104
0.29,0.39,25846.153846153848,311.38119199395817
0.31,0.39,25846.153846153848,311.07091590432475
0.33,0.39,25846.153846153848,310.6764189715836
0.35,0.39,25846.153846153848,310.1821910612294
0.37,0.39,25846.153846153848,309.56071577719746
0.39,0.39,25846.153846153848,308.748272805258
0.01,0.01,27692.30769230769,308.70936508279215
0.03,0.01,27692.30769230769,309.4769023552431
0.05,0.01,27692.30769230769,310.07022388814823
0.07,0.01,27692.30769230769,310.5470628239107
0.09,0.01,27692.30769230769,310.9316998042616
0.11,0.01,27692.30769230769,311.2373170556945
0.13,0.01,27692.30769230769,311.472570908433
0.15,0.01,27692.30769230769,311.6437150748807
0.17,0.01,27692.30769230769,311.7552920343279
0.19,0.01,27692.30769230769,311.81032177637064
0.21,0.01,27692.30769230769,311.81032177637064
0.23,0.01,27692.30769230769,311.7552920343279
0.25,0.01,27692.30769230769,311.6437150748807
0.27,0.01,27692.30769230769,311.472570908433
0.29,0.01,27692.30769230769,311.2373170556945
0.31,0.01,27692.30769230769,310.9316998042616
0.33,0.01,27692.30769230769,310.5470628239107
0.35,0.01,27692.30769230769,310.07022388814823
0.37,0.01,27692.30769230769,309.4769023552431
0.39,0.01,27692.30769230769,308.70936508279215
0.01,0.03,27692.30769230769,309.4769023552431
0.03,0.03,27692.30769230769,311.5767452142429
0.05,0.03,27692.30769230769,313.2796554184009
0.07,0.03,27692.30769230769,314.6712270660522
0.09,0.03,27692.30769230769,315.8010855385887
0.11,0.03,27692.30769230769,316.70151415091965
0.13,0.03,27692.30769230769,317.3957226960385
0.15,0.03,27692.30769230769,317.90120811472826
0.17,0.03,27692.30769230769,318.2309347353452
0.19,0.03,27692.30769230769,318.3936029401541
0.21,0.03,27692.30769230769,318.3936029401542
0.23,0.03,27692.30769230769,318.2309347353452
0.25,0.03,27692.30769230769,317.9012081147283
0.27,0.03,27692.30769230769,317.3957226960385
0.29,0.03,27692.30769230769,316.7015141509197
0.31,0.03,27692.30769230769,315.80108553858884
0.33,0.03,27692.30769230769,314.67122706605227
0.35,0.03,27692.30769230769,313.279655418401
0.37,0.03,27692.30769230769,311.576745214243
0.39,0.03,27692.30769230769,309.4769023552431
0.01,0.05,27692.30769230769,310.07022388814823
0.03,0.05,27692.30769230769,313.2796554184009
0.05,0.05,27692.30769230769,315.9567303956241
0.07,0.05,27692.30769230769,318.17567256782985
0.09,0.05,27692.30769230769,319.9907017841992
0.11,0.05,27692.30769230769,321.44308762174853
0.13,0.05,27692.30769230769,322.5655050055375
0.15,0.05,27692.30769230769,323.38396200792283
0.17,0.05,27692.30769230769,323.9182987416943
0.19,0.05,27692.30769230769,324.18203225606663
0.21,0.05,27692.30769230769,324.1820322560667
0.23,0.05,27692.30769230769,323.91829874169434
0.25,0.05,27692.30769230769,323.3839620079229
0.27,0.05,27692.30769230769,322.5655050055376
0.29,0.05,27692.30769230769,321.44308762174865
0.31,0.05,27692.30769230769,319.99070178419936
0.33,0.05,27692.30769230769,318.1756725678299
0.35,0.05,27692.30769230769,315.95673039562416
0.37,0.05,27692.30769230769,313.2796554184009
0.39,0.05,27692.30769230769,310.07022388814823
0.01,0.07,27692.30769230769,310.5470628239107
0.03,0.07,27692.30769230769,314.6712270660522
0.05,0.07,27692.30769230769,318.17567256782985
0.07,0.07,27692.30769230769,321.1134325145194
0.09,0.07,27692.30769230769,323.5329681090247
0.11,0.07,27692.30769230769,325.4772586414496
0.13,0.07,27692.30769230769,326.98379567408455
0.15,0.07,27692.30769230769,328.0841801087917
0.17,0.07,27692.30769230769,328.80331075567
0.19,0.07,27692.30769230769,329.15845124250416
0.21,0.07,27692.30769230769,329.15845124250416
0.23,0.07,27692.30769230769,328.80331075567
0.25,0.07,27692.30769230769,328.08418010879177
0.27,0.07,27692.30769230769,326.98379567408466
0.29,0.07,27692.30769230769,325.4772586414498
0.31,0.07,27692.30769230769,323.5329681090248
0.33,0.07,27692.30769230769,321.11343251451945
0.35,0.07,27692.30769230769,318.17567256782985
0.37,0.07,27692.30769230769,314.6712270660521
0.39,0.07,27692.30769230769,310.54706282391066
0.01,0.09,27692.30769230769,310.9316998042616
0.03,0.09,27692.30769230769,315.8010855385888
0.05,0.09,27692.30769230769,319.99070178419925
0.07,0.09,27692.30769230769,323.53296810902475
0.09,0.09,27692.30769230769,326.4671129702333
0.11,0.09,27692.30769230769,328.8339237383651
0.13,0.09,27692.30769230769,330.67248938250435
0.15,0.09,27692.30769230769,332.01761807388823
0.17,0.09,27692.30769230769,332.8976137321793
0.19,0.09,27692.30769230769,333.3324475840837
0.21,0.09,27692.30769230769,333.3324475840837
0.23,0.09,27692.30769230769,332.89761373217937
0.25,0.09,27692.30769230769,332.0176180738883
0.27,0.09,27692.30769230769,330.6724893825044
0.29,0.09,27692.30769230769,328.83392373836523
0.31,0.09,27692.30769230769,326.46711297023336
0.33,0.09,27692.30769230769,323.53296810902475
0.35,0.09,27692.30769230769,319.99070178419925
0.37,0.09,27692.30769230769,315.8010855385887
0.39,0.09,27692.30769230769,310.9316998042616
0.01,0.11,27692.30769230769,311.2373170556945
0.03,0.11,27692.30769230769,316.7015141509197
0.05,0.11,27692.30769230769,321.44308762174865
0.07,0.11,27692.30769230769,325.47725864144974
0.09,0.11,27692.30769230769,328.8339237383652
0.11,0.11,27692.30769230769,331.5501534522049
0.13,0.11,27692.30769230769,333.6648014909064
0.15,0.11,27692.30769230769,335.21423003649335
0.17,0.11,27692.30769230769,336.2288558815819
0.19,0.11,27692.30769230769,336.7304847922606
0.21,0.11,27692.30769230769,336.7304847922606
0.23,0.11,27692.30769230769,336.228855881582
0.25,0.11,27692.30769230769,335.21423003649335
0.27,0.11,27692.30769230769,333.6648014909063
0.29,0.11,27692.30769230769,331.5501534522049
0.31,0.11,27692.30769230769,328.8339237383652
0.33,0.11,27692.30769230769,325.4772586414496
0.35,0.11,27692.30769230769,321.44308762174853
0.37,0.11,27692.30769230769,316.7015141509196
0.39,0.11,27692.30769230769,311.23731705569446
0.01,0.13,27692.30769230769,311.472570908433
0.03,0.13,27692.30769230769,317.3957226960386
0.05,0.13,27692.30769230769,322.5655050055376
0.07,0.13,27692.30769230769,326.9837956740846
0.09,0.13,27692.30769230769,330.67248938250435
0.11,0.13,27692.30769230769,333.6648014909063
0.13,0.13,27692.30769230769,335.9985375294007
0.15,0.13,27692.30769230769,337.7106171101781
0.17,0.13,27692.30769230769,338.83266572360986
0.19,0.13,27692.30769230769,339.38765990708606
0.21,0.13,27692.30769230769,339.387659907086
0.23,0.13,27692.30769230769,338.8326657236098
0.25,0.13,27692.30769230769,337.7106171101781
0.27,0.13,27692.30769230769,335.99853752940066
0.29,0.13,27692.30769230769,333.6648014909063
0.31,0.13,27692.30769230769,330.67248938250435
0.33,0.13,27692.30769230769,326.98379567408455
0.35,0.13,27692.30769230769,322.5655050055375
0.37,0.13,27692.30769230769,317.39572269603843
0.39,0.13,27692.30769230769,311.47257090843294
0.01,0.15,27692.30769230769,311.6437150748808
0.03,0.15,27692.30769230769,317.9012081147284
0.05,0.15,27692.30769230769,323.3839620079229
0.07,0.15,27692.30769230769,328.08418010879177
0.09,0.15,27692.30769230769,332.0176180738883
0.11,0.15,27692.30769230769,335.21423003649335
0.13,0.15,27692.30769230769,337.710617110178
0.15,0.15,27692.30769230769,339.54375139463247
0.17,0.15,27692.30769230769,340.74589096924484
0.19,0.15,27692.30769230769,341.3407137991772
0.21,0.15,27692.30769230769,341.3407137991772
0.23,0.15,27692.30769230769,340.7458909692448
0.25,0.15,27692.30769230769,339.54375139463247
0.27,0.15,27692.30769230769,337.710617110178
0.29,0.15,27692.30769230769,335.2142300364933
0.31,0.15,27692.30769230769,332.01761807388823
0.33,0.15,27692.30769230769,328.0841801087917
0.35,0.15,27692.30769230769,323.3839620079228
0.37,0.15,27692.30769230769,317.9012081147282
0.39,0.15,27692.30769230769,311.6437150748807
0.01,0.17,27692.30769230769,311.755292034328
0.03,0.17,27692.30769230769,318.2309347353452
0.05,0.17,27692.30769230769,323.91829874169434
0.07,0.17,27692.30769230769,328.80331075567005
0.09,0.17,27692.30769230769,332.89761373217937
0.11,0.17,27692.30769230769,336.228855881582
0.13,0.17,27692.30769230769,338.8326657236098
0.15,0.17,27692.30769230769,340.7458909692448
0.17,0.17,27692.30769230769,342.0010859635288
0.19,0.17,27692.30769230769,342.622312608668
0.21,0.17,27692.30769230769,342.62231260866804
0.23,0.17,27692.30769230769,342.00108596352885
0.25,0.17,27692.30769230769,340.7458909692448
0.27,0.17,27692.30769230769,338.8326657236098
0.29,0.17,27692.30769230769,336.2288558815819
0.31,0.17,27692.30769230769,332.89761373217937
0.33,0.17,27692.30769230769,328.80331075566994
0.35,0.17,27692.30769230769,323.91829874169423
0.37,0.17,27692.30769230769,318.2309347353451
0.39,0.17,27692.30769230769,311.7552920343279
0.01,0.19,27692.30769230769,311.81032177637064
0.03,0.19,27692.30769230769,318.3936029401541
0.05,0.19,27692.30769230769,324.1820322560667
0.07,0.19,27692.30769230769,329.1584512425042
0.09,0.19,27692.30769230769,333.3324475840838
0.11,0.19,27692.30769230769,336.7304847922606
0.13,0.19,27692.30769230769,339.38765990708606
0.15,0.19,27692.30769230769,341.3407137991772
0.17,0.19,27692.30769230769,342.622312608668
0.19,0.19,27692.30769230769,343.2566854167555
0.21,0.19,27692.30769230769,343.25668541675554
0.23,0.19,27692.30769230769,342.62231260866804
0.25,0.19,27692.30769230769,341.34071379917725
0.27,0.19,27692.30769230769,339.38765990708606
0.29,0.19,27692.30769230769,336.73048479226065
0.31,0.19,27692.30769230769,333.3324475840838
0.33,0.19,27692.30769230769,329.15845124250416
0.35,0.19,27692.30769230769,324.1820322560666
0.37,0.19,27692.30769230769,318.3936029401541
0.39,0.19,27692.30769230769,311.81032177637064
0.01,0.21,27692.30769230769,311.81032177637064
0.03,0.21,27692.30769230769,318.3936029401541
0.05,0.21,27692.30769230769,324.1820322560667
0.07,0.21,27692.30769230769,329.1584512425042
0.09,0.21,27692.30769230769,333.3324475840838
0.11,0.21,27692.30769230769,336.7304847922606
0.13,0.21,27692.30769230769,339.387659907086
0.15,0.21,27692.30769230769,341.3407137991772
0.17,0.21,27692.30769230769,342.622312608668
0.19,0.21,27692.30769230769,343.25668541675554
0.21,0.21,27692.30769230769,343.25668541675554
0.23,0.21,27692.30769230769,342.6223126086681
0.25,0.21,27692.30769230769,341.34071379917725
0.27,0.21,27692.30769230769,339.38765990708606
0.29,0.21,27692.30769230769,336.7304847922606
0.31,0.21,27692.30769230769,333.3324475840838
0.33,0.21,27692.30769230769,329.1584512425041
0.35,0.21,27692.30769230769,324.18203225606663
0.37,0.21,27692.30769230769,318.3936029401541
0.39,0.21,27692.30769230769,311.81032177637064
0.01,0.23,27692.30769230769,311.7552920343279
0.03,0.23,27692.30769230769,318.2309347353452
0.05,0.23,27692.30769230769,323.91829874169434
0.07,0.23,27692.30769230769,328.80331075567
0.09,0.23,27692.30769230769,332.8976137321794
0.11,0.23,27692.30769230769,336.228855881582
0.13,0.23,27692.30769230769,338.8326657236098
0.15,0.23,27692.30769230769,340.74589096924484
0.17,0.23,27692.30769230769,342.00108596352885
0.19,0.23,27692.30769230769,342.622312608668
0.21,0.23,27692.30769230769,342.62231260866804
0.23,0.23,27692.30769230769,342.00108596352885
0.25,0.23,27692.30769230769,340.74589096924484
0.27,0.23,27692.30769230769,338.83266572360986
0.29,0.23,27692.30769230769,336.228855881582
0.31,0.23,27692.30769230769,332.89761373217937
0.33,0.23,27692.30769230769,328.80331075567
0.35,0.23,27692.30769230769,323.9182987416943
0.37,0.23,27692.30769230769,318.2309347353452
0.39,0.23,27692.30769230769,311.7552920343279
0.01,0.25,27692.30769230769,311.6437150748807
0.03,0.25,27692.30769230769,317.90120811472826
0.05,0.25,27692.30769230769,323.38396200792283
0.07,0.25,27692.30769230769,328.08418010879177
0.09,0.25,27692.30769230769,332.01761807388834
0.11,0.25,27692.30769230769,335.2142300364934
0.13,0.25,27692.30769230769,337.7106171101781
0.15,0.25,27692.30769230769,339.5437513946325
0.17,0.25,27692.30769230769,340.74589096924484
0.19,0.25,27692.30769230769,341.3407137991772
0.21,0.25,27692.30769230769,341.3407137991772
0.23,0.25,27692.30769230769,340.74589096924484
0.25,0.25,27692.30769230769,339.5437513946325
0.27,0.25,27692.30769230769,337.7106171101781
0.29,0.25,27692.30769230769,335.2142300364933
0.31,0.25,27692.30769230769,332.0176180738883
0.33,0.25,27692.30769230769,328.0841801087917
0.35,0.25,27692.30769230769,323.3839620079229
0.37,0.25,27692.30769230769,317.90120811472826
0.39,0.25,27692.30769230769,311.6437150748807
0.01,0.27,27692.30769230769,311.47257090843294
0.03,0.27,27692.30769230769,317.3957226960385
0.05,0.27,27692.30769230769,322.56550500553755
0.07,0.27,27692.30769230769,326.9837956740846
0.09,0.27,27692.30769230769,330.67248938250447
0.11,0.27,27692.30769230769,333.6648014909064
0.13,0.27,27692.30769230769,335.9985375294008
0.15,0.27,27692.30769230769,337.7106171101781
0.17,0.27,27692.30769230769,338.83266572360986
0.19,0.27,27692.30769230769,339.38765990708606
0.21,0.27,27692.30769230769,339.38765990708606
0.23,0.27,27692.30769230769,338.8326657236098
0.25,0.27,27692.30769230769,337.710617110178
0.27,0.27,27692.30769230769,335.9985375294007
0.29,0.27,27692.30769230769,333.6648014909063
0.31,0.27,27692.30769230769,330.67248938250447
0.33,0.27,27692.30769230769,326.9837956740846
0.35,0.27,27692.30769230769,322.5655050055376
0.37,0.27,27692.30769230769,317.39572269603855
0.39,0.27,27692.30769230769,311.47257090843294
0.01,0.29,27692.30769230769,311.2373170556945
0.03,0.29,27692.30769230769,316.7015141509197
0.05,0.29,27692.30769230769,321.44308762174865
0.07,0.29,27692.30769230769,325.47725864144974
0.09,0.29,27692.30769230769,328.83392373836523
0.11,0.29,27692.30769230769,331.550153452205
0.13,0.29,27692.30769230769,333.6648014909064
0.15,0.29,27692.30769230769,335.2142300364934
0.17,0.29,27692.30769230769,336.228855881582
0.19,0.29,27692.30769230769,336.7304847922606
0.21,0.29,27692.30769230769,336.7304847922606
0.23,0.29,27692.30769230769,336.2288558815819
0.25,0.29,27692.30769230769,335.2142300364933
0.27,0.29,27692.30769230769,333.6648014909063
0.29,0.29,27692.30769230769,331.5501534522049
0.31,0.29,27692.30769230769,328.8339237383652
0.33,0.29,27692.30769230769,325.47725864144974
0.35,0.29,27692.30769230769,321.4430876217486
0.37,0.29,27692.30769230769,316.7015141509197
0.39,0.29,27692.30769230769,311.2373170556945
0.01,0.31,27692.30769230769,310.9316998042616
0.03,0.31,27692.30769230769,315.8010855385888
0.05,0.31,27692.30769230769,319.9907017841993
0.07,0.31,27692.30769230769,323.5329681090248
0.09,0.31,27692.30769230769,326.46711297023336
0.11,0.31,27692.30769230769,328.83392373836523
0.13,0.31,27692.30769230769,330.67248938250447
0.15,0.31,27692.30769230769,332.01761807388834
0.17,0.31,27692.30769230769,332.89761373217937
0.19,0.31,27692.30769230769,333.3324475840838
0.21,0.31,27692.30769230769,333.3324475840838
0.23,0.31,27692.30769230769,332.8976137321793
0.25,0.31,27692.30769230769,332.01761807388823
0.27,0.31,27692.30769230769,330.6724893825044
0.29,0.31,27692.30769230769,328.8339237383652
0.31,0.31,27692.30769230769,326.46711297023336
0.33,0.31,27692.30769230769,323.5329681090248
0.35,0.31,27692.30769230769,319.99070178419925
0.37,0.31,27692.30769230769,315.8010855385888
0.39,0.31,27692.30769230769,310.9316998042616
0.01,0.33,27692.30769230769,310.5470628239107
0.03,0.33,27692.30769230769,314.6712270660522
0.05,0.33,27692.30769230769,318.1756725678299
0.07,0.33,27692.30769230769,321.11343251451945
0.09,0.33,27692.30769230769,323.53296810902475
0.11,0.33,27692.30769230769,325.47725864144974
0.13,0.33,27692.30769230769,326.98379567408466
0.15,0.33,27692.30769230769,328.0841801087918
0.17,0.33,27692.30769230769,328.80331075567005
0.19,0.33,27692.30769230769,329.15845124250416
0.21,0.33,27692.30769230769,329.15845124250416
0.23,0.33,27692.30769230769,328.80331075567
0.25,0.33,27692.30769230769,328.0841801087917
0.27,0.33,27692.30769230769,326.9837956740846
0.29,0.33,27692.30769230769,325.4772586414497
0.31,0.33,27692.30769230769,323.53296810902475
0.33,0.33,27692.30769230769,321.11343251451945
0.35,0.33,27692.30769230769,318.1756725678299
0.37,0.33,27692.30769230769,314.6712270660522
0.39,0.33,27692.30769230769,310.5470628239107
0.01,0.35,27692.30769230769,310.0702238881482
0.03,0.35,27692.30769230769,313.2796554184009
0.05,0.35,27692.30769230769,315.95673039562416
0.07,0.35,27692.30769230769,318.17567256782985
0.09,0.35,27692.30769230769,319.99070178419925
0.11,0.35,27692.30769230769,321.4430876217486
0.13,0.35,27692.30769230769,322.5655050055376
0.15,0.35,27692.30769230769,323.3839620079229
0.17,0.35,27692.30769230769,323.91829874169434
0.19,0.35,27692.30769230769,324.18203225606663
0.21,0.35,27692.30769230769,324.18203225606663
0.23,0.35,27692.30769230769,323.9182987416943
0.25,0.35,27692.30769230769,323.38396200792283
0.27,0.35,27692.30769230769,322.56550500553755
0.29,0.35,27692.30769230769,321.44308762174853
0.31,0.35,27692.30769230769,319.99070178419925
0.33,0.35,27692.30769230769,318.1756725678299
0.35,0.35,27692.30769230769,315.95673039562416
0.37,0.35,27692.30769230769,313.2796554184009
0.39,0.35,27692.30769230769,310.07022388814823
0.01,0.37,27692.30769230769,309.4769023552431
0.03,0.37,27692.30769230769,311.5767452142429
0.05,0.37,27692.30769230769,313.2796554184009
0.07,0.37,27692.30769230769,314.6712270660522
0.09,0.37,27692.30769230769,315.8010855385888
0.11,0.37,27692.30769230769,316.7015141509197
0.13,0.37,27692.30769230769,317.39572269603855
0.15,0.37,27692.30769230769,317.90120811472826
0.17,0.37,27692.30769230769,318.2309347353452
0.19,0.37,27692.30769230769,318.3936029401541
0.21,0.37,27692.30769230769,318.3936029401541
0.23,0.37,27692.30769230769,318.2309347353452
0.25,0.37,27692.30769230769,317.90120811472826
0.27,0.37,27692.30769230769,317.3957226960385
0.29,0.37,27692.30769230769,316.70151415091965
0.31,0.37,27692.30769230769,315.8010855385887
0.33,0.37,27692.30769230769,314.6712270660522
0.35,0.37,27692.30769230769,313.2796554184009
0.37,0.37,27692.30769230769,311.5767452142429
0.39,0.37,27692.30769230769,309.4769023552431
0.01,0.39,27692.30769230769,308.70936508279215
0.03,0.39,27692.30769230769,309.4769023552431
0.05,0.39,27692.30769230769,310.07022388814823
0.07,0.39,27692.30769230769,310.5470628239107
0.09,0.39,27692.30769230769,310.9316998042616
0.11,0.39,27692.30769230769,311.2373170556945
0.13,0.39,27692.30769230769,311.47257090843294
0.15,0.39,27692.30769230769,311.6437150748807
0.17,0.39,27692.30769230769,311.7552920343279
0.19,0.39,27692.30769230769,311.81032177637064
0.21,0.39,27692.30769230769,311.81032177637064
0.23,0.39,27692.30769230769,311.7552920343279
0.25,0.39,27692.30769230769,311.6437150748807
0.27,0.39,27692.30769230769,311.47257090843294
0.29,0.39,27692.30769230769,311.23731705569446
0.31,0.39,27692.30769230769,310.93169980426154
0.33,0.39,27692.30769230769,310.54706282391066
0.35,0.39,27692.30769230769,310.07022388814823
0.37,0.39,27692.30769230769,309.4769023552431
0.39,0.39,27692.30769230769,308.7093650827921
0.01,0.01,29538.46153846154,308.67323735674915
0.03,0.01,29538.46153846154,309.39697687960955
0.05,0.01,29538.46153846154,309.9610335518061
0.07,0.01,29538.46153846154,310.41810301235097
0.09,0.01,29538.46153846154,310.7898252497063
0.11,0.01,29538.46153846154,311.08751851984016
0.13,0.01,29538.46153846154,311.3183344719584
0.15,0.01,29538.46153846154,311.4872906750936
0.17,0.01,29538.46153846154,311.59796552117064
0.19,0.01,29538.46153846154,311.6527141153789
0.21,0.01,29538.46153846154,311.6527141153789
0.23,0.01,29538.46153846154,311.59796552117064
0.25,0.01,29538.46153846154,311.4872906750935
0.27,0.01,29538.46153846154,311.3183344719584
0.29,0.01,29538.46153846154,311.08751851984016
0.31,0.01,29538.46153846154,310.7898252497064
0.33,0.01,29538.46153846154,310.41810301235097
0.35,0.01,29538.46153846154,309.9610335518061
0.37,0.01,29538.46153846154,309.39697687960955
0.39,0.01,29538.46153846154,308.67323735674915
0.01,0.03,29538.46153846154,309.39697687960955
0.03,0.03,29538.46153846154,311.3823377875846
0.05,0.03,29538.46153846154,313.0039964325713
0.07,0.03,29538.46153846154,314.33947809815135
0.09,0.03,29538.46153846154,315.4324126917932
0.11,0.03,29538.46153846154,316.31014663541345
0.13,0.03,29538.46153846154,316.9916695205886
0.15,0.03,29538.46153846154,317.4909380025457
0.17,0.03,29538.46153846154,317.81813276936464
0.19,0.03,29538.46153846154,317.9800279748654
0.21,0.03,29538.46153846154,317.9800279748654
0.23,0.03,29538.46153846154,317.8181327693646
0.25,0.03,29538.46153846154,317.4909380025457
0.27,0.03,29538.46153846154,316.9916695205886
0.29,0.03,29538.46153846154,316.3101466354135
0.31,0.03,29538.46153846154,315.4324126917932
0.33,0.03,29538.46153846154,314.3394780981514
0.35,0.03,29538.46153846154,313.00399643257134
0.37,0.03,29538.46153846154,311.3823377875846
0.39,0.03,29538.46153846154,309.39697687960955
0.01,0.05,29538.46153846154,309.9610335518061
0.03,0.05,29538.46153846154,313.00399643257134
0.05,0.05,29538.46153846154,315.5590327000309
0.07,0.05,29538.46153846154,317.6924313252475
0.09,0.05,29538.46153846154,319.4508326703208
0.11,0.05,29538.46153846154,320.86844852811527
0.13,0.05,29538.46153846154,321.9715760539384
0.15,0.05,29538.46153846154,322.7807398198807
0.17,0.05,29538.46153846154,323.31142055028363
0.19,0.05,29538.46153846154,323.5741035622967
0.21,0.05,29538.46153846154,323.5741035622967
0.23,0.05,29538.46153846154,323.3114205502836
0.25,0.05,29538.46153846154,322.78073981988064
0.27,0.05,29538.46153846154,321.97157605393846
0.29,0.05,29538.46153846154,320.8684485281154
0.31,0.05,29538.46153846154,319.4508326703208
0.33,0.05,29538.46153846154,317.6924313252475
0.35,0.05,29538.46153846154,315.55903270003097
0.37,0.05,29538.46153846154,313.0039964325713
0.39,0.05,29538.46153846154,309.9610335518061
0.01,0.07,29538.46153846154,310.41810301235097
0.03,0.07,29538.46153846154,314.3394780981514
0.05,0.07,29538.46153846154,317.6924313252476
0.07,0.07,29538.46153846154,320.5229975486869
0.09,0.07,29538.46153846154,322.8714256072889
0.11,0.07,29538.46153846154,324.7722673277152
0.13,0.07,29538.46153846154,326.2550328280617
0.15,0.07,29538.46153846154,327.3443022431345
0.17,0.07,29538.46153846154,328.0593302271636
0.19,0.07,29538.46153846154,328.4134339313108
0.21,0.07,29538.46153846154,328.4134339313108
0.23,0.07,29538.46153846154,328.0593302271636
0.25,0.07,29538.46153846154,327.3443022431345
0.27,0.07,29538.46153846154,326.25503282806176
0.29,0.07,29538.46153846154,324.7722673277152
0.31,0.07,29538.46153846154,322.871425607289
0.33,0.07,29538.46153846154,320.52299754868693
0.35,0.07,29538.46153846154,317.6924313252475
0.37,0.07,29538.46153846154,314.3394780981514
0.39,0.07,29538.46153846154,310.41810301235097
0.01,0.09,29538.46153846154,310.7898252497064
0.03,0.09,29538.46153846154,315.4324126917933
0.05,0.09,29538.46153846154,319.4508326703208
0.07,0.09,29538.46153846154,322.871425607289
0.09,0.09,29538.46153846154,325.7249850310321
0.11,0.09,29538.46153846154,328.04299286872333
0.13,0.09,29538.46153846154,329.8554023650816
0.15,0.09,29538.46153846154,331.1888347561496
0.17,0.09,29538.46153846154,332.0649482607918
0.19,0.09,29538.46153846154,332.4990443094043
0.21,0.09,29538.46153846154,332.4990443094043
0.23,0.09,29538.46153846154,332.0649482607918
0.25,0.09,29538.46153846154,331.1888347561496
0.27,0.09,29538.46153846154,329.8554023650816
0.29,0.09,29538.46153846154,328.04299286872333
0.31,0.09,29538.46153846154,325.724985031032
0.33,0.09,29538.46153846154,322.8714256072889
0.35,0.09,29538.46153846154,319.4508326703207
0.37,0.09,29538.46153846154,315.4324126917932
0.39,0.09,29538.46153846154,310.7898252497064
0.01,0.11,29538.46153846154,311.0875185198402
0.03,0.11,29538.46153846154,316.3101466354136
0.05,0.11,29538.46153846154,320.8684485281154
0.07,0.11,29538.46153846154,324.7722673277152
0.09,0.11,29538.46153846154,328.04299286872333
0.11,0.11,29538.46153846154,330.7078172605805
0.13,0.11,29538.46153846154,332.79564186206693
0.15,0.11,29538.46153846154,334.3337846687001
0.17,0.11,29538.46153846154,335.3452646763444
0.19,0.11,29538.46153846154,335.84666820834394
0.21,0.11,29538.46153846154,335.84666820834394
0.23,0.11,29538.46153846154,335.3452646763444
0.25,0.11,29538.46153846154,334.3337846687001
0.27,0.11,29538.46153846154,332.79564186206693
0.29,0.11,29538.46153846154,330.7078172605805
0.31,0.11,29538.46153846154,328.0429928687233
0.33,0.11,29538.46153846154,324.7722673277152
0.35,0.11,29538.46153846154,320.8684485281153
0.37,0.11,29538.46153846154,316.31014663541345
0.39,0.11,29538.46153846154,311.0875185198401
0.01,0.13,29538.46153846154,311.31833447195845
0.03,0.13,29538.46153846154,316.99166952058863
0.05,0.13,29538.46153846154,321.97157605393846
0.07,0.13,29538.46153846154,326.2550328280618
0.09,0.13,29538.46153846154,329.85540236508166
0.11,0.13,29538.46153846154,332.79564186206693
0.13,0.13,29538.46153846154,335.10303739294824
0.15,0.13,29538.46153846154,336.80485416610486
0.17,0.13,29538.46153846154,337.92477644923235
0.19,0.13,29538.46153846154,338.48016066166866
0.21,0.13,29538.46153846154,338.4801606616686
0.23,0.13,29538.46153846154,337.92477644923235
0.25,0.13,29538.46153846154,336.80485416610475
0.27,0.13,29538.46153846154,335.1030373929482
0.29,0.13,29538.46153846154,332.79564186206693
0.31,0.13,29538.46153846154,329.85540236508155
0.33,0.13,29538.46153846154,326.2550328280617
0.35,0.13,29538.46153846154,321.97157605393835
0.37,0.13,29538.46153846154,316.9916695205885
0.39,0.13,29538.46153846154,311.31833447195834
0.01,0.15,29538.46153846154,311.4872906750936
0.03,0.15,29538.46153846154,317.49093800254576
0.05,0.15,29538.46153846154,322.7807398198807
0.07,0.15,29538.46153846154,327.34430224313456
0.09,0.15,29538.46153846154,331.1888347561497
0.11,0.15,29538.46153846154,334.33378466870016
0.13,0.15,29538.46153846154,336.80485416610486
0.15,0.15,29538.46153846154,338.6289467703505
0.17,0.15,29538.46153846154,339.83000695976926
0.19,0.15,29538.46153846154,340.425816365506
0.21,0.15,29538.46153846154,340.425816365506
0.23,0.15,29538.46153846154,339.83000695976915
0.25,0.15,29538.46153846154,338.6289467703504
0.27,0.15,29538.46153846154,336.8048541661048
0.29,0.15,29538.46153846154,334.3337846687001
0.31,0.15,29538.46153846154,331.1888347561496
0.33,0.15,29538.46153846154,327.34430224313445
0.35,0.15,29538.46153846154,322.78073981988064
0.37,0.15,29538.46153846154,317.4909380025457
0.39,0.15,29538.46153846154,311.4872906750935
0.01,0.17,29538.46153846154,311.5979655211707
0.03,0.17,29538.46153846154,317.8181327693646
0.05,0.17,29538.46153846154,323.31142055028363
0.07,0.17,29538.46153846154,328.0593302271636
0.09,0.17,29538.46153846154,332.0649482607919
0.11,0.17,29538.46153846154,335.34526467634447
0.13,0.17,29538.46153846154,337.9247764492324
0.15,0.17,29538.46153846154,339.8300069597692
0.17,0.17,29538.46153846154,341.0849657269497
0.19,0.17,29538.46153846154,341.707646166282
0.21,0.17,29538.46153846154,341.707646166282
0.23,0.17,29538.46153846154,341.08496572694963
0.25,0.17,29538.46153846154,339.8300069597692
0.27,0.17,29538.46153846154,337.92477644923235
0.29,0.17,29538.46153846154,335.34526467634447
0.31,0.17,29538.46153846154,332.0649482607918
0.33,0.17,29538.46153846154,328.0593302271636
0.35,0.17,29538.46153846154,323.3114205502836
0.37,0.17,29538.46153846154,317.8181327693645
0.39,0.17,29538.46153846154,311.5979655211706
0.01,0.19,29538.46153846154,311.6527141153789
0.03,0.19,29538.46153846154,317.9800279748653
0.05,0.19,29538.46153846154,323.57410356229667
0.07,0.19,29538.46153846154,328.4134339313108
0.09,0.19,29538.46153846154,332.4990443094043
0.11,0.19,29538.46153846154,335.846668208344
0.13,0.19,29538.46153846154,338.48016066166866
0.15,0.19,29538.46153846154,340.4258163655059
0.17,0.19,29538.46153846154,341.707646166282
0.19,0.19,29538.46153846154,342.34372825001776
0.21,0.19,29538.46153846154,342.34372825001776
0.23,0.19,29538.46153846154,341.707646166282
0.25,0.19,29538.46153846154,340.425816365506
0.27,0.19,29538.46153846154,338.4801606616687
0.29,0.19,29538.46153846154,335.846668208344
0.31,0.19,29538.46153846154,332.4990443094044
0.33,0.19,29538.46153846154,328.4134339313108
0.35,0.19,29538.46153846154,323.57410356229667
0.37,0.19,29538.46153846154,317.98002797486527
0.39,0.19,29538.46153846154,311.6527141153789
0.01,0.21,29538.46153846154,311.6527141153789
0.03,0.21,29538.46153846154,317.9800279748653
0.05,0.21,29538.46153846154,323.57410356229667
0.07,0.21,29538.46153846154,328.4134339313108
0.09,0.21,29538.46153846154,332.4990443094043
0.11,0.21,29538.46153846154,335.84666820834394
0.13,0.21,29538.46153846154,338.4801606616686
0.15,0.21,29538.46153846154,340.4258163655059
0.17,0.21,29538.46153846154,341.707646166282
0.19,0.21,29538.46153846154,342.3437282500178
0.21,0.21,29538.46153846154,342.34372825001776
0.23,0.21,29538.46153846154,341.707646166282
0.25,0.21,29538.46153846154,340.425816365506
0.27,0.21,29538.46153846154,338.4801606616687
0.29,0.21,29538.46153846154,335.84666820834406
0.31,0.21,29538.46153846154,332.4990443094044
0.33,0.21,29538.46153846154,328.4134339313108
0.35,0.21,29538.46153846154,323.5741035622967
0.37,0.21,29538.46153846154,317.98002797486527
0.39,0.21,29538.46153846154,311.6527141153789
0.01,0.23,29538.46153846154,311.59796552117064
0.03,0.23,29538.46153846154,317.8181327693645
0.05,0.23,29538.46153846154,323.3114205502836
0.07,0.23,29538.46153846154,328.0593302271636
0.09,0.23,29538.46153846154,332.0649482607918
0.11,0.23,29538.46153846154,335.3452646763444
0.13,0.23,29538.46153846154,337.9247764492323
0.15,0.23,29538.46153846154,339.83000695976915
0.17,0.23,29538.46153846154,341.08496572694963
0.19,0.23,29538.46153846154,341.707646166282
0.21,0.23,29538.46153846154,341.707646166282
0.23,0.23,29538.46153846154,341.08496572694963
0.25,0.23,29538.46153846154,339.8300069597692
0.27,0.23,29538.46153846154,337.9247764492324
0.29,0.23,29538.46153846154,335.34526467634447
0.31,0.23,29538.46153846154,332.0649482607919
0.33,0.23,29538.46153846154,328.0593302271636
0.35,0.23,29538.46153846154,323.31142055028363
0.37,0.23,29538.46153846154,317.8181327693646
0.39,0.23,29538.46153846154,311.59796552117064
0.01,0.25,29538.46153846154,311.4872906750935
0.03,0.25,29538.46153846154,317.49093800254565
0.05,0.25,29538.46153846154,322.78073981988064
0.07,0.25,29538.46153846154,327.3443022431345
0.09,0.25,29538.46153846154,331.1888347561496
0.11,0.25,29538.46153846154,334.3337846687001
0.13,0.25,29538.46153846154,336.80485416610475
0.15,0.25,29538.46153846154,338.6289467703504
0.17,0.25,29538.46153846154,339.83000695976915
0.19,0.25,29538.46153846154,340.425816365506
0.21,0.25,29538.46153846154,340.425816365506
0.23,0.25,29538.46153846154,339.8300069597692
0.25,0.25,29538.46153846154,338.62894677035047
0.27,0.25,29538.46153846154,336.8048541661048
0.29,0.25,29538.46153846154,334.33378466870016
0.31,0.25,29538.46153846154,331.1888347561497
0.33,0.25,29538.46153846154,327.3443022431345
0.35,0.25,29538.46153846154,322.78073981988075
0.37,0.25,29538.46153846154,317.4909380025457
0.39,0.25,29538.46153846154,311.4872906750936
0.01,0.27,29538.46153846154,311.3183344719583
0.03,0.27,29538.46153846154,316.9916695205885
0.05,0.27,29538.46153846154,321.9715760539384
0.07,0.27,29538.46153846154,326.25503282806176
0.09,0.27,29538.46153846154,329.85540236508166
0.11,0.27,29538.46153846154,332.79564186206693
0.13,0.27,29538.46153846154,335.1030373929482
0.15,0.27,29538.46153846154,336.80485416610475
0.17,0.27,29538.46153846154,337.92477644923235
0.19,0.27,29538.46153846154,338.4801606616687
0.21,0.27,29538.46153846154,338.4801606616687
0.23,0.27,29538.46153846154,337.9247764492324
0.25,0.27,29538.46153846154,336.8048541661048
0.27,0.27,29538.46153846154,335.10303739294824
0.29,0.27,29538.46153846154,332.79564186206704
0.31,0.27,29538.46153846154,329.8554023650817
0.33,0.27,29538.46153846154,326.25503282806187
0.35,0.27,29538.46153846154,321.97157605393846
0.37,0.27,29538.46153846154,316.9916695205886
0.39,0.27,29538.46153846154,311.31833447195834
0.01,0.29,29538.46153846154,311.0875185198401
0.03,0.29,29538.46153846154,316.3101466354135
0.05,0.29,29538.46153846154,320.8684485281154
0.07,0.29,29538.46153846154,324.7722673277152
0.09,0.29,29538.46153846154,328.0429928687234
0.11,0.29,29538.46153846154,330.7078172605805
0.13,0.29,29538.46153846154,332.795641862067
0.15,0.29,29538.46153846154,334.33378466870016
0.17,0.29,29538.46153846154,335.3452646763445
0.19,0.29,29538.46153846154,335.84666820834406
0.21,0.29,29538.46153846154,335.846668208344
0.23,0.29,29538.46153846154,335.34526467634447
0.25,0.29,29538.46153846154,334.33378466870016
0.27,0.29,29538.46153846154,332.79564186206704
0.29,0.29,29538.46153846154,330.7078172605805
0.31,0.29,29538.46153846154,328.0429928687234
0.33,0.29,29538.46153846154,324.7722673277153
0.35,0.29,29538.46153846154,320.86844852811544
0.37,0.29,29538.46153846154,316.3101466354136
0.39,0.29,29538.46153846154,311.08751851984016
0.01,0.31,29538.46153846154,310.7898252497064
0.03,0.31,29538.46153846154,315.4324126917933
0.05,0.31,29538.46153846154,319.45083267032084
0.07,0.31,29538.46153846154,322.8714256072889
0.09,0.31,29538.46153846154,325.7249850310321
0.11,0.31,29538.46153846154,328.0429928687234
0.13,0.31,29538.46153846154,329.85540236508166
0.15,0.31,29538.46153846154,331.1888347561496
0.17,0.31,29538.46153846154,332.0649482607919
0.19,0.31,29538.46153846154,332.4990443094044
0.21,0.31,29538.46153846154,332.4990443094044
0.23,0.31,29538.46153846154,332.0649482607919
0.25,0.31,29538.46153846154,331.1888347561497
0.27,0.31,29538.46153846154,329.8554023650817
0.29,0.31,29538.46153846154,328.0429928687234
0.31,0.31,29538.46153846154,325.72498503103213
0.33,0.31,29538.46153846154,322.87142560728904
0.35,0.31,29538.46153846154,319.4508326703209
0.37,0.31,29538.46153846154,315.4324126917933
0.39,0.31,29538.46153846154,310.7898252497064
0.01,0.33,29538.46153846154,310.41810301235097
0.03,0.33,29538.46153846154,314.3394780981514
0.05,0.33,29538.46153846154,317.6924313252476
0.07,0.33,29538.46153846154,320.52299754868693
0.09,0.33,29538.46153846154,322.871425607289
0.11,0.33,29538.46153846154,324.7722673277152
0.13,0.33,29538.46153846154,326.25503282806176
0.15,0.33,29538.46153846154,327.34430224313456
0.17,0.33,29538.46153846154,328.0593302271636
0.19,0.33,29538.46153846154,328.41343393131086
0.21,0.33,29538.46153846154,328.4134339313108
0.23,0.33,29538.46153846154,328.0593302271636
0.25,0.33,29538.46153846154,327.3443022431345
0.27,0.33,29538.46153846154,326.25503282806176
0.29,0.33,29538.46153846154,324.7722673277152
0.31,0.33,29538.46153846154,322.871425607289
0.33,0.33,29538.46153846154,320.522997548687
0.35,0.33,29538.46153846154,317.69243132524764
0.37,0.33,29538.46153846154,314.3394780981514
0.39,0.33,29538.46153846154,310.41810301235097
0.01,0.35,29538.46153846154,309.9610335518061
0.03,0.35,29538.46153846154,313.0039964325713
0.05,0.35,29538.46153846154,315.55903270003097
0.07,0.35,29538.46153846154,317.6924313252476
0.09,0.35,29538.46153846154,319.45083267032084
0.11,0.35,29538.46153846154,320.8684485281154
0.13,0.35,29538.46153846154,321.97157605393846
0.15,0.35,29538.46153846154,322.78073981988075
0.17,0.35,29538.46153846154,323.31142055028363
0.19,0.35,29538.46153846154,323.57410356229667
0.21,0.35,29538.46153846154,323.57410356229667
0.23,0.35,29538.46153846154,323.31142055028363
0.25,0.35,29538.46153846154,322.7807398198807
0.27,0.35,29538.46153846154,321.9715760539384
0.29,0.35,29538.46153846154,320.8684485281154
0.31,0.35,29538.46153846154,319.45083267032084
0.33,0.35,29538.46153846154,317.6924313252476
0.35,0.35,29538.46153846154,315.55903270003097
0.37,0.35,29538.46153846154,313.00399643257134
0.39,0.35,29538.46153846154,309.9610335518061
0.01,0.37,29538.46153846154,309.39697687960955
0.03,0.37,29538.46153846154,311.3823377875846
0.05,0.37,29538.46153846154,313.0039964325713
0.07,0.37,29538.46153846154,314.3394780981514
0.09,0.37,29538.46153846154,315.4324126917933
0.11,0.37,29538.46153846154,316.3101466354136
0.13,0.37,29538.46153846154,316.99166952058863
0.15,0.37,29538.46153846154,317.4909380025457
0.17,0.37,29538.46153846154,317.8181327693646
0.19,0.37,29538.46153846154,317.9800279748653
0.21,0.37,29538.46153846154,317.9800279748653
0.23,0.37,29538.46153846154,317.8181327693646
0.25,0.37,29538.46153846154,317.4909380025457
0.27,0.37,29538.46153846154,316.9916695205885
0.29,0.37,29538.46153846154,316.3101466354135
0.31,0.37,29538.46153846154,315.4324126917933
0.33,0.37,29538.46153846154,314.3394780981514
0.35,0.37,29538.46153846154,313.00399643257134
0.37,0.37,29538.46153846154,311.3823377875846
0.39,0.37,29538.46153846154,309.3969768796096
0.01,0.39,29538.46153846154,308.67323735674915
0.03,0.39,29538.46153846154,309.3969768796096
0.05,0.39,29538.46153846154,309.9610335518061
0.07,0.39,29538.46153846154,310.41810301235097
0.09,0.39,29538.46153846154,310.7898252497064
0.11,0.39,29538.46153846154,311.08751851984016
0.13,0.39,29538.46153846154,311.31833447195834
0.15,0.39,29538.46153846154,311.4872906750936
0.17,0.39,29538.46153846154,311.5979655211707
0.19,0.39,29538.46153846154,311.6527141153789
0.21,0.39,29538.46153846154,311.6527141153789
0.23,0.39,29538.46153846154,311.59796552117064
0.25,0.39,29538.46153846154,311.4872906750935
0.27,0.39,29538.46153846154,311.3183344719583
0.29,0.39,29538.46153846154,311.08751851984016
0.31,0.39,29538.46153846154,310.7898252497063
0.33,0.39,29538.46153846154,310.41810301235097
0.35,0.39,29538.46153846154,309.9610335518061
0.37,0.39,29538.46153846154,309.3969768796096
0.39,0.39,29538.46153846154,308.67323735674915
0.01,0.01,31384.615384615387,308.63975494858266
0.03,0.01,31384.615384615387,309.32130125983736
0.05,0.01,31384.615384615387,309.8558429907229
0.07,0.01,31384.615384615387,310.2917987263632
0.09,0.01,31384.615384615387,310.6486381257643
0.11,0.01,31384.615384615387,310.9361834655404
0.13,0.01,31384.615384615387,311.16039060297544
0.15,0.01,31384.615384615387,311.3252965437593
0.17,0.01,31384.615384615387,311.4337140521432
0.19,0.01,31384.615384615387,311.4874693134889
0.21,0.01,31384.615384615387,311.4874693134889
0.23,0.01,31384.615384615387,311.4337140521432
0.25,0.01,31384.615384615387,311.3252965437593
0.27,0.01,31384.615384615387,311.16039060297544
0.29,0.01,31384.615384615387,310.93618346554035
0.31,0.01,31384.615384615387,310.6486381257643
0.33,0.01,31384.615384615387,310.2917987263632
0.35,0.01,31384.615384615387,309.8558429907229
0.37,0.01,31384.615384615387,309.32130125983736
0.39,0.01,31384.615384615387,308.6397549485826
0.01,0.03,31384.615384615387,309.32130125983736
0.03,0.03,31384.615384615387,311.1948078760381
0.05,0.03,31384.615384615387,312.7336846065925
0.07,0.03,31384.615384615387,314.0087452674404
0.09,0.03,31384.615384615387,315.0587654705204
0.11,0.03,31384.615384615387,315.9071535144414
0.13,0.03,31384.615384615387,316.56954883683505
0.15,0.03,31384.615384615387,317.05709703345696
0.17,0.03,31384.615384615387,317.3777642472711
0.19,0.03,31384.615384615387,317.536789147766
0.21,0.03,31384.615384615387,317.536789147766
0.23,0.03,31384.615384615387,317.3777642472711
0.25,0.03,31384.615384615387,317.05709703345696
0.27,0.03,31384.615384615387,316.56954883683505
0.29,0.03,31384.615384615387,315.9071535144414
0.31,0.03,31384.615384615387,315.0587654705204
0.33,0.03,31384.615384615387,314.0087452674404
0.35,0.03,31384.615384615387,312.7336846065925
0.37,0.03,31384.615384615387,311.1948078760381
0.39,0.03,31384.615384615387,309.32130125983736
0.01,0.05,31384.615384615387,309.8558429907229
0.03,0.05,31384.615384615387,312.73368460659253
0.05,0.05,31384.615384615387,315.1626403922135
0.07,0.05,31384.615384615387,317.20259358853616
0.09,0.05,31384.615384615387,318.89415470768085
0.11,0.05,31384.615384615387,320.2659460416791
0.13,0.05,31384.615384615387,321.33920863495035
0.15,0.05,31384.615384615387,322.1301064061324
0.17,0.05,31384.615384615387,322.6506419416013
0.19,0.05,31384.615384615387,322.9088753341604
0.21,0.05,31384.615384615387,322.9088753341604
0.23,0.05,31384.615384615387,322.6506419416013
0.25,0.05,31384.615384615387,322.1301064061324
0.27,0.05,31384.615384615387,321.3392086349504
0.29,0.05,31384.615384615387,320.2659460416791
0.31,0.05,31384.615384615387,318.89415470768085
0.33,0.05,31384.615384615387,317.20259358853616
0.35,0.05,31384.615384615387,315.1626403922135
0.37,0.05,31384.615384615387,312.7336846065925
0.39,0.05,31384.615384615387,309.8558429907229
0.01,0.07,31384.615384615387,310.2917987263632
0.03,0.07,31384.615384615387,314.0087452674404
0.05,0.07,31384.615384615387,317.2025935885362
0.07,0.07,31384.615384615387,319.91396356256394
0.09,0.07,31384.615384615387,322.17669268520825
0.11,0.07,31384.615384615387,324.01870479249465
0.13,0.07,31384.615384615387,325.46318870315946
0.15,0.07,31384.615384615387,326.52913009152127
0.17,0.07,31384.615384615387,327.23126437312794
0.19,0.07,31384.615384615387,327.57973798646003
0.21,0.07,31384.615384615387,327.57973798646003
0.23,0.07,31384.615384615387,327.23126437312794
0.25,0.07,31384.615384615387,326.52913009152127
0.27,0.07,31384.615384615387,325.46318870315946
0.29,0.07,31384.615384615387,324.0187047924947
0.31,0.07,31384.615384615387,322.1766926852082
0.33,0.07,31384.615384615387,319.9139635625639
0.35,0.07,31384.615384615387,317.20259358853616
0.37,0.07,31384.615384615387,314.0087452674404
0.39,0.07,31384.615384615387,310.2917987263632
0.01,0.09,31384.615384615387,310.6486381257643
0.03,0.09,31384.615384615387,315.0587654705204
0.05,0.09,31384.615384615387,318.8941547076809
0.07,0.09,31384.615384615387,322.17669268520825
0.09,0.09,31384.615384615387,324.9307053693892
0.11,0.09,31384.615384615387,327.1803978949057
0.13,0.09,31384.615384615387,328.94848973737004
0.15,0.09,31384.615384615387,330.2550621472856
0.17,0.09,31384.615384615387,331.1164311748232
0.19,0.09,31384.615384615387,331.5441286444597
0.21,0.09,31384.615384615387,331.54412864445976
0.23,0.09,31384.615384615387,331.1164311748233
0.25,0.09,31384.615384615387,330.2550621472856
0.27,0.09,31384.615384615387,328.94848973737004
0.29,0.09,31384.615384615387,327.18039789490564
0.31,0.09,31384.615384615387,324.9307053693892
0.33,0.09,31384.615384615387,322.1766926852082
0.35,0.09,31384.615384615387,318.89415470768085
0.37,0.09,31384.615384615387,315.0587654705204
0.39,0.09,31384.615384615387,310.6486381257643
0.01,0.11,31384.615384615387,310.93618346554035
0.03,0.11,31384.615384615387,315.90715351444146
0.05,0.11,31384.615384615387,320.2659460416791
0.07,0.11,31384.615384615387,324.0187047924947
0.09,0.11,31384.615384615387,327.1803978949057
0.11,0.11,31384.615384615387,329.77052421259083
0.13,0.11,31384.615384615387,331.8101005330781
0.15,0.11,31384.615384615387,333.3191997879448
0.17,0.11,31384.615384615387,334.3148702042084
0.19,0.11,31384.615384615387,334.8094648815767
0.21,0.11,31384.615384615387,334.8094648815767
0.23,0.11,31384.615384615387,334.3148702042084
0.25,0.11,31384.615384615387,333.3191997879448
0.27,0.11,31384.615384615387,331.8101005330781
0.29,0.11,31384.615384615387,329.77052421259083
0.31,0.11,31384.615384615387,327.18039789490564
0.33,0.11,31384.615384615387,324.0187047924946
0.35,0.11,31384.615384615387,320.26594604167906
0.37,0.11,31384.615384615387,315.9071535144414
0.39,0.11,31384.615384615387,310.93618346554035
0.01,0.13,31384.615384615387,311.16039060297544
0.03,0.13,31384.615384615387,316.56954883683505
0.05,0.13,31384.615384615387,321.3392086349504
0.07,0.13,31384.615384615387,325.4631887031595
0.09,0.13,31384.615384615387,328.9484897373701
0.11,0.13,31384.615384615387,331.8101005330781
0.13,0.13,31384.615384615387,334.0669643027242
0.15,0.13,31384.615384615387,335.7385903369502
0.17,0.13,31384.615384615387,336.84222909226804
0.19,0.13,31384.615384615387,337.39065890766284
0.21,0.13,31384.615384615387,337.3906589076629
0.23,0.13,31384.615384615387,336.8422290922681
0.25,0.13,31384.615384615387,335.7385903369502
0.27,0.13,31384.615384615387,334.0669643027242
0.29,0.13,31384.615384615387,331.8101005330781
0.31,0.13,31384.615384615387,328.94848973737004
0.33,0.13,31384.615384615387,325.4631887031594
0.35,0.13,31384.615384615387,321.33920863495035
0.37,0.13,31384.615384615387,316.569548836835
0.39,0.13,31384.615384615387,311.1603906029754
0.01,0.15,31384.615384615387,311.3252965437593
0.03,0.15,31384.615384615387,317.05709703345696
0.05,0.15,31384.615384615387,322.1301064061324
0.07,0.15,31384.615384615387,326.5291300915212
0.09,0.15,31384.615384615387,330.2550621472856
0.11,0.15,31384.615384615387,333.31919978794474
0.13,0.15,31384.615384615387,335.7385903369501
0.15,0.15,31384.615384615387,337.53202802884834
0.17,0.15,31384.615384615387,338.71669995020267
0.19,0.15,31384.615384615387,339.30556711440937
0.21,0.15,31384.615384615387,339.3055671144094
0.23,0.15,31384.615384615387,338.71669995020267
0.25,0.15,31384.615384615387,337.53202802884834
0.27,0.15,31384.615384615387,335.7385903369501
0.29,0.15,31384.615384615387,333.31919978794474
0.31,0.15,31384.615384615387,330.2550621472856
0.33,0.15,31384.615384615387,326.5291300915212
0.35,0.15,31384.615384615387,322.1301064061323
0.37,0.15,31384.615384615387,317.0570970334569
0.39,0.15,31384.615384615387,311.3252965437593
0.01,0.17,31384.615384615387,311.4337140521432
0.03,0.17,31384.615384615387,317.3777642472711
0.05,0.17,31384.615384615387,322.6506419416013
0.07,0.17,31384.615384615387,327.2312643731279
0.09,0.17,31384.615384615387,331.1164311748232
0.11,0.17,31384.615384615387,334.3148702042084
0.13,0.17,31384.615384615387,336.84222909226804
0.15,0.17,31384.615384615387,338.71669995020267
0.17,0.17,31384.615384615387,339.9553304901062
0.19,0.17,31384.615384615387,340.5711397130132
0.21,0.17,31384.615384615387,340.5711397130132
0.23,0.17,31384.615384615387,339.95533049010623
0.25,0.17,31384.615384615387,338.71669995020267
0.27,0.17,31384.615384615387,336.84222909226804
0.29,0.17,31384.615384615387,334.31487020420843
0.31,0.17,31384.615384615387,331.1164311748233
0.33,0.17,31384.615384615387,327.23126437312794
0.35,0.17,31384.615384615387,322.6506419416013
0.37,0.17,31384.615384615387,317.37776424727105
0.39,0.17,31384.615384615387,311.4337140521432
0.01,0.19,31384.615384615387,311.4874693134888
0.03,0.19,31384.615384615387,317.53678914776594
0.05,0.19,31384.615384615387,322.9088753341604
0.07,0.19,31384.615384615387,327.57973798646
0.09,0.19,31384.615384615387,331.5441286444597
0.11,0.19,31384.615384615387,334.8094648815767
0.13,0.19,31384.615384615387,337.3906589076629
0.15,0.19,31384.615384615387,339.3055671144094
0.17,0.19,31384.615384615387,340.5711397130132
0.19,0.19,31384.615384615387,341.2004059774177
0.21,0.19,31384.615384615387,341.20040597741763
0.23,0.19,31384.615384615387,340.5711397130133
0.25,0.19,31384.615384615387,339.3055671144094
0.27,0.19,31384.615384615387,337.3906589076629
0.29,0.19,31384.615384615387,334.8094648815768
0.31,0.19,31384.615384615387,331.54412864445976
0.33,0.19,31384.615384615387,327.57973798646003
0.35,0.19,31384.615384615387,322.9088753341604
0.37,0.19,31384.615384615387,317.5367891477659
0.39,0.19,31384.615384615387,311.4874693134888
0.01,0.21,31384.615384615387,311.4874693134888
0.03,0.21,31384.615384615387,317.53678914776594
0.05,0.21,31384.615384615387,322.9088753341604
0.07,0.21,31384.615384615387,327.57973798646003
0.09,0.21,31384.615384615387,331.5441286444597
0.11,0.21,31384.615384615387,334.8094648815767
0.13,0.21,31384.615384615387,337.3906589076629
0.15,0.21,31384.615384615387,339.3055671144094
0.17,0.21,31384.615384615387,340.5711397130133
0.19,0.21,31384.615384615387,341.2004059774177
0.21,0.21,31384.615384615387,341.2004059774177
0.23,0.21,31384.615384615387,340.5711397130132
0.25,0.21,31384.615384615387,339.3055671144095
0.27,0.21,31384.615384615387,337.3906589076629
0.29,0.21,31384.615384615387,334.8094648815767
0.31,0.21,31384.615384615387,331.54412864445976
0.33,0.21,31384.615384615387,327.57973798646
0.35,0.21,31384.615384615387,322.9088753341604
0.37,0.21,31384.615384615387,317.53678914776594
0.39,0.21,31384.615384615387,311.4874693134888
0.01,0.23,31384.615384615387,311.4337140521432
0.03,0.23,31384.615384615387,317.37776424727105
0.05,0.23,31384.615384615387,322.6506419416013
0.07,0.23,31384.615384615387,327.2312643731279
0.09,0.23,31384.615384615387,331.1164311748232
0.11,0.23,31384.615384615387,334.3148702042084
0.13,0.23,31384.615384615387,336.8422290922681
0.15,0.23,31384.615384615387,338.7166999502027
0.17,0.23,31384.615384615387,339.9553304901063
0.19,0.23,31384.615384615387,340.5711397130133
0.21,0.23,31384.615384615387,340.5711397130133
0.23,0.23,31384.615384615387,339.9553304901062
0.25,0.23,31384.615384615387,338.7166999502027
0.27,0.23,31384.615384615387,336.8422290922681
0.29,0.23,31384.615384615387,334.3148702042084
0.31,0.23,31384.615384615387,331.1164311748232
0.33,0.23,31384.615384615387,327.23126437312794
0.35,0.23,31384.615384615387,322.6506419416013
0.37,0.23,31384.615384615387,317.3777642472711
0.39,0.23,31384.615384615387,311.4337140521432
0.01,0.25,31384.615384615387,311.3252965437593
0.03,0.25,31384.615384615387,317.05709703345696
0.05,0.25,31384.615384615387,322.1301064061323
0.07,0.25,31384.615384615387,326.5291300915212
0.09,0.25,31384.615384615387,330.2550621472856
0.11,0.25,31384.615384615387,333.31919978794474
0.13,0.25,31384.615384615387,335.73859033695027
0.15,0.25,31384.615384615387,337.5320280288484
0.17,0.25,31384.615384615387,338.7166999502027
0.19,0.25,31384.615384615387,339.3055671144095
0.21,0.25,31384.615384615387,339.3055671144094
0.23,0.25,31384.615384615387,338.71669995020267
0.25,0.25,31384.615384615387,337.53202802884834
0.27,0.25,31384.615384615387,335.7385903369502
0.29,0.25,31384.615384615387,333.31919978794474
0.31,0.25,31384.615384615387,330.2550621472856
0.33,0.25,31384.615384615387,326.52913009152127
0.35,0.25,31384.615384615387,322.1301064061324
0.37,0.25,31384.615384615387,317.05709703345696
0.39,0.25,31384.615384615387,311.3252965437593
0.01,0.27,31384.615384615387,311.1603906029754
0.03,0.27,31384.615384615387,316.56954883683505
0.05,0.27,31384.615384615387,321.3392086349504
0.07,0.27,31384.615384615387,325.4631887031594
0.09,0.27,31384.615384615387,328.94848973737
0.11,0.27,31384.615384615387,331.8101005330781
0.13,0.27,31384.615384615387,334.0669643027243
0.15,0.27,31384.615384615387,335.7385903369502
0.17,0.27,31384.615384615387,336.8422290922681
0.19,0.27,31384.615384615387,337.3906589076629
0.21,0.27,31384.615384615387,337.3906589076629
0.23,0.27,31384.615384615387,336.84222909226804
0.25,0.27,31384.615384615387,335.7385903369502
0.27,0.27,31384.615384615387,334.0669643027242
0.29,0.27,31384.615384615387,331.8101005330781
0.31,0.27,31384.615384615387,328.9484897373701
0.33,0.27,31384.615384615387,325.4631887031595
0.35,0.27,31384.615384615387,321.33920863495047
0.37,0.27,31384.615384615387,316.5695488368351
0.39,0.27,31384.615384615387,311.1603906029754
0.01,0.29,31384.615384615387,310.93618346554035
0.03,0.29,31384.615384615387,315.9071535144414
0.05,0.29,31384.615384615387,320.2659460416791
0.07,0.29,31384.615384615387,324.01870479249465
0.09,0.29,31384.615384615387,327.18039789490564
0.11,0.29,31384.615384615387,329.77052421259083
0.13,0.29,31384.615384615387,331.8101005330781
0.15,0.29,31384.615384615387,333.31919978794474
0.17,0.29,31384.615384615387,334.3148702042084
0.19,0.29,31384.615384615387,334.8094648815768
0.21,0.29,31384.615384615387,334.8094648815767
0.23,0.29,31384.615384615387,334.3148702042084
0.25,0.29,31384.615384615387,333.31919978794474
0.27,0.29,31384.615384615387,331.8101005330781
0.29,0.29,31384.615384615387,329.7705242125909
0.31,0.29,31384.615384615387,327.1803978949057
0.33,0.29,31384.615384615387,324.0187047924948
0.35,0.29,31384.615384615387,320.2659460416792
0.37,0.29,31384.615384615387,315.9071535144415
0.39,0.29,31384.615384615387,310.93618346554035
0.01,0.31,31384.615384615387,310.6486381257643
0.03,0.31,31384.615384615387,315.0587654705204
0.05,0.31,31384.615384615387,318.89415470768085
0.07,0.31,31384.615384615387,322.1766926852082
0.09,0.31,31384.615384615387,324.9307053693892
0.11,0.31,31384.615384615387,327.18039789490564
0.13,0.31,31384.615384615387,328.94848973737004
0.15,0.31,31384.615384615387,330.2550621472856
0.17,0.31,31384.615384615387,331.1164311748232
0.19,0.31,31384.615384615387,331.5441286444597
0.21,0.31,31384.615384615387,331.5441286444597
0.23,0.31,31384.615384615387,331.1164311748232
0.25,0.31,31384.615384615387,330.2550621472856
0.27,0.31,31384.615384615387,328.94848973737004
0.29,0.31,31384.615384615387,327.1803978949057
0.31,0.31,31384.615384615387,324.9307053693892
0.33,0.31,31384.615384615387,322.17669268520825
0.35,0.31,31384.615384615387,318.8941547076809
0.37,0.31,31384.615384615387,315.0587654705204
0.39,0.31,31384.615384615387,310.6486381257643
0.01,0.33,31384.615384615387,310.2917987263632
0.03,0.33,31384.615384615387,314.0087452674404
0.05,0.33,31384.615384615387,317.2025935885361
0.07,0.33,31384.615384615387,319.9139635625639
0.09,0.33,31384.615384615387,322.1766926852082
0.11,0.33,31384.615384615387,324.01870479249465
0.13,0.33,31384.615384615387,325.46318870315946
0.15,0.33,31384.615384615387,326.52913009152127
0.17,0.33,31384.615384615387,327.23126437312783
0.19,0.33,31384.615384615387,327.57973798646
0.21,0.33,31384.615384615387,327.57973798646
0.23,0.33,31384.615384615387,327.2312643731279
0.25,0.33,31384.615384615387,326.52913009152127
0.27,0.33,31384.615384615387,325.46318870315946
0.29,0.33,31384.615384615387,324.0187047924947
0.31,0.33,31384.615384615387,322.1766926852082
0.33,0.33,31384.615384615387,319.91396356256394
0.35,0.33,31384.615384615387,317.2025935885362
0.37,0.33,31384.615384615387,314.0087452674404
0.39,0.33,31384.615384615387,310.2917987263632
0.01,0.35,31384.615384615387,309.8558429907229
0.03,0.35,31384.615384615387,312.7336846065925
0.05,0.35,31384.615384615387,315.1626403922135
0.07,0.35,31384.615384615387,317.20259358853616
0.09,0.35,31384.615384615387,318.89415470768085
0.11,0.35,31384.615384615387,320.2659460416791
0.13,0.35,31384.615384615387,321.3392086349504
0.15,0.35,31384.615384615387,322.1301064061324
0.17,0.35,31384.615384615387,322.6506419416013
0.19,0.35,31384.615384615387,322.9088753341604
0.21,0.35,31384.615384615387,322.9088753341604
0.23,0.35,31384.615384615387,322.6506419416013
0.25,0.35,31384.615384615387,322.1301064061324
0.27,0.35,31384.615384615387,321.33920863495047
0.29,0.35,31384.615384615387,320.2659460416791
0.31,0.35,31384.615384615387,318.89415470768085
0.33,0.35,31384.615384615387,317.20259358853616
0.35,0.35,31384.615384615387,315.1626403922135
0.37,0.35,31384.615384615387,312.7336846065925
0.39,0.35,31384.615384615387,309.8558429907229
0.01,0.37,31384.615384615387,309.3213012598374
0.03,0.37,31384.615384615387,311.1948078760381
0.05,0.37,31384.615384615387,312.7336846065925
0.07,0.37,31384.615384615387,314.0087452674404
0.09,0.37,31384.615384615387,315.0587654705204
0.11,0.37,31384.615384615387,315.90715351444146
0.13,0.37,31384.615384615387,316.5695488368351
0.15,0.37,31384.615384615387,317.0570970334569
0.17,0.37,31384.615384615387,317.37776424727105
0.19,0.37,31384.615384615387,317.53678914776594
0.21,0.37,31384.615384615387,317.53678914776594
0.23,0.37,31384.615384615387,317.3777642472711
0.25,0.37,31384.615384615387,317.05709703345696
0.27,0.37,31384.615384615387,316.5695488368351
0.29,0.37,31384.615384615387,315.90715351444146
0.31,0.37,31384.615384615387,315.0587654705204
0.33,0.37,31384.615384615387,314.0087452674404
0.35,0.37,31384.615384615387,312.7336846065925
0.37,0.37,31384.615384615387,311.1948078760381
0.39,0.37,31384.615384615387,309.32130125983736
0.01,0.39,31384.615384615387,308.6397549485826
0.03,0.39,31384.615384615387,309.32130125983736
0.05,0.39,31384.615384615387,309.8558429907229
0.07,0.39,31384.615384615387,310.2917987263632
0.09,0.39,31384.615384615387,310.6486381257643
0.11,0.39,31384.615384615387,310.9361834655404
0.13,0.39,31384.615384615387,311.1603906029754
0.15,0.39,31384.615384615387,311.3252965437593
0.17,0.39,31384.615384615387,311.4337140521432
0.19,0.39,31384.615384615387,311.4874693134888
0.21,0.39,31384.615384615387,311.4874693134888
0.23,0.39,31384.615384615387,311.4337140521432
0.25,0.39,31384.615384615387,311.3252965437593
0.27,0.39,31384.615384615387,311.16039060297544
0.29,0.39,31384.615384615387,310.9361834655404
0.31,0.39,31384.615384615387,310.6486381257643
0.33,0.39,31384.615384615387,310.2917987263632
0.35,0.39,31384.615384615387,309.8558429907229
0.37,0.39,31384.615384615387,309.32130125983736
0.39,0.39,31384.615384615387,308.63975494858266
0.01,0.01,33230.769230769234,308.6087526326211
0.03,0.01,33230.769230769234,309.2499963308772
0.05,0.01,33230.769230769234,309.75535941806515
0.07,0.01,33230.769230769234,310.16959807034203
0.09,0.01,33230.769230769234,310.5103854128975
0.11,0.01,33230.769230769234,310.7863396181048
0.13,0.01,33230.769230769234,311.00246716743953
0.15,0.01,33230.769230769234,311.16202992803653
0.17,0.01,33230.769230769234,311.2672356280923
0.19,0.01,33230.769230769234,311.31949211484186
0.21,0.01,33230.769230769234,311.31949211484186
0.23,0.01,33230.769230769234,311.2672356280923
0.25,0.01,33230.769230769234,311.1620299280366
0.27,0.01,33230.769230769234,311.0024671674396
0.29,0.01,33230.769230769234,310.7863396181048
0.31,0.01,33230.769230769234,310.51038541289745
0.33,0.01,33230.769230769234,310.169598070342
0.35,0.01,33230.769230769234,309.75535941806515
0.37,0.01,33230.769230769234,309.2499963308772
0.39,0.01,33230.769230769234,308.60875263262113
0.01,0.03,33230.769230769234,309.2499963308772
0.03,0.03,33230.769230769234,311.015491089755
0.05,0.03,33230.769230769234,312.47191996658165
0.07,0.03,33230.769230769234,313.68446490855814
0.09,0.03,33230.769230769234,314.6879498351322
0.11,0.03,33230.769230769234,315.5026380702897
0.13,0.03,33230.769230769234,316.1415151016905
0.15,0.03,33230.769230769234,316.6135035291781
0.17,0.03,33230.769230769234,316.92481686761585
0.19,0.03,33230.769230769234,317.079476961891
0.21,0.03,33230.769230769234,317.07947696189103
0.23,0.03,33230.769230769234,316.9248168676159
0.25,0.03,33230.769230769234,316.6135035291782
0.27,0.03,33230.769230769234,316.1415151016906
0.29,0.03,33230.769230769234,315.5026380702898
0.31,0.03,33230.769230769234,314.68794983513226
0.33,0.03,33230.769230769234,313.6844649085581
0.35,0.03,33230.769230769234,312.47191996658165
0.37,0.03,33230.769230769234,311.0154910897551
0.39,0.03,33230.769230769234,309.2499963308772
0.01,0.05,33230.769230769234,309.75535941806515
0.03,0.05,33230.769230769234,312.47191996658165
0.05,0.05,33230.769230769234,314.77404205213026
0.07,0.05,33230.769230769234,316.716398963558
0.09,0.05,33230.769230769234,318.3347931418319
0.11,0.05,33230.769230769234,319.6534267029242
0.13,0.05,33230.769230769234,320.6895475952136
0.15,0.05,33230.769230769234,321.4558698727251
0.17,0.05,33230.769230769234,321.96163750835126
0.19,0.05,33230.769230769234,322.21298284575425
0.21,0.05,33230.769230769234,322.21298284575425
0.23,0.05,33230.769230769234,321.96163750835126
0.25,0.05,33230.769230769234,321.45586987272515
0.27,0.05,33230.769230769234,320.6895475952135
0.29,0.05,33230.769230769234,319.6534267029242
0.31,0.05,33230.769230769234,318.3347931418318
0.33,0.05,33230.769230769234,316.71639896355794
0.35,0.05,33230.769230769234,314.77404205213026
0.37,0.05,33230.769230769234,312.47191996658165
0.39,0.05,33230.769230769234,309.75535941806515
0.01,0.07,33230.769230769234,310.16959807034203
0.03,0.07,33230.769230769234,313.68446490855814
0.05,0.07,33230.769230769234,316.716398963558
0.07,0.07,33230.769230769234,319.3018228948032
0.09,0.07,33230.769230769234,321.46958093250413
0.11,0.07,33230.769230769234,323.24240820466144
0.13,0.07,33230.769230769234,324.63851632647425
0.15,0.07,33230.769230769234,325.67246216082503
0.17,0.07,33230.769230769234,326.3553875531992
0.19,0.07,33230.769230769234,326.6949095419041
0.21,0.07,33230.769230769234,326.6949095419041
0.23,0.07,33230.769230769234,326.3553875531992
0.25,0.07,33230.769230769234,325.67246216082503
0.27,0.07,33230.769230769234,324.6385163264742
0.29,0.07,33230.769230769234,323.24240820466133
0.31,0.07,33230.769230769234,321.46958093250413
0.33,0.07,33230.769230769234,319.3018228948032
0.35,0.07,33230.769230769234,316.716398963558
0.37,0.07,33230.769230769234,313.68446490855814
0.39,0.07,33230.769230769234,310.169598070342
0.01,0.09,33230.769230769234,310.5103854128975
0.03,0.09,33230.769230769234,314.68794983513226
0.05,0.09,33230.769230769234,318.3347931418318
0.07,0.09,33230.769230769234,321.46958093250413
0.09,0.09,33230.769230769234,324.11172130470203
0.11,0.09,33230.769230769234,326.27977400722534
0.13,0.09,33230.769230769234,327.9907762069128
0.15,0.09,33230.769230769234,329.2596265343143
0.17,0.09,33230.769230769234,330.09838104719176
0.19,0.09,33230.769230769234,330.51555286938293
0.21,0.09,33230.769230769234,330.51555286938293
0.23,0.09,33230.769230769234,330.09838104719176
0.25,0.09,33230.769230769234,329.2596265343143
0.27,0.09,33230.769230769234,327.9907762069128
0.29,0.09,33230.769230769234,326.2797740072253
0.31,0.09,33230.769230769234,324.11172130470203
0.33,0.09,33230.769230769234,321.46958093250413
0.35,0.09,33230.769230769234,318.3347931418318
0.37,0.09,33230.769230769234,314.68794983513226
0.39,0.09,33230.769230769234,310.5103854128975
0.01,0.11,33230.769230769234,310.7863396181048
0.03,0.11,33230.769230769234,315.5026380702898
0.05,0.11,33230.769230769234,319.6534267029242
0.07,0.11,33230.769230769234,323.2424082046614
0.09,0.11,33230.769230769234,326.27977400722534
0.11,0.11,33230.769230769234,328.7790974862125
0.13,0.11,33230.769230769234,330.75521074710184
0.15,0.11,33230.769230769234,332.2224373273225
0.17,0.11,33230.769230769234,333.1930502112178
0.19,0.11,33230.769230769234,333.6759996374576
0.21,0.11,33230.769230769234,333.6759996374576
0.23,0.11,33230.769230769234,333.1930502112178
0.25,0.11,33230.769230769234,332.22243732732244
0.27,0.11,33230.769230769234,330.7552107471019
0.29,0.11,33230.769230769234,328.77909748621244
0.31,0.11,33230.769230769234,326.2797740072253
0.33,0.11,33230.769230769234,323.24240820466133
0.35,0.11,33230.769230769234,319.6534267029242
0.37,0.11,33230.769230769234,315.5026380702898
0.39,0.11,33230.769230769234,310.7863396181048
0.01,0.13,33230.769230769234,311.0024671674396
0.03,0.13,33230.769230769234,316.14151510169046
0.05,0.13,33230.769230769234,320.6895475952135
0.07,0.13,33230.769230769234,324.6385163264742
0.09,0.13,33230.769230769234,327.9907762069128
0.11,0.13,33230.769230769234,330.75521074710184
0.13,0.13,33230.769230769234,332.94422288569706
0.15,0.13,33230.769230769234,334.5711571953413
0.17,0.13,33230.769230769234,335.648104063179
0.19,0.13,33230.769230769234,336.18414885655494
0.21,0.13,33230.769230769234,336.1841488565549
0.23,0.13,33230.769230769234,335.6481040631789
0.25,0.13,33230.769230769234,334.57115719534124
0.27,0.13,33230.769230769234,332.94422288569706
0.29,0.13,33230.769230769234,330.75521074710184
0.31,0.13,33230.769230769234,327.9907762069128
0.33,0.13,33230.769230769234,324.63851632647413
0.35,0.13,33230.769230769234,320.68954759521347
0.37,0.13,33230.769230769234,316.1415151016905
0.39,0.13,33230.769230769234,311.0024671674396
0.01,0.15,33230.769230769234,311.16202992803653
0.03,0.15,33230.769230769234,316.6135035291781
0.05,0.15,33230.769230769234,321.4558698727251
0.07,0.15,33230.769230769234,325.672462160825
0.09,0.15,33230.769230769234,329.25962653431424
0.11,0.15,33230.769230769234,332.2224373273225
0.13,0.15,33230.769230769234,334.57115719534124
0.15,0.15,33230.769230769234,336.31812468349807
0.17,0.15,33230.769230769234,337.4750940851606
0.19,0.15,33230.769230769234,338.05112637600024
0.21,0.15,33230.769230769234,338.0511263760002
0.23,0.15,33230.769230769234,337.4750940851605
0.25,0.15,33230.769230769234,336.318124683498
0.27,0.15,33230.769230769234,334.57115719534124
0.29,0.15,33230.769230769234,332.22243732732244
0.31,0.15,33230.769230769234,329.2596265343143
0.33,0.15,33230.769230769234,325.672462160825
0.35,0.15,33230.769230769234,321.4558698727251
0.37,0.15,33230.769230769234,316.61350352917816
0.39,0.15,33230.769230769234,311.16202992803653
0.01,0.17,33230.769230769234,311.2672356280923
0.03,0.17,33230.769230769234,316.9248168676158
0.05,0.17,33230.769230769234,321.9616375083512
0.07,0.17,33230.769230769234,326.35538755319914
0.09,0.17,33230.769230769234,330.0983810471917
0.11,0.17,33230.769230769234,333.1930502112178
0.13,0.17,33230.769230769234,335.648104063179
0.15,0.17,33230.769230769234,337.47509408516066
0.17,0.17,33230.769230769234,338.68546078846487
0.19,0.17,33230.769230769234,339.2881901770144
0.21,0.17,33230.769230769234,339.2881901770143
0.23,0.17,33230.769230769234,338.68546078846475
0.25,0.17,33230.769230769234,337.4750940851605
0.27,0.17,33230.769230769234,335.64810406317895
0.29,0.17,33230.769230769234,333.1930502112178
0.31,0.17,33230.769230769234,330.09838104719176
0.33,0.17,33230.769230769234,326.35538755319914
0.35,0.17,33230.769230769234,321.9616375083512
0.37,0.17,33230.769230769234,316.92481686761585
0.39,0.17,33230.769230769234,311.2672356280923
0.01,0.19,33230.769230769234,311.3194921148418
0.03,0.19,33230.769230769234,317.079476961891
0.05,0.19,33230.769230769234,322.2129828457542
0.07,0.19,33230.769230769234,326.69490954190405
0.09,0.19,33230.769230769234,330.5155528693829
0.11,0.19,33230.769230769234,333.67599963745766
0.13,0.19,33230.769230769234,336.184148856555
0.15,0.19,33230.769230769234,338.0511263760003
0.17,0.19,33230.769230769234,339.2881901770144
0.19,0.19,33230.769230769234,339.9042715854629
0.21,0.19,33230.769230769234,339.9042715854628
0.23,0.19,33230.769230769234,339.2881901770143
0.25,0.19,33230.769230769234,338.0511263760002
0.27,0.19,33230.769230769234,336.18414885655494
0.29,0.19,33230.769230769234,333.6759996374576
0.31,0.19,33230.769230769234,330.51555286938293
0.33,0.19,33230.769230769234,326.69490954190405
0.35,0.19,33230.769230769234,322.2129828457542
0.37,0.19,33230.769230769234,317.079476961891
0.39,0.19,33230.769230769234,311.31949211484186
0.01,0.21,33230.769230769234,311.31949211484186
0.03,0.21,33230.769230769234,317.079476961891
0.05,0.21,33230.769230769234,322.21298284575414
0.07,0.21,33230.769230769234,326.694909541904
0.09,0.21,33230.769230769234,330.5155528693829
0.11,0.21,33230.769230769234,333.6759996374576
0.13,0.21,33230.769230769234,336.18414885655505
0.15,0.21,33230.769230769234,338.0511263760003
0.17,0.21,33230.769230769234,339.2881901770144
0.19,0.21,33230.769230769234,339.9042715854629
0.21,0.21,33230.769230769234,339.9042715854629
0.23,0.21,33230.769230769234,339.2881901770143
0.25,0.21,33230.769230769234,338.0511263760002
0.27,0.21,33230.769230769234,336.1841488565549
0.29,0.21,33230.769230769234,333.6759996374576
0.31,0.21,33230.769230769234,330.51555286938293
0.33,0.21,33230.769230769234,326.69490954190405
0.35,0.21,33230.769230769234,322.21298284575425
0.37,0.21,33230.769230769234,317.079476961891
0.39,0.21,33230.769230769234,311.31949211484186
0.01,0.23,33230.769230769234,311.2672356280923
0.03,0.23,33230.769230769234,316.9248168676158
0.05,0.23,33230.769230769234,321.9616375083512
0.07,0.23,33230.769230769234,326.3553875531991
0.09,0.23,33230.769230769234,330.09838104719176
0.11,0.23,33230.769230769234,333.1930502112178
0.13,0.23,33230.769230769234,335.64810406317895
0.15,0.23,33230.769230769234,337.4750940851605
0.17,0.23,33230.769230769234,338.6854607884648
0.19,0.23,33230.769230769234,339.2881901770144
0.21,0.23,33230.769230769234,339.2881901770144
0.23,0.23,33230.769230769234,338.68546078846475
0.25,0.23,33230.769230769234,337.4750940851605
0.27,0.23,33230.769230769234,335.64810406317895
0.29,0.23,33230.769230769234,333.1930502112178
0.31,0.23,33230.769230769234,330.0983810471918
0.33,0.23,33230.769230769234,326.3553875531992
0.35,0.23,33230.769230769234,321.96163750835126
0.37,0.23,33230.769230769234,316.92481686761585
0.39,0.23,33230.769230769234,311.2672356280923
0.01,0.25,33230.769230769234,311.1620299280365
0.03,0.25,33230.769230769234,316.6135035291781
0.05,0.25,33230.769230769234,321.45586987272503
0.07,0.25,33230.769230769234,325.672462160825
0.09,0.25,33230.769230769234,329.25962653431424
0.11,0.25,33230.769230769234,332.22243732732244
0.13,0.25,33230.769230769234,334.5711571953412
0.15,0.25,33230.769230769234,336.3181246834979
0.17,0.25,33230.769230769234,337.4750940851605
0.19,0.25,33230.769230769234,338.05112637600024
0.21,0.25,33230.769230769234,338.05112637600024
0.23,0.25,33230.769230769234,337.4750940851605
0.25,0.25,33230.769230769234,336.318124683498
0.27,0.25,33230.769230769234,334.5711571953412
0.29,0.25,33230.769230769234,332.2224373273225
0.31,0.25,33230.769230769234,329.2596265343143
0.33,0.25,33230.769230769234,325.67246216082503
0.35,0.25,33230.769230769234,321.45586987272515
0.37,0.25,33230.769230769234,316.61350352917816
0.39,0.25,33230.769230769234,311.16202992803653
0.01,0.27,33230.769230769234,311.00246716743953
0.03,0.27,33230.769230769234,316.14151510169046
0.05,0.27,33230.769230769234,320.68954759521347
0.07,0.27,33230.769230769234,324.63851632647413
0.09,0.27,33230.769230769234,327.9907762069127
0.11,0.27,33230.769230769234,330.75521074710184
0.13,0.27,33230.769230769234,332.944222885697
0.15,0.27,33230.769230769234,334.5711571953412
0.17,0.27,33230.769230769234,335.6481040631789
0.19,0.27,33230.769230769234,336.18414885655494
0.21,0.27,33230.769230769234,336.18414885655494
0.23,0.27,33230.769230769234,335.64810406317895
0.25,0.27,33230.769230769234,334.5711571953412
0.27,0.27,33230.769230769234,332.944222885697
0.29,0.27,33230.769230769234,330.7552107471019
0.31,0.27,33230.769230769234,327.9907762069128
0.33,0.27,33230.769230769234,324.6385163264743
0.35,0.27,33230.769230769234,320.6895475952136
0.37,0.27,33230.769230769234,316.1415151016906
0.39,0.27,33230.769230769234,311.0024671674396
0.01,0.29,33230.769230769234,310.7863396181048
0.03,0.29,33230.769230769234,315.5026380702898
0.05,0.29,33230.769230769234,319.6534267029242
0.07,0.29,33230.769230769234,323.24240820466133
0.09,0.29,33230.769230769234,326.2797740072253
0.11,0.29,33230.769230769234,328.77909748621244
0.13,0.29,33230.769230769234,330.75521074710184
0.15,0.29,33230.769230769234,332.22243732732244
0.17,0.29,33230.769230769234,333.1930502112177
0.19,0.29,33230.769230769234,333.6759996374576
0.21,0.29,33230.769230769234,333.6759996374576
0.23,0.29,33230.769230769234,333.1930502112177
0.25,0.29,33230.769230769234,332.22243732732244
0.27,0.29,33230.769230769234,330.7552107471019
0.29,0.29,33230.769230769234,328.7790974862125
0.31,0.29,33230.769230769234,326.2797740072254
0.33,0.29,33230.769230769234,323.2424082046615
0.35,0.29,33230.769230769234,319.6534267029243
0.37,0.29,33230.769230769234,315.50263807028983
0.39,0.29,33230.769230769234,310.7863396181048
0.01,0.31,33230.769230769234,310.51038541289745
0.03,0.31,33230.769230769234,314.68794983513226
0.05,0.31,33230.769230769234,318.3347931418318
0.07,0.31,33230.769230769234,321.4695809325041
0.09,0.31,33230.769230769234,324.11172130470203
0.11,0.31,33230.769230769234,326.27977400722534
0.13,0.31,33230.769230769234,327.9907762069128
0.15,0.31,33230.769230769234,329.2596265343143
0.17,0.31,33230.769230769234,330.09838104719176
0.19,0.31,33230.769230769234,330.5155528693829
0.21,0.31,33230.769230769234,330.5155528693829
0.23,0.31,33230.769230769234,330.09838104719176
0.25,0.31,33230.769230769234,329.25962653431424
0.27,0.31,33230.769230769234,327.9907762069128
0.29,0.31,33230.769230769234,326.27977400722534
0.31,0.31,33230.769230769234,324.1117213047021
0.33,0.31,33230.769230769234,321.4695809325042
0.35,0.31,33230.769230769234,318.3347931418319
0.37,0.31,33230.769230769234,314.68794983513226
0.39,0.31,33230.769230769234,310.5103854128975
0.01,0.33,33230.769230769234,310.169598070342
0.03,0.33,33230.769230769234,313.68446490855814
0.05,0.33,33230.769230769234,316.71639896355794
0.07,0.33,33230.769230769234,319.3018228948032
0.09,0.33,33230.769230769234,321.4695809325041
0.11,0.33,33230.769230769234,323.2424082046614
0.13,0.33,33230.769230769234,324.63851632647425
0.15,0.33,33230.769230769234,325.67246216082503
0.17,0.33,33230.769230769234,326.3553875531991
0.19,0.33,33230.769230769234,326.694909541904
0.21,0.33,33230.769230769234,326.694909541904
0.23,0.33,33230.769230769234,326.35538755319914
0.25,0.33,33230.769230769234,325.672462160825
0.27,0.33,33230.769230769234,324.6385163264742
0.29,0.33,33230.769230769234,323.2424082046614
0.31,0.33,33230.769230769234,321.46958093250413
0.33,0.33,33230.769230769234,319.3018228948032
0.35,0.33,33230.769230769234,316.71639896355794
0.37,0.33,33230.769230769234,313.6844649085581
0.39,0.33,33230.769230769234,310.169598070342
0.01,0.35,33230.769230769234,309.75535941806515
0.03,0.35,33230.769230769234,312.47191996658165
0.05,0.35,33230.769230769234,314.77404205213026
0.07,0.35,33230.769230769234,316.716398963558
0.09,0.35,33230.769230769234,318.3347931418318
0.11,0.35,33230.769230769234,319.65342670292426
0.13,0.35,33230.769230769234,320.6895475952135
0.15,0.35,33230.769230769234,321.4558698727251
0.17,0.35,33230.769230769234,321.9616375083512
0.19,0.35,33230.769230769234,322.2129828457542
0.21,0.35,33230.769230769234,322.2129828457542
0.23,0.35,33230.769230769234,321.96163750835126
0.25,0.35,33230.769230769234,321.45586987272515
0.27,0.35,33230.769230769234,320.6895475952136
0.29,0.35,33230.769230769234,319.6534267029242
0.31,0.35,33230.769230769234,318.3347931418318
0.33,0.35,33230.769230769234,316.71639896355794
0.35,0.35,33230.769230769234,314.7740420521302
0.37,0.35,33230.769230769234,312.4719199665816
0.39,0.35,33230.769230769234,309.75535941806515
0.01,0.37,33230.769230769234,309.2499963308772
0.03,0.37,33230.769230769234,311.015491089755
0.05,0.37,33230.769230769234,312.47191996658165
0.07,0.37,33230.769230769234,313.68446490855814
0.09,0.37,33230.769230769234,314.68794983513226
0.11,0.37,33230.769230769234,315.5026380702898
0.13,0.37,33230.769230769234,316.14151510169046
0.15,0.37,33230.769230769234,316.61350352917816
0.17,0.37,33230.769230769234,316.92481686761585
0.19,0.37,33230.769230769234,317.079476961891
0.21,0.37,33230.769230769234,317.079476961891
0.23,0.37,33230.769230769234,316.92481686761585
0.25,0.37,33230.769230769234,316.61350352917816
0.27,0.37,33230.769230769234,316.1415151016905
0.29,0.37,33230.769230769234,315.50263807028983
0.31,0.37,33230.769230769234,314.68794983513226
0.33,0.37,33230.769230769234,313.68446490855814
0.35,0.37,33230.769230769234,312.47191996658165
0.37,0.37,33230.769230769234,311.015491089755
0.39,0.37,33230.769230769234,309.2499963308772
0.01,0.39,33230.769230769234,308.60875263262113
0.03,0.39,33230.769230769234,309.2499963308772
0.05,0.39,33230.769230769234,309.75535941806515
0.07,0.39,33230.769230769234,310.1695980703421
0.09,0.39,33230.769230769234,310.5103854128975
0.11,0.39,33230.769230769234,310.7863396181048
0.13,0.39,33230.769230769234,311.00246716743953
0.15,0.39,33230.769230769234,311.16202992803653
0.17,0.39,33230.769230769234,311.2672356280923
0.19,0.39,33230.769230769234,311.31949211484186
0.21,0.39,33230.769230769234,311.31949211484186
0.23,0.39,33230.769230769234,311.2672356280923
0.25,0.39,33230.769230769234,311.1620299280366
0.27,0.39,33230.769230769234,311.0024671674396
0.29,0.39,33230.769230769234,310.7863396181048
0.31,0.39,33230.769230769234,310.51038541289745
0.33,0.39,33230.769230769234,310.169598070342
0.35,0.39,33230.769230769234,309.75535941806515
0.37,0.39,33230.769230769234,309.2499963308772
0.39,0.39,33230.769230769234,308.60875263262113
0.01,0.01,35076.92307692308,308.58005611507105
0.03,0.01,35076.92307692308,309.18303611749576
0.05,0.01,35076.92307692308,309.6599507246464
0.07,0.01,35076.92307692308,310.05239482231644
0.09,0.01,35076.92307692308,310.37654377126404
0.11,0.01,35076.92307692308,310.64004348914284
0.13,0.01,35076.92307692308,310.84714723734726
0.15,0.01,35076.92307692308,311.00050600621296
0.17,0.01,35076.92307692308,311.10185145135205
0.19,0.01,35076.92307692308,311.15226217152514
0.21,0.01,35076.92307692308,311.15226217152514
0.23,0.01,35076.92307692308,311.10185145135205
0.25,0.01,35076.92307692308,311.000506006213
0.27,0.01,35076.92307692308,310.84714723734726
0.29,0.01,35076.92307692308,310.64004348914284
0.31,0.01,35076.92307692308,310.37654377126404
0.33,0.01,35076.92307692308,310.05239482231644
0.35,0.01,35076.92307692308,309.6599507246464
0.37,0.01,35076.92307692308,309.1830361174957
0.39,0.01,35076.92307692308,308.5800561150711
0.01,0.03,35076.92307692308,309.1830361174957
0.03,0.03,35076.92307692308,310.8450976551231
0.05,0.03,35076.92307692308,312.220687237952
0.07,0.03,35076.92307692308,313.37022067975545
0.09,0.03,35076.92307692308,314.3252870473696
0.11,0.03,35076.92307692308,315.10363476600213
0.13,0.03,35076.92307692308,315.71615092671993
0.15,0.03,35076.92307692308,316.1700068333994
0.17,0.03,35076.92307692308,316.4700355224289
0.19,0.03,35076.92307692308,316.6192995602709
0.21,0.03,35076.92307692308,316.6192995602709
0.23,0.03,35076.92307692308,316.4700355224288
0.25,0.03,35076.92307692308,316.1700068333994
0.27,0.03,35076.92307692308,315.71615092671993
0.29,0.03,35076.92307692308,315.1036347660021
0.31,0.03,35076.92307692308,314.3252870473696
0.33,0.03,35076.92307692308,313.37022067975545
0.35,0.03,35076.92307692308,312.22068723795206
0.37,0.03,35076.92307692308,310.8450976551231
0.39,0.03,35076.92307692308,309.1830361174957
0.01,0.05,35076.92307692308,309.6599507246464
0.03,0.05,35076.92307692308,312.220687237952
0.05,0.05,35076.92307692308,314.39751212375296
0.07,0.05,35076.92307692308,316.2408299397208
0.09,0.05,35076.92307692308,317.7826002607516
0.11,0.05,35076.92307692308,319.04353507692946
0.13,0.05,35076.92307692308,320.0377409398554
0.15,0.05,35076.92307692308,320.7752164481857
0.17,0.05,35076.92307692308,321.2630300027765
0.19,0.05,35076.92307692308,321.50579066951065
0.21,0.05,35076.92307692308,321.50579066951065
0.23,0.05,35076.92307692308,321.26303000277653
0.25,0.05,35076.92307692308,320.77521644818574
0.27,0.05,35076.92307692308,320.03774093985544
0.29,0.05,35076.92307692308,319.0435350769295
0.31,0.05,35076.92307692308,317.7826002607515
0.33,0.05,35076.92307692308,316.2408299397208
0.35,0.05,35076.92307692308,314.39751212375296
0.37,0.05,35076.92307692308,312.22068723795206
0.39,0.05,35076.92307692308,309.6599507246464
0.01,0.07,35076.92307692308,310.05239482231644
0.03,0.07,35076.92307692308,313.37022067975545
0.05,0.07,35076.92307692308,316.2408299397208
0.07,0.07,35076.92307692308,318.6973880809672
0.09,0.07,35076.92307692308,320.7648622552936
0.11,0.07,35076.92307692308,322.4619465535648
0.13,0.07,35076.92307692308,323.8029580110663
0.15,0.07,35076.92307692308,324.79897086778954
0.17,0.07,35076.92307692308,325.45828902932897
0.19,0.07,35076.92307692308,325.78652560873303
0.21,0.07,35076.92307692308,325.78652560873303
0.23,0.07,35076.92307692308,325.45828902932897
0.25,0.07,35076.92307692308,324.79897086778954
0.27,0.07,35076.92307692308,323.8029580110663
0.29,0.07,35076.92307692308,322.4619465535648
0.31,0.07,35076.92307692308,320.7648622552936
0.33,0.07,35076.92307692308,318.6973880809672
0.35,0.07,35076.92307692308,316.24082993972075
0.37,0.07,35076.92307692308,313.3702206797555
0.39,0.07,35076.92307692308,310.0523948223165
0.01,0.09,35076.92307692308,310.37654377126404
0.03,0.09,35076.92307692308,314.3252870473696
0.05,0.09,35076.92307692308,317.7826002607516
0.07,0.09,35076.92307692308,320.7648622552936
0.09,0.09,35076.92307692308,323.28778086640807
0.11,0.09,35076.92307692308,325.3655761225047
0.13,0.09,35076.92307692308,327.010860232319
0.15,0.09,35076.92307692308,328.2344592581286
0.17,0.09,35076.92307692308,329.0450599457567
0.19,0.09,35076.92307692308,329.44877735567223
0.21,0.09,35076.92307692308,329.44877735567223
0.23,0.09,35076.92307692308,329.04505994575675
0.25,0.09,35076.92307692308,328.2344592581286
0.27,0.09,35076.92307692308,327.010860232319
0.29,0.09,35076.92307692308,325.3655761225047
0.31,0.09,35076.92307692308,323.28778086640807
0.33,0.09,35076.92307692308,320.7648622552936
0.35,0.09,35076.92307692308,317.7826002607515
0.37,0.09,35076.92307692308,314.3252870473696
0.39,0.09,35076.92307692308,310.37654377126404
0.01,0.11,35076.92307692308,310.6400434891429
0.03,0.11,35076.92307692308,315.10363476600213
0.05,0.11,35076.92307692308,319.04353507692946
0.07,0.11,35076.92307692308,322.4619465535648
0.09,0.11,35076.92307692308,325.3655761225047
0.11,0.11,35076.92307692308,327.7634926707391
0.13,0.11,35076.92307692308,329.6657302169811
0.15,0.11,35076.92307692308,331.0820954471019
0.17,0.11,35076.92307692308,332.0210783478612
0.19,0.11,35076.92307692308,332.4889186980536
0.21,0.11,35076.92307692308,332.4889186980536
0.23,0.11,35076.92307692308,332.0210783478612
0.25,0.11,35076.92307692308,331.08209544710184
0.27,0.11,35076.92307692308,329.6657302169811
0.29,0.11,35076.92307692308,327.76349267073914
0.31,0.11,35076.92307692308,325.3655761225047
0.33,0.11,35076.92307692308,322.4619465535648
0.35,0.11,35076.92307692308,319.04353507692946
0.37,0.11,35076.92307692308,315.10363476600213
0.39,0.11,35076.92307692308,310.6400434891429
0.01,0.13,35076.92307692308,310.84714723734726
0.03,0.13,35076.92307692308,315.7161509267199
0.05,0.13,35076.92307692308,320.0377409398554
0.07,0.13,35076.92307692308,323.8029580110663
0.09,0.13,35076.92307692308,327.010860232319
0.11,0.13,35076.92307692308,329.66573021698105
0.13,0.13,35076.92307692308,331.7749101651161
0.15,0.13,35076.92307692308,333.3469006732193
0.17,0.13,35076.92307692308,334.3896975348073
0.19,0.13,35076.92307692308,334.909437311715
0.21,0.13,35076.92307692308,334.9094373117149
0.23,0.13,35076.92307692308,334.3896975348072
0.25,0.13,35076.92307692308,333.3469006732193
0.27,0.13,35076.92307692308,331.77491016511607
0.29,0.13,35076.92307692308,329.6657302169811
0.31,0.13,35076.92307692308,327.0108602323189
0.33,0.13,35076.92307692308,323.8029580110663
0.35,0.13,35076.92307692308,320.0377409398554
0.37,0.13,35076.92307692308,315.71615092671993
0.39,0.13,35076.92307692308,310.84714723734726
0.01,0.15,35076.92307692308,311.00050600621296
0.03,0.15,35076.92307692308,316.1700068333994
0.05,0.15,35076.92307692308,320.7752164481857
0.07,0.15,35076.92307692308,324.79897086778954
0.09,0.15,35076.92307692308,328.23445925812854
0.11,0.15,35076.92307692308,331.08209544710184
0.13,0.15,35076.92307692308,333.3469006732193
0.15,0.15,35076.92307692308,335.0361387506544
0.17,0.15,35076.92307692308,336.1572465616362
0.19,0.15,35076.92307692308,336.7161644412448
0.21,0.15,35076.92307692308,336.7161644412448
0.23,0.15,35076.92307692308,336.1572465616361
0.25,0.15,35076.92307692308,335.0361387506543
0.27,0.15,35076.92307692308,333.3469006732193
0.29,0.15,35076.92307692308,331.08209544710184
0.31,0.15,35076.92307692308,328.23445925812854
0.33,0.15,35076.92307692308,324.79897086778954
0.35,0.15,35076.92307692308,320.77521644818574
0.37,0.15,35076.92307692308,316.1700068333994
0.39,0.15,35076.92307692308,311.00050600621296
0.01,0.17,35076.92307692308,311.10185145135205
0.03,0.17,35076.92307692308,316.4700355224288
0.05,0.17,35076.92307692308,321.2630300027765
0.07,0.17,35076.92307692308,325.4582890293289
0.09,0.17,35076.92307692308,329.0450599457567
0.11,0.17,35076.92307692308,332.0210783478612
0.13,0.17,35076.92307692308,334.38969753480734
0.15,0.17,35076.92307692308,336.15724656163627
0.17,0.17,35076.92307692308,337.33070489073407
0.19,0.17,35076.92307692308,337.9158266024105
0.21,0.17,35076.92307692308,337.91582660241045
0.23,0.17,35076.92307692308,337.33070489073395
0.25,0.17,35076.92307692308,336.15724656163616
0.27,0.17,35076.92307692308,334.3896975348072
0.29,0.17,35076.92307692308,332.0210783478612
0.31,0.17,35076.92307692308,329.0450599457567
0.33,0.17,35076.92307692308,325.4582890293289
0.35,0.17,35076.92307692308,321.26303000277653
0.37,0.17,35076.92307692308,316.4700355224289
0.39,0.17,35076.92307692308,311.1018514513521
0.01,0.19,35076.92307692308,311.15226217152514
0.03,0.19,35076.92307692308,316.6192995602709
0.05,0.19,35076.92307692308,321.50579066951065
0.07,0.19,35076.92307692308,325.78652560873303
0.09,0.19,35076.92307692308,329.44877735567223
0.11,0.19,35076.92307692308,332.48891869805374
0.13,0.19,35076.92307692308,334.9094373117151
0.15,0.19,35076.92307692308,336.71616444124487
0.17,0.19,35076.92307692308,337.9158266024105
0.19,0.19,35076.92307692308,338.5140685219903
0.21,0.19,35076.92307692308,338.5140685219903
0.23,0.19,35076.92307692308,337.9158266024104
0.25,0.19,35076.92307692308,336.7161644412448
0.27,0.19,35076.92307692308,334.909437311715
0.29,0.19,35076.92307692308,332.4889186980537
0.31,0.19,35076.92307692308,329.44877735567223
0.33,0.19,35076.92307692308,325.78652560873303
0.35,0.19,35076.92307692308,321.50579066951065
0.37,0.19,35076.92307692308,316.6192995602709
0.39,0.19,35076.92307692308,311.1522621715252
0.01,0.21,35076.92307692308,311.15226217152514
0.03,0.21,35076.92307692308,316.6192995602709
0.05,0.21,35076.92307692308,321.50579066951065
0.07,0.21,35076.92307692308,325.78652560873303
0.09,0.21,35076.92307692308,329.4487773556723
0.11,0.21,35076.92307692308,332.48891869805374
0.13,0.21,35076.92307692308,334.9094373117152
0.15,0.21,35076.92307692308,336.7161644412449
0.17,0.21,35076.92307692308,337.9158266024105
0.19,0.21,35076.92307692308,338.5140685219903
0.21,0.21,35076.92307692308,338.5140685219903
0.23,0.21,35076.92307692308,337.91582660241045
0.25,0.21,35076.92307692308,336.71616444124487
0.27,0.21,35076.92307692308,334.90943731171507
0.29,0.21,35076.92307692308,332.48891869805374
0.31,0.21,35076.92307692308,329.4487773556723
0.33,0.21,35076.92307692308,325.7865256087331
0.35,0.21,35076.92307692308,321.50579066951065
0.37,0.21,35076.92307692308,316.619299560271
0.39,0.21,35076.92307692308,311.15226217152514
0.01,0.23,35076.92307692308,311.10185145135205
0.03,0.23,35076.92307692308,316.4700355224288
0.05,0.23,35076.92307692308,321.2630300027765
0.07,0.23,35076.92307692308,325.45828902932897
0.09,0.23,35076.92307692308,329.04505994575675
0.11,0.23,35076.92307692308,332.0210783478613
0.13,0.23,35076.92307692308,334.3896975348074
0.15,0.23,35076.92307692308,336.15724656163627
0.17,0.23,35076.92307692308,337.3307048907341
0.19,0.23,35076.92307692308,337.9158266024105
0.21,0.23,35076.92307692308,337.9158266024105
0.23,0.23,35076.92307692308,337.33070489073407
0.25,0.23,35076.92307692308,336.1572465616362
0.27,0.23,35076.92307692308,334.38969753480734
0.29,0.23,35076.92307692308,332.02107834786125
0.31,0.23,35076.92307692308,329.0450599457568
0.33,0.23,35076.92307692308,325.458289029329
0.35,0.23,35076.92307692308,321.26303000277653
0.37,0.23,35076.92307692308,316.4700355224289
0.39,0.23,35076.92307692308,311.10185145135205
0.01,0.25,35076.92307692308,311.0005060062129
0.03,0.25,35076.92307692308,316.1700068333993
0.05,0.25,35076.92307692308,320.77521644818563
0.07,0.25,35076.92307692308,324.7989708677895
0.09,0.25,35076.92307692308,328.23445925812854
0.11,0.25,35076.92307692308,331.0820954471019
0.13,0.25,35076.92307692308,333.3469006732193
0.15,0.25,35076.92307692308,335.0361387506544
0.17,0.25,35076.92307692308,336.1572465616363
0.19,0.25,35076.92307692308,336.7161644412449
0.21,0.25,35076.92307692308,336.71616444124487
0.23,0.25,35076.92307692308,336.15724656163627
0.25,0.25,35076.92307692308,335.0361387506544
0.27,0.25,35076.92307692308,333.3469006732193
0.29,0.25,35076.92307692308,331.08209544710195
0.31,0.25,35076.92307692308,328.23445925812865
0.33,0.25,35076.92307692308,324.7989708677896
0.35,0.25,35076.92307692308,320.77521644818574
0.37,0.25,35076.92307692308,316.1700068333994
0.39,0.25,35076.92307692308,311.00050600621296
0.01,0.27,35076.92307692308,310.84714723734726
0.03,0.27,35076.92307692308,315.7161509267199
0.05,0.27,35076.92307692308,320.0377409398553
0.07,0.27,35076.92307692308,323.80295801106627
0.09,0.27,35076.92307692308,327.0108602323189
0.11,0.27,35076.92307692308,329.6657302169811
0.13,0.27,35076.92307692308,331.7749101651161
0.15,0.27,35076.92307692308,333.3469006732193
0.17,0.27,35076.92307692308,334.38969753480734
0.19,0.27,35076.92307692308,334.90943731171507
0.21,0.27,35076.92307692308,334.90943731171507
0.23,0.27,35076.92307692308,334.38969753480734
0.25,0.27,35076.92307692308,333.3469006732193
0.27,0.27,35076.92307692308,331.7749101651161
0.29,0.27,35076.92307692308,329.6657302169812
0.31,0.27,35076.92307692308,327.01086023231903
0.33,0.27,35076.92307692308,323.80295801106644
0.35,0.27,35076.92307692308,320.03774093985544
0.37,0.27,35076.92307692308,315.71615092671993
0.39,0.27,35076.92307692308,310.84714723734726
0.01,0.29,35076.92307692308,310.6400434891429
0.03,0.29,35076.92307692308,315.1036347660021
0.05,0.29,35076.92307692308,319.04353507692946
0.07,0.29,35076.92307692308,322.4619465535648
0.09,0.29,35076.92307692308,325.3655761225047
0.11,0.29,35076.92307692308,327.76349267073914
0.13,0.29,35076.92307692308,329.6657302169811
0.15,0.29,35076.92307692308,331.0820954471019
0.17,0.29,35076.92307692308,332.02107834786125
0.19,0.29,35076.92307692308,332.48891869805374
0.21,0.29,35076.92307692308,332.48891869805374
0.23,0.29,35076.92307692308,332.0210783478612
0.25,0.29,35076.92307692308,331.0820954471019
0.27,0.29,35076.92307692308,329.6657302169811
0.29,0.29,35076.92307692308,327.76349267073914
0.31,0.29,35076.92307692308,325.3655761225048
0.33,0.29,35076.92307692308,322.46194655356487
0.35,0.29,35076.92307692308,319.0435350769295
0.37,0.29,35076.92307692308,315.1036347660022
0.39,0.29,35076.92307692308,310.6400434891429
0.01,0.31,35076.92307692308,310.37654377126404
0.03,0.31,35076.92307692308,314.3252870473696
0.05,0.31,35076.92307692308,317.7826002607516
0.07,0.31,35076.92307692308,320.7648622552936
0.09,0.31,35076.92307692308,323.28778086640807
0.11,0.31,35076.92307692308,325.3655761225047
0.13,0.31,35076.92307692308,327.010860232319
0.15,0.31,35076.92307692308,328.2344592581286
0.17,0.31,35076.92307692308,329.04505994575675
0.19,0.31,35076.92307692308,329.44877735567223
0.21,0.31,35076.92307692308,329.44877735567223
0.23,0.31,35076.92307692308,329.0450599457567
0.25,0.31,35076.92307692308,328.23445925812854
0.27,0.31,35076.92307692308,327.010860232319
0.29,0.31,35076.92307692308,325.3655761225047
0.31,0.31,35076.92307692308,323.2877808664081
0.33,0.31,35076.92307692308,320.7648622552936
0.35,0.31,35076.92307692308,317.7826002607516
0.37,0.31,35076.92307692308,314.3252870473696
0.39,0.31,35076.92307692308,310.3765437712641
0.01,0.33,35076.92307692308,310.05239482231644
0.03,0.33,35076.92307692308,313.37022067975545
0.05,0.33,35076.92307692308,316.2408299397208
0.07,0.33,35076.92307692308,318.6973880809672
0.09,0.33,35076.92307692308,320.7648622552936
0.11,0.33,35076.92307692308,322.4619465535648
0.13,0.33,35076.92307692308,323.8029580110663
0.15,0.33,35076.92307692308,324.7989708677895
0.17,0.33,35076.92307692308,325.4582890293289
0.19,0.33,35076.92307692308,325.78652560873303
0.21,0.33,35076.92307692308,325.78652560873303
0.23,0.33,35076.92307692308,325.45828902932897
0.25,0.33,35076.92307692308,324.79897086778954
0.27,0.33,35076.92307692308,323.8029580110663
0.29,0.33,35076.92307692308,322.4619465535648
0.31,0.33,35076.92307692308,320.7648622552936
0.33,0.33,35076.92307692308,318.6973880809672
0.35,0.33,35076.92307692308,316.2408299397208
0.37,0.33,35076.92307692308,313.3702206797555
0.39,0.33,35076.92307692308,310.05239482231644
0.01,0.35,35076.92307692308,309.6599507246464
0.03,0.35,35076.92307692308,312.22068723795206
0.05,0.35,35076.92307692308,314.397512123753
0.07,0.35,35076.92307692308,316.2408299397208
0.09,0.35,35076.92307692308,317.7826002607515
0.11,0.35,35076.92307692308,319.04353507692946
0.13,0.35,35076.92307692308,320.0377409398554
0.15,0.35,35076.92307692308,320.7752164481857
0.17,0.35,35076.92307692308,321.2630300027765
0.19,0.35,35076.92307692308,321.50579066951065
0.21,0.35,35076.92307692308,321.50579066951065
0.23,0.35,35076.92307692308,321.26303000277653
0.25,0.35,35076.92307692308,320.77521644818574
0.27,0.35,35076.92307692308,320.0377409398554
0.29,0.35,35076.92307692308,319.0435350769295
0.31,0.35,35076.92307692308,317.7826002607515
0.33,0.35,35076.92307692308,316.2408299397208
0.35,0.35,35076.92307692308,314.397512123753
0.37,0.35,35076.92307692308,312.220687237952
0.39,0.35,35076.92307692308,309.6599507246464
0.01,0.37,35076.92307692308,309.1830361174957
0.03,0.37,35076.92307692308,310.8450976551231
0.05,0.37,35076.92307692308,312.22068723795206
0.07,0.37,35076.92307692308,313.37022067975545
0.09,0.37,35076.92307692308,314.3252870473695
0.11,0.37,35076.92307692308,315.10363476600213
0.13,0.37,35076.92307692308,315.71615092671993
0.15,0.37,35076.92307692308,316.1700068333994
0.17,0.37,35076.92307692308,316.4700355224288
0.19,0.37,35076.92307692308,316.619299560271
0.21,0.37,35076.92307692308,316.619299560271
0.23,0.37,35076.92307692308,316.4700355224289
0.25,0.37,35076.92307692308,316.17000683339944
0.27,0.37,35076.92307692308,315.71615092672
0.29,0.37,35076.92307692308,315.10363476600213
0.31,0.37,35076.92307692308,314.3252870473695
0.33,0.37,35076.92307692308,313.37022067975545
0.35,0.37,35076.92307692308,312.22068723795206
0.37,0.37,35076.92307692308,310.8450976551231
0.39,0.37,35076.92307692308,309.1830361174957
0.01,0.39,35076.92307692308,308.5800561150711
0.03,0.39,35076.92307692308,309.18303611749576
0.05,0.39,35076.92307692308,309.6599507246464
0.07,0.39,35076.92307692308,310.05239482231644
0.09,0.39,35076.92307692308,310.37654377126404
0.11,0.39,35076.92307692308,310.6400434891429
0.13,0.39,35076.92307692308,310.84714723734726
0.15,0.39,35076.92307692308,311.00050600621296
0.17,0.39,35076.92307692308,311.10185145135205
0.19,0.39,35076.92307692308,311.15226217152514
0.21,0.39,35076.92307692308,311.15226217152514
0.23,0.39,35076.92307692308,311.10185145135205
0.25,0.39,35076.92307692308,311.000506006213
0.27,0.39,35076.92307692308,310.84714723734726
0.29,0.39,35076.92307692308,310.6400434891429
0.31,0.39,35076.92307692308,310.37654377126404
0.33,0.39,35076.92307692308,310.05239482231644
0.35,0.39,35076.92307692308,309.6599507246464
0.37,0.39,35076.92307692308,309.1830361174957
0.39,0.39,35076.92307692308,308.58005611507105
0.01,0.01,36923.07692307692,308.55349317791706
0.03,0.01,36923.07692307692,309.12030605648874
0.05,0.01,36923.07692307692,309.56976051431417
0.07,0.01,36923.07692307692,309.9407020297247
0.09,0.01,36923.07692307692,310.2480483461416
0.11,0.01,36923.07692307692,310.4986577109079
0.13,0.01,36923.07692307692,310.6961862647107
0.15,0.01,36923.07692307692,310.8428051952185
0.17,0.01,36923.07692307692,310.93987330682666
0.19,0.01,36923.07692307692,310.9882114269911
0.21,0.01,36923.07692307692,310.9882114269911
0.23,0.01,36923.07692307692,310.9398733068267
0.25,0.01,36923.07692307692,310.84280519521843
0.27,0.01,36923.07692307692,310.69618626471066
0.29,0.01,36923.07692307692,310.4986577109079
0.31,0.01,36923.07692307692,310.2480483461416
0.33,0.01,36923.07692307692,309.9407020297247
0.35,0.01,36923.07692307692,309.56976051431417
0.37,0.01,36923.07692307692,309.12030605648874
0.39,0.01,36923.07692307692,308.5534931779171
0.01,0.03,36923.07692307692,309.1203060564887
0.03,0.03,36923.07692307692,310.68392377446247
0.05,0.03,36923.07692307692,311.9811373976323
0.07,0.03,36923.07692307692,313.0682960705992
0.09,0.03,36923.07692307692,313.9743256521385
0.11,0.03,36923.07692307692,314.7149607705015
0.13,0.03,36923.07692307692,315.29943300550184
0.15,0.03,36923.07692307692,315.73353980536325
0.17,0.03,36923.07692307692,316.0210325250316
0.19,0.03,36923.07692307692,316.164221753612
0.21,0.03,36923.07692307692,316.164221753612
0.23,0.03,36923.07692307692,316.0210325250316
0.25,0.03,36923.07692307692,315.73353980536325
0.27,0.03,36923.07692307692,315.2994330055019
0.29,0.03,36923.07692307692,314.7149607705015
0.31,0.03,36923.07692307692,313.9743256521384
0.33,0.03,36923.07692307692,313.0682960705992
0.35,0.03,36923.07692307692,311.9811373976323
0.37,0.03,36923.07692307692,310.6839237744625
0.39,0.03,36923.07692307692,309.12030605648874
0.01,0.05,36923.07692307692,309.56976051431417
0.03,0.05,36923.07692307692,311.9811373976323
0.05,0.05,36923.07692307692,314.03577275291
0.07,0.05,36923.07692307692,315.7805475120478
0.09,0.05,36923.07692307692,317.24434245639867
0.11,0.05,36923.07692307692,318.4451188802323
0.13,0.05,36923.07692307692,319.3945229007654
0.15,0.05,36923.07692307692,320.1004279358701
0.17,0.05,36923.07692307692,320.5681973836583
0.19,0.05,36923.07692307692,320.8012444281227
0.21,0.05,36923.07692307692,320.8012444281227
0.23,0.05,36923.07692307692,320.5681973836583
0.25,0.05,36923.07692307692,320.10042793587
0.27,0.05,36923.07692307692,319.3945229007654
0.29,0.05,36923.07692307692,318.4451188802323
0.31,0.05,36923.07692307692,317.2443424563986
0.33,0.05,36923.07692307692,315.78054751204775
0.35,0.05,36923.07692307692,314.03577275291
0.37,0.05,36923.07692307692,311.98113739763227
0.39,0.05,36923.07692307692,309.56976051431417
0.01,0.07,36923.07692307692,309.94070202972466
0.03,0.07,36923.07692307692,313.0682960705992
0.05,0.07,36923.07692307692,315.7805475120478
0.07,0.07,36923.07692307692,318.1080922542356
0.09,0.07,36923.07692307692,320.07289871562057
0.11,0.07,36923.07692307692,321.69053312668615
0.13,0.07,36923.07692307692,322.97228695800385
0.15,0.07,36923.07692307692,323.92651657191146
0.17,0.07,36923.07692307692,324.55930178483607
0.19,0.07,36923.07692307692,324.8746801430044
0.21,0.07,36923.07692307692,324.87468014300435
0.23,0.07,36923.07692307692,324.55930178483607
0.25,0.07,36923.07692307692,323.92651657191146
0.27,0.07,36923.07692307692,322.9722869580039
0.29,0.07,36923.07692307692,321.6905331266862
0.31,0.07,36923.07692307692,320.07289871562057
0.33,0.07,36923.07692307692,318.10809225423566
0.35,0.07,36923.07692307692,315.78054751204775
0.37,0.07,36923.07692307692,313.0682960705992
0.39,0.07,36923.07692307692,309.9407020297247
0.01,0.09,36923.07692307692,310.2480483461416
0.03,0.09,36923.07692307692,313.9743256521384
0.05,0.09,36923.07692307692,317.24434245639867
0.07,0.09,36923.07692307692,320.07289871562057
0.09,0.09,36923.07692307692,322.4729563282854
0.11,0.09,36923.07692307692,324.4554365317426
0.13,0.09,36923.07692307692,326.02954061299226
0.15,0.09,36923.07692307692,327.20292486042115
0.17,0.09,36923.07692307692,327.9816354754069
0.19,0.09,36923.07692307692,328.3698993311831
0.21,0.09,36923.07692307692,328.36989933118315
0.23,0.09,36923.07692307692,327.9816354754069
0.25,0.09,36923.07692307692,327.20292486042115
0.27,0.09,36923.07692307692,326.0295406129923
0.29,0.09,36923.07692307692,324.45543653174263
0.31,0.09,36923.07692307692,322.4729563282855
0.33,0.09,36923.07692307692,320.07289871562057
0.35,0.09,36923.07692307692,317.2443424563986
0.37,0.09,36923.07692307692,313.9743256521384
0.39,0.09,36923.07692307692,310.2480483461416
0.01,0.11,36923.07692307692,310.4986577109078
0.03,0.11,36923.07692307692,314.7149607705015
0.05,0.11,36923.07692307692,318.4451188802323
0.07,0.11,36923.07692307692,321.69053312668615
0.09,0.11,36923.07692307692,324.45543653174263
0.11,0.11,36923.07692307692,326.7455295523541
0.13,0.11,36923.07692307692,328.5671720895053
0.15,0.11,36923.07692307692,329.9266628169092
0.17,0.11,36923.07692307692,330.8295264871474
0.19,0.11,36923.07692307692,331.2798657017913
0.21,0.11,36923.07692307692,331.2798657017913
0.23,0.11,36923.07692307692,330.82952648714735
0.25,0.11,36923.07692307692,329.9266628169091
0.27,0.11,36923.07692307692,328.5671720895052
0.29,0.11,36923.07692307692,326.7455295523541
0.31,0.11,36923.07692307692,324.45543653174263
0.33,0.11,36923.07692307692,321.6905331266862
0.35,0.11,36923.07692307692,318.4451188802323
0.37,0.11,36923.07692307692,314.7149607705015
0.39,0.11,36923.07692307692,310.4986577109078
0.01,0.13,36923.07692307692,310.6961862647107
0.03,0.13,36923.07692307692,315.2994330055019
0.05,0.13,36923.07692307692,319.3945229007654
0.07,0.13,36923.07692307692,322.9722869580039
0.09,0.13,36923.07692307692,326.0295406129923
0.11,0.13,36923.07692307692,328.5671720895053
0.13,0.13,36923.07692307692,330.5886681069276
0.15,0.13,36923.07692307692,332.09877283486594
0.17,0.13,36923.07692307692,333.1022715104376
0.19,0.13,36923.07692307692,333.60297248381664
0.21,0.13,36923.07692307692,333.6029724838166
0.23,0.13,36923.07692307692,333.1022715104375
0.25,0.13,36923.07692307692,332.0987728348659
0.27,0.13,36923.07692307692,330.5886681069275
0.29,0.13,36923.07692307692,328.5671720895052
0.31,0.13,36923.07692307692,326.02954061299226
0.33,0.13,36923.07692307692,322.97228695800385
0.35,0.13,36923.07692307692,319.3945229007654
0.37,0.13,36923.07692307692,315.29943300550184
0.39,0.13,36923.07692307692,310.69618626471066
0.01,0.15,36923.07692307692,310.8428051952185
0.03,0.15,36923.07692307692,315.7335398053633
0.05,0.15,36923.07692307692,320.1004279358701
0.07,0.15,36923.07692307692,323.9265165719115
0.09,0.15,36923.07692307692,327.2029248604212
0.11,0.15,36923.07692307692,329.9266628169092
0.13,0.15,36923.07692307692,332.098772834866
0.15,0.15,36923.07692307692,333.72258694637225
0.17,0.15,36923.07692307692,334.8021553088827
0.19,0.15,36923.07692307692,335.3409515185792
0.21,0.15,36923.07692307692,335.3409515185792
0.23,0.15,36923.07692307692,334.8021553088827
0.25,0.15,36923.07692307692,333.7225869463722
0.27,0.15,36923.07692307692,332.0987728348659
0.29,0.15,36923.07692307692,329.9266628169092
0.31,0.15,36923.07692307692,327.20292486042115
0.33,0.15,36923.07692307692,323.92651657191146
0.35,0.15,36923.07692307692,320.1004279358701
0.37,0.15,36923.07692307692,315.73353980536325
0.39,0.15,36923.07692307692,310.84280519521843
0.01,0.17,36923.07692307692,310.9398733068267
0.03,0.17,36923.07692307692,316.0210325250316
0.05,0.17,36923.07692307692,320.5681973836584
0.07,0.17,36923.07692307692,324.5593017848361
0.09,0.17,36923.07692307692,327.98163547540696
0.11,0.17,36923.07692307692,330.82952648714746
0.13,0.17,36923.07692307692,333.1022715104377
0.15,0.17,36923.07692307692,334.80215530888273
0.17,0.17,36923.07692307692,335.9326565686065
0.19,0.17,36923.07692307692,336.4969724573162
0.21,0.17,36923.07692307692,336.4969724573162
0.23,0.17,36923.07692307692,335.93265656860643
0.25,0.17,36923.07692307692,334.8021553088827
0.27,0.17,36923.07692307692,333.1022715104376
0.29,0.17,36923.07692307692,330.8295264871474
0.31,0.17,36923.07692307692,327.98163547540696
0.33,0.17,36923.07692307692,324.55930178483607
0.35,0.17,36923.07692307692,320.56819738365834
0.37,0.17,36923.07692307692,316.0210325250316
0.39,0.17,36923.07692307692,310.9398733068268
0.01,0.19,36923.07692307692,310.9882114269911
0.03,0.19,36923.07692307692,316.164221753612
0.05,0.19,36923.07692307692,320.80124442812274
0.07,0.19,36923.07692307692,324.8746801430044
0.09,0.19,36923.07692307692,328.3698993311832
0.11,0.19,36923.07692307692,331.2798657017914
0.13,0.19,36923.07692307692,333.6029724838168
0.15,0.19,36923.07692307692,335.34095151857923
0.17,0.19,36923.07692307692,336.4969724573162
0.19,0.19,36923.07692307692,337.0740786532264
0.21,0.19,36923.07692307692,337.0740786532264
0.23,0.19,36923.07692307692,336.49697245731613
0.25,0.19,36923.07692307692,335.3409515185792
0.27,0.19,36923.07692307692,333.60297248381664
0.29,0.19,36923.07692307692,331.2798657017914
0.31,0.19,36923.07692307692,328.36989933118315
0.33,0.19,36923.07692307692,324.8746801430044
0.35,0.19,36923.07692307692,320.8012444281227
0.37,0.19,36923.07692307692,316.164221753612
0.39,0.19,36923.07692307692,310.9882114269911
0.01,0.21,36923.07692307692,310.9882114269911
0.03,0.21,36923.07692307692,316.164221753612
0.05,0.21,36923.07692307692,320.80124442812274
0.07,0.21,36923.07692307692,324.87468014300447
0.09,0.21,36923.07692307692,328.3698993311832
0.11,0.21,36923.07692307692,331.2798657017914
0.13,0.21,36923.07692307692,333.6029724838167
0.15,0.21,36923.07692307692,335.34095151857923
0.17,0.21,36923.07692307692,336.4969724573162
0.19,0.21,36923.07692307692,337.0740786532264
0.21,0.21,36923.07692307692,337.0740786532264
0.23,0.21,36923.07692307692,336.4969724573162
0.25,0.21,36923.07692307692,335.3409515185792
0.27,0.21,36923.07692307692,333.6029724838167
0.29,0.21,36923.07692307692,331.2798657017914
0.31,0.21,36923.07692307692,328.3698993311832
0.33,0.21,36923.07692307692,324.8746801430044
0.35,0.21,36923.07692307692,320.8012444281227
0.37,0.21,36923.07692307692,316.164221753612
0.39,0.21,36923.07692307692,310.9882114269911
0.01,0.23,36923.07692307692,310.9398733068267
0.03,0.23,36923.07692307692,316.0210325250316
0.05,0.23,36923.07692307692,320.5681973836583
0.07,0.23,36923.07692307692,324.5593017848361
0.09,0.23,36923.07692307692,327.981635475407
0.11,0.23,36923.07692307692,330.8295264871475
0.13,0.23,36923.07692307692,333.1022715104377
0.15,0.23,36923.07692307692,334.8021553088828
0.17,0.23,36923.07692307692,335.93265656860655
0.19,0.23,36923.07692307692,336.4969724573162
0.21,0.23,36923.07692307692,336.49697245731625
0.23,0.23,36923.07692307692,335.9326565686065
0.25,0.23,36923.07692307692,334.80215530888273
0.27,0.23,36923.07692307692,333.1022715104377
0.29,0.23,36923.07692307692,330.82952648714746
0.31,0.23,36923.07692307692,327.98163547540696
0.33,0.23,36923.07692307692,324.5593017848361
0.35,0.23,36923.07692307692,320.56819738365834
0.37,0.23,36923.07692307692,316.0210325250316
0.39,0.23,36923.07692307692,310.9398733068267
0.01,0.25,36923.07692307692,310.8428051952185
0.03,0.25,36923.07692307692,315.7335398053632
0.05,0.25,36923.07692307692,320.10042793587
0.07,0.25,36923.07692307692,323.9265165719115
0.09,0.25,36923.07692307692,327.2029248604212
0.11,0.25,36923.07692307692,329.92666281690924
0.13,0.25,36923.07692307692,332.09877283486605
0.15,0.25,36923.07692307692,333.7225869463723
0.17,0.25,36923.07692307692,334.8021553088828
0.19,0.25,36923.07692307692,335.34095151857923
0.21,0.25,36923.07692307692,335.3409515185793
0.23,0.25,36923.07692307692,334.8021553088828
0.25,0.25,36923.07692307692,333.7225869463724
0.27,0.25,36923.07692307692,332.0987728348661
0.29,0.25,36923.07692307692,329.92666281690924
0.31,0.25,36923.07692307692,327.20292486042126
0.33,0.25,36923.07692307692,323.9265165719115
0.35,0.25,36923.07692307692,320.10042793587
0.37,0.25,36923.07692307692,315.73353980536325
0.39,0.25,36923.07692307692,310.8428051952185
0.01,0.27,36923.07692307692,310.69618626471066
0.03,0.27,36923.07692307692,315.2994330055018
0.05,0.27,36923.07692307692,319.3945229007654
0.07,0.27,36923.07692307692,322.9722869580039
0.09,0.27,36923.07692307692,326.0295406129923
0.11,0.27,36923.07692307692,328.5671720895053
0.13,0.27,36923.07692307692,330.5886681069276
0.15,0.27,36923.07692307692,332.09877283486605
0.17,0.27,36923.07692307692,333.10227151043773
0.19,0.27,36923.07692307692,333.6029724838168
0.21,0.27,36923.07692307692,333.6029724838168
0.23,0.27,36923.07692307692,333.10227151043773
0.25,0.27,36923.07692307692,332.0987728348661
0.27,0.27,36923.07692307692,330.5886681069276
0.29,0.27,36923.07692307692,328.56717208950533
0.31,0.27,36923.07692307692,326.0295406129924
0.33,0.27,36923.07692307692,322.9722869580039
0.35,0.27,36923.07692307692,319.3945229007655
0.37,0.27,36923.07692307692,315.29943300550184
0.39,0.27,36923.07692307692,310.69618626471066
0.01,0.29,36923.07692307692,310.4986577109078
0.03,0.29,36923.07692307692,314.7149607705015
0.05,0.29,36923.07692307692,318.4451188802323
0.07,0.29,36923.07692307692,321.6905331266862
0.09,0.29,36923.07692307692,324.45543653174263
0.11,0.29,36923.07692307692,326.7455295523541
0.13,0.29,36923.07692307692,328.5671720895053
0.15,0.29,36923.07692307692,329.9266628169092
0.17,0.29,36923.07692307692,330.8295264871475
0.19,0.29,36923.07692307692,331.2798657017915
0.21,0.29,36923.07692307692,331.2798657017915
0.23,0.29,36923.07692307692,330.8295264871475
0.25,0.29,36923.07692307692,329.9266628169093
0.27,0.29,36923.07692307692,328.56717208950533
0.29,0.29,36923.07692307692,326.74552955235424
0.31,0.29,36923.07692307692,324.4554365317427
0.33,0.29,36923.07692307692,321.6905331266862
0.35,0.29,36923.07692307692,318.4451188802324
0.37,0.29,36923.07692307692,314.71496077050153
0.39,0.29,36923.07692307692,310.4986577109078
0.01,0.31,36923.07692307692,310.2480483461416
0.03,0.31,36923.07692307692,313.9743256521384
0.05,0.31,36923.07692307692,317.2443424563986
0.07,0.31,36923.07692307692,320.0728987156205
0.09,0.31,36923.07692307692,322.4729563282854
0.11,0.31,36923.07692307692,324.4554365317426
0.13,0.31,36923.07692307692,326.0295406129923
0.15,0.31,36923.07692307692,327.2029248604212
0.17,0.31,36923.07692307692,327.981635475407
0.19,0.31,36923.07692307692,328.36989933118326
0.21,0.31,36923.07692307692,328.36989933118326
0.23,0.31,36923.07692307692,327.981635475407
0.25,0.31,36923.07692307692,327.20292486042126
0.27,0.31,36923.07692307692,326.02954061299243
0.29,0.31,36923.07692307692,324.4554365317427
0.31,0.31,36923.07692307692,322.4729563282855
0.33,0.31,36923.07692307692,320.07289871562057
0.35,0.31,36923.07692307692,317.24434245639867
0.37,0.31,36923.07692307692,313.9743256521384
0.39,0.31,36923.07692307692,310.2480483461416
0.01,0.33,36923.07692307692,309.9407020297247
0.03,0.33,36923.07692307692,313.0682960705992
0.05,0.33,36923.07692307692,315.78054751204775
0.07,0.33,36923.07692307692,318.1080922542356
0.09,0.33,36923.07692307692,320.0728987156205
0.11,0.33,36923.07692307692,321.6905331266861
0.13,0.33,36923.07692307692,322.97228695800385
0.15,0.33,36923.07692307692,323.92651657191146
0.17,0.33,36923.07692307692,324.5593017848361
0.19,0.33,36923.07692307692,324.87468014300447
0.21,0.33,36923.07692307692,324.87468014300447
0.23,0.33,36923.07692307692,324.5593017848362
0.25,0.33,36923.07692307692,323.9265165719116
0.27,0.33,36923.07692307692,322.972286958004
0.29,0.33,36923.07692307692,321.6905331266862
0.31,0.33,36923.07692307692,320.07289871562057
0.33,0.33,36923.07692307692,318.1080922542356
0.35,0.33,36923.07692307692,315.78054751204775
0.37,0.33,36923.07692307692,313.0682960705992
0.39,0.33,36923.07692307692,309.9407020297247
0.01,0.35,36923.07692307692,309.56976051431417
0.03,0.35,36923.07692307692,311.9811373976323
0.05,0.35,36923.07692307692,314.03577275291
0.07,0.35,36923.07692307692,315.78054751204775
0.09,0.35,36923.07692307692,317.2443424563986
0.11,0.35,36923.07692307692,318.4451188802323
0.13,0.35,36923.07692307692,319.3945229007654
0.15,0.35,36923.07692307692,320.10042793587
0.17,0.35,36923.07692307692,320.56819738365834
0.19,0.35,36923.07692307692,320.80124442812274
0.21,0.35,36923.07692307692,320.80124442812274
0.23,0.35,36923.07692307692,320.5681973836584
0.25,0.35,36923.07692307692,320.1004279358701
0.27,0.35,36923.07692307692,319.3945229007655
0.29,0.35,36923.07692307692,318.4451188802323
0.31,0.35,36923.07692307692,317.2443424563986
0.33,0.35,36923.07692307692,315.78054751204775
0.35,0.35,36923.07692307692,314.03577275291
0.37,0.35,36923.07692307692,311.98113739763227
0.39,0.35,36923.07692307692,309.5697605143141
0.01,0.37,36923.07692307692,309.1203060564887
0.03,0.37,36923.07692307692,310.68392377446247
0.05,0.37,36923.07692307692,311.9811373976323
0.07,0.37,36923.07692307692,313.0682960705992
0.09,0.37,36923.07692307692,313.9743256521384
0.11,0.37,36923.07692307692,314.7149607705015
0.13,0.37,36923.07692307692,315.29943300550184
0.15,0.37,36923.07692307692,315.73353980536325
0.17,0.37,36923.07692307692,316.0210325250316
0.19,0.37,36923.07692307692,316.164221753612
0.21,0.37,36923.07692307692,316.164221753612
0.23,0.37,36923.07692307692,316.0210325250316
0.25,0.37,36923.07692307692,315.7335398053633
0.27,0.37,36923.07692307692,315.29943300550184
0.29,0.37,36923.07692307692,314.7149607705015
0.31,0.37,36923.07692307692,313.9743256521384
0.33,0.37,36923.07692307692,313.0682960705991
0.35,0.37,36923.07692307692,311.9811373976323
0.37,0.37,36923.07692307692,310.68392377446247
0.39,0.37,36923.07692307692,309.1203060564887
0.01,0.39,36923.07692307692,308.5534931779171
0.03,0.39,36923.07692307692,309.12030605648874
0.05,0.39,36923.07692307692,309.56976051431417
0.07,0.39,36923.07692307692,309.9407020297247
0.09,0.39,36923.07692307692,310.2480483461416
0.11,0.39,36923.07692307692,310.49865771090776
0.13,0.39,36923.07692307692,310.69618626471066
0.15,0.39,36923.07692307692,310.84280519521843
0.17,0.39,36923.07692307692,310.9398733068268
0.19,0.39,36923.07692307692,310.9882114269911
0.21,0.39,36923.07692307692,310.9882114269911
0.23,0.39,36923.07692307692,310.9398733068267
0.25,0.39,36923.07692307692,310.8428051952185
0.27,0.39,36923.07692307692,310.69618626471066
0.29,0.39,36923.07692307692,310.4986577109078
0.31,0.39,36923.07692307692,310.2480483461416
0.33,0.39,36923.07692307692,309.94070202972466
0.35,0.39,36923.07692307692,309.56976051431417
0.37,0.39,36923.07692307692,309.1203060564887
0.39,0.39,36923.07692307692,308.55349317791706
0.01,0.01,38769.23076923077,308.5288992149236
0.03,0.01,38769.23076923077,309.06163949088875
0.05,0.01,38769.23076923077,309.48478421704493
0.07,0.01,38769.23076923077,309.8347705852183
0.09,0.01,38769.23076923077,310.12545280934825
0.11,0.01,38769.23076923077,310.363048795942
0.13,0.01,38769.23076923077,310.5507418509532
0.15,0.01,38769.23076923077,310.6903278789557
0.17,0.01,38769.23076923077,310.7828753369678
0.19,0.01,38769.23076923077,310.82900452683845
0.21,0.01,38769.23076923077,310.82900452683845
0.23,0.01,38769.23076923077,310.7828753369677
0.25,0.01,38769.23076923077,310.69032787895566
0.27,0.01,38769.23076923077,310.5507418509531
0.29,0.01,38769.23076923077,310.36304879594195
0.31,0.01,38769.23076923077,310.1254528093482
0.33,0.01,38769.23076923077,309.8347705852183
0.35,0.01,38769.23076923077,309.48478421704493
0.37,0.01,38769.23076923077,309.0616394908888
0.39,0.01,38769.23076923077,308.5288992149236
0.01,0.03,38769.23076923077,309.06163949088875
0.03,0.03,38769.23076923077,310.5319913159633
0.05,0.03,38769.23076923077,311.75384716466266
0.07,0.03,38769.23076923077,312.7800585931975
0.09,0.03,38769.23076923077,313.6373459344109
0.11,0.03,38769.23076923077,314.339829126688
0.13,0.03,38769.23076923077,314.89543724005114
0.15,0.03,38769.23076923077,315.3088955387785
0.17,0.03,38769.23076923077,315.583113197589
0.19,0.03,38769.23076923077,315.71981536139094
0.21,0.03,38769.23076923077,315.71981536139094
0.23,0.03,38769.23076923077,315.58311319758894
0.25,0.03,38769.23076923077,315.3088955387785
0.27,0.03,38769.23076923077,314.89543724005114
0.29,0.03,38769.23076923077,314.3398291266879
0.31,0.03,38769.23076923077,313.63734593441086
0.33,0.03,38769.23076923077,312.7800585931975
0.35,0.03,38769.23076923077,311.75384716466266
0.37,0.03,38769.23076923077,310.5319913159634
0.39,0.03,38769.23076923077,309.0616394908888
0.01,0.05,38769.23076923077,309.48478421704493
0.03,0.05,38769.23076923077,311.75384716466266
0.05,0.05,38769.23076923077,313.6904529401748
0.07,0.05,38769.23076923077,315.33855173362406
0.09,0.05,38769.23076923077,316.7245515688122
0.11,0.05,38769.23076923077,317.8642508844339
0.13,0.05,38769.23076923077,318.76737910509377
0.15,0.05,38769.23076923077,319.44015793568934
0.17,0.05,38769.23076923077,319.8866246530228
0.19,0.05,38769.23076923077,320.10926088477777
0.21,0.05,38769.23076923077,320.10926088477777
0.23,0.05,38769.23076923077,319.88662465302286
0.25,0.05,38769.23076923077,319.44015793568934
0.27,0.05,38769.23076923077,318.76737910509377
0.29,0.05,38769.23076923077,317.86425088443383
0.31,0.05,38769.23076923077,316.72455156881216
0.33,0.05,38769.23076923077,315.33855173362406
0.35,0.05,38769.23076923077,313.69045294017485
0.37,0.05,38769.23076923077,311.7538471646627
0.39,0.05,38769.23076923077,309.48478421704493
0.01,0.07,38769.23076923077,309.8347705852183
0.03,0.07,38769.23076923077,312.7800585931976
0.05,0.07,38769.23076923077,315.3385517336241
0.07,0.07,38769.23076923077,317.5389205115435
0.09,0.07,38769.23076923077,319.40082553052974
0.11,0.07,38769.23076923077,320.93743047340143
0.13,0.07,38769.23076923077,322.15769694995146
0.15,0.07,38769.23076923077,323.06787957931255
0.17,0.07,38769.23076923077,323.6723310496129
0.19,0.07,38769.23076923077,323.9738612981572
0.21,0.07,38769.23076923077,323.9738612981572
0.23,0.07,38769.23076923077,323.672331049613
0.25,0.07,38769.23076923077,323.0678795793125
0.27,0.07,38769.23076923077,322.1576969499514
0.29,0.07,38769.23076923077,320.93743047340143
0.31,0.07,38769.23076923077,319.40082553052974
0.33,0.07,38769.23076923077,317.53892051154344
0.35,0.07,38769.23076923077,315.33855173362406
0.37,0.07,38769.23076923077,312.7800585931975
0.39,0.07,38769.23076923077,309.83477058521834
0.01,0.09,38769.23076923077,310.1254528093482
0.03,0.09,38769.23076923077,313.63734593441086
0.05,0.09,38769.23076923077,316.7245515688122
0.07,0.09,38769.23076923077,319.40082553052974
0.09,0.09,38769.23076923077,321.6771297446981
0.11,0.09,38769.23076923077,323.56191366349896
0.13,0.09,38769.23076923077,325.06178213050185
0.15,0.09,38769.23076923077,326.18195262185844
0.17,0.09,38769.23076923077,326.92642431439623
0.19,0.09,38769.23076923077,327.29795281010007
0.21,0.09,38769.23076923077,327.29795281010007
0.23,0.09,38769.23076923077,326.92642431439623
0.25,0.09,38769.23076923077,326.18195262185844
0.27,0.09,38769.23076923077,325.0617821305018
0.29,0.09,38769.23076923077,323.56191366349896
0.31,0.09,38769.23076923077,321.6771297446981
0.33,0.09,38769.23076923077,319.40082553052974
0.35,0.09,38769.23076923077,316.72455156881216
0.37,0.09,38769.23076923077,313.63734593441086
0.39,0.09,38769.23076923077,310.1254528093482
0.01,0.11,38769.23076923077,310.363048795942
0.03,0.11,38769.23076923077,314.339829126688
0.05,0.11,38769.23076923077,317.8642508844339
0.07,0.11,38769.23076923077,320.93743047340143
0.09,0.11,38769.23076923077,323.56191366349896
0.11,0.11,38769.23076923077,325.7409361955983
0.13,0.11,38769.23076923077,327.47808997472595
0.15,0.11,38769.23076923077,328.77698664549894
0.17,0.11,38769.23076923077,329.64085570960026
0.19,0.11,38769.23076923077,330.0721344301988
0.21,0.11,38769.23076923077,330.0721344301988
0.23,0.11,38769.23076923077,329.6408557096002
0.25,0.11,38769.23076923077,328.7769866454989
0.27,0.11,38769.23076923077,327.4780899747259
0.29,0.11,38769.23076923077,325.74093619559824
0.31,0.11,38769.23076923077,323.56191366349896
0.33,0.11,38769.23076923077,320.93743047340143
0.35,0.11,38769.23076923077,317.8642508844339
0.37,0.11,38769.23076923077,314.339829126688
0.39,0.11,38769.23076923077,310.36304879594195
0.01,0.13,38769.23076923077,310.5507418509532
0.03,0.13,38769.23076923077,314.89543724005114
0.05,0.13,38769.23076923077,318.76737910509377
0.07,0.13,38769.23076923077,322.1576969499514
0.09,0.13,38769.23076923077,325.0617821305018
0.11,0.13,38769.23076923077,327.4780899747259
0.13,0.13,38769.23076923077,329.40722697870103
0.15,0.13,38769.23076923077,330.851070171286
0.17,0.13,38769.23076923077,331.81192251397374
0.19,0.13,38769.23076923077,332.29177799169446
0.21,0.13,38769.23076923077,332.29177799169446
0.23,0.13,38769.23076923077,331.81192251397374
0.25,0.13,38769.23076923077,330.851070171286
0.27,0.13,38769.23076923077,329.407226978701
0.29,0.13,38769.23076923077,327.47808997472583
0.31,0.13,38769.23076923077,325.06178213050174
0.33,0.13,38769.23076923077,322.1576969499514
0.35,0.13,38769.23076923077,318.76737910509377
0.37,0.13,38769.23076923077,314.89543724005114
0.39,0.13,38769.23076923077,310.5507418509531
0.01,0.15,38769.23076923077,310.6903278789557
0.03,0.15,38769.23076923077,315.3088955387785
0.05,0.15,38769.23076923077,319.44015793568934
0.07,0.15,38769.23076923077,323.0678795793125
0.09,0.15,38769.23076923077,326.18195262185844
0.11,0.15,38769.23076923077,328.77698664549894
0.13,0.15,38769.23076923077,330.851070171286
0.15,0.15,38769.23076923077,332.40454184442854
0.17,0.15,38769.23076923077,333.43883534919524
0.19,0.15,38769.23076923077,333.955501668591
0.21,0.15,38769.23076923077,333.955501668591
0.23,0.15,38769.23076923077,333.43883534919524
0.25,0.15,38769.23076923077,332.40454184442854
0.27,0.15,38769.23076923077,330.851070171286
0.29,0.15,38769.23076923077,328.7769866454989
0.31,0.15,38769.23076923077,326.1819526218584
0.33,0.15,38769.23076923077,323.0678795793125
0.35,0.15,38769.23076923077,319.44015793568934
0.37,0.15,38769.23076923077,315.3088955387785
0.39,0.15,38769.23076923077,310.6903278789557
0.01,0.17,38769.23076923077,310.7828753369677
0.03,0.17,38769.23076923077,315.583113197589
0.05,0.17,38769.23076923077,319.88662465302286
0.07,0.17,38769.23076923077,323.6723310496129
0.09,0.17,38769.23076923077,326.92642431439623
0.11,0.17,38769.23076923077,329.64085570960026
0.13,0.17,38769.23076923077,331.81192251397374
0.15,0.17,38769.23076923077,333.43883534919524
0.17,0.17,38769.23076923077,334.52236950388755
0.19,0.17,38769.23076923077,335.0637289309239
0.21,0.17,38769.23076923077,335.063728930924
0.23,0.17,38769.23076923077,334.52236950388755
0.25,0.17,38769.23076923077,333.43883534919524
0.27,0.17,38769.23076923077,331.8119225139738
0.29,0.17,38769.23076923077,329.6408557096003
0.31,0.17,38769.23076923077,326.92642431439623
0.33,0.17,38769.23076923077,323.6723310496129
0.35,0.17,38769.23076923077,319.8866246530228
0.37,0.17,38769.23076923077,315.58311319758894
0.39,0.17,38769.23076923077,310.7828753369677
0.01,0.19,38769.23076923077,310.82900452683845
0.03,0.19,38769.23076923077,315.719815361391
0.05,0.19,38769.23076923077,320.10926088477777
0.07,0.19,38769.23076923077,323.9738612981572
0.09,0.19,38769.23076923077,327.2979528101001
0.11,0.19,38769.23076923077,330.0721344301988
0.13,0.19,38769.23076923077,332.29177799169446
0.15,0.19,38769.23076923077,333.9555016685909
0.17,0.19,38769.23076923077,335.0637289309239
0.19,0.19,38769.23076923077,335.6174750524683
0.21,0.19,38769.23076923077,335.6174750524684
0.23,0.19,38769.23076923077,335.0637289309239
0.25,0.19,38769.23076923077,333.9555016685909
0.27,0.19,38769.23076923077,332.29177799169446
0.29,0.19,38769.23076923077,330.07213443019884
0.31,0.19,38769.23076923077,327.2979528101001
0.33,0.19,38769.23076923077,323.9738612981572
0.35,0.19,38769.23076923077,320.1092608847777
0.37,0.19,38769.23076923077,315.71981536139094
0.39,0.19,38769.23076923077,310.8290045268385
0.01,0.21,38769.23076923077,310.82900452683845
0.03,0.21,38769.23076923077,315.71981536139094
0.05,0.21,38769.23076923077,320.10926088477777
0.07,0.21,38769.23076923077,323.9738612981572
0.09,0.21,38769.23076923077,327.2979528101001
0.11,0.21,38769.23076923077,330.0721344301988
0.13,0.21,38769.23076923077,332.29177799169446
0.15,0.21,38769.23076923077,333.9555016685909
0.17,0.21,38769.23076923077,335.06372893092384
0.19,0.21,38769.23076923077,335.6174750524683
0.21,0.21,38769.23076923077,335.6174750524683
0.23,0.21,38769.23076923077,335.0637289309239
0.25,0.21,38769.23076923077,333.9555016685909
0.27,0.21,38769.23076923077,332.29177799169446
0.29,0.21,38769.23076923077,330.0721344301988
0.31,0.21,38769.23076923077,327.2979528101001
0.33,0.21,38769.23076923077,323.9738612981572
0.35,0.21,38769.23076923077,320.1092608847777
0.37,0.21,38769.23076923077,315.719815361391
0.39,0.21,38769.23076923077,310.8290045268385
0.01,0.23,38769.23076923077,310.7828753369677
0.03,0.23,38769.23076923077,315.58311319758894
0.05,0.23,38769.23076923077,319.8866246530228
0.07,0.23,38769.23076923077,323.6723310496129
0.09,0.23,38769.23076923077,326.9264243143963
0.11,0.23,38769.23076923077,329.64085570960026
0.13,0.23,38769.23076923077,331.8119225139737
0.15,0.23,38769.23076923077,333.4388353491952
0.17,0.23,38769.23076923077,334.5223695038875
0.19,0.23,38769.23076923077,335.06372893092384
0.21,0.23,38769.23076923077,335.06372893092384
0.23,0.23,38769.23076923077,334.5223695038875
0.25,0.23,38769.23076923077,333.4388353491952
0.27,0.23,38769.23076923077,331.8119225139738
0.29,0.23,38769.23076923077,329.6408557096003
0.31,0.23,38769.23076923077,326.9264243143963
0.33,0.23,38769.23076923077,323.6723310496129
0.35,0.23,38769.23076923077,319.8866246530228
0.37,0.23,38769.23076923077,315.58311319758894
0.39,0.23,38769.23076923077,310.7828753369677
0.01,0.25,38769.23076923077,310.6903278789557
0.03,0.25,38769.23076923077,315.3088955387784
0.05,0.25,38769.23076923077,319.4401579356893
0.07,0.25,38769.23076923077,323.0678795793125
0.09,0.25,38769.23076923077,326.18195262185844
0.11,0.25,38769.23076923077,328.77698664549894
0.13,0.25,38769.23076923077,330.85107017128604
0.15,0.25,38769.23076923077,332.40454184442854
0.17,0.25,38769.23076923077,333.4388353491952
0.19,0.25,38769.23076923077,333.9555016685909
0.21,0.25,38769.23076923077,333.9555016685909
0.23,0.25,38769.23076923077,333.43883534919524
0.25,0.25,38769.23076923077,332.40454184442854
0.27,0.25,38769.23076923077,330.85107017128604
0.29,0.25,38769.23076923077,328.77698664549894
0.31,0.25,38769.23076923077,326.1819526218585
0.33,0.25,38769.23076923077,323.06787957931255
0.35,0.25,38769.23076923077,319.44015793568934
0.37,0.25,38769.23076923077,315.3088955387785
0.39,0.25,38769.23076923077,310.6903278789557
0.01,0.27,38769.23076923077,310.5507418509531
0.03,0.27,38769.23076923077,314.89543724005114
0.05,0.27,38769.23076923077,318.76737910509377
0.07,0.27,38769.23076923077,322.1576969499514
0.09,0.27,38769.23076923077,325.0617821305018
0.11,0.27,38769.23076923077,327.47808997472595
0.13,0.27,38769.23076923077,329.4072269787011
0.15,0.27,38769.23076923077,330.85107017128604
0.17,0.27,38769.23076923077,331.81192251397374
0.19,0.27,38769.23076923077,332.2917779916945
0.21,0.27,38769.23076923077,332.2917779916945
0.23,0.27,38769.23076923077,331.81192251397374
0.25,0.27,38769.23076923077,330.85107017128604
0.27,0.27,38769.23076923077,329.40722697870103
0.29,0.27,38769.23076923077,327.47808997472595
0.31,0.27,38769.23076923077,325.06178213050185
0.33,0.27,38769.23076923077,322.15769694995146
0.35,0.27,38769.23076923077,318.76737910509377
0.37,0.27,38769.23076923077,314.89543724005114
0.39,0.27,38769.23076923077,310.5507418509531
0.01,0.29,38769.23076923077,310.363048795942
0.03,0.29,38769.23076923077,314.339829126688
0.05,0.29,38769.23076923077,317.8642508844339
0.07,0.29,38769.23076923077,320.93743047340143
0.09,0.29,38769.23076923077,323.56191366349896
0.11,0.29,38769.23076923077,325.7409361955983
0.13,0.29,38769.23076923077,327.47808997472595
0.15,0.29,38769.23076923077,328.7769866454989
0.17,0.29,38769.23076923077,329.64085570960026
0.19,0.29,38769.23076923077,330.0721344301988
0.21,0.29,38769.23076923077,330.0721344301988
0.23,0.29,38769.23076923077,329.6408557096003
0.25,0.29,38769.23076923077,328.77698664549894
0.27,0.29,38769.23076923077,327.47808997472595
0.29,0.29,38769.23076923077,325.7409361955983
0.31,0.29,38769.23076923077,323.561913663499
0.33,0.29,38769.23076923077,320.9374304734015
0.35,0.29,38769.23076923077,317.86425088443394
0.37,0.29,38769.23076923077,314.339829126688
0.39,0.29,38769.23076923077,310.363048795942
0.01,0.31,38769.23076923077,310.1254528093482
0.03,0.31,38769.23076923077,313.63734593441086
0.05,0.31,38769.23076923077,316.72455156881216
0.07,0.31,38769.23076923077,319.4008255305297
0.09,0.31,38769.23076923077,321.6771297446981
0.11,0.31,38769.23076923077,323.56191366349896
0.13,0.31,38769.23076923077,325.0617821305018
0.15,0.31,38769.23076923077,326.18195262185844
0.17,0.31,38769.23076923077,326.9264243143963
0.19,0.31,38769.23076923077,327.2979528101001
0.21,0.31,38769.23076923077,327.29795281010007
0.23,0.31,38769.23076923077,326.92642431439623
0.25,0.31,38769.23076923077,326.1819526218585
0.27,0.31,38769.23076923077,325.06178213050185
0.29,0.31,38769.23076923077,323.561913663499
0.31,0.31,38769.23076923077,321.6771297446981
0.33,0.31,38769.23076923077,319.40082553052974
0.35,0.31,38769.23076923077,316.7245515688122
0.37,0.31,38769.23076923077,313.63734593441086
0.39,0.31,38769.23076923077,310.1254528093482
0.01,0.33,38769.23076923077,309.8347705852183
0.03,0.33,38769.23076923077,312.7800585931975
0.05,0.33,38769.23076923077,315.33855173362406
0.07,0.33,38769.23076923077,317.53892051154344
0.09,0.33,38769.23076923077,319.4008255305297
0.11,0.33,38769.23076923077,320.93743047340143
0.13,0.33,38769.23076923077,322.1576969499514
0.15,0.33,38769.23076923077,323.0678795793125
0.17,0.33,38769.23076923077,323.6723310496129
0.19,0.33,38769.23076923077,323.9738612981572
0.21,0.33,38769.23076923077,323.9738612981572
0.23,0.33,38769.23076923077,323.6723310496129
0.25,0.33,38769.23076923077,323.0678795793125
0.27,0.33,38769.23076923077,322.1576969499514
0.29,0.33,38769.23076923077,320.9374304734015
0.31,0.33,38769.23076923077,319.40082553052974
0.33,0.33,38769.23076923077,317.5389205115435
0.35,0.33,38769.23076923077,315.33855173362406
0.37,0.33,38769.23076923077,312.7800585931975
0.39,0.33,38769.23076923077,309.8347705852183
0.01,0.35,38769.23076923077,309.48478421704493
0.03,0.35,38769.23076923077,311.75384716466266
0.05,0.35,38769.23076923077,313.6904529401748
0.07,0.35,38769.23076923077,315.33855173362406
0.09,0.35,38769.23076923077,316.7245515688122
0.11,0.35,38769.23076923077,317.8642508844339
0.13,0.35,38769.23076923077,318.76737910509377
0.15,0.35,38769.23076923077,319.4401579356893
0.17,0.35,38769.23076923077,319.88662465302286
0.19,0.35,38769.23076923077,320.10926088477777
0.21,0.35,38769.23076923077,320.10926088477777
0.23,0.35,38769.23076923077,319.88662465302286
0.25,0.35,38769.23076923077,319.44015793568934
0.27,0.35,38769.23076923077,318.76737910509377
0.29,0.35,38769.23076923077,317.8642508844339
0.31,0.35,38769.23076923077,316.7245515688122
0.33,0.35,38769.23076923077,315.33855173362406
0.35,0.35,38769.23076923077,313.6904529401748
0.37,0.35,38769.23076923077,311.75384716466266
0.39,0.35,38769.23076923077,309.48478421704493
0.01,0.37,38769.23076923077,309.06163949088875
0.03,0.37,38769.23076923077,310.5319913159633
0.05,0.37,38769.23076923077,311.75384716466266
0.07,0.37,38769.23076923077,312.7800585931975
0.09,0.37,38769.23076923077,313.63734593441086
0.11,0.37,38769.23076923077,314.339829126688
0.13,0.37,38769.23076923077,314.89543724005114
0.15,0.37,38769.23076923077,315.3088955387784
0.17,0.37,38769.23076923077,315.58311319758894
0.19,0.37,38769.23076923077,315.719815361391
0.21,0.37,38769.23076923077,315.71981536139094
0.23,0.37,38769.23076923077,315.58311319758894
0.25,0.37,38769.23076923077,315.3088955387785
0.27,0.37,38769.23076923077,314.89543724005114
0.29,0.37,38769.23076923077,314.339829126688
0.31,0.37,38769.23076923077,313.63734593441086
0.33,0.37,38769.23076923077,312.7800585931975
0.35,0.37,38769.23076923077,311.75384716466266
0.37,0.37,38769.23076923077,310.5319913159633
0.39,0.37,38769.23076923077,309.06163949088875
0.01,0.39,38769.23076923077,308.5288992149236
0.03,0.39,38769.23076923077,309.06163949088875
0.05,0.39,38769.23076923077,309.48478421704493
0.07,0.39,38769.23076923077,309.8347705852183
0.09,0.39,38769.23076923077,310.1254528093482
0.11,0.39,38769.23076923077,310.36304879594195
0.13,0.39,38769.23076923077,310.5507418509531
0.15,0.39,38769.23076923077,310.69032787895566
0.17,0.39,38769.23076923077,310.7828753369677
0.19,0.39,38769.23076923077,310.8290045268385
0.21,0.39,38769.23076923077,310.8290045268385
0.23,0.39,38769.23076923077,310.7828753369677
0.25,0.39,38769.23076923077,310.6903278789557
0.27,0.39,38769.23076923077,310.5507418509531
0.29,0.39,38769.23076923077,310.363048795942
0.31,0.39,38769.23076923077,310.1254528093482
0.33,0.39,38769.23076923077,309.8347705852183
0.35,0.39,38769.23076923077,309.48478421704493
0.37,0.39,38769.23076923077,309.06163949088875
0.39,0.39,38769.23076923077,308.5288992149236
0.01,0.01,40615.38461538462,308.5061198064983
0.03,0.01,40615.38461538462,309.0068409476016
0.05,0.01,40615.38461538462,309.404920251886
0.07,0.01,40615.38461538462,309.7346711849295
0.09,0.01,40615.38461538462,310.0090421300414
0.11,0.01,40615.38461538462,310.2337285470141
0.13,0.01,40615.38461538462,310.4115399327343
0.15,0.01,40615.38461538462,310.54398023073566
0.17,0.01,40615.38461538462,310.6318934461028
0.19,0.01,40615.38461538462,310.67574515910763
0.21,0.01,40615.38461538462,310.67574515910763
0.23,0.01,40615.38461538462,310.6318934461028
0.25,0.01,40615.38461538462,310.5439802307357
0.27,0.01,40615.38461538462,310.4115399327343
0.29,0.01,40615.38461538462,310.2337285470141
0.31,0.01,40615.38461538462,310.00904213004134
0.33,0.01,40615.38461538462,309.7346711849294
0.35,0.01,40615.38461538462,309.404920251886
0.37,0.01,40615.38461538462,309.0068409476016
0.39,0.01,40615.38461538462,308.5061198064983
0.01,0.03,40615.38461538462,309.00684094760163
0.03,0.03,40615.38461538462,310.3891416768723
0.05,0.03,40615.38461538462,311.53899789383405
0.07,0.03,40615.38461538462,312.5062296308262
0.09,0.03,40615.38461538462,313.3157195429948
0.11,0.03,40615.38461538462,313.98029121328494
0.13,0.03,40615.38461538462,314.50685256114946
0.15,0.03,40615.38461538462,314.89929759567707
0.17,0.03,40615.38461538462,315.1598850681208
0.19,0.03,40615.38461538462,315.2898882922181
0.21,0.03,40615.38461538462,315.28988829221817
0.23,0.03,40615.38461538462,315.1598850681208
0.25,0.03,40615.38461538462,314.8992975956771
0.27,0.03,40615.38461538462,314.50685256114946
0.29,0.03,40615.38461538462,313.9802912132849
0.31,0.03,40615.38461538462,313.3157195429948
0.33,0.03,40615.38461538462,312.5062296308262
0.35,0.03,40615.38461538462,311.53899789383405
0.37,0.03,40615.38461538462,310.3891416768723
0.39,0.03,40615.38461538462,309.00684094760163
0.01,0.05,40615.38461538462,309.404920251886
0.03,0.05,40615.38461538462,311.53899789383405
0.05,0.05,40615.38461538462,313.3624106260805
0.07,0.05,40615.38461538462,314.9166518681296
0.09,0.05,40615.38461538462,316.2261384157049
0.11,0.05,40615.38461538462,317.30497314900765
0.13,0.05,40615.38461538462,318.16140248982947
0.15,0.05,40615.38461538462,318.80037557302364
0.17,0.05,40615.38461538462,319.2249080267803
0.19,0.05,40615.38461538462,319.4367628990563
0.21,0.05,40615.38461538462,319.4367628990563
0.23,0.05,40615.38461538462,319.2249080267803
0.25,0.05,40615.38461538462,318.80037557302364
0.27,0.05,40615.38461538462,318.16140248982947
0.29,0.05,40615.38461538462,317.30497314900765
0.31,0.05,40615.38461538462,316.2261384157049
0.33,0.05,40615.38461538462,314.9166518681295
0.35,0.05,40615.38461538462,313.3624106260804
0.37,0.05,40615.38461538462,311.53899789383405
0.39,0.05,40615.38461538462,309.404920251886
0.01,0.07,40615.38461538462,309.7346711849295
0.03,0.07,40615.38461538462,312.5062296308263
0.05,0.07,40615.38461538462,314.9166518681296
0.07,0.07,40615.38461538462,316.9930808640992
0.09,0.07,40615.38461538462,318.7534125009054
0.11,0.07,40615.38461538462,320.2089829909321
0.13,0.07,40615.38461538462,321.3669796845628
0.15,0.07,40615.38461538462,322.2320504638353
0.17,0.07,40615.38461538462,322.80722201364244
0.19,0.07,40615.38461538462,323.0943584484147
0.21,0.07,40615.38461538462,323.0943584484148
0.23,0.07,40615.38461538462,322.80722201364244
0.25,0.07,40615.38461538462,322.2320504638353
0.27,0.07,40615.38461538462,321.3669796845628
0.29,0.07,40615.38461538462,320.20898299093204
0.31,0.07,40615.38461538462,318.75341250090537
0.33,0.07,40615.38461538462,316.9930808640992
0.35,0.07,40615.38461538462,314.9166518681295
0.37,0.07,40615.38461538462,312.5062296308263
0.39,0.07,40615.38461538462,309.7346711849294
0.01,0.09,40615.38461538462,310.0090421300414
0.03,0.09,40615.38461538462,313.3157195429948
0.05,0.09,40615.38461538462,316.2261384157049
0.07,0.09,40615.38461538462,318.7534125009054
0.09,0.09,40615.38461538462,320.90708496558307
0.11,0.09,40615.38461538462,322.6937882481541
0.13,0.09,40615.38461538462,324.1181824450182
0.15,0.09,40615.38461538462,325.1836356437567
0.17,0.09,40615.38461538462,325.8925813328506
0.19,0.09,40615.38461538462,326.2466432949584
0.21,0.09,40615.38461538462,326.2466432949584
0.23,0.09,40615.38461538462,325.8925813328506
0.25,0.09,40615.38461538462,325.1836356437568
0.27,0.09,40615.38461538462,324.1181824450182
0.29,0.09,40615.38461538462,322.693788248154
0.31,0.09,40615.38461538462,320.907084965583
0.33,0.09,40615.38461538462,318.7534125009054
0.35,0.09,40615.38461538462,316.2261384157049
0.37,0.09,40615.38461538462,313.3157195429948
0.39,0.09,40615.38461538462,310.0090421300414
0.01,0.11,40615.38461538462,310.2337285470141
0.03,0.11,40615.38461538462,313.98029121328494
0.05,0.11,40615.38461538462,317.30497314900765
0.07,0.11,40615.38461538462,320.2089829909321
0.09,0.11,40615.38461538462,322.693788248154
0.11,0.11,40615.38461538462,324.76087523683447
0.13,0.11,40615.38461538462,326.411794607016
0.15,0.11,40615.38461538462,327.64813551982303
0.17,0.11,40615.38461538462,328.4713781391166
0.19,0.11,40615.38461538462,328.8826805935319
0.21,0.11,40615.38461538462,328.8826805935319
0.23,0.11,40615.38461538462,328.4713781391165
0.25,0.11,40615.38461538462,327.64813551982303
0.27,0.11,40615.38461538462,326.411794607016
0.29,0.11,40615.38461538462,324.7608752368345
0.31,0.11,40615.38461538462,322.6937882481541
0.33,0.11,40615.38461538462,320.2089829909321
0.35,0.11,40615.38461538462,317.30497314900765
0.37,0.11,40615.38461538462,313.98029121328494
0.39,0.11,40615.38461538462,310.2337285470141
0.01,0.13,40615.38461538462,310.4115399327343
0.03,0.13,40615.38461538462,314.50685256114946
0.05,0.13,40615.38461538462,318.16140248982947
0.07,0.13,40615.38461538462,321.3669796845628
0.09,0.13,40615.38461538462,324.1181824450182
0.11,0.13,40615.38461538462,326.411794607016
0.13,0.13,40615.38461538462,328.24632660070205
0.15,0.13,40615.38461538462,329.6215107644257
0.17,0.13,40615.38461538462,330.53776377804684
0.19,0.13,40615.38461538462,330.9956878716454
0.21,0.13,40615.38461538462,330.9956878716454
0.23,0.13,40615.38461538462,330.5377637780468
0.25,0.13,40615.38461538462,329.6215107644257
0.27,0.13,40615.38461538462,328.24632660070205
0.29,0.13,40615.38461538462,326.411794607016
0.31,0.13,40615.38461538462,324.11818244501825
0.33,0.13,40615.38461538462,321.3669796845628
0.35,0.13,40615.38461538462,318.16140248982947
0.37,0.13,40615.38461538462,314.50685256114946
0.39,0.13,40615.38461538462,310.41153993273423
0.01,0.15,40615.38461538462,310.54398023073566
0.03,0.15,40615.38461538462,314.89929759567707
0.05,0.15,40615.38461538462,318.80037557302364
0.07,0.15,40615.38461538462,322.2320504638354
0.09,0.15,40615.38461538462,325.1836356437568
0.11,0.15,40615.38461538462,327.64813551982303
0.13,0.15,40615.38461538462,329.6215107644257
0.15,0.15,40615.38461538462,331.10187134767443
0.17,0.15,40615.38461538462,332.08866710729586
0.19,0.15,40615.38461538462,332.58197570440007
0.21,0.15,40615.38461538462,332.58197570440007
0.23,0.15,40615.38461538462,332.08866710729586
0.25,0.15,40615.38461538462,331.10187134767443
0.27,0.15,40615.38461538462,329.6215107644257
0.29,0.15,40615.38461538462,327.648135519823
0.31,0.15,40615.38461538462,325.1836356437568
0.33,0.15,40615.38461538462,322.2320504638353
0.35,0.15,40615.38461538462,318.8003755730236
0.37,0.15,40615.38461538462,314.89929759567707
0.39,0.15,40615.38461538462,310.54398023073566
0.01,0.17,40615.38461538462,310.6318934461028
0.03,0.17,40615.38461538462,315.1598850681208
0.05,0.17,40615.38461538462,319.2249080267803
0.07,0.17,40615.38461538462,322.80722201364244
0.09,0.17,40615.38461538462,325.8925813328506
0.11,0.17,40615.38461538462,328.4713781391166
0.13,0.17,40615.38461538462,330.53776377804684
0.15,0.17,40615.38461538462,332.08866710729586
0.17,0.17,40615.38461538462,333.12281663076993
0.19,0.17,40615.38461538462,333.6398898579496
0.21,0.17,40615.38461538462,333.63988985794964
0.23,0.17,40615.38461538462,333.12281663076993
0.25,0.17,40615.38461538462,332.08866710729586
0.27,0.17,40615.38461538462,330.53776377804684
0.29,0.17,40615.38461538462,328.4713781391165
0.31,0.17,40615.38461538462,325.8925813328506
0.33,0.17,40615.38461538462,322.8072220136424
0.35,0.17,40615.38461538462,319.2249080267803
0.37,0.17,40615.38461538462,315.1598850681208
0.39,0.17,40615.38461538462,310.6318934461028
0.01,0.19,40615.38461538462,310.6757451591076
0.03,0.19,40615.38461538462,315.2898882922181
0.05,0.19,40615.38461538462,319.4367628990563
0.07,0.19,40615.38461538462,323.0943584484148
0.09,0.19,40615.38461538462,326.2466432949584
0.11,0.19,40615.38461538462,328.8826805935319
0.13,0.19,40615.38461538462,330.9956878716454
0.15,0.19,40615.38461538462,332.5819757044
0.17,0.19,40615.38461538462,333.6398898579496
0.19,0.19,40615.38461538462,334.16889294473367
0.21,0.19,40615.38461538462,334.1688929447337
0.23,0.19,40615.38461538462,333.6398898579496
0.25,0.19,40615.38461538462,332.58197570440007
0.27,0.19,40615.38461538462,330.9956878716454
0.29,0.19,40615.38461538462,328.8826805935319
0.31,0.19,40615.38461538462,326.2466432949584
0.33,0.19,40615.38461538462,323.0943584484147
0.35,0.19,40615.38461538462,319.43676289905625
0.37,0.19,40615.38461538462,315.2898882922181
0.39,0.19,40615.38461538462,310.67574515910763
0.01,0.21,40615.38461538462,310.6757451591076
0.03,0.21,40615.38461538462,315.2898882922181
0.05,0.21,40615.38461538462,319.43676289905625
0.07,0.21,40615.38461538462,323.0943584484147
0.09,0.21,40615.38461538462,326.2466432949584
0.11,0.21,40615.38461538462,328.8826805935319
0.13,0.21,40615.38461538462,330.9956878716454
0.15,0.21,40615.38461538462,332.5819757044
0.17,0.21,40615.38461538462,333.6398898579496
0.19,0.21,40615.38461538462,334.16889294473367
0.21,0.21,40615.38461538462,334.16889294473367
0.23,0.21,40615.38461538462,333.6398898579495
0.25,0.21,40615.38461538462,332.58197570440007
0.27,0.21,40615.38461538462,330.99568787164543
0.29,0.21,40615.38461538462,328.8826805935319
0.31,0.21,40615.38461538462,326.2466432949584
0.33,0.21,40615.38461538462,323.0943584484147
0.35,0.21,40615.38461538462,319.43676289905625
0.37,0.21,40615.38461538462,315.2898882922181
0.39,0.21,40615.38461538462,310.67574515910763
0.01,0.23,40615.38461538462,310.6318934461028
0.03,0.23,40615.38461538462,315.1598850681208
0.05,0.23,40615.38461538462,319.2249080267803
0.07,0.23,40615.38461538462,322.80722201364244
0.09,0.23,40615.38461538462,325.8925813328506
0.11,0.23,40615.38461538462,328.4713781391166
0.13,0.23,40615.38461538462,330.5377637780468
0.15,0.23,40615.38461538462,332.0886671072958
0.17,0.23,40615.38461538462,333.1228166307699
0.19,0.23,40615.38461538462,333.6398898579496
0.21,0.23,40615.38461538462,333.6398898579496
0.23,0.23,40615.38461538462,333.12281663076993
0.25,0.23,40615.38461538462,332.08866710729586
0.27,0.23,40615.38461538462,330.53776377804684
0.29,0.23,40615.38461538462,328.4713781391166
0.31,0.23,40615.38461538462,325.8925813328507
0.33,0.23,40615.38461538462,322.8072220136424
0.35,0.23,40615.38461538462,319.22490802678027
0.37,0.23,40615.38461538462,315.1598850681208
0.39,0.23,40615.38461538462,310.6318934461028
0.01,0.25,40615.38461538462,310.5439802307357
0.03,0.25,40615.38461538462,314.89929759567707
0.05,0.25,40615.38461538462,318.8003755730236
0.07,0.25,40615.38461538462,322.2320504638353
0.09,0.25,40615.38461538462,325.1836356437568
0.11,0.25,40615.38461538462,327.6481355198231
0.13,0.25,40615.38461538462,329.6215107644257
0.15,0.25,40615.38461538462,331.10187134767443
0.17,0.25,40615.38461538462,332.08866710729586
0.19,0.25,40615.38461538462,332.58197570440007
0.21,0.25,40615.38461538462,332.58197570440007
0.23,0.25,40615.38461538462,332.0886671072958
0.25,0.25,40615.38461538462,331.10187134767443
0.27,0.25,40615.38461538462,329.6215107644257
0.29,0.25,40615.38461538462,327.64813551982303
0.31,0.25,40615.38461538462,325.1836356437568
0.33,0.25,40615.38461538462,322.23205046383526
0.35,0.25,40615.38461538462,318.8003755730236
0.37,0.25,40615.38461538462,314.899297595677
0.39,0.25,40615.38461538462,310.54398023073566
0.01,0.27,40615.38461538462,310.4115399327343
0.03,0.27,40615.38461538462,314.50685256114946
0.05,0.27,40615.38461538462,318.1614024898294
0.07,0.27,40615.38461538462,321.36697968456275
0.09,0.27,40615.38461538462,324.1181824450182
0.11,0.27,40615.38461538462,326.411794607016
0.13,0.27,40615.38461538462,328.2463266007021
0.15,0.27,40615.38461538462,329.6215107644257
0.17,0.27,40615.38461538462,330.5377637780468
0.19,0.27,40615.38461538462,330.9956878716454
0.21,0.27,40615.38461538462,330.9956878716454
0.23,0.27,40615.38461538462,330.53776377804684
0.25,0.27,40615.38461538462,329.6215107644257
0.27,0.27,40615.38461538462,328.2463266007021
0.29,0.27,40615.38461538462,326.411794607016
0.31,0.27,40615.38461538462,324.11818244501825
0.33,0.27,40615.38461538462,321.3669796845628
0.35,0.27,40615.38461538462,318.1614024898294
0.37,0.27,40615.38461538462,314.5068525611494
0.39,0.27,40615.38461538462,310.4115399327343
0.01,0.29,40615.38461538462,310.2337285470141
0.03,0.29,40615.38461538462,313.9802912132849
0.05,0.29,40615.38461538462,317.30497314900765
0.07,0.29,40615.38461538462,320.20898299093204
0.09,0.29,40615.38461538462,322.693788248154
0.11,0.29,40615.38461538462,324.76087523683447
0.13,0.29,40615.38461538462,326.411794607016
0.15,0.29,40615.38461538462,327.64813551982303
0.17,0.29,40615.38461538462,328.4713781391165
0.19,0.29,40615.38461538462,328.88268059353186
0.21,0.29,40615.38461538462,328.88268059353186
0.23,0.29,40615.38461538462,328.4713781391165
0.25,0.29,40615.38461538462,327.6481355198231
0.27,0.29,40615.38461538462,326.4117946070161
0.29,0.29,40615.38461538462,324.7608752368345
0.31,0.29,40615.38461538462,322.6937882481541
0.33,0.29,40615.38461538462,320.2089829909321
0.35,0.29,40615.38461538462,317.3049731490076
0.37,0.29,40615.38461538462,313.9802912132849
0.39,0.29,40615.38461538462,310.2337285470141
0.01,0.31,40615.38461538462,310.0090421300414
0.03,0.31,40615.38461538462,313.3157195429948
0.05,0.31,40615.38461538462,316.2261384157049
0.07,0.31,40615.38461538462,318.75341250090537
0.09,0.31,40615.38461538462,320.907084965583
0.11,0.31,40615.38461538462,322.693788248154
0.13,0.31,40615.38461538462,324.1181824450182
0.15,0.31,40615.38461538462,325.1836356437568
0.17,0.31,40615.38461538462,325.8925813328506
0.19,0.31,40615.38461538462,326.2466432949584
0.21,0.31,40615.38461538462,326.2466432949584
0.23,0.31,40615.38461538462,325.8925813328507
0.25,0.31,40615.38461538462,325.1836356437568
0.27,0.31,40615.38461538462,324.11818244501825
0.29,0.31,40615.38461538462,322.693788248154
0.31,0.31,40615.38461538462,320.90708496558307
0.33,0.31,40615.38461538462,318.75341250090537
0.35,0.31,40615.38461538462,316.2261384157049
0.37,0.31,40615.38461538462,313.3157195429948
0.39,0.31,40615.38461538462,310.0090421300414
0.01,0.33,40615.38461538462,309.7346711849295
0.03,0.33,40615.38461538462,312.5062296308263
0.05,0.33,40615.38461538462,314.9166518681296
0.07,0.33,40615.38461538462,316.9930808640992
0.09,0.33,40615.38461538462,318.7534125009054
0.11,0.33,40615.38461538462,320.20898299093204
0.13,0.33,40615.38461538462,321.3669796845628
0.15,0.33,40615.38461538462,322.2320504638353
0.17,0.33,40615.38461538462,322.80722201364244
0.19,0.33,40615.38461538462,323.0943584484147
0.21,0.33,40615.38461538462,323.0943584484147
0.23,0.33,40615.38461538462,322.8072220136424
0.25,0.33,40615.38461538462,322.23205046383526
0.27,0.33,40615.38461538462,321.36697968456275
0.29,0.33,40615.38461538462,320.20898299093204
0.31,0.33,40615.38461538462,318.7534125009054
0.33,0.33,40615.38461538462,316.9930808640992
0.35,0.33,40615.38461538462,314.9166518681295
0.37,0.33,40615.38461538462,312.5062296308263
0.39,0.33,40615.38461538462,309.7346711849295
0.01,0.35,40615.38461538462,309.404920251886
0.03,0.35,40615.38461538462,311.53899789383405
0.05,0.35,40615.38461538462,313.3624106260805
0.07,0.35,40615.38461538462,314.9166518681296
0.09,0.35,40615.38461538462,316.2261384157049
0.11,0.35,40615.38461538462,317.30497314900765
0.13,0.35,40615.38461538462,318.16140248982947
0.15,0.35,40615.38461538462,318.8003755730236
0.17,0.35,40615.38461538462,319.2249080267803
0.19,0.35,40615.38461538462,319.4367628990563
0.21,0.35,40615.38461538462,319.4367628990563
0.23,0.35,40615.38461538462,319.2249080267803
0.25,0.35,40615.38461538462,318.8003755730236
0.27,0.35,40615.38461538462,318.1614024898294
0.29,0.35,40615.38461538462,317.30497314900765
0.31,0.35,40615.38461538462,316.2261384157049
0.33,0.35,40615.38461538462,314.9166518681295
0.35,0.35,40615.38461538462,313.3624106260805
0.37,0.35,40615.38461538462,311.53899789383405
0.39,0.35,40615.38461538462,309.404920251886
0.01,0.37,40615.38461538462,309.00684094760163
0.03,0.37,40615.38461538462,310.3891416768724
0.05,0.37,40615.38461538462,311.53899789383405
0.07,0.37,40615.38461538462,312.5062296308263
0.09,0.37,40615.38461538462,313.3157195429948
0.11,0.37,40615.38461538462,313.98029121328494
0.13,0.37,40615.38461538462,314.50685256114946
0.15,0.37,40615.38461538462,314.89929759567707
0.17,0.37,40615.38461538462,315.1598850681208
0.19,0.37,40615.38461538462,315.2898882922181
0.21,0.37,40615.38461538462,315.2898882922181
0.23,0.37,40615.38461538462,315.1598850681208
0.25,0.37,40615.38461538462,314.89929759567707
0.27,0.37,40615.38461538462,314.50685256114946
0.29,0.37,40615.38461538462,313.98029121328494
0.31,0.37,40615.38461538462,313.3157195429948
0.33,0.37,40615.38461538462,312.5062296308263
0.35,0.37,40615.38461538462,311.53899789383405
0.37,0.37,40615.38461538462,310.3891416768724
0.39,0.37,40615.38461538462,309.0068409476017
0.01,0.39,40615.38461538462,308.5061198064983
0.03,0.39,40615.38461538462,309.00684094760163
0.05,0.39,40615.38461538462,309.404920251886
0.07,0.39,40615.38461538462,309.7346711849295
0.09,0.39,40615.38461538462,310.0090421300414
0.11,0.39,40615.38461538462,310.2337285470141
0.13,0.39,40615.38461538462,310.41153993273423
0.15,0.39,40615.38461538462,310.54398023073566
0.17,0.39,40615.38461538462,310.6318934461028
0.19,0.39,40615.38461538462,310.67574515910763
0.21,0.39,40615.38461538462,310.67574515910763
0.23,0.39,40615.38461538462,310.6318934461028
0.25,0.39,40615.38461538462,310.54398023073566
0.27,0.39,40615.38461538462,310.4115399327343
0.29,0.39,40615.38461538462,310.2337285470141
0.31,0.39,40615.38461538462,310.0090421300414
0.33,0.39,40615.38461538462,309.7346711849295
0.35,0.39,40615.38461538462,309.404920251886
0.37,0.39,40615.38461538462,309.0068409476017
0.39,0.39,40615.38461538462,308.5061198064983
0.01,0.01,42461.53846153846,308.48501157207414
0.03,0.01,42461.53846153846,308.9557009527711
0.05,0.01,42461.53846153846,309.3300046188194
0.07,0.01,42461.53846153846,309.6403513035598
0.09,0.01,42461.53846153846,309.8989123474776
0.11,0.01,42461.53846153846,310.11095532762306
0.13,0.01,42461.53846153846,310.2789948730543
0.15,0.01,42461.53846153846,310.4043093633711
0.17,0.01,42461.53846153846,310.48757093916083
0.19,0.01,42461.53846153846,310.52912707227847
0.21,0.01,42461.53846153846,310.52912707227847
0.23,0.01,42461.53846153846,310.48757093916083
0.25,0.01,42461.53846153846,310.4043093633712
0.27,0.01,42461.53846153846,310.2789948730543
0.29,0.01,42461.53846153846,310.11095532762295
0.31,0.01,42461.53846153846,309.8989123474776
0.33,0.01,42461.53846153846,309.6403513035598
0.35,0.01,42461.53846153846,309.3300046188194
0.37,0.01,42461.53846153846,308.9557009527711
0.39,0.01,42461.53846153846,308.48501157207414
0.01,0.03,42461.53846153846,308.9557009527711
0.03,0.03,42461.53846153846,310.25509935171266
0.05,0.03,42461.53846153846,311.3364999286608
0.07,0.03,42461.53846153846,312.24707526553385
0.09,0.03,42461.53846153846,313.0101670562893
0.11,0.03,42461.53846153846,313.63755675327025
0.13,0.03,42461.53846153846,314.13535534117034
0.15,0.03,42461.53846153846,314.5068178168576
0.17,0.03,42461.53846153846,314.7537058503567
0.19,0.03,42461.53846153846,314.876947980683
0.21,0.03,42461.53846153846,314.876947980683
0.23,0.03,42461.53846153846,314.7537058503567
0.25,0.03,42461.53846153846,314.5068178168576
0.27,0.03,42461.53846153846,314.13535534117034
0.29,0.03,42461.53846153846,313.63755675327025
0.31,0.03,42461.53846153846,313.0101670562893
0.33,0.03,42461.53846153846,312.24707526553385
0.35,0.03,42461.53846153846,311.3364999286608
0.37,0.03,42461.53846153846,310.2550993517127
0.39,0.03,42461.53846153846,308.9557009527712
0.01,0.05,42461.53846153846,309.3300046188194
0.03,0.05,42461.53846153846,311.3364999286608
0.05,0.05,42461.53846153846,313.05196037107527
0.07,0.05,42461.53846153846,314.51580309739336
0.09,0.05,42461.53846153846,315.75083681887725
0.11,0.05,42461.53846153846,316.7698402105489
0.13,0.05,42461.53846153846,317.5799221569295
0.15,0.05,42461.53846153846,318.1850622893476
0.17,0.05,42461.53846153846,318.5874987714009
0.19,0.05,42461.53846153846,318.7884473142676
0.21,0.05,42461.53846153846,318.7884473142676
0.23,0.05,42461.53846153846,318.5874987714009
0.25,0.05,42461.53846153846,318.1850622893476
0.27,0.05,42461.53846153846,317.5799221569295
0.29,0.05,42461.53846153846,316.7698402105489
0.31,0.05,42461.53846153846,315.75083681887725
0.33,0.05,42461.53846153846,314.51580309739336
0.35,0.05,42461.53846153846,313.05196037107527
0.37,0.05,42461.53846153846,311.3364999286608
0.39,0.05,42461.53846153846,309.3300046188194
0.01,0.07,42461.53846153846,309.6403513035597
0.03,0.07,42461.53846153846,312.24707526553385
0.05,0.07,42461.53846153846,314.51580309739336
0.07,0.07,42461.53846153846,316.4724899744959
0.09,0.07,42461.53846153846,318.1336933967772
0.11,0.07,42461.53846153846,319.50937711418936
0.13,0.07,42461.53846153846,320.60539677838574
0.15,0.07,42461.53846153846,321.4251900728793
0.17,0.07,42461.53846153846,321.9707804621433
0.19,0.07,42461.53846153846,322.2433137258379
0.21,0.07,42461.53846153846,322.2433137258379
0.23,0.07,42461.53846153846,321.9707804621434
0.25,0.07,42461.53846153846,321.4251900728794
0.27,0.07,42461.53846153846,320.6053967783858
0.29,0.07,42461.53846153846,319.50937711418936
0.31,0.07,42461.53846153846,318.1336933967772
0.33,0.07,42461.53846153846,316.47248997449583
0.35,0.07,42461.53846153846,314.5158030973933
0.37,0.07,42461.53846153846,312.24707526553385
0.39,0.07,42461.53846153846,309.6403513035598
0.01,0.09,42461.53846153846,309.8989123474776
0.03,0.09,42461.53846153846,313.01016705628933
0.05,0.09,42461.53846153846,315.7508368188773
0.07,0.09,42461.53846153846,318.13369339677723
0.09,0.09,42461.53846153846,320.1673121708573
0.11,0.09,42461.53846153846,321.8570249811625
0.13,0.09,42461.53846153846,323.20606656709083
0.15,0.09,42461.53846153846,324.2164289733322
0.17,0.09,42461.53846153846,324.8893687163306
0.19,0.09,42461.53846153846,325.2256529629723
0.21,0.09,42461.53846153846,325.22565296297233
0.23,0.09,42461.53846153846,324.88936871633064
0.25,0.09,42461.53846153846,324.2164289733323
0.27,0.09,42461.53846153846,323.2060665670909
0.29,0.09,42461.53846153846,321.8570249811625
0.31,0.09,42461.53846153846,320.16731217085726
0.33,0.09,42461.53846153846,318.1336933967772
0.35,0.09,42461.53846153846,315.75083681887725
0.37,0.09,42461.53846153846,313.0101670562893
0.39,0.09,42461.53846153846,309.8989123474776
0.01,0.11,42461.53846153846,310.11095532762295
0.03,0.11,42461.53846153846,313.6375567532702
0.05,0.11,42461.53846153846,316.7698402105489
0.07,0.11,42461.53846153846,319.5093771141894
0.09,0.11,42461.53846153846,321.8570249811625
0.11,0.11,42461.53846153846,323.8130837852816
0.13,0.11,42461.53846153846,325.37764274887223
0.15,0.11,42461.53846153846,326.5508036312619
0.17,0.11,42461.53846153846,327.332739693609
0.19,0.11,42461.53846153846,327.72364432604473
0.21,0.11,42461.53846153846,327.72364432604473
0.23,0.11,42461.53846153846,327.3327396936091
0.25,0.11,42461.53846153846,326.55080363126194
0.27,0.11,42461.53846153846,325.3776427488723
0.29,0.11,42461.53846153846,323.81308378528166
0.31,0.11,42461.53846153846,321.8570249811625
0.33,0.11,42461.53846153846,319.50937711418936
0.35,0.11,42461.53846153846,316.769840210549
0.37,0.11,42461.53846153846,313.6375567532702
0.39,0.11,42461.53846153846,310.110955327623
0.01,0.13,42461.53846153846,310.2789948730543
0.03,0.13,42461.53846153846,314.1353553411703
0.05,0.13,42461.53846153846,317.5799221569295
0.07,0.13,42461.53846153846,320.6053967783858
0.09,0.13,42461.53846153846,323.2060665670909
0.11,0.13,42461.53846153846,325.37764274887223
0.13,0.13,42461.53846153846,327.1171661931714
0.15,0.13,42461.53846153846,328.4228077442106
0.17,0.13,42461.53846153846,329.2935824049027
0.19,0.13,42461.53846153846,329.7290459635988
0.21,0.13,42461.53846153846,329.7290459635988
0.23,0.13,42461.53846153846,329.2935824049027
0.25,0.13,42461.53846153846,328.4228077442107
0.27,0.13,42461.53846153846,327.11716619317144
0.29,0.13,42461.53846153846,325.37764274887235
0.31,0.13,42461.53846153846,323.2060665670909
0.33,0.13,42461.53846153846,320.60539677838574
0.35,0.13,42461.53846153846,317.5799221569296
0.37,0.13,42461.53846153846,314.13535534117034
0.39,0.13,42461.53846153846,310.2789948730543
0.01,0.15,42461.53846153846,310.40430936337106
0.03,0.15,42461.53846153846,314.5068178168576
0.05,0.15,42461.53846153846,318.1850622893475
0.07,0.15,42461.53846153846,321.4251900728793
0.09,0.15,42461.53846153846,324.21642897333226
0.11,0.15,42461.53846153846,326.55080363126194
0.13,0.15,42461.53846153846,328.4228077442107
0.15,0.15,42461.53846153846,329.82894129098685
0.17,0.15,42461.53846153846,330.76718606035746
0.19,0.15,42461.53846153846,331.23651462954723
0.21,0.15,42461.53846153846,331.23651462954723
0.23,0.15,42461.53846153846,330.7671860603575
0.25,0.15,42461.53846153846,329.82894129098685
0.27,0.15,42461.53846153846,328.4228077442107
0.29,0.15,42461.53846153846,326.55080363126194
0.31,0.15,42461.53846153846,324.21642897333226
0.33,0.15,42461.53846153846,321.42519007287933
0.35,0.15,42461.53846153846,318.1850622893476
0.37,0.15,42461.53846153846,314.5068178168576
0.39,0.15,42461.53846153846,310.4043093633711
0.01,0.17,42461.53846153846,310.4875709391608
0.03,0.17,42461.53846153846,314.7537058503566
0.05,0.17,42461.53846153846,318.5874987714008
0.07,0.17,42461.53846153846,321.9707804621433
0.09,0.17,42461.53846153846,324.8893687163306
0.11,0.17,42461.53846153846,327.332739693609
0.13,0.17,42461.53846153846,329.2935824049027
0.15,0.17,42461.53846153846,330.7671860603575
0.17,0.17,42461.53846153846,331.75076878629415
0.19,0.17,42461.53846153846,332.24286504752376
0.21,0.17,42461.53846153846,332.2428650475238
0.23,0.17,42461.53846153846,331.75076878629415
0.25,0.17,42461.53846153846,330.7671860603575
0.27,0.17,42461.53846153846,329.29358240490274
0.29,0.17,42461.53846153846,327.3327396936091
0.31,0.17,42461.53846153846,324.88936871633064
0.33,0.17,42461.53846153846,321.9707804621434
0.35,0.17,42461.53846153846,318.5874987714009
0.37,0.17,42461.53846153846,314.75370585035665
0.39,0.17,42461.53846153846,310.48757093916083
0.01,0.19,42461.53846153846,310.5291270722784
0.03,0.19,42461.53846153846,314.8769479806828
0.05,0.19,42461.53846153846,318.78844731426744
0.07,0.19,42461.53846153846,322.2433137258378
0.09,0.19,42461.53846153846,325.2256529629722
0.11,0.19,42461.53846153846,327.7236443260447
0.13,0.19,42461.53846153846,329.7290459635988
0.15,0.19,42461.53846153846,331.2365146295472
0.17,0.19,42461.53846153846,332.2428650475237
0.19,0.19,42461.53846153846,332.746398112196
0.21,0.19,42461.53846153846,332.74639811219606
0.23,0.19,42461.53846153846,332.24286504752376
0.25,0.19,42461.53846153846,331.2365146295473
0.27,0.19,42461.53846153846,329.7290459635988
0.29,0.19,42461.53846153846,327.72364432604473
0.31,0.19,42461.53846153846,325.22565296297233
0.33,0.19,42461.53846153846,322.2433137258379
0.35,0.19,42461.53846153846,318.7884473142675
0.37,0.19,42461.53846153846,314.8769479806829
0.39,0.19,42461.53846153846,310.5291270722784
0.01,0.21,42461.53846153846,310.5291270722784
0.03,0.21,42461.53846153846,314.8769479806828
0.05,0.21,42461.53846153846,318.78844731426744
0.07,0.21,42461.53846153846,322.2433137258379
0.09,0.21,42461.53846153846,325.2256529629723
0.11,0.21,42461.53846153846,327.7236443260447
0.13,0.21,42461.53846153846,329.7290459635988
0.15,0.21,42461.53846153846,331.2365146295472
0.17,0.21,42461.53846153846,332.24286504752376
0.19,0.21,42461.53846153846,332.7463981121961
0.21,0.21,42461.53846153846,332.7463981121961
0.23,0.21,42461.53846153846,332.2428650475238
0.25,0.21,42461.53846153846,331.23651462954723
0.27,0.21,42461.53846153846,329.7290459635988
0.29,0.21,42461.53846153846,327.7236443260448
0.31,0.21,42461.53846153846,325.22565296297233
0.33,0.21,42461.53846153846,322.2433137258379
0.35,0.21,42461.53846153846,318.78844731426744
0.37,0.21,42461.53846153846,314.8769479806829
0.39,0.21,42461.53846153846,310.5291270722784
0.01,0.23,42461.53846153846,310.4875709391608
0.03,0.23,42461.53846153846,314.75370585035665
0.05,0.23,42461.53846153846,318.5874987714008
0.07,0.23,42461.53846153846,321.9707804621434
0.09,0.23,42461.53846153846,324.8893687163306
0.11,0.23,42461.53846153846,327.332739693609
0.13,0.23,42461.53846153846,329.2935824049027
0.15,0.23,42461.53846153846,330.7671860603575
0.17,0.23,42461.53846153846,331.7507687862942
0.19,0.23,42461.53846153846,332.2428650475238
0.21,0.23,42461.53846153846,332.2428650475238
0.23,0.23,42461.53846153846,331.75076878629426
0.25,0.23,42461.53846153846,330.7671860603575
0.27,0.23,42461.53846153846,329.2935824049028
0.29,0.23,42461.53846153846,327.33273969360914
0.31,0.23,42461.53846153846,324.8893687163307
0.33,0.23,42461.53846153846,321.9707804621434
0.35,0.23,42461.53846153846,318.5874987714009
0.37,0.23,42461.53846153846,314.7537058503567
0.39,0.23,42461.53846153846,310.48757093916083
0.01,0.25,42461.53846153846,310.4043093633711
0.03,0.25,42461.53846153846,314.5068178168576
0.05,0.25,42461.53846153846,318.1850622893475
0.07,0.25,42461.53846153846,321.4251900728793
0.09,0.25,42461.53846153846,324.21642897333226
0.11,0.25,42461.53846153846,326.5508036312619
0.13,0.25,42461.53846153846,328.4228077442106
0.15,0.25,42461.53846153846,329.82894129098685
0.17,0.25,42461.53846153846,330.7671860603575
0.19,0.25,42461.53846153846,331.2365146295473
0.21,0.25,42461.53846153846,331.2365146295473
0.23,0.25,42461.53846153846,330.7671860603576
0.25,0.25,42461.53846153846,329.8289412909869
0.27,0.25,42461.53846153846,328.4228077442107
0.29,0.25,42461.53846153846,326.550803631262
0.31,0.25,42461.53846153846,324.21642897333226
0.33,0.25,42461.53846153846,321.42519007287933
0.35,0.25,42461.53846153846,318.1850622893476
0.37,0.25,42461.53846153846,314.5068178168576
0.39,0.25,42461.53846153846,310.4043093633711
0.01,0.27,42461.53846153846,310.2789948730543
0.03,0.27,42461.53846153846,314.13535534117034
0.05,0.27,42461.53846153846,317.57992215692946
0.07,0.27,42461.53846153846,320.60539677838574
0.09,0.27,42461.53846153846,323.20606656709083
0.11,0.27,42461.53846153846,325.37764274887223
0.13,0.27,42461.53846153846,327.1171661931714
0.15,0.27,42461.53846153846,328.4228077442107
0.17,0.27,42461.53846153846,329.29358240490274
0.19,0.27,42461.53846153846,329.7290459635989
0.21,0.27,42461.53846153846,329.72904596359894
0.23,0.27,42461.53846153846,329.2935824049028
0.25,0.27,42461.53846153846,328.4228077442108
0.27,0.27,42461.53846153846,327.1171661931714
0.29,0.27,42461.53846153846,325.3776427488723
0.31,0.27,42461.53846153846,323.2060665670909
0.33,0.27,42461.53846153846,320.60539677838574
0.35,0.27,42461.53846153846,317.57992215692946
0.37,0.27,42461.53846153846,314.1353553411703
0.39,0.27,42461.53846153846,310.2789948730543
0.01,0.29,42461.53846153846,310.11095532762306
0.03,0.29,42461.53846153846,313.63755675327025
0.05,0.29,42461.53846153846,316.769840210549
0.07,0.29,42461.53846153846,319.50937711418936
0.09,0.29,42461.53846153846,321.8570249811625
0.11,0.29,42461.53846153846,323.8130837852816
0.13,0.29,42461.53846153846,325.37764274887223
0.15,0.29,42461.53846153846,326.55080363126194
0.17,0.29,42461.53846153846,327.3327396936091
0.19,0.29,42461.53846153846,327.7236443260448
0.21,0.29,42461.53846153846,327.72364432604485
0.23,0.29,42461.53846153846,327.33273969360914
0.25,0.29,42461.53846153846,326.550803631262
0.27,0.29,42461.53846153846,325.3776427488723
0.29,0.29,42461.53846153846,323.81308378528166
0.31,0.29,42461.53846153846,321.85702498116245
0.33,0.29,42461.53846153846,319.50937711418936
0.35,0.29,42461.53846153846,316.7698402105489
0.37,0.29,42461.53846153846,313.6375567532702
0.39,0.29,42461.53846153846,310.11095532762295
0.01,0.31,42461.53846153846,309.8989123474776
0.03,0.31,42461.53846153846,313.01016705628933
0.05,0.31,42461.53846153846,315.75083681887736
0.07,0.31,42461.53846153846,318.13369339677723
0.09,0.31,42461.53846153846,320.1673121708573
0.11,0.31,42461.53846153846,321.85702498116245
0.13,0.31,42461.53846153846,323.20606656709083
0.15,0.31,42461.53846153846,324.2164289733322
0.17,0.31,42461.53846153846,324.8893687163306
0.19,0.31,42461.53846153846,325.2256529629723
0.21,0.31,42461.53846153846,325.22565296297233
0.23,0.31,42461.53846153846,324.88936871633064
0.25,0.31,42461.53846153846,324.21642897333226
0.27,0.31,42461.53846153846,323.20606656709083
0.29,0.31,42461.53846153846,321.85702498116245
0.31,0.31,42461.53846153846,320.1673121708573
0.33,0.31,42461.53846153846,318.1336933967772
0.35,0.31,42461.53846153846,315.75083681887725
0.37,0.31,42461.53846153846,313.0101670562893
0.39,0.31,42461.53846153846,309.8989123474776
0.01,0.33,42461.53846153846,309.6403513035598
0.03,0.33,42461.53846153846,312.2470752655339
0.05,0.33,42461.53846153846,314.5158030973934
0.07,0.33,42461.53846153846,316.4724899744959
0.09,0.33,42461.53846153846,318.13369339677723
0.11,0.33,42461.53846153846,319.50937711418936
0.13,0.33,42461.53846153846,320.60539677838574
0.15,0.33,42461.53846153846,321.4251900728793
0.17,0.33,42461.53846153846,321.9707804621433
0.19,0.33,42461.53846153846,322.2433137258378
0.21,0.33,42461.53846153846,322.2433137258379
0.23,0.33,42461.53846153846,321.9707804621434
0.25,0.33,42461.53846153846,321.42519007287933
0.27,0.33,42461.53846153846,320.60539677838574
0.29,0.33,42461.53846153846,319.50937711418936
0.31,0.33,42461.53846153846,318.1336933967772
0.33,0.33,42461.53846153846,316.47248997449583
0.35,0.33,42461.53846153846,314.51580309739336
0.37,0.33,42461.53846153846,312.24707526553385
0.39,0.33,42461.53846153846,309.6403513035597
0.01,0.35,42461.53846153846,309.3300046188194
0.03,0.35,42461.53846153846,311.3364999286608
0.05,0.35,42461.53846153846,313.0519603710753
0.07,0.35,42461.53846153846,314.5158030973934
0.09,0.35,42461.53846153846,315.7508368188773
0.11,0.35,42461.53846153846,316.769840210549
0.13,0.35,42461.53846153846,317.5799221569295
0.15,0.35,42461.53846153846,318.1850622893475
0.17,0.35,42461.53846153846,318.5874987714008
0.19,0.35,42461.53846153846,318.78844731426744
0.21,0.35,42461.53846153846,318.78844731426744
0.23,0.35,42461.53846153846,318.5874987714009
0.25,0.35,42461.53846153846,318.1850622893476
0.27,0.35,42461.53846153846,317.5799221569295
0.29,0.35,42461.53846153846,316.7698402105489
0.31,0.35,42461.53846153846,315.75083681887725
0.33,0.35,42461.53846153846,314.51580309739336
0.35,0.35,42461.53846153846,313.0519603710752
0.37,0.35,42461.53846153846,311.3364999286608
0.39,0.35,42461.53846153846,309.3300046188193
0.01,0.37,42461.53846153846,308.9557009527712
0.03,0.37,42461.53846153846,310.2550993517128
0.05,0.37,42461.53846153846,311.3364999286608
0.07,0.37,42461.53846153846,312.2470752655339
0.09,0.37,42461.53846153846,313.01016705628933
0.11,0.37,42461.53846153846,313.63755675327025
0.13,0.37,42461.53846153846,314.13535534117034
0.15,0.37,42461.53846153846,314.5068178168576
0.17,0.37,42461.53846153846,314.7537058503566
0.19,0.37,42461.53846153846,314.87694798068287
0.21,0.37,42461.53846153846,314.87694798068287
0.23,0.37,42461.53846153846,314.75370585035665
0.25,0.37,42461.53846153846,314.5068178168576
0.27,0.37,42461.53846153846,314.13535534117034
0.29,0.37,42461.53846153846,313.63755675327025
0.31,0.37,42461.53846153846,313.0101670562893
0.33,0.37,42461.53846153846,312.24707526553385
0.35,0.37,42461.53846153846,311.3364999286608
0.37,0.37,42461.53846153846,310.2550993517127
0.39,0.37,42461.53846153846,308.9557009527712
0.01,0.39,42461.53846153846,308.48501157207414
0.03,0.39,42461.53846153846,308.9557009527712
0.05,0.39,42461.53846153846,309.3300046188194
0.07,0.39,42461.53846153846,309.6403513035598
0.09,0.39,42461.53846153846,309.8989123474776
0.11,0.39,42461.53846153846,310.11095532762295
0.13,0.39,42461.53846153846,310.2789948730543
0.15,0.39,42461.53846153846,310.4043093633711
0.17,0.39,42461.53846153846,310.4875709391608
0.19,0.39,42461.53846153846,310.5291270722784
0.21,0.39,42461.53846153846,310.5291270722784
0.23,0.39,42461.53846153846,310.4875709391608
0.25,0.39,42461.53846153846,310.4043093633711
0.27,0.39,42461.53846153846,310.2789948730542
0.29,0.39,42461.53846153846,310.11095532762295
0.31,0.39,42461.53846153846,309.8989123474776
0.33,0.39,42461.53846153846,309.6403513035598
0.35,0.39,42461.53846153846,309.3300046188194
0.37,0.39,42461.53846153846,308.9557009527712
0.39,0.39,42461.53846153846,308.48501157207414
0.01,0.01,44307.69230769231,308.4654422336418
0.03,0.01,44307.69230769231,308.9080056498417
0.05,0.01,44307.69230769231,309.2598346628301
0.07,0.01,44307.69230769231,309.55167530074124
0.09,0.01,44307.69230769231,309.7950275555662
0.11,0.01,44307.69230769231,309.9948071311612
0.13,0.01,44307.69230769231,310.1532967272485
0.15,0.01,44307.69230769231,310.2716020243935
0.17,0.01,44307.69230769231,310.3502652115994
0.19,0.01,44307.69230769231,310.3895448758581
0.21,0.01,44307.69230769231,310.3895448758581
0.23,0.01,44307.69230769231,310.3502652115994
0.25,0.01,44307.69230769231,310.2716020243935
0.27,0.01,44307.69230769231,310.15329672724846
0.29,0.01,44307.69230769231,309.9948071311612
0.31,0.01,44307.69230769231,309.7950275555662
0.33,0.01,44307.69230769231,309.55167530074124
0.35,0.01,44307.69230769231,309.25983466283003
0.37,0.01,44307.69230769231,308.90800564984164
0.39,0.01,44307.69230769231,308.4654422336418
0.01,0.03,44307.69230769231,308.9080056498417
0.03,0.03,44307.69230769231,310.12951563100984
0.05,0.03,44307.69230769231,311.14608008878645
0.07,0.03,44307.69230769231,312.00254254853616
0.09,0.03,44307.69230769231,312.72094389171366
0.11,0.03,44307.69230769231,313.3122266485957
0.13,0.03,44307.69230769231,313.7818834386314
0.15,0.03,44307.69230769231,314.13268343340707
0.17,0.03,44307.69230769231,314.3660136369424
0.19,0.03,44307.69230769231,314.4825434345946
0.21,0.03,44307.69230769231,314.4825434345947
0.23,0.03,44307.69230769231,314.36601363694245
0.25,0.03,44307.69230769231,314.13268343340707
0.27,0.03,44307.69230769231,313.7818834386314
0.29,0.03,44307.69230769231,313.3122266485957
0.31,0.03,44307.69230769231,312.7209438917137
0.33,0.03,44307.69230769231,312.00254254853616
0.35,0.03,44307.69230769231,311.14608008878645
0.37,0.03,44307.69230769231,310.12951563100984
0.39,0.03,44307.69230769231,308.9080056498417
0.01,0.05,44307.69230769231,309.2598346628301
0.03,0.05,44307.69230769231,311.14608008878645
0.05,0.05,44307.69230769231,312.7590359081996
0.07,0.05,44307.69230769231,314.13634964466644
0.09,0.05,44307.69230769231,315.2995270897266
0.11,0.05,44307.69230769231,316.26031759381146
0.13,0.05,44307.69230769231,317.0249672149033
0.15,0.05,44307.69230769231,317.59672779738577
0.17,0.05,44307.69230769231,317.9772553932695
0.19,0.05,44307.69230769231,318.1673557135028
0.21,0.05,44307.69230769231,318.16735571350284
0.23,0.05,44307.69230769231,317.9772553932695
0.25,0.05,44307.69230769231,317.59672779738577
0.27,0.05,44307.69230769231,317.0249672149033
0.29,0.05,44307.69230769231,316.2603175938115
0.31,0.05,44307.69230769231,315.29952708972667
0.33,0.05,44307.69230769231,314.13634964466644
0.35,0.05,44307.69230769231,312.7590359081996
0.37,0.05,44307.69230769231,311.14608008878645
0.39,0.05,44307.69230769231,309.25983466283003
0.01,0.07,44307.69230769231,309.55167530074124
0.03,0.07,44307.69230769231,312.00254254853616
0.05,0.07,44307.69230769231,314.13634964466644
0.07,0.07,44307.69230769231,315.97812722905763
0.09,0.07,44307.69230769231,317.54342840167715
0.11,0.07,44307.69230769231,318.84120349443367
0.13,0.07,44307.69230769231,319.87632790181186
0.15,0.07,44307.69230769231,320.6513457224358
0.17,0.07,44307.69230769231,321.1675360533257
0.19,0.07,44307.69230769231,321.4255093522427
0.21,0.07,44307.69230769231,321.4255093522428
0.23,0.07,44307.69230769231,321.16753605332576
0.25,0.07,44307.69230769231,320.65134572243585
0.27,0.07,44307.69230769231,319.8763279018119
0.29,0.07,44307.69230769231,318.8412034944338
0.31,0.07,44307.69230769231,317.5434284016772
0.33,0.07,44307.69230769231,315.97812722905763
0.35,0.07,44307.69230769231,314.13634964466644
0.37,0.07,44307.69230769231,312.0025425485362
0.39,0.07,44307.69230769231,309.55167530074124
0.01,0.09,44307.69230769231,309.7950275555662
0.03,0.09,44307.69230769231,312.7209438917137
0.05,0.09,44307.69230769231,315.2995270897266
0.07,0.09,44307.69230769231,317.54342840167715
0.09,0.09,44307.69230769231,319.46060341556847
0.11,0.09,44307.69230769231,321.055488805172
0.13,0.09,44307.69230769231,322.3303060744779
0.15,0.09,44307.69230769231,323.2860496712937
0.17,0.09,44307.69230769231,323.9231116521265
0.19,0.09,44307.69230769231,324.2416246732877
0.21,0.09,44307.69230769231,324.2416246732877
0.23,0.09,44307.69230769231,323.9231116521266
0.25,0.09,44307.69230769231,323.28604967129377
0.27,0.09,44307.69230769231,322.330306074478
0.29,0.09,44307.69230769231,321.05548880517205
0.31,0.09,44307.69230769231,319.46060341556847
0.33,0.09,44307.69230769231,317.54342840167715
0.35,0.09,44307.69230769231,315.29952708972667
0.37,0.09,44307.69230769231,312.7209438917137
0.39,0.09,44307.69230769231,309.7950275555661
0.01,0.11,44307.69230769231,309.9948071311612
0.03,0.11,44307.69230769231,313.3122266485957
0.05,0.11,44307.69230769231,316.26031759381146
0.07,0.11,44307.69230769231,318.84120349443367
0.09,0.11,44307.69230769231,321.055488805172
0.11,0.11,44307.69230769231,322.9027276355948
0.13,0.11,44307.69230769231,324.382007774687
0.15,0.11,44307.69230769231,325.4923720410365
0.17,0.11,44307.69230769231,326.23304338215394
0.19,0.11,44307.69230769231,326.6035049634003
0.21,0.11,44307.69230769231,326.6035049634003
0.23,0.11,44307.69230769231,326.23304338215394
0.25,0.11,44307.69230769231,325.49237204103645
0.27,0.11,44307.69230769231,324.38200777468694
0.29,0.11,44307.69230769231,322.9027276355948
0.31,0.11,44307.69230769231,321.055488805172
0.33,0.11,44307.69230769231,318.8412034944337
0.35,0.11,44307.69230769231,316.26031759381146
0.37,0.11,44307.69230769231,313.3122266485957
0.39,0.11,44307.69230769231,309.9948071311611
0.01,0.13,44307.69230769231,310.1532967272485
0.03,0.13,44307.69230769231,313.7818834386314
0.05,0.13,44307.69230769231,317.02496721490326
0.07,0.13,44307.69230769231,319.87632790181186
0.09,0.13,44307.69230769231,322.330306074478
0.11,0.13,44307.69230769231,324.382007774687
0.13,0.13,44307.69230769231,326.0275014852153
0.15,0.13,44307.69230769231,327.2638642821205
0.17,0.13,44307.69230769231,328.08910097260014
0.19,0.13,44307.69230769231,328.5020012165118
0.21,0.13,44307.69230769231,328.5020012165118
0.23,0.13,44307.69230769231,328.0891009726002
0.25,0.13,44307.69230769231,327.2638642821205
0.27,0.13,44307.69230769231,326.0275014852153
0.29,0.13,44307.69230769231,324.382007774687
0.31,0.13,44307.69230769231,322.3303060744779
0.33,0.13,44307.69230769231,319.8763279018119
0.35,0.13,44307.69230769231,317.0249672149033
0.37,0.13,44307.69230769231,313.7818834386314
0.39,0.13,44307.69230769231,310.1532967272485
0.01,0.15,44307.69230769231,310.2716020243935
0.03,0.15,44307.69230769231,314.1326834334069
0.05,0.15,44307.69230769231,317.5967277973857
0.07,0.15,44307.69230769231,320.65134572243574
0.09,0.15,44307.69230769231,323.28604967129377
0.11,0.15,44307.69230769231,325.49237204103656
0.13,0.15,44307.69230769231,327.2638642821205
0.15,0.15,44307.69230769231,328.59591327675867
0.17,0.15,44307.69230769231,329.48545025685394
0.19,0.15,44307.69230769231,329.9306423165929
0.21,0.15,44307.69230769231,329.9306423165929
0.23,0.15,44307.69230769231,329.48545025685394
0.25,0.15,44307.69230769231,328.59591327675867
0.27,0.15,44307.69230769231,327.2638642821205
0.29,0.15,44307.69230769231,325.4923720410365
0.31,0.15,44307.69230769231,323.2860496712937
0.33,0.15,44307.69230769231,320.65134572243585
0.35,0.15,44307.69230769231,317.5967277973858
0.37,0.15,44307.69230769231,314.13268343340707
0.39,0.15,44307.69230769231,310.2716020243935
0.01,0.17,44307.69230769231,310.3502652115994
0.03,0.17,44307.69230769231,314.36601363694234
0.05,0.17,44307.69230769231,317.9772553932694
0.07,0.17,44307.69230769231,321.1675360533257
0.09,0.17,44307.69230769231,323.9231116521266
0.11,0.17,44307.69230769231,326.233043382154
0.13,0.17,44307.69230769231,328.08910097260025
0.15,0.17,44307.69230769231,329.48545025685394
0.17,0.17,44307.69230769231,330.4182337694592
0.19,0.17,44307.69230769231,330.8851553700288
0.21,0.17,44307.69230769231,330.8851553700289
0.23,0.17,44307.69230769231,330.4182337694592
0.25,0.17,44307.69230769231,329.48545025685394
0.27,0.17,44307.69230769231,328.0891009726002
0.29,0.17,44307.69230769231,326.23304338215394
0.31,0.17,44307.69230769231,323.9231116521266
0.33,0.17,44307.69230769231,321.1675360533257
0.35,0.17,44307.69230769231,317.9772553932695
0.37,0.17,44307.69230769231,314.3660136369424
0.39,0.17,44307.69230769231,310.3502652115994
0.01,0.19,44307.69230769231,310.38954487585806
0.03,0.19,44307.69230769231,314.4825434345945
0.05,0.19,44307.69230769231,318.1673557135027
0.07,0.19,44307.69230769231,321.42550935224267
0.09,0.19,44307.69230769231,324.2416246732876
0.11,0.19,44307.69230769231,326.6035049634004
0.13,0.19,44307.69230769231,328.5020012165119
0.15,0.19,44307.69230769231,329.930642316593
0.17,0.19,44307.69230769231,330.8851553700288
0.19,0.19,44307.69230769231,331.3629984092241
0.21,0.19,44307.69230769231,331.36299840922413
0.23,0.19,44307.69230769231,330.8851553700288
0.25,0.19,44307.69230769231,329.9306423165929
0.27,0.19,44307.69230769231,328.50200121651187
0.29,0.19,44307.69230769231,326.6035049634003
0.31,0.19,44307.69230769231,324.2416246732877
0.33,0.19,44307.69230769231,321.4255093522427
0.35,0.19,44307.69230769231,318.1673557135028
0.37,0.19,44307.69230769231,314.4825434345946
0.39,0.19,44307.69230769231,310.3895448758581
0.01,0.21,44307.69230769231,310.38954487585806
0.03,0.21,44307.69230769231,314.4825434345945
0.05,0.21,44307.69230769231,318.1673557135027
0.07,0.21,44307.69230769231,321.42550935224267
0.09,0.21,44307.69230769231,324.2416246732877
0.11,0.21,44307.69230769231,326.6035049634004
0.13,0.21,44307.69230769231,328.5020012165119
0.15,0.21,44307.69230769231,329.930642316593
0.17,0.21,44307.69230769231,330.8851553700288
0.19,0.21,44307.69230769231,331.36299840922413
0.21,0.21,44307.69230769231,331.36299840922413
0.23,0.21,44307.69230769231,330.8851553700288
0.25,0.21,44307.69230769231,329.930642316593
0.27,0.21,44307.69230769231,328.50200121651187
0.29,0.21,44307.69230769231,326.6035049634003
0.31,0.21,44307.69230769231,324.2416246732877
0.33,0.21,44307.69230769231,321.4255093522427
0.35,0.21,44307.69230769231,318.1673557135028
0.37,0.21,44307.69230769231,314.4825434345946
0.39,0.21,44307.69230769231,310.3895448758581
0.01,0.23,44307.69230769231,310.3502652115994
0.03,0.23,44307.69230769231,314.36601363694234
0.05,0.23,44307.69230769231,317.97725539326944
0.07,0.23,44307.69230769231,321.1675360533257
0.09,0.23,44307.69230769231,323.9231116521266
0.11,0.23,44307.69230769231,326.233043382154
0.13,0.23,44307.69230769231,328.08910097260025
0.15,0.23,44307.69230769231,329.485450256854
0.17,0.23,44307.69230769231,330.4182337694592
0.19,0.23,44307.69230769231,330.8851553700289
0.21,0.23,44307.69230769231,330.88515537002894
0.23,0.23,44307.69230769231,330.4182337694592
0.25,0.23,44307.69230769231,329.485450256854
0.27,0.23,44307.69230769231,328.08910097260025
0.29,0.23,44307.69230769231,326.233043382154
0.31,0.23,44307.69230769231,323.92311165212664
0.33,0.23,44307.69230769231,321.16753605332576
0.35,0.23,44307.69230769231,317.9772553932695
0.37,0.23,44307.69230769231,314.36601363694245
0.39,0.23,44307.69230769231,310.3502652115994
0.01,0.25,44307.69230769231,310.2716020243935
0.03,0.25,44307.69230769231,314.132683433407
0.05,0.25,44307.69230769231,317.5967277973857
0.07,0.25,44307.69230769231,320.6513457224358
0.09,0.25,44307.69230769231,323.28604967129377
0.11,0.25,44307.69230769231,325.4923720410365
0.13,0.25,44307.69230769231,327.2638642821205
0.15,0.25,44307.69230769231,328.5959132767587
0.17,0.25,44307.69230769231,329.48545025685394
0.19,0.25,44307.69230769231,329.930642316593
0.21,0.25,44307.69230769231,329.93064231659304
0.23,0.25,44307.69230769231,329.485450256854
0.25,0.25,44307.69230769231,328.5959132767587
0.27,0.25,44307.69230769231,327.2638642821205
0.29,0.25,44307.69230769231,325.49237204103656
0.31,0.25,44307.69230769231,323.28604967129377
0.33,0.25,44307.69230769231,320.65134572243585
0.35,0.25,44307.69230769231,317.59672779738577
0.37,0.25,44307.69230769231,314.13268343340707
0.39,0.25,44307.69230769231,310.2716020243935
0.01,0.27,44307.69230769231,310.15329672724846
0.03,0.27,44307.69230769231,313.7818834386314
0.05,0.27,44307.69230769231,317.02496721490326
0.07,0.27,44307.69230769231,319.87632790181186
0.09,0.27,44307.69230769231,322.330306074478
0.11,0.27,44307.69230769231,324.38200777468694
0.13,0.27,44307.69230769231,326.0275014852153
0.15,0.27,44307.69230769231,327.2638642821205
0.17,0.27,44307.69230769231,328.0891009726002
0.19,0.27,44307.69230769231,328.50200121651187
0.21,0.27,44307.69230769231,328.5020012165119
0.23,0.27,44307.69230769231,328.08910097260025
0.25,0.27,44307.69230769231,327.2638642821205
0.27,0.27,44307.69230769231,326.02750148521534
0.29,0.27,44307.69230769231,324.38200777468705
0.31,0.27,44307.69230769231,322.330306074478
0.33,0.27,44307.69230769231,319.87632790181186
0.35,0.27,44307.69230769231,317.02496721490326
0.37,0.27,44307.69230769231,313.7818834386314
0.39,0.27,44307.69230769231,310.15329672724846
0.01,0.29,44307.69230769231,309.9948071311612
0.03,0.29,44307.69230769231,313.3122266485957
0.05,0.29,44307.69230769231,316.26031759381146
0.07,0.29,44307.69230769231,318.8412034944337
0.09,0.29,44307.69230769231,321.055488805172
0.11,0.29,44307.69230769231,322.9027276355948
0.13,0.29,44307.69230769231,324.382007774687
0.15,0.29,44307.69230769231,325.4923720410365
0.17,0.29,44307.69230769231,326.23304338215394
0.19,0.29,44307.69230769231,326.6035049634004
0.21,0.29,44307.69230769231,326.6035049634004
0.23,0.29,44307.69230769231,326.233043382154
0.25,0.29,44307.69230769231,325.49237204103656
0.27,0.29,44307.69230769231,324.382007774687
0.29,0.29,44307.69230769231,322.9027276355948
0.31,0.29,44307.69230769231,321.05548880517205
0.33,0.29,44307.69230769231,318.84120349443367
0.35,0.29,44307.69230769231,316.2603175938114
0.37,0.29,44307.69230769231,313.31222664859564
0.39,0.29,44307.69230769231,309.9948071311611
0.01,0.31,44307.69230769231,309.7950275555662
0.03,0.31,44307.69230769231,312.7209438917137
0.05,0.31,44307.69230769231,315.29952708972667
0.07,0.31,44307.69230769231,317.5434284016772
0.09,0.31,44307.69230769231,319.46060341556847
0.11,0.31,44307.69230769231,321.055488805172
0.13,0.31,44307.69230769231,322.330306074478
0.15,0.31,44307.69230769231,323.2860496712937
0.17,0.31,44307.69230769231,323.9231116521265
0.19,0.31,44307.69230769231,324.2416246732877
0.21,0.31,44307.69230769231,324.2416246732877
0.23,0.31,44307.69230769231,323.9231116521266
0.25,0.31,44307.69230769231,323.28604967129377
0.27,0.31,44307.69230769231,322.330306074478
0.29,0.31,44307.69230769231,321.05548880517205
0.31,0.31,44307.69230769231,319.46060341556847
0.33,0.31,44307.69230769231,317.5434284016772
0.35,0.31,44307.69230769231,315.2995270897266
0.37,0.31,44307.69230769231,312.72094389171366
0.39,0.31,44307.69230769231,309.7950275555661
0.01,0.33,44307.69230769231,309.5516753007413
0.03,0.33,44307.69230769231,312.0025425485362
0.05,0.33,44307.69230769231,314.13634964466644
0.07,0.33,44307.69230769231,315.9781272290577
0.09,0.33,44307.69230769231,317.5434284016772
0.11,0.33,44307.69230769231,318.8412034944337
0.13,0.33,44307.69230769231,319.87632790181186
0.15,0.33,44307.69230769231,320.6513457224358
0.17,0.33,44307.69230769231,321.1675360533257
0.19,0.33,44307.69230769231,321.4255093522427
0.21,0.33,44307.69230769231,321.42550935224267
0.23,0.33,44307.69230769231,321.16753605332565
0.25,0.33,44307.69230769231,320.65134572243574
0.27,0.33,44307.69230769231,319.87632790181186
0.29,0.33,44307.69230769231,318.8412034944337
0.31,0.33,44307.69230769231,317.5434284016772
0.33,0.33,44307.69230769231,315.97812722905763
0.35,0.33,44307.69230769231,314.13634964466644
0.37,0.33,44307.69230769231,312.00254254853616
0.39,0.33,44307.69230769231,309.5516753007413
0.01,0.35,44307.69230769231,309.25983466283003
0.03,0.35,44307.69230769231,311.14608008878645
0.05,0.35,44307.69230769231,312.7590359081996
0.07,0.35,44307.69230769231,314.1363496446665
0.09,0.35,44307.69230769231,315.29952708972667
0.11,0.35,44307.69230769231,316.26031759381146
0.13,0.35,44307.69230769231,317.02496721490326
0.15,0.35,44307.69230769231,317.5967277973857
0.17,0.35,44307.69230769231,317.9772553932694
0.19,0.35,44307.69230769231,318.1673557135027
0.21,0.35,44307.69230769231,318.1673557135027
0.23,0.35,44307.69230769231,317.9772553932694
0.25,0.35,44307.69230769231,317.59672779738565
0.27,0.35,44307.69230769231,317.0249672149032
0.29,0.35,44307.69230769231,316.26031759381146
0.31,0.35,44307.69230769231,315.2995270897266
0.33,0.35,44307.69230769231,314.13634964466644
0.35,0.35,44307.69230769231,312.7590359081996
0.37,0.35,44307.69230769231,311.14608008878645
0.39,0.35,44307.69230769231,309.25983466283003
0.01,0.37,44307.69230769231,308.9080056498417
0.03,0.37,44307.69230769231,310.1295156310099
0.05,0.37,44307.69230769231,311.14608008878645
0.07,0.37,44307.69230769231,312.0025425485362
0.09,0.37,44307.69230769231,312.7209438917137
0.11,0.37,44307.69230769231,313.3122266485957
0.13,0.37,44307.69230769231,313.7818834386314
0.15,0.37,44307.69230769231,314.132683433407
0.17,0.37,44307.69230769231,314.36601363694234
0.19,0.37,44307.69230769231,314.48254343459456
0.21,0.37,44307.69230769231,314.4825434345945
0.23,0.37,44307.69230769231,314.36601363694234
0.25,0.37,44307.69230769231,314.1326834334069
0.27,0.37,44307.69230769231,313.7818834386313
0.29,0.37,44307.69230769231,313.3122266485957
0.31,0.37,44307.69230769231,312.72094389171366
0.33,0.37,44307.69230769231,312.00254254853616
0.35,0.37,44307.69230769231,311.14608008878645
0.37,0.37,44307.69230769231,310.12951563100984
0.39,0.37,44307.69230769231,308.9080056498417
0.01,0.39,44307.69230769231,308.4654422336418
0.03,0.39,44307.69230769231,308.9080056498417
0.05,0.39,44307.69230769231,309.25983466283003
0.07,0.39,44307.69230769231,309.55167530074124
0.09,0.39,44307.69230769231,309.7950275555661
0.11,0.39,44307.69230769231,309.9948071311611
0.13,0.39,44307.69230769231,310.1532967272485
0.15,0.39,44307.69230769231,310.2716020243935
0.17,0.39,44307.69230769231,310.3502652115994
0.19,0.39,44307.69230769231,310.3895448758581
0.21,0.39,44307.69230769231,310.3895448758581
0.23,0.39,44307.69230769231,310.3502652115994
0.25,0.39,44307.69230769231,310.2716020243934
0.27,0.39,44307.69230769231,310.15329672724846
0.29,0.39,44307.69230769231,309.9948071311611
0.31,0.39,44307.69230769231,309.7950275555661
0.33,0.39,44307.69230769231,309.55167530074124
0.35,0.39,44307.69230769231,309.25983466283003
0.37,0.39,44307.69230769231,308.9080056498417
0.39,0.39,44307.69230769231,308.4654422336418
0.01,0.01,46153.84615384616,308.44729018328104
0.03,0.01,46153.84615384616,308.86354291398106
0.05,0.01,46153.84615384616,309.1941853687734
0.07,0.01,46153.84615384616,309.4684527020293
0.09,0.01,46153.84615384616,309.6972607087967
0.11,0.01,46153.84615384616,309.8852344227032
0.13,0.01,46153.84615384616,310.0344747730911
0.15,0.01,46153.84615384616,310.1459567686035
0.17,0.01,46153.84615384616,310.2201259851375
0.19,0.01,46153.84615384616,310.2571753989116
0.21,0.01,46153.84615384616,310.2571753989116
0.23,0.01,46153.84615384616,310.2201259851375
0.25,0.01,46153.84615384616,310.14595676860347
0.27,0.01,46153.84615384616,310.0344747730909
0.29,0.01,46153.84615384616,309.88523442270315
0.31,0.01,46153.84615384616,309.6972607087967
0.33,0.01,46153.84615384616,309.46845270202925
0.35,0.01,46153.84615384616,309.1941853687734
0.37,0.01,46153.84615384616,308.8635429139811
0.39,0.01,46153.84615384616,308.44729018328104
0.01,0.03,46153.84615384616,308.8635429139811
0.03,0.03,46153.84615384616,310.0119986611223
0.05,0.03,46153.84615384616,310.9673434671764
0.07,0.03,46153.84615384616,311.7723572540065
0.09,0.03,46153.84615384616,312.4479750638662
0.11,0.03,46153.84615384616,313.00446300900745
0.13,0.03,46153.84615384616,313.44683738949885
0.15,0.03,46153.84615384616,313.77750337086786
0.17,0.03,46153.84615384616,313.9975707834219
0.19,0.03,46153.84615384616,314.10751816217305
0.21,0.03,46153.84615384616,314.10751816217305
0.23,0.03,46153.84615384616,313.9975707834219
0.25,0.03,46153.84615384616,313.77750337086775
0.27,0.03,46153.84615384616,313.4468373894988
0.29,0.03,46153.84615384616,313.00446300900745
0.31,0.03,46153.84615384616,312.44797506386624
0.33,0.03,46153.84615384616,311.7723572540066
0.35,0.03,46153.84615384616,310.9673434671765
0.37,0.03,46153.84615384616,310.0119986611223
0.39,0.03,46153.84615384616,308.8635429139811
0.01,0.05,46153.84615384616,309.19418536877333
0.03,0.05,46153.84615384616,310.9673434671764
0.05,0.05,46153.84615384616,312.483306785511
0.07,0.05,46153.84615384616,313.7782011972808
0.09,0.05,46153.84615384616,314.8724727525203
0.11,0.05,46153.84615384616,315.7770753089512
0.13,0.05,46153.84615384616,316.49761002456484
0.15,0.05,46153.84615384616,317.0367931888018
0.17,0.05,46153.84615384616,317.3958545445128
0.19,0.05,46153.84615384616,317.5752995934686
0.21,0.05,46153.84615384616,317.5752995934687
0.23,0.05,46153.84615384616,317.3958545445128
0.25,0.05,46153.84615384616,317.0367931888018
0.27,0.05,46153.84615384616,316.49761002456484
0.29,0.05,46153.84615384616,315.7770753089512
0.31,0.05,46153.84615384616,314.8724727525204
0.33,0.05,46153.84615384616,313.7782011972809
0.35,0.05,46153.84615384616,312.48330678551105
0.37,0.05,46153.84615384616,310.9673434671765
0.39,0.05,46153.84615384616,309.19418536877333
0.01,0.07,46153.84615384616,309.46845270202925
0.03,0.07,46153.84615384616,311.7723572540065
0.05,0.07,46153.84615384616,313.7782011972808
0.07,0.07,46153.84615384616,315.5102940555502
0.09,0.07,46153.84615384616,316.98344533913814
0.11,0.07,46153.84615384616,318.2058742842678
0.13,0.07,46153.84615384616,319.1817540601311
0.15,0.07,46153.84615384616,319.91298698887874
0.17,0.07,46153.84615384616,320.40031455420086
0.19,0.07,46153.84615384616,320.64395852830825
0.21,0.07,46153.84615384616,320.6439585283083
0.23,0.07,46153.84615384616,320.40031455420086
0.25,0.07,46153.84615384616,319.9129869888788
0.27,0.07,46153.84615384616,319.18175406013114
0.29,0.07,46153.84615384616,318.20587428426785
0.31,0.07,46153.84615384616,316.9834453391382
0.33,0.07,46153.84615384616,315.5102940555503
0.35,0.07,46153.84615384616,313.77820119728085
0.37,0.07,46153.84615384616,311.7723572540065
0.39,0.07,46153.84615384616,309.46845270202925
0.01,0.09,46153.84615384616,309.6972607087967
0.03,0.09,46153.84615384616,312.44797506386624
0.05,0.09,46153.84615384616,314.8724727525204
0.07,0.09,46153.84615384616,316.9834453391382
0.09,0.09,46153.84615384616,318.7884951705599
0.11,0.09,46153.84615384616,320.29148024760343
0.13,0.09,46153.84615384616,321.4939341560137
0.15,0.09,46153.84615384616,322.3961548031056
0.17,0.09,46153.84615384616,322.9979197818665
0.19,0.09,46153.84615384616,323.2989055963565
0.21,0.09,46153.84615384616,323.2989055963566
0.23,0.09,46153.84615384616,322.9979197818666
0.25,0.09,46153.84615384616,322.3961548031056
0.27,0.09,46153.84615384616,321.4939341560138
0.29,0.09,46153.84615384616,320.29148024760354
0.31,0.09,46153.84615384616,318.7884951705599
0.33,0.09,46153.84615384616,316.9834453391382
0.35,0.09,46153.84615384616,314.8724727525203
0.37,0.09,46153.84615384616,312.4479750638662
0.39,0.09,46153.84615384616,309.69726070879665
0.01,0.11,46153.84615384616,309.88523442270315
0.03,0.11,46153.84615384616,313.00446300900745
0.05,0.11,46153.84615384616,315.7770753089512
0.07,0.11,46153.84615384616,318.2058742842678
0.09,0.11,46153.84615384616,320.2914802476035
0.11,0.11,46153.84615384616,322.03304338582234
0.13,0.11,46153.84615384616,323.42901262572576
0.15,0.11,46153.84615384616,324.4777128536384
0.17,0.11,46153.84615384616,325.1777023991134
0.19,0.11,46153.84615384616,325.5279590229007
0.21,0.11,46153.84615384616,325.52795902290075
0.23,0.11,46153.84615384616,325.17770239911346
0.25,0.11,46153.84615384616,324.4777128536384
0.27,0.11,46153.84615384616,323.4290126257258
0.29,0.11,46153.84615384616,322.0330433858224
0.31,0.11,46153.84615384616,320.2914802476035
0.33,0.11,46153.84615384616,318.2058742842678
0.35,0.11,46153.84615384616,315.7770753089511
0.37,0.11,46153.84615384616,313.0044630090074
0.39,0.11,46153.84615384616,309.88523442270315
0.01,0.13,46153.84615384616,310.03447477309106
0.03,0.13,46153.84615384616,313.44683738949885
0.05,0.13,46153.84615384616,316.49761002456484
0.07,0.13,46153.84615384616,319.18175406013114
0.09,0.13,46153.84615384616,321.4939341560138
0.11,0.13,46153.84615384616,323.42901262572576
0.13,0.13,46153.84615384616,324.98247712794864
0.15,0.13,46153.84615384616,326.1506834747624
0.17,0.13,46153.84615384616,326.9309403861659
0.19,0.13,46153.84615384616,327.3214974086096
0.21,0.13,46153.84615384616,327.3214974086097
0.23,0.13,46153.84615384616,326.930940386166
0.25,0.13,46153.84615384616,326.1506834747624
0.27,0.13,46153.84615384616,324.9824771279487
0.29,0.13,46153.84615384616,323.42901262572576
0.31,0.13,46153.84615384616,321.4939341560137
0.33,0.13,46153.84615384616,319.18175406013114
0.35,0.13,46153.84615384616,316.49761002456484
0.37,0.13,46153.84615384616,313.44683738949885
0.39,0.13,46153.84615384616,310.03447477309106
0.01,0.15,46153.84615384616,310.14595676860347
0.03,0.15,46153.84615384616,313.77750337086775
0.05,0.15,46153.84615384616,317.03679318880177
0.07,0.15,46153.84615384616,319.91298698887874
0.09,0.15,46153.84615384616,322.3961548031056
0.11,0.15,46153.84615384616,324.4777128536384
0.13,0.15,46153.84615384616,326.1506834747624
0.15,0.15,46153.84615384616,327.4097364603154
0.17,0.15,46153.84615384616,328.2510878837247
0.19,0.15,46153.84615384616,328.6723413046992
0.21,0.15,46153.84615384616,328.6723413046992
0.23,0.15,46153.84615384616,328.2510878837248
0.25,0.15,46153.84615384616,327.40973646031546
0.27,0.15,46153.84615384616,326.1506834747624
0.29,0.15,46153.84615384616,324.4777128536384
0.31,0.15,46153.84615384616,322.3961548031056
0.33,0.15,46153.84615384616,319.9129869888788
0.35,0.15,46153.84615384616,317.0367931888018
0.37,0.15,46153.84615384616,313.77750337086775
0.39,0.15,46153.84615384616,310.14595676860347
0.01,0.17,46153.84615384616,310.22012598513743
0.03,0.17,46153.84615384616,313.99757078342185
0.05,0.17,46153.84615384616,317.3958545445127
0.07,0.17,46153.84615384616,320.4003145542008
0.09,0.17,46153.84615384616,322.9979197818665
0.11,0.17,46153.84615384616,325.1777023991134
0.13,0.17,46153.84615384616,326.9309403861659
0.15,0.17,46153.84615384616,328.2510878837247
0.17,0.17,46153.84615384616,329.13356144787736
0.19,0.17,46153.84615384616,329.5754869347488
0.21,0.17,46153.84615384616,329.5754869347489
0.23,0.17,46153.84615384616,329.1335614478774
0.25,0.17,46153.84615384616,328.2510878837248
0.27,0.17,46153.84615384616,326.930940386166
0.29,0.17,46153.84615384616,325.17770239911346
0.31,0.17,46153.84615384616,322.9979197818666
0.33,0.17,46153.84615384616,320.40031455420086
0.35,0.17,46153.84615384616,317.3958545445128
0.37,0.17,46153.84615384616,313.9975707834219
0.39,0.17,46153.84615384616,310.2201259851375
0.01,0.19,46153.84615384616,310.2571753989115
0.03,0.19,46153.84615384616,314.10751816217294
0.05,0.19,46153.84615384616,317.57529959346857
0.07,0.19,46153.84615384616,320.6439585283082
0.09,0.19,46153.84615384616,323.2989055963565
0.11,0.19,46153.84615384616,325.52795902290075
0.13,0.19,46153.84615384616,327.3214974086096
0.15,0.19,46153.84615384616,328.6723413046992
0.17,0.19,46153.84615384616,329.5754869347488
0.19,0.19,46153.84615384616,330.0278074097393
0.21,0.19,46153.84615384616,330.0278074097393
0.23,0.19,46153.84615384616,329.5754869347489
0.25,0.19,46153.84615384616,328.6723413046993
0.27,0.19,46153.84615384616,327.32149740860973
0.29,0.19,46153.84615384616,325.5279590229008
0.31,0.19,46153.84615384616,323.2989055963566
0.33,0.19,46153.84615384616,320.64395852830825
0.35,0.19,46153.84615384616,317.5752995934686
0.37,0.19,46153.84615384616,314.107518162173
0.39,0.19,46153.84615384616,310.2571753989116
0.01,0.21,46153.84615384616,310.2571753989115
0.03,0.21,46153.84615384616,314.10751816217294
0.05,0.21,46153.84615384616,317.57529959346857
0.07,0.21,46153.84615384616,320.6439585283082
0.09,0.21,46153.84615384616,323.2989055963565
0.11,0.21,46153.84615384616,325.52795902290075
0.13,0.21,46153.84615384616,327.3214974086097
0.15,0.21,46153.84615384616,328.6723413046992
0.17,0.21,46153.84615384616,329.5754869347488
0.19,0.21,46153.84615384616,330.0278074097393
0.21,0.21,46153.84615384616,330.0278074097393
0.23,0.21,46153.84615384616,329.5754869347489
0.25,0.21,46153.84615384616,328.67234130469933
0.27,0.21,46153.84615384616,327.32149740860973
0.29,0.21,46153.84615384616,325.5279590229008
0.31,0.21,46153.84615384616,323.2989055963566
0.33,0.21,46153.84615384616,320.64395852830825
0.35,0.21,46153.84615384616,317.5752995934686
0.37,0.21,46153.84615384616,314.107518162173
0.39,0.21,46153.84615384616,310.2571753989116
0.01,0.23,46153.84615384616,310.22012598513743
0.03,0.23,46153.84615384616,313.9975707834218
0.05,0.23,46153.84615384616,317.3958545445127
0.07,0.23,46153.84615384616,320.4003145542008
0.09,0.23,46153.84615384616,322.9979197818665
0.11,0.23,46153.84615384616,325.1777023991134
0.13,0.23,46153.84615384616,326.9309403861659
0.15,0.23,46153.84615384616,328.2510878837247
0.17,0.23,46153.84615384616,329.13356144787736
0.19,0.23,46153.84615384616,329.5754869347489
0.21,0.23,46153.84615384616,329.5754869347489
0.23,0.23,46153.84615384616,329.1335614478774
0.25,0.23,46153.84615384616,328.2510878837248
0.27,0.23,46153.84615384616,326.930940386166
0.29,0.23,46153.84615384616,325.17770239911346
0.31,0.23,46153.84615384616,322.9979197818666
0.33,0.23,46153.84615384616,320.4003145542009
0.35,0.23,46153.84615384616,317.3958545445128
0.37,0.23,46153.84615384616,313.9975707834219
0.39,0.23,46153.84615384616,310.2201259851375
0.01,0.25,46153.84615384616,310.1459567686034
0.03,0.25,46153.84615384616,313.7775033708677
0.05,0.25,46153.84615384616,317.0367931888017
0.07,0.25,46153.84615384616,319.9129869888787
0.09,0.25,46153.84615384616,322.3961548031056
0.11,0.25,46153.84615384616,324.4777128536384
0.13,0.25,46153.84615384616,326.1506834747624
0.15,0.25,46153.84615384616,327.4097364603154
0.17,0.25,46153.84615384616,328.2510878837247
0.19,0.25,46153.84615384616,328.6723413046992
0.21,0.25,46153.84615384616,328.6723413046993
0.23,0.25,46153.84615384616,328.2510878837248
0.25,0.25,46153.84615384616,327.40973646031546
0.27,0.25,46153.84615384616,326.1506834747624
0.29,0.25,46153.84615384616,324.4777128536384
0.31,0.25,46153.84615384616,322.3961548031056
0.33,0.25,46153.84615384616,319.9129869888788
0.35,0.25,46153.84615384616,317.0367931888018
0.37,0.25,46153.84615384616,313.77750337086775
0.39,0.25,46153.84615384616,310.14595676860347
0.01,0.27,46153.84615384616,310.0344747730909
0.03,0.27,46153.84615384616,313.44683738949874
0.05,0.27,46153.84615384616,316.4976100245648
0.07,0.27,46153.84615384616,319.1817540601311
0.09,0.27,46153.84615384616,321.4939341560137
0.11,0.27,46153.84615384616,323.42901262572576
0.13,0.27,46153.84615384616,324.98247712794864
0.15,0.27,46153.84615384616,326.1506834747624
0.17,0.27,46153.84615384616,326.93094038616584
0.19,0.27,46153.84615384616,327.3214974086097
0.21,0.27,46153.84615384616,327.3214974086097
0.23,0.27,46153.84615384616,326.930940386166
0.25,0.27,46153.84615384616,326.1506834747624
0.27,0.27,46153.84615384616,324.9824771279487
0.29,0.27,46153.84615384616,323.42901262572576
0.31,0.27,46153.84615384616,321.4939341560137
0.33,0.27,46153.84615384616,319.1817540601311
0.35,0.27,46153.84615384616,316.4976100245648
0.37,0.27,46153.84615384616,313.4468373894988
0.39,0.27,46153.84615384616,310.0344747730909
0.01,0.29,46153.84615384616,309.88523442270315
0.03,0.29,46153.84615384616,313.0044630090074
0.05,0.29,46153.84615384616,315.7770753089511
0.07,0.29,46153.84615384616,318.2058742842678
0.09,0.29,46153.84615384616,320.2914802476035
0.11,0.29,46153.84615384616,322.0330433858224
0.13,0.29,46153.84615384616,323.42901262572576
0.15,0.29,46153.84615384616,324.4777128536384
0.17,0.29,46153.84615384616,325.1777023991134
0.19,0.29,46153.84615384616,325.52795902290075
0.21,0.29,46153.84615384616,325.52795902290075
0.23,0.29,46153.84615384616,325.1777023991134
0.25,0.29,46153.84615384616,324.4777128536384
0.27,0.29,46153.84615384616,323.42901262572576
0.29,0.29,46153.84615384616,322.03304338582234
0.31,0.29,46153.84615384616,320.2914802476035
0.33,0.29,46153.84615384616,318.2058742842678
0.35,0.29,46153.84615384616,315.7770753089511
0.37,0.29,46153.84615384616,313.00446300900734
0.39,0.29,46153.84615384616,309.88523442270315
0.01,0.31,46153.84615384616,309.6972607087967
0.03,0.31,46153.84615384616,312.4479750638662
0.05,0.31,46153.84615384616,314.8724727525203
0.07,0.31,46153.84615384616,316.98344533913826
0.09,0.31,46153.84615384616,318.7884951705599
0.11,0.31,46153.84615384616,320.2914802476035
0.13,0.31,46153.84615384616,321.4939341560137
0.15,0.31,46153.84615384616,322.3961548031056
0.17,0.31,46153.84615384616,322.9979197818665
0.19,0.31,46153.84615384616,323.2989055963565
0.21,0.31,46153.84615384616,323.2989055963565
0.23,0.31,46153.84615384616,322.9979197818665
0.25,0.31,46153.84615384616,322.3961548031056
0.27,0.31,46153.84615384616,321.4939341560137
0.29,0.31,46153.84615384616,320.29148024760343
0.31,0.31,46153.84615384616,318.7884951705598
0.33,0.31,46153.84615384616,316.9834453391382
0.35,0.31,46153.84615384616,314.8724727525203
0.37,0.31,46153.84615384616,312.4479750638661
0.39,0.31,46153.84615384616,309.69726070879665
0.01,0.33,46153.84615384616,309.46845270202925
0.03,0.33,46153.84615384616,311.7723572540065
0.05,0.33,46153.84615384616,313.77820119728085
0.07,0.33,46153.84615384616,315.5102940555503
0.09,0.33,46153.84615384616,316.98344533913826
0.11,0.33,46153.84615384616,318.2058742842678
0.13,0.33,46153.84615384616,319.1817540601311
0.15,0.33,46153.84615384616,319.9129869888787
0.17,0.33,46153.84615384616,320.4003145542008
0.19,0.33,46153.84615384616,320.64395852830825
0.21,0.33,46153.84615384616,320.64395852830825
0.23,0.33,46153.84615384616,320.4003145542008
0.25,0.33,46153.84615384616,319.9129869888787
0.27,0.33,46153.84615384616,319.1817540601311
0.29,0.33,46153.84615384616,318.2058742842678
0.31,0.33,46153.84615384616,316.9834453391382
0.33,0.33,46153.84615384616,315.5102940555502
0.35,0.33,46153.84615384616,313.7782011972808
0.37,0.33,46153.84615384616,311.77235725400647
0.39,0.33,46153.84615384616,309.46845270202925
0.01,0.35,46153.84615384616,309.1941853687734
0.03,0.35,46153.84615384616,310.9673434671765
0.05,0.35,46153.84615384616,312.483306785511
0.07,0.35,46153.84615384616,313.77820119728085
0.09,0.35,46153.84615384616,314.8724727525204
0.11,0.35,46153.84615384616,315.7770753089512
0.13,0.35,46153.84615384616,316.4976100245648
0.15,0.35,46153.84615384616,317.03679318880177
0.17,0.35,46153.84615384616,317.3958545445127
0.19,0.35,46153.84615384616,317.57529959346857
0.21,0.35,46153.84615384616,317.57529959346857
0.23,0.35,46153.84615384616,317.3958545445127
0.25,0.35,46153.84615384616,317.0367931888017
0.27,0.35,46153.84615384616,316.4976100245648
0.29,0.35,46153.84615384616,315.7770753089511
0.31,0.35,46153.84615384616,314.8724727525203
0.33,0.35,46153.84615384616,313.7782011972808
0.35,0.35,46153.84615384616,312.48330678551093
0.37,0.35,46153.84615384616,310.9673434671764
0.39,0.35,46153.84615384616,309.19418536877333
0.01,0.37,46153.84615384616,308.8635429139811
0.03,0.37,46153.84615384616,310.0119986611223
0.05,0.37,46153.84615384616,310.9673434671765
0.07,0.37,46153.84615384616,311.7723572540065
0.09,0.37,46153.84615384616,312.4479750638662
0.11,0.37,46153.84615384616,313.0044630090074
0.13,0.37,46153.84615384616,313.4468373894988
0.15,0.37,46153.84615384616,313.77750337086775
0.17,0.37,46153.84615384616,313.99757078342185
0.19,0.37,46153.84615384616,314.10751816217294
0.21,0.37,46153.84615384616,314.107518162173
0.23,0.37,46153.84615384616,313.99757078342185
0.25,0.37,46153.84615384616,313.7775033708677
0.27,0.37,46153.84615384616,313.4468373894988
0.29,0.37,46153.84615384616,313.0044630090074
0.31,0.37,46153.84615384616,312.4479750638662
0.33,0.37,46153.84615384616,311.77235725400647
0.35,0.37,46153.84615384616,310.9673434671764
0.37,0.37,46153.84615384616,310.0119986611222
0.39,0.37,46153.84615384616,308.86354291398106
0.01,0.39,46153.84615384616,308.44729018328104
0.03,0.39,46153.84615384616,308.8635429139811
0.05,0.39,46153.84615384616,309.19418536877333
0.07,0.39,46153.84615384616,309.46845270202925
0.09,0.39,46153.84615384616,309.69726070879665
0.11,0.39,46153.84615384616,309.88523442270315
0.13,0.39,46153.84615384616,310.034474773091
0.15,0.39,46153.84615384616,310.14595676860347
0.17,0.39,46153.84615384616,310.2201259851375
0.19,0.39,46153.84615384616,310.2571753989116
0.21,0.39,46153.84615384616,310.2571753989116
0.23,0.39,46153.84615384616,310.2201259851375
0.25,0.39,46153.84615384616,310.1459567686034
0.27,0.39,46153.84615384616,310.0344747730909
0.29,0.39,46153.84615384616,309.88523442270315
0.31,0.39,46153.84615384616,309.69726070879665
0.33,0.39,46153.84615384616,309.4684527020292
0.35,0.39,46153.84615384616,309.19418536877333
0.37,0.39,46153.84615384616,308.86354291398106
0.39,0.39,46153.84615384616,308.44729018328104
0.01,0.01,48000.0,308.43044383505145
0.03,0.01,48000.0,308.82210620523483
0.05,0.01,48000.0,309.1328205830851
0.07,0.01,48000.0,309.39045825668217
0.09,0.01,48000.0,309.6054230127229
0.11,0.01,48000.0,309.7820985635082
0.13,0.01,48000.0,309.92244399949936
0.15,0.01,48000.0,310.0273369909957
0.17,0.01,48000.0,310.09715294273303
0.19,0.01,48000.0,310.1320376984715
0.21,0.01,48000.0,310.1320376984715
0.23,0.01,48000.0,310.097152942733
0.25,0.01,48000.0,310.0273369909957
0.27,0.01,48000.0,309.9224439994993
0.29,0.01,48000.0,309.78209856350816
0.31,0.01,48000.0,309.6054230127229
0.33,0.01,48000.0,309.39045825668217
0.35,0.01,48000.0,309.1328205830851
0.37,0.01,48000.0,308.82210620523483
0.39,0.01,48000.0,308.43044383505145
0.01,0.03,48000.0,308.82210620523483
0.03,0.03,48000.0,309.90213420733494
0.05,0.03,48000.0,310.7998173238957
0.07,0.03,48000.0,311.55609440397046
0.09,0.03,48000.0,312.19095340238465
0.11,0.03,48000.0,312.71411395872934
0.13,0.03,48000.0,313.1302288287156
0.15,0.03,48000.0,313.44143577074993
0.17,0.03,48000.0,313.6486448323208
0.19,0.03,48000.0,313.7521979998063
0.21,0.03,48000.0,313.7521979998064
0.23,0.03,48000.0,313.6486448323208
0.25,0.03,48000.0,313.4414357707499
0.27,0.03,48000.0,313.1302288287156
0.29,0.03,48000.0,312.71411395872934
0.31,0.03,48000.0,312.1909534023847
0.33,0.03,48000.0,311.5560944039706
0.35,0.03,48000.0,310.7998173238958
0.37,0.03,48000.0,309.902134207335
0.39,0.03,48000.0,308.82210620523483
0.01,0.05,48000.0,309.13282058308505
0.03,0.05,48000.0,310.7998173238957
0.05,0.05,48000.0,312.22426254405855
0.07,0.05,48000.0,313.4409616384519
0.09,0.05,48000.0,314.4694946844059
0.11,0.05,48000.0,315.3202050697087
0.13,0.05,48000.0,315.998221374878
0.15,0.05,48000.0,316.5058766440228
0.17,0.05,48000.0,316.8440980812382
0.19,0.05,48000.0,317.0131783963267
0.21,0.05,48000.0,317.0131783963267
0.23,0.05,48000.0,316.8440980812382
0.25,0.05,48000.0,316.5058766440228
0.27,0.05,48000.0,315.998221374878
0.29,0.05,48000.0,315.3202050697088
0.31,0.05,48000.0,314.469494684406
0.33,0.05,48000.0,313.44096163845194
0.35,0.05,48000.0,312.2242625440586
0.37,0.05,48000.0,310.7998173238958
0.39,0.05,48000.0,309.1328205830851
0.01,0.07,48000.0,309.39045825668217
0.03,0.07,48000.0,311.55609440397046
0.05,0.07,48000.0,313.4409616384518
0.07,0.07,48000.0,315.0688048445458
0.09,0.07,48000.0,316.4538927003171
0.11,0.07,48000.0,317.60393430806965
0.13,0.07,48000.0,318.52261952512094
0.15,0.07,48000.0,319.2114082085387
0.17,0.07,48000.0,319.67066857901324
0.19,0.07,48000.0,319.90035065006253
0.21,0.07,48000.0,319.90035065006253
0.23,0.07,48000.0,319.67066857901324
0.25,0.07,48000.0,319.2114082085387
0.27,0.07,48000.0,318.52261952512094
0.29,0.07,48000.0,317.6039343080697
0.31,0.07,48000.0,316.4538927003172
0.33,0.07,48000.0,315.0688048445458
0.35,0.07,48000.0,313.44096163845194
0.37,0.07,48000.0,311.5560944039705
0.39,0.07,48000.0,309.39045825668217
0.01,0.09,48000.0,309.6054230127229
0.03,0.09,48000.0,312.1909534023846
0.05,0.09,48000.0,314.4694946844059
0.07,0.09,48000.0,316.4538927003171
0.09,0.09,48000.0,318.151598692426
0.11,0.09,48000.0,319.5661372672004
0.13,0.09,48000.0,320.69860927734004
0.15,0.09,48000.0,321.5488541748488
0.17,0.09,48000.0,322.1162339346604
0.19,0.09,48000.0,322.4001113293486
0.21,0.09,48000.0,322.40011132934853
0.23,0.09,48000.0,322.1162339346604
0.25,0.09,48000.0,321.5488541748488
0.27,0.09,48000.0,320.69860927734004
0.29,0.09,48000.0,319.5661372672004
0.31,0.09,48000.0,318.1515986924259
0.33,0.09,48000.0,316.45389270031706
0.35,0.09,48000.0,314.4694946844059
0.37,0.09,48000.0,312.1909534023846
0.39,0.09,48000.0,309.60542301272284
0.01,0.11,48000.0,309.78209856350816
0.03,0.11,48000.0,312.7141139587293
0.05,0.11,48000.0,315.3202050697087
0.07,0.11,48000.0,317.60393430806965
0.09,0.11,48000.0,319.5661372672004
0.11,0.11,48000.0,321.20582311250024
0.13,0.11,48000.0,322.5210854969946
0.15,0.11,48000.0,323.50980090461087
0.17,0.11,48000.0,324.1700904348425
0.19,0.11,48000.0,324.50059020807845
0.21,0.11,48000.0,324.5005902080784
0.23,0.11,48000.0,324.17009043484245
0.25,0.11,48000.0,323.50980090461087
0.27,0.11,48000.0,322.52108549699454
0.29,0.11,48000.0,321.20582311250024
0.31,0.11,48000.0,319.5661372672004
0.33,0.11,48000.0,317.6039343080697
0.35,0.11,48000.0,315.3202050697087
0.37,0.11,48000.0,312.7141139587293
0.39,0.11,48000.0,309.7820985635082
0.01,0.13,48000.0,309.92244399949936
0.03,0.13,48000.0,313.1302288287156
0.05,0.13,48000.0,315.998221374878
0.07,0.13,48000.0,318.5226195251209
0.09,0.13,48000.0,320.69860927734004
0.11,0.13,48000.0,322.5210854969946
0.13,0.13,48000.0,323.98526067578825
0.15,0.13,48000.0,325.0870637141972
0.17,0.13,48000.0,325.8233574144633
0.19,0.13,48000.0,326.19203213247874
0.21,0.13,48000.0,326.1920321324787
0.23,0.13,48000.0,325.82335741446326
0.25,0.13,48000.0,325.0870637141972
0.27,0.13,48000.0,323.98526067578825
0.29,0.13,48000.0,322.52108549699454
0.31,0.13,48000.0,320.69860927734004
0.33,0.13,48000.0,318.52261952512094
0.35,0.13,48000.0,315.998221374878
0.37,0.13,48000.0,313.1302288287156
0.39,0.13,48000.0,309.92244399949936
0.01,0.15,48000.0,310.0273369909957
0.03,0.15,48000.0,313.4414357707499
0.05,0.15,48000.0,316.50587664402275
0.07,0.15,48000.0,319.2114082085387
0.09,0.15,48000.0,321.5488541748488
0.11,0.15,48000.0,323.50980090461087
0.13,0.15,48000.0,325.0870637141972
0.15,0.15,48000.0,326.2749082287486
0.17,0.15,48000.0,327.06910265458424
0.19,0.15,48000.0,327.4668808837679
0.21,0.15,48000.0,327.4668808837679
0.23,0.15,48000.0,327.06910265458424
0.25,0.15,48000.0,326.27490822874864
0.27,0.15,48000.0,325.0870637141972
0.29,0.15,48000.0,323.50980090461087
0.31,0.15,48000.0,321.5488541748488
0.33,0.15,48000.0,319.2114082085388
0.35,0.15,48000.0,316.5058766440228
0.37,0.15,48000.0,313.44143577074993
0.39,0.15,48000.0,310.02733699099576
0.01,0.17,48000.0,310.097152942733
0.03,0.17,48000.0,313.6486448323208
0.05,0.17,48000.0,316.84409808123814
0.07,0.17,48000.0,319.6706685790132
0.09,0.17,48000.0,322.1162339346604
0.11,0.17,48000.0,324.17009043484245
0.13,0.17,48000.0,325.82335741446326
0.15,0.17,48000.0,327.0691026545842
0.17,0.17,48000.0,327.902295486567
0.19,0.17,48000.0,328.31968630897774
0.21,0.17,48000.0,328.31968630897774
0.23,0.17,48000.0,327.9022954865671
0.25,0.17,48000.0,327.0691026545844
0.27,0.17,48000.0,325.8233574144633
0.29,0.17,48000.0,324.1700904348425
0.31,0.17,48000.0,322.1162339346604
0.33,0.17,48000.0,319.6706685790133
0.35,0.17,48000.0,316.8440980812382
0.37,0.17,48000.0,313.6486448323208
0.39,0.17,48000.0,310.09715294273303
0.01,0.19,48000.0,310.13203769847144
0.03,0.19,48000.0,313.75219799980624
0.05,0.19,48000.0,317.01317839632657
0.07,0.19,48000.0,319.90035065006253
0.09,0.19,48000.0,322.40011132934853
0.11,0.19,48000.0,324.5005902080784
0.13,0.19,48000.0,326.1920321324787
0.15,0.19,48000.0,327.46688088376783
0.17,0.19,48000.0,328.3196863089777
0.19,0.19,48000.0,328.74694350152816
0.21,0.19,48000.0,328.74694350152816
0.23,0.19,48000.0,328.31968630897774
0.25,0.19,48000.0,327.46688088376794
0.27,0.19,48000.0,326.1920321324788
0.29,0.19,48000.0,324.50059020807845
0.31,0.19,48000.0,322.40011132934865
0.33,0.19,48000.0,319.9003506500626
0.35,0.19,48000.0,317.0131783963267
0.37,0.19,48000.0,313.7521979998063
0.39,0.19,48000.0,310.1320376984715
0.01,0.21,48000.0,310.13203769847144
0.03,0.21,48000.0,313.75219799980624
0.05,0.21,48000.0,317.0131783963266
0.07,0.21,48000.0,319.90035065006253
0.09,0.21,48000.0,322.40011132934853
0.11,0.21,48000.0,324.5005902080784
0.13,0.21,48000.0,326.19203213247863
0.15,0.21,48000.0,327.46688088376783
0.17,0.21,48000.0,328.3196863089777
0.19,0.21,48000.0,328.7469435015281
0.21,0.21,48000.0,328.74694350152816
0.23,0.21,48000.0,328.31968630897774
0.25,0.21,48000.0,327.4668808837679
0.27,0.21,48000.0,326.19203213247874
0.29,0.21,48000.0,324.50059020807845
0.31,0.21,48000.0,322.40011132934865
0.33,0.21,48000.0,319.90035065006253
0.35,0.21,48000.0,317.0131783963267
0.37,0.21,48000.0,313.7521979998064
0.39,0.21,48000.0,310.1320376984715
0.01,0.23,48000.0,310.097152942733
0.03,0.23,48000.0,313.6486448323208
0.05,0.23,48000.0,316.8440980812382
0.07,0.23,48000.0,319.67066857901324
0.09,0.23,48000.0,322.1162339346604
0.11,0.23,48000.0,324.1700904348424
0.13,0.23,48000.0,325.8233574144632
0.15,0.23,48000.0,327.06910265458424
0.17,0.23,48000.0,327.9022954865671
0.19,0.23,48000.0,328.3196863089777
0.21,0.23,48000.0,328.3196863089777
0.23,0.23,48000.0,327.902295486567
0.25,0.23,48000.0,327.06910265458424
0.27,0.23,48000.0,325.82335741446326
0.29,0.23,48000.0,324.1700904348425
0.31,0.23,48000.0,322.1162339346604
0.33,0.23,48000.0,319.67066857901324
0.35,0.23,48000.0,316.84409808123826
0.37,0.23,48000.0,313.6486448323209
0.39,0.23,48000.0,310.09715294273303
0.01,0.25,48000.0,310.0273369909957
0.03,0.25,48000.0,313.4414357707499
0.05,0.25,48000.0,316.50587664402275
0.07,0.25,48000.0,319.2114082085387
0.09,0.25,48000.0,321.5488541748488
0.11,0.25,48000.0,323.5098009046108
0.13,0.25,48000.0,325.08706371419714
0.15,0.25,48000.0,326.27490822874853
0.17,0.25,48000.0,327.0691026545843
0.19,0.25,48000.0,327.4668808837679
0.21,0.25,48000.0,327.4668808837679
0.23,0.25,48000.0,327.06910265458424
0.25,0.25,48000.0,326.27490822874853
0.27,0.25,48000.0,325.0870637141972
0.29,0.25,48000.0,323.50980090461087
0.31,0.25,48000.0,321.5488541748488
0.33,0.25,48000.0,319.2114082085387
0.35,0.25,48000.0,316.50587664402275
0.37,0.25,48000.0,313.44143577074993
0.39,0.25,48000.0,310.0273369909957
0.01,0.27,48000.0,309.9224439994993
0.03,0.27,48000.0,313.1302288287155
0.05,0.27,48000.0,315.998221374878
0.07,0.27,48000.0,318.52261952512094
0.09,0.27,48000.0,320.69860927734
0.11,0.27,48000.0,322.5210854969945
0.13,0.27,48000.0,323.9852606757882
0.15,0.27,48000.0,325.08706371419714
0.17,0.27,48000.0,325.82335741446326
0.19,0.27,48000.0,326.1920321324787
0.21,0.27,48000.0,326.1920321324787
0.23,0.27,48000.0,325.82335741446326
0.25,0.27,48000.0,325.08706371419714
0.27,0.27,48000.0,323.98526067578825
0.29,0.27,48000.0,322.52108549699454
0.31,0.27,48000.0,320.69860927734
0.33,0.27,48000.0,318.5226195251209
0.35,0.27,48000.0,315.998221374878
0.37,0.27,48000.0,313.1302288287155
0.39,0.27,48000.0,309.9224439994993
0.01,0.29,48000.0,309.78209856350816
0.03,0.29,48000.0,312.7141139587293
0.05,0.29,48000.0,315.3202050697087
0.07,0.29,48000.0,317.6039343080696
0.09,0.29,48000.0,319.5661372672004
0.11,0.29,48000.0,321.20582311250024
0.13,0.29,48000.0,322.52108549699454
0.15,0.29,48000.0,323.50980090461087
0.17,0.29,48000.0,324.17009043484245
0.19,0.29,48000.0,324.5005902080784
0.21,0.29,48000.0,324.5005902080784
0.23,0.29,48000.0,324.17009043484245
0.25,0.29,48000.0,323.50980090461087
0.27,0.29,48000.0,322.5210854969945
0.29,0.29,48000.0,321.2058231125001
0.31,0.29,48000.0,319.5661372672003
0.33,0.29,48000.0,317.60393430806954
0.35,0.29,48000.0,315.32020506970866
0.37,0.29,48000.0,312.71411395872923
0.39,0.29,48000.0,309.78209856350816
0.01,0.31,48000.0,309.60542301272284
0.03,0.31,48000.0,312.1909534023846
0.05,0.31,48000.0,314.469494684406
0.07,0.31,48000.0,316.4538927003171
0.09,0.31,48000.0,318.15159869242586
0.11,0.31,48000.0,319.5661372672003
0.13,0.31,48000.0,320.69860927734
0.15,0.31,48000.0,321.5488541748488
0.17,0.31,48000.0,322.1162339346604
0.19,0.31,48000.0,322.40011132934853
0.21,0.31,48000.0,322.40011132934853
0.23,0.31,48000.0,322.1162339346603
0.25,0.31,48000.0,321.5488541748487
0.27,0.31,48000.0,320.6986092773399
0.29,0.31,48000.0,319.56613726720025
0.31,0.31,48000.0,318.15159869242586
0.33,0.31,48000.0,316.453892700317
0.35,0.31,48000.0,314.46949468440584
0.37,0.31,48000.0,312.1909534023845
0.39,0.31,48000.0,309.60542301272284
0.01,0.33,48000.0,309.39045825668217
0.03,0.33,48000.0,311.55609440397046
0.05,0.33,48000.0,313.4409616384519
0.07,0.33,48000.0,315.0688048445458
0.09,0.33,48000.0,316.4538927003171
0.11,0.33,48000.0,317.6039343080696
0.13,0.33,48000.0,318.52261952512094
0.15,0.33,48000.0,319.2114082085387
0.17,0.33,48000.0,319.67066857901324
0.19,0.33,48000.0,319.90035065006253
0.21,0.33,48000.0,319.9003506500625
0.23,0.33,48000.0,319.6706685790132
0.25,0.33,48000.0,319.21140820853867
0.27,0.33,48000.0,318.52261952512083
0.29,0.33,48000.0,317.6039343080696
0.31,0.33,48000.0,316.45389270031706
0.33,0.33,48000.0,315.0688048445457
0.35,0.33,48000.0,313.4409616384518
0.37,0.33,48000.0,311.5560944039704
0.39,0.33,48000.0,309.39045825668217
0.01,0.35,48000.0,309.1328205830851
0.03,0.35,48000.0,310.7998173238957
0.05,0.35,48000.0,312.2242625440585
0.07,0.35,48000.0,313.4409616384518
0.09,0.35,48000.0,314.4694946844059
0.11,0.35,48000.0,315.3202050697087
0.13,0.35,48000.0,315.998221374878
0.15,0.35,48000.0,316.50587664402275
0.17,0.35,48000.0,316.8440980812382
0.19,0.35,48000.0,317.0131783963266
0.21,0.35,48000.0,317.0131783963266
0.23,0.35,48000.0,316.84409808123814
0.25,0.35,48000.0,316.5058766440227
0.27,0.35,48000.0,315.9982213748779
0.29,0.35,48000.0,315.32020506970866
0.31,0.35,48000.0,314.46949468440584
0.33,0.35,48000.0,313.4409616384518
0.35,0.35,48000.0,312.2242625440585
0.37,0.35,48000.0,310.7998173238957
0.39,0.35,48000.0,309.13282058308505
0.01,0.37,48000.0,308.82210620523483
0.03,0.37,48000.0,309.9021342073349
0.05,0.37,48000.0,310.7998173238957
0.07,0.37,48000.0,311.55609440397046
0.09,0.37,48000.0,312.1909534023846
0.11,0.37,48000.0,312.7141139587293
0.13,0.37,48000.0,313.1302288287155
0.15,0.37,48000.0,313.4414357707499
0.17,0.37,48000.0,313.6486448323208
0.19,0.37,48000.0,313.7521979998063
0.21,0.37,48000.0,313.7521979998063
0.23,0.37,48000.0,313.6486448323208
0.25,0.37,48000.0,313.4414357707499
0.27,0.37,48000.0,313.1302288287155
0.29,0.37,48000.0,312.7141139587293
0.31,0.37,48000.0,312.19095340238454
0.33,0.37,48000.0,311.5560944039704
0.35,0.37,48000.0,310.7998173238957
0.37,0.37,48000.0,309.90213420733494
0.39,0.37,48000.0,308.82210620523483
0.01,0.39,48000.0,308.43044383505145
0.03,0.39,48000.0,308.82210620523483
0.05,0.39,48000.0,309.13282058308505
0.07,0.39,48000.0,309.39045825668217
0.09,0.39,48000.0,309.60542301272284
0.11,0.39,48000.0,309.78209856350816
0.13,0.39,48000.0,309.9224439994993
0.15,0.39,48000.0,310.0273369909957
0.17,0.39,48000.0,310.09715294273303
0.19,0.39,48000.0,310.1320376984715
0.21,0.39,48000.0,310.1320376984715
0.23,0.39,48000.0,310.09715294273303
0.25,0.39,48000.0,310.0273369909957
0.27,0.39,48000.0,309.9224439994993
0.29,0.39,48000.0,309.78209856350816
0.31,0.39,48000.0,309.6054230127229
0.33,0.39,48000.0,309.39045825668217
0.35,0.39,48000.0,309.13282058308505
0.37,0.39,48000.0,308.82210620523483
0.39,0.39,48000.0,308.43044383505145
0.01,0.01,49846.15384615384,308.4148008885195
0.03,0.01,49846.15384615384,308.78349692201704
0.05,0.01,49846.15384615384,309.075500725355
0.07,0.01,49846.15384615384,309.3174461951895
0.09,0.01,49846.15384615384,309.5192851675091
0.11,0.01,49846.15384615384,309.68519986378305
0.13,0.01,49846.15384615384,309.8170392668726
0.15,0.01,49846.15384615384,309.91561006003883
0.17,0.01,49846.15384615384,309.981238366594
0.19,0.01,49846.15384615384,310.0140375072815
0.21,0.01,49846.15384615384,310.0140375072815
0.23,0.01,49846.15384615384,309.981238366594
0.25,0.01,49846.15384615384,309.9156100600388
0.27,0.01,49846.15384615384,309.81703926687254
0.29,0.01,49846.15384615384,309.68519986378305
0.31,0.01,49846.15384615384,309.51928516750905
0.33,0.01,49846.15384615384,309.3174461951895
0.35,0.01,49846.15384615384,309.075500725355
0.37,0.01,49846.15384615384,308.78349692201704
0.39,0.01,49846.15384615384,308.4148008885195
0.01,0.03,49846.15384615384,308.78349692201704
0.03,0.03,49846.15384615384,309.7994999786347
0.05,0.03,49846.15384615384,310.64298234852754
0.07,0.03,49846.15384615384,311.35322934828736
0.09,0.03,49846.15384615384,311.9494114470164
0.11,0.03,49846.15384615384,312.4408056552514
0.13,0.03,49846.15384615384,312.83179046968075
0.15,0.03,49846.15384615384,313.12431254658594
0.17,0.03,49846.15384615384,313.31914332063275
0.19,0.03,49846.15384615384,313.41653120674926
0.21,0.03,49846.15384615384,313.4165312067492
0.23,0.03,49846.15384615384,313.3191433206327
0.25,0.03,49846.15384615384,313.1243125465859
0.27,0.03,49846.15384615384,312.8317904696807
0.29,0.03,49846.15384615384,312.4408056552514
0.31,0.03,49846.15384615384,311.9494114470164
0.33,0.03,49846.15384615384,311.3532293482874
0.35,0.03,49846.15384615384,310.64298234852754
0.37,0.03,49846.15384615384,309.7994999786347
0.39,0.03,49846.15384615384,308.78349692201704
0.01,0.05,49846.15384615384,309.075500725355
0.03,0.05,49846.15384615384,310.64298234852754
0.05,0.05,49846.15384615384,311.9812737078308
0.07,0.05,49846.15384615384,313.12402339034617
0.09,0.05,49846.15384615384,314.09009978911945
0.11,0.05,49846.15384615384,314.88938177098686
0.13,0.05,49846.15384615384,315.5266610172759
0.15,0.05,49846.15384615384,316.0040074278005
0.17,0.05,49846.15384615384,316.32214350319646
0.19,0.05,49846.15384615384,316.4812184139698
0.21,0.05,49846.15384615384,316.48121841396977
0.23,0.05,49846.15384615384,316.3221435031964
0.25,0.05,49846.15384615384,316.00400742780045
0.27,0.05,49846.15384615384,315.52666101727584
0.29,0.05,49846.15384615384,314.8893817709869
0.31,0.05,49846.15384615384,314.0900997891195
0.33,0.05,49846.15384615384,313.1240233903462
0.35,0.05,49846.15384615384,311.9812737078308
0.37,0.05,49846.15384615384,310.64298234852754
0.39,0.05,49846.15384615384,309.075500725355
0.01,0.07,49846.15384615384,309.3174461951895
0.03,0.07,49846.15384615384,311.35322934828736
0.05,0.07,49846.15384615384,313.12402339034617
0.07,0.07,49846.15384615384,314.65312814039163
0.09,0.07,49846.15384615384,315.9544280952488
0.11,0.07,49846.15384615384,317.035294100058
0.13,0.07,49846.15384615384,317.89910402650537
0.15,0.07,49846.15384615384,318.54703209307905
0.17,0.07,49846.15384615384,318.9792031411615
0.19,0.07,49846.15384615384,319.19538812626524
0.21,0.07,49846.15384615384,319.19538812626524
0.23,0.07,49846.15384615384,318.9792031411614
0.25,0.07,49846.15384615384,318.54703209307894
0.27,0.07,49846.15384615384,317.8991040265053
0.29,0.07,49846.15384615384,317.0352941000581
0.31,0.07,49846.15384615384,315.95442809524883
0.33,0.07,49846.15384615384,314.65312814039163
0.35,0.07,49846.15384615384,313.1240233903462
0.37,0.07,49846.15384615384,311.35322934828736
0.39,0.07,49846.15384615384,309.31744619518946
0.01,0.09,49846.15384615384,309.51928516750905
0.03,0.09,49846.15384615384,311.9494114470163
0.05,0.09,49846.15384615384,314.09009978911945
0.07,0.09,49846.15384615384,315.9544280952488
0.09,0.09,49846.15384615384,317.54984770544127
0.11,0.09,49846.15384615384,318.87973813793855
0.13,0.09,49846.15384615384,319.9449661221292
0.15,0.09,49846.15384615384,320.7450996072781
0.17,0.09,49846.15384615384,321.27924204861915
0.19,0.09,49846.15384615384,321.5465554688287
0.21,0.09,49846.15384615384,321.5465554688287
0.23,0.09,49846.15384615384,321.27924204861915
0.25,0.09,49846.15384615384,320.74509960727806
0.27,0.09,49846.15384615384,319.9449661221292
0.29,0.09,49846.15384615384,318.87973813793855
0.31,0.09,49846.15384615384,317.5498477054413
0.33,0.09,49846.15384615384,315.9544280952488
0.35,0.09,49846.15384615384,314.0900997891195
0.37,0.09,49846.15384615384,311.9494114470164
0.39,0.09,49846.15384615384,309.51928516750905
0.01,0.11,49846.15384615384,309.68519986378305
0.03,0.11,49846.15384615384,312.4408056552514
0.05,0.11,49846.15384615384,314.8893817709869
0.07,0.11,49846.15384615384,317.035294100058
0.09,0.11,49846.15384615384,318.8797381379386
0.11,0.11,49846.15384615384,320.4217816483819
0.13,0.11,49846.15384615384,321.65938273010374
0.15,0.11,49846.15384615384,322.59018075803937
0.17,0.11,49846.15384615384,323.212039210453
0.19,0.11,49846.15384615384,323.52338255039643
0.21,0.11,49846.15384615384,323.52338255039643
0.23,0.11,49846.15384615384,323.21203921045293
0.25,0.11,49846.15384615384,322.59018075803937
0.27,0.11,49846.15384615384,321.6593827301037
0.29,0.11,49846.15384615384,320.4217816483818
0.31,0.11,49846.15384615384,318.8797381379386
0.33,0.11,49846.15384615384,317.035294100058
0.35,0.11,49846.15384615384,314.8893817709869
0.37,0.11,49846.15384615384,312.4408056552514
0.39,0.11,49846.15384615384,309.68519986378305
0.01,0.13,49846.15384615384,309.81703926687254
0.03,0.13,49846.15384615384,312.8317904696807
0.05,0.13,49846.15384615384,315.5266610172759
0.07,0.13,49846.15384615384,317.89910402650537
0.09,0.13,49846.15384615384,319.94496612212924
0.11,0.13,49846.15384615384,321.6593827301038
0.13,0.13,49846.15384615384,323.03752720012017
0.15,0.13,49846.15384615384,324.0751320010843
0.17,0.13,49846.15384615384,324.76881160300184
0.19,0.13,49846.15384615384,325.11624084387506
0.21,0.13,49846.15384615384,325.11624084387506
0.23,0.13,49846.15384615384,324.7688116030018
0.25,0.13,49846.15384615384,324.0751320010843
0.27,0.13,49846.15384615384,323.03752720012017
0.29,0.13,49846.15384615384,321.65938273010374
0.31,0.13,49846.15384615384,319.9449661221292
0.33,0.13,49846.15384615384,317.89910402650537
0.35,0.13,49846.15384615384,315.5266610172759
0.37,0.13,49846.15384615384,312.83179046968075
0.39,0.13,49846.15384615384,309.8170392668726
0.01,0.15,49846.15384615384,309.9156100600388
0.03,0.15,49846.15384615384,313.1243125465859
0.05,0.15,49846.15384615384,316.00400742780045
0.07,0.15,49846.15384615384,318.547032093079
0.09,0.15,49846.15384615384,320.74509960727806
0.11,0.15,49846.15384615384,322.59018075803937
0.13,0.15,49846.15384615384,324.0751320010843
0.15,0.15,49846.15384615384,325.1940596279268
0.17,0.15,49846.15384615384,325.94249508974013
0.19,0.15,49846.15384615384,326.3174566285124
0.21,0.15,49846.15384615384,326.3174566285124
0.23,0.15,49846.15384615384,325.94249508974013
0.25,0.15,49846.15384615384,325.19405962792683
0.27,0.15,49846.15384615384,324.07513200108434
0.29,0.15,49846.15384615384,322.59018075803937
0.31,0.15,49846.15384615384,320.7450996072781
0.33,0.15,49846.15384615384,318.547032093079
0.35,0.15,49846.15384615384,316.0040074278005
0.37,0.15,49846.15384615384,313.12431254658594
0.39,0.15,49846.15384615384,309.91561006003883
0.01,0.17,49846.15384615384,309.981238366594
0.03,0.17,49846.15384615384,313.31914332063263
0.05,0.17,49846.15384615384,316.3221435031964
0.07,0.17,49846.15384615384,318.97920314116146
0.09,0.17,49846.15384615384,321.2792420486191
0.11,0.17,49846.15384615384,323.21203921045293
0.13,0.17,49846.15384615384,324.7688116030018
0.15,0.17,49846.15384615384,325.9424950897401
0.17,0.17,49846.15384615384,326.7278319564932
0.19,0.17,49846.15384615384,327.1213581090246
0.21,0.17,49846.15384615384,327.12135810902464
0.23,0.17,49846.15384615384,326.7278319564932
0.25,0.17,49846.15384615384,325.9424950897402
0.27,0.17,49846.15384615384,324.76881160300184
0.29,0.17,49846.15384615384,323.21203921045304
0.31,0.17,49846.15384615384,321.27924204861915
0.33,0.17,49846.15384615384,318.97920314116146
0.35,0.17,49846.15384615384,316.32214350319646
0.37,0.17,49846.15384615384,313.3191433206327
0.39,0.17,49846.15384615384,309.981238366594
0.01,0.19,49846.15384615384,310.0140375072815
0.03,0.19,49846.15384615384,313.4165312067492
0.05,0.19,49846.15384615384,316.48121841396977
0.07,0.19,49846.15384615384,319.19538812626524
0.09,0.19,49846.15384615384,321.54655546882867
0.11,0.19,49846.15384615384,323.5233825503964
0.13,0.19,49846.15384615384,325.11624084387495
0.15,0.19,49846.15384615384,326.31745662851233
0.17,0.19,49846.15384615384,327.1213581090246
0.19,0.19,49846.15384615384,327.52422681811134
0.21,0.19,49846.15384615384,327.5242268181114
0.23,0.19,49846.15384615384,327.12135810902464
0.25,0.19,49846.15384615384,326.3174566285125
0.27,0.19,49846.15384615384,325.11624084387506
0.29,0.19,49846.15384615384,323.5233825503965
0.31,0.19,49846.15384615384,321.5465554688288
0.33,0.19,49846.15384615384,319.1953881262653
0.35,0.19,49846.15384615384,316.48121841396977
0.37,0.19,49846.15384615384,313.4165312067492
0.39,0.19,49846.15384615384,310.0140375072815
0.01,0.21,49846.15384615384,310.0140375072815
0.03,0.21,49846.15384615384,313.41653120674926
0.05,0.21,49846.15384615384,316.48121841396977
0.07,0.21,49846.15384615384,319.1953881262653
0.09,0.21,49846.15384615384,321.54655546882867
0.11,0.21,49846.15384615384,323.5233825503964
0.13,0.21,49846.15384615384,325.116240843875
0.15,0.21,49846.15384615384,326.3174566285124
0.17,0.21,49846.15384615384,327.1213581090246
0.19,0.21,49846.15384615384,327.52422681811134
0.21,0.21,49846.15384615384,327.52422681811134
0.23,0.21,49846.15384615384,327.1213581090246
0.25,0.21,49846.15384615384,326.31745662851245
0.27,0.21,49846.15384615384,325.11624084387506
0.29,0.21,49846.15384615384,323.52338255039643
0.31,0.21,49846.15384615384,321.5465554688287
0.33,0.21,49846.15384615384,319.19538812626524
0.35,0.21,49846.15384615384,316.48121841396977
0.37,0.21,49846.15384615384,313.4165312067492
0.39,0.21,49846.15384615384,310.0140375072815
0.01,0.23,49846.15384615384,309.981238366594
0.03,0.23,49846.15384615384,313.3191433206327
0.05,0.23,49846.15384615384,316.32214350319646
0.07,0.23,49846.15384615384,318.97920314116146
0.09,0.23,49846.15384615384,321.2792420486191
0.11,0.23,49846.15384615384,323.21203921045293
0.13,0.23,49846.15384615384,324.7688116030018
0.15,0.23,49846.15384615384,325.9424950897401
0.17,0.23,49846.15384615384,326.7278319564932
0.19,0.23,49846.15384615384,327.1213581090246
0.21,0.23,49846.15384615384,327.1213581090246
0.23,0.23,49846.15384615384,326.7278319564932
0.25,0.23,49846.15384615384,325.94249508974013
0.27,0.23,49846.15384615384,324.7688116030018
0.29,0.23,49846.15384615384,323.2120392104529
0.31,0.23,49846.15384615384,321.2792420486191
0.33,0.23,49846.15384615384,318.9792031411614
0.35,0.23,49846.15384615384,316.32214350319646
0.37,0.23,49846.15384615384,313.31914332063275
0.39,0.23,49846.15384615384,309.981238366594
0.01,0.25,49846.15384615384,309.9156100600388
0.03,0.25,49846.15384615384,313.1243125465859
0.05,0.25,49846.15384615384,316.0040074278005
0.07,0.25,49846.15384615384,318.547032093079
0.09,0.25,49846.15384615384,320.74509960727806
0.11,0.25,49846.15384615384,322.59018075803937
0.13,0.25,49846.15384615384,324.0751320010843
0.15,0.25,49846.15384615384,325.19405962792683
0.17,0.25,49846.15384615384,325.94249508974013
0.19,0.25,49846.15384615384,326.3174566285124
0.21,0.25,49846.15384615384,326.31745662851245
0.23,0.25,49846.15384615384,325.9424950897401
0.25,0.25,49846.15384615384,325.1940596279268
0.27,0.25,49846.15384615384,324.0751320010843
0.29,0.25,49846.15384615384,322.5901807580393
0.31,0.25,49846.15384615384,320.745099607278
0.33,0.25,49846.15384615384,318.54703209307894
0.35,0.25,49846.15384615384,316.00400742780045
0.37,0.25,49846.15384615384,313.12431254658594
0.39,0.25,49846.15384615384,309.91561006003883
0.01,0.27,49846.15384615384,309.81703926687254
0.03,0.27,49846.15384615384,312.8317904696807
0.05,0.27,49846.15384615384,315.5266610172759
0.07,0.27,49846.15384615384,317.8991040265053
0.09,0.27,49846.15384615384,319.9449661221292
0.11,0.27,49846.15384615384,321.65938273010374
0.13,0.27,49846.15384615384,323.03752720012017
0.15,0.27,49846.15384615384,324.0751320010843
0.17,0.27,49846.15384615384,324.7688116030018
0.19,0.27,49846.15384615384,325.11624084387506
0.21,0.27,49846.15384615384,325.11624084387506
0.23,0.27,49846.15384615384,324.7688116030018
0.25,0.27,49846.15384615384,324.0751320010842
0.27,0.27,49846.15384615384,323.03752720012017
0.29,0.27,49846.15384615384,321.6593827301037
0.31,0.27,49846.15384615384,319.9449661221292
0.33,0.27,49846.15384615384,317.89910402650526
0.35,0.27,49846.15384615384,315.52666101727584
0.37,0.27,49846.15384615384,312.8317904696807
0.39,0.27,49846.15384615384,309.81703926687254
0.01,0.29,49846.15384615384,309.68519986378305
0.03,0.29,49846.15384615384,312.4408056552514
0.05,0.29,49846.15384615384,314.8893817709869
0.07,0.29,49846.15384615384,317.0352941000581
0.09,0.29,49846.15384615384,318.87973813793866
0.11,0.29,49846.15384615384,320.4217816483819
0.13,0.29,49846.15384615384,321.65938273010374
0.15,0.29,49846.15384615384,322.59018075803937
0.17,0.29,49846.15384615384,323.212039210453
0.19,0.29,49846.15384615384,323.52338255039643
0.21,0.29,49846.15384615384,323.52338255039643
0.23,0.29,49846.15384615384,323.21203921045293
0.25,0.29,49846.15384615384,322.5901807580393
0.27,0.29,49846.15384615384,321.6593827301037
0.29,0.29,49846.15384615384,320.42178164838185
0.31,0.29,49846.15384615384,318.8797381379386
0.33,0.29,49846.15384615384,317.035294100058
0.35,0.29,49846.15384615384,314.8893817709869
0.37,0.29,49846.15384615384,312.4408056552513
0.39,0.29,49846.15384615384,309.685199863783
0.01,0.31,49846.15384615384,309.51928516750905
0.03,0.31,49846.15384615384,311.9494114470163
0.05,0.31,49846.15384615384,314.0900997891195
0.07,0.31,49846.15384615384,315.9544280952489
0.09,0.31,49846.15384615384,317.5498477054414
0.11,0.31,49846.15384615384,318.87973813793866
0.13,0.31,49846.15384615384,319.94496612212924
0.15,0.31,49846.15384615384,320.74509960727806
0.17,0.31,49846.15384615384,321.27924204861915
0.19,0.31,49846.15384615384,321.5465554688287
0.21,0.31,49846.15384615384,321.5465554688287
0.23,0.31,49846.15384615384,321.2792420486191
0.25,0.31,49846.15384615384,320.745099607278
0.27,0.31,49846.15384615384,319.9449661221292
0.29,0.31,49846.15384615384,318.8797381379386
0.31,0.31,49846.15384615384,317.54984770544127
0.33,0.31,49846.15384615384,315.95442809524883
0.35,0.31,49846.15384615384,314.0900997891195
0.37,0.31,49846.15384615384,311.94941144701625
0.39,0.31,49846.15384615384,309.51928516750905
0.01,0.33,49846.15384615384,309.3174461951895
0.03,0.33,49846.15384615384,311.35322934828736
0.05,0.33,49846.15384615384,313.1240233903462
0.07,0.33,49846.15384615384,314.65312814039163
0.09,0.33,49846.15384615384,315.9544280952489
0.11,0.33,49846.15384615384,317.0352941000581
0.13,0.33,49846.15384615384,317.89910402650537
0.15,0.33,49846.15384615384,318.54703209307905
0.17,0.33,49846.15384615384,318.9792031411615
0.19,0.33,49846.15384615384,319.1953881262653
0.21,0.33,49846.15384615384,319.19538812626524
0.23,0.33,49846.15384615384,318.9792031411614
0.25,0.33,49846.15384615384,318.54703209307894
0.27,0.33,49846.15384615384,317.8991040265053
0.29,0.33,49846.15384615384,317.035294100058
0.31,0.33,49846.15384615384,315.95442809524883
0.33,0.33,49846.15384615384,314.6531281403917
0.35,0.33,49846.15384615384,313.1240233903462
0.37,0.33,49846.15384615384,311.3532293482874
0.39,0.33,49846.15384615384,309.3174461951895
0.01,0.35,49846.15384615384,309.075500725355
0.03,0.35,49846.15384615384,310.64298234852754
0.05,0.35,49846.15384615384,311.9812737078308
0.07,0.35,49846.15384615384,313.12402339034617
0.09,0.35,49846.15384615384,314.09009978911945
0.11,0.35,49846.15384615384,314.8893817709869
0.13,0.35,49846.15384615384,315.5266610172759
0.15,0.35,49846.15384615384,316.00400742780045
0.17,0.35,49846.15384615384,316.32214350319646
0.19,0.35,49846.15384615384,316.48121841396977
0.21,0.35,49846.15384615384,316.48121841396977
0.23,0.35,49846.15384615384,316.3221435031964
0.25,0.35,49846.15384615384,316.0040074278004
0.27,0.35,49846.15384615384,315.52666101727584
0.29,0.35,49846.15384615384,314.8893817709869
0.31,0.35,49846.15384615384,314.0900997891195
0.33,0.35,49846.15384615384,313.1240233903462
0.35,0.35,49846.15384615384,311.9812737078308
0.37,0.35,49846.15384615384,310.64298234852754
0.39,0.35,49846.15384615384,309.075500725355
0.01,0.37,49846.15384615384,308.78349692201704
0.03,0.37,49846.15384615384,309.7994999786346
0.05,0.37,49846.15384615384,310.64298234852754
0.07,0.37,49846.15384615384,311.35322934828736
0.09,0.37,49846.15384615384,311.9494114470163
0.11,0.37,49846.15384615384,312.4408056552514
0.13,0.37,49846.15384615384,312.83179046968075
0.15,0.37,49846.15384615384,313.12431254658594
0.17,0.37,49846.15384615384,313.3191433206327
0.19,0.37,49846.15384615384,313.4165312067492
0.21,0.37,49846.15384615384,313.4165312067492
0.23,0.37,49846.15384615384,313.3191433206327
0.25,0.37,49846.15384615384,313.12431254658594
0.27,0.37,49846.15384615384,312.8317904696807
0.29,0.37,49846.15384615384,312.4408056552513
0.31,0.37,49846.15384615384,311.94941144701625
0.33,0.37,49846.15384615384,311.3532293482874
0.35,0.37,49846.15384615384,310.64298234852754
0.37,0.37,49846.15384615384,309.7994999786346
0.39,0.37,49846.15384615384,308.78349692201704
0.01,0.39,49846.15384615384,308.4148008885195
0.03,0.39,49846.15384615384,308.78349692201704
0.05,0.39,49846.15384615384,309.075500725355
0.07,0.39,49846.15384615384,309.31744619518946
0.09,0.39,49846.15384615384,309.51928516750905
0.11,0.39,49846.15384615384,309.68519986378305
0.13,0.39,49846.15384615384,309.8170392668726
0.15,0.39,49846.15384615384,309.91561006003883
0.17,0.39,49846.15384615384,309.981238366594
0.19,0.39,49846.15384615384,310.0140375072815
0.21,0.39,49846.15384615384,310.0140375072815
0.23,0.39,49846.15384615384,309.981238366594
0.25,0.39,49846.15384615384,309.9156100600388
0.27,0.39,49846.15384615384,309.81703926687254
0.29,0.39,49846.15384615384,309.68519986378305
0.31,0.39,49846.15384615384,309.51928516750905
0.33,0.39,49846.15384615384,309.31744619518946
0.35,0.39,49846.15384615384,309.075500725355
0.37,0.39,49846.15384615384,308.78349692201704
0.39,0.39,49846.15384615384,308.4148008885195
0.01,0.01,51692.307692307695,308.4002675766352
0.03,0.01,51692.307692307695,308.7475257567474
0.05,0.01,51692.307692307695,309.02198805334814
0.07,0.01,51692.307692307695,309.24916036542294
0.09,0.01,51692.307692307695,309.43859275775213
0.11,0.01,51692.307692307695,309.594298128488
0.13,0.01,51692.307692307695,309.71804049969046
0.15,0.01,51692.307692307695,309.8105763063514
0.17,0.01,51692.307692307695,309.87219880801007
0.19,0.01,51692.307692307695,309.9030002898059
0.21,0.01,51692.307692307695,309.90300028980585
0.23,0.01,51692.307692307695,309.87219880801
0.25,0.01,51692.307692307695,309.81057630635127
0.27,0.01,51692.307692307695,309.71804049969046
0.29,0.01,51692.307692307695,309.59429812848794
0.31,0.01,51692.307692307695,309.4385927577521
0.33,0.01,51692.307692307695,309.2491603654229
0.35,0.01,51692.307692307695,309.0219880533481
0.37,0.01,51692.307692307695,308.74752575674734
0.39,0.01,51692.307692307695,308.4002675766352
0.01,0.03,51692.307692307695,308.7475257567474
0.03,0.03,51692.307692307695,309.70367545712134
0.05,0.03,51692.307692307695,310.49629493798466
0.07,0.03,51692.307692307695,311.1631748537532
0.09,0.03,51692.307692307695,311.7227742511404
0.11,0.03,51692.307692307695,312.1840103898569
0.13,0.03,51692.307692307695,312.5510579240416
0.15,0.03,51692.307692307695,312.82573237603515
0.17,0.03,51692.307692307695,313.0087146469549
0.19,0.03,51692.307692307695,313.10019339906364
0.21,0.03,51692.307692307695,313.1001933990636
0.23,0.03,51692.307692307695,313.0087146469548
0.25,0.03,51692.307692307695,312.82573237603503
0.27,0.03,51692.307692307695,312.5510579240414
0.29,0.03,51692.307692307695,312.1840103898568
0.31,0.03,51692.307692307695,311.7227742511402
0.33,0.03,51692.307692307695,311.1631748537531
0.35,0.03,51692.307692307695,310.49629493798454
0.37,0.03,51692.307692307695,309.7036754571213
0.39,0.03,51692.307692307695,308.74752575674734
0.01,0.05,51692.307692307695,309.02198805334814
0.03,0.05,51692.307692307695,310.49629493798466
0.05,0.05,51692.307692307695,311.7536360834042
0.07,0.05,51692.307692307695,312.8266367848208
0.09,0.05,51692.307692307695,313.73357642813227
0.11,0.05,51692.307692307695,314.4839839978824
0.13,0.05,51692.307692307695,315.08242050304835
0.15,0.05,51692.307692307695,315.5307868220356
0.17,0.05,51692.307692307695,315.8296776014035
0.19,0.05,51692.307692307695,315.9791529899847
0.21,0.05,51692.307692307695,315.97915298998464
0.23,0.05,51692.307692307695,315.8296776014033
0.25,0.05,51692.307692307695,315.5307868220355
0.27,0.05,51692.307692307695,315.08242050304824
0.29,0.05,51692.307692307695,314.48398399788226
0.31,0.05,51692.307692307695,313.7335764281321
0.33,0.05,51692.307692307695,312.8266367848206
0.35,0.05,51692.307692307695,311.75363608340416
0.37,0.05,51692.307692307695,310.49629493798454
0.39,0.05,51692.307692307695,309.0219880533481
0.01,0.07,51692.307692307695,309.2491603654229
0.03,0.07,51692.307692307695,311.1631748537532
0.05,0.07,51692.307692307695,312.8266367848208
0.07,0.07,51692.307692307695,314.26249143898934
0.09,0.07,51692.307692307695,315.4843591436652
0.11,0.07,51692.307692307695,316.499405102033
0.13,0.07,51692.307692307695,317.310828247004
0.15,0.07,51692.307692307695,317.9196396420142
0.17,0.07,51692.307692307695,318.32582265973554
0.19,0.07,51692.307692307695,318.5290421781022
0.21,0.07,51692.307692307695,318.52904217810215
0.23,0.07,51692.307692307695,318.3258226597354
0.25,0.07,51692.307692307695,317.91963964201403
0.27,0.07,51692.307692307695,317.3108282470038
0.29,0.07,51692.307692307695,316.4994051020329
0.31,0.07,51692.307692307695,315.484359143665
0.33,0.07,51692.307692307695,314.2624914389893
0.35,0.07,51692.307692307695,312.82663678482066
0.37,0.07,51692.307692307695,311.1631748537532
0.39,0.07,51692.307692307695,309.24916036542294
0.01,0.09,51692.307692307695,309.43859275775213
0.03,0.09,51692.307692307695,311.7227742511403
0.05,0.09,51692.307692307695,313.73357642813227
0.07,0.09,51692.307692307695,315.4843591436652
0.09,0.09,51692.307692307695,316.9826847969734
0.11,0.09,51692.307692307695,318.23193059737724
0.13,0.09,51692.307692307695,319.23288219485454
0.15,0.09,51692.307692307695,319.98498155544587
0.17,0.09,51692.307692307695,320.4871967256535
0.19,0.09,51692.307692307695,320.73857791115586
0.21,0.09,51692.307692307695,320.7385779111558
0.23,0.09,51692.307692307695,320.48719672565346
0.25,0.09,51692.307692307695,319.98498155544576
0.27,0.09,51692.307692307695,319.2328821948544
0.29,0.09,51692.307692307695,318.2319305973772
0.31,0.09,51692.307692307695,316.98268479697333
0.33,0.09,51692.307692307695,315.4843591436651
0.35,0.09,51692.307692307695,313.73357642813227
0.37,0.09,51692.307692307695,311.72277425114027
0.39,0.09,51692.307692307695,309.43859275775213
0.01,0.11,51692.307692307695,309.59429812848794
0.03,0.11,51692.307692307695,312.18401038985684
0.05,0.11,51692.307692307695,314.4839839978824
0.07,0.11,51692.307692307695,316.499405102033
0.09,0.11,51692.307692307695,318.23193059737724
0.11,0.11,51692.307692307695,319.68083590680783
0.13,0.11,51692.307692307695,320.844111776953
0.15,0.11,51692.307692307695,321.7193244628348
0.17,0.11,51692.307692307695,322.3042204147101
0.19,0.11,51692.307692307695,322.5971147320212
0.21,0.11,51692.307692307695,322.5971147320211
0.23,0.11,51692.307692307695,322.30422041471
0.25,0.11,51692.307692307695,321.71932446283466
0.27,0.11,51692.307692307695,320.8441117769529
0.29,0.11,51692.307692307695,319.6808359068078
0.31,0.11,51692.307692307695,318.2319305973772
0.33,0.11,51692.307692307695,316.499405102033
0.35,0.11,51692.307692307695,314.4839839978824
0.37,0.11,51692.307692307695,312.18401038985684
0.39,0.11,51692.307692307695,309.5942981284879
0.01,0.13,51692.307692307695,309.71804049969046
0.03,0.13,51692.307692307695,312.55105792404146
0.05,0.13,51692.307692307695,315.0824205030483
0.07,0.13,51692.307692307695,317.3108282470039
0.09,0.13,51692.307692307695,319.2328821948544
0.11,0.13,51692.307692307695,320.84411177695296
0.13,0.13,51692.307692307695,322.139830971842
0.15,0.13,51692.307692307695,323.1157542967616
0.17,0.13,51692.307692307695,323.7684024187909
0.19,0.13,51692.307692307695,324.0953477057204
0.21,0.13,51692.307692307695,324.0953477057203
0.23,0.13,51692.307692307695,323.76840241879086
0.25,0.13,51692.307692307695,323.1157542967616
0.27,0.13,51692.307692307695,322.1398309718419
0.29,0.13,51692.307692307695,320.84411177695296
0.31,0.13,51692.307692307695,319.2328821948544
0.33,0.13,51692.307692307695,317.31082824700394
0.35,0.13,51692.307692307695,315.0824205030483
0.37,0.13,51692.307692307695,312.55105792404146
0.39,0.13,51692.307692307695,309.71804049969046
0.01,0.15,51692.307692307695,309.8105763063513
0.03,0.15,51692.307692307695,312.8257323760351
0.05,0.15,51692.307692307695,315.5307868220355
0.07,0.15,51692.307692307695,317.9196396420141
0.09,0.15,51692.307692307695,319.98498155544576
0.11,0.15,51692.307692307695,321.7193244628347
0.13,0.15,51692.307692307695,323.1157542967617
0.15,0.15,51692.307692307695,324.1684073147436
0.17,0.15,51692.307692307695,324.87274322144225
0.19,0.15,51692.307692307695,325.2256857838783
0.21,0.15,51692.307692307695,325.22568578387825
0.23,0.15,51692.307692307695,324.8727432214422
0.25,0.15,51692.307692307695,324.16840731474355
0.27,0.15,51692.307692307695,323.1157542967616
0.29,0.15,51692.307692307695,321.7193244628347
0.31,0.15,51692.307692307695,319.9849815554458
0.33,0.15,51692.307692307695,317.9196396420141
0.35,0.15,51692.307692307695,315.5307868220356
0.37,0.15,51692.307692307695,312.8257323760351
0.39,0.15,51692.307692307695,309.8105763063513
0.01,0.17,51692.307692307695,309.87219880801007
0.03,0.17,51692.307692307695,313.00871464695484
0.05,0.17,51692.307692307695,315.8296776014034
0.07,0.17,51692.307692307695,318.3258226597355
0.09,0.17,51692.307692307695,320.4871967256534
0.11,0.17,51692.307692307695,322.30422041471
0.13,0.17,51692.307692307695,323.7684024187909
0.15,0.17,51692.307692307695,324.8727432214422
0.17,0.17,51692.307692307695,325.6119300966473
0.19,0.17,51692.307692307695,325.98241109268264
0.21,0.17,51692.307692307695,325.98241109268264
0.23,0.17,51692.307692307695,325.6119300966473
0.25,0.17,51692.307692307695,324.8727432214422
0.27,0.17,51692.307692307695,323.7684024187909
0.29,0.17,51692.307692307695,322.3042204147101
0.31,0.17,51692.307692307695,320.48719672565346
0.33,0.17,51692.307692307695,318.3258226597355
0.35,0.17,51692.307692307695,315.8296776014034
0.37,0.17,51692.307692307695,313.0087146469548
0.39,0.17,51692.307692307695,309.87219880801
0.01,0.19,51692.307692307695,309.90300028980585
0.03,0.19,51692.307692307695,313.1001933990635
0.05,0.19,51692.307692307695,315.9791529899846
0.07,0.19,51692.307692307695,318.5290421781021
0.09,0.19,51692.307692307695,320.73857791115574
0.11,0.19,51692.307692307695,322.5971147320211
0.13,0.19,51692.307692307695,324.0953477057203
0.15,0.19,51692.307692307695,325.22568578387825
0.17,0.19,51692.307692307695,325.98241109268264
0.19,0.19,51692.307692307695,326.3617209851317
0.21,0.19,51692.307692307695,326.3617209851317
0.23,0.19,51692.307692307695,325.98241109268264
0.25,0.19,51692.307692307695,325.2256857838783
0.27,0.19,51692.307692307695,324.0953477057204
0.29,0.19,51692.307692307695,322.5971147320212
0.31,0.19,51692.307692307695,320.7385779111558
0.33,0.19,51692.307692307695,318.5290421781021
0.35,0.19,51692.307692307695,315.97915298998464
0.37,0.19,51692.307692307695,313.1001933990635
0.39,0.19,51692.307692307695,309.9030002898058
0.01,0.21,51692.307692307695,309.90300028980585
0.03,0.21,51692.307692307695,313.1001933990635
0.05,0.21,51692.307692307695,315.9791529899846
0.07,0.21,51692.307692307695,318.5290421781021
0.09,0.21,51692.307692307695,320.73857791115574
0.11,0.21,51692.307692307695,322.59711473202105
0.13,0.21,51692.307692307695,324.09534770572026
0.15,0.21,51692.307692307695,325.22568578387825
0.17,0.21,51692.307692307695,325.98241109268264
0.19,0.21,51692.307692307695,326.3617209851317
0.21,0.21,51692.307692307695,326.3617209851317
0.23,0.21,51692.307692307695,325.98241109268264
0.25,0.21,51692.307692307695,325.2256857838783
0.27,0.21,51692.307692307695,324.0953477057204
0.29,0.21,51692.307692307695,322.5971147320212
0.31,0.21,51692.307692307695,320.7385779111558
0.33,0.21,51692.307692307695,318.5290421781021
0.35,0.21,51692.307692307695,315.97915298998464
0.37,0.21,51692.307692307695,313.1001933990635
0.39,0.21,51692.307692307695,309.90300028980585
0.01,0.23,51692.307692307695,309.87219880801
0.03,0.23,51692.307692307695,313.00871464695484
0.05,0.23,51692.307692307695,315.8296776014034
0.07,0.23,51692.307692307695,318.3258226597354
0.09,0.23,51692.307692307695,320.4871967256534
0.11,0.23,51692.307692307695,322.30422041471
0.13,0.23,51692.307692307695,323.76840241879086
0.15,0.23,51692.307692307695,324.8727432214422
0.17,0.23,51692.307692307695,325.6119300966473
0.19,0.23,51692.307692307695,325.98241109268264
0.21,0.23,51692.307692307695,325.98241109268264
0.23,0.23,51692.307692307695,325.61193009664737
0.25,0.23,51692.307692307695,324.8727432214423
0.27,0.23,51692.307692307695,323.7684024187909
0.29,0.23,51692.307692307695,322.3042204147101
0.31,0.23,51692.307692307695,320.48719672565346
0.33,0.23,51692.307692307695,318.3258226597355
0.35,0.23,51692.307692307695,315.8296776014034
0.37,0.23,51692.307692307695,313.00871464695484
0.39,0.23,51692.307692307695,309.87219880801
0.01,0.25,51692.307692307695,309.8105763063513
0.03,0.25,51692.307692307695,312.8257323760351
0.05,0.25,51692.307692307695,315.5307868220356
0.07,0.25,51692.307692307695,317.9196396420141
0.09,0.25,51692.307692307695,319.98498155544576
0.11,0.25,51692.307692307695,321.7193244628347
0.13,0.25,51692.307692307695,323.1157542967616
0.15,0.25,51692.307692307695,324.1684073147436
0.17,0.25,51692.307692307695,324.87274322144225
0.19,0.25,51692.307692307695,325.2256857838783
0.21,0.25,51692.307692307695,325.2256857838783
0.23,0.25,51692.307692307695,324.87274322144225
0.25,0.25,51692.307692307695,324.1684073147436
0.27,0.25,51692.307692307695,323.1157542967616
0.29,0.25,51692.307692307695,321.7193244628347
0.31,0.25,51692.307692307695,319.9849815554458
0.33,0.25,51692.307692307695,317.9196396420141
0.35,0.25,51692.307692307695,315.5307868220355
0.37,0.25,51692.307692307695,312.8257323760351
0.39,0.25,51692.307692307695,309.8105763063513
0.01,0.27,51692.307692307695,309.71804049969046
0.03,0.27,51692.307692307695,312.5510579240415
0.05,0.27,51692.307692307695,315.0824205030483
0.07,0.27,51692.307692307695,317.3108282470039
0.09,0.27,51692.307692307695,319.2328821948544
0.11,0.27,51692.307692307695,320.84411177695296
0.13,0.27,51692.307692307695,322.13983097184195
0.15,0.27,51692.307692307695,323.1157542967616
0.17,0.27,51692.307692307695,323.7684024187909
0.19,0.27,51692.307692307695,324.0953477057203
0.21,0.27,51692.307692307695,324.0953477057204
0.23,0.27,51692.307692307695,323.7684024187909
0.25,0.27,51692.307692307695,323.1157542967616
0.27,0.27,51692.307692307695,322.139830971842
0.29,0.27,51692.307692307695,320.84411177695296
0.31,0.27,51692.307692307695,319.2328821948544
0.33,0.27,51692.307692307695,317.3108282470039
0.35,0.27,51692.307692307695,315.08242050304824
0.37,0.27,51692.307692307695,312.5510579240415
0.39,0.27,51692.307692307695,309.7180404996905
0.01,0.29,51692.307692307695,309.59429812848794
0.03,0.29,51692.307692307695,312.18401038985684
0.05,0.29,51692.307692307695,314.4839839978824
0.07,0.29,51692.307692307695,316.499405102033
0.09,0.29,51692.307692307695,318.23193059737724
0.11,0.29,51692.307692307695,319.6808359068079
0.13,0.29,51692.307692307695,320.844111776953
0.15,0.29,51692.307692307695,321.7193244628347
0.17,0.29,51692.307692307695,322.30422041471
0.19,0.29,51692.307692307695,322.5971147320211
0.21,0.29,51692.307692307695,322.5971147320211
0.23,0.29,51692.307692307695,322.30422041471
0.25,0.29,51692.307692307695,321.7193244628347
0.27,0.29,51692.307692307695,320.84411177695296
0.29,0.29,51692.307692307695,319.68083590680783
0.31,0.29,51692.307692307695,318.23193059737724
0.33,0.29,51692.307692307695,316.49940510203294
0.35,0.29,51692.307692307695,314.4839839978824
0.37,0.29,51692.307692307695,312.18401038985684
0.39,0.29,51692.307692307695,309.594298128488
0.01,0.31,51692.307692307695,309.4385927577521
0.03,0.31,51692.307692307695,311.72277425114027
0.05,0.31,51692.307692307695,313.73357642813227
0.07,0.31,51692.307692307695,315.4843591436652
0.09,0.31,51692.307692307695,316.98268479697344
0.11,0.31,51692.307692307695,318.23193059737724
0.13,0.31,51692.307692307695,319.2328821948545
0.15,0.31,51692.307692307695,319.9849815554458
0.17,0.31,51692.307692307695,320.48719672565346
0.19,0.31,51692.307692307695,320.7385779111558
0.21,0.31,51692.307692307695,320.73857791115574
0.23,0.31,51692.307692307695,320.4871967256534
0.25,0.31,51692.307692307695,319.9849815554458
0.27,0.31,51692.307692307695,319.2328821948545
0.29,0.31,51692.307692307695,318.23193059737724
0.31,0.31,51692.307692307695,316.9826847969734
0.33,0.31,51692.307692307695,315.4843591436652
0.35,0.31,51692.307692307695,313.73357642813227
0.37,0.31,51692.307692307695,311.72277425114027
0.39,0.31,51692.307692307695,309.43859275775213
0.01,0.33,51692.307692307695,309.24916036542294
0.03,0.33,51692.307692307695,311.1631748537532
0.05,0.33,51692.307692307695,312.8266367848207
0.07,0.33,51692.307692307695,314.26249143898934
0.09,0.33,51692.307692307695,315.4843591436652
0.11,0.33,51692.307692307695,316.499405102033
0.13,0.33,51692.307692307695,317.3108282470039
0.15,0.33,51692.307692307695,317.91963964201415
0.17,0.33,51692.307692307695,318.3258226597355
0.19,0.33,51692.307692307695,318.52904217810215
0.21,0.33,51692.307692307695,318.52904217810215
0.23,0.33,51692.307692307695,318.3258226597354
0.25,0.33,51692.307692307695,317.9196396420141
0.27,0.33,51692.307692307695,317.31082824700394
0.29,0.33,51692.307692307695,316.49940510203294
0.31,0.33,51692.307692307695,315.4843591436651
0.33,0.33,51692.307692307695,314.2624914389893
0.35,0.33,51692.307692307695,312.82663678482066
0.37,0.33,51692.307692307695,311.1631748537532
0.39,0.33,51692.307692307695,309.24916036542294
0.01,0.35,51692.307692307695,309.0219880533481
0.03,0.35,51692.307692307695,310.49629493798454
0.05,0.35,51692.307692307695,311.75363608340416
0.07,0.35,51692.307692307695,312.82663678482066
0.09,0.35,51692.307692307695,313.7335764281322
0.11,0.35,51692.307692307695,314.4839839978824
0.13,0.35,51692.307692307695,315.0824205030483
0.15,0.35,51692.307692307695,315.5307868220355
0.17,0.35,51692.307692307695,315.8296776014033
0.19,0.35,51692.307692307695,315.97915298998464
0.21,0.35,51692.307692307695,315.9791529899846
0.23,0.35,51692.307692307695,315.8296776014034
0.25,0.35,51692.307692307695,315.5307868220355
0.27,0.35,51692.307692307695,315.08242050304824
0.29,0.35,51692.307692307695,314.4839839978823
0.31,0.35,51692.307692307695,313.7335764281322
0.33,0.35,51692.307692307695,312.8266367848206
0.35,0.35,51692.307692307695,311.75363608340416
0.37,0.35,51692.307692307695,310.49629493798454
0.39,0.35,51692.307692307695,309.0219880533481
0.01,0.37,51692.307692307695,308.74752575674734
0.03,0.37,51692.307692307695,309.7036754571213
0.05,0.37,51692.307692307695,310.49629493798454
0.07,0.37,51692.307692307695,311.1631748537532
0.09,0.37,51692.307692307695,311.7227742511402
0.11,0.37,51692.307692307695,312.1840103898568
0.13,0.37,51692.307692307695,312.55105792404146
0.15,0.37,51692.307692307695,312.82573237603503
0.17,0.37,51692.307692307695,313.0087146469548
0.19,0.37,51692.307692307695,313.1001933990636
0.21,0.37,51692.307692307695,313.1001933990635
0.23,0.37,51692.307692307695,313.00871464695484
0.25,0.37,51692.307692307695,312.8257323760351
0.27,0.37,51692.307692307695,312.55105792404146
0.29,0.37,51692.307692307695,312.1840103898568
0.31,0.37,51692.307692307695,311.7227742511402
0.33,0.37,51692.307692307695,311.1631748537531
0.35,0.37,51692.307692307695,310.49629493798454
0.37,0.37,51692.307692307695,309.7036754571213
0.39,0.37,51692.307692307695,308.74752575674734
0.01,0.39,51692.307692307695,308.4002675766352
0.03,0.39,51692.307692307695,308.74752575674734
0.05,0.39,51692.307692307695,309.0219880533481
0.07,0.39,51692.307692307695,309.2491603654229
0.09,0.39,51692.307692307695,309.4385927577521
0.11,0.39,51692.307692307695,309.5942981284879
0.13,0.39,51692.307692307695,309.71804049969046
0.15,0.39,51692.307692307695,309.81057630635127
0.17,0.39,51692.307692307695,309.87219880801
0.19,0.39,51692.307692307695,309.90300028980585
0.21,0.39,51692.307692307695,309.90300028980585
0.23,0.39,51692.307692307695,309.87219880801007
0.25,0.39,51692.307692307695,309.8105763063513
0.27,0.39,51692.307692307695,309.71804049969046
0.29,0.39,51692.307692307695,309.5942981284879
0.31,0.39,51692.307692307695,309.43859275775213
0.33,0.39,51692.307692307695,309.2491603654228
0.35,0.39,51692.307692307695,309.0219880533481
0.37,0.39,51692.307692307695,308.74752575674734
0.39,0.39,51692.307692307695,308.40026757663514
0.01,0.01,53538.46153846154,308.3867579374695
0.03,0.01,53538.46153846154,308.71401338730584
0.05,0.01,53538.46153846154,308.97205021237755
0.07,0.01,53538.46153846154,309.18534142048145
0.09,0.01,53538.46153846154,309.3630774081464
0.11,0.01,53538.46153846154,309.50912773466257
0.13,0.01,53538.46153846154,309.6251913155159
0.15,0.01,53538.46153846154,309.7119905630404
0.17,0.01,53538.46153846154,309.76979868860184
0.19,0.01,53538.46153846154,309.79869591036294
0.21,0.01,53538.46153846154,309.79869591036294
0.23,0.01,53538.46153846154,309.76979868860184
0.25,0.01,53538.46153846154,309.7119905630403
0.27,0.01,53538.46153846154,309.6251913155159
0.29,0.01,53538.46153846154,309.50912773466257
0.31,0.01,53538.46153846154,309.3630774081464
0.33,0.01,53538.46153846154,309.1853414204814
0.35,0.01,53538.46153846154,308.97205021237744
0.37,0.01,53538.46153846154,308.7140133873057
0.39,0.01,53538.46153846154,308.38675793746944
0.01,0.03,53538.46153846154,308.7140133873059
0.03,0.03,53538.46153846154,309.6142485682261
0.05,0.03,53538.46153846154,310.35920303816835
0.07,0.03,53538.46153846154,310.98530805627234
0.09,0.03,53538.46153846154,311.51039824586195
0.11,0.03,53538.46153846154,311.94309712880147
0.13,0.03,53538.46153846154,312.2874307675782
0.15,0.03,53538.46153846154,312.5451303675744
0.17,0.03,53538.46153846154,312.7168238147949
0.19,0.03,53538.46153846154,312.8026664352081
0.21,0.03,53538.46153846154,312.8026664352081
0.23,0.03,53538.46153846154,312.71682381479485
0.25,0.03,53538.46153846154,312.5451303675743
0.27,0.03,53538.46153846154,312.28743076757814
0.29,0.03,53538.46153846154,311.9430971288014
0.31,0.03,53538.46153846154,311.5103982458619
0.33,0.03,53538.46153846154,310.98530805627223
0.35,0.03,53538.46153846154,310.35920303816823
0.37,0.03,53538.46153846154,309.614248568226
0.39,0.03,53538.46153846154,308.7140133873058
0.01,0.05,53538.46153846154,308.9720502123775
0.03,0.05,53538.46153846154,310.35920303816835
0.05,0.05,53538.46153846154,311.5406029615542
0.07,0.05,53538.46153846154,312.5479611774396
0.09,0.05,53538.46153846154,313.39906539085405
0.11,0.05,53538.46153846154,314.1031842396861
0.13,0.05,53538.46153846154,314.66473062045986
0.15,0.05,53538.46153846154,315.0855095732616
0.17,0.05,53538.46153846154,315.36604777505136
0.19,0.05,53538.46153846154,315.5063589316428
0.21,0.05,53538.46153846154,315.5063589316428
0.23,0.05,53538.46153846154,315.3660477750513
0.25,0.05,53538.46153846154,315.08550957326145
0.27,0.05,53538.46153846154,314.6647306204597
0.29,0.05,53538.46153846154,314.103184239686
0.31,0.05,53538.46153846154,313.39906539085393
0.33,0.05,53538.46153846154,312.5479611774394
0.35,0.05,53538.46153846154,311.5406029615541
0.37,0.05,53538.46153846154,310.35920303816823
0.39,0.05,53538.46153846154,308.97205021237744
0.01,0.07,53538.46153846154,309.1853414204814
0.03,0.07,53538.46153846154,310.98530805627234
0.05,0.07,53538.46153846154,312.5479611774396
0.07,0.07,53538.46153846154,313.8959591821828
0.09,0.07,53538.46153846154,315.04274912541626
0.11,0.07,53538.46153846154,315.99539179583326
0.13,0.07,53538.46153846154,316.7570094726231
0.15,0.07,53538.46153846154,317.32854482491217
0.17,0.07,53538.46153846154,317.7099190033296
0.19,0.07,53538.46153846154,317.9007477676622
0.21,0.07,53538.46153846154,317.9007477676622
0.23,0.07,53538.46153846154,317.7099190033295
0.25,0.07,53538.46153846154,317.32854482491206
0.27,0.07,53538.46153846154,316.75700947262294
0.29,0.07,53538.46153846154,315.9953917958331
0.31,0.07,53538.46153846154,315.0427491254161
0.33,0.07,53538.46153846154,313.8959591821827
0.35,0.07,53538.46153846154,312.54796117743945
0.37,0.07,53538.46153846154,310.98530805627223
0.39,0.07,53538.46153846154,309.1853414204814
0.01,0.09,53538.46153846154,309.3630774081464
0.03,0.09,53538.46153846154,311.51039824586195
0.05,0.09,53538.46153846154,313.39906539085405
0.07,0.09,53538.46153846154,315.04274912541626
0.09,0.09,53538.46153846154,316.44920212865907
0.11,0.09,53538.46153846154,317.62190575625687
0.13,0.09,53538.46153846154,318.5616809916589
0.15,0.09,53538.46153846154,319.2679558378491
0.17,0.09,53538.46153846154,319.7396584439938
0.19,0.09,53538.46153846154,319.9757965416578
0.21,0.09,53538.46153846154,319.97579654165776
0.23,0.09,53538.46153846154,319.73965844399373
0.25,0.09,53538.46153846154,319.26795583784894
0.27,0.09,53538.46153846154,318.5616809916587
0.29,0.09,53538.46153846154,317.62190575625675
0.31,0.09,53538.46153846154,316.4492021286589
0.33,0.09,53538.46153846154,315.0427491254161
0.35,0.09,53538.46153846154,313.39906539085393
0.37,0.09,53538.46153846154,311.5103982458619
0.39,0.09,53538.46153846154,309.3630774081464
0.01,0.11,53538.46153846154,309.5091277346625
0.03,0.11,53538.46153846154,311.94309712880147
0.05,0.11,53538.46153846154,314.103184239686
0.07,0.11,53538.46153846154,315.99539179583326
0.09,0.11,53538.46153846154,317.62190575625687
0.11,0.11,53538.46153846154,318.9823179693974
0.13,0.11,53538.46153846154,320.07477858797006
0.15,0.11,53538.46153846154,320.8969064271182
0.17,0.11,53538.46153846154,321.4464397498769
0.19,0.11,53538.46153846154,321.72166397284025
0.21,0.11,53538.46153846154,321.7216639728402
0.23,0.11,53538.46153846154,321.44643974987684
0.25,0.11,53538.46153846154,320.8969064271181
0.27,0.11,53538.46153846154,320.07477858796994
0.29,0.11,53538.46153846154,318.98231796939734
0.31,0.11,53538.46153846154,317.6219057562568
0.33,0.11,53538.46153846154,315.9953917958332
0.35,0.11,53538.46153846154,314.103184239686
0.37,0.11,53538.46153846154,311.9430971288014
0.39,0.11,53538.46153846154,309.5091277346625
0.01,0.13,53538.46153846154,309.6251913155159
0.03,0.13,53538.46153846154,312.28743076757814
0.05,0.13,53538.46153846154,314.6647306204598
0.07,0.13,53538.46153846154,316.75700947262305
0.09,0.13,53538.46153846154,318.5616809916588
0.11,0.13,53538.46153846154,320.07477858797006
0.13,0.13,53538.46153846154,321.2918913460809
0.15,0.13,53538.46153846154,322.2088521339629
0.17,0.13,53538.46153846154,322.82220723475706
0.19,0.13,53538.46153846154,323.1295145270081
0.21,0.13,53538.46153846154,323.1295145270081
0.23,0.13,53538.46153846154,322.822207234757
0.25,0.13,53538.46153846154,322.2088521339628
0.27,0.13,53538.46153846154,321.29189134608083
0.29,0.13,53538.46153846154,320.07477858797006
0.31,0.13,53538.46153846154,318.5616809916588
0.33,0.13,53538.46153846154,316.75700947262305
0.35,0.13,53538.46153846154,314.6647306204598
0.37,0.13,53538.46153846154,312.28743076757814
0.39,0.13,53538.46153846154,309.62519131551585
0.01,0.15,53538.46153846154,309.7119905630403
0.03,0.15,53538.46153846154,312.5451303675743
0.05,0.15,53538.46153846154,315.08550957326145
0.07,0.15,53538.46153846154,317.3285448249121
0.09,0.15,53538.46153846154,319.26795583784906
0.11,0.15,53538.46153846154,320.8969064271181
0.13,0.15,53538.46153846154,322.2088521339629
0.15,0.15,53538.46153846154,323.1981033765619
0.17,0.15,53538.46153846154,323.8601754652502
0.19,0.15,53538.46153846154,324.1919919364116
0.21,0.15,53538.46153846154,324.1919919364115
0.23,0.15,53538.46153846154,323.86017546525017
0.25,0.15,53538.46153846154,323.19810337656185
0.27,0.15,53538.46153846154,322.20885213396286
0.29,0.15,53538.46153846154,320.8969064271182
0.31,0.15,53538.46153846154,319.2679558378491
0.33,0.15,53538.46153846154,317.3285448249121
0.35,0.15,53538.46153846154,315.0855095732616
0.37,0.15,53538.46153846154,312.5451303675744
0.39,0.15,53538.46153846154,309.7119905630403
0.01,0.17,53538.46153846154,309.76979868860184
0.03,0.17,53538.46153846154,312.71682381479485
0.05,0.17,53538.46153846154,315.36604777505124
0.07,0.17,53538.46153846154,317.7099190033295
0.09,0.17,53538.46153846154,319.73965844399373
0.11,0.17,53538.46153846154,321.4464397498769
0.13,0.17,53538.46153846154,322.82220723475706
0.15,0.17,53538.46153846154,323.8601754652502
0.17,0.17,53538.46153846154,324.5551093670403
0.19,0.17,53538.46153846154,324.90346757991904
0.21,0.17,53538.46153846154,324.90346757991904
0.23,0.17,53538.46153846154,324.55510936704025
0.25,0.17,53538.46153846154,323.86017546525017
0.27,0.17,53538.46153846154,322.82220723475706
0.29,0.17,53538.46153846154,321.44643974987696
0.31,0.17,53538.46153846154,319.7396584439938
0.33,0.17,53538.46153846154,317.7099190033296
0.35,0.17,53538.46153846154,315.36604777505124
0.37,0.17,53538.46153846154,312.71682381479485
0.39,0.17,53538.46153846154,309.76979868860184
0.01,0.19,53538.46153846154,309.7986959103629
0.03,0.19,53538.46153846154,312.80266643520804
0.05,0.19,53538.46153846154,315.5063589316427
0.07,0.19,53538.46153846154,317.9007477676621
0.09,0.19,53538.46153846154,319.97579654165776
0.11,0.19,53538.46153846154,321.7216639728402
0.13,0.19,53538.46153846154,323.1295145270081
0.15,0.19,53538.46153846154,324.1919919364116
0.17,0.19,53538.46153846154,324.9034675799191
0.19,0.19,53538.46153846154,325.26015519356173
0.21,0.19,53538.46153846154,325.26015519356173
0.23,0.19,53538.46153846154,324.90346757991904
0.25,0.19,53538.46153846154,324.1919919364116
0.27,0.19,53538.46153846154,323.1295145270081
0.29,0.19,53538.46153846154,321.72166397284025
0.31,0.19,53538.46153846154,319.9757965416578
0.33,0.19,53538.46153846154,317.9007477676622
0.35,0.19,53538.46153846154,315.5063589316428
0.37,0.19,53538.46153846154,312.8026664352081
0.39,0.19,53538.46153846154,309.79869591036294
0.01,0.21,53538.46153846154,309.7986959103629
0.03,0.21,53538.46153846154,312.80266643520804
0.05,0.21,53538.46153846154,315.50635893164275
0.07,0.21,53538.46153846154,317.9007477676621
0.09,0.21,53538.46153846154,319.97579654165776
0.11,0.21,53538.46153846154,321.72166397284013
0.13,0.21,53538.46153846154,323.1295145270081
0.15,0.21,53538.46153846154,324.1919919364116
0.17,0.21,53538.46153846154,324.9034675799191
0.19,0.21,53538.46153846154,325.2601551935618
0.21,0.21,53538.46153846154,325.2601551935618
0.23,0.21,53538.46153846154,324.9034675799191
0.25,0.21,53538.46153846154,324.1919919364116
0.27,0.21,53538.46153846154,323.1295145270082
0.29,0.21,53538.46153846154,321.7216639728403
0.31,0.21,53538.46153846154,319.9757965416578
0.33,0.21,53538.46153846154,317.9007477676622
0.35,0.21,53538.46153846154,315.5063589316428
0.37,0.21,53538.46153846154,312.8026664352081
0.39,0.21,53538.46153846154,309.79869591036294
0.01,0.23,53538.46153846154,309.76979868860184
0.03,0.23,53538.46153846154,312.71682381479485
0.05,0.23,53538.46153846154,315.36604777505124
0.07,0.23,53538.46153846154,317.7099190033295
0.09,0.23,53538.46153846154,319.73965844399373
0.11,0.23,53538.46153846154,321.44643974987684
0.13,0.23,53538.46153846154,322.822207234757
0.15,0.23,53538.46153846154,323.86017546525017
0.17,0.23,53538.46153846154,324.55510936704025
0.19,0.23,53538.46153846154,324.90346757991904
0.21,0.23,53538.46153846154,324.90346757991904
0.23,0.23,53538.46153846154,324.5551093670403
0.25,0.23,53538.46153846154,323.8601754652503
0.27,0.23,53538.46153846154,322.8222072347571
0.29,0.23,53538.46153846154,321.44643974987696
0.31,0.23,53538.46153846154,319.7396584439938
0.33,0.23,53538.46153846154,317.7099190033295
0.35,0.23,53538.46153846154,315.3660477750513
0.37,0.23,53538.46153846154,312.71682381479485
0.39,0.23,53538.46153846154,309.76979868860184
0.01,0.25,53538.46153846154,309.7119905630403
0.03,0.25,53538.46153846154,312.5451303675743
0.05,0.25,53538.46153846154,315.0855095732615
0.07,0.25,53538.46153846154,317.3285448249121
0.09,0.25,53538.46153846154,319.267955837849
0.11,0.25,53538.46153846154,320.8969064271181
0.13,0.25,53538.46153846154,322.2088521339628
0.15,0.25,53538.46153846154,323.19810337656185
0.17,0.25,53538.46153846154,323.8601754652502
0.19,0.25,53538.46153846154,324.1919919364116
0.21,0.25,53538.46153846154,324.1919919364116
0.23,0.25,53538.46153846154,323.8601754652502
0.25,0.25,53538.46153846154,323.1981033765619
0.27,0.25,53538.46153846154,322.20885213396286
0.29,0.25,53538.46153846154,320.8969064271182
0.31,0.25,53538.46153846154,319.26795583784906
0.33,0.25,53538.46153846154,317.3285448249121
0.35,0.25,53538.46153846154,315.08550957326145
0.37,0.25,53538.46153846154,312.5451303675744
0.39,0.25,53538.46153846154,309.7119905630403
0.01,0.27,53538.46153846154,309.6251913155159
0.03,0.27,53538.46153846154,312.28743076757814
0.05,0.27,53538.46153846154,314.6647306204598
0.07,0.27,53538.46153846154,316.75700947262294
0.09,0.27,53538.46153846154,318.5616809916587
0.11,0.27,53538.46153846154,320.07477858796994
0.13,0.27,53538.46153846154,321.2918913460808
0.15,0.27,53538.46153846154,322.2088521339628
0.17,0.27,53538.46153846154,322.822207234757
0.19,0.27,53538.46153846154,323.1295145270081
0.21,0.27,53538.46153846154,323.1295145270081
0.23,0.27,53538.46153846154,322.822207234757
0.25,0.27,53538.46153846154,322.20885213396286
0.27,0.27,53538.46153846154,321.2918913460809
0.29,0.27,53538.46153846154,320.07477858797006
0.31,0.27,53538.46153846154,318.5616809916588
0.33,0.27,53538.46153846154,316.75700947262305
0.35,0.27,53538.46153846154,314.6647306204598
0.37,0.27,53538.46153846154,312.28743076757814
0.39,0.27,53538.46153846154,309.62519131551585
0.01,0.29,53538.46153846154,309.50912773466257
0.03,0.29,53538.46153846154,311.94309712880147
0.05,0.29,53538.46153846154,314.103184239686
0.07,0.29,53538.46153846154,315.99539179583314
0.09,0.29,53538.46153846154,317.62190575625675
0.11,0.29,53538.46153846154,318.9823179693973
0.13,0.29,53538.46153846154,320.07477858797
0.15,0.29,53538.46153846154,320.8969064271181
0.17,0.29,53538.46153846154,321.44643974987684
0.19,0.29,53538.46153846154,321.7216639728402
0.21,0.29,53538.46153846154,321.7216639728402
0.23,0.29,53538.46153846154,321.44643974987684
0.25,0.29,53538.46153846154,320.8969064271181
0.27,0.29,53538.46153846154,320.07477858797006
0.29,0.29,53538.46153846154,318.9823179693974
0.31,0.29,53538.46153846154,317.6219057562568
0.33,0.29,53538.46153846154,315.9953917958332
0.35,0.29,53538.46153846154,314.1031842396861
0.37,0.29,53538.46153846154,311.9430971288014
0.39,0.29,53538.46153846154,309.5091277346625
0.01,0.31,53538.46153846154,309.3630774081464
0.03,0.31,53538.46153846154,311.5103982458619
0.05,0.31,53538.46153846154,313.39906539085393
0.07,0.31,53538.46153846154,315.0427491254161
0.09,0.31,53538.46153846154,316.4492021286589
0.11,0.31,53538.46153846154,317.6219057562568
0.13,0.31,53538.46153846154,318.5616809916588
0.15,0.31,53538.46153846154,319.26795583784906
0.17,0.31,53538.46153846154,319.73965844399373
0.19,0.31,53538.46153846154,319.97579654165776
0.21,0.31,53538.46153846154,319.97579654165776
0.23,0.31,53538.46153846154,319.73965844399373
0.25,0.31,53538.46153846154,319.26795583784906
0.27,0.31,53538.46153846154,318.5616809916588
0.29,0.31,53538.46153846154,317.62190575625687
0.31,0.31,53538.46153846154,316.44920212865907
0.33,0.31,53538.46153846154,315.0427491254162
0.35,0.31,53538.46153846154,313.399065390854
0.37,0.31,53538.46153846154,311.51039824586195
0.39,0.31,53538.46153846154,309.3630774081464
0.01,0.33,53538.46153846154,309.18534142048134
0.03,0.33,53538.46153846154,310.98530805627223
0.05,0.33,53538.46153846154,312.54796117743945
0.07,0.33,53538.46153846154,313.8959591821827
0.09,0.33,53538.46153846154,315.0427491254161
0.11,0.33,53538.46153846154,315.99539179583314
0.13,0.33,53538.46153846154,316.75700947262294
0.15,0.33,53538.46153846154,317.32854482491206
0.17,0.33,53538.46153846154,317.70991900332945
0.19,0.33,53538.46153846154,317.9007477676621
0.21,0.33,53538.46153846154,317.9007477676622
0.23,0.33,53538.46153846154,317.70991900332945
0.25,0.33,53538.46153846154,317.3285448249121
0.27,0.33,53538.46153846154,316.757009472623
0.29,0.33,53538.46153846154,315.9953917958332
0.31,0.33,53538.46153846154,315.0427491254161
0.33,0.33,53538.46153846154,313.8959591821827
0.35,0.33,53538.46153846154,312.54796117743945
0.37,0.33,53538.46153846154,310.9853080562723
0.39,0.33,53538.46153846154,309.1853414204814
0.01,0.35,53538.46153846154,308.9720502123775
0.03,0.35,53538.46153846154,310.35920303816823
0.05,0.35,53538.46153846154,311.5406029615541
0.07,0.35,53538.46153846154,312.54796117743945
0.09,0.35,53538.46153846154,313.3990653908539
0.11,0.35,53538.46153846154,314.103184239686
0.13,0.35,53538.46153846154,314.6647306204597
0.15,0.35,53538.46153846154,315.08550957326145
0.17,0.35,53538.46153846154,315.36604777505124
0.19,0.35,53538.46153846154,315.50635893164275
0.21,0.35,53538.46153846154,315.50635893164275
0.23,0.35,53538.46153846154,315.36604777505124
0.25,0.35,53538.46153846154,315.08550957326145
0.27,0.35,53538.46153846154,314.6647306204597
0.29,0.35,53538.46153846154,314.103184239686
0.31,0.35,53538.46153846154,313.39906539085393
0.33,0.35,53538.46153846154,312.54796117743945
0.35,0.35,53538.46153846154,311.5406029615541
0.37,0.35,53538.46153846154,310.35920303816823
0.39,0.35,53538.46153846154,308.97205021237744
0.01,0.37,53538.46153846154,308.7140133873058
0.03,0.37,53538.46153846154,309.61424856822606
0.05,0.37,53538.46153846154,310.35920303816823
0.07,0.37,53538.46153846154,310.9853080562723
0.09,0.37,53538.46153846154,311.5103982458619
0.11,0.37,53538.46153846154,311.9430971288014
0.13,0.37,53538.46153846154,312.2874307675781
0.15,0.37,53538.46153846154,312.5451303675743
0.17,0.37,53538.46153846154,312.71682381479485
0.19,0.37,53538.46153846154,312.8026664352081
0.21,0.37,53538.46153846154,312.80266643520804
0.23,0.37,53538.46153846154,312.7168238147948
0.25,0.37,53538.46153846154,312.5451303675743
0.27,0.37,53538.46153846154,312.28743076757814
0.29,0.37,53538.46153846154,311.9430971288014
0.31,0.37,53538.46153846154,311.5103982458619
0.33,0.37,53538.46153846154,310.98530805627223
0.35,0.37,53538.46153846154,310.35920303816823
0.37,0.37,53538.46153846154,309.614248568226
0.39,0.37,53538.46153846154,308.7140133873058
0.01,0.39,53538.46153846154,308.38675793746944
0.03,0.39,53538.46153846154,308.71401338730584
0.05,0.39,53538.46153846154,308.9720502123775
0.07,0.39,53538.46153846154,309.1853414204814
0.09,0.39,53538.46153846154,309.3630774081464
0.11,0.39,53538.46153846154,309.5091277346625
0.13,0.39,53538.46153846154,309.62519131551585
0.15,0.39,53538.46153846154,309.7119905630403
0.17,0.39,53538.46153846154,309.76979868860184
0.19,0.39,53538.46153846154,309.7986959103629
0.21,0.39,53538.46153846154,309.7986959103629
0.23,0.39,53538.46153846154,309.76979868860184
0.25,0.39,53538.46153846154,309.7119905630403
0.27,0.39,53538.46153846154,309.6251913155159
0.29,0.39,53538.46153846154,309.5091277346625
0.31,0.39,53538.46153846154,309.3630774081464
0.33,0.39,53538.46153846154,309.1853414204814
0.35,0.39,53538.46153846154,308.97205021237744
0.37,0.39,53538.46153846154,308.7140133873058
0.39,0.39,53538.46153846154,308.38675793746944
0.01,0.01,55384.61538461538,308.3741931418384
0.03,0.01,55384.61538461538,308.68279074487964
0.05,0.01,55384.61538461538,308.9254625931412
0.07,0.01,55384.61538461538,309.1257319013171
0.09,0.01,55384.61538461538,309.29246487303595
0.11,0.01,55384.61538461538,309.4294087152326
0.13,0.01,55384.61538461538,309.5382128345202
0.15,0.01,55384.61538461538,309.6195782175193
0.17,0.01,55384.61538461538,309.6737679432184
0.19,0.01,55384.61538461538,309.7008571008112
0.21,0.01,55384.61538461538,309.7008571008112
0.23,0.01,55384.61538461538,309.6737679432184
0.25,0.01,55384.61538461538,309.61957821751935
0.27,0.01,55384.61538461538,309.5382128345202
0.29,0.01,55384.61538461538,309.4294087152326
0.31,0.01,55384.61538461538,309.29246487303595
0.33,0.01,55384.61538461538,309.1257319013171
0.35,0.01,55384.61538461538,308.9254625931411
0.37,0.01,55384.61538461538,308.68279074487964
0.39,0.01,55384.61538461538,308.3741931418383
0.01,0.03,55384.61538461538,308.68279074487964
0.03,0.03,55384.61538461538,309.5308201442265
0.05,0.03,55384.61538461538,310.2311573713178
0.07,0.03,55384.61538461538,310.8189900444337
0.09,0.03,55384.61538461538,311.3115998826717
0.11,0.03,55384.61538461538,311.7173691018808
0.13,0.03,55384.61538461538,312.0402182335138
0.15,0.03,55384.61538461538,312.2818304011491
0.17,0.03,55384.61538461538,312.4428094811521
0.19,0.03,55384.61538461538,312.5232979025729
0.21,0.03,55384.61538461538,312.5232979025729
0.23,0.03,55384.61538461538,312.4428094811521
0.25,0.03,55384.61538461538,312.2818304011491
0.27,0.03,55384.61538461538,312.04021823351377
0.29,0.03,55384.61538461538,311.7173691018808
0.31,0.03,55384.61538461538,311.3115998826716
0.33,0.03,55384.61538461538,310.81899004443363
0.35,0.03,55384.61538461538,310.2311573713177
0.37,0.03,55384.61538461538,309.5308201442264
0.39,0.03,55384.61538461538,308.68279074487964
0.01,0.05,55384.61538461538,308.9254625931411
0.03,0.05,55384.61538461538,310.2311573713178
0.05,0.05,55384.61538461538,311.3414085175468
0.07,0.05,55384.61538461538,312.287102651431
0.09,0.05,55384.61538461538,313.0856127731808
0.11,0.05,55384.61538461538,313.74601658268193
0.13,0.05,55384.61538461538,314.2726424167117
0.15,0.05,55384.61538461538,314.6672557988988
0.17,0.05,55384.61538461538,314.93036162502773
0.19,0.05,55384.61538461538,315.06196007797723
0.21,0.05,55384.61538461538,315.0619600779773
0.23,0.05,55384.61538461538,314.9303616250278
0.25,0.05,55384.61538461538,314.66725579889885
0.27,0.05,55384.61538461538,314.2726424167116
0.29,0.05,55384.61538461538,313.7460165826819
0.31,0.05,55384.61538461538,313.0856127731806
0.33,0.05,55384.61538461538,312.28710265143087
0.35,0.05,55384.61538461538,311.3414085175467
0.37,0.05,55384.61538461538,310.2311573713177
0.39,0.05,55384.61538461538,308.9254625931411
0.01,0.07,55384.61538461538,309.1257319013171
0.03,0.07,55384.61538461538,310.8189900444337
0.05,0.07,55384.61538461538,312.287102651431
0.07,0.07,55384.61538461538,313.5524909087472
0.09,0.07,55384.61538461538,314.6284963795574
0.11,0.07,55384.61538461538,315.52215159953903
0.13,0.07,55384.61538461538,316.2365797932023
0.15,0.07,55384.61538461538,316.77272765570126
0.17,0.07,55384.61538461538,317.130515036314
0.19,0.07,55384.61538461538,317.3095525489704
0.21,0.07,55384.61538461538,317.3095525489704
0.23,0.07,55384.61538461538,317.130515036314
0.25,0.07,55384.61538461538,316.7727276557013
0.27,0.07,55384.61538461538,316.2365797932023
0.29,0.07,55384.61538461538,315.522151599539
0.31,0.07,55384.61538461538,314.6284963795574
0.33,0.07,55384.61538461538,313.5524909087472
0.35,0.07,55384.61538461538,312.2871026514309
0.37,0.07,55384.61538461538,310.81899004443363
0.39,0.07,55384.61538461538,309.1257319013171
0.01,0.09,55384.61538461538,309.29246487303595
0.03,0.09,55384.61538461538,311.3115998826717
0.05,0.09,55384.61538461538,313.0856127731808
0.07,0.09,55384.61538461538,314.6284963795574
0.09,0.09,55384.61538461538,315.94824791221106
0.11,0.09,55384.61538461538,317.0485304091567
0.13,0.09,55384.61538461538,317.93028721698755
0.15,0.09,55384.61538461538,318.59301737689714
0.17,0.09,55384.61538461538,319.0356822999597
0.19,0.09,55384.61538461538,319.2573006747624
0.21,0.09,55384.61538461538,319.2573006747624
0.23,0.09,55384.61538461538,319.0356822999598
0.25,0.09,55384.61538461538,318.59301737689714
0.27,0.09,55384.61538461538,317.93028721698755
0.29,0.09,55384.61538461538,317.0485304091566
0.31,0.09,55384.61538461538,315.948247912211
0.33,0.09,55384.61538461538,314.6284963795574
0.35,0.09,55384.61538461538,313.0856127731807
0.37,0.09,55384.61538461538,311.3115998826716
0.39,0.09,55384.61538461538,309.29246487303595
0.01,0.11,55384.61538461538,309.4294087152326
0.03,0.11,55384.61538461538,311.7173691018809
0.05,0.11,55384.61538461538,313.746016582682
0.07,0.11,55384.61538461538,315.52215159953903
0.09,0.11,55384.61538461538,317.0485304091567
0.11,0.11,55384.61538461538,318.3251380373418
0.13,0.11,55384.61538461538,319.3503775590834
0.15,0.11,55384.61538461538,320.1220151022791
0.17,0.11,55384.61538461538,320.6378638291709
0.19,0.11,55384.61538461538,320.89624075329084
0.21,0.11,55384.61538461538,320.89624075329084
0.23,0.11,55384.61538461538,320.6378638291709
0.25,0.11,55384.61538461538,320.1220151022791
0.27,0.11,55384.61538461538,319.3503775590835
0.29,0.11,55384.61538461538,318.3251380373418
0.31,0.11,55384.61538461538,317.0485304091566
0.33,0.11,55384.61538461538,315.522151599539
0.35,0.11,55384.61538461538,313.74601658268193
0.37,0.11,55384.61538461538,311.7173691018808
0.39,0.11,55384.61538461538,309.4294087152326
0.01,0.13,55384.61538461538,309.53821283452027
0.03,0.13,55384.61538461538,312.0402182335138
0.05,0.13,55384.61538461538,314.2726424167117
0.07,0.13,55384.61538461538,316.23657979320234
0.09,0.13,55384.61538461538,317.9302872169876
0.11,0.13,55384.61538461538,319.3503775590835
0.13,0.13,55384.61538461538,320.49281314930136
0.15,0.13,55384.61538461538,321.3536474260424
0.17,0.13,55384.61538461538,321.9295431905948
0.19,0.13,55384.61538461538,322.21811138247034
0.21,0.13,55384.61538461538,322.2181113824704
0.23,0.13,55384.61538461538,321.9295431905948
0.25,0.13,55384.61538461538,321.3536474260424
0.27,0.13,55384.61538461538,320.49281314930136
0.29,0.13,55384.61538461538,319.3503775590834
0.31,0.13,55384.61538461538,317.93028721698755
0.33,0.13,55384.61538461538,316.2365797932023
0.35,0.13,55384.61538461538,314.2726424167116
0.37,0.13,55384.61538461538,312.04021823351377
0.39,0.13,55384.61538461538,309.5382128345202
0.01,0.15,55384.61538461538,309.6195782175193
0.03,0.15,55384.61538461538,312.2818304011491
0.05,0.15,55384.61538461538,314.6672557988988
0.07,0.15,55384.61538461538,316.7727276557012
0.09,0.15,55384.61538461538,318.5930173768971
0.11,0.15,55384.61538461538,320.122015102279
0.13,0.15,55384.61538461538,321.3536474260424
0.15,0.15,55384.61538461538,322.2825066427491
0.17,0.15,55384.61538461538,322.9042604010551
0.19,0.15,55384.61538461538,323.21590427216387
0.21,0.15,55384.61538461538,323.2159042721638
0.23,0.15,55384.61538461538,322.90426040105507
0.25,0.15,55384.61538461538,322.28250664274907
0.27,0.15,55384.61538461538,321.3536474260424
0.29,0.15,55384.61538461538,320.122015102279
0.31,0.15,55384.61538461538,318.5930173768971
0.33,0.15,55384.61538461538,316.77272765570126
0.35,0.15,55384.61538461538,314.6672557988988
0.37,0.15,55384.61538461538,312.281830401149
0.39,0.15,55384.61538461538,309.6195782175193
0.01,0.17,55384.61538461538,309.6737679432184
0.03,0.17,55384.61538461538,312.44280948115204
0.05,0.17,55384.61538461538,314.9303616250277
0.07,0.17,55384.61538461538,317.1305150363139
0.09,0.17,55384.61538461538,319.03568229995966
0.11,0.17,55384.61538461538,320.63786382917084
0.13,0.17,55384.61538461538,321.9295431905947
0.15,0.17,55384.61538461538,322.9042604010551
0.17,0.17,55384.61538461538,323.556958662523
0.19,0.17,55384.61538461538,323.8841826304906
0.21,0.17,55384.61538461538,323.8841826304906
0.23,0.17,55384.61538461538,323.556958662523
0.25,0.17,55384.61538461538,322.90426040105507
0.27,0.17,55384.61538461538,321.9295431905947
0.29,0.17,55384.61538461538,320.63786382917084
0.31,0.17,55384.61538461538,319.0356822999597
0.33,0.17,55384.61538461538,317.130515036314
0.35,0.17,55384.61538461538,314.93036162502773
0.37,0.17,55384.61538461538,312.4428094811521
0.39,0.17,55384.61538461538,309.6737679432184
0.01,0.19,55384.61538461538,309.7008571008112
0.03,0.19,55384.61538461538,312.5232979025729
0.05,0.19,55384.61538461538,315.0619600779772
0.07,0.19,55384.61538461538,317.30955254897026
0.09,0.19,55384.61538461538,319.25730067476235
0.11,0.19,55384.61538461538,320.89624075329084
0.13,0.19,55384.61538461538,322.21811138247034
0.15,0.19,55384.61538461538,323.2159042721638
0.17,0.19,55384.61538461538,323.8841826304906
0.19,0.19,55384.61538461538,324.21925358693136
0.21,0.19,55384.61538461538,324.2192535869314
0.23,0.19,55384.61538461538,323.8841826304906
0.25,0.19,55384.61538461538,323.21590427216387
0.27,0.19,55384.61538461538,322.21811138247034
0.29,0.19,55384.61538461538,320.8962407532908
0.31,0.19,55384.61538461538,319.2573006747624
0.33,0.19,55384.61538461538,317.3095525489704
0.35,0.19,55384.61538461538,315.0619600779773
0.37,0.19,55384.61538461538,312.5232979025729
0.39,0.19,55384.61538461538,309.7008571008112
0.01,0.21,55384.61538461538,309.7008571008112
0.03,0.21,55384.61538461538,312.5232979025729
0.05,0.21,55384.61538461538,315.06196007797723
0.07,0.21,55384.61538461538,317.3095525489703
0.09,0.21,55384.61538461538,319.25730067476235
0.11,0.21,55384.61538461538,320.8962407532908
0.13,0.21,55384.61538461538,322.21811138247034
0.15,0.21,55384.61538461538,323.2159042721638
0.17,0.21,55384.61538461538,323.88418263049056
0.19,0.21,55384.61538461538,324.21925358693136
0.21,0.21,55384.61538461538,324.21925358693136
0.23,0.21,55384.61538461538,323.8841826304906
0.25,0.21,55384.61538461538,323.2159042721638
0.27,0.21,55384.61538461538,322.2181113824704
0.29,0.21,55384.61538461538,320.89624075329084
0.31,0.21,55384.61538461538,319.2573006747624
0.33,0.21,55384.61538461538,317.3095525489704
0.35,0.21,55384.61538461538,315.0619600779773
0.37,0.21,55384.61538461538,312.5232979025729
0.39,0.21,55384.61538461538,309.7008571008112
0.01,0.23,55384.61538461538,309.6737679432184
0.03,0.23,55384.61538461538,312.4428094811521
0.05,0.23,55384.61538461538,314.93036162502773
0.07,0.23,55384.61538461538,317.130515036314
0.09,0.23,55384.61538461538,319.03568229995966
0.11,0.23,55384.61538461538,320.63786382917084
0.13,0.23,55384.61538461538,321.9295431905947
0.15,0.23,55384.61538461538,322.90426040105507
0.17,0.23,55384.61538461538,323.556958662523
0.19,0.23,55384.61538461538,323.88418263049056
0.21,0.23,55384.61538461538,323.88418263049056
0.23,0.23,55384.61538461538,323.556958662523
0.25,0.23,55384.61538461538,322.90426040105507
0.27,0.23,55384.61538461538,321.9295431905948
0.29,0.23,55384.61538461538,320.6378638291709
0.31,0.23,55384.61538461538,319.0356822999598
0.33,0.23,55384.61538461538,317.130515036314
0.35,0.23,55384.61538461538,314.9303616250278
0.37,0.23,55384.61538461538,312.4428094811521
0.39,0.23,55384.61538461538,309.6737679432184
0.01,0.25,55384.61538461538,309.6195782175193
0.03,0.25,55384.61538461538,312.281830401149
0.05,0.25,55384.61538461538,314.6672557988988
0.07,0.25,55384.61538461538,316.77272765570126
0.09,0.25,55384.61538461538,318.5930173768971
0.11,0.25,55384.61538461538,320.12201510227897
0.13,0.25,55384.61538461538,321.3536474260424
0.15,0.25,55384.61538461538,322.28250664274907
0.17,0.25,55384.61538461538,322.90426040105507
0.19,0.25,55384.61538461538,323.2159042721637
0.21,0.25,55384.61538461538,323.2159042721638
0.23,0.25,55384.61538461538,322.90426040105507
0.25,0.25,55384.61538461538,322.28250664274907
0.27,0.25,55384.61538461538,321.3536474260424
0.29,0.25,55384.61538461538,320.1220151022791
0.31,0.25,55384.61538461538,318.59301737689714
0.33,0.25,55384.61538461538,316.77272765570126
0.35,0.25,55384.61538461538,314.6672557988988
0.37,0.25,55384.61538461538,312.2818304011491
0.39,0.25,55384.61538461538,309.61957821751935
0.01,0.27,55384.61538461538,309.5382128345202
0.03,0.27,55384.61538461538,312.04021823351377
0.05,0.27,55384.61538461538,314.2726424167116
0.07,0.27,55384.61538461538,316.2365797932023
0.09,0.27,55384.61538461538,317.93028721698755
0.11,0.27,55384.61538461538,319.3503775590834
0.13,0.27,55384.61538461538,320.49281314930136
0.15,0.27,55384.61538461538,321.3536474260424
0.17,0.27,55384.61538461538,321.9295431905947
0.19,0.27,55384.61538461538,322.2181113824703
0.21,0.27,55384.61538461538,322.21811138247034
0.23,0.27,55384.61538461538,321.9295431905948
0.25,0.27,55384.61538461538,321.3536474260424
0.27,0.27,55384.61538461538,320.49281314930136
0.29,0.27,55384.61538461538,319.35037755908354
0.31,0.27,55384.61538461538,317.9302872169876
0.33,0.27,55384.61538461538,316.2365797932024
0.35,0.27,55384.61538461538,314.2726424167117
0.37,0.27,55384.61538461538,312.0402182335138
0.39,0.27,55384.61538461538,309.53821283452027
0.01,0.29,55384.61538461538,309.4294087152326
0.03,0.29,55384.61538461538,311.7173691018808
0.05,0.29,55384.61538461538,313.74601658268193
0.07,0.29,55384.61538461538,315.522151599539
0.09,0.29,55384.61538461538,317.0485304091566
0.11,0.29,55384.61538461538,318.32513803734173
0.13,0.29,55384.61538461538,319.3503775590835
0.15,0.29,55384.61538461538,320.122015102279
0.17,0.29,55384.61538461538,320.63786382917084
0.19,0.29,55384.61538461538,320.8962407532908
0.21,0.29,55384.61538461538,320.89624075329084
0.23,0.29,55384.61538461538,320.63786382917084
0.25,0.29,55384.61538461538,320.122015102279
0.27,0.29,55384.61538461538,319.3503775590835
0.29,0.29,55384.61538461538,318.3251380373418
0.31,0.29,55384.61538461538,317.0485304091567
0.33,0.29,55384.61538461538,315.52215159953903
0.35,0.29,55384.61538461538,313.746016582682
0.37,0.29,55384.61538461538,311.7173691018808
0.39,0.29,55384.61538461538,309.4294087152326
0.01,0.31,55384.61538461538,309.29246487303595
0.03,0.31,55384.61538461538,311.3115998826716
0.05,0.31,55384.61538461538,313.0856127731807
0.07,0.31,55384.61538461538,314.62849637955736
0.09,0.31,55384.61538461538,315.94824791221095
0.11,0.31,55384.61538461538,317.0485304091566
0.13,0.31,55384.61538461538,317.93028721698755
0.15,0.31,55384.61538461538,318.59301737689714
0.17,0.31,55384.61538461538,319.03568229995966
0.19,0.31,55384.61538461538,319.2573006747624
0.21,0.31,55384.61538461538,319.2573006747624
0.23,0.31,55384.61538461538,319.0356822999597
0.25,0.31,55384.61538461538,318.5930173768971
0.27,0.31,55384.61538461538,317.93028721698755
0.29,0.31,55384.61538461538,317.0485304091566
0.31,0.31,55384.61538461538,315.94824791221106
0.33,0.31,55384.61538461538,314.6284963795574
0.35,0.31,55384.61538461538,313.08561277318074
0.37,0.31,55384.61538461538,311.31159988267166
0.39,0.31,55384.61538461538,309.29246487303595
0.01,0.33,55384.61538461538,309.1257319013171
0.03,0.33,55384.61538461538,310.81899004443363
0.05,0.33,55384.61538461538,312.28710265143087
0.07,0.33,55384.61538461538,313.5524909087472
0.09,0.33,55384.61538461538,314.62849637955736
0.11,0.33,55384.61538461538,315.522151599539
0.13,0.33,55384.61538461538,316.2365797932023
0.15,0.33,55384.61538461538,316.77272765570126
0.17,0.33,55384.61538461538,317.130515036314
0.19,0.33,55384.61538461538,317.3095525489704
0.21,0.33,55384.61538461538,317.3095525489704
0.23,0.33,55384.61538461538,317.1305150363139
0.25,0.33,55384.61538461538,316.7727276557012
0.27,0.33,55384.61538461538,316.2365797932023
0.29,0.33,55384.61538461538,315.522151599539
0.31,0.33,55384.61538461538,314.6284963795574
0.33,0.33,55384.61538461538,313.5524909087472
0.35,0.33,55384.61538461538,312.2871026514309
0.37,0.33,55384.61538461538,310.81899004443363
0.39,0.33,55384.61538461538,309.1257319013171
0.01,0.35,55384.61538461538,308.9254625931411
0.03,0.35,55384.61538461538,310.2311573713177
0.05,0.35,55384.61538461538,311.3414085175467
0.07,0.35,55384.61538461538,312.28710265143087
0.09,0.35,55384.61538461538,313.0856127731806
0.11,0.35,55384.61538461538,313.7460165826819
0.13,0.35,55384.61538461538,314.2726424167116
0.15,0.35,55384.61538461538,314.6672557988988
0.17,0.35,55384.61538461538,314.93036162502773
0.19,0.35,55384.61538461538,315.06196007797723
0.21,0.35,55384.61538461538,315.06196007797723
0.23,0.35,55384.61538461538,314.93036162502773
0.25,0.35,55384.61538461538,314.66725579889874
0.27,0.35,55384.61538461538,314.2726424167116
0.29,0.35,55384.61538461538,313.7460165826819
0.31,0.35,55384.61538461538,313.0856127731807
0.33,0.35,55384.61538461538,312.2871026514309
0.35,0.35,55384.61538461538,311.3414085175467
0.37,0.35,55384.61538461538,310.2311573713177
0.39,0.35,55384.61538461538,308.9254625931411
0.01,0.37,55384.61538461538,308.68279074487964
0.03,0.37,55384.61538461538,309.5308201442264
0.05,0.37,55384.61538461538,310.2311573713177
0.07,0.37,55384.61538461538,310.81899004443363
0.09,0.37,55384.61538461538,311.3115998826716
0.11,0.37,55384.61538461538,311.7173691018808
0.13,0.37,55384.61538461538,312.04021823351377
0.15,0.37,55384.61538461538,312.281830401149
0.17,0.37,55384.61538461538,312.4428094811521
0.19,0.37,55384.61538461538,312.5232979025729
0.21,0.37,55384.61538461538,312.5232979025729
0.23,0.37,55384.61538461538,312.44280948115204
0.25,0.37,55384.61538461538,312.281830401149
0.27,0.37,55384.61538461538,312.04021823351377
0.29,0.37,55384.61538461538,311.7173691018808
0.31,0.37,55384.61538461538,311.3115998826716
0.33,0.37,55384.61538461538,310.81899004443363
0.35,0.37,55384.61538461538,310.2311573713177
0.37,0.37,55384.61538461538,309.5308201442264
0.39,0.37,55384.61538461538,308.6827907448796
0.01,0.39,55384.61538461538,308.3741931418384
0.03,0.39,55384.61538461538,308.68279074487964
0.05,0.39,55384.61538461538,308.9254625931411
0.07,0.39,55384.61538461538,309.1257319013171
0.09,0.39,55384.61538461538,309.29246487303595
0.11,0.39,55384.61538461538,309.4294087152326
0.13,0.39,55384.61538461538,309.5382128345202
0.15,0.39,55384.61538461538,309.6195782175193
0.17,0.39,55384.61538461538,309.6737679432184
0.19,0.39,55384.61538461538,309.7008571008112
0.21,0.39,55384.61538461538,309.7008571008112
0.23,0.39,55384.61538461538,309.6737679432184
0.25,0.39,55384.61538461538,309.61957821751935
0.27,0.39,55384.61538461538,309.53821283452027
0.29,0.39,55384.61538461538,309.4294087152326
0.31,0.39,55384.61538461538,309.29246487303595
0.33,0.39,55384.61538461538,309.1257319013171
0.35,0.39,55384.61538461538,308.9254625931411
0.37,0.39,55384.61538461538,308.6827907448796
0.39,0.39,55384.61538461538,308.3741931418383
0.01,0.01,57230.769230769234,308.3625008130367
0.03,0.01,57230.769230769234,308.6536989085677
0.05,0.01,57230.769230769234,308.88200975001195
0.07,0.01,57230.769230769234,309.0700797018224
0.09,0.01,57230.769230769234,309.2264807895645
0.11,0.01,57230.769230769234,309.354854808056
0.13,0.01,57230.769230769234,309.45681382928626
0.15,0.01,57230.769230769234,309.5330470956532
0.17,0.01,57230.769230769234,309.5838151376598
0.19,0.01,57230.769230769234,309.6091932186168
0.21,0.01,57230.769230769234,309.6091932186168
0.23,0.01,57230.769230769234,309.5838151376598
0.25,0.01,57230.769230769234,309.5330470956532
0.27,0.01,57230.769230769234,309.45681382928626
0.29,0.01,57230.769230769234,309.354854808056
0.31,0.01,57230.769230769234,309.2264807895645
0.33,0.01,57230.769230769234,309.0700797018224
0.35,0.01,57230.769230769234,308.8820097500119
0.37,0.01,57230.769230769234,308.6536989085677
0.39,0.01,57230.769230769234,308.3625008130367
0.01,0.03,57230.769230769234,308.6536989085677
0.03,0.03,57230.769230769234,309.4530066862579
0.05,0.03,57230.769230769234,310.1116191816812
0.07,0.03,57230.769230769234,310.6635799084804
0.09,0.03,57230.769230769234,311.1256765975252
0.11,0.03,57230.769230769234,311.50609164644413
0.13,0.03,57230.769230769234,311.80867332180947
0.15,0.03,57230.769230769234,312.0350843948163
0.17,0.03,57230.769230769234,312.1859268847452
0.19,0.03,57230.769230769234,312.2613459445064
0.21,0.03,57230.769230769234,312.2613459445064
0.23,0.03,57230.769230769234,312.1859268847452
0.25,0.03,57230.769230769234,312.03508439481635
0.27,0.03,57230.769230769234,311.80867332180947
0.29,0.03,57230.769230769234,311.5060916464441
0.31,0.03,57230.769230769234,311.1256765975252
0.33,0.03,57230.769230769234,310.6635799084803
0.35,0.03,57230.769230769234,310.11161918168114
0.37,0.03,57230.769230769234,309.4530066862578
0.39,0.03,57230.769230769234,308.6536989085677
0.01,0.05,57230.769230769234,308.88200975001183
0.03,0.05,57230.769230769234,310.11161918168114
0.05,0.05,57230.769230769234,311.15528461846645
0.07,0.05,57230.769230769234,312.0431416733971
0.09,0.05,57230.769230769234,312.79220926791294
0.11,0.05,57230.769230769234,313.4114274425591
0.13,0.05,57230.769230769234,313.90508827956904
0.15,0.05,57230.769230769234,314.2749605518162
0.17,0.05,57230.769230769234,314.5215625251824
0.19,0.05,57230.769230769234,314.6449059813819
0.21,0.05,57230.769230769234,314.6449059813819
0.23,0.05,57230.769230769234,314.52156252518245
0.25,0.05,57230.769230769234,314.2749605518161
0.27,0.05,57230.769230769234,313.90508827956904
0.29,0.05,57230.769230769234,313.411427442559
0.31,0.05,57230.769230769234,312.7922092679128
0.33,0.05,57230.769230769234,312.043141673397
0.35,0.05,57230.769230769234,311.1552846184664
0.37,0.05,57230.769230769234,310.11161918168114
0.39,0.05,57230.769230769234,308.88200975001183
0.01,0.07,57230.769230769234,309.07007970182235
0.03,0.07,57230.769230769234,310.6635799084803
0.05,0.07,57230.769230769234,312.0431416733971
0.07,0.07,57230.769230769234,313.2309845044932
0.09,0.07,57230.769230769234,314.2403939252541
0.11,0.07,57230.769230769234,315.0784303961962
0.13,0.07,57230.769230769234,315.74827591441766
0.15,0.07,57230.769230769234,316.2509356573926
0.17,0.07,57230.769230769234,316.58637431039494
0.19,0.07,57230.769230769234,316.7542308124683
0.21,0.07,57230.769230769234,316.75423081246834
0.23,0.07,57230.769230769234,316.58637431039494
0.25,0.07,57230.769230769234,316.2509356573925
0.27,0.07,57230.769230769234,315.7482759144176
0.29,0.07,57230.769230769234,315.0784303961961
0.31,0.07,57230.769230769234,314.24039392525407
0.33,0.07,57230.769230769234,313.23098450449305
0.35,0.07,57230.769230769234,312.043141673397
0.37,0.07,57230.769230769234,310.6635799084803
0.39,0.07,57230.769230769234,309.0700797018224
0.01,0.09,57230.769230769234,309.2264807895645
0.03,0.09,57230.769230769234,311.1256765975252
0.05,0.09,57230.769230769234,312.79220926791294
0.07,0.09,57230.769230769234,314.24039392525407
0.09,0.09,57230.769230769234,315.4785069908877
0.11,0.09,57230.769230769234,316.51044776326194
0.13,0.09,57230.769230769234,317.3373454769153
0.15,0.09,57230.769230769234,317.9588334817794
0.17,0.09,57230.769230769234,318.3739615612522
0.19,0.09,57230.769230769234,318.58179990803484
0.21,0.09,57230.769230769234,318.58179990803484
0.23,0.09,57230.769230769234,318.37396156125226
0.25,0.09,57230.769230769234,317.9588334817794
0.27,0.09,57230.769230769234,317.33734547691523
0.29,0.09,57230.769230769234,316.5104477632618
0.31,0.09,57230.769230769234,315.4785069908877
0.33,0.09,57230.769230769234,314.24039392525407
0.35,0.09,57230.769230769234,312.7922092679128
0.37,0.09,57230.769230769234,311.1256765975251
0.39,0.09,57230.769230769234,309.2264807895645
0.01,0.11,57230.769230769234,309.354854808056
0.03,0.11,57230.769230769234,311.50609164644413
0.05,0.11,57230.769230769234,313.41142744255905
0.07,0.11,57230.769230769234,315.0784303961961
0.09,0.11,57230.769230769234,316.51044776326194
0.11,0.11,57230.769230769234,317.7079091616619
0.13,0.11,57230.769230769234,318.66953753400554
0.15,0.11,57230.769230769234,319.39331619114466
0.17,0.11,57230.769230769234,319.8771954655722
0.19,0.11,57230.769230769234,320.11957032901546
0.21,0.11,57230.769230769234,320.11957032901546
0.23,0.11,57230.769230769234,319.8771954655722
0.25,0.11,57230.769230769234,319.39331619114466
0.27,0.11,57230.769230769234,318.6695375340055
0.29,0.11,57230.769230769234,317.7079091616618
0.31,0.11,57230.769230769234,316.5104477632618
0.33,0.11,57230.769230769234,315.0784303961961
0.35,0.11,57230.769230769234,313.41142744255905
0.37,0.11,57230.769230769234,311.50609164644413
0.39,0.11,57230.769230769234,309.354854808056
0.01,0.13,57230.769230769234,309.45681382928626
0.03,0.13,57230.769230769234,311.80867332180947
0.05,0.13,57230.769230769234,313.90508827956904
0.07,0.13,57230.769230769234,315.7482759144176
0.09,0.13,57230.769230769234,317.33734547691523
0.11,0.13,57230.769230769234,318.66953753400554
0.13,0.13,57230.769230769234,319.7412567659586
0.15,0.13,57230.769230769234,320.5488519690816
0.17,0.13,57230.769230769234,321.0891702971071
0.19,0.13,57230.769230769234,321.3599267182255
0.21,0.13,57230.769230769234,321.3599267182255
0.23,0.13,57230.769230769234,321.0891702971071
0.25,0.13,57230.769230769234,320.5488519690816
0.27,0.13,57230.769230769234,319.7412567659585
0.29,0.13,57230.769230769234,318.6695375340055
0.31,0.13,57230.769230769234,317.33734547691523
0.33,0.13,57230.769230769234,315.74827591441766
0.35,0.13,57230.769230769234,313.9050882795691
0.37,0.13,57230.769230769234,311.8086733218095
0.39,0.13,57230.769230769234,309.45681382928626
0.01,0.15,57230.769230769234,309.5330470956532
0.03,0.15,57230.769230769234,312.03508439481635
0.05,0.15,57230.769230769234,314.2749605518161
0.07,0.15,57230.769230769234,316.25093565739246
0.09,0.15,57230.769230769234,317.9588334817793
0.11,0.15,57230.769230769234,319.39331619114466
0.13,0.15,57230.769230769234,320.5488519690816
0.15,0.15,57230.769230769234,321.420393329223
0.17,0.15,57230.769230769234,322.00383220480046
0.19,0.15,57230.769230769234,322.2962906123045
0.21,0.15,57230.769230769234,322.2962906123045
0.23,0.15,57230.769230769234,322.00383220480046
0.25,0.15,57230.769230769234,321.420393329223
0.27,0.15,57230.769230769234,320.5488519690816
0.29,0.15,57230.769230769234,319.3933161911446
0.31,0.15,57230.769230769234,317.9588334817793
0.33,0.15,57230.769230769234,316.2509356573926
0.35,0.15,57230.769230769234,314.27496055181626
0.37,0.15,57230.769230769234,312.03508439481635
0.39,0.15,57230.769230769234,309.5330470956532
0.01,0.17,57230.769230769234,309.5838151376598
0.03,0.17,57230.769230769234,312.1859268847452
0.05,0.17,57230.769230769234,314.5215625251824
0.07,0.17,57230.769230769234,316.5863743103949
0.09,0.17,57230.769230769234,318.37396156125214
0.11,0.17,57230.769230769234,319.8771954655722
0.13,0.17,57230.769230769234,321.0891702971071
0.15,0.17,57230.769230769234,322.00383220480046
0.17,0.17,57230.769230769234,322.6163773426013
0.19,0.17,57230.769230769234,322.92349308938753
0.21,0.17,57230.769230769234,322.92349308938753
0.23,0.17,57230.769230769234,322.61637734260125
0.25,0.17,57230.769230769234,322.0038322048004
0.27,0.17,57230.769230769234,321.08917029710705
0.29,0.17,57230.769230769234,319.87719546557213
0.31,0.17,57230.769230769234,318.3739615612522
0.33,0.17,57230.769230769234,316.586374310395
0.35,0.17,57230.769230769234,314.52156252518245
0.37,0.17,57230.769230769234,312.18592688474524
0.39,0.17,57230.769230769234,309.5838151376598
0.01,0.19,57230.769230769234,309.6091932186168
0.03,0.19,57230.769230769234,312.2613459445063
0.05,0.19,57230.769230769234,314.64490598138184
0.07,0.19,57230.769230769234,316.7542308124682
0.09,0.19,57230.769230769234,318.5817999080348
0.11,0.19,57230.769230769234,320.1195703290154
0.13,0.19,57230.769230769234,321.3599267182255
0.15,0.19,57230.769230769234,322.2962906123045
0.17,0.19,57230.769230769234,322.92349308938753
0.19,0.19,57230.769230769234,323.2379925312628
0.21,0.19,57230.769230769234,323.2379925312628
0.23,0.19,57230.769230769234,322.92349308938753
0.25,0.19,57230.769230769234,322.2962906123045
0.27,0.19,57230.769230769234,321.3599267182255
0.29,0.19,57230.769230769234,320.11957032901535
0.31,0.19,57230.769230769234,318.5817999080348
0.33,0.19,57230.769230769234,316.75423081246834
0.35,0.19,57230.769230769234,314.64490598138195
0.37,0.19,57230.769230769234,312.2613459445064
0.39,0.19,57230.769230769234,309.6091932186168
0.01,0.21,57230.769230769234,309.6091932186168
0.03,0.21,57230.769230769234,312.2613459445064
0.05,0.21,57230.769230769234,314.64490598138184
0.07,0.21,57230.769230769234,316.7542308124683
0.09,0.21,57230.769230769234,318.5817999080348
0.11,0.21,57230.769230769234,320.1195703290154
0.13,0.21,57230.769230769234,321.3599267182255
0.15,0.21,57230.769230769234,322.2962906123045
0.17,0.21,57230.769230769234,322.9234930893875
0.19,0.21,57230.769230769234,323.2379925312628
0.21,0.21,57230.769230769234,323.2379925312628
0.23,0.21,57230.769230769234,322.92349308938753
0.25,0.21,57230.769230769234,322.2962906123045
0.27,0.21,57230.769230769234,321.3599267182255
0.29,0.21,57230.769230769234,320.11957032901535
0.31,0.21,57230.769230769234,318.5817999080348
0.33,0.21,57230.769230769234,316.7542308124683
0.35,0.21,57230.769230769234,314.64490598138195
0.37,0.21,57230.769230769234,312.2613459445064
0.39,0.21,57230.769230769234,309.6091932186168
0.01,0.23,57230.769230769234,309.5838151376598
0.03,0.23,57230.769230769234,312.1859268847452
0.05,0.23,57230.769230769234,314.5215625251824
0.07,0.23,57230.769230769234,316.58637431039494
0.09,0.23,57230.769230769234,318.3739615612522
0.11,0.23,57230.769230769234,319.8771954655722
0.13,0.23,57230.769230769234,321.0891702971072
0.15,0.23,57230.769230769234,322.00383220480046
0.17,0.23,57230.769230769234,322.6163773426013
0.19,0.23,57230.769230769234,322.9234930893875
0.21,0.23,57230.769230769234,322.92349308938753
0.23,0.23,57230.769230769234,322.6163773426013
0.25,0.23,57230.769230769234,322.00383220480046
0.27,0.23,57230.769230769234,321.0891702971071
0.29,0.23,57230.769230769234,319.87719546557213
0.31,0.23,57230.769230769234,318.3739615612522
0.33,0.23,57230.769230769234,316.58637431039494
0.35,0.23,57230.769230769234,314.52156252518245
0.37,0.23,57230.769230769234,312.1859268847452
0.39,0.23,57230.769230769234,309.5838151376598
0.01,0.25,57230.769230769234,309.5330470956532
0.03,0.25,57230.769230769234,312.0350843948163
0.05,0.25,57230.769230769234,314.2749605518161
0.07,0.25,57230.769230769234,316.2509356573925
0.09,0.25,57230.769230769234,317.9588334817793
0.11,0.25,57230.769230769234,319.39331619114466
0.13,0.25,57230.769230769234,320.5488519690816
0.15,0.25,57230.769230769234,321.420393329223
0.17,0.25,57230.769230769234,322.00383220480046
0.19,0.25,57230.769230769234,322.2962906123045
0.21,0.25,57230.769230769234,322.2962906123045
0.23,0.25,57230.769230769234,322.00383220480046
0.25,0.25,57230.769230769234,321.42039332922303
0.27,0.25,57230.769230769234,320.5488519690817
0.29,0.25,57230.769230769234,319.3933161911446
0.31,0.25,57230.769230769234,317.9588334817793
0.33,0.25,57230.769230769234,316.2509356573926
0.35,0.25,57230.769230769234,314.2749605518162
0.37,0.25,57230.769230769234,312.03508439481635
0.39,0.25,57230.769230769234,309.5330470956532
0.01,0.27,57230.769230769234,309.45681382928626
0.03,0.27,57230.769230769234,311.80867332180947
0.05,0.27,57230.769230769234,313.90508827956904
0.07,0.27,57230.769230769234,315.7482759144176
0.09,0.27,57230.769230769234,317.33734547691523
0.11,0.27,57230.769230769234,318.66953753400554
0.13,0.27,57230.769230769234,319.7412567659586
0.15,0.27,57230.769230769234,320.5488519690816
0.17,0.27,57230.769230769234,321.0891702971071
0.19,0.27,57230.769230769234,321.3599267182255
0.21,0.27,57230.769230769234,321.3599267182255
0.23,0.27,57230.769230769234,321.0891702971071
0.25,0.27,57230.769230769234,320.5488519690817
0.27,0.27,57230.769230769234,319.7412567659586
0.29,0.27,57230.769230769234,318.66953753400554
0.31,0.27,57230.769230769234,317.3373454769153
0.33,0.27,57230.769230769234,315.74827591441766
0.35,0.27,57230.769230769234,313.9050882795691
0.37,0.27,57230.769230769234,311.8086733218095
0.39,0.27,57230.769230769234,309.45681382928626
0.01,0.29,57230.769230769234,309.354854808056
0.03,0.29,57230.769230769234,311.50609164644413
0.05,0.29,57230.769230769234,313.41142744255905
0.07,0.29,57230.769230769234,315.0784303961961
0.09,0.29,57230.769230769234,316.5104477632619
0.11,0.29,57230.769230769234,317.7079091616618
0.13,0.29,57230.769230769234,318.66953753400554
0.15,0.29,57230.769230769234,319.39331619114466
0.17,0.29,57230.769230769234,319.8771954655722
0.19,0.29,57230.769230769234,320.11957032901546
0.21,0.29,57230.769230769234,320.11957032901546
0.23,0.29,57230.769230769234,319.8771954655722
0.25,0.29,57230.769230769234,319.39331619114466
0.27,0.29,57230.769230769234,318.66953753400554
0.29,0.29,57230.769230769234,317.70790916166186
0.31,0.29,57230.769230769234,316.51044776326194
0.33,0.29,57230.769230769234,315.0784303961962
0.35,0.29,57230.769230769234,313.4114274425591
0.37,0.29,57230.769230769234,311.50609164644413
0.39,0.29,57230.769230769234,309.354854808056
0.01,0.31,57230.769230769234,309.2264807895645
0.03,0.31,57230.769230769234,311.1256765975252
0.05,0.31,57230.769230769234,312.7922092679129
0.07,0.31,57230.769230769234,314.24039392525407
0.09,0.31,57230.769230769234,315.4785069908877
0.11,0.31,57230.769230769234,316.5104477632619
0.13,0.31,57230.769230769234,317.3373454769153
0.15,0.31,57230.769230769234,317.9588334817794
0.17,0.31,57230.769230769234,318.3739615612522
0.19,0.31,57230.769230769234,318.58179990803484
0.21,0.31,57230.769230769234,318.58179990803484
0.23,0.31,57230.769230769234,318.37396156125226
0.25,0.31,57230.769230769234,317.9588334817794
0.27,0.31,57230.769230769234,317.3373454769153
0.29,0.31,57230.769230769234,316.51044776326194
0.31,0.31,57230.769230769234,315.4785069908877
0.33,0.31,57230.769230769234,314.2403939252541
0.35,0.31,57230.769230769234,312.79220926791294
0.37,0.31,57230.769230769234,311.1256765975252
0.39,0.31,57230.769230769234,309.22648078956456
0.01,0.33,57230.769230769234,309.0700797018224
0.03,0.33,57230.769230769234,310.6635799084804
0.05,0.33,57230.769230769234,312.04314167339703
0.07,0.33,57230.769230769234,313.2309845044931
0.09,0.33,57230.769230769234,314.24039392525407
0.11,0.33,57230.769230769234,315.0784303961961
0.13,0.33,57230.769230769234,315.7482759144176
0.15,0.33,57230.769230769234,316.2509356573925
0.17,0.33,57230.769230769234,316.58637431039494
0.19,0.33,57230.769230769234,316.7542308124683
0.21,0.33,57230.769230769234,316.75423081246834
0.23,0.33,57230.769230769234,316.586374310395
0.25,0.33,57230.769230769234,316.2509356573926
0.27,0.33,57230.769230769234,315.7482759144176
0.29,0.33,57230.769230769234,315.0784303961961
0.31,0.33,57230.769230769234,314.24039392525407
0.33,0.33,57230.769230769234,313.2309845044931
0.35,0.33,57230.769230769234,312.043141673397
0.37,0.33,57230.769230769234,310.6635799084803
0.39,0.33,57230.769230769234,309.0700797018224
0.01,0.35,57230.769230769234,308.8820097500119
0.03,0.35,57230.769230769234,310.11161918168114
0.05,0.35,57230.769230769234,311.15528461846645
0.07,0.35,57230.769230769234,312.04314167339703
0.09,0.35,57230.769230769234,312.79220926791294
0.11,0.35,57230.769230769234,313.41142744255905
0.13,0.35,57230.769230769234,313.90508827956904
0.15,0.35,57230.769230769234,314.2749605518161
0.17,0.35,57230.769230769234,314.52156252518245
0.19,0.35,57230.769230769234,314.64490598138195
0.21,0.35,57230.769230769234,314.6449059813819
0.23,0.35,57230.769230769234,314.5215625251825
0.25,0.35,57230.769230769234,314.2749605518162
0.27,0.35,57230.769230769234,313.9050882795691
0.29,0.35,57230.769230769234,313.411427442559
0.31,0.35,57230.769230769234,312.7922092679128
0.33,0.35,57230.769230769234,312.043141673397
0.35,0.35,57230.769230769234,311.1552846184664
0.37,0.35,57230.769230769234,310.1116191816811
0.39,0.35,57230.769230769234,308.88200975001195
0.01,0.37,57230.769230769234,308.6536989085678
0.03,0.37,57230.769230769234,309.45300668625794
0.05,0.37,57230.769230769234,310.1116191816812
0.07,0.37,57230.769230769234,310.6635799084804
0.09,0.37,57230.769230769234,311.1256765975252
0.11,0.37,57230.769230769234,311.50609164644413
0.13,0.37,57230.769230769234,311.80867332180947
0.15,0.37,57230.769230769234,312.03508439481635
0.17,0.37,57230.769230769234,312.18592688474524
0.19,0.37,57230.769230769234,312.2613459445064
0.21,0.37,57230.769230769234,312.2613459445064
0.23,0.37,57230.769230769234,312.18592688474524
0.25,0.37,57230.769230769234,312.0350843948164
0.27,0.37,57230.769230769234,311.80867332180947
0.29,0.37,57230.769230769234,311.5060916464441
0.31,0.37,57230.769230769234,311.1256765975251
0.33,0.37,57230.769230769234,310.6635799084803
0.35,0.37,57230.769230769234,310.1116191816811
0.37,0.37,57230.769230769234,309.4530066862578
0.39,0.37,57230.769230769234,308.6536989085677
0.01,0.39,57230.769230769234,308.3625008130367
0.03,0.39,57230.769230769234,308.6536989085678
0.05,0.39,57230.769230769234,308.88200975001195
0.07,0.39,57230.769230769234,309.0700797018224
0.09,0.39,57230.769230769234,309.22648078956456
0.11,0.39,57230.769230769234,309.354854808056
0.13,0.39,57230.769230769234,309.45681382928626
0.15,0.39,57230.769230769234,309.5330470956532
0.17,0.39,57230.769230769234,309.5838151376598
0.19,0.39,57230.769230769234,309.6091932186168
0.21,0.39,57230.769230769234,309.6091932186168
0.23,0.39,57230.769230769234,309.5838151376598
0.25,0.39,57230.769230769234,309.5330470956532
0.27,0.39,57230.769230769234,309.45681382928626
0.29,0.39,57230.769230769234,309.354854808056
0.31,0.39,57230.769230769234,309.2264807895645
0.33,0.39,57230.769230769234,309.0700797018224
0.35,0.39,57230.769230769234,308.88200975001195
0.37,0.39,57230.769230769234,308.6536989085677
0.39,0.39,57230.769230769234,308.3625008130367
0.01,0.01,59076.92307692308,308.3516145211873
0.03,0.01,59076.92307692308,308.6265889741346
0.05,0.01,59076.92307692308,308.8414863761058
0.07,0.01,59076.92307692308,309.0181405737457
0.09,0.01,59076.92307692308,309.1648549192266
0.11,0.01,59076.92307692308,309.2851794567295
0.13,0.01,59076.92307692308,309.3806983455885
0.15,0.01,59076.92307692308,309.452096425733
0.17,0.01,59076.92307692308,309.49963739072405
0.19,0.01,59076.92307692308,309.5234006670317
0.21,0.01,59076.92307692308,309.5234006670317
0.23,0.01,59076.92307692308,309.49963739072405
0.25,0.01,59076.92307692308,309.452096425733
0.27,0.01,59076.92307692308,309.3806983455884
0.29,0.01,59076.92307692308,309.28517945672945
0.31,0.01,59076.92307692308,309.16485491922657
0.33,0.01,59076.92307692308,309.01814057374565
0.35,0.01,59076.92307692308,308.8414863761058
0.37,0.01,59076.92307692308,308.6265889741346
0.39,0.01,59076.92307692308,308.35161452118723
0.01,0.03,59076.92307692308,308.6265889741346
0.03,0.03,59076.92307692308,309.38044222411
0.05,0.03,59076.92307692308,310.0000657492032
0.07,0.03,59076.92307692308,310.51844498946366
0.09,0.03,59076.92307692308,310.95192232868254
0.11,0.03,59076.92307692308,311.30851301473325
0.13,0.03,59076.92307692308,311.5920184531549
0.15,0.03,59076.92307692308,311.80410196525435
0.17,0.03,59076.92307692308,311.94538035902474
0.19,0.03,59076.92307692308,312.0160132549362
0.21,0.03,59076.92307692308,312.0160132549362
0.23,0.03,59076.92307692308,311.9453803590247
0.25,0.03,59076.92307692308,311.8041019652544
0.27,0.03,59076.92307692308,311.5920184531549
0.29,0.03,59076.92307692308,311.3085130147332
0.31,0.03,59076.92307692308,310.9519223286825
0.33,0.03,59076.92307692308,310.5184449894636
0.35,0.03,59076.92307692308,310.00006574920315
0.37,0.03,59076.92307692308,309.3804422241099
0.39,0.03,59076.92307692308,308.6265889741346
0.01,0.05,59076.92307692308,308.8414863761058
0.03,0.05,59076.92307692308,310.0000657492032
0.05,0.05,59076.92307692308,310.98147305413283
0.07,0.05,59076.92307692308,311.8151535269983
0.09,0.05,59076.92307692308,312.5178195075311
0.11,0.05,59076.92307692308,313.0983137438467
0.13,0.05,59076.92307692308,313.5609281575656
0.15,0.05,59076.92307692308,313.9074666591659
0.17,0.05,59076.92307692308,314.13848716104854
0.19,0.05,59076.92307692308,314.2540318839687
0.21,0.05,59076.92307692308,314.2540318839688
0.23,0.05,59076.92307692308,314.1384871610486
0.25,0.05,59076.92307692308,313.90746665916595
0.27,0.05,59076.92307692308,313.5609281575656
0.29,0.05,59076.92307692308,313.0983137438467
0.31,0.05,59076.92307692308,312.51781950753104
0.33,0.05,59076.92307692308,311.81515352699824
0.35,0.05,59076.92307692308,310.9814730541328
0.37,0.05,59076.92307692308,310.00006574920315
0.39,0.05,59076.92307692308,308.84148637610576
0.01,0.07,59076.92307692308,309.01814057374565
0.03,0.07,59076.92307692308,310.5184449894636
0.05,0.07,59076.92307692308,311.8151535269983
0.07,0.07,59076.92307692308,312.930308502744
0.09,0.07,59076.92307692308,313.8771743635722
0.11,0.07,59076.92307692308,314.6628797809197
0.13,0.07,59076.92307692308,315.29070755536475
0.15,0.07,59076.92307692308,315.76176139545
0.17,0.07,59076.92307692308,316.0760850666357
0.19,0.07,59076.92307692308,316.23337083673186
0.21,0.07,59076.92307692308,316.23337083673186
0.23,0.07,59076.92307692308,316.07608506663576
0.25,0.07,59076.92307692308,315.76176139545004
0.27,0.07,59076.92307692308,315.2907075553648
0.29,0.07,59076.92307692308,314.6628797809197
0.31,0.07,59076.92307692308,313.8771743635721
0.33,0.07,59076.92307692308,312.93030850274386
0.35,0.07,59076.92307692308,311.81515352699824
0.37,0.07,59076.92307692308,310.5184449894636
0.39,0.07,59076.92307692308,309.01814057374565
0.01,0.09,59076.92307692308,309.16485491922657
0.03,0.09,59076.92307692308,310.9519223286825
0.05,0.09,59076.92307692308,312.5178195075311
0.07,0.09,59076.92307692308,313.8771743635721
0.09,0.09,59076.92307692308,315.038561954882
0.11,0.09,59076.92307692308,316.0061542626637
0.13,0.09,59076.92307692308,316.7813111940184
0.15,0.09,59076.92307692308,317.3638462568165
0.17,0.09,59076.92307692308,317.7529381906845
0.19,0.09,59076.92307692308,317.9477388418514
0.21,0.09,59076.92307692308,317.9477388418514
0.23,0.09,59076.92307692308,317.7529381906846
0.25,0.09,59076.92307692308,317.3638462568165
0.27,0.09,59076.92307692308,316.78131119401843
0.29,0.09,59076.92307692308,316.0061542626637
0.31,0.09,59076.92307692308,315.0385619548819
0.33,0.09,59076.92307692308,313.8771743635721
0.35,0.09,59076.92307692308,312.51781950753104
0.37,0.09,59076.92307692308,310.9519223286825
0.39,0.09,59076.92307692308,309.16485491922657
0.01,0.11,59076.92307692308,309.2851794567295
0.03,0.11,59076.92307692308,311.30851301473325
0.05,0.11,59076.92307692308,313.0983137438467
0.07,0.11,59076.92307692308,314.66287978091964
0.09,0.11,59076.92307692308,316.00615426266364
0.11,0.11,59076.92307692308,317.12904286093755
0.13,0.11,59076.92307692308,318.0306341789644
0.15,0.11,59076.92307692308,318.7091786378422
0.17,0.11,59076.92307692308,319.1628092513086
0.19,0.11,59076.92307692308,319.390033261666
0.21,0.11,59076.92307692308,319.390033261666
0.23,0.11,59076.92307692308,319.1628092513086
0.25,0.11,59076.92307692308,318.7091786378422
0.27,0.11,59076.92307692308,318.0306341789644
0.29,0.11,59076.92307692308,317.12904286093755
0.31,0.11,59076.92307692308,316.0061542626637
0.33,0.11,59076.92307692308,314.66287978091964
0.35,0.11,59076.92307692308,313.0983137438467
0.37,0.11,59076.92307692308,311.30851301473325
0.39,0.11,59076.92307692308,309.2851794567295
0.01,0.13,59076.92307692308,309.3806983455885
0.03,0.13,59076.92307692308,311.5920184531549
0.05,0.13,59076.92307692308,313.5609281575656
0.07,0.13,59076.92307692308,315.29070755536475
0.09,0.13,59076.92307692308,316.7813111940183
0.11,0.13,59076.92307692308,318.0306341789644
0.13,0.13,59076.92307692308,319.0355695559117
0.15,0.13,59076.92307692308,319.79281428203234
0.17,0.13,59076.92307692308,320.2994491168035
0.19,0.13,59076.92307692308,320.5533306230655
0.21,0.13,59076.92307692308,320.5533306230655
0.23,0.13,59076.92307692308,320.2994491168035
0.25,0.13,59076.92307692308,319.79281428203234
0.27,0.13,59076.92307692308,319.0355695559117
0.29,0.13,59076.92307692308,318.0306341789644
0.31,0.13,59076.92307692308,316.7813111940184
0.33,0.13,59076.92307692308,315.2907075553648
0.35,0.13,59076.92307692308,313.5609281575656
0.37,0.13,59076.92307692308,311.59201845315494
0.39,0.13,59076.92307692308,309.3806983455885
0.01,0.15,59076.92307692308,309.452096425733
0.03,0.15,59076.92307692308,311.80410196525435
0.05,0.15,59076.92307692308,313.9074666591659
0.07,0.15,59076.92307692308,315.76176139545
0.09,0.15,59076.92307692308,317.36384625681643
0.11,0.15,59076.92307692308,318.7091786378421
0.13,0.15,59076.92307692308,319.79281428203234
0.15,0.15,59076.92307692308,320.6101207243461
0.17,0.15,59076.92307692308,321.1572661564529
0.19,0.15,59076.92307692308,321.43153901262014
0.21,0.15,59076.92307692308,321.4315390126201
0.23,0.15,59076.92307692308,321.1572661564529
0.25,0.15,59076.92307692308,320.610120724346
0.27,0.15,59076.92307692308,319.79281428203234
0.29,0.15,59076.92307692308,318.7091786378422
0.31,0.15,59076.92307692308,317.3638462568165
0.33,0.15,59076.92307692308,315.7617613954501
0.35,0.15,59076.92307692308,313.907466659166
0.37,0.15,59076.92307692308,311.80410196525435
0.39,0.15,59076.92307692308,309.452096425733
0.01,0.17,59076.92307692308,309.49963739072405
0.03,0.17,59076.92307692308,311.94538035902474
0.05,0.17,59076.92307692308,314.13848716104854
0.07,0.17,59076.92307692308,316.0760850666357
0.09,0.17,59076.92307692308,317.75293819068446
0.11,0.17,59076.92307692308,319.16280925130854
0.13,0.17,59076.92307692308,320.29944911680343
0.15,0.17,59076.92307692308,321.157266156453
0.17,0.17,59076.92307692308,321.7317632371365
0.19,0.17,59076.92307692308,322.019812028348
0.21,0.17,59076.92307692308,322.019812028348
0.23,0.17,59076.92307692308,321.7317632371364
0.25,0.17,59076.92307692308,321.1572661564529
0.27,0.17,59076.92307692308,320.29944911680343
0.29,0.17,59076.92307692308,319.16280925130854
0.31,0.17,59076.92307692308,317.7529381906846
0.33,0.17,59076.92307692308,316.07608506663576
0.35,0.17,59076.92307692308,314.1384871610486
0.37,0.17,59076.92307692308,311.9453803590248
0.39,0.17,59076.92307692308,309.4996373907241
0.01,0.19,59076.92307692308,309.5234006670317
0.03,0.19,59076.92307692308,312.0160132549362
0.05,0.19,59076.92307692308,314.2540318839687
0.07,0.19,59076.92307692308,316.2333708367318
0.09,0.19,59076.92307692308,317.94773884185133
0.11,0.19,59076.92307692308,319.3900332616659
0.13,0.19,59076.92307692308,320.55333062306545
0.15,0.19,59076.92307692308,321.4315390126201
0.17,0.19,59076.92307692308,322.019812028348
0.19,0.19,59076.92307692308,322.3148016676966
0.21,0.19,59076.92307692308,322.3148016676966
0.23,0.19,59076.92307692308,322.01981202834804
0.25,0.19,59076.92307692308,321.4315390126201
0.27,0.19,59076.92307692308,320.55333062306545
0.29,0.19,59076.92307692308,319.390033261666
0.31,0.19,59076.92307692308,317.9477388418514
0.33,0.19,59076.92307692308,316.23337083673186
0.35,0.19,59076.92307692308,314.2540318839688
0.37,0.19,59076.92307692308,312.01601325493624
0.39,0.19,59076.92307692308,309.5234006670317
0.01,0.21,59076.92307692308,309.5234006670317
0.03,0.21,59076.92307692308,312.01601325493624
0.05,0.21,59076.92307692308,314.2540318839688
0.07,0.21,59076.92307692308,316.2333708367318
0.09,0.21,59076.92307692308,317.94773884185133
0.11,0.21,59076.92307692308,319.3900332616659
0.13,0.21,59076.92307692308,320.55333062306545
0.15,0.21,59076.92307692308,321.4315390126201
0.17,0.21,59076.92307692308,322.0198120283479
0.19,0.21,59076.92307692308,322.3148016676966
0.21,0.21,59076.92307692308,322.3148016676966
0.23,0.21,59076.92307692308,322.01981202834804
0.25,0.21,59076.92307692308,321.43153901262014
0.27,0.21,59076.92307692308,320.55333062306545
0.29,0.21,59076.92307692308,319.390033261666
0.31,0.21,59076.92307692308,317.9477388418514
0.33,0.21,59076.92307692308,316.23337083673186
0.35,0.21,59076.92307692308,314.2540318839688
0.37,0.21,59076.92307692308,312.01601325493624
0.39,0.21,59076.92307692308,309.5234006670318
0.01,0.23,59076.92307692308,309.4996373907241
0.03,0.23,59076.92307692308,311.9453803590248
0.05,0.23,59076.92307692308,314.13848716104854
0.07,0.23,59076.92307692308,316.07608506663564
0.09,0.23,59076.92307692308,317.75293819068446
0.11,0.23,59076.92307692308,319.16280925130854
0.13,0.23,59076.92307692308,320.29944911680343
0.15,0.23,59076.92307692308,321.1572661564529
0.17,0.23,59076.92307692308,321.7317632371364
0.19,0.23,59076.92307692308,322.01981202834804
0.21,0.23,59076.92307692308,322.01981202834804
0.23,0.23,59076.92307692308,321.73176323713653
0.25,0.23,59076.92307692308,321.157266156453
0.27,0.23,59076.92307692308,320.2994491168035
0.29,0.23,59076.92307692308,319.16280925130854
0.31,0.23,59076.92307692308,317.7529381906845
0.33,0.23,59076.92307692308,316.0760850666357
0.35,0.23,59076.92307692308,314.13848716104866
0.37,0.23,59076.92307692308,311.9453803590248
0.39,0.23,59076.92307692308,309.4996373907241
0.01,0.25,59076.92307692308,309.452096425733
0.03,0.25,59076.92307692308,311.8041019652544
0.05,0.25,59076.92307692308,313.90746665916595
0.07,0.25,59076.92307692308,315.76176139545
0.09,0.25,59076.92307692308,317.36384625681643
0.11,0.25,59076.92307692308,318.7091786378422
0.13,0.25,59076.92307692308,319.7928142820324
0.15,0.25,59076.92307692308,320.610120724346
0.17,0.25,59076.92307692308,321.1572661564529
0.19,0.25,59076.92307692308,321.43153901262014
0.21,0.25,59076.92307692308,321.43153901262014
0.23,0.25,59076.92307692308,321.157266156453
0.25,0.25,59076.92307692308,320.6101207243461
0.27,0.25,59076.92307692308,319.7928142820324
0.29,0.25,59076.92307692308,318.7091786378422
0.31,0.25,59076.92307692308,317.3638462568165
0.33,0.25,59076.92307692308,315.76176139545004
0.35,0.25,59076.92307692308,313.907466659166
0.37,0.25,59076.92307692308,311.8041019652544
0.39,0.25,59076.92307692308,309.45209642573303
0.01,0.27,59076.92307692308,309.3806983455885
0.03,0.27,59076.92307692308,311.5920184531549
0.05,0.27,59076.92307692308,313.5609281575656
0.07,0.27,59076.92307692308,315.2907075553647
0.09,0.27,59076.92307692308,316.7813111940183
0.11,0.27,59076.92307692308,318.0306341789644
0.13,0.27,59076.92307692308,319.0355695559117
0.15,0.27,59076.92307692308,319.79281428203234
0.17,0.27,59076.92307692308,320.29944911680343
0.19,0.27,59076.92307692308,320.55333062306545
0.21,0.27,59076.92307692308,320.55333062306545
0.23,0.27,59076.92307692308,320.2994491168035
0.25,0.27,59076.92307692308,319.7928142820324
0.27,0.27,59076.92307692308,319.03556955591176
0.29,0.27,59076.92307692308,318.0306341789644
0.31,0.27,59076.92307692308,316.78131119401843
0.33,0.27,59076.92307692308,315.2907075553648
0.35,0.27,59076.92307692308,313.5609281575657
0.37,0.27,59076.92307692308,311.59201845315494
0.39,0.27,59076.92307692308,309.38069834558854
0.01,0.29,59076.92307692308,309.2851794567295
0.03,0.29,59076.92307692308,311.30851301473325
0.05,0.29,59076.92307692308,313.0983137438467
0.07,0.29,59076.92307692308,314.66287978091964
0.09,0.29,59076.92307692308,316.0061542626637
0.11,0.29,59076.92307692308,317.12904286093755
0.13,0.29,59076.92307692308,318.0306341789644
0.15,0.29,59076.92307692308,318.7091786378421
0.17,0.29,59076.92307692308,319.1628092513085
0.19,0.29,59076.92307692308,319.390033261666
0.21,0.29,59076.92307692308,319.390033261666
0.23,0.29,59076.92307692308,319.16280925130854
0.25,0.29,59076.92307692308,318.7091786378422
0.27,0.29,59076.92307692308,318.0306341789644
0.29,0.29,59076.92307692308,317.1290428609376
0.31,0.29,59076.92307692308,316.00615426266376
0.33,0.29,59076.92307692308,314.6628797809197
0.35,0.29,59076.92307692308,313.09831374384675
0.37,0.29,59076.92307692308,311.30851301473325
0.39,0.29,59076.92307692308,309.2851794567295
0.01,0.31,59076.92307692308,309.16485491922657
0.03,0.31,59076.92307692308,310.95192232868254
0.05,0.31,59076.92307692308,312.5178195075312
0.07,0.31,59076.92307692308,313.8771743635722
0.09,0.31,59076.92307692308,315.038561954882
0.11,0.31,59076.92307692308,316.0061542626637
0.13,0.31,59076.92307692308,316.7813111940184
0.15,0.31,59076.92307692308,317.36384625681643
0.17,0.31,59076.92307692308,317.7529381906845
0.19,0.31,59076.92307692308,317.9477388418514
0.21,0.31,59076.92307692308,317.9477388418514
0.23,0.31,59076.92307692308,317.7529381906845
0.25,0.31,59076.92307692308,317.3638462568165
0.27,0.31,59076.92307692308,316.7813111940184
0.29,0.31,59076.92307692308,316.0061542626637
0.31,0.31,59076.92307692308,315.038561954882
0.33,0.31,59076.92307692308,313.87717436357224
0.35,0.31,59076.92307692308,312.5178195075312
0.37,0.31,59076.92307692308,310.9519223286825
0.39,0.31,59076.92307692308,309.1648549192266
0.01,0.33,59076.92307692308,309.01814057374565
0.03,0.33,59076.92307692308,310.51844498946366
0.05,0.33,59076.92307692308,311.8151535269983
0.07,0.33,59076.92307692308,312.930308502744
0.09,0.33,59076.92307692308,313.8771743635722
0.11,0.33,59076.92307692308,314.6628797809197
0.13,0.33,59076.92307692308,315.29070755536475
0.15,0.33,59076.92307692308,315.76176139545
0.17,0.33,59076.92307692308,316.0760850666357
0.19,0.33,59076.92307692308,316.23337083673186
0.21,0.33,59076.92307692308,316.23337083673186
0.23,0.33,59076.92307692308,316.0760850666357
0.25,0.33,59076.92307692308,315.76176139545
0.27,0.33,59076.92307692308,315.29070755536475
0.29,0.33,59076.92307692308,314.66287978091964
0.31,0.33,59076.92307692308,313.8771743635722
0.33,0.33,59076.92307692308,312.9303085027439
0.35,0.33,59076.92307692308,311.8151535269983
0.37,0.33,59076.92307692308,310.51844498946366
0.39,0.33,59076.92307692308,309.01814057374565
0.01,0.35,59076.92307692308,308.84148637610576
0.03,0.35,59076.92307692308,310.0000657492032
0.05,0.35,59076.92307692308,310.98147305413283
0.07,0.35,59076.92307692308,311.8151535269983
0.09,0.35,59076.92307692308,312.5178195075311
0.11,0.35,59076.92307692308,313.09831374384675
0.13,0.35,59076.92307692308,313.5609281575656
0.15,0.35,59076.92307692308,313.9074666591659
0.17,0.35,59076.92307692308,314.13848716104854
0.19,0.35,59076.92307692308,314.2540318839688
0.21,0.35,59076.92307692308,314.2540318839687
0.23,0.35,59076.92307692308,314.1384871610486
0.25,0.35,59076.92307692308,313.90746665916595
0.27,0.35,59076.92307692308,313.5609281575656
0.29,0.35,59076.92307692308,313.0983137438467
0.31,0.35,59076.92307692308,312.5178195075311
0.33,0.35,59076.92307692308,311.81515352699824
0.35,0.35,59076.92307692308,310.9814730541328
0.37,0.35,59076.92307692308,310.00006574920315
0.39,0.35,59076.92307692308,308.8414863761058
0.01,0.37,59076.92307692308,308.6265889741346
0.03,0.37,59076.92307692308,309.38044222411
0.05,0.37,59076.92307692308,310.0000657492032
0.07,0.37,59076.92307692308,310.51844498946366
0.09,0.37,59076.92307692308,310.9519223286826
0.11,0.37,59076.92307692308,311.3085130147333
0.13,0.37,59076.92307692308,311.59201845315494
0.15,0.37,59076.92307692308,311.80410196525435
0.17,0.37,59076.92307692308,311.9453803590247
0.19,0.37,59076.92307692308,312.0160132549362
0.21,0.37,59076.92307692308,312.0160132549362
0.23,0.37,59076.92307692308,311.94538035902474
0.25,0.37,59076.92307692308,311.80410196525435
0.27,0.37,59076.92307692308,311.5920184531549
0.29,0.37,59076.92307692308,311.3085130147332
0.31,0.37,59076.92307692308,310.9519223286825
0.33,0.37,59076.92307692308,310.5184449894636
0.35,0.37,59076.92307692308,310.00006574920315
0.37,0.37,59076.92307692308,309.38044222411
0.39,0.37,59076.92307692308,308.6265889741346
0.01,0.39,59076.92307692308,308.3516145211873
0.03,0.39,59076.92307692308,308.6265889741346
0.05,0.39,59076.92307692308,308.8414863761058
0.07,0.39,59076.92307692308,309.0181405737457
0.09,0.39,59076.92307692308,309.16485491922657
0.11,0.39,59076.92307692308,309.2851794567295
0.13,0.39,59076.92307692308,309.3806983455885
0.15,0.39,59076.92307692308,309.452096425733
0.17,0.39,59076.92307692308,309.49963739072405
0.19,0.39,59076.92307692308,309.5234006670317
0.21,0.39,59076.92307692308,309.5234006670317
0.23,0.39,59076.92307692308,309.49963739072405
0.25,0.39,59076.92307692308,309.452096425733
0.27,0.39,59076.92307692308,309.3806983455885
0.29,0.39,59076.92307692308,309.2851794567295
0.31,0.39,59076.92307692308,309.16485491922657
0.33,0.39,59076.92307692308,309.01814057374565
0.35,0.39,59076.92307692308,308.8414863761058
0.37,0.39,59076.92307692308,308.6265889741346
0.39,0.39,59076.92307692308,308.3516145211873
0.01,0.01,60923.07692307692,308.34147321517
0.03,0.01,60923.07692307692,308.60132165416894
0.05,0.01,60923.07692307692,308.8036977009411
0.07,0.01,60923.07692307692,308.9696796750384
0.09,0.01,60923.07692307692,309.10732402249346
0.11,0.01,60923.07692307692,309.2201000401166
0.13,0.01,60923.07692307692,309.30957118645017
0.15,0.01,60923.07692307692,309.37642336666966
0.17,0.01,60923.07692307692,309.4209276490384
0.19,0.01,60923.07692307692,309.4431705586903
0.21,0.01,60923.07692307692,309.4431705586903
0.23,0.01,60923.07692307692,309.4209276490384
0.25,0.01,60923.07692307692,309.3764233666696
0.27,0.01,60923.07692307692,309.30957118645017
0.29,0.01,60923.07692307692,309.2201000401167
0.31,0.01,60923.07692307692,309.1073240224934
0.33,0.01,60923.07692307692,308.9696796750384
0.35,0.01,60923.07692307692,308.8036977009411
0.37,0.01,60923.07692307692,308.60132165416894
0.39,0.01,60923.07692307692,308.34147321517
0.01,0.03,60923.07692307692,308.60132165416894
0.03,0.03,60923.07692307692,309.31277918188925
0.05,0.03,60923.07692307692,309.89599393009706
0.07,0.03,60923.07692307692,310.3829679966776
0.09,0.03,60923.07692307692,310.78963866873147
0.11,0.03,60923.07692307692,311.1238796096031
0.13,0.03,60923.07692307692,311.38946446715585
0.15,0.03,60923.07692307692,311.58807254817424
0.17,0.03,60923.07692307692,311.7203476812168
0.19,0.03,60923.07692307692,311.78647258669974
0.21,0.03,60923.07692307692,311.78647258669974
0.23,0.03,60923.07692307692,311.7203476812168
0.25,0.03,60923.07692307692,311.58807254817424
0.27,0.03,60923.07692307692,311.38946446715585
0.29,0.03,60923.07692307692,311.1238796096031
0.31,0.03,60923.07692307692,310.78963866873136
0.33,0.03,60923.07692307692,310.3829679966776
0.35,0.03,60923.07692307692,309.89599393009706
0.37,0.03,60923.07692307692,309.31277918188925
0.39,0.03,60923.07692307692,308.60132165416894
0.01,0.05,60923.07692307692,308.8036977009411
0.03,0.05,60923.07692307692,309.89599393009706
0.05,0.05,60923.07692307692,310.819234061326
0.07,0.05,60923.07692307692,311.6022230670771
0.09,0.05,60923.07692307692,312.2614036673749
0.11,0.05,60923.07692307692,312.80555136970725
0.13,0.05,60923.07692307692,313.23898427395324
0.15,0.05,60923.07692307692,313.56356461267376
0.17,0.05,60923.07692307692,313.7799091055443
0.19,0.05,60923.07692307692,313.8881042076728
0.21,0.05,60923.07692307692,313.8881042076728
0.23,0.05,60923.07692307692,313.7799091055443
0.25,0.05,60923.07692307692,313.56356461267376
0.27,0.05,60923.07692307692,313.23898427395324
0.29,0.05,60923.07692307692,312.8055513697072
0.31,0.05,60923.07692307692,312.26140366737474
0.33,0.05,60923.07692307692,311.60222306707703
0.35,0.05,60923.07692307692,310.8192340613259
0.37,0.05,60923.07692307692,309.895993930097
0.39,0.05,60923.07692307692,308.8036977009411
0.01,0.07,60923.07692307692,308.9696796750384
0.03,0.07,60923.07692307692,310.3829679966776
0.05,0.07,60923.07692307692,311.60222306707703
0.07,0.07,60923.07692307692,312.649325901721
0.09,0.07,60923.07692307692,313.5375434245988
0.11,0.07,60923.07692307692,314.27410021180424
0.13,0.07,60923.07692307692,314.86240932116687
0.15,0.07,60923.07692307692,315.3037015245559
0.17,0.07,60923.07692307692,315.5981243757245
0.19,0.07,60923.07692307692,315.74544167053483
0.21,0.07,60923.07692307692,315.74544167053483
0.23,0.07,60923.07692307692,315.5981243757246
0.25,0.07,60923.07692307692,315.30370152455595
0.27,0.07,60923.07692307692,314.8624093211669
0.29,0.07,60923.07692307692,314.2741002118042
0.31,0.07,60923.07692307692,313.5375434245987
0.33,0.07,60923.07692307692,312.64932590172094
0.35,0.07,60923.07692307692,311.602223067077
0.37,0.07,60923.07692307692,310.3829679966776
0.39,0.07,60923.07692307692,308.9696796750384
0.01,0.09,60923.07692307692,309.1073240224934
0.03,0.09,60923.07692307692,310.7896386687314
0.05,0.09,60923.07692307692,312.26140366737485
0.07,0.09,60923.07692307692,313.5375434245987
0.09,0.09,60923.07692307692,314.6269392604063
0.11,0.09,60923.07692307692,315.53405797710406
0.13,0.09,60923.07692307692,316.2605200619981
0.15,0.09,60923.07692307692,316.8063511188563
0.17,0.09,60923.07692307692,317.17088778061003
0.19,0.09,60923.07692307692,317.3533853371536
0.21,0.09,60923.07692307692,317.35338533715367
0.23,0.09,60923.07692307692,317.1708877806101
0.25,0.09,60923.07692307692,316.8063511188563
0.27,0.09,60923.07692307692,316.2605200619981
0.29,0.09,60923.07692307692,315.53405797710406
0.31,0.09,60923.07692307692,314.6269392604062
0.33,0.09,60923.07692307692,313.53754342459865
0.35,0.09,60923.07692307692,312.26140366737474
0.37,0.09,60923.07692307692,310.7896386687314
0.39,0.09,60923.07692307692,309.1073240224934
0.01,0.11,60923.07692307692,309.2201000401166
0.03,0.11,60923.07692307692,311.1238796096031
0.05,0.11,60923.07692307692,312.8055513697072
0.07,0.11,60923.07692307692,314.2741002118042
0.09,0.11,60923.07692307692,315.53405797710406
0.11,0.11,60923.07692307692,316.586822243069
0.13,0.11,60923.07692307692,317.43187631351555
0.15,0.11,60923.07692307692,318.0677717354106
0.17,0.11,60923.07692307692,318.4928562779306
0.19,0.11,60923.07692307692,318.70577407620783
0.21,0.11,60923.07692307692,318.70577407620783
0.23,0.11,60923.07692307692,318.4928562779307
0.25,0.11,60923.07692307692,318.0677717354106
0.27,0.11,60923.07692307692,317.43187631351555
0.29,0.11,60923.07692307692,316.5868222430689
0.31,0.11,60923.07692307692,315.534057977104
0.33,0.11,60923.07692307692,314.2741002118041
0.35,0.11,60923.07692307692,312.80555136970713
0.37,0.11,60923.07692307692,311.123879609603
0.39,0.11,60923.07692307692,309.2201000401166
0.01,0.13,60923.07692307692,309.3095711864502
0.03,0.13,60923.07692307692,311.38946446715585
0.05,0.13,60923.07692307692,313.2389842739532
0.07,0.13,60923.07692307692,314.8624093211668
0.09,0.13,60923.07692307692,316.260520061998
0.11,0.13,60923.07692307692,317.43187631351555
0.13,0.13,60923.07692307692,318.37388724414456
0.15,0.13,60923.07692307692,319.0836332443259
0.17,0.13,60923.07692307692,319.55846303609826
0.19,0.13,60923.07692307692,319.7964015616514
0.21,0.13,60923.07692307692,319.79640156165146
0.23,0.13,60923.07692307692,319.5584630360983
0.25,0.13,60923.07692307692,319.0836332443259
0.27,0.13,60923.07692307692,318.3738872441445
0.29,0.13,60923.07692307692,317.43187631351555
0.31,0.13,60923.07692307692,316.260520061998
0.33,0.13,60923.07692307692,314.86240932116687
0.35,0.13,60923.07692307692,313.2389842739532
0.37,0.13,60923.07692307692,311.38946446715585
0.39,0.13,60923.07692307692,309.3095711864502
0.01,0.15,60923.07692307692,309.37642336666966
0.03,0.15,60923.07692307692,311.58807254817424
0.05,0.15,60923.07692307692,313.5635646126737
0.07,0.15,60923.07692307692,315.3037015245559
0.09,0.15,60923.07692307692,316.8063511188563
0.11,0.15,60923.07692307692,318.06777173541053
0.13,0.15,60923.07692307692,319.0836332443259
0.15,0.15,60923.07692307692,319.8497542394573
0.17,0.15,60923.07692307692,320.3626151323275
0.19,0.15,60923.07692307692,320.6196991297987
0.21,0.15,60923.07692307692,320.6196991297987
0.23,0.15,60923.07692307692,320.3626151323275
0.25,0.15,60923.07692307692,319.8497542394573
0.27,0.15,60923.07692307692,319.0836332443259
0.29,0.15,60923.07692307692,318.0677717354106
0.31,0.15,60923.07692307692,316.8063511188563
0.33,0.15,60923.07692307692,315.30370152455595
0.35,0.15,60923.07692307692,313.56356461267376
0.37,0.15,60923.07692307692,311.58807254817424
0.39,0.15,60923.07692307692,309.37642336666966
0.01,0.17,60923.07692307692,309.4209276490384
0.03,0.17,60923.07692307692,311.7203476812168
0.05,0.17,60923.07692307692,313.7799091055442
0.07,0.17,60923.07692307692,315.5981243757245
0.09,0.17,60923.07692307692,317.17088778061
0.11,0.17,60923.07692307692,318.4928562779306
0.13,0.17,60923.07692307692,319.5584630360982
0.15,0.17,60923.07692307692,320.36261513232745
0.17,0.17,60923.07692307692,320.9011591386623
0.19,0.17,60923.07692307692,321.1711803973842
0.21,0.17,60923.07692307692,321.1711803973842
0.23,0.17,60923.07692307692,320.9011591386623
0.25,0.17,60923.07692307692,320.36261513232745
0.27,0.17,60923.07692307692,319.55846303609826
0.29,0.17,60923.07692307692,318.4928562779307
0.31,0.17,60923.07692307692,317.17088778061003
0.33,0.17,60923.07692307692,315.5981243757246
0.35,0.17,60923.07692307692,313.7799091055443
0.37,0.17,60923.07692307692,311.7203476812169
0.39,0.17,60923.07692307692,309.4209276490384
0.01,0.19,60923.07692307692,309.4431705586903
0.03,0.19,60923.07692307692,311.78647258669974
0.05,0.19,60923.07692307692,313.8881042076728
0.07,0.19,60923.07692307692,315.7454416705348
0.09,0.19,60923.07692307692,317.3533853371536
0.11,0.19,60923.07692307692,318.7057740762078
0.13,0.19,60923.07692307692,319.7964015616514
0.15,0.19,60923.07692307692,320.6196991297986
0.17,0.19,60923.07692307692,321.17118039738415
0.19,0.19,60923.07692307692,321.44772086889867
0.21,0.19,60923.07692307692,321.44772086889867
0.23,0.19,60923.07692307692,321.1711803973842
0.25,0.19,60923.07692307692,320.6196991297986
0.27,0.19,60923.07692307692,319.7964015616514
0.29,0.19,60923.07692307692,318.70577407620783
0.31,0.19,60923.07692307692,317.35338533715367
0.33,0.19,60923.07692307692,315.74544167053483
0.35,0.19,60923.07692307692,313.8881042076728
0.37,0.19,60923.07692307692,311.78647258669974
0.39,0.19,60923.07692307692,309.4431705586903
0.01,0.21,60923.07692307692,309.4431705586903
0.03,0.21,60923.07692307692,311.78647258669974
0.05,0.21,60923.07692307692,313.8881042076728
0.07,0.21,60923.07692307692,315.74544167053483
0.09,0.21,60923.07692307692,317.3533853371536
0.11,0.21,60923.07692307692,318.7057740762078
0.13,0.21,60923.07692307692,319.7964015616514
0.15,0.21,60923.07692307692,320.6196991297986
0.17,0.21,60923.07692307692,321.17118039738415
0.19,0.21,60923.07692307692,321.44772086889867
0.21,0.21,60923.07692307692,321.44772086889867
0.23,0.21,60923.07692307692,321.1711803973842
0.25,0.21,60923.07692307692,320.6196991297987
0.27,0.21,60923.07692307692,319.7964015616514
0.29,0.21,60923.07692307692,318.70577407620783
0.31,0.21,60923.07692307692,317.35338533715367
0.33,0.21,60923.07692307692,315.74544167053483
0.35,0.21,60923.07692307692,313.8881042076729
0.37,0.21,60923.07692307692,311.78647258669974
0.39,0.21,60923.07692307692,309.4431705586903
0.01,0.23,60923.07692307692,309.4209276490384
0.03,0.23,60923.07692307692,311.7203476812168
0.05,0.23,60923.07692307692,313.7799091055442
0.07,0.23,60923.07692307692,315.59812437572447
0.09,0.23,60923.07692307692,317.17088778061
0.11,0.23,60923.07692307692,318.4928562779306
0.13,0.23,60923.07692307692,319.5584630360982
0.15,0.23,60923.07692307692,320.36261513232745
0.17,0.23,60923.07692307692,320.9011591386623
0.19,0.23,60923.07692307692,321.17118039738415
0.21,0.23,60923.07692307692,321.1711803973842
0.23,0.23,60923.07692307692,320.9011591386624
0.25,0.23,60923.07692307692,320.3626151323275
0.27,0.23,60923.07692307692,319.55846303609826
0.29,0.23,60923.07692307692,318.4928562779307
0.31,0.23,60923.07692307692,317.17088778061003
0.33,0.23,60923.07692307692,315.5981243757245
0.35,0.23,60923.07692307692,313.7799091055443
0.37,0.23,60923.07692307692,311.7203476812169
0.39,0.23,60923.07692307692,309.4209276490384
0.01,0.25,60923.07692307692,309.3764233666696
0.03,0.25,60923.07692307692,311.58807254817424
0.05,0.25,60923.07692307692,313.5635646126737
0.07,0.25,60923.07692307692,315.3037015245559
0.09,0.25,60923.07692307692,316.80635111885624
0.11,0.25,60923.07692307692,318.0677717354105
0.13,0.25,60923.07692307692,319.0836332443258
0.15,0.25,60923.07692307692,319.84975423945724
0.17,0.25,60923.07692307692,320.36261513232745
0.19,0.25,60923.07692307692,320.6196991297986
0.21,0.25,60923.07692307692,320.6196991297987
0.23,0.25,60923.07692307692,320.3626151323276
0.25,0.25,60923.07692307692,319.8497542394573
0.27,0.25,60923.07692307692,319.08363324432594
0.29,0.25,60923.07692307692,318.06777173541053
0.31,0.25,60923.07692307692,316.8063511188563
0.33,0.25,60923.07692307692,315.30370152455595
0.35,0.25,60923.07692307692,313.56356461267376
0.37,0.25,60923.07692307692,311.58807254817424
0.39,0.25,60923.07692307692,309.37642336666966
0.01,0.27,60923.07692307692,309.30957118645017
0.03,0.27,60923.07692307692,311.3894644671558
0.05,0.27,60923.07692307692,313.2389842739532
0.07,0.27,60923.07692307692,314.86240932116687
0.09,0.27,60923.07692307692,316.260520061998
0.11,0.27,60923.07692307692,317.43187631351555
0.13,0.27,60923.07692307692,318.3738872441445
0.15,0.27,60923.07692307692,319.0836332443258
0.17,0.27,60923.07692307692,319.5584630360982
0.19,0.27,60923.07692307692,319.7964015616514
0.21,0.27,60923.07692307692,319.79640156165146
0.23,0.27,60923.07692307692,319.5584630360983
0.25,0.27,60923.07692307692,319.0836332443259
0.27,0.27,60923.07692307692,318.37388724414456
0.29,0.27,60923.07692307692,317.4318763135156
0.31,0.27,60923.07692307692,316.26052006199814
0.33,0.27,60923.07692307692,314.8624093211669
0.35,0.27,60923.07692307692,313.23898427395324
0.37,0.27,60923.07692307692,311.38946446715585
0.39,0.27,60923.07692307692,309.3095711864503
0.01,0.29,60923.07692307692,309.2201000401166
0.03,0.29,60923.07692307692,311.1238796096031
0.05,0.29,60923.07692307692,312.8055513697072
0.07,0.29,60923.07692307692,314.2741002118042
0.09,0.29,60923.07692307692,315.53405797710406
0.11,0.29,60923.07692307692,316.5868222430689
0.13,0.29,60923.07692307692,317.43187631351555
0.15,0.29,60923.07692307692,318.06777173541053
0.17,0.29,60923.07692307692,318.4928562779307
0.19,0.29,60923.07692307692,318.7057740762079
0.21,0.29,60923.07692307692,318.70577407620794
0.23,0.29,60923.07692307692,318.49285627793074
0.25,0.29,60923.07692307692,318.0677717354106
0.27,0.29,60923.07692307692,317.4318763135156
0.29,0.29,60923.07692307692,316.58682224306904
0.31,0.29,60923.07692307692,315.5340579771041
0.33,0.29,60923.07692307692,314.2741002118043
0.35,0.29,60923.07692307692,312.80555136970725
0.37,0.29,60923.07692307692,311.12387960960314
0.39,0.29,60923.07692307692,309.2201000401167
0.01,0.31,60923.07692307692,309.1073240224934
0.03,0.31,60923.07692307692,310.7896386687314
0.05,0.31,60923.07692307692,312.26140366737485
0.07,0.31,60923.07692307692,313.5375434245987
0.09,0.31,60923.07692307692,314.6269392604063
0.11,0.31,60923.07692307692,315.534057977104
0.13,0.31,60923.07692307692,316.260520061998
0.15,0.31,60923.07692307692,316.8063511188563
0.17,0.31,60923.07692307692,317.17088778061003
0.19,0.31,60923.07692307692,317.3533853371537
0.21,0.31,60923.07692307692,317.3533853371537
0.23,0.31,60923.07692307692,317.1708877806101
0.25,0.31,60923.07692307692,316.8063511188564
0.27,0.31,60923.07692307692,316.26052006199814
0.29,0.31,60923.07692307692,315.53405797710406
0.31,0.31,60923.07692307692,314.62693926040635
0.33,0.31,60923.07692307692,313.5375434245988
0.35,0.31,60923.07692307692,312.26140366737485
0.37,0.31,60923.07692307692,310.78963866873147
0.39,0.31,60923.07692307692,309.10732402249346
0.01,0.33,60923.07692307692,308.9696796750384
0.03,0.33,60923.07692307692,310.3829679966776
0.05,0.33,60923.07692307692,311.6022230670771
0.07,0.33,60923.07692307692,312.64932590172094
0.09,0.33,60923.07692307692,313.5375434245987
0.11,0.33,60923.07692307692,314.2741002118042
0.13,0.33,60923.07692307692,314.86240932116687
0.15,0.33,60923.07692307692,315.3037015245559
0.17,0.33,60923.07692307692,315.5981243757246
0.19,0.33,60923.07692307692,315.74544167053483
0.21,0.33,60923.07692307692,315.74544167053483
0.23,0.33,60923.07692307692,315.5981243757246
0.25,0.33,60923.07692307692,315.3037015245559
0.27,0.33,60923.07692307692,314.86240932116687
0.29,0.33,60923.07692307692,314.27410021180424
0.31,0.33,60923.07692307692,313.5375434245988
0.33,0.33,60923.07692307692,312.64932590172106
0.35,0.33,60923.07692307692,311.6022230670771
0.37,0.33,60923.07692307692,310.3829679966776
0.39,0.33,60923.07692307692,308.9696796750384
0.01,0.35,60923.07692307692,308.8036977009411
0.03,0.35,60923.07692307692,309.89599393009706
0.05,0.35,60923.07692307692,310.819234061326
0.07,0.35,60923.07692307692,311.60222306707703
0.09,0.35,60923.07692307692,312.2614036673748
0.11,0.35,60923.07692307692,312.8055513697072
0.13,0.35,60923.07692307692,313.2389842739532
0.15,0.35,60923.07692307692,313.5635646126737
0.17,0.35,60923.07692307692,313.7799091055442
0.19,0.35,60923.07692307692,313.8881042076728
0.21,0.35,60923.07692307692,313.8881042076729
0.23,0.35,60923.07692307692,313.7799091055443
0.25,0.35,60923.07692307692,313.56356461267376
0.27,0.35,60923.07692307692,313.23898427395324
0.29,0.35,60923.07692307692,312.80555136970725
0.31,0.35,60923.07692307692,312.2614036673749
0.33,0.35,60923.07692307692,311.6022230670771
0.35,0.35,60923.07692307692,310.819234061326
0.37,0.35,60923.07692307692,309.89599393009706
0.39,0.35,60923.07692307692,308.8036977009411
0.01,0.37,60923.07692307692,308.60132165416894
0.03,0.37,60923.07692307692,309.31277918188925
0.05,0.37,60923.07692307692,309.89599393009706
0.07,0.37,60923.07692307692,310.3829679966776
0.09,0.37,60923.07692307692,310.7896386687314
0.11,0.37,60923.07692307692,311.1238796096031
0.13,0.37,60923.07692307692,311.38946446715585
0.15,0.37,60923.07692307692,311.5880725481742
0.17,0.37,60923.07692307692,311.7203476812168
0.19,0.37,60923.07692307692,311.78647258669974
0.21,0.37,60923.07692307692,311.7864725866998
0.23,0.37,60923.07692307692,311.7203476812169
0.25,0.37,60923.07692307692,311.58807254817424
0.27,0.37,60923.07692307692,311.38946446715585
0.29,0.37,60923.07692307692,311.12387960960314
0.31,0.37,60923.07692307692,310.78963866873147
0.33,0.37,60923.07692307692,310.3829679966776
0.35,0.37,60923.07692307692,309.89599393009706
0.37,0.37,60923.07692307692,309.3127791818893
0.39,0.37,60923.07692307692,308.60132165416894
0.01,0.39,60923.07692307692,308.34147321517
0.03,0.39,60923.07692307692,308.60132165416894
0.05,0.39,60923.07692307692,308.8036977009411
0.07,0.39,60923.07692307692,308.9696796750384
0.09,0.39,60923.07692307692,309.1073240224934
0.11,0.39,60923.07692307692,309.2201000401166
0.13,0.39,60923.07692307692,309.3095711864502
0.15,0.39,60923.07692307692,309.37642336666966
0.17,0.39,60923.07692307692,309.4209276490384
0.19,0.39,60923.07692307692,309.4431705586903
0.21,0.39,60923.07692307692,309.4431705586903
0.23,0.39,60923.07692307692,309.42092764903845
0.25,0.39,60923.07692307692,309.37642336666966
0.27,0.39,60923.07692307692,309.3095711864502
0.29,0.39,60923.07692307692,309.2201000401167
0.31,0.39,60923.07692307692,309.10732402249346
0.33,0.39,60923.07692307692,308.96967967503844
0.35,0.39,60923.07692307692,308.8036977009411
0.37,0.39,60923.07692307692,308.60132165416894
0.39,0.39,60923.07692307692,308.34147321517
0.01,0.01,62769.23076923077,308.33202075647773
0.03,0.01,62769.23076923077,308.577766869846
0.05,0.01,62769.23076923077,308.7684596450537
0.07,0.01,62769.23076923077,308.92447257987084
0.09,0.01,62769.23076923077,309.05363387561493
0.11,0.01,62769.23076923077,309.1593409295108
0.13,0.01,62769.23076923077,309.2431419395096
0.15,0.01,62769.23076923077,309.3057278466512
0.17,0.01,62769.23076923077,309.34738010760543
0.19,0.01,62769.23076923077,309.3681944396544
0.21,0.01,62769.23076923077,309.3681944396544
0.23,0.01,62769.23076923077,309.3473801076054
0.25,0.01,62769.23076923077,309.3057278466512
0.27,0.01,62769.23076923077,309.2431419395096
0.29,0.01,62769.23076923077,309.15934092951085
0.31,0.01,62769.23076923077,309.05363387561493
0.33,0.01,62769.23076923077,308.92447257987084
0.35,0.01,62769.23076923077,308.7684596450537
0.37,0.01,62769.23076923077,308.5777668698461
0.39,0.01,62769.23076923077,308.33202075647773
0.01,0.03,62769.23076923077,308.577766869846
0.03,0.03,62769.23076923077,309.2496887475511
0.05,0.03,62769.23076923077,309.79892244888305
0.07,0.03,62769.23076923077,310.2565519750776
0.09,0.03,62769.23076923077,310.6381429062766
0.11,0.03,62769.23076923077,310.9514471713458
0.13,0.03,62769.23076923077,311.2002247268028
0.15,0.03,62769.23076923077,311.38618193502094
0.17,0.03,62769.23076923077,311.50999835029194
0.19,0.03,62769.23076923077,311.5718859368079
0.21,0.03,62769.23076923077,311.5718859368079
0.23,0.03,62769.23076923077,311.50999835029194
0.25,0.03,62769.23076923077,311.38618193502094
0.27,0.03,62769.23076923077,311.2002247268028
0.29,0.03,62769.23076923077,310.9514471713458
0.31,0.03,62769.23076923077,310.6381429062766
0.33,0.03,62769.23076923077,310.2565519750776
0.35,0.03,62769.23076923077,309.798922448883
0.37,0.03,62769.23076923077,309.2496887475511
0.39,0.03,62769.23076923077,308.577766869846
0.01,0.05,62769.23076923077,308.7684596450537
0.03,0.05,62769.23076923077,309.79892244888305
0.05,0.05,62769.23076923077,310.6678522612935
0.07,0.05,62769.23076923077,311.4034553522916
0.09,0.05,62769.23076923077,312.0219333428965
0.11,0.05,62769.23076923077,312.53201633349937
0.13,0.05,62769.23076923077,312.93806717377623
0.15,0.05,62769.23076923077,313.2420226624458
0.17,0.05,62769.23076923077,313.44457180236145
0.19,0.05,62769.23076923077,313.54585504115875
0.21,0.05,62769.23076923077,313.54585504115875
0.23,0.05,62769.23076923077,313.44457180236145
0.25,0.05,62769.23076923077,313.2420226624458
0.27,0.05,62769.23076923077,312.93806717377623
0.29,0.05,62769.23076923077,312.5320163334993
0.31,0.05,62769.23076923077,312.0219333428965
0.33,0.05,62769.23076923077,311.4034553522916
0.35,0.05,62769.23076923077,310.66785226129343
0.37,0.05,62769.23076923077,309.798922448883
0.39,0.05,62769.23076923077,308.7684596450537
0.01,0.07,62769.23076923077,308.92447257987084
0.03,0.07,62769.23076923077,310.2565519750776
0.05,0.07,62769.23076923077,311.4034553522916
0.07,0.07,62769.23076923077,312.3869116773496
0.09,0.07,62769.23076923077,313.22020496869305
0.11,0.07,62769.23076923077,313.9106734694592
0.13,0.07,62769.23076923077,314.46187997791475
0.15,0.07,62769.23076923077,314.87520169398783
0.17,0.07,62769.23076923077,315.1509070524353
0.19,0.07,62769.23076923077,315.2888441301415
0.21,0.07,62769.23076923077,315.2888441301415
0.23,0.07,62769.23076923077,315.1509070524353
0.25,0.07,62769.23076923077,314.87520169398783
0.27,0.07,62769.23076923077,314.46187997791475
0.29,0.07,62769.23076923077,313.91067346945914
0.31,0.07,62769.23076923077,313.220204968693
0.33,0.07,62769.23076923077,312.3869116773496
0.35,0.07,62769.23076923077,311.4034553522916
0.37,0.07,62769.23076923077,310.2565519750776
0.39,0.07,62769.23076923077,308.9244725798708
0.01,0.09,62769.23076923077,309.05363387561493
0.03,0.09,62769.23076923077,310.6381429062766
0.05,0.09,62769.23076923077,312.0219333428965
0.07,0.09,62769.23076923077,313.22020496869305
0.09,0.09,62769.23076923077,314.24214395250885
0.11,0.09,62769.23076923077,315.0925228925707
0.13,0.09,62769.23076923077,315.77324101716994
0.15,0.09,62769.23076923077,316.2845569086922
0.17,0.09,62769.23076923077,316.6259847345267
0.19,0.09,62769.23076923077,316.7968983272912
0.21,0.09,62769.23076923077,316.7968983272912
0.23,0.09,62769.23076923077,316.6259847345267
0.25,0.09,62769.23076923077,316.2845569086922
0.27,0.09,62769.23076923077,315.7732410171699
0.29,0.09,62769.23076923077,315.0925228925706
0.31,0.09,62769.23076923077,314.2421439525088
0.33,0.09,62769.23076923077,313.220204968693
0.35,0.09,62769.23076923077,312.0219333428965
0.37,0.09,62769.23076923077,310.6381429062766
0.39,0.09,62769.23076923077,309.05363387561493
0.01,0.11,62769.23076923077,309.1593409295108
0.03,0.11,62769.23076923077,310.95144717134576
0.05,0.11,62769.23076923077,312.5320163334993
0.07,0.11,62769.23076923077,313.9106734694592
0.09,0.11,62769.23076923077,315.0925228925707
0.11,0.11,62769.23076923077,316.079457826662
0.13,0.11,62769.23076923077,316.87137213062374
0.15,0.11,62769.23076923077,317.4671398659032
0.17,0.11,62769.23076923077,317.8653449122878
0.19,0.11,62769.23076923077,318.06478516403416
0.21,0.11,62769.23076923077,318.0647851640341
0.23,0.11,62769.23076923077,317.8653449122877
0.25,0.11,62769.23076923077,317.4671398659032
0.27,0.11,62769.23076923077,316.8713721306237
0.29,0.11,62769.23076923077,316.07945782666195
0.31,0.11,62769.23076923077,315.0925228925706
0.33,0.11,62769.23076923077,313.91067346945914
0.35,0.11,62769.23076923077,312.5320163334993
0.37,0.11,62769.23076923077,310.95144717134576
0.39,0.11,62769.23076923077,309.1593409295108
0.01,0.13,62769.23076923077,309.2431419395096
0.03,0.13,62769.23076923077,311.2002247268028
0.05,0.13,62769.23076923077,312.9380671737762
0.07,0.13,62769.23076923077,314.46187997791475
0.09,0.13,62769.23076923077,315.77324101716994
0.11,0.13,62769.23076923077,316.87137213062374
0.13,0.13,62769.23076923077,317.75421203121937
0.15,0.13,62769.23076923077,318.4192459182937
0.17,0.13,62769.23076923077,318.864112954671
0.19,0.13,62769.23076923077,319.087024617778
0.21,0.13,62769.23076923077,319.087024617778
0.23,0.13,62769.23076923077,318.864112954671
0.25,0.13,62769.23076923077,318.4192459182937
0.27,0.13,62769.23076923077,317.75421203121937
0.29,0.13,62769.23076923077,316.87137213062374
0.31,0.13,62769.23076923077,315.7732410171699
0.33,0.13,62769.23076923077,314.46187997791475
0.35,0.13,62769.23076923077,312.9380671737762
0.37,0.13,62769.23076923077,311.2002247268028
0.39,0.13,62769.23076923077,309.2431419395096
0.01,0.15,62769.23076923077,309.3057278466512
0.03,0.15,62769.23076923077,311.38618193502094
0.05,0.15,62769.23076923077,313.2420226624458
0.07,0.15,62769.23076923077,314.8752016939878
0.09,0.15,62769.23076923077,316.2845569086922
0.11,0.15,62769.23076923077,317.4671398659032
0.13,0.15,62769.23076923077,318.4192459182937
0.15,0.15,62769.23076923077,319.1371658919914
0.17,0.15,62769.23076923077,319.6177156149073
0.19,0.15,62769.23076923077,319.8585921234449
0.21,0.15,62769.23076923077,319.8585921234449
0.23,0.15,62769.23076923077,319.61771561490724
0.25,0.15,62769.23076923077,319.1371658919914
0.27,0.15,62769.23076923077,318.4192459182937
0.29,0.15,62769.23076923077,317.4671398659032
0.31,0.15,62769.23076923077,316.2845569086922
0.33,0.15,62769.23076923077,314.8752016939878
0.35,0.15,62769.23076923077,313.2420226624458
0.37,0.15,62769.23076923077,311.38618193502094
0.39,0.15,62769.23076923077,309.3057278466512
0.01,0.17,62769.23076923077,309.3473801076054
0.03,0.17,62769.23076923077,311.50999835029194
0.05,0.17,62769.23076923077,313.44457180236145
0.07,0.17,62769.23076923077,315.1509070524353
0.09,0.17,62769.23076923077,316.6259847345267
0.11,0.17,62769.23076923077,317.8653449122877
0.13,0.17,62769.23076923077,318.86411295467093
0.15,0.17,62769.23076923077,319.61771561490724
0.17,0.17,62769.23076923077,320.1223667969006
0.19,0.17,62769.23076923077,320.3753851460874
0.21,0.17,62769.23076923077,320.37538514608747
0.23,0.17,62769.23076923077,320.1223667969007
0.25,0.17,62769.23076923077,319.61771561490724
0.27,0.17,62769.23076923077,318.864112954671
0.29,0.17,62769.23076923077,317.8653449122877
0.31,0.17,62769.23076923077,316.62598473452675
0.33,0.17,62769.23076923077,315.1509070524354
0.35,0.17,62769.23076923077,313.4445718023615
0.37,0.17,62769.23076923077,311.50999835029194
0.39,0.17,62769.23076923077,309.3473801076054
0.01,0.19,62769.23076923077,309.3681944396544
0.03,0.19,62769.23076923077,311.5718859368079
0.05,0.19,62769.23076923077,313.54585504115875
0.07,0.19,62769.23076923077,315.2888441301415
0.09,0.19,62769.23076923077,316.7968983272912
0.11,0.19,62769.23076923077,318.0647851640341
0.13,0.19,62769.23076923077,319.087024617778
0.15,0.19,62769.23076923077,319.8585921234449
0.17,0.19,62769.23076923077,320.37538514608747
0.19,0.19,62769.23076923077,320.63452260724824
0.21,0.19,62769.23076923077,320.63452260724824
0.23,0.19,62769.23076923077,320.37538514608747
0.25,0.19,62769.23076923077,319.8585921234449
0.27,0.19,62769.23076923077,319.087024617778
0.29,0.19,62769.23076923077,318.0647851640341
0.31,0.19,62769.23076923077,316.7968983272913
0.33,0.19,62769.23076923077,315.2888441301416
0.35,0.19,62769.23076923077,313.5458550411588
0.37,0.19,62769.23076923077,311.5718859368079
0.39,0.19,62769.23076923077,309.3681944396544
0.01,0.21,62769.23076923077,309.3681944396544
0.03,0.21,62769.23076923077,311.57188593680786
0.05,0.21,62769.23076923077,313.5458550411587
0.07,0.21,62769.23076923077,315.28884413014146
0.09,0.21,62769.23076923077,316.7968983272912
0.11,0.21,62769.23076923077,318.0647851640341
0.13,0.21,62769.23076923077,319.087024617778
0.15,0.21,62769.23076923077,319.8585921234449
0.17,0.21,62769.23076923077,320.37538514608747
0.19,0.21,62769.23076923077,320.63452260724824
0.21,0.21,62769.23076923077,320.63452260724824
0.23,0.21,62769.23076923077,320.3753851460875
0.25,0.21,62769.23076923077,319.85859212344496
0.27,0.21,62769.23076923077,319.087024617778
0.29,0.21,62769.23076923077,318.06478516403416
0.31,0.21,62769.23076923077,316.7968983272912
0.33,0.21,62769.23076923077,315.2888441301415
0.35,0.21,62769.23076923077,313.5458550411588
0.37,0.21,62769.23076923077,311.5718859368079
0.39,0.21,62769.23076923077,309.3681944396544
0.01,0.23,62769.23076923077,309.3473801076054
0.03,0.23,62769.23076923077,311.5099983502919
0.05,0.23,62769.23076923077,313.4445718023614
0.07,0.23,62769.23076923077,315.15090705243523
0.09,0.23,62769.23076923077,316.6259847345267
0.11,0.23,62769.23076923077,317.8653449122877
0.13,0.23,62769.23076923077,318.864112954671
0.15,0.23,62769.23076923077,319.6177156149073
0.17,0.23,62769.23076923077,320.1223667969007
0.19,0.23,62769.23076923077,320.3753851460875
0.21,0.23,62769.23076923077,320.3753851460875
0.23,0.23,62769.23076923077,320.1223667969007
0.25,0.23,62769.23076923077,319.6177156149073
0.27,0.23,62769.23076923077,318.86411295467104
0.29,0.23,62769.23076923077,317.8653449122878
0.31,0.23,62769.23076923077,316.6259847345267
0.33,0.23,62769.23076923077,315.1509070524353
0.35,0.23,62769.23076923077,313.4445718023615
0.37,0.23,62769.23076923077,311.509998350292
0.39,0.23,62769.23076923077,309.3473801076054
0.01,0.25,62769.23076923077,309.3057278466512
0.03,0.25,62769.23076923077,311.38618193502094
0.05,0.25,62769.23076923077,313.2420226624457
0.07,0.25,62769.23076923077,314.8752016939878
0.09,0.25,62769.23076923077,316.2845569086922
0.11,0.25,62769.23076923077,317.4671398659032
0.13,0.25,62769.23076923077,318.41924591829377
0.15,0.25,62769.23076923077,319.13716589199146
0.17,0.25,62769.23076923077,319.6177156149073
0.19,0.25,62769.23076923077,319.85859212344496
0.21,0.25,62769.23076923077,319.85859212344496
0.23,0.25,62769.23076923077,319.6177156149073
0.25,0.25,62769.23076923077,319.1371658919915
0.27,0.25,62769.23076923077,318.41924591829377
0.29,0.25,62769.23076923077,317.4671398659032
0.31,0.25,62769.23076923077,316.28455690869214
0.33,0.25,62769.23076923077,314.8752016939878
0.35,0.25,62769.23076923077,313.2420226624458
0.37,0.25,62769.23076923077,311.38618193502094
0.39,0.25,62769.23076923077,309.3057278466512
0.01,0.27,62769.23076923077,309.2431419395096
0.03,0.27,62769.23076923077,311.2002247268027
0.05,0.27,62769.23076923077,312.9380671737762
0.07,0.27,62769.23076923077,314.4618799779147
0.09,0.27,62769.23076923077,315.77324101716994
0.11,0.27,62769.23076923077,316.87137213062374
0.13,0.27,62769.23076923077,317.7542120312194
0.15,0.27,62769.23076923077,318.4192459182937
0.17,0.27,62769.23076923077,318.86411295467104
0.19,0.27,62769.23076923077,319.08702461777807
0.21,0.27,62769.23076923077,319.08702461777807
0.23,0.27,62769.23076923077,318.86411295467104
0.25,0.27,62769.23076923077,318.41924591829377
0.27,0.27,62769.23076923077,317.7542120312195
0.29,0.27,62769.23076923077,316.8713721306238
0.31,0.27,62769.23076923077,315.77324101716994
0.33,0.27,62769.23076923077,314.46187997791475
0.35,0.27,62769.23076923077,312.93806717377623
0.37,0.27,62769.23076923077,311.2002247268028
0.39,0.27,62769.23076923077,309.24314193950966
0.01,0.29,62769.23076923077,309.1593409295108
0.03,0.29,62769.23076923077,310.95144717134576
0.05,0.29,62769.23076923077,312.5320163334993
0.07,0.29,62769.23076923077,313.91067346945914
0.09,0.29,62769.23076923077,315.0925228925707
0.11,0.29,62769.23076923077,316.07945782666206
0.13,0.29,62769.23076923077,316.8713721306238
0.15,0.29,62769.23076923077,317.4671398659032
0.17,0.29,62769.23076923077,317.8653449122878
0.19,0.29,62769.23076923077,318.06478516403416
0.21,0.29,62769.23076923077,318.0647851640342
0.23,0.29,62769.23076923077,317.8653449122878
0.25,0.29,62769.23076923077,317.4671398659032
0.27,0.29,62769.23076923077,316.87137213062385
0.29,0.29,62769.23076923077,316.0794578266621
0.31,0.29,62769.23076923077,315.09252289257074
0.33,0.29,62769.23076923077,313.9106734694592
0.35,0.29,62769.23076923077,312.5320163334994
0.37,0.29,62769.23076923077,310.9514471713459
0.39,0.29,62769.23076923077,309.15934092951085
0.01,0.31,62769.23076923077,309.05363387561493
0.03,0.31,62769.23076923077,310.6381429062766
0.05,0.31,62769.23076923077,312.0219333428965
0.07,0.31,62769.23076923077,313.220204968693
0.09,0.31,62769.23076923077,314.24214395250885
0.11,0.31,62769.23076923077,315.0925228925707
0.13,0.31,62769.23076923077,315.77324101716994
0.15,0.31,62769.23076923077,316.28455690869225
0.17,0.31,62769.23076923077,316.62598473452675
0.19,0.31,62769.23076923077,316.7968983272913
0.21,0.31,62769.23076923077,316.79689832729133
0.23,0.31,62769.23076923077,316.62598473452675
0.25,0.31,62769.23076923077,316.2845569086922
0.27,0.31,62769.23076923077,315.77324101716994
0.29,0.31,62769.23076923077,315.09252289257074
0.31,0.31,62769.23076923077,314.2421439525089
0.33,0.31,62769.23076923077,313.22020496869305
0.35,0.31,62769.23076923077,312.02193334289655
0.37,0.31,62769.23076923077,310.6381429062766
0.39,0.31,62769.23076923077,309.0536338756149
0.01,0.33,62769.23076923077,308.92447257987084
0.03,0.33,62769.23076923077,310.2565519750776
0.05,0.33,62769.23076923077,311.4034553522916
0.07,0.33,62769.23076923077,312.3869116773496
0.09,0.33,62769.23076923077,313.220204968693
0.11,0.33,62769.23076923077,313.91067346945914
0.13,0.33,62769.23076923077,314.46187997791475
0.15,0.33,62769.23076923077,314.87520169398783
0.17,0.33,62769.23076923077,315.15090705243534
0.19,0.33,62769.23076923077,315.2888441301416
0.21,0.33,62769.23076923077,315.2888441301415
0.23,0.33,62769.23076923077,315.15090705243534
0.25,0.33,62769.23076923077,314.8752016939878
0.27,0.33,62769.23076923077,314.46187997791475
0.29,0.33,62769.23076923077,313.9106734694592
0.31,0.33,62769.23076923077,313.22020496869305
0.33,0.33,62769.23076923077,312.38691167734964
0.35,0.33,62769.23076923077,311.4034553522916
0.37,0.33,62769.23076923077,310.2565519750776
0.39,0.33,62769.23076923077,308.9244725798708
0.01,0.35,62769.23076923077,308.7684596450537
0.03,0.35,62769.23076923077,309.79892244888305
0.05,0.35,62769.23076923077,310.6678522612935
0.07,0.35,62769.23076923077,311.4034553522916
0.09,0.35,62769.23076923077,312.0219333428965
0.11,0.35,62769.23076923077,312.5320163334993
0.13,0.35,62769.23076923077,312.93806717377623
0.15,0.35,62769.23076923077,313.2420226624458
0.17,0.35,62769.23076923077,313.44457180236145
0.19,0.35,62769.23076923077,313.54585504115875
0.21,0.35,62769.23076923077,313.54585504115875
0.23,0.35,62769.23076923077,313.4445718023615
0.25,0.35,62769.23076923077,313.2420226624458
0.27,0.35,62769.23076923077,312.93806717377623
0.29,0.35,62769.23076923077,312.53201633349937
0.31,0.35,62769.23076923077,312.0219333428965
0.33,0.35,62769.23076923077,311.4034553522916
0.35,0.35,62769.23076923077,310.6678522612935
0.37,0.35,62769.23076923077,309.798922448883
0.39,0.35,62769.23076923077,308.7684596450537
0.01,0.37,62769.23076923077,308.5777668698461
0.03,0.37,62769.23076923077,309.2496887475511
0.05,0.37,62769.23076923077,309.79892244888305
0.07,0.37,62769.23076923077,310.2565519750776
0.09,0.37,62769.23076923077,310.6381429062766
0.11,0.37,62769.23076923077,310.9514471713458
0.13,0.37,62769.23076923077,311.2002247268028
0.15,0.37,62769.23076923077,311.38618193502094
0.17,0.37,62769.23076923077,311.50999835029194
0.19,0.37,62769.23076923077,311.5718859368079
0.21,0.37,62769.23076923077,311.5718859368079
0.23,0.37,62769.23076923077,311.509998350292
0.25,0.37,62769.23076923077,311.38618193502094
0.27,0.37,62769.23076923077,311.2002247268028
0.29,0.37,62769.23076923077,310.9514471713458
0.31,0.37,62769.23076923077,310.6381429062766
0.33,0.37,62769.23076923077,310.2565519750776
0.35,0.37,62769.23076923077,309.798922448883
0.37,0.37,62769.23076923077,309.2496887475511
0.39,0.37,62769.23076923077,308.5777668698461
0.01,0.39,62769.23076923077,308.33202075647773
0.03,0.39,62769.23076923077,308.577766869846
0.05,0.39,62769.23076923077,308.7684596450537
0.07,0.39,62769.23076923077,308.9244725798708
0.09,0.39,62769.23076923077,309.05363387561493
0.11,0.39,62769.23076923077,309.1593409295108
0.13,0.39,62769.23076923077,309.2431419395096
0.15,0.39,62769.23076923077,309.3057278466512
0.17,0.39,62769.23076923077,309.3473801076054
0.19,0.39,62769.23076923077,309.3681944396544
0.21,0.39,62769.23076923077,309.3681944396544
0.23,0.39,62769.23076923077,309.3473801076054
0.25,0.39,62769.23076923077,309.3057278466512
0.27,0.39,62769.23076923077,309.24314193950966
0.29,0.39,62769.23076923077,309.15934092951085
0.31,0.39,62769.23076923077,309.0536338756149
0.33,0.39,62769.23076923077,308.9244725798708
0.35,0.39,62769.23076923077,308.7684596450537
0.37,0.39,62769.23076923077,308.577766869846
0.39,0.39,62769.23076923077,308.33202075647773
0.01,0.01,64615.38461538462,308.32320549227074
0.03,0.01,64615.38461538462,308.5558032971787
0.05,0.01,64615.38461538462,308.7355987558976
0.07,0.01,64615.38461538462,308.8823058473432
0.09,0.01,64615.38461538462,309.00354060196145
0.11,0.01,64615.38461538462,309.10263561796654
0.13,0.01,64615.38461538462,309.18112785628307
0.15,0.01,64615.38461538462,309.23971607265406
0.17,0.01,64615.38461538462,309.278694172799
0.19,0.01,64615.38461538462,309.2981684893609
0.21,0.01,64615.38461538462,309.2981684893609
0.23,0.01,64615.38461538462,309.2786941727991
0.25,0.01,64615.38461538462,309.23971607265406
0.27,0.01,64615.38461538462,309.1811278562831
0.29,0.01,64615.38461538462,309.1026356179666
0.31,0.01,64615.38461538462,309.0035406019615
0.33,0.01,64615.38461538462,308.8823058473432
0.35,0.01,64615.38461538462,308.7355987558976
0.37,0.01,64615.38461538462,308.5558032971787
0.39,0.01,64615.38461538462,308.32320549227074
0.01,0.03,64615.38461538462,308.5558032971787
0.03,0.03,64615.38461538462,309.19086083756486
0.05,0.03,64615.38461538462,309.70839322652705
0.07,0.03,64615.38461538462,310.13862362553056
0.09,0.03,64615.38461538462,310.496773683487
0.11,0.03,64615.38461538462,310.7904888545379
0.13,0.03,64615.38461538462,311.0235254562816
0.15,0.03,64615.38461538462,311.1976245047972
0.17,0.03,64615.38461538462,311.3135071789972
0.19,0.03,64615.38461538462,311.37141884847586
0.21,0.03,64615.38461538462,311.37141884847586
0.23,0.03,64615.38461538462,311.3135071789972
0.25,0.03,64615.38461538462,311.1976245047972
0.27,0.03,64615.38461538462,311.0235254562816
0.29,0.03,64615.38461538462,310.7904888545379
0.31,0.03,64615.38461538462,310.496773683487
0.33,0.03,64615.38461538462,310.13862362553056
0.35,0.03,64615.38461538462,309.70839322652705
0.37,0.03,64615.38461538462,309.1908608375648
0.39,0.03,64615.38461538462,308.5558032971787
0.01,0.05,64615.38461538462,308.7355987558976
0.03,0.05,64615.38461538462,309.7083932265271
0.05,0.05,64615.38461538462,310.5266406297197
0.07,0.05,64615.38461538462,311.21798313950285
0.09,0.05,64615.38461538462,311.79840305118177
0.11,0.05,64615.38461538462,312.2766003686628
0.13,0.05,64615.38461538462,312.6569951050669
0.15,0.05,64615.38461538462,312.9416093598136
0.17,0.05,64615.38461538462,313.1312133733203
0.19,0.05,64615.38461538462,313.2260081275063
0.21,0.05,64615.38461538462,313.2260081275063
0.23,0.05,64615.38461538462,313.1312133733203
0.25,0.05,64615.38461538462,312.9416093598136
0.27,0.05,64615.38461538462,312.6569951050669
0.29,0.05,64615.38461538462,312.2766003686628
0.31,0.05,64615.38461538462,311.7984030511817
0.33,0.05,64615.38461538462,311.21798313950285
0.35,0.05,64615.38461538462,310.5266406297197
0.37,0.05,64615.38461538462,309.7083932265271
0.39,0.05,64615.38461538462,308.7355987558976
0.01,0.07,64615.38461538462,308.8823058473432
0.03,0.07,64615.38461538462,310.13862362553056
0.05,0.07,64615.38461538462,311.21798313950285
0.07,0.07,64615.38461538462,312.1419654826296
0.09,0.07,64615.38461538462,312.92387943698026
0.11,0.07,64615.38461538462,313.57118689105766
0.13,0.07,64615.38461538462,314.0876120065867
0.15,0.07,64615.38461538462,314.4746905164029
0.17,0.07,64615.38461538462,314.73282277738707
0.19,0.07,64615.38461538462,314.8619495619433
0.21,0.07,64615.38461538462,314.8619495619432
0.23,0.07,64615.38461538462,314.73282277738707
0.25,0.07,64615.38461538462,314.47469051640286
0.27,0.07,64615.38461538462,314.08761200658665
0.29,0.07,64615.38461538462,313.57118689105766
0.31,0.07,64615.38461538462,312.9238794369803
0.33,0.07,64615.38461538462,312.14196548262964
0.35,0.07,64615.38461538462,311.21798313950285
0.37,0.07,64615.38461538462,310.1386236255306
0.39,0.07,64615.38461538462,308.8823058473432
0.01,0.09,64615.38461538462,309.0035406019615
0.03,0.09,64615.38461538462,310.496773683487
0.05,0.09,64615.38461538462,311.7984030511817
0.07,0.09,64615.38461538462,312.92387943698026
0.09,0.09,64615.38461538462,313.88268561750164
0.11,0.09,64615.38461538462,314.67990231282977
0.13,0.09,64615.38461538462,315.3177164409029
0.15,0.09,64615.38461538462,315.79663171176435
0.17,0.09,64615.38461538462,316.1163520891568
0.19,0.09,64615.38461538462,316.276379719414
0.21,0.09,64615.38461538462,316.276379719414
0.23,0.09,64615.38461538462,316.11635208915675
0.25,0.09,64615.38461538462,315.7966317117643
0.27,0.09,64615.38461538462,315.31771644090287
0.29,0.09,64615.38461538462,314.67990231282977
0.31,0.09,64615.38461538462,313.8826856175017
0.33,0.09,64615.38461538462,312.9238794369803
0.35,0.09,64615.38461538462,311.79840305118177
0.37,0.09,64615.38461538462,310.49677368348705
0.39,0.09,64615.38461538462,309.0035406019615
0.01,0.11,64615.38461538462,309.1026356179666
0.03,0.11,64615.38461538462,310.79048885453784
0.05,0.11,64615.38461538462,312.27660036866274
0.07,0.11,64615.38461538462,313.57118689105766
0.09,0.11,64615.38461538462,314.6799023128297
0.11,0.11,64615.38461538462,315.6051299519117
0.13,0.11,64615.38461538462,316.347179781198
0.15,0.11,64615.38461538462,316.90525981067526
0.17,0.11,64615.38461538462,317.27820288544353
0.19,0.11,64615.38461538462,317.4649713518474
0.21,0.11,64615.38461538462,317.46497135184734
0.23,0.11,64615.38461538462,317.2782028854435
0.25,0.11,64615.38461538462,316.9052598106752
0.27,0.11,64615.38461538462,316.347179781198
0.29,0.11,64615.38461538462,315.6051299519118
0.31,0.11,64615.38461538462,314.67990231282977
0.33,0.11,64615.38461538462,313.57118689105766
0.35,0.11,64615.38461538462,312.27660036866274
0.37,0.11,64615.38461538462,310.7904888545379
0.39,0.11,64615.38461538462,309.10263561796654
0.01,0.13,64615.38461538462,309.1811278562831
0.03,0.13,64615.38461538462,311.0235254562817
0.05,0.13,64615.38461538462,312.6569951050669
0.07,0.13,64615.38461538462,314.0876120065867
0.09,0.13,64615.38461538462,315.31771644090287
0.11,0.13,64615.38461538462,316.34717978119795
0.13,0.13,64615.38461538462,317.1744725499968
0.15,0.13,64615.38461538462,317.79749519343574
0.17,0.13,64615.38461538462,318.2141903810224
0.19,0.13,64615.38461538462,318.4229674159575
0.21,0.13,64615.38461538462,318.4229674159575
0.23,0.13,64615.38461538462,318.2141903810224
0.25,0.13,64615.38461538462,317.7974951934358
0.27,0.13,64615.38461538462,317.17447254999684
0.29,0.13,64615.38461538462,316.347179781198
0.31,0.13,64615.38461538462,315.3177164409029
0.33,0.13,64615.38461538462,314.0876120065867
0.35,0.13,64615.38461538462,312.6569951050669
0.37,0.13,64615.38461538462,311.0235254562817
0.39,0.13,64615.38461538462,309.1811278562831
0.01,0.15,64615.38461538462,309.23971607265406
0.03,0.15,64615.38461538462,311.1976245047972
0.05,0.15,64615.38461538462,312.9416093598136
0.07,0.15,64615.38461538462,314.4746905164029
0.09,0.15,64615.38461538462,315.7966317117643
0.11,0.15,64615.38461538462,316.9052598106752
0.13,0.15,64615.38461538462,317.79749519343574
0.15,0.15,64615.38461538462,318.4701104061927
0.17,0.15,64615.38461538462,318.9202697812436
0.19,0.15,64615.38461538462,319.1458958460732
0.21,0.15,64615.38461538462,319.1458958460732
0.23,0.15,64615.38461538462,318.9202697812436
0.25,0.15,64615.38461538462,318.4701104061928
0.27,0.15,64615.38461538462,317.7974951934358
0.29,0.15,64615.38461538462,316.90525981067526
0.31,0.15,64615.38461538462,315.79663171176435
0.33,0.15,64615.38461538462,314.47469051640286
0.35,0.15,64615.38461538462,312.94160935981364
0.37,0.15,64615.38461538462,311.1976245047972
0.39,0.15,64615.38461538462,309.23971607265406
0.01,0.17,64615.38461538462,309.2786941727991
0.03,0.17,64615.38461538462,311.3135071789971
0.05,0.17,64615.38461538462,313.1312133733203
0.07,0.17,64615.38461538462,314.7328227773871
0.09,0.17,64615.38461538462,316.1163520891568
0.11,0.17,64615.38461538462,317.27820288544353
0.13,0.17,64615.38461538462,318.21419038102243
0.15,0.17,64615.38461538462,318.92026978124363
0.17,0.17,64615.38461538462,319.39303536841777
0.19,0.17,64615.38461538462,319.63005096660766
0.21,0.17,64615.38461538462,319.63005096660766
0.23,0.17,64615.38461538462,319.39303536841777
0.25,0.17,64615.38461538462,318.92026978124363
0.27,0.17,64615.38461538462,318.21419038102243
0.29,0.17,64615.38461538462,317.2782028854436
0.31,0.17,64615.38461538462,316.1163520891568
0.33,0.17,64615.38461538462,314.7328227773871
0.35,0.17,64615.38461538462,313.13121337332035
0.37,0.17,64615.38461538462,311.3135071789972
0.39,0.17,64615.38461538462,309.2786941727991
0.01,0.19,64615.38461538462,309.2981684893609
0.03,0.19,64615.38461538462,311.3714188484758
0.05,0.19,64615.38461538462,313.2260081275063
0.07,0.19,64615.38461538462,314.8619495619432
0.09,0.19,64615.38461538462,316.276379719414
0.11,0.19,64615.38461538462,317.4649713518474
0.13,0.19,64615.38461538462,318.42296741595754
0.15,0.19,64615.38461538462,319.1458958460732
0.17,0.19,64615.38461538462,319.63005096660766
0.19,0.19,64615.38461538462,319.8728070894867
0.21,0.19,64615.38461538462,319.8728070894866
0.23,0.19,64615.38461538462,319.63005096660766
0.25,0.19,64615.38461538462,319.1458958460732
0.27,0.19,64615.38461538462,318.42296741595754
0.29,0.19,64615.38461538462,317.4649713518474
0.31,0.19,64615.38461538462,316.276379719414
0.33,0.19,64615.38461538462,314.8619495619432
0.35,0.19,64615.38461538462,313.2260081275064
0.37,0.19,64615.38461538462,311.37141884847586
0.39,0.19,64615.38461538462,309.29816848936093
0.01,0.21,64615.38461538462,309.2981684893609
0.03,0.21,64615.38461538462,311.3714188484758
0.05,0.21,64615.38461538462,313.2260081275063
0.07,0.21,64615.38461538462,314.8619495619432
0.09,0.21,64615.38461538462,316.276379719414
0.11,0.21,64615.38461538462,317.46497135184745
0.13,0.21,64615.38461538462,318.42296741595754
0.15,0.21,64615.38461538462,319.14589584607324
0.17,0.21,64615.38461538462,319.6300509666077
0.19,0.21,64615.38461538462,319.8728070894867
0.21,0.21,64615.38461538462,319.8728070894867
0.23,0.21,64615.38461538462,319.6300509666077
0.25,0.21,64615.38461538462,319.14589584607324
0.27,0.21,64615.38461538462,318.42296741595754
0.29,0.21,64615.38461538462,317.4649713518474
0.31,0.21,64615.38461538462,316.276379719414
0.33,0.21,64615.38461538462,314.8619495619432
0.35,0.21,64615.38461538462,313.2260081275064
0.37,0.21,64615.38461538462,311.37141884847586
0.39,0.21,64615.38461538462,309.2981684893609
0.01,0.23,64615.38461538462,309.278694172799
0.03,0.23,64615.38461538462,311.3135071789971
0.05,0.23,64615.38461538462,313.1312133733203
0.07,0.23,64615.38461538462,314.73282277738707
0.09,0.23,64615.38461538462,316.1163520891568
0.11,0.23,64615.38461538462,317.27820288544365
0.13,0.23,64615.38461538462,318.2141903810225
0.15,0.23,64615.38461538462,318.9202697812437
0.17,0.23,64615.38461538462,319.3930353684178
0.19,0.23,64615.38461538462,319.6300509666077
0.21,0.23,64615.38461538462,319.6300509666077
0.23,0.23,64615.38461538462,319.3930353684178
0.25,0.23,64615.38461538462,318.92026978124363
0.27,0.23,64615.38461538462,318.21419038102243
0.29,0.23,64615.38461538462,317.2782028854436
0.31,0.23,64615.38461538462,316.11635208915675
0.33,0.23,64615.38461538462,314.73282277738707
0.35,0.23,64615.38461538462,313.1312133733203
0.37,0.23,64615.38461538462,311.3135071789972
0.39,0.23,64615.38461538462,309.2786941727991
0.01,0.25,64615.38461538462,309.23971607265406
0.03,0.25,64615.38461538462,311.1976245047972
0.05,0.25,64615.38461538462,312.9416093598135
0.07,0.25,64615.38461538462,314.47469051640286
0.09,0.25,64615.38461538462,315.79663171176435
0.11,0.25,64615.38461538462,316.9052598106753
0.13,0.25,64615.38461538462,317.7974951934359
0.15,0.25,64615.38461538462,318.4701104061929
0.17,0.25,64615.38461538462,318.9202697812437
0.19,0.25,64615.38461538462,319.14589584607324
0.21,0.25,64615.38461538462,319.14589584607324
0.23,0.25,64615.38461538462,318.9202697812437
0.25,0.25,64615.38461538462,318.4701104061929
0.27,0.25,64615.38461538462,317.79749519343585
0.29,0.25,64615.38461538462,316.90525981067526
0.31,0.25,64615.38461538462,315.7966317117643
0.33,0.25,64615.38461538462,314.47469051640286
0.35,0.25,64615.38461538462,312.9416093598136
0.37,0.25,64615.38461538462,311.19762450479726
0.39,0.25,64615.38461538462,309.23971607265406
0.01,0.27,64615.38461538462,309.18112785628307
0.03,0.27,64615.38461538462,311.0235254562816
0.05,0.27,64615.38461538462,312.6569951050669
0.07,0.27,64615.38461538462,314.08761200658665
0.09,0.27,64615.38461538462,315.3177164409029
0.11,0.27,64615.38461538462,316.34717978119807
0.13,0.27,64615.38461538462,317.1744725499969
0.15,0.27,64615.38461538462,317.7974951934359
0.17,0.27,64615.38461538462,318.21419038102255
0.19,0.27,64615.38461538462,318.4229674159576
0.21,0.27,64615.38461538462,318.4229674159576
0.23,0.27,64615.38461538462,318.21419038102255
0.25,0.27,64615.38461538462,317.7974951934359
0.27,0.27,64615.38461538462,317.1744725499969
0.29,0.27,64615.38461538462,316.34717978119807
0.31,0.27,64615.38461538462,315.31771644090287
0.33,0.27,64615.38461538462,314.08761200658665
0.35,0.27,64615.38461538462,312.656995105067
0.37,0.27,64615.38461538462,311.02352545628173
0.39,0.27,64615.38461538462,309.1811278562832
0.01,0.29,64615.38461538462,309.10263561796654
0.03,0.29,64615.38461538462,310.79048885453784
0.05,0.29,64615.38461538462,312.27660036866274
0.07,0.29,64615.38461538462,313.57118689105766
0.09,0.29,64615.38461538462,314.67990231282977
0.11,0.29,64615.38461538462,315.6051299519118
0.13,0.29,64615.38461538462,316.3471797811981
0.15,0.29,64615.38461538462,316.9052598106753
0.17,0.29,64615.38461538462,317.2782028854436
0.19,0.29,64615.38461538462,317.46497135184745
0.21,0.29,64615.38461538462,317.4649713518475
0.23,0.29,64615.38461538462,317.27820288544365
0.25,0.29,64615.38461538462,316.9052598106753
0.27,0.29,64615.38461538462,316.34717978119807
0.29,0.29,64615.38461538462,315.6051299519118
0.31,0.29,64615.38461538462,314.67990231282977
0.33,0.29,64615.38461538462,313.57118689105766
0.35,0.29,64615.38461538462,312.2766003686628
0.37,0.29,64615.38461538462,310.7904888545379
0.39,0.29,64615.38461538462,309.1026356179666
0.01,0.31,64615.38461538462,309.0035406019615
0.03,0.31,64615.38461538462,310.496773683487
0.05,0.31,64615.38461538462,311.7984030511817
0.07,0.31,64615.38461538462,312.9238794369804
0.09,0.31,64615.38461538462,313.8826856175017
0.11,0.31,64615.38461538462,314.67990231282977
0.13,0.31,64615.38461538462,315.3177164409029
0.15,0.31,64615.38461538462,315.79663171176435
0.17,0.31,64615.38461538462,316.11635208915686
0.19,0.31,64615.38461538462,316.276379719414
0.21,0.31,64615.38461538462,316.276379719414
0.23,0.31,64615.38461538462,316.1163520891568
0.25,0.31,64615.38461538462,315.79663171176435
0.27,0.31,64615.38461538462,315.3177164409029
0.29,0.31,64615.38461538462,314.67990231282977
0.31,0.31,64615.38461538462,313.88268561750164
0.33,0.31,64615.38461538462,312.92387943698026
0.35,0.31,64615.38461538462,311.79840305118177
0.37,0.31,64615.38461538462,310.496773683487
0.39,0.31,64615.38461538462,309.0035406019615
0.01,0.33,64615.38461538462,308.8823058473433
0.03,0.33,64615.38461538462,310.1386236255306
0.05,0.33,64615.38461538462,311.21798313950285
0.07,0.33,64615.38461538462,312.1419654826297
0.09,0.33,64615.38461538462,312.9238794369804
0.11,0.33,64615.38461538462,313.5711868910577
0.13,0.33,64615.38461538462,314.08761200658665
0.15,0.33,64615.38461538462,314.47469051640286
0.17,0.33,64615.38461538462,314.73282277738707
0.19,0.33,64615.38461538462,314.8619495619432
0.21,0.33,64615.38461538462,314.8619495619432
0.23,0.33,64615.38461538462,314.73282277738707
0.25,0.33,64615.38461538462,314.4746905164029
0.27,0.33,64615.38461538462,314.0876120065867
0.29,0.33,64615.38461538462,313.5711868910577
0.31,0.33,64615.38461538462,312.9238794369803
0.33,0.33,64615.38461538462,312.14196548262964
0.35,0.33,64615.38461538462,311.21798313950285
0.37,0.33,64615.38461538462,310.13862362553056
0.39,0.33,64615.38461538462,308.8823058473432
0.01,0.35,64615.38461538462,308.7355987558976
0.03,0.35,64615.38461538462,309.7083932265271
0.05,0.35,64615.38461538462,310.5266406297197
0.07,0.35,64615.38461538462,311.21798313950285
0.09,0.35,64615.38461538462,311.79840305118177
0.11,0.35,64615.38461538462,312.2766003686628
0.13,0.35,64615.38461538462,312.6569951050669
0.15,0.35,64615.38461538462,312.94160935981364
0.17,0.35,64615.38461538462,313.13121337332035
0.19,0.35,64615.38461538462,313.2260081275064
0.21,0.35,64615.38461538462,313.2260081275064
0.23,0.35,64615.38461538462,313.13121337332035
0.25,0.35,64615.38461538462,312.9416093598136
0.27,0.35,64615.38461538462,312.656995105067
0.29,0.35,64615.38461538462,312.2766003686628
0.31,0.35,64615.38461538462,311.79840305118177
0.33,0.35,64615.38461538462,311.21798313950285
0.35,0.35,64615.38461538462,310.5266406297197
0.37,0.35,64615.38461538462,309.7083932265271
0.39,0.35,64615.38461538462,308.7355987558976
0.01,0.37,64615.38461538462,308.5558032971788
0.03,0.37,64615.38461538462,309.19086083756486
0.05,0.37,64615.38461538462,309.7083932265271
0.07,0.37,64615.38461538462,310.13862362553056
0.09,0.37,64615.38461538462,310.496773683487
0.11,0.37,64615.38461538462,310.7904888545379
0.13,0.37,64615.38461538462,311.0235254562817
0.15,0.37,64615.38461538462,311.1976245047972
0.17,0.37,64615.38461538462,311.3135071789972
0.19,0.37,64615.38461538462,311.37141884847586
0.21,0.37,64615.38461538462,311.37141884847586
0.23,0.37,64615.38461538462,311.3135071789972
0.25,0.37,64615.38461538462,311.1976245047972
0.27,0.37,64615.38461538462,311.0235254562817
0.29,0.37,64615.38461538462,310.7904888545379
0.31,0.37,64615.38461538462,310.49677368348705
0.33,0.37,64615.38461538462,310.1386236255306
0.35,0.37,64615.38461538462,309.7083932265271
0.37,0.37,64615.38461538462,309.19086083756486
0.39,0.37,64615.38461538462,308.5558032971787
0.01,0.39,64615.38461538462,308.32320549227074
0.03,0.39,64615.38461538462,308.5558032971787
0.05,0.39,64615.38461538462,308.7355987558976
0.07,0.39,64615.38461538462,308.8823058473432
0.09,0.39,64615.38461538462,309.0035406019615
0.11,0.39,64615.38461538462,309.10263561796654
0.13,0.39,64615.38461538462,309.1811278562831
0.15,0.39,64615.38461538462,309.23971607265406
0.17,0.39,64615.38461538462,309.2786941727991
0.19,0.39,64615.38461538462,309.2981684893609
0.21,0.39,64615.38461538462,309.2981684893609
0.23,0.39,64615.38461538462,309.2786941727991
0.25,0.39,64615.38461538462,309.23971607265406
0.27,0.39,64615.38461538462,309.1811278562831
0.29,0.39,64615.38461538462,309.10263561796654
0.31,0.39,64615.38461538462,309.0035406019615
0.33,0.39,64615.38461538462,308.8823058473432
0.35,0.39,64615.38461538462,308.7355987558976
0.37,0.39,64615.38461538462,308.5558032971787
0.39,0.39,64615.38461538462,308.32320549227074
0.01,0.01,66461.53846153847,308.31497986904486
0.03,0.01,66461.53846153847,308.5353178943149
0.05,0.01,66461.53846153847,308.7049519941871
0.07,0.01,66461.53846153847,308.84297727029684
0.09,0.01,66461.53846153847,308.9568114950457
0.11,0.01,66461.53846153847,309.04972815318854
0.13,0.01,66461.53846153847,309.1232558633091
0.15,0.01,66461.53846153847,309.1781030303064
0.17,0.01,66461.53846153847,309.2145773151295
0.19,0.01,66461.53846153847,309.2327965581459
0.21,0.01,66461.53846153847,309.2327965581459
0.23,0.01,66461.53846153847,309.2145773151295
0.25,0.01,66461.53846153847,309.1781030303064
0.27,0.01,66461.53846153847,309.1232558633091
0.29,0.01,66461.53846153847,309.04972815318854
0.31,0.01,66461.53846153847,308.9568114950457
0.33,0.01,66461.53846153847,308.84297727029684
0.35,0.01,66461.53846153847,308.7049519941871
0.37,0.01,66461.53846153847,308.5353178943149
0.39,0.01,66461.53846153847,308.31497986904486
0.01,0.03,66461.53846153847,308.5353178943149
0.03,0.03,66461.53846153847,309.13600377882034
0.05,0.03,66461.53846153847,309.62397200213417
0.07,0.03,66461.53846153847,310.0286353942499
0.09,0.03,66461.53846153847,310.3648948526825
0.11,0.03,66461.53846153847,310.64030093917034
0.13,0.03,66461.53846153847,310.85861319996854
0.15,0.03,66461.53846153847,311.0216121552426
0.17,0.03,66461.53846153847,311.1300642859612
0.19,0.03,66461.53846153847,311.1842509580777
0.21,0.03,66461.53846153847,311.18425095807777
0.23,0.03,66461.53846153847,311.1300642859612
0.25,0.03,66461.53846153847,311.0216121552426
0.27,0.03,66461.53846153847,310.85861319996854
0.29,0.03,66461.53846153847,310.64030093917034
0.31,0.03,66461.53846153847,310.3648948526825
0.33,0.03,66461.53846153847,310.0286353942499
0.35,0.03,66461.53846153847,309.62397200213417
0.37,0.03,66461.53846153847,309.13600377882034
0.39,0.03,66461.53846153847,308.5353178943149
0.01,0.05,66461.53846153847,308.7049519941871
0.03,0.05,66461.53846153847,309.6239720021342
0.05,0.05,66461.53846153847,310.3949429953152
0.07,0.05,66461.53846153847,311.04497200484525
0.09,0.05,66461.53846153847,311.58983839845394
0.11,0.05,66461.53846153847,312.038222243021
0.13,0.05,66461.53846153847,312.3946082743094
0.15,0.05,66461.53846153847,312.66111027822086
0.17,0.05,66461.53846153847,312.8385851109828
0.19,0.05,66461.53846153847,312.92729828203534
0.21,0.05,66461.53846153847,312.9272982820354
0.23,0.05,66461.53846153847,312.8385851109828
0.25,0.05,66461.53846153847,312.66111027822086
0.27,0.05,66461.53846153847,312.3946082743094
0.29,0.05,66461.53846153847,312.038222243021
0.31,0.05,66461.53846153847,311.5898383984539
0.33,0.05,66461.53846153847,311.0449720048452
0.35,0.05,66461.53846153847,310.3949429953152
0.37,0.05,66461.53846153847,309.62397200213417
0.39,0.05,66461.53846153847,308.7049519941871
0.01,0.07,66461.53846153847,308.8429772702968
0.03,0.07,66461.53846153847,310.0286353942499
0.05,0.07,66461.53846153847,311.04497200484525
0.07,0.07,66461.53846153847,311.91342067777043
0.09,0.07,66461.53846153847,312.64731727870105
0.11,0.07,66461.53846153847,313.254251268626
0.13,0.07,66461.53846153847,313.7381136438406
0.15,0.07,66461.53846153847,314.10060506332815
0.17,0.07,66461.53846153847,314.34226406769136
0.19,0.07,66461.53846153847,314.4631291035744
0.21,0.07,66461.53846153847,314.4631291035744
0.23,0.07,66461.53846153847,314.34226406769136
0.25,0.07,66461.53846153847,314.1006050633281
0.27,0.07,66461.53846153847,313.73811364384056
0.29,0.07,66461.53846153847,313.25425126862604
0.31,0.07,66461.53846153847,312.64731727870105
0.33,0.07,66461.53846153847,311.91342067777043
0.35,0.07,66461.53846153847,311.0449720048452
0.37,0.07,66461.53846153847,310.0286353942499
0.39,0.07,66461.53846153847,308.84297727029684
0.01,0.09,66461.53846153847,308.9568114950457
0.03,0.09,66461.53846153847,310.3648948526825
0.05,0.09,66461.53846153847,311.5898383984539
0.07,0.09,66461.53846153847,312.64731727870105
0.09,0.09,66461.53846153847,313.5470975759988
0.11,0.09,66461.53846153847,314.2945638346403
0.13,0.09,66461.53846153847,314.89219244977903
0.15,0.09,66461.53846153847,315.34073755959344
0.17,0.09,66461.53846153847,315.6400993673499
0.19,0.09,66461.53846153847,315.78991388793304
0.21,0.09,66461.53846153847,315.78991388793304
0.23,0.09,66461.53846153847,315.6400993673498
0.25,0.09,66461.53846153847,315.3407375595934
0.27,0.09,66461.53846153847,314.892192449779
0.29,0.09,66461.53846153847,314.2945638346403
0.31,0.09,66461.53846153847,313.5470975759988
0.33,0.09,66461.53846153847,312.64731727870105
0.35,0.09,66461.53846153847,311.58983839845394
0.37,0.09,66461.53846153847,310.3648948526825
0.39,0.09,66461.53846153847,308.95681149504577
0.01,0.11,66461.53846153847,309.0497281531885
0.03,0.11,66461.53846153847,310.64030093917034
0.05,0.11,66461.53846153847,312.038222243021
0.07,0.11,66461.53846153847,313.25425126862604
0.09,0.11,66461.53846153847,314.29456383464026
0.11,0.11,66461.53846153847,315.1620207743599
0.13,0.11,66461.53846153847,315.8573457762558
0.15,0.11,66461.53846153847,316.3800844494953
0.17,0.11,66461.53846153847,316.729324766571
0.19,0.11,66461.53846153847,316.90419933795044
0.21,0.11,66461.53846153847,316.90419933795044
0.23,0.11,66461.53846153847,316.7293247665709
0.25,0.11,66461.53846153847,316.3800844494953
0.27,0.11,66461.53846153847,315.8573457762558
0.29,0.11,66461.53846153847,315.1620207743599
0.31,0.11,66461.53846153847,314.2945638346403
0.33,0.11,66461.53846153847,313.25425126862604
0.35,0.11,66461.53846153847,312.03822224302104
0.37,0.11,66461.53846153847,310.64030093917034
0.39,0.11,66461.53846153847,309.04972815318854
0.01,0.13,66461.53846153847,309.1232558633092
0.03,0.13,66461.53846153847,310.8586131999686
0.05,0.13,66461.53846153847,312.39460827430935
0.07,0.13,66461.53846153847,313.7381136438406
0.09,0.13,66461.53846153847,314.89219244977903
0.11,0.13,66461.53846153847,315.8573457762558
0.13,0.13,66461.53846153847,316.6325696357302
0.15,0.13,66461.53846153847,317.2161816264779
0.17,0.13,66461.53846153847,317.60643358945407
0.19,0.13,66461.53846153847,317.8019385201754
0.21,0.13,66461.53846153847,317.8019385201754
0.23,0.13,66461.53846153847,317.60643358945407
0.25,0.13,66461.53846153847,317.2161816264779
0.27,0.13,66461.53846153847,316.6325696357302
0.29,0.13,66461.53846153847,315.8573457762558
0.31,0.13,66461.53846153847,314.89219244977903
0.33,0.13,66461.53846153847,313.7381136438406
0.35,0.13,66461.53846153847,312.3946082743094
0.37,0.13,66461.53846153847,310.8586131999686
0.39,0.13,66461.53846153847,309.1232558633092
0.01,0.15,66461.53846153847,309.17810303030643
0.03,0.15,66461.53846153847,311.0216121552427
0.05,0.15,66461.53846153847,312.66111027822086
0.07,0.15,66461.53846153847,314.10060506332815
0.09,0.15,66461.53846153847,315.3407375595934
0.11,0.15,66461.53846153847,316.3800844494953
0.13,0.15,66461.53846153847,317.21618162647786
0.15,0.15,66461.53846153847,317.84628374353537
0.17,0.15,66461.53846153847,318.26790878431984
0.19,0.15,66461.53846153847,318.47921058959537
0.21,0.15,66461.53846153847,318.47921058959537
0.23,0.15,66461.53846153847,318.26790878431984
0.25,0.15,66461.53846153847,317.8462837435354
0.27,0.15,66461.53846153847,317.2161816264779
0.29,0.15,66461.53846153847,316.3800844494953
0.31,0.15,66461.53846153847,315.34073755959344
0.33,0.15,66461.53846153847,314.10060506332815
0.35,0.15,66461.53846153847,312.6611102782209
0.37,0.15,66461.53846153847,311.0216121552427
0.39,0.15,66461.53846153847,309.1781030303064
0.01,0.17,66461.53846153847,309.2145773151295
0.03,0.17,66461.53846153847,311.1300642859612
0.05,0.17,66461.53846153847,312.8385851109828
0.07,0.17,66461.53846153847,314.3422640676914
0.09,0.17,66461.53846153847,315.6400993673498
0.11,0.17,66461.53846153847,316.729324766571
0.13,0.17,66461.53846153847,317.606433589454
0.15,0.17,66461.53846153847,318.26790878431984
0.17,0.17,66461.53846153847,318.7107297520621
0.19,0.17,66461.53846153847,318.9327112500583
0.21,0.17,66461.53846153847,318.9327112500583
0.23,0.17,66461.53846153847,318.7107297520621
0.25,0.17,66461.53846153847,318.26790878431984
0.27,0.17,66461.53846153847,317.606433589454
0.29,0.17,66461.53846153847,316.729324766571
0.31,0.17,66461.53846153847,315.6400993673499
0.33,0.17,66461.53846153847,314.3422640676914
0.35,0.17,66461.53846153847,312.8385851109828
0.37,0.17,66461.53846153847,311.1300642859612
0.39,0.17,66461.53846153847,309.2145773151295
0.01,0.19,66461.53846153847,309.2327965581459
0.03,0.19,66461.53846153847,311.1842509580777
0.05,0.19,66461.53846153847,312.9272982820354
0.07,0.19,66461.53846153847,314.4631291035744
0.09,0.19,66461.53846153847,315.789913887933
0.11,0.19,66461.53846153847,316.9041993379504
0.13,0.19,66461.53846153847,317.8019385201754
0.15,0.19,66461.53846153847,318.47921058959537
0.17,0.19,66461.53846153847,318.9327112500583
0.19,0.19,66461.53846153847,319.16007591416883
0.21,0.19,66461.53846153847,319.16007591416883
0.23,0.19,66461.53846153847,318.9327112500583
0.25,0.19,66461.53846153847,318.4792105895954
0.27,0.19,66461.53846153847,317.8019385201753
0.29,0.19,66461.53846153847,316.9041993379504
0.31,0.19,66461.53846153847,315.78991388793304
0.33,0.19,66461.53846153847,314.4631291035744
0.35,0.19,66461.53846153847,312.92729828203534
0.37,0.19,66461.53846153847,311.1842509580777
0.39,0.19,66461.53846153847,309.2327965581459
0.01,0.21,66461.53846153847,309.2327965581459
0.03,0.21,66461.53846153847,311.18425095807777
0.05,0.21,66461.53846153847,312.9272982820354
0.07,0.21,66461.53846153847,314.4631291035744
0.09,0.21,66461.53846153847,315.789913887933
0.11,0.21,66461.53846153847,316.9041993379504
0.13,0.21,66461.53846153847,317.8019385201754
0.15,0.21,66461.53846153847,318.4792105895954
0.17,0.21,66461.53846153847,318.93271125005833
0.19,0.21,66461.53846153847,319.16007591416883
0.21,0.21,66461.53846153847,319.16007591416883
0.23,0.21,66461.53846153847,318.93271125005833
0.25,0.21,66461.53846153847,318.47921058959537
0.27,0.21,66461.53846153847,317.8019385201753
0.29,0.21,66461.53846153847,316.9041993379504
0.31,0.21,66461.53846153847,315.789913887933
0.33,0.21,66461.53846153847,314.4631291035744
0.35,0.21,66461.53846153847,312.92729828203534
0.37,0.21,66461.53846153847,311.1842509580777
0.39,0.21,66461.53846153847,309.2327965581459
0.01,0.23,66461.53846153847,309.2145773151295
0.03,0.23,66461.53846153847,311.1300642859612
0.05,0.23,66461.53846153847,312.8385851109828
0.07,0.23,66461.53846153847,314.3422640676914
0.09,0.23,66461.53846153847,315.6400993673498
0.11,0.23,66461.53846153847,316.729324766571
0.13,0.23,66461.53846153847,317.60643358945407
0.15,0.23,66461.53846153847,318.2679087843199
0.17,0.23,66461.53846153847,318.7107297520621
0.19,0.23,66461.53846153847,318.93271125005833
0.21,0.23,66461.53846153847,318.93271125005833
0.23,0.23,66461.53846153847,318.7107297520621
0.25,0.23,66461.53846153847,318.26790878431984
0.27,0.23,66461.53846153847,317.606433589454
0.29,0.23,66461.53846153847,316.7293247665709
0.31,0.23,66461.53846153847,315.64009936734976
0.33,0.23,66461.53846153847,314.34226406769136
0.35,0.23,66461.53846153847,312.8385851109828
0.37,0.23,66461.53846153847,311.1300642859612
0.39,0.23,66461.53846153847,309.21457731512953
0.01,0.25,66461.53846153847,309.1781030303064
0.03,0.25,66461.53846153847,311.0216121552427
0.05,0.25,66461.53846153847,312.66111027822086
0.07,0.25,66461.53846153847,314.10060506332815
0.09,0.25,66461.53846153847,315.34073755959344
0.11,0.25,66461.53846153847,316.38008444949537
0.13,0.25,66461.53846153847,317.216181626478
0.15,0.25,66461.53846153847,317.8462837435354
0.17,0.25,66461.53846153847,318.2679087843199
0.19,0.25,66461.53846153847,318.4792105895954
0.21,0.25,66461.53846153847,318.4792105895954
0.23,0.25,66461.53846153847,318.2679087843199
0.25,0.25,66461.53846153847,317.8462837435354
0.27,0.25,66461.53846153847,317.2161816264779
0.29,0.25,66461.53846153847,316.38008444949526
0.31,0.25,66461.53846153847,315.3407375595934
0.33,0.25,66461.53846153847,314.1006050633281
0.35,0.25,66461.53846153847,312.6611102782208
0.37,0.25,66461.53846153847,311.0216121552427
0.39,0.25,66461.53846153847,309.17810303030643
0.01,0.27,66461.53846153847,309.1232558633092
0.03,0.27,66461.53846153847,310.8586131999686
0.05,0.27,66461.53846153847,312.3946082743094
0.07,0.27,66461.53846153847,313.7381136438406
0.09,0.27,66461.53846153847,314.89219244977903
0.11,0.27,66461.53846153847,315.85734577625584
0.13,0.27,66461.53846153847,316.63256963573025
0.15,0.27,66461.53846153847,317.216181626478
0.17,0.27,66461.53846153847,317.6064335894541
0.19,0.27,66461.53846153847,317.80193852017544
0.21,0.27,66461.53846153847,317.80193852017544
0.23,0.27,66461.53846153847,317.6064335894541
0.25,0.27,66461.53846153847,317.2161816264779
0.27,0.27,66461.53846153847,316.6325696357302
0.29,0.27,66461.53846153847,315.8573457762557
0.31,0.27,66461.53846153847,314.892192449779
0.33,0.27,66461.53846153847,313.7381136438405
0.35,0.27,66461.53846153847,312.39460827430935
0.37,0.27,66461.53846153847,310.8586131999686
0.39,0.27,66461.53846153847,309.1232558633092
0.01,0.29,66461.53846153847,309.04972815318854
0.03,0.29,66461.53846153847,310.64030093917034
0.05,0.29,66461.53846153847,312.038222243021
0.07,0.29,66461.53846153847,313.25425126862604
0.09,0.29,66461.53846153847,314.2945638346403
0.11,0.29,66461.53846153847,315.16202077436
0.13,0.29,66461.53846153847,315.85734577625584
0.15,0.29,66461.53846153847,316.38008444949537
0.17,0.29,66461.53846153847,316.72932476657104
0.19,0.29,66461.53846153847,316.9041993379505
0.21,0.29,66461.53846153847,316.9041993379505
0.23,0.29,66461.53846153847,316.729324766571
0.25,0.29,66461.53846153847,316.38008444949526
0.27,0.29,66461.53846153847,315.8573457762557
0.29,0.29,66461.53846153847,315.1620207743598
0.31,0.29,66461.53846153847,314.2945638346402
0.33,0.29,66461.53846153847,313.2542512686259
0.35,0.29,66461.53846153847,312.0382222430209
0.37,0.29,66461.53846153847,310.6403009391703
0.39,0.29,66461.53846153847,309.04972815318854
0.01,0.31,66461.53846153847,308.95681149504577
0.03,0.31,66461.53846153847,310.3648948526825
0.05,0.31,66461.53846153847,311.58983839845394
0.07,0.31,66461.53846153847,312.6473172787011
0.09,0.31,66461.53846153847,313.54709757599886
0.11,0.31,66461.53846153847,314.2945638346403
0.13,0.31,66461.53846153847,314.89219244977903
0.15,0.31,66461.53846153847,315.34073755959344
0.17,0.31,66461.53846153847,315.6400993673499
0.19,0.31,66461.53846153847,315.78991388793304
0.21,0.31,66461.53846153847,315.78991388793304
0.23,0.31,66461.53846153847,315.6400993673498
0.25,0.31,66461.53846153847,315.3407375595933
0.27,0.31,66461.53846153847,314.8921924497789
0.29,0.31,66461.53846153847,314.2945638346402
0.31,0.31,66461.53846153847,313.5470975759987
0.33,0.31,66461.53846153847,312.64731727870094
0.35,0.31,66461.53846153847,311.5898383984539
0.37,0.31,66461.53846153847,310.3648948526824
0.39,0.31,66461.53846153847,308.95681149504577
0.01,0.33,66461.53846153847,308.84297727029684
0.03,0.33,66461.53846153847,310.0286353942499
0.05,0.33,66461.53846153847,311.04497200484525
0.07,0.33,66461.53846153847,311.91342067777043
0.09,0.33,66461.53846153847,312.6473172787011
0.11,0.33,66461.53846153847,313.25425126862604
0.13,0.33,66461.53846153847,313.7381136438406
0.15,0.33,66461.53846153847,314.10060506332815
0.17,0.33,66461.53846153847,314.3422640676914
0.19,0.33,66461.53846153847,314.46312910357443
0.21,0.33,66461.53846153847,314.46312910357443
0.23,0.33,66461.53846153847,314.34226406769136
0.25,0.33,66461.53846153847,314.10060506332803
0.27,0.33,66461.53846153847,313.73811364384056
0.29,0.33,66461.53846153847,313.254251268626
0.31,0.33,66461.53846153847,312.647317278701
0.33,0.33,66461.53846153847,311.9134206777704
0.35,0.33,66461.53846153847,311.0449720048452
0.37,0.33,66461.53846153847,310.0286353942499
0.39,0.33,66461.53846153847,308.84297727029684
0.01,0.35,66461.53846153847,308.7049519941871
0.03,0.35,66461.53846153847,309.62397200213417
0.05,0.35,66461.53846153847,310.39494299531526
0.07,0.35,66461.53846153847,311.04497200484525
0.09,0.35,66461.53846153847,311.58983839845394
0.11,0.35,66461.53846153847,312.038222243021
0.13,0.35,66461.53846153847,312.3946082743094
0.15,0.35,66461.53846153847,312.6611102782209
0.17,0.35,66461.53846153847,312.8385851109828
0.19,0.35,66461.53846153847,312.9272982820354
0.21,0.35,66461.53846153847,312.9272982820354
0.23,0.35,66461.53846153847,312.8385851109828
0.25,0.35,66461.53846153847,312.6611102782208
0.27,0.35,66461.53846153847,312.39460827430935
0.29,0.35,66461.53846153847,312.038222243021
0.31,0.35,66461.53846153847,311.5898383984539
0.33,0.35,66461.53846153847,311.04497200484525
0.35,0.35,66461.53846153847,310.3949429953152
0.37,0.35,66461.53846153847,309.62397200213417
0.39,0.35,66461.53846153847,308.7049519941871
0.01,0.37,66461.53846153847,308.5353178943149
0.03,0.37,66461.53846153847,309.1360037788204
0.05,0.37,66461.53846153847,309.6239720021342
0.07,0.37,66461.53846153847,310.02863539424993
0.09,0.37,66461.53846153847,310.3648948526825
0.11,0.37,66461.53846153847,310.64030093917034
0.13,0.37,66461.53846153847,310.8586131999686
0.15,0.37,66461.53846153847,311.0216121552427
0.17,0.37,66461.53846153847,311.1300642859612
0.19,0.37,66461.53846153847,311.18425095807777
0.21,0.37,66461.53846153847,311.18425095807777
0.23,0.37,66461.53846153847,311.1300642859613
0.25,0.37,66461.53846153847,311.0216121552427
0.27,0.37,66461.53846153847,310.85861319996854
0.29,0.37,66461.53846153847,310.64030093917034
0.31,0.37,66461.53846153847,310.3648948526825
0.33,0.37,66461.53846153847,310.0286353942499
0.35,0.37,66461.53846153847,309.62397200213417
0.37,0.37,66461.53846153847,309.1360037788204
0.39,0.37,66461.53846153847,308.5353178943149
0.01,0.39,66461.53846153847,308.31497986904486
0.03,0.39,66461.53846153847,308.5353178943149
0.05,0.39,66461.53846153847,308.7049519941871
0.07,0.39,66461.53846153847,308.84297727029684
0.09,0.39,66461.53846153847,308.95681149504577
0.11,0.39,66461.53846153847,309.04972815318854
0.13,0.39,66461.53846153847,309.1232558633092
0.15,0.39,66461.53846153847,309.17810303030643
0.17,0.39,66461.53846153847,309.2145773151295
0.19,0.39,66461.53846153847,309.2327965581459
0.21,0.39,66461.53846153847,309.2327965581459
0.23,0.39,66461.53846153847,309.21457731512953
0.25,0.39,66461.53846153847,309.1781030303064
0.27,0.39,66461.53846153847,309.1232558633091
0.29,0.39,66461.53846153847,309.04972815318854
0.31,0.39,66461.53846153847,308.95681149504577
0.33,0.39,66461.53846153847,308.8429772702968
0.35,0.39,66461.53846153847,308.7049519941871
0.37,0.39,66461.53846153847,308.5353178943149
0.39,0.39,66461.53846153847,308.31497986904486
0.01,0.01,68307.69230769231,308.307300083409
0.03,0.01,68307.69230769231,308.51620542530657
0.05,0.01,68307.69230769231,308.67636641842404
0.07,0.01,68307.69230769231,308.80629589161725
0.09,0.01,68307.69230769231,308.91322546314734
0.11,0.01,68307.69230769231,309.00037404550625
0.13,0.01,68307.69230769231,309.06926391411235
0.15,0.01,68307.69230769231,309.12061421355975
0.17,0.01,68307.69230769231,309.1547470727597
0.19,0.01,68307.69230769231,309.17179231445186
0.21,0.01,68307.69230769231,309.17179231445186
0.23,0.01,68307.69230769231,309.1547470727597
0.25,0.01,68307.69230769231,309.12061421355975
0.27,0.01,68307.69230769231,309.06926391411235
0.29,0.01,68307.69230769231,309.00037404550625
0.31,0.01,68307.69230769231,308.91322546314734
0.33,0.01,68307.69230769231,308.8062958916172
0.35,0.01,68307.69230769231,308.676366418424
0.37,0.01,68307.69230769231,308.51620542530657
0.39,0.01,68307.69230769231,308.30730008340896
0.01,0.03,68307.69230769231,308.51620542530657
0.03,0.03,68307.69230769231,309.0848437958098
0.05,0.03,68307.69230769231,309.5452484388499
0.07,0.03,68307.69230769231,309.9260666428844
0.09,0.03,68307.69230769231,310.2418979710389
0.11,0.03,68307.69230769231,310.50020673903265
0.13,0.03,68307.69230769231,310.7047600764801
0.15,0.03,68307.69230769231,310.8573806974265
0.17,0.03,68307.69230769231,310.95888231543194
0.19,0.03,68307.69230769231,311.0095836473574
0.21,0.03,68307.69230769231,311.0095836473574
0.23,0.03,68307.69230769231,310.95888231543194
0.25,0.03,68307.69230769231,310.8573806974265
0.27,0.03,68307.69230769231,310.70476007648017
0.29,0.03,68307.69230769231,310.50020673903265
0.31,0.03,68307.69230769231,310.2418979710389
0.33,0.03,68307.69230769231,309.9260666428844
0.35,0.03,68307.69230769231,309.54524843884985
0.37,0.03,68307.69230769231,309.08484379580966
0.39,0.03,68307.69230769231,308.51620542530657
0.01,0.05,68307.69230769231,308.6763664184241
0.03,0.05,68307.69230769231,309.54524843885
0.05,0.05,68307.69230769231,310.27213543894584
0.07,0.05,68307.69230769231,310.88362366845763
0.09,0.05,68307.69230769231,311.39530170311514
0.11,0.05,68307.69230769231,311.8158357912981
0.13,0.05,68307.69230769231,312.1497791516123
0.15,0.05,68307.69230769231,312.3993402346742
0.17,0.05,68307.69230769231,312.5654650823232
0.19,0.05,68307.69230769231,312.6484857192801
0.21,0.05,68307.69230769231,312.6484857192801
0.23,0.05,68307.69230769231,312.5654650823232
0.25,0.05,68307.69230769231,312.3993402346742
0.27,0.05,68307.69230769231,312.14977915161234
0.29,0.05,68307.69230769231,311.8158357912982
0.31,0.05,68307.69230769231,311.39530170311514
0.33,0.05,68307.69230769231,310.88362366845763
0.35,0.05,68307.69230769231,310.2721354389457
0.37,0.05,68307.69230769231,309.54524843884985
0.39,0.05,68307.69230769231,308.67636641842404
0.01,0.07,68307.69230769231,308.80629589161725
0.03,0.07,68307.69230769231,309.92606664288445
0.05,0.07,68307.69230769231,310.8836236684577
0.07,0.07,68307.69230769231,311.7002505586456
0.09,0.07,68307.69230769231,312.389308518822
0.11,0.07,68307.69230769231,312.9585138561579
0.13,0.07,68307.69230769231,313.4119251025725
0.15,0.07,68307.69230769231,313.751409780356
0.17,0.07,68307.69230769231,313.9776471295555
0.19,0.07,68307.69230769231,314.0907755486203
0.21,0.07,68307.69230769231,314.0907755486203
0.23,0.07,68307.69230769231,313.9776471295555
0.25,0.07,68307.69230769231,313.7514097803559
0.27,0.07,68307.69230769231,313.4119251025725
0.29,0.07,68307.69230769231,312.95851385615794
0.31,0.07,68307.69230769231,312.389308518822
0.33,0.07,68307.69230769231,311.7002505586455
0.35,0.07,68307.69230769231,310.8836236684576
0.37,0.07,68307.69230769231,309.9260666428844
0.39,0.07,68307.69230769231,308.80629589161725
0.01,0.09,68307.69230769231,308.9132254631474
0.03,0.09,68307.69230769231,310.241897971039
0.05,0.09,68307.69230769231,311.3953017031152
0.07,0.09,68307.69230769231,312.38930851882213
0.09,0.09,68307.69230769231,313.2339508547313
0.11,0.09,68307.69230769231,313.9349077874343
0.13,0.09,68307.69230769231,314.4949414735511
0.15,0.09,68307.69230769231,314.91505646011217
0.17,0.09,68307.69230769231,315.19535108309384
0.19,0.09,68307.69230769231,315.3355974702193
0.21,0.09,68307.69230769231,315.3355974702193
0.23,0.09,68307.69230769231,315.19535108309384
0.25,0.09,68307.69230769231,314.9150564601121
0.27,0.09,68307.69230769231,314.4949414735511
0.29,0.09,68307.69230769231,313.9349077874344
0.31,0.09,68307.69230769231,313.23395085473123
0.33,0.09,68307.69230769231,312.389308518822
0.35,0.09,68307.69230769231,311.39530170311514
0.37,0.09,68307.69230769231,310.2418979710389
0.39,0.09,68307.69230769231,308.9132254631474
0.01,0.11,68307.69230769231,309.0003740455063
0.03,0.11,68307.69230769231,310.5002067390327
0.05,0.11,68307.69230769231,311.81583579129824
0.07,0.11,68307.69230769231,312.95851385615805
0.09,0.11,68307.69230769231,313.93490778743444
0.11,0.11,68307.69230769231,314.748338148554
0.13,0.11,68307.69230769231,315.399933876652
0.15,0.11,68307.69230769231,315.8895758082853
0.17,0.11,68307.69230769231,316.2166079833322
0.19,0.11,68307.69230769231,316.38033526083984
0.21,0.11,68307.69230769231,316.38033526083984
0.23,0.11,68307.69230769231,316.21660798333227
0.25,0.11,68307.69230769231,315.8895758082853
0.27,0.11,68307.69230769231,315.3999338766521
0.29,0.11,68307.69230769231,314.748338148554
0.31,0.11,68307.69230769231,313.9349077874344
0.33,0.11,68307.69230769231,312.95851385615794
0.35,0.11,68307.69230769231,311.8158357912982
0.37,0.11,68307.69230769231,310.50020673903265
0.39,0.11,68307.69230769231,309.0003740455063
0.01,0.13,68307.69230769231,309.06926391411235
0.03,0.13,68307.69230769231,310.7047600764802
0.05,0.13,68307.69230769231,312.1497791516124
0.07,0.13,68307.69230769231,313.41192510257264
0.09,0.13,68307.69230769231,314.49494147355114
0.11,0.13,68307.69230769231,315.3999338766521
0.13,0.13,68307.69230769231,316.126410987087
0.15,0.13,68307.69230769231,316.6731028791873
0.17,0.13,68307.69230769231,317.03857046563786
0.19,0.13,68307.69230769231,317.22163205225166
0.21,0.13,68307.69230769231,317.22163205225166
0.23,0.13,68307.69230769231,317.03857046563786
0.25,0.13,68307.69230769231,316.67310287918724
0.27,0.13,68307.69230769231,316.12641098708696
0.29,0.13,68307.69230769231,315.3999338766521
0.31,0.13,68307.69230769231,314.49494147355114
0.33,0.13,68307.69230769231,313.4119251025726
0.35,0.13,68307.69230769231,312.14977915161234
0.37,0.13,68307.69230769231,310.70476007648017
0.39,0.13,68307.69230769231,309.0692639141124
0.01,0.15,68307.69230769231,309.12061421355975
0.03,0.15,68307.69230769231,310.8573806974265
0.05,0.15,68307.69230769231,312.39934023467424
0.07,0.15,68307.69230769231,313.751409780356
0.09,0.15,68307.69230769231,314.9150564601122
0.11,0.15,68307.69230769231,315.8895758082854
0.13,0.15,68307.69230769231,316.6731028791873
0.15,0.15,68307.69230769231,317.26336781576003
0.17,0.15,68307.69230769231,317.65824122343537
0.19,0.15,68307.69230769231,317.85610950867675
0.21,0.15,68307.69230769231,317.8561095086767
0.23,0.15,68307.69230769231,317.6582412234353
0.25,0.15,68307.69230769231,317.26336781576
0.27,0.15,68307.69230769231,316.67310287918724
0.29,0.15,68307.69230769231,315.8895758082854
0.31,0.15,68307.69230769231,314.9150564601123
0.33,0.15,68307.69230769231,313.751409780356
0.35,0.15,68307.69230769231,312.39934023467424
0.37,0.15,68307.69230769231,310.8573806974265
0.39,0.15,68307.69230769231,309.1206142135598
0.01,0.17,68307.69230769231,309.1547470727596
0.03,0.17,68307.69230769231,310.95888231543194
0.05,0.17,68307.69230769231,312.5654650823233
0.07,0.17,68307.69230769231,313.9776471295556
0.09,0.17,68307.69230769231,315.1953510830939
0.11,0.17,68307.69230769231,316.2166079833323
0.13,0.17,68307.69230769231,317.0385704656379
0.15,0.17,68307.69230769231,317.65824122343537
0.17,0.17,68307.69230769231,318.0729830614851
0.19,0.17,68307.69230769231,318.2808626380533
0.21,0.17,68307.69230769231,318.2808626380533
0.23,0.17,68307.69230769231,318.07298306148505
0.25,0.17,68307.69230769231,317.65824122343537
0.27,0.17,68307.69230769231,317.03857046563786
0.29,0.17,68307.69230769231,316.2166079833323
0.31,0.17,68307.69230769231,315.19535108309395
0.33,0.17,68307.69230769231,313.97764712955563
0.35,0.17,68307.69230769231,312.56546508232327
0.37,0.17,68307.69230769231,310.95888231543194
0.39,0.17,68307.69230769231,309.1547470727596
0.01,0.19,68307.69230769231,309.17179231445186
0.03,0.19,68307.69230769231,311.0095836473574
0.05,0.19,68307.69230769231,312.64848571928013
0.07,0.19,68307.69230769231,314.09077554862034
0.09,0.19,68307.69230769231,315.33559747021934
0.11,0.19,68307.69230769231,316.3803352608399
0.13,0.19,68307.69230769231,317.2216320522517
0.15,0.19,68307.69230769231,317.85610950867675
0.17,0.19,68307.69230769231,318.2808626380533
0.19,0.19,68307.69230769231,318.4937887670811
0.21,0.19,68307.69230769231,318.4937887670812
0.23,0.19,68307.69230769231,318.2808626380533
0.25,0.19,68307.69230769231,317.85610950867675
0.27,0.19,68307.69230769231,317.22163205225166
0.29,0.19,68307.69230769231,316.3803352608399
0.31,0.19,68307.69230769231,315.3355974702194
0.33,0.19,68307.69230769231,314.09077554862034
0.35,0.19,68307.69230769231,312.6484857192801
0.37,0.19,68307.69230769231,311.0095836473574
0.39,0.19,68307.69230769231,309.1717923144518
0.01,0.21,68307.69230769231,309.17179231445186
0.03,0.21,68307.69230769231,311.0095836473574
0.05,0.21,68307.69230769231,312.6484857192801
0.07,0.21,68307.69230769231,314.09077554862034
0.09,0.21,68307.69230769231,315.33559747021934
0.11,0.21,68307.69230769231,316.3803352608399
0.13,0.21,68307.69230769231,317.2216320522517
0.15,0.21,68307.69230769231,317.85610950867675
0.17,0.21,68307.69230769231,318.2808626380533
0.19,0.21,68307.69230769231,318.4937887670812
0.21,0.21,68307.69230769231,318.4937887670812
0.23,0.21,68307.69230769231,318.2808626380533
0.25,0.21,68307.69230769231,317.8561095086767
0.27,0.21,68307.69230769231,317.22163205225166
0.29,0.21,68307.69230769231,316.38033526083984
0.31,0.21,68307.69230769231,315.33559747021934
0.33,0.21,68307.69230769231,314.0907755486203
0.35,0.21,68307.69230769231,312.6484857192801
0.37,0.21,68307.69230769231,311.0095836473573
0.39,0.21,68307.69230769231,309.1717923144518
0.01,0.23,68307.69230769231,309.1547470727597
0.03,0.23,68307.69230769231,310.95888231543194
0.05,0.23,68307.69230769231,312.56546508232327
0.07,0.23,68307.69230769231,313.9776471295556
0.09,0.23,68307.69230769231,315.1953510830939
0.11,0.23,68307.69230769231,316.2166079833323
0.13,0.23,68307.69230769231,317.0385704656379
0.15,0.23,68307.69230769231,317.65824122343537
0.17,0.23,68307.69230769231,318.0729830614851
0.19,0.23,68307.69230769231,318.2808626380533
0.21,0.23,68307.69230769231,318.2808626380533
0.23,0.23,68307.69230769231,318.0729830614851
0.25,0.23,68307.69230769231,317.6582412234353
0.27,0.23,68307.69230769231,317.03857046563786
0.29,0.23,68307.69230769231,316.2166079833322
0.31,0.23,68307.69230769231,315.19535108309384
0.33,0.23,68307.69230769231,313.9776471295556
0.35,0.23,68307.69230769231,312.5654650823232
0.37,0.23,68307.69230769231,310.9588823154319
0.39,0.23,68307.69230769231,309.1547470727596
0.01,0.25,68307.69230769231,309.1206142135598
0.03,0.25,68307.69230769231,310.8573806974265
0.05,0.25,68307.69230769231,312.39934023467424
0.07,0.25,68307.69230769231,313.751409780356
0.09,0.25,68307.69230769231,314.9150564601122
0.11,0.25,68307.69230769231,315.8895758082854
0.13,0.25,68307.69230769231,316.6731028791873
0.15,0.25,68307.69230769231,317.2633678157601
0.17,0.25,68307.69230769231,317.6582412234354
0.19,0.25,68307.69230769231,317.8561095086768
0.21,0.25,68307.69230769231,317.85610950867675
0.23,0.25,68307.69230769231,317.6582412234353
0.25,0.25,68307.69230769231,317.26336781576
0.27,0.25,68307.69230769231,316.67310287918724
0.29,0.25,68307.69230769231,315.8895758082852
0.31,0.25,68307.69230769231,314.9150564601121
0.33,0.25,68307.69230769231,313.7514097803559
0.35,0.25,68307.69230769231,312.3993402346742
0.37,0.25,68307.69230769231,310.8573806974265
0.39,0.25,68307.69230769231,309.12061421355975
0.01,0.27,68307.69230769231,309.0692639141124
0.03,0.27,68307.69230769231,310.70476007648017
0.05,0.27,68307.69230769231,312.14977915161234
0.07,0.27,68307.69230769231,313.4119251025726
0.09,0.27,68307.69230769231,314.49494147355114
0.11,0.27,68307.69230769231,315.3999338766521
0.13,0.27,68307.69230769231,316.126410987087
0.15,0.27,68307.69230769231,316.6731028791873
0.17,0.27,68307.69230769231,317.0385704656379
0.19,0.27,68307.69230769231,317.2216320522517
0.21,0.27,68307.69230769231,317.2216320522517
0.23,0.27,68307.69230769231,317.0385704656379
0.25,0.27,68307.69230769231,316.67310287918724
0.27,0.27,68307.69230769231,316.1264109870869
0.29,0.27,68307.69230769231,315.399933876652
0.31,0.27,68307.69230769231,314.494941473551
0.33,0.27,68307.69230769231,313.41192510257247
0.35,0.27,68307.69230769231,312.1497791516122
0.37,0.27,68307.69230769231,310.7047600764801
0.39,0.27,68307.69230769231,309.06926391411235
0.01,0.29,68307.69230769231,309.0003740455063
0.03,0.29,68307.69230769231,310.5002067390327
0.05,0.29,68307.69230769231,311.8158357912982
0.07,0.29,68307.69230769231,312.95851385615794
0.09,0.29,68307.69230769231,313.93490778743444
0.11,0.29,68307.69230769231,314.74833814855407
0.13,0.29,68307.69230769231,315.3999338766521
0.15,0.29,68307.69230769231,315.88957580828543
0.17,0.29,68307.69230769231,316.2166079833323
0.19,0.29,68307.69230769231,316.3803352608399
0.21,0.29,68307.69230769231,316.38033526084
0.23,0.29,68307.69230769231,316.2166079833323
0.25,0.29,68307.69230769231,315.8895758082853
0.27,0.29,68307.69230769231,315.399933876652
0.29,0.29,68307.69230769231,314.7483381485539
0.31,0.29,68307.69230769231,313.93490778743427
0.33,0.29,68307.69230769231,312.9585138561578
0.35,0.29,68307.69230769231,311.81583579129807
0.37,0.29,68307.69230769231,310.50020673903265
0.39,0.29,68307.69230769231,309.0003740455063
0.01,0.31,68307.69230769231,308.91322546314746
0.03,0.31,68307.69230769231,310.241897971039
0.05,0.31,68307.69230769231,311.3953017031152
0.07,0.31,68307.69230769231,312.3893085188221
0.09,0.31,68307.69230769231,313.2339508547313
0.11,0.31,68307.69230769231,313.93490778743444
0.13,0.31,68307.69230769231,314.49494147355114
0.15,0.31,68307.69230769231,314.9150564601122
0.17,0.31,68307.69230769231,315.19535108309395
0.19,0.31,68307.69230769231,315.3355974702194
0.21,0.31,68307.69230769231,315.33559747021934
0.23,0.31,68307.69230769231,315.1953510830939
0.25,0.31,68307.69230769231,314.9150564601121
0.27,0.31,68307.69230769231,314.49494147355097
0.29,0.31,68307.69230769231,313.93490778743427
0.31,0.31,68307.69230769231,313.2339508547311
0.33,0.31,68307.69230769231,312.389308518822
0.35,0.31,68307.69230769231,311.3953017031151
0.37,0.31,68307.69230769231,310.2418979710389
0.39,0.31,68307.69230769231,308.9132254631474
0.01,0.33,68307.69230769231,308.8062958916173
0.03,0.33,68307.69230769231,309.9260666428845
0.05,0.33,68307.69230769231,310.88362366845774
0.07,0.33,68307.69230769231,311.7002505586456
0.09,0.33,68307.69230769231,312.3893085188221
0.11,0.33,68307.69230769231,312.958513856158
0.13,0.33,68307.69230769231,313.4119251025726
0.15,0.33,68307.69230769231,313.751409780356
0.17,0.33,68307.69230769231,313.97764712955563
0.19,0.33,68307.69230769231,314.09077554862034
0.21,0.33,68307.69230769231,314.09077554862034
0.23,0.33,68307.69230769231,313.9776471295555
0.25,0.33,68307.69230769231,313.7514097803559
0.27,0.33,68307.69230769231,313.41192510257247
0.29,0.33,68307.69230769231,312.9585138561578
0.31,0.33,68307.69230769231,312.389308518822
0.33,0.33,68307.69230769231,311.7002505586455
0.35,0.33,68307.69230769231,310.88362366845763
0.37,0.33,68307.69230769231,309.92606664288445
0.39,0.33,68307.69230769231,308.80629589161725
0.01,0.35,68307.69230769231,308.6763664184241
0.03,0.35,68307.69230769231,309.54524843885
0.05,0.35,68307.69230769231,310.2721354389459
0.07,0.35,68307.69230769231,310.8836236684577
0.09,0.35,68307.69230769231,311.3953017031152
0.11,0.35,68307.69230769231,311.8158357912982
0.13,0.35,68307.69230769231,312.14977915161234
0.15,0.35,68307.69230769231,312.39934023467424
0.17,0.35,68307.69230769231,312.56546508232327
0.19,0.35,68307.69230769231,312.6484857192801
0.21,0.35,68307.69230769231,312.64848571928013
0.23,0.35,68307.69230769231,312.56546508232327
0.25,0.35,68307.69230769231,312.3993402346742
0.27,0.35,68307.69230769231,312.1497791516123
0.29,0.35,68307.69230769231,311.81583579129807
0.31,0.35,68307.69230769231,311.3953017031151
0.33,0.35,68307.69230769231,310.88362366845763
0.35,0.35,68307.69230769231,310.2721354389458
0.37,0.35,68307.69230769231,309.5452484388499
0.39,0.35,68307.69230769231,308.6763664184241
0.01,0.37,68307.69230769231,308.5162054253066
0.03,0.37,68307.69230769231,309.0848437958098
0.05,0.37,68307.69230769231,309.54524843885
0.07,0.37,68307.69230769231,309.9260666428845
0.09,0.37,68307.69230769231,310.241897971039
0.11,0.37,68307.69230769231,310.50020673903265
0.13,0.37,68307.69230769231,310.70476007648017
0.15,0.37,68307.69230769231,310.8573806974265
0.17,0.37,68307.69230769231,310.95888231543194
0.19,0.37,68307.69230769231,311.0095836473574
0.21,0.37,68307.69230769231,311.0095836473574
0.23,0.37,68307.69230769231,310.95888231543194
0.25,0.37,68307.69230769231,310.8573806974265
0.27,0.37,68307.69230769231,310.70476007648017
0.29,0.37,68307.69230769231,310.50020673903265
0.31,0.37,68307.69230769231,310.2418979710389
0.33,0.37,68307.69230769231,309.9260666428844
0.35,0.37,68307.69230769231,309.5452484388499
0.37,0.37,68307.69230769231,309.0848437958097
0.39,0.37,68307.69230769231,308.51620542530657
0.01,0.39,68307.69230769231,308.307300083409
0.03,0.39,68307.69230769231,308.51620542530657
0.05,0.39,68307.69230769231,308.67636641842404
0.07,0.39,68307.69230769231,308.80629589161725
0.09,0.39,68307.69230769231,308.9132254631474
0.11,0.39,68307.69230769231,309.0003740455063
0.13,0.39,68307.69230769231,309.0692639141124
0.15,0.39,68307.69230769231,309.1206142135598
0.17,0.39,68307.69230769231,309.1547470727596
0.19,0.39,68307.69230769231,309.1717923144518
0.21,0.39,68307.69230769231,309.1717923144518
0.23,0.39,68307.69230769231,309.1547470727597
0.25,0.39,68307.69230769231,309.1206142135598
0.27,0.39,68307.69230769231,309.0692639141124
0.29,0.39,68307.69230769231,309.0003740455063
0.31,0.39,68307.69230769231,308.9132254631474
0.33,0.39,68307.69230769231,308.80629589161725
0.35,0.39,68307.69230769231,308.67636641842404
0.37,0.39,68307.69230769231,308.51620542530657
0.39,0.39,68307.69230769231,308.30730008340896
0.01,0.01,70153.84615384616,308.30012576613376
0.03,0.01,70153.84615384616,308.4983679902097
0.05,0.01,70153.84615384616,308.6496988019033
0.07,0.01,70153.84615384616,308.77208185260747
0.09,0.01,70153.84615384616,308.8725731927783
0.11,0.01,70153.84615384616,308.9543407802772
0.13,0.01,70153.84615384616,309.0189018403114
0.15,0.01,70153.84615384616,309.0669867661952
0.17,0.01,70153.84615384616,309.0989324045558
0.19,0.01,70153.84615384616,309.11488070916505
0.21,0.01,70153.84615384616,309.11488070916505
0.23,0.01,70153.84615384616,309.09893240455574
0.25,0.01,70153.84615384616,309.0669867661951
0.27,0.01,70153.84615384616,309.01890184031134
0.29,0.01,70153.84615384616,308.9543407802772
0.31,0.01,70153.84615384616,308.8725731927783
0.33,0.01,70153.84615384616,308.7720818526074
0.35,0.01,70153.84615384616,308.64969880190324
0.37,0.01,70153.84615384616,308.4983679902097
0.39,0.01,70153.84615384616,308.30012576613376
0.01,0.03,70153.84615384616,308.4983679902097
0.03,0.03,70153.84615384616,309.03712436689807
0.05,0.03,70153.84615384616,309.47183585570616
0.07,0.03,70153.84615384616,309.8304241334888
0.09,0.03,70153.84615384616,310.127203765903
0.11,0.03,70153.84615384616,310.3695591357005
0.13,0.03,70153.84615384616,310.5612673422771
0.15,0.03,70153.84615384616,310.70419429851216
0.17,0.03,70153.84615384616,310.7992015189823
0.19,0.03,70153.84615384616,310.8466454608492
0.21,0.03,70153.84615384616,310.8466454608492
0.23,0.03,70153.84615384616,310.7992015189822
0.25,0.03,70153.84615384616,310.7041942985121
0.27,0.03,70153.84615384616,310.5612673422771
0.29,0.03,70153.84615384616,310.3695591357005
0.31,0.03,70153.84615384616,310.127203765903
0.33,0.03,70153.84615384616,309.83042413348875
0.35,0.03,70153.84615384616,309.4718358557061
0.37,0.03,70153.84615384616,309.03712436689807
0.39,0.03,70153.84615384616,308.4983679902097
0.01,0.05,70153.84615384616,308.6496988019033
0.03,0.05,70153.84615384616,309.4718358557061
0.05,0.05,70153.84615384616,310.15762687323775
0.07,0.05,70153.84615384616,310.73317796033706
0.09,0.05,70153.84615384616,311.2138956760664
0.11,0.05,70153.84615384616,311.60843542623724
0.13,0.05,70153.84615384616,311.9214197276662
0.15,0.05,70153.84615384616,312.15515202893096
0.17,0.05,70153.84615384616,312.3106679416361
0.19,0.05,70153.84615384616,312.3883664290919
0.21,0.05,70153.84615384616,312.3883664290919
0.23,0.05,70153.84615384616,312.3106679416361
0.25,0.05,70153.84615384616,312.15515202893096
0.27,0.05,70153.84615384616,311.92141972766615
0.29,0.05,70153.84615384616,311.60843542623724
0.31,0.05,70153.84615384616,311.2138956760664
0.33,0.05,70153.84615384616,310.7331779603371
0.35,0.05,70153.84615384616,310.1576268732377
0.37,0.05,70153.84615384616,309.4718358557061
0.39,0.05,70153.84615384616,308.64969880190324
0.01,0.07,70153.84615384616,308.77208185260747
0.03,0.07,70153.84615384616,309.8304241334888
0.05,0.07,70153.84615384616,310.7331779603371
0.07,0.07,70153.84615384616,311.5014724450938
0.09,0.07,70153.84615384616,312.14868935700275
0.11,0.07,70153.84615384616,312.6826675960251
0.13,0.07,70153.84615384616,313.10763027733
0.15,0.07,70153.84615384616,313.42561028453315
0.17,0.07,70153.84615384616,313.63742716579463
0.19,0.07,70153.84615384616,313.7433194447752
0.21,0.07,70153.84615384616,313.7433194447752
0.23,0.07,70153.84615384616,313.63742716579463
0.25,0.07,70153.84615384616,313.42561028453315
0.27,0.07,70153.84615384616,313.10763027733
0.29,0.07,70153.84615384616,312.6826675960251
0.31,0.07,70153.84615384616,312.1486893570027
0.33,0.07,70153.84615384616,311.5014724450937
0.35,0.07,70153.84615384616,310.73317796033706
0.37,0.07,70153.84615384616,309.83042413348875
0.39,0.07,70153.84615384616,308.77208185260747
0.01,0.09,70153.84615384616,308.8725731927783
0.03,0.09,70153.84615384616,310.127203765903
0.05,0.09,70153.84615384616,311.2138956760664
0.07,0.09,70153.84615384616,312.14868935700275
0.09,0.09,70153.84615384616,312.94186412021816
0.11,0.09,70153.84615384616,313.5993805969045
0.13,0.09,70153.84615384616,314.1242788239531
0.15,0.09,70153.84615384616,314.5178096561343
0.17,0.09,70153.84615384616,314.78026793517523
0.19,0.09,70153.84615384616,314.9115615716979
0.21,0.09,70153.84615384616,314.911561571698
0.23,0.09,70153.84615384616,314.7802679351753
0.25,0.09,70153.84615384616,314.5178096561344
0.27,0.09,70153.84615384616,314.1242788239531
0.29,0.09,70153.84615384616,313.5993805969045
0.31,0.09,70153.84615384616,312.94186412021816
0.33,0.09,70153.84615384616,312.14868935700275
0.35,0.09,70153.84615384616,311.2138956760664
0.37,0.09,70153.84615384616,310.127203765903
0.39,0.09,70153.84615384616,308.8725731927783
0.01,0.11,70153.84615384616,308.9543407802772
0.03,0.11,70153.84615384616,310.36955913570057
0.05,0.11,70153.84615384616,311.6084354262373
0.07,0.11,70153.84615384616,312.6826675960252
0.09,0.11,70153.84615384616,313.5993805969045
0.11,0.11,70153.84615384616,314.3623331886621
0.13,0.11,70153.84615384616,314.9730465446153
0.15,0.11,70153.84615384616,315.43172976012244
0.17,0.11,70153.84615384616,315.7379798542114
0.19,0.11,70153.84615384616,315.89127294817246
0.21,0.11,70153.84615384616,315.8912729481725
0.23,0.11,70153.84615384616,315.7379798542115
0.25,0.11,70153.84615384616,315.4317297601225
0.27,0.11,70153.84615384616,314.97304654461533
0.29,0.11,70153.84615384616,314.3623331886621
0.31,0.11,70153.84615384616,313.5993805969045
0.33,0.11,70153.84615384616,312.6826675960252
0.35,0.11,70153.84615384616,311.6084354262373
0.37,0.11,70153.84615384616,310.3695591357005
0.39,0.11,70153.84615384616,308.9543407802772
0.01,0.13,70153.84615384616,309.01890184031134
0.03,0.13,70153.84615384616,310.5612673422771
0.05,0.13,70153.84615384616,311.92141972766626
0.07,0.13,70153.84615384616,313.1076302773301
0.09,0.13,70153.84615384616,314.1242788239532
0.11,0.13,70153.84615384616,314.97304654461533
0.13,0.13,70153.84615384616,315.6539371162418
0.15,0.13,70153.84615384616,316.1660834111096
0.17,0.13,70153.84615384616,316.508350878372
0.19,0.13,70153.84615384616,316.67976145995874
0.21,0.13,70153.84615384616,316.6797614599588
0.23,0.13,70153.84615384616,316.508350878372
0.25,0.13,70153.84615384616,316.1660834111096
0.27,0.13,70153.84615384616,315.6539371162419
0.29,0.13,70153.84615384616,314.97304654461533
0.31,0.13,70153.84615384616,314.12427882395315
0.33,0.13,70153.84615384616,313.10763027733003
0.35,0.13,70153.84615384616,311.9214197276662
0.37,0.13,70153.84615384616,310.5612673422771
0.39,0.13,70153.84615384616,309.01890184031134
0.01,0.15,70153.84615384616,309.0669867661951
0.03,0.15,70153.84615384616,310.70419429851216
0.05,0.15,70153.84615384616,312.155152028931
0.07,0.15,70153.84615384616,313.4256102845332
0.09,0.15,70153.84615384616,314.51780965613443
0.11,0.15,70153.84615384616,315.4317297601225
0.13,0.15,70153.84615384616,316.1660834111096
0.15,0.15,70153.84615384616,316.71906431890943
0.17,0.15,70153.84615384616,317.088889937566
0.19,0.15,70153.84615384616,317.27417695514083
0.21,0.15,70153.84615384616,317.27417695514083
0.23,0.15,70153.84615384616,317.088889937566
0.25,0.15,70153.84615384616,316.71906431890943
0.27,0.15,70153.84615384616,316.1660834111096
0.29,0.15,70153.84615384616,315.4317297601225
0.31,0.15,70153.84615384616,314.5178096561344
0.33,0.15,70153.84615384616,313.4256102845332
0.35,0.15,70153.84615384616,312.155152028931
0.37,0.15,70153.84615384616,310.70419429851216
0.39,0.15,70153.84615384616,309.0669867661952
0.01,0.17,70153.84615384616,309.09893240455574
0.03,0.17,70153.84615384616,310.7992015189823
0.05,0.17,70153.84615384616,312.3106679416362
0.07,0.17,70153.84615384616,313.63742716579475
0.09,0.17,70153.84615384616,314.7802679351754
0.11,0.17,70153.84615384616,315.7379798542115
0.13,0.17,70153.84615384616,316.508350878372
0.15,0.17,70153.84615384616,317.088889937566
0.17,0.17,70153.84615384616,317.47733657457724
0.19,0.17,70153.84615384616,317.6720066146418
0.21,0.17,70153.84615384616,317.67200661464176
0.23,0.17,70153.84615384616,317.4773365745772
0.25,0.17,70153.84615384616,317.0888899375659
0.27,0.17,70153.84615384616,316.508350878372
0.29,0.17,70153.84615384616,315.7379798542115
0.31,0.17,70153.84615384616,314.7802679351753
0.33,0.17,70153.84615384616,313.6374271657947
0.35,0.17,70153.84615384616,312.3106679416361
0.37,0.17,70153.84615384616,310.7992015189822
0.39,0.17,70153.84615384616,309.09893240455574
0.01,0.19,70153.84615384616,309.114880709165
0.03,0.19,70153.84615384616,310.8466454608492
0.05,0.19,70153.84615384616,312.38836642909195
0.07,0.19,70153.84615384616,313.74331944477524
0.09,0.19,70153.84615384616,314.91156157169803
0.11,0.19,70153.84615384616,315.89127294817257
0.13,0.19,70153.84615384616,316.67976145995885
0.15,0.19,70153.84615384616,317.27417695514094
0.17,0.19,70153.84615384616,317.6720066146419
0.19,0.19,70153.84615384616,317.87140670796043
0.21,0.19,70153.84615384616,317.87140670796043
0.23,0.19,70153.84615384616,317.6720066146418
0.25,0.19,70153.84615384616,317.2741769551409
0.27,0.19,70153.84615384616,316.6797614599588
0.29,0.19,70153.84615384616,315.8912729481725
0.31,0.19,70153.84615384616,314.9115615716979
0.33,0.19,70153.84615384616,313.7433194447751
0.35,0.19,70153.84615384616,312.3883664290919
0.37,0.19,70153.84615384616,310.8466454608492
0.39,0.19,70153.84615384616,309.11488070916505
0.01,0.21,70153.84615384616,309.11488070916505
0.03,0.21,70153.84615384616,310.8466454608492
0.05,0.21,70153.84615384616,312.38836642909195
0.07,0.21,70153.84615384616,313.74331944477524
0.09,0.21,70153.84615384616,314.91156157169803
0.11,0.21,70153.84615384616,315.89127294817257
0.13,0.21,70153.84615384616,316.67976145995885
0.15,0.21,70153.84615384616,317.27417695514094
0.17,0.21,70153.84615384616,317.672006614642
0.19,0.21,70153.84615384616,317.8714067079605
0.21,0.21,70153.84615384616,317.87140670796043
0.23,0.21,70153.84615384616,317.6720066146419
0.25,0.21,70153.84615384616,317.2741769551409
0.27,0.21,70153.84615384616,316.67976145995874
0.29,0.21,70153.84615384616,315.89127294817246
0.31,0.21,70153.84615384616,314.9115615716979
0.33,0.21,70153.84615384616,313.7433194447751
0.35,0.21,70153.84615384616,312.38836642909183
0.37,0.21,70153.84615384616,310.84664546084923
0.39,0.21,70153.84615384616,309.11488070916505
0.01,0.23,70153.84615384616,309.09893240455574
0.03,0.23,70153.84615384616,310.7992015189822
0.05,0.23,70153.84615384616,312.3106679416361
0.07,0.23,70153.84615384616,313.6374271657947
0.09,0.23,70153.84615384616,314.78026793517535
0.11,0.23,70153.84615384616,315.7379798542116
0.13,0.23,70153.84615384616,316.508350878372
0.15,0.23,70153.84615384616,317.088889937566
0.17,0.23,70153.84615384616,317.4773365745773
0.19,0.23,70153.84615384616,317.672006614642
0.21,0.23,70153.84615384616,317.6720066146419
0.23,0.23,70153.84615384616,317.47733657457724
0.25,0.23,70153.84615384616,317.088889937566
0.27,0.23,70153.84615384616,316.508350878372
0.29,0.23,70153.84615384616,315.7379798542114
0.31,0.23,70153.84615384616,314.7802679351753
0.33,0.23,70153.84615384616,313.63742716579463
0.35,0.23,70153.84615384616,312.3106679416361
0.37,0.23,70153.84615384616,310.7992015189822
0.39,0.23,70153.84615384616,309.09893240455574
0.01,0.25,70153.84615384616,309.0669867661951
0.03,0.25,70153.84615384616,310.70419429851216
0.05,0.25,70153.84615384616,312.155152028931
0.07,0.25,70153.84615384616,313.4256102845332
0.09,0.25,70153.84615384616,314.5178096561344
0.11,0.25,70153.84615384616,315.4317297601225
0.13,0.25,70153.84615384616,316.16608341110964
0.15,0.25,70153.84615384616,316.71906431890955
0.17,0.25,70153.84615384616,317.0888899375661
0.19,0.25,70153.84615384616,317.274176955141
0.21,0.25,70153.84615384616,317.27417695514094
0.23,0.25,70153.84615384616,317.088889937566
0.25,0.25,70153.84615384616,316.71906431890943
0.27,0.25,70153.84615384616,316.1660834111095
0.29,0.25,70153.84615384616,315.4317297601224
0.31,0.25,70153.84615384616,314.51780965613426
0.33,0.25,70153.84615384616,313.4256102845331
0.35,0.25,70153.84615384616,312.15515202893096
0.37,0.25,70153.84615384616,310.7041942985121
0.39,0.25,70153.84615384616,309.0669867661951
0.01,0.27,70153.84615384616,309.01890184031134
0.03,0.27,70153.84615384616,310.56126734227706
0.05,0.27,70153.84615384616,311.9214197276662
0.07,0.27,70153.84615384616,313.10763027733003
0.09,0.27,70153.84615384616,314.12427882395315
0.11,0.27,70153.84615384616,314.97304654461533
0.13,0.27,70153.84615384616,315.6539371162419
0.15,0.27,70153.84615384616,316.16608341110964
0.17,0.27,70153.84615384616,316.5083508783721
0.19,0.27,70153.84615384616,316.6797614599589
0.21,0.27,70153.84615384616,316.67976145995885
0.23,0.27,70153.84615384616,316.508350878372
0.25,0.27,70153.84615384616,316.1660834111096
0.27,0.27,70153.84615384616,315.65393711624176
0.29,0.27,70153.84615384616,314.9730465446152
0.31,0.27,70153.84615384616,314.12427882395303
0.33,0.27,70153.84615384616,313.1076302773299
0.35,0.27,70153.84615384616,311.92141972766615
0.37,0.27,70153.84615384616,310.56126734227706
0.39,0.27,70153.84615384616,309.01890184031134
0.01,0.29,70153.84615384616,308.9543407802772
0.03,0.29,70153.84615384616,310.3695591357005
0.05,0.29,70153.84615384616,311.6084354262373
0.07,0.29,70153.84615384616,312.6826675960252
0.09,0.29,70153.84615384616,313.5993805969046
0.11,0.29,70153.84615384616,314.3623331886621
0.13,0.29,70153.84615384616,314.9730465446154
0.15,0.29,70153.84615384616,315.4317297601226
0.17,0.29,70153.84615384616,315.73797985421163
0.19,0.29,70153.84615384616,315.8912729481726
0.21,0.29,70153.84615384616,315.8912729481726
0.23,0.29,70153.84615384616,315.7379798542115
0.25,0.29,70153.84615384616,315.4317297601225
0.27,0.29,70153.84615384616,314.9730465446152
0.29,0.29,70153.84615384616,314.362333188662
0.31,0.29,70153.84615384616,313.5993805969044
0.33,0.29,70153.84615384616,312.6826675960251
0.35,0.29,70153.84615384616,311.60843542623724
0.37,0.29,70153.84615384616,310.3695591357005
0.39,0.29,70153.84615384616,308.9543407802772
0.01,0.31,70153.84615384616,308.8725731927783
0.03,0.31,70153.84615384616,310.127203765903
0.05,0.31,70153.84615384616,311.2138956760664
0.07,0.31,70153.84615384616,312.14868935700275
0.09,0.31,70153.84615384616,312.94186412021816
0.11,0.31,70153.84615384616,313.5993805969045
0.13,0.31,70153.84615384616,314.1242788239532
0.15,0.31,70153.84615384616,314.5178096561345
0.17,0.31,70153.84615384616,314.7802679351754
0.19,0.31,70153.84615384616,314.91156157169803
0.21,0.31,70153.84615384616,314.91156157169803
0.23,0.31,70153.84615384616,314.78026793517535
0.25,0.31,70153.84615384616,314.5178096561343
0.27,0.31,70153.84615384616,314.12427882395303
0.29,0.31,70153.84615384616,313.5993805969044
0.31,0.31,70153.84615384616,312.941864120218
0.33,0.31,70153.84615384616,312.1486893570027
0.35,0.31,70153.84615384616,311.2138956760664
0.37,0.31,70153.84615384616,310.127203765903
0.39,0.31,70153.84615384616,308.8725731927783
0.01,0.33,70153.84615384616,308.77208185260747
0.03,0.33,70153.84615384616,309.83042413348886
0.05,0.33,70153.84615384616,310.7331779603371
0.07,0.33,70153.84615384616,311.5014724450938
0.09,0.33,70153.84615384616,312.14868935700275
0.11,0.33,70153.84615384616,312.6826675960251
0.13,0.33,70153.84615384616,313.10763027733003
0.15,0.33,70153.84615384616,313.42561028453326
0.17,0.33,70153.84615384616,313.6374271657947
0.19,0.33,70153.84615384616,313.74331944477524
0.21,0.33,70153.84615384616,313.7433194447752
0.23,0.33,70153.84615384616,313.63742716579463
0.25,0.33,70153.84615384616,313.4256102845331
0.27,0.33,70153.84615384616,313.1076302773299
0.29,0.33,70153.84615384616,312.68266759602506
0.31,0.33,70153.84615384616,312.14868935700264
0.33,0.33,70153.84615384616,311.5014724450937
0.35,0.33,70153.84615384616,310.7331779603371
0.37,0.33,70153.84615384616,309.8304241334888
0.39,0.33,70153.84615384616,308.77208185260747
0.01,0.35,70153.84615384616,308.6496988019033
0.03,0.35,70153.84615384616,309.4718358557062
0.05,0.35,70153.84615384616,310.1576268732378
0.07,0.35,70153.84615384616,310.7331779603371
0.09,0.35,70153.84615384616,311.2138956760664
0.11,0.35,70153.84615384616,311.6084354262373
0.13,0.35,70153.84615384616,311.9214197276662
0.15,0.35,70153.84615384616,312.15515202893107
0.17,0.35,70153.84615384616,312.3106679416361
0.19,0.35,70153.84615384616,312.3883664290919
0.21,0.35,70153.84615384616,312.38836642909195
0.23,0.35,70153.84615384616,312.3106679416361
0.25,0.35,70153.84615384616,312.155152028931
0.27,0.35,70153.84615384616,311.92141972766615
0.29,0.35,70153.84615384616,311.60843542623724
0.31,0.35,70153.84615384616,311.2138956760663
0.33,0.35,70153.84615384616,310.73317796033706
0.35,0.35,70153.84615384616,310.15762687323775
0.37,0.35,70153.84615384616,309.47183585570616
0.39,0.35,70153.84615384616,308.64969880190324
0.01,0.37,70153.84615384616,308.4983679902098
0.03,0.37,70153.84615384616,309.0371243668981
0.05,0.37,70153.84615384616,309.47183585570616
0.07,0.37,70153.84615384616,309.8304241334888
0.09,0.37,70153.84615384616,310.12720376590306
0.11,0.37,70153.84615384616,310.3695591357005
0.13,0.37,70153.84615384616,310.5612673422771
0.15,0.37,70153.84615384616,310.70419429851216
0.17,0.37,70153.84615384616,310.7992015189823
0.19,0.37,70153.84615384616,310.84664546084923
0.21,0.37,70153.84615384616,310.84664546084923
0.23,0.37,70153.84615384616,310.7992015189823
0.25,0.37,70153.84615384616,310.70419429851216
0.27,0.37,70153.84615384616,310.5612673422771
0.29,0.37,70153.84615384616,310.3695591357005
0.31,0.37,70153.84615384616,310.127203765903
0.33,0.37,70153.84615384616,309.83042413348875
0.35,0.37,70153.84615384616,309.4718358557061
0.37,0.37,70153.84615384616,309.03712436689807
0.39,0.37,70153.84615384616,308.4983679902097
0.01,0.39,70153.84615384616,308.30012576613376
0.03,0.39,70153.84615384616,308.4983679902098
0.05,0.39,70153.84615384616,308.64969880190324
0.07,0.39,70153.84615384616,308.77208185260747
0.09,0.39,70153.84615384616,308.8725731927783
0.11,0.39,70153.84615384616,308.9543407802772
0.13,0.39,70153.84615384616,309.01890184031134
0.15,0.39,70153.84615384616,309.0669867661952
0.17,0.39,70153.84615384616,309.09893240455574
0.19,0.39,70153.84615384616,309.11488070916505
0.21,0.39,70153.84615384616,309.11488070916505
0.23,0.39,70153.84615384616,309.09893240455574
0.25,0.39,70153.84615384616,309.0669867661951
0.27,0.39,70153.84615384616,309.0189018403114
0.29,0.39,70153.84615384616,308.9543407802772
0.31,0.39,70153.84615384616,308.8725731927783
0.33,0.39,70153.84615384616,308.77208185260747
0.35,0.39,70153.84615384616,308.64969880190324
0.37,0.39,70153.84615384616,308.4983679902097
0.39,0.39,70153.84615384616,308.30012576613376
0.01,0.01,72000.0,308.29341969589626
0.03,0.01,72000.0,308.48171456789794
0.05,0.01,72000.0,308.6248152071277
0.07,0.01,72000.0,308.7401661216037
0.09,0.01,72000.0,308.83465710440026
0.11,0.01,72000.0,308.91140803304336
0.13,0.01,72000.0,308.97193182276385
0.15,0.01,72000.0,309.01697017456456
0.17,0.01,72000.0,309.0468745451828
0.19,0.01,72000.0,309.061798916384
0.21,0.01,72000.0,309.061798916384
0.23,0.01,72000.0,309.04687454518285
0.25,0.01,72000.0,309.01697017456456
0.27,0.01,72000.0,308.97193182276385
0.29,0.01,72000.0,308.91140803304336
0.31,0.01,72000.0,308.83465710440026
0.33,0.01,72000.0,308.74016612160364
0.35,0.01,72000.0,308.62481520712765
0.37,0.01,72000.0,308.48171456789794
0.39,0.01,72000.0,308.29341969589626
0.01,0.03,72000.0,308.481714567898
0.03,0.03,72000.0,308.99260549625416
0.05,0.03,72000.0,309.4033706913796
0.07,0.03,72000.0,309.74124200553666
0.09,0.03,72000.0,310.0202628239728
0.11,0.03,72000.0,310.2477420659581
0.13,0.03,72000.0,310.42746765991
0.15,0.03,72000.0,310.561348422796
0.17,0.03,72000.0,310.65029318818364
0.19,0.03,72000.0,310.6946957976313
0.21,0.03,72000.0,310.6946957976313
0.23,0.03,72000.0,310.65029318818364
0.25,0.03,72000.0,310.561348422796
0.27,0.03,72000.0,310.42746765990995
0.29,0.03,72000.0,310.2477420659581
0.31,0.03,72000.0,310.0202628239728
0.33,0.03,72000.0,309.7412420055366
0.35,0.03,72000.0,309.4033706913796
0.37,0.03,72000.0,308.9926054962541
0.39,0.03,72000.0,308.48171456789794
0.01,0.05,72000.0,308.6248152071277
0.03,0.05,72000.0,309.4033706913797
0.05,0.05,72000.0,310.0508590144707
0.07,0.05,72000.0,310.5929137607829
0.09,0.05,72000.0,311.04476561940896
0.11,0.05,72000.0,311.41505971326416
0.13,0.05,72000.0,311.7084864184536
0.15,0.05,72000.0,311.9274424868569
0.17,0.05,72000.0,312.0730518029202
0.19,0.05,72000.0,312.14577948507565
0.21,0.05,72000.0,312.1457794850756
0.23,0.05,72000.0,312.07305180292013
0.25,0.05,72000.0,311.9274424868569
0.27,0.05,72000.0,311.7084864184535
0.29,0.05,72000.0,311.4150597132641
0.31,0.05,72000.0,311.0447656194089
0.33,0.05,72000.0,310.5929137607829
0.35,0.05,72000.0,310.0508590144706
0.37,0.05,72000.0,309.4033706913796
0.39,0.05,72000.0,308.6248152071277
0.01,0.07,72000.0,308.7401661216037
0.03,0.07,72000.0,309.7412420055367
0.05,0.07,72000.0,310.5929137607829
0.07,0.07,72000.0,311.316150136197
0.09,0.07,72000.0,311.9243464840517
0.11,0.07,72000.0,312.42545742272983
0.13,0.07,72000.0,312.8238649457621
0.15,0.07,72000.0,313.12176317938173
0.17,0.07,72000.0,313.320109361101
0.19,0.07,72000.0,313.41924069339285
0.21,0.07,72000.0,313.41924069339285
0.23,0.07,72000.0,313.320109361101
0.25,0.07,72000.0,313.12176317938173
0.27,0.07,72000.0,312.8238649457621
0.29,0.07,72000.0,312.42545742272983
0.31,0.07,72000.0,311.9243464840516
0.33,0.07,72000.0,311.316150136197
0.35,0.07,72000.0,310.5929137607829
0.37,0.07,72000.0,309.74124200553666
0.39,0.07,72000.0,308.7401661216037
0.01,0.09,72000.0,308.83465710440026
0.03,0.09,72000.0,310.02026282397287
0.05,0.09,72000.0,311.04476561940896
0.07,0.09,72000.0,311.9243464840517
0.09,0.09,72000.0,312.669510488923
0.11,0.09,72000.0,313.2864842045348
0.13,0.09,72000.0,313.77857457890025
0.15,0.09,72000.0,314.14727159207183
0.17,0.09,72000.0,314.3930622787598
0.19,0.09,72000.0,314.51598802584533
0.21,0.09,72000.0,314.5159880258454
0.23,0.09,72000.0,314.3930622787598
0.25,0.09,72000.0,314.1472715920719
0.27,0.09,72000.0,313.77857457890025
0.29,0.09,72000.0,313.2864842045348
0.31,0.09,72000.0,312.669510488923
0.33,0.09,72000.0,311.9243464840517
0.35,0.09,72000.0,311.04476561940896
0.37,0.09,72000.0,310.02026282397287
0.39,0.09,72000.0,308.83465710440026
0.01,0.11,72000.0,308.91140803304336
0.03,0.11,72000.0,310.24774206595816
0.05,0.11,72000.0,311.41505971326416
0.07,0.11,72000.0,312.4254574227299
0.09,0.11,72000.0,313.2864842045348
0.11,0.11,72000.0,314.0023128967477
0.13,0.11,72000.0,314.5748405756312
0.15,0.11,72000.0,315.00459418152684
0.17,0.11,72000.0,315.2914175632726
0.19,0.11,72000.0,315.43495484266214
0.21,0.11,72000.0,315.43495484266214
0.23,0.11,72000.0,315.29141756327266
0.25,0.11,72000.0,315.00459418152684
0.27,0.11,72000.0,314.5748405756312
0.29,0.11,72000.0,314.0023128967477
0.31,0.11,72000.0,313.2864842045348
0.33,0.11,72000.0,312.4254574227299
0.35,0.11,72000.0,311.41505971326416
0.37,0.11,72000.0,310.24774206595816
0.39,0.11,72000.0,308.91140803304336
0.01,0.13,72000.0,308.97193182276385
0.03,0.13,72000.0,310.42746765991006
0.05,0.13,72000.0,311.7084864184536
0.07,0.13,72000.0,312.8238649457622
0.09,0.13,72000.0,313.77857457890025
0.11,0.13,72000.0,314.57484057563124
0.13,0.13,72000.0,315.21314046444223
0.15,0.13,72000.0,315.69299651068616
0.17,0.13,72000.0,316.01357080565805
0.19,0.13,72000.0,316.1740847373842
0.21,0.13,72000.0,316.1740847373842
0.23,0.13,72000.0,316.01357080565805
0.25,0.13,72000.0,315.69299651068616
0.27,0.13,72000.0,315.21314046444223
0.29,0.13,72000.0,314.5748405756312
0.31,0.13,72000.0,313.7785745789003
0.33,0.13,72000.0,312.8238649457622
0.35,0.13,72000.0,311.7084864184536
0.37,0.13,72000.0,310.42746765991006
0.39,0.13,72000.0,308.9719318227639
0.01,0.15,72000.0,309.01697017456456
0.03,0.15,72000.0,310.561348422796
0.05,0.15,72000.0,311.92744248685693
0.07,0.15,72000.0,313.1217631793818
0.09,0.15,72000.0,314.1472715920719
0.11,0.15,72000.0,315.0045941815269
0.13,0.15,72000.0,315.69299651068616
0.15,0.15,72000.0,316.2111199973083
0.17,0.15,72000.0,316.5575195879716
0.19,0.15,72000.0,316.7310372704794
0.21,0.15,72000.0,316.7310372704794
0.23,0.15,72000.0,316.5575195879716
0.25,0.15,72000.0,316.2111199973083
0.27,0.15,72000.0,315.69299651068616
0.29,0.15,72000.0,315.0045941815269
0.31,0.15,72000.0,314.1472715920719
0.33,0.15,72000.0,313.12176317938173
0.35,0.15,72000.0,311.92744248685693
0.37,0.15,72000.0,310.5613484227961
0.39,0.15,72000.0,309.0169701745646
0.01,0.17,72000.0,309.04687454518285
0.03,0.17,72000.0,310.6502931881837
0.05,0.17,72000.0,312.07305180292025
0.07,0.17,72000.0,313.32010936110106
0.09,0.17,72000.0,314.3930622787599
0.11,0.17,72000.0,315.29141756327266
0.13,0.17,72000.0,316.01357080565805
0.15,0.17,72000.0,316.5575195879716
0.17,0.17,72000.0,316.9213697920715
0.19,0.17,72000.0,317.103680856075
0.21,0.17,72000.0,317.103680856075
0.23,0.17,72000.0,316.92136979207146
0.25,0.17,72000.0,316.5575195879715
0.27,0.17,72000.0,316.01357080565793
0.29,0.17,72000.0,315.2914175632726
0.31,0.17,72000.0,314.3930622787598
0.33,0.17,72000.0,313.320109361101
0.35,0.17,72000.0,312.0730518029202
0.37,0.17,72000.0,310.65029318818364
0.39,0.17,72000.0,309.0468745451828
0.01,0.19,72000.0,309.061798916384
0.03,0.19,72000.0,310.6946957976313
0.05,0.19,72000.0,312.1457794850757
0.07,0.19,72000.0,313.4192406933929
0.09,0.19,72000.0,314.5159880258454
0.11,0.19,72000.0,315.4349548426622
0.13,0.19,72000.0,316.17408473738425
0.15,0.19,72000.0,316.7310372704794
0.17,0.19,72000.0,317.1036808560751
0.19,0.19,72000.0,317.2904248533609
0.21,0.19,72000.0,317.2904248533609
0.23,0.19,72000.0,317.10368085607496
0.25,0.19,72000.0,316.7310372704793
0.27,0.19,72000.0,316.1740847373841
0.29,0.19,72000.0,315.4349548426621
0.31,0.19,72000.0,314.51598802584533
0.33,0.19,72000.0,313.41924069339285
0.35,0.19,72000.0,312.14577948507565
0.37,0.19,72000.0,310.6946957976313
0.39,0.19,72000.0,309.061798916384
0.01,0.21,72000.0,309.061798916384
0.03,0.21,72000.0,310.6946957976313
0.05,0.21,72000.0,312.1457794850757
0.07,0.21,72000.0,313.4192406933929
0.09,0.21,72000.0,314.5159880258454
0.11,0.21,72000.0,315.4349548426622
0.13,0.21,72000.0,316.17408473738425
0.15,0.21,72000.0,316.7310372704794
0.17,0.21,72000.0,317.1036808560751
0.19,0.21,72000.0,317.2904248533609
0.21,0.21,72000.0,317.2904248533609
0.23,0.21,72000.0,317.103680856075
0.25,0.21,72000.0,316.7310372704793
0.27,0.21,72000.0,316.1740847373841
0.29,0.21,72000.0,315.434954842662
0.31,0.21,72000.0,314.51598802584533
0.33,0.21,72000.0,313.41924069339285
0.35,0.21,72000.0,312.14577948507565
0.37,0.21,72000.0,310.6946957976313
0.39,0.21,72000.0,309.061798916384
0.01,0.23,72000.0,309.04687454518285
0.03,0.23,72000.0,310.65029318818364
0.05,0.23,72000.0,312.0730518029202
0.07,0.23,72000.0,313.320109361101
0.09,0.23,72000.0,314.3930622787599
0.11,0.23,72000.0,315.29141756327266
0.13,0.23,72000.0,316.01357080565805
0.15,0.23,72000.0,316.5575195879717
0.17,0.23,72000.0,316.9213697920716
0.19,0.23,72000.0,317.1036808560751
0.21,0.23,72000.0,317.103680856075
0.23,0.23,72000.0,316.92136979207146
0.25,0.23,72000.0,316.5575195879715
0.27,0.23,72000.0,316.013570805658
0.29,0.23,72000.0,315.29141756327255
0.31,0.23,72000.0,314.3930622787598
0.33,0.23,72000.0,313.320109361101
0.35,0.23,72000.0,312.0730518029202
0.37,0.23,72000.0,310.65029318818364
0.39,0.23,72000.0,309.04687454518285
0.01,0.25,72000.0,309.01697017456456
0.03,0.25,72000.0,310.561348422796
0.05,0.25,72000.0,311.9274424868569
0.07,0.25,72000.0,313.12176317938173
0.09,0.25,72000.0,314.1472715920719
0.11,0.25,72000.0,315.0045941815269
0.13,0.25,72000.0,315.69299651068616
0.15,0.25,72000.0,316.2111199973083
0.17,0.25,72000.0,316.5575195879716
0.19,0.25,72000.0,316.7310372704794
0.21,0.25,72000.0,316.73103727047936
0.23,0.25,72000.0,316.5575195879716
0.25,0.25,72000.0,316.21111999730823
0.27,0.25,72000.0,315.6929965106861
0.29,0.25,72000.0,315.0045941815268
0.31,0.25,72000.0,314.1472715920718
0.33,0.25,72000.0,313.1217631793817
0.35,0.25,72000.0,311.9274424868568
0.37,0.25,72000.0,310.561348422796
0.39,0.25,72000.0,309.0169701745646
0.01,0.27,72000.0,308.97193182276385
0.03,0.27,72000.0,310.42746765990995
0.05,0.27,72000.0,311.7084864184536
0.07,0.27,72000.0,312.8238649457622
0.09,0.27,72000.0,313.77857457890025
0.11,0.27,72000.0,314.5748405756312
0.13,0.27,72000.0,315.2131404644422
0.15,0.27,72000.0,315.69299651068616
0.17,0.27,72000.0,316.01357080565805
0.19,0.27,72000.0,316.1740847373842
0.21,0.27,72000.0,316.1740847373842
0.23,0.27,72000.0,316.013570805658
0.25,0.27,72000.0,315.6929965106861
0.27,0.27,72000.0,315.2131404644421
0.29,0.27,72000.0,314.5748405756312
0.31,0.27,72000.0,313.7785745789002
0.33,0.27,72000.0,312.82386494576207
0.35,0.27,72000.0,311.7084864184535
0.37,0.27,72000.0,310.42746765991
0.39,0.27,72000.0,308.97193182276385
0.01,0.29,72000.0,308.91140803304336
0.03,0.29,72000.0,310.24774206595805
0.05,0.29,72000.0,311.4150597132641
0.07,0.29,72000.0,312.42545742272983
0.09,0.29,72000.0,313.2864842045348
0.11,0.29,72000.0,314.0023128967477
0.13,0.29,72000.0,314.5748405756312
0.15,0.29,72000.0,315.0045941815269
0.17,0.29,72000.0,315.2914175632727
0.19,0.29,72000.0,315.4349548426622
0.21,0.29,72000.0,315.4349548426622
0.23,0.29,72000.0,315.2914175632726
0.25,0.29,72000.0,315.00459418152684
0.27,0.29,72000.0,314.5748405756311
0.29,0.29,72000.0,314.0023128967476
0.31,0.29,72000.0,313.28648420453464
0.33,0.29,72000.0,312.4254574227298
0.35,0.29,72000.0,311.4150597132641
0.37,0.29,72000.0,310.24774206595816
0.39,0.29,72000.0,308.91140803304336
0.01,0.31,72000.0,308.83465710440026
0.03,0.31,72000.0,310.0202628239728
0.05,0.31,72000.0,311.0447656194089
0.07,0.31,72000.0,311.9243464840517
0.09,0.31,72000.0,312.66951048892304
0.11,0.31,72000.0,313.2864842045348
0.13,0.31,72000.0,313.77857457890025
0.15,0.31,72000.0,314.1472715920719
0.17,0.31,72000.0,314.3930622787599
0.19,0.31,72000.0,314.5159880258454
0.21,0.31,72000.0,314.5159880258454
0.23,0.31,72000.0,314.3930622787598
0.25,0.31,72000.0,314.14727159207183
0.27,0.31,72000.0,313.77857457890013
0.29,0.31,72000.0,313.28648420453464
0.31,0.31,72000.0,312.66951048892287
0.33,0.31,72000.0,311.9243464840516
0.35,0.31,72000.0,311.0447656194089
0.37,0.31,72000.0,310.0202628239728
0.39,0.31,72000.0,308.83465710440026
0.01,0.33,72000.0,308.74016612160364
0.03,0.33,72000.0,309.7412420055366
0.05,0.33,72000.0,310.5929137607829
0.07,0.33,72000.0,311.31615013619705
0.09,0.33,72000.0,311.92434648405174
0.11,0.33,72000.0,312.4254574227299
0.13,0.33,72000.0,312.8238649457622
0.15,0.33,72000.0,313.12176317938173
0.17,0.33,72000.0,313.320109361101
0.19,0.33,72000.0,313.4192406933929
0.21,0.33,72000.0,313.4192406933929
0.23,0.33,72000.0,313.320109361101
0.25,0.33,72000.0,313.12176317938173
0.27,0.33,72000.0,312.8238649457621
0.29,0.33,72000.0,312.4254574227298
0.31,0.33,72000.0,311.9243464840516
0.33,0.33,72000.0,311.31615013619694
0.35,0.33,72000.0,310.5929137607829
0.37,0.33,72000.0,309.74124200553666
0.39,0.33,72000.0,308.74016612160364
0.01,0.35,72000.0,308.6248152071277
0.03,0.35,72000.0,309.4033706913796
0.05,0.35,72000.0,310.0508590144707
0.07,0.35,72000.0,310.5929137607829
0.09,0.35,72000.0,311.04476561940896
0.11,0.35,72000.0,311.41505971326416
0.13,0.35,72000.0,311.7084864184536
0.15,0.35,72000.0,311.9274424868569
0.17,0.35,72000.0,312.0730518029202
0.19,0.35,72000.0,312.1457794850757
0.21,0.35,72000.0,312.14577948507565
0.23,0.35,72000.0,312.0730518029202
0.25,0.35,72000.0,311.9274424868569
0.27,0.35,72000.0,311.7084864184536
0.29,0.35,72000.0,311.41505971326416
0.31,0.35,72000.0,311.0447656194089
0.33,0.35,72000.0,310.5929137607829
0.35,0.35,72000.0,310.05085901447063
0.37,0.35,72000.0,309.4033706913796
0.39,0.35,72000.0,308.6248152071277
0.01,0.37,72000.0,308.48171456789794
0.03,0.37,72000.0,308.9926054962542
0.05,0.37,72000.0,309.4033706913797
0.07,0.37,72000.0,309.74124200553666
0.09,0.37,72000.0,310.02026282397287
0.11,0.37,72000.0,310.2477420659581
0.13,0.37,72000.0,310.42746765991
0.15,0.37,72000.0,310.561348422796
0.17,0.37,72000.0,310.65029318818364
0.19,0.37,72000.0,310.6946957976313
0.21,0.37,72000.0,310.6946957976313
0.23,0.37,72000.0,310.65029318818364
0.25,0.37,72000.0,310.561348422796
0.27,0.37,72000.0,310.42746765991
0.29,0.37,72000.0,310.2477420659581
0.31,0.37,72000.0,310.0202628239728
0.33,0.37,72000.0,309.74124200553666
0.35,0.37,72000.0,309.4033706913796
0.37,0.37,72000.0,308.99260549625416
0.39,0.37,72000.0,308.48171456789794
0.01,0.39,72000.0,308.29341969589626
0.03,0.39,72000.0,308.481714567898
0.05,0.39,72000.0,308.6248152071277
0.07,0.39,72000.0,308.74016612160364
0.09,0.39,72000.0,308.83465710440026
0.11,0.39,72000.0,308.91140803304336
0.13,0.39,72000.0,308.97193182276385
0.15,0.39,72000.0,309.01697017456456
0.17,0.39,72000.0,309.0468745451828
0.19,0.39,72000.0,309.061798916384
0.21,0.39,72000.0,309.061798916384
0.23,0.39,72000.0,309.04687454518285
0.25,0.39,72000.0,309.01697017456456
0.27,0.39,72000.0,308.9719318227638
0.29,0.39,72000.0,308.9114080330433
0.31,0.39,72000.0,308.8346571044002
0.33,0.39,72000.0,308.74016612160364
0.35,0.39,72000.0,308.6248152071277
0.37,0.39,72000.0,308.481714567898
0.39,0.39,72000.0,308.29341969589626
